// Created by Crowbar 0.74
version 1
nodes
  0 "ValveBiped" -1
  1 "ValveBiped.Bip01" 0
  2 "ValveBiped.Bip01_Spine" 1
  3 "ValveBiped.Bip01_Spine1" 2
  4 "ValveBiped.Bip01_Spine2" 3
  5 "ValveBiped.Bip01_Spine4" 4
  6 "ValveBiped.Bip01_L_Clavicle" 5
  7 "ValveBiped.Bip01_L_UpperArm" 6
  8 "ValveBiped.Bip01_L_Forearm" 7
  9 "ValveBiped.Bip01_L_Hand" 8
  10 "ValveBiped.clip1" 9
  11 "ValveBiped.base1" 9
  12 "ValveBiped.eject1" 11
  13 "ValveBiped.muzzle1" 11
  14 "ValveBiped.square1" 11
  15 "ValveBiped.hammer1" 11
  16 "ValveBiped.Bip01_R_Clavicle" 5
  17 "ValveBiped.Bip01_R_UpperArm" 16
  18 "ValveBiped.Bip01_R_Forearm" 17
  19 "ValveBiped.Bip01_R_Hand" 18
  20 "ValveBiped.base" 19
  21 "ValveBiped.eject" 20
  22 "ValveBiped.muzzle" 20
  23 "ValveBiped.square" 20
  24 "ValveBiped.hammer" 20
  25 "ValveBiped.clip" 19
  26 "ValveBiped.Bip01_L_Finger4" 9
  27 "ValveBiped.Bip01_L_Finger41" 26
  28 "ValveBiped.Bip01_L_Finger42" 27
  29 "ValveBiped.Bip01_L_Finger3" 9
  30 "ValveBiped.Bip01_L_Finger31" 29
  31 "ValveBiped.Bip01_L_Finger32" 30
  32 "ValveBiped.Bip01_L_Finger2" 9
  33 "ValveBiped.Bip01_L_Finger21" 32
  34 "ValveBiped.Bip01_L_Finger22" 33
  35 "ValveBiped.Bip01_L_Finger1" 9
  36 "ValveBiped.Bip01_L_Finger11" 35
  37 "ValveBiped.Bip01_L_Finger12" 36
  38 "ValveBiped.Bip01_L_Finger0" 9
  39 "ValveBiped.Bip01_L_Finger01" 38
  40 "ValveBiped.Bip01_L_Finger02" 39
  41 "ValveBiped.Bip01_R_Finger4" 19
  42 "ValveBiped.Bip01_R_Finger41" 41
  43 "ValveBiped.Bip01_R_Finger42" 42
  44 "ValveBiped.Bip01_R_Finger3" 19
  45 "ValveBiped.Bip01_R_Finger31" 44
  46 "ValveBiped.Bip01_R_Finger32" 45
  47 "ValveBiped.Bip01_R_Finger2" 19
  48 "ValveBiped.Bip01_R_Finger21" 47
  49 "ValveBiped.Bip01_R_Finger22" 48
  50 "ValveBiped.Bip01_R_Finger1" 19
  51 "ValveBiped.Bip01_R_Finger11" 50
  52 "ValveBiped.Bip01_R_Finger12" 51
  53 "ValveBiped.Bip01_R_Finger0" 19
  54 "ValveBiped.Bip01_R_Finger01" 53
  55 "ValveBiped.Bip01_R_Finger02" 54
end
skeleton
  time 0
    0 0.000000 0.000000 -65.998108 1.570796 0.000000 0.000000
    1 -0.000005 38.566917 0.533613 0.000000 0.000000 0.000000
    2 0.000005 3.345128 -2.981901 1.797736 0.086221 1.571491
    3 4.018332 0.000000 0.000000 0.000000 0.000000 -0.029242
    4 3.518567 0.000000 0.000000 0.000000 0.000000 0.100336
    5 8.942642 0.000000 0.000000 0.000000 0.000000 0.194096
    6 2.033347 1.000767 1.937660 1.596637 -1.286515 2.942961
    7 6.028141 0.000001 0.000000 -1.069730 -0.335929 -1.183156
    8 11.692556 0.000000 0.000001 0.000000 0.000000 -1.106157
    9 11.481672 0.000000 -0.000031 1.715392 0.567195 0.743376
    10 3.820721 -1.405028 0.601078 1.564288 0.003442 -1.581444
    11 6.114854 -1.434045 1.934793 1.564288 0.003442 -1.581444
    12 0.051127 3.122170 -0.141701 0.000000 0.000000 1.570796
    13 -0.000001 1.537870 -5.938447 0.000000 1.570796 0.000000
    14 0.027345 1.595740 0.001226 0.000000 0.000000 0.000000
    15 -0.000001 1.225114 3.954165 0.000000 0.000000 0.000000
    16 2.033355 1.000771 -1.937610 -1.668474 1.286518 2.942953
    17 6.028143 0.000000 0.000000 1.500551 0.330877 -1.013212
    18 11.692550 0.000000 0.000001 0.000000 0.000000 -1.106129
    19 11.481699 0.000000 0.000003 -1.715384 -0.567201 0.743380
    20 6.114873 -1.450003 -1.922835 -1.564198 -0.011689 -1.581440
    21 0.051129 3.122169 0.141701 0.000000 0.000000 1.570796
    22 0.000001 1.537870 5.938447 0.000000 -1.570796 0.000000
    23 0.000000 1.607459 -0.001227 -0.000084 0.000048 0.008245
    24 0.000000 1.225114 -3.954162 0.000000 0.000000 0.000000
    25 3.820735 -1.409995 -0.589408 -1.564198 -0.011689 -1.581440
    26 3.859704 -0.142406 -1.191974 -0.432212 0.155857 -0.861358
    27 1.312562 0.000000 0.000001 0.000000 0.000005 -1.191996
    28 0.729363 0.000000 0.000000 0.000000 0.000009 -1.063371
    29 3.942326 0.046772 -0.431443 -0.150532 0.072094 -0.743798
    30 1.539094 0.000000 0.000000 0.000000 0.000002 -0.000023
    31 1.196323 0.000000 0.000000 0.000000 0.000002 -0.000025
    32 3.883687 -0.046769 0.431443 0.087688 0.023628 -0.520334
    33 1.719576 -0.000001 0.000000 0.000000 0.000003 -0.000016
    34 1.209181 -0.000001 0.000000 0.000000 0.000004 -0.000019
    35 3.859859 -0.137948 1.332466 0.352448 -0.040185 -0.463314
    36 1.719429 -0.000001 0.000000 0.000000 0.000011 -0.000008
    37 1.099665 0.000000 0.000000 0.000000 0.000007 -0.000010
    38 0.806046 -0.348923 1.321258 -1.257046 -0.680348 -0.710420
    39 1.789784 0.000000 0.000001 0.000000 0.000004 0.000001
    40 1.206999 0.000000 0.000000 0.000000 0.000001 0.000004
    41 3.859672 -0.132568 1.193108 0.432220 -0.155872 -0.861364
    42 1.312563 0.000001 0.000000 0.000000 -0.000007 -1.191994
    43 0.729365 0.000000 0.000000 0.000000 -0.000010 -1.063390
    44 3.942296 0.050325 0.431043 0.149330 -0.062359 -0.724132
    45 1.539096 -0.000001 0.000000 0.000000 -0.000006 -0.021151
    46 1.196322 0.000002 0.000000 0.000000 -0.000003 -0.016730
    47 3.883656 -0.050329 -0.431043 -0.087691 -0.023648 -0.520342
    48 1.719576 -0.000001 0.000000 0.000000 -0.000004 -0.000028
    49 1.209180 -0.000002 0.000000 0.000000 -0.000003 -0.000015
    50 3.859828 -0.148936 -1.331282 -0.352442 0.040173 -0.463318
    51 1.719426 0.000001 0.000000 0.000000 -0.000009 -0.000001
    52 1.099666 0.000001 0.000000 0.000000 -0.000004 -0.000022
    53 0.806018 -0.359836 -1.318334 1.234582 0.655834 -0.746283
    54 1.789783 0.000001 -0.000001 0.000000 -0.000009 -0.017069
    55 1.207001 0.000000 0.000001 0.000000 -0.000006 -0.011452
  time 1
    0 0.000000 0.000000 -65.998108 1.570796 0.000000 0.000000
    1 -0.000005 38.566917 0.533613 0.000000 0.000000 0.000000
    2 0.000005 3.345128 -2.981901 1.797576 0.086221 1.571491
    3 4.018332 0.000000 0.000000 0.000000 0.000000 -0.029242
    4 3.518567 0.000000 0.000000 0.000000 0.000000 0.100336
    5 8.942642 0.000000 0.000000 0.000000 0.000000 0.194096
    6 2.033347 1.000767 1.937660 1.596637 -1.286515 2.942961
    7 6.028141 0.000001 0.000000 -1.074414 -0.335973 -1.177722
    8 11.692556 0.000000 0.000001 0.000000 0.000000 -1.126282
    9 11.481672 0.000000 -0.000031 1.702017 0.559566 0.726454
    10 3.820721 -1.405028 0.601078 1.564288 0.003442 -1.581444
    11 6.114854 -1.434045 1.934793 1.564288 0.003442 -1.581444
    12 0.051127 3.122170 -0.141701 0.000000 0.000000 1.570796
    13 -0.000001 1.537870 -5.938447 0.000000 1.570796 0.000000
    14 0.027345 1.595740 0.001226 0.000000 0.000000 0.000000
    15 -0.000001 1.225114 3.954165 0.000000 0.000000 0.000000
    16 2.033355 1.000771 -1.937610 -1.668474 1.286518 2.942953
    17 6.028143 0.000000 0.000000 1.504539 0.325539 -1.008407
    18 11.692550 0.000000 0.000001 0.000000 0.000000 -1.128550
    19 11.481699 0.000000 0.000003 -1.692488 -0.551116 0.724776
    20 6.114873 -1.450003 -1.922835 -1.564198 -0.011689 -1.581440
    21 0.051129 3.122169 0.141701 0.000000 0.000000 1.570796
    22 0.000001 1.537870 5.938447 0.000000 -1.570796 0.000000
    23 0.000000 1.607459 -0.001227 -0.000084 0.000048 0.008245
    24 0.000000 1.225114 -3.954162 0.000000 0.000000 0.000000
    25 3.820735 -1.409995 -0.589408 -1.564198 -0.011689 -1.581440
    26 3.859704 -0.142406 -1.191974 -0.432212 0.155857 -0.861358
    27 1.312562 0.000000 0.000001 0.000000 0.000005 -1.191973
    28 0.729363 0.000000 0.000000 0.000000 0.000009 -1.063371
    29 3.942326 0.046772 -0.431443 -0.150328 0.072273 -0.743522
    30 1.539094 0.000000 0.000000 0.000000 0.000002 0.002412
    31 1.196323 0.000000 0.000000 0.000000 0.000002 0.003624
    32 3.883687 -0.046769 0.431443 0.088071 0.023819 -0.519902
    33 1.719576 -0.000001 0.000000 0.000000 0.000003 0.003116
    34 1.209181 -0.000001 0.000000 0.000000 0.000004 0.002845
    35 3.859859 -0.137948 1.332466 0.352484 -0.039610 -0.464257
    36 1.719429 -0.000001 0.000000 0.000000 0.000095 0.001643
    37 1.099665 0.000000 0.000000 0.000060 0.000115 0.002539
    38 0.806046 -0.348923 1.321258 -1.256912 -0.681193 -0.710228
    39 1.789784 0.000000 0.000001 0.000000 -0.000151 -0.000970
    40 1.206999 0.000000 0.000000 0.000060 -0.000082 -0.002456
    41 3.859672 -0.132568 1.193108 0.432220 -0.155872 -0.861364
    42 1.312563 0.000001 0.000000 0.000000 -0.000007 -1.191994
    43 0.729365 0.000000 0.000000 0.000000 -0.000010 -1.063390
    44 3.942296 0.050325 0.431043 0.149270 -0.062503 -0.723844
    45 1.539096 -0.000001 0.000000 0.000000 -0.000006 -0.018367
    46 1.196322 0.000002 0.000000 0.000000 -0.000003 -0.013814
    47 3.883656 -0.050329 -0.431043 -0.088074 -0.023827 -0.519898
    48 1.719576 -0.000001 0.000000 0.000000 -0.000004 0.003104
    49 1.209180 -0.000002 0.000000 0.000000 -0.000003 0.002835
    50 3.859828 -0.148936 -1.331282 -0.352633 0.039598 -0.464275
    51 1.719426 0.000001 0.000000 0.000000 -0.000009 0.001679
    52 1.099666 0.000001 0.000000 0.000000 -0.000004 0.002532
    53 0.806018 -0.359836 -1.318334 1.234705 0.656005 -0.745937
    54 1.789783 0.000001 -0.000001 0.000000 -0.000009 -0.019238
    55 1.207001 0.000000 0.000001 0.000000 -0.000006 -0.013881
  time 2
    0 0.000000 0.000000 -65.998108 1.570796 0.000000 0.000000
    1 -0.000005 38.566917 0.533613 0.000000 0.000000 0.000000
    2 0.000005 3.345128 -2.981901 1.797070 0.086221 1.571491
    3 4.018332 0.000000 0.000000 0.000000 0.000000 -0.029242
    4 3.518567 0.000000 0.000000 0.000000 0.000000 0.100336
    5 8.942642 0.000000 0.000000 0.000000 0.000000 0.194096
    6 2.033347 1.000767 1.937660 1.596637 -1.286515 2.942961
    7 6.028141 0.000001 0.000000 -1.087676 -0.337971 -1.163298
    8 11.692556 0.000000 0.000001 0.000000 0.000000 -1.179490
    9 11.481672 0.000000 -0.000031 1.666241 0.536513 0.679936
    10 3.820721 -1.405028 0.601078 1.564288 0.003442 -1.581444
    11 6.114854 -1.434045 1.934793 1.564288 0.003442 -1.581444
    12 0.051127 3.122170 -0.141701 0.000000 0.000000 1.570796
    13 -0.000001 1.537870 -5.938447 0.000000 1.570796 0.000000
    14 0.027345 1.595740 0.001226 0.000000 0.000000 0.000000
    15 -0.000001 1.225114 3.954165 0.000000 0.000000 0.000000
    16 2.033355 1.000771 -1.937610 -1.668474 1.286518 2.942953
    17 6.028143 0.000000 0.000000 1.515883 0.312459 -0.994828
    18 11.692550 0.000000 0.000001 0.000000 0.000000 -1.188608
    19 11.481699 0.000000 0.000003 -1.633044 -0.504528 0.676208
    20 6.114873 -1.450003 -1.922835 -1.564198 -0.011689 -1.581440
    21 0.051129 3.122169 0.141701 0.000000 0.000000 1.570796
    22 0.000001 1.537870 5.938447 0.000000 -1.570796 0.000000
    23 0.000000 1.607459 -0.001227 -0.000084 0.000048 0.008245
    24 0.000000 1.225114 -3.954162 0.000000 0.000000 0.000000
    25 3.820735 -1.409995 -0.589408 -1.564198 -0.011689 -1.581440
    26 3.859704 -0.142406 -1.191974 -0.432212 0.155857 -0.861358
    27 1.312562 0.000000 0.000001 0.000000 0.000005 -1.191973
    28 0.729363 0.000000 0.000000 0.000000 0.000009 -1.063371
    29 3.942326 0.046772 -0.431443 -0.149765 0.072765 -0.742767
    30 1.539094 0.000000 0.000000 0.000000 0.000002 0.009155
    31 1.196323 0.000000 0.000000 0.000000 0.000002 0.013641
    32 3.883687 -0.046769 0.431443 0.089138 0.024323 -0.518692
    33 1.719576 -0.000001 0.000000 0.000000 0.000003 0.011764
    34 1.209181 -0.000001 0.000000 0.000000 0.000004 0.010730
    35 3.859859 -0.137948 1.332466 0.352579 -0.038028 -0.466863
    36 1.719429 -0.000001 0.000000 0.000000 0.000347 0.006229
    37 1.099665 0.000000 0.000000 0.000240 0.000403 0.009588
    38 0.806046 -0.348923 1.321258 -1.256541 -0.683527 -0.709748
    39 1.789784 0.000000 0.000001 0.000000 -0.000595 -0.003666
    40 1.206999 0.000000 0.000000 0.000228 -0.000346 -0.009302
    41 3.859672 -0.132568 1.193108 0.432220 -0.155872 -0.861364
    42 1.312563 0.000001 0.000000 0.000000 -0.000007 -1.191994
    43 0.729365 0.000000 0.000000 0.000000 -0.000010 -1.063390
    44 3.942296 0.050325 0.431043 0.149222 -0.062682 -0.724647
    45 1.539096 -0.000001 0.000000 0.000000 -0.000006 -0.021697
    46 1.196322 0.000002 0.000000 0.000000 -0.000003 0.021510
    47 3.883656 -0.050329 -0.431043 -0.089141 -0.024331 -0.518688
    48 1.719576 -0.000001 0.000000 0.000000 -0.000004 0.011768
    49 1.209180 -0.000002 0.000000 0.000000 -0.000003 0.010729
    50 3.859828 -0.148936 -1.331282 -0.353173 0.038028 -0.466927
    51 1.719426 0.000001 0.000000 0.000000 -0.000009 0.006355
    52 1.099666 0.000001 0.000000 0.000000 -0.000004 0.009586
    53 0.806018 -0.359836 -1.318334 1.234350 0.659149 -0.746222
    54 1.789783 0.000001 -0.000001 0.000000 -0.000009 -0.022306
    55 1.207001 0.000000 0.000001 0.000000 -0.000006 -0.017325
  time 3
    0 0.000000 0.000000 -65.998108 1.570796 0.000000 0.000000
    1 -0.000005 38.566917 0.533613 0.000000 0.000000 0.000000
    2 0.000005 3.345128 -2.981901 1.796271 0.086221 1.571491
    3 4.018332 0.000000 0.000000 0.000000 0.000000 -0.029242
    4 3.518567 0.000000 0.000000 0.000000 0.000000 0.100336
    5 8.942642 0.000000 0.000000 0.000000 0.000000 0.194096
    6 2.033347 1.000767 1.937660 1.596637 -1.286515 2.942961
    7 6.028141 0.000001 0.000000 -1.108219 -0.346138 -1.142794
    8 11.692556 0.000000 0.000001 0.000000 0.000000 -1.253284
    9 11.481672 0.000000 -0.000031 1.616578 0.496578 0.611482
    10 3.820721 -1.405028 0.601078 1.564288 0.003442 -1.581444
    11 6.114854 -1.434045 1.934793 1.564288 0.003442 -1.581444
    12 0.051127 3.122170 -0.141701 0.000000 0.000000 1.570796
    13 -0.000001 1.537870 -5.938447 0.000000 1.570796 0.000000
    14 0.027345 1.595740 0.001226 0.000000 0.000000 0.000000
    15 -0.000001 1.225114 3.954165 0.000000 0.000000 0.000000
    16 2.033355 1.000771 -1.937610 -1.668474 1.286518 2.942953
    17 6.028143 0.000000 0.000000 1.534050 0.297178 -0.973710
    18 11.692550 0.000000 0.000001 0.000000 0.000000 -1.273510
    19 11.481699 0.000000 0.000003 -1.553360 -0.428836 0.610284
    20 6.114873 -1.450003 -1.922835 -1.564198 -0.011689 -1.581440
    21 0.051129 3.122169 0.141701 0.000000 0.000000 1.570796
    22 0.000001 1.537870 5.938447 0.000000 -1.570796 0.000000
    23 0.000000 1.607459 -0.001227 -0.000084 0.000048 0.008245
    24 0.000000 1.225114 -3.954162 0.000000 0.000000 0.000000
    25 3.820735 -1.409995 -0.589408 -1.564198 -0.011689 -1.581440
    26 3.859704 -0.142406 -1.191974 -0.432212 0.155857 -0.861358
    27 1.312562 0.000000 0.000001 0.000000 0.000005 -1.191996
    28 0.729363 0.000000 0.000000 0.000000 0.000009 -1.063371
    29 3.942326 0.046772 -0.431443 -0.148902 0.073508 -0.741617
    30 1.539094 0.000000 0.000000 0.000000 0.000002 0.019307
    31 1.196323 0.000000 0.000000 0.000000 0.000002 0.028788
    32 3.883687 -0.046769 0.431443 0.090744 0.025090 -0.516870
    33 1.719576 -0.000001 0.000000 0.000000 0.000003 0.024797
    34 1.209181 -0.000001 0.000000 0.000000 0.000004 0.022620
    35 3.859859 -0.137948 1.332466 0.352735 -0.035643 -0.470795
    36 1.719429 -0.000001 0.000000 0.000000 0.000718 0.013148
    37 1.099665 0.000000 0.000000 0.000503 0.000834 0.020252
    38 0.806046 -0.348923 1.321258 -1.256001 -0.687043 -0.708979
    39 1.789784 0.000000 0.000001 0.000000 -0.001254 -0.007741
    40 1.206999 0.000000 0.000000 0.000479 -0.000742 -0.019636
    41 3.859672 -0.132568 1.193108 0.432220 -0.155872 -0.861364
    42 1.312563 0.000001 0.000000 0.000000 -0.000007 -1.191994
    43 0.729365 0.000000 0.000000 0.000000 -0.000010 -1.063390
    44 3.942296 0.050325 0.431043 0.149618 -0.061831 -0.733216
    45 1.539096 -0.000001 0.000000 0.000000 -0.000006 0.016853
    46 1.196322 0.000002 0.000000 0.000000 -0.000003 0.012172
    47 3.883656 -0.050329 -0.431043 -0.090735 -0.025098 -0.516866
    48 1.719576 -0.000001 0.000000 0.000000 -0.000004 0.024810
    49 1.209180 -0.000002 0.000000 0.000000 -0.000003 0.022620
    50 3.859828 -0.148936 -1.331282 -0.353964 0.035631 -0.470911
    51 1.719426 0.000001 0.000000 0.000000 -0.000009 0.013422
    52 1.099666 0.000001 0.000000 0.000000 -0.000004 0.020249
    53 0.806018 -0.359836 -1.318334 1.234035 0.663131 -0.746283
    54 1.789783 0.000001 -0.000001 0.000000 -0.000009 -0.027771
    55 1.207001 0.000000 0.000001 0.000000 -0.000006 -0.023544
  time 4
    0 0.000000 0.000000 -65.998108 1.570796 0.000000 0.000000
    1 -0.000005 38.566917 0.533613 0.000000 0.000000 0.000000
    2 0.000005 3.345128 -2.981901 1.795192 0.086221 1.571479
    3 4.018332 0.000000 0.000000 0.000000 0.000000 -0.029242
    4 3.518567 0.000000 0.000000 0.000000 0.000000 0.100336
    5 8.942642 0.000000 0.000000 0.000000 0.000000 0.194096
    6 2.033347 1.000767 1.937660 1.596637 -1.286515 2.942961
    7 6.028141 0.000001 0.000000 -1.135194 -0.364914 -1.118668
    8 11.692556 0.000000 0.000001 0.000000 0.000000 -1.334934
    9 11.481672 0.000000 -0.000031 1.562807 0.438299 0.529392
    10 3.820721 -1.405028 0.601078 1.564288 0.003442 -1.581444
    11 6.114854 -1.434045 1.934793 1.564288 0.003442 -1.581444
    12 0.051127 3.122170 -0.141701 0.000000 0.000000 1.570796
    13 -0.000001 1.537870 -5.938447 0.000000 1.570796 0.000000
    14 0.027345 1.595740 0.001226 0.000000 0.000000 0.000000
    15 -0.000001 1.225114 3.954165 0.000000 0.000000 0.000000
    16 2.033355 1.000771 -1.937610 -1.668474 1.286518 2.942953
    17 6.028143 0.000000 0.000000 1.558923 0.285361 -0.945627
    18 11.692550 0.000000 0.000001 0.000000 0.000000 -1.370868
    19 11.481699 0.000000 0.000003 -1.469054 -0.326383 0.538853
    20 6.114873 -1.450003 -1.922835 -1.564198 -0.011689 -1.581440
    21 0.051129 3.122169 0.141701 0.000000 0.000000 1.570796
    22 0.000001 1.537870 5.938447 0.000000 -1.570796 0.000000
    23 0.000000 1.607459 -0.001227 -0.000084 0.000048 0.008245
    24 0.000000 1.225114 -3.954162 0.000000 0.000000 0.000000
    25 3.820735 -1.409995 -0.589408 -1.564198 -0.011689 -1.581440
    26 3.859704 -0.142406 -1.191974 -0.432212 0.155857 -0.861358
    27 1.312562 0.000000 0.000001 0.000000 0.000005 -1.191973
    28 0.729363 0.000000 0.000000 0.000000 0.000009 -1.063371
    29 3.942326 0.046772 -0.431443 -0.147811 0.074455 -0.740179
    30 1.539094 0.000000 0.000000 0.000000 0.000002 0.032039
    31 1.196323 0.000000 0.000000 0.000000 0.000002 0.047755
    32 3.883687 -0.046769 0.431443 0.092745 0.026049 -0.514581
    33 1.719576 -0.000001 0.000000 0.000000 0.000003 0.041169
    34 1.209181 -0.000001 0.000000 0.000000 0.000004 0.037559
    35 3.859859 -0.137948 1.332466 0.352915 -0.032659 -0.475714
    36 1.719429 -0.000001 0.000000 0.000000 0.001198 0.021814
    37 1.099665 0.000000 0.000000 0.000839 0.001386 0.033596
    38 0.806046 -0.348923 1.321258 -1.255327 -0.691465 -0.708066
    39 1.789784 0.000000 0.000001 0.000000 -0.002081 -0.012847
    40 1.206999 0.000000 0.000000 0.000803 -0.001233 -0.032601
    41 3.859672 -0.132568 1.193108 0.432220 -0.155872 -0.861364
    42 1.312563 0.000001 0.000000 0.000000 -0.000007 -1.191994
    43 0.729365 0.000000 0.000000 0.000000 -0.000010 -1.063390
    44 3.942296 0.050325 0.431043 0.149174 -0.063018 -0.728854
    45 1.539096 -0.000001 0.000000 0.000000 -0.000006 0.028065
    46 1.196322 0.000002 0.000000 0.000000 -0.000003 0.024611
    47 3.883656 -0.050329 -0.431043 -0.092748 -0.026056 -0.514577
    48 1.719576 -0.000001 0.000000 0.000000 -0.000004 0.041177
    49 1.209180 -0.000002 0.000000 0.000000 -0.000003 0.037558
    50 3.859828 -0.148936 -1.331282 -0.354946 0.032623 -0.475916
    51 1.719426 0.000001 0.000000 0.000000 -0.000009 0.022274
    52 1.099666 0.000001 0.000000 0.000000 -0.000004 0.033607
    53 0.806018 -0.359836 -1.318334 1.233926 0.667096 -0.745957
    54 1.789783 0.000001 -0.000001 0.000000 -0.000009 -0.035597
    55 1.207001 0.000000 0.000001 0.000000 -0.000006 -0.032713
  time 5
    0 0.000000 0.000000 -65.998108 1.570796 0.000000 0.000000
    1 -0.000005 38.566917 0.533613 0.000000 0.000000 0.000000
    2 0.000005 3.345128 -2.981901 1.793860 0.086221 1.571479
    3 4.018332 0.000000 0.000000 0.000000 0.000000 -0.029242
    4 3.518567 0.000000 0.000000 0.000000 0.000000 0.100336
    5 8.942642 0.000000 0.000000 0.000000 0.000000 0.194096
    6 2.033347 1.000767 1.937660 1.596637 -1.286515 2.942961
    7 6.028141 0.000001 0.000000 -1.167982 -0.398072 -1.091890
    8 11.692556 0.000000 0.000001 0.000000 0.000000 -1.413735
    9 11.481672 0.000000 -0.000031 1.514116 0.361758 0.441391
    10 3.820721 -1.405028 0.601078 1.564288 0.003442 -1.581444
    11 6.114854 -1.434045 1.934793 1.564288 0.003442 -1.581444
    12 0.051127 3.122170 -0.141701 0.000000 0.000000 1.570796
    13 -0.000001 1.537870 -5.938447 0.000000 1.570796 0.000000
    14 0.027345 1.595740 0.001226 0.000000 0.000000 0.000000
    15 -0.000001 1.225114 3.954165 0.000000 0.000000 0.000000
    16 2.033355 1.000771 -1.937610 -1.668474 1.286518 2.942953
    17 6.028143 0.000000 0.000000 1.590679 0.281572 -0.910269
    18 11.692550 0.000000 0.000001 0.000000 0.000000 -1.470313
    19 11.481699 0.000000 0.000003 -1.392028 -0.202231 0.469992
    20 6.114873 -1.450003 -1.922835 -1.564198 -0.011689 -1.581440
    21 0.051129 3.122169 0.141701 0.000000 0.000000 1.570796
    22 0.000001 1.537870 5.938447 0.000000 -1.570796 0.000000
    23 0.000000 1.607459 -0.001227 -0.000084 0.000048 0.008245
    24 0.000000 1.225114 -3.954162 0.000000 0.000000 0.000000
    25 3.820735 -1.409995 -0.589408 -1.564198 -0.011689 -1.581440
    26 3.859704 -0.142406 -1.191974 -0.432212 0.155857 -0.861358
    27 1.312562 0.000000 0.000001 0.000000 0.000005 -1.191973
    28 0.729363 0.000000 0.000000 0.000000 0.000009 -1.063371
    29 3.942326 0.046772 -0.431443 -0.146589 0.075533 -0.738549
    30 1.539094 0.000000 0.000000 0.000000 0.000002 0.046475
    31 1.196323 0.000000 0.000000 0.000000 0.000002 0.069304
    32 3.883687 -0.046769 0.431443 0.095034 0.027139 -0.511980
    33 1.719576 -0.000001 0.000000 0.000000 0.000003 0.059749
    34 1.209181 -0.000001 0.000000 0.000000 0.000004 0.054499
    35 3.859859 -0.137948 1.332466 0.353107 -0.029267 -0.481295
    36 1.719429 -0.000001 0.000000 0.000000 0.001737 0.031654
    37 1.099665 0.000000 0.000000 0.001210 0.001997 0.048760
    38 0.806046 -0.348923 1.321258 -1.254552 -0.696471 -0.706961
    39 1.789784 0.000000 0.000001 0.000000 -0.003028 -0.018635
    40 1.206999 0.000000 0.000000 0.001162 -0.001796 -0.047300
    41 3.859672 -0.132568 1.193108 0.432220 -0.155872 -0.861364
    42 1.312563 0.000001 0.000000 0.000000 -0.000007 -1.191994
    43 0.729365 0.000000 0.000000 0.000000 -0.000010 -1.063390
    44 3.942296 0.050325 0.431043 0.148887 -0.063893 -0.726864
    45 1.539096 -0.000001 0.000000 0.000000 -0.000006 0.041747
    46 1.196322 0.000002 0.000000 0.000000 -0.000003 0.046610
    47 3.883656 -0.050329 -0.431043 -0.095025 -0.027135 -0.511988
    48 1.719576 -0.000001 0.000000 0.000000 -0.000004 0.059750
    49 1.209180 -0.000002 0.000000 0.000000 -0.000003 0.054493
    50 3.859828 -0.148936 -1.331282 -0.356061 0.029219 -0.481595
    51 1.719426 0.000001 0.000000 0.000000 -0.000009 0.032322
    52 1.099666 0.000001 0.000000 0.000000 -0.000004 0.048769
    53 0.806018 -0.359836 -1.318334 1.233680 0.672115 -0.745835
    54 1.789783 0.000001 -0.000001 0.000000 -0.000009 -0.042501
    55 1.207001 0.000000 0.000001 0.000000 -0.000006 -0.045028
  time 6
    0 0.000000 0.000000 -65.998108 1.570796 0.000000 0.000000
    1 -0.000005 38.566917 0.533613 0.000000 0.000000 0.000000
    2 0.000005 3.345128 -2.981901 1.792301 0.086221 1.571479
    3 4.018332 0.000000 0.000000 0.000000 0.000000 -0.029242
    4 3.518567 0.000000 0.000000 0.000000 0.000000 0.100336
    5 8.942642 0.000000 0.000000 0.000000 0.000000 0.194096
    6 2.033347 1.000767 1.937660 1.596637 -1.286515 2.942961
    7 6.028141 0.000001 0.000000 -1.206301 -0.447564 -1.061748
    8 11.692556 0.000000 0.000001 0.000000 0.000000 -1.481141
    9 11.481672 0.000000 -0.000031 1.477557 0.269322 0.353177
    10 3.820721 -1.405028 0.601078 1.564288 0.003442 -1.581444
    11 6.114854 -1.434045 1.934793 1.564288 0.003442 -1.581444
    12 0.051127 3.122170 -0.141701 0.000000 0.000000 1.570796
    13 -0.000001 1.537870 -5.938447 0.000000 1.570796 0.000000
    14 0.027345 1.595740 0.001226 0.000000 0.000000 0.000000
    15 -0.000001 1.225114 3.954165 0.000000 0.000000 0.000000
    16 2.033355 1.000771 -1.937610 -1.668474 1.286518 2.942953
    17 6.028143 0.000000 0.000000 1.629672 0.288703 -0.866623
    18 11.692550 0.000000 0.000001 0.000000 0.000000 -1.563430
    19 11.481699 0.000000 0.000003 -1.329271 -0.064093 0.407569
    20 6.114873 -1.450003 -1.922835 -1.564198 -0.011689 -1.581440
    21 0.051129 3.122169 0.141701 0.000000 0.000000 1.570796
    22 0.000001 1.537870 5.938447 0.000000 -1.570796 0.000000
    23 0.000000 1.607459 -0.001227 -0.000084 0.000048 0.008245
    24 0.000000 1.225114 -3.954162 0.000000 0.000000 0.000000
    25 3.820735 -1.409995 -0.589408 -1.564198 -0.011689 -1.581440
    26 3.859704 -0.142406 -1.191974 -0.432212 0.155857 -0.861358
    27 1.312562 0.000000 0.000001 0.000000 0.000005 -1.191973
    28 0.729363 0.000000 0.000000 0.000000 0.000009 -1.063371
    29 3.942326 0.046772 -0.431443 -0.145282 0.076660 -0.736811
    30 1.539094 0.000000 0.000000 0.000000 0.000002 0.061787
    31 1.196323 0.000000 0.000000 0.000000 0.000002 0.092127
    32 3.883687 -0.046769 0.431443 0.097443 0.028290 -0.509236
    33 1.719576 -0.000001 0.000000 0.000000 0.000003 0.079402
    34 1.209181 -0.000001 0.000000 0.000000 0.000004 0.072426
    35 3.859859 -0.137948 1.332466 0.353298 -0.025672 -0.487215
    36 1.719429 -0.000001 0.000000 0.000000 0.002300 0.042081
    37 1.099665 0.000000 0.000000 0.001618 0.002644 0.064809
    38 0.806046 -0.348923 1.321258 -1.253810 -0.701784 -0.705808
    39 1.789784 0.000000 0.000001 0.000000 -0.004022 -0.024771
    40 1.206999 0.000000 0.000000 0.001546 -0.002384 -0.062875
    41 3.859672 -0.132568 1.193108 0.432220 -0.155872 -0.861364
    42 1.312563 0.000001 0.000000 0.000000 -0.000007 -1.191994
    43 0.729365 0.000000 0.000000 0.000000 -0.000010 -1.063390
    44 3.942296 0.050325 0.431043 0.148395 -0.065223 -0.721759
    45 1.539096 -0.000001 0.000000 0.000000 -0.000006 0.047860
    46 1.196322 0.000002 0.000000 0.000000 -0.000003 0.076803
    47 3.883656 -0.050329 -0.431043 -0.097446 -0.028298 -0.509232
    48 1.719576 -0.000001 0.000000 0.000000 -0.000004 0.079410
    49 1.209180 -0.000002 0.000000 0.000000 -0.000003 0.072444
    50 3.859828 -0.148936 -1.331282 -0.357235 0.025600 -0.487619
    51 1.719426 0.000001 0.000000 0.000000 -0.000009 0.042960
    52 1.099666 0.000001 0.000000 0.000000 -0.000004 0.064820
    53 0.806018 -0.359836 -1.318334 1.233052 0.678807 -0.746345
    54 1.789783 0.000001 -0.000001 0.000000 -0.000009 -0.044897
    55 1.207001 0.000000 0.000001 0.000000 -0.000006 -0.062497
  time 7
    0 0.000000 0.000000 -65.998108 1.570796 0.000000 0.000000
    1 -0.000005 38.566917 0.533613 0.000000 0.000000 0.000000
    2 0.000005 3.345128 -2.981901 1.790516 0.086221 1.571467
    3 4.018332 0.000000 0.000000 0.000000 0.000000 -0.029242
    4 3.518567 0.000000 0.000000 0.000000 0.000000 0.100336
    5 8.942642 0.000000 0.000000 0.000000 0.000000 0.194096
    6 2.033347 1.000767 1.937660 1.596637 -1.286515 2.942961
    7 6.028141 0.000001 0.000000 -1.250038 -0.513125 -1.026367
    8 11.692556 0.000000 0.000001 0.000000 0.000000 -1.530858
    9 11.481672 0.000000 -0.000031 1.457265 0.165370 0.268014
    10 3.820721 -1.405028 0.601078 1.564288 0.003442 -1.581444
    11 6.114854 -1.434045 1.934793 1.564288 0.003442 -1.581444
    12 0.051127 3.122170 -0.141701 0.000000 0.000000 1.570796
    13 -0.000001 1.537870 -5.938447 0.000000 1.570796 0.000000
    14 0.027345 1.595740 0.001226 0.000000 0.000000 0.000000
    15 -0.000001 1.225114 3.954165 0.000000 0.000000 0.000000
    16 2.033355 1.000771 -1.937610 -1.668474 1.286518 2.942953
    17 6.028143 0.000000 0.000000 1.676080 0.307773 -0.813145
    18 11.692550 0.000000 0.000001 0.000000 0.000000 -1.643821
    19 11.481699 0.000000 0.000003 -1.283987 0.078386 0.352122
    20 6.114873 -1.450003 -1.922835 -1.564198 -0.011689 -1.581440
    21 0.051129 3.122169 0.141701 0.000000 0.000000 1.570796
    22 0.000001 1.537870 5.938447 0.000000 -1.570796 0.000000
    23 0.000000 1.607459 -0.001227 -0.000084 0.000048 0.008245
    24 0.000000 1.225114 -3.954162 0.000000 0.000000 0.000000
    25 3.820735 -1.409995 -0.589408 -1.564198 -0.011689 -1.581440
    26 3.859704 -0.142406 -1.191974 -0.432212 0.155857 -0.861358
    27 1.312562 0.000000 0.000001 0.000000 0.000005 -1.191996
    28 0.729363 0.000000 0.000000 0.000000 0.000009 -1.063371
    29 3.942326 0.046772 -0.431443 -0.143988 0.077798 -0.735085
    30 1.539094 0.000000 0.000000 0.000000 0.000002 0.077100
    31 1.196323 0.000000 0.000000 0.000000 0.000002 0.114950
    32 3.883687 -0.046769 0.431443 0.099864 0.029452 -0.506480
    33 1.719576 -0.000001 0.000000 0.000000 0.000003 0.099085
    34 1.209181 -0.000001 0.000000 0.000000 0.000004 0.090383
    35 3.859859 -0.137948 1.332466 0.353490 -0.022077 -0.493135
    36 1.719429 -0.000001 0.000000 0.000000 0.002876 0.052508
    37 1.099665 0.000000 0.000000 0.002025 0.003303 0.080884
    38 0.806046 -0.348923 1.321258 -1.253069 -0.707082 -0.704655
    39 1.789784 0.000000 0.000001 0.000000 -0.005017 -0.030907
    40 1.206999 0.000000 0.000000 0.001930 -0.002983 -0.078450
    41 3.859672 -0.132568 1.193108 0.432220 -0.155872 -0.861364
    42 1.312563 0.000001 0.000000 0.000000 -0.000007 -1.191994
    43 0.729365 0.000000 0.000000 0.000000 -0.000010 -1.063390
    44 3.942296 0.050325 0.431043 0.148060 -0.066182 -0.718942
    45 1.539096 -0.000001 0.000000 0.000000 -0.000006 0.059852
    46 1.196322 0.000002 0.000000 0.000000 -0.000003 0.102825
    47 3.883656 -0.050329 -0.431043 -0.099855 -0.029448 -0.506487
    48 1.719576 -0.000001 0.000000 0.000000 -0.000004 0.099102
    49 1.209180 -0.000002 0.000000 0.000000 -0.000003 0.090395
    50 3.859828 -0.148936 -1.331282 -0.358398 0.021992 -0.493628
    51 1.719426 0.000001 0.000000 0.000000 -0.000009 0.053598
    52 1.099666 0.000001 0.000000 0.000000 -0.000004 0.080898
    53 0.806018 -0.359836 -1.318334 1.232410 0.685562 -0.746936
    54 1.789783 0.000001 -0.000001 0.000000 -0.000009 -0.047055
    55 1.207001 0.000000 0.000001 0.000000 -0.000006 -0.080189
  time 8
    0 0.000000 0.000000 -65.998108 1.570796 0.000000 0.000000
    1 -0.000005 38.566917 0.533613 0.000000 0.000000 0.000000
    2 0.000005 3.345128 -2.981901 1.788559 0.086221 1.571467
    3 4.018332 0.000000 0.000000 0.000000 0.000000 -0.029242
    4 3.518567 0.000000 0.000000 0.000000 0.000000 0.100336
    5 8.942642 0.000000 0.000000 0.000000 0.000000 0.194096
    6 2.033347 1.000767 1.937660 1.596637 -1.286515 2.942961
    7 6.028141 0.000001 0.000000 -1.299530 -0.591557 -0.982901
    8 11.692556 0.000000 0.000001 0.000000 0.000000 -1.559392
    9 11.481672 0.000000 -0.000031 1.454509 0.055783 0.187077
    10 3.820721 -1.405028 0.601078 1.564288 0.003442 -1.581444
    11 6.114854 -1.434045 1.934793 1.564288 0.003442 -1.581444
    12 0.051127 3.122170 -0.141701 0.000000 0.000000 1.570796
    13 -0.000001 1.537870 -5.938447 0.000000 1.570796 0.000000
    14 0.027345 1.595740 0.001226 0.000000 0.000000 0.000000
    15 -0.000001 1.225114 3.954165 0.000000 0.000000 0.000000
    16 2.033355 1.000771 -1.937610 -1.668474 1.286518 2.942953
    17 6.028143 0.000000 0.000000 1.729843 0.337274 -0.748425
    18 11.692550 0.000000 0.000001 0.000000 0.000000 -1.706639
    19 11.481699 0.000000 0.000003 -1.256723 0.214591 0.302355
    20 6.114873 -1.450003 -1.922835 -1.564198 -0.011689 -1.581440
    21 0.051129 3.122169 0.141701 0.000000 0.000000 1.570796
    22 0.000001 1.537870 5.938447 0.000000 -1.570796 0.000000
    23 0.000000 1.607459 -0.001227 -0.000084 0.000048 0.008245
    24 0.000000 1.225114 -3.954162 0.000000 0.000000 0.000000
    25 3.820735 -1.409995 -0.589408 -1.564198 -0.011689 -1.581440
    26 3.859704 -0.142406 -1.191974 -0.432212 0.155857 -0.861358
    27 1.312562 0.000000 0.000001 0.000000 0.000005 -1.191996
    28 0.729363 0.000000 0.000000 0.000000 0.000009 -1.063371
    29 3.942326 0.046772 -0.431443 -0.142754 0.078877 -0.733443
    30 1.539094 0.000000 0.000000 0.000000 0.000002 0.091560
    31 1.196323 0.000000 0.000000 0.000000 0.000002 0.136499
    32 3.883687 -0.046769 0.431443 0.102141 0.030543 -0.503891
    33 1.719576 -0.000001 0.000000 0.000000 0.000003 0.117665
    34 1.209181 -0.000001 0.000000 0.000000 0.000004 0.107324
    35 3.859859 -0.137948 1.332466 0.353646 -0.018673 -0.498716
    36 1.719429 -0.000001 0.000000 0.000000 0.003415 0.062348
    37 1.099665 0.000000 0.000000 0.002397 0.003926 0.096022
    38 0.806046 -0.348923 1.321258 -1.252361 -0.712088 -0.703502
    39 1.789784 0.000000 0.000001 0.000000 -0.005964 -0.036696
    40 1.206999 0.000000 0.000000 0.002289 -0.003546 -0.093170
    41 3.859672 -0.132568 1.193108 0.432220 -0.155872 -0.861364
    42 1.312563 0.000001 0.000000 0.000000 -0.000007 -1.191994
    43 0.729365 0.000000 0.000000 0.000000 -0.000010 -1.063390
    44 3.942296 0.050325 0.431043 0.147832 -0.066889 -0.717384
    45 1.539096 -0.000001 0.000000 0.000000 -0.000006 0.074393
    46 1.196322 0.000002 0.000000 0.000000 -0.000003 0.124566
    47 3.883656 -0.050329 -0.431043 -0.102132 -0.030539 -0.503887
    48 1.719576 -0.000001 0.000000 0.000000 -0.000004 0.117675
    49 1.209180 -0.000002 0.000000 0.000000 -0.000003 0.107330
    50 3.859828 -0.148936 -1.331282 -0.359477 0.018577 -0.499307
    51 1.719426 0.000001 0.000000 0.000000 -0.000009 0.063647
    52 1.099666 0.000001 0.000000 0.000000 -0.000004 0.096061
    53 0.806018 -0.359836 -1.318334 1.231795 0.692021 -0.747568
    54 1.789783 0.000001 -0.000001 0.000000 -0.000009 -0.048900
    55 1.207001 0.000000 0.000001 0.000000 -0.000006 -0.096964
  time 9
    0 0.000000 0.000000 -65.998108 1.570796 0.000000 0.000000
    1 -0.000005 38.566917 0.533613 0.000000 0.000000 0.000000
    2 0.000005 3.345128 -2.981901 1.786427 0.086221 1.571455
    3 4.018332 0.000000 0.000000 0.000000 0.000000 -0.029242
    4 3.518567 0.000000 0.000000 0.000000 0.000000 0.100336
    5 8.942642 0.000000 0.000000 0.000000 0.000000 0.194096
    6 2.033347 1.000767 1.937660 1.596637 -1.286515 2.942961
    7 6.028141 0.000001 0.000000 -1.355061 -0.677226 -0.929021
    8 11.692556 0.000000 0.000001 0.000000 0.000000 -1.565962
    9 11.481672 0.000000 -0.000031 1.468154 -0.052940 0.110450
    10 3.820721 -1.405028 0.601078 1.564288 0.003442 -1.581444
    11 6.114854 -1.434045 1.934793 1.564288 0.003442 -1.581444
    12 0.051127 3.122170 -0.141701 0.000000 0.000000 1.570796
    13 -0.000001 1.537870 -5.938447 0.000000 1.570796 0.000000
    14 0.027345 1.595740 0.001226 0.000000 0.000000 0.000000
    15 -0.000001 1.225114 3.954165 0.000000 0.000000 0.000000
    16 2.033355 1.000771 -1.937610 -1.668474 1.286518 2.942953
    17 6.028143 0.000000 0.000000 1.789839 0.373581 -0.672243
    18 11.692550 0.000000 0.000001 0.000000 0.000000 -1.749326
    19 11.481699 0.000000 0.000003 -1.246166 0.333519 0.256627
    20 6.114873 -1.450003 -1.922835 -1.564198 -0.011689 -1.581440
    21 0.051129 3.122169 0.141701 0.000000 0.000000 1.570796
    22 0.000001 1.537870 5.938447 0.000000 -1.570796 0.000000
    23 0.000000 1.607459 -0.001227 -0.000084 0.000048 0.008245
    24 0.000000 1.225114 -3.954162 0.000000 0.000000 0.000000
    25 3.820735 -1.409995 -0.589408 -1.564198 -0.011689 -1.581440
    26 3.859704 -0.142406 -1.191974 -0.432212 0.155857 -0.861358
    27 1.312562 0.000000 0.000001 0.000000 0.000005 -1.191973
    28 0.729363 0.000000 0.000000 0.000000 0.000009 -1.063371
    29 3.942326 0.046772 -0.431443 -0.141675 0.079812 -0.732005
    30 1.539094 0.000000 0.000000 0.000000 0.000002 0.104292
    31 1.196323 0.000000 0.000000 0.000000 0.000002 0.155467
    32 3.883687 -0.046769 0.431443 0.104143 0.031502 -0.501602
    33 1.719576 -0.000001 0.000000 0.000000 0.000003 0.134037
    34 1.209181 -0.000001 0.000000 0.000000 0.000004 0.122263
    35 3.859859 -0.137948 1.332466 0.353778 -0.015689 -0.503620
    36 1.719429 -0.000001 0.000000 0.000000 0.003882 0.071028
    37 1.099665 0.000000 0.000000 0.002732 0.004466 0.109392
    38 0.806046 -0.348923 1.321258 -1.251788 -0.716495 -0.702541
    39 1.789784 0.000000 0.000001 0.000000 -0.006791 -0.041801
    40 1.206999 0.000000 0.000000 0.002613 -0.004037 -0.106114
    41 3.859672 -0.132568 1.193108 0.432220 -0.155872 -0.861364
    42 1.312563 0.000001 0.000000 0.000000 -0.000007 -1.191994
    43 0.729365 0.000000 0.000000 0.000000 -0.000010 -1.063390
    44 3.942296 0.050325 0.431043 0.147640 -0.067476 -0.716042
    45 1.539096 -0.000001 0.000000 0.000000 -0.000006 0.087269
    46 1.196322 0.000002 0.000000 0.000000 -0.000003 0.143796
    47 3.883656 -0.050329 -0.431043 -0.104146 -0.031497 -0.501598
    48 1.719576 -0.000001 0.000000 0.000000 -0.000004 0.134010
    49 1.209180 -0.000002 0.000000 0.000000 -0.000003 0.122268
    50 3.859828 -0.148936 -1.331282 -0.360423 0.015569 -0.504311
    51 1.719426 0.000001 0.000000 0.000000 -0.000009 0.072499
    52 1.099666 0.000001 0.000000 0.000000 -0.000004 0.109418
    53 0.806018 -0.359836 -1.318334 1.231290 0.697598 -0.748098
    54 1.789783 0.000001 -0.000001 0.000000 -0.000009 -0.051141
    55 1.207001 0.000000 0.000001 0.000000 -0.000006 -0.111013
  time 10
    0 0.000000 0.000000 -65.998108 1.570796 0.000000 0.000000
    1 -0.000005 38.566917 0.533613 0.000000 0.000000 0.000000
    2 0.000005 3.345128 -2.981901 1.784163 0.086233 1.571443
    3 4.018332 0.000000 0.000000 0.000000 0.000000 -0.029242
    4 3.518567 0.000000 0.000000 0.000000 0.000000 0.100336
    5 8.942642 0.000000 0.000000 0.000000 0.000000 0.194096
    6 2.033347 1.000767 1.937660 1.596637 -1.286515 2.942961
    7 6.028141 0.000001 0.000000 -1.416518 -0.762894 -0.864210
    8 11.692556 0.000000 0.000001 0.000000 0.000000 -1.552821
    9 11.481672 0.000000 -0.000031 1.495067 -0.154260 0.038197
    10 3.820721 -1.405028 0.601078 1.564288 0.003442 -1.581444
    11 6.114854 -1.434045 1.934793 1.564288 0.003442 -1.581444
    12 0.051127 3.122170 -0.141701 0.000000 0.000000 1.570796
    13 -0.000001 1.537870 -5.938447 0.000000 1.570796 0.000000
    14 0.027345 1.595740 0.001226 0.000000 0.000000 0.000000
    15 -0.000001 1.225114 3.954165 0.000000 0.000000 0.000000
    16 2.033355 1.000771 -1.937610 -1.668474 1.286518 2.942953
    17 6.028143 0.000000 0.000000 1.853616 0.411639 -0.586934
    18 11.692550 0.000000 0.000001 0.000000 0.000000 -1.771544
    19 11.481699 0.000000 0.000003 -1.249406 0.424226 0.214229
    20 6.114873 -1.450003 -1.922835 -1.564198 -0.011689 -1.581440
    21 0.051129 3.122169 0.141701 0.000000 0.000000 1.570796
    22 0.000001 1.537870 5.938447 0.000000 -1.570796 0.000000
    23 0.000000 1.607459 -0.001227 -0.000084 0.000048 0.008245
    24 0.000000 1.225114 -3.954162 0.000000 0.000000 0.000000
    25 3.820735 -1.409995 -0.589408 -1.564198 -0.011689 -1.581440
    26 3.859704 -0.142406 -1.191974 -0.432212 0.155857 -0.861358
    27 1.312562 0.000000 0.000001 0.000000 0.000005 -1.191973
    28 0.729363 0.000000 0.000000 0.000000 0.000009 -1.063371
    29 3.942326 0.046772 -0.431443 -0.140812 0.080567 -0.730854
    30 1.539094 0.000000 0.000000 0.000000 0.000002 0.114444
    31 1.196323 0.000000 0.000000 0.000000 0.000002 0.170613
    32 3.883687 -0.046769 0.431443 0.105748 0.032269 -0.499768
    33 1.719576 -0.000001 0.000000 0.000000 0.000003 0.147070
    34 1.209181 -0.000001 0.000000 0.000000 0.000004 0.134152
    35 3.859859 -0.137948 1.332466 0.353874 -0.013292 -0.507552
    36 1.719429 -0.000001 0.000000 0.000000 0.004254 0.077947
    37 1.099665 0.000000 0.000000 0.002996 0.004909 0.120030
    38 0.806046 -0.348923 1.321258 -1.251350 -0.720027 -0.701725
    39 1.789784 0.000000 0.000001 0.000000 -0.007450 -0.045876
    40 1.206999 0.000000 0.000000 0.002864 -0.004433 -0.116448
    41 3.859672 -0.132568 1.193108 0.432220 -0.155872 -0.861364
    42 1.312563 0.000001 0.000000 0.000000 -0.000007 -1.191994
    43 0.729365 0.000000 0.000000 0.000000 -0.000010 -1.063390
    44 3.942296 0.050325 0.431043 0.147497 -0.067920 -0.715059
    45 1.539096 -0.000001 0.000000 0.000000 -0.000006 0.097622
    46 1.196322 0.000002 0.000000 0.000000 -0.000003 0.159188
    47 3.883656 -0.050329 -0.431043 -0.105751 -0.032264 -0.499776
    48 1.719576 -0.000001 0.000000 0.000000 -0.000004 0.147085
    49 1.209180 -0.000002 0.000000 0.000000 -0.000003 0.134158
    50 3.859828 -0.148936 -1.331282 -0.361166 0.013172 -0.508296
    51 1.719426 0.000001 0.000000 0.000000 -0.000009 0.079566
    52 1.099666 0.000001 0.000000 0.000000 -0.000004 0.120054
    53 0.806018 -0.359836 -1.318334 1.230975 0.701750 -0.748404
    54 1.789783 0.000001 -0.000001 0.000000 -0.000009 -0.054269
    55 1.207001 0.000000 0.000001 0.000000 -0.000006 -0.120727
  time 11
    0 0.000000 0.000000 -65.998108 1.570796 0.000000 0.000000
    1 -0.000005 38.566917 0.533613 0.000000 0.000000 0.000000
    2 0.000005 3.345128 -2.981901 1.781779 0.086233 1.571443
    3 4.018332 0.000000 0.000000 0.000000 0.000000 -0.029242
    4 3.518567 0.000000 0.000000 0.000000 0.000000 0.100336
    5 8.942642 0.000000 0.000000 0.000000 0.000000 0.194096
    6 2.033347 1.000767 1.937660 1.596637 -1.286515 2.942961
    7 6.028141 0.000001 0.000000 -1.481587 -0.841415 -0.791702
    8 11.692556 0.000000 0.000001 0.000000 0.000000 -1.524655
    9 11.481672 0.000000 -0.000031 1.530301 -0.242234 -0.028785
    10 3.820721 -1.405028 0.601078 1.564288 0.003442 -1.581444
    11 6.114854 -1.434045 1.934793 1.564288 0.003442 -1.581444
    12 0.051127 3.122170 -0.141701 0.000000 0.000000 1.570796
    13 -0.000001 1.537870 -5.938447 0.000000 1.570796 0.000000
    14 0.027345 1.595740 0.001226 0.000000 0.000000 0.000000
    15 -0.000001 1.225114 3.954165 0.000000 0.000000 0.000000
    16 2.033355 1.000771 -1.937610 -1.668474 1.286518 2.942953
    17 6.028143 0.000000 0.000000 1.916892 0.446805 -0.498099
    18 11.692550 0.000000 0.000001 0.000000 0.000000 -1.775315
    19 11.481699 0.000000 0.000003 -1.263020 0.487927 0.173005
    20 6.114873 -1.450003 -1.922835 -1.564198 -0.011689 -1.581440
    21 0.051129 3.122169 0.141701 0.000000 0.000000 1.570796
    22 0.000001 1.537870 5.938447 0.000000 -1.570796 0.000000
    23 0.000000 1.607459 -0.001227 -0.000084 0.000048 0.008245
    24 0.000000 1.225114 -3.954162 0.000000 0.000000 0.000000
    25 3.820735 -1.409995 -0.589408 -1.564198 -0.011689 -1.581440
    26 3.859704 -0.142406 -1.191974 -0.432212 0.155857 -0.861358
    27 1.312562 0.000000 0.000001 0.000000 0.000005 -1.191973
    28 0.729363 0.000000 0.000000 0.000000 0.000009 -1.063371
    29 3.942326 0.046772 -0.431443 -0.140237 0.081070 -0.730087
    30 1.539094 0.000000 0.000000 0.000000 0.000002 0.121162
    31 1.196323 0.000000 0.000000 0.000000 0.000002 0.180665
    32 3.883687 -0.046769 0.431443 0.106803 0.032772 -0.498570
    33 1.719576 -0.000001 0.000000 0.000000 0.000003 0.155719
    34 1.209181 -0.000001 0.000000 0.000000 0.000004 0.142037
    35 3.859859 -0.137948 1.332466 0.353946 -0.011710 -0.510144
    36 1.719429 -0.000001 0.000000 0.000000 0.004505 0.082519
    37 1.099665 0.000000 0.000000 0.003176 0.005197 0.127079
    38 0.806046 -0.348923 1.321258 -1.251046 -0.722346 -0.701196
    39 1.789784 0.000000 0.000001 0.000000 -0.007881 -0.048573
    40 1.206999 0.000000 0.000000 0.003032 -0.004685 -0.123294
    41 3.859672 -0.132568 1.193108 0.432220 -0.155872 -0.861364
    42 1.312563 0.000001 0.000000 0.000000 -0.000007 -1.191994
    43 0.729365 0.000000 0.000000 0.000000 -0.000010 -1.063390
    44 3.942296 0.050325 0.431043 0.147413 -0.068183 -0.714508
    45 1.539096 -0.000001 0.000000 0.000000 -0.000006 0.104593
    46 1.196322 0.000002 0.000000 0.000000 -0.000003 0.169523
    47 3.883656 -0.050329 -0.431043 -0.106806 -0.032768 -0.498566
    48 1.719576 -0.000001 0.000000 0.000000 -0.000004 0.155716
    49 1.209180 -0.000002 0.000000 0.000000 -0.000003 0.142053
    50 3.859828 -0.148936 -1.331282 -0.361658 0.011578 -0.510932
    51 1.719426 0.000001 0.000000 0.000000 -0.000009 0.084242
    52 1.099666 0.000001 0.000000 0.000000 -0.000004 0.127135
    53 0.806018 -0.359836 -1.318334 1.230689 0.704786 -0.748730
    54 1.789783 0.000001 -0.000001 0.000000 -0.000009 -0.055971
    55 1.207001 0.000000 0.000001 0.000000 -0.000006 -0.126946
  time 12
    0 0.000000 0.000000 -65.998108 1.570796 0.000000 0.000000
    1 -0.000005 38.566917 0.533613 0.000000 0.000000 0.000000
    2 0.000005 3.345128 -2.981901 1.779301 0.086233 1.571431
    3 4.018332 0.000000 0.000000 0.000000 0.000000 -0.029242
    4 3.518567 0.000000 0.000000 0.000000 0.000000 0.100336
    5 8.942642 0.000000 0.000000 0.000000 0.000000 0.194096
    6 2.033347 1.000767 1.937660 1.596637 -1.286515 2.942961
    7 6.028141 0.000001 0.000000 -1.544511 -0.906887 -0.719711
    8 11.692556 0.000000 0.000001 0.000000 0.000000 -1.488126
    9 11.481672 0.000000 -0.000031 1.567076 -0.311824 -0.087936
    10 3.820721 -1.405028 0.601078 1.564288 0.003442 -1.581444
    11 6.114854 -1.434045 1.934793 1.564288 0.003442 -1.581444
    12 0.051127 3.122170 -0.141701 0.000000 0.000000 1.570796
    13 -0.000001 1.537870 -5.938447 0.000000 1.570796 0.000000
    14 0.027345 1.595740 0.001226 0.000000 0.000000 0.000000
    15 -0.000001 1.225114 3.954165 0.000000 0.000000 0.000000
    16 2.033355 1.000771 -1.937610 -1.668474 1.286518 2.942953
    17 6.028143 0.000000 0.000000 1.974052 0.476388 -0.414245
    18 11.692550 0.000000 0.000001 0.000000 0.000000 -1.764542
    19 11.481699 0.000000 0.000003 -1.283587 0.534309 0.130606
    20 6.114873 -1.450003 -1.922835 -1.564198 -0.011689 -1.581440
    21 0.051129 3.122169 0.141701 0.000000 0.000000 1.570796
    22 0.000001 1.537870 5.938447 0.000000 -1.570796 0.000000
    23 0.000000 1.607459 -0.001227 -0.000084 0.000048 0.008245
    24 0.000000 1.225114 -3.954162 0.000000 0.000000 0.000000
    25 3.820735 -1.409995 -0.589408 -1.564198 -0.011689 -1.581440
    26 3.859704 -0.142406 -1.191974 -0.432212 0.155857 -0.861358
    27 1.312562 0.000000 0.000001 0.000000 0.000005 -1.191973
    28 0.729363 0.000000 0.000000 0.000000 0.000009 -1.063371
    29 3.942326 0.046772 -0.431443 -0.140033 0.081250 -0.729824
    30 1.539094 0.000000 0.000000 0.000000 0.000002 0.123597
    31 1.196323 0.000000 0.000000 0.000000 0.000002 0.184279
    32 3.883687 -0.046769 0.431443 0.107187 0.032952 -0.498126
    33 1.719576 -0.000001 0.000000 0.000000 0.000003 0.158850
    34 1.209181 -0.000001 0.000000 0.000000 0.000004 0.144902
    35 3.859859 -0.137948 1.332466 0.353970 -0.011147 -0.511086
    36 1.719429 -0.000001 0.000000 0.000000 0.004589 0.084171
    37 1.099665 0.000000 0.000000 0.003248 0.005293 0.129629
    38 0.806046 -0.348923 1.321258 -1.250945 -0.723190 -0.701004
    39 1.789784 0.000000 0.000001 0.000000 -0.008049 -0.049543
    40 1.206999 0.000000 0.000000 0.003104 -0.004780 -0.125776
    41 3.859672 -0.132568 1.193108 0.432220 -0.155872 -0.861364
    42 1.312563 0.000001 0.000000 0.000000 -0.000007 -1.191994
    43 0.729365 0.000000 0.000000 0.000000 -0.000010 -1.063390
    44 3.942296 0.050325 0.431043 0.147401 -0.068243 -0.714508
    45 1.539096 -0.000001 0.000000 0.000000 -0.000006 0.107325
    46 1.196322 0.000002 0.000000 0.000000 -0.000003 0.173510
    47 3.883656 -0.050329 -0.431043 -0.107190 -0.032948 -0.498122
    48 1.719576 -0.000001 0.000000 0.000000 -0.000004 0.158848
    49 1.209180 -0.000002 0.000000 0.000000 -0.000003 0.144903
    50 3.859828 -0.148936 -1.331282 -0.361837 0.011002 -0.511889
    51 1.719426 0.000001 0.000000 0.000000 -0.000009 0.085937
    52 1.099666 0.000001 0.000000 0.000000 -0.000004 0.129662
    53 0.806018 -0.359836 -1.318334 1.230443 0.706381 -0.749077
    54 1.789783 0.000001 -0.000001 0.000000 -0.000009 -0.055911
    55 1.207001 0.000000 0.000001 0.000000 -0.000006 -0.128780
  time 13
    0 0.000000 0.000000 -65.998108 1.570796 0.000000 0.000000
    1 -0.000005 38.566917 0.533613 0.000000 0.000000 0.000000
    2 0.000005 3.345128 -2.981901 1.776757 0.086233 1.571431
    3 4.018332 0.000000 0.000000 0.000000 0.000000 -0.029242
    4 3.518567 0.000000 0.000000 0.000000 0.000000 0.100336
    5 8.942642 0.000000 0.000000 0.000000 0.000000 0.194096
    6 2.033347 1.000767 1.937660 1.596637 -1.286515 2.942961
    7 6.028141 0.000001 0.000000 -1.597108 -0.957400 -0.659233
    8 11.692556 0.000000 0.000001 0.000000 0.000000 -1.448932
    9 11.481672 0.000000 -0.000031 1.600528 -0.360006 -0.141048
    10 3.820721 -1.405028 0.601078 1.564288 0.003442 -1.581444
    11 6.114854 -1.434045 1.934793 1.564288 0.003442 -1.581444
    12 0.051127 3.122170 -0.141701 0.000000 0.000000 1.570796
    13 -0.000001 1.537870 -5.938447 0.000000 1.570796 0.000000
    14 0.027345 1.595740 0.001226 0.000000 0.000000 0.000000
    15 -0.000001 1.225114 3.954165 0.000000 0.000000 0.000000
    16 2.033355 1.000771 -1.937610 -1.668474 1.286518 2.942953
    17 6.028143 0.000000 0.000000 2.023177 0.501651 -0.339209
    18 11.692550 0.000000 0.000001 0.000000 0.000000 -1.743266
    19 11.481699 0.000000 0.000003 -1.306921 0.565450 0.087938
    20 6.114873 -1.450003 -1.922835 -1.564198 -0.011689 -1.581440
    21 0.051129 3.122169 0.141701 0.000000 0.000000 1.570796
    22 0.000001 1.537870 5.938447 0.000000 -1.570796 0.000000
    23 0.000000 1.607459 -0.001227 -0.000084 0.000048 0.008245
    24 0.000000 1.225114 -3.954162 0.000000 0.000000 0.000000
    25 3.820735 -1.409995 -0.589408 -1.564198 -0.011689 -1.581440
    26 3.859704 -0.142406 -1.191974 -0.432212 0.155857 -0.861358
    27 1.312562 0.000000 0.000001 0.000000 0.000005 -1.191973
    28 0.729363 0.000000 0.000000 0.000000 0.000009 -1.063371
    29 3.942326 0.046772 -0.431443 -0.140261 0.081046 -0.730123
    30 1.539094 0.000000 0.000000 0.000000 0.000002 0.120870
    31 1.196323 0.000000 0.000000 0.000000 0.000002 0.180217
    32 3.883687 -0.046769 0.431443 0.106767 0.032748 -0.498618
    33 1.719576 -0.000001 0.000000 0.000000 0.000003 0.155361
    34 1.209181 -0.000001 0.000000 0.000000 0.000004 0.141699
    35 3.859859 -0.137948 1.332466 0.353934 -0.011782 -0.510041
    36 1.719429 -0.000001 0.000000 0.000000 0.004494 0.082328
    37 1.099665 0.000000 0.000000 0.003176 0.005185 0.126793
    38 0.806046 -0.348923 1.321258 -1.251046 -0.722253 -0.701244
    39 1.789784 0.000000 0.000001 0.000000 -0.007869 -0.048453
    40 1.206999 0.000000 0.000000 0.003032 -0.004673 -0.123016
    41 3.859672 -0.132568 1.193108 0.432220 -0.155872 -0.861364
    42 1.312563 0.000001 0.000000 0.000000 -0.000007 -1.191994
    43 0.729365 0.000000 0.000000 0.000000 -0.000010 -1.063390
    44 3.942296 0.050325 0.431043 0.147461 -0.068075 -0.715155
    45 1.539096 -0.000001 0.000000 0.000000 -0.000006 0.104983
    46 1.196322 0.000002 0.000000 0.000000 -0.000003 0.169819
    47 3.883656 -0.050329 -0.431043 -0.106758 -0.032744 -0.498614
    48 1.719576 -0.000001 0.000000 0.000000 -0.000004 0.155364
    49 1.209180 -0.000002 0.000000 0.000000 -0.000003 0.141693
    50 3.859828 -0.148936 -1.331282 -0.361634 0.011650 -0.510822
    51 1.719426 0.000001 0.000000 0.000000 -0.000009 0.084045
    52 1.099666 0.000001 0.000000 0.000000 -0.000004 0.126829
    53 0.806018 -0.359836 -1.318334 1.230238 0.706273 -0.749444
    54 1.789783 0.000001 -0.000001 0.000000 -0.000009 -0.053766
    55 1.207001 0.000000 0.000001 0.000000 -0.000006 -0.125410
  time 14
    0 0.000000 0.000000 -65.998108 1.570796 0.000000 0.000000
    1 -0.000005 38.566917 0.533613 0.000000 0.000000 0.000000
    2 0.000005 3.345128 -2.981901 1.774173 0.086233 1.571419
    3 4.018332 0.000000 0.000000 0.000000 0.000000 -0.029242
    4 3.518567 0.000000 0.000000 0.000000 0.000000 0.100336
    5 8.942642 0.000000 0.000000 0.000000 0.000000 0.194096
    6 2.033347 1.000767 1.937660 1.596637 -1.286515 2.942961
    7 6.028141 0.000001 0.000000 -1.634580 -0.996728 -0.616802
    8 11.692556 0.000000 0.000001 0.000000 0.000000 -1.408773
    9 11.481672 0.000000 -0.000031 1.628035 -0.389043 -0.190148
    10 3.820721 -1.405028 0.601078 1.564288 0.003442 -1.581444
    11 6.114854 -1.434045 1.934793 1.564288 0.003442 -1.581444
    12 0.051127 3.122170 -0.141701 0.000000 0.000000 1.570796
    13 -0.000001 1.537870 -5.938447 0.000000 1.570796 0.000000
    14 0.027345 1.595740 0.001226 0.000000 0.000000 0.000000
    15 -0.000001 1.225114 3.954165 0.000000 0.000000 0.000000
    16 2.033355 1.000771 -1.937610 -1.668474 1.286518 2.942953
    17 6.028143 0.000000 0.000000 2.065774 0.525652 -0.271667
    18 11.692550 0.000000 0.000001 0.000000 0.000000 -1.712698
    19 11.481699 0.000000 0.000003 -1.329089 0.583715 0.046151
    20 6.114873 -1.450003 -1.922835 -1.564198 -0.011689 -1.581440
    21 0.051129 3.122169 0.141701 0.000000 0.000000 1.570796
    22 0.000001 1.537870 5.938447 0.000000 -1.570796 0.000000
    23 0.000000 1.607459 -0.001227 -0.000084 0.000048 0.008245
    24 0.000000 1.225114 -3.954162 0.000000 0.000000 0.000000
    25 3.820735 -1.409995 -0.589408 -1.564198 -0.011689 -1.581440
    26 3.859704 -0.142406 -1.191974 -0.432212 0.155857 -0.861358
    27 1.312562 0.000000 0.000001 0.000000 0.000005 -1.191973
    28 0.729363 0.000000 0.000000 0.000000 0.000009 -1.063371
    29 3.942326 0.046772 -0.431443 -0.141004 0.080399 -0.731118
    30 1.539094 0.000000 0.000000 0.000000 0.000002 0.112155
    31 1.196323 0.000000 0.000000 0.000000 0.000002 0.167205
    32 3.883687 -0.046769 0.431443 0.105389 0.032089 -0.500188
    33 1.719576 -0.000001 0.000000 0.000000 0.000003 0.144147
    34 1.209181 -0.000001 0.000000 0.000000 0.000004 0.131472
    35 3.859859 -0.137948 1.332466 0.353862 -0.013831 -0.506668
    36 1.719429 -0.000001 0.000000 0.000000 0.004170 0.076378
    37 1.099665 0.000000 0.000000 0.002936 0.004801 0.117637
    38 0.806046 -0.348923 1.321258 -1.251451 -0.719228 -0.701917
    39 1.789784 0.000000 0.000001 0.000000 -0.007294 -0.044953
    40 1.206999 0.000000 0.000000 0.002816 -0.004337 -0.114115
    41 3.859672 -0.132568 1.193108 0.432220 -0.155872 -0.861364
    42 1.312563 0.000001 0.000000 0.000000 -0.000007 -1.191994
    43 0.729365 0.000000 0.000000 0.000000 -0.000010 -1.063390
    44 3.942296 0.050325 0.431043 0.147616 -0.067620 -0.716569
    45 1.539096 -0.000001 0.000000 0.000000 -0.000006 0.096685
    46 1.196322 0.000002 0.000000 0.000000 -0.000003 0.157232
    47 3.883656 -0.050329 -0.431043 -0.105392 -0.032085 -0.500184
    48 1.719576 -0.000001 0.000000 0.000000 -0.000004 0.144144
    49 1.209180 -0.000002 0.000000 0.000000 -0.000003 0.131472
    50 3.859828 -0.148936 -1.331282 -0.360999 0.013711 -0.507402
    51 1.719426 0.000001 0.000000 0.000000 -0.000009 0.077977
    52 1.099666 0.000001 0.000000 0.000000 -0.000004 0.117665
    53 0.806018 -0.359836 -1.318334 1.230224 0.703701 -0.749607
    54 1.789783 0.000001 -0.000001 0.000000 -0.000009 -0.049991
    55 1.207001 0.000000 0.000001 0.000000 -0.000006 -0.115969
  time 15
    0 0.000000 0.000000 -65.998108 1.570796 0.000000 0.000000
    1 -0.000005 38.566917 0.533613 0.000000 0.000000 0.000000
    2 0.000005 3.345128 -2.981901 1.771549 0.086233 1.571407
    3 4.018332 0.000000 0.000000 0.000000 0.000000 -0.029242
    4 3.518567 0.000000 0.000000 0.000000 0.000000 0.100336
    5 8.942642 0.000000 0.000000 0.000000 0.000000 0.194096
    6 2.033347 1.000767 1.937660 1.596637 -1.286515 2.942961
    7 6.028141 0.000001 0.000000 -1.654614 -1.029264 -0.595457
    8 11.692556 0.000000 0.000001 0.000000 0.000000 -1.367511
    9 11.481672 0.000000 -0.000031 1.645463 -0.402862 -0.232015
    10 3.820721 -1.405028 0.601078 1.564288 0.003442 -1.581444
    11 6.114854 -1.434045 1.934793 1.564288 0.003442 -1.581444
    12 0.051127 3.122170 -0.141701 0.000000 0.000000 1.570796
    13 -0.000001 1.537870 -5.938447 0.000000 1.570796 0.000000
    14 0.027345 1.595740 0.001226 0.000000 0.000000 0.000000
    15 -0.000001 1.225114 3.954165 0.000000 0.000000 0.000000
    16 2.033355 1.000771 -1.937610 -1.668474 1.286518 2.942953
    17 6.028143 0.000000 0.000000 2.101518 0.550834 -0.212899
    18 11.692550 0.000000 0.000001 0.000000 0.000000 -1.672907
    19 11.481699 0.000000 0.000003 -1.346380 0.591593 0.006421
    20 6.114873 -1.450003 -1.922835 -1.564198 -0.011689 -1.581440
    21 0.051129 3.122169 0.141701 0.000000 0.000000 1.570796
    22 0.000001 1.537870 5.938447 0.000000 -1.570796 0.000000
    23 0.000000 1.607459 -0.001227 -0.000084 0.000048 0.008245
    24 0.000000 1.225114 -3.954162 0.000000 0.000000 0.000000
    25 3.820735 -1.409995 -0.589408 -1.564198 -0.011689 -1.581440
    26 3.859704 -0.142406 -1.191974 -0.432212 0.155857 -0.861358
    27 1.312562 0.000000 0.000001 0.000000 0.000005 -1.191973
    28 0.729363 0.000000 0.000000 0.000000 0.000009 -1.063371
    29 3.942326 0.046772 -0.431443 -0.142334 0.079248 -0.732880
    30 1.539094 0.000000 0.000000 0.000000 0.000002 0.096551
    31 1.196323 0.000000 0.000000 0.000000 0.000002 0.143969
    32 3.883687 -0.046769 0.431443 0.102932 0.030914 -0.502992
    33 1.719576 -0.000001 0.000000 0.000000 0.000003 0.124106
    34 1.209181 -0.000001 0.000000 0.000000 0.000004 0.113207
    35 3.859859 -0.137948 1.332466 0.353694 -0.017498 -0.500645
    36 1.719429 -0.000001 0.000000 0.000000 0.003595 0.065760
    37 1.099665 0.000000 0.000000 0.002529 0.004142 0.101277
    38 0.806046 -0.348923 1.321258 -1.252159 -0.713823 -0.703118
    39 1.789784 0.000000 0.000001 0.000000 -0.006288 -0.038709
    40 1.206999 0.000000 0.000000 0.002421 -0.003738 -0.098262
    41 3.859672 -0.132568 1.193108 0.432220 -0.155872 -0.861364
    42 1.312563 0.000001 0.000000 0.000000 -0.000007 -1.191994
    43 0.729365 0.000000 0.000000 0.000000 -0.000010 -1.063390
    44 3.942296 0.050325 0.431043 0.147892 -0.066817 -0.718846
    45 1.539096 -0.000001 0.000000 0.000000 -0.000006 0.081598
    46 1.196322 0.000002 0.000000 0.000000 -0.000003 0.134421
    47 3.883656 -0.050329 -0.431043 -0.102923 -0.030910 -0.502988
    48 1.719576 -0.000001 0.000000 0.000000 -0.000004 0.124100
    49 1.209180 -0.000002 0.000000 0.000000 -0.000003 0.113194
    50 3.859828 -0.148936 -1.331282 -0.359848 0.017390 -0.501268
    51 1.719426 0.000001 0.000000 0.000000 -0.000009 0.067127
    52 1.099666 0.000001 0.000000 0.000000 -0.000004 0.101309
    53 0.806018 -0.359836 -1.318334 1.230511 0.698063 -0.749464
    54 1.789783 0.000001 -0.000001 0.000000 -0.000009 -0.047187
    55 1.207001 0.000000 0.000001 0.000000 -0.000006 -0.095180
  time 16
    0 0.000000 0.000000 -65.998108 1.570796 0.000000 0.000000
    1 -0.000005 38.566917 0.533613 0.000000 0.000000 0.000000
    2 0.000005 3.345128 -2.981901 1.768939 0.086233 1.571407
    3 4.018332 0.000000 0.000000 0.000000 0.000000 -0.029242
    4 3.518567 0.000000 0.000000 0.000000 0.000000 0.100336
    5 8.942642 0.000000 0.000000 0.000000 0.000000 0.194096
    6 2.033347 1.000767 1.937660 1.596637 -1.286515 2.942961
    7 6.028141 0.000001 0.000000 -1.656871 -1.059048 -0.595781
    8 11.692556 0.000000 0.000001 0.000000 0.000000 -1.323171
    9 11.481672 0.000000 -0.000031 1.649732 -0.405535 -0.263873
    10 3.820721 -1.405028 0.601078 1.564288 0.003442 -1.581444
    11 6.114854 -1.434045 1.934793 1.564288 0.003442 -1.581444
    12 0.051127 3.122170 -0.141701 0.000000 0.000000 1.570796
    13 -0.000001 1.537870 -5.938447 0.000000 1.570796 0.000000
    14 0.027345 1.595740 0.001226 0.000000 0.000000 0.000000
    15 -0.000001 1.225114 3.954165 0.000000 0.000000 0.000000
    16 2.033355 1.000771 -1.937610 -1.668474 1.286518 2.942953
    17 6.028143 0.000000 0.000000 2.130704 0.579602 -0.163434
    18 11.692550 0.000000 0.000001 0.000000 0.000000 -1.623353
    19 11.481699 0.000000 0.000003 -1.355153 0.591737 -0.030396
    20 6.114873 -1.450003 -1.922835 -1.564198 -0.011689 -1.581440
    21 0.051129 3.122169 0.141701 0.000000 0.000000 1.570796
    22 0.000001 1.537870 5.938447 0.000000 -1.570796 0.000000
    23 0.000000 1.607459 -0.001227 -0.000084 0.000048 0.008245
    24 0.000000 1.225114 -3.954162 0.000000 0.000000 0.000000
    25 3.820735 -1.409995 -0.589408 -1.564198 -0.011689 -1.581440
    26 3.859704 -0.142406 -1.191974 -0.432212 0.155857 -0.861358
    27 1.312562 0.000000 0.000001 0.000000 0.000005 -1.191973
    28 0.729363 0.000000 0.000000 0.000000 0.000009 -1.063371
    29 3.942326 0.046772 -0.431443 -0.144312 0.077511 -0.735517
    30 1.539094 0.000000 0.000000 0.000000 0.000002 0.073229
    31 1.196323 0.000000 0.000000 0.000000 0.000002 0.109201
    32 3.883687 -0.046769 0.431443 0.099253 0.029153 -0.507175
    33 1.719576 -0.000001 0.000000 0.000000 0.000003 0.094135
    34 1.209181 -0.000001 0.000000 0.000000 0.000004 0.085855
    35 3.859859 -0.137948 1.332466 0.353442 -0.022975 -0.491633
    36 1.719429 -0.000001 0.000000 0.000000 0.002732 0.049874
    37 1.099665 0.000000 0.000000 0.001918 0.003135 0.076826
    38 0.806046 -0.348923 1.321258 -1.253237 -0.705746 -0.704944
    39 1.789784 0.000000 0.000001 0.000000 -0.004765 -0.029361
    40 1.206999 0.000000 0.000000 0.001834 -0.002827 -0.074535
    41 3.859672 -0.132568 1.193108 0.432220 -0.155872 -0.861364
    42 1.312563 0.000001 0.000000 0.000000 -0.000007 -1.191994
    43 0.729365 0.000000 0.000000 0.000000 -0.000010 -1.063390
    44 3.942296 0.050325 0.431043 0.148300 -0.065571 -0.722070
    45 1.539096 -0.000001 0.000000 0.000000 -0.000006 0.058889
    46 1.196322 0.000002 0.000000 0.000000 -0.000003 0.100168
    47 3.883656 -0.050329 -0.431043 -0.099256 -0.029160 -0.507183
    48 1.719576 -0.000001 0.000000 0.000000 -0.000004 0.094115
    49 1.209180 -0.000002 0.000000 0.000000 -0.000003 0.085842
    50 3.859828 -0.148936 -1.331282 -0.358098 0.022903 -0.492106
    51 1.719426 0.000001 0.000000 0.000000 -0.000009 0.050920
    52 1.099666 0.000001 0.000000 0.000000 -0.000004 0.076844
    53 0.806018 -0.359836 -1.318334 1.231194 0.688830 -0.748954
    54 1.789783 0.000001 -0.000001 0.000000 -0.000009 -0.043339
    55 1.207001 0.000000 0.000001 0.000000 -0.000006 -0.065966
  time 17
    0 0.000000 0.000000 -65.998108 1.570796 0.000000 0.000000
    1 -0.000005 38.566917 0.533613 0.000000 0.000000 0.000000
    2 0.000005 3.345128 -2.981901 1.766355 0.086245 1.571395
    3 4.018332 0.000000 0.000000 0.000000 0.000000 -0.029242
    4 3.518567 0.000000 0.000000 0.000000 0.000000 0.100336
    5 8.942642 0.000000 0.000000 0.000000 0.000000 0.194096
    6 2.033347 1.000767 1.937660 1.596637 -1.286515 2.942961
    7 6.028141 0.000001 0.000000 -1.642086 -1.089676 -0.616608
    8 11.692556 0.000000 0.000001 0.000000 0.000000 -1.272490
    9 11.481672 0.000000 -0.000031 1.638951 -0.400990 -0.283462
    10 3.820721 -1.405028 0.601078 1.564288 0.003442 -1.581444
    11 6.114854 -1.434045 1.934793 1.564288 0.003442 -1.581444
    12 0.051127 3.122170 -0.141701 0.000000 0.000000 1.570796
    13 -0.000001 1.537870 -5.938447 0.000000 1.570796 0.000000
    14 0.027345 1.595740 0.001226 0.000000 0.000000 0.000000
    15 -0.000001 1.225114 3.954165 0.000000 0.000000 0.000000
    16 2.033355 1.000771 -1.937610 -1.668474 1.286518 2.942953
    17 6.028143 0.000000 0.000000 2.154218 0.614116 -0.122785
    18 11.692550 0.000000 0.000001 0.000000 0.000000 -1.562689
    19 11.481699 0.000000 0.000003 -1.351695 0.586821 -0.063689
    20 6.114873 -1.450003 -1.922835 -1.564198 -0.011689 -1.581440
    21 0.051129 3.122169 0.141701 0.000000 0.000000 1.570796
    22 0.000001 1.537870 5.938447 0.000000 -1.570796 0.000000
    23 0.000000 1.607459 -0.001227 -0.000084 0.000048 0.008245
    24 0.000000 1.225114 -3.954162 0.000000 0.000000 0.000000
    25 3.820735 -1.409995 -0.589408 -1.564198 -0.011689 -1.581440
    26 3.859704 -0.142406 -1.191974 -0.432212 0.155857 -0.861358
    27 1.312562 0.000000 0.000001 0.000000 0.000005 -1.191973
    28 0.729363 0.000000 0.000000 0.000000 0.000009 -1.063371
    29 3.942326 0.046772 -0.431443 -0.147020 0.075150 -0.739124
    30 1.539094 0.000000 0.000000 0.000000 0.000002 0.041338
    31 1.196323 0.000000 0.000000 0.000000 0.000002 0.061628
    32 3.883687 -0.046769 0.431443 0.094219 0.026756 -0.512903
    33 1.719576 -0.000001 0.000000 0.000000 0.000003 0.053128
    34 1.209181 -0.000001 0.000000 0.000000 0.000004 0.048462
    35 3.859859 -0.137948 1.332466 0.353047 -0.030478 -0.479307
    36 1.719429 -0.000001 0.000000 0.000000 0.001545 0.028147
    37 1.099665 0.000000 0.000000 0.001079 0.001781 0.043350
    38 0.806046 -0.348923 1.321258 -1.254822 -0.694690 -0.707346
    39 1.789784 0.000000 0.000001 0.000000 -0.002692 -0.016574
    40 1.206999 0.000000 0.000000 0.001031 -0.001593 -0.042058
    41 3.859672 -0.132568 1.193108 0.432220 -0.155872 -0.861364
    42 1.312563 0.000001 0.000000 0.000000 -0.000007 -1.191994
    43 0.729365 0.000000 0.000000 0.000000 -0.000010 -1.063390
    44 3.942296 0.050325 0.431043 0.149210 -0.063030 -0.731191
    45 1.539096 -0.000001 0.000000 0.000000 -0.000006 0.041071
    46 1.196322 0.000002 0.000000 0.000000 -0.000003 0.042365
    47 3.883656 -0.050329 -0.431043 -0.094210 -0.026752 -0.512911
    48 1.719576 -0.000001 0.000000 0.000000 -0.000004 0.053133
    49 1.209180 -0.000002 0.000000 0.000000 -0.000003 0.048466
    50 3.859828 -0.148936 -1.331282 -0.355665 0.030429 -0.479571
    51 1.719426 0.000001 0.000000 0.000000 -0.000009 0.028736
    52 1.099666 0.000001 0.000000 0.000000 -0.000004 0.043354
    53 0.806018 -0.359836 -1.318334 1.231850 0.677258 -0.748934
    54 1.789783 0.000001 -0.000001 0.000000 -0.000009 -0.033668
    55 1.207001 0.000000 0.000001 0.000000 -0.000006 -0.030408
  time 18
    0 0.000000 0.000000 -65.998108 1.570796 0.000000 0.000000
    1 -0.000005 38.566917 0.533613 0.000000 0.000000 0.000000
    2 0.000005 3.345128 -2.981901 1.763797 0.086245 1.571383
    3 4.018332 0.000000 0.000000 0.000000 0.000000 -0.029242
    4 3.518567 0.000000 0.000000 0.000000 0.000000 0.100336
    5 8.942642 0.000000 0.000000 0.000000 0.000000 0.194096
    6 2.033347 1.000767 1.937660 1.596637 -1.286515 2.942961
    7 6.028141 0.000001 0.000000 -1.611216 -1.124564 -0.656776
    8 11.692556 0.000000 0.000001 0.000000 0.000000 -1.211103
    9 11.481672 0.000000 -0.000031 1.612173 -0.392929 -0.288968
    10 3.820721 -1.405028 0.601078 1.564288 0.003442 -1.581444
    11 6.114854 -1.434045 1.934793 1.564288 0.003442 -1.581444
    12 0.051127 3.122170 -0.141701 0.000000 0.000000 1.570796
    13 -0.000001 1.537870 -5.938447 0.000000 1.570796 0.000000
    14 0.027345 1.595740 0.001226 0.000000 0.000000 0.000000
    15 -0.000001 1.225114 3.954165 0.000000 0.000000 0.000000
    16 2.033355 1.000771 -1.937610 -1.668474 1.286518 2.942953
    17 6.028143 0.000000 0.000000 2.173626 0.656453 -0.089720
    18 11.692550 0.000000 0.000001 0.000000 0.000000 -1.488290
    19 11.481699 0.000000 0.000003 -1.330800 0.579540 -0.093236
    20 6.114873 -1.450003 -1.922835 -1.564198 -0.011689 -1.581440
    21 0.051129 3.122169 0.141701 0.000000 0.000000 1.570796
    22 0.000001 1.537870 5.938447 0.000000 -1.570796 0.000000
    23 0.000000 1.607459 -0.001227 -0.000084 0.000048 0.008245
    24 0.000000 1.225114 -3.954162 0.000000 0.000000 0.000000
    25 3.820735 -1.409995 -0.589408 -1.564198 -0.011689 -1.581440
    26 3.859704 -0.142406 -1.191974 -0.432212 0.155857 -0.861358
    27 1.312562 0.000000 0.000001 0.000000 0.000005 -1.191996
    28 0.729363 0.000000 0.000000 0.000000 0.000009 -1.063371
    29 3.942326 0.046772 -0.431443 -0.150532 0.072094 -0.743798
    30 1.539094 0.000000 0.000000 0.000000 0.000002 -0.000023
    31 1.196323 0.000000 0.000000 0.000000 0.000002 -0.000025
    32 3.883687 -0.046769 0.431443 0.087688 0.023628 -0.520334
    33 1.719576 -0.000001 0.000000 0.000000 0.000003 -0.000016
    34 1.209181 -0.000001 0.000000 0.000000 0.000004 -0.000019
    35 3.859859 -0.137948 1.332466 0.352448 -0.040185 -0.463314
    36 1.719429 -0.000001 0.000000 0.000000 0.000011 -0.000008
    37 1.099665 0.000000 0.000000 0.000000 0.000007 -0.000010
    38 0.806046 -0.348923 1.321258 -1.257046 -0.680348 -0.710420
    39 1.789784 0.000000 0.000001 0.000000 0.000004 0.000001
    40 1.206999 0.000000 0.000000 0.000000 0.000001 0.000004
    41 3.859672 -0.132568 1.193108 0.432220 -0.155872 -0.861364
    42 1.312563 0.000001 0.000000 0.000000 -0.000007 -1.191994
    43 0.729365 0.000000 0.000000 0.000000 -0.000010 -1.063390
    44 3.942296 0.050325 0.431043 0.149618 -0.061664 -0.728758
    45 1.539096 -0.000001 0.000000 0.000000 -0.000006 -0.016156
    46 1.196322 0.000002 0.000000 0.000000 -0.000003 -0.011415
    47 3.883656 -0.050329 -0.431043 -0.087691 -0.023648 -0.520342
    48 1.719576 -0.000001 0.000000 0.000000 -0.000004 -0.000028
    49 1.209180 -0.000002 0.000000 0.000000 -0.000003 -0.000015
    50 3.859828 -0.148936 -1.331282 -0.352442 0.040173 -0.463318
    51 1.719426 0.000001 0.000000 0.000000 -0.000009 -0.000001
    52 1.099666 0.000001 0.000000 0.000000 -0.000004 -0.000022
    53 0.806018 -0.359836 -1.318334 1.230893 0.669281 -0.752278
    54 1.789783 0.000001 -0.000001 0.000000 -0.000009 0.000009
    55 1.207001 0.000000 0.000001 0.000000 -0.000006 0.000020
  time 19
    0 0.000000 0.000000 -65.998108 1.570796 0.000000 0.000000
    1 -0.000005 38.566917 0.533613 0.000000 0.000000 0.000000
    2 0.000005 3.345128 -2.981901 1.761333 0.086245 1.571383
    3 4.018332 0.000000 0.000000 0.000000 0.000000 -0.029242
    4 3.518567 0.000000 0.000000 0.000000 0.000000 0.100336
    5 8.942642 0.000000 0.000000 0.000000 0.000000 0.194096
    6 2.033347 1.000767 1.937660 1.596637 -1.286515 2.942961
    7 6.028141 0.000001 0.000000 -1.547784 -1.164735 -0.735493
    8 11.692556 0.000000 0.000001 0.000000 0.000000 -1.131015
    9 11.481672 0.000000 -0.000031 1.558835 -0.377650 -0.276783
    10 3.820721 -1.405028 0.601078 1.564288 0.003442 -1.581444
    11 6.114854 -1.434045 1.934793 1.564288 0.003442 -1.581444
    12 0.051127 3.122170 -0.141701 0.000000 0.000000 1.570796
    13 -0.000001 1.537870 -5.938447 0.000000 1.570796 0.000000
    14 0.027345 1.595740 0.001226 0.000000 0.000000 0.000000
    15 -0.000001 1.225114 3.954165 0.000000 0.000000 0.000000
    16 2.033355 1.000771 -1.937610 -1.668474 1.286518 2.942953
    17 6.028143 0.000000 0.000000 2.189755 0.711504 -0.064061
    18 11.692550 0.000000 0.000001 0.000000 0.000000 -1.390326
    19 11.481699 0.000000 0.000003 -1.245474 0.544779 -0.103909
    20 6.114873 -1.450003 -1.922835 -1.564198 -0.011689 -1.581440
    21 0.051129 3.122169 0.141701 0.000000 0.000000 1.570796
    22 0.000001 1.537870 5.938447 0.000000 -1.570796 0.000000
    23 0.000000 1.607459 -0.001227 -0.000084 0.000048 0.008245
    24 0.000000 1.225114 -3.954162 0.000000 0.000000 0.000000
    25 3.820735 -1.409995 -0.589408 -1.564198 -0.011689 -1.581440
    26 3.859704 -0.142406 -1.191974 -0.432212 0.155857 -0.861358
    27 1.312562 0.000000 0.000001 0.000000 0.000005 -1.191973
    28 0.729363 0.000000 0.000000 0.000000 0.000009 -1.063371
    29 3.942326 0.046772 -0.431443 -0.170582 0.054464 -0.770559
    30 1.539094 0.000000 0.000000 0.000000 0.000002 -0.236915
    31 1.196323 0.000000 0.000000 0.000000 0.000002 -0.353246
    32 3.883687 -0.046769 0.431443 0.050236 0.005747 -0.562879
    33 1.719576 -0.000001 0.000000 0.000000 0.000003 -0.304506
    34 1.209181 -0.000001 0.000000 0.000000 0.000004 -0.277726
    35 3.859859 -0.137948 1.332466 0.347282 -0.095542 -0.371407
    36 1.719429 -0.000001 0.000000 0.000000 -0.008809 -0.161365
    37 1.099665 0.000000 0.000000 -0.006220 -0.010156 -0.248493
    38 0.806046 -0.348923 1.321258 -1.272755 -0.598165 -0.726803
    39 1.789784 0.000000 0.000001 0.000000 0.015429 0.094979
    40 1.206999 0.000000 0.000000 -0.005944 0.009182 0.241102
    41 3.859672 -0.132568 1.193108 0.432220 -0.155872 -0.861364
    42 1.312563 0.000001 0.000000 0.000000 -0.000007 -1.191994
    43 0.729365 0.000000 0.000000 0.000000 -0.000010 -1.063390
    44 3.942296 0.050325 0.431043 0.158642 -0.043267 -0.761032
    45 1.539096 -0.000001 0.000000 0.000000 -0.000006 -0.246574
    46 1.196322 0.000002 0.000000 0.000000 -0.000003 -0.359117
    47 3.883656 -0.050329 -0.431043 -0.050239 -0.005743 -0.562875
    48 1.719576 -0.000001 0.000000 0.000000 -0.000004 -0.304516
    49 1.209180 -0.000002 0.000000 0.000000 -0.000003 -0.277730
    50 3.859828 -0.148936 -1.331282 -0.332104 0.095781 -0.369864
    51 1.719426 0.000001 0.000000 0.000000 -0.000009 -0.164719
    52 1.099666 0.000001 0.000000 0.000000 -0.000004 -0.248561
    53 0.806018 -0.359836 -1.318334 1.240019 0.589254 -0.759048
    54 1.789783 0.000001 -0.000001 0.000000 -0.000009 0.097048
    55 1.207001 0.000000 0.000001 0.000000 -0.000006 0.240894
  time 20
    0 0.000000 0.000000 -65.998108 1.570796 0.000000 0.000000
    1 -0.000005 38.566917 0.533613 0.000000 0.000000 0.000000
    2 0.000005 3.345128 -2.981901 1.758949 0.086245 1.571371
    3 4.018332 0.000000 0.000000 0.000000 0.000000 -0.029242
    4 3.518567 0.000000 0.000000 0.000000 0.000000 0.100336
    5 8.942642 0.000000 0.000000 0.000000 0.000000 0.194096
    6 2.033347 1.000767 1.937660 1.596637 -1.286515 2.942961
    7 6.028141 0.000001 0.000000 -1.438415 -1.207125 -0.867121
    8 11.692556 0.000000 0.000001 0.000000 0.000000 -1.027585
    9 11.481672 0.000000 -0.000031 1.477287 -0.351225 -0.248168
    10 3.820721 -1.405028 0.601078 1.564288 0.003442 -1.581444
    11 6.114854 -1.434045 1.934793 1.564288 0.003442 -1.581444
    12 0.051127 3.122170 -0.141701 0.000000 0.000000 1.570796
    13 -0.000001 1.537870 -5.938447 0.000000 1.570796 0.000000
    14 0.027345 1.595740 0.001226 0.000000 0.000000 0.000000
    15 -0.000001 1.225114 3.954165 0.000000 0.000000 0.000000
    16 2.033355 1.000771 -1.937610 -1.668474 1.286518 2.942953
    17 6.028143 0.000000 0.000000 2.206209 0.780571 -0.042282
    18 11.692550 0.000000 0.000001 0.000000 0.000000 -1.263680
    19 11.481699 0.000000 0.000003 -1.118141 0.467132 -0.090592
    20 6.114873 -1.450003 -1.922835 -1.564198 -0.011689 -1.581440
    21 0.051129 3.122169 0.141701 0.000000 0.000000 1.570796
    22 0.000001 1.537870 5.938447 0.000000 -1.570796 0.000000
    23 0.000000 1.607459 -0.001227 -0.000084 0.000048 0.008245
    24 0.000000 1.225114 -3.954162 0.000000 0.000000 0.000000
    25 3.820735 -1.409995 -0.589408 -1.564198 -0.011689 -1.581440
    26 3.859704 -0.142406 -1.191974 -0.432212 0.155857 -0.861358
    27 1.312562 0.000000 0.000001 0.000000 0.000005 -1.191973
    28 0.729363 0.000000 0.000000 0.000000 0.000009 -1.063371
    29 3.942326 0.046772 -0.431443 -0.206140 0.022945 -0.818078
    30 1.539094 0.000000 0.000000 0.000000 0.000002 -0.659212
    31 1.196323 0.000000 0.000000 0.000000 0.000002 -0.982854
    32 3.883687 -0.046769 0.431443 -0.016842 -0.026288 -0.638574
    33 1.719576 -0.000001 0.000000 0.000000 0.000003 -0.847250
    34 1.209181 -0.000001 0.000000 0.000000 0.000004 -0.772829
    35 3.859859 -0.137948 1.332466 0.330672 -0.192497 -0.205294
    36 1.719429 -0.000001 0.000000 0.000000 -0.024509 -0.448976
    37 1.099665 0.000000 0.000000 -0.017318 -0.028276 -0.691485
    38 0.806046 -0.348923 1.321258 -1.312059 -0.451796 -0.752891
    39 1.789784 0.000000 0.000001 0.000000 0.042933 0.264273
    40 1.206999 0.000000 0.000000 -0.016551 0.025529 0.670817
    41 3.859672 -0.132568 1.193108 0.432220 -0.155872 -0.861364
    42 1.312563 0.000001 0.000000 0.000000 -0.000007 -1.191994
    43 0.729365 0.000000 0.000000 0.000000 -0.000010 -1.063390
    44 3.942296 0.050325 0.431043 0.195519 -0.011185 -0.812554
    45 1.539096 -0.000001 0.000000 0.000000 -0.000006 -0.663345
    46 1.196322 0.000002 0.000000 0.000000 -0.000003 -0.985349
    47 3.883656 -0.050329 -0.431043 0.016851 0.026292 -0.638582
    48 1.719576 -0.000001 0.000000 0.000000 -0.000004 -0.847254
    49 1.209180 -0.000002 0.000000 0.000000 -0.000003 -0.772855
    50 3.859828 -0.148936 -1.331282 -0.288144 0.193120 -0.200918
    51 1.719426 0.000001 0.000000 0.000000 -0.000009 -0.458320
    52 1.099666 0.000001 0.000000 0.000000 -0.000004 -0.691653
    53 0.806018 -0.359836 -1.318334 1.287518 0.446521 -0.771730
    54 1.789783 0.000001 -0.000001 0.000000 -0.000009 0.269351
    55 1.207001 0.000000 0.000001 0.000000 -0.000006 0.669889
  time 21
    0 0.000000 0.000000 -65.998108 1.570796 0.000000 0.000000
    1 -0.000005 38.566917 0.533613 0.000000 0.000000 0.000000
    2 0.000005 3.345128 -2.981901 1.756685 0.086245 1.571359
    3 4.018332 0.000000 0.000000 0.000000 0.000000 -0.029242
    4 3.518567 0.000000 0.000000 0.000000 0.000000 0.100336
    5 8.942642 0.000000 0.000000 0.000000 0.000000 0.194096
    6 2.033347 1.000767 1.937660 1.596637 -1.286515 2.942961
    7 6.028141 0.000001 0.000000 -1.285873 -1.250137 -1.046224
    8 11.692556 0.000000 0.000001 0.000000 0.000000 -0.899435
    9 11.481672 0.000000 -0.000031 1.383337 -0.316677 -0.208756
    10 3.820721 -1.405028 0.601078 1.564288 0.003442 -1.581444
    11 6.114854 -1.434045 1.934793 1.564288 0.003442 -1.581444
    12 0.051127 3.122170 -0.141701 0.000000 0.000000 1.570796
    13 -0.000001 1.537870 -5.938447 0.000000 1.570796 0.000000
    14 0.027345 1.595740 0.001226 0.000000 0.000000 0.000000
    15 -0.000001 1.225114 3.954165 0.000000 0.000000 0.000000
    16 2.033355 1.000771 -1.937610 -1.668474 1.286518 2.942953
    17 6.028143 0.000000 0.000000 2.229841 0.860274 -0.016006
    18 11.692550 0.000000 0.000001 0.000000 0.000000 -1.111449
    19 11.481699 0.000000 0.000003 -1.013231 0.363323 -0.068340
    20 6.114873 -1.450003 -1.922835 -1.564198 -0.011689 -1.581440
    21 0.051129 3.122169 0.141701 0.000000 0.000000 1.570796
    22 0.000001 1.537870 5.938447 0.000000 -1.570796 0.000000
    23 0.000000 1.607459 -0.001227 -0.000084 0.000048 0.008245
    24 0.000000 1.225114 -3.954162 0.000000 0.000000 0.000000
    25 3.820735 -1.409995 -0.589408 -1.564198 -0.011689 -1.581440
    26 3.859704 -0.142406 -1.191974 -0.432212 0.155857 -0.861358
    27 1.312562 0.000000 0.000001 0.000000 0.000005 -1.191973
    28 0.729363 0.000000 0.000000 0.000000 0.000009 -1.063371
    29 3.942326 0.046772 -0.431443 -0.232410 -0.000605 -0.853325
    30 1.539094 0.000000 0.000000 0.000000 0.000002 -0.973398
    31 1.196323 0.000000 0.000000 0.000000 0.000002 -1.451290
    32 3.883687 -0.046769 0.431443 -0.066985 -0.050233 -0.694793
    33 1.719576 -0.000001 0.000000 0.000000 0.000003 -1.251021
    34 1.209181 -0.000001 0.000000 0.000000 0.000004 -1.141154
    35 3.859859 -0.137948 1.332466 0.311964 -0.262344 -0.078706
    36 1.719429 -0.000001 0.000000 0.000000 -0.036194 -0.662944
    37 1.099665 0.000000 0.000000 -0.025575 -0.041759 -1.021018
    38 0.806046 -0.348923 1.321258 -1.349678 -0.343508 -0.771484
    39 1.789784 0.000000 0.000001 0.000000 0.063403 0.390219
    40 1.206999 0.000000 0.000000 -0.024449 0.037705 0.990519
    41 3.859672 -0.132568 1.193108 0.432220 -0.155872 -0.861364
    42 1.312563 0.000001 0.000000 0.000000 -0.000007 -1.191994
    43 0.729365 0.000000 0.000000 0.000000 -0.000010 -1.063390
    44 3.942296 0.050325 0.431043 0.232419 0.000608 -0.853326
    45 1.539096 -0.000001 0.000000 0.000000 -0.000006 -0.973387
    46 1.196322 0.000002 0.000000 0.000000 -0.000003 -1.451278
    47 3.883656 -0.050329 -0.431043 0.066982 0.050237 -0.694789
    48 1.719576 -0.000001 0.000000 0.000000 -0.000004 -1.251031
    49 1.209180 -0.000002 0.000000 0.000000 -0.000003 -1.141144
    50 3.859828 -0.148936 -1.331282 -0.248859 0.263122 -0.072134
    51 1.719426 0.000001 0.000000 0.000000 -0.000009 -0.676743
    52 1.099666 0.000001 0.000000 0.000000 -0.000004 -1.021279
    53 0.806018 -0.359836 -1.318334 1.349675 0.343506 -0.771465
    54 1.789783 0.000001 -0.000001 0.000000 -0.000009 0.397490
    55 1.207001 0.000000 0.000001 0.000000 -0.000006 0.989014
  time 22
    0 0.000000 0.000000 -65.998108 1.570796 0.000000 0.000000
    1 -0.000005 38.566917 0.533613 0.000000 0.000000 0.000000
    2 0.000005 3.345128 -2.981901 1.754554 0.086245 1.571359
    3 4.018332 0.000000 0.000000 0.000000 0.000000 -0.029242
    4 3.518567 0.000000 0.000000 0.000000 0.000000 0.100336
    5 8.942642 0.000000 0.000000 0.000000 0.000000 0.194096
    6 2.033347 1.000767 1.937660 1.596637 -1.286515 2.942961
    7 6.028141 0.000001 0.000000 -1.084403 -1.293681 -1.276168
    8 11.692556 0.000000 0.000001 0.000000 0.000000 -0.745186
    9 11.481672 0.000000 -0.000031 1.292062 -0.277420 -0.163752
    10 3.820721 -1.405028 0.601078 1.564288 0.003442 -1.581444
    11 6.114854 -1.434045 1.934793 1.564288 0.003442 -1.581444
    12 0.051127 3.122170 -0.141701 0.000000 0.000000 1.570796
    13 -0.000001 1.537870 -5.938447 0.000000 1.570796 0.000000
    14 0.027345 1.595740 0.001226 0.000000 0.000000 0.000000
    15 -0.000001 1.225114 3.954165 0.000000 0.000000 0.000000
    16 2.033355 1.000771 -1.937610 -1.668474 1.286518 2.942953
    17 6.028143 0.000000 0.000000 2.269513 0.947557 0.025039
    18 11.692550 0.000000 0.000001 0.000000 0.000000 -0.936123
    19 11.481699 0.000000 0.000003 -0.942685 0.214262 -0.039478
    20 6.114873 -1.450003 -1.922835 -1.564198 -0.011689 -1.581440
    21 0.051129 3.122169 0.141701 0.000000 0.000000 1.570796
    22 0.000001 1.537870 5.938447 0.000000 -1.570796 0.000000
    23 0.000000 1.607459 -0.001227 -0.000084 0.000048 0.008245
    24 0.000000 1.225114 -3.954162 0.000000 0.000000 0.000000
    25 3.820735 -1.409995 -0.589408 -1.564198 -0.011689 -1.581440
    26 3.859704 -0.142406 -1.191974 -0.432212 0.155857 -0.861358
    27 1.312562 0.000000 0.000001 0.000000 0.000005 -1.191973
    28 0.729363 0.000000 0.000000 0.000000 0.000009 -1.063371
    29 3.942326 0.046772 -0.431443 -0.238427 -0.006022 -0.861403
    30 1.539094 0.000000 0.000000 0.000000 0.000002 -1.045505
    31 1.196323 0.000000 0.000000 0.000000 0.000002 -1.558761
    32 3.883687 -0.046769 0.431443 -0.078515 -0.055758 -0.707677
    33 1.719576 -0.000001 0.000000 0.000000 0.000003 -1.343710
    34 1.209181 -0.000001 0.000000 0.000000 0.000004 -1.225704
    35 3.859859 -0.137948 1.332466 0.306882 -0.278008 -0.049180
    36 1.719429 -0.000001 0.000000 0.000000 -0.038879 -0.712048
    37 1.099665 0.000000 0.000000 -0.027469 -0.044851 -1.096658
    38 0.806046 -0.348923 1.321258 -1.359251 -0.318755 -0.775808
    39 1.789784 0.000000 0.000001 0.000000 0.068101 0.419114
    40 1.206999 0.000000 0.000000 -0.026258 0.040497 1.063882
    41 3.859672 -0.132568 1.193108 0.432220 -0.155872 -0.861364
    42 1.312563 0.000001 0.000000 0.000000 -0.000007 -1.191994
    43 0.729365 0.000000 0.000000 0.000000 -0.000010 -1.063390
    44 3.942296 0.050325 0.431043 0.240365 0.002466 -0.862973
    45 1.539096 -0.000001 0.000000 0.000000 -0.000006 -1.044531
    46 1.196322 0.000002 0.000000 0.000000 -0.000003 -1.558209
    47 3.883656 -0.050329 -0.431043 0.078512 0.055750 -0.707673
    48 1.719576 -0.000001 0.000000 0.000000 -0.000004 -1.343704
    49 1.209180 -0.000002 0.000000 0.000000 -0.000003 -1.225690
    50 3.859828 -0.148936 -1.331282 -0.239031 0.278810 -0.042091
    51 1.719426 0.000001 0.000000 0.000000 -0.000009 -0.726877
    52 1.099666 0.000001 0.000000 0.000000 -0.000004 -1.096924
    53 0.806018 -0.359836 -1.318334 1.366328 0.320269 -0.769630
    54 1.789783 0.000001 -0.000001 0.000000 -0.000009 0.426936
    55 1.207001 0.000000 0.000001 0.000000 -0.000006 1.062285
  time 23
    0 0.000000 0.000000 -65.998108 1.570796 0.000000 0.000000
    1 -0.000005 38.566917 0.533613 0.000000 0.000000 0.000000
    2 0.000005 3.345128 -2.981901 1.752596 0.086245 1.571347
    3 4.018332 0.000000 0.000000 0.000000 0.000000 -0.029242
    4 3.518567 0.000000 0.000000 0.000000 0.000000 0.100336
    5 8.942642 0.000000 0.000000 0.000000 0.000000 0.194096
    6 2.033347 1.000767 1.937660 1.596637 -1.286515 2.942961
    7 6.028141 0.000001 0.000000 -0.805280 -1.337048 -1.583535
    8 11.692556 0.000000 0.000001 0.000000 0.000000 -0.562588
    9 11.481672 0.000000 -0.000031 1.217323 -0.237422 -0.117768
    10 3.820721 -1.405028 0.601078 1.564288 0.003442 -1.581444
    11 6.114854 -1.434045 1.934793 1.564288 0.003442 -1.581444
    12 0.051127 3.122170 -0.141701 0.000000 0.000000 1.570796
    13 -0.000001 1.537870 -5.938447 0.000000 1.570796 0.000000
    14 0.027345 1.595740 0.001226 0.000000 0.000000 0.000000
    15 -0.000001 1.225114 3.954165 0.000000 0.000000 0.000000
    16 2.033355 1.000771 -1.937610 -1.668474 1.286518 2.942953
    17 6.028143 0.000000 0.000000 2.338165 1.039199 0.094961
    18 11.692550 0.000000 0.000001 0.000000 0.000000 -0.740330
    19 11.481699 0.000000 0.000003 -0.905846 0.037989 -0.005354
    20 6.114873 -1.450003 -1.922835 -1.564198 -0.011689 -1.581440
    21 0.051129 3.122169 0.141701 0.000000 0.000000 1.570796
    22 0.000001 1.537870 5.938447 0.000000 -1.570796 0.000000
    23 0.000000 1.607459 -0.001227 -0.000084 0.000048 0.008245
    24 0.000000 1.225114 -3.954162 0.000000 0.000000 0.000000
    25 3.820735 -1.409995 -0.589408 -1.564198 -0.011689 -1.581440
    26 3.859704 -0.142406 -1.191974 -0.432212 0.155857 -0.861358
    27 1.312562 0.000000 0.000001 0.000000 0.000005 -1.191973
    28 0.729363 0.000000 0.000000 0.000000 0.000009 -1.063371
    29 3.942326 0.046772 -0.431443 -0.235419 -0.003313 -0.857364
    30 1.539094 0.000000 0.000000 0.000000 0.000002 -1.009451
    31 1.196323 0.000000 0.000000 0.000000 0.000002 -1.505026
    32 3.883687 -0.046769 0.431443 -0.072750 -0.052990 -0.701229
    33 1.719576 -0.000001 0.000000 0.000000 0.000003 -1.297365
    34 1.209181 -0.000001 0.000000 0.000000 0.000004 -1.183414
    35 3.859859 -0.137948 1.332466 0.309459 -0.270194 -0.063980
    36 1.719429 -0.000001 0.000000 0.000000 -0.037536 -0.687496
    37 1.099665 0.000000 0.000000 -0.026522 -0.043305 -1.058838
    38 0.806046 -0.348923 1.321258 -1.354431 -0.331132 -0.773646
    39 1.789784 0.000000 0.000001 0.000000 0.065752 0.404673
    40 1.206999 0.000000 0.000000 -0.025347 0.039095 1.027211
    41 3.859672 -0.132568 1.193108 0.432220 -0.155872 -0.861364
    42 1.312563 0.000001 0.000000 0.000000 -0.000007 -1.191994
    43 0.729365 0.000000 0.000000 0.000000 -0.000010 -1.063390
    44 3.942296 0.050325 0.431043 0.236446 0.001507 -0.858143
    45 1.539096 -0.000001 0.000000 0.000000 -0.000006 -1.008972
    46 1.196322 0.000002 0.000000 0.000000 -0.000003 -1.504725
    47 3.883656 -0.050329 -0.431043 0.072747 0.052994 -0.701237
    48 1.719576 -0.000001 0.000000 0.000000 -0.000004 -1.297352
    49 1.209180 -0.000002 0.000000 0.000000 -0.000003 -1.183433
    50 3.859828 -0.148936 -1.331282 -0.243993 0.270984 -0.057136
    51 1.719426 0.000001 0.000000 0.000000 -0.000009 -0.701818
    52 1.099666 0.000001 0.000000 0.000000 -0.000004 -1.059102
    53 0.806018 -0.359836 -1.318334 1.357926 0.331872 -0.770629
    54 1.789783 0.000001 -0.000001 0.000000 -0.000009 0.412219
    55 1.207001 0.000000 0.000001 0.000000 -0.000006 1.025662
  time 24
    0 0.000000 0.000000 -65.998108 1.570796 0.000000 0.000000
    1 -0.000005 38.566917 0.533613 0.000000 0.000000 0.000000
    2 0.000005 3.345128 -2.981901 1.750811 0.086245 1.571347
    3 4.018332 0.000000 0.000000 0.000000 0.000000 -0.029242
    4 3.518567 0.000000 0.000000 0.000000 0.000000 0.100336
    5 8.942642 0.000000 0.000000 0.000000 0.000000 0.194096
    6 2.033347 1.000767 1.937660 1.596637 -1.286515 2.942961
    7 6.028141 0.000001 0.000000 -0.367012 -1.372957 -2.048209
    8 11.692556 0.000000 0.000001 0.000000 0.000000 -0.342633
    9 11.481672 0.000000 -0.000031 1.171361 -0.201209 -0.074855
    10 3.820721 -1.405028 0.601078 1.564288 0.003442 -1.581444
    11 6.114854 -1.434045 1.934793 1.564288 0.003442 -1.581444
    12 0.051127 3.122170 -0.141701 0.000000 0.000000 1.570796
    13 -0.000001 1.537870 -5.938447 0.000000 1.570796 0.000000
    14 0.027345 1.595740 0.001226 0.000000 0.000000 0.000000
    15 -0.000001 1.225114 3.954165 0.000000 0.000000 0.000000
    16 2.033355 1.000771 -1.937610 -1.668474 1.286518 2.942953
    17 6.028143 0.000000 0.000000 2.456385 1.130026 0.215142
    18 11.692550 0.000000 0.000001 0.000000 0.000000 -0.528108
    19 11.481699 0.000000 0.000003 -0.935550 -0.091511 0.028404
    20 6.114873 -1.450003 -1.922835 -1.564198 -0.011689 -1.581440
    21 0.051129 3.122169 0.141701 0.000000 0.000000 1.570796
    22 0.000001 1.537870 5.938447 0.000000 -1.570796 0.000000
    23 0.000000 1.607459 -0.001227 -0.000084 0.000048 0.008245
    24 0.000000 1.225114 -3.954162 0.000000 0.000000 0.000000
    25 3.820735 -1.409995 -0.589408 -1.564198 -0.011689 -1.581440
    26 3.859704 -0.142406 -1.191974 -0.432212 0.155857 -0.861358
    27 1.312562 0.000000 0.000001 0.000000 0.000005 -1.191996
    28 0.729363 0.000000 0.000000 0.000000 0.000009 -1.063371
    29 3.942326 0.046772 -0.431443 -0.232410 -0.000605 -0.853325
    30 1.539094 0.000000 0.000000 0.000000 0.000002 -0.973398
    31 1.196323 0.000000 0.000000 0.000000 0.000002 -1.451290
    32 3.883687 -0.046769 0.431443 -0.066985 -0.050233 -0.694793
    33 1.719576 -0.000001 0.000000 0.000000 0.000003 -1.251021
    34 1.209181 -0.000001 0.000000 0.000000 0.000004 -1.141154
    35 3.859859 -0.137948 1.332466 0.311964 -0.262344 -0.078706
    36 1.719429 -0.000001 0.000000 0.000000 -0.036194 -0.662944
    37 1.099665 0.000000 0.000000 -0.025575 -0.041759 -1.021018
    38 0.806046 -0.348923 1.321258 -1.349678 -0.343508 -0.771484
    39 1.789784 0.000000 0.000001 0.000000 0.063403 0.390219
    40 1.206999 0.000000 0.000000 -0.024449 0.037705 0.990519
    41 3.859672 -0.132568 1.193108 0.432220 -0.155872 -0.861364
    42 1.312563 0.000001 0.000000 0.000000 -0.000007 -1.191994
    43 0.729365 0.000000 0.000000 0.000000 -0.000010 -1.063390
    44 3.942296 0.050325 0.431043 0.232419 0.000608 -0.853326
    45 1.539096 -0.000001 0.000000 0.000000 -0.000006 -0.973387
    46 1.196322 0.000002 0.000000 0.000000 -0.000003 -1.451278
    47 3.883656 -0.050329 -0.431043 0.066982 0.050237 -0.694789
    48 1.719576 -0.000001 0.000000 0.000000 -0.000004 -1.251031
    49 1.209180 -0.000002 0.000000 0.000000 -0.000003 -1.141144
    50 3.859828 -0.148936 -1.331282 -0.248859 0.263122 -0.072134
    51 1.719426 0.000001 0.000000 0.000000 -0.000009 -0.676743
    52 1.099666 0.000001 0.000000 0.000000 -0.000004 -1.021279
    53 0.806018 -0.359836 -1.318334 1.349675 0.343506 -0.771465
    54 1.789783 0.000001 -0.000001 0.000000 -0.000009 0.397490
    55 1.207001 0.000000 0.000001 0.000000 -0.000006 0.989014
  time 25
    0 0.000000 0.000000 -65.998108 1.570796 0.000000 0.000000
    1 -0.000005 38.566917 0.533613 0.000000 0.000000 0.000000
    2 0.000005 3.345128 -2.981901 1.749252 0.086245 1.571347
    3 4.018332 0.000000 0.000000 0.000000 0.000000 -0.029242
    4 3.518567 0.000000 0.000000 0.000000 0.000000 0.100336
    5 8.942642 0.000000 0.000000 0.000000 0.000000 0.194096
    6 2.033347 1.000767 1.937660 1.596637 -1.286515 2.942961
    7 6.028141 0.000001 0.000000 0.154665 -1.375310 -2.587978
    8 11.692556 0.000000 0.000001 0.000000 0.000000 -0.127135
    9 11.481672 0.000000 -0.000031 1.158554 -0.164214 -0.026438
    10 3.820721 -1.405028 0.601078 1.564288 0.003442 -1.581444
    11 6.114854 -1.434045 1.934793 1.564288 0.003442 -1.581444
    12 0.051127 3.122170 -0.141701 0.000000 0.000000 1.570796
    13 -0.000001 1.537870 -5.938447 0.000000 1.570796 0.000000
    14 0.027345 1.595740 0.001226 0.000000 0.000000 0.000000
    15 -0.000001 1.225114 3.954165 0.000000 0.000000 0.000000
    16 2.033355 1.000771 -1.937610 -1.668474 1.286518 2.942953
    17 6.028143 0.000000 0.000000 2.571385 1.201579 0.321260
    18 11.692550 0.000000 0.000001 0.000000 0.000000 -0.367528
    19 11.481699 0.000000 0.000003 -1.073294 -0.138962 0.063434
    20 6.114873 -1.450003 -1.922835 -1.564198 -0.011689 -1.581440
    21 0.051129 3.122169 0.141701 0.000000 0.000000 1.570796
    22 0.000001 1.537870 5.938447 0.000000 -1.570796 0.000000
    23 0.000000 1.607459 -0.001227 -0.000084 0.000048 0.008245
    24 0.000000 1.225114 -3.954162 0.000000 0.000000 0.000000
    25 3.820735 -1.409995 -0.589408 -1.564198 -0.011689 -1.581440
    26 3.859704 -0.142406 -1.191974 -0.432212 0.155857 -0.861358
    27 1.312562 0.000000 0.000001 0.000000 0.000005 -1.191996
    28 0.729363 0.000000 0.000000 0.000000 0.000009 -1.063371
    29 3.942326 0.046772 -0.431443 -0.232410 -0.000605 -0.853325
    30 1.539094 0.000000 0.000000 0.000000 0.000002 -0.973398
    31 1.196323 0.000000 0.000000 0.000000 0.000002 -1.451290
    32 3.883687 -0.046769 0.431443 -0.066985 -0.050233 -0.694793
    33 1.719576 -0.000001 0.000000 0.000000 0.000003 -1.251021
    34 1.209181 -0.000001 0.000000 0.000000 0.000004 -1.141154
    35 3.859859 -0.137948 1.332466 0.311964 -0.262344 -0.078706
    36 1.719429 -0.000001 0.000000 0.000000 -0.036194 -0.662944
    37 1.099665 0.000000 0.000000 -0.025575 -0.041759 -1.021018
    38 0.806046 -0.348923 1.321258 -1.349678 -0.343508 -0.771484
    39 1.789784 0.000000 0.000001 0.000000 0.063403 0.390219
    40 1.206999 0.000000 0.000000 -0.024449 0.037705 0.990519
    41 3.859672 -0.132568 1.193108 0.432220 -0.155872 -0.861364
    42 1.312563 0.000001 0.000000 0.000000 -0.000007 -1.191994
    43 0.729365 0.000000 0.000000 0.000000 -0.000010 -1.063390
    44 3.942296 0.050325 0.431043 0.232419 0.000608 -0.853326
    45 1.539096 -0.000001 0.000000 0.000000 -0.000006 -0.973387
    46 1.196322 0.000002 0.000000 0.000000 -0.000003 -1.451278
    47 3.883656 -0.050329 -0.431043 0.066982 0.050237 -0.694789
    48 1.719576 -0.000001 0.000000 0.000000 -0.000004 -1.251031
    49 1.209180 -0.000002 0.000000 0.000000 -0.000003 -1.141144
    50 3.859828 -0.148936 -1.331282 -0.248859 0.263122 -0.072134
    51 1.719426 0.000001 0.000000 0.000000 -0.000009 -0.676743
    52 1.099666 0.000001 0.000000 0.000000 -0.000004 -1.021279
    53 0.806018 -0.359836 -1.318334 1.349675 0.343506 -0.771465
    54 1.789783 0.000001 -0.000001 0.000000 -0.000009 0.397490
    55 1.207001 0.000000 0.000001 0.000000 -0.000006 0.989014
  time 26
    0 0.000000 0.000000 -65.998108 1.570796 0.000000 0.000000
    1 -0.000005 38.566917 0.533613 0.000000 0.000000 0.000000
    2 0.000005 3.345128 -2.981901 1.747907 0.086245 1.571335
    3 4.018332 0.000000 0.000000 0.000000 0.000000 -0.029242
    4 3.518567 0.000000 0.000000 0.000000 0.000000 0.100336
    5 8.942642 0.000000 0.000000 0.000000 0.000000 0.194096
    6 2.033347 1.000767 1.937660 1.596637 -1.286515 2.942961
    7 6.028141 0.000001 0.000000 0.269565 -1.373312 -2.704664
    8 11.692556 0.000000 0.000001 0.000000 0.000000 -0.083116
    9 11.481672 0.000000 -0.000031 1.171686 -0.121789 0.032371
    10 3.820721 -1.405028 0.601078 1.564288 0.003442 -1.581444
    11 6.114854 -1.434045 1.934793 1.564288 0.003442 -1.581444
    12 0.051127 3.122170 -0.141701 0.000000 0.000000 1.570796
    13 -0.000001 1.537870 -5.938447 0.000000 1.570796 0.000000
    14 0.027345 1.595740 0.001226 0.000000 0.000000 0.000000
    15 -0.000001 1.225114 3.954165 0.000000 0.000000 0.000000
    16 2.033355 1.000771 -1.937610 -1.668474 1.286518 2.942953
    17 6.028143 0.000000 0.000000 2.585387 1.245384 0.311958
    18 11.692550 0.000000 0.000001 0.000000 0.000000 -0.314001
    19 11.481699 0.000000 0.000003 -1.265714 -0.138818 0.100129
    20 6.114873 -1.450003 -1.922835 -1.564198 -0.011689 -1.581440
    21 0.051129 3.122169 0.141701 0.000000 0.000000 1.570796
    22 0.000001 1.537870 5.938447 0.000000 -1.570796 0.000000
    23 0.000000 1.607459 -0.001227 -0.000084 0.000048 0.008245
    24 0.000000 1.225114 -3.954162 0.000000 0.000000 0.000000
    25 3.820735 -1.409995 -0.589408 -1.564198 -0.011689 -1.581440
    26 3.859704 -0.142406 -1.191974 -0.432212 0.155857 -0.861358
    27 1.312562 0.000000 0.000001 0.000000 0.000005 -1.191996
    28 0.729363 0.000000 0.000000 0.000000 0.000009 -1.063371
    29 3.942326 0.046772 -0.431443 -0.232410 -0.000605 -0.853325
    30 1.539094 0.000000 0.000000 0.000000 0.000002 -0.973398
    31 1.196323 0.000000 0.000000 0.000000 0.000002 -1.451290
    32 3.883687 -0.046769 0.431443 -0.066985 -0.050233 -0.694793
    33 1.719576 -0.000001 0.000000 0.000000 0.000003 -1.251021
    34 1.209181 -0.000001 0.000000 0.000000 0.000004 -1.141154
    35 3.859859 -0.137948 1.332466 0.311964 -0.262344 -0.078706
    36 1.719429 -0.000001 0.000000 0.000000 -0.036194 -0.662944
    37 1.099665 0.000000 0.000000 -0.025575 -0.041759 -1.021018
    38 0.806046 -0.348923 1.321258 -1.349678 -0.343508 -0.771484
    39 1.789784 0.000000 0.000001 0.000000 0.063403 0.390219
    40 1.206999 0.000000 0.000000 -0.024449 0.037705 0.990519
    41 3.859672 -0.132568 1.193108 0.432220 -0.155872 -0.861364
    42 1.312563 0.000001 0.000000 0.000000 -0.000007 -1.191994
    43 0.729365 0.000000 0.000000 0.000000 -0.000010 -1.063390
    44 3.942296 0.050325 0.431043 0.232419 0.000608 -0.853326
    45 1.539096 -0.000001 0.000000 0.000000 -0.000006 -0.973387
    46 1.196322 0.000002 0.000000 0.000000 -0.000003 -1.451278
    47 3.883656 -0.050329 -0.431043 0.066982 0.050237 -0.694789
    48 1.719576 -0.000001 0.000000 0.000000 -0.000004 -1.251031
    49 1.209180 -0.000002 0.000000 0.000000 -0.000003 -1.141144
    50 3.859828 -0.148936 -1.331282 -0.248859 0.263122 -0.072134
    51 1.719426 0.000001 0.000000 0.000000 -0.000009 -0.676743
    52 1.099666 0.000001 0.000000 0.000000 -0.000004 -1.021279
    53 0.806018 -0.359836 -1.318334 1.349675 0.343506 -0.771465
    54 1.789783 0.000001 -0.000001 0.000000 -0.000009 0.397490
    55 1.207001 0.000000 0.000001 0.000000 -0.000006 0.989014
  time 27
    0 0.000000 0.000000 -65.998108 1.570796 0.000000 0.000000
    1 -0.000005 38.566917 0.533613 0.000000 0.000000 0.000000
    2 0.000005 3.345128 -2.981901 1.746828 0.086245 1.571335
    3 4.018332 0.000000 0.000000 0.000000 0.000000 -0.029242
    4 3.518567 0.000000 0.000000 0.000000 0.000000 0.100336
    5 8.942642 0.000000 0.000000 0.000000 0.000000 0.194096
    6 2.033347 1.000767 1.937660 1.596637 -1.286515 2.942961
    7 6.028141 0.000001 0.000000 0.166911 -1.383300 -2.597357
    8 11.692556 0.000000 0.000001 0.000000 0.000000 -0.134119
    9 11.481672 0.000000 -0.000031 1.202840 -0.079324 0.092802
    10 3.820721 -1.405028 0.601078 1.564288 0.003442 -1.581444
    11 6.114854 -1.434045 1.934793 1.564288 0.003442 -1.581444
    12 0.051127 3.122170 -0.141701 0.000000 0.000000 1.570796
    13 -0.000001 1.537870 -5.938447 0.000000 1.570796 0.000000
    14 0.027345 1.595740 0.001226 0.000000 0.000000 0.000000
    15 -0.000001 1.225114 3.954165 0.000000 0.000000 0.000000
    16 2.033355 1.000771 -1.937610 -1.668474 1.286518 2.942953
    17 6.028143 0.000000 0.000000 2.581045 1.278226 0.287093
    18 11.692550 0.000000 0.000001 0.000000 0.000000 -0.285252
    19 11.481699 0.000000 0.000003 -1.395777 -0.121191 0.132638
    20 6.114873 -1.450003 -1.922835 -1.564198 -0.011689 -1.581440
    21 0.051129 3.122169 0.141701 0.000000 0.000000 1.570796
    22 0.000001 1.537870 5.938447 0.000000 -1.570796 0.000000
    23 0.000000 1.607459 -0.001227 -0.000084 0.000048 0.008245
    24 0.000000 1.225114 -3.954162 0.000000 0.000000 0.000000
    25 3.820735 -1.409995 -0.589408 -1.564198 -0.011689 -1.581440
    26 3.859704 -0.142406 -1.191974 -0.432212 0.155857 -0.861358
    27 1.312562 0.000000 0.000001 0.000000 0.000005 -1.191973
    28 0.729363 0.000000 0.000000 0.000000 0.000009 -1.063371
    29 3.942326 0.046772 -0.431443 -0.232410 -0.000605 -0.853325
    30 1.539094 0.000000 0.000000 0.000000 0.000002 -0.973398
    31 1.196323 0.000000 0.000000 0.000000 0.000002 -1.451290
    32 3.883687 -0.046769 0.431443 -0.066985 -0.050233 -0.694793
    33 1.719576 -0.000001 0.000000 0.000000 0.000003 -1.251021
    34 1.209181 -0.000001 0.000000 0.000000 0.000004 -1.141154
    35 3.859859 -0.137948 1.332466 0.311964 -0.262344 -0.078706
    36 1.719429 -0.000001 0.000000 0.000000 -0.036194 -0.662944
    37 1.099665 0.000000 0.000000 -0.025575 -0.041759 -1.021018
    38 0.806046 -0.348923 1.321258 -1.349678 -0.343508 -0.771484
    39 1.789784 0.000000 0.000001 0.000000 0.063403 0.390219
    40 1.206999 0.000000 0.000000 -0.024449 0.037705 0.990519
    41 3.859672 -0.132568 1.193108 0.432220 -0.155872 -0.861364
    42 1.312563 0.000001 0.000000 0.000000 -0.000007 -1.191994
    43 0.729365 0.000000 0.000000 0.000000 -0.000010 -1.063390
    44 3.942296 0.050325 0.431043 0.232419 0.000608 -0.853326
    45 1.539096 -0.000001 0.000000 0.000000 -0.000006 -0.973387
    46 1.196322 0.000002 0.000000 0.000000 -0.000003 -1.451278
    47 3.883656 -0.050329 -0.431043 0.066982 0.050237 -0.694789
    48 1.719576 -0.000001 0.000000 0.000000 -0.000004 -1.251031
    49 1.209180 -0.000002 0.000000 0.000000 -0.000003 -1.141144
    50 3.859828 -0.148936 -1.331282 -0.248859 0.263122 -0.072134
    51 1.719426 0.000001 0.000000 0.000000 -0.000009 -0.676743
    52 1.099666 0.000001 0.000000 0.000000 -0.000004 -1.021279
    53 0.806018 -0.359836 -1.318334 1.349675 0.343506 -0.771465
    54 1.789783 0.000001 -0.000001 0.000000 -0.000009 0.397490
    55 1.207001 0.000000 0.000001 0.000000 -0.000006 0.989014
  time 28
    0 0.000000 0.000000 -65.998108 1.570796 0.000000 0.000000
    1 -0.000005 38.566917 0.533613 0.000000 0.000000 0.000000
    2 0.000005 3.345128 -2.981901 1.746029 0.086245 1.571335
    3 4.018332 0.000000 0.000000 0.000000 0.000000 -0.029242
    4 3.518567 0.000000 0.000000 0.000000 0.000000 0.100336
    5 8.942642 0.000000 0.000000 0.000000 0.000000 0.194096
    6 2.033347 1.000767 1.937660 1.596637 -1.286515 2.942961
    7 6.028141 0.000001 0.000000 0.050600 -1.393198 -2.474462
    8 11.692556 0.000000 0.000001 0.000000 0.000000 -0.195368
    9 11.481672 0.000000 -0.000031 1.241453 -0.042453 0.146533
    10 3.820721 -1.405028 0.601078 1.564288 0.003442 -1.581444
    11 6.114854 -1.434045 1.934793 1.564288 0.003442 -1.581444
    12 0.051127 3.122170 -0.141701 0.000000 0.000000 1.570796
    13 -0.000001 1.537870 -5.938447 0.000000 1.570796 0.000000
    14 0.027345 1.595740 0.001226 0.000000 0.000000 0.000000
    15 -0.000001 1.225114 3.954165 0.000000 0.000000 0.000000
    16 2.033355 1.000771 -1.937610 -1.668474 1.286518 2.942953
    17 6.028143 0.000000 0.000000 2.591236 1.304305 0.282992
    18 11.692550 0.000000 0.000001 0.000000 0.000000 -0.266938
    19 11.481699 0.000000 0.000003 -1.396578 -0.081124 0.162650
    20 6.114873 -1.450003 -1.922835 -1.564198 -0.011689 -1.581440
    21 0.051129 3.122169 0.141701 0.000000 0.000000 1.570796
    22 0.000001 1.537870 5.938447 0.000000 -1.570796 0.000000
    23 0.000000 1.607459 -0.001227 -0.000084 0.000048 0.008245
    24 0.000000 1.225114 -3.954162 0.000000 0.000000 0.000000
    25 3.820735 -1.409995 -0.589408 -1.564198 -0.011689 -1.581440
    26 3.859704 -0.142406 -1.191974 -0.432212 0.155857 -0.861358
    27 1.312562 0.000000 0.000001 0.000000 0.000005 -1.191973
    28 0.729363 0.000000 0.000000 0.000000 0.000009 -1.063371
    29 3.942326 0.046772 -0.431443 -0.232410 -0.000605 -0.853325
    30 1.539094 0.000000 0.000000 0.000000 0.000002 -0.973398
    31 1.196323 0.000000 0.000000 0.000000 0.000002 -1.451290
    32 3.883687 -0.046769 0.431443 -0.066985 -0.050233 -0.694793
    33 1.719576 -0.000001 0.000000 0.000000 0.000003 -1.251021
    34 1.209181 -0.000001 0.000000 0.000000 0.000004 -1.141154
    35 3.859859 -0.137948 1.332466 0.311964 -0.262344 -0.078706
    36 1.719429 -0.000001 0.000000 0.000000 -0.036194 -0.662944
    37 1.099665 0.000000 0.000000 -0.025575 -0.041759 -1.021018
    38 0.806046 -0.348923 1.321258 -1.349678 -0.343508 -0.771484
    39 1.789784 0.000000 0.000001 0.000000 0.063403 0.390219
    40 1.206999 0.000000 0.000000 -0.024449 0.037705 0.990519
    41 3.859672 -0.132568 1.193108 0.432220 -0.155872 -0.861364
    42 1.312563 0.000001 0.000000 0.000000 -0.000007 -1.191994
    43 0.729365 0.000000 0.000000 0.000000 -0.000010 -1.063390
    44 3.942296 0.050325 0.431043 0.232419 0.000608 -0.853326
    45 1.539096 -0.000001 0.000000 0.000000 -0.000006 -0.973387
    46 1.196322 0.000002 0.000000 0.000000 -0.000003 -1.451278
    47 3.883656 -0.050329 -0.431043 0.066982 0.050237 -0.694789
    48 1.719576 -0.000001 0.000000 0.000000 -0.000004 -1.251031
    49 1.209180 -0.000002 0.000000 0.000000 -0.000003 -1.141144
    50 3.859828 -0.148936 -1.331282 -0.248859 0.263122 -0.072134
    51 1.719426 0.000001 0.000000 0.000000 -0.000009 -0.676743
    52 1.099666 0.000001 0.000000 0.000000 -0.000004 -1.021279
    53 0.806018 -0.359836 -1.318334 1.349675 0.343506 -0.771465
    54 1.789783 0.000001 -0.000001 0.000000 -0.000009 0.397490
    55 1.207001 0.000000 0.000001 0.000000 -0.000006 0.989014
  time 29
    0 0.000000 0.000000 -65.998108 1.570796 0.000000 0.000000
    1 -0.000005 38.566917 0.533613 0.000000 0.000000 0.000000
    2 0.000005 3.345128 -2.981901 1.745536 0.086257 1.571335
    3 4.018332 0.000000 0.000000 0.000000 0.000000 -0.029242
    4 3.518567 0.000000 0.000000 0.000000 0.000000 0.100336
    5 8.942642 0.000000 0.000000 0.000000 0.000000 0.194096
    6 2.033347 1.000767 1.937660 1.596637 -1.286515 2.942961
    7 6.028141 0.000001 0.000000 -0.126321 -1.402342 -2.288114
    8 11.692556 0.000000 0.000001 0.000000 0.000000 -0.278259
    9 11.481672 0.000000 -0.000031 1.274634 -0.016624 0.185114
    10 3.820721 -1.405028 0.601078 1.564288 0.003442 -1.581444
    11 6.114854 -1.434045 1.934793 1.564288 0.003442 -1.581444
    12 0.051127 3.122170 -0.141701 0.000000 0.000000 1.570796
    13 -0.000001 1.537870 -5.938447 0.000000 1.570796 0.000000
    14 0.027345 1.595740 0.001226 0.000000 0.000000 0.000000
    15 -0.000001 1.225114 3.954165 0.000000 0.000000 0.000000
    16 2.033355 1.000771 -1.937610 -1.668474 1.286518 2.942953
    17 6.028143 0.000000 0.000000 2.544710 1.315022 0.223563
    18 11.692550 0.000000 0.000001 0.000000 0.000000 -0.295351
    19 11.481699 0.000000 0.000003 -1.332074 -0.024046 0.188574
    20 6.114873 -1.450003 -1.922835 -1.564198 -0.011689 -1.581440
    21 0.051129 3.122169 0.141701 0.000000 0.000000 1.570796
    22 0.000001 1.537870 5.938447 0.000000 -1.570796 0.000000
    23 0.000000 1.607459 -0.001227 -0.000084 0.000048 0.008245
    24 0.000000 1.225114 -3.954162 0.000000 0.000000 0.000000
    25 3.820735 -1.409995 -0.589408 -1.564198 -0.011689 -1.581440
    26 3.859704 -0.142406 -1.191974 -0.432212 0.155857 -0.861358
    27 1.312562 0.000000 0.000001 0.000000 0.000005 -1.191973
    28 0.729363 0.000000 0.000000 0.000000 0.000009 -1.063371
    29 3.942326 0.046772 -0.431443 -0.232410 -0.000605 -0.853325
    30 1.539094 0.000000 0.000000 0.000000 0.000002 -0.973398
    31 1.196323 0.000000 0.000000 0.000000 0.000002 -1.451290
    32 3.883687 -0.046769 0.431443 -0.066985 -0.050233 -0.694793
    33 1.719576 -0.000001 0.000000 0.000000 0.000003 -1.251021
    34 1.209181 -0.000001 0.000000 0.000000 0.000004 -1.141154
    35 3.859859 -0.137948 1.332466 0.311964 -0.262344 -0.078706
    36 1.719429 -0.000001 0.000000 0.000000 -0.036194 -0.662944
    37 1.099665 0.000000 0.000000 -0.025575 -0.041759 -1.021018
    38 0.806046 -0.348923 1.321258 -1.349678 -0.343508 -0.771484
    39 1.789784 0.000000 0.000001 0.000000 0.063403 0.390219
    40 1.206999 0.000000 0.000000 -0.024449 0.037705 0.990519
    41 3.859672 -0.132568 1.193108 0.432220 -0.155872 -0.861364
    42 1.312563 0.000001 0.000000 0.000000 -0.000007 -1.191994
    43 0.729365 0.000000 0.000000 0.000000 -0.000010 -1.063390
    44 3.942296 0.050325 0.431043 0.232419 0.000608 -0.853326
    45 1.539096 -0.000001 0.000000 0.000000 -0.000006 -0.973387
    46 1.196322 0.000002 0.000000 0.000000 -0.000003 -1.451278
    47 3.883656 -0.050329 -0.431043 0.066982 0.050237 -0.694789
    48 1.719576 -0.000001 0.000000 0.000000 -0.000004 -1.251031
    49 1.209180 -0.000002 0.000000 0.000000 -0.000003 -1.141144
    50 3.859828 -0.148936 -1.331282 -0.248859 0.263122 -0.072134
    51 1.719426 0.000001 0.000000 0.000000 -0.000009 -0.676743
    52 1.099666 0.000001 0.000000 0.000000 -0.000004 -1.021279
    53 0.806018 -0.359836 -1.318334 1.349675 0.343506 -0.771465
    54 1.789783 0.000001 -0.000001 0.000000 -0.000009 0.397490
    55 1.207001 0.000000 0.000001 0.000000 -0.000006 0.989014
  time 30
    0 0.000000 0.000000 -65.998108 1.570796 0.000000 0.000000
    1 -0.000005 38.566917 0.533613 0.000000 0.000000 0.000000
    2 0.000005 3.345128 -2.981901 1.745363 0.086257 1.571335
    3 4.018332 0.000000 0.000000 0.000000 0.000000 -0.029242
    4 3.518567 0.000000 0.000000 0.000000 0.000000 0.100336
    5 8.942642 0.000000 0.000000 0.000000 0.000000 0.194096
    6 2.033347 1.000767 1.937660 1.596637 -1.286515 2.942961
    7 6.028141 0.000001 0.000000 -0.203466 -1.405449 -2.206421
    8 11.692556 0.000000 0.000001 0.000000 0.000000 -0.313685
    9 11.481672 0.000000 -0.000031 1.288657 -0.006918 0.199901
    10 3.820721 -1.405028 0.601078 1.564288 0.003442 -1.581444
    11 6.114854 -1.434045 1.934793 1.564288 0.003442 -1.581444
    12 0.051127 3.122170 -0.141701 0.000000 0.000000 1.570796
    13 -0.000001 1.537870 -5.938447 0.000000 1.570796 0.000000
    14 0.027345 1.595740 0.001226 0.000000 0.000000 0.000000
    15 -0.000001 1.225114 3.954165 0.000000 0.000000 0.000000
    16 2.033355 1.000771 -1.937610 -1.668474 1.286518 2.942953
    17 6.028143 0.000000 0.000000 2.515199 1.317385 0.188646
    18 11.692550 0.000000 0.000001 0.000000 0.000000 -0.314809
    19 11.481699 0.000000 0.000003 -1.290358 0.004915 0.199786
    20 6.114873 -1.450003 -1.922835 -1.564198 -0.011689 -1.581440
    21 0.051129 3.122169 0.141701 0.000000 0.000000 1.570796
    22 0.000001 1.537870 5.938447 0.000000 -1.570796 0.000000
    23 0.000000 1.607459 -0.001227 -0.000084 0.000048 0.008245
    24 0.000000 1.225114 -3.954162 0.000000 0.000000 0.000000
    25 3.820735 -1.409995 -0.589408 -1.564198 -0.011689 -1.581440
    26 3.859704 -0.142406 -1.191974 -0.432212 0.155857 -0.861358
    27 1.312562 0.000000 0.000001 0.000000 0.000005 -1.191973
    28 0.729363 0.000000 0.000000 0.000000 0.000009 -1.063371
    29 3.942326 0.046772 -0.431443 -0.232410 -0.000605 -0.853325
    30 1.539094 0.000000 0.000000 0.000000 0.000002 -0.973398
    31 1.196323 0.000000 0.000000 0.000000 0.000002 -1.451290
    32 3.883687 -0.046769 0.431443 -0.066985 -0.050233 -0.694793
    33 1.719576 -0.000001 0.000000 0.000000 0.000003 -1.251021
    34 1.209181 -0.000001 0.000000 0.000000 0.000004 -1.141154
    35 3.859859 -0.137948 1.332466 0.311964 -0.262344 -0.078706
    36 1.719429 -0.000001 0.000000 0.000000 -0.036194 -0.662944
    37 1.099665 0.000000 0.000000 -0.025575 -0.041759 -1.021018
    38 0.806046 -0.348923 1.321258 -1.349678 -0.343508 -0.771484
    39 1.789784 0.000000 0.000001 0.000000 0.063403 0.390219
    40 1.206999 0.000000 0.000000 -0.024449 0.037705 0.990519
    41 3.859672 -0.132568 1.193108 0.432220 -0.155872 -0.861364
    42 1.312563 0.000001 0.000000 0.000000 -0.000007 -1.191994
    43 0.729365 0.000000 0.000000 0.000000 -0.000010 -1.063390
    44 3.942296 0.050325 0.431043 0.232419 0.000608 -0.853326
    45 1.539096 -0.000001 0.000000 0.000000 -0.000006 -0.973387
    46 1.196322 0.000002 0.000000 0.000000 -0.000003 -1.451278
    47 3.883656 -0.050329 -0.431043 0.066982 0.050237 -0.694789
    48 1.719576 -0.000001 0.000000 0.000000 -0.000004 -1.251031
    49 1.209180 -0.000002 0.000000 0.000000 -0.000003 -1.141144
    50 3.859828 -0.148936 -1.331282 -0.248859 0.263122 -0.072134
    51 1.719426 0.000001 0.000000 0.000000 -0.000009 -0.676743
    52 1.099666 0.000001 0.000000 0.000000 -0.000004 -1.021279
    53 0.806018 -0.359836 -1.318334 1.349675 0.343506 -0.771465
    54 1.789783 0.000001 -0.000001 0.000000 -0.000009 0.397490
    55 1.207001 0.000000 0.000001 0.000000 -0.000006 0.989014
end
