// Created by Crowbar 0.74
version 1
nodes
  0 "ValveBiped.Bip01_Spine4" -1
  1 "ValveBiped.Bip01_L_Clavicle" 0
  2 "ValveBiped.Bip01_L_UpperArm" 1
  3 "ValveBiped.Bip01_L_Forearm" 2
  4 "ValveBiped.Bip01_L_Hand" 3
  5 "ValveBiped.Bip01_L_Finger4" 4
  6 "ValveBiped.Bip01_L_Finger41" 5
  7 "ValveBiped.Bip01_L_Finger42" 6
  8 "ValveBiped.Bip01_L_Finger3" 4
  9 "ValveBiped.Bip01_L_Finger31" 8
  10 "ValveBiped.Bip01_L_Finger32" 9
  11 "ValveBiped.Bip01_L_Finger2" 4
  12 "ValveBiped.Bip01_L_Finger21" 11
  13 "ValveBiped.Bip01_L_Finger22" 12
  14 "ValveBiped.Bip01_L_Finger1" 4
  15 "ValveBiped.Bip01_L_Finger11" 14
  16 "ValveBiped.Bip01_L_Finger12" 15
  17 "ValveBiped.Bip01_L_Finger0" 4
  18 "ValveBiped.Bip01_L_Finger01" 17
  19 "ValveBiped.Bip01_L_Finger02" 18
  20 "ValveBiped.Bip01_R_Clavicle" 0
  21 "ValveBiped.Bip01_R_UpperArm" 20
  22 "ValveBiped.Bip01_R_Forearm" 21
  23 "ValveBiped.Bip01_R_Hand" 22
  24 "ValveBiped.Bip01_R_Finger4" 23
  25 "ValveBiped.Bip01_R_Finger41" 24
  26 "ValveBiped.Bip01_R_Finger42" 25
  27 "ValveBiped.Bip01_R_Finger3" 23
  28 "ValveBiped.Bip01_R_Finger31" 27
  29 "ValveBiped.Bip01_R_Finger32" 28
  30 "ValveBiped.Bip01_R_Finger2" 23
  31 "ValveBiped.Bip01_R_Finger21" 30
  32 "ValveBiped.Bip01_R_Finger22" 31
  33 "ValveBiped.Bip01_R_Finger1" 23
  34 "ValveBiped.Bip01_R_Finger11" 33
  35 "ValveBiped.Bip01_R_Finger12" 34
  36 "ValveBiped.Bip01_R_Finger0" 23
  37 "ValveBiped.Bip01_R_Finger01" 36
  38 "ValveBiped.Bip01_R_Finger02" 37
  39 "ValveBiped.Bip01_L_Ulna" 3
  40 "ValveBiped.Bip01_R_Ulna" 22
  41 "ValveBiped.Bip01_R_Wrist" 22
  42 "ValveBiped.Bip01_L_Wrist" 3
end
skeleton
  time 0
    0 0.000006 0.000000 0.000000 -1.570798 -1.391899 -1.570794
    1 2.033348 1.000767 1.937660 1.596637 -1.286515 2.942962
    2 6.028143 0.000004 0.000000 -1.579613 0.047802 -0.585173
    3 11.692554 0.000000 0.000000 0.000000 0.000000 -0.060372
    4 11.481676 0.000000 -0.000033 1.573183 -0.106613 0.044193
    5 3.859703 -0.142403 -1.191974 -0.468133 0.151533 -0.880197
    6 1.312563 -0.000004 -0.000001 0.000000 0.000000 -0.439720
    7 0.729366 -0.000002 0.000000 0.000000 0.000000 -0.244299
    8 3.942326 0.046769 -0.431443 -0.151780 0.073206 -0.810985
    9 1.539093 0.000002 0.000000 0.000000 0.000000 -0.247797
    10 1.196322 0.000000 0.000000 0.000000 0.000000 -0.430802
    11 3.883690 -0.046767 0.431443 0.085902 0.021830 -0.587867
    12 1.719578 -0.000002 0.000000 0.000000 0.005516 -0.366478
    13 1.209183 -0.000002 0.000000 0.000000 0.003084 -0.216400
    14 3.859856 -0.137946 1.332466 0.354449 -0.042750 -0.531718
    15 1.719431 -0.000002 -0.000001 0.000000 0.004074 -0.363009
    16 1.099672 0.000000 0.000000 0.000000 0.002596 -0.244331
    17 0.806046 -0.348923 1.321258 -1.222677 -0.679213 -0.788819
    18 1.789782 -0.000002 0.000000 0.000000 0.000000 0.228523
    19 1.207001 0.000000 0.000002 0.000000 0.000000 0.362860
    20 2.033356 1.000772 -1.937610 -1.668474 1.286518 2.942953
    21 6.028142 0.000004 0.000000 1.639479 -0.008065 -0.586846
    22 11.692551 0.000000 -0.000003 0.000000 0.000000 -0.060372
    23 11.481697 0.000000 -0.000002 -1.564937 0.106606 0.044193
    24 3.859674 -0.132568 1.193108 0.466236 -0.158066 -0.878825
    25 1.312561 0.000000 0.000001 0.000000 0.000000 -0.439672
    26 0.729367 0.000000 0.000000 0.000000 0.000000 -0.244271
    27 3.942293 0.050322 0.431043 0.150078 -0.079191 -0.810205
    28 1.539099 -0.000002 0.000000 0.000000 0.000000 -0.247771
    29 1.196323 0.000000 0.000000 0.000000 0.000000 -0.430761
    30 3.883657 -0.050331 -0.431043 -0.085905 -0.026404 -0.587695
    31 1.719582 0.000000 0.000000 0.000000 -0.007974 -0.366436
    32 1.209185 -0.000002 0.000000 0.000000 -0.004461 -0.216376
    33 3.859827 -0.148943 -1.331282 -0.354419 0.038567 -0.532001
    34 1.719427 -0.000002 0.000001 0.000000 -0.006613 -0.362970
    35 1.099663 -0.000002 0.000000 0.000000 -0.004211 -0.244312
    36 0.806017 -0.359836 -1.318334 1.221410 0.673635 -0.793558
    37 1.789783 0.000002 -0.000002 0.000000 0.000000 0.228555
    38 1.207001 0.000000 -0.000002 0.000000 0.000000 0.362905
    39 5.740850 0.000000 -0.000001 0.000688 0.000000 0.000000
    40 5.740849 0.000000 0.000000 0.000081 0.000000 0.000000
    41 11.481697 0.000000 -0.000002 0.000150 0.000000 0.000000
    42 11.481703 0.000000 -0.000001 0.001272 0.000000 0.000000
end
triangles
c_metrocop_hands_sheet
  33 -26.071302 -2.035767 -20.706820 -0.911305 0.188429 0.366085 0.128660 0.315914 1 33 1.000000
  33 -26.321503 -2.339197 -21.685450 -0.984995 -0.110199 0.132823 0.103382 0.227915 1 33 1.000000
  33 -25.928154 -2.544484 -20.732241 -0.623666 -0.685739 0.375237 0.091708 0.316378 1 33 1.000000
c_metrocop_hands_sheet
  35 -25.454288 -1.712607 -23.754208 0.600983 0.791792 -0.109015 0.160044 0.009944 1 35 1.000000
  35 -25.381060 -2.051339 -23.409420 0.989819 0.019228 0.141024 0.185589 0.040828 2 35 0.894827 34 0.105173
  35 -25.340649 -2.022380 -23.812456 0.980244 0.034916 -0.194686 0.174294 0.005063 1 35 1.000000
c_metrocop_hands_sheet
  35 -25.454288 -1.712607 -23.754208 0.600983 0.791792 -0.109015 0.160044 0.009944 1 35 1.000000
  35 -25.500290 -1.778787 -23.369144 0.642279 0.730756 0.231245 0.159344 0.044791 1 35 1.000000
  35 -25.381060 -2.051339 -23.409420 0.989819 0.019228 0.141024 0.185589 0.040828 2 35 0.894827 34 0.105173
c_metrocop_hands_sheet
  35 -25.753922 -1.677811 -23.760584 -0.212814 0.960501 -0.179297 0.130463 0.029929 1 35 1.000000
  35 -25.500290 -1.778787 -23.369144 0.642279 0.730756 0.231245 0.159344 0.044791 1 35 1.000000
  35 -25.454288 -1.712607 -23.754208 0.600983 0.791792 -0.109015 0.160044 0.009944 1 35 1.000000
c_metrocop_hands_sheet
  35 -25.753922 -1.677811 -23.760584 -0.212814 0.960501 -0.179297 0.130463 0.029929 1 35 1.000000
  35 -25.828718 -1.674188 -23.399925 -0.208753 0.976215 0.058539 0.141410 0.049717 1 35 1.000000
  35 -25.500290 -1.778787 -23.369144 0.642279 0.730756 0.231245 0.159344 0.044791 1 35 1.000000
c_metrocop_hands_sheet
  35 -25.828718 -1.674188 -23.399925 -0.208753 0.976215 0.058539 0.141410 0.049717 1 35 1.000000
  35 -25.753922 -1.677811 -23.760584 -0.212814 0.960501 -0.179297 0.130463 0.029929 1 35 1.000000
  35 -25.987495 -1.849299 -23.685715 -0.835085 0.468966 -0.287584 0.130463 0.029929 1 35 1.000000
c_metrocop_hands_sheet
  35 -26.108158 -1.914691 -23.108963 -0.797719 0.597875 -0.078675 0.122351 0.080758 1 35 1.000000
  35 -25.828718 -1.674188 -23.399925 -0.208753 0.976215 0.058539 0.141410 0.049717 1 35 1.000000
  35 -25.987495 -1.849299 -23.685715 -0.835085 0.468966 -0.287584 0.130463 0.029929 1 35 1.000000
c_metrocop_hands_sheet
  35 -26.043419 -2.123655 -23.675961 -0.918080 0.015137 -0.396105 0.106040 0.026507 1 35 1.000000
  35 -26.108158 -1.914691 -23.108963 -0.797719 0.597875 -0.078675 0.122351 0.080758 1 35 1.000000
  35 -25.987495 -1.849299 -23.685715 -0.835085 0.468966 -0.287584 0.130463 0.029929 1 35 1.000000
c_metrocop_hands_sheet
  35 -26.043419 -2.123655 -23.675961 -0.918080 0.015137 -0.396105 0.106040 0.026507 1 35 1.000000
  35 -26.221046 -2.231731 -23.174025 -0.983054 -0.050542 -0.176214 0.105357 0.075807 1 35 1.000000
  35 -26.108158 -1.914691 -23.108963 -0.797719 0.597875 -0.078675 0.122351 0.080758 1 35 1.000000
c_metrocop_hands_sheet
  35 -25.953918 -2.334599 -23.758333 -0.696672 -0.545660 -0.465728 0.088627 0.017658 1 35 1.000000
  35 -26.221046 -2.231731 -23.174025 -0.983054 -0.050542 -0.176214 0.105357 0.075807 1 35 1.000000
  35 -26.043419 -2.123655 -23.675961 -0.918080 0.015137 -0.396105 0.106040 0.026507 1 35 1.000000
c_metrocop_hands_sheet
  35 -25.953918 -2.334599 -23.758333 -0.696672 -0.545660 -0.465728 0.088627 0.017658 1 35 1.000000
  35 -26.095375 -2.481714 -23.208797 -0.631657 -0.746929 -0.207621 0.090088 0.073903 1 35 1.000000
  35 -26.221046 -2.231731 -23.174025 -0.983054 -0.050542 -0.176214 0.105357 0.075807 1 35 1.000000
c_metrocop_hands_sheet
  35 -26.095375 -2.481714 -23.208797 -0.631657 -0.746929 -0.207621 0.090088 0.073903 1 35 1.000000
  34 -26.225679 -2.260582 -22.821524 -0.994852 -0.042266 -0.092100 0.104498 0.112823 1 34 1.000000
  35 -26.221046 -2.231731 -23.174025 -0.983054 -0.050542 -0.176214 0.105357 0.075807 1 35 1.000000
c_metrocop_hands_sheet
  35 -26.095375 -2.481714 -23.208797 -0.631657 -0.746929 -0.207621 0.090088 0.073903 1 35 1.000000
  34 -26.133392 -2.503674 -22.923428 -0.699592 -0.690859 -0.182442 0.090655 0.101782 1 34 1.000000
  34 -26.225679 -2.260582 -22.821524 -0.994852 -0.042266 -0.092100 0.104498 0.112823 1 34 1.000000
c_metrocop_hands_sheet
  34 -26.133392 -2.503674 -22.923428 -0.699592 -0.690859 -0.182442 0.090655 0.101782 1 34 1.000000
  34 -26.329248 -2.321048 -22.014818 -0.997561 -0.039458 -0.057582 0.104408 0.190407 1 34 1.000000
  34 -26.225679 -2.260582 -22.821524 -0.994852 -0.042266 -0.092100 0.104498 0.112823 1 34 1.000000
c_metrocop_hands_sheet
  34 -26.133392 -2.503674 -22.923428 -0.699592 -0.690859 -0.182442 0.090655 0.101782 1 34 1.000000
  34 -26.210922 -2.655159 -22.007746 -0.647127 -0.760564 -0.052614 0.086865 0.193071 1 34 1.000000
  34 -26.329248 -2.321048 -22.014818 -0.997561 -0.039458 -0.057582 0.104408 0.190407 1 34 1.000000
c_metrocop_hands_sheet
  34 -26.210922 -2.655159 -22.007746 -0.647127 -0.760564 -0.052614 0.086865 0.193071 1 34 1.000000
  33 -26.321503 -2.339197 -21.685450 -0.984995 -0.110199 0.132823 0.104101 0.227915 1 33 1.000000
  34 -26.329248 -2.321048 -22.014818 -0.997561 -0.039458 -0.057582 0.104408 0.190407 1 34 1.000000
c_metrocop_hands_sheet
  34 -26.210922 -2.655159 -22.007746 -0.647127 -0.760564 -0.052614 0.086865 0.193071 1 34 1.000000
  33 -26.214724 -2.646269 -21.787729 -0.673339 -0.733884 0.089604 0.088128 0.219483 1 33 1.000000
  33 -26.321503 -2.339197 -21.685450 -0.984995 -0.110199 0.132823 0.104101 0.227915 1 33 1.000000
c_metrocop_hands_sheet
  33 -25.928154 -2.544484 -20.732241 -0.623666 -0.685739 0.375237 0.091708 0.316378 1 33 1.000000
  33 -26.321503 -2.339197 -21.685450 -0.984995 -0.110199 0.132823 0.104101 0.227915 1 33 1.000000
  33 -26.214724 -2.646269 -21.787729 -0.673339 -0.733884 0.089604 0.088128 0.219483 1 33 1.000000
c_metrocop_hands_sheet
  33 -25.928154 -2.544484 -20.732241 -0.623666 -0.685739 0.375237 0.091708 0.316378 1 33 1.000000
  33 -26.214724 -2.646269 -21.787729 -0.673339 -0.733884 0.089604 0.088128 0.219483 1 33 1.000000
  33 -25.787331 -2.749405 -21.484747 0.014157 -0.999800 0.014097 0.057869 0.251974 1 33 1.000000
c_metrocop_hands_sheet
  33 -25.518723 -2.709876 -21.033571 0.023008 -0.999236 0.031585 0.039322 0.313598 1 33 1.000000
  33 -25.928154 -2.544484 -20.732241 -0.623666 -0.685739 0.375237 0.091708 0.316378 1 33 1.000000
  33 -25.787331 -2.749405 -21.484747 0.014157 -0.999800 0.014097 0.057869 0.251974 1 33 1.000000
c_metrocop_hands_sheet
  33 -25.467403 -2.593762 -21.586946 0.666895 -0.689242 -0.283190 0.040672 0.231740 1 33 1.000000
  33 -25.518723 -2.709876 -21.033571 0.023008 -0.999236 0.031585 0.039322 0.313598 1 33 1.000000
  33 -25.787331 -2.749405 -21.484747 0.014157 -0.999800 0.014097 0.057869 0.251974 1 33 1.000000
c_metrocop_hands_sheet
  35 -25.828718 -1.674188 -23.399925 -0.208753 0.976215 0.058539 0.141410 0.049717 1 35 1.000000
  35 -25.572788 -1.861722 -23.022163 0.678265 0.711042 0.185405 0.157662 0.080594 2 35 0.599461 34 0.400539
  35 -25.500290 -1.778787 -23.369144 0.642279 0.730756 0.231245 0.159344 0.044791 1 35 1.000000
c_metrocop_hands_sheet
  35 -25.828718 -1.674188 -23.399925 -0.208753 0.976215 0.058539 0.141410 0.049717 1 35 1.000000
  34 -25.854538 -1.759060 -22.937477 -0.078981 0.992498 0.093331 0.138519 0.087766 2 34 0.701758 35 0.298242
  35 -25.572788 -1.861722 -23.022163 0.678265 0.711042 0.185405 0.157662 0.080594 2 35 0.599461 34 0.400539
c_metrocop_hands_sheet
  34 -25.854538 -1.759060 -22.937477 -0.078981 0.992498 0.093331 0.138519 0.087766 2 34 0.701758 35 0.298242
  35 -25.828718 -1.674188 -23.399925 -0.208753 0.976215 0.058539 0.141410 0.049717 1 35 1.000000
  35 -26.108158 -1.914691 -23.108963 -0.797719 0.597875 -0.078675 0.122351 0.080758 1 35 1.000000
c_metrocop_hands_sheet
  34 -26.137352 -1.922519 -22.881016 -0.789395 0.611564 -0.053339 0.121061 0.104668 1 34 1.000000
  34 -25.854538 -1.759060 -22.937477 -0.078981 0.992498 0.093331 0.138519 0.087766 2 34 0.701758 35 0.298242
  35 -26.108158 -1.914691 -23.108963 -0.797719 0.597875 -0.078675 0.122351 0.080758 1 35 1.000000
c_metrocop_hands_sheet
  35 -26.221046 -2.231731 -23.174025 -0.983054 -0.050542 -0.176214 0.105357 0.075807 1 35 1.000000
  34 -26.137352 -1.922519 -22.881016 -0.789395 0.611564 -0.053339 0.121061 0.104668 1 34 1.000000
  35 -26.108158 -1.914691 -23.108963 -0.797719 0.597875 -0.078675 0.122351 0.080758 1 35 1.000000
c_metrocop_hands_sheet
  35 -26.221046 -2.231731 -23.174025 -0.983054 -0.050542 -0.176214 0.105357 0.075807 1 35 1.000000
  34 -26.225679 -2.260582 -22.821524 -0.994852 -0.042266 -0.092100 0.104498 0.112823 1 34 1.000000
  34 -26.137352 -1.922519 -22.881016 -0.789395 0.611564 -0.053339 0.121061 0.104668 1 34 1.000000
c_metrocop_hands_sheet
  34 -26.225679 -2.260582 -22.821524 -0.994852 -0.042266 -0.092100 0.104498 0.112823 1 34 1.000000
  34 -26.219969 -1.915218 -21.964401 -0.814473 0.576911 -0.061703 0.124111 0.193456 1 34 1.000000
  34 -26.137352 -1.922519 -22.881016 -0.789395 0.611564 -0.053339 0.121061 0.104668 1 34 1.000000
c_metrocop_hands_sheet
  34 -26.225679 -2.260582 -22.821524 -0.994852 -0.042266 -0.092100 0.104498 0.112823 1 34 1.000000
  34 -26.329248 -2.321048 -22.014818 -0.997561 -0.039458 -0.057582 0.104408 0.190407 1 34 1.000000
  34 -26.219969 -1.915218 -21.964401 -0.814473 0.576911 -0.061703 0.124111 0.193456 1 34 1.000000
c_metrocop_hands_sheet
  34 -26.329248 -2.321048 -22.014818 -0.997561 -0.039458 -0.057582 0.104408 0.190407 1 34 1.000000
  33 -26.220085 -1.915081 -21.736233 -0.801306 0.596193 0.049629 0.123557 0.220872 1 33 1.000000
  34 -26.219969 -1.915218 -21.964401 -0.814473 0.576911 -0.061703 0.124111 0.193456 1 34 1.000000
c_metrocop_hands_sheet
  34 -26.329248 -2.321048 -22.014818 -0.997561 -0.039458 -0.057582 0.104408 0.190407 1 34 1.000000
  33 -26.321503 -2.339197 -21.685450 -0.984995 -0.110199 0.132823 0.104101 0.227915 1 33 1.000000
  33 -26.220085 -1.915081 -21.736233 -0.801306 0.596193 0.049629 0.123557 0.220872 1 33 1.000000
c_metrocop_hands_sheet
  33 -26.321503 -2.339197 -21.685450 -0.984995 -0.110199 0.132823 0.104101 0.227915 1 33 1.000000
  33 -26.204077 -1.902713 -21.232342 -0.805396 0.568543 0.167617 0.135430 0.267373 1 33 1.000000
  33 -26.220085 -1.915081 -21.736233 -0.801306 0.596193 0.049629 0.123557 0.220872 1 33 1.000000
c_metrocop_hands_sheet
  33 -26.204077 -1.902713 -21.232342 -0.805396 0.568543 0.167617 0.135430 0.267373 1 33 1.000000
  33 -26.321503 -2.339197 -21.685450 -0.984995 -0.110199 0.132823 0.104101 0.227915 1 33 1.000000
  33 -26.071302 -2.035767 -20.706820 -0.911305 0.188429 0.366085 0.128660 0.315914 1 33 1.000000
c_metrocop_hands_sheet
  33 -25.873255 -1.806904 -20.948051 -0.927597 0.372794 0.024238 0.146732 0.297083 2 33 0.772747 30 0.227253
  33 -26.204077 -1.902713 -21.232342 -0.805396 0.568543 0.167617 0.135430 0.267373 1 33 1.000000
  33 -26.071302 -2.035767 -20.706820 -0.911305 0.188429 0.366085 0.128660 0.315914 1 33 1.000000
c_metrocop_hands_sheet
  33 -25.873255 -1.806904 -20.948051 -0.927597 0.372794 0.024238 0.146732 0.297083 2 33 0.772747 30 0.227253
  30 -25.779091 -1.691307 -21.355982 -0.621310 -0.024625 -0.783178 0.149867 0.248300 2 30 0.628833 33 0.371167
  33 -26.204077 -1.902713 -21.232342 -0.805396 0.568543 0.167617 0.135430 0.267373 1 33 1.000000
c_metrocop_hands_sheet
  34 -25.854538 -1.759060 -22.937477 -0.078981 0.992498 0.093331 0.138519 0.087766 2 34 0.701758 35 0.298242
  34 -25.600378 -1.904359 -22.523117 0.674079 0.732215 0.097355 0.160762 0.132278 1 34 1.000000
  35 -25.572788 -1.861722 -23.022163 0.678265 0.711042 0.185405 0.157662 0.080594 2 35 0.599461 34 0.400539
c_metrocop_hands_sheet
  34 -25.854538 -1.759060 -22.937477 -0.078981 0.992498 0.093331 0.138519 0.087766 2 34 0.701758 35 0.298242
  34 -25.931761 -1.790379 -22.386562 -0.049286 0.998332 0.030066 0.139300 0.145927 1 34 1.000000
  34 -25.600378 -1.904359 -22.523117 0.674079 0.732215 0.097355 0.160762 0.132278 1 34 1.000000
c_metrocop_hands_sheet
  34 -25.931761 -1.790379 -22.386562 -0.049286 0.998332 0.030066 0.139300 0.145927 1 34 1.000000
  34 -25.854538 -1.759060 -22.937477 -0.078981 0.992498 0.093331 0.138519 0.087766 2 34 0.701758 35 0.298242
  34 -26.137352 -1.922519 -22.881016 -0.789395 0.611564 -0.053339 0.121061 0.104668 1 34 1.000000
c_metrocop_hands_sheet
  34 -25.931761 -1.790379 -22.386562 -0.049286 0.998332 0.030066 0.139300 0.145927 1 34 1.000000
  34 -26.137352 -1.922519 -22.881016 -0.789395 0.611564 -0.053339 0.121061 0.104668 1 34 1.000000
  34 -26.219969 -1.915218 -21.964401 -0.814473 0.576911 -0.061703 0.124111 0.193456 1 34 1.000000
c_metrocop_hands_sheet
  33 -26.062901 -1.794670 -21.868210 -0.203191 0.979104 -0.008328 0.134849 0.202368 2 33 0.653502 34 0.346498
  34 -25.931761 -1.790379 -22.386562 -0.049286 0.998332 0.030066 0.139300 0.145927 1 34 1.000000
  34 -26.219969 -1.915218 -21.964401 -0.814473 0.576911 -0.061703 0.124111 0.193456 1 34 1.000000
c_metrocop_hands_sheet
  33 -26.220085 -1.915081 -21.736233 -0.801306 0.596193 0.049629 0.123557 0.220872 1 33 1.000000
  33 -26.062901 -1.794670 -21.868210 -0.203191 0.979104 -0.008328 0.134849 0.202368 2 33 0.653502 34 0.346498
  34 -26.219969 -1.915218 -21.964401 -0.814473 0.576911 -0.061703 0.124111 0.193456 1 34 1.000000
c_metrocop_hands_sheet
  33 -25.837408 -1.762376 -21.400370 -0.216165 0.866710 -0.449541 0.149867 0.248300 1 33 1.000000
  33 -26.062901 -1.794670 -21.868210 -0.203191 0.979104 -0.008328 0.134849 0.202368 2 33 0.653502 34 0.346498
  33 -26.220085 -1.915081 -21.736233 -0.801306 0.596193 0.049629 0.123557 0.220872 1 33 1.000000
c_metrocop_hands_sheet
  33 -26.204077 -1.902713 -21.232342 -0.805396 0.568543 0.167617 0.135430 0.267373 1 33 1.000000
  33 -25.837408 -1.762376 -21.400370 -0.216165 0.866710 -0.449541 0.149867 0.248300 1 33 1.000000
  33 -26.220085 -1.915081 -21.736233 -0.801306 0.596193 0.049629 0.123557 0.220872 1 33 1.000000
c_metrocop_hands_sheet
  30 -25.779091 -1.691307 -21.355982 -0.621310 -0.024625 -0.783178 0.149867 0.248300 2 30 0.628833 33 0.371167
  33 -25.837408 -1.762376 -21.400370 -0.216165 0.866710 -0.449541 0.149867 0.248300 1 33 1.000000
  33 -26.204077 -1.902713 -21.232342 -0.805396 0.568543 0.167617 0.135430 0.267373 1 33 1.000000
c_metrocop_hands_sheet
  30 -25.779091 -1.691307 -21.355982 -0.621310 -0.024625 -0.783178 0.149867 0.248300 2 30 0.628833 33 0.371167
  33 -25.524014 -1.965821 -21.596733 0.585028 0.702496 -0.405268 0.165750 0.227387 2 33 0.911644 34 0.088356
  33 -25.837408 -1.762376 -21.400370 -0.216165 0.866710 -0.449541 0.149867 0.248300 1 33 1.000000
c_metrocop_hands_sheet
  34 -25.931761 -1.790379 -22.386562 -0.049286 0.998332 0.030066 0.139300 0.145927 1 34 1.000000
  34 -25.623432 -1.957090 -21.987526 0.637053 0.770478 -0.022951 0.165732 0.191284 2 34 0.557712 33 0.442288
  34 -25.600378 -1.904359 -22.523117 0.674079 0.732215 0.097355 0.160762 0.132278 1 34 1.000000
c_metrocop_hands_sheet
  34 -25.931761 -1.790379 -22.386562 -0.049286 0.998332 0.030066 0.139300 0.145927 1 34 1.000000
  33 -26.062901 -1.794670 -21.868210 -0.203191 0.979104 -0.008328 0.134849 0.202368 2 33 0.653502 34 0.346498
  34 -25.623432 -1.957090 -21.987526 0.637053 0.770478 -0.022951 0.165732 0.191284 2 34 0.557712 33 0.442288
c_metrocop_hands_sheet
  33 -26.062901 -1.794670 -21.868210 -0.203191 0.979104 -0.008328 0.134849 0.202368 2 33 0.653502 34 0.346498
  33 -25.524014 -1.965821 -21.596733 0.585028 0.702496 -0.405268 0.165750 0.227387 2 33 0.911644 34 0.088356
  34 -25.623432 -1.957090 -21.987526 0.637053 0.770478 -0.022951 0.165732 0.191284 2 34 0.557712 33 0.442288
c_metrocop_hands_sheet
  33 -26.062901 -1.794670 -21.868210 -0.203191 0.979104 -0.008328 0.134849 0.202368 2 33 0.653502 34 0.346498
  33 -25.837408 -1.762376 -21.400370 -0.216165 0.866710 -0.449541 0.149867 0.248300 1 33 1.000000
  33 -25.524014 -1.965821 -21.596733 0.585028 0.702496 -0.405268 0.165750 0.227387 2 33 0.911644 34 0.088356
c_metrocop_hands_sheet
  37 -22.615334 -3.198009 -20.746050 0.736657 0.462765 -0.493138 0.110491 0.564610 2 37 0.660931 38 0.339069
  37 -22.380453 -3.382585 -20.144981 0.941882 -0.227649 -0.247050 0.098251 0.484797 2 37 0.545639 36 0.454361
  37 -22.527962 -3.544336 -20.717510 0.941716 -0.171283 -0.289539 0.085580 0.554511 2 37 0.628909 38 0.371091
c_metrocop_hands_sheet
  37 -22.615334 -3.198009 -20.746050 0.736657 0.462765 -0.493138 0.110491 0.564610 2 37 0.660931 38 0.339069
  37 -22.533031 -3.162958 -20.447588 0.849933 0.278665 -0.447168 0.114131 0.527509 2 37 0.635582 36 0.364418
  37 -22.380453 -3.382585 -20.144981 0.941882 -0.227649 -0.247050 0.098251 0.484797 2 37 0.545639 36 0.454361
c_metrocop_hands_sheet
  37 -22.533031 -3.162958 -20.447588 0.849933 0.278665 -0.447168 0.114131 0.527509 2 37 0.635582 36 0.364418
  36 -22.199909 -3.209478 -19.771944 0.941063 -0.334680 -0.048889 0.110306 0.429281 2 36 0.514743 37 0.485257
  37 -22.380453 -3.382585 -20.144981 0.941882 -0.227649 -0.247050 0.098251 0.484797 2 37 0.545639 36 0.454361
c_metrocop_hands_sheet
  37 -22.533031 -3.162958 -20.447588 0.849933 0.278665 -0.447168 0.114131 0.527509 2 37 0.635582 36 0.364418
  36 -22.206642 -2.678572 -20.073044 0.848925 0.003748 -0.528500 0.143979 0.459483 2 36 0.521937 37 0.478063
  36 -22.199909 -3.209478 -19.771944 0.941063 -0.334680 -0.048889 0.110306 0.429281 2 36 0.514743 37 0.485257
c_metrocop_hands_sheet
  36 -22.206642 -2.678572 -20.073044 0.848925 0.003748 -0.528500 0.143979 0.459483 2 36 0.521937 37 0.478063
  36 -22.129574 -2.312287 -19.245224 0.964836 -0.201461 0.168835 0.155073 0.374115 2 36 0.819871 37 0.180129
  36 -22.199909 -3.209478 -19.771944 0.941063 -0.334680 -0.048889 0.110306 0.429281 2 36 0.514743 37 0.485257
c_metrocop_hands_sheet
  38 -23.686235 -3.425490 -22.022612 -0.388021 0.797134 -0.462620 0.087422 0.802422 1 38 1.000000
  38 -23.024532 -3.417211 -21.657394 0.640479 0.628021 -0.442014 0.086584 0.694080 2 38 0.819268 37 0.180732
  38 -23.255274 -3.517203 -22.052818 0.366810 0.775300 -0.514159 0.076544 0.754719 1 38 1.000000
c_metrocop_hands_sheet
  38 -23.686235 -3.425490 -22.022612 -0.388021 0.797134 -0.462620 0.087422 0.802422 1 38 1.000000
  38 -23.336960 -3.212379 -21.591045 0.086709 0.950946 -0.296957 0.104125 0.725879 2 38 0.761835 37 0.238165
  38 -23.024532 -3.417211 -21.657394 0.640479 0.628021 -0.442014 0.086584 0.694080 2 38 0.819268 37 0.180732
c_metrocop_hands_sheet
  38 -23.668726 -3.296671 -21.375954 -0.642364 0.760204 0.097259 0.118472 0.733255 2 38 0.692706 37 0.307294
  38 -23.336960 -3.212379 -21.591045 0.086709 0.950946 -0.296957 0.104125 0.725879 2 38 0.761835 37 0.238165
  38 -23.686235 -3.425490 -22.022612 -0.388021 0.797134 -0.462620 0.087422 0.802422 1 38 1.000000
c_metrocop_hands_sheet
  38 -23.668726 -3.296671 -21.375954 -0.642364 0.760204 0.097259 0.118472 0.733255 2 38 0.692706 37 0.307294
  38 -23.140406 -3.198929 -21.202721 0.131237 0.961562 -0.241197 0.109391 0.665385 2 38 0.544912 37 0.455088
  38 -23.336960 -3.212379 -21.591045 0.086709 0.950946 -0.296957 0.104125 0.725879 2 38 0.761835 37 0.238165
c_metrocop_hands_sheet
  38 -23.668726 -3.296671 -21.375954 -0.642364 0.760204 0.097259 0.118472 0.733255 2 38 0.692706 37 0.307294
  37 -23.501118 -3.288755 -20.977589 -0.617636 0.786045 0.025662 0.125056 0.688239 2 37 0.519314 38 0.480686
  38 -23.140406 -3.198929 -21.202721 0.131237 0.961562 -0.241197 0.109391 0.665385 2 38 0.544912 37 0.455088
c_metrocop_hands_sheet
  37 -23.501118 -3.288755 -20.977589 -0.617636 0.786045 0.025662 0.125056 0.688239 2 37 0.519314 38 0.480686
  37 -23.014906 -3.053534 -20.790251 -0.001887 0.846942 -0.531682 0.124784 0.614803 2 37 0.672442 38 0.327558
  38 -23.140406 -3.198929 -21.202721 0.131237 0.961562 -0.241197 0.109391 0.665385 2 38 0.544912 37 0.455088
c_metrocop_hands_sheet
  38 -23.140406 -3.198929 -21.202721 0.131237 0.961562 -0.241197 0.109391 0.665385 2 38 0.544912 37 0.455088
  37 -23.014906 -3.053534 -20.790251 -0.001887 0.846942 -0.531682 0.124784 0.614803 2 37 0.672442 38 0.327558
  37 -22.615334 -3.198009 -20.746050 0.736657 0.462765 -0.493138 0.110491 0.564610 2 37 0.660931 38 0.339069
c_metrocop_hands_sheet
  37 -23.014906 -3.053534 -20.790251 -0.001887 0.846942 -0.531682 0.124784 0.614803 2 37 0.672442 38 0.327558
  37 -22.850054 -2.682443 -20.401361 0.192644 0.361623 -0.912204 0.147999 0.558407 2 37 0.527225 36 0.472775
  37 -22.615334 -3.198009 -20.746050 0.736657 0.462765 -0.493138 0.110491 0.564610 2 37 0.660931 38 0.339069
c_metrocop_hands_sheet
  37 -22.850054 -2.682443 -20.401361 0.192644 0.361623 -0.912204 0.147999 0.558407 2 37 0.527225 36 0.472775
  37 -22.533031 -3.162958 -20.447588 0.849933 0.278665 -0.447168 0.114131 0.527509 2 37 0.635582 36 0.364418
  37 -22.615334 -3.198009 -20.746050 0.736657 0.462765 -0.493138 0.110491 0.564610 2 37 0.660931 38 0.339069
c_metrocop_hands_sheet
  37 -22.850054 -2.682443 -20.401361 0.192644 0.361623 -0.912204 0.147999 0.558407 2 37 0.527225 36 0.472775
  36 -22.206642 -2.678572 -20.073044 0.848925 0.003748 -0.528500 0.143979 0.459483 2 36 0.521937 37 0.478063
  37 -22.533031 -3.162958 -20.447588 0.849933 0.278665 -0.447168 0.114131 0.527509 2 37 0.635582 36 0.364418
c_metrocop_hands_sheet
  38 -23.140406 -3.198929 -21.202721 0.131237 0.961562 -0.241197 0.109391 0.665385 2 38 0.544912 37 0.455088
  37 -22.615334 -3.198009 -20.746050 0.736657 0.462765 -0.493138 0.110491 0.564610 2 37 0.660931 38 0.339069
  38 -22.869705 -3.344450 -21.151859 0.699174 0.553771 -0.452210 0.097482 0.629120 2 38 0.516130 37 0.483870
c_metrocop_hands_sheet
  38 -23.336960 -3.212379 -21.591045 0.086709 0.950946 -0.296957 0.104125 0.725879 2 38 0.761835 37 0.238165
  38 -23.140406 -3.198929 -21.202721 0.131237 0.961562 -0.241197 0.109391 0.665385 2 38 0.544912 37 0.455088
  38 -22.869705 -3.344450 -21.151859 0.699174 0.553771 -0.452210 0.097482 0.629120 2 38 0.516130 37 0.483870
c_metrocop_hands_sheet
  38 -23.336960 -3.212379 -21.591045 0.086709 0.950946 -0.296957 0.104125 0.725879 2 38 0.761835 37 0.238165
  38 -22.869705 -3.344450 -21.151859 0.699174 0.553771 -0.452210 0.097482 0.629120 2 38 0.516130 37 0.483870
  38 -23.024532 -3.417211 -21.657394 0.640479 0.628021 -0.442014 0.086584 0.694080 2 38 0.819268 37 0.180732
c_metrocop_hands_sheet
  37 -23.386166 -3.135961 -20.684650 -0.629754 0.664094 -0.402975 0.135709 0.627389 2 37 0.726433 38 0.273567
  37 -22.850054 -2.682443 -20.401361 0.192644 0.361623 -0.912204 0.147999 0.558407 2 37 0.527225 36 0.472775
  37 -23.014906 -3.053534 -20.790251 -0.001887 0.846942 -0.531682 0.124784 0.614803 2 37 0.672442 38 0.327558
c_metrocop_hands_sheet
  37 -23.501118 -3.288755 -20.977589 -0.617636 0.786045 0.025662 0.125056 0.688239 2 37 0.519314 38 0.480686
  37 -23.386166 -3.135961 -20.684650 -0.629754 0.664094 -0.402975 0.135709 0.627389 2 37 0.726433 38 0.273567
  37 -23.014906 -3.053534 -20.790251 -0.001887 0.846942 -0.531682 0.124784 0.614803 2 37 0.672442 38 0.327558
c_metrocop_hands_sheet
  37 -23.616840 -3.483389 -20.853836 -0.955883 0.159009 0.246988 0.134182 0.709415 2 37 0.546713 38 0.453287
  37 -23.386166 -3.135961 -20.684650 -0.629754 0.664094 -0.402975 0.135709 0.627389 2 37 0.726433 38 0.273567
  37 -23.501118 -3.288755 -20.977589 -0.617636 0.786045 0.025662 0.125056 0.688239 2 37 0.519314 38 0.480686
c_metrocop_hands_sheet
  38 -23.756172 -3.546050 -21.282837 -0.963911 0.111918 0.241556 0.127013 0.749503 2 38 0.720217 37 0.279783
  37 -23.616840 -3.483389 -20.853836 -0.955883 0.159009 0.246988 0.134182 0.709415 2 37 0.546713 38 0.453287
  37 -23.501118 -3.288755 -20.977589 -0.617636 0.786045 0.025662 0.125056 0.688239 2 37 0.519314 38 0.480686
c_metrocop_hands_sheet
  38 -23.756172 -3.546050 -21.282837 -0.963911 0.111918 0.241556 0.127013 0.749503 2 38 0.720217 37 0.279783
  37 -23.501118 -3.288755 -20.977589 -0.617636 0.786045 0.025662 0.125056 0.688239 2 37 0.519314 38 0.480686
  38 -23.668726 -3.296671 -21.375954 -0.642364 0.760204 0.097259 0.118472 0.733255 2 38 0.692706 37 0.307294
c_metrocop_hands_sheet
  38 -23.877558 -3.636137 -21.894108 -0.988613 0.138591 -0.058629 0.105418 0.793250 1 38 1.000000
  38 -23.756172 -3.546050 -21.282837 -0.963911 0.111918 0.241556 0.127013 0.749503 2 38 0.720217 37 0.279783
  38 -23.668726 -3.296671 -21.375954 -0.642364 0.760204 0.097259 0.118472 0.733255 2 38 0.692706 37 0.307294
c_metrocop_hands_sheet
  38 -23.877558 -3.636137 -21.894108 -0.988613 0.138591 -0.058629 0.105418 0.793250 1 38 1.000000
  38 -23.668726 -3.296671 -21.375954 -0.642364 0.760204 0.097259 0.118472 0.733255 2 38 0.692706 37 0.307294
  38 -23.686235 -3.425490 -22.022612 -0.388021 0.797134 -0.462620 0.087422 0.802422 1 38 1.000000
c_metrocop_hands_sheet
  38 -23.877558 -3.636137 -21.894108 -0.988613 0.138591 -0.058629 0.105418 0.793250 1 38 1.000000
  38 -23.686235 -3.425490 -22.022612 -0.388021 0.797134 -0.462620 0.087422 0.802422 1 38 1.000000
  38 -23.791945 -3.934913 -22.364462 -0.878427 -0.008210 -0.477806 0.083131 0.834174 1 38 1.000000
c_metrocop_hands_sheet
  38 -23.686235 -3.425490 -22.022612 -0.388021 0.797134 -0.462620 0.087422 0.802422 1 38 1.000000
  38 -23.531021 -3.847780 -22.487120 -0.094730 0.511530 -0.854028 0.063349 0.822747 1 38 1.000000
  38 -23.791945 -3.934913 -22.364462 -0.878427 -0.008210 -0.477806 0.083131 0.834174 1 38 1.000000
c_metrocop_hands_sheet
  38 -23.531021 -3.847780 -22.487120 -0.094730 0.511530 -0.854028 0.063349 0.822747 1 38 1.000000
  38 -23.686235 -3.425490 -22.022612 -0.388021 0.797134 -0.462620 0.087422 0.802422 1 38 1.000000
  38 -23.255274 -3.517203 -22.052818 0.366810 0.775300 -0.514159 0.076544 0.754719 1 38 1.000000
c_metrocop_hands_sheet
  38 -23.531021 -3.847780 -22.487120 -0.094730 0.511530 -0.854028 0.063349 0.822747 1 38 1.000000
  38 -23.255274 -3.517203 -22.052818 0.366810 0.775300 -0.514159 0.076544 0.754719 1 38 1.000000
  38 -23.333668 -3.978043 -22.506273 0.519471 -0.008004 -0.854450 0.051468 0.800572 1 38 1.000000
c_metrocop_hands_sheet
  38 -23.255274 -3.517203 -22.052818 0.366810 0.775300 -0.514159 0.076544 0.754719 1 38 1.000000
  38 -23.018229 -3.783890 -22.143867 0.844543 0.111449 -0.523762 0.055086 0.734966 1 38 1.000000
  38 -23.333668 -3.978043 -22.506273 0.519471 -0.008004 -0.854450 0.051468 0.800572 1 38 1.000000
c_metrocop_hands_sheet
  38 -23.255274 -3.517203 -22.052818 0.366810 0.775300 -0.514159 0.076544 0.754719 1 38 1.000000
  38 -22.803631 -3.699414 -21.508730 0.948480 0.046323 -0.313433 0.067181 0.654871 2 38 0.751978 37 0.248022
  38 -23.018229 -3.783890 -22.143867 0.844543 0.111449 -0.523762 0.055086 0.734966 1 38 1.000000
c_metrocop_hands_sheet
  38 -23.255274 -3.517203 -22.052818 0.366810 0.775300 -0.514159 0.076544 0.754719 1 38 1.000000
  38 -23.024532 -3.417211 -21.657394 0.640479 0.628021 -0.442014 0.086584 0.694080 2 38 0.819268 37 0.180732
  38 -22.803631 -3.699414 -21.508730 0.948480 0.046323 -0.313433 0.067181 0.654871 2 38 0.751978 37 0.248022
c_metrocop_hands_sheet
  38 -23.024532 -3.417211 -21.657394 0.640479 0.628021 -0.442014 0.086584 0.694080 2 38 0.819268 37 0.180732
  37 -22.655930 -3.745076 -21.030922 0.943934 -0.184740 -0.273604 0.068164 0.595655 2 37 0.500000 38 0.500000
  38 -22.803631 -3.699414 -21.508730 0.948480 0.046323 -0.313433 0.067181 0.654871 2 38 0.751978 37 0.248022
c_metrocop_hands_sheet
  38 -23.024532 -3.417211 -21.657394 0.640479 0.628021 -0.442014 0.086584 0.694080 2 38 0.819268 37 0.180732
  38 -22.869705 -3.344450 -21.151859 0.699174 0.553771 -0.452210 0.097482 0.629120 2 38 0.516130 37 0.483870
  37 -22.655930 -3.745076 -21.030922 0.943934 -0.184740 -0.273604 0.068164 0.595655 2 37 0.500000 38 0.500000
c_metrocop_hands_sheet
  38 -22.869705 -3.344450 -21.151859 0.699174 0.553771 -0.452210 0.097482 0.629120 2 38 0.516130 37 0.483870
  37 -22.527962 -3.544336 -20.717510 0.941716 -0.171283 -0.289539 0.085580 0.554511 2 37 0.628909 38 0.371091
  37 -22.655930 -3.745076 -21.030922 0.943934 -0.184740 -0.273604 0.068164 0.595655 2 37 0.500000 38 0.500000
c_metrocop_hands_sheet
  38 -22.869705 -3.344450 -21.151859 0.699174 0.553771 -0.452210 0.097482 0.629120 2 38 0.516130 37 0.483870
  37 -22.615334 -3.198009 -20.746050 0.736657 0.462765 -0.493138 0.110491 0.564610 2 37 0.660931 38 0.339069
  37 -22.527962 -3.544336 -20.717510 0.941716 -0.171283 -0.289539 0.085580 0.554511 2 37 0.628909 38 0.371091
c_metrocop_hands_sheet
  38 -23.373468 -4.150701 -22.433712 0.407854 -0.751384 -0.518726 0.068613 0.887713 1 38 1.000000
  38 -23.541153 -4.180676 -22.368866 -0.163675 -0.937205 -0.307990 0.086461 0.886784 1 38 1.000000
  38 -23.596222 -4.020981 -22.513765 -0.334098 -0.229086 -0.914275 0.076254 0.860067 1 38 1.000000
c_metrocop_hands_sheet
  38 -23.333668 -3.978043 -22.506273 0.519471 -0.008004 -0.854450 0.058030 0.857808 1 38 1.000000
  38 -23.373468 -4.150701 -22.433712 0.407854 -0.751384 -0.518726 0.068613 0.887713 1 38 1.000000
  38 -23.596222 -4.020981 -22.513765 -0.334098 -0.229086 -0.914275 0.076254 0.860067 1 38 1.000000
c_metrocop_hands_sheet
  38 -23.531021 -3.847780 -22.487120 -0.094730 0.511530 -0.854028 0.063349 0.822747 1 38 1.000000
  38 -23.333668 -3.978043 -22.506273 0.519471 -0.008004 -0.854450 0.058030 0.857808 1 38 1.000000
  38 -23.596222 -4.020981 -22.513765 -0.334098 -0.229086 -0.914275 0.076254 0.860067 1 38 1.000000
c_metrocop_hands_sheet
  38 -23.791945 -3.934913 -22.364462 -0.878427 -0.008210 -0.477806 0.083131 0.834174 1 38 1.000000
  38 -23.531021 -3.847780 -22.487120 -0.094730 0.511530 -0.854028 0.063349 0.822747 1 38 1.000000
  38 -23.596222 -4.020981 -22.513765 -0.334098 -0.229086 -0.914275 0.076254 0.860067 1 38 1.000000
c_metrocop_hands_sheet
  38 -23.705879 -4.113150 -22.338654 -0.678242 -0.698749 -0.227459 0.097119 0.865697 1 38 1.000000
  38 -23.791945 -3.934913 -22.364462 -0.878427 -0.008210 -0.477806 0.083131 0.834174 1 38 1.000000
  38 -23.596222 -4.020981 -22.513765 -0.334098 -0.229086 -0.914275 0.076254 0.860067 1 38 1.000000
c_metrocop_hands_sheet
  38 -23.705879 -4.113150 -22.338654 -0.678242 -0.698749 -0.227459 0.097119 0.865697 1 38 1.000000
  38 -23.877558 -3.636137 -21.894108 -0.988613 0.138591 -0.058629 0.105418 0.793250 1 38 1.000000
  38 -23.791945 -3.934913 -22.364462 -0.878427 -0.008210 -0.477806 0.083131 0.834174 1 38 1.000000
c_metrocop_hands_sheet
  38 -23.705879 -4.113150 -22.338654 -0.678242 -0.698749 -0.227459 0.097119 0.865697 1 38 1.000000
  38 -23.753994 -3.915118 -21.844503 -0.830067 -0.534513 0.159009 0.120765 0.816479 1 38 1.000000
  38 -23.877558 -3.636137 -21.894108 -0.988613 0.138591 -0.058629 0.105418 0.793250 1 38 1.000000
c_metrocop_hands_sheet
  38 -23.753994 -3.915118 -21.844503 -0.830067 -0.534513 0.159009 0.120765 0.816479 1 38 1.000000
  38 -23.756172 -3.546050 -21.282837 -0.963911 0.111918 0.241556 0.127013 0.749503 2 38 0.720217 37 0.279783
  38 -23.877558 -3.636137 -21.894108 -0.988613 0.138591 -0.058629 0.105418 0.793250 1 38 1.000000
c_metrocop_hands_sheet
  38 -23.753994 -3.915118 -21.844503 -0.830067 -0.534513 0.159009 0.120765 0.816479 1 38 1.000000
  38 -23.675430 -3.858415 -21.213264 -0.807723 -0.527276 0.263750 0.137638 0.767782 2 38 0.803523 37 0.196477
  38 -23.756172 -3.546050 -21.282837 -0.963911 0.111918 0.241556 0.127013 0.749503 2 38 0.720217 37 0.279783
c_metrocop_hands_sheet
  38 -23.675430 -3.858415 -21.213264 -0.807723 -0.527276 0.263750 0.137638 0.767782 2 38 0.803523 37 0.196477
  37 -23.616840 -3.483389 -20.853836 -0.955883 0.159009 0.246988 0.134182 0.709415 2 37 0.546713 38 0.453287
  38 -23.756172 -3.546050 -21.282837 -0.963911 0.111918 0.241556 0.127013 0.749503 2 38 0.720217 37 0.279783
c_metrocop_hands_sheet
  38 -23.675430 -3.858415 -21.213264 -0.807723 -0.527276 0.263750 0.137638 0.767782 2 38 0.803523 37 0.196477
  37 -23.491093 -3.846478 -20.786247 -0.780379 -0.519066 0.348684 0.146666 0.729525 2 37 0.545468 38 0.454532
  37 -23.616840 -3.483389 -20.853836 -0.955883 0.159009 0.246988 0.134182 0.709415 2 37 0.546713 38 0.453287
c_metrocop_hands_sheet
  37 -23.491093 -3.846478 -20.786247 -0.780379 -0.519066 0.348684 0.146666 0.729525 2 37 0.545468 38 0.454532
  37 -23.524103 -3.355213 -20.474583 -0.999918 -0.012323 -0.003389 0.148535 0.640660 2 37 0.860460 38 0.139540
  37 -23.616840 -3.483389 -20.853836 -0.955883 0.159009 0.246988 0.134182 0.709415 2 37 0.546713 38 0.453287
c_metrocop_hands_sheet
  37 -23.616840 -3.483389 -20.853836 -0.955883 0.159009 0.246988 0.134182 0.709415 2 37 0.546713 38 0.453287
  37 -23.524103 -3.355213 -20.474583 -0.999918 -0.012323 -0.003389 0.148535 0.640660 2 37 0.860460 38 0.139540
  37 -23.386166 -3.135961 -20.684650 -0.629754 0.664094 -0.402975 0.135709 0.627389 2 37 0.726433 38 0.273567
c_metrocop_hands_sheet
  37 -23.524103 -3.355213 -20.474583 -0.999918 -0.012323 -0.003389 0.148535 0.640660 2 37 0.860460 38 0.139540
  37 -23.470306 -2.737027 -20.335224 -0.490869 0.007446 -0.871201 0.162586 0.602320 2 37 0.537033 36 0.462967
  37 -23.386166 -3.135961 -20.684650 -0.629754 0.664094 -0.402975 0.135709 0.627389 2 37 0.726433 38 0.273567
c_metrocop_hands_sheet
  37 -23.386166 -3.135961 -20.684650 -0.629754 0.664094 -0.402975 0.135709 0.627389 2 37 0.726433 38 0.273567
  37 -23.470306 -2.737027 -20.335224 -0.490869 0.007446 -0.871201 0.162586 0.602320 2 37 0.537033 36 0.462967
  37 -22.850054 -2.682443 -20.401361 0.192644 0.361623 -0.912204 0.147999 0.558407 2 37 0.527225 36 0.472775
c_metrocop_hands_sheet
  37 -23.470306 -2.737027 -20.335224 -0.490869 0.007446 -0.871201 0.162586 0.602320 2 37 0.537033 36 0.462967
  36 -22.701620 -2.088372 -20.346537 0.374753 0.133793 -0.917420 0.189264 0.532827 2 36 0.533639 37 0.466361
  37 -22.850054 -2.682443 -20.401361 0.192644 0.361623 -0.912204 0.147999 0.558407 2 37 0.527225 36 0.472775
c_metrocop_hands_sheet
  37 -22.850054 -2.682443 -20.401361 0.192644 0.361623 -0.912204 0.147999 0.558407 2 37 0.527225 36 0.472775
  36 -22.701620 -2.088372 -20.346537 0.374753 0.133793 -0.917420 0.189264 0.532827 2 36 0.533639 37 0.466361
  36 -22.206642 -2.678572 -20.073044 0.848925 0.003748 -0.528500 0.143979 0.459483 2 36 0.521937 37 0.478063
c_metrocop_hands_sheet
  36 -22.701620 -2.088372 -20.346537 0.374753 0.133793 -0.917420 0.189264 0.532827 2 36 0.533639 37 0.466361
  36 -22.084293 -2.067278 -19.801006 0.918512 0.048917 -0.392356 0.168957 0.422394 2 36 0.642771 37 0.357229
  36 -22.206642 -2.678572 -20.073044 0.848925 0.003748 -0.528500 0.143979 0.459483 2 36 0.521937 37 0.478063
c_metrocop_hands_sheet
  38 -23.541153 -4.180676 -22.368866 -0.163675 -0.937205 -0.307990 0.086461 0.886784 1 38 1.000000
  38 -23.705879 -4.113150 -22.338654 -0.678242 -0.698749 -0.227459 0.097119 0.865697 1 38 1.000000
  38 -23.596222 -4.020981 -22.513765 -0.334098 -0.229086 -0.914275 0.076254 0.860067 1 38 1.000000
c_metrocop_hands_sheet
  23 -24.129482 -0.481111 -20.595659 0.540212 0.119818 -0.832955 0.311027 0.707402 2 23 0.616309 27 0.383691
  23 -23.173935 -1.011206 -20.242355 0.445972 0.240916 -0.862014 0.266486 0.574558 2 23 0.757506 36 0.242494
  36 -23.553070 -1.832497 -20.499126 0.254254 -0.049140 -0.965888 0.214463 0.633604 2 36 0.524177 37 0.475823
c_metrocop_hands_sheet
  23 -24.129482 -0.481111 -20.595659 0.540212 0.119818 -0.832955 0.311027 0.707402 2 23 0.616309 27 0.383691
  23 -22.919373 -0.337129 -19.744011 0.670102 0.346024 -0.656681 0.315152 0.496378 2 23 0.833192 22 0.166808
  23 -23.173935 -1.011206 -20.242355 0.445972 0.240916 -0.862014 0.266486 0.574558 2 23 0.757506 36 0.242494
c_metrocop_hands_sheet
  23 -23.173935 -1.011206 -20.242355 0.445972 0.240916 -0.862014 0.266486 0.574558 2 23 0.757506 36 0.242494
  23 -22.919373 -0.337129 -19.744011 0.670102 0.346024 -0.656681 0.315152 0.496378 2 23 0.833192 22 0.166808
  36 -22.491062 -1.221035 -19.955206 0.643899 0.346759 -0.682021 0.246849 0.475504 2 36 0.505729 23 0.494271
c_metrocop_hands_sheet
  23 -22.919373 -0.337129 -19.744011 0.670102 0.346024 -0.656681 0.315152 0.496378 2 23 0.833192 22 0.166808
  23 -21.950489 -1.241664 -18.973148 0.879454 0.088657 -0.467655 0.247018 0.323429 2 23 0.538296 36 0.461704
  36 -22.491062 -1.221035 -19.955206 0.643899 0.346759 -0.682021 0.246849 0.475504 2 36 0.505729 23 0.494271
c_metrocop_hands_sheet
  36 -22.491062 -1.221035 -19.955206 0.643899 0.346759 -0.682021 0.246849 0.475504 2 36 0.505729 23 0.494271
  23 -21.950489 -1.241664 -18.973148 0.879454 0.088657 -0.467655 0.247018 0.323429 2 23 0.538296 36 0.461704
  36 -22.084293 -2.067278 -19.801006 0.918512 0.048917 -0.392356 0.168957 0.422394 2 36 0.642771 37 0.357229
c_metrocop_hands_sheet
  36 -22.701620 -2.088372 -20.346537 0.374753 0.133793 -0.917420 0.189264 0.532827 2 36 0.533639 37 0.466361
  36 -22.491062 -1.221035 -19.955206 0.643899 0.346759 -0.682021 0.246849 0.475504 2 36 0.505729 23 0.494271
  36 -22.084293 -2.067278 -19.801006 0.918512 0.048917 -0.392356 0.168957 0.422394 2 36 0.642771 37 0.357229
c_metrocop_hands_sheet
  36 -23.553070 -1.832497 -20.499126 0.254254 -0.049140 -0.965888 0.214463 0.633604 2 36 0.524177 37 0.475823
  36 -22.491062 -1.221035 -19.955206 0.643899 0.346759 -0.682021 0.246849 0.475504 2 36 0.505729 23 0.494271
  36 -22.701620 -2.088372 -20.346537 0.374753 0.133793 -0.917420 0.189264 0.532827 2 36 0.533639 37 0.466361
c_metrocop_hands_sheet
  37 -23.470306 -2.737027 -20.335224 -0.490869 0.007446 -0.871201 0.162586 0.602320 2 37 0.537033 36 0.462967
  36 -23.553070 -1.832497 -20.499126 0.254254 -0.049140 -0.965888 0.214463 0.633604 2 36 0.524177 37 0.475823
  36 -22.701620 -2.088372 -20.346537 0.374753 0.133793 -0.917420 0.189264 0.532827 2 36 0.533639 37 0.466361
c_metrocop_hands_sheet
  37 -23.470306 -2.737027 -20.335224 -0.490869 0.007446 -0.871201 0.162586 0.602320 2 37 0.537033 36 0.462967
  37 -23.749722 -2.676008 -20.216238 -0.193736 -0.630979 -0.751220 0.167760 0.644445 2 37 0.505325 36 0.494675
  36 -23.553070 -1.832497 -20.499126 0.254254 -0.049140 -0.965888 0.214463 0.633604 2 36 0.524177 37 0.475823
c_metrocop_hands_sheet
  36 -23.616806 -2.996296 -19.920620 -0.759476 -0.643497 -0.095432 0.179812 0.592393 2 36 0.519727 37 0.480273
  37 -23.749722 -2.676008 -20.216238 -0.193736 -0.630979 -0.751220 0.167760 0.644445 2 37 0.505325 36 0.494675
  37 -23.470306 -2.737027 -20.335224 -0.490869 0.007446 -0.871201 0.162586 0.602320 2 37 0.537033 36 0.462967
c_metrocop_hands_sheet
  37 -23.524103 -3.355213 -20.474583 -0.999918 -0.012323 -0.003389 0.148535 0.640660 2 37 0.860460 38 0.139540
  36 -23.616806 -2.996296 -19.920620 -0.759476 -0.643497 -0.095432 0.179812 0.592393 2 36 0.519727 37 0.480273
  37 -23.470306 -2.737027 -20.335224 -0.490869 0.007446 -0.871201 0.162586 0.602320 2 37 0.537033 36 0.462967
c_metrocop_hands_sheet
  37 -23.405258 -3.703496 -20.462515 -0.749688 -0.560731 0.351495 0.151523 0.664960 1 37 1.000000
  36 -23.616806 -2.996296 -19.920620 -0.759476 -0.643497 -0.095432 0.179812 0.592393 2 36 0.519727 37 0.480273
  37 -23.524103 -3.355213 -20.474583 -0.999918 -0.012323 -0.003389 0.148535 0.640660 2 37 0.860460 38 0.139540
c_metrocop_hands_sheet
  37 -23.491093 -3.846478 -20.786247 -0.780379 -0.519066 0.348684 0.146666 0.729525 2 37 0.545468 38 0.454532
  37 -23.405258 -3.703496 -20.462515 -0.749688 -0.560731 0.351495 0.151523 0.664960 1 37 1.000000
  37 -23.524103 -3.355213 -20.474583 -0.999918 -0.012323 -0.003389 0.148535 0.640660 2 37 0.860460 38 0.139540
c_metrocop_hands_sheet
  36 -23.553070 -1.832497 -20.499126 0.254254 -0.049140 -0.965888 0.214463 0.633604 2 36 0.524177 37 0.475823
  23 -23.173935 -1.011206 -20.242355 0.445972 0.240916 -0.862014 0.266486 0.574558 2 23 0.757506 36 0.242494
  36 -22.491062 -1.221035 -19.955206 0.643899 0.346759 -0.682021 0.246849 0.475504 2 36 0.505729 23 0.494271
c_metrocop_hands_sheet
  23 -24.606319 -2.618136 -20.521082 0.255625 -0.839857 -0.478848 0.165329 0.760296 3 23 0.515473 33 0.413874 30 0.070653
  36 -23.553070 -1.832497 -20.499126 0.254254 -0.049140 -0.965888 0.214463 0.633604 2 36 0.524177 37 0.475823
  37 -23.749722 -2.676008 -20.216238 -0.193736 -0.630979 -0.751220 0.167760 0.644445 2 37 0.505325 36 0.494675
c_metrocop_hands_sheet
  36 -22.206642 -2.678572 -20.073044 0.848925 0.003748 -0.528500 0.143979 0.459483 2 36 0.521937 37 0.478063
  36 -22.084293 -2.067278 -19.801006 0.918512 0.048917 -0.392356 0.168957 0.422394 2 36 0.642771 37 0.357229
  36 -22.129574 -2.312287 -19.245224 0.964836 -0.201461 0.168835 0.155073 0.374115 2 36 0.819871 37 0.180129
c_metrocop_hands_sheet
  36 -22.084293 -2.067278 -19.801006 0.918512 0.048917 -0.392356 0.168957 0.422394 2 36 0.642771 37 0.357229
  23 -21.950489 -1.241664 -18.973148 0.879454 0.088657 -0.467655 0.247018 0.323429 2 23 0.538296 36 0.461704
  36 -22.129574 -2.312287 -19.245224 0.964836 -0.201461 0.168835 0.155073 0.374115 2 36 0.819871 37 0.180129
c_metrocop_hands_sheet
  23 -21.950489 -1.241664 -18.973148 0.879454 0.088657 -0.467655 0.247018 0.323429 2 23 0.538296 36 0.461704
  36 -22.250154 -2.027551 -18.585348 0.821320 -0.567835 -0.054747 0.182688 0.316136 2 36 0.901410 23 0.098590
  36 -22.129574 -2.312287 -19.245224 0.964836 -0.201461 0.168835 0.155073 0.374115 2 36 0.819871 37 0.180129
c_metrocop_hands_sheet
  22 -21.408417 -2.092350 -17.714579 0.474911 -0.695016 -0.539826 0.188700 0.231014 2 22 0.587568 23 0.412432
  36 -22.250154 -2.027551 -18.585348 0.821320 -0.567835 -0.054747 0.182688 0.316136 2 36 0.901410 23 0.098590
  23 -21.950489 -1.241664 -18.973148 0.879454 0.088657 -0.467655 0.247018 0.323429 2 23 0.538296 36 0.461704
c_metrocop_hands_sheet
  22 -21.408417 -2.092350 -17.714579 0.474911 -0.695016 -0.539826 0.188700 0.231014 2 22 0.587568 23 0.412432
  23 -21.950489 -1.241664 -18.973148 0.879454 0.088657 -0.467655 0.247018 0.323429 2 23 0.538296 36 0.461704
  22 -21.062115 -0.765393 -17.774231 0.719852 0.000763 -0.694127 0.278567 0.194150 2 22 0.661457 23 0.338543
c_metrocop_hands_sheet
  23 -22.476732 -0.283271 -18.988981 0.749820 0.283278 -0.597933 0.319937 0.376283 2 23 0.665191 22 0.334809
  22 -21.062115 -0.765393 -17.774231 0.719852 0.000763 -0.694127 0.278567 0.194150 2 22 0.661457 23 0.338543
  23 -21.950489 -1.241664 -18.973148 0.879454 0.088657 -0.467655 0.247018 0.323429 2 23 0.538296 36 0.461704
c_metrocop_hands_sheet
  23 -22.919373 -0.337129 -19.744011 0.670102 0.346024 -0.656681 0.315152 0.496378 2 23 0.833192 22 0.166808
  23 -22.476732 -0.283271 -18.988981 0.749820 0.283278 -0.597933 0.319937 0.376283 2 23 0.665191 22 0.334809
  23 -21.950489 -1.241664 -18.973148 0.879454 0.088657 -0.467655 0.247018 0.323429 2 23 0.538296 36 0.461704
c_metrocop_hands_sheet
  23 -22.688622 0.463027 -19.014362 0.660032 0.484062 -0.574492 0.374633 0.397773 2 23 0.650082 22 0.349918
  23 -22.476732 -0.283271 -18.988981 0.749820 0.283278 -0.597933 0.319937 0.376283 2 23 0.665191 22 0.334809
  23 -22.919373 -0.337129 -19.744011 0.670102 0.346024 -0.656681 0.315152 0.496378 2 23 0.833192 22 0.166808
c_metrocop_hands_sheet
  23 -22.688622 0.463027 -19.014362 0.660032 0.484062 -0.574492 0.374633 0.397773 2 23 0.650082 22 0.349918
  23 -22.919373 -0.337129 -19.744011 0.670102 0.346024 -0.656681 0.315152 0.496378 2 23 0.833192 22 0.166808
  23 -23.159798 0.450937 -19.652027 0.664132 0.403406 -0.629438 0.373929 0.509346 2 23 0.712885 24 0.287115
c_metrocop_hands_sheet
  23 -23.159798 0.450937 -19.652027 0.664132 0.403406 -0.629438 0.373929 0.509346 2 23 0.712885 24 0.287115
  23 -23.001930 0.836321 -18.817743 0.459469 0.851096 -0.254016 0.415208 0.416535 2 23 0.652173 22 0.347827
  23 -22.688622 0.463027 -19.014362 0.660032 0.484062 -0.574492 0.374633 0.397773 2 23 0.650082 22 0.349918
c_metrocop_hands_sheet
  23 -23.159798 0.450937 -19.652027 0.664132 0.403406 -0.629438 0.373929 0.509346 2 23 0.712885 24 0.287115
  23 -23.398827 1.036677 -19.434753 0.543896 0.765899 -0.342894 0.425481 0.535551 2 23 0.544731 24 0.455269
  23 -23.001930 0.836321 -18.817743 0.459469 0.851096 -0.254016 0.415208 0.416535 2 23 0.652173 22 0.347827
c_metrocop_hands_sheet
  23 -23.460768 0.987633 -18.421906 0.020448 0.990224 0.137976 0.475238 0.427201 2 23 0.662408 22 0.337592
  23 -23.001930 0.836321 -18.817743 0.459469 0.851096 -0.254016 0.415208 0.416535 2 23 0.652173 22 0.347827
  23 -23.398827 1.036677 -19.434753 0.543896 0.765899 -0.342894 0.425481 0.535551 2 23 0.544731 24 0.455269
c_metrocop_hands_sheet
  23 -23.460768 0.987633 -18.421906 0.020448 0.990224 0.137976 0.475238 0.427201 2 23 0.662408 22 0.337592
  23 -23.398827 1.036677 -19.434753 0.543896 0.765899 -0.342894 0.425481 0.535551 2 23 0.544731 24 0.455269
  23 -23.768806 1.186211 -19.110935 0.086490 0.989114 0.119052 0.455494 0.528802 2 23 0.502357 24 0.497643
c_metrocop_hands_sheet
  23 -23.768806 1.186211 -19.110935 0.086490 0.989114 0.119052 0.455494 0.528802 2 23 0.502357 24 0.497643
  24 -24.485395 0.957225 -18.988548 -0.528230 0.678938 0.509919 0.512356 0.579812 2 24 0.609307 23 0.390693
  23 -23.460768 0.987633 -18.421906 0.020448 0.990224 0.137976 0.475238 0.427201 2 23 0.662408 22 0.337592
c_metrocop_hands_sheet
  24 -24.748362 1.215344 -19.939959 -0.143164 0.985979 0.085725 0.475712 0.693606 2 24 0.875769 25 0.124231
  24 -24.485395 0.957225 -18.988548 -0.528230 0.678938 0.509919 0.512356 0.579812 2 24 0.609307 23 0.390693
  23 -23.768806 1.186211 -19.110935 0.086490 0.989114 0.119052 0.455494 0.528802 2 23 0.502357 24 0.497643
c_metrocop_hands_sheet
  24 -25.137094 0.904251 -19.664091 -0.641175 0.591766 0.488577 0.503611 0.698441 2 24 0.897246 27 0.102754
  24 -24.485395 0.957225 -18.988548 -0.528230 0.678938 0.509919 0.512356 0.579812 2 24 0.609307 23 0.390693
  24 -24.748362 1.215344 -19.939959 -0.143164 0.985979 0.085725 0.475712 0.693606 2 24 0.875769 25 0.124231
c_metrocop_hands_sheet
  24 -25.137094 0.904251 -19.664091 -0.641175 0.591766 0.488577 0.503611 0.698441 2 24 0.897246 27 0.102754
  24 -24.748362 1.215344 -19.939959 -0.143164 0.985979 0.085725 0.475712 0.693606 2 24 0.875769 25 0.124231
  24 -25.754206 0.890335 -20.570324 -0.783020 0.620692 0.040252 0.498977 0.822324 2 24 0.906493 25 0.093507
c_metrocop_hands_sheet
  24 -25.754206 0.890335 -20.570324 -0.783020 0.620692 0.040252 0.498977 0.822324 2 24 0.906493 25 0.093507
  24 -25.858170 0.659170 -20.489885 -0.964675 0.203044 0.167853 0.513144 0.815206 2 24 0.917725 27 0.082275
  24 -25.137094 0.904251 -19.664091 -0.641175 0.591766 0.488577 0.503611 0.698441 2 24 0.897246 27 0.102754
c_metrocop_hands_sheet
  24 -25.137094 0.904251 -19.664091 -0.641175 0.591766 0.488577 0.503611 0.698441 2 24 0.897246 27 0.102754
  24 -25.858170 0.659170 -20.489885 -0.964675 0.203044 0.167853 0.513144 0.815206 2 24 0.917725 27 0.082275
  24 -25.855379 0.270994 -20.497883 -0.959210 0.195017 0.204658 0.535661 0.819550 2 24 0.792407 27 0.207593
c_metrocop_hands_sheet
  24 -24.485395 0.957225 -18.988548 -0.528230 0.678938 0.509919 0.512356 0.579812 2 24 0.609307 23 0.390693
  24 -25.137094 0.904251 -19.664091 -0.641175 0.591766 0.488577 0.503611 0.698441 2 24 0.897246 27 0.102754
  27 -25.408218 -0.029973 -19.509708 -0.763860 0.114417 0.635159 0.550462 0.706778 2 27 0.527097 24 0.472903
c_metrocop_hands_sheet
  24 -25.137094 0.904251 -19.664091 -0.641175 0.591766 0.488577 0.503611 0.698441 2 24 0.897246 27 0.102754
  24 -25.855379 0.270994 -20.497883 -0.959210 0.195017 0.204658 0.535661 0.819550 2 24 0.792407 27 0.207593
  27 -25.408218 -0.029973 -19.509708 -0.763860 0.114417 0.635159 0.550462 0.706778 2 27 0.527097 24 0.472903
c_metrocop_hands_sheet
  27 -25.973135 -0.518335 -20.294882 -0.941102 0.097113 0.323875 0.577425 0.807564 2 27 0.768276 23 0.231724
  27 -25.408218 -0.029973 -19.509708 -0.763860 0.114417 0.635159 0.550462 0.706778 2 27 0.527097 24 0.472903
  24 -25.855379 0.270994 -20.497883 -0.959210 0.195017 0.204658 0.535661 0.819550 2 24 0.792407 27 0.207593
c_metrocop_hands_sheet
  22 -21.062115 -0.765393 -17.774231 0.719852 0.000763 -0.694127 0.278567 0.194150 2 22 0.661457 23 0.338543
  23 -22.476732 -0.283271 -18.988981 0.749820 0.283278 -0.597933 0.319937 0.376283 2 23 0.665191 22 0.334809
  23 -22.688622 0.463027 -19.014362 0.660032 0.484062 -0.574492 0.374633 0.397773 2 23 0.650082 22 0.349918
c_metrocop_hands_sheet
  22 -21.062115 -0.765393 -17.774231 0.719852 0.000763 -0.694127 0.278567 0.194150 2 22 0.661457 23 0.338543
  23 -22.688622 0.463027 -19.014362 0.660032 0.484062 -0.574492 0.374633 0.397773 2 23 0.650082 22 0.349918
  22 -21.199722 0.459983 -17.651169 0.579261 0.605785 -0.545418 0.367442 0.191255 2 22 0.603117 23 0.396883
c_metrocop_hands_sheet
  23 -23.001930 0.836321 -18.817743 0.459469 0.851096 -0.254016 0.415208 0.416535 2 23 0.652173 22 0.347827
  22 -21.199722 0.459983 -17.651169 0.579261 0.605785 -0.545418 0.367442 0.191255 2 22 0.603117 23 0.396883
  23 -22.688622 0.463027 -19.014362 0.660032 0.484062 -0.574492 0.374633 0.397773 2 23 0.650082 22 0.349918
c_metrocop_hands_sheet
  23 -23.001930 0.836321 -18.817743 0.459469 0.851096 -0.254016 0.415208 0.416535 2 23 0.652173 22 0.347827
  22 -22.045364 0.921837 -17.047056 0.073763 0.995735 -0.055423 0.427662 0.198377 2 22 0.584465 23 0.415535
  22 -21.199722 0.459983 -17.651169 0.579261 0.605785 -0.545418 0.367442 0.191255 2 22 0.603117 23 0.396883
c_metrocop_hands_sheet
  23 -23.001930 0.836321 -18.817743 0.459469 0.851096 -0.254016 0.415208 0.416535 2 23 0.652173 22 0.347827
  23 -23.460768 0.987633 -18.421906 0.020448 0.990224 0.137976 0.475238 0.427201 2 23 0.662408 22 0.337592
  22 -22.045364 0.921837 -17.047056 0.073763 0.995735 -0.055423 0.427662 0.198377 2 22 0.584465 23 0.415535
c_metrocop_hands_sheet
  23 -23.460768 0.987633 -18.421906 0.020448 0.990224 0.137976 0.475238 0.427201 2 23 0.662408 22 0.337592
  23 -23.865829 0.825666 -18.103212 -0.518553 0.736433 0.434476 0.518703 0.436598 2 23 0.693724 22 0.306276
  22 -22.045364 0.921837 -17.047056 0.073763 0.995735 -0.055423 0.427662 0.198377 2 22 0.584465 23 0.415535
c_metrocop_hands_sheet
  24 -24.485395 0.957225 -18.988548 -0.528230 0.678938 0.509919 0.512356 0.579812 2 24 0.609307 23 0.390693
  23 -23.865829 0.825666 -18.103212 -0.518553 0.736433 0.434476 0.518703 0.436598 2 23 0.693724 22 0.306276
  23 -23.460768 0.987633 -18.421906 0.020448 0.990224 0.137976 0.475238 0.427201 2 23 0.662408 22 0.337592
c_metrocop_hands_sheet
  23 -23.865829 0.825666 -18.103212 -0.518553 0.736433 0.434476 0.518703 0.436598 2 23 0.693724 22 0.306276
  24 -24.485395 0.957225 -18.988548 -0.528230 0.678938 0.509919 0.512356 0.579812 2 24 0.609307 23 0.390693
  23 -24.802750 0.040741 -18.967936 -0.760379 0.174448 0.625613 0.555184 0.586935 2 23 0.790171 24 0.209829
c_metrocop_hands_sheet
  24 -24.485395 0.957225 -18.988548 -0.528230 0.678938 0.509919 0.512356 0.579812 2 24 0.609307 23 0.390693
  27 -25.408218 -0.029973 -19.509708 -0.763860 0.114417 0.635159 0.550462 0.706778 2 27 0.527097 24 0.472903
  23 -24.802750 0.040741 -18.967936 -0.760379 0.174448 0.625613 0.555184 0.586935 2 23 0.790171 24 0.209829
c_metrocop_hands_sheet
  23 -25.354887 -0.707591 -19.560038 -0.761684 0.015412 0.647765 0.585891 0.709341 2 23 0.898283 27 0.101717
  23 -24.802750 0.040741 -18.967936 -0.760379 0.174448 0.625613 0.555184 0.586935 2 23 0.790171 24 0.209829
  27 -25.408218 -0.029973 -19.509708 -0.763860 0.114417 0.635159 0.550462 0.706778 2 27 0.527097 24 0.472903
c_metrocop_hands_sheet
  27 -25.973135 -0.518335 -20.294882 -0.941102 0.097113 0.323875 0.577425 0.807564 2 27 0.768276 23 0.231724
  23 -25.354887 -0.707591 -19.560038 -0.761684 0.015412 0.647765 0.585891 0.709341 2 23 0.898283 27 0.101717
  27 -25.408218 -0.029973 -19.509708 -0.763860 0.114417 0.635159 0.550462 0.706778 2 27 0.527097 24 0.472903
c_metrocop_hands_sheet
  23 -25.400482 -1.379724 -19.531889 -0.771928 -0.113624 0.625473 0.620769 0.711901 1 23 1.000000
  23 -25.354887 -0.707591 -19.560038 -0.761684 0.015412 0.647765 0.585891 0.709341 2 23 0.898283 27 0.101717
  27 -25.973135 -0.518335 -20.294882 -0.941102 0.097113 0.323875 0.577425 0.807564 2 27 0.768276 23 0.231724
c_metrocop_hands_sheet
  23 -25.400482 -1.379724 -19.531889 -0.771928 -0.113624 0.625473 0.620769 0.711901 1 23 1.000000
  27 -25.973135 -0.518335 -20.294882 -0.941102 0.097113 0.323875 0.577425 0.807564 2 27 0.768276 23 0.231724
  30 -25.975567 -1.276303 -20.377726 -0.909843 -0.113685 0.399075 0.616035 0.818902 2 30 0.752912 23 0.247088
c_metrocop_hands_sheet
  23 -25.366858 -2.007719 -19.739304 -0.767580 -0.178262 0.615665 0.653899 0.715840 1 23 1.000000
  23 -25.400482 -1.379724 -19.531889 -0.771928 -0.113624 0.625473 0.620769 0.711901 1 23 1.000000
  30 -25.975567 -1.276303 -20.377726 -0.909843 -0.113685 0.399075 0.616035 0.818902 2 30 0.752912 23 0.247088
c_metrocop_hands_sheet
  23 -25.366858 -2.007719 -19.739304 -0.767580 -0.178262 0.615665 0.653899 0.715840 1 23 1.000000
  30 -25.975567 -1.276303 -20.377726 -0.909843 -0.113685 0.399075 0.616035 0.818902 2 30 0.752912 23 0.247088
  33 -25.885509 -1.847002 -20.383820 -0.891233 -0.104281 0.441394 0.644929 0.820611 2 33 0.657191 30 0.342809
c_metrocop_hands_sheet
  23 -25.366858 -2.007719 -19.739304 -0.767580 -0.178262 0.615665 0.653899 0.715840 1 23 1.000000
  33 -25.885509 -1.847002 -20.383820 -0.891233 -0.104281 0.441394 0.644929 0.820611 2 33 0.657191 30 0.342809
  33 -25.786976 -2.486273 -20.465731 -0.638313 -0.618291 0.458555 0.690835 0.805741 1 33 1.000000
c_metrocop_hands_sheet
  23 -25.366858 -2.007719 -19.739304 -0.767580 -0.178262 0.615665 0.653899 0.715840 1 23 1.000000
  33 -25.786976 -2.486273 -20.465731 -0.638313 -0.618291 0.458555 0.690835 0.805741 1 33 1.000000
  33 -25.444933 -2.424692 -19.917135 -0.685190 -0.494382 0.534885 0.692509 0.723504 2 33 0.827580 23 0.172420
c_metrocop_hands_sheet
  33 -25.244675 -2.605294 -20.107140 -0.267316 -0.942666 0.199807 0.714352 0.723010 2 33 0.580308 23 0.419692
  33 -25.444933 -2.424692 -19.917135 -0.685190 -0.494382 0.534885 0.692509 0.723504 2 33 0.827580 23 0.172420
  33 -25.786976 -2.486273 -20.465731 -0.638313 -0.618291 0.458555 0.690835 0.805741 1 33 1.000000
c_metrocop_hands_sheet
  24 -25.702457 0.498823 -20.917805 -0.932028 0.155832 -0.327168 0.520480 0.869249 2 24 0.938370 25 0.061630
  24 -25.858170 0.659170 -20.489885 -0.964675 0.203044 0.167853 0.513144 0.815206 2 24 0.917725 27 0.082275
  24 -25.754206 0.890335 -20.570324 -0.783020 0.620692 0.040252 0.498977 0.822324 2 24 0.906493 25 0.093507
c_metrocop_hands_sheet
  24 -25.858170 0.659170 -20.489885 -0.964675 0.203044 0.167853 0.513144 0.815206 2 24 0.917725 27 0.082275
  24 -25.702457 0.498823 -20.917805 -0.932028 0.155832 -0.327168 0.520480 0.869249 2 24 0.938370 25 0.061630
  24 -25.855379 0.270994 -20.497883 -0.959210 0.195017 0.204658 0.535661 0.819550 2 24 0.792407 27 0.207593
c_metrocop_hands_sheet
  24 -25.702457 0.498823 -20.917805 -0.932028 0.155832 -0.327168 0.520480 0.869249 2 24 0.938370 25 0.061630
  24 -25.852636 0.242675 -20.892506 -0.888905 0.400536 -0.222305 0.535827 0.869846 2 24 0.655353 27 0.344647
  24 -25.855379 0.270994 -20.497883 -0.959210 0.195017 0.204658 0.535661 0.819550 2 24 0.792407 27 0.207593
c_metrocop_hands_sheet
  24 -25.852636 0.242675 -20.892506 -0.888905 0.400536 -0.222305 0.535827 0.869846 2 24 0.655353 27 0.344647
  27 -25.913237 0.004202 -20.857910 -0.984599 0.153663 -0.083378 0.548753 0.868299 2 27 0.794544 24 0.205456
  24 -25.855379 0.270994 -20.497883 -0.959210 0.195017 0.204658 0.535661 0.819550 2 24 0.792407 27 0.207593
c_metrocop_hands_sheet
  27 -25.913237 0.004202 -20.857910 -0.984599 0.153663 -0.083378 0.548753 0.868299 2 27 0.794544 24 0.205456
  27 -25.973135 -0.518335 -20.294882 -0.941102 0.097113 0.323875 0.577425 0.807564 2 27 0.768276 23 0.231724
  24 -25.855379 0.270994 -20.497883 -0.959210 0.195017 0.204658 0.535661 0.819550 2 24 0.792407 27 0.207593
c_metrocop_hands_sheet
  27 -25.973135 -0.518335 -20.294882 -0.941102 0.097113 0.323875 0.577425 0.807564 2 27 0.768276 23 0.231724
  27 -25.913237 0.004202 -20.857910 -0.984599 0.153663 -0.083378 0.548753 0.868299 2 27 0.794544 24 0.205456
  27 -25.917301 -0.405329 -20.844542 -0.983868 0.007294 -0.178749 0.569657 0.870106 1 27 1.000000
c_metrocop_hands_sheet
  27 -25.917301 -0.405329 -20.844542 -0.983868 0.007294 -0.178749 0.569657 0.870106 1 27 1.000000
  30 -25.945501 -0.743942 -20.977871 -0.818917 0.559170 -0.129244 0.585861 0.889592 1 30 1.000000
  27 -25.973135 -0.518335 -20.294882 -0.941102 0.097113 0.323875 0.577425 0.807564 2 27 0.768276 23 0.231724
c_metrocop_hands_sheet
  27 -25.973135 -0.518335 -20.294882 -0.941102 0.097113 0.323875 0.577425 0.807564 2 27 0.768276 23 0.231724
  30 -25.945501 -0.743942 -20.977871 -0.818917 0.559170 -0.129244 0.585861 0.889592 1 30 1.000000
  30 -26.102911 -1.010052 -20.768808 -0.978997 0.130288 0.156811 0.602038 0.872328 1 30 1.000000
c_metrocop_hands_sheet
  27 -25.973135 -0.518335 -20.294882 -0.941102 0.097113 0.323875 0.577425 0.807564 2 27 0.768276 23 0.231724
  30 -26.102911 -1.010052 -20.768808 -0.978997 0.130288 0.156811 0.602038 0.872328 1 30 1.000000
  30 -25.975567 -1.276303 -20.377726 -0.909843 -0.113685 0.399075 0.616035 0.818902 2 30 0.752912 23 0.247088
c_metrocop_hands_sheet
  30 -26.030748 -1.447824 -20.762014 -0.947072 -0.300125 0.113931 0.623687 0.873378 2 30 0.923002 33 0.076998
  30 -25.975567 -1.276303 -20.377726 -0.909843 -0.113685 0.399075 0.616035 0.818902 2 30 0.752912 23 0.247088
  30 -26.102911 -1.010052 -20.768808 -0.978997 0.130288 0.156811 0.602038 0.872328 1 30 1.000000
c_metrocop_hands_sheet
  30 -26.030748 -1.447824 -20.762014 -0.947072 -0.300125 0.113931 0.623687 0.873378 2 30 0.923002 33 0.076998
  33 -25.885509 -1.847002 -20.383820 -0.891233 -0.104281 0.441394 0.644929 0.820611 2 33 0.657191 30 0.342809
  30 -25.975567 -1.276303 -20.377726 -0.909843 -0.113685 0.399075 0.616035 0.818902 2 30 0.752912 23 0.247088
c_metrocop_hands_sheet
  30 -26.030748 -1.447824 -20.762014 -0.947072 -0.300125 0.113931 0.623687 0.873378 2 30 0.923002 33 0.076998
  33 -25.873255 -1.806904 -20.948051 -0.927597 0.372794 0.024238 0.639455 0.892360 2 33 0.772747 30 0.227253
  33 -25.885509 -1.847002 -20.383820 -0.891233 -0.104281 0.441394 0.644929 0.820611 2 33 0.657191 30 0.342809
c_metrocop_hands_sheet
  33 -25.885509 -1.847002 -20.383820 -0.891233 -0.104281 0.441394 0.644929 0.820611 2 33 0.657191 30 0.342809
  33 -25.873255 -1.806904 -20.948051 -0.927597 0.372794 0.024238 0.639455 0.892360 2 33 0.772747 30 0.227253
  33 -26.071302 -2.035767 -20.706820 -0.911305 0.188429 0.366085 0.654323 0.872072 1 33 1.000000
c_metrocop_hands_sheet
  33 -25.885509 -1.847002 -20.383820 -0.891233 -0.104281 0.441394 0.644929 0.820611 2 33 0.657191 30 0.342809
  33 -26.071302 -2.035767 -20.706820 -0.911305 0.188429 0.366085 0.654323 0.872072 1 33 1.000000
  33 -25.786976 -2.486273 -20.465731 -0.638313 -0.618291 0.458555 0.690835 0.805741 1 33 1.000000
c_metrocop_hands_sheet
  33 -25.786976 -2.486273 -20.465731 -0.638313 -0.618291 0.458555 0.690835 0.805741 1 33 1.000000
  33 -26.071302 -2.035767 -20.706820 -0.911305 0.188429 0.366085 0.654323 0.872072 1 33 1.000000
  33 -25.928154 -2.544484 -20.732241 -0.623666 -0.685739 0.375237 0.694638 0.843137 1 33 1.000000
c_metrocop_hands_sheet
  33 -25.786976 -2.486273 -20.465731 -0.638313 -0.618291 0.458555 0.690835 0.805741 1 33 1.000000
  33 -25.928154 -2.544484 -20.732241 -0.623666 -0.685739 0.375237 0.694638 0.843137 1 33 1.000000
  33 -25.518723 -2.709876 -21.033571 0.023008 -0.999236 0.031585 0.741194 0.822677 1 33 1.000000
c_metrocop_hands_sheet
  33 -25.518723 -2.709876 -21.033571 0.023008 -0.999236 0.031585 0.741194 0.822677 1 33 1.000000
  33 -25.244675 -2.605294 -20.107140 -0.267316 -0.942666 0.199807 0.714352 0.723010 2 33 0.580308 23 0.419692
  33 -25.786976 -2.486273 -20.465731 -0.638313 -0.618291 0.458555 0.690835 0.805741 1 33 1.000000
c_metrocop_hands_sheet
  33 -25.518723 -2.709876 -21.033571 0.023008 -0.999236 0.031585 0.741194 0.822677 1 33 1.000000
  23 -24.606319 -2.618136 -20.521082 0.255625 -0.839857 -0.478848 0.756791 0.701322 3 23 0.515473 33 0.413874 30 0.070653
  33 -25.244675 -2.605294 -20.107140 -0.267316 -0.942666 0.199807 0.714352 0.723010 2 33 0.580308 23 0.419692
c_metrocop_hands_sheet
  33 -25.518723 -2.709876 -21.033571 0.023008 -0.999236 0.031585 0.741194 0.822677 1 33 1.000000
  33 -25.223488 -2.583053 -21.201038 0.552669 -0.698283 -0.454925 0.776065 0.814225 1 33 1.000000
  23 -24.606319 -2.618136 -20.521082 0.255625 -0.839857 -0.478848 0.756791 0.701322 3 23 0.515473 33 0.413874 30 0.070653
c_metrocop_hands_sheet
  33 -25.518723 -2.709876 -21.033571 0.023008 -0.999236 0.031585 0.741194 0.822677 1 33 1.000000
  33 -25.467403 -2.593762 -21.586946 0.666895 -0.689242 -0.283190 0.764216 0.906296 1 33 1.000000
  33 -25.223488 -2.583053 -21.201038 0.552669 -0.698283 -0.454925 0.776065 0.814225 1 33 1.000000
c_metrocop_hands_sheet
  24 -25.702457 0.498823 -20.917805 -0.932028 0.155832 -0.327168 0.520480 0.869249 2 24 0.938370 25 0.061630
  24 -25.754206 0.890335 -20.570324 -0.783020 0.620692 0.040252 0.498977 0.822324 2 24 0.906493 25 0.093507
  24 -25.646961 0.887007 -20.963722 -0.864488 0.490811 -0.108468 0.498962 0.867786 2 24 0.808391 25 0.191609
c_metrocop_hands_sheet
  23 -23.398827 1.036677 -19.434753 0.543896 0.765899 -0.342894 0.425481 0.535551 2 23 0.544731 24 0.455269
  24 -24.748362 1.215344 -19.939959 -0.143164 0.985979 0.085725 0.475712 0.693606 2 24 0.875769 25 0.124231
  23 -23.768806 1.186211 -19.110935 0.086490 0.989114 0.119052 0.455494 0.528802 2 23 0.502357 24 0.497643
c_metrocop_hands_sheet
  23 -23.398827 1.036677 -19.434753 0.543896 0.765899 -0.342894 0.425481 0.535551 2 23 0.544731 24 0.455269
  24 -24.410309 1.105859 -20.191257 0.424802 0.796221 -0.430784 0.431228 0.692568 2 24 0.796808 25 0.203192
  24 -24.748362 1.215344 -19.939959 -0.143164 0.985979 0.085725 0.475712 0.693606 2 24 0.875769 25 0.124231
c_metrocop_hands_sheet
  24 -25.261829 1.153018 -20.701176 -0.165016 0.985215 -0.046055 0.466596 0.806925 2 24 0.806658 25 0.193342
  24 -24.748362 1.215344 -19.939959 -0.143164 0.985979 0.085725 0.475712 0.693606 2 24 0.875769 25 0.124231
  24 -24.410309 1.105859 -20.191257 0.424802 0.796221 -0.430784 0.431228 0.692568 2 24 0.796808 25 0.203192
c_metrocop_hands_sheet
  24 -25.261829 1.153018 -20.701176 -0.165016 0.985215 -0.046055 0.466596 0.806925 2 24 0.806658 25 0.193342
  24 -24.410309 1.105859 -20.191257 0.424802 0.796221 -0.430784 0.431228 0.692568 2 24 0.796808 25 0.203192
  24 -24.820984 1.003511 -20.827974 0.569733 0.703159 -0.425407 0.426825 0.796473 2 24 0.745457 25 0.254543
c_metrocop_hands_sheet
  24 -25.261829 1.153018 -20.701176 -0.165016 0.985215 -0.046055 0.466596 0.806925 2 24 0.806658 25 0.193342
  24 -24.820984 1.003511 -20.827974 0.569733 0.703159 -0.425407 0.426825 0.796473 2 24 0.745457 25 0.254543
  24 -25.224403 1.059626 -21.146143 0.238297 0.943781 -0.229110 0.456075 0.860725 2 24 0.642900 25 0.357100
c_metrocop_hands_sheet
  24 -24.820984 1.003511 -20.827974 0.569733 0.703159 -0.425407 0.426825 0.796473 2 24 0.745457 25 0.254543
  24 -24.948782 0.810866 -21.367971 0.772498 0.626279 -0.104986 0.421881 0.880516 1 24 1.000000
  24 -25.224403 1.059626 -21.146143 0.238297 0.943781 -0.229110 0.456075 0.860725 2 24 0.642900 25 0.357100
c_metrocop_hands_sheet
  24 -25.224403 1.059626 -21.146143 0.238297 0.943781 -0.229110 0.456075 0.860725 2 24 0.642900 25 0.357100
  24 -24.948782 0.810866 -21.367971 0.772498 0.626279 -0.104986 0.421881 0.880516 1 24 1.000000
  24 -25.221067 1.014830 -21.514767 0.268355 0.953506 -0.137154 0.447842 0.907142 1 24 1.000000
c_metrocop_hands_sheet
  24 -25.224403 1.059626 -21.146143 0.238297 0.943781 -0.229110 0.456075 0.860725 2 24 0.642900 25 0.357100
  24 -25.221067 1.014830 -21.514767 0.268355 0.953506 -0.137154 0.447842 0.907142 1 24 1.000000
  24 -25.558018 0.992131 -21.424463 -0.661200 0.725627 -0.190474 0.472152 0.910129 1 24 1.000000
c_metrocop_hands_sheet
  24 -25.443888 1.081044 -21.107224 -0.334980 0.938501 -0.083687 0.471436 0.864600 2 24 0.657393 25 0.342607
  24 -25.224403 1.059626 -21.146143 0.238297 0.943781 -0.229110 0.456075 0.860725 2 24 0.642900 25 0.357100
  24 -25.558018 0.992131 -21.424463 -0.661200 0.725627 -0.190474 0.472152 0.910129 1 24 1.000000
c_metrocop_hands_sheet
  24 -25.443888 1.081044 -21.107224 -0.334980 0.938501 -0.083687 0.471436 0.864600 2 24 0.657393 25 0.342607
  24 -25.558018 0.992131 -21.424463 -0.661200 0.725627 -0.190474 0.472152 0.910129 1 24 1.000000
  24 -25.646961 0.887007 -20.963722 -0.864488 0.490811 -0.108468 0.498962 0.867786 2 24 0.808391 25 0.191609
c_metrocop_hands_sheet
  24 -25.261829 1.153018 -20.701176 -0.165016 0.985215 -0.046055 0.466596 0.806925 2 24 0.806658 25 0.193342
  24 -25.443888 1.081044 -21.107224 -0.334980 0.938501 -0.083687 0.471436 0.864600 2 24 0.657393 25 0.342607
  24 -25.646961 0.887007 -20.963722 -0.864488 0.490811 -0.108468 0.498962 0.867786 2 24 0.808391 25 0.191609
c_metrocop_hands_sheet
  24 -25.261829 1.153018 -20.701176 -0.165016 0.985215 -0.046055 0.466596 0.806925 2 24 0.806658 25 0.193342
  24 -25.646961 0.887007 -20.963722 -0.864488 0.490811 -0.108468 0.498962 0.867786 2 24 0.808391 25 0.191609
  24 -25.754206 0.890335 -20.570324 -0.783020 0.620692 0.040252 0.498977 0.822324 2 24 0.906493 25 0.093507
c_metrocop_hands_sheet
  24 -25.261829 1.153018 -20.701176 -0.165016 0.985215 -0.046055 0.466596 0.806925 2 24 0.806658 25 0.193342
  24 -25.754206 0.890335 -20.570324 -0.783020 0.620692 0.040252 0.498977 0.822324 2 24 0.906493 25 0.093507
  24 -24.748362 1.215344 -19.939959 -0.143164 0.985979 0.085725 0.475712 0.693606 2 24 0.875769 25 0.124231
c_metrocop_hands_sheet
  24 -25.224403 1.059626 -21.146143 0.238297 0.943781 -0.229110 0.456075 0.860725 2 24 0.642900 25 0.357100
  24 -25.443888 1.081044 -21.107224 -0.334980 0.938501 -0.083687 0.471436 0.864600 2 24 0.657393 25 0.342607
  24 -25.261829 1.153018 -20.701176 -0.165016 0.985215 -0.046055 0.466596 0.806925 2 24 0.806658 25 0.193342
c_metrocop_hands_sheet
  23 -23.159798 0.450937 -19.652027 0.664132 0.403406 -0.629438 0.373929 0.509346 2 23 0.712885 24 0.287115
  24 -24.410309 1.105859 -20.191257 0.424802 0.796221 -0.430784 0.431228 0.692568 2 24 0.796808 25 0.203192
  23 -23.398827 1.036677 -19.434753 0.543896 0.765899 -0.342894 0.425481 0.535551 2 23 0.544731 24 0.455269
c_metrocop_hands_sheet
  23 -23.159798 0.450937 -19.652027 0.664132 0.403406 -0.629438 0.373929 0.509346 2 23 0.712885 24 0.287115
  24 -24.200583 0.350934 -20.468094 0.632537 0.282451 -0.721192 0.371465 0.698821 2 24 0.776584 25 0.223416
  24 -24.410309 1.105859 -20.191257 0.424802 0.796221 -0.430784 0.431228 0.692568 2 24 0.796808 25 0.203192
c_metrocop_hands_sheet
  24 -24.200583 0.350934 -20.468094 0.632537 0.282451 -0.721192 0.371465 0.698821 2 24 0.776584 25 0.223416
  24 -24.820984 1.003511 -20.827974 0.569733 0.703159 -0.425407 0.426825 0.796473 2 24 0.745457 25 0.254543
  24 -24.410309 1.105859 -20.191257 0.424802 0.796221 -0.430784 0.431228 0.692568 2 24 0.796808 25 0.203192
c_metrocop_hands_sheet
  24 -24.200583 0.350934 -20.468094 0.632537 0.282451 -0.721192 0.371465 0.698821 2 24 0.776584 25 0.223416
  24 -24.761909 0.473107 -20.983038 0.740204 0.038818 -0.671260 0.382045 0.807450 2 24 0.819049 25 0.180951
  24 -24.820984 1.003511 -20.827974 0.569733 0.703159 -0.425407 0.426825 0.796473 2 24 0.745457 25 0.254543
c_metrocop_hands_sheet
  24 -24.820984 1.003511 -20.827974 0.569733 0.703159 -0.425407 0.426825 0.796473 2 24 0.745457 25 0.254543
  24 -24.761909 0.473107 -20.983038 0.740204 0.038818 -0.671260 0.382045 0.807450 2 24 0.819049 25 0.180951
  24 -24.948782 0.810866 -21.367971 0.772498 0.626279 -0.104986 0.421881 0.880516 1 24 1.000000
c_metrocop_hands_sheet
  24 -24.761909 0.473107 -20.983038 0.740204 0.038818 -0.671260 0.382045 0.807450 2 24 0.819049 25 0.180951
  24 -24.865938 0.612337 -21.297850 0.983570 -0.113196 -0.140630 0.395791 0.866552 1 24 1.000000
  24 -24.948782 0.810866 -21.367971 0.772498 0.626279 -0.104986 0.421881 0.880516 1 24 1.000000
c_metrocop_hands_sheet
  24 -24.761909 0.473107 -20.983038 0.740204 0.038818 -0.671260 0.382045 0.807450 2 24 0.819049 25 0.180951
  24 -25.089703 0.396752 -21.377245 0.554507 -0.823934 -0.116855 0.382416 0.897615 1 24 1.000000
  24 -24.865938 0.612337 -21.297850 0.983570 -0.113196 -0.140630 0.395791 0.866552 1 24 1.000000
c_metrocop_hands_sheet
  24 -25.074198 0.201302 -21.059996 0.599545 -0.075994 -0.796725 0.365425 0.849155 2 24 0.933683 25 0.066317
  24 -25.089703 0.396752 -21.377245 0.554507 -0.823934 -0.116855 0.382416 0.897615 1 24 1.000000
  24 -24.761909 0.473107 -20.983038 0.740204 0.038818 -0.671260 0.382045 0.807450 2 24 0.819049 25 0.180951
c_metrocop_hands_sheet
  24 -25.074198 0.201302 -21.059996 0.599545 -0.075994 -0.796725 0.365425 0.849155 2 24 0.933683 25 0.066317
  24 -25.416866 0.260879 -21.359344 -0.151315 0.411951 -0.898555 0.375908 0.926894 2 24 0.527177 27 0.472823
  24 -25.089703 0.396752 -21.377245 0.554507 -0.823934 -0.116855 0.382416 0.897615 1 24 1.000000
c_metrocop_hands_sheet
  24 -25.074198 0.201302 -21.059996 0.599545 -0.075994 -0.796725 0.365425 0.849155 2 24 0.933683 25 0.066317
  27 -25.144014 -0.000093 -21.386999 0.819351 0.515013 -0.251845 0.353985 0.917975 1 27 1.000000
  24 -25.416866 0.260879 -21.359344 -0.151315 0.411951 -0.898555 0.375908 0.926894 2 24 0.527177 27 0.472823
c_metrocop_hands_sheet
  24 -25.074198 0.201302 -21.059996 0.599545 -0.075994 -0.796725 0.365425 0.849155 2 24 0.933683 25 0.066317
  27 -24.941807 -0.383560 -21.227896 0.605617 -0.102513 -0.789126 0.321547 0.854036 2 27 0.803759 28 0.196241
  27 -25.144014 -0.000093 -21.386999 0.819351 0.515013 -0.251845 0.353985 0.917975 1 27 1.000000
c_metrocop_hands_sheet
  27 -24.941807 -0.383560 -21.227896 0.605617 -0.102513 -0.789126 0.321547 0.854036 2 27 0.803759 28 0.196241
  27 -25.109146 -0.231510 -21.367941 0.916335 -0.059787 -0.395924 0.336099 0.906946 1 27 1.000000
  27 -25.144014 -0.000093 -21.386999 0.819351 0.515013 -0.251845 0.353985 0.917975 1 27 1.000000
c_metrocop_hands_sheet
  27 -24.941807 -0.383560 -21.227896 0.605617 -0.102513 -0.789126 0.321547 0.854036 2 27 0.803759 28 0.196241
  27 -25.198618 -0.492876 -21.369467 0.627528 -0.630946 -0.456196 0.319626 0.923471 1 27 1.000000
  27 -25.109146 -0.231510 -21.367941 0.916335 -0.059787 -0.395924 0.336099 0.906946 1 27 1.000000
c_metrocop_hands_sheet
  27 -25.223211 -0.631370 -21.298588 0.399162 -0.174906 -0.900043 0.306357 0.891759 1 27 1.000000
  27 -25.198618 -0.492876 -21.369467 0.627528 -0.630946 -0.456196 0.319626 0.923471 1 27 1.000000
  27 -24.941807 -0.383560 -21.227896 0.605617 -0.102513 -0.789126 0.321547 0.854036 2 27 0.803759 28 0.196241
c_metrocop_hands_sheet
  27 -25.223211 -0.631370 -21.298588 0.399162 -0.174906 -0.900043 0.306357 0.891759 1 27 1.000000
  27 -25.627317 -0.646713 -21.337494 -0.281173 0.683355 -0.673772 0.311284 0.949788 2 27 0.894565 28 0.105435
  27 -25.198618 -0.492876 -21.369467 0.627528 -0.630946 -0.456196 0.319626 0.923471 1 27 1.000000
c_metrocop_hands_sheet
  30 -25.265156 -0.882670 -21.376804 0.584683 0.300522 -0.753547 0.288456 0.904898 2 30 0.609709 27 0.390291
  27 -25.627317 -0.646713 -21.337494 -0.281173 0.683355 -0.673772 0.311284 0.949788 2 27 0.894565 28 0.105435
  27 -25.223211 -0.631370 -21.298588 0.399162 -0.174906 -0.900043 0.306357 0.891759 1 27 1.000000
c_metrocop_hands_sheet
  30 -25.265156 -0.882670 -21.376804 0.584683 0.300522 -0.753547 0.288456 0.904898 2 30 0.609709 27 0.390291
  30 -25.501032 -0.881059 -21.673639 0.611300 0.709604 -0.350392 0.288809 0.958554 2 30 0.713688 31 0.286312
  27 -25.627317 -0.646713 -21.337494 -0.281173 0.683355 -0.673772 0.311284 0.949788 2 27 0.894565 28 0.105435
c_metrocop_hands_sheet
  30 -25.202650 -1.310730 -21.377514 0.582182 -0.268080 -0.767592 0.257569 0.900295 2 30 0.902191 31 0.097809
  30 -25.501032 -0.881059 -21.673639 0.611300 0.709604 -0.350392 0.288809 0.958554 2 30 0.713688 31 0.286312
  30 -25.265156 -0.882670 -21.376804 0.584683 0.300522 -0.753547 0.288456 0.904898 2 30 0.609709 27 0.390291
c_metrocop_hands_sheet
  24 -24.649681 -0.188289 -21.036442 0.549465 0.050935 -0.833963 0.333786 0.803736 2 24 0.504759 27 0.495241
  24 -24.761909 0.473107 -20.983038 0.740204 0.038818 -0.671260 0.382045 0.807450 2 24 0.819049 25 0.180951
  24 -24.200583 0.350934 -20.468094 0.632537 0.282451 -0.721192 0.371465 0.698821 2 24 0.776584 25 0.223416
c_metrocop_hands_sheet
  24 -25.074198 0.201302 -21.059996 0.599545 -0.075994 -0.796725 0.365425 0.849155 2 24 0.933683 25 0.066317
  24 -24.761909 0.473107 -20.983038 0.740204 0.038818 -0.671260 0.382045 0.807450 2 24 0.819049 25 0.180951
  24 -24.649681 -0.188289 -21.036442 0.549465 0.050935 -0.833963 0.333786 0.803736 2 24 0.504759 27 0.495241
c_metrocop_hands_sheet
  24 -25.074198 0.201302 -21.059996 0.599545 -0.075994 -0.796725 0.365425 0.849155 2 24 0.933683 25 0.066317
  24 -24.649681 -0.188289 -21.036442 0.549465 0.050935 -0.833963 0.333786 0.803736 2 24 0.504759 27 0.495241
  27 -24.941807 -0.383560 -21.227896 0.605617 -0.102513 -0.789126 0.321547 0.854036 2 27 0.803759 28 0.196241
c_metrocop_hands_sheet
  23 -22.919373 -0.337129 -19.744011 0.670102 0.346024 -0.656681 0.315152 0.496378 2 23 0.833192 22 0.166808
  24 -24.200583 0.350934 -20.468094 0.632537 0.282451 -0.721192 0.371465 0.698821 2 24 0.776584 25 0.223416
  23 -23.159798 0.450937 -19.652027 0.664132 0.403406 -0.629438 0.373929 0.509346 2 23 0.712885 24 0.287115
c_metrocop_hands_sheet
  23 -22.919373 -0.337129 -19.744011 0.670102 0.346024 -0.656681 0.315152 0.496378 2 23 0.833192 22 0.166808
  23 -24.129482 -0.481111 -20.595659 0.540212 0.119818 -0.832955 0.311027 0.707402 2 23 0.616309 27 0.383691
  24 -24.200583 0.350934 -20.468094 0.632537 0.282451 -0.721192 0.371465 0.698821 2 24 0.776584 25 0.223416
c_metrocop_hands_sheet
  24 -24.649681 -0.188289 -21.036442 0.549465 0.050935 -0.833963 0.333786 0.803736 2 24 0.504759 27 0.495241
  24 -24.200583 0.350934 -20.468094 0.632537 0.282451 -0.721192 0.371465 0.698821 2 24 0.776584 25 0.223416
  23 -24.129482 -0.481111 -20.595659 0.540212 0.119818 -0.832955 0.311027 0.707402 2 23 0.616309 27 0.383691
c_metrocop_hands_sheet
  27 -24.830765 -0.829346 -20.965473 0.546022 0.065252 -0.835226 0.290812 0.818925 2 27 0.528554 30 0.471446
  24 -24.649681 -0.188289 -21.036442 0.549465 0.050935 -0.833963 0.333786 0.803736 2 24 0.504759 27 0.495241
  23 -24.129482 -0.481111 -20.595659 0.540212 0.119818 -0.832955 0.311027 0.707402 2 23 0.616309 27 0.383691
c_metrocop_hands_sheet
  27 -24.941807 -0.383560 -21.227896 0.605617 -0.102513 -0.789126 0.321547 0.854036 2 27 0.803759 28 0.196241
  24 -24.649681 -0.188289 -21.036442 0.549465 0.050935 -0.833963 0.333786 0.803736 2 24 0.504759 27 0.495241
  27 -24.830765 -0.829346 -20.965473 0.546022 0.065252 -0.835226 0.290812 0.818925 2 27 0.528554 30 0.471446
c_metrocop_hands_sheet
  27 -25.223211 -0.631370 -21.298588 0.399162 -0.174906 -0.900043 0.306357 0.891759 1 27 1.000000
  27 -24.941807 -0.383560 -21.227896 0.605617 -0.102513 -0.789126 0.321547 0.854036 2 27 0.803759 28 0.196241
  27 -24.830765 -0.829346 -20.965473 0.546022 0.065252 -0.835226 0.290812 0.818925 2 27 0.528554 30 0.471446
c_metrocop_hands_sheet
  30 -25.265156 -0.882670 -21.376804 0.584683 0.300522 -0.753547 0.288456 0.904898 2 30 0.609709 27 0.390291
  27 -25.223211 -0.631370 -21.298588 0.399162 -0.174906 -0.900043 0.306357 0.891759 1 27 1.000000
  27 -24.830765 -0.829346 -20.965473 0.546022 0.065252 -0.835226 0.290812 0.818925 2 27 0.528554 30 0.471446
c_metrocop_hands_sheet
  30 -25.265156 -0.882670 -21.376804 0.584683 0.300522 -0.753547 0.288456 0.904898 2 30 0.609709 27 0.390291
  27 -24.830765 -0.829346 -20.965473 0.546022 0.065252 -0.835226 0.290812 0.818925 2 27 0.528554 30 0.471446
  30 -24.676704 -1.461079 -21.102646 0.525267 0.006258 -0.850915 0.243627 0.818759 2 30 0.680762 33 0.319238
c_metrocop_hands_sheet
  30 -25.202650 -1.310730 -21.377514 0.582182 -0.268080 -0.767592 0.257569 0.900295 2 30 0.902191 31 0.097809
  30 -25.265156 -0.882670 -21.376804 0.584683 0.300522 -0.753547 0.288456 0.904898 2 30 0.609709 27 0.390291
  30 -24.676704 -1.461079 -21.102646 0.525267 0.006258 -0.850915 0.243627 0.818759 2 30 0.680762 33 0.319238
c_metrocop_hands_sheet
  30 -25.202650 -1.310730 -21.377514 0.582182 -0.268080 -0.767592 0.257569 0.900295 2 30 0.902191 31 0.097809
  30 -24.676704 -1.461079 -21.102646 0.525267 0.006258 -0.850915 0.243627 0.818759 2 30 0.680762 33 0.319238
  30 -25.431879 -1.562520 -21.296230 0.474266 -0.335496 -0.813950 0.242666 0.917818 2 30 0.893677 33 0.106323
c_metrocop_hands_sheet
  30 -24.676704 -1.461079 -21.102646 0.525267 0.006258 -0.850915 0.243627 0.818759 2 30 0.680762 33 0.319238
  33 -24.888176 -2.035020 -21.162374 0.572942 -0.168346 -0.802120 0.204762 0.849501 2 33 0.826471 30 0.173529
  30 -25.431879 -1.562520 -21.296230 0.474266 -0.335496 -0.813950 0.242666 0.917818 2 30 0.893677 33 0.106323
c_metrocop_hands_sheet
  30 -25.431879 -1.562520 -21.296230 0.474266 -0.335496 -0.813950 0.242666 0.917818 2 30 0.893677 33 0.106323
  33 -24.888176 -2.035020 -21.162374 0.572942 -0.168346 -0.802120 0.204762 0.849501 2 33 0.826471 30 0.173529
  33 -25.303453 -1.919739 -21.397612 0.498313 0.311692 -0.809032 0.215397 0.915657 2 33 0.881720 30 0.118280
c_metrocop_hands_sheet
  33 -24.888176 -2.035020 -21.162374 0.572942 -0.168346 -0.802120 0.204762 0.849501 2 33 0.826471 30 0.173529
  33 -25.248598 -2.237142 -21.372654 0.752899 -0.059635 -0.655429 0.192592 0.908877 1 33 1.000000
  33 -25.303453 -1.919739 -21.397612 0.498313 0.311692 -0.809032 0.215397 0.915657 2 33 0.881720 30 0.118280
c_metrocop_hands_sheet
  33 -24.888176 -2.035020 -21.162374 0.572942 -0.168346 -0.802120 0.204762 0.849501 2 33 0.826471 30 0.173529
  33 -25.223488 -2.583053 -21.201038 0.552669 -0.698283 -0.454925 0.169127 0.891187 1 33 1.000000
  33 -25.248598 -2.237142 -21.372654 0.752899 -0.059635 -0.655429 0.192592 0.908877 1 33 1.000000
c_metrocop_hands_sheet
  33 -24.888176 -2.035020 -21.162374 0.572942 -0.168346 -0.802120 0.204762 0.849501 2 33 0.826471 30 0.173529
  23 -24.606319 -2.618136 -20.521082 0.255625 -0.839857 -0.478848 0.165329 0.760296 3 23 0.515473 33 0.413874 30 0.070653
  33 -25.223488 -2.583053 -21.201038 0.552669 -0.698283 -0.454925 0.169127 0.891187 1 33 1.000000
c_metrocop_hands_sheet
  33 -24.888176 -2.035020 -21.162374 0.572942 -0.168346 -0.802120 0.204762 0.849501 2 33 0.826471 30 0.173529
  30 -24.276812 -1.702961 -20.732895 0.487659 -0.148565 -0.860301 0.225167 0.741791 2 30 0.800854 33 0.199146
  23 -24.606319 -2.618136 -20.521082 0.255625 -0.839857 -0.478848 0.165329 0.760296 3 23 0.515473 33 0.413874 30 0.070653
c_metrocop_hands_sheet
  30 -24.276812 -1.702961 -20.732895 0.487659 -0.148565 -0.860301 0.225167 0.741791 2 30 0.800854 33 0.199146
  36 -23.553070 -1.832497 -20.499126 0.254254 -0.049140 -0.965888 0.214463 0.633604 2 36 0.524177 37 0.475823
  23 -24.606319 -2.618136 -20.521082 0.255625 -0.839857 -0.478848 0.165329 0.760296 3 23 0.515473 33 0.413874 30 0.070653
c_metrocop_hands_sheet
  30 -24.276812 -1.702961 -20.732895 0.487659 -0.148565 -0.860301 0.225167 0.741791 2 30 0.800854 33 0.199146
  23 -24.129482 -0.481111 -20.595659 0.540212 0.119818 -0.832955 0.311027 0.707402 2 23 0.616309 27 0.383691
  36 -23.553070 -1.832497 -20.499126 0.254254 -0.049140 -0.965888 0.214463 0.633604 2 36 0.524177 37 0.475823
c_metrocop_hands_sheet
  33 -24.888176 -2.035020 -21.162374 0.572942 -0.168346 -0.802120 0.204762 0.849501 2 33 0.826471 30 0.173529
  30 -24.676704 -1.461079 -21.102646 0.525267 0.006258 -0.850915 0.243627 0.818759 2 30 0.680762 33 0.319238
  30 -24.276812 -1.702961 -20.732895 0.487659 -0.148565 -0.860301 0.225167 0.741791 2 30 0.800854 33 0.199146
c_metrocop_hands_sheet
  30 -24.676704 -1.461079 -21.102646 0.525267 0.006258 -0.850915 0.243627 0.818759 2 30 0.680762 33 0.319238
  23 -24.129482 -0.481111 -20.595659 0.540212 0.119818 -0.832955 0.311027 0.707402 2 23 0.616309 27 0.383691
  30 -24.276812 -1.702961 -20.732895 0.487659 -0.148565 -0.860301 0.225167 0.741791 2 30 0.800854 33 0.199146
c_metrocop_hands_sheet
  30 -24.676704 -1.461079 -21.102646 0.525267 0.006258 -0.850915 0.243627 0.818759 2 30 0.680762 33 0.319238
  27 -24.830765 -0.829346 -20.965473 0.546022 0.065252 -0.835226 0.290812 0.818925 2 27 0.528554 30 0.471446
  23 -24.129482 -0.481111 -20.595659 0.540212 0.119818 -0.832955 0.311027 0.707402 2 23 0.616309 27 0.383691
c_metrocop_hands_sheet
  30 -25.202650 -1.310730 -21.377514 0.582182 -0.268080 -0.767592 0.257569 0.900295 2 30 0.902191 31 0.097809
  30 -25.359180 -1.241716 -21.684299 0.958345 -0.057497 -0.279767 0.261815 0.946213 2 30 0.865894 31 0.134106
  30 -25.501032 -0.881059 -21.673639 0.611300 0.709604 -0.350392 0.288809 0.958554 2 30 0.713688 31 0.286312
c_metrocop_hands_sheet
  30 -25.431879 -1.562520 -21.296230 0.474266 -0.335496 -0.813950 0.242666 0.917818 2 30 0.893677 33 0.106323
  30 -25.359180 -1.241716 -21.684299 0.958345 -0.057497 -0.279767 0.261815 0.946213 2 30 0.865894 31 0.134106
  30 -25.202650 -1.310730 -21.377514 0.582182 -0.268080 -0.767592 0.257569 0.900295 2 30 0.902191 31 0.097809
c_metrocop_hands_sheet
  30 -25.431879 -1.562520 -21.296230 0.474266 -0.335496 -0.813950 0.242666 0.917818 2 30 0.893677 33 0.106323
  30 -25.504616 -1.534704 -21.660370 0.632878 -0.759351 -0.151166 0.242744 0.960607 2 30 0.779834 31 0.220166
  30 -25.359180 -1.241716 -21.684299 0.958345 -0.057497 -0.279767 0.261815 0.946213 2 30 0.865894 31 0.134106
c_metrocop_hands_sheet
  30 -25.431879 -1.562520 -21.296230 0.474266 -0.335496 -0.813950 0.242666 0.917818 2 30 0.893677 33 0.106323
  30 -25.779091 -1.691307 -21.355982 -0.621310 -0.024625 -0.783178 0.236629 0.960906 2 30 0.628833 33 0.371167
  30 -25.504616 -1.534704 -21.660370 0.632878 -0.759351 -0.151166 0.242744 0.960607 2 30 0.779834 31 0.220166
c_metrocop_hands_sheet
  30 -25.779091 -1.691307 -21.355982 -0.621310 -0.024625 -0.783178 0.236629 0.960906 2 30 0.628833 33 0.371167
  30 -25.431879 -1.562520 -21.296230 0.474266 -0.335496 -0.813950 0.242666 0.917818 2 30 0.893677 33 0.106323
  33 -25.303453 -1.919739 -21.397612 0.498313 0.311692 -0.809032 0.215397 0.915657 2 33 0.881720 30 0.118280
c_metrocop_hands_sheet
  30 -25.779091 -1.691307 -21.355982 -0.621310 -0.024625 -0.783178 0.236629 0.960906 2 30 0.628833 33 0.371167
  33 -25.303453 -1.919739 -21.397612 0.498313 0.311692 -0.809032 0.215397 0.915657 2 33 0.881720 30 0.118280
  33 -25.524014 -1.965821 -21.596733 0.585028 0.702496 -0.405268 0.212927 0.958455 2 33 0.911644 34 0.088356
c_metrocop_hands_sheet
  33 -25.524014 -1.965821 -21.596733 0.585028 0.702496 -0.405268 0.212927 0.958455 2 33 0.911644 34 0.088356
  33 -25.303453 -1.919739 -21.397612 0.498313 0.311692 -0.809032 0.215397 0.915657 2 33 0.881720 30 0.118280
  33 -25.248598 -2.237142 -21.372654 0.752899 -0.059635 -0.655429 0.192592 0.908877 1 33 1.000000
c_metrocop_hands_sheet
  33 -25.524014 -1.965821 -21.596733 0.585028 0.702496 -0.405268 0.212927 0.958455 2 33 0.911644 34 0.088356
  33 -25.248598 -2.237142 -21.372654 0.752899 -0.059635 -0.655429 0.192592 0.908877 1 33 1.000000
  33 -25.361952 -2.227182 -21.627121 0.925929 0.151801 -0.345851 0.192605 0.945436 1 33 1.000000
c_metrocop_hands_sheet
  33 -25.361952 -2.227182 -21.627121 0.925929 0.151801 -0.345851 0.192605 0.945436 1 33 1.000000
  33 -25.248598 -2.237142 -21.372654 0.752899 -0.059635 -0.655429 0.192592 0.908877 1 33 1.000000
  33 -25.223488 -2.583053 -21.201038 0.552669 -0.698283 -0.454925 0.169127 0.891187 1 33 1.000000
c_metrocop_hands_sheet
  33 -25.361952 -2.227182 -21.627121 0.925929 0.151801 -0.345851 0.192605 0.945436 1 33 1.000000
  33 -25.223488 -2.583053 -21.201038 0.552669 -0.698283 -0.454925 0.169127 0.891187 1 33 1.000000
  33 -25.467403 -2.593762 -21.586946 0.666895 -0.689242 -0.283190 0.168048 0.954362 1 33 1.000000
c_metrocop_hands_sheet
  16 25.673576 -1.982545 -24.165146 0.188149 0.101996 -0.976830 0.050778 0.439815 1 16 1.000000
  16 25.532055 -1.906810 -24.123734 -0.522860 0.404015 -0.750592 0.060786 0.420375 1 16 1.000000
  16 25.768335 -1.803181 -24.064810 0.409961 0.625613 -0.663732 0.064508 0.462910 1 16 1.000000
c_metrocop_hands_sheet
  16 25.673576 -1.982545 -24.165146 0.188149 0.101996 -0.976830 0.050778 0.439815 1 16 1.000000
  16 25.558500 -2.094548 -24.141235 -0.415092 -0.331560 -0.847211 0.043961 0.417292 1 16 1.000000
  16 25.532055 -1.906810 -24.123734 -0.522860 0.404015 -0.750592 0.060786 0.420375 1 16 1.000000
c_metrocop_hands_sheet
  16 25.673576 -1.982545 -24.165146 0.188149 0.101996 -0.976830 0.050778 0.439815 1 16 1.000000
  16 25.771101 -2.130488 -24.104990 0.506957 -0.318316 -0.801043 0.036070 0.450726 1 16 1.000000
  16 25.558500 -2.094548 -24.141235 -0.415092 -0.331560 -0.847211 0.043961 0.417292 1 16 1.000000
c_metrocop_hands_sheet
  16 25.673576 -1.982545 -24.165146 0.188149 0.101996 -0.976830 0.050778 0.439815 1 16 1.000000
  16 25.768335 -1.803181 -24.064810 0.409961 0.625613 -0.663732 0.064508 0.462910 1 16 1.000000
  16 25.771101 -2.130488 -24.104990 0.506957 -0.318316 -0.801043 0.036070 0.450726 1 16 1.000000
c_metrocop_hands_sheet
  16 25.768335 -1.803181 -24.064810 0.409961 0.625613 -0.663732 0.064508 0.462910 1 16 1.000000
  16 25.754000 -1.677765 -23.760660 0.235087 0.948814 -0.210919 0.081600 0.461840 2 16 0.947784 13 0.052216
  16 25.987579 -1.849252 -23.685791 0.823585 0.489435 -0.286636 0.057717 0.494713 1 16 1.000000
c_metrocop_hands_sheet
  16 25.768335 -1.803181 -24.064810 0.409961 0.625613 -0.663732 0.064508 0.462910 1 16 1.000000
  16 25.454369 -1.712564 -23.754284 -0.624181 0.771402 -0.123845 0.082402 0.401688 1 16 1.000000
  16 25.754000 -1.677765 -23.760660 0.235087 0.948814 -0.210919 0.081600 0.461840 2 16 0.947784 13 0.052216
c_metrocop_hands_sheet
  16 25.768335 -1.803181 -24.064810 0.409961 0.625613 -0.663732 0.064508 0.462910 1 16 1.000000
  16 25.532055 -1.906810 -24.123734 -0.522860 0.404015 -0.750592 0.060786 0.420375 1 16 1.000000
  16 25.454369 -1.712564 -23.754284 -0.624181 0.771402 -0.123845 0.082402 0.401688 1 16 1.000000
c_metrocop_hands_sheet
  16 25.532055 -1.906810 -24.123734 -0.522860 0.404015 -0.750592 0.060786 0.420375 1 16 1.000000
  16 25.340731 -2.022336 -23.812531 -0.980017 0.061921 -0.189031 0.060310 0.373431 1 16 1.000000
  16 25.454369 -1.712564 -23.754284 -0.624181 0.771402 -0.123845 0.082402 0.401688 1 16 1.000000
c_metrocop_hands_sheet
  16 25.558500 -2.094548 -24.141235 -0.415092 -0.331560 -0.847211 0.043961 0.417292 1 16 1.000000
  16 25.340731 -2.022336 -23.812531 -0.980017 0.061921 -0.189031 0.060310 0.373431 1 16 1.000000
  16 25.532055 -1.906810 -24.123734 -0.522860 0.404015 -0.750592 0.060786 0.420375 1 16 1.000000
c_metrocop_hands_sheet
  16 25.558500 -2.094548 -24.141235 -0.415092 -0.331560 -0.847211 0.043961 0.417292 1 16 1.000000
  16 25.409666 -2.290060 -23.835386 -0.758195 -0.591194 -0.275009 0.035114 0.374158 1 16 1.000000
  16 25.340731 -2.022336 -23.812531 -0.980017 0.061921 -0.189031 0.060310 0.373431 1 16 1.000000
c_metrocop_hands_sheet
  16 25.558500 -2.094548 -24.141235 -0.415092 -0.331560 -0.847211 0.043961 0.417292 1 16 1.000000
  16 25.699221 -2.424758 -23.866144 -0.010407 -0.884278 -0.466844 0.015860 0.417150 2 16 0.902065 15 0.097935
  16 25.409666 -2.290060 -23.835386 -0.758195 -0.591194 -0.275009 0.035114 0.374158 1 16 1.000000
c_metrocop_hands_sheet
  16 25.558500 -2.094548 -24.141235 -0.415092 -0.331560 -0.847211 0.043961 0.417292 1 16 1.000000
  16 25.771101 -2.130488 -24.104990 0.506957 -0.318316 -0.801043 0.036070 0.450726 1 16 1.000000
  16 25.699221 -2.424758 -23.866144 -0.010407 -0.884278 -0.466844 0.015860 0.417150 2 16 0.902065 15 0.097935
c_metrocop_hands_sheet
  16 25.771101 -2.130488 -24.104990 0.506957 -0.318316 -0.801043 0.036070 0.450726 1 16 1.000000
  16 25.954008 -2.334551 -23.758408 0.705384 -0.543175 -0.455405 0.015938 0.467075 2 16 0.832280 15 0.167720
  16 25.699221 -2.424758 -23.866144 -0.010407 -0.884278 -0.466844 0.015860 0.417150 2 16 0.902065 15 0.097935
c_metrocop_hands_sheet
  16 25.771101 -2.130488 -24.104990 0.506957 -0.318316 -0.801043 0.036070 0.450726 1 16 1.000000
  16 26.043505 -2.123605 -23.676033 0.914509 -0.030610 -0.403406 0.032373 0.492022 2 16 0.852412 15 0.147588
  16 25.954008 -2.334551 -23.758408 0.705384 -0.543175 -0.455405 0.015938 0.467075 2 16 0.832280 15 0.167720
c_metrocop_hands_sheet
  16 25.768335 -1.803181 -24.064810 0.409961 0.625613 -0.663732 0.064508 0.462910 1 16 1.000000
  16 26.043505 -2.123605 -23.676033 0.914509 -0.030610 -0.403406 0.032373 0.492022 2 16 0.852412 15 0.147588
  16 25.771101 -2.130488 -24.104990 0.506957 -0.318316 -0.801043 0.036070 0.450726 1 16 1.000000
c_metrocop_hands_sheet
  16 25.768335 -1.803181 -24.064810 0.409961 0.625613 -0.663732 0.064508 0.462910 1 16 1.000000
  16 25.987579 -1.849252 -23.685791 0.823585 0.489435 -0.286636 0.057717 0.494713 1 16 1.000000
  16 26.043505 -2.123605 -23.676033 0.914509 -0.030610 -0.403406 0.032373 0.492022 2 16 0.852412 15 0.147588
c_metrocop_hands_sheet
  16 26.221130 -2.231683 -23.174101 0.983347 -0.043853 -0.176370 0.105357 0.075807 1 16 1.000000
  15 26.133482 -2.503619 -22.923481 0.685741 -0.710558 -0.157695 0.090655 0.101782 1 15 1.000000
  16 26.095461 -2.481667 -23.208874 0.624576 -0.745095 -0.233962 0.090088 0.073903 1 16 1.000000
c_metrocop_hands_sheet
  15 25.794373 -2.553984 -23.159269 -0.146188 -0.978346 -0.146519 0.072297 0.079988 2 15 0.692433 16 0.307567
  16 26.095461 -2.481667 -23.208874 0.624576 -0.745095 -0.233962 0.090088 0.073903 1 16 1.000000
  15 26.133482 -2.503619 -22.923481 0.685741 -0.710558 -0.157695 0.090655 0.101782 1 15 1.000000
c_metrocop_hands_sheet
  16 25.784994 -2.509642 -23.492672 -0.053988 -0.976412 -0.209059 0.071629 0.044059 2 16 0.921843 15 0.078157
  16 26.095461 -2.481667 -23.208874 0.624576 -0.745095 -0.233962 0.090088 0.073903 1 16 1.000000
  15 25.794373 -2.553984 -23.159269 -0.146188 -0.978346 -0.146519 0.072297 0.079988 2 15 0.692433 16 0.307567
c_metrocop_hands_sheet
  16 25.784994 -2.509642 -23.492672 -0.053988 -0.976412 -0.209059 0.071629 0.044059 2 16 0.921843 15 0.078157
  15 25.794373 -2.553984 -23.159269 -0.146188 -0.978346 -0.146519 0.072297 0.079988 2 15 0.692433 16 0.307567
  15 25.533739 -2.411453 -23.102993 -0.745553 -0.662906 -0.068605 0.047884 0.076150 2 15 0.593681 16 0.406319
c_metrocop_hands_sheet
  15 25.794373 -2.553984 -23.159269 -0.146188 -0.978346 -0.146519 0.072297 0.079988 2 15 0.692433 16 0.307567
  15 25.551189 -2.508632 -22.592886 -0.756904 -0.650633 -0.061431 0.048057 0.130867 1 15 1.000000
  15 25.533739 -2.411453 -23.102993 -0.745553 -0.662906 -0.068605 0.047884 0.076150 2 15 0.593681 16 0.406319
c_metrocop_hands_sheet
  15 25.794373 -2.553984 -23.159269 -0.146188 -0.978346 -0.146519 0.072297 0.079988 2 15 0.692433 16 0.307567
  15 25.857639 -2.699989 -22.451391 -0.089851 -0.987453 -0.129857 0.070286 0.145686 1 15 1.000000
  15 25.551189 -2.508632 -22.592886 -0.756904 -0.650633 -0.061431 0.048057 0.130867 1 15 1.000000
c_metrocop_hands_sheet
  15 25.794373 -2.553984 -23.159269 -0.146188 -0.978346 -0.146519 0.072297 0.079988 2 15 0.692433 16 0.307567
  15 26.133482 -2.503619 -22.923481 0.685741 -0.710558 -0.157695 0.090655 0.101782 1 15 1.000000
  15 25.857639 -2.699989 -22.451391 -0.089851 -0.987453 -0.129857 0.070286 0.145686 1 15 1.000000
c_metrocop_hands_sheet
  15 25.551189 -2.508632 -22.592886 -0.756904 -0.650633 -0.061431 0.048057 0.130867 1 15 1.000000
  14 25.590433 -2.578367 -22.031515 -0.715615 -0.690255 -0.106970 0.047824 0.188663 2 14 0.878447 15 0.121553
  15 25.471651 -2.244428 -22.020069 -0.991580 0.076023 -0.104829 0.023846 0.186862 2 15 0.677343 14 0.322657
c_metrocop_hands_sheet
  15 25.551189 -2.508632 -22.592886 -0.756904 -0.650633 -0.061431 0.048057 0.130867 1 15 1.000000
  15 25.471651 -2.244428 -22.020069 -0.991580 0.076023 -0.104829 0.023846 0.186862 2 15 0.677343 14 0.322657
  15 25.441488 -2.224197 -22.587101 -0.998784 0.028934 0.039921 0.023957 0.129689 2 15 0.870886 16 0.129114
c_metrocop_hands_sheet
  15 25.533739 -2.411453 -23.102993 -0.745553 -0.662906 -0.068605 0.047884 0.076150 2 15 0.593681 16 0.406319
  15 25.551189 -2.508632 -22.592886 -0.756904 -0.650633 -0.061431 0.048057 0.130867 1 15 1.000000
  15 25.441488 -2.224197 -22.587101 -0.998784 0.028934 0.039921 0.023957 0.129689 2 15 0.870886 16 0.129114
c_metrocop_hands_sheet
  15 25.533739 -2.411453 -23.102993 -0.745553 -0.662906 -0.068605 0.047884 0.076150 2 15 0.593681 16 0.406319
  15 25.441488 -2.224197 -22.587101 -0.998784 0.028934 0.039921 0.023957 0.129689 2 15 0.870886 16 0.129114
  16 25.427734 -2.168432 -23.094181 -0.995632 -0.030947 0.088081 0.025178 0.079559 2 16 0.701997 15 0.298003
c_metrocop_hands_sheet
  16 25.498648 -2.349493 -23.450159 -0.740423 -0.672124 -0.004821 0.042546 0.040016 1 16 1.000000
  15 25.533739 -2.411453 -23.102993 -0.745553 -0.662906 -0.068605 0.047884 0.076150 2 15 0.593681 16 0.406319
  16 25.427734 -2.168432 -23.094181 -0.995632 -0.030947 0.088081 0.025178 0.079559 2 16 0.701997 15 0.298003
c_metrocop_hands_sheet
  16 25.784994 -2.509642 -23.492672 -0.053988 -0.976412 -0.209059 0.071629 0.044059 2 16 0.921843 15 0.078157
  15 25.533739 -2.411453 -23.102993 -0.745553 -0.662906 -0.068605 0.047884 0.076150 2 15 0.593681 16 0.406319
  16 25.498648 -2.349493 -23.450159 -0.740423 -0.672124 -0.004821 0.042546 0.040016 1 16 1.000000
c_metrocop_hands_sheet
  16 25.699221 -2.424758 -23.866144 -0.010407 -0.884278 -0.466844 0.065334 0.007198 2 16 0.902065 15 0.097935
  16 25.784994 -2.509642 -23.492672 -0.053988 -0.976412 -0.209059 0.071629 0.044059 2 16 0.921843 15 0.078157
  16 25.498648 -2.349493 -23.450159 -0.740423 -0.672124 -0.004821 0.042546 0.040016 1 16 1.000000
c_metrocop_hands_sheet
  16 25.699221 -2.424758 -23.866144 -0.010407 -0.884278 -0.466844 0.065334 0.007198 2 16 0.902065 15 0.097935
  16 25.954008 -2.334551 -23.758408 0.705384 -0.543175 -0.455405 0.088627 0.017658 2 16 0.832280 15 0.167720
  16 25.784994 -2.509642 -23.492672 -0.053988 -0.976412 -0.209059 0.071629 0.044059 2 16 0.921843 15 0.078157
c_metrocop_hands_sheet
  16 25.784994 -2.509642 -23.492672 -0.053988 -0.976412 -0.209059 0.071629 0.044059 2 16 0.921843 15 0.078157
  16 25.954008 -2.334551 -23.758408 0.705384 -0.543175 -0.455405 0.088627 0.017658 2 16 0.832280 15 0.167720
  16 26.095461 -2.481667 -23.208874 0.624576 -0.745095 -0.233962 0.090088 0.073903 1 16 1.000000
c_metrocop_hands_sheet
  16 26.043505 -2.123605 -23.676033 0.914509 -0.030610 -0.403406 0.106040 0.026507 2 16 0.852412 15 0.147588
  16 26.095461 -2.481667 -23.208874 0.624576 -0.745095 -0.233962 0.090088 0.073903 1 16 1.000000
  16 25.954008 -2.334551 -23.758408 0.705384 -0.543175 -0.455405 0.088627 0.017658 2 16 0.832280 15 0.167720
c_metrocop_hands_sheet
  16 26.043505 -2.123605 -23.676033 0.914509 -0.030610 -0.403406 0.106040 0.026507 2 16 0.852412 15 0.147588
  16 26.221130 -2.231683 -23.174101 0.983347 -0.043853 -0.176370 0.105357 0.075807 1 16 1.000000
  16 26.095461 -2.481667 -23.208874 0.624576 -0.745095 -0.233962 0.090088 0.073903 1 16 1.000000
c_metrocop_hands_sheet
  16 25.987579 -1.849252 -23.685791 0.823585 0.489435 -0.286636 0.130463 0.029929 1 16 1.000000
  16 26.221130 -2.231683 -23.174101 0.983347 -0.043853 -0.176370 0.105357 0.075807 1 16 1.000000
  16 26.043505 -2.123605 -23.676033 0.914509 -0.030610 -0.403406 0.106040 0.026507 2 16 0.852412 15 0.147588
c_metrocop_hands_sheet
  16 25.699221 -2.424758 -23.866144 -0.010407 -0.884278 -0.466844 0.065334 0.007198 2 16 0.902065 15 0.097935
  16 25.498648 -2.349493 -23.450159 -0.740423 -0.672124 -0.004821 0.042546 0.040016 1 16 1.000000
  16 25.409666 -2.290060 -23.835386 -0.758195 -0.591194 -0.275009 0.038758 0.002884 1 16 1.000000
c_metrocop_hands_sheet
  16 25.409666 -2.290060 -23.835386 -0.758195 -0.591194 -0.275009 0.038758 0.002884 1 16 1.000000
  16 25.381142 -2.051293 -23.409494 -0.988216 0.043457 0.146770 0.020199 0.042532 1 16 1.000000
  16 25.340731 -2.022336 -23.812531 -0.980017 0.061921 -0.189031 0.021255 0.003663 1 16 1.000000
c_metrocop_hands_sheet
  16 25.409666 -2.290060 -23.835386 -0.758195 -0.591194 -0.275009 0.038758 0.002884 1 16 1.000000
  16 25.498648 -2.349493 -23.450159 -0.740423 -0.672124 -0.004821 0.042546 0.040016 1 16 1.000000
  16 25.381142 -2.051293 -23.409494 -0.988216 0.043457 0.146770 0.020199 0.042532 1 16 1.000000
c_metrocop_hands_sheet
  16 25.498648 -2.349493 -23.450159 -0.740423 -0.672124 -0.004821 0.042546 0.040016 1 16 1.000000
  16 25.427734 -2.168432 -23.094181 -0.995632 -0.030947 0.088081 0.025178 0.079559 2 16 0.701997 15 0.298003
  16 25.381142 -2.051293 -23.409494 -0.988216 0.043457 0.146770 0.020199 0.042532 1 16 1.000000
c_metrocop_hands_sheet
  16 25.381142 -2.051293 -23.409494 -0.988216 0.043457 0.146770 0.020199 0.042532 1 16 1.000000
  16 25.427734 -2.168432 -23.094181 -0.995632 -0.030947 0.088081 0.025178 0.079559 2 16 0.701997 15 0.298003
  16 25.572876 -1.861669 -23.022232 -0.695556 0.687560 0.208476 0.004340 0.085527 2 16 0.559537 15 0.440463
c_metrocop_hands_sheet
  16 25.427734 -2.168432 -23.094181 -0.995632 -0.030947 0.088081 0.025178 0.079559 2 16 0.701997 15 0.298003
  15 25.600460 -1.904307 -22.523174 -0.677198 0.729421 0.096687 0.004888 0.135312 1 15 1.000000
  16 25.572876 -1.861669 -23.022232 -0.695556 0.687560 0.208476 0.004340 0.085527 2 16 0.559537 15 0.440463
c_metrocop_hands_sheet
  16 25.427734 -2.168432 -23.094181 -0.995632 -0.030947 0.088081 0.025178 0.079559 2 16 0.701997 15 0.298003
  15 25.441488 -2.224197 -22.587101 -0.998784 0.028934 0.039921 0.023957 0.129689 2 15 0.870886 16 0.129114
  15 25.600460 -1.904307 -22.523174 -0.677198 0.729421 0.096687 0.004888 0.135312 1 15 1.000000
c_metrocop_hands_sheet
  15 25.441488 -2.224197 -22.587101 -0.998784 0.028934 0.039921 0.023957 0.129689 2 15 0.870886 16 0.129114
  15 25.623501 -1.957047 -21.987579 -0.656553 0.752933 -0.045045 0.004123 0.189258 2 15 0.787359 14 0.212641
  15 25.600460 -1.904307 -22.523174 -0.677198 0.729421 0.096687 0.004888 0.135312 1 15 1.000000
c_metrocop_hands_sheet
  15 25.441488 -2.224197 -22.587101 -0.998784 0.028934 0.039921 0.023957 0.129689 2 15 0.870886 16 0.129114
  15 25.471651 -2.244428 -22.020069 -0.991580 0.076023 -0.104829 0.023846 0.186862 2 15 0.677343 14 0.322657
  15 25.623501 -1.957047 -21.987579 -0.656553 0.752933 -0.045045 0.004123 0.189258 2 15 0.787359 14 0.212641
c_metrocop_hands_sheet
  15 25.471651 -2.244428 -22.020069 -0.991580 0.076023 -0.104829 0.023846 0.186862 2 15 0.677343 14 0.322657
  14 25.524097 -1.965779 -21.596773 -0.565951 0.658271 -0.496366 0.006310 0.228733 2 14 0.911719 15 0.088281
  15 25.623501 -1.957047 -21.987579 -0.656553 0.752933 -0.045045 0.004123 0.189258 2 15 0.787359 14 0.212641
c_metrocop_hands_sheet
  15 25.471651 -2.244428 -22.020069 -0.991580 0.076023 -0.104829 0.023846 0.186862 2 15 0.677343 14 0.322657
  14 25.362032 -2.227140 -21.627167 -0.911322 0.065888 -0.406388 0.024823 0.226139 2 14 0.881651 15 0.118349
  14 25.524097 -1.965779 -21.596773 -0.565951 0.658271 -0.496366 0.006310 0.228733 2 14 0.911719 15 0.088281
c_metrocop_hands_sheet
  14 25.590433 -2.578367 -22.031515 -0.715615 -0.690255 -0.106970 0.047824 0.188663 2 14 0.878447 15 0.121553
  14 25.362032 -2.227140 -21.627167 -0.911322 0.065888 -0.406388 0.024823 0.226139 2 14 0.881651 15 0.118349
  15 25.471651 -2.244428 -22.020069 -0.991580 0.076023 -0.104829 0.023846 0.186862 2 15 0.677343 14 0.322657
c_metrocop_hands_sheet
  14 25.590433 -2.578367 -22.031515 -0.715615 -0.690255 -0.106970 0.047824 0.188663 2 14 0.878447 15 0.121553
  14 25.467484 -2.593719 -21.586988 -0.680611 -0.677714 -0.278338 0.040672 0.231740 1 14 1.000000
  14 25.362032 -2.227140 -21.627167 -0.911322 0.065888 -0.406388 0.024823 0.226139 2 14 0.881651 15 0.118349
c_metrocop_hands_sheet
  14 25.878540 -2.711177 -21.991859 -0.098176 -0.993961 -0.049014 0.067567 0.193734 1 14 1.000000
  14 25.467484 -2.593719 -21.586988 -0.680611 -0.677714 -0.278338 0.040672 0.231740 1 14 1.000000
  14 25.590433 -2.578367 -22.031515 -0.715615 -0.690255 -0.106970 0.047824 0.188663 2 14 0.878447 15 0.121553
c_metrocop_hands_sheet
  14 25.878540 -2.711177 -21.991859 -0.098176 -0.993961 -0.049014 0.067567 0.193734 1 14 1.000000
  14 25.787411 -2.749363 -21.484787 -0.014037 -0.999799 0.014312 0.057869 0.251974 1 14 1.000000
  14 25.467484 -2.593719 -21.586988 -0.680611 -0.677714 -0.278338 0.040672 0.231740 1 14 1.000000
c_metrocop_hands_sheet
  14 25.878540 -2.711177 -21.991859 -0.098176 -0.993961 -0.049014 0.067567 0.193734 1 14 1.000000
  14 26.214808 -2.646228 -21.787767 0.672195 -0.734789 0.090765 0.088128 0.219483 2 14 0.893683 15 0.106317
  14 25.787411 -2.749363 -21.484787 -0.014037 -0.999799 0.014312 0.057869 0.251974 1 14 1.000000
c_metrocop_hands_sheet
  14 25.787411 -2.749363 -21.484787 -0.014037 -0.999799 0.014312 0.057869 0.251974 1 14 1.000000
  14 26.214808 -2.646228 -21.787767 0.672195 -0.734789 0.090765 0.088128 0.219483 2 14 0.893683 15 0.106317
  14 25.928226 -2.544446 -20.732279 0.623666 -0.685740 0.375236 0.091708 0.316378 1 14 1.000000
c_metrocop_hands_sheet
  14 26.214808 -2.646228 -21.787767 0.672195 -0.734789 0.090765 0.088128 0.219483 2 14 0.893683 15 0.106317
  14 26.321589 -2.339155 -21.685484 0.985603 -0.107058 0.130865 0.104101 0.227915 1 14 1.000000
  14 25.928226 -2.544446 -20.732279 0.623666 -0.685740 0.375236 0.091708 0.316378 1 14 1.000000
c_metrocop_hands_sheet
  15 26.329315 -2.321009 -22.014864 0.997695 -0.039952 -0.054846 0.104408 0.190407 2 15 0.942283 14 0.057717
  14 26.321589 -2.339155 -21.685484 0.985603 -0.107058 0.130865 0.104101 0.227915 1 14 1.000000
  14 26.214808 -2.646228 -21.787767 0.672195 -0.734789 0.090765 0.088128 0.219483 2 14 0.893683 15 0.106317
c_metrocop_hands_sheet
  15 26.220037 -1.915179 -21.964443 0.816771 0.574358 -0.054754 0.124111 0.193456 2 15 0.913790 14 0.086210
  14 26.321589 -2.339155 -21.685484 0.985603 -0.107058 0.130865 0.104101 0.227915 1 14 1.000000
  15 26.329315 -2.321009 -22.014864 0.997695 -0.039952 -0.054846 0.104408 0.190407 2 15 0.942283 14 0.057717
c_metrocop_hands_sheet
  16 25.381142 -2.051293 -23.409494 -0.988216 0.043457 0.146770 0.020199 0.042532 1 16 1.000000
  16 25.572876 -1.861669 -23.022232 -0.695556 0.687560 0.208476 0.004340 0.085527 2 16 0.559537 15 0.440463
  16 25.500376 -1.778742 -23.369219 -0.671550 0.704479 0.229629 0.004894 0.050218 2 16 0.868865 15 0.131135
c_metrocop_hands_sheet
  14 25.787411 -2.749363 -21.484787 -0.014037 -0.999799 0.014312 0.057869 0.251974 1 14 1.000000
  14 25.518799 -2.709837 -21.033613 -0.023010 -0.999236 0.031587 0.039322 0.313598 1 14 1.000000
  14 25.467484 -2.593719 -21.586988 -0.680611 -0.677714 -0.278338 0.040672 0.231740 1 14 1.000000
c_metrocop_hands_sheet
  14 25.787411 -2.749363 -21.484787 -0.014037 -0.999799 0.014312 0.057869 0.251974 1 14 1.000000
  14 25.928226 -2.544446 -20.732279 0.623666 -0.685740 0.375236 0.091708 0.316378 1 14 1.000000
  14 25.518799 -2.709837 -21.033613 -0.023010 -0.999236 0.031587 0.039322 0.313598 1 14 1.000000
c_metrocop_hands_sheet
  14 25.928226 -2.544446 -20.732279 0.623666 -0.685740 0.375236 0.091708 0.316378 1 14 1.000000
  14 26.321589 -2.339155 -21.685484 0.985603 -0.107058 0.130865 0.103382 0.227915 1 14 1.000000
  14 26.071375 -2.035731 -20.706858 0.911297 0.188425 0.366106 0.128660 0.315914 2 14 0.863890 11 0.136110
c_metrocop_hands_sheet
  14 26.071375 -2.035731 -20.706858 0.911297 0.188425 0.366106 0.128660 0.315914 2 14 0.863890 11 0.136110
  14 26.321589 -2.339155 -21.685484 0.985603 -0.107058 0.130865 0.104101 0.227915 1 14 1.000000
  14 26.204155 -1.902673 -21.232372 0.805394 0.568539 0.167642 0.135430 0.267373 1 14 1.000000
c_metrocop_hands_sheet
  14 26.071375 -2.035731 -20.706858 0.911297 0.188425 0.366106 0.128660 0.315914 2 14 0.863890 11 0.136110
  14 26.204155 -1.902673 -21.232372 0.805394 0.568539 0.167642 0.135430 0.267373 1 14 1.000000
  14 25.873320 -1.806870 -20.948095 0.927587 0.372818 0.024261 0.146732 0.297083 2 14 0.686518 11 0.313482
c_metrocop_hands_sheet
  14 26.204155 -1.902673 -21.232372 0.805394 0.568539 0.167642 0.135430 0.267373 1 14 1.000000
  14 25.779156 -1.691273 -21.356028 0.677612 -0.000947 -0.735419 0.149867 0.248300 2 14 0.516228 11 0.483772
  14 25.873320 -1.806870 -20.948095 0.927587 0.372818 0.024261 0.146732 0.297083 2 14 0.686518 11 0.313482
c_metrocop_hands_sheet
  14 25.878540 -2.711177 -21.991859 -0.098176 -0.993961 -0.049014 0.067567 0.193734 1 14 1.000000
  15 26.210987 -2.655119 -22.007801 0.647406 -0.760118 -0.055546 0.086865 0.193071 1 15 1.000000
  14 26.214808 -2.646228 -21.787767 0.672195 -0.734789 0.090765 0.088128 0.219483 2 14 0.893683 15 0.106317
c_metrocop_hands_sheet
  15 26.329315 -2.321009 -22.014864 0.997695 -0.039952 -0.054846 0.104408 0.190407 2 15 0.942283 14 0.057717
  14 26.214808 -2.646228 -21.787767 0.672195 -0.734789 0.090765 0.088128 0.219483 2 14 0.893683 15 0.106317
  15 26.210987 -2.655119 -22.007801 0.647406 -0.760118 -0.055546 0.086865 0.193071 1 15 1.000000
c_metrocop_hands_sheet
  15 26.225765 -2.260529 -22.821573 0.995336 -0.033665 -0.090400 0.104498 0.112823 1 15 1.000000
  15 26.329315 -2.321009 -22.014864 0.997695 -0.039952 -0.054846 0.104408 0.190407 2 15 0.942283 14 0.057717
  15 26.210987 -2.655119 -22.007801 0.647406 -0.760118 -0.055546 0.086865 0.193071 1 15 1.000000
c_metrocop_hands_sheet
  15 26.137440 -1.922466 -22.881063 0.799332 0.595888 -0.077370 0.121061 0.104668 2 15 0.821831 16 0.178169
  15 26.329315 -2.321009 -22.014864 0.997695 -0.039952 -0.054846 0.104408 0.190407 2 15 0.942283 14 0.057717
  15 26.225765 -2.260529 -22.821573 0.995336 -0.033665 -0.090400 0.104498 0.112823 1 15 1.000000
c_metrocop_hands_sheet
  16 26.108242 -1.914644 -23.109037 0.806140 0.590065 -0.044285 0.122351 0.080758 1 16 1.000000
  15 26.137440 -1.922466 -22.881063 0.799332 0.595888 -0.077370 0.121061 0.104668 2 15 0.821831 16 0.178169
  15 26.225765 -2.260529 -22.821573 0.995336 -0.033665 -0.090400 0.104498 0.112823 1 15 1.000000
c_metrocop_hands_sheet
  16 26.108242 -1.914644 -23.109037 0.806140 0.590065 -0.044285 0.122351 0.080758 1 16 1.000000
  16 25.854618 -1.759008 -22.937536 0.087285 0.990479 0.106452 0.138519 0.087766 2 16 0.825644 15 0.174356
  15 26.137440 -1.922466 -22.881063 0.799332 0.595888 -0.077370 0.121061 0.104668 2 15 0.821831 16 0.178169
c_metrocop_hands_sheet
  16 26.108242 -1.914644 -23.109037 0.806140 0.590065 -0.044285 0.122351 0.080758 1 16 1.000000
  16 25.828800 -1.674141 -23.400002 0.238597 0.969105 0.062503 0.141410 0.049717 1 16 1.000000
  16 25.854618 -1.759008 -22.937536 0.087285 0.990479 0.106452 0.138519 0.087766 2 16 0.825644 15 0.174356
c_metrocop_hands_sheet
  15 26.137440 -1.922466 -22.881063 0.799332 0.595888 -0.077370 0.121061 0.104668 2 15 0.821831 16 0.178169
  15 26.220037 -1.915179 -21.964443 0.816771 0.574358 -0.054754 0.124111 0.193456 2 15 0.913790 14 0.086210
  15 26.329315 -2.321009 -22.014864 0.997695 -0.039952 -0.054846 0.104408 0.190407 2 15 0.942283 14 0.057717
c_metrocop_hands_sheet
  15 26.220037 -1.915179 -21.964443 0.816771 0.574358 -0.054754 0.124111 0.193456 2 15 0.913790 14 0.086210
  15 26.137440 -1.922466 -22.881063 0.799332 0.595888 -0.077370 0.121061 0.104668 2 15 0.821831 16 0.178169
  15 25.931841 -1.790329 -22.386608 0.051030 0.998318 0.027496 0.139300 0.145927 2 15 0.819704 14 0.180296
c_metrocop_hands_sheet
  15 26.137440 -1.922466 -22.881063 0.799332 0.595888 -0.077370 0.121061 0.104668 2 15 0.821831 16 0.178169
  16 25.854618 -1.759008 -22.937536 0.087285 0.990479 0.106452 0.138519 0.087766 2 16 0.825644 15 0.174356
  15 25.931841 -1.790329 -22.386608 0.051030 0.998318 0.027496 0.139300 0.145927 2 15 0.819704 14 0.180296
c_metrocop_hands_sheet
  16 25.572876 -1.861669 -23.022232 -0.695556 0.687560 0.208476 0.157662 0.080594 2 16 0.559537 15 0.440463
  15 25.931841 -1.790329 -22.386608 0.051030 0.998318 0.027496 0.139300 0.145927 2 15 0.819704 14 0.180296
  16 25.854618 -1.759008 -22.937536 0.087285 0.990479 0.106452 0.138519 0.087766 2 16 0.825644 15 0.174356
c_metrocop_hands_sheet
  16 25.500376 -1.778742 -23.369219 -0.671550 0.704479 0.229629 0.159344 0.044791 2 16 0.868865 15 0.131135
  16 25.572876 -1.861669 -23.022232 -0.695556 0.687560 0.208476 0.157662 0.080594 2 16 0.559537 15 0.440463
  16 25.854618 -1.759008 -22.937536 0.087285 0.990479 0.106452 0.138519 0.087766 2 16 0.825644 15 0.174356
c_metrocop_hands_sheet
  16 25.500376 -1.778742 -23.369219 -0.671550 0.704479 0.229629 0.159344 0.044791 2 16 0.868865 15 0.131135
  16 25.854618 -1.759008 -22.937536 0.087285 0.990479 0.106452 0.138519 0.087766 2 16 0.825644 15 0.174356
  16 25.828800 -1.674141 -23.400002 0.238597 0.969105 0.062503 0.141410 0.049717 1 16 1.000000
c_metrocop_hands_sheet
  16 25.454369 -1.712564 -23.754284 -0.624181 0.771402 -0.123845 0.160044 0.009944 1 16 1.000000
  16 25.500376 -1.778742 -23.369219 -0.671550 0.704479 0.229629 0.159344 0.044791 2 16 0.868865 15 0.131135
  16 25.828800 -1.674141 -23.400002 0.238597 0.969105 0.062503 0.141410 0.049717 1 16 1.000000
c_metrocop_hands_sheet
  16 25.454369 -1.712564 -23.754284 -0.624181 0.771402 -0.123845 0.160044 0.009944 1 16 1.000000
  16 25.828800 -1.674141 -23.400002 0.238597 0.969105 0.062503 0.141410 0.049717 1 16 1.000000
  16 25.754000 -1.677765 -23.760660 0.235087 0.948814 -0.210919 0.130463 0.029929 2 16 0.947784 13 0.052216
c_metrocop_hands_sheet
  16 25.987579 -1.849252 -23.685791 0.823585 0.489435 -0.286636 0.130463 0.029929 1 16 1.000000
  16 25.754000 -1.677765 -23.760660 0.235087 0.948814 -0.210919 0.130463 0.029929 2 16 0.947784 13 0.052216
  16 25.828800 -1.674141 -23.400002 0.238597 0.969105 0.062503 0.141410 0.049717 1 16 1.000000
c_metrocop_hands_sheet
  16 25.987579 -1.849252 -23.685791 0.823585 0.489435 -0.286636 0.130463 0.029929 1 16 1.000000
  16 25.828800 -1.674141 -23.400002 0.238597 0.969105 0.062503 0.141410 0.049717 1 16 1.000000
  16 26.108242 -1.914644 -23.109037 0.806140 0.590065 -0.044285 0.122351 0.080758 1 16 1.000000
c_metrocop_hands_sheet
  16 25.987579 -1.849252 -23.685791 0.823585 0.489435 -0.286636 0.130463 0.029929 1 16 1.000000
  16 26.108242 -1.914644 -23.109037 0.806140 0.590065 -0.044285 0.122351 0.080758 1 16 1.000000
  16 26.221130 -2.231683 -23.174101 0.983347 -0.043853 -0.176370 0.105357 0.075807 1 16 1.000000
c_metrocop_hands_sheet
  16 26.108242 -1.914644 -23.109037 0.806140 0.590065 -0.044285 0.122351 0.080758 1 16 1.000000
  15 26.225765 -2.260529 -22.821573 0.995336 -0.033665 -0.090400 0.104498 0.112823 1 15 1.000000
  16 26.221130 -2.231683 -23.174101 0.983347 -0.043853 -0.176370 0.105357 0.075807 1 16 1.000000
c_metrocop_hands_sheet
  16 26.221130 -2.231683 -23.174101 0.983347 -0.043853 -0.176370 0.105357 0.075807 1 16 1.000000
  15 26.225765 -2.260529 -22.821573 0.995336 -0.033665 -0.090400 0.104498 0.112823 1 15 1.000000
  15 26.133482 -2.503619 -22.923481 0.685741 -0.710558 -0.157695 0.090655 0.101782 1 15 1.000000
c_metrocop_hands_sheet
  15 26.225765 -2.260529 -22.821573 0.995336 -0.033665 -0.090400 0.104498 0.112823 1 15 1.000000
  15 26.210987 -2.655119 -22.007801 0.647406 -0.760118 -0.055546 0.086865 0.193071 1 15 1.000000
  15 26.133482 -2.503619 -22.923481 0.685741 -0.710558 -0.157695 0.090655 0.101782 1 15 1.000000
c_metrocop_hands_sheet
  15 25.857639 -2.699989 -22.451391 -0.089851 -0.987453 -0.129857 0.070286 0.145686 1 15 1.000000
  15 26.133482 -2.503619 -22.923481 0.685741 -0.710558 -0.157695 0.090655 0.101782 1 15 1.000000
  15 26.210987 -2.655119 -22.007801 0.647406 -0.760118 -0.055546 0.086865 0.193071 1 15 1.000000
c_metrocop_hands_sheet
  15 25.857639 -2.699989 -22.451391 -0.089851 -0.987453 -0.129857 0.070286 0.145686 1 15 1.000000
  15 26.210987 -2.655119 -22.007801 0.647406 -0.760118 -0.055546 0.086865 0.193071 1 15 1.000000
  14 25.878540 -2.711177 -21.991859 -0.098176 -0.993961 -0.049014 0.067567 0.193734 1 14 1.000000
c_metrocop_hands_sheet
  15 25.857639 -2.699989 -22.451391 -0.089851 -0.987453 -0.129857 0.070286 0.145686 1 15 1.000000
  14 25.878540 -2.711177 -21.991859 -0.098176 -0.993961 -0.049014 0.067567 0.193734 1 14 1.000000
  14 25.590433 -2.578367 -22.031515 -0.715615 -0.690255 -0.106970 0.047824 0.188663 2 14 0.878447 15 0.121553
c_metrocop_hands_sheet
  15 25.857639 -2.699989 -22.451391 -0.089851 -0.987453 -0.129857 0.070286 0.145686 1 15 1.000000
  14 25.590433 -2.578367 -22.031515 -0.715615 -0.690255 -0.106970 0.047824 0.188663 2 14 0.878447 15 0.121553
  15 25.551189 -2.508632 -22.592886 -0.756904 -0.650633 -0.061431 0.048057 0.130867 1 15 1.000000
c_metrocop_hands_sheet
  16 25.340731 -2.022336 -23.812531 -0.980017 0.061921 -0.189031 0.174294 0.005063 1 16 1.000000
  16 25.500376 -1.778742 -23.369219 -0.671550 0.704479 0.229629 0.159344 0.044791 2 16 0.868865 15 0.131135
  16 25.454369 -1.712564 -23.754284 -0.624181 0.771402 -0.123845 0.160044 0.009944 1 16 1.000000
c_metrocop_hands_sheet
  16 25.340731 -2.022336 -23.812531 -0.980017 0.061921 -0.189031 0.174294 0.005063 1 16 1.000000
  16 25.381142 -2.051293 -23.409494 -0.988216 0.043457 0.146770 0.185589 0.040828 1 16 1.000000
  16 25.500376 -1.778742 -23.369219 -0.671550 0.704479 0.229629 0.159344 0.044791 2 16 0.868865 15 0.131135
c_metrocop_hands_sheet
  14 26.220169 -1.915037 -21.736263 0.804429 0.592322 0.045262 0.123557 0.220872 1 14 1.000000
  14 26.062981 -1.794625 -21.868244 0.222762 0.974705 -0.018097 0.134849 0.202368 2 14 0.856601 15 0.143399
  14 25.837488 -1.762336 -21.400406 0.222547 0.876246 -0.427394 0.149867 0.248300 1 14 1.000000
c_metrocop_hands_sheet
  15 26.220037 -1.915179 -21.964443 0.816771 0.574358 -0.054754 0.124111 0.193456 2 15 0.913790 14 0.086210
  14 26.062981 -1.794625 -21.868244 0.222762 0.974705 -0.018097 0.134849 0.202368 2 14 0.856601 15 0.143399
  14 26.220169 -1.915037 -21.736263 0.804429 0.592322 0.045262 0.123557 0.220872 1 14 1.000000
c_metrocop_hands_sheet
  15 26.220037 -1.915179 -21.964443 0.816771 0.574358 -0.054754 0.124111 0.193456 2 15 0.913790 14 0.086210
  15 25.931841 -1.790329 -22.386608 0.051030 0.998318 0.027496 0.139300 0.145927 2 15 0.819704 14 0.180296
  14 26.062981 -1.794625 -21.868244 0.222762 0.974705 -0.018097 0.134849 0.202368 2 14 0.856601 15 0.143399
c_metrocop_hands_sheet
  15 26.220037 -1.915179 -21.964443 0.816771 0.574358 -0.054754 0.124111 0.193456 2 15 0.913790 14 0.086210
  14 26.220169 -1.915037 -21.736263 0.804429 0.592322 0.045262 0.123557 0.220872 1 14 1.000000
  14 26.321589 -2.339155 -21.685484 0.985603 -0.107058 0.130865 0.104101 0.227915 1 14 1.000000
c_metrocop_hands_sheet
  14 26.220169 -1.915037 -21.736263 0.804429 0.592322 0.045262 0.123557 0.220872 1 14 1.000000
  14 26.204155 -1.902673 -21.232372 0.805394 0.568539 0.167642 0.135430 0.267373 1 14 1.000000
  14 26.321589 -2.339155 -21.685484 0.985603 -0.107058 0.130865 0.104101 0.227915 1 14 1.000000
c_metrocop_hands_sheet
  14 26.220169 -1.915037 -21.736263 0.804429 0.592322 0.045262 0.123557 0.220872 1 14 1.000000
  14 25.837488 -1.762336 -21.400406 0.222547 0.876246 -0.427394 0.149867 0.248300 1 14 1.000000
  14 26.204155 -1.902673 -21.232372 0.805394 0.568539 0.167642 0.135430 0.267373 1 14 1.000000
c_metrocop_hands_sheet
  14 26.204155 -1.902673 -21.232372 0.805394 0.568539 0.167642 0.135430 0.267373 1 14 1.000000
  14 25.837488 -1.762336 -21.400406 0.222547 0.876246 -0.427394 0.149867 0.248300 1 14 1.000000
  14 25.779156 -1.691273 -21.356028 0.677612 -0.000947 -0.735419 0.149867 0.248300 2 14 0.516228 11 0.483772
c_metrocop_hands_sheet
  14 25.837488 -1.762336 -21.400406 0.222547 0.876246 -0.427394 0.149867 0.248300 1 14 1.000000
  14 25.524097 -1.965779 -21.596773 -0.565951 0.658271 -0.496366 0.165750 0.227387 2 14 0.911719 15 0.088281
  14 25.779156 -1.691273 -21.356028 0.677612 -0.000947 -0.735419 0.149867 0.248300 2 14 0.516228 11 0.483772
c_metrocop_hands_sheet
  15 25.623501 -1.957047 -21.987579 -0.656553 0.752933 -0.045045 0.165732 0.191284 2 15 0.787359 14 0.212641
  14 25.524097 -1.965779 -21.596773 -0.565951 0.658271 -0.496366 0.165750 0.227387 2 14 0.911719 15 0.088281
  14 25.837488 -1.762336 -21.400406 0.222547 0.876246 -0.427394 0.149867 0.248300 1 14 1.000000
c_metrocop_hands_sheet
  15 25.623501 -1.957047 -21.987579 -0.656553 0.752933 -0.045045 0.165732 0.191284 2 15 0.787359 14 0.212641
  14 25.837488 -1.762336 -21.400406 0.222547 0.876246 -0.427394 0.149867 0.248300 1 14 1.000000
  14 26.062981 -1.794625 -21.868244 0.222762 0.974705 -0.018097 0.134849 0.202368 2 14 0.856601 15 0.143399
c_metrocop_hands_sheet
  15 25.600460 -1.904307 -22.523174 -0.677198 0.729421 0.096687 0.160762 0.132278 1 15 1.000000
  15 25.623501 -1.957047 -21.987579 -0.656553 0.752933 -0.045045 0.165732 0.191284 2 15 0.787359 14 0.212641
  14 26.062981 -1.794625 -21.868244 0.222762 0.974705 -0.018097 0.134849 0.202368 2 14 0.856601 15 0.143399
c_metrocop_hands_sheet
  15 25.600460 -1.904307 -22.523174 -0.677198 0.729421 0.096687 0.160762 0.132278 1 15 1.000000
  14 26.062981 -1.794625 -21.868244 0.222762 0.974705 -0.018097 0.134849 0.202368 2 14 0.856601 15 0.143399
  15 25.931841 -1.790329 -22.386608 0.051030 0.998318 0.027496 0.139300 0.145927 2 15 0.819704 14 0.180296
c_metrocop_hands_sheet
  16 25.572876 -1.861669 -23.022232 -0.695556 0.687560 0.208476 0.157662 0.080594 2 16 0.559537 15 0.440463
  15 25.600460 -1.904307 -22.523174 -0.677198 0.729421 0.096687 0.160762 0.132278 1 15 1.000000
  15 25.931841 -1.790329 -22.386608 0.051030 0.998318 0.027496 0.139300 0.145927 2 15 0.819704 14 0.180296
c_metrocop_hands_sheet
  19 23.877644 -3.636101 -21.894167 0.980562 0.191198 -0.044070 0.105418 0.793250 1 19 1.000000
  19 23.675507 -3.858380 -21.213326 0.817906 -0.516785 0.252911 0.137638 0.767782 2 19 0.806673 18 0.193327
  19 23.754080 -3.915084 -21.844564 0.809733 -0.563055 0.165230 0.120765 0.816479 1 19 1.000000
c_metrocop_hands_sheet
  19 23.877644 -3.636101 -21.894167 0.980562 0.191198 -0.044070 0.105418 0.793250 1 19 1.000000
  19 23.756252 -3.546016 -21.282892 0.970068 0.114376 0.214211 0.127013 0.749503 2 19 0.722108 18 0.277892
  19 23.675507 -3.858380 -21.213326 0.817906 -0.516785 0.252911 0.137638 0.767782 2 19 0.806673 18 0.193327
c_metrocop_hands_sheet
  19 23.756252 -3.546016 -21.282892 0.970068 0.114376 0.214211 0.127013 0.749503 2 19 0.722108 18 0.277892
  18 23.491165 -3.846444 -20.786310 0.765611 -0.493998 0.412076 0.146666 0.729525 2 18 0.545706 19 0.454294
  19 23.675507 -3.858380 -21.213326 0.817906 -0.516785 0.252911 0.137638 0.767782 2 19 0.806673 18 0.193327
c_metrocop_hands_sheet
  19 23.686321 -3.425453 -22.022667 0.416809 0.786118 -0.456387 0.087422 0.802422 1 19 1.000000
  19 23.756252 -3.546016 -21.282892 0.970068 0.114376 0.214211 0.127013 0.749503 2 19 0.722108 18 0.277892
  19 23.877644 -3.636101 -21.894167 0.980562 0.191198 -0.044070 0.105418 0.793250 1 19 1.000000
c_metrocop_hands_sheet
  19 23.792030 -3.934873 -22.364523 0.874949 -0.005559 -0.484184 0.083131 0.834174 1 19 1.000000
  19 23.686321 -3.425453 -22.022667 0.416809 0.786118 -0.456387 0.087422 0.802422 1 19 1.000000
  19 23.877644 -3.636101 -21.894167 0.980562 0.191198 -0.044070 0.105418 0.793250 1 19 1.000000
c_metrocop_hands_sheet
  19 23.792030 -3.934873 -22.364523 0.874949 -0.005559 -0.484184 0.083131 0.834174 1 19 1.000000
  19 23.877644 -3.636101 -21.894167 0.980562 0.191198 -0.044070 0.105418 0.793250 1 19 1.000000
  19 23.754080 -3.915084 -21.844564 0.809733 -0.563055 0.165230 0.120765 0.816479 1 19 1.000000
c_metrocop_hands_sheet
  19 23.792030 -3.934873 -22.364523 0.874949 -0.005559 -0.484184 0.083131 0.834174 1 19 1.000000
  19 23.754080 -3.915084 -21.844564 0.809733 -0.563055 0.165230 0.120765 0.816479 1 19 1.000000
  19 23.705963 -4.113110 -22.338717 0.637700 -0.743490 -0.201400 0.097119 0.865697 1 19 1.000000
c_metrocop_hands_sheet
  19 23.333755 -3.978002 -22.506334 -0.476867 0.042976 -0.877924 0.051468 0.800572 1 19 1.000000
  19 23.018314 -3.783849 -22.143927 -0.838761 0.092114 -0.536651 0.055086 0.734966 1 19 1.000000
  19 23.255360 -3.517165 -22.052877 -0.321848 0.732550 -0.599820 0.076544 0.754719 1 19 1.000000
c_metrocop_hands_sheet
  19 23.333755 -3.978002 -22.506334 -0.476867 0.042976 -0.877924 0.051468 0.800572 1 19 1.000000
  19 23.255360 -3.517165 -22.052877 -0.321848 0.732550 -0.599820 0.076544 0.754719 1 19 1.000000
  19 23.686321 -3.425453 -22.022667 0.416809 0.786118 -0.456387 0.087422 0.802422 1 19 1.000000
c_metrocop_hands_sheet
  19 23.333755 -3.978002 -22.506334 -0.476867 0.042976 -0.877924 0.051468 0.800572 1 19 1.000000
  19 23.686321 -3.425453 -22.022667 0.416809 0.786118 -0.456387 0.087422 0.802422 1 19 1.000000
  19 23.531109 -3.847738 -22.487181 0.030492 0.564236 -0.825050 0.063349 0.822747 1 19 1.000000
c_metrocop_hands_sheet
  19 23.792030 -3.934873 -22.364523 0.874949 -0.005559 -0.484184 0.083131 0.834174 1 19 1.000000
  19 23.531109 -3.847738 -22.487181 0.030492 0.564236 -0.825050 0.063349 0.822747 1 19 1.000000
  19 23.686321 -3.425453 -22.022667 0.416809 0.786118 -0.456387 0.087422 0.802422 1 19 1.000000
c_metrocop_hands_sheet
  19 23.596310 -4.020942 -22.513826 0.334097 -0.229081 -0.914276 0.076254 0.860067 1 19 1.000000
  19 23.531109 -3.847738 -22.487181 0.030492 0.564236 -0.825050 0.063349 0.822747 1 19 1.000000
  19 23.792030 -3.934873 -22.364523 0.874949 -0.005559 -0.484184 0.083131 0.834174 1 19 1.000000
c_metrocop_hands_sheet
  19 23.596310 -4.020942 -22.513826 0.334097 -0.229081 -0.914276 0.076254 0.860067 1 19 1.000000
  19 23.792030 -3.934873 -22.364523 0.874949 -0.005559 -0.484184 0.083131 0.834174 1 19 1.000000
  19 23.705963 -4.113110 -22.338717 0.637700 -0.743490 -0.201400 0.097119 0.865697 1 19 1.000000
c_metrocop_hands_sheet
  19 23.596310 -4.020942 -22.513826 0.334097 -0.229081 -0.914276 0.076254 0.860067 1 19 1.000000
  19 23.705963 -4.113110 -22.338717 0.637700 -0.743490 -0.201400 0.097119 0.865697 1 19 1.000000
  19 23.541239 -4.180637 -22.368929 0.207404 -0.962525 -0.174725 0.086461 0.886784 1 19 1.000000
c_metrocop_hands_sheet
  19 23.596310 -4.020942 -22.513826 0.334097 -0.229081 -0.914276 0.076254 0.860067 1 19 1.000000
  19 23.541239 -4.180637 -22.368929 0.207404 -0.962525 -0.174725 0.086461 0.886784 1 19 1.000000
  19 23.373554 -4.150659 -22.433775 -0.362723 -0.768924 -0.526485 0.068613 0.887713 1 19 1.000000
c_metrocop_hands_sheet
  19 23.596310 -4.020942 -22.513826 0.334097 -0.229081 -0.914276 0.076254 0.860067 1 19 1.000000
  19 23.373554 -4.150659 -22.433775 -0.362723 -0.768924 -0.526485 0.068613 0.887713 1 19 1.000000
  19 23.333755 -3.978002 -22.506334 -0.476867 0.042976 -0.877924 0.058030 0.857808 1 19 1.000000
c_metrocop_hands_sheet
  19 23.596310 -4.020942 -22.513826 0.334097 -0.229081 -0.914276 0.076254 0.860067 1 19 1.000000
  19 23.333755 -3.978002 -22.506334 -0.476867 0.042976 -0.877924 0.058030 0.857808 1 19 1.000000
  19 23.531109 -3.847738 -22.487181 0.030492 0.564236 -0.825050 0.063349 0.822747 1 19 1.000000
c_metrocop_hands_sheet
  18 23.014982 -3.053494 -20.790302 -0.055690 0.811719 -0.581387 0.124784 0.614803 2 18 0.672794 19 0.327206
  18 22.850122 -2.682397 -20.401411 -0.084595 0.290759 -0.953049 0.147999 0.558407 2 18 0.527079 17 0.472921
  18 23.470381 -2.736991 -20.335274 0.541250 -0.042606 -0.839782 0.162586 0.602320 2 18 0.537145 17 0.462855
c_metrocop_hands_sheet
  18 23.014982 -3.053494 -20.790302 -0.055690 0.811719 -0.581387 0.124784 0.614803 2 18 0.672794 19 0.327206
  18 23.470381 -2.736991 -20.335274 0.541250 -0.042606 -0.839782 0.162586 0.602320 2 18 0.537145 17 0.462855
  18 23.386242 -3.135924 -20.684700 0.677971 0.636180 -0.368280 0.135709 0.627389 2 18 0.726805 19 0.273195
c_metrocop_hands_sheet
  18 23.386242 -3.135924 -20.684700 0.677971 0.636180 -0.368280 0.135709 0.627389 2 18 0.726805 19 0.273195
  18 23.470381 -2.736991 -20.335274 0.541250 -0.042606 -0.839782 0.162586 0.602320 2 18 0.537145 17 0.462855
  17 23.616871 -2.996267 -19.920675 0.756925 -0.644718 -0.106786 0.179812 0.592393 2 17 0.519714 18 0.480286
c_metrocop_hands_sheet
  18 23.386242 -3.135924 -20.684700 0.677971 0.636180 -0.368280 0.135709 0.627389 2 18 0.726805 19 0.273195
  17 23.616871 -2.996267 -19.920675 0.756925 -0.644718 -0.106786 0.179812 0.592393 2 17 0.519714 18 0.480286
  18 23.524178 -3.355180 -20.474638 0.999907 0.013573 0.001527 0.148535 0.640660 2 18 0.860949 19 0.139051
c_metrocop_hands_sheet
  18 23.524178 -3.355180 -20.474638 0.999907 0.013573 0.001527 0.148535 0.640660 2 18 0.860949 19 0.139051
  17 23.616871 -2.996267 -19.920675 0.756925 -0.644718 -0.106786 0.179812 0.592393 2 17 0.519714 18 0.480286
  18 23.405325 -3.703460 -20.462570 0.742524 -0.578161 0.338212 0.151523 0.664960 1 18 1.000000
c_metrocop_hands_sheet
  18 23.616917 -3.483355 -20.853889 0.955716 0.128052 0.264971 0.134182 0.709415 2 18 0.546750 19 0.453250
  18 23.524178 -3.355180 -20.474638 0.999907 0.013573 0.001527 0.148535 0.640660 2 18 0.860949 19 0.139051
  18 23.405325 -3.703460 -20.462570 0.742524 -0.578161 0.338212 0.151523 0.664960 1 18 1.000000
c_metrocop_hands_sheet
  18 23.616917 -3.483355 -20.853889 0.955716 0.128052 0.264971 0.134182 0.709415 2 18 0.546750 19 0.453250
  18 23.405325 -3.703460 -20.462570 0.742524 -0.578161 0.338212 0.151523 0.664960 1 18 1.000000
  18 23.491165 -3.846444 -20.786310 0.765611 -0.493998 0.412076 0.146666 0.729525 2 18 0.545706 19 0.454294
c_metrocop_hands_sheet
  19 23.756252 -3.546016 -21.282892 0.970068 0.114376 0.214211 0.127013 0.749503 2 19 0.722108 18 0.277892
  18 23.616917 -3.483355 -20.853889 0.955716 0.128052 0.264971 0.134182 0.709415 2 18 0.546750 19 0.453250
  18 23.491165 -3.846444 -20.786310 0.765611 -0.493998 0.412076 0.146666 0.729525 2 18 0.545706 19 0.454294
c_metrocop_hands_sheet
  19 23.668808 -3.296634 -21.376009 0.670165 0.741081 0.040958 0.118472 0.733255 2 19 0.693553 18 0.306447
  18 23.616917 -3.483355 -20.853889 0.955716 0.128052 0.264971 0.134182 0.709415 2 18 0.546750 19 0.453250
  19 23.756252 -3.546016 -21.282892 0.970068 0.114376 0.214211 0.127013 0.749503 2 19 0.722108 18 0.277892
c_metrocop_hands_sheet
  19 23.686321 -3.425453 -22.022667 0.416809 0.786118 -0.456387 0.087422 0.802422 1 19 1.000000
  19 23.668808 -3.296634 -21.376009 0.670165 0.741081 0.040958 0.118472 0.733255 2 19 0.693553 18 0.306447
  19 23.756252 -3.546016 -21.282892 0.970068 0.114376 0.214211 0.127013 0.749503 2 19 0.722108 18 0.277892
c_metrocop_hands_sheet
  19 23.686321 -3.425453 -22.022667 0.416809 0.786118 -0.456387 0.087422 0.802422 1 19 1.000000
  19 23.337042 -3.212338 -21.591099 -0.073849 0.965439 -0.249949 0.104125 0.725879 2 19 0.761248 18 0.238752
  19 23.668808 -3.296634 -21.376009 0.670165 0.741081 0.040958 0.118472 0.733255 2 19 0.693553 18 0.306447
c_metrocop_hands_sheet
  19 23.255360 -3.517165 -22.052877 -0.321848 0.732550 -0.599820 0.076544 0.754719 1 19 1.000000
  19 23.337042 -3.212338 -21.591099 -0.073849 0.965439 -0.249949 0.104125 0.725879 2 19 0.761248 18 0.238752
  19 23.686321 -3.425453 -22.022667 0.416809 0.786118 -0.456387 0.087422 0.802422 1 19 1.000000
c_metrocop_hands_sheet
  19 23.255360 -3.517165 -22.052877 -0.321848 0.732550 -0.599820 0.076544 0.754719 1 19 1.000000
  19 23.024618 -3.417172 -21.657454 -0.637691 0.674934 -0.371233 0.086584 0.694080 2 19 0.817192 18 0.182808
  19 23.337042 -3.212338 -21.591099 -0.073849 0.965439 -0.249949 0.104125 0.725879 2 19 0.761248 18 0.238752
c_metrocop_hands_sheet
  19 23.018314 -3.783849 -22.143927 -0.838761 0.092114 -0.536651 0.055086 0.734966 1 19 1.000000
  19 23.024618 -3.417172 -21.657454 -0.637691 0.674934 -0.371233 0.086584 0.694080 2 19 0.817192 18 0.182808
  19 23.255360 -3.517165 -22.052877 -0.321848 0.732550 -0.599820 0.076544 0.754719 1 19 1.000000
c_metrocop_hands_sheet
  19 23.018314 -3.783849 -22.143927 -0.838761 0.092114 -0.536651 0.055086 0.734966 1 19 1.000000
  19 22.803715 -3.699373 -21.508791 -0.947164 -0.003899 -0.320727 0.067181 0.654871 2 19 0.748702 18 0.251298
  19 23.024618 -3.417172 -21.657454 -0.637691 0.674934 -0.371233 0.086584 0.694080 2 19 0.817192 18 0.182808
c_metrocop_hands_sheet
  19 22.803715 -3.699373 -21.508791 -0.947164 -0.003899 -0.320727 0.067181 0.654871 2 19 0.748702 18 0.251298
  19 22.869785 -3.344408 -21.151913 -0.674966 0.608658 -0.417080 0.097482 0.629120 2 19 0.515449 18 0.484551
  19 23.024618 -3.417172 -21.657454 -0.637691 0.674934 -0.371233 0.086584 0.694080 2 19 0.817192 18 0.182808
c_metrocop_hands_sheet
  19 22.803715 -3.699373 -21.508791 -0.947164 -0.003899 -0.320727 0.067181 0.654871 2 19 0.748702 18 0.251298
  18 22.656004 -3.745033 -21.030985 -0.934470 -0.191928 -0.299883 0.068164 0.595655 2 18 0.500000 19 0.500000
  19 22.869785 -3.344408 -21.151913 -0.674966 0.608658 -0.417080 0.097482 0.629120 2 19 0.515449 18 0.484551
c_metrocop_hands_sheet
  18 22.656004 -3.745033 -21.030985 -0.934470 -0.191928 -0.299883 0.068164 0.595655 2 18 0.500000 19 0.500000
  18 22.615408 -3.197966 -20.746105 -0.730478 0.476353 -0.489377 0.110491 0.564610 2 18 0.661309 19 0.338691
  19 22.869785 -3.344408 -21.151913 -0.674966 0.608658 -0.417080 0.097482 0.629120 2 19 0.515449 18 0.484551
c_metrocop_hands_sheet
  19 23.337042 -3.212338 -21.591099 -0.073849 0.965439 -0.249949 0.104125 0.725879 2 19 0.761248 18 0.238752
  19 23.140488 -3.198889 -21.202774 -0.152008 0.959489 -0.237222 0.109391 0.665385 2 19 0.544327 18 0.455673
  18 23.501194 -3.288720 -20.977642 0.603806 0.796436 0.033269 0.125056 0.688239 2 18 0.519310 19 0.480690
c_metrocop_hands_sheet
  19 23.024618 -3.417172 -21.657454 -0.637691 0.674934 -0.371233 0.086584 0.694080 2 19 0.817192 18 0.182808
  19 23.140488 -3.198889 -21.202774 -0.152008 0.959489 -0.237222 0.109391 0.665385 2 19 0.544327 18 0.455673
  19 23.337042 -3.212338 -21.591099 -0.073849 0.965439 -0.249949 0.104125 0.725879 2 19 0.761248 18 0.238752
c_metrocop_hands_sheet
  19 23.024618 -3.417172 -21.657454 -0.637691 0.674934 -0.371233 0.086584 0.694080 2 19 0.817192 18 0.182808
  19 22.869785 -3.344408 -21.151913 -0.674966 0.608658 -0.417080 0.097482 0.629120 2 19 0.515449 18 0.484551
  19 23.140488 -3.198889 -21.202774 -0.152008 0.959489 -0.237222 0.109391 0.665385 2 19 0.544327 18 0.455673
c_metrocop_hands_sheet
  19 23.337042 -3.212338 -21.591099 -0.073849 0.965439 -0.249949 0.104125 0.725879 2 19 0.761248 18 0.238752
  18 23.501194 -3.288720 -20.977642 0.603806 0.796436 0.033269 0.125056 0.688239 2 18 0.519310 19 0.480690
  19 23.668808 -3.296634 -21.376009 0.670165 0.741081 0.040958 0.118472 0.733255 2 19 0.693553 18 0.306447
c_metrocop_hands_sheet
  19 23.668808 -3.296634 -21.376009 0.670165 0.741081 0.040958 0.118472 0.733255 2 19 0.693553 18 0.306447
  18 23.501194 -3.288720 -20.977642 0.603806 0.796436 0.033269 0.125056 0.688239 2 18 0.519310 19 0.480690
  18 23.616917 -3.483355 -20.853889 0.955716 0.128052 0.264971 0.134182 0.709415 2 18 0.546750 19 0.453250
c_metrocop_hands_sheet
  18 23.501194 -3.288720 -20.977642 0.603806 0.796436 0.033269 0.125056 0.688239 2 18 0.519310 19 0.480690
  18 23.524178 -3.355180 -20.474638 0.999907 0.013573 0.001527 0.148535 0.640660 2 18 0.860949 19 0.139051
  18 23.616917 -3.483355 -20.853889 0.955716 0.128052 0.264971 0.134182 0.709415 2 18 0.546750 19 0.453250
c_metrocop_hands_sheet
  18 23.501194 -3.288720 -20.977642 0.603806 0.796436 0.033269 0.125056 0.688239 2 18 0.519310 19 0.480690
  18 23.386242 -3.135924 -20.684700 0.677971 0.636180 -0.368280 0.135709 0.627389 2 18 0.726805 19 0.273195
  18 23.524178 -3.355180 -20.474638 0.999907 0.013573 0.001527 0.148535 0.640660 2 18 0.860949 19 0.139051
c_metrocop_hands_sheet
  19 23.140488 -3.198889 -21.202774 -0.152008 0.959489 -0.237222 0.109391 0.665385 2 19 0.544327 18 0.455673
  18 23.386242 -3.135924 -20.684700 0.677971 0.636180 -0.368280 0.135709 0.627389 2 18 0.726805 19 0.273195
  18 23.501194 -3.288720 -20.977642 0.603806 0.796436 0.033269 0.125056 0.688239 2 18 0.519310 19 0.480690
c_metrocop_hands_sheet
  19 23.140488 -3.198889 -21.202774 -0.152008 0.959489 -0.237222 0.109391 0.665385 2 19 0.544327 18 0.455673
  18 23.014982 -3.053494 -20.790302 -0.055690 0.811719 -0.581387 0.124784 0.614803 2 18 0.672794 19 0.327206
  18 23.386242 -3.135924 -20.684700 0.677971 0.636180 -0.368280 0.135709 0.627389 2 18 0.726805 19 0.273195
c_metrocop_hands_sheet
  19 22.869785 -3.344408 -21.151913 -0.674966 0.608658 -0.417080 0.097482 0.629120 2 19 0.515449 18 0.484551
  18 23.014982 -3.053494 -20.790302 -0.055690 0.811719 -0.581387 0.124784 0.614803 2 18 0.672794 19 0.327206
  19 23.140488 -3.198889 -21.202774 -0.152008 0.959489 -0.237222 0.109391 0.665385 2 19 0.544327 18 0.455673
c_metrocop_hands_sheet
  19 22.869785 -3.344408 -21.151913 -0.674966 0.608658 -0.417080 0.097482 0.629120 2 19 0.515449 18 0.484551
  18 22.615408 -3.197966 -20.746105 -0.730478 0.476353 -0.489377 0.110491 0.564610 2 18 0.661309 19 0.338691
  18 23.014982 -3.053494 -20.790302 -0.055690 0.811719 -0.581387 0.124784 0.614803 2 18 0.672794 19 0.327206
c_metrocop_hands_sheet
  18 22.615408 -3.197966 -20.746105 -0.730478 0.476353 -0.489377 0.110491 0.564610 2 18 0.661309 19 0.338691
  18 22.850122 -2.682397 -20.401411 -0.084595 0.290759 -0.953049 0.147999 0.558407 2 18 0.527079 17 0.472921
  18 23.014982 -3.053494 -20.790302 -0.055690 0.811719 -0.581387 0.124784 0.614803 2 18 0.672794 19 0.327206
c_metrocop_hands_sheet
  18 22.615408 -3.197966 -20.746105 -0.730478 0.476353 -0.489377 0.110491 0.564610 2 18 0.661309 19 0.338691
  18 22.533098 -3.162910 -20.447645 -0.845639 0.226373 -0.483373 0.114131 0.527509 2 18 0.634937 17 0.365063
  18 22.850122 -2.682397 -20.401411 -0.084595 0.290759 -0.953049 0.147999 0.558407 2 18 0.527079 17 0.472921
c_metrocop_hands_sheet
  18 22.533098 -3.162910 -20.447645 -0.845639 0.226373 -0.483373 0.114131 0.527509 2 18 0.634937 17 0.365063
  17 22.701702 -2.088326 -20.346581 -0.402759 0.188828 -0.895617 0.189264 0.532827 2 17 0.533599 18 0.466401
  18 22.850122 -2.682397 -20.401411 -0.084595 0.290759 -0.953049 0.147999 0.558407 2 18 0.527079 17 0.472921
c_metrocop_hands_sheet
  18 22.533098 -3.162910 -20.447645 -0.845639 0.226373 -0.483373 0.114131 0.527509 2 18 0.634937 17 0.365063
  17 22.206711 -2.678523 -20.073097 -0.850813 0.010720 -0.525359 0.143979 0.459483 2 17 0.521924 18 0.478076
  17 22.701702 -2.088326 -20.346581 -0.402759 0.188828 -0.895617 0.189264 0.532827 2 17 0.533599 18 0.466401
c_metrocop_hands_sheet
  17 22.206711 -2.678523 -20.073097 -0.850813 0.010720 -0.525359 0.143979 0.459483 2 17 0.521924 18 0.478076
  17 22.084366 -2.067227 -19.801056 -0.915055 0.074199 -0.396445 0.168957 0.422394 2 17 0.642746 18 0.357254
  17 22.701702 -2.088326 -20.346581 -0.402759 0.188828 -0.895617 0.189264 0.532827 2 17 0.533599 18 0.466401
c_metrocop_hands_sheet
  17 22.084366 -2.067227 -19.801056 -0.915055 0.074199 -0.396445 0.168957 0.422394 2 17 0.642746 18 0.357254
  17 22.491158 -1.220992 -19.955257 -0.641512 0.338615 -0.688333 0.246849 0.475504 2 17 0.505819 4 0.494181
  17 22.701702 -2.088326 -20.346581 -0.402759 0.188828 -0.895617 0.189264 0.532827 2 17 0.533599 18 0.466401
c_metrocop_hands_sheet
  17 22.084366 -2.067227 -19.801056 -0.915055 0.074199 -0.396445 0.168957 0.422394 2 17 0.642746 18 0.357254
  4 21.950573 -1.241622 -18.973206 -0.908002 0.056159 -0.415184 0.247018 0.323429 2 4 0.538299 17 0.461701
  17 22.491158 -1.220992 -19.955257 -0.641512 0.338615 -0.688333 0.246849 0.475504 2 17 0.505819 4 0.494181
c_metrocop_hands_sheet
  17 22.491158 -1.220992 -19.955257 -0.641512 0.338615 -0.688333 0.246849 0.475504 2 17 0.505819 4 0.494181
  4 21.950573 -1.241622 -18.973206 -0.908002 0.056159 -0.415184 0.247018 0.323429 2 4 0.538299 17 0.461701
  4 22.476814 -0.283241 -18.989021 -0.740704 0.299977 -0.601142 0.319937 0.376283 2 4 0.665207 3 0.334793
c_metrocop_hands_sheet
  4 21.950573 -1.241622 -18.973206 -0.908002 0.056159 -0.415184 0.247018 0.323429 2 4 0.538299 17 0.461701
  3 21.058031 -0.769998 -17.776474 -0.727054 -0.012510 -0.686466 0.278567 0.194150 2 3 0.661021 4 0.338979
  4 22.476814 -0.283241 -18.989021 -0.740704 0.299977 -0.601142 0.319937 0.376283 2 4 0.665207 3 0.334793
c_metrocop_hands_sheet
  3 21.195629 0.455380 -17.653416 -0.590824 0.617901 -0.518773 0.367442 0.191255 2 3 0.603367 4 0.396633
  4 22.476814 -0.283241 -18.989021 -0.740704 0.299977 -0.601142 0.319937 0.376283 2 4 0.665207 3 0.334793
  3 21.058031 -0.769998 -17.776474 -0.727054 -0.012510 -0.686466 0.278567 0.194150 2 3 0.661021 4 0.338979
c_metrocop_hands_sheet
  3 21.195629 0.455380 -17.653416 -0.590824 0.617901 -0.518773 0.367442 0.191255 2 3 0.603367 4 0.396633
  4 22.688704 0.463058 -19.014404 -0.704387 0.476747 -0.525882 0.374633 0.397773 2 4 0.650091 3 0.349909
  4 22.476814 -0.283241 -18.989021 -0.740704 0.299977 -0.601142 0.319937 0.376283 2 4 0.665207 3 0.334793
c_metrocop_hands_sheet
  4 22.688704 0.463058 -19.014404 -0.704387 0.476747 -0.525882 0.374633 0.397773 2 4 0.650091 3 0.349909
  3 21.195629 0.455380 -17.653416 -0.590824 0.617901 -0.518773 0.367442 0.191255 2 3 0.603367 4 0.396633
  3 22.041269 0.917238 -17.049294 -0.099486 0.993451 -0.056187 0.427662 0.198377 2 3 0.584988 4 0.415012
c_metrocop_hands_sheet
  18 22.656004 -3.745033 -21.030985 -0.934470 -0.191928 -0.299883 0.068164 0.595655 2 18 0.500000 19 0.500000
  18 22.528034 -3.544294 -20.717569 -0.959445 -0.166843 -0.227219 0.085580 0.554511 2 18 0.629205 19 0.370795
  18 22.615408 -3.197966 -20.746105 -0.730478 0.476353 -0.489377 0.110491 0.564610 2 18 0.661309 19 0.338691
c_metrocop_hands_sheet
  18 22.528034 -3.544294 -20.717569 -0.959445 -0.166843 -0.227219 0.085580 0.554511 2 18 0.629205 19 0.370795
  18 22.533098 -3.162910 -20.447645 -0.845639 0.226373 -0.483373 0.114131 0.527509 2 18 0.634937 17 0.365063
  18 22.615408 -3.197966 -20.746105 -0.730478 0.476353 -0.489377 0.110491 0.564610 2 18 0.661309 19 0.338691
c_metrocop_hands_sheet
  18 22.528034 -3.544294 -20.717569 -0.959445 -0.166843 -0.227219 0.085580 0.554511 2 18 0.629205 19 0.370795
  18 22.380516 -3.382538 -20.145042 -0.904108 -0.299632 -0.304647 0.098251 0.484797 2 18 0.545152 17 0.454848
  18 22.533098 -3.162910 -20.447645 -0.845639 0.226373 -0.483373 0.114131 0.527509 2 18 0.634937 17 0.365063
c_metrocop_hands_sheet
  18 22.380516 -3.382538 -20.145042 -0.904108 -0.299632 -0.304647 0.098251 0.484797 2 18 0.545152 17 0.454848
  17 22.206711 -2.678523 -20.073097 -0.850813 0.010720 -0.525359 0.143979 0.459483 2 17 0.521924 18 0.478076
  18 22.533098 -3.162910 -20.447645 -0.845639 0.226373 -0.483373 0.114131 0.527509 2 18 0.634937 17 0.365063
c_metrocop_hands_sheet
  18 22.380516 -3.382538 -20.145042 -0.904108 -0.299632 -0.304647 0.098251 0.484797 2 18 0.545152 17 0.454848
  17 22.199970 -3.209432 -19.772003 -0.945711 -0.322615 0.039368 0.110306 0.429281 2 17 0.514750 18 0.485250
  17 22.206711 -2.678523 -20.073097 -0.850813 0.010720 -0.525359 0.143979 0.459483 2 17 0.521924 18 0.478076
c_metrocop_hands_sheet
  17 22.199970 -3.209432 -19.772003 -0.945711 -0.322615 0.039368 0.110306 0.429281 2 17 0.514750 18 0.485250
  17 22.084366 -2.067227 -19.801056 -0.915055 0.074199 -0.396445 0.168957 0.422394 2 17 0.642746 18 0.357254
  17 22.206711 -2.678523 -20.073097 -0.850813 0.010720 -0.525359 0.143979 0.459483 2 17 0.521924 18 0.478076
c_metrocop_hands_sheet
  17 22.199970 -3.209432 -19.772003 -0.945711 -0.322615 0.039368 0.110306 0.429281 2 17 0.514750 18 0.485250
  17 22.129635 -2.312239 -19.245279 -0.967602 -0.197909 0.156774 0.155073 0.374115 2 17 0.819880 18 0.180120
  17 22.084366 -2.067227 -19.801056 -0.915055 0.074199 -0.396445 0.168957 0.422394 2 17 0.642746 18 0.357254
c_metrocop_hands_sheet
  17 22.129635 -2.312239 -19.245279 -0.967602 -0.197909 0.156774 0.155073 0.374115 2 17 0.819880 18 0.180120
  4 21.950573 -1.241622 -18.973206 -0.908002 0.056159 -0.415184 0.247018 0.323429 2 4 0.538299 17 0.461701
  17 22.084366 -2.067227 -19.801056 -0.915055 0.074199 -0.396445 0.168957 0.422394 2 17 0.642746 18 0.357254
c_metrocop_hands_sheet
  17 22.129635 -2.312239 -19.245279 -0.967602 -0.197909 0.156774 0.155073 0.374115 2 17 0.819880 18 0.180120
  17 22.250219 -2.027508 -18.585407 -0.893728 -0.424975 -0.143687 0.182688 0.316136 2 17 0.901421 4 0.098579
  4 21.950573 -1.241622 -18.973206 -0.908002 0.056159 -0.415184 0.247018 0.323429 2 4 0.538299 17 0.461701
c_metrocop_hands_sheet
  3 21.058031 -0.769998 -17.776474 -0.727054 -0.012510 -0.686466 0.278567 0.194150 2 3 0.661021 4 0.338979
  4 21.950573 -1.241622 -18.973206 -0.908002 0.056159 -0.415184 0.247018 0.323429 2 4 0.538299 17 0.461701
  17 22.250219 -2.027508 -18.585407 -0.893728 -0.424975 -0.143687 0.182688 0.316136 2 17 0.901421 4 0.098579
c_metrocop_hands_sheet
  3 21.058031 -0.769998 -17.776474 -0.727054 -0.012510 -0.686466 0.278567 0.194150 2 3 0.661021 4 0.338979
  17 22.250219 -2.027508 -18.585407 -0.893728 -0.424975 -0.143687 0.182688 0.316136 2 17 0.901421 4 0.098579
  3 21.404335 -2.096952 -17.716820 -0.532847 -0.624951 -0.570535 0.188700 0.231014 2 3 0.587116 4 0.412884
c_metrocop_hands_sheet
  18 22.850122 -2.682397 -20.401411 -0.084595 0.290759 -0.953049 0.147999 0.558407 2 18 0.527079 17 0.472921
  17 23.553154 -1.832459 -20.499165 -0.240035 -0.031674 -0.970247 0.214463 0.633604 2 17 0.524128 18 0.475872
  18 23.470381 -2.736991 -20.335274 0.541250 -0.042606 -0.839782 0.162586 0.602320 2 18 0.537145 17 0.462855
c_metrocop_hands_sheet
  18 22.850122 -2.682397 -20.401411 -0.084595 0.290759 -0.953049 0.147999 0.558407 2 18 0.527079 17 0.472921
  17 22.701702 -2.088326 -20.346581 -0.402759 0.188828 -0.895617 0.189264 0.532827 2 17 0.533599 18 0.466401
  17 23.553154 -1.832459 -20.499165 -0.240035 -0.031674 -0.970247 0.214463 0.633604 2 17 0.524128 18 0.475872
c_metrocop_hands_sheet
  17 22.701702 -2.088326 -20.346581 -0.402759 0.188828 -0.895617 0.189264 0.532827 2 17 0.533599 18 0.466401
  17 22.491158 -1.220992 -19.955257 -0.641512 0.338615 -0.688333 0.246849 0.475504 2 17 0.505819 4 0.494181
  17 23.553154 -1.832459 -20.499165 -0.240035 -0.031674 -0.970247 0.214463 0.633604 2 17 0.524128 18 0.475872
c_metrocop_hands_sheet
  17 22.491158 -1.220992 -19.955257 -0.641512 0.338615 -0.688333 0.246849 0.475504 2 17 0.505819 4 0.494181
  4 23.174034 -1.011164 -20.242397 -0.445973 0.240919 -0.862013 0.266486 0.574558 2 4 0.757436 17 0.242564
  17 23.553154 -1.832459 -20.499165 -0.240035 -0.031674 -0.970247 0.214463 0.633604 2 17 0.524128 18 0.475872
c_metrocop_hands_sheet
  18 23.470381 -2.736991 -20.335274 0.541250 -0.042606 -0.839782 0.162586 0.602320 2 18 0.537145 17 0.462855
  18 23.749786 -2.675978 -20.216282 0.193735 -0.630958 -0.751238 0.167760 0.644445 2 18 0.505428 17 0.494572
  17 23.616871 -2.996267 -19.920675 0.756925 -0.644718 -0.106786 0.179812 0.592393 2 17 0.519714 18 0.480286
c_metrocop_hands_sheet
  17 23.553154 -1.832459 -20.499165 -0.240035 -0.031674 -0.970247 0.214463 0.633604 2 17 0.524128 18 0.475872
  18 23.749786 -2.675978 -20.216282 0.193735 -0.630958 -0.751238 0.167760 0.644445 2 18 0.505428 17 0.494572
  18 23.470381 -2.736991 -20.335274 0.541250 -0.042606 -0.839782 0.162586 0.602320 2 18 0.537145 17 0.462855
c_metrocop_hands_sheet
  18 23.749786 -2.675978 -20.216282 0.193735 -0.630958 -0.751238 0.167760 0.644445 2 18 0.505428 17 0.494572
  17 23.553154 -1.832459 -20.499165 -0.240035 -0.031674 -0.970247 0.214463 0.633604 2 17 0.524128 18 0.475872
  14 24.606384 -2.618096 -20.521124 -0.257335 -0.833080 -0.489649 0.165329 0.760296 2 14 0.903255 11 0.096745
c_metrocop_hands_sheet
  14 24.606384 -2.618096 -20.521124 -0.257335 -0.833080 -0.489649 0.165329 0.760296 2 14 0.903255 11 0.096745
  17 23.553154 -1.832459 -20.499165 -0.240035 -0.031674 -0.970247 0.214463 0.633604 2 17 0.524128 18 0.475872
  14 24.276863 -1.702923 -20.732933 -0.426297 -0.136362 -0.894246 0.225167 0.741791 2 14 0.530876 11 0.469124
c_metrocop_hands_sheet
  17 23.553154 -1.832459 -20.499165 -0.240035 -0.031674 -0.970247 0.214463 0.633604 2 17 0.524128 18 0.475872
  4 24.129574 -0.481069 -20.595686 -0.535852 0.110969 -0.836988 0.311027 0.707402 2 4 0.616278 8 0.383722
  14 24.276863 -1.702923 -20.732933 -0.426297 -0.136362 -0.894246 0.225167 0.741791 2 14 0.530876 11 0.469124
c_metrocop_hands_sheet
  17 23.553154 -1.832459 -20.499165 -0.240035 -0.031674 -0.970247 0.214463 0.633604 2 17 0.524128 18 0.475872
  4 23.174034 -1.011164 -20.242397 -0.445973 0.240919 -0.862013 0.266486 0.574558 2 4 0.757436 17 0.242564
  4 24.129574 -0.481069 -20.595686 -0.535852 0.110969 -0.836988 0.311027 0.707402 2 4 0.616278 8 0.383722
c_metrocop_hands_sheet
  4 23.174034 -1.011164 -20.242397 -0.445973 0.240919 -0.862013 0.266486 0.574558 2 4 0.757436 17 0.242564
  4 22.919468 -0.337093 -19.744055 -0.657478 0.370354 -0.656170 0.315152 0.496378 2 4 0.833205 3 0.166795
  4 24.129574 -0.481069 -20.595686 -0.535852 0.110969 -0.836988 0.311027 0.707402 2 4 0.616278 8 0.383722
c_metrocop_hands_sheet
  17 22.491158 -1.220992 -19.955257 -0.641512 0.338615 -0.688333 0.246849 0.475504 2 17 0.505819 4 0.494181
  4 22.919468 -0.337093 -19.744055 -0.657478 0.370354 -0.656170 0.315152 0.496378 2 4 0.833205 3 0.166795
  4 23.174034 -1.011164 -20.242397 -0.445973 0.240919 -0.862013 0.266486 0.574558 2 4 0.757436 17 0.242564
c_metrocop_hands_sheet
  17 22.491158 -1.220992 -19.955257 -0.641512 0.338615 -0.688333 0.246849 0.475504 2 17 0.505819 4 0.494181
  4 22.476814 -0.283241 -18.989021 -0.740704 0.299977 -0.601142 0.319937 0.376283 2 4 0.665207 3 0.334793
  4 22.919468 -0.337093 -19.744055 -0.657478 0.370354 -0.656170 0.315152 0.496378 2 4 0.833205 3 0.166795
c_metrocop_hands_sheet
  4 23.159874 0.450975 -19.652077 -0.653323 0.366565 -0.662419 0.373929 0.509346 2 4 0.712926 5 0.287074
  4 22.919468 -0.337093 -19.744055 -0.657478 0.370354 -0.656170 0.315152 0.496378 2 4 0.833205 3 0.166795
  4 22.476814 -0.283241 -18.989021 -0.740704 0.299977 -0.601142 0.319937 0.376283 2 4 0.665207 3 0.334793
c_metrocop_hands_sheet
  4 23.159874 0.450975 -19.652077 -0.653323 0.366565 -0.662419 0.373929 0.509346 2 4 0.712926 5 0.287074
  4 22.476814 -0.283241 -18.989021 -0.740704 0.299977 -0.601142 0.319937 0.376283 2 4 0.665207 3 0.334793
  4 22.688704 0.463058 -19.014404 -0.704387 0.476747 -0.525882 0.374633 0.397773 2 4 0.650091 3 0.349909
c_metrocop_hands_sheet
  4 23.159874 0.450975 -19.652077 -0.653323 0.366565 -0.662419 0.373929 0.509346 2 4 0.712926 5 0.287074
  4 24.129574 -0.481069 -20.595686 -0.535852 0.110969 -0.836988 0.311027 0.707402 2 4 0.616278 8 0.383722
  4 22.919468 -0.337093 -19.744055 -0.657478 0.370354 -0.656170 0.315152 0.496378 2 4 0.833205 3 0.166795
c_metrocop_hands_sheet
  14 25.303530 -1.919700 -21.397650 -0.601203 0.313648 -0.734969 0.215397 0.915657 2 14 0.881794 11 0.118206
  14 25.248678 -2.237100 -21.372696 -0.762559 -0.137155 -0.632212 0.192592 0.908877 1 14 1.000000
  14 24.888247 -2.034983 -21.162411 -0.627019 -0.149576 -0.764509 0.204762 0.849501 2 14 0.826517 11 0.173483
c_metrocop_hands_sheet
  14 25.303530 -1.919700 -21.397650 -0.601203 0.313648 -0.734969 0.215397 0.915657 2 14 0.881794 11 0.118206
  14 24.888247 -2.034983 -21.162411 -0.627019 -0.149576 -0.764509 0.204762 0.849501 2 14 0.826517 11 0.173483
  11 25.431923 -1.562494 -21.296278 -0.534936 -0.303877 -0.788355 0.242666 0.917818 2 11 0.893610 14 0.106390
c_metrocop_hands_sheet
  11 25.431923 -1.562494 -21.296278 -0.534936 -0.303877 -0.788355 0.242666 0.917818 2 11 0.893610 14 0.106390
  14 24.888247 -2.034983 -21.162411 -0.627019 -0.149576 -0.764509 0.204762 0.849501 2 14 0.826517 11 0.173483
  11 24.676765 -1.461047 -21.102680 -0.610633 0.036133 -0.791089 0.243627 0.818759 2 11 0.680728 14 0.319272
c_metrocop_hands_sheet
  11 25.431923 -1.562494 -21.296278 -0.534936 -0.303877 -0.788355 0.242666 0.917818 2 11 0.893610 14 0.106390
  11 24.676765 -1.461047 -21.102680 -0.610633 0.036133 -0.791089 0.243627 0.818759 2 11 0.680728 14 0.319272
  11 25.202692 -1.310705 -21.377560 -0.639987 -0.265730 -0.720975 0.257569 0.900295 2 11 0.902222 12 0.097778
c_metrocop_hands_sheet
  11 24.676765 -1.461047 -21.102680 -0.610633 0.036133 -0.791089 0.243627 0.818759 2 11 0.680728 14 0.319272
  11 25.265194 -0.882649 -21.376848 -0.730230 0.153604 -0.665710 0.288456 0.904898 2 11 0.609603 8 0.390397
  11 25.202692 -1.310705 -21.377560 -0.639987 -0.265730 -0.720975 0.257569 0.900295 2 11 0.902222 12 0.097778
c_metrocop_hands_sheet
  11 24.676765 -1.461047 -21.102680 -0.610633 0.036133 -0.791089 0.243627 0.818759 2 11 0.680728 14 0.319272
  8 24.830814 -0.829317 -20.965511 -0.600623 0.016360 -0.799365 0.290812 0.818925 2 8 0.528708 11 0.471292
  11 25.265194 -0.882649 -21.376848 -0.730230 0.153604 -0.665710 0.288456 0.904898 2 11 0.609603 8 0.390397
c_metrocop_hands_sheet
  8 24.830814 -0.829317 -20.965511 -0.600623 0.016360 -0.799365 0.290812 0.818925 2 8 0.528708 11 0.471292
  8 25.223259 -0.631349 -21.298626 -0.489651 -0.107577 -0.865256 0.306357 0.891759 2 8 0.934200 9 0.065800
  11 25.265194 -0.882649 -21.376848 -0.730230 0.153604 -0.665710 0.288456 0.904898 2 11 0.609603 8 0.390397
c_metrocop_hands_sheet
  8 24.830814 -0.829317 -20.965511 -0.600623 0.016360 -0.799365 0.290812 0.818925 2 8 0.528708 11 0.471292
  8 24.941858 -0.383537 -21.227940 -0.605615 -0.102510 -0.789127 0.321547 0.854036 2 8 0.765456 9 0.234544
  8 25.223259 -0.631349 -21.298626 -0.489651 -0.107577 -0.865256 0.306357 0.891759 2 8 0.934200 9 0.065800
c_metrocop_hands_sheet
  8 24.830814 -0.829317 -20.965511 -0.600623 0.016360 -0.799365 0.290812 0.818925 2 8 0.528708 11 0.471292
  5 24.649731 -0.188257 -21.036495 -0.550959 0.052279 -0.832893 0.333786 0.803736 2 5 0.504792 8 0.495208
  8 24.941858 -0.383537 -21.227940 -0.605615 -0.102510 -0.789127 0.321547 0.854036 2 8 0.765456 9 0.234544
c_metrocop_hands_sheet
  8 24.941858 -0.383537 -21.227940 -0.605615 -0.102510 -0.789127 0.321547 0.854036 2 8 0.765456 9 0.234544
  5 24.649731 -0.188257 -21.036495 -0.550959 0.052279 -0.832893 0.333786 0.803736 2 5 0.504792 8 0.495208
  5 25.074257 0.201344 -21.060059 -0.599526 -0.075998 -0.796739 0.365425 0.849155 2 5 0.933836 6 0.066164
c_metrocop_hands_sheet
  5 24.649731 -0.188257 -21.036495 -0.550959 0.052279 -0.832893 0.333786 0.803736 2 5 0.504792 8 0.495208
  5 24.761969 0.473147 -20.983101 -0.756420 0.056091 -0.651676 0.382045 0.807450 2 5 0.819178 6 0.180822
  5 25.074257 0.201344 -21.060059 -0.599526 -0.075998 -0.796739 0.365425 0.849155 2 5 0.933836 6 0.066164
c_metrocop_hands_sheet
  4 24.129574 -0.481069 -20.595686 -0.535852 0.110969 -0.836988 0.311027 0.707402 2 4 0.616278 8 0.383722
  5 24.761969 0.473147 -20.983101 -0.756420 0.056091 -0.651676 0.382045 0.807450 2 5 0.819178 6 0.180822
  5 24.649731 -0.188257 -21.036495 -0.550959 0.052279 -0.832893 0.333786 0.803736 2 5 0.504792 8 0.495208
c_metrocop_hands_sheet
  4 24.129574 -0.481069 -20.595686 -0.535852 0.110969 -0.836988 0.311027 0.707402 2 4 0.616278 8 0.383722
  5 24.200638 0.350969 -20.468157 -0.631633 0.292129 -0.718123 0.371465 0.698821 2 5 0.776464 6 0.223536
  5 24.761969 0.473147 -20.983101 -0.756420 0.056091 -0.651676 0.382045 0.807450 2 5 0.819178 6 0.180822
c_metrocop_hands_sheet
  4 23.159874 0.450975 -19.652077 -0.653323 0.366565 -0.662419 0.373929 0.509346 2 4 0.712926 5 0.287074
  5 24.200638 0.350969 -20.468157 -0.631633 0.292129 -0.718123 0.371465 0.698821 2 5 0.776464 6 0.223536
  4 24.129574 -0.481069 -20.595686 -0.535852 0.110969 -0.836988 0.311027 0.707402 2 4 0.616278 8 0.383722
c_metrocop_hands_sheet
  4 23.398893 1.036715 -19.434803 -0.511622 0.776008 -0.368856 0.425481 0.535551 2 4 0.544766 5 0.455234
  5 24.200638 0.350969 -20.468157 -0.631633 0.292129 -0.718123 0.371465 0.698821 2 5 0.776464 6 0.223536
  4 23.159874 0.450975 -19.652077 -0.653323 0.366565 -0.662419 0.373929 0.509346 2 4 0.712926 5 0.287074
c_metrocop_hands_sheet
  4 22.688704 0.463058 -19.014404 -0.704387 0.476747 -0.525882 0.374633 0.397773 2 4 0.650091 3 0.349909
  4 23.398893 1.036715 -19.434803 -0.511622 0.776008 -0.368856 0.425481 0.535551 2 4 0.544766 5 0.455234
  4 23.159874 0.450975 -19.652077 -0.653323 0.366565 -0.662419 0.373929 0.509346 2 4 0.712926 5 0.287074
c_metrocop_hands_sheet
  4 22.688704 0.463058 -19.014404 -0.704387 0.476747 -0.525882 0.374633 0.397773 2 4 0.650091 3 0.349909
  4 23.002008 0.836353 -18.817783 -0.506852 0.844486 -0.173043 0.415208 0.416535 2 4 0.652179 3 0.347821
  4 23.398893 1.036715 -19.434803 -0.511622 0.776008 -0.368856 0.425481 0.535551 2 4 0.544766 5 0.455234
c_metrocop_hands_sheet
  4 22.688704 0.463058 -19.014404 -0.704387 0.476747 -0.525882 0.374633 0.397773 2 4 0.650091 3 0.349909
  3 22.041269 0.917238 -17.049294 -0.099486 0.993451 -0.056187 0.427662 0.198377 2 3 0.584988 4 0.415012
  4 23.002008 0.836353 -18.817783 -0.506852 0.844486 -0.173043 0.415208 0.416535 2 4 0.652179 3 0.347821
c_metrocop_hands_sheet
  4 24.129574 -0.481069 -20.595686 -0.535852 0.110969 -0.836988 0.311027 0.707402 2 4 0.616278 8 0.383722
  5 24.649731 -0.188257 -21.036495 -0.550959 0.052279 -0.832893 0.333786 0.803736 2 5 0.504792 8 0.495208
  8 24.830814 -0.829317 -20.965511 -0.600623 0.016360 -0.799365 0.290812 0.818925 2 8 0.528708 11 0.471292
c_metrocop_hands_sheet
  14 24.276863 -1.702923 -20.732933 -0.426297 -0.136362 -0.894246 0.225167 0.741791 2 14 0.530876 11 0.469124
  4 24.129574 -0.481069 -20.595686 -0.535852 0.110969 -0.836988 0.311027 0.707402 2 4 0.616278 8 0.383722
  8 24.830814 -0.829317 -20.965511 -0.600623 0.016360 -0.799365 0.290812 0.818925 2 8 0.528708 11 0.471292
c_metrocop_hands_sheet
  14 24.276863 -1.702923 -20.732933 -0.426297 -0.136362 -0.894246 0.225167 0.741791 2 14 0.530876 11 0.469124
  8 24.830814 -0.829317 -20.965511 -0.600623 0.016360 -0.799365 0.290812 0.818925 2 8 0.528708 11 0.471292
  11 24.676765 -1.461047 -21.102680 -0.610633 0.036133 -0.791089 0.243627 0.818759 2 11 0.680728 14 0.319272
c_metrocop_hands_sheet
  14 24.606384 -2.618096 -20.521124 -0.257335 -0.833080 -0.489649 0.165329 0.760296 2 14 0.903255 11 0.096745
  14 24.276863 -1.702923 -20.732933 -0.426297 -0.136362 -0.894246 0.225167 0.741791 2 14 0.530876 11 0.469124
  11 24.676765 -1.461047 -21.102680 -0.610633 0.036133 -0.791089 0.243627 0.818759 2 11 0.680728 14 0.319272
c_metrocop_hands_sheet
  14 24.606384 -2.618096 -20.521124 -0.257335 -0.833080 -0.489649 0.165329 0.760296 2 14 0.903255 11 0.096745
  11 24.676765 -1.461047 -21.102680 -0.610633 0.036133 -0.791089 0.243627 0.818759 2 11 0.680728 14 0.319272
  14 24.888247 -2.034983 -21.162411 -0.627019 -0.149576 -0.764509 0.204762 0.849501 2 14 0.826517 11 0.173483
c_metrocop_hands_sheet
  14 25.223564 -2.583013 -21.201084 -0.549989 -0.693035 -0.466063 0.169127 0.891187 2 14 0.940614 15 0.059386
  14 24.606384 -2.618096 -20.521124 -0.257335 -0.833080 -0.489649 0.165329 0.760296 2 14 0.903255 11 0.096745
  14 24.888247 -2.034983 -21.162411 -0.627019 -0.149576 -0.764509 0.204762 0.849501 2 14 0.826517 11 0.173483
c_metrocop_hands_sheet
  14 25.248678 -2.237100 -21.372696 -0.762559 -0.137155 -0.632212 0.192592 0.908877 1 14 1.000000
  14 25.223564 -2.583013 -21.201084 -0.549989 -0.693035 -0.466063 0.169127 0.891187 2 14 0.940614 15 0.059386
  14 24.888247 -2.034983 -21.162411 -0.627019 -0.149576 -0.764509 0.204762 0.849501 2 14 0.826517 11 0.173483
c_metrocop_hands_sheet
  14 25.467484 -2.593719 -21.586988 -0.680611 -0.677714 -0.278338 0.168048 0.954362 1 14 1.000000
  14 25.223564 -2.583013 -21.201084 -0.549989 -0.693035 -0.466063 0.169127 0.891187 2 14 0.940614 15 0.059386
  14 25.248678 -2.237100 -21.372696 -0.762559 -0.137155 -0.632212 0.192592 0.908877 1 14 1.000000
c_metrocop_hands_sheet
  14 25.467484 -2.593719 -21.586988 -0.680611 -0.677714 -0.278338 0.168048 0.954362 1 14 1.000000
  14 25.248678 -2.237100 -21.372696 -0.762559 -0.137155 -0.632212 0.192592 0.908877 1 14 1.000000
  14 25.362032 -2.227140 -21.627167 -0.911322 0.065888 -0.406388 0.192605 0.945436 2 14 0.881651 15 0.118349
c_metrocop_hands_sheet
  14 25.362032 -2.227140 -21.627167 -0.911322 0.065888 -0.406388 0.192605 0.945436 2 14 0.881651 15 0.118349
  14 25.248678 -2.237100 -21.372696 -0.762559 -0.137155 -0.632212 0.192592 0.908877 1 14 1.000000
  14 25.303530 -1.919700 -21.397650 -0.601203 0.313648 -0.734969 0.215397 0.915657 2 14 0.881794 11 0.118206
c_metrocop_hands_sheet
  14 25.362032 -2.227140 -21.627167 -0.911322 0.065888 -0.406388 0.192605 0.945436 2 14 0.881651 15 0.118349
  14 25.303530 -1.919700 -21.397650 -0.601203 0.313648 -0.734969 0.215397 0.915657 2 14 0.881794 11 0.118206
  14 25.524097 -1.965779 -21.596773 -0.565951 0.658271 -0.496366 0.212927 0.958455 2 14 0.911719 15 0.088281
c_metrocop_hands_sheet
  14 25.524097 -1.965779 -21.596773 -0.565951 0.658271 -0.496366 0.212927 0.958455 2 14 0.911719 15 0.088281
  14 25.303530 -1.919700 -21.397650 -0.601203 0.313648 -0.734969 0.215397 0.915657 2 14 0.881794 11 0.118206
  11 25.431923 -1.562494 -21.296278 -0.534936 -0.303877 -0.788355 0.242666 0.917818 2 11 0.893610 14 0.106390
c_metrocop_hands_sheet
  14 25.524097 -1.965779 -21.596773 -0.565951 0.658271 -0.496366 0.212927 0.958455 2 14 0.911719 15 0.088281
  11 25.431923 -1.562494 -21.296278 -0.534936 -0.303877 -0.788355 0.242666 0.917818 2 11 0.893610 14 0.106390
  14 25.779156 -1.691273 -21.356028 0.677612 -0.000947 -0.735419 0.236629 0.960906 2 14 0.516228 11 0.483772
c_metrocop_hands_sheet
  11 25.504660 -1.534685 -21.660423 -0.596553 -0.781220 -0.183900 0.242744 0.960607 2 11 0.916302 12 0.083698
  14 25.779156 -1.691273 -21.356028 0.677612 -0.000947 -0.735419 0.236629 0.960906 2 14 0.516228 11 0.483772
  11 25.431923 -1.562494 -21.296278 -0.534936 -0.303877 -0.788355 0.242666 0.917818 2 11 0.893610 14 0.106390
c_metrocop_hands_sheet
  11 25.202692 -1.310705 -21.377560 -0.639987 -0.265730 -0.720975 0.257569 0.900295 2 11 0.902222 12 0.097778
  11 25.504660 -1.534685 -21.660423 -0.596553 -0.781220 -0.183900 0.242744 0.960607 2 11 0.916302 12 0.083698
  11 25.431923 -1.562494 -21.296278 -0.534936 -0.303877 -0.788355 0.242666 0.917818 2 11 0.893610 14 0.106390
c_metrocop_hands_sheet
  11 25.202692 -1.310705 -21.377560 -0.639987 -0.265730 -0.720975 0.257569 0.900295 2 11 0.902222 12 0.097778
  11 25.359215 -1.241697 -21.684347 -0.933499 -0.062594 -0.353073 0.261815 0.946213 1 11 1.000000
  11 25.504660 -1.534685 -21.660423 -0.596553 -0.781220 -0.183900 0.242744 0.960607 2 11 0.916302 12 0.083698
c_metrocop_hands_sheet
  11 25.265194 -0.882649 -21.376848 -0.730230 0.153604 -0.665710 0.288456 0.904898 2 11 0.609603 8 0.390397
  11 25.359215 -1.241697 -21.684347 -0.933499 -0.062594 -0.353073 0.261815 0.946213 1 11 1.000000
  11 25.202692 -1.310705 -21.377560 -0.639987 -0.265730 -0.720975 0.257569 0.900295 2 11 0.902222 12 0.097778
c_metrocop_hands_sheet
  11 25.265194 -0.882649 -21.376848 -0.730230 0.153604 -0.665710 0.288456 0.904898 2 11 0.609603 8 0.390397
  11 25.501066 -0.881042 -21.673698 -0.550731 0.711811 -0.435913 0.288809 0.958554 1 11 1.000000
  11 25.359215 -1.241697 -21.684347 -0.933499 -0.062594 -0.353073 0.261815 0.946213 1 11 1.000000
c_metrocop_hands_sheet
  3 22.041269 0.917238 -17.049294 -0.099486 0.993451 -0.056187 0.427662 0.198377 2 3 0.584988 4 0.415012
  4 23.460842 0.987666 -18.421938 -0.020078 0.989296 0.144536 0.475238 0.427201 2 4 0.662409 3 0.337591
  4 23.002008 0.836353 -18.817783 -0.506852 0.844486 -0.173043 0.415208 0.416535 2 4 0.652179 3 0.347821
c_metrocop_hands_sheet
  3 22.041269 0.917238 -17.049294 -0.099486 0.993451 -0.056187 0.427662 0.198377 2 3 0.584988 4 0.415012
  4 23.865898 0.825701 -18.103243 0.490323 0.746377 0.450006 0.518703 0.436598 2 4 0.693721 3 0.306279
  4 23.460842 0.987666 -18.421938 -0.020078 0.989296 0.144536 0.475238 0.427201 2 4 0.662409 3 0.337591
c_metrocop_hands_sheet
  4 23.460842 0.987666 -18.421938 -0.020078 0.989296 0.144536 0.475238 0.427201 2 4 0.662409 3 0.337591
  4 23.865898 0.825701 -18.103243 0.490323 0.746377 0.450006 0.518703 0.436598 2 4 0.693721 3 0.306279
  5 24.485455 0.957263 -18.988594 0.535953 0.688461 0.488646 0.512356 0.579812 2 5 0.609268 4 0.390732
c_metrocop_hands_sheet
  4 24.087387 0.078164 -17.819353 0.785091 0.186620 0.590598 0.559693 0.439780 2 4 0.786235 3 0.213765
  5 24.485455 0.957263 -18.988594 0.535953 0.688461 0.488646 0.512356 0.579812 2 5 0.609268 4 0.390732
  4 23.865898 0.825701 -18.103243 0.490323 0.746377 0.450006 0.518703 0.436598 2 4 0.693721 3 0.306279
c_metrocop_hands_sheet
  4 24.087387 0.078164 -17.819353 0.785091 0.186620 0.590598 0.559693 0.439780 2 4 0.786235 3 0.213765
  4 24.802826 0.040783 -18.967966 0.758707 0.197338 0.620824 0.555184 0.586935 2 4 0.790220 5 0.209780
  5 24.485455 0.957263 -18.988594 0.535953 0.688461 0.488646 0.512356 0.579812 2 5 0.609268 4 0.390732
c_metrocop_hands_sheet
  4 24.802826 0.040783 -18.967966 0.758707 0.197338 0.620824 0.555184 0.586935 2 4 0.790220 5 0.209780
  4 24.087387 0.078164 -17.819353 0.785091 0.186620 0.590598 0.559693 0.439780 2 4 0.786235 3 0.213765
  4 24.860529 -0.664512 -18.930590 0.783428 -0.004639 0.621466 0.596681 0.586788 1 4 1.000000
c_metrocop_hands_sheet
  8 25.408283 -0.029927 -19.509764 0.767552 0.128576 0.627958 0.550462 0.706778 2 8 0.527170 5 0.472830
  4 24.802826 0.040783 -18.967966 0.758707 0.197338 0.620824 0.555184 0.586935 2 4 0.790220 5 0.209780
  4 24.860529 -0.664512 -18.930590 0.783428 -0.004639 0.621466 0.596681 0.586788 1 4 1.000000
c_metrocop_hands_sheet
  8 25.408283 -0.029927 -19.509764 0.767552 0.128576 0.627958 0.550462 0.706778 2 8 0.527170 5 0.472830
  4 24.860529 -0.664512 -18.930590 0.783428 -0.004639 0.621466 0.596681 0.586788 1 4 1.000000
  4 25.354982 -0.707540 -19.560051 0.780455 -0.035494 0.624203 0.585891 0.709341 2 4 0.898297 8 0.101703
c_metrocop_hands_sheet
  8 25.408283 -0.029927 -19.509764 0.767552 0.128576 0.627958 0.550462 0.706778 2 8 0.527170 5 0.472830
  4 25.354982 -0.707540 -19.560051 0.780455 -0.035494 0.624203 0.585891 0.709341 2 4 0.898297 8 0.101703
  8 25.973206 -0.518292 -20.294926 0.938516 0.082918 0.335131 0.577425 0.807564 2 8 0.768191 4 0.231809
c_metrocop_hands_sheet
  11 25.975639 -1.276263 -20.377773 0.908198 -0.094092 0.407828 0.616035 0.818902 2 11 0.752941 4 0.247059
  8 25.973206 -0.518292 -20.294926 0.938516 0.082918 0.335131 0.577425 0.807564 2 8 0.768191 4 0.231809
  4 25.354982 -0.707540 -19.560051 0.780455 -0.035494 0.624203 0.585891 0.709341 2 4 0.898297 8 0.101703
c_metrocop_hands_sheet
  11 25.975639 -1.276263 -20.377773 0.908198 -0.094092 0.407828 0.616035 0.818902 2 11 0.752941 4 0.247059
  11 26.102974 -1.010018 -20.768864 0.979003 0.130287 0.156774 0.602038 0.872328 2 11 0.784848 4 0.215152
  8 25.973206 -0.518292 -20.294926 0.938516 0.082918 0.335131 0.577425 0.807564 2 8 0.768191 4 0.231809
c_metrocop_hands_sheet
  11 26.102974 -1.010018 -20.768864 0.979003 0.130287 0.156774 0.602038 0.872328 2 11 0.784848 4 0.215152
  11 25.975639 -1.276263 -20.377773 0.908198 -0.094092 0.407828 0.616035 0.818902 2 11 0.752941 4 0.247059
  11 26.030800 -1.447794 -20.762072 0.947075 -0.300128 0.113894 0.623687 0.873378 2 11 0.922963 14 0.077037
c_metrocop_hands_sheet
  11 25.975639 -1.276263 -20.377773 0.908198 -0.094092 0.407828 0.616035 0.818902 2 11 0.752941 4 0.247059
  14 25.885576 -1.846966 -20.383862 0.900498 -0.108159 0.421194 0.644929 0.820611 2 14 0.657303 11 0.342697
  11 26.030800 -1.447794 -20.762072 0.947075 -0.300128 0.113894 0.623687 0.873378 2 11 0.922963 14 0.077037
c_metrocop_hands_sheet
  14 25.885576 -1.846966 -20.383862 0.900498 -0.108159 0.421194 0.644929 0.820611 2 14 0.657303 11 0.342697
  14 25.873320 -1.806870 -20.948095 0.927587 0.372818 0.024261 0.639455 0.892360 2 14 0.686518 11 0.313482
  11 26.030800 -1.447794 -20.762072 0.947075 -0.300128 0.113894 0.623687 0.873378 2 11 0.922963 14 0.077037
c_metrocop_hands_sheet
  14 26.071375 -2.035731 -20.706858 0.911297 0.188425 0.366106 0.654323 0.872072 2 14 0.863890 11 0.136110
  14 25.873320 -1.806870 -20.948095 0.927587 0.372818 0.024261 0.639455 0.892360 2 14 0.686518 11 0.313482
  14 25.885576 -1.846966 -20.383862 0.900498 -0.108159 0.421194 0.644929 0.820611 2 14 0.657303 11 0.342697
c_metrocop_hands_sheet
  14 25.787046 -2.486237 -20.465771 0.639961 -0.624913 0.447139 0.690835 0.805741 1 14 1.000000
  14 26.071375 -2.035731 -20.706858 0.911297 0.188425 0.366106 0.654323 0.872072 2 14 0.863890 11 0.136110
  14 25.885576 -1.846966 -20.383862 0.900498 -0.108159 0.421194 0.644929 0.820611 2 14 0.657303 11 0.342697
c_metrocop_hands_sheet
  14 25.928226 -2.544446 -20.732279 0.623666 -0.685740 0.375236 0.694638 0.843137 1 14 1.000000
  14 26.071375 -2.035731 -20.706858 0.911297 0.188425 0.366106 0.654323 0.872072 2 14 0.863890 11 0.136110
  14 25.787046 -2.486237 -20.465771 0.639961 -0.624913 0.447139 0.690835 0.805741 1 14 1.000000
c_metrocop_hands_sheet
  14 25.518799 -2.709837 -21.033613 -0.023010 -0.999236 0.031587 0.741194 0.822677 1 14 1.000000
  14 25.928226 -2.544446 -20.732279 0.623666 -0.685740 0.375236 0.694638 0.843137 1 14 1.000000
  14 25.787046 -2.486237 -20.465771 0.639961 -0.624913 0.447139 0.690835 0.805741 1 14 1.000000
c_metrocop_hands_sheet
  4 23.768871 1.186249 -19.110977 -0.077274 0.989748 0.120119 0.455494 0.528802 2 4 0.502390 5 0.497610
  5 24.748413 1.215379 -19.940018 0.146274 0.985568 0.085204 0.475712 0.693606 2 5 0.875764 6 0.124236
  5 24.410358 1.105895 -20.191322 -0.428310 0.783275 -0.450588 0.431228 0.692568 2 5 0.796752 6 0.203248
c_metrocop_hands_sheet
  4 23.768871 1.186249 -19.110977 -0.077274 0.989748 0.120119 0.455494 0.528802 2 4 0.502390 5 0.497610
  5 24.485455 0.957263 -18.988594 0.535953 0.688461 0.488646 0.512356 0.579812 2 5 0.609268 4 0.390732
  5 24.748413 1.215379 -19.940018 0.146274 0.985568 0.085204 0.475712 0.693606 2 5 0.875764 6 0.124236
c_metrocop_hands_sheet
  5 24.748413 1.215379 -19.940018 0.146274 0.985568 0.085204 0.475712 0.693606 2 5 0.875764 6 0.124236
  5 24.485455 0.957263 -18.988594 0.535953 0.688461 0.488646 0.512356 0.579812 2 5 0.609268 4 0.390732
  5 25.137146 0.904290 -19.664152 0.622193 0.597383 0.505973 0.503611 0.698441 2 5 0.897236 8 0.102764
c_metrocop_hands_sheet
  4 24.802826 0.040783 -18.967966 0.758707 0.197338 0.620824 0.555184 0.586935 2 4 0.790220 5 0.209780
  5 25.137146 0.904290 -19.664152 0.622193 0.597383 0.505973 0.503611 0.698441 2 5 0.897236 8 0.102764
  5 24.485455 0.957263 -18.988594 0.535953 0.688461 0.488646 0.512356 0.579812 2 5 0.609268 4 0.390732
c_metrocop_hands_sheet
  4 24.802826 0.040783 -18.967966 0.758707 0.197338 0.620824 0.555184 0.586935 2 4 0.790220 5 0.209780
  8 25.408283 -0.029927 -19.509764 0.767552 0.128576 0.627958 0.550462 0.706778 2 8 0.527170 5 0.472830
  5 25.137146 0.904290 -19.664152 0.622193 0.597383 0.505973 0.503611 0.698441 2 5 0.897236 8 0.102764
c_metrocop_hands_sheet
  4 23.460842 0.987666 -18.421938 -0.020078 0.989296 0.144536 0.475238 0.427201 2 4 0.662409 3 0.337591
  5 24.485455 0.957263 -18.988594 0.535953 0.688461 0.488646 0.512356 0.579812 2 5 0.609268 4 0.390732
  4 23.768871 1.186249 -19.110977 -0.077274 0.989748 0.120119 0.455494 0.528802 2 4 0.502390 5 0.497610
c_metrocop_hands_sheet
  4 23.768871 1.186249 -19.110977 -0.077274 0.989748 0.120119 0.455494 0.528802 2 4 0.502390 5 0.497610
  4 23.002008 0.836353 -18.817783 -0.506852 0.844486 -0.173043 0.415208 0.416535 2 4 0.652179 3 0.347821
  4 23.460842 0.987666 -18.421938 -0.020078 0.989296 0.144536 0.475238 0.427201 2 4 0.662409 3 0.337591
c_metrocop_hands_sheet
  4 23.768871 1.186249 -19.110977 -0.077274 0.989748 0.120119 0.455494 0.528802 2 4 0.502390 5 0.497610
  4 23.398893 1.036715 -19.434803 -0.511622 0.776008 -0.368856 0.425481 0.535551 2 4 0.544766 5 0.455234
  4 23.002008 0.836353 -18.817783 -0.506852 0.844486 -0.173043 0.415208 0.416535 2 4 0.652179 3 0.347821
c_metrocop_hands_sheet
  4 23.768871 1.186249 -19.110977 -0.077274 0.989748 0.120119 0.455494 0.528802 2 4 0.502390 5 0.497610
  5 24.410358 1.105895 -20.191322 -0.428310 0.783275 -0.450588 0.431228 0.692568 2 5 0.796752 6 0.203248
  4 23.398893 1.036715 -19.434803 -0.511622 0.776008 -0.368856 0.425481 0.535551 2 4 0.544766 5 0.455234
c_metrocop_hands_sheet
  4 23.398893 1.036715 -19.434803 -0.511622 0.776008 -0.368856 0.425481 0.535551 2 4 0.544766 5 0.455234
  5 24.410358 1.105895 -20.191322 -0.428310 0.783275 -0.450588 0.431228 0.692568 2 5 0.796752 6 0.203248
  5 24.200638 0.350969 -20.468157 -0.631633 0.292129 -0.718123 0.371465 0.698821 2 5 0.776464 6 0.223536
c_metrocop_hands_sheet
  5 24.410358 1.105895 -20.191322 -0.428310 0.783275 -0.450588 0.431228 0.692568 2 5 0.796752 6 0.203248
  5 24.761969 0.473147 -20.983101 -0.756420 0.056091 -0.651676 0.382045 0.807450 2 5 0.819178 6 0.180822
  5 24.200638 0.350969 -20.468157 -0.631633 0.292129 -0.718123 0.371465 0.698821 2 5 0.776464 6 0.223536
c_metrocop_hands_sheet
  5 24.410358 1.105895 -20.191322 -0.428310 0.783275 -0.450588 0.431228 0.692568 2 5 0.796752 6 0.203248
  5 24.821041 1.003551 -20.828037 -0.603947 0.682346 -0.411888 0.426825 0.796473 2 5 0.745498 6 0.254502
  5 24.761969 0.473147 -20.983101 -0.756420 0.056091 -0.651676 0.382045 0.807450 2 5 0.819178 6 0.180822
c_metrocop_hands_sheet
  5 24.821041 1.003551 -20.828037 -0.603947 0.682346 -0.411888 0.426825 0.796473 2 5 0.745498 6 0.254502
  5 24.410358 1.105895 -20.191322 -0.428310 0.783275 -0.450588 0.431228 0.692568 2 5 0.796752 6 0.203248
  5 25.261883 1.153058 -20.701235 0.164985 0.985220 -0.046057 0.466596 0.806925 2 5 0.806724 6 0.193276
c_metrocop_hands_sheet
  5 24.410358 1.105895 -20.191322 -0.428310 0.783275 -0.450588 0.431228 0.692568 2 5 0.796752 6 0.203248
  5 24.748413 1.215379 -19.940018 0.146274 0.985568 0.085204 0.475712 0.693606 2 5 0.875764 6 0.124236
  5 25.261883 1.153058 -20.701235 0.164985 0.985220 -0.046057 0.466596 0.806925 2 5 0.806724 6 0.193276
c_metrocop_hands_sheet
  5 24.748413 1.215379 -19.940018 0.146274 0.985568 0.085204 0.475712 0.693606 2 5 0.875764 6 0.124236
  5 25.754257 0.890377 -20.570385 0.783008 0.620708 0.040251 0.498977 0.822324 2 5 0.906543 6 0.093457
  5 25.261883 1.153058 -20.701235 0.164985 0.985220 -0.046057 0.466596 0.806925 2 5 0.806724 6 0.193276
c_metrocop_hands_sheet
  5 25.754257 0.890377 -20.570385 0.783008 0.620708 0.040251 0.498977 0.822324 2 5 0.906543 6 0.093457
  5 24.748413 1.215379 -19.940018 0.146274 0.985568 0.085204 0.475712 0.693606 2 5 0.875764 6 0.124236
  5 25.137146 0.904290 -19.664152 0.622193 0.597383 0.505973 0.503611 0.698441 2 5 0.897236 8 0.102764
c_metrocop_hands_sheet
  5 25.137146 0.904290 -19.664152 0.622193 0.597383 0.505973 0.503611 0.698441 2 5 0.897236 8 0.102764
  5 25.858223 0.659211 -20.489948 0.963129 0.248796 0.102390 0.513144 0.815206 2 5 0.917670 8 0.082330
  5 25.754257 0.890377 -20.570385 0.783008 0.620708 0.040251 0.498977 0.822324 2 5 0.906543 6 0.093457
c_metrocop_hands_sheet
  8 25.408283 -0.029927 -19.509764 0.767552 0.128576 0.627958 0.550462 0.706778 2 8 0.527170 5 0.472830
  5 25.858223 0.659211 -20.489948 0.963129 0.248796 0.102390 0.513144 0.815206 2 5 0.917670 8 0.082330
  5 25.137146 0.904290 -19.664152 0.622193 0.597383 0.505973 0.503611 0.698441 2 5 0.897236 8 0.102764
c_metrocop_hands_sheet
  8 25.408283 -0.029927 -19.509764 0.767552 0.128576 0.627958 0.550462 0.706778 2 8 0.527170 5 0.472830
  5 25.855444 0.271034 -20.497948 0.978085 0.147471 0.146979 0.535661 0.819550 2 5 0.792293 8 0.207707
  5 25.858223 0.659211 -20.489948 0.963129 0.248796 0.102390 0.513144 0.815206 2 5 0.917670 8 0.082330
c_metrocop_hands_sheet
  5 25.855444 0.271034 -20.497948 0.978085 0.147471 0.146979 0.535661 0.819550 2 5 0.792293 8 0.207707
  8 25.408283 -0.029927 -19.509764 0.767552 0.128576 0.627958 0.550462 0.706778 2 8 0.527170 5 0.472830
  8 25.973206 -0.518292 -20.294926 0.938516 0.082918 0.335131 0.577425 0.807564 2 8 0.768191 4 0.231809
c_metrocop_hands_sheet
  5 25.855444 0.271034 -20.497948 0.978085 0.147471 0.146979 0.535661 0.819550 2 5 0.792293 8 0.207707
  8 25.973206 -0.518292 -20.294926 0.938516 0.082918 0.335131 0.577425 0.807564 2 8 0.768191 4 0.231809
  8 25.913286 0.004234 -20.857969 0.984597 0.153662 -0.083405 0.548753 0.868299 2 8 0.876408 5 0.123592
c_metrocop_hands_sheet
  8 25.917355 -0.405300 -20.844591 0.983863 0.007293 -0.178775 0.569657 0.870106 1 8 1.000000
  8 25.913286 0.004234 -20.857969 0.984597 0.153662 -0.083405 0.548753 0.868299 2 8 0.876408 5 0.123592
  8 25.973206 -0.518292 -20.294926 0.938516 0.082918 0.335131 0.577425 0.807564 2 8 0.768191 4 0.231809
c_metrocop_hands_sheet
  8 25.973206 -0.518292 -20.294926 0.938516 0.082918 0.335131 0.577425 0.807564 2 8 0.768191 4 0.231809
  8 25.945547 -0.743908 -20.977924 0.818905 0.559180 -0.129281 0.585861 0.889592 2 8 0.589542 11 0.410458
  8 25.917355 -0.405300 -20.844591 0.983863 0.007293 -0.178775 0.569657 0.870106 1 8 1.000000
c_metrocop_hands_sheet
  11 26.102974 -1.010018 -20.768864 0.979003 0.130287 0.156774 0.602038 0.872328 2 11 0.784848 4 0.215152
  8 25.945547 -0.743908 -20.977924 0.818905 0.559180 -0.129281 0.585861 0.889592 2 8 0.589542 11 0.410458
  8 25.973206 -0.518292 -20.294926 0.938516 0.082918 0.335131 0.577425 0.807564 2 8 0.768191 4 0.231809
c_metrocop_hands_sheet
  5 25.754257 0.890377 -20.570385 0.783008 0.620708 0.040251 0.498977 0.822324 2 5 0.906543 6 0.093457
  5 25.647020 0.887048 -20.963787 0.864487 0.490812 -0.108470 0.498962 0.867786 1 5 1.000000
  5 25.261883 1.153058 -20.701235 0.164985 0.985220 -0.046057 0.466596 0.806925 2 5 0.806724 6 0.193276
c_metrocop_hands_sheet
  5 25.647020 0.887048 -20.963787 0.864487 0.490812 -0.108470 0.498962 0.867786 1 5 1.000000
  5 25.754257 0.890377 -20.570385 0.783008 0.620708 0.040251 0.498977 0.822324 2 5 0.906543 6 0.093457
  5 25.702517 0.498866 -20.917871 0.932028 0.155833 -0.327169 0.520480 0.869249 2 5 0.938299 6 0.061701
c_metrocop_hands_sheet
  5 25.754257 0.890377 -20.570385 0.783008 0.620708 0.040251 0.498977 0.822324 2 5 0.906543 6 0.093457
  5 25.858223 0.659211 -20.489948 0.963129 0.248796 0.102390 0.513144 0.815206 2 5 0.917670 8 0.082330
  5 25.702517 0.498866 -20.917871 0.932028 0.155833 -0.327169 0.520480 0.869249 2 5 0.938299 6 0.061701
c_metrocop_hands_sheet
  5 25.855444 0.271034 -20.497948 0.978085 0.147471 0.146979 0.535661 0.819550 2 5 0.792293 8 0.207707
  5 25.702517 0.498866 -20.917871 0.932028 0.155833 -0.327169 0.520480 0.869249 2 5 0.938299 6 0.061701
  5 25.858223 0.659211 -20.489948 0.963129 0.248796 0.102390 0.513144 0.815206 2 5 0.917670 8 0.082330
c_metrocop_hands_sheet
  5 25.855444 0.271034 -20.497948 0.978085 0.147471 0.146979 0.535661 0.819550 2 5 0.792293 8 0.207707
  5 25.852694 0.242714 -20.892570 0.888905 0.400536 -0.222304 0.535827 0.869846 2 5 0.655035 8 0.344965
  5 25.702517 0.498866 -20.917871 0.932028 0.155833 -0.327169 0.520480 0.869249 2 5 0.938299 6 0.061701
c_metrocop_hands_sheet
  5 25.855444 0.271034 -20.497948 0.978085 0.147471 0.146979 0.535661 0.819550 2 5 0.792293 8 0.207707
  8 25.913286 0.004234 -20.857969 0.984597 0.153662 -0.083405 0.548753 0.868299 2 8 0.876408 5 0.123592
  5 25.852694 0.242714 -20.892570 0.888905 0.400536 -0.222304 0.535827 0.869846 2 5 0.655035 8 0.344965
c_metrocop_hands_sheet
  8 25.223259 -0.631349 -21.298626 -0.489651 -0.107577 -0.865256 0.306357 0.891759 2 8 0.934200 9 0.065800
  11 25.501066 -0.881042 -21.673698 -0.550731 0.711811 -0.435913 0.288809 0.958554 1 11 1.000000
  11 25.265194 -0.882649 -21.376848 -0.730230 0.153604 -0.665710 0.288456 0.904898 2 11 0.609603 8 0.390397
c_metrocop_hands_sheet
  8 25.223259 -0.631349 -21.298626 -0.489651 -0.107577 -0.865256 0.306357 0.891759 2 8 0.934200 9 0.065800
  8 25.627365 -0.646692 -21.337540 0.348132 0.699984 -0.623559 0.311284 0.949788 2 8 0.894516 9 0.105484
  11 25.501066 -0.881042 -21.673698 -0.550731 0.711811 -0.435913 0.288809 0.958554 1 11 1.000000
c_metrocop_hands_sheet
  8 25.198664 -0.492856 -21.369509 -0.625318 -0.617899 -0.476631 0.319626 0.923471 1 8 1.000000
  8 25.627365 -0.646692 -21.337540 0.348132 0.699984 -0.623559 0.311284 0.949788 2 8 0.894516 9 0.105484
  8 25.223259 -0.631349 -21.298626 -0.489651 -0.107577 -0.865256 0.306357 0.891759 2 8 0.934200 9 0.065800
c_metrocop_hands_sheet
  8 24.941858 -0.383537 -21.227940 -0.605615 -0.102510 -0.789127 0.321547 0.854036 2 8 0.765456 9 0.234544
  8 25.198664 -0.492856 -21.369509 -0.625318 -0.617899 -0.476631 0.319626 0.923471 1 8 1.000000
  8 25.223259 -0.631349 -21.298626 -0.489651 -0.107577 -0.865256 0.306357 0.891759 2 8 0.934200 9 0.065800
c_metrocop_hands_sheet
  8 25.109192 -0.231491 -21.367983 -0.913776 -0.090456 -0.396020 0.336099 0.906946 1 8 1.000000
  8 25.198664 -0.492856 -21.369509 -0.625318 -0.617899 -0.476631 0.319626 0.923471 1 8 1.000000
  8 24.941858 -0.383537 -21.227940 -0.605615 -0.102510 -0.789127 0.321547 0.854036 2 8 0.765456 9 0.234544
c_metrocop_hands_sheet
  8 25.144060 -0.000074 -21.387047 -0.817292 0.531273 -0.223123 0.353985 0.917975 1 8 1.000000
  8 25.109192 -0.231491 -21.367983 -0.913776 -0.090456 -0.396020 0.336099 0.906946 1 8 1.000000
  8 24.941858 -0.383537 -21.227940 -0.605615 -0.102510 -0.789127 0.321547 0.854036 2 8 0.765456 9 0.234544
c_metrocop_hands_sheet
  8 25.144060 -0.000074 -21.387047 -0.817292 0.531273 -0.223123 0.353985 0.917975 1 8 1.000000
  8 24.941858 -0.383537 -21.227940 -0.605615 -0.102510 -0.789127 0.321547 0.854036 2 8 0.765456 9 0.234544
  5 25.074257 0.201344 -21.060059 -0.599526 -0.075998 -0.796739 0.365425 0.849155 2 5 0.933836 6 0.066164
c_metrocop_hands_sheet
  5 25.416920 0.260910 -21.359407 0.151312 0.411887 -0.898584 0.375908 0.926894 1 5 1.000000
  8 25.144060 -0.000074 -21.387047 -0.817292 0.531273 -0.223123 0.353985 0.917975 1 8 1.000000
  5 25.074257 0.201344 -21.060059 -0.599526 -0.075998 -0.796739 0.365425 0.849155 2 5 0.933836 6 0.066164
c_metrocop_hands_sheet
  5 25.089764 0.396796 -21.377304 -0.549200 -0.824642 -0.135442 0.382416 0.897615 2 5 0.802112 6 0.197888
  5 25.416920 0.260910 -21.359407 0.151312 0.411887 -0.898584 0.375908 0.926894 1 5 1.000000
  5 25.074257 0.201344 -21.060059 -0.599526 -0.075998 -0.796739 0.365425 0.849155 2 5 0.933836 6 0.066164
c_metrocop_hands_sheet
  5 24.761969 0.473147 -20.983101 -0.756420 0.056091 -0.651676 0.382045 0.807450 2 5 0.819178 6 0.180822
  5 25.089764 0.396796 -21.377304 -0.549200 -0.824642 -0.135442 0.382416 0.897615 2 5 0.802112 6 0.197888
  5 25.074257 0.201344 -21.060059 -0.599526 -0.075998 -0.796739 0.365425 0.849155 2 5 0.933836 6 0.066164
c_metrocop_hands_sheet
  5 24.865997 0.612380 -21.297907 -0.982593 -0.107429 -0.151556 0.395791 0.866552 2 5 0.638597 6 0.361403
  5 25.089764 0.396796 -21.377304 -0.549200 -0.824642 -0.135442 0.382416 0.897615 2 5 0.802112 6 0.197888
  5 24.761969 0.473147 -20.983101 -0.756420 0.056091 -0.651676 0.382045 0.807450 2 5 0.819178 6 0.180822
c_metrocop_hands_sheet
  5 24.948845 0.810911 -21.368025 -0.787760 0.608641 -0.094823 0.421881 0.880516 2 5 0.552211 6 0.447789
  5 24.865997 0.612380 -21.297907 -0.982593 -0.107429 -0.151556 0.395791 0.866552 2 5 0.638597 6 0.361403
  5 24.761969 0.473147 -20.983101 -0.756420 0.056091 -0.651676 0.382045 0.807450 2 5 0.819178 6 0.180822
c_metrocop_hands_sheet
  5 24.948845 0.810911 -21.368025 -0.787760 0.608641 -0.094823 0.421881 0.880516 2 5 0.552211 6 0.447789
  5 24.761969 0.473147 -20.983101 -0.756420 0.056091 -0.651676 0.382045 0.807450 2 5 0.819178 6 0.180822
  5 24.821041 1.003551 -20.828037 -0.603947 0.682346 -0.411888 0.426825 0.796473 2 5 0.745498 6 0.254502
c_metrocop_hands_sheet
  5 25.224461 1.059668 -21.146202 -0.238298 0.943781 -0.229111 0.456075 0.860725 2 5 0.642976 6 0.357024
  5 24.948845 0.810911 -21.368025 -0.787760 0.608641 -0.094823 0.421881 0.880516 2 5 0.552211 6 0.447789
  5 24.821041 1.003551 -20.828037 -0.603947 0.682346 -0.411888 0.426825 0.796473 2 5 0.745498 6 0.254502
c_metrocop_hands_sheet
  5 25.224461 1.059668 -21.146202 -0.238298 0.943781 -0.229111 0.456075 0.860725 2 5 0.642976 6 0.357024
  5 24.821041 1.003551 -20.828037 -0.603947 0.682346 -0.411888 0.426825 0.796473 2 5 0.745498 6 0.254502
  5 25.261883 1.153058 -20.701235 0.164985 0.985220 -0.046057 0.466596 0.806925 2 5 0.806724 6 0.193276
c_metrocop_hands_sheet
  5 25.261883 1.153058 -20.701235 0.164985 0.985220 -0.046057 0.466596 0.806925 2 5 0.806724 6 0.193276
  5 25.443943 1.081087 -21.107286 0.334980 0.938504 -0.083657 0.471436 0.864600 2 5 0.766248 6 0.233752
  5 25.224461 1.059668 -21.146202 -0.238298 0.943781 -0.229111 0.456075 0.860725 2 5 0.642976 6 0.357024
c_metrocop_hands_sheet
  5 25.647020 0.887048 -20.963787 0.864487 0.490812 -0.108470 0.498962 0.867786 1 5 1.000000
  5 25.443943 1.081087 -21.107286 0.334980 0.938504 -0.083657 0.471436 0.864600 2 5 0.766248 6 0.233752
  5 25.261883 1.153058 -20.701235 0.164985 0.985220 -0.046057 0.466596 0.806925 2 5 0.806724 6 0.193276
c_metrocop_hands_sheet
  5 25.647020 0.887048 -20.963787 0.864487 0.490812 -0.108470 0.498962 0.867786 1 5 1.000000
  5 25.558075 0.992175 -21.424526 0.661199 0.725627 -0.190476 0.472152 0.910129 1 5 1.000000
  5 25.443943 1.081087 -21.107286 0.334980 0.938504 -0.083657 0.471436 0.864600 2 5 0.766248 6 0.233752
c_metrocop_hands_sheet
  5 25.558075 0.992175 -21.424526 0.661199 0.725627 -0.190476 0.472152 0.910129 1 5 1.000000
  5 25.224461 1.059668 -21.146202 -0.238298 0.943781 -0.229111 0.456075 0.860725 2 5 0.642976 6 0.357024
  5 25.443943 1.081087 -21.107286 0.334980 0.938504 -0.083657 0.471436 0.864600 2 5 0.766248 6 0.233752
c_metrocop_hands_sheet
  5 25.558075 0.992175 -21.424526 0.661199 0.725627 -0.190476 0.472152 0.910129 1 5 1.000000
  5 25.221125 1.014874 -21.514830 -0.237225 0.964733 -0.114083 0.447842 0.907142 1 5 1.000000
  5 25.224461 1.059668 -21.146202 -0.238298 0.943781 -0.229111 0.456075 0.860725 2 5 0.642976 6 0.357024
c_metrocop_hands_sheet
  5 25.221125 1.014874 -21.514830 -0.237225 0.964733 -0.114083 0.447842 0.907142 1 5 1.000000
  5 24.948845 0.810911 -21.368025 -0.787760 0.608641 -0.094823 0.421881 0.880516 2 5 0.552211 6 0.447789
  5 25.224461 1.059668 -21.146202 -0.238298 0.943781 -0.229111 0.456075 0.860725 2 5 0.642976 6 0.357024
c_metrocop_hands_sheet
  26 -24.827435 0.746323 -22.839056 -0.261579 0.776092 -0.573810 0.122351 0.080758 2 26 0.849044 25 0.150956
  26 -24.738422 0.806414 -22.544165 0.204931 0.976172 -0.071351 0.138519 0.087766 2 26 0.642195 25 0.357805
  26 -24.564211 0.734023 -22.810341 0.169772 0.963450 -0.207221 0.141410 0.049717 1 26 1.000000
c_metrocop_hands_sheet
  26 -24.564211 0.734023 -22.810341 0.169772 0.963450 -0.207221 0.141410 0.049717 1 26 1.000000
  26 -24.272411 0.676326 -22.976370 0.266458 0.932754 -0.242838 0.160044 0.009944 1 26 1.000000
  26 -24.534504 0.588163 -23.108864 -0.255175 0.556764 -0.790506 0.130463 0.029929 1 26 1.000000
c_metrocop_hands_sheet
  26 -24.827435 0.746323 -22.839056 -0.261579 0.776092 -0.573810 0.122351 0.080758 2 26 0.849044 25 0.150956
  26 -24.564211 0.734023 -22.810341 0.169772 0.963450 -0.207221 0.141410 0.049717 1 26 1.000000
  26 -24.534504 0.588163 -23.108864 -0.255175 0.556764 -0.790506 0.130463 0.029929 1 26 1.000000
c_metrocop_hands_sheet
  26 -24.620438 0.396523 -23.114759 -0.445249 0.079901 -0.891835 0.106040 0.026507 1 26 1.000000
  26 -24.827435 0.746323 -22.839056 -0.261579 0.776092 -0.573810 0.122351 0.080758 2 26 0.849044 25 0.150956
  26 -24.534504 0.588163 -23.108864 -0.255175 0.556764 -0.790506 0.130463 0.029929 1 26 1.000000
c_metrocop_hands_sheet
  26 -24.620438 0.396523 -23.114759 -0.445249 0.079901 -0.891835 0.106040 0.026507 1 26 1.000000
  26 -24.919828 0.496928 -22.909153 -0.668119 0.093510 -0.738155 0.105357 0.075807 2 26 0.945799 25 0.054201
  26 -24.827435 0.746323 -22.839056 -0.261579 0.776092 -0.573810 0.122351 0.080758 2 26 0.849044 25 0.150956
c_metrocop_hands_sheet
  26 -24.919828 0.496928 -22.909153 -0.668119 0.093510 -0.738155 0.105357 0.075807 2 26 0.945799 25 0.054201
  25 -24.967108 0.777374 -22.704596 -0.455981 0.754668 -0.471760 0.121061 0.104668 1 25 1.000000
  26 -24.827435 0.746323 -22.839056 -0.261579 0.776092 -0.573810 0.122351 0.080758 2 26 0.849044 25 0.150956
c_metrocop_hands_sheet
  26 -24.827435 0.746323 -22.839056 -0.261579 0.776092 -0.573810 0.122351 0.080758 2 26 0.849044 25 0.150956
  25 -24.967108 0.777374 -22.704596 -0.455981 0.754668 -0.471760 0.121061 0.104668 1 25 1.000000
  26 -24.738422 0.806414 -22.544165 0.204931 0.976172 -0.071351 0.138519 0.087766 2 26 0.642195 25 0.357805
c_metrocop_hands_sheet
  25 -24.926664 0.865047 -22.345423 0.143560 0.986274 -0.081578 0.139300 0.145927 1 25 1.000000
  26 -24.738422 0.806414 -22.544165 0.204931 0.976172 -0.071351 0.138519 0.087766 2 26 0.642195 25 0.357805
  25 -24.967108 0.777374 -22.704596 -0.455981 0.754668 -0.471760 0.121061 0.104668 1 25 1.000000
c_metrocop_hands_sheet
  26 -24.578646 0.223344 -23.122902 -0.387901 -0.498135 -0.775496 0.088627 0.017658 1 26 1.000000
  26 -24.919828 0.496928 -22.909153 -0.668119 0.093510 -0.738155 0.105357 0.075807 2 26 0.945799 25 0.054201
  26 -24.620438 0.396523 -23.114759 -0.445249 0.079901 -0.891835 0.106040 0.026507 1 26 1.000000
c_metrocop_hands_sheet
  26 -24.358473 0.199583 -22.704615 0.339191 -0.817419 0.465592 0.042546 0.040016 1 26 1.000000
  26 -24.811054 0.163902 -22.527081 -0.053621 -0.996796 0.059359 0.072297 0.079988 2 26 0.553186 25 0.446814
  26 -24.543295 0.130203 -22.970270 -0.178350 -0.970774 -0.160592 0.071629 0.044059 1 26 1.000000
c_metrocop_hands_sheet
  26 -24.811054 0.163902 -22.527081 -0.053621 -0.996796 0.059359 0.072297 0.079988 2 26 0.553186 25 0.446814
  26 -24.880562 0.260703 -22.865015 -0.623141 -0.612765 -0.486019 0.090088 0.073903 1 26 1.000000
  26 -24.543295 0.130203 -22.970270 -0.178350 -0.970774 -0.160592 0.071629 0.044059 1 26 1.000000
c_metrocop_hands_sheet
  25 -25.014759 0.288978 -22.701767 -0.686085 -0.592451 -0.422242 0.090655 0.101782 2 25 0.528794 26 0.471206
  26 -24.880562 0.260703 -22.865015 -0.623141 -0.612765 -0.486019 0.090088 0.073903 1 26 1.000000
  26 -24.811054 0.163902 -22.527081 -0.053621 -0.996796 0.059359 0.072297 0.079988 2 26 0.553186 25 0.446814
c_metrocop_hands_sheet
  26 -24.880562 0.260703 -22.865015 -0.623141 -0.612765 -0.486019 0.090088 0.073903 1 26 1.000000
  25 -25.014759 0.288978 -22.701767 -0.686085 -0.592451 -0.422242 0.090655 0.101782 2 25 0.528794 26 0.471206
  25 -25.096117 0.524359 -22.679144 -0.848525 0.048647 -0.526914 0.104498 0.112823 1 25 1.000000
c_metrocop_hands_sheet
  25 -25.014759 0.288978 -22.701767 -0.686085 -0.592451 -0.422242 0.090655 0.101782 2 25 0.528794 26 0.471206
  25 -25.391804 0.618827 -22.116676 -0.836372 0.129491 -0.532648 0.104408 0.190407 2 25 0.948893 26 0.051107
  25 -25.096117 0.524359 -22.679144 -0.848525 0.048647 -0.526914 0.104498 0.112823 1 25 1.000000
c_metrocop_hands_sheet
  25 -25.096117 0.524359 -22.679144 -0.848525 0.048647 -0.526914 0.104498 0.112823 1 25 1.000000
  25 -25.391804 0.618827 -22.116676 -0.836372 0.129491 -0.532648 0.104408 0.190407 2 25 0.948893 26 0.051107
  25 -25.290071 0.874927 -22.054205 -0.525877 0.699928 -0.483274 0.124111 0.193456 1 25 1.000000
c_metrocop_hands_sheet
  25 -25.391804 0.618827 -22.116676 -0.836372 0.129491 -0.532648 0.104408 0.190407 2 25 0.948893 26 0.051107
  24 -25.420341 0.913051 -21.877689 -0.567322 0.726511 -0.387720 0.123557 0.220872 1 24 1.000000
  25 -25.290071 0.874927 -22.054205 -0.525877 0.699928 -0.483274 0.124111 0.193456 1 25 1.000000
c_metrocop_hands_sheet
  24 -25.420341 0.913051 -21.877689 -0.567322 0.726511 -0.387720 0.123557 0.220872 1 24 1.000000
  25 -25.211241 0.956174 -21.932377 0.048983 0.982301 -0.180794 0.134849 0.202368 2 25 0.530573 24 0.469427
  25 -25.290071 0.874927 -22.054205 -0.525877 0.699928 -0.483274 0.124111 0.193456 1 25 1.000000
c_metrocop_hands_sheet
  25 -25.211241 0.956174 -21.932377 0.048983 0.982301 -0.180794 0.134849 0.202368 2 25 0.530573 24 0.469427
  25 -24.926664 0.865047 -22.345423 0.143560 0.986274 -0.081578 0.139300 0.145927 1 25 1.000000
  25 -25.290071 0.874927 -22.054205 -0.525877 0.699928 -0.483274 0.124111 0.193456 1 25 1.000000
c_metrocop_hands_sheet
  25 -24.926664 0.865047 -22.345423 0.143560 0.986274 -0.081578 0.139300 0.145927 1 25 1.000000
  25 -25.211241 0.956174 -21.932377 0.048983 0.982301 -0.180794 0.134849 0.202368 2 25 0.530573 24 0.469427
  25 -24.854359 0.770079 -21.793293 0.717500 0.677063 0.163642 0.165732 0.191284 2 25 0.706987 24 0.293013
c_metrocop_hands_sheet
  25 -24.926664 0.865047 -22.345423 0.143560 0.986274 -0.081578 0.139300 0.145927 1 25 1.000000
  25 -24.854359 0.770079 -21.793293 0.717500 0.677063 0.163642 0.165732 0.191284 2 25 0.706987 24 0.293013
  25 -24.627178 0.726281 -22.295435 0.627193 0.698791 0.343978 0.160762 0.132278 1 25 1.000000
c_metrocop_hands_sheet
  26 -24.738422 0.806414 -22.544165 0.204931 0.976172 -0.071351 0.138519 0.087766 2 26 0.642195 25 0.357805
  25 -24.926664 0.865047 -22.345423 0.143560 0.986274 -0.081578 0.139300 0.145927 1 25 1.000000
  25 -24.627178 0.726281 -22.295435 0.627193 0.698791 0.343978 0.160762 0.132278 1 25 1.000000
c_metrocop_hands_sheet
  26 -24.738422 0.806414 -22.544165 0.204931 0.976172 -0.071351 0.138519 0.087766 2 26 0.642195 25 0.357805
  25 -24.627178 0.726281 -22.295435 0.627193 0.698791 0.343978 0.160762 0.132278 1 25 1.000000
  26 -24.490471 0.724317 -22.445148 0.583473 0.725420 0.365137 0.157662 0.080594 2 26 0.793156 25 0.206844
c_metrocop_hands_sheet
  26 -24.564211 0.734023 -22.810341 0.169772 0.963450 -0.207221 0.141410 0.049717 1 26 1.000000
  26 -24.738422 0.806414 -22.544165 0.204931 0.976172 -0.071351 0.138519 0.087766 2 26 0.642195 25 0.357805
  26 -24.490471 0.724317 -22.445148 0.583473 0.725420 0.365137 0.157662 0.080594 2 26 0.793156 25 0.206844
c_metrocop_hands_sheet
  26 -24.564211 0.734023 -22.810341 0.169772 0.963450 -0.207221 0.141410 0.049717 1 26 1.000000
  26 -24.490471 0.724317 -22.445148 0.583473 0.725420 0.365137 0.157662 0.080594 2 26 0.793156 25 0.206844
  26 -24.280399 0.624770 -22.655371 0.575652 0.723490 0.381034 0.185589 0.040828 1 26 1.000000
c_metrocop_hands_sheet
  26 -24.272411 0.676326 -22.976370 0.266458 0.932754 -0.242838 0.160044 0.009944 1 26 1.000000
  26 -24.564211 0.734023 -22.810341 0.169772 0.963450 -0.207221 0.141410 0.049717 1 26 1.000000
  26 -24.280399 0.624770 -22.655371 0.575652 0.723490 0.381034 0.185589 0.040828 1 26 1.000000
c_metrocop_hands_sheet
  26 -24.272411 0.676326 -22.976370 0.266458 0.932754 -0.242838 0.160044 0.009944 1 26 1.000000
  26 -24.280399 0.624770 -22.655371 0.575652 0.723490 0.381034 0.185589 0.040828 1 26 1.000000
  26 -24.064266 0.567520 -22.893257 0.812757 0.578038 0.072789 0.174294 0.005063 1 26 1.000000
c_metrocop_hands_sheet
  25 -25.391804 0.618827 -22.116676 -0.836372 0.129491 -0.532648 0.104408 0.190407 2 25 0.948893 26 0.051107
  24 -25.559118 0.654679 -21.867086 -0.915284 0.113869 -0.386380 0.104101 0.227915 1 24 1.000000
  24 -25.420341 0.913051 -21.877689 -0.567322 0.726511 -0.387720 0.123557 0.220872 1 24 1.000000
c_metrocop_hands_sheet
  24 -25.558018 0.992131 -21.424463 -0.661200 0.725627 -0.190474 0.135430 0.267373 1 24 1.000000
  24 -25.420341 0.913051 -21.877689 -0.567322 0.726511 -0.387720 0.123557 0.220872 1 24 1.000000
  24 -25.559118 0.654679 -21.867086 -0.915284 0.113869 -0.386380 0.104101 0.227915 1 24 1.000000
c_metrocop_hands_sheet
  24 -25.558018 0.992131 -21.424463 -0.661200 0.725627 -0.190474 0.135430 0.267373 1 24 1.000000
  24 -25.221067 1.014830 -21.514767 0.268355 0.953506 -0.137154 0.149867 0.248300 1 24 1.000000
  24 -25.420341 0.913051 -21.877689 -0.567322 0.726511 -0.387720 0.123557 0.220872 1 24 1.000000
c_metrocop_hands_sheet
  24 -25.221067 1.014830 -21.514767 0.268355 0.953506 -0.137154 0.149867 0.248300 1 24 1.000000
  25 -25.211241 0.956174 -21.932377 0.048983 0.982301 -0.180794 0.134849 0.202368 2 25 0.530573 24 0.469427
  24 -25.420341 0.913051 -21.877689 -0.567322 0.726511 -0.387720 0.123557 0.220872 1 24 1.000000
c_metrocop_hands_sheet
  25 -25.211241 0.956174 -21.932377 0.048983 0.982301 -0.180794 0.134849 0.202368 2 25 0.530573 24 0.469427
  24 -25.221067 1.014830 -21.514767 0.268355 0.953506 -0.137154 0.149867 0.248300 1 24 1.000000
  24 -24.948782 0.810866 -21.367971 0.772498 0.626279 -0.104986 0.165750 0.227387 1 24 1.000000
c_metrocop_hands_sheet
  25 -25.211241 0.956174 -21.932377 0.048983 0.982301 -0.180794 0.134849 0.202368 2 25 0.530573 24 0.469427
  24 -24.948782 0.810866 -21.367971 0.772498 0.626279 -0.104986 0.165750 0.227387 1 24 1.000000
  25 -24.854359 0.770079 -21.793293 0.717500 0.677063 0.163642 0.165732 0.191284 2 25 0.706987 24 0.293013
c_metrocop_hands_sheet
  25 -24.854359 0.770079 -21.793293 0.717500 0.677063 0.163642 0.165732 0.191284 2 25 0.706987 24 0.293013
  24 -24.948782 0.810866 -21.367971 0.772498 0.626279 -0.104986 0.165750 0.227387 1 24 1.000000
  24 -24.865938 0.612337 -21.297850 0.983570 -0.113196 -0.140630 0.183316 0.224523 1 24 1.000000
c_metrocop_hands_sheet
  25 -24.854359 0.770079 -21.793293 0.717500 0.677063 0.163642 0.165732 0.191284 2 25 0.706987 24 0.293013
  24 -24.865938 0.612337 -21.297850 0.983570 -0.113196 -0.140630 0.183316 0.224523 1 24 1.000000
  25 -24.802029 0.581278 -21.745970 0.938635 -0.106906 0.327925 0.184228 0.190763 2 25 0.936611 24 0.063389
c_metrocop_hands_sheet
  25 -24.627178 0.726281 -22.295435 0.627193 0.698791 0.343978 0.160762 0.132278 1 25 1.000000
  25 -24.854359 0.770079 -21.793293 0.717500 0.677063 0.163642 0.165732 0.191284 2 25 0.706987 24 0.293013
  25 -24.802029 0.581278 -21.745970 0.938635 -0.106906 0.327925 0.184228 0.190763 2 25 0.936611 24 0.063389
c_metrocop_hands_sheet
  25 -24.627178 0.726281 -22.295435 0.627193 0.698791 0.343978 0.160762 0.132278 1 25 1.000000
  25 -24.802029 0.581278 -21.745970 0.938635 -0.106906 0.327925 0.184228 0.190763 2 25 0.936611 24 0.063389
  25 -24.565081 0.523025 -22.273535 0.805281 -0.019806 0.592562 0.184435 0.127086 1 25 1.000000
c_metrocop_hands_sheet
  26 -24.490471 0.724317 -22.445148 0.583473 0.725420 0.365137 0.157662 0.080594 2 26 0.793156 25 0.206844
  25 -24.627178 0.726281 -22.295435 0.627193 0.698791 0.343978 0.160762 0.132278 1 25 1.000000
  25 -24.565081 0.523025 -22.273535 0.805281 -0.019806 0.592562 0.184435 0.127086 1 25 1.000000
c_metrocop_hands_sheet
  26 -24.490471 0.724317 -22.445148 0.583473 0.725420 0.365137 0.157662 0.080594 2 26 0.793156 25 0.206844
  25 -24.565081 0.523025 -22.273535 0.805281 -0.019806 0.592562 0.184435 0.127086 1 25 1.000000
  26 -24.429737 0.493752 -22.420391 0.723026 -0.100498 0.683472 0.185487 0.073251 2 26 0.563389 25 0.436611
c_metrocop_hands_sheet
  26 -24.280399 0.624770 -22.655371 0.575652 0.723490 0.381034 0.185589 0.040828 1 26 1.000000
  26 -24.490471 0.724317 -22.445148 0.583473 0.725420 0.365137 0.157662 0.080594 2 26 0.793156 25 0.206844
  26 -24.429737 0.493752 -22.420391 0.723026 -0.100498 0.683472 0.185487 0.073251 2 26 0.563389 25 0.436611
c_metrocop_hands_sheet
  26 -24.280399 0.624770 -22.655371 0.575652 0.723490 0.381034 0.185589 0.040828 1 26 1.000000
  26 -24.429737 0.493752 -22.420391 0.723026 -0.100498 0.683472 0.185487 0.073251 2 26 0.563389 25 0.436611
  26 -24.168663 0.446605 -22.642893 0.727539 -0.045839 0.684534 0.185589 0.040828 1 26 1.000000
c_metrocop_hands_sheet
  26 -24.064266 0.567520 -22.893257 0.812757 0.578038 0.072789 0.174294 0.005063 1 26 1.000000
  26 -24.280399 0.624770 -22.655371 0.575652 0.723490 0.381034 0.185589 0.040828 1 26 1.000000
  26 -24.168663 0.446605 -22.642893 0.727539 -0.045839 0.684534 0.185589 0.040828 1 26 1.000000
c_metrocop_hands_sheet
  26 -24.064266 0.567520 -22.893257 0.812757 0.578038 0.072789 0.174294 0.005063 1 26 1.000000
  26 -24.168663 0.446605 -22.642893 0.727539 -0.045839 0.684534 0.185589 0.040828 1 26 1.000000
  26 -24.028095 0.327558 -22.870398 0.932176 -0.260723 0.251139 0.185179 -0.002836 1 26 1.000000
c_metrocop_hands_sheet
  24 -25.558018 0.992131 -21.424463 -0.661200 0.725627 -0.190474 0.135430 0.267373 1 24 1.000000
  24 -25.559118 0.654679 -21.867086 -0.915284 0.113869 -0.386380 0.104101 0.227915 1 24 1.000000
  24 -25.646961 0.887007 -20.963722 -0.864488 0.490811 -0.108468 0.128660 0.315914 2 24 0.808391 25 0.191609
c_metrocop_hands_sheet
  24 -25.646961 0.887007 -20.963722 -0.864488 0.490811 -0.108468 0.128660 0.315914 2 24 0.808391 25 0.191609
  24 -25.559118 0.654679 -21.867086 -0.915284 0.113869 -0.386380 0.103382 0.227915 1 24 1.000000
  24 -25.702457 0.498823 -20.917805 -0.932028 0.155832 -0.327168 0.091708 0.316378 2 24 0.938370 25 0.061630
c_metrocop_hands_sheet
  24 -25.416866 0.260879 -21.359344 -0.151315 0.411951 -0.898555 0.043306 0.246323 2 24 0.527177 27 0.472823
  24 -25.852636 0.242675 -20.892506 -0.888905 0.400536 -0.222305 0.039322 0.313598 2 24 0.655353 27 0.344647
  24 -25.702457 0.498823 -20.917805 -0.932028 0.155832 -0.327168 0.091708 0.316378 2 24 0.938370 25 0.061630
c_metrocop_hands_sheet
  26 -24.168663 0.446605 -22.642893 0.727539 -0.045839 0.684534 0.020199 0.042532 1 26 1.000000
  26 -24.429737 0.493752 -22.420391 0.723026 -0.100498 0.683472 0.025178 0.079559 2 26 0.563389 25 0.436611
  26 -24.602060 0.235518 -22.488419 0.423827 -0.791827 0.439751 0.047884 0.076150 1 26 1.000000
c_metrocop_hands_sheet
  26 -24.429737 0.493752 -22.420391 0.723026 -0.100498 0.683472 0.025178 0.079559 2 26 0.563389 25 0.436611
  25 -24.688351 0.271738 -22.246264 0.552308 -0.712046 0.433528 0.048057 0.130867 1 25 1.000000
  26 -24.602060 0.235518 -22.488419 0.423827 -0.791827 0.439751 0.047884 0.076150 1 26 1.000000
c_metrocop_hands_sheet
  26 -24.602060 0.235518 -22.488419 0.423827 -0.791827 0.439751 0.047884 0.076150 1 26 1.000000
  25 -24.688351 0.271738 -22.246264 0.552308 -0.712046 0.433528 0.048057 0.130867 1 25 1.000000
  25 -25.027906 0.178220 -22.300917 -0.171912 -0.985083 0.007539 0.070286 0.145686 1 25 1.000000
c_metrocop_hands_sheet
  25 -24.688351 0.271738 -22.246264 0.552308 -0.712046 0.433528 0.048057 0.130867 1 25 1.000000
  25 -25.202776 0.255983 -21.899845 -0.109502 -0.989915 0.089880 0.067567 0.193734 2 25 0.829939 24 0.170061
  25 -25.027906 0.178220 -22.300917 -0.171912 -0.985083 0.007539 0.070286 0.145686 1 25 1.000000
c_metrocop_hands_sheet
  25 -25.202776 0.255983 -21.899845 -0.109502 -0.989915 0.089880 0.067567 0.193734 2 25 0.829939 24 0.170061
  25 -25.379417 0.332912 -22.046999 -0.706399 -0.634619 -0.313464 0.086865 0.193071 2 25 0.930349 26 0.069651
  25 -25.027906 0.178220 -22.300917 -0.171912 -0.985083 0.007539 0.070286 0.145686 1 25 1.000000
c_metrocop_hands_sheet
  24 -25.507166 0.376674 -21.878525 -0.768279 -0.578697 -0.273600 0.088128 0.219483 1 24 1.000000
  25 -25.379417 0.332912 -22.046999 -0.706399 -0.634619 -0.313464 0.086865 0.193071 2 25 0.930349 26 0.069651
  25 -25.202776 0.255983 -21.899845 -0.109502 -0.989915 0.089880 0.067567 0.193734 2 25 0.829939 24 0.170061
c_metrocop_hands_sheet
  25 -25.379417 0.332912 -22.046999 -0.706399 -0.634619 -0.313464 0.086865 0.193071 2 25 0.930349 26 0.069651
  24 -25.507166 0.376674 -21.878525 -0.768279 -0.578697 -0.273600 0.088128 0.219483 1 24 1.000000
  24 -25.559118 0.654679 -21.867086 -0.915284 0.113869 -0.386380 0.104101 0.227915 1 24 1.000000
c_metrocop_hands_sheet
  24 -25.702457 0.498823 -20.917805 -0.932028 0.155832 -0.327168 0.091708 0.316378 2 24 0.938370 25 0.061630
  24 -25.559118 0.654679 -21.867086 -0.915284 0.113869 -0.386380 0.104101 0.227915 1 24 1.000000
  24 -25.507166 0.376674 -21.878525 -0.768279 -0.578697 -0.273600 0.088128 0.219483 1 24 1.000000
c_metrocop_hands_sheet
  24 -25.702457 0.498823 -20.917805 -0.932028 0.155832 -0.327168 0.091708 0.316378 2 24 0.938370 25 0.061630
  24 -25.507166 0.376674 -21.878525 -0.768279 -0.578697 -0.273600 0.088128 0.219483 1 24 1.000000
  24 -25.341505 0.298862 -21.429834 -0.077426 -0.995733 -0.050201 0.057869 0.251974 1 24 1.000000
c_metrocop_hands_sheet
  24 -25.416866 0.260879 -21.359344 -0.151315 0.411951 -0.898555 0.043306 0.246323 2 24 0.527177 27 0.472823
  24 -25.702457 0.498823 -20.917805 -0.932028 0.155832 -0.327168 0.091708 0.316378 2 24 0.938370 25 0.061630
  24 -25.341505 0.298862 -21.429834 -0.077426 -0.995733 -0.050201 0.057869 0.251974 1 24 1.000000
c_metrocop_hands_sheet
  24 -25.416866 0.260879 -21.359344 -0.151315 0.411951 -0.898555 0.043306 0.246323 2 24 0.527177 27 0.472823
  24 -25.341505 0.298862 -21.429834 -0.077426 -0.995733 -0.050201 0.057869 0.251974 1 24 1.000000
  24 -25.089703 0.396752 -21.377245 0.554507 -0.823934 -0.116855 0.040672 0.231740 1 24 1.000000
c_metrocop_hands_sheet
  24 -25.341505 0.298862 -21.429834 -0.077426 -0.995733 -0.050201 0.057869 0.251974 1 24 1.000000
  25 -24.992159 0.313011 -21.818647 0.429465 -0.863112 0.265701 0.047824 0.188663 1 25 1.000000
  24 -25.089703 0.396752 -21.377245 0.554507 -0.823934 -0.116855 0.040672 0.231740 1 24 1.000000
c_metrocop_hands_sheet
  25 -24.565081 0.523025 -22.273535 0.805281 -0.019806 0.592562 0.023957 0.129689 1 25 1.000000
  24 -25.089703 0.396752 -21.377245 0.554507 -0.823934 -0.116855 0.040672 0.231740 1 24 1.000000
  25 -24.992159 0.313011 -21.818647 0.429465 -0.863112 0.265701 0.047824 0.188663 1 25 1.000000
c_metrocop_hands_sheet
  25 -24.992159 0.313011 -21.818647 0.429465 -0.863112 0.265701 0.047824 0.188663 1 25 1.000000
  25 -24.688351 0.271738 -22.246264 0.552308 -0.712046 0.433528 0.048057 0.130867 1 25 1.000000
  25 -24.565081 0.523025 -22.273535 0.805281 -0.019806 0.592562 0.023957 0.129689 1 25 1.000000
c_metrocop_hands_sheet
  26 -24.429737 0.493752 -22.420391 0.723026 -0.100498 0.683472 0.025178 0.079559 2 26 0.563389 25 0.436611
  25 -24.565081 0.523025 -22.273535 0.805281 -0.019806 0.592562 0.023957 0.129689 1 25 1.000000
  25 -24.688351 0.271738 -22.246264 0.552308 -0.712046 0.433528 0.048057 0.130867 1 25 1.000000
c_metrocop_hands_sheet
  25 -24.688351 0.271738 -22.246264 0.552308 -0.712046 0.433528 0.048057 0.130867 1 25 1.000000
  25 -24.992159 0.313011 -21.818647 0.429465 -0.863112 0.265701 0.047824 0.188663 1 25 1.000000
  25 -25.202776 0.255983 -21.899845 -0.109502 -0.989915 0.089880 0.067567 0.193734 2 25 0.829939 24 0.170061
c_metrocop_hands_sheet
  24 -25.341505 0.298862 -21.429834 -0.077426 -0.995733 -0.050201 0.057869 0.251974 1 24 1.000000
  25 -25.202776 0.255983 -21.899845 -0.109502 -0.989915 0.089880 0.067567 0.193734 2 25 0.829939 24 0.170061
  25 -24.992159 0.313011 -21.818647 0.429465 -0.863112 0.265701 0.047824 0.188663 1 25 1.000000
c_metrocop_hands_sheet
  24 -25.341505 0.298862 -21.429834 -0.077426 -0.995733 -0.050201 0.057869 0.251974 1 24 1.000000
  24 -25.507166 0.376674 -21.878525 -0.768279 -0.578697 -0.273600 0.088128 0.219483 1 24 1.000000
  25 -25.202776 0.255983 -21.899845 -0.109502 -0.989915 0.089880 0.067567 0.193734 2 25 0.829939 24 0.170061
c_metrocop_hands_sheet
  25 -24.565081 0.523025 -22.273535 0.805281 -0.019806 0.592562 0.023957 0.129689 1 25 1.000000
  25 -24.802029 0.581278 -21.745970 0.938635 -0.106906 0.327925 0.023846 0.186862 2 25 0.936611 24 0.063389
  24 -25.089703 0.396752 -21.377245 0.554507 -0.823934 -0.116855 0.040672 0.231740 1 24 1.000000
c_metrocop_hands_sheet
  24 -24.865938 0.612337 -21.297850 0.983570 -0.113196 -0.140630 0.024823 0.226139 1 24 1.000000
  24 -25.089703 0.396752 -21.377245 0.554507 -0.823934 -0.116855 0.040672 0.231740 1 24 1.000000
  25 -24.802029 0.581278 -21.745970 0.938635 -0.106906 0.327925 0.023846 0.186862 2 25 0.936611 24 0.063389
c_metrocop_hands_sheet
  25 -24.926664 0.865047 -22.345423 0.143560 0.986274 -0.081578 0.139300 0.145927 1 25 1.000000
  25 -24.967108 0.777374 -22.704596 -0.455981 0.754668 -0.471760 0.121061 0.104668 1 25 1.000000
  25 -25.290071 0.874927 -22.054205 -0.525877 0.699928 -0.483274 0.124111 0.193456 1 25 1.000000
c_metrocop_hands_sheet
  25 -25.096117 0.524359 -22.679144 -0.848525 0.048647 -0.526914 0.104498 0.112823 1 25 1.000000
  25 -25.290071 0.874927 -22.054205 -0.525877 0.699928 -0.483274 0.124111 0.193456 1 25 1.000000
  25 -24.967108 0.777374 -22.704596 -0.455981 0.754668 -0.471760 0.121061 0.104668 1 25 1.000000
c_metrocop_hands_sheet
  26 -24.919828 0.496928 -22.909153 -0.668119 0.093510 -0.738155 0.105357 0.075807 2 26 0.945799 25 0.054201
  25 -25.096117 0.524359 -22.679144 -0.848525 0.048647 -0.526914 0.104498 0.112823 1 25 1.000000
  25 -24.967108 0.777374 -22.704596 -0.455981 0.754668 -0.471760 0.121061 0.104668 1 25 1.000000
c_metrocop_hands_sheet
  26 -24.880562 0.260703 -22.865015 -0.623141 -0.612765 -0.486019 0.090088 0.073903 1 26 1.000000
  25 -25.096117 0.524359 -22.679144 -0.848525 0.048647 -0.526914 0.104498 0.112823 1 25 1.000000
  26 -24.919828 0.496928 -22.909153 -0.668119 0.093510 -0.738155 0.105357 0.075807 2 26 0.945799 25 0.054201
c_metrocop_hands_sheet
  26 -24.578646 0.223344 -23.122902 -0.387901 -0.498135 -0.775496 0.088627 0.017658 1 26 1.000000
  26 -24.880562 0.260703 -22.865015 -0.623141 -0.612765 -0.486019 0.090088 0.073903 1 26 1.000000
  26 -24.919828 0.496928 -22.909153 -0.668119 0.093510 -0.738155 0.105357 0.075807 2 26 0.945799 25 0.054201
c_metrocop_hands_sheet
  26 -24.880562 0.260703 -22.865015 -0.623141 -0.612765 -0.486019 0.090088 0.073903 1 26 1.000000
  26 -24.578646 0.223344 -23.122902 -0.387901 -0.498135 -0.775496 0.088627 0.017658 1 26 1.000000
  26 -24.543295 0.130203 -22.970270 -0.178350 -0.970774 -0.160592 0.071629 0.044059 1 26 1.000000
c_metrocop_hands_sheet
  26 -24.543295 0.130203 -22.970270 -0.178350 -0.970774 -0.160592 0.071629 0.044059 1 26 1.000000
  26 -24.578646 0.223344 -23.122902 -0.387901 -0.498135 -0.775496 0.088627 0.017658 1 26 1.000000
  26 -24.331514 0.117121 -23.039923 0.083167 -0.966906 -0.241196 0.065334 0.007198 1 26 1.000000
c_metrocop_hands_sheet
  26 -24.114918 0.174869 -22.903542 0.604691 -0.774316 0.186503 0.038758 0.002884 1 26 1.000000
  26 -24.543295 0.130203 -22.970270 -0.178350 -0.970774 -0.160592 0.071629 0.044059 1 26 1.000000
  26 -24.331514 0.117121 -23.039923 0.083167 -0.966906 -0.241196 0.065334 0.007198 1 26 1.000000
c_metrocop_hands_sheet
  26 -24.114918 0.174869 -22.903542 0.604691 -0.774316 0.186503 0.038758 0.002884 1 26 1.000000
  26 -24.358473 0.199583 -22.704615 0.339191 -0.817419 0.465592 0.042546 0.040016 1 26 1.000000
  26 -24.543295 0.130203 -22.970270 -0.178350 -0.970774 -0.160592 0.071629 0.044059 1 26 1.000000
c_metrocop_hands_sheet
  26 -24.028095 0.327558 -22.870398 0.932176 -0.260723 0.251139 0.021255 0.003663 1 26 1.000000
  26 -24.358473 0.199583 -22.704615 0.339191 -0.817419 0.465592 0.042546 0.040016 1 26 1.000000
  26 -24.114918 0.174869 -22.903542 0.604691 -0.774316 0.186503 0.038758 0.002884 1 26 1.000000
c_metrocop_hands_sheet
  26 -24.028095 0.327558 -22.870398 0.932176 -0.260723 0.251139 0.021255 0.003663 1 26 1.000000
  26 -24.168663 0.446605 -22.642893 0.727539 -0.045839 0.684534 0.020199 0.042532 1 26 1.000000
  26 -24.358473 0.199583 -22.704615 0.339191 -0.817419 0.465592 0.042546 0.040016 1 26 1.000000
c_metrocop_hands_sheet
  26 -24.168663 0.446605 -22.642893 0.727539 -0.045839 0.684534 0.020199 0.042532 1 26 1.000000
  26 -24.602060 0.235518 -22.488419 0.423827 -0.791827 0.439751 0.047884 0.076150 1 26 1.000000
  26 -24.358473 0.199583 -22.704615 0.339191 -0.817419 0.465592 0.042546 0.040016 1 26 1.000000
c_metrocop_hands_sheet
  26 -24.358473 0.199583 -22.704615 0.339191 -0.817419 0.465592 0.042546 0.040016 1 26 1.000000
  26 -24.602060 0.235518 -22.488419 0.423827 -0.791827 0.439751 0.047884 0.076150 1 26 1.000000
  26 -24.811054 0.163902 -22.527081 -0.053621 -0.996796 0.059359 0.072297 0.079988 2 26 0.553186 25 0.446814
c_metrocop_hands_sheet
  26 -24.602060 0.235518 -22.488419 0.423827 -0.791827 0.439751 0.047884 0.076150 1 26 1.000000
  25 -25.027906 0.178220 -22.300917 -0.171912 -0.985083 0.007539 0.070286 0.145686 1 25 1.000000
  26 -24.811054 0.163902 -22.527081 -0.053621 -0.996796 0.059359 0.072297 0.079988 2 26 0.553186 25 0.446814
c_metrocop_hands_sheet
  25 -25.027906 0.178220 -22.300917 -0.171912 -0.985083 0.007539 0.070286 0.145686 1 25 1.000000
  25 -25.014759 0.288978 -22.701767 -0.686085 -0.592451 -0.422242 0.090655 0.101782 2 25 0.528794 26 0.471206
  26 -24.811054 0.163902 -22.527081 -0.053621 -0.996796 0.059359 0.072297 0.079988 2 26 0.553186 25 0.446814
c_metrocop_hands_sheet
  25 -25.379417 0.332912 -22.046999 -0.706399 -0.634619 -0.313464 0.086865 0.193071 2 25 0.930349 26 0.069651
  25 -25.014759 0.288978 -22.701767 -0.686085 -0.592451 -0.422242 0.090655 0.101782 2 25 0.528794 26 0.471206
  25 -25.027906 0.178220 -22.300917 -0.171912 -0.985083 0.007539 0.070286 0.145686 1 25 1.000000
c_metrocop_hands_sheet
  25 -25.014759 0.288978 -22.701767 -0.686085 -0.592451 -0.422242 0.090655 0.101782 2 25 0.528794 26 0.471206
  25 -25.379417 0.332912 -22.046999 -0.706399 -0.634619 -0.313464 0.086865 0.193071 2 25 0.930349 26 0.069651
  25 -25.391804 0.618827 -22.116676 -0.836372 0.129491 -0.532648 0.104408 0.190407 2 25 0.948893 26 0.051107
c_metrocop_hands_sheet
  25 -25.379417 0.332912 -22.046999 -0.706399 -0.634619 -0.313464 0.086865 0.193071 2 25 0.930349 26 0.069651
  24 -25.559118 0.654679 -21.867086 -0.915284 0.113869 -0.386380 0.104101 0.227915 1 24 1.000000
  25 -25.391804 0.618827 -22.116676 -0.836372 0.129491 -0.532648 0.104408 0.190407 2 25 0.948893 26 0.051107
c_metrocop_hands_sheet
  18 23.405325 -3.703460 -20.462570 0.742524 -0.578161 0.338212 0.849136 0.617409 1 18 1.000000
  17 23.345345 -3.429262 -19.634911 0.653942 -0.631675 0.416350 0.817513 0.526624 2 17 0.550239 18 0.449761
  17 22.864824 -3.597530 -19.541206 0.102111 -0.834278 0.541806 0.842814 0.484184 2 17 0.519919 18 0.480081
c_metrocop_hands_sheet
  18 23.405325 -3.703460 -20.462570 0.742524 -0.578161 0.338212 0.849136 0.617409 1 18 1.000000
  17 23.616871 -2.996267 -19.920675 0.756925 -0.644718 -0.106786 0.798981 0.567965 2 17 0.519714 18 0.480286
  17 23.345345 -3.429262 -19.634911 0.653942 -0.631675 0.416350 0.817513 0.526624 2 17 0.550239 18 0.449761
c_metrocop_hands_sheet
  14 25.787046 -2.486237 -20.465771 0.639961 -0.624913 0.447139 0.690835 0.805741 1 14 1.000000
  14 25.244736 -2.605254 -20.107174 0.267317 -0.942666 0.199806 0.714352 0.723010 1 14 1.000000
  14 25.518799 -2.709837 -21.033613 -0.023010 -0.999236 0.031587 0.741194 0.822677 1 14 1.000000
c_metrocop_hands_sheet
  14 25.244736 -2.605254 -20.107174 0.267317 -0.942666 0.199806 0.714352 0.723010 1 14 1.000000
  14 24.606384 -2.618096 -20.521124 -0.257335 -0.833080 -0.489649 0.756791 0.701322 2 14 0.903255 11 0.096745
  14 25.518799 -2.709837 -21.033613 -0.023010 -0.999236 0.031587 0.741194 0.822677 1 14 1.000000
c_metrocop_hands_sheet
  17 24.350157 -2.778893 -19.742168 0.259042 -0.960524 0.101444 0.744318 0.610554 2 17 0.503069 14 0.496931
  14 24.606384 -2.618096 -20.521124 -0.257335 -0.833080 -0.489649 0.756791 0.701322 2 14 0.903255 11 0.096745
  14 25.244736 -2.605254 -20.107174 0.267317 -0.942666 0.199806 0.714352 0.723010 1 14 1.000000
c_metrocop_hands_sheet
  17 24.350157 -2.778893 -19.742168 0.259042 -0.960524 0.101444 0.744318 0.610554 2 17 0.503069 14 0.496931
  18 23.749786 -2.675978 -20.216282 0.193735 -0.630958 -0.751238 0.793744 0.603626 2 18 0.505428 17 0.494572
  14 24.606384 -2.618096 -20.521124 -0.257335 -0.833080 -0.489649 0.756791 0.701322 2 14 0.903255 11 0.096745
c_metrocop_hands_sheet
  17 23.616871 -2.996267 -19.920675 0.756925 -0.644718 -0.106786 0.798981 0.567965 2 17 0.519714 18 0.480286
  18 23.749786 -2.675978 -20.216282 0.193735 -0.630958 -0.751238 0.793744 0.603626 2 18 0.505428 17 0.494572
  17 24.350157 -2.778893 -19.742168 0.259042 -0.960524 0.101444 0.744318 0.610554 2 17 0.503069 14 0.496931
c_metrocop_hands_sheet
  17 23.616871 -2.996267 -19.920675 0.756925 -0.644718 -0.106786 0.798981 0.567965 2 17 0.519714 18 0.480286
  17 24.350157 -2.778893 -19.742168 0.259042 -0.960524 0.101444 0.744318 0.610554 2 17 0.503069 14 0.496931
  17 23.184492 -2.956295 -18.914402 0.293648 -0.819103 0.492789 0.780666 0.454925 1 17 1.000000
c_metrocop_hands_sheet
  17 23.616871 -2.996267 -19.920675 0.756925 -0.644718 -0.106786 0.798981 0.567965 2 17 0.519714 18 0.480286
  17 23.184492 -2.956295 -18.914402 0.293648 -0.819103 0.492789 0.780666 0.454925 1 17 1.000000
  17 23.345345 -3.429262 -19.634911 0.653942 -0.631675 0.416350 0.817513 0.526624 2 17 0.550239 18 0.449761
c_metrocop_hands_sheet
  17 23.345345 -3.429262 -19.634911 0.653942 -0.631675 0.416350 0.817513 0.526624 2 17 0.550239 18 0.449761
  17 23.184492 -2.956295 -18.914402 0.293648 -0.819103 0.492789 0.780666 0.454925 1 17 1.000000
  17 22.798458 -2.998104 -18.868889 0.008692 -0.802386 0.596742 0.807886 0.401621 1 17 1.000000
c_metrocop_hands_sheet
  17 23.345345 -3.429262 -19.634911 0.653942 -0.631675 0.416350 0.817513 0.526624 2 17 0.550239 18 0.449761
  17 22.798458 -2.998104 -18.868889 0.008692 -0.802386 0.596742 0.807886 0.401621 1 17 1.000000
  17 22.864824 -3.597530 -19.541206 0.102111 -0.834278 0.541806 0.842814 0.484184 2 17 0.519919 18 0.480081
c_metrocop_hands_sheet
  17 22.864824 -3.597530 -19.541206 0.102111 -0.834278 0.541806 0.842814 0.484184 2 17 0.519919 18 0.480081
  17 22.798458 -2.998104 -18.868889 0.008692 -0.802386 0.596742 0.807886 0.401621 1 17 1.000000
  17 22.382061 -2.908941 -18.869921 -0.671063 -0.564390 0.480768 0.847822 0.374634 2 17 0.909107 18 0.090893
c_metrocop_hands_sheet
  17 22.864824 -3.597530 -19.541206 0.102111 -0.834278 0.541806 0.842814 0.484184 2 17 0.519919 18 0.480081
  17 22.382061 -2.908941 -18.869921 -0.671063 -0.564390 0.480768 0.847822 0.374634 2 17 0.909107 18 0.090893
  17 22.423801 -3.522411 -19.588413 -0.589214 -0.706369 0.392263 0.872067 0.463695 2 17 0.510456 18 0.489544
c_metrocop_hands_sheet
  17 22.423801 -3.522411 -19.588413 -0.589214 -0.706369 0.392263 0.872067 0.463695 2 17 0.510456 18 0.489544
  17 22.382061 -2.908941 -18.869921 -0.671063 -0.564390 0.480768 0.847822 0.374634 2 17 0.909107 18 0.090893
  17 22.129635 -2.312239 -19.245279 -0.967602 -0.197909 0.156774 0.895958 0.377358 2 17 0.819880 18 0.180120
c_metrocop_hands_sheet
  17 22.423801 -3.522411 -19.588413 -0.589214 -0.706369 0.392263 0.872067 0.463695 2 17 0.510456 18 0.489544
  17 22.129635 -2.312239 -19.245279 -0.967602 -0.197909 0.156774 0.895958 0.377358 2 17 0.819880 18 0.180120
  17 22.199970 -3.209432 -19.772003 -0.945711 -0.322615 0.039368 0.902189 0.457248 2 17 0.514750 18 0.485250
c_metrocop_hands_sheet
  18 22.529078 -3.716404 -20.012657 -0.603404 -0.795819 0.050750 0.883388 0.514988 2 18 0.580410 17 0.419590
  17 22.423801 -3.522411 -19.588413 -0.589214 -0.706369 0.392263 0.872067 0.463695 2 17 0.510456 18 0.489544
  17 22.199970 -3.209432 -19.772003 -0.945711 -0.322615 0.039368 0.902189 0.457248 2 17 0.514750 18 0.485250
c_metrocop_hands_sheet
  18 22.529078 -3.716404 -20.012657 -0.603404 -0.795819 0.050750 0.883388 0.514988 2 18 0.580410 17 0.419590
  17 22.199970 -3.209432 -19.772003 -0.945711 -0.322615 0.039368 0.902189 0.457248 2 17 0.514750 18 0.485250
  18 22.380516 -3.382538 -20.145042 -0.904108 -0.299632 -0.304647 0.907910 0.504513 2 18 0.545152 17 0.454848
c_metrocop_hands_sheet
  18 22.716637 -3.792753 -20.506563 -0.613737 -0.782983 0.101319 0.894476 0.572599 2 18 0.786068 19 0.213932
  18 22.529078 -3.716404 -20.012657 -0.603404 -0.795819 0.050750 0.883388 0.514988 2 18 0.580410 17 0.419590
  18 22.380516 -3.382538 -20.145042 -0.904108 -0.299632 -0.304647 0.907910 0.504513 2 18 0.545152 17 0.454848
c_metrocop_hands_sheet
  18 22.716637 -3.792753 -20.506563 -0.613737 -0.782983 0.101319 0.894476 0.572599 2 18 0.786068 19 0.213932
  18 22.380516 -3.382538 -20.145042 -0.904108 -0.299632 -0.304647 0.907910 0.504513 2 18 0.545152 17 0.454848
  18 22.528034 -3.544294 -20.717569 -0.959445 -0.166843 -0.227219 0.922892 0.564821 2 18 0.629205 19 0.370795
c_metrocop_hands_sheet
  18 22.802303 -4.032171 -20.906401 -0.558903 -0.828163 0.042115 0.904891 0.620008 2 18 0.500000 19 0.500000
  18 22.716637 -3.792753 -20.506563 -0.613737 -0.782983 0.101319 0.894476 0.572599 2 18 0.786068 19 0.213932
  18 22.528034 -3.544294 -20.717569 -0.959445 -0.166843 -0.227219 0.922892 0.564821 2 18 0.629205 19 0.370795
c_metrocop_hands_sheet
  17 24.350157 -2.778893 -19.742168 0.259042 -0.960524 0.101444 0.744318 0.610554 2 17 0.503069 14 0.496931
  17 23.801884 -2.658520 -18.833063 0.416705 -0.779253 0.468104 0.733890 0.521232 2 17 0.926865 18 0.073135
  17 23.184492 -2.956295 -18.914402 0.293648 -0.819103 0.492789 0.780666 0.454925 1 17 1.000000
c_metrocop_hands_sheet
  4 24.514748 -2.182438 -18.842121 0.603905 -0.517908 0.605862 0.686529 0.552754 2 4 0.635135 17 0.364865
  17 23.801884 -2.658520 -18.833063 0.416705 -0.779253 0.468104 0.733890 0.521232 2 17 0.926865 18 0.073135
  17 24.350157 -2.778893 -19.742168 0.259042 -0.960524 0.101444 0.744318 0.610554 2 17 0.503069 14 0.496931
c_metrocop_hands_sheet
  17 23.194061 -2.355591 -18.006157 0.386790 -0.774878 0.499958 0.719982 0.385314 1 17 1.000000
  17 23.801884 -2.658520 -18.833063 0.416705 -0.779253 0.468104 0.733890 0.521232 2 17 0.926865 18 0.073135
  4 24.514748 -2.182438 -18.842121 0.603905 -0.517908 0.605862 0.686529 0.552754 2 4 0.635135 17 0.364865
c_metrocop_hands_sheet
  17 23.184492 -2.956295 -18.914402 0.293648 -0.819103 0.492789 0.780666 0.454925 1 17 1.000000
  17 23.801884 -2.658520 -18.833063 0.416705 -0.779253 0.468104 0.733890 0.521232 2 17 0.926865 18 0.073135
  17 23.194061 -2.355591 -18.006157 0.386790 -0.774878 0.499958 0.719982 0.385314 1 17 1.000000
c_metrocop_hands_sheet
  17 23.184492 -2.956295 -18.914402 0.293648 -0.819103 0.492789 0.780666 0.454925 1 17 1.000000
  17 23.194061 -2.355591 -18.006157 0.386790 -0.774878 0.499958 0.719982 0.385314 1 17 1.000000
  17 22.798458 -2.998104 -18.868889 0.008692 -0.802386 0.596742 0.807886 0.401621 1 17 1.000000
c_metrocop_hands_sheet
  17 22.798458 -2.998104 -18.868889 0.008692 -0.802386 0.596742 0.807886 0.401621 1 17 1.000000
  17 23.194061 -2.355591 -18.006157 0.386790 -0.774878 0.499958 0.719982 0.385314 1 17 1.000000
  17 22.629343 -2.611604 -18.320522 -0.291070 -0.874563 0.387837 0.789607 0.353879 1 17 1.000000
c_metrocop_hands_sheet
  17 22.798458 -2.998104 -18.868889 0.008692 -0.802386 0.596742 0.807886 0.401621 1 17 1.000000
  17 22.629343 -2.611604 -18.320522 -0.291070 -0.874563 0.387837 0.789607 0.353879 1 17 1.000000
  17 22.382061 -2.908941 -18.869921 -0.671063 -0.564390 0.480768 0.847822 0.374634 2 17 0.909107 18 0.090893
c_metrocop_hands_sheet
  4 24.514748 -2.182438 -18.842121 0.603905 -0.517908 0.605862 0.686529 0.552754 2 4 0.635135 17 0.364865
  14 25.366913 -2.007674 -19.739330 0.757704 -0.186228 0.625463 0.653899 0.715840 2 14 0.793190 11 0.206810
  4 25.400572 -1.379670 -19.531912 0.774731 -0.075139 0.627811 0.620769 0.711901 2 4 0.614968 11 0.385032
c_metrocop_hands_sheet
  4 24.514748 -2.182438 -18.842121 0.603905 -0.517908 0.605862 0.686529 0.552754 2 4 0.635135 17 0.364865
  4 25.400572 -1.379670 -19.531912 0.774731 -0.075139 0.627811 0.620769 0.711901 2 4 0.614968 11 0.385032
  4 24.851242 -1.357752 -18.948416 0.756695 -0.108008 0.644785 0.626639 0.599515 1 4 1.000000
c_metrocop_hands_sheet
  4 24.851242 -1.357752 -18.948416 0.756695 -0.108008 0.644785 0.626639 0.599515 1 4 1.000000
  4 23.935638 -1.411271 -17.800137 0.741825 -0.287246 0.605958 0.638887 0.445801 2 4 0.875340 3 0.124660
  4 24.514748 -2.182438 -18.842121 0.603905 -0.517908 0.605862 0.686529 0.552754 2 4 0.635135 17 0.364865
c_metrocop_hands_sheet
  17 23.194061 -2.355591 -18.006157 0.386790 -0.774878 0.499958 0.719982 0.385314 1 17 1.000000
  4 24.514748 -2.182438 -18.842121 0.603905 -0.517908 0.605862 0.686529 0.552754 2 4 0.635135 17 0.364865
  4 23.935638 -1.411271 -17.800137 0.741825 -0.287246 0.605958 0.638887 0.445801 2 4 0.875340 3 0.124660
c_metrocop_hands_sheet
  4 23.935638 -1.411271 -17.800137 0.741825 -0.287246 0.605958 0.638887 0.445801 2 4 0.875340 3 0.124660
  3 23.041855 -1.765998 -16.706367 0.741854 -0.499722 0.447136 0.658565 0.247318 2 3 0.557983 4 0.442017
  17 23.194061 -2.355591 -18.006157 0.386790 -0.774878 0.499958 0.719982 0.385314 1 17 1.000000
c_metrocop_hands_sheet
  3 22.311546 -2.298125 -17.248829 0.183871 -0.976954 0.108405 0.735448 0.233632 2 3 0.528284 17 0.471716
  17 23.194061 -2.355591 -18.006157 0.386790 -0.774878 0.499958 0.719982 0.385314 1 17 1.000000
  3 23.041855 -1.765998 -16.706367 0.741854 -0.499722 0.447136 0.658565 0.247318 2 3 0.557983 4 0.442017
c_metrocop_hands_sheet
  3 22.311546 -2.298125 -17.248829 0.183871 -0.976954 0.108405 0.735448 0.233632 2 3 0.528284 17 0.471716
  17 22.629343 -2.611604 -18.320522 -0.291070 -0.874563 0.387837 0.789607 0.353879 1 17 1.000000
  17 23.194061 -2.355591 -18.006157 0.386790 -0.774878 0.499958 0.719982 0.385314 1 17 1.000000
c_metrocop_hands_sheet
  3 21.404335 -2.096952 -17.716820 -0.532847 -0.624951 -0.570535 0.835308 0.170982 2 3 0.587116 4 0.412884
  17 22.629343 -2.611604 -18.320522 -0.291070 -0.874563 0.387837 0.789607 0.353879 1 17 1.000000
  3 22.311546 -2.298125 -17.248829 0.183871 -0.976954 0.108405 0.735448 0.233632 2 3 0.528284 17 0.471716
c_metrocop_hands_sheet
  3 21.404335 -2.096952 -17.716820 -0.532847 -0.624951 -0.570535 0.835308 0.170982 2 3 0.587116 4 0.412884
  17 22.250219 -2.027508 -18.585407 -0.893728 -0.424975 -0.143687 0.849817 0.292095 2 17 0.901421 4 0.098579
  17 22.629343 -2.611604 -18.320522 -0.291070 -0.874563 0.387837 0.789607 0.353879 1 17 1.000000
c_metrocop_hands_sheet
  17 22.382061 -2.908941 -18.869921 -0.671063 -0.564390 0.480768 0.847822 0.374634 2 17 0.909107 18 0.090893
  17 22.629343 -2.611604 -18.320522 -0.291070 -0.874563 0.387837 0.789607 0.353879 1 17 1.000000
  17 22.250219 -2.027508 -18.585407 -0.893728 -0.424975 -0.143687 0.849817 0.292095 2 17 0.901421 4 0.098579
c_metrocop_hands_sheet
  17 22.382061 -2.908941 -18.869921 -0.671063 -0.564390 0.480768 0.847822 0.374634 2 17 0.909107 18 0.090893
  17 22.250219 -2.027508 -18.585407 -0.893728 -0.424975 -0.143687 0.849817 0.292095 2 17 0.901421 4 0.098579
  17 22.129635 -2.312239 -19.245279 -0.967602 -0.197909 0.156774 0.895958 0.377358 2 17 0.819880 18 0.180120
c_metrocop_hands_sheet
  3 22.041269 0.917238 -17.049294 -0.099486 0.993451 -0.056187 0.427662 0.198377 2 3 0.584988 4 0.415012
  3 22.787580 0.691558 -16.637291 0.528047 0.750740 0.396933 0.521060 0.227218 2 3 0.561174 4 0.438826
  4 23.865898 0.825701 -18.103243 0.490323 0.746377 0.450006 0.518703 0.436598 2 4 0.693721 3 0.306279
c_metrocop_hands_sheet
  3 23.002670 -0.136760 -16.366451 0.822901 0.141912 0.550177 0.569944 0.238688 2 3 0.624209 4 0.375791
  4 23.865898 0.825701 -18.103243 0.490323 0.746377 0.450006 0.518703 0.436598 2 4 0.693721 3 0.306279
  3 22.787580 0.691558 -16.637291 0.528047 0.750740 0.396933 0.521060 0.227218 2 3 0.561174 4 0.438826
c_metrocop_hands_sheet
  3 23.002670 -0.136760 -16.366451 0.822901 0.141912 0.550177 0.569944 0.238688 2 3 0.624209 4 0.375791
  4 24.087387 0.078164 -17.819353 0.785091 0.186620 0.590598 0.559693 0.439780 2 4 0.786235 3 0.213765
  4 23.865898 0.825701 -18.103243 0.490323 0.746377 0.450006 0.518703 0.436598 2 4 0.693721 3 0.306279
c_metrocop_hands_sheet
  3 23.041855 -1.765998 -16.706367 0.741854 -0.499722 0.447136 0.658565 0.247318 2 3 0.557983 4 0.442017
  4 24.087387 0.078164 -17.819353 0.785091 0.186620 0.590598 0.559693 0.439780 2 4 0.786235 3 0.213765
  3 23.002670 -0.136760 -16.366451 0.822901 0.141912 0.550177 0.569944 0.238688 2 3 0.624209 4 0.375791
c_metrocop_hands_sheet
  3 23.041855 -1.765998 -16.706367 0.741854 -0.499722 0.447136 0.658565 0.247318 2 3 0.557983 4 0.442017
  4 23.935638 -1.411271 -17.800137 0.741825 -0.287246 0.605958 0.638887 0.445801 2 4 0.875340 3 0.124660
  4 24.087387 0.078164 -17.819353 0.785091 0.186620 0.590598 0.559693 0.439780 2 4 0.786235 3 0.213765
c_metrocop_hands_sheet
  4 23.935638 -1.411271 -17.800137 0.741825 -0.287246 0.605958 0.638887 0.445801 2 4 0.875340 3 0.124660
  4 24.860529 -0.664512 -18.930590 0.783428 -0.004639 0.621466 0.596681 0.586788 1 4 1.000000
  4 24.087387 0.078164 -17.819353 0.785091 0.186620 0.590598 0.559693 0.439780 2 4 0.786235 3 0.213765
c_metrocop_hands_sheet
  4 24.851242 -1.357752 -18.948416 0.756695 -0.108008 0.644785 0.626639 0.599515 1 4 1.000000
  4 24.860529 -0.664512 -18.930590 0.783428 -0.004639 0.621466 0.596681 0.586788 1 4 1.000000
  4 23.935638 -1.411271 -17.800137 0.741825 -0.287246 0.605958 0.638887 0.445801 2 4 0.875340 3 0.124660
c_metrocop_hands_sheet
  4 24.851242 -1.357752 -18.948416 0.756695 -0.108008 0.644785 0.626639 0.599515 1 4 1.000000
  4 25.354982 -0.707540 -19.560051 0.780455 -0.035494 0.624203 0.585891 0.709341 2 4 0.898297 8 0.101703
  4 24.860529 -0.664512 -18.930590 0.783428 -0.004639 0.621466 0.596681 0.586788 1 4 1.000000
c_metrocop_hands_sheet
  4 24.851242 -1.357752 -18.948416 0.756695 -0.108008 0.644785 0.626639 0.599515 1 4 1.000000
  4 25.400572 -1.379670 -19.531912 0.774731 -0.075139 0.627811 0.620769 0.711901 2 4 0.614968 11 0.385032
  4 25.354982 -0.707540 -19.560051 0.780455 -0.035494 0.624203 0.585891 0.709341 2 4 0.898297 8 0.101703
c_metrocop_hands_sheet
  11 25.975639 -1.276263 -20.377773 0.908198 -0.094092 0.407828 0.616035 0.818902 2 11 0.752941 4 0.247059
  4 25.354982 -0.707540 -19.560051 0.780455 -0.035494 0.624203 0.585891 0.709341 2 4 0.898297 8 0.101703
  4 25.400572 -1.379670 -19.531912 0.774731 -0.075139 0.627811 0.620769 0.711901 2 4 0.614968 11 0.385032
c_metrocop_hands_sheet
  14 25.885576 -1.846966 -20.383862 0.900498 -0.108159 0.421194 0.644929 0.820611 2 14 0.657303 11 0.342697
  11 25.975639 -1.276263 -20.377773 0.908198 -0.094092 0.407828 0.616035 0.818902 2 11 0.752941 4 0.247059
  4 25.400572 -1.379670 -19.531912 0.774731 -0.075139 0.627811 0.620769 0.711901 2 4 0.614968 11 0.385032
c_metrocop_hands_sheet
  14 25.885576 -1.846966 -20.383862 0.900498 -0.108159 0.421194 0.644929 0.820611 2 14 0.657303 11 0.342697
  4 25.400572 -1.379670 -19.531912 0.774731 -0.075139 0.627811 0.620769 0.711901 2 4 0.614968 11 0.385032
  14 25.366913 -2.007674 -19.739330 0.757704 -0.186228 0.625463 0.653899 0.715840 2 14 0.793190 11 0.206810
c_metrocop_hands_sheet
  14 25.445002 -2.424656 -19.917170 0.661387 -0.515839 0.544497 0.692509 0.723504 1 14 1.000000
  14 25.885576 -1.846966 -20.383862 0.900498 -0.108159 0.421194 0.644929 0.820611 2 14 0.657303 11 0.342697
  14 25.366913 -2.007674 -19.739330 0.757704 -0.186228 0.625463 0.653899 0.715840 2 14 0.793190 11 0.206810
c_metrocop_hands_sheet
  4 24.514748 -2.182438 -18.842121 0.603905 -0.517908 0.605862 0.686529 0.552754 2 4 0.635135 17 0.364865
  14 25.445002 -2.424656 -19.917170 0.661387 -0.515839 0.544497 0.692509 0.723504 1 14 1.000000
  14 25.366913 -2.007674 -19.739330 0.757704 -0.186228 0.625463 0.653899 0.715840 2 14 0.793190 11 0.206810
c_metrocop_hands_sheet
  4 24.514748 -2.182438 -18.842121 0.603905 -0.517908 0.605862 0.686529 0.552754 2 4 0.635135 17 0.364865
  14 24.990841 -2.573694 -19.712175 0.366633 -0.822136 0.435514 0.708147 0.665784 2 14 0.902331 11 0.097669
  14 25.445002 -2.424656 -19.917170 0.661387 -0.515839 0.544497 0.692509 0.723504 1 14 1.000000
c_metrocop_hands_sheet
  4 24.514748 -2.182438 -18.842121 0.603905 -0.517908 0.605862 0.686529 0.552754 2 4 0.635135 17 0.364865
  17 24.350157 -2.778893 -19.742168 0.259042 -0.960524 0.101444 0.744318 0.610554 2 17 0.503069 14 0.496931
  14 24.990841 -2.573694 -19.712175 0.366633 -0.822136 0.435514 0.708147 0.665784 2 14 0.902331 11 0.097669
c_metrocop_hands_sheet
  14 25.244736 -2.605254 -20.107174 0.267317 -0.942666 0.199806 0.714352 0.723010 1 14 1.000000
  14 24.990841 -2.573694 -19.712175 0.366633 -0.822136 0.435514 0.708147 0.665784 2 14 0.902331 11 0.097669
  17 24.350157 -2.778893 -19.742168 0.259042 -0.960524 0.101444 0.744318 0.610554 2 17 0.503069 14 0.496931
c_metrocop_hands_sheet
  14 25.244736 -2.605254 -20.107174 0.267317 -0.942666 0.199806 0.714352 0.723010 1 14 1.000000
  14 25.445002 -2.424656 -19.917170 0.661387 -0.515839 0.544497 0.692509 0.723504 1 14 1.000000
  14 24.990841 -2.573694 -19.712175 0.366633 -0.822136 0.435514 0.708147 0.665784 2 14 0.902331 11 0.097669
c_metrocop_hands_sheet
  14 25.787046 -2.486237 -20.465771 0.639961 -0.624913 0.447139 0.690835 0.805741 1 14 1.000000
  14 25.445002 -2.424656 -19.917170 0.661387 -0.515839 0.544497 0.692509 0.723504 1 14 1.000000
  14 25.244736 -2.605254 -20.107174 0.267317 -0.942666 0.199806 0.714352 0.723010 1 14 1.000000
c_metrocop_hands_sheet
  14 25.445002 -2.424656 -19.917170 0.661387 -0.515839 0.544497 0.692509 0.723504 1 14 1.000000
  14 25.787046 -2.486237 -20.465771 0.639961 -0.624913 0.447139 0.690835 0.805741 1 14 1.000000
  14 25.885576 -1.846966 -20.383862 0.900498 -0.108159 0.421194 0.644929 0.820611 2 14 0.657303 11 0.342697
c_metrocop_hands_sheet
  7 24.069635 0.410259 -23.143280 -0.870946 0.156259 -0.465872 0.060786 0.420375 1 7 1.000000
  7 24.028149 0.327571 -22.870443 -0.940496 -0.206521 0.269844 0.060310 0.373431 1 7 1.000000
  7 24.064316 0.567533 -22.893311 -0.809473 0.570351 0.139476 0.082402 0.401688 1 7 1.000000
c_metrocop_hands_sheet
  7 24.115711 0.275016 -23.156164 -0.641936 -0.554620 -0.529448 0.043961 0.417292 1 7 1.000000
  7 24.028149 0.327571 -22.870443 -0.940496 -0.206521 0.269844 0.060310 0.373431 1 7 1.000000
  7 24.069635 0.410259 -23.143280 -0.870946 0.156259 -0.465872 0.060786 0.420375 1 7 1.000000
c_metrocop_hands_sheet
  7 24.115711 0.275016 -23.156164 -0.641936 -0.554620 -0.529448 0.043961 0.417292 1 7 1.000000
  7 24.114971 0.174882 -22.903587 -0.594540 -0.785588 0.171390 0.035114 0.374158 1 7 1.000000
  7 24.028149 0.327571 -22.870443 -0.940496 -0.206521 0.269844 0.060310 0.373431 1 7 1.000000
c_metrocop_hands_sheet
  7 24.115711 0.275016 -23.156164 -0.641936 -0.554620 -0.529448 0.043961 0.417292 1 7 1.000000
  7 24.331566 0.117135 -23.039970 -0.086125 -0.958766 -0.270833 0.015860 0.417150 1 7 1.000000
  7 24.114971 0.174882 -22.903587 -0.594540 -0.785588 0.171390 0.035114 0.374158 1 7 1.000000
c_metrocop_hands_sheet
  7 24.115711 0.275016 -23.156164 -0.641936 -0.554620 -0.529448 0.043961 0.417292 1 7 1.000000
  7 24.260469 0.278454 -23.215906 0.005617 -0.400312 -0.916362 0.036070 0.450726 1 7 1.000000
  7 24.331566 0.117135 -23.039970 -0.086125 -0.958766 -0.270833 0.015860 0.417150 1 7 1.000000
c_metrocop_hands_sheet
  7 24.260469 0.278454 -23.215906 0.005617 -0.400312 -0.916362 0.036070 0.450726 1 7 1.000000
  7 24.578695 0.223359 -23.122953 0.399859 -0.491595 -0.773593 0.015938 0.467075 1 7 1.000000
  7 24.331566 0.117135 -23.039970 -0.086125 -0.958766 -0.270833 0.015860 0.417150 1 7 1.000000
c_metrocop_hands_sheet
  7 24.260469 0.278454 -23.215906 0.005617 -0.400312 -0.916362 0.036070 0.450726 1 7 1.000000
  7 24.620485 0.396540 -23.114815 0.461631 0.038457 -0.886238 0.032373 0.492022 1 7 1.000000
  7 24.578695 0.223359 -23.122953 0.399859 -0.491595 -0.773593 0.015938 0.467075 1 7 1.000000
c_metrocop_hands_sheet
  7 24.208738 0.520499 -23.205708 -0.223980 0.527105 -0.819752 0.064508 0.462910 1 7 1.000000
  7 24.620485 0.396540 -23.114815 0.461631 0.038457 -0.886238 0.032373 0.492022 1 7 1.000000
  7 24.260469 0.278454 -23.215906 0.005617 -0.400312 -0.916362 0.036070 0.450726 1 7 1.000000
c_metrocop_hands_sheet
  7 24.208738 0.520499 -23.205708 -0.223980 0.527105 -0.819752 0.064508 0.462910 1 7 1.000000
  7 24.534552 0.588178 -23.108919 0.235094 0.566506 -0.789811 0.057717 0.494713 1 7 1.000000
  7 24.620485 0.396540 -23.114815 0.461631 0.038457 -0.886238 0.032373 0.492022 1 7 1.000000
c_metrocop_hands_sheet
  7 24.208738 0.520499 -23.205708 -0.223980 0.527105 -0.819752 0.064508 0.462910 1 7 1.000000
  7 24.272459 0.676341 -22.976423 -0.272932 0.942984 -0.190498 0.081600 0.461840 1 7 1.000000
  7 24.534552 0.588178 -23.108919 0.235094 0.566506 -0.789811 0.057717 0.494713 1 7 1.000000
c_metrocop_hands_sheet
  7 24.208738 0.520499 -23.205708 -0.223980 0.527105 -0.819752 0.064508 0.462910 1 7 1.000000
  7 24.064316 0.567533 -22.893311 -0.809473 0.570351 0.139476 0.082402 0.401688 1 7 1.000000
  7 24.272459 0.676341 -22.976423 -0.272932 0.942984 -0.190498 0.081600 0.461840 1 7 1.000000
c_metrocop_hands_sheet
  7 24.208738 0.520499 -23.205708 -0.223980 0.527105 -0.819752 0.064508 0.462910 1 7 1.000000
  7 24.069635 0.410259 -23.143280 -0.870946 0.156259 -0.465872 0.060786 0.420375 1 7 1.000000
  7 24.064316 0.567533 -22.893311 -0.809473 0.570351 0.139476 0.082402 0.401688 1 7 1.000000
c_metrocop_hands_sheet
  7 24.151175 0.367105 -23.225574 -0.370351 -0.055847 -0.927212 0.050778 0.439815 1 7 1.000000
  7 24.069635 0.410259 -23.143280 -0.870946 0.156259 -0.465872 0.060786 0.420375 1 7 1.000000
  7 24.208738 0.520499 -23.205708 -0.223980 0.527105 -0.819752 0.064508 0.462910 1 7 1.000000
c_metrocop_hands_sheet
  7 24.151175 0.367105 -23.225574 -0.370351 -0.055847 -0.927212 0.050778 0.439815 1 7 1.000000
  7 24.115711 0.275016 -23.156164 -0.641936 -0.554620 -0.529448 0.043961 0.417292 1 7 1.000000
  7 24.069635 0.410259 -23.143280 -0.870946 0.156259 -0.465872 0.060786 0.420375 1 7 1.000000
c_metrocop_hands_sheet
  7 24.151175 0.367105 -23.225574 -0.370351 -0.055847 -0.927212 0.050778 0.439815 1 7 1.000000
  7 24.260469 0.278454 -23.215906 0.005617 -0.400312 -0.916362 0.036070 0.450726 1 7 1.000000
  7 24.115711 0.275016 -23.156164 -0.641936 -0.554620 -0.529448 0.043961 0.417292 1 7 1.000000
c_metrocop_hands_sheet
  7 24.151175 0.367105 -23.225574 -0.370351 -0.055847 -0.927212 0.050778 0.439815 1 7 1.000000
  7 24.208738 0.520499 -23.205708 -0.223980 0.527105 -0.819752 0.064508 0.462910 1 7 1.000000
  7 24.260469 0.278454 -23.215906 0.005617 -0.400312 -0.916362 0.036070 0.450726 1 7 1.000000
c_metrocop_hands_sheet
  7 24.620485 0.396540 -23.114815 0.461631 0.038457 -0.886238 0.106040 0.026507 1 7 1.000000
  7 24.880615 0.260724 -22.865068 0.614695 -0.609261 -0.500950 0.090088 0.073903 1 7 1.000000
  7 24.578695 0.223359 -23.122953 0.399859 -0.491595 -0.773593 0.088627 0.017658 1 7 1.000000
c_metrocop_hands_sheet
  7 24.620485 0.396540 -23.114815 0.461631 0.038457 -0.886238 0.106040 0.026507 1 7 1.000000
  7 24.919880 0.496951 -22.909212 0.684219 0.096567 -0.722854 0.105357 0.075807 1 7 1.000000
  7 24.880615 0.260724 -22.865068 0.614695 -0.609261 -0.500950 0.090088 0.073903 1 7 1.000000
c_metrocop_hands_sheet
  7 24.919880 0.496951 -22.909212 0.684219 0.096567 -0.722854 0.105357 0.075807 1 7 1.000000
  7 25.014811 0.289009 -22.701826 0.680395 -0.600249 -0.420433 0.090655 0.101782 1 7 1.000000
  7 24.880615 0.260724 -22.865068 0.614695 -0.609261 -0.500950 0.090088 0.073903 1 7 1.000000
c_metrocop_hands_sheet
  7 24.534552 0.588178 -23.108919 0.235094 0.566506 -0.789811 0.130463 0.029929 1 7 1.000000
  7 24.919880 0.496951 -22.909212 0.684219 0.096567 -0.722854 0.105357 0.075807 1 7 1.000000
  7 24.620485 0.396540 -23.114815 0.461631 0.038457 -0.886238 0.106040 0.026507 1 7 1.000000
c_metrocop_hands_sheet
  6 25.027964 0.178260 -22.300976 0.178537 -0.983933 0.001068 0.070286 0.145686 1 6 1.000000
  6 25.379477 0.332953 -22.047058 0.701574 -0.642640 -0.307907 0.086865 0.193071 1 6 1.000000
  6 25.202831 0.256022 -21.899908 0.111945 -0.987804 0.108221 0.067567 0.193734 2 6 0.788746 5 0.211254
c_metrocop_hands_sheet
  6 25.027964 0.178260 -22.300976 0.178537 -0.983933 0.001068 0.070286 0.145686 1 6 1.000000
  7 25.014811 0.289009 -22.701826 0.680395 -0.600249 -0.420433 0.090655 0.101782 1 7 1.000000
  6 25.379477 0.332953 -22.047058 0.701574 -0.642640 -0.307907 0.086865 0.193071 1 6 1.000000
c_metrocop_hands_sheet
  7 24.811111 0.163932 -22.527132 0.039338 -0.998716 0.031919 0.072297 0.079988 1 7 1.000000
  7 25.014811 0.289009 -22.701826 0.680395 -0.600249 -0.420433 0.090655 0.101782 1 7 1.000000
  6 25.027964 0.178260 -22.300976 0.178537 -0.983933 0.001068 0.070286 0.145686 1 6 1.000000
c_metrocop_hands_sheet
  7 24.811111 0.163932 -22.527132 0.039338 -0.998716 0.031919 0.072297 0.079988 1 7 1.000000
  7 24.880615 0.260724 -22.865068 0.614695 -0.609261 -0.500950 0.090088 0.073903 1 7 1.000000
  7 25.014811 0.289009 -22.701826 0.680395 -0.600249 -0.420433 0.090655 0.101782 1 7 1.000000
c_metrocop_hands_sheet
  7 24.543348 0.130220 -22.970320 0.188580 -0.970609 -0.149518 0.071629 0.044059 1 7 1.000000
  7 24.880615 0.260724 -22.865068 0.614695 -0.609261 -0.500950 0.090088 0.073903 1 7 1.000000
  7 24.811111 0.163932 -22.527132 0.039338 -0.998716 0.031919 0.072297 0.079988 1 7 1.000000
c_metrocop_hands_sheet
  7 24.543348 0.130220 -22.970320 0.188580 -0.970609 -0.149518 0.071629 0.044059 1 7 1.000000
  7 24.578695 0.223359 -23.122953 0.399859 -0.491595 -0.773593 0.088627 0.017658 1 7 1.000000
  7 24.880615 0.260724 -22.865068 0.614695 -0.609261 -0.500950 0.090088 0.073903 1 7 1.000000
c_metrocop_hands_sheet
  7 24.331566 0.117135 -23.039970 -0.086125 -0.958766 -0.270833 0.065334 0.007198 1 7 1.000000
  7 24.578695 0.223359 -23.122953 0.399859 -0.491595 -0.773593 0.088627 0.017658 1 7 1.000000
  7 24.543348 0.130220 -22.970320 0.188580 -0.970609 -0.149518 0.071629 0.044059 1 7 1.000000
c_metrocop_hands_sheet
  5 25.507229 0.376719 -21.878590 0.767883 -0.584464 -0.262217 0.088128 0.219483 1 5 1.000000
  5 25.559181 0.654724 -21.867149 0.913277 0.122320 -0.388539 0.104101 0.227915 1 5 1.000000
  5 25.702517 0.498866 -20.917871 0.932028 0.155833 -0.327169 0.091708 0.316378 2 5 0.938299 6 0.061701
c_metrocop_hands_sheet
  5 25.341564 0.298905 -21.429899 0.065435 -0.996079 -0.059539 0.057869 0.251974 1 5 1.000000
  5 25.507229 0.376719 -21.878590 0.767883 -0.584464 -0.262217 0.088128 0.219483 1 5 1.000000
  5 25.702517 0.498866 -20.917871 0.932028 0.155833 -0.327169 0.091708 0.316378 2 5 0.938299 6 0.061701
c_metrocop_hands_sheet
  5 25.341564 0.298905 -21.429899 0.065435 -0.996079 -0.059539 0.057869 0.251974 1 5 1.000000
  5 25.702517 0.498866 -20.917871 0.932028 0.155833 -0.327169 0.091708 0.316378 2 5 0.938299 6 0.061701
  5 25.416920 0.260910 -21.359407 0.151312 0.411887 -0.898584 0.043306 0.246323 1 5 1.000000
c_metrocop_hands_sheet
  5 25.089764 0.396796 -21.377304 -0.549200 -0.824642 -0.135442 0.040672 0.231740 2 5 0.802112 6 0.197888
  5 25.341564 0.298905 -21.429899 0.065435 -0.996079 -0.059539 0.057869 0.251974 1 5 1.000000
  5 25.416920 0.260910 -21.359407 0.151312 0.411887 -0.898584 0.043306 0.246323 1 5 1.000000
c_metrocop_hands_sheet
  5 25.089764 0.396796 -21.377304 -0.549200 -0.824642 -0.135442 0.040672 0.231740 2 5 0.802112 6 0.197888
  6 25.202831 0.256022 -21.899908 0.111945 -0.987804 0.108221 0.067567 0.193734 2 6 0.788746 5 0.211254
  5 25.341564 0.298905 -21.429899 0.065435 -0.996079 -0.059539 0.057869 0.251974 1 5 1.000000
c_metrocop_hands_sheet
  5 25.089764 0.396796 -21.377304 -0.549200 -0.824642 -0.135442 0.040672 0.231740 2 5 0.802112 6 0.197888
  6 24.992218 0.313051 -21.818707 -0.454614 -0.833970 0.312762 0.047824 0.188663 1 6 1.000000
  6 25.202831 0.256022 -21.899908 0.111945 -0.987804 0.108221 0.067567 0.193734 2 6 0.788746 5 0.211254
c_metrocop_hands_sheet
  6 25.027964 0.178260 -22.300976 0.178537 -0.983933 0.001068 0.070286 0.145686 1 6 1.000000
  6 25.202831 0.256022 -21.899908 0.111945 -0.987804 0.108221 0.067567 0.193734 2 6 0.788746 5 0.211254
  6 24.992218 0.313051 -21.818707 -0.454614 -0.833970 0.312762 0.047824 0.188663 1 6 1.000000
c_metrocop_hands_sheet
  6 25.027964 0.178260 -22.300976 0.178537 -0.983933 0.001068 0.070286 0.145686 1 6 1.000000
  6 24.992218 0.313051 -21.818707 -0.454614 -0.833970 0.312762 0.047824 0.188663 1 6 1.000000
  6 24.688410 0.271775 -22.246323 -0.596614 -0.687837 0.413440 0.048057 0.130867 1 6 1.000000
c_metrocop_hands_sheet
  7 24.811111 0.163932 -22.527132 0.039338 -0.998716 0.031919 0.072297 0.079988 1 7 1.000000
  6 25.027964 0.178260 -22.300976 0.178537 -0.983933 0.001068 0.070286 0.145686 1 6 1.000000
  6 24.688410 0.271775 -22.246323 -0.596614 -0.687837 0.413440 0.048057 0.130867 1 6 1.000000
c_metrocop_hands_sheet
  7 24.811111 0.163932 -22.527132 0.039338 -0.998716 0.031919 0.072297 0.079988 1 7 1.000000
  6 24.688410 0.271775 -22.246323 -0.596614 -0.687837 0.413440 0.048057 0.130867 1 6 1.000000
  7 24.602114 0.235542 -22.488470 -0.440547 -0.797713 0.411792 0.047884 0.076150 1 7 1.000000
c_metrocop_hands_sheet
  7 24.543348 0.130220 -22.970320 0.188580 -0.970609 -0.149518 0.071629 0.044059 1 7 1.000000
  7 24.811111 0.163932 -22.527132 0.039338 -0.998716 0.031919 0.072297 0.079988 1 7 1.000000
  7 24.602114 0.235542 -22.488470 -0.440547 -0.797713 0.411792 0.047884 0.076150 1 7 1.000000
c_metrocop_hands_sheet
  7 24.543348 0.130220 -22.970320 0.188580 -0.970609 -0.149518 0.071629 0.044059 1 7 1.000000
  7 24.602114 0.235542 -22.488470 -0.440547 -0.797713 0.411792 0.047884 0.076150 1 7 1.000000
  7 24.358526 0.199602 -22.704664 -0.297201 -0.821193 0.487149 0.042546 0.040016 1 7 1.000000
c_metrocop_hands_sheet
  7 24.331566 0.117135 -23.039970 -0.086125 -0.958766 -0.270833 0.065334 0.007198 1 7 1.000000
  7 24.543348 0.130220 -22.970320 0.188580 -0.970609 -0.149518 0.071629 0.044059 1 7 1.000000
  7 24.358526 0.199602 -22.704664 -0.297201 -0.821193 0.487149 0.042546 0.040016 1 7 1.000000
c_metrocop_hands_sheet
  7 24.331566 0.117135 -23.039970 -0.086125 -0.958766 -0.270833 0.065334 0.007198 1 7 1.000000
  7 24.358526 0.199602 -22.704664 -0.297201 -0.821193 0.487149 0.042546 0.040016 1 7 1.000000
  7 24.114971 0.174882 -22.903587 -0.594540 -0.785588 0.171390 0.038758 0.002884 1 7 1.000000
c_metrocop_hands_sheet
  7 24.114971 0.174882 -22.903587 -0.594540 -0.785588 0.171390 0.038758 0.002884 1 7 1.000000
  7 24.358526 0.199602 -22.704664 -0.297201 -0.821193 0.487149 0.042546 0.040016 1 7 1.000000
  7 24.168715 0.446623 -22.642944 -0.794959 0.016447 0.606440 0.020199 0.042532 1 7 1.000000
c_metrocop_hands_sheet
  7 24.114971 0.174882 -22.903587 -0.594540 -0.785588 0.171390 0.038758 0.002884 1 7 1.000000
  7 24.168715 0.446623 -22.642944 -0.794959 0.016447 0.606440 0.020199 0.042532 1 7 1.000000
  7 24.028149 0.327571 -22.870443 -0.940496 -0.206521 0.269844 0.021255 0.003663 1 7 1.000000
c_metrocop_hands_sheet
  5 25.702517 0.498866 -20.917871 0.932028 0.155833 -0.327169 0.091708 0.316378 2 5 0.938299 6 0.061701
  5 25.852694 0.242714 -20.892570 0.888905 0.400536 -0.222304 0.039322 0.313598 2 5 0.655035 8 0.344965
  5 25.416920 0.260910 -21.359407 0.151312 0.411887 -0.898584 0.043306 0.246323 1 5 1.000000
c_metrocop_hands_sheet
  6 24.802086 0.581317 -21.746029 -0.931542 -0.174572 0.318988 0.023846 0.186862 1 6 1.000000
  5 25.089764 0.396796 -21.377304 -0.549200 -0.824642 -0.135442 0.040672 0.231740 2 5 0.802112 6 0.197888
  5 24.865997 0.612380 -21.297907 -0.982593 -0.107429 -0.151556 0.024823 0.226139 2 5 0.638597 6 0.361403
c_metrocop_hands_sheet
  6 24.992218 0.313051 -21.818707 -0.454614 -0.833970 0.312762 0.047824 0.188663 1 6 1.000000
  5 25.089764 0.396796 -21.377304 -0.549200 -0.824642 -0.135442 0.040672 0.231740 2 5 0.802112 6 0.197888
  6 24.802086 0.581317 -21.746029 -0.931542 -0.174572 0.318988 0.023846 0.186862 1 6 1.000000
c_metrocop_hands_sheet
  6 24.992218 0.313051 -21.818707 -0.454614 -0.833970 0.312762 0.047824 0.188663 1 6 1.000000
  6 24.802086 0.581317 -21.746029 -0.931542 -0.174572 0.318988 0.023846 0.186862 1 6 1.000000
  6 24.565138 0.523061 -22.273594 -0.826653 -0.082190 0.556678 0.023957 0.129689 1 6 1.000000
c_metrocop_hands_sheet
  6 24.565138 0.523061 -22.273594 -0.826653 -0.082190 0.556678 0.023957 0.129689 1 6 1.000000
  6 24.688410 0.271775 -22.246323 -0.596614 -0.687837 0.413440 0.048057 0.130867 1 6 1.000000
  6 24.992218 0.313051 -21.818707 -0.454614 -0.833970 0.312762 0.047824 0.188663 1 6 1.000000
c_metrocop_hands_sheet
  7 24.602114 0.235542 -22.488470 -0.440547 -0.797713 0.411792 0.047884 0.076150 1 7 1.000000
  6 24.688410 0.271775 -22.246323 -0.596614 -0.687837 0.413440 0.048057 0.130867 1 6 1.000000
  6 24.565138 0.523061 -22.273594 -0.826653 -0.082190 0.556678 0.023957 0.129689 1 6 1.000000
c_metrocop_hands_sheet
  7 24.602114 0.235542 -22.488470 -0.440547 -0.797713 0.411792 0.047884 0.076150 1 7 1.000000
  6 24.565138 0.523061 -22.273594 -0.826653 -0.082190 0.556678 0.023957 0.129689 1 6 1.000000
  7 24.429794 0.493781 -22.420450 -0.664365 -0.155252 0.731106 0.025178 0.079559 2 7 0.935319 6 0.064681
c_metrocop_hands_sheet
  7 24.358526 0.199602 -22.704664 -0.297201 -0.821193 0.487149 0.042546 0.040016 1 7 1.000000
  7 24.602114 0.235542 -22.488470 -0.440547 -0.797713 0.411792 0.047884 0.076150 1 7 1.000000
  7 24.429794 0.493781 -22.420450 -0.664365 -0.155252 0.731106 0.025178 0.079559 2 7 0.935319 6 0.064681
c_metrocop_hands_sheet
  7 24.358526 0.199602 -22.704664 -0.297201 -0.821193 0.487149 0.042546 0.040016 1 7 1.000000
  7 24.429794 0.493781 -22.420450 -0.664365 -0.155252 0.731106 0.025178 0.079559 2 7 0.935319 6 0.064681
  7 24.168715 0.446623 -22.642944 -0.794959 0.016447 0.606440 0.020199 0.042532 1 7 1.000000
c_metrocop_hands_sheet
  5 25.702517 0.498866 -20.917871 0.932028 0.155833 -0.327169 0.091708 0.316378 2 5 0.938299 6 0.061701
  5 25.559181 0.654724 -21.867149 0.913277 0.122320 -0.388539 0.103382 0.227915 1 5 1.000000
  5 25.647020 0.887048 -20.963787 0.864487 0.490812 -0.108470 0.128660 0.315914 1 5 1.000000
c_metrocop_hands_sheet
  5 25.647020 0.887048 -20.963787 0.864487 0.490812 -0.108470 0.128660 0.315914 1 5 1.000000
  5 25.559181 0.654724 -21.867149 0.913277 0.122320 -0.388539 0.104101 0.227915 1 5 1.000000
  5 25.558075 0.992175 -21.424526 0.661199 0.725627 -0.190476 0.135430 0.267373 1 5 1.000000
c_metrocop_hands_sheet
  5 25.559181 0.654724 -21.867149 0.913277 0.122320 -0.388539 0.104101 0.227915 1 5 1.000000
  5 25.420401 0.913096 -21.877752 0.569456 0.718635 -0.399105 0.123557 0.220872 1 5 1.000000
  5 25.558075 0.992175 -21.424526 0.661199 0.725627 -0.190476 0.135430 0.267373 1 5 1.000000
c_metrocop_hands_sheet
  6 25.290129 0.874967 -22.054264 0.537391 0.697499 -0.474032 0.124111 0.193456 1 6 1.000000
  5 25.420401 0.913096 -21.877752 0.569456 0.718635 -0.399105 0.123557 0.220872 1 5 1.000000
  5 25.559181 0.654724 -21.867149 0.913277 0.122320 -0.388539 0.104101 0.227915 1 5 1.000000
c_metrocop_hands_sheet
  6 25.290129 0.874967 -22.054264 0.537391 0.697499 -0.474032 0.124111 0.193456 1 6 1.000000
  6 25.211306 0.956222 -21.932425 -0.036014 0.979895 -0.196236 0.134849 0.202368 1 6 1.000000
  5 25.420401 0.913096 -21.877752 0.569456 0.718635 -0.399105 0.123557 0.220872 1 5 1.000000
c_metrocop_hands_sheet
  6 25.290129 0.874967 -22.054264 0.537391 0.697499 -0.474032 0.124111 0.193456 1 6 1.000000
  6 24.926722 0.865087 -22.345482 -0.129738 0.987907 -0.084904 0.139300 0.145927 1 6 1.000000
  6 25.211306 0.956222 -21.932425 -0.036014 0.979895 -0.196236 0.134849 0.202368 1 6 1.000000
c_metrocop_hands_sheet
  6 24.627235 0.726318 -22.295494 -0.639685 0.662146 0.390341 0.160762 0.132278 1 6 1.000000
  6 25.211306 0.956222 -21.932425 -0.036014 0.979895 -0.196236 0.134849 0.202368 1 6 1.000000
  6 24.926722 0.865087 -22.345482 -0.129738 0.987907 -0.084904 0.139300 0.145927 1 6 1.000000
c_metrocop_hands_sheet
  7 24.490522 0.724345 -22.445204 -0.588294 0.727950 0.352136 0.157662 0.080594 1 7 1.000000
  6 24.627235 0.726318 -22.295494 -0.639685 0.662146 0.390341 0.160762 0.132278 1 6 1.000000
  6 24.926722 0.865087 -22.345482 -0.129738 0.987907 -0.084904 0.139300 0.145927 1 6 1.000000
c_metrocop_hands_sheet
  7 24.429794 0.493781 -22.420450 -0.664365 -0.155252 0.731106 0.185487 0.073251 2 7 0.935319 6 0.064681
  6 24.627235 0.726318 -22.295494 -0.639685 0.662146 0.390341 0.160762 0.132278 1 6 1.000000
  7 24.490522 0.724345 -22.445204 -0.588294 0.727950 0.352136 0.157662 0.080594 1 7 1.000000
c_metrocop_hands_sheet
  7 24.168715 0.446623 -22.642944 -0.794959 0.016447 0.606440 0.185589 0.040828 1 7 1.000000
  7 24.429794 0.493781 -22.420450 -0.664365 -0.155252 0.731106 0.185487 0.073251 2 7 0.935319 6 0.064681
  7 24.490522 0.724345 -22.445204 -0.588294 0.727950 0.352136 0.157662 0.080594 1 7 1.000000
c_metrocop_hands_sheet
  5 25.420401 0.913096 -21.877752 0.569456 0.718635 -0.399105 0.123557 0.220872 1 5 1.000000
  5 25.221125 1.014874 -21.514830 -0.237225 0.964733 -0.114083 0.149867 0.248300 1 5 1.000000
  5 25.558075 0.992175 -21.424526 0.661199 0.725627 -0.190476 0.135430 0.267373 1 5 1.000000
c_metrocop_hands_sheet
  5 25.420401 0.913096 -21.877752 0.569456 0.718635 -0.399105 0.123557 0.220872 1 5 1.000000
  6 25.211306 0.956222 -21.932425 -0.036014 0.979895 -0.196236 0.134849 0.202368 1 6 1.000000
  5 25.221125 1.014874 -21.514830 -0.237225 0.964733 -0.114083 0.149867 0.248300 1 5 1.000000
c_metrocop_hands_sheet
  6 24.854418 0.770122 -21.793346 -0.740087 0.652343 0.163460 0.165732 0.191284 1 6 1.000000
  5 25.221125 1.014874 -21.514830 -0.237225 0.964733 -0.114083 0.149867 0.248300 1 5 1.000000
  6 25.211306 0.956222 -21.932425 -0.036014 0.979895 -0.196236 0.134849 0.202368 1 6 1.000000
c_metrocop_hands_sheet
  6 24.627235 0.726318 -22.295494 -0.639685 0.662146 0.390341 0.160762 0.132278 1 6 1.000000
  6 24.854418 0.770122 -21.793346 -0.740087 0.652343 0.163460 0.165732 0.191284 1 6 1.000000
  6 25.211306 0.956222 -21.932425 -0.036014 0.979895 -0.196236 0.134849 0.202368 1 6 1.000000
c_metrocop_hands_sheet
  6 24.565138 0.523061 -22.273594 -0.826653 -0.082190 0.556678 0.184435 0.127086 1 6 1.000000
  6 24.854418 0.770122 -21.793346 -0.740087 0.652343 0.163460 0.165732 0.191284 1 6 1.000000
  6 24.627235 0.726318 -22.295494 -0.639685 0.662146 0.390341 0.160762 0.132278 1 6 1.000000
c_metrocop_hands_sheet
  7 24.429794 0.493781 -22.420450 -0.664365 -0.155252 0.731106 0.185487 0.073251 2 7 0.935319 6 0.064681
  6 24.565138 0.523061 -22.273594 -0.826653 -0.082190 0.556678 0.184435 0.127086 1 6 1.000000
  6 24.627235 0.726318 -22.295494 -0.639685 0.662146 0.390341 0.160762 0.132278 1 6 1.000000
c_metrocop_hands_sheet
  6 24.854418 0.770122 -21.793346 -0.740087 0.652343 0.163460 0.165732 0.191284 1 6 1.000000
  5 24.948845 0.810911 -21.368025 -0.787760 0.608641 -0.094823 0.165750 0.227387 2 5 0.552211 6 0.447789
  5 25.221125 1.014874 -21.514830 -0.237225 0.964733 -0.114083 0.149867 0.248300 1 5 1.000000
c_metrocop_hands_sheet
  6 24.802086 0.581317 -21.746029 -0.931542 -0.174572 0.318988 0.184228 0.190763 1 6 1.000000
  5 24.948845 0.810911 -21.368025 -0.787760 0.608641 -0.094823 0.165750 0.227387 2 5 0.552211 6 0.447789
  6 24.854418 0.770122 -21.793346 -0.740087 0.652343 0.163460 0.165732 0.191284 1 6 1.000000
c_metrocop_hands_sheet
  6 24.565138 0.523061 -22.273594 -0.826653 -0.082190 0.556678 0.184435 0.127086 1 6 1.000000
  6 24.802086 0.581317 -21.746029 -0.931542 -0.174572 0.318988 0.184228 0.190763 1 6 1.000000
  6 24.854418 0.770122 -21.793346 -0.740087 0.652343 0.163460 0.165732 0.191284 1 6 1.000000
c_metrocop_hands_sheet
  6 24.802086 0.581317 -21.746029 -0.931542 -0.174572 0.318988 0.184228 0.190763 1 6 1.000000
  5 24.865997 0.612380 -21.297907 -0.982593 -0.107429 -0.151556 0.183316 0.224523 2 5 0.638597 6 0.361403
  5 24.948845 0.810911 -21.368025 -0.787760 0.608641 -0.094823 0.165750 0.227387 2 5 0.552211 6 0.447789
c_metrocop_hands_sheet
  7 25.096174 0.524398 -22.679201 0.830983 0.064978 -0.552491 0.104498 0.112823 1 7 1.000000
  6 25.379477 0.332953 -22.047058 0.701574 -0.642640 -0.307907 0.086865 0.193071 1 6 1.000000
  7 25.014811 0.289009 -22.701826 0.680395 -0.600249 -0.420433 0.090655 0.101782 1 7 1.000000
c_metrocop_hands_sheet
  7 24.919880 0.496951 -22.909212 0.684219 0.096567 -0.722854 0.105357 0.075807 1 7 1.000000
  7 25.096174 0.524398 -22.679201 0.830983 0.064978 -0.552491 0.104498 0.112823 1 7 1.000000
  7 25.014811 0.289009 -22.701826 0.680395 -0.600249 -0.420433 0.090655 0.101782 1 7 1.000000
c_metrocop_hands_sheet
  7 24.827480 0.746347 -22.839119 0.293044 0.787328 -0.542439 0.122351 0.080758 1 7 1.000000
  7 25.096174 0.524398 -22.679201 0.830983 0.064978 -0.552491 0.104498 0.112823 1 7 1.000000
  7 24.919880 0.496951 -22.909212 0.684219 0.096567 -0.722854 0.105357 0.075807 1 7 1.000000
c_metrocop_hands_sheet
  7 24.534552 0.588178 -23.108919 0.235094 0.566506 -0.789811 0.130463 0.029929 1 7 1.000000
  7 24.827480 0.746347 -22.839119 0.293044 0.787328 -0.542439 0.122351 0.080758 1 7 1.000000
  7 24.919880 0.496951 -22.909212 0.684219 0.096567 -0.722854 0.105357 0.075807 1 7 1.000000
c_metrocop_hands_sheet
  7 24.534552 0.588178 -23.108919 0.235094 0.566506 -0.789811 0.130463 0.029929 1 7 1.000000
  7 24.564259 0.734042 -22.810400 -0.178383 0.963914 -0.197607 0.141410 0.049717 1 7 1.000000
  7 24.827480 0.746347 -22.839119 0.293044 0.787328 -0.542439 0.122351 0.080758 1 7 1.000000
c_metrocop_hands_sheet
  7 24.534552 0.588178 -23.108919 0.235094 0.566506 -0.789811 0.130463 0.029929 1 7 1.000000
  7 24.272459 0.676341 -22.976423 -0.272932 0.942984 -0.190498 0.160044 0.009944 1 7 1.000000
  7 24.564259 0.734042 -22.810400 -0.178383 0.963914 -0.197607 0.141410 0.049717 1 7 1.000000
c_metrocop_hands_sheet
  7 24.064316 0.567533 -22.893311 -0.809473 0.570351 0.139476 0.174294 0.005063 1 7 1.000000
  7 24.564259 0.734042 -22.810400 -0.178383 0.963914 -0.197607 0.141410 0.049717 1 7 1.000000
  7 24.272459 0.676341 -22.976423 -0.272932 0.942984 -0.190498 0.160044 0.009944 1 7 1.000000
c_metrocop_hands_sheet
  7 24.064316 0.567533 -22.893311 -0.809473 0.570351 0.139476 0.174294 0.005063 1 7 1.000000
  7 24.280449 0.624790 -22.655426 -0.603733 0.745861 0.281420 0.185589 0.040828 1 7 1.000000
  7 24.564259 0.734042 -22.810400 -0.178383 0.963914 -0.197607 0.141410 0.049717 1 7 1.000000
c_metrocop_hands_sheet
  7 24.028149 0.327571 -22.870443 -0.940496 -0.206521 0.269844 0.185179 -0.002836 1 7 1.000000
  7 24.280449 0.624790 -22.655426 -0.603733 0.745861 0.281420 0.185589 0.040828 1 7 1.000000
  7 24.064316 0.567533 -22.893311 -0.809473 0.570351 0.139476 0.174294 0.005063 1 7 1.000000
c_metrocop_hands_sheet
  7 24.028149 0.327571 -22.870443 -0.940496 -0.206521 0.269844 0.185179 -0.002836 1 7 1.000000
  7 24.168715 0.446623 -22.642944 -0.794959 0.016447 0.606440 0.185589 0.040828 1 7 1.000000
  7 24.280449 0.624790 -22.655426 -0.603733 0.745861 0.281420 0.185589 0.040828 1 7 1.000000
c_metrocop_hands_sheet
  7 24.168715 0.446623 -22.642944 -0.794959 0.016447 0.606440 0.185589 0.040828 1 7 1.000000
  7 24.490522 0.724345 -22.445204 -0.588294 0.727950 0.352136 0.157662 0.080594 1 7 1.000000
  7 24.280449 0.624790 -22.655426 -0.603733 0.745861 0.281420 0.185589 0.040828 1 7 1.000000
c_metrocop_hands_sheet
  7 24.280449 0.624790 -22.655426 -0.603733 0.745861 0.281420 0.185589 0.040828 1 7 1.000000
  7 24.490522 0.724345 -22.445204 -0.588294 0.727950 0.352136 0.157662 0.080594 1 7 1.000000
  7 24.738474 0.806444 -22.544228 -0.197766 0.972687 -0.121526 0.138519 0.087766 1 7 1.000000
c_metrocop_hands_sheet
  7 24.490522 0.724345 -22.445204 -0.588294 0.727950 0.352136 0.157662 0.080594 1 7 1.000000
  6 24.926722 0.865087 -22.345482 -0.129738 0.987907 -0.084904 0.139300 0.145927 1 6 1.000000
  7 24.738474 0.806444 -22.544228 -0.197766 0.972687 -0.121526 0.138519 0.087766 1 7 1.000000
c_metrocop_hands_sheet
  7 24.967165 0.777412 -22.704653 0.445332 0.733949 -0.512834 0.121061 0.104668 1 7 1.000000
  7 24.738474 0.806444 -22.544228 -0.197766 0.972687 -0.121526 0.138519 0.087766 1 7 1.000000
  6 24.926722 0.865087 -22.345482 -0.129738 0.987907 -0.084904 0.139300 0.145927 1 6 1.000000
c_metrocop_hands_sheet
  6 25.290129 0.874967 -22.054264 0.537391 0.697499 -0.474032 0.124111 0.193456 1 6 1.000000
  7 24.967165 0.777412 -22.704653 0.445332 0.733949 -0.512834 0.121061 0.104668 1 7 1.000000
  6 24.926722 0.865087 -22.345482 -0.129738 0.987907 -0.084904 0.139300 0.145927 1 6 1.000000
c_metrocop_hands_sheet
  7 24.967165 0.777412 -22.704653 0.445332 0.733949 -0.512834 0.121061 0.104668 1 7 1.000000
  6 25.290129 0.874967 -22.054264 0.537391 0.697499 -0.474032 0.124111 0.193456 1 6 1.000000
  6 25.391861 0.618868 -22.116734 0.842591 0.142956 -0.519234 0.104408 0.190407 1 6 1.000000
c_metrocop_hands_sheet
  6 25.290129 0.874967 -22.054264 0.537391 0.697499 -0.474032 0.124111 0.193456 1 6 1.000000
  5 25.559181 0.654724 -21.867149 0.913277 0.122320 -0.388539 0.104101 0.227915 1 5 1.000000
  6 25.391861 0.618868 -22.116734 0.842591 0.142956 -0.519234 0.104408 0.190407 1 6 1.000000
c_metrocop_hands_sheet
  6 25.391861 0.618868 -22.116734 0.842591 0.142956 -0.519234 0.104408 0.190407 1 6 1.000000
  5 25.559181 0.654724 -21.867149 0.913277 0.122320 -0.388539 0.104101 0.227915 1 5 1.000000
  5 25.507229 0.376719 -21.878590 0.767883 -0.584464 -0.262217 0.088128 0.219483 1 5 1.000000
c_metrocop_hands_sheet
  7 24.280449 0.624790 -22.655426 -0.603733 0.745861 0.281420 0.185589 0.040828 1 7 1.000000
  7 24.738474 0.806444 -22.544228 -0.197766 0.972687 -0.121526 0.138519 0.087766 1 7 1.000000
  7 24.564259 0.734042 -22.810400 -0.178383 0.963914 -0.197607 0.141410 0.049717 1 7 1.000000
c_metrocop_hands_sheet
  7 24.564259 0.734042 -22.810400 -0.178383 0.963914 -0.197607 0.141410 0.049717 1 7 1.000000
  7 24.738474 0.806444 -22.544228 -0.197766 0.972687 -0.121526 0.138519 0.087766 1 7 1.000000
  7 24.967165 0.777412 -22.704653 0.445332 0.733949 -0.512834 0.121061 0.104668 1 7 1.000000
c_metrocop_hands_sheet
  7 24.564259 0.734042 -22.810400 -0.178383 0.963914 -0.197607 0.141410 0.049717 1 7 1.000000
  7 24.967165 0.777412 -22.704653 0.445332 0.733949 -0.512834 0.121061 0.104668 1 7 1.000000
  7 24.827480 0.746347 -22.839119 0.293044 0.787328 -0.542439 0.122351 0.080758 1 7 1.000000
c_metrocop_hands_sheet
  7 24.827480 0.746347 -22.839119 0.293044 0.787328 -0.542439 0.122351 0.080758 1 7 1.000000
  7 24.967165 0.777412 -22.704653 0.445332 0.733949 -0.512834 0.121061 0.104668 1 7 1.000000
  7 25.096174 0.524398 -22.679201 0.830983 0.064978 -0.552491 0.104498 0.112823 1 7 1.000000
c_metrocop_hands_sheet
  7 24.967165 0.777412 -22.704653 0.445332 0.733949 -0.512834 0.121061 0.104668 1 7 1.000000
  6 25.391861 0.618868 -22.116734 0.842591 0.142956 -0.519234 0.104408 0.190407 1 6 1.000000
  7 25.096174 0.524398 -22.679201 0.830983 0.064978 -0.552491 0.104498 0.112823 1 7 1.000000
c_metrocop_hands_sheet
  7 25.096174 0.524398 -22.679201 0.830983 0.064978 -0.552491 0.104498 0.112823 1 7 1.000000
  6 25.391861 0.618868 -22.116734 0.842591 0.142956 -0.519234 0.104408 0.190407 1 6 1.000000
  6 25.379477 0.332953 -22.047058 0.701574 -0.642640 -0.307907 0.086865 0.193071 1 6 1.000000
c_metrocop_hands_sheet
  6 25.391861 0.618868 -22.116734 0.842591 0.142956 -0.519234 0.104408 0.190407 1 6 1.000000
  5 25.507229 0.376719 -21.878590 0.767883 -0.584464 -0.262217 0.088128 0.219483 1 5 1.000000
  6 25.379477 0.332953 -22.047058 0.701574 -0.642640 -0.307907 0.086865 0.193071 1 6 1.000000
c_metrocop_hands_sheet
  6 25.202831 0.256022 -21.899908 0.111945 -0.987804 0.108221 0.067567 0.193734 2 6 0.788746 5 0.211254
  6 25.379477 0.332953 -22.047058 0.701574 -0.642640 -0.307907 0.086865 0.193071 1 6 1.000000
  5 25.507229 0.376719 -21.878590 0.767883 -0.584464 -0.262217 0.088128 0.219483 1 5 1.000000
c_metrocop_hands_sheet
  6 25.202831 0.256022 -21.899908 0.111945 -0.987804 0.108221 0.067567 0.193734 2 6 0.788746 5 0.211254
  5 25.507229 0.376719 -21.878590 0.767883 -0.584464 -0.262217 0.088128 0.219483 1 5 1.000000
  5 25.341564 0.298905 -21.429899 0.065435 -0.996079 -0.059539 0.057869 0.251974 1 5 1.000000
c_metrocop_hands_sheet
  22 -23.006765 -0.132162 -16.364220 -0.800317 0.135141 0.584148 0.569944 0.238688 2 22 0.622880 23 0.377120
  23 -23.935562 -1.411309 -17.800110 -0.745483 -0.292951 0.598694 0.638887 0.445801 2 23 0.875384 22 0.124616
  22 -23.045948 -1.761403 -16.704136 -0.732273 -0.495233 0.467462 0.658565 0.247318 2 22 0.557697 23 0.442303
c_metrocop_hands_sheet
  22 -22.791679 0.696154 -16.635054 -0.528111 0.746327 0.405088 0.521060 0.227218 2 22 0.560619 23 0.439381
  23 -24.087322 0.078126 -17.819330 -0.798163 0.196513 0.569489 0.559693 0.439780 2 23 0.786248 22 0.213752
  22 -23.006765 -0.132162 -16.364220 -0.800317 0.135141 0.584148 0.569944 0.238688 2 22 0.622880 23 0.377120
c_metrocop_hands_sheet
  22 -23.006765 -0.132162 -16.364220 -0.800317 0.135141 0.584148 0.569944 0.238688 2 22 0.622880 23 0.377120
  23 -24.087322 0.078126 -17.819330 -0.798163 0.196513 0.569489 0.559693 0.439780 2 23 0.786248 22 0.213752
  23 -23.935562 -1.411309 -17.800110 -0.745483 -0.292951 0.598694 0.638887 0.445801 2 23 0.875384 22 0.124616
c_metrocop_hands_sheet
  23 -24.087322 0.078126 -17.819330 -0.798163 0.196513 0.569489 0.559693 0.439780 2 23 0.786248 22 0.213752
  23 -24.860441 -0.664559 -18.930571 -0.792350 0.030396 0.609308 0.596681 0.586788 1 23 1.000000
  23 -23.935562 -1.411309 -17.800110 -0.745483 -0.292951 0.598694 0.638887 0.445801 2 23 0.875384 22 0.124616
c_metrocop_hands_sheet
  23 -23.935562 -1.411309 -17.800110 -0.745483 -0.292951 0.598694 0.638887 0.445801 2 23 0.875384 22 0.124616
  23 -24.860441 -0.664559 -18.930571 -0.792350 0.030396 0.609308 0.596681 0.586788 1 23 1.000000
  23 -24.851151 -1.357799 -18.948395 -0.750648 -0.127753 0.648234 0.626639 0.599515 1 23 1.000000
c_metrocop_hands_sheet
  23 -24.514668 -2.182471 -18.842087 -0.606454 -0.516299 0.604689 0.686529 0.552754 2 23 0.635225 36 0.364775
  23 -23.935562 -1.411309 -17.800110 -0.745483 -0.292951 0.598694 0.638887 0.445801 2 23 0.875384 22 0.124616
  23 -24.851151 -1.357799 -18.948395 -0.750648 -0.127753 0.648234 0.626639 0.599515 1 23 1.000000
c_metrocop_hands_sheet
  23 -23.935562 -1.411309 -17.800110 -0.745483 -0.292951 0.598694 0.638887 0.445801 2 23 0.875384 22 0.124616
  23 -24.514668 -2.182471 -18.842087 -0.606454 -0.516299 0.604689 0.686529 0.552754 2 23 0.635225 36 0.364775
  36 -23.194010 -2.355618 -18.006105 -0.382562 -0.779059 0.496703 0.719982 0.385314 1 36 1.000000
c_metrocop_hands_sheet
  36 -23.194010 -2.355618 -18.006105 -0.382562 -0.779059 0.496703 0.719982 0.385314 1 36 1.000000
  22 -23.045948 -1.761403 -16.704136 -0.732273 -0.495233 0.467462 0.658565 0.247318 2 22 0.557697 23 0.442303
  23 -23.935562 -1.411309 -17.800110 -0.745483 -0.292951 0.598694 0.638887 0.445801 2 23 0.875384 22 0.124616
c_metrocop_hands_sheet
  22 -23.045948 -1.761403 -16.704136 -0.732273 -0.495233 0.467462 0.658565 0.247318 2 22 0.557697 23 0.442303
  36 -23.194010 -2.355618 -18.006105 -0.382562 -0.779059 0.496703 0.719982 0.385314 1 36 1.000000
  22 -22.315639 -2.293528 -17.246588 -0.144171 -0.988958 0.034306 0.735448 0.233632 2 22 0.531672 36 0.468328
c_metrocop_hands_sheet
  23 -23.865829 0.825666 -18.103212 -0.518553 0.736433 0.434476 0.518703 0.436598 2 23 0.693724 22 0.306276
  22 -22.791679 0.696154 -16.635054 -0.528111 0.746327 0.405088 0.521060 0.227218 2 22 0.560619 23 0.439381
  22 -22.045364 0.921837 -17.047056 0.073763 0.995735 -0.055423 0.427662 0.198377 2 22 0.584465 23 0.415535
c_metrocop_hands_sheet
  22 -22.791679 0.696154 -16.635054 -0.528111 0.746327 0.405088 0.521060 0.227218 2 22 0.560619 23 0.439381
  23 -23.865829 0.825666 -18.103212 -0.518553 0.736433 0.434476 0.518703 0.436598 2 23 0.693724 22 0.306276
  23 -24.087322 0.078126 -17.819330 -0.798163 0.196513 0.569489 0.559693 0.439780 2 23 0.786248 22 0.213752
c_metrocop_hands_sheet
  23 -23.865829 0.825666 -18.103212 -0.518553 0.736433 0.434476 0.518703 0.436598 2 23 0.693724 22 0.306276
  23 -24.802750 0.040741 -18.967936 -0.760379 0.174448 0.625613 0.555184 0.586935 2 23 0.790171 24 0.209829
  23 -24.087322 0.078126 -17.819330 -0.798163 0.196513 0.569489 0.559693 0.439780 2 23 0.786248 22 0.213752
c_metrocop_hands_sheet
  23 -24.860441 -0.664559 -18.930571 -0.792350 0.030396 0.609308 0.596681 0.586788 1 23 1.000000
  23 -24.087322 0.078126 -17.819330 -0.798163 0.196513 0.569489 0.559693 0.439780 2 23 0.786248 22 0.213752
  23 -24.802750 0.040741 -18.967936 -0.760379 0.174448 0.625613 0.555184 0.586935 2 23 0.790171 24 0.209829
c_metrocop_hands_sheet
  23 -25.354887 -0.707591 -19.560038 -0.761684 0.015412 0.647765 0.585891 0.709341 2 23 0.898283 27 0.101717
  23 -24.860441 -0.664559 -18.930571 -0.792350 0.030396 0.609308 0.596681 0.586788 1 23 1.000000
  23 -24.802750 0.040741 -18.967936 -0.760379 0.174448 0.625613 0.555184 0.586935 2 23 0.790171 24 0.209829
c_metrocop_hands_sheet
  23 -24.860441 -0.664559 -18.930571 -0.792350 0.030396 0.609308 0.596681 0.586788 1 23 1.000000
  23 -25.354887 -0.707591 -19.560038 -0.761684 0.015412 0.647765 0.585891 0.709341 2 23 0.898283 27 0.101717
  23 -25.400482 -1.379724 -19.531889 -0.771928 -0.113624 0.625473 0.620769 0.711901 1 23 1.000000
c_metrocop_hands_sheet
  23 -24.860441 -0.664559 -18.930571 -0.792350 0.030396 0.609308 0.596681 0.586788 1 23 1.000000
  23 -25.400482 -1.379724 -19.531889 -0.771928 -0.113624 0.625473 0.620769 0.711901 1 23 1.000000
  23 -24.851151 -1.357799 -18.948395 -0.750648 -0.127753 0.648234 0.626639 0.599515 1 23 1.000000
c_metrocop_hands_sheet
  23 -24.851151 -1.357799 -18.948395 -0.750648 -0.127753 0.648234 0.626639 0.599515 1 23 1.000000
  23 -25.400482 -1.379724 -19.531889 -0.771928 -0.113624 0.625473 0.620769 0.711901 1 23 1.000000
  23 -25.366858 -2.007719 -19.739304 -0.767580 -0.178262 0.615665 0.653899 0.715840 1 23 1.000000
c_metrocop_hands_sheet
  23 -24.851151 -1.357799 -18.948395 -0.750648 -0.127753 0.648234 0.626639 0.599515 1 23 1.000000
  23 -25.366858 -2.007719 -19.739304 -0.767580 -0.178262 0.615665 0.653899 0.715840 1 23 1.000000
  23 -24.514668 -2.182471 -18.842087 -0.606454 -0.516299 0.604689 0.686529 0.552754 2 23 0.635225 36 0.364775
c_metrocop_hands_sheet
  23 -25.366858 -2.007719 -19.739304 -0.767580 -0.178262 0.615665 0.653899 0.715840 1 23 1.000000
  33 -25.444933 -2.424692 -19.917135 -0.685190 -0.494382 0.534885 0.692509 0.723504 2 33 0.827580 23 0.172420
  23 -24.514668 -2.182471 -18.842087 -0.606454 -0.516299 0.604689 0.686529 0.552754 2 23 0.635225 36 0.364775
c_metrocop_hands_sheet
  33 -25.444933 -2.424692 -19.917135 -0.685190 -0.494382 0.534885 0.692509 0.723504 2 33 0.827580 23 0.172420
  23 -24.990789 -2.573735 -19.712139 -0.366629 -0.822136 0.435517 0.708147 0.665784 1 23 1.000000
  23 -24.514668 -2.182471 -18.842087 -0.606454 -0.516299 0.604689 0.686529 0.552754 2 23 0.635225 36 0.364775
c_metrocop_hands_sheet
  23 -24.990789 -2.573735 -19.712139 -0.366629 -0.822136 0.435517 0.708147 0.665784 1 23 1.000000
  33 -25.444933 -2.424692 -19.917135 -0.685190 -0.494382 0.534885 0.692509 0.723504 2 33 0.827580 23 0.172420
  33 -25.244675 -2.605294 -20.107140 -0.267316 -0.942666 0.199807 0.714352 0.723010 2 33 0.580308 23 0.419692
c_metrocop_hands_sheet
  36 -24.350101 -2.778923 -19.742119 -0.259018 -0.960530 0.101450 0.744318 0.610554 2 36 0.548579 23 0.451421
  23 -24.990789 -2.573735 -19.712139 -0.366629 -0.822136 0.435517 0.708147 0.665784 1 23 1.000000
  33 -25.244675 -2.605294 -20.107140 -0.267316 -0.942666 0.199807 0.714352 0.723010 2 33 0.580308 23 0.419692
c_metrocop_hands_sheet
  23 -24.990789 -2.573735 -19.712139 -0.366629 -0.822136 0.435517 0.708147 0.665784 1 23 1.000000
  36 -24.350101 -2.778923 -19.742119 -0.259018 -0.960530 0.101450 0.744318 0.610554 2 36 0.548579 23 0.451421
  23 -24.514668 -2.182471 -18.842087 -0.606454 -0.516299 0.604689 0.686529 0.552754 2 23 0.635225 36 0.364775
c_metrocop_hands_sheet
  36 -24.350101 -2.778923 -19.742119 -0.259018 -0.960530 0.101450 0.744318 0.610554 2 36 0.548579 23 0.451421
  36 -23.801832 -2.658542 -18.833010 -0.416739 -0.779236 0.468103 0.733890 0.521232 2 36 0.926863 37 0.073137
  23 -24.514668 -2.182471 -18.842087 -0.606454 -0.516299 0.604689 0.686529 0.552754 2 23 0.635225 36 0.364775
c_metrocop_hands_sheet
  23 -24.514668 -2.182471 -18.842087 -0.606454 -0.516299 0.604689 0.686529 0.552754 2 23 0.635225 36 0.364775
  36 -23.801832 -2.658542 -18.833010 -0.416739 -0.779236 0.468103 0.733890 0.521232 2 36 0.926863 37 0.073137
  36 -23.194010 -2.355618 -18.006105 -0.382562 -0.779059 0.496703 0.719982 0.385314 1 36 1.000000
c_metrocop_hands_sheet
  36 -23.194010 -2.355618 -18.006105 -0.382562 -0.779059 0.496703 0.719982 0.385314 1 36 1.000000
  36 -23.801832 -2.658542 -18.833010 -0.416739 -0.779236 0.468103 0.733890 0.521232 2 36 0.926863 37 0.073137
  36 -23.184444 -2.956328 -18.914343 -0.314233 -0.798173 0.513982 0.780666 0.454925 1 36 1.000000
c_metrocop_hands_sheet
  36 -22.798412 -2.998141 -18.868828 0.027799 -0.772650 0.634223 0.807886 0.401621 1 36 1.000000
  36 -23.194010 -2.355618 -18.006105 -0.382562 -0.779059 0.496703 0.719982 0.385314 1 36 1.000000
  36 -23.184444 -2.956328 -18.914343 -0.314233 -0.798173 0.513982 0.780666 0.454925 1 36 1.000000
c_metrocop_hands_sheet
  36 -22.864769 -3.597565 -19.541142 -0.057382 -0.836657 0.544714 0.842814 0.484184 2 36 0.519910 37 0.480090
  36 -22.798412 -2.998141 -18.868828 0.027799 -0.772650 0.634223 0.807886 0.401621 1 36 1.000000
  36 -23.184444 -2.956328 -18.914343 -0.314233 -0.798173 0.513982 0.780666 0.454925 1 36 1.000000
c_metrocop_hands_sheet
  36 -22.423744 -3.522451 -19.588348 0.582598 -0.732299 0.352587 0.872067 0.463695 2 36 0.510438 37 0.489562
  36 -22.798412 -2.998141 -18.868828 0.027799 -0.772650 0.634223 0.807886 0.401621 1 36 1.000000
  36 -22.864769 -3.597565 -19.541142 -0.057382 -0.836657 0.544714 0.842814 0.484184 2 36 0.519910 37 0.480090
c_metrocop_hands_sheet
  37 -22.529022 -3.716448 -20.012596 0.606202 -0.789112 0.099101 0.883388 0.514988 2 37 0.581065 36 0.418935
  36 -22.423744 -3.522451 -19.588348 0.582598 -0.732299 0.352587 0.872067 0.463695 2 36 0.510438 37 0.489562
  36 -22.864769 -3.597565 -19.541142 -0.057382 -0.836657 0.544714 0.842814 0.484184 2 36 0.519910 37 0.480090
c_metrocop_hands_sheet
  37 -22.380453 -3.382585 -20.144981 0.941882 -0.227649 -0.247050 0.907910 0.504513 2 37 0.545639 36 0.454361
  36 -22.423744 -3.522451 -19.588348 0.582598 -0.732299 0.352587 0.872067 0.463695 2 36 0.510438 37 0.489562
  37 -22.529022 -3.716448 -20.012596 0.606202 -0.789112 0.099101 0.883388 0.514988 2 37 0.581065 36 0.418935
c_metrocop_hands_sheet
  37 -22.527962 -3.544336 -20.717510 0.941716 -0.171283 -0.289539 0.922892 0.564821 2 37 0.628909 38 0.371091
  37 -22.380453 -3.382585 -20.144981 0.941882 -0.227649 -0.247050 0.907910 0.504513 2 37 0.545639 36 0.454361
  37 -22.529022 -3.716448 -20.012596 0.606202 -0.789112 0.099101 0.883388 0.514988 2 37 0.581065 36 0.418935
c_metrocop_hands_sheet
  36 -23.184444 -2.956328 -18.914343 -0.314233 -0.798173 0.513982 0.780666 0.454925 1 36 1.000000
  36 -23.801832 -2.658542 -18.833010 -0.416739 -0.779236 0.468103 0.733890 0.521232 2 36 0.926863 37 0.073137
  36 -24.350101 -2.778923 -19.742119 -0.259018 -0.960530 0.101450 0.744318 0.610554 2 36 0.548579 23 0.451421
c_metrocop_hands_sheet
  33 -25.244675 -2.605294 -20.107140 -0.267316 -0.942666 0.199807 0.714352 0.723010 2 33 0.580308 23 0.419692
  23 -24.606319 -2.618136 -20.521082 0.255625 -0.839857 -0.478848 0.756791 0.701322 3 23 0.515473 33 0.413874 30 0.070653
  36 -24.350101 -2.778923 -19.742119 -0.259018 -0.960530 0.101450 0.744318 0.610554 2 36 0.548579 23 0.451421
c_metrocop_hands_sheet
  23 -24.606319 -2.618136 -20.521082 0.255625 -0.839857 -0.478848 0.756791 0.701322 3 23 0.515473 33 0.413874 30 0.070653
  37 -23.749722 -2.676008 -20.216238 -0.193736 -0.630979 -0.751220 0.793744 0.603626 2 37 0.505325 36 0.494675
  36 -24.350101 -2.778923 -19.742119 -0.259018 -0.960530 0.101450 0.744318 0.610554 2 36 0.548579 23 0.451421
c_metrocop_hands_sheet
  36 -24.350101 -2.778923 -19.742119 -0.259018 -0.960530 0.101450 0.744318 0.610554 2 36 0.548579 23 0.451421
  37 -23.749722 -2.676008 -20.216238 -0.193736 -0.630979 -0.751220 0.793744 0.603626 2 37 0.505325 36 0.494675
  36 -23.616806 -2.996296 -19.920620 -0.759476 -0.643497 -0.095432 0.798981 0.567965 2 36 0.519727 37 0.480273
c_metrocop_hands_sheet
  36 -23.184444 -2.956328 -18.914343 -0.314233 -0.798173 0.513982 0.780666 0.454925 1 36 1.000000
  36 -24.350101 -2.778923 -19.742119 -0.259018 -0.960530 0.101450 0.744318 0.610554 2 36 0.548579 23 0.451421
  36 -23.616806 -2.996296 -19.920620 -0.759476 -0.643497 -0.095432 0.798981 0.567965 2 36 0.519727 37 0.480273
c_metrocop_hands_sheet
  36 -23.345284 -3.429292 -19.634850 -0.681990 -0.600312 0.417750 0.817513 0.526624 2 36 0.550262 37 0.449738
  36 -23.184444 -2.956328 -18.914343 -0.314233 -0.798173 0.513982 0.780666 0.454925 1 36 1.000000
  36 -23.616806 -2.996296 -19.920620 -0.759476 -0.643497 -0.095432 0.798981 0.567965 2 36 0.519727 37 0.480273
c_metrocop_hands_sheet
  36 -22.864769 -3.597565 -19.541142 -0.057382 -0.836657 0.544714 0.842814 0.484184 2 36 0.519910 37 0.480090
  36 -23.184444 -2.956328 -18.914343 -0.314233 -0.798173 0.513982 0.780666 0.454925 1 36 1.000000
  36 -23.345284 -3.429292 -19.634850 -0.681990 -0.600312 0.417750 0.817513 0.526624 2 36 0.550262 37 0.449738
c_metrocop_hands_sheet
  37 -22.975235 -3.825700 -20.000166 -0.122569 -0.945380 0.302048 0.858052 0.542133 2 37 0.780476 36 0.219524
  36 -22.864769 -3.597565 -19.541142 -0.057382 -0.836657 0.544714 0.842814 0.484184 2 36 0.519910 37 0.480090
  36 -23.345284 -3.429292 -19.634850 -0.681990 -0.600312 0.417750 0.817513 0.526624 2 36 0.550262 37 0.449738
c_metrocop_hands_sheet
  37 -22.529022 -3.716448 -20.012596 0.606202 -0.789112 0.099101 0.883388 0.514988 2 37 0.581065 36 0.418935
  36 -22.864769 -3.597565 -19.541142 -0.057382 -0.836657 0.544714 0.842814 0.484184 2 36 0.519910 37 0.480090
  37 -22.975235 -3.825700 -20.000166 -0.122569 -0.945380 0.302048 0.858052 0.542133 2 37 0.780476 36 0.219524
c_metrocop_hands_sheet
  37 -22.716566 -3.792793 -20.506500 0.582358 -0.808664 0.083198 0.894476 0.572599 2 37 0.786371 38 0.213629
  37 -22.529022 -3.716448 -20.012596 0.606202 -0.789112 0.099101 0.883388 0.514988 2 37 0.581065 36 0.418935
  37 -22.975235 -3.825700 -20.000166 -0.122569 -0.945380 0.302048 0.858052 0.542133 2 37 0.780476 36 0.219524
c_metrocop_hands_sheet
  37 -22.527962 -3.544336 -20.717510 0.941716 -0.171283 -0.289539 0.922892 0.564821 2 37 0.628909 38 0.371091
  37 -22.529022 -3.716448 -20.012596 0.606202 -0.789112 0.099101 0.883388 0.514988 2 37 0.581065 36 0.418935
  37 -22.716566 -3.792793 -20.506500 0.582358 -0.808664 0.083198 0.894476 0.572599 2 37 0.786371 38 0.213629
c_metrocop_hands_sheet
  37 -22.655930 -3.745076 -21.030922 0.943934 -0.184740 -0.273604 0.924896 0.607326 2 37 0.500000 38 0.500000
  37 -22.527962 -3.544336 -20.717510 0.941716 -0.171283 -0.289539 0.922892 0.564821 2 37 0.628909 38 0.371091
  37 -22.716566 -3.792793 -20.506500 0.582358 -0.808664 0.083198 0.894476 0.572599 2 37 0.786371 38 0.213629
c_metrocop_hands_sheet
  37 -22.655930 -3.745076 -21.030922 0.943934 -0.184740 -0.273604 0.924896 0.607326 2 37 0.500000 38 0.500000
  37 -22.716566 -3.792793 -20.506500 0.582358 -0.808664 0.083198 0.894476 0.572599 2 37 0.786371 38 0.213629
  37 -22.802229 -4.032211 -20.906338 0.585411 -0.809670 0.041571 0.904891 0.620008 2 37 0.500000 38 0.500000
c_metrocop_hands_sheet
  38 -22.803631 -3.699414 -21.508730 0.948480 0.046323 -0.313433 0.941340 0.650430 2 38 0.751978 37 0.248022
  37 -22.655930 -3.745076 -21.030922 0.943934 -0.184740 -0.273604 0.924896 0.607326 2 37 0.500000 38 0.500000
  37 -22.802229 -4.032211 -20.906338 0.585411 -0.809670 0.041571 0.904891 0.620008 2 37 0.500000 38 0.500000
c_metrocop_hands_sheet
  38 -22.803631 -3.699414 -21.508730 0.948480 0.046323 -0.313433 0.941340 0.650430 2 38 0.751978 37 0.248022
  37 -22.802229 -4.032211 -20.906338 0.585411 -0.809670 0.041571 0.904891 0.620008 2 37 0.500000 38 0.500000
  38 -22.937822 -3.977031 -21.388462 0.581746 -0.795168 -0.171113 0.918030 0.668787 2 38 0.838657 37 0.161343
c_metrocop_hands_sheet
  38 -23.018229 -3.783890 -22.143867 0.844543 0.111449 -0.523762 0.959893 0.724612 1 38 1.000000
  38 -22.803631 -3.699414 -21.508730 0.948480 0.046323 -0.313433 0.941340 0.650430 2 38 0.751978 37 0.248022
  38 -22.937822 -3.977031 -21.388462 0.581746 -0.795168 -0.171113 0.918030 0.668787 2 38 0.838657 37 0.161343
c_metrocop_hands_sheet
  38 -23.018229 -3.783890 -22.143867 0.844543 0.111449 -0.523762 0.959893 0.724612 1 38 1.000000
  38 -22.937822 -3.977031 -21.388462 0.581746 -0.795168 -0.171113 0.918030 0.668787 2 38 0.838657 37 0.161343
  38 -23.180126 -4.101929 -21.971817 0.561244 -0.819623 -0.114990 0.933804 0.745370 1 38 1.000000
c_metrocop_hands_sheet
  38 -23.333668 -3.978043 -22.506273 0.519471 -0.008004 -0.854450 0.956929 0.819376 1 38 1.000000
  38 -23.018229 -3.783890 -22.143867 0.844543 0.111449 -0.523762 0.959893 0.724612 1 38 1.000000
  38 -23.180126 -4.101929 -21.971817 0.561244 -0.819623 -0.114990 0.933804 0.745370 1 38 1.000000
c_metrocop_hands_sheet
  38 -23.333668 -3.978043 -22.506273 0.519471 -0.008004 -0.854450 0.956929 0.819376 1 38 1.000000
  38 -23.180126 -4.101929 -21.971817 0.561244 -0.819623 -0.114990 0.933804 0.745370 1 38 1.000000
  38 -23.373468 -4.150701 -22.433712 0.407854 -0.751384 -0.518726 0.947711 0.835740 1 38 1.000000
c_metrocop_hands_sheet
  37 -22.975235 -3.825700 -20.000166 -0.122569 -0.945380 0.302048 0.858052 0.542133 2 37 0.780476 36 0.219524
  36 -23.345284 -3.429292 -19.634850 -0.681990 -0.600312 0.417750 0.817513 0.526624 2 36 0.550262 37 0.449738
  37 -23.405258 -3.703496 -20.462515 -0.749688 -0.560731 0.351495 0.849136 0.617409 1 37 1.000000
c_metrocop_hands_sheet
  36 -23.345284 -3.429292 -19.634850 -0.681990 -0.600312 0.417750 0.817513 0.526624 2 36 0.550262 37 0.449738
  36 -23.616806 -2.996296 -19.920620 -0.759476 -0.643497 -0.095432 0.798981 0.567965 2 36 0.519727 37 0.480273
  37 -23.405258 -3.703496 -20.462515 -0.749688 -0.560731 0.351495 0.849136 0.617409 1 37 1.000000
c_metrocop_hands_sheet
  38 -23.373468 -4.150701 -22.433712 0.407854 -0.751384 -0.518726 0.947711 0.835740 1 38 1.000000
  38 -23.180126 -4.101929 -21.971817 0.561244 -0.819623 -0.114990 0.933804 0.745370 1 38 1.000000
  38 -23.541153 -4.180676 -22.368866 -0.163675 -0.937205 -0.307990 0.931395 0.845205 1 38 1.000000
c_metrocop_hands_sheet
  38 -23.541153 -4.180676 -22.368866 -0.163675 -0.937205 -0.307990 0.931395 0.845205 1 38 1.000000
  38 -23.180126 -4.101929 -21.971817 0.561244 -0.819623 -0.114990 0.933804 0.745370 1 38 1.000000
  38 -23.485100 -4.176451 -21.902283 -0.204240 -0.969670 0.134263 0.908834 0.771183 1 38 1.000000
c_metrocop_hands_sheet
  38 -23.541153 -4.180676 -22.368866 -0.163675 -0.937205 -0.307990 0.931395 0.845205 1 38 1.000000
  38 -23.485100 -4.176451 -21.902283 -0.204240 -0.969670 0.134263 0.908834 0.771183 1 38 1.000000
  38 -23.705879 -4.113150 -22.338654 -0.678242 -0.698749 -0.227459 0.918791 0.858472 1 38 1.000000
c_metrocop_hands_sheet
  38 -23.485100 -4.176451 -21.902283 -0.204240 -0.969670 0.134263 0.908834 0.771183 1 38 1.000000
  38 -23.753994 -3.915118 -21.844503 -0.830067 -0.534513 0.159009 0.888932 0.787877 1 38 1.000000
  38 -23.705879 -4.113150 -22.338654 -0.678242 -0.698749 -0.227459 0.918791 0.858472 1 38 1.000000
c_metrocop_hands_sheet
  38 -23.485100 -4.176451 -21.902283 -0.204240 -0.969670 0.134263 0.908834 0.771183 1 38 1.000000
  38 -23.675430 -3.858415 -21.213264 -0.807723 -0.527276 0.263750 0.866964 0.714523 2 38 0.803523 37 0.196477
  38 -23.753994 -3.915118 -21.844503 -0.830067 -0.534513 0.159009 0.888932 0.787877 1 38 1.000000
c_metrocop_hands_sheet
  38 -23.485100 -4.176451 -21.902283 -0.204240 -0.969670 0.134263 0.908834 0.771183 1 38 1.000000
  38 -23.364910 -4.060607 -21.250378 -0.234813 -0.967380 0.095072 0.887999 0.694866 1 38 1.000000
  38 -23.675430 -3.858415 -21.213264 -0.807723 -0.527276 0.263750 0.866964 0.714523 2 38 0.803523 37 0.196477
c_metrocop_hands_sheet
  38 -23.364910 -4.060607 -21.250378 -0.234813 -0.967380 0.095072 0.887999 0.694866 1 38 1.000000
  37 -23.491093 -3.846478 -20.786247 -0.780379 -0.519066 0.348684 0.859883 0.657197 2 37 0.545468 38 0.454532
  38 -23.675430 -3.858415 -21.213264 -0.807723 -0.527276 0.263750 0.866964 0.714523 2 38 0.803523 37 0.196477
c_metrocop_hands_sheet
  38 -23.364910 -4.060607 -21.250378 -0.234813 -0.967380 0.095072 0.887999 0.694866 1 38 1.000000
  37 -23.242813 -4.131445 -20.841965 -0.239761 -0.946299 0.216872 0.880846 0.647693 2 37 0.500000 38 0.500000
  37 -23.491093 -3.846478 -20.786247 -0.780379 -0.519066 0.348684 0.859883 0.657197 2 37 0.545468 38 0.454532
c_metrocop_hands_sheet
  37 -23.242813 -4.131445 -20.841965 -0.239761 -0.946299 0.216872 0.880846 0.647693 2 37 0.500000 38 0.500000
  37 -23.405258 -3.703496 -20.462515 -0.749688 -0.560731 0.351495 0.849136 0.617409 1 37 1.000000
  37 -23.491093 -3.846478 -20.786247 -0.780379 -0.519066 0.348684 0.859883 0.657197 2 37 0.545468 38 0.454532
c_metrocop_hands_sheet
  37 -23.242813 -4.131445 -20.841965 -0.239761 -0.946299 0.216872 0.880846 0.647693 2 37 0.500000 38 0.500000
  37 -23.085630 -3.912722 -20.469879 -0.088908 -0.914297 0.395167 0.870208 0.598214 2 37 0.933399 38 0.066601
  37 -23.405258 -3.703496 -20.462515 -0.749688 -0.560731 0.351495 0.849136 0.617409 1 37 1.000000
c_metrocop_hands_sheet
  37 -23.085630 -3.912722 -20.469879 -0.088908 -0.914297 0.395167 0.870208 0.598214 2 37 0.933399 38 0.066601
  37 -22.975235 -3.825700 -20.000166 -0.122569 -0.945380 0.302048 0.858052 0.542133 2 37 0.780476 36 0.219524
  37 -23.405258 -3.703496 -20.462515 -0.749688 -0.560731 0.351495 0.849136 0.617409 1 37 1.000000
c_metrocop_hands_sheet
  37 -22.716566 -3.792793 -20.506500 0.582358 -0.808664 0.083198 0.894476 0.572599 2 37 0.786371 38 0.213629
  37 -22.975235 -3.825700 -20.000166 -0.122569 -0.945380 0.302048 0.858052 0.542133 2 37 0.780476 36 0.219524
  37 -23.085630 -3.912722 -20.469879 -0.088908 -0.914297 0.395167 0.870208 0.598214 2 37 0.933399 38 0.066601
c_metrocop_hands_sheet
  37 -22.802229 -4.032211 -20.906338 0.585411 -0.809670 0.041571 0.904891 0.620008 2 37 0.500000 38 0.500000
  37 -22.716566 -3.792793 -20.506500 0.582358 -0.808664 0.083198 0.894476 0.572599 2 37 0.786371 38 0.213629
  37 -23.085630 -3.912722 -20.469879 -0.088908 -0.914297 0.395167 0.870208 0.598214 2 37 0.933399 38 0.066601
c_metrocop_hands_sheet
  37 -22.802229 -4.032211 -20.906338 0.585411 -0.809670 0.041571 0.904891 0.620008 2 37 0.500000 38 0.500000
  37 -23.085630 -3.912722 -20.469879 -0.088908 -0.914297 0.395167 0.870208 0.598214 2 37 0.933399 38 0.066601
  37 -23.242813 -4.131445 -20.841965 -0.239761 -0.946299 0.216872 0.880846 0.647693 2 37 0.500000 38 0.500000
c_metrocop_hands_sheet
  38 -22.937822 -3.977031 -21.388462 0.581746 -0.795168 -0.171113 0.918030 0.668787 2 38 0.838657 37 0.161343
  37 -22.802229 -4.032211 -20.906338 0.585411 -0.809670 0.041571 0.904891 0.620008 2 37 0.500000 38 0.500000
  37 -23.242813 -4.131445 -20.841965 -0.239761 -0.946299 0.216872 0.880846 0.647693 2 37 0.500000 38 0.500000
c_metrocop_hands_sheet
  38 -22.937822 -3.977031 -21.388462 0.581746 -0.795168 -0.171113 0.918030 0.668787 2 38 0.838657 37 0.161343
  37 -23.242813 -4.131445 -20.841965 -0.239761 -0.946299 0.216872 0.880846 0.647693 2 37 0.500000 38 0.500000
  38 -23.364910 -4.060607 -21.250378 -0.234813 -0.967380 0.095072 0.887999 0.694866 1 38 1.000000
c_metrocop_hands_sheet
  38 -23.180126 -4.101929 -21.971817 0.561244 -0.819623 -0.114990 0.933804 0.745370 1 38 1.000000
  38 -22.937822 -3.977031 -21.388462 0.581746 -0.795168 -0.171113 0.918030 0.668787 2 38 0.838657 37 0.161343
  38 -23.364910 -4.060607 -21.250378 -0.234813 -0.967380 0.095072 0.887999 0.694866 1 38 1.000000
c_metrocop_hands_sheet
  38 -23.180126 -4.101929 -21.971817 0.561244 -0.819623 -0.114990 0.933804 0.745370 1 38 1.000000
  38 -23.364910 -4.060607 -21.250378 -0.234813 -0.967380 0.095072 0.887999 0.694866 1 38 1.000000
  38 -23.485100 -4.176451 -21.902283 -0.204240 -0.969670 0.134263 0.908834 0.771183 1 38 1.000000
c_metrocop_hands_sheet
  13 25.128284 -1.348795 -24.125216 -0.677433 -0.698798 -0.229707 0.038758 0.002884 2 13 0.902659 16 0.097341
  13 25.150742 -1.088283 -23.728031 -0.935702 -0.096468 0.339347 0.020199 0.042532 1 13 1.000000
  13 25.034042 -1.071316 -24.084576 -0.995467 -0.020694 -0.092829 0.021255 0.003663 1 13 1.000000
c_metrocop_hands_sheet
  12 26.044466 -0.825043 -23.132353 0.675514 0.723029 -0.144603 0.121061 0.104668 1 12 1.000000
  12 26.132647 -0.887031 -22.165937 0.717894 0.687984 -0.106331 0.124111 0.193456 2 12 0.684207 11 0.315793
  12 26.269842 -1.221853 -22.242064 0.985655 0.084965 -0.145823 0.104408 0.190407 1 12 1.000000
c_metrocop_hands_sheet
  12 26.044466 -0.825043 -23.132353 0.675514 0.723029 -0.144603 0.121061 0.104668 1 12 1.000000
  12 26.269842 -1.221853 -22.242064 0.985655 0.084965 -0.145823 0.104408 0.190407 1 12 1.000000
  12 26.171549 -1.131736 -23.093180 0.982062 0.048797 -0.182137 0.104498 0.112823 1 12 1.000000
c_metrocop_hands_sheet
  13 25.947006 -0.811209 -23.364531 0.613092 0.773255 -0.161850 0.122351 0.080758 2 13 0.547586 12 0.452414
  12 26.044466 -0.825043 -23.132353 0.675514 0.723029 -0.144603 0.121061 0.104668 1 12 1.000000
  12 26.171549 -1.131736 -23.093180 0.982062 0.048797 -0.182137 0.104498 0.112823 1 12 1.000000
c_metrocop_hands_sheet
  13 25.947006 -0.811209 -23.364531 0.613092 0.773255 -0.161850 0.122351 0.080758 2 13 0.547586 12 0.452414
  12 26.171549 -1.131736 -23.093180 0.982062 0.048797 -0.182137 0.104498 0.112823 1 12 1.000000
  13 26.082535 -1.088665 -23.453201 0.938834 0.110021 -0.326322 0.105357 0.075807 1 13 1.000000
c_metrocop_hands_sheet
  13 25.739311 -0.798912 -23.924377 0.680250 0.630565 -0.373695 0.130463 0.029929 1 13 1.000000
  13 25.947006 -0.811209 -23.364531 0.613092 0.773255 -0.161850 0.122351 0.080758 2 13 0.547586 12 0.452414
  13 26.082535 -1.088665 -23.453201 0.938834 0.110021 -0.326322 0.105357 0.075807 1 13 1.000000
c_metrocop_hands_sheet
  13 25.739311 -0.798912 -23.924377 0.680250 0.630565 -0.373695 0.130463 0.029929 1 13 1.000000
  13 26.082535 -1.088665 -23.453201 0.938834 0.110021 -0.326322 0.105357 0.075807 1 13 1.000000
  13 25.820553 -1.098690 -23.940016 0.861547 0.062012 -0.503877 0.106040 0.026507 1 13 1.000000
c_metrocop_hands_sheet
  13 25.820553 -1.098690 -23.940016 0.861547 0.062012 -0.503877 0.106040 0.026507 1 13 1.000000
  13 26.082535 -1.088665 -23.453201 0.938834 0.110021 -0.326322 0.105357 0.075807 1 13 1.000000
  13 25.984192 -1.369444 -23.485077 0.708447 -0.642437 -0.292194 0.090088 0.073903 2 13 0.919698 12 0.080302
c_metrocop_hands_sheet
  13 25.820553 -1.098690 -23.940016 0.861547 0.062012 -0.503877 0.106040 0.026507 1 13 1.000000
  13 25.984192 -1.369444 -23.485077 0.708447 -0.642437 -0.292194 0.090088 0.073903 2 13 0.919698 12 0.080302
  13 25.748329 -1.334690 -24.022621 0.690556 -0.518649 -0.504119 0.088627 0.017658 1 13 1.000000
c_metrocop_hands_sheet
  13 25.645773 -1.482809 -23.767330 0.100378 -0.990197 -0.097135 0.071629 0.044059 1 13 1.000000
  13 25.748329 -1.334690 -24.022621 0.690556 -0.518649 -0.504119 0.088627 0.017658 1 13 1.000000
  13 25.984192 -1.369444 -23.485077 0.708447 -0.642437 -0.292194 0.090088 0.073903 2 13 0.919698 12 0.080302
c_metrocop_hands_sheet
  13 25.458025 -1.417902 -24.112482 0.061525 -0.907013 -0.416585 0.065334 0.007198 1 13 1.000000
  13 25.748329 -1.334690 -24.022621 0.690556 -0.518649 -0.504119 0.088627 0.017658 1 13 1.000000
  13 25.645773 -1.482809 -23.767330 0.100378 -0.990197 -0.097135 0.071629 0.044059 1 13 1.000000
c_metrocop_hands_sheet
  13 25.128284 -1.348795 -24.125216 -0.677433 -0.698798 -0.229707 0.038758 0.002884 2 13 0.902659 16 0.097341
  13 25.458025 -1.417902 -24.112482 0.061525 -0.907013 -0.416585 0.065334 0.007198 1 13 1.000000
  13 25.645773 -1.482809 -23.767330 0.100378 -0.990197 -0.097135 0.071629 0.044059 1 13 1.000000
c_metrocop_hands_sheet
  13 25.128284 -1.348795 -24.125216 -0.677433 -0.698798 -0.229707 0.038758 0.002884 2 13 0.902659 16 0.097341
  13 25.645773 -1.482809 -23.767330 0.100378 -0.990197 -0.097135 0.071629 0.044059 1 13 1.000000
  13 25.297251 -1.380850 -23.792742 -0.566072 -0.794390 0.220241 0.042546 0.040016 1 13 1.000000
c_metrocop_hands_sheet
  13 25.128284 -1.348795 -24.125216 -0.677433 -0.698798 -0.229707 0.038758 0.002884 2 13 0.902659 16 0.097341
  13 25.297251 -1.380850 -23.792742 -0.566072 -0.794390 0.220241 0.042546 0.040016 1 13 1.000000
  13 25.150742 -1.088283 -23.728031 -0.935702 -0.096468 0.339347 0.020199 0.042532 1 13 1.000000
c_metrocop_hands_sheet
  13 25.297251 -1.380850 -23.792742 -0.566072 -0.794390 0.220241 0.042546 0.040016 1 13 1.000000
  12 25.299591 -1.123570 -23.310150 -0.964442 -0.104924 0.242573 0.025178 0.079559 2 12 0.612867 13 0.387133
  13 25.150742 -1.088283 -23.728031 -0.935702 -0.096468 0.339347 0.020199 0.042532 1 13 1.000000
c_metrocop_hands_sheet
  13 25.297251 -1.380850 -23.792742 -0.566072 -0.794390 0.220241 0.042546 0.040016 1 13 1.000000
  12 25.431568 -1.327504 -23.355677 -0.663607 -0.741826 0.096538 0.047884 0.076150 2 12 0.622263 13 0.377737
  12 25.299591 -1.123570 -23.310150 -0.964442 -0.104924 0.242573 0.025178 0.079559 2 12 0.612867 13 0.387133
c_metrocop_hands_sheet
  12 25.431568 -1.327504 -23.355677 -0.663607 -0.741826 0.096538 0.047884 0.076150 2 12 0.622263 13 0.377737
  12 25.380472 -1.192461 -22.735432 -0.994025 -0.051636 0.096167 0.023957 0.129689 2 12 0.917901 13 0.082099
  12 25.299591 -1.123570 -23.310150 -0.964442 -0.104924 0.242573 0.025178 0.079559 2 12 0.612867 13 0.387133
c_metrocop_hands_sheet
  12 25.431568 -1.327504 -23.355677 -0.663607 -0.741826 0.096538 0.047884 0.076150 2 12 0.622263 13 0.377737
  12 25.517801 -1.482703 -22.764032 -0.680056 -0.732272 -0.036071 0.048057 0.130867 1 12 1.000000
  12 25.380472 -1.192461 -22.735432 -0.994025 -0.051636 0.096167 0.023957 0.129689 2 12 0.917901 13 0.082099
c_metrocop_hands_sheet
  12 25.517801 -1.482703 -22.764032 -0.680056 -0.732272 -0.036071 0.048057 0.130867 1 12 1.000000
  11 25.427063 -1.240433 -22.153364 -0.998403 -0.042939 -0.036709 0.023846 0.186862 1 11 1.000000
  12 25.380472 -1.192461 -22.735432 -0.994025 -0.051636 0.096167 0.023957 0.129689 2 12 0.917901 13 0.082099
c_metrocop_hands_sheet
  11 26.201027 -0.896273 -21.887400 0.749371 0.660923 -0.040292 0.123557 0.220872 1 11 1.000000
  11 25.789560 -0.753605 -21.449343 0.128730 0.931142 -0.341179 0.149867 0.248300 1 11 1.000000
  11 26.090965 -0.786956 -21.309557 0.658638 0.752298 0.015588 0.135430 0.267373 1 11 1.000000
c_metrocop_hands_sheet
  11 26.201027 -0.896273 -21.887400 0.749371 0.660923 -0.040292 0.123557 0.220872 1 11 1.000000
  11 25.976818 -0.789289 -22.048098 0.122168 0.991793 -0.037695 0.134849 0.202368 2 11 0.913406 12 0.086594
  11 25.789560 -0.753605 -21.449343 0.128730 0.931142 -0.341179 0.149867 0.248300 1 11 1.000000
c_metrocop_hands_sheet
  12 26.132647 -0.887031 -22.165937 0.717894 0.687984 -0.106331 0.124111 0.193456 2 12 0.684207 11 0.315793
  11 25.976818 -0.789289 -22.048098 0.122168 0.991793 -0.037695 0.134849 0.202368 2 11 0.913406 12 0.086594
  11 26.201027 -0.896273 -21.887400 0.749371 0.660923 -0.040292 0.123557 0.220872 1 11 1.000000
c_metrocop_hands_sheet
  12 26.132647 -0.887031 -22.165937 0.717894 0.687984 -0.106331 0.124111 0.193456 2 12 0.684207 11 0.315793
  12 25.783207 -0.759188 -22.578314 -0.099764 0.989570 0.103915 0.139300 0.145927 1 12 1.000000
  11 25.976818 -0.789289 -22.048098 0.122168 0.991793 -0.037695 0.134849 0.202368 2 11 0.913406 12 0.086594
c_metrocop_hands_sheet
  12 26.132647 -0.887031 -22.165937 0.717894 0.687984 -0.106331 0.124111 0.193456 2 12 0.684207 11 0.315793
  12 26.044466 -0.825043 -23.132353 0.675514 0.723029 -0.144603 0.121061 0.104668 1 12 1.000000
  12 25.783207 -0.759188 -22.578314 -0.099764 0.989570 0.103915 0.139300 0.145927 1 12 1.000000
c_metrocop_hands_sheet
  12 26.044466 -0.825043 -23.132353 0.675514 0.723029 -0.144603 0.121061 0.104668 1 12 1.000000
  12 25.683018 -0.741772 -23.309301 -0.040375 0.994428 0.097383 0.138519 0.087766 2 12 0.812140 13 0.187860
  12 25.783207 -0.759188 -22.578314 -0.099764 0.989570 0.103915 0.139300 0.145927 1 12 1.000000
c_metrocop_hands_sheet
  13 25.947006 -0.811209 -23.364531 0.613092 0.773255 -0.161850 0.122351 0.080758 2 13 0.547586 12 0.452414
  12 25.683018 -0.741772 -23.309301 -0.040375 0.994428 0.097383 0.138519 0.087766 2 12 0.812140 13 0.187860
  12 26.044466 -0.825043 -23.132353 0.675514 0.723029 -0.144603 0.121061 0.104668 1 12 1.000000
c_metrocop_hands_sheet
  13 25.947006 -0.811209 -23.364531 0.613092 0.773255 -0.161850 0.122351 0.080758 2 13 0.547586 12 0.452414
  13 25.602064 -0.697307 -23.645531 0.094243 0.994872 0.036706 0.141410 0.049717 1 13 1.000000
  12 25.683018 -0.741772 -23.309301 -0.040375 0.994428 0.097383 0.138519 0.087766 2 12 0.812140 13 0.187860
c_metrocop_hands_sheet
  13 25.739311 -0.798912 -23.924377 0.680250 0.630565 -0.373695 0.130463 0.029929 1 13 1.000000
  13 25.602064 -0.697307 -23.645531 0.094243 0.994872 0.036706 0.141410 0.049717 1 13 1.000000
  13 25.947006 -0.811209 -23.364531 0.613092 0.773255 -0.161850 0.122351 0.080758 2 13 0.547586 12 0.452414
c_metrocop_hands_sheet
  13 25.739311 -0.798912 -23.924377 0.680250 0.630565 -0.373695 0.130463 0.029929 1 13 1.000000
  13 25.427015 -0.661684 -23.976902 -0.021273 0.994367 -0.103834 0.130463 0.029929 1 13 1.000000
  13 25.602064 -0.697307 -23.645531 0.094243 0.994872 0.036706 0.141410 0.049717 1 13 1.000000
c_metrocop_hands_sheet
  13 25.118864 -0.775677 -24.027477 -0.739816 0.670566 -0.054903 0.160044 0.009944 1 13 1.000000
  13 25.602064 -0.697307 -23.645531 0.094243 0.994872 0.036706 0.141410 0.049717 1 13 1.000000
  13 25.427015 -0.661684 -23.976902 -0.021273 0.994367 -0.103834 0.130463 0.029929 1 13 1.000000
c_metrocop_hands_sheet
  13 25.118864 -0.775677 -24.027477 -0.739816 0.670566 -0.054903 0.160044 0.009944 1 13 1.000000
  13 25.264585 -0.776771 -23.651848 -0.650027 0.698343 0.299638 0.159344 0.044791 1 13 1.000000
  13 25.602064 -0.697307 -23.645531 0.094243 0.994872 0.036706 0.141410 0.049717 1 13 1.000000
c_metrocop_hands_sheet
  13 25.264585 -0.776771 -23.651848 -0.650027 0.698343 0.299638 0.159344 0.044791 1 13 1.000000
  12 25.683018 -0.741772 -23.309301 -0.040375 0.994428 0.097383 0.138519 0.087766 2 12 0.812140 13 0.187860
  13 25.602064 -0.697307 -23.645531 0.094243 0.994872 0.036706 0.141410 0.049717 1 13 1.000000
c_metrocop_hands_sheet
  13 25.264585 -0.776771 -23.651848 -0.650027 0.698343 0.299638 0.159344 0.044791 1 13 1.000000
  12 25.414106 -0.858860 -23.276867 -0.691661 0.675215 0.256302 0.157662 0.080594 2 12 0.765502 13 0.234498
  12 25.683018 -0.741772 -23.309301 -0.040375 0.994428 0.097383 0.138519 0.087766 2 12 0.812140 13 0.187860
c_metrocop_hands_sheet
  12 25.414106 -0.858860 -23.276867 -0.691661 0.675215 0.256302 0.157662 0.080594 2 12 0.765502 13 0.234498
  12 25.783207 -0.759188 -22.578314 -0.099764 0.989570 0.103915 0.139300 0.145927 1 12 1.000000
  12 25.683018 -0.741772 -23.309301 -0.040375 0.994428 0.097383 0.138519 0.087766 2 12 0.812140 13 0.187860
c_metrocop_hands_sheet
  12 25.414106 -0.858860 -23.276867 -0.691661 0.675215 0.256302 0.157662 0.080594 2 12 0.765502 13 0.234498
  12 25.509464 -0.882259 -22.676739 -0.717108 0.680824 0.149116 0.160762 0.132278 1 12 1.000000
  12 25.783207 -0.759188 -22.578314 -0.099764 0.989570 0.103915 0.139300 0.145927 1 12 1.000000
c_metrocop_hands_sheet
  12 25.509464 -0.882259 -22.676739 -0.717108 0.680824 0.149116 0.160762 0.132278 1 12 1.000000
  11 25.976818 -0.789289 -22.048098 0.122168 0.991793 -0.037695 0.134849 0.202368 2 11 0.913406 12 0.086594
  12 25.783207 -0.759188 -22.578314 -0.099764 0.989570 0.103915 0.139300 0.145927 1 12 1.000000
c_metrocop_hands_sheet
  12 25.509464 -0.882259 -22.676739 -0.717108 0.680824 0.149116 0.160762 0.132278 1 12 1.000000
  11 25.549257 -0.961881 -22.125626 -0.702019 0.711971 -0.016357 0.165732 0.191284 2 11 0.856498 12 0.143502
  11 25.976818 -0.789289 -22.048098 0.122168 0.991793 -0.037695 0.134849 0.202368 2 11 0.913406 12 0.086594
c_metrocop_hands_sheet
  11 25.549257 -0.961881 -22.125626 -0.702019 0.711971 -0.016357 0.165732 0.191284 2 11 0.856498 12 0.143502
  11 25.789560 -0.753605 -21.449343 0.128730 0.931142 -0.341179 0.149867 0.248300 1 11 1.000000
  11 25.976818 -0.789289 -22.048098 0.122168 0.991793 -0.037695 0.134849 0.202368 2 11 0.913406 12 0.086594
c_metrocop_hands_sheet
  11 25.549257 -0.961881 -22.125626 -0.702019 0.711971 -0.016357 0.165732 0.191284 2 11 0.856498 12 0.143502
  11 25.501066 -0.881042 -21.673698 -0.550731 0.711811 -0.435913 0.165750 0.227387 1 11 1.000000
  11 25.789560 -0.753605 -21.449343 0.128730 0.931142 -0.341179 0.149867 0.248300 1 11 1.000000
c_metrocop_hands_sheet
  11 25.789560 -0.753605 -21.449343 0.128730 0.931142 -0.341179 0.149867 0.248300 1 11 1.000000
  11 25.501066 -0.881042 -21.673698 -0.550731 0.711811 -0.435913 0.165750 0.227387 1 11 1.000000
  8 25.627365 -0.646692 -21.337540 0.348132 0.699984 -0.623559 0.149867 0.248300 2 8 0.894516 9 0.105484
c_metrocop_hands_sheet
  11 26.090965 -0.786956 -21.309557 0.658638 0.752298 0.015588 0.135430 0.267373 1 11 1.000000
  11 25.789560 -0.753605 -21.449343 0.128730 0.931142 -0.341179 0.149867 0.248300 1 11 1.000000
  8 25.627365 -0.646692 -21.337540 0.348132 0.699984 -0.623559 0.149867 0.248300 2 8 0.894516 9 0.105484
c_metrocop_hands_sheet
  11 26.090965 -0.786956 -21.309557 0.658638 0.752298 0.015588 0.135430 0.267373 1 11 1.000000
  8 25.627365 -0.646692 -21.337540 0.348132 0.699984 -0.623559 0.149867 0.248300 2 8 0.894516 9 0.105484
  8 25.945547 -0.743908 -20.977924 0.818905 0.559180 -0.129281 0.146732 0.297083 2 8 0.589542 11 0.410458
c_metrocop_hands_sheet
  11 26.102974 -1.010018 -20.768864 0.979003 0.130287 0.156774 0.128660 0.315914 2 11 0.784848 4 0.215152
  11 26.090965 -0.786956 -21.309557 0.658638 0.752298 0.015588 0.135430 0.267373 1 11 1.000000
  8 25.945547 -0.743908 -20.977924 0.818905 0.559180 -0.129281 0.146732 0.297083 2 8 0.589542 11 0.410458
c_metrocop_hands_sheet
  11 26.102974 -1.010018 -20.768864 0.979003 0.130287 0.156774 0.128660 0.315914 2 11 0.784848 4 0.215152
  11 26.201027 -0.896273 -21.887400 0.749371 0.660923 -0.040292 0.123557 0.220872 1 11 1.000000
  11 26.090965 -0.786956 -21.309557 0.658638 0.752298 0.015588 0.135430 0.267373 1 11 1.000000
c_metrocop_hands_sheet
  11 26.343447 -1.254595 -21.861891 0.999489 0.026610 0.017695 0.104101 0.227915 1 11 1.000000
  11 26.201027 -0.896273 -21.887400 0.749371 0.660923 -0.040292 0.123557 0.220872 1 11 1.000000
  11 26.102974 -1.010018 -20.768864 0.979003 0.130287 0.156774 0.128660 0.315914 2 11 0.784848 4 0.215152
c_metrocop_hands_sheet
  12 26.132647 -0.887031 -22.165937 0.717894 0.687984 -0.106331 0.124111 0.193456 2 12 0.684207 11 0.315793
  11 26.201027 -0.896273 -21.887400 0.749371 0.660923 -0.040292 0.123557 0.220872 1 11 1.000000
  11 26.343447 -1.254595 -21.861891 0.999489 0.026610 0.017695 0.104101 0.227915 1 11 1.000000
c_metrocop_hands_sheet
  12 26.132647 -0.887031 -22.165937 0.717894 0.687984 -0.106331 0.124111 0.193456 2 12 0.684207 11 0.315793
  11 26.343447 -1.254595 -21.861891 0.999489 0.026610 0.017695 0.104101 0.227915 1 11 1.000000
  12 26.269842 -1.221853 -22.242064 0.985655 0.084965 -0.145823 0.104408 0.190407 1 12 1.000000
c_metrocop_hands_sheet
  13 25.034042 -1.071316 -24.084576 -0.995467 -0.020694 -0.092829 0.174294 0.005063 1 13 1.000000
  13 25.264585 -0.776771 -23.651848 -0.650027 0.698343 0.299638 0.159344 0.044791 1 13 1.000000
  13 25.118864 -0.775677 -24.027477 -0.739816 0.670566 -0.054903 0.160044 0.009944 1 13 1.000000
c_metrocop_hands_sheet
  13 25.034042 -1.071316 -24.084576 -0.995467 -0.020694 -0.092829 0.174294 0.005063 1 13 1.000000
  13 25.150742 -1.088283 -23.728031 -0.935702 -0.096468 0.339347 0.185589 0.040828 1 13 1.000000
  13 25.264585 -0.776771 -23.651848 -0.650027 0.698343 0.299638 0.159344 0.044791 1 13 1.000000
c_metrocop_hands_sheet
  13 25.150742 -1.088283 -23.728031 -0.935702 -0.096468 0.339347 0.185589 0.040828 1 13 1.000000
  12 25.414106 -0.858860 -23.276867 -0.691661 0.675215 0.256302 0.157662 0.080594 2 12 0.765502 13 0.234498
  13 25.264585 -0.776771 -23.651848 -0.650027 0.698343 0.299638 0.159344 0.044791 1 13 1.000000
c_metrocop_hands_sheet
  13 25.150742 -1.088283 -23.728031 -0.935702 -0.096468 0.339347 0.185589 0.040828 1 13 1.000000
  12 25.299591 -1.123570 -23.310150 -0.964442 -0.104924 0.242573 0.178066 0.077405 2 12 0.612867 13 0.387133
  12 25.414106 -0.858860 -23.276867 -0.691661 0.675215 0.256302 0.157662 0.080594 2 12 0.765502 13 0.234498
c_metrocop_hands_sheet
  12 25.299591 -1.123570 -23.310150 -0.964442 -0.104924 0.242573 0.178066 0.077405 2 12 0.612867 13 0.387133
  12 25.509464 -0.882259 -22.676739 -0.717108 0.680824 0.149116 0.160762 0.132278 1 12 1.000000
  12 25.414106 -0.858860 -23.276867 -0.691661 0.675215 0.256302 0.157662 0.080594 2 12 0.765502 13 0.234498
c_metrocop_hands_sheet
  12 25.299591 -1.123570 -23.310150 -0.964442 -0.104924 0.242573 0.178066 0.077405 2 12 0.612867 13 0.387133
  12 25.380472 -1.192461 -22.735432 -0.994025 -0.051636 0.096167 0.184435 0.127086 2 12 0.917901 13 0.082099
  12 25.509464 -0.882259 -22.676739 -0.717108 0.680824 0.149116 0.160762 0.132278 1 12 1.000000
c_metrocop_hands_sheet
  12 25.380472 -1.192461 -22.735432 -0.994025 -0.051636 0.096167 0.184435 0.127086 2 12 0.917901 13 0.082099
  11 25.549257 -0.961881 -22.125626 -0.702019 0.711971 -0.016357 0.165732 0.191284 2 11 0.856498 12 0.143502
  12 25.509464 -0.882259 -22.676739 -0.717108 0.680824 0.149116 0.160762 0.132278 1 12 1.000000
c_metrocop_hands_sheet
  12 25.380472 -1.192461 -22.735432 -0.994025 -0.051636 0.096167 0.184435 0.127086 2 12 0.917901 13 0.082099
  11 25.427063 -1.240433 -22.153364 -0.998403 -0.042939 -0.036709 0.184228 0.190763 1 11 1.000000
  11 25.549257 -0.961881 -22.125626 -0.702019 0.711971 -0.016357 0.165732 0.191284 2 11 0.856498 12 0.143502
c_metrocop_hands_sheet
  11 26.030800 -1.447794 -20.762072 0.947075 -0.300128 0.113894 0.091708 0.316378 2 11 0.922963 14 0.077037
  11 26.343447 -1.254595 -21.861891 0.999489 0.026610 0.017695 0.103382 0.227915 1 11 1.000000
  11 26.102974 -1.010018 -20.768864 0.979003 0.130287 0.156774 0.128660 0.315914 2 11 0.784848 4 0.215152
c_metrocop_hands_sheet
  11 25.808161 -1.636554 -21.444599 0.248152 -0.958801 -0.138281 0.057869 0.251974 2 11 0.804706 14 0.195294
  11 26.030800 -1.447794 -20.762072 0.947075 -0.300128 0.113894 0.091708 0.316378 2 11 0.922963 14 0.077037
  14 25.779156 -1.691273 -21.356028 0.677612 -0.000947 -0.735419 0.057869 0.251974 2 14 0.516228 11 0.483772
c_metrocop_hands_sheet
  11 26.030800 -1.447794 -20.762072 0.947075 -0.300128 0.113894 0.091708 0.316378 2 11 0.922963 14 0.077037
  14 25.873320 -1.806870 -20.948095 0.927587 0.372818 0.024261 0.039322 0.313598 2 14 0.686518 11 0.313482
  14 25.779156 -1.691273 -21.356028 0.677612 -0.000947 -0.735419 0.057869 0.251974 2 14 0.516228 11 0.483772
c_metrocop_hands_sheet
  11 25.504660 -1.534685 -21.660423 -0.596553 -0.781220 -0.183900 0.040672 0.231740 2 11 0.916302 12 0.083698
  11 25.808161 -1.636554 -21.444599 0.248152 -0.958801 -0.138281 0.057869 0.251974 2 11 0.804706 14 0.195294
  14 25.779156 -1.691273 -21.356028 0.677612 -0.000947 -0.735419 0.057869 0.251974 2 14 0.516228 11 0.483772
c_metrocop_hands_sheet
  12 25.517801 -1.482703 -22.764032 -0.680056 -0.732272 -0.036071 0.048057 0.130867 1 12 1.000000
  11 25.576977 -1.530540 -22.186491 -0.636711 -0.770319 -0.034755 0.047824 0.188663 2 11 0.848968 12 0.151032
  11 25.427063 -1.240433 -22.153364 -0.998403 -0.042939 -0.036709 0.023846 0.186862 1 11 1.000000
c_metrocop_hands_sheet
  11 25.576977 -1.530540 -22.186491 -0.636711 -0.770319 -0.034755 0.047824 0.188663 2 11 0.848968 12 0.151032
  11 25.359215 -1.241697 -21.684347 -0.933499 -0.062594 -0.353073 0.024823 0.226139 1 11 1.000000
  11 25.427063 -1.240433 -22.153364 -0.998403 -0.042939 -0.036709 0.023846 0.186862 1 11 1.000000
c_metrocop_hands_sheet
  11 25.576977 -1.530540 -22.186491 -0.636711 -0.770319 -0.034755 0.047824 0.188663 2 11 0.848968 12 0.151032
  11 25.504660 -1.534685 -21.660423 -0.596553 -0.781220 -0.183900 0.040672 0.231740 2 11 0.916302 12 0.083698
  11 25.359215 -1.241697 -21.684347 -0.933499 -0.062594 -0.353073 0.024823 0.226139 1 11 1.000000
c_metrocop_hands_sheet
  11 25.876398 -1.632161 -22.180529 -0.010592 -0.999272 -0.036649 0.067567 0.193734 1 11 1.000000
  11 25.504660 -1.534685 -21.660423 -0.596553 -0.781220 -0.183900 0.040672 0.231740 2 11 0.916302 12 0.083698
  11 25.576977 -1.530540 -22.186491 -0.636711 -0.770319 -0.034755 0.047824 0.188663 2 11 0.848968 12 0.151032
c_metrocop_hands_sheet
  11 25.876398 -1.632161 -22.180529 -0.010592 -0.999272 -0.036649 0.067567 0.193734 1 11 1.000000
  11 25.808161 -1.636554 -21.444599 0.248152 -0.958801 -0.138281 0.057869 0.251974 2 11 0.804706 14 0.195294
  11 25.504660 -1.534685 -21.660423 -0.596553 -0.781220 -0.183900 0.040672 0.231740 2 11 0.916302 12 0.083698
c_metrocop_hands_sheet
  11 25.876398 -1.632161 -22.180529 -0.010592 -0.999272 -0.036649 0.067567 0.193734 1 11 1.000000
  11 26.261898 -1.539072 -21.962263 0.731753 -0.681003 -0.027804 0.088128 0.219483 1 11 1.000000
  11 25.808161 -1.636554 -21.444599 0.248152 -0.958801 -0.138281 0.057869 0.251974 2 11 0.804706 14 0.195294
c_metrocop_hands_sheet
  11 25.808161 -1.636554 -21.444599 0.248152 -0.958801 -0.138281 0.057869 0.251974 2 11 0.804706 14 0.195294
  11 26.261898 -1.539072 -21.962263 0.731753 -0.681003 -0.027804 0.088128 0.219483 1 11 1.000000
  11 26.030800 -1.447794 -20.762072 0.947075 -0.300128 0.113894 0.091708 0.316378 2 11 0.922963 14 0.077037
c_metrocop_hands_sheet
  11 26.261898 -1.539072 -21.962263 0.731753 -0.681003 -0.027804 0.088128 0.219483 1 11 1.000000
  11 26.343447 -1.254595 -21.861891 0.999489 0.026610 0.017695 0.104101 0.227915 1 11 1.000000
  11 26.030800 -1.447794 -20.762072 0.947075 -0.300128 0.113894 0.091708 0.316378 2 11 0.922963 14 0.077037
c_metrocop_hands_sheet
  12 26.269842 -1.221853 -22.242064 0.985655 0.084965 -0.145823 0.104408 0.190407 1 12 1.000000
  11 26.343447 -1.254595 -21.861891 0.999489 0.026610 0.017695 0.104101 0.227915 1 11 1.000000
  11 26.261898 -1.539072 -21.962263 0.731753 -0.681003 -0.027804 0.088128 0.219483 1 11 1.000000
c_metrocop_hands_sheet
  12 26.269842 -1.221853 -22.242064 0.985655 0.084965 -0.145823 0.104408 0.190407 1 12 1.000000
  11 26.261898 -1.539072 -21.962263 0.731753 -0.681003 -0.027804 0.088128 0.219483 1 11 1.000000
  12 26.191820 -1.539147 -22.232880 0.688757 -0.706126 -0.164316 0.086865 0.193071 1 12 1.000000
c_metrocop_hands_sheet
  12 26.171549 -1.131736 -23.093180 0.982062 0.048797 -0.182137 0.104498 0.112823 1 12 1.000000
  12 26.269842 -1.221853 -22.242064 0.985655 0.084965 -0.145823 0.104408 0.190407 1 12 1.000000
  12 26.191820 -1.539147 -22.232880 0.688757 -0.706126 -0.164316 0.086865 0.193071 1 12 1.000000
c_metrocop_hands_sheet
  12 26.171549 -1.131736 -23.093180 0.982062 0.048797 -0.182137 0.104498 0.112823 1 12 1.000000
  12 26.191820 -1.539147 -22.232880 0.688757 -0.706126 -0.164316 0.086865 0.193071 1 12 1.000000
  12 26.057844 -1.391528 -23.220417 0.711377 -0.661542 -0.237288 0.090655 0.101782 1 12 1.000000
c_metrocop_hands_sheet
  13 26.082535 -1.088665 -23.453201 0.938834 0.110021 -0.326322 0.105357 0.075807 1 13 1.000000
  12 26.171549 -1.131736 -23.093180 0.982062 0.048797 -0.182137 0.104498 0.112823 1 12 1.000000
  12 26.057844 -1.391528 -23.220417 0.711377 -0.661542 -0.237288 0.090655 0.101782 1 12 1.000000
c_metrocop_hands_sheet
  13 26.082535 -1.088665 -23.453201 0.938834 0.110021 -0.326322 0.105357 0.075807 1 13 1.000000
  12 26.057844 -1.391528 -23.220417 0.711377 -0.661542 -0.237288 0.090655 0.101782 1 12 1.000000
  13 25.984192 -1.369444 -23.485077 0.708447 -0.642437 -0.292194 0.090088 0.073903 2 13 0.919698 12 0.080302
c_metrocop_hands_sheet
  12 25.705044 -1.476701 -23.404268 -0.068731 -0.994186 -0.082887 0.072297 0.079988 1 12 1.000000
  13 25.984192 -1.369444 -23.485077 0.708447 -0.642437 -0.292194 0.090088 0.073903 2 13 0.919698 12 0.080302
  12 26.057844 -1.391528 -23.220417 0.711377 -0.661542 -0.237288 0.090655 0.101782 1 12 1.000000
c_metrocop_hands_sheet
  13 25.645773 -1.482809 -23.767330 0.100378 -0.990197 -0.097135 0.071629 0.044059 1 13 1.000000
  13 25.984192 -1.369444 -23.485077 0.708447 -0.642437 -0.292194 0.090088 0.073903 2 13 0.919698 12 0.080302
  12 25.705044 -1.476701 -23.404268 -0.068731 -0.994186 -0.082887 0.072297 0.079988 1 12 1.000000
c_metrocop_hands_sheet
  13 25.645773 -1.482809 -23.767330 0.100378 -0.990197 -0.097135 0.071629 0.044059 1 13 1.000000
  12 25.705044 -1.476701 -23.404268 -0.068731 -0.994186 -0.082887 0.072297 0.079988 1 12 1.000000
  12 25.431568 -1.327504 -23.355677 -0.663607 -0.741826 0.096538 0.047884 0.076150 2 12 0.622263 13 0.377737
c_metrocop_hands_sheet
  13 25.645773 -1.482809 -23.767330 0.100378 -0.990197 -0.097135 0.071629 0.044059 1 13 1.000000
  12 25.431568 -1.327504 -23.355677 -0.663607 -0.741826 0.096538 0.047884 0.076150 2 12 0.622263 13 0.377737
  13 25.297251 -1.380850 -23.792742 -0.566072 -0.794390 0.220241 0.042546 0.040016 1 13 1.000000
c_metrocop_hands_sheet
  12 25.705044 -1.476701 -23.404268 -0.068731 -0.994186 -0.082887 0.072297 0.079988 1 12 1.000000
  12 25.517801 -1.482703 -22.764032 -0.680056 -0.732272 -0.036071 0.048057 0.130867 1 12 1.000000
  12 25.431568 -1.327504 -23.355677 -0.663607 -0.741826 0.096538 0.047884 0.076150 2 12 0.622263 13 0.377737
c_metrocop_hands_sheet
  12 25.705044 -1.476701 -23.404268 -0.068731 -0.994186 -0.082887 0.072297 0.079988 1 12 1.000000
  12 25.807377 -1.609794 -22.665800 -0.011569 -0.992469 -0.121951 0.070286 0.145686 2 12 0.901730 15 0.098270
  12 25.517801 -1.482703 -22.764032 -0.680056 -0.732272 -0.036071 0.048057 0.130867 1 12 1.000000
c_metrocop_hands_sheet
  12 25.807377 -1.609794 -22.665800 -0.011569 -0.992469 -0.121951 0.070286 0.145686 2 12 0.901730 15 0.098270
  11 25.576977 -1.530540 -22.186491 -0.636711 -0.770319 -0.034755 0.047824 0.188663 2 11 0.848968 12 0.151032
  12 25.517801 -1.482703 -22.764032 -0.680056 -0.732272 -0.036071 0.048057 0.130867 1 12 1.000000
c_metrocop_hands_sheet
  12 25.807377 -1.609794 -22.665800 -0.011569 -0.992469 -0.121951 0.070286 0.145686 2 12 0.901730 15 0.098270
  11 25.876398 -1.632161 -22.180529 -0.010592 -0.999272 -0.036649 0.067567 0.193734 1 11 1.000000
  11 25.576977 -1.530540 -22.186491 -0.636711 -0.770319 -0.034755 0.047824 0.188663 2 11 0.848968 12 0.151032
c_metrocop_hands_sheet
  12 25.807377 -1.609794 -22.665800 -0.011569 -0.992469 -0.121951 0.070286 0.145686 2 12 0.901730 15 0.098270
  12 26.191820 -1.539147 -22.232880 0.688757 -0.706126 -0.164316 0.086865 0.193071 1 12 1.000000
  11 25.876398 -1.632161 -22.180529 -0.010592 -0.999272 -0.036649 0.067567 0.193734 1 11 1.000000
c_metrocop_hands_sheet
  11 25.876398 -1.632161 -22.180529 -0.010592 -0.999272 -0.036649 0.067567 0.193734 1 11 1.000000
  12 26.191820 -1.539147 -22.232880 0.688757 -0.706126 -0.164316 0.086865 0.193071 1 12 1.000000
  11 26.261898 -1.539072 -21.962263 0.731753 -0.681003 -0.027804 0.088128 0.219483 1 11 1.000000
c_metrocop_hands_sheet
  12 25.705044 -1.476701 -23.404268 -0.068731 -0.994186 -0.082887 0.072297 0.079988 1 12 1.000000
  12 26.057844 -1.391528 -23.220417 0.711377 -0.661542 -0.237288 0.090655 0.101782 1 12 1.000000
  12 25.807377 -1.609794 -22.665800 -0.011569 -0.992469 -0.121951 0.070286 0.145686 2 12 0.901730 15 0.098270
c_metrocop_hands_sheet
  12 25.807377 -1.609794 -22.665800 -0.011569 -0.992469 -0.121951 0.070286 0.145686 2 12 0.901730 15 0.098270
  12 26.057844 -1.391528 -23.220417 0.711377 -0.661542 -0.237288 0.090655 0.101782 1 12 1.000000
  12 26.191820 -1.539147 -22.232880 0.688757 -0.706126 -0.164316 0.086865 0.193071 1 12 1.000000
c_metrocop_hands_sheet
  11 25.427063 -1.240433 -22.153364 -0.998403 -0.042939 -0.036709 0.023846 0.186862 1 11 1.000000
  11 25.501066 -0.881042 -21.673698 -0.550731 0.711811 -0.435913 0.006310 0.228733 1 11 1.000000
  11 25.549257 -0.961881 -22.125626 -0.702019 0.711971 -0.016357 0.004123 0.189258 2 11 0.856498 12 0.143502
c_metrocop_hands_sheet
  11 25.427063 -1.240433 -22.153364 -0.998403 -0.042939 -0.036709 0.023846 0.186862 1 11 1.000000
  11 25.359215 -1.241697 -21.684347 -0.933499 -0.062594 -0.353073 0.024823 0.226139 1 11 1.000000
  11 25.501066 -0.881042 -21.673698 -0.550731 0.711811 -0.435913 0.006310 0.228733 1 11 1.000000
c_metrocop_hands_sheet
  8 25.917355 -0.405300 -20.844591 0.983863 0.007293 -0.178775 0.091708 0.316378 1 8 1.000000
  8 25.821505 -0.144619 -21.938038 0.949945 0.156808 -0.270215 0.103382 0.227915 1 8 1.000000
  8 25.913286 0.004234 -20.857969 0.984597 0.153662 -0.083405 0.128660 0.315914 2 8 0.876408 5 0.123592
c_metrocop_hands_sheet
  8 25.198664 -0.492856 -21.369509 -0.625318 -0.617899 -0.476631 0.040672 0.231740 1 8 1.000000
  8 25.503489 -0.614729 -21.421530 0.026855 -0.998617 -0.045203 0.057869 0.251974 1 8 1.000000
  8 25.627365 -0.646692 -21.337540 0.348132 0.699984 -0.623559 0.057869 0.251974 2 8 0.894516 9 0.105484
c_metrocop_hands_sheet
  8 25.503489 -0.614729 -21.421530 0.026855 -0.998617 -0.045203 0.057869 0.251974 1 8 1.000000
  8 25.917355 -0.405300 -20.844591 0.983863 0.007293 -0.178775 0.091708 0.316378 1 8 1.000000
  8 25.627365 -0.646692 -21.337540 0.348132 0.699984 -0.623559 0.057869 0.251974 2 8 0.894516 9 0.105484
c_metrocop_hands_sheet
  8 25.917355 -0.405300 -20.844591 0.983863 0.007293 -0.178775 0.091708 0.316378 1 8 1.000000
  8 25.945547 -0.743908 -20.977924 0.818905 0.559180 -0.129281 0.039322 0.313598 2 8 0.589542 11 0.410458
  8 25.627365 -0.646692 -21.337540 0.348132 0.699984 -0.623559 0.057869 0.251974 2 8 0.894516 9 0.105484
c_metrocop_hands_sheet
  10 24.489639 -0.476870 -23.543116 -0.679914 -0.732187 -0.040230 0.038758 0.002884 1 10 1.000000
  10 24.569731 -0.182437 -23.200642 -0.874346 0.014011 0.485100 0.020199 0.042532 1 10 1.000000
  10 24.399162 -0.211745 -23.506088 -0.991338 -0.056363 0.118622 0.038758 0.002884 1 10 1.000000
c_metrocop_hands_sheet
  10 24.489639 -0.476870 -23.543116 -0.679914 -0.732187 -0.040230 0.038758 0.002884 1 10 1.000000
  10 24.709551 -0.410332 -23.180838 -0.642309 -0.682434 0.348889 0.042546 0.040016 1 10 1.000000
  10 24.569731 -0.182437 -23.200642 -0.874346 0.014011 0.485100 0.020199 0.042532 1 10 1.000000
c_metrocop_hands_sheet
  10 24.709551 -0.410332 -23.180838 -0.642309 -0.682434 0.348889 0.042546 0.040016 1 10 1.000000
  10 24.801182 -0.239241 -22.777195 -0.936141 -0.109927 0.334000 0.025178 0.079559 2 10 0.514236 9 0.485764
  10 24.569731 -0.182437 -23.200642 -0.874346 0.014011 0.485100 0.020199 0.042532 1 10 1.000000
c_metrocop_hands_sheet
  10 24.709551 -0.410332 -23.180838 -0.642309 -0.682434 0.348889 0.042546 0.040016 1 10 1.000000
  10 24.918900 -0.476337 -22.822037 -0.576300 -0.789413 0.211437 0.047884 0.076150 2 10 0.550729 9 0.449271
  10 24.801182 -0.239241 -22.777195 -0.936141 -0.109927 0.334000 0.025178 0.079559 2 10 0.514236 9 0.485764
c_metrocop_hands_sheet
  10 24.918900 -0.476337 -22.822037 -0.576300 -0.789413 0.211437 0.047884 0.076150 2 10 0.550729 9 0.449271
  9 24.878477 -0.201012 -22.324417 -0.975502 -0.036377 0.216961 0.023957 0.129689 1 9 1.000000
  10 24.801182 -0.239241 -22.777195 -0.936141 -0.109927 0.334000 0.025178 0.079559 2 10 0.514236 9 0.485764
c_metrocop_hands_sheet
  10 24.918900 -0.476337 -22.822037 -0.576300 -0.789413 0.211437 0.047884 0.076150 2 10 0.550729 9 0.449271
  9 25.002516 -0.465259 -22.364687 -0.668642 -0.729527 0.143902 0.048057 0.130867 1 9 1.000000
  9 24.878477 -0.201012 -22.324417 -0.975502 -0.036377 0.216961 0.023957 0.129689 1 9 1.000000
c_metrocop_hands_sheet
  9 25.002516 -0.465259 -22.364687 -0.668642 -0.729527 0.143902 0.048057 0.130867 1 9 1.000000
  9 24.986694 -0.199101 -21.918726 -0.975119 -0.046358 0.216779 0.023846 0.186862 2 9 0.657778 8 0.342222
  9 24.878477 -0.201012 -22.324417 -0.975502 -0.036377 0.216961 0.023957 0.129689 1 9 1.000000
c_metrocop_hands_sheet
  9 25.002516 -0.465259 -22.364687 -0.668642 -0.729527 0.143902 0.048057 0.130867 1 9 1.000000
  9 25.125381 -0.471617 -21.974281 -0.615062 -0.774495 0.147837 0.047824 0.188663 2 9 0.605114 8 0.394886
  9 24.986694 -0.199101 -21.918726 -0.975119 -0.046358 0.216779 0.023846 0.186862 2 9 0.657778 8 0.342222
c_metrocop_hands_sheet
  9 25.125381 -0.471617 -21.974281 -0.615062 -0.774495 0.147837 0.047824 0.188663 2 9 0.605114 8 0.394886
  8 25.109192 -0.231491 -21.367983 -0.913776 -0.090456 -0.396020 0.024823 0.226139 1 8 1.000000
  9 24.986694 -0.199101 -21.918726 -0.975119 -0.046358 0.216779 0.023846 0.186862 2 9 0.657778 8 0.342222
c_metrocop_hands_sheet
  9 25.125381 -0.471617 -21.974281 -0.615062 -0.774495 0.147837 0.047824 0.188663 2 9 0.605114 8 0.394886
  8 25.198664 -0.492856 -21.369509 -0.625318 -0.617899 -0.476631 0.040672 0.231740 1 8 1.000000
  8 25.109192 -0.231491 -21.367983 -0.913776 -0.090456 -0.396020 0.024823 0.226139 1 8 1.000000
c_metrocop_hands_sheet
  8 25.388329 -0.548020 -22.046782 0.051697 -0.998661 -0.001866 0.067567 0.193734 1 8 1.000000
  8 25.198664 -0.492856 -21.369509 -0.625318 -0.617899 -0.476631 0.040672 0.231740 1 8 1.000000
  9 25.125381 -0.471617 -21.974281 -0.615062 -0.774495 0.147837 0.047824 0.188663 2 9 0.605114 8 0.394886
c_metrocop_hands_sheet
  8 25.388329 -0.548020 -22.046782 0.051697 -0.998661 -0.001866 0.067567 0.193734 1 8 1.000000
  8 25.503489 -0.614729 -21.421530 0.026855 -0.998617 -0.045203 0.057869 0.251974 1 8 1.000000
  8 25.198664 -0.492856 -21.369509 -0.625318 -0.617899 -0.476631 0.040672 0.231740 1 8 1.000000
c_metrocop_hands_sheet
  8 25.388329 -0.548020 -22.046782 0.051697 -0.998661 -0.001866 0.067567 0.193734 1 8 1.000000
  8 25.758240 -0.428874 -21.964622 0.763221 -0.598357 -0.243848 0.088128 0.219483 1 8 1.000000
  8 25.503489 -0.614729 -21.421530 0.026855 -0.998617 -0.045203 0.057869 0.251974 1 8 1.000000
c_metrocop_hands_sheet
  8 25.503489 -0.614729 -21.421530 0.026855 -0.998617 -0.045203 0.057869 0.251974 1 8 1.000000
  8 25.758240 -0.428874 -21.964622 0.763221 -0.598357 -0.243848 0.088128 0.219483 1 8 1.000000
  8 25.917355 -0.405300 -20.844591 0.983863 0.007293 -0.178775 0.091708 0.316378 1 8 1.000000
c_metrocop_hands_sheet
  8 25.758240 -0.428874 -21.964622 0.763221 -0.598357 -0.243848 0.088128 0.219483 1 8 1.000000
  8 25.821505 -0.144619 -21.938038 0.949945 0.156808 -0.270215 0.104101 0.227915 1 8 1.000000
  8 25.917355 -0.405300 -20.844591 0.983863 0.007293 -0.178775 0.091708 0.316378 1 8 1.000000
c_metrocop_hands_sheet
  9 25.683424 -0.148646 -22.230173 0.947767 0.156318 -0.278032 0.104408 0.190407 1 9 1.000000
  8 25.821505 -0.144619 -21.938038 0.949945 0.156808 -0.270215 0.104101 0.227915 1 8 1.000000
  8 25.758240 -0.428874 -21.964622 0.763221 -0.598357 -0.243848 0.088128 0.219483 1 8 1.000000
c_metrocop_hands_sheet
  9 25.562691 0.130223 -22.148119 0.626166 0.740736 -0.243366 0.124111 0.193456 1 9 1.000000
  8 25.821505 -0.144619 -21.938038 0.949945 0.156808 -0.270215 0.104101 0.227915 1 8 1.000000
  9 25.683424 -0.148646 -22.230173 0.947767 0.156318 -0.278032 0.104408 0.190407 1 9 1.000000
c_metrocop_hands_sheet
  9 25.483160 0.095034 -22.721746 0.604282 0.724895 -0.330712 0.121061 0.104668 1 9 1.000000
  9 25.562691 0.130223 -22.148119 0.626166 0.740736 -0.243366 0.124111 0.193456 1 9 1.000000
  9 25.683424 -0.148646 -22.230173 0.947767 0.156318 -0.278032 0.104408 0.190407 1 9 1.000000
c_metrocop_hands_sheet
  9 25.277235 -0.580394 -22.347847 -0.015230 -0.999877 -0.003813 0.070286 0.145686 1 9 1.000000
  9 25.125381 -0.471617 -21.974281 -0.615062 -0.774495 0.147837 0.047824 0.188663 2 9 0.605114 8 0.394886
  9 25.002516 -0.465259 -22.364687 -0.668642 -0.729527 0.143902 0.048057 0.130867 1 9 1.000000
c_metrocop_hands_sheet
  9 25.174671 -0.538763 -22.837719 0.073883 -0.997224 -0.009246 0.072297 0.079988 2 9 0.750726 10 0.249274
  9 25.277235 -0.580394 -22.347847 -0.015230 -0.999877 -0.003813 0.070286 0.145686 1 9 1.000000
  9 25.002516 -0.465259 -22.364687 -0.668642 -0.729527 0.143902 0.048057 0.130867 1 9 1.000000
c_metrocop_hands_sheet
  9 25.174671 -0.538763 -22.837719 0.073883 -0.997224 -0.009246 0.072297 0.079988 2 9 0.750726 10 0.249274
  9 25.002516 -0.465259 -22.364687 -0.668642 -0.729527 0.143902 0.048057 0.130867 1 9 1.000000
  10 24.918900 -0.476337 -22.822037 -0.576300 -0.789413 0.211437 0.047884 0.076150 2 10 0.550729 9 0.449271
c_metrocop_hands_sheet
  10 25.011698 -0.583844 -23.211298 0.052885 -0.996324 -0.067390 0.071629 0.044059 1 10 1.000000
  9 25.174671 -0.538763 -22.837719 0.073883 -0.997224 -0.009246 0.072297 0.079988 2 9 0.750726 10 0.249274
  10 24.918900 -0.476337 -22.822037 -0.576300 -0.789413 0.211437 0.047884 0.076150 2 10 0.550729 9 0.449271
c_metrocop_hands_sheet
  10 25.011698 -0.583844 -23.211298 0.052885 -0.996324 -0.067390 0.071629 0.044059 1 10 1.000000
  10 24.918900 -0.476337 -22.822037 -0.576300 -0.789413 0.211437 0.047884 0.076150 2 10 0.550729 9 0.449271
  10 24.709551 -0.410332 -23.180838 -0.642309 -0.682434 0.348889 0.042546 0.040016 1 10 1.000000
c_metrocop_hands_sheet
  10 24.781622 -0.553552 -23.567833 0.014675 -0.947562 -0.319236 0.065334 0.007198 1 10 1.000000
  10 25.011698 -0.583844 -23.211298 0.052885 -0.996324 -0.067390 0.071629 0.044059 1 10 1.000000
  10 24.709551 -0.410332 -23.180838 -0.642309 -0.682434 0.348889 0.042546 0.040016 1 10 1.000000
c_metrocop_hands_sheet
  10 24.781622 -0.553552 -23.567833 0.014675 -0.947562 -0.319236 0.065334 0.007198 1 10 1.000000
  10 24.709551 -0.410332 -23.180838 -0.642309 -0.682434 0.348889 0.042546 0.040016 1 10 1.000000
  10 24.489639 -0.476870 -23.543116 -0.679914 -0.732187 -0.040230 0.038758 0.002884 1 10 1.000000
c_metrocop_hands_sheet
  10 24.781622 -0.553552 -23.567833 0.014675 -0.947562 -0.319236 0.065334 0.007198 1 10 1.000000
  10 25.041323 -0.435082 -23.528114 0.659297 -0.478933 -0.579613 0.088627 0.017658 1 10 1.000000
  10 25.011698 -0.583844 -23.211298 0.052885 -0.996324 -0.067390 0.071629 0.044059 1 10 1.000000
c_metrocop_hands_sheet
  10 25.011698 -0.583844 -23.211298 0.052885 -0.996324 -0.067390 0.071629 0.044059 1 10 1.000000
  10 25.390123 -0.436275 -22.971802 0.677222 -0.625526 -0.387412 0.090088 0.073903 1 10 1.000000
  9 25.174671 -0.538763 -22.837719 0.073883 -0.997224 -0.009246 0.072297 0.079988 2 9 0.750726 10 0.249274
c_metrocop_hands_sheet
  10 25.011698 -0.583844 -23.211298 0.052885 -0.996324 -0.067390 0.071629 0.044059 1 10 1.000000
  10 25.041323 -0.435082 -23.528114 0.659297 -0.478933 -0.579613 0.088627 0.017658 1 10 1.000000
  10 25.390123 -0.436275 -22.971802 0.677222 -0.625526 -0.387412 0.090088 0.073903 1 10 1.000000
c_metrocop_hands_sheet
  10 25.104380 -0.198966 -23.473036 0.777726 0.096867 -0.621095 0.106040 0.026507 1 10 1.000000
  10 25.390123 -0.436275 -22.971802 0.677222 -0.625526 -0.387412 0.090088 0.073903 1 10 1.000000
  10 25.041323 -0.435082 -23.528114 0.659297 -0.478933 -0.579613 0.088627 0.017658 1 10 1.000000
c_metrocop_hands_sheet
  10 25.017561 0.037451 -23.464684 0.597807 0.612327 -0.517380 0.130463 0.029929 2 10 0.947444 9 0.052556
  10 25.467533 -0.161432 -22.969595 0.840617 0.143193 -0.522359 0.105357 0.075807 1 10 1.000000
  10 25.104380 -0.198966 -23.473036 0.777726 0.096867 -0.621095 0.106040 0.026507 1 10 1.000000
c_metrocop_hands_sheet
  10 25.104380 -0.198966 -23.473036 0.777726 0.096867 -0.621095 0.106040 0.026507 1 10 1.000000
  10 25.467533 -0.161432 -22.969595 0.840617 0.143193 -0.522359 0.105357 0.075807 1 10 1.000000
  10 25.390123 -0.436275 -22.971802 0.677222 -0.625526 -0.387412 0.090088 0.073903 1 10 1.000000
c_metrocop_hands_sheet
  10 25.467533 -0.161432 -22.969595 0.840617 0.143193 -0.522359 0.105357 0.075807 1 10 1.000000
  9 25.512125 -0.431923 -22.766665 0.702531 -0.642379 -0.306265 0.090655 0.101782 1 9 1.000000
  10 25.390123 -0.436275 -22.971802 0.677222 -0.625526 -0.387412 0.090088 0.073903 1 10 1.000000
c_metrocop_hands_sheet
  9 25.174671 -0.538763 -22.837719 0.073883 -0.997224 -0.009246 0.072297 0.079988 2 9 0.750726 10 0.249274
  10 25.390123 -0.436275 -22.971802 0.677222 -0.625526 -0.387412 0.090088 0.073903 1 10 1.000000
  9 25.512125 -0.431923 -22.766665 0.702531 -0.642379 -0.306265 0.090655 0.101782 1 9 1.000000
c_metrocop_hands_sheet
  9 25.174671 -0.538763 -22.837719 0.073883 -0.997224 -0.009246 0.072297 0.079988 2 9 0.750726 10 0.249274
  9 25.512125 -0.431923 -22.766665 0.702531 -0.642379 -0.306265 0.090655 0.101782 1 9 1.000000
  9 25.277235 -0.580394 -22.347847 -0.015230 -0.999877 -0.003813 0.070286 0.145686 1 9 1.000000
c_metrocop_hands_sheet
  8 25.388329 -0.548020 -22.046782 0.051697 -0.998661 -0.001866 0.067567 0.193734 1 8 1.000000
  9 25.640387 -0.452999 -22.182049 0.695567 -0.687817 -0.207593 0.086865 0.193071 1 9 1.000000
  8 25.758240 -0.428874 -21.964622 0.763221 -0.598357 -0.243848 0.088128 0.219483 1 8 1.000000
c_metrocop_hands_sheet
  9 25.683424 -0.148646 -22.230173 0.947767 0.156318 -0.278032 0.104408 0.190407 1 9 1.000000
  8 25.758240 -0.428874 -21.964622 0.763221 -0.598357 -0.243848 0.088128 0.219483 1 8 1.000000
  9 25.640387 -0.452999 -22.182049 0.695567 -0.687817 -0.207593 0.086865 0.193071 1 9 1.000000
c_metrocop_hands_sheet
  9 25.622066 -0.166855 -22.699028 0.941929 0.092470 -0.322830 0.104498 0.112823 1 9 1.000000
  9 25.683424 -0.148646 -22.230173 0.947767 0.156318 -0.278032 0.104408 0.190407 1 9 1.000000
  9 25.640387 -0.452999 -22.182049 0.695567 -0.687817 -0.207593 0.086865 0.193071 1 9 1.000000
c_metrocop_hands_sheet
  9 25.483160 0.095034 -22.721746 0.604282 0.724895 -0.330712 0.121061 0.104668 1 9 1.000000
  9 25.683424 -0.148646 -22.230173 0.947767 0.156318 -0.278032 0.104408 0.190407 1 9 1.000000
  9 25.622066 -0.166855 -22.699028 0.941929 0.092470 -0.322830 0.104498 0.112823 1 9 1.000000
c_metrocop_hands_sheet
  10 25.344860 0.084106 -22.897297 0.518806 0.784196 -0.340408 0.122351 0.080758 1 10 1.000000
  9 25.483160 0.095034 -22.721746 0.604282 0.724895 -0.330712 0.121061 0.104668 1 9 1.000000
  9 25.622066 -0.166855 -22.699028 0.941929 0.092470 -0.322830 0.104498 0.112823 1 9 1.000000
c_metrocop_hands_sheet
  10 25.344860 0.084106 -22.897297 0.518806 0.784196 -0.340408 0.122351 0.080758 1 10 1.000000
  10 25.128262 0.139439 -22.794266 -0.117221 0.993059 0.009614 0.138519 0.087766 2 10 0.584962 9 0.415038
  9 25.483160 0.095034 -22.721746 0.604282 0.724895 -0.330712 0.121061 0.104668 1 9 1.000000
c_metrocop_hands_sheet
  10 25.344860 0.084106 -22.897297 0.518806 0.784196 -0.340408 0.122351 0.080758 1 10 1.000000
  10 24.949074 0.185985 -23.154608 0.019018 0.999528 -0.024137 0.141410 0.049717 2 10 0.865174 9 0.134826
  10 25.128262 0.139439 -22.794266 -0.117221 0.993059 0.009614 0.138519 0.087766 2 10 0.584962 9 0.415038
c_metrocop_hands_sheet
  10 24.731579 0.099345 -23.163734 -0.605081 0.726370 0.325982 0.159344 0.044791 2 10 0.704280 7 0.295720
  10 25.128262 0.139439 -22.794266 -0.117221 0.993059 0.009614 0.138519 0.087766 2 10 0.584962 9 0.415038
  10 24.949074 0.185985 -23.154608 0.019018 0.999528 -0.024137 0.141410 0.049717 2 10 0.865174 9 0.134826
c_metrocop_hands_sheet
  9 25.562691 0.130223 -22.148119 0.626166 0.740736 -0.243366 0.124111 0.193456 1 9 1.000000
  9 25.483160 0.095034 -22.721746 0.604282 0.724895 -0.330712 0.121061 0.104668 1 9 1.000000
  9 25.218939 0.213426 -22.323704 -0.205301 0.976517 0.065309 0.139300 0.145927 1 9 1.000000
c_metrocop_hands_sheet
  9 25.483160 0.095034 -22.721746 0.604282 0.724895 -0.330712 0.121061 0.104668 1 9 1.000000
  10 25.128262 0.139439 -22.794266 -0.117221 0.993059 0.009614 0.138519 0.087766 2 10 0.584962 9 0.415038
  9 25.218939 0.213426 -22.323704 -0.205301 0.976517 0.065309 0.139300 0.145927 1 9 1.000000
c_metrocop_hands_sheet
  10 24.893169 0.005106 -22.766273 -0.734015 0.626621 0.261855 0.157662 0.080594 2 10 0.517091 9 0.482909
  9 25.218939 0.213426 -22.323704 -0.205301 0.976517 0.065309 0.139300 0.145927 1 9 1.000000
  10 25.128262 0.139439 -22.794266 -0.117221 0.993059 0.009614 0.138519 0.087766 2 10 0.584962 9 0.415038
c_metrocop_hands_sheet
  10 24.731579 0.099345 -23.163734 -0.605081 0.726370 0.325982 0.159344 0.044791 2 10 0.704280 7 0.295720
  10 24.893169 0.005106 -22.766273 -0.734015 0.626621 0.261855 0.157662 0.080594 2 10 0.517091 9 0.482909
  10 25.128262 0.139439 -22.794266 -0.117221 0.993059 0.009614 0.138519 0.087766 2 10 0.584962 9 0.415038
c_metrocop_hands_sheet
  10 24.569731 -0.182437 -23.200642 -0.874346 0.014011 0.485100 0.185589 0.040828 1 10 1.000000
  10 24.893169 0.005106 -22.766273 -0.734015 0.626621 0.261855 0.157662 0.080594 2 10 0.517091 9 0.482909
  10 24.731579 0.099345 -23.163734 -0.605081 0.726370 0.325982 0.159344 0.044791 2 10 0.704280 7 0.295720
c_metrocop_hands_sheet
  10 24.399162 -0.211745 -23.506088 -0.991338 -0.056363 0.118622 0.174294 0.005063 1 10 1.000000
  10 24.569731 -0.182437 -23.200642 -0.874346 0.014011 0.485100 0.185589 0.040828 1 10 1.000000
  10 24.731579 0.099345 -23.163734 -0.605081 0.726370 0.325982 0.159344 0.044791 2 10 0.704280 7 0.295720
c_metrocop_hands_sheet
  10 24.399162 -0.211745 -23.506088 -0.991338 -0.056363 0.118622 0.174294 0.005063 1 10 1.000000
  10 24.731579 0.099345 -23.163734 -0.605081 0.726370 0.325982 0.159344 0.044791 2 10 0.704280 7 0.295720
  10 24.461740 0.029313 -23.481073 -0.789180 0.601864 0.122289 0.160044 0.009944 1 10 1.000000
c_metrocop_hands_sheet
  10 24.461740 0.029313 -23.481073 -0.789180 0.601864 0.122289 0.160044 0.009944 1 10 1.000000
  10 24.731579 0.099345 -23.163734 -0.605081 0.726370 0.325982 0.159344 0.044791 2 10 0.704280 7 0.295720
  10 24.949074 0.185985 -23.154608 0.019018 0.999528 -0.024137 0.141410 0.049717 2 10 0.865174 9 0.134826
c_metrocop_hands_sheet
  10 24.461740 0.029313 -23.481073 -0.789180 0.601864 0.122289 0.160044 0.009944 1 10 1.000000
  10 24.949074 0.185985 -23.154608 0.019018 0.999528 -0.024137 0.141410 0.049717 2 10 0.865174 9 0.134826
  10 24.741543 0.147641 -23.481932 -0.061674 0.977416 -0.202126 0.130463 0.029929 2 10 0.898364 7 0.101636
c_metrocop_hands_sheet
  10 25.017561 0.037451 -23.464684 0.597807 0.612327 -0.517380 0.130463 0.029929 2 10 0.947444 9 0.052556
  10 24.741543 0.147641 -23.481932 -0.061674 0.977416 -0.202126 0.130463 0.029929 2 10 0.898364 7 0.101636
  10 24.949074 0.185985 -23.154608 0.019018 0.999528 -0.024137 0.141410 0.049717 2 10 0.865174 9 0.134826
c_metrocop_hands_sheet
  10 25.017561 0.037451 -23.464684 0.597807 0.612327 -0.517380 0.130463 0.029929 2 10 0.947444 9 0.052556
  10 24.949074 0.185985 -23.154608 0.019018 0.999528 -0.024137 0.141410 0.049717 2 10 0.865174 9 0.134826
  10 25.344860 0.084106 -22.897297 0.518806 0.784196 -0.340408 0.122351 0.080758 1 10 1.000000
c_metrocop_hands_sheet
  10 25.017561 0.037451 -23.464684 0.597807 0.612327 -0.517380 0.130463 0.029929 2 10 0.947444 9 0.052556
  10 25.344860 0.084106 -22.897297 0.518806 0.784196 -0.340408 0.122351 0.080758 1 10 1.000000
  10 25.467533 -0.161432 -22.969595 0.840617 0.143193 -0.522359 0.105357 0.075807 1 10 1.000000
c_metrocop_hands_sheet
  10 25.344860 0.084106 -22.897297 0.518806 0.784196 -0.340408 0.122351 0.080758 1 10 1.000000
  9 25.622066 -0.166855 -22.699028 0.941929 0.092470 -0.322830 0.104498 0.112823 1 9 1.000000
  10 25.467533 -0.161432 -22.969595 0.840617 0.143193 -0.522359 0.105357 0.075807 1 10 1.000000
c_metrocop_hands_sheet
  10 25.467533 -0.161432 -22.969595 0.840617 0.143193 -0.522359 0.105357 0.075807 1 10 1.000000
  9 25.622066 -0.166855 -22.699028 0.941929 0.092470 -0.322830 0.104498 0.112823 1 9 1.000000
  9 25.512125 -0.431923 -22.766665 0.702531 -0.642379 -0.306265 0.090655 0.101782 1 9 1.000000
c_metrocop_hands_sheet
  9 25.622066 -0.166855 -22.699028 0.941929 0.092470 -0.322830 0.104498 0.112823 1 9 1.000000
  9 25.640387 -0.452999 -22.182049 0.695567 -0.687817 -0.207593 0.086865 0.193071 1 9 1.000000
  9 25.512125 -0.431923 -22.766665 0.702531 -0.642379 -0.306265 0.090655 0.101782 1 9 1.000000
c_metrocop_hands_sheet
  9 25.277235 -0.580394 -22.347847 -0.015230 -0.999877 -0.003813 0.070286 0.145686 1 9 1.000000
  9 25.512125 -0.431923 -22.766665 0.702531 -0.642379 -0.306265 0.090655 0.101782 1 9 1.000000
  9 25.640387 -0.452999 -22.182049 0.695567 -0.687817 -0.207593 0.086865 0.193071 1 9 1.000000
c_metrocop_hands_sheet
  9 25.277235 -0.580394 -22.347847 -0.015230 -0.999877 -0.003813 0.070286 0.145686 1 9 1.000000
  9 25.640387 -0.452999 -22.182049 0.695567 -0.687817 -0.207593 0.086865 0.193071 1 9 1.000000
  8 25.388329 -0.548020 -22.046782 0.051697 -0.998661 -0.001866 0.067567 0.193734 1 8 1.000000
c_metrocop_hands_sheet
  9 25.277235 -0.580394 -22.347847 -0.015230 -0.999877 -0.003813 0.070286 0.145686 1 9 1.000000
  8 25.388329 -0.548020 -22.046782 0.051697 -0.998661 -0.001866 0.067567 0.193734 1 8 1.000000
  9 25.125381 -0.471617 -21.974281 -0.615062 -0.774495 0.147837 0.047824 0.188663 2 9 0.605114 8 0.394886
c_metrocop_hands_sheet
  10 24.569731 -0.182437 -23.200642 -0.874346 0.014011 0.485100 0.185589 0.040828 1 10 1.000000
  10 24.801182 -0.239241 -22.777195 -0.936141 -0.109927 0.334000 0.185487 0.073251 2 10 0.514236 9 0.485764
  10 24.893169 0.005106 -22.766273 -0.734015 0.626621 0.261855 0.157662 0.080594 2 10 0.517091 9 0.482909
c_metrocop_hands_sheet
  10 24.801182 -0.239241 -22.777195 -0.936141 -0.109927 0.334000 0.185487 0.073251 2 10 0.514236 9 0.485764
  9 24.878477 -0.201012 -22.324417 -0.975502 -0.036377 0.216961 0.184435 0.127086 1 9 1.000000
  9 24.972849 0.046537 -22.324972 -0.757461 0.628426 0.177013 0.160762 0.132278 1 9 1.000000
c_metrocop_hands_sheet
  10 24.801182 -0.239241 -22.777195 -0.936141 -0.109927 0.334000 0.185487 0.073251 2 10 0.514236 9 0.485764
  9 24.972849 0.046537 -22.324972 -0.757461 0.628426 0.177013 0.160762 0.132278 1 9 1.000000
  10 24.893169 0.005106 -22.766273 -0.734015 0.626621 0.261855 0.157662 0.080594 2 10 0.517091 9 0.482909
c_metrocop_hands_sheet
  10 24.893169 0.005106 -22.766273 -0.734015 0.626621 0.261855 0.157662 0.080594 2 10 0.517091 9 0.482909
  9 24.972849 0.046537 -22.324972 -0.757461 0.628426 0.177013 0.160762 0.132278 1 9 1.000000
  9 25.218939 0.213426 -22.323704 -0.205301 0.976517 0.065309 0.139300 0.145927 1 9 1.000000
c_metrocop_hands_sheet
  9 24.972849 0.046537 -22.324972 -0.757461 0.628426 0.177013 0.160762 0.132278 1 9 1.000000
  8 25.450302 0.220208 -22.010572 0.057103 0.997710 -0.036252 0.134849 0.202368 1 8 1.000000
  9 25.218939 0.213426 -22.323704 -0.205301 0.976517 0.065309 0.139300 0.145927 1 9 1.000000
c_metrocop_hands_sheet
  9 25.562691 0.130223 -22.148119 0.626166 0.740736 -0.243366 0.124111 0.193456 1 9 1.000000
  9 25.218939 0.213426 -22.323704 -0.205301 0.976517 0.065309 0.139300 0.145927 1 9 1.000000
  8 25.450302 0.220208 -22.010572 0.057103 0.997710 -0.036252 0.134849 0.202368 1 8 1.000000
c_metrocop_hands_sheet
  9 25.562691 0.130223 -22.148119 0.626166 0.740736 -0.243366 0.124111 0.193456 1 9 1.000000
  8 25.450302 0.220208 -22.010572 0.057103 0.997710 -0.036252 0.134849 0.202368 1 8 1.000000
  8 25.665142 0.116362 -21.936171 0.671733 0.716534 -0.188025 0.123557 0.220872 1 8 1.000000
c_metrocop_hands_sheet
  9 25.562691 0.130223 -22.148119 0.626166 0.740736 -0.243366 0.124111 0.193456 1 9 1.000000
  8 25.665142 0.116362 -21.936171 0.671733 0.716534 -0.188025 0.123557 0.220872 1 8 1.000000
  8 25.821505 -0.144619 -21.938038 0.949945 0.156808 -0.270215 0.104101 0.227915 1 8 1.000000
c_metrocop_hands_sheet
  8 25.821505 -0.144619 -21.938038 0.949945 0.156808 -0.270215 0.104101 0.227915 1 8 1.000000
  8 25.665142 0.116362 -21.936171 0.671733 0.716534 -0.188025 0.123557 0.220872 1 8 1.000000
  8 25.913286 0.004234 -20.857969 0.984597 0.153662 -0.083405 0.128660 0.315914 2 8 0.876408 5 0.123592
c_metrocop_hands_sheet
  8 25.913286 0.004234 -20.857969 0.984597 0.153662 -0.083405 0.128660 0.315914 2 8 0.876408 5 0.123592
  8 25.665142 0.116362 -21.936171 0.671733 0.716534 -0.188025 0.123557 0.220872 1 8 1.000000
  8 25.758068 0.214957 -21.251738 0.605561 0.768592 -0.206304 0.135430 0.267373 1 8 1.000000
c_metrocop_hands_sheet
  8 25.913286 0.004234 -20.857969 0.984597 0.153662 -0.083405 0.128660 0.315914 2 8 0.876408 5 0.123592
  8 25.758068 0.214957 -21.251738 0.605561 0.768592 -0.206304 0.135430 0.267373 1 8 1.000000
  5 25.852694 0.242714 -20.892570 0.888905 0.400536 -0.222304 0.146732 0.297083 2 5 0.655035 8 0.344965
c_metrocop_hands_sheet
  8 25.758068 0.214957 -21.251738 0.605561 0.768592 -0.206304 0.135430 0.267373 1 8 1.000000
  5 25.416920 0.260910 -21.359407 0.151312 0.411887 -0.898584 0.149867 0.248300 1 5 1.000000
  5 25.852694 0.242714 -20.892570 0.888905 0.400536 -0.222304 0.146732 0.297083 2 5 0.655035 8 0.344965
c_metrocop_hands_sheet
  8 25.758068 0.214957 -21.251738 0.605561 0.768592 -0.206304 0.135430 0.267373 1 8 1.000000
  8 25.488375 0.200576 -21.419104 -0.072450 0.934745 -0.347854 0.149867 0.248300 1 8 1.000000
  5 25.416920 0.260910 -21.359407 0.151312 0.411887 -0.898584 0.149867 0.248300 1 5 1.000000
c_metrocop_hands_sheet
  8 25.488375 0.200576 -21.419104 -0.072450 0.934745 -0.347854 0.149867 0.248300 1 8 1.000000
  8 25.144060 -0.000074 -21.387047 -0.817292 0.531273 -0.223123 0.165750 0.227387 1 8 1.000000
  5 25.416920 0.260910 -21.359407 0.151312 0.411887 -0.898584 0.149867 0.248300 1 5 1.000000
c_metrocop_hands_sheet
  9 25.080217 0.027593 -21.955322 -0.710175 0.684295 0.165504 0.165732 0.191284 3 9 0.635234 6 0.311421 8 0.053345
  8 25.144060 -0.000074 -21.387047 -0.817292 0.531273 -0.223123 0.165750 0.227387 1 8 1.000000
  8 25.488375 0.200576 -21.419104 -0.072450 0.934745 -0.347854 0.149867 0.248300 1 8 1.000000
c_metrocop_hands_sheet
  9 24.986694 -0.199101 -21.918726 -0.975119 -0.046358 0.216779 0.184228 0.190763 2 9 0.657778 8 0.342222
  8 25.144060 -0.000074 -21.387047 -0.817292 0.531273 -0.223123 0.165750 0.227387 1 8 1.000000
  9 25.080217 0.027593 -21.955322 -0.710175 0.684295 0.165504 0.165732 0.191284 3 9 0.635234 6 0.311421 8 0.053345
c_metrocop_hands_sheet
  9 24.878477 -0.201012 -22.324417 -0.975502 -0.036377 0.216961 0.184435 0.127086 1 9 1.000000
  9 24.986694 -0.199101 -21.918726 -0.975119 -0.046358 0.216779 0.184228 0.190763 2 9 0.657778 8 0.342222
  9 25.080217 0.027593 -21.955322 -0.710175 0.684295 0.165504 0.165732 0.191284 3 9 0.635234 6 0.311421 8 0.053345
c_metrocop_hands_sheet
  9 24.878477 -0.201012 -22.324417 -0.975502 -0.036377 0.216961 0.184435 0.127086 1 9 1.000000
  9 25.080217 0.027593 -21.955322 -0.710175 0.684295 0.165504 0.165732 0.191284 3 9 0.635234 6 0.311421 8 0.053345
  9 24.972849 0.046537 -22.324972 -0.757461 0.628426 0.177013 0.160762 0.132278 1 9 1.000000
c_metrocop_hands_sheet
  9 24.972849 0.046537 -22.324972 -0.757461 0.628426 0.177013 0.160762 0.132278 1 9 1.000000
  9 25.080217 0.027593 -21.955322 -0.710175 0.684295 0.165504 0.165732 0.191284 3 9 0.635234 6 0.311421 8 0.053345
  8 25.450302 0.220208 -22.010572 0.057103 0.997710 -0.036252 0.134849 0.202368 1 8 1.000000
c_metrocop_hands_sheet
  9 25.080217 0.027593 -21.955322 -0.710175 0.684295 0.165504 0.165732 0.191284 3 9 0.635234 6 0.311421 8 0.053345
  8 25.488375 0.200576 -21.419104 -0.072450 0.934745 -0.347854 0.149867 0.248300 1 8 1.000000
  8 25.450302 0.220208 -22.010572 0.057103 0.997710 -0.036252 0.134849 0.202368 1 8 1.000000
c_metrocop_hands_sheet
  8 25.665142 0.116362 -21.936171 0.671733 0.716534 -0.188025 0.123557 0.220872 1 8 1.000000
  8 25.450302 0.220208 -22.010572 0.057103 0.997710 -0.036252 0.134849 0.202368 1 8 1.000000
  8 25.488375 0.200576 -21.419104 -0.072450 0.934745 -0.347854 0.149867 0.248300 1 8 1.000000
c_metrocop_hands_sheet
  8 25.665142 0.116362 -21.936171 0.671733 0.716534 -0.188025 0.123557 0.220872 1 8 1.000000
  8 25.488375 0.200576 -21.419104 -0.072450 0.934745 -0.347854 0.149867 0.248300 1 8 1.000000
  8 25.758068 0.214957 -21.251738 0.605561 0.768592 -0.206304 0.135430 0.267373 1 8 1.000000
c_metrocop_hands_sheet
  9 24.986694 -0.199101 -21.918726 -0.975119 -0.046358 0.216779 0.184228 0.190763 2 9 0.657778 8 0.342222
  8 25.109192 -0.231491 -21.367983 -0.913776 -0.090456 -0.396020 0.173567 0.224466 1 8 1.000000
  8 25.144060 -0.000074 -21.387047 -0.817292 0.531273 -0.223123 0.165750 0.227387 1 8 1.000000
c_metrocop_hands_sheet
  31 -25.380398 -1.192511 -22.735365 0.993098 -0.046023 0.107881 0.023957 0.129689 1 31 1.000000
  30 -25.427040 -1.240443 -22.153313 0.998552 -0.044070 -0.030858 0.023846 0.186862 2 30 0.623735 31 0.376265
  30 -25.576942 -1.530554 -22.186443 0.631747 -0.773936 -0.043800 0.047824 0.188663 2 30 0.643154 31 0.356846
c_metrocop_hands_sheet
  30 -25.427040 -1.240443 -22.153313 0.998552 -0.044070 -0.030858 0.023846 0.186862 2 30 0.623735 31 0.376265
  30 -25.504616 -1.534704 -21.660370 0.632878 -0.759351 -0.151166 0.040672 0.231740 2 30 0.779834 31 0.220166
  30 -25.576942 -1.530554 -22.186443 0.631747 -0.773936 -0.043800 0.047824 0.188663 2 30 0.643154 31 0.356846
c_metrocop_hands_sheet
  30 -25.427040 -1.240443 -22.153313 0.998552 -0.044070 -0.030858 0.023846 0.186862 2 30 0.623735 31 0.376265
  30 -25.359180 -1.241716 -21.684299 0.958345 -0.057497 -0.279767 0.024823 0.226139 2 30 0.865894 31 0.134106
  30 -25.504616 -1.534704 -21.660370 0.632878 -0.759351 -0.151166 0.040672 0.231740 2 30 0.779834 31 0.220166
c_metrocop_hands_sheet
  30 -25.549231 -0.961897 -22.125570 0.713811 0.700321 -0.004914 0.004123 0.189258 2 30 0.690078 31 0.309922
  30 -25.359180 -1.241716 -21.684299 0.958345 -0.057497 -0.279767 0.024823 0.226139 2 30 0.865894 31 0.134106
  30 -25.427040 -1.240443 -22.153313 0.998552 -0.044070 -0.030858 0.023846 0.186862 2 30 0.623735 31 0.376265
c_metrocop_hands_sheet
  30 -25.549231 -0.961897 -22.125570 0.713811 0.700321 -0.004914 0.004123 0.189258 2 30 0.690078 31 0.309922
  30 -25.501032 -0.881059 -21.673639 0.611300 0.709604 -0.350392 0.006310 0.228733 2 30 0.713688 31 0.286312
  30 -25.359180 -1.241716 -21.684299 0.958345 -0.057497 -0.279767 0.024823 0.226139 2 30 0.865894 31 0.134106
c_metrocop_hands_sheet
  30 -25.779091 -1.691307 -21.355982 -0.621310 -0.024625 -0.783178 0.057869 0.251974 2 30 0.628833 33 0.371167
  30 -25.808117 -1.636577 -21.444550 -0.247575 -0.958706 -0.139964 0.057869 0.251974 2 30 0.804869 33 0.195131
  30 -25.504616 -1.534704 -21.660370 0.632878 -0.759351 -0.151166 0.040672 0.231740 2 30 0.779834 31 0.220166
c_metrocop_hands_sheet
  30 -25.576942 -1.530554 -22.186443 0.631747 -0.773936 -0.043800 0.047824 0.188663 2 30 0.643154 31 0.356846
  30 -25.504616 -1.534704 -21.660370 0.632878 -0.759351 -0.151166 0.040672 0.231740 2 30 0.779834 31 0.220166
  30 -25.808117 -1.636577 -21.444550 -0.247575 -0.958706 -0.139964 0.057869 0.251974 2 30 0.804869 33 0.195131
c_metrocop_hands_sheet
  30 -25.576942 -1.530554 -22.186443 0.631747 -0.773936 -0.043800 0.047824 0.188663 2 30 0.643154 31 0.356846
  30 -25.808117 -1.636577 -21.444550 -0.247575 -0.958706 -0.139964 0.057869 0.251974 2 30 0.804869 33 0.195131
  30 -25.876373 -1.632169 -22.180473 0.019044 -0.998976 -0.041051 0.067567 0.193734 2 30 0.777460 31 0.222540
c_metrocop_hands_sheet
  31 -25.517725 -1.482754 -22.763971 0.659087 -0.750764 -0.044259 0.048057 0.130867 1 31 1.000000
  30 -25.576942 -1.530554 -22.186443 0.631747 -0.773936 -0.043800 0.047824 0.188663 2 30 0.643154 31 0.356846
  30 -25.876373 -1.632169 -22.180473 0.019044 -0.998976 -0.041051 0.067567 0.193734 2 30 0.777460 31 0.222540
c_metrocop_hands_sheet
  31 -25.380398 -1.192511 -22.735365 0.993098 -0.046023 0.107881 0.023957 0.129689 1 31 1.000000
  30 -25.576942 -1.530554 -22.186443 0.631747 -0.773936 -0.043800 0.047824 0.188663 2 30 0.643154 31 0.356846
  31 -25.517725 -1.482754 -22.763971 0.659087 -0.750764 -0.044259 0.048057 0.130867 1 31 1.000000
c_metrocop_hands_sheet
  31 -25.299517 -1.123616 -23.310097 0.966227 -0.115697 0.230259 0.025178 0.079559 1 31 1.000000
  31 -25.380398 -1.192511 -22.735365 0.993098 -0.046023 0.107881 0.023957 0.129689 1 31 1.000000
  31 -25.517725 -1.482754 -22.763971 0.659087 -0.750764 -0.044259 0.048057 0.130867 1 31 1.000000
c_metrocop_hands_sheet
  32 -25.150682 -1.088311 -23.728001 0.935315 -0.133520 0.327656 0.020199 0.042532 1 32 1.000000
  31 -25.299517 -1.123616 -23.310097 0.966227 -0.115697 0.230259 0.025178 0.079559 1 31 1.000000
  31 -25.431490 -1.327552 -23.355627 0.672063 -0.733283 0.103089 0.047884 0.076150 2 31 0.883958 32 0.116042
c_metrocop_hands_sheet
  31 -25.299517 -1.123616 -23.310097 0.966227 -0.115697 0.230259 0.025178 0.079559 1 31 1.000000
  31 -25.517725 -1.482754 -22.763971 0.659087 -0.750764 -0.044259 0.048057 0.130867 1 31 1.000000
  31 -25.431490 -1.327552 -23.355627 0.672063 -0.733283 0.103089 0.047884 0.076150 2 31 0.883958 32 0.116042
c_metrocop_hands_sheet
  31 -25.431490 -1.327552 -23.355627 0.672063 -0.733283 0.103089 0.047884 0.076150 2 31 0.883958 32 0.116042
  31 -25.517725 -1.482754 -22.763971 0.659087 -0.750764 -0.044259 0.048057 0.130867 1 31 1.000000
  31 -25.807301 -1.609843 -22.665741 0.029818 -0.992758 -0.116374 0.070286 0.145686 1 31 1.000000
c_metrocop_hands_sheet
  31 -25.517725 -1.482754 -22.763971 0.659087 -0.750764 -0.044259 0.048057 0.130867 1 31 1.000000
  30 -25.876373 -1.632169 -22.180473 0.019044 -0.998976 -0.041051 0.067567 0.193734 2 30 0.777460 31 0.222540
  31 -25.807301 -1.609843 -22.665741 0.029818 -0.992758 -0.116374 0.070286 0.145686 1 31 1.000000
c_metrocop_hands_sheet
  30 -25.876373 -1.632169 -22.180473 0.019044 -0.998976 -0.041051 0.067567 0.193734 2 30 0.777460 31 0.222540
  31 -26.191751 -1.539192 -22.232824 -0.695683 -0.699254 -0.164528 0.086865 0.193071 1 31 1.000000
  31 -25.807301 -1.609843 -22.665741 0.029818 -0.992758 -0.116374 0.070286 0.145686 1 31 1.000000
c_metrocop_hands_sheet
  30 -26.261873 -1.539082 -21.962196 -0.738053 -0.673687 -0.037722 0.088128 0.219483 2 30 0.676707 31 0.323293
  31 -26.191751 -1.539192 -22.232824 -0.695683 -0.699254 -0.164528 0.086865 0.193071 1 31 1.000000
  30 -25.876373 -1.632169 -22.180473 0.019044 -0.998976 -0.041051 0.067567 0.193734 2 30 0.777460 31 0.222540
c_metrocop_hands_sheet
  30 -25.808117 -1.636577 -21.444550 -0.247575 -0.958706 -0.139964 0.057869 0.251974 2 30 0.804869 33 0.195131
  30 -26.261873 -1.539082 -21.962196 -0.738053 -0.673687 -0.037722 0.088128 0.219483 2 30 0.676707 31 0.323293
  30 -25.876373 -1.632169 -22.180473 0.019044 -0.998976 -0.041051 0.067567 0.193734 2 30 0.777460 31 0.222540
c_metrocop_hands_sheet
  30 -26.030748 -1.447824 -20.762014 -0.947072 -0.300125 0.113931 0.091708 0.316378 2 30 0.923002 33 0.076998
  30 -26.261873 -1.539082 -21.962196 -0.738053 -0.673687 -0.037722 0.088128 0.219483 2 30 0.676707 31 0.323293
  30 -25.808117 -1.636577 -21.444550 -0.247575 -0.958706 -0.139964 0.057869 0.251974 2 30 0.804869 33 0.195131
c_metrocop_hands_sheet
  30 -25.779091 -1.691307 -21.355982 -0.621310 -0.024625 -0.783178 0.057869 0.251974 2 30 0.628833 33 0.371167
  30 -26.030748 -1.447824 -20.762014 -0.947072 -0.300125 0.113931 0.091708 0.316378 2 30 0.923002 33 0.076998
  30 -25.808117 -1.636577 -21.444550 -0.247575 -0.958706 -0.139964 0.057869 0.251974 2 30 0.804869 33 0.195131
c_metrocop_hands_sheet
  30 -25.779091 -1.691307 -21.355982 -0.621310 -0.024625 -0.783178 0.057869 0.251974 2 30 0.628833 33 0.371167
  33 -25.873255 -1.806904 -20.948051 -0.927597 0.372794 0.024238 0.039322 0.313598 2 33 0.772747 30 0.227253
  30 -26.030748 -1.447824 -20.762014 -0.947072 -0.300125 0.113931 0.091708 0.316378 2 30 0.923002 33 0.076998
c_metrocop_hands_sheet
  31 -26.191751 -1.539192 -22.232824 -0.695683 -0.699254 -0.164528 0.086865 0.193071 1 31 1.000000
  30 -26.261873 -1.539082 -21.962196 -0.738053 -0.673687 -0.037722 0.088128 0.219483 2 30 0.676707 31 0.323293
  30 -26.343414 -1.254609 -21.861822 -0.999665 0.017824 0.018741 0.104101 0.227915 1 30 1.000000
c_metrocop_hands_sheet
  30 -26.030748 -1.447824 -20.762014 -0.947072 -0.300125 0.113931 0.091708 0.316378 2 30 0.923002 33 0.076998
  30 -26.343414 -1.254609 -21.861822 -0.999665 0.017824 0.018741 0.104101 0.227915 1 30 1.000000
  30 -26.261873 -1.539082 -21.962196 -0.738053 -0.673687 -0.037722 0.088128 0.219483 2 30 0.676707 31 0.323293
c_metrocop_hands_sheet
  30 -26.102911 -1.010052 -20.768808 -0.978997 0.130288 0.156811 0.128660 0.315914 1 30 1.000000
  30 -26.343414 -1.254609 -21.861822 -0.999665 0.017824 0.018741 0.103382 0.227915 1 30 1.000000
  30 -26.030748 -1.447824 -20.762014 -0.947072 -0.300125 0.113931 0.091708 0.316378 2 30 0.923002 33 0.076998
c_metrocop_hands_sheet
  31 -26.171465 -1.131791 -23.093130 -0.986499 0.026978 -0.161532 0.104498 0.112823 1 31 1.000000
  31 -26.132587 -0.887063 -22.165882 -0.709972 0.694773 -0.115021 0.124111 0.193456 2 31 0.714969 30 0.285031
  31 -26.044380 -0.825098 -23.132307 -0.660527 0.743538 -0.104188 0.121061 0.104668 2 31 0.851169 32 0.148831
c_metrocop_hands_sheet
  32 -26.082474 -1.088703 -23.453152 -0.925495 0.121100 -0.358878 0.105357 0.075807 2 32 0.898315 31 0.101685
  31 -26.171465 -1.131791 -23.093130 -0.986499 0.026978 -0.161532 0.104498 0.112823 1 31 1.000000
  31 -26.044380 -0.825098 -23.132307 -0.660527 0.743538 -0.104188 0.121061 0.104668 2 31 0.851169 32 0.148831
c_metrocop_hands_sheet
  32 -25.984123 -1.369483 -23.485033 -0.708148 -0.650252 -0.275135 0.090088 0.073903 1 32 1.000000
  31 -26.171465 -1.131791 -23.093130 -0.986499 0.026978 -0.161532 0.104498 0.112823 1 31 1.000000
  32 -26.082474 -1.088703 -23.453152 -0.925495 0.121100 -0.358878 0.105357 0.075807 2 32 0.898315 31 0.101685
c_metrocop_hands_sheet
  32 -25.748272 -1.334716 -24.022585 -0.682356 -0.522253 -0.511509 0.088627 0.017658 1 32 1.000000
  32 -25.984123 -1.369483 -23.485033 -0.708148 -0.650252 -0.275135 0.090088 0.073903 1 32 1.000000
  32 -26.082474 -1.088703 -23.453152 -0.925495 0.121100 -0.358878 0.105357 0.075807 2 32 0.898315 31 0.101685
c_metrocop_hands_sheet
  32 -25.984123 -1.369483 -23.485033 -0.708148 -0.650252 -0.275135 0.090088 0.073903 1 32 1.000000
  32 -25.748272 -1.334716 -24.022585 -0.682356 -0.522253 -0.511509 0.088627 0.017658 1 32 1.000000
  32 -25.645714 -1.482840 -23.767298 -0.122595 -0.984331 -0.126742 0.071629 0.044059 1 32 1.000000
c_metrocop_hands_sheet
  32 -25.645714 -1.482840 -23.767298 -0.122595 -0.984331 -0.126742 0.071629 0.044059 1 32 1.000000
  32 -25.748272 -1.334716 -24.022585 -0.682356 -0.522253 -0.511509 0.088627 0.017658 1 32 1.000000
  32 -25.457968 -1.417925 -24.112452 -0.061525 -0.906999 -0.416613 0.065334 0.007198 1 32 1.000000
c_metrocop_hands_sheet
  32 -25.645714 -1.482840 -23.767298 -0.122595 -0.984331 -0.126742 0.071629 0.044059 1 32 1.000000
  32 -25.457968 -1.417925 -24.112452 -0.061525 -0.906999 -0.416613 0.065334 0.007198 1 32 1.000000
  32 -25.128227 -1.348819 -24.125189 0.694953 -0.688209 -0.208350 0.038758 0.002884 1 32 1.000000
c_metrocop_hands_sheet
  32 -25.297192 -1.380877 -23.792715 0.597049 -0.775131 0.206651 0.042546 0.040016 1 32 1.000000
  32 -25.645714 -1.482840 -23.767298 -0.122595 -0.984331 -0.126742 0.071629 0.044059 1 32 1.000000
  32 -25.128227 -1.348819 -24.125189 0.694953 -0.688209 -0.208350 0.038758 0.002884 1 32 1.000000
c_metrocop_hands_sheet
  32 -25.033987 -1.071337 -24.084549 0.994639 -0.049717 -0.090667 0.021255 0.003663 1 32 1.000000
  32 -25.297192 -1.380877 -23.792715 0.597049 -0.775131 0.206651 0.042546 0.040016 1 32 1.000000
  32 -25.128227 -1.348819 -24.125189 0.694953 -0.688209 -0.208350 0.038758 0.002884 1 32 1.000000
c_metrocop_hands_sheet
  32 -25.033987 -1.071337 -24.084549 0.994639 -0.049717 -0.090667 0.021255 0.003663 1 32 1.000000
  32 -25.150682 -1.088311 -23.728001 0.935315 -0.133520 0.327656 0.020199 0.042532 1 32 1.000000
  32 -25.297192 -1.380877 -23.792715 0.597049 -0.775131 0.206651 0.042546 0.040016 1 32 1.000000
c_metrocop_hands_sheet
  32 -25.150682 -1.088311 -23.728001 0.935315 -0.133520 0.327656 0.020199 0.042532 1 32 1.000000
  31 -25.431490 -1.327552 -23.355627 0.672063 -0.733283 0.103089 0.047884 0.076150 2 31 0.883958 32 0.116042
  32 -25.297192 -1.380877 -23.792715 0.597049 -0.775131 0.206651 0.042546 0.040016 1 32 1.000000
c_metrocop_hands_sheet
  32 -25.297192 -1.380877 -23.792715 0.597049 -0.775131 0.206651 0.042546 0.040016 1 32 1.000000
  31 -25.431490 -1.327552 -23.355627 0.672063 -0.733283 0.103089 0.047884 0.076150 2 31 0.883958 32 0.116042
  32 -25.704948 -1.476762 -23.404211 0.052127 -0.997525 -0.047183 0.072297 0.079988 2 32 0.612167 31 0.387833
c_metrocop_hands_sheet
  31 -25.431490 -1.327552 -23.355627 0.672063 -0.733283 0.103089 0.047884 0.076150 2 31 0.883958 32 0.116042
  31 -25.807301 -1.609843 -22.665741 0.029818 -0.992758 -0.116374 0.070286 0.145686 1 31 1.000000
  32 -25.704948 -1.476762 -23.404211 0.052127 -0.997525 -0.047183 0.072297 0.079988 2 32 0.612167 31 0.387833
c_metrocop_hands_sheet
  31 -25.807301 -1.609843 -22.665741 0.029818 -0.992758 -0.116374 0.070286 0.145686 1 31 1.000000
  31 -26.057758 -1.391583 -23.220364 -0.716394 -0.656544 -0.236071 0.090655 0.101782 1 31 1.000000
  32 -25.704948 -1.476762 -23.404211 0.052127 -0.997525 -0.047183 0.072297 0.079988 2 32 0.612167 31 0.387833
c_metrocop_hands_sheet
  31 -26.191751 -1.539192 -22.232824 -0.695683 -0.699254 -0.164528 0.086865 0.193071 1 31 1.000000
  31 -26.057758 -1.391583 -23.220364 -0.716394 -0.656544 -0.236071 0.090655 0.101782 1 31 1.000000
  31 -25.807301 -1.609843 -22.665741 0.029818 -0.992758 -0.116374 0.070286 0.145686 1 31 1.000000
c_metrocop_hands_sheet
  31 -26.057758 -1.391583 -23.220364 -0.716394 -0.656544 -0.236071 0.090655 0.101782 1 31 1.000000
  31 -26.191751 -1.539192 -22.232824 -0.695683 -0.699254 -0.164528 0.086865 0.193071 1 31 1.000000
  31 -26.269772 -1.221897 -22.242014 -0.984969 0.070712 -0.157595 0.104408 0.190407 1 31 1.000000
c_metrocop_hands_sheet
  31 -26.191751 -1.539192 -22.232824 -0.695683 -0.699254 -0.164528 0.086865 0.193071 1 31 1.000000
  30 -26.343414 -1.254609 -21.861822 -0.999665 0.017824 0.018741 0.104101 0.227915 1 30 1.000000
  31 -26.269772 -1.221897 -22.242014 -0.984969 0.070712 -0.157595 0.104408 0.190407 1 31 1.000000
c_metrocop_hands_sheet
  31 -26.269772 -1.221897 -22.242014 -0.984969 0.070712 -0.157595 0.104408 0.190407 1 31 1.000000
  30 -26.343414 -1.254609 -21.861822 -0.999665 0.017824 0.018741 0.104101 0.227915 1 30 1.000000
  30 -26.200994 -0.896287 -21.887327 -0.743356 0.668280 -0.028684 0.123557 0.220872 1 30 1.000000
c_metrocop_hands_sheet
  32 -25.297192 -1.380877 -23.792715 0.597049 -0.775131 0.206651 0.042546 0.040016 1 32 1.000000
  32 -25.704948 -1.476762 -23.404211 0.052127 -0.997525 -0.047183 0.072297 0.079988 2 32 0.612167 31 0.387833
  32 -25.645714 -1.482840 -23.767298 -0.122595 -0.984331 -0.126742 0.071629 0.044059 1 32 1.000000
c_metrocop_hands_sheet
  32 -25.704948 -1.476762 -23.404211 0.052127 -0.997525 -0.047183 0.072297 0.079988 2 32 0.612167 31 0.387833
  32 -25.984123 -1.369483 -23.485033 -0.708148 -0.650252 -0.275135 0.090088 0.073903 1 32 1.000000
  32 -25.645714 -1.482840 -23.767298 -0.122595 -0.984331 -0.126742 0.071629 0.044059 1 32 1.000000
c_metrocop_hands_sheet
  31 -26.057758 -1.391583 -23.220364 -0.716394 -0.656544 -0.236071 0.090655 0.101782 1 31 1.000000
  32 -25.984123 -1.369483 -23.485033 -0.708148 -0.650252 -0.275135 0.090088 0.073903 1 32 1.000000
  32 -25.704948 -1.476762 -23.404211 0.052127 -0.997525 -0.047183 0.072297 0.079988 2 32 0.612167 31 0.387833
c_metrocop_hands_sheet
  32 -25.984123 -1.369483 -23.485033 -0.708148 -0.650252 -0.275135 0.090088 0.073903 1 32 1.000000
  31 -26.057758 -1.391583 -23.220364 -0.716394 -0.656544 -0.236071 0.090655 0.101782 1 31 1.000000
  31 -26.171465 -1.131791 -23.093130 -0.986499 0.026978 -0.161532 0.104498 0.112823 1 31 1.000000
c_metrocop_hands_sheet
  31 -26.057758 -1.391583 -23.220364 -0.716394 -0.656544 -0.236071 0.090655 0.101782 1 31 1.000000
  31 -26.269772 -1.221897 -22.242014 -0.984969 0.070712 -0.157595 0.104408 0.190407 1 31 1.000000
  31 -26.171465 -1.131791 -23.093130 -0.986499 0.026978 -0.161532 0.104498 0.112823 1 31 1.000000
c_metrocop_hands_sheet
  31 -26.171465 -1.131791 -23.093130 -0.986499 0.026978 -0.161532 0.104498 0.112823 1 31 1.000000
  31 -26.269772 -1.221897 -22.242014 -0.984969 0.070712 -0.157595 0.104408 0.190407 1 31 1.000000
  31 -26.132587 -0.887063 -22.165882 -0.709972 0.694773 -0.115021 0.124111 0.193456 2 31 0.714969 30 0.285031
c_metrocop_hands_sheet
  31 -26.269772 -1.221897 -22.242014 -0.984969 0.070712 -0.157595 0.104408 0.190407 1 31 1.000000
  30 -26.200994 -0.896287 -21.887327 -0.743356 0.668280 -0.028684 0.123557 0.220872 1 30 1.000000
  31 -26.132587 -0.887063 -22.165882 -0.709972 0.694773 -0.115021 0.124111 0.193456 2 31 0.714969 30 0.285031
c_metrocop_hands_sheet
  32 -25.748272 -1.334716 -24.022585 -0.682356 -0.522253 -0.511509 0.088627 0.017658 1 32 1.000000
  32 -26.082474 -1.088703 -23.453152 -0.925495 0.121100 -0.358878 0.105357 0.075807 2 32 0.898315 31 0.101685
  32 -25.820498 -1.098718 -23.939970 -0.859695 0.110052 -0.498811 0.106040 0.026507 1 32 1.000000
c_metrocop_hands_sheet
  32 -25.820498 -1.098718 -23.939970 -0.859695 0.110052 -0.498811 0.106040 0.026507 1 32 1.000000
  32 -25.946926 -0.811258 -23.364483 -0.591530 0.779714 -0.205277 0.122351 0.080758 2 32 0.805679 31 0.194321
  32 -25.739256 -0.798940 -23.924330 -0.702619 0.612008 -0.363004 0.130463 0.029929 1 32 1.000000
c_metrocop_hands_sheet
  32 -25.820498 -1.098718 -23.939970 -0.859695 0.110052 -0.498811 0.106040 0.026507 1 32 1.000000
  32 -26.082474 -1.088703 -23.453152 -0.925495 0.121100 -0.358878 0.105357 0.075807 2 32 0.898315 31 0.101685
  32 -25.946926 -0.811258 -23.364483 -0.591530 0.779714 -0.205277 0.122351 0.080758 2 32 0.805679 31 0.194321
c_metrocop_hands_sheet
  32 -26.082474 -1.088703 -23.453152 -0.925495 0.121100 -0.358878 0.105357 0.075807 2 32 0.898315 31 0.101685
  31 -26.044380 -0.825098 -23.132307 -0.660527 0.743538 -0.104188 0.121061 0.104668 2 31 0.851169 32 0.148831
  32 -25.946926 -0.811258 -23.364483 -0.591530 0.779714 -0.205277 0.122351 0.080758 2 32 0.805679 31 0.194321
c_metrocop_hands_sheet
  32 -25.602005 -0.697339 -23.645483 -0.090335 0.993478 0.069579 0.141410 0.049717 1 32 1.000000
  32 -25.426962 -0.661709 -23.976856 -0.006683 0.989288 -0.145825 0.130463 0.029929 1 32 1.000000
  32 -25.739256 -0.798940 -23.924330 -0.702619 0.612008 -0.363004 0.130463 0.029929 1 32 1.000000
c_metrocop_hands_sheet
  32 -25.946926 -0.811258 -23.364483 -0.591530 0.779714 -0.205277 0.122351 0.080758 2 32 0.805679 31 0.194321
  32 -25.602005 -0.697339 -23.645483 -0.090335 0.993478 0.069579 0.141410 0.049717 1 32 1.000000
  32 -25.739256 -0.798940 -23.924330 -0.702619 0.612008 -0.363004 0.130463 0.029929 1 32 1.000000
c_metrocop_hands_sheet
  32 -25.682930 -0.741827 -23.309254 0.062076 0.994180 0.088046 0.138519 0.087766 2 32 0.601698 31 0.398302
  32 -25.602005 -0.697339 -23.645483 -0.090335 0.993478 0.069579 0.141410 0.049717 1 32 1.000000
  32 -25.946926 -0.811258 -23.364483 -0.591530 0.779714 -0.205277 0.122351 0.080758 2 32 0.805679 31 0.194321
c_metrocop_hands_sheet
  31 -26.044380 -0.825098 -23.132307 -0.660527 0.743538 -0.104188 0.121061 0.104668 2 31 0.851169 32 0.148831
  32 -25.682930 -0.741827 -23.309254 0.062076 0.994180 0.088046 0.138519 0.087766 2 32 0.601698 31 0.398302
  32 -25.946926 -0.811258 -23.364483 -0.591530 0.779714 -0.205277 0.122351 0.080758 2 32 0.805679 31 0.194321
c_metrocop_hands_sheet
  31 -25.783133 -0.759237 -22.578260 0.088322 0.992565 0.083747 0.139300 0.145927 2 31 0.887053 28 0.112947
  32 -25.682930 -0.741827 -23.309254 0.062076 0.994180 0.088046 0.138519 0.087766 2 32 0.601698 31 0.398302
  31 -26.044380 -0.825098 -23.132307 -0.660527 0.743538 -0.104188 0.121061 0.104668 2 31 0.851169 32 0.148831
c_metrocop_hands_sheet
  31 -25.783133 -0.759237 -22.578260 0.088322 0.992565 0.083747 0.139300 0.145927 2 31 0.887053 28 0.112947
  31 -26.044380 -0.825098 -23.132307 -0.660527 0.743538 -0.104188 0.121061 0.104668 2 31 0.851169 32 0.148831
  31 -26.132587 -0.887063 -22.165882 -0.709972 0.694773 -0.115021 0.124111 0.193456 2 31 0.714969 30 0.285031
c_metrocop_hands_sheet
  30 -25.976784 -0.789305 -22.048031 -0.131355 0.990600 -0.038177 0.134849 0.202368 1 30 1.000000
  31 -25.783133 -0.759237 -22.578260 0.088322 0.992565 0.083747 0.139300 0.145927 2 31 0.887053 28 0.112947
  31 -26.132587 -0.887063 -22.165882 -0.709972 0.694773 -0.115021 0.124111 0.193456 2 31 0.714969 30 0.285031
c_metrocop_hands_sheet
  30 -26.200994 -0.896287 -21.887327 -0.743356 0.668280 -0.028684 0.123557 0.220872 1 30 1.000000
  30 -25.976784 -0.789305 -22.048031 -0.131355 0.990600 -0.038177 0.134849 0.202368 1 30 1.000000
  31 -26.132587 -0.887063 -22.165882 -0.709972 0.694773 -0.115021 0.124111 0.193456 2 31 0.714969 30 0.285031
c_metrocop_hands_sheet
  30 -25.789520 -0.753617 -21.449280 -0.130500 0.932882 -0.335710 0.149867 0.248300 2 30 0.567880 27 0.432120
  30 -25.976784 -0.789305 -22.048031 -0.131355 0.990600 -0.038177 0.134849 0.202368 1 30 1.000000
  30 -26.200994 -0.896287 -21.887327 -0.743356 0.668280 -0.028684 0.123557 0.220872 1 30 1.000000
c_metrocop_hands_sheet
  30 -26.090919 -0.786978 -21.309484 -0.658653 0.752285 0.015599 0.135430 0.267373 1 30 1.000000
  30 -25.789520 -0.753617 -21.449280 -0.130500 0.932882 -0.335710 0.149867 0.248300 2 30 0.567880 27 0.432120
  30 -26.200994 -0.896287 -21.887327 -0.743356 0.668280 -0.028684 0.123557 0.220872 1 30 1.000000
c_metrocop_hands_sheet
  30 -26.102911 -1.010052 -20.768808 -0.978997 0.130288 0.156811 0.128660 0.315914 1 30 1.000000
  30 -26.200994 -0.896287 -21.887327 -0.743356 0.668280 -0.028684 0.123557 0.220872 1 30 1.000000
  30 -26.343414 -1.254609 -21.861822 -0.999665 0.017824 0.018741 0.104101 0.227915 1 30 1.000000
c_metrocop_hands_sheet
  30 -26.090919 -0.786978 -21.309484 -0.658653 0.752285 0.015599 0.135430 0.267373 1 30 1.000000
  30 -26.200994 -0.896287 -21.887327 -0.743356 0.668280 -0.028684 0.123557 0.220872 1 30 1.000000
  30 -26.102911 -1.010052 -20.768808 -0.978997 0.130288 0.156811 0.128660 0.315914 1 30 1.000000
c_metrocop_hands_sheet
  30 -25.945501 -0.743942 -20.977871 -0.818917 0.559170 -0.129244 0.146732 0.297083 1 30 1.000000
  30 -26.090919 -0.786978 -21.309484 -0.658653 0.752285 0.015599 0.135430 0.267373 1 30 1.000000
  30 -26.102911 -1.010052 -20.768808 -0.978997 0.130288 0.156811 0.128660 0.315914 1 30 1.000000
c_metrocop_hands_sheet
  30 -25.945501 -0.743942 -20.977871 -0.818917 0.559170 -0.129244 0.146732 0.297083 1 30 1.000000
  27 -25.627317 -0.646713 -21.337494 -0.281173 0.683355 -0.673772 0.149867 0.248300 2 27 0.894565 28 0.105435
  30 -26.090919 -0.786978 -21.309484 -0.658653 0.752285 0.015599 0.135430 0.267373 1 30 1.000000
c_metrocop_hands_sheet
  27 -25.627317 -0.646713 -21.337494 -0.281173 0.683355 -0.673772 0.149867 0.248300 2 27 0.894565 28 0.105435
  30 -25.789520 -0.753617 -21.449280 -0.130500 0.932882 -0.335710 0.149867 0.248300 2 30 0.567880 27 0.432120
  30 -26.090919 -0.786978 -21.309484 -0.658653 0.752285 0.015599 0.135430 0.267373 1 30 1.000000
c_metrocop_hands_sheet
  27 -25.627317 -0.646713 -21.337494 -0.281173 0.683355 -0.673772 0.149867 0.248300 2 27 0.894565 28 0.105435
  30 -25.501032 -0.881059 -21.673639 0.611300 0.709604 -0.350392 0.165750 0.227387 2 30 0.713688 31 0.286312
  30 -25.789520 -0.753617 -21.449280 -0.130500 0.932882 -0.335710 0.149867 0.248300 2 30 0.567880 27 0.432120
c_metrocop_hands_sheet
  30 -25.976784 -0.789305 -22.048031 -0.131355 0.990600 -0.038177 0.134849 0.202368 1 30 1.000000
  30 -25.789520 -0.753617 -21.449280 -0.130500 0.932882 -0.335710 0.149867 0.248300 2 30 0.567880 27 0.432120
  30 -25.501032 -0.881059 -21.673639 0.611300 0.709604 -0.350392 0.165750 0.227387 2 30 0.713688 31 0.286312
c_metrocop_hands_sheet
  30 -25.976784 -0.789305 -22.048031 -0.131355 0.990600 -0.038177 0.134849 0.202368 1 30 1.000000
  30 -25.501032 -0.881059 -21.673639 0.611300 0.709604 -0.350392 0.165750 0.227387 2 30 0.713688 31 0.286312
  30 -25.549231 -0.961897 -22.125570 0.713811 0.700321 -0.004914 0.165732 0.191284 2 30 0.690078 31 0.309922
c_metrocop_hands_sheet
  31 -25.783133 -0.759237 -22.578260 0.088322 0.992565 0.083747 0.139300 0.145927 2 31 0.887053 28 0.112947
  30 -25.976784 -0.789305 -22.048031 -0.131355 0.990600 -0.038177 0.134849 0.202368 1 30 1.000000
  30 -25.549231 -0.961897 -22.125570 0.713811 0.700321 -0.004914 0.165732 0.191284 2 30 0.690078 31 0.309922
c_metrocop_hands_sheet
  31 -25.783133 -0.759237 -22.578260 0.088322 0.992565 0.083747 0.139300 0.145927 2 31 0.887053 28 0.112947
  30 -25.549231 -0.961897 -22.125570 0.713811 0.700321 -0.004914 0.165732 0.191284 2 30 0.690078 31 0.309922
  31 -25.509388 -0.882309 -22.676683 0.716468 0.685124 0.131445 0.160762 0.132278 1 31 1.000000
c_metrocop_hands_sheet
  32 -25.682930 -0.741827 -23.309254 0.062076 0.994180 0.088046 0.138519 0.087766 2 32 0.601698 31 0.398302
  31 -25.783133 -0.759237 -22.578260 0.088322 0.992565 0.083747 0.139300 0.145927 2 31 0.887053 28 0.112947
  31 -25.509388 -0.882309 -22.676683 0.716468 0.685124 0.131445 0.160762 0.132278 1 31 1.000000
c_metrocop_hands_sheet
  32 -25.682930 -0.741827 -23.309254 0.062076 0.994180 0.088046 0.138519 0.087766 2 32 0.601698 31 0.398302
  31 -25.509388 -0.882309 -22.676683 0.716468 0.685124 0.131445 0.160762 0.132278 1 31 1.000000
  31 -25.414030 -0.858912 -23.276812 0.672035 0.696357 0.251906 0.157662 0.080594 1 31 1.000000
c_metrocop_hands_sheet
  32 -25.602005 -0.697339 -23.645483 -0.090335 0.993478 0.069579 0.141410 0.049717 1 32 1.000000
  32 -25.682930 -0.741827 -23.309254 0.062076 0.994180 0.088046 0.138519 0.087766 2 32 0.601698 31 0.398302
  31 -25.414030 -0.858912 -23.276812 0.672035 0.696357 0.251906 0.157662 0.080594 1 31 1.000000
c_metrocop_hands_sheet
  32 -25.602005 -0.697339 -23.645483 -0.090335 0.993478 0.069579 0.141410 0.049717 1 32 1.000000
  31 -25.414030 -0.858912 -23.276812 0.672035 0.696357 0.251906 0.157662 0.080594 1 31 1.000000
  32 -25.264526 -0.776801 -23.651810 0.641732 0.691846 0.330953 0.159344 0.044791 1 32 1.000000
c_metrocop_hands_sheet
  32 -25.426962 -0.661709 -23.976856 -0.006683 0.989288 -0.145825 0.130463 0.029929 1 32 1.000000
  32 -25.602005 -0.697339 -23.645483 -0.090335 0.993478 0.069579 0.141410 0.049717 1 32 1.000000
  32 -25.264526 -0.776801 -23.651810 0.641732 0.691846 0.330953 0.159344 0.044791 1 32 1.000000
c_metrocop_hands_sheet
  32 -25.426962 -0.661709 -23.976856 -0.006683 0.989288 -0.145825 0.130463 0.029929 1 32 1.000000
  32 -25.264526 -0.776801 -23.651810 0.641732 0.691846 0.330953 0.159344 0.044791 1 32 1.000000
  32 -25.118811 -0.775698 -24.027443 0.741285 0.666999 -0.074894 0.160044 0.009944 1 32 1.000000
c_metrocop_hands_sheet
  32 -25.118811 -0.775698 -24.027443 0.741285 0.666999 -0.074894 0.160044 0.009944 1 32 1.000000
  32 -25.264526 -0.776801 -23.651810 0.641732 0.691846 0.330953 0.159344 0.044791 1 32 1.000000
  32 -25.150682 -1.088311 -23.728001 0.935315 -0.133520 0.327656 0.185589 0.040828 1 32 1.000000
c_metrocop_hands_sheet
  32 -25.118811 -0.775698 -24.027443 0.741285 0.666999 -0.074894 0.160044 0.009944 1 32 1.000000
  32 -25.150682 -1.088311 -23.728001 0.935315 -0.133520 0.327656 0.185589 0.040828 1 32 1.000000
  32 -25.033987 -1.071337 -24.084549 0.994639 -0.049717 -0.090667 0.174294 0.005063 1 32 1.000000
c_metrocop_hands_sheet
  32 -25.264526 -0.776801 -23.651810 0.641732 0.691846 0.330953 0.159344 0.044791 1 32 1.000000
  31 -25.299517 -1.123616 -23.310097 0.966227 -0.115697 0.230259 0.178066 0.077405 1 31 1.000000
  32 -25.150682 -1.088311 -23.728001 0.935315 -0.133520 0.327656 0.185589 0.040828 1 32 1.000000
c_metrocop_hands_sheet
  32 -25.264526 -0.776801 -23.651810 0.641732 0.691846 0.330953 0.159344 0.044791 1 32 1.000000
  31 -25.414030 -0.858912 -23.276812 0.672035 0.696357 0.251906 0.157662 0.080594 1 31 1.000000
  31 -25.299517 -1.123616 -23.310097 0.966227 -0.115697 0.230259 0.178066 0.077405 1 31 1.000000
c_metrocop_hands_sheet
  31 -25.414030 -0.858912 -23.276812 0.672035 0.696357 0.251906 0.157662 0.080594 1 31 1.000000
  31 -25.380398 -1.192511 -22.735365 0.993098 -0.046023 0.107881 0.184435 0.127086 1 31 1.000000
  31 -25.299517 -1.123616 -23.310097 0.966227 -0.115697 0.230259 0.178066 0.077405 1 31 1.000000
c_metrocop_hands_sheet
  31 -25.414030 -0.858912 -23.276812 0.672035 0.696357 0.251906 0.157662 0.080594 1 31 1.000000
  31 -25.509388 -0.882309 -22.676683 0.716468 0.685124 0.131445 0.160762 0.132278 1 31 1.000000
  31 -25.380398 -1.192511 -22.735365 0.993098 -0.046023 0.107881 0.184435 0.127086 1 31 1.000000
c_metrocop_hands_sheet
  31 -25.509388 -0.882309 -22.676683 0.716468 0.685124 0.131445 0.160762 0.132278 1 31 1.000000
  30 -25.427040 -1.240443 -22.153313 0.998552 -0.044070 -0.030858 0.184228 0.190763 2 30 0.623735 31 0.376265
  31 -25.380398 -1.192511 -22.735365 0.993098 -0.046023 0.107881 0.184435 0.127086 1 31 1.000000
c_metrocop_hands_sheet
  31 -25.509388 -0.882309 -22.676683 0.716468 0.685124 0.131445 0.160762 0.132278 1 31 1.000000
  30 -25.549231 -0.961897 -22.125570 0.713811 0.700321 -0.004914 0.165732 0.191284 2 30 0.690078 31 0.309922
  30 -25.427040 -1.240443 -22.153313 0.998552 -0.044070 -0.030858 0.184228 0.190763 2 30 0.623735 31 0.376265
c_metrocop_hands_sheet
  32 -25.482805 -1.150936 -24.412268 -0.461936 -0.315174 -0.829024 0.036070 0.450726 1 32 1.000000
  32 -25.820498 -1.098718 -23.939970 -0.859695 0.110052 -0.498811 0.032373 0.492022 1 32 1.000000
  32 -25.739256 -0.798940 -23.924330 -0.702619 0.612008 -0.363004 0.057717 0.494713 1 32 1.000000
c_metrocop_hands_sheet
  32 -25.748272 -1.334716 -24.022585 -0.682356 -0.522253 -0.511509 0.015938 0.467075 1 32 1.000000
  32 -25.820498 -1.098718 -23.939970 -0.859695 0.110052 -0.498811 0.032373 0.492022 1 32 1.000000
  32 -25.482805 -1.150936 -24.412268 -0.461936 -0.315174 -0.829024 0.036070 0.450726 1 32 1.000000
c_metrocop_hands_sheet
  32 -25.457968 -1.417925 -24.112452 -0.061525 -0.906999 -0.416613 0.015860 0.417150 1 32 1.000000
  32 -25.748272 -1.334716 -24.022585 -0.682356 -0.522253 -0.511509 0.015938 0.467075 1 32 1.000000
  32 -25.482805 -1.150936 -24.412268 -0.461936 -0.315174 -0.829024 0.036070 0.450726 1 32 1.000000
c_metrocop_hands_sheet
  32 -25.457968 -1.417925 -24.112452 -0.061525 -0.906999 -0.416613 0.015860 0.417150 1 32 1.000000
  32 -25.482805 -1.150936 -24.412268 -0.461936 -0.315174 -0.829024 0.036070 0.450726 1 32 1.000000
  32 -25.268101 -1.137174 -24.424854 0.421166 -0.391655 -0.818062 0.043961 0.417292 1 32 1.000000
c_metrocop_hands_sheet
  32 -25.128227 -1.348819 -24.125189 0.694953 -0.688209 -0.208350 0.035114 0.374158 1 32 1.000000
  32 -25.457968 -1.417925 -24.112452 -0.061525 -0.906999 -0.416613 0.015860 0.417150 1 32 1.000000
  32 -25.268101 -1.137174 -24.424854 0.421166 -0.391655 -0.818062 0.043961 0.417292 1 32 1.000000
c_metrocop_hands_sheet
  32 -25.221714 -0.954440 -24.397310 0.603005 0.349352 -0.717174 0.060786 0.420375 1 32 1.000000
  32 -25.128227 -1.348819 -24.125189 0.694953 -0.688209 -0.208350 0.035114 0.374158 1 32 1.000000
  32 -25.268101 -1.137174 -24.424854 0.421166 -0.391655 -0.818062 0.043961 0.417292 1 32 1.000000
c_metrocop_hands_sheet
  32 -25.221714 -0.954440 -24.397310 0.603005 0.349352 -0.717174 0.060786 0.420375 1 32 1.000000
  32 -25.033987 -1.071337 -24.084549 0.994639 -0.049717 -0.090667 0.060310 0.373431 1 32 1.000000
  32 -25.128227 -1.348819 -24.125189 0.694953 -0.688209 -0.208350 0.035114 0.374158 1 32 1.000000
c_metrocop_hands_sheet
  32 -25.118811 -0.775698 -24.027443 0.741285 0.666999 -0.074894 0.082402 0.401688 1 32 1.000000
  32 -25.033987 -1.071337 -24.084549 0.994639 -0.049717 -0.090667 0.060310 0.373431 1 32 1.000000
  32 -25.221714 -0.954440 -24.397310 0.603005 0.349352 -0.717174 0.060786 0.420375 1 32 1.000000
c_metrocop_hands_sheet
  32 -25.118811 -0.775698 -24.027443 0.741285 0.666999 -0.074894 0.082402 0.401688 1 32 1.000000
  32 -25.221714 -0.954440 -24.397310 0.603005 0.349352 -0.717174 0.060786 0.420375 1 32 1.000000
  32 -25.445108 -0.827971 -24.359509 -0.287947 0.659520 -0.694349 0.064508 0.462910 1 32 1.000000
c_metrocop_hands_sheet
  32 -25.426962 -0.661709 -23.976856 -0.006683 0.989288 -0.145825 0.081600 0.461840 1 32 1.000000
  32 -25.118811 -0.775698 -24.027443 0.741285 0.666999 -0.074894 0.082402 0.401688 1 32 1.000000
  32 -25.445108 -0.827971 -24.359509 -0.287947 0.659520 -0.694349 0.064508 0.462910 1 32 1.000000
c_metrocop_hands_sheet
  32 -25.739256 -0.798940 -23.924330 -0.702619 0.612008 -0.363004 0.057717 0.494713 1 32 1.000000
  32 -25.426962 -0.661709 -23.976856 -0.006683 0.989288 -0.145825 0.081600 0.461840 1 32 1.000000
  32 -25.445108 -0.827971 -24.359509 -0.287947 0.659520 -0.694349 0.064508 0.462910 1 32 1.000000
c_metrocop_hands_sheet
  32 -25.482805 -1.150936 -24.412268 -0.461936 -0.315174 -0.829024 0.036070 0.450726 1 32 1.000000
  32 -25.739256 -0.798940 -23.924330 -0.702619 0.612008 -0.363004 0.057717 0.494713 1 32 1.000000
  32 -25.445108 -0.827971 -24.359509 -0.287947 0.659520 -0.694349 0.064508 0.462910 1 32 1.000000
c_metrocop_hands_sheet
  32 -25.482805 -1.150936 -24.412268 -0.461936 -0.315174 -0.829024 0.036070 0.450726 1 32 1.000000
  32 -25.445108 -0.827971 -24.359509 -0.287947 0.659520 -0.694349 0.064508 0.462910 1 32 1.000000
  32 -25.363983 -1.012112 -24.457209 -0.070924 0.151130 -0.985966 0.050778 0.439815 1 32 1.000000
c_metrocop_hands_sheet
  32 -25.268101 -1.137174 -24.424854 0.421166 -0.391655 -0.818062 0.043961 0.417292 1 32 1.000000
  32 -25.482805 -1.150936 -24.412268 -0.461936 -0.315174 -0.829024 0.036070 0.450726 1 32 1.000000
  32 -25.363983 -1.012112 -24.457209 -0.070924 0.151130 -0.985966 0.050778 0.439815 1 32 1.000000
c_metrocop_hands_sheet
  32 -25.363983 -1.012112 -24.457209 -0.070924 0.151130 -0.985966 0.050778 0.439815 1 32 1.000000
  32 -25.221714 -0.954440 -24.397310 0.603005 0.349352 -0.717174 0.060786 0.420375 1 32 1.000000
  32 -25.268101 -1.137174 -24.424854 0.421166 -0.391655 -0.818062 0.043961 0.417292 1 32 1.000000
c_metrocop_hands_sheet
  32 -25.363983 -1.012112 -24.457209 -0.070924 0.151130 -0.985966 0.050778 0.439815 1 32 1.000000
  32 -25.445108 -0.827971 -24.359509 -0.287947 0.659520 -0.694349 0.064508 0.462910 1 32 1.000000
  32 -25.221714 -0.954440 -24.397310 0.603005 0.349352 -0.717174 0.060786 0.420375 1 32 1.000000
c_metrocop_hands_sheet
  35 -25.500290 -1.778787 -23.369144 0.642279 0.730756 0.231245 0.004894 0.050218 1 35 1.000000
  35 -25.427650 -2.168484 -23.094109 0.996639 -0.034548 0.074279 0.025178 0.079559 2 35 0.533018 34 0.466982
  35 -25.381060 -2.051339 -23.409420 0.989819 0.019228 0.141024 0.020199 0.042532 2 35 0.894827 34 0.105173
c_metrocop_hands_sheet
  35 -25.500290 -1.778787 -23.369144 0.642279 0.730756 0.231245 0.004894 0.050218 1 35 1.000000
  35 -25.572788 -1.861722 -23.022163 0.678265 0.711042 0.185405 0.004340 0.085527 2 35 0.599461 34 0.400539
  35 -25.427650 -2.168484 -23.094109 0.996639 -0.034548 0.074279 0.025178 0.079559 2 35 0.533018 34 0.466982
c_metrocop_hands_sheet
  35 -25.572788 -1.861722 -23.022163 0.678265 0.711042 0.185405 0.004340 0.085527 2 35 0.599461 34 0.400539
  34 -25.441404 -2.224252 -22.587029 0.998684 0.030060 0.041561 0.023957 0.129689 2 34 0.927706 35 0.072294
  35 -25.427650 -2.168484 -23.094109 0.996639 -0.034548 0.074279 0.025178 0.079559 2 35 0.533018 34 0.466982
c_metrocop_hands_sheet
  35 -25.572788 -1.861722 -23.022163 0.678265 0.711042 0.185405 0.004340 0.085527 2 35 0.599461 34 0.400539
  34 -25.600378 -1.904359 -22.523117 0.674079 0.732215 0.097355 0.004888 0.135312 1 34 1.000000
  34 -25.441404 -2.224252 -22.587029 0.998684 0.030060 0.041561 0.023957 0.129689 2 34 0.927706 35 0.072294
c_metrocop_hands_sheet
  35 -25.498562 -2.349536 -23.450081 0.755781 -0.654820 0.002528 0.042546 0.040016 1 35 1.000000
  35 -25.794279 -2.554033 -23.159199 0.148326 -0.978332 -0.144452 0.072297 0.079988 1 35 1.000000
  35 -25.784908 -2.509689 -23.492596 0.046390 -0.978328 -0.201796 0.071629 0.044059 1 35 1.000000
c_metrocop_hands_sheet
  35 -25.498562 -2.349536 -23.450081 0.755781 -0.654820 0.002528 0.042546 0.040016 1 35 1.000000
  35 -25.533646 -2.411504 -23.102924 0.743269 -0.664710 -0.075571 0.047884 0.076150 2 35 0.771194 34 0.228806
  35 -25.794279 -2.554033 -23.159199 0.148326 -0.978332 -0.144452 0.072297 0.079988 1 35 1.000000
c_metrocop_hands_sheet
  35 -25.533646 -2.411504 -23.102924 0.743269 -0.664710 -0.075571 0.047884 0.076150 2 35 0.771194 34 0.228806
  34 -25.857563 -2.700039 -22.451328 0.110875 -0.987303 -0.113750 0.070286 0.145686 1 34 1.000000
  35 -25.794279 -2.554033 -23.159199 0.148326 -0.978332 -0.144452 0.072297 0.079988 1 35 1.000000
c_metrocop_hands_sheet
  35 -25.533646 -2.411504 -23.102924 0.743269 -0.664710 -0.075571 0.047884 0.076150 2 35 0.771194 34 0.228806
  34 -25.551107 -2.508686 -22.592819 0.747909 -0.661206 -0.058635 0.048057 0.130867 1 34 1.000000
  34 -25.857563 -2.700039 -22.451328 0.110875 -0.987303 -0.113750 0.070286 0.145686 1 34 1.000000
c_metrocop_hands_sheet
  34 -25.551107 -2.508686 -22.592819 0.747909 -0.661206 -0.058635 0.048057 0.130867 1 34 1.000000
  33 -25.878456 -2.711223 -21.991821 0.107147 -0.992412 -0.060309 0.067567 0.193734 2 33 0.860180 34 0.139820
  34 -25.857563 -2.700039 -22.451328 0.110875 -0.987303 -0.113750 0.070286 0.145686 1 34 1.000000
c_metrocop_hands_sheet
  34 -25.551107 -2.508686 -22.592819 0.747909 -0.661206 -0.058635 0.048057 0.130867 1 34 1.000000
  33 -25.590347 -2.578410 -22.031475 0.701020 -0.702277 -0.124005 0.047824 0.188663 1 33 1.000000
  33 -25.878456 -2.711223 -21.991821 0.107147 -0.992412 -0.060309 0.067567 0.193734 2 33 0.860180 34 0.139820
c_metrocop_hands_sheet
  34 -25.441404 -2.224252 -22.587029 0.998684 0.030060 0.041561 0.023957 0.129689 2 34 0.927706 35 0.072294
  33 -25.590347 -2.578410 -22.031475 0.701020 -0.702277 -0.124005 0.047824 0.188663 1 33 1.000000
  34 -25.551107 -2.508686 -22.592819 0.747909 -0.661206 -0.058635 0.048057 0.130867 1 34 1.000000
c_metrocop_hands_sheet
  34 -25.441404 -2.224252 -22.587029 0.998684 0.030060 0.041561 0.023957 0.129689 2 34 0.927706 35 0.072294
  33 -25.471575 -2.244471 -22.020016 0.991306 0.071594 -0.110391 0.023846 0.186862 2 33 0.646886 34 0.353114
  33 -25.590347 -2.578410 -22.031475 0.701020 -0.702277 -0.124005 0.047824 0.188663 1 33 1.000000
c_metrocop_hands_sheet
  34 -25.600378 -1.904359 -22.523117 0.674079 0.732215 0.097355 0.004888 0.135312 1 34 1.000000
  33 -25.471575 -2.244471 -22.020016 0.991306 0.071594 -0.110391 0.023846 0.186862 2 33 0.646886 34 0.353114
  34 -25.441404 -2.224252 -22.587029 0.998684 0.030060 0.041561 0.023957 0.129689 2 34 0.927706 35 0.072294
c_metrocop_hands_sheet
  34 -25.600378 -1.904359 -22.523117 0.674079 0.732215 0.097355 0.004888 0.135312 1 34 1.000000
  34 -25.623432 -1.957090 -21.987526 0.637053 0.770478 -0.022951 0.004123 0.189258 2 34 0.557712 33 0.442288
  33 -25.471575 -2.244471 -22.020016 0.991306 0.071594 -0.110391 0.023846 0.186862 2 33 0.646886 34 0.353114
c_metrocop_hands_sheet
  35 -25.427650 -2.168484 -23.094109 0.996639 -0.034548 0.074279 0.025178 0.079559 2 35 0.533018 34 0.466982
  34 -25.441404 -2.224252 -22.587029 0.998684 0.030060 0.041561 0.023957 0.129689 2 34 0.927706 35 0.072294
  34 -25.551107 -2.508686 -22.592819 0.747909 -0.661206 -0.058635 0.048057 0.130867 1 34 1.000000
c_metrocop_hands_sheet
  35 -25.427650 -2.168484 -23.094109 0.996639 -0.034548 0.074279 0.025178 0.079559 2 35 0.533018 34 0.466982
  34 -25.551107 -2.508686 -22.592819 0.747909 -0.661206 -0.058635 0.048057 0.130867 1 34 1.000000
  35 -25.533646 -2.411504 -23.102924 0.743269 -0.664710 -0.075571 0.047884 0.076150 2 35 0.771194 34 0.228806
c_metrocop_hands_sheet
  35 -25.381060 -2.051339 -23.409420 0.989819 0.019228 0.141024 0.020199 0.042532 2 35 0.894827 34 0.105173
  35 -25.427650 -2.168484 -23.094109 0.996639 -0.034548 0.074279 0.025178 0.079559 2 35 0.533018 34 0.466982
  35 -25.533646 -2.411504 -23.102924 0.743269 -0.664710 -0.075571 0.047884 0.076150 2 35 0.771194 34 0.228806
c_metrocop_hands_sheet
  35 -25.381060 -2.051339 -23.409420 0.989819 0.019228 0.141024 0.020199 0.042532 2 35 0.894827 34 0.105173
  35 -25.533646 -2.411504 -23.102924 0.743269 -0.664710 -0.075571 0.047884 0.076150 2 35 0.771194 34 0.228806
  35 -25.498562 -2.349536 -23.450081 0.755781 -0.654820 0.002528 0.042546 0.040016 1 35 1.000000
c_metrocop_hands_sheet
  35 -25.340649 -2.022380 -23.812456 0.980244 0.034916 -0.194686 0.021255 0.003663 1 35 1.000000
  35 -25.381060 -2.051339 -23.409420 0.989819 0.019228 0.141024 0.020199 0.042532 2 35 0.894827 34 0.105173
  35 -25.498562 -2.349536 -23.450081 0.755781 -0.654820 0.002528 0.042546 0.040016 1 35 1.000000
c_metrocop_hands_sheet
  35 -25.340649 -2.022380 -23.812456 0.980244 0.034916 -0.194686 0.021255 0.003663 1 35 1.000000
  35 -25.498562 -2.349536 -23.450081 0.755781 -0.654820 0.002528 0.042546 0.040016 1 35 1.000000
  35 -25.409582 -2.290103 -23.835310 0.777874 -0.568784 -0.267201 0.038758 0.002884 1 35 1.000000
c_metrocop_hands_sheet
  35 -25.409582 -2.290103 -23.835310 0.777874 -0.568784 -0.267201 0.038758 0.002884 1 35 1.000000
  35 -25.498562 -2.349536 -23.450081 0.755781 -0.654820 0.002528 0.042546 0.040016 1 35 1.000000
  35 -25.784908 -2.509689 -23.492596 0.046390 -0.978328 -0.201796 0.071629 0.044059 1 35 1.000000
c_metrocop_hands_sheet
  35 -25.409582 -2.290103 -23.835310 0.777874 -0.568784 -0.267201 0.038758 0.002884 1 35 1.000000
  35 -25.784908 -2.509689 -23.492596 0.046390 -0.978328 -0.201796 0.071629 0.044059 1 35 1.000000
  35 -25.699133 -2.424804 -23.866070 0.000427 -0.878215 -0.478266 0.065334 0.007198 1 35 1.000000
c_metrocop_hands_sheet
  35 -25.784908 -2.509689 -23.492596 0.046390 -0.978328 -0.201796 0.071629 0.044059 1 35 1.000000
  35 -25.953918 -2.334599 -23.758333 -0.696672 -0.545660 -0.465728 0.088627 0.017658 1 35 1.000000
  35 -25.699133 -2.424804 -23.866070 0.000427 -0.878215 -0.478266 0.065334 0.007198 1 35 1.000000
c_metrocop_hands_sheet
  35 -26.095375 -2.481714 -23.208797 -0.631657 -0.746929 -0.207621 0.090088 0.073903 1 35 1.000000
  35 -25.953918 -2.334599 -23.758333 -0.696672 -0.545660 -0.465728 0.088627 0.017658 1 35 1.000000
  35 -25.784908 -2.509689 -23.492596 0.046390 -0.978328 -0.201796 0.071629 0.044059 1 35 1.000000
c_metrocop_hands_sheet
  35 -25.794279 -2.554033 -23.159199 0.148326 -0.978332 -0.144452 0.072297 0.079988 1 35 1.000000
  35 -26.095375 -2.481714 -23.208797 -0.631657 -0.746929 -0.207621 0.090088 0.073903 1 35 1.000000
  35 -25.784908 -2.509689 -23.492596 0.046390 -0.978328 -0.201796 0.071629 0.044059 1 35 1.000000
c_metrocop_hands_sheet
  34 -26.133392 -2.503674 -22.923428 -0.699592 -0.690859 -0.182442 0.090655 0.101782 1 34 1.000000
  35 -26.095375 -2.481714 -23.208797 -0.631657 -0.746929 -0.207621 0.090088 0.073903 1 35 1.000000
  35 -25.794279 -2.554033 -23.159199 0.148326 -0.978332 -0.144452 0.072297 0.079988 1 35 1.000000
c_metrocop_hands_sheet
  34 -25.857563 -2.700039 -22.451328 0.110875 -0.987303 -0.113750 0.070286 0.145686 1 34 1.000000
  34 -26.133392 -2.503674 -22.923428 -0.699592 -0.690859 -0.182442 0.090655 0.101782 1 34 1.000000
  35 -25.794279 -2.554033 -23.159199 0.148326 -0.978332 -0.144452 0.072297 0.079988 1 35 1.000000
c_metrocop_hands_sheet
  34 -26.210922 -2.655159 -22.007746 -0.647127 -0.760564 -0.052614 0.086865 0.193071 1 34 1.000000
  34 -26.133392 -2.503674 -22.923428 -0.699592 -0.690859 -0.182442 0.090655 0.101782 1 34 1.000000
  34 -25.857563 -2.700039 -22.451328 0.110875 -0.987303 -0.113750 0.070286 0.145686 1 34 1.000000
c_metrocop_hands_sheet
  33 -25.878456 -2.711223 -21.991821 0.107147 -0.992412 -0.060309 0.067567 0.193734 2 33 0.860180 34 0.139820
  34 -26.210922 -2.655159 -22.007746 -0.647127 -0.760564 -0.052614 0.086865 0.193071 1 34 1.000000
  34 -25.857563 -2.700039 -22.451328 0.110875 -0.987303 -0.113750 0.070286 0.145686 1 34 1.000000
c_metrocop_hands_sheet
  33 -26.214724 -2.646269 -21.787729 -0.673339 -0.733884 0.089604 0.088128 0.219483 1 33 1.000000
  34 -26.210922 -2.655159 -22.007746 -0.647127 -0.760564 -0.052614 0.086865 0.193071 1 34 1.000000
  33 -25.878456 -2.711223 -21.991821 0.107147 -0.992412 -0.060309 0.067567 0.193734 2 33 0.860180 34 0.139820
c_metrocop_hands_sheet
  33 -25.787331 -2.749405 -21.484747 0.014157 -0.999800 0.014097 0.057869 0.251974 1 33 1.000000
  33 -26.214724 -2.646269 -21.787729 -0.673339 -0.733884 0.089604 0.088128 0.219483 1 33 1.000000
  33 -25.878456 -2.711223 -21.991821 0.107147 -0.992412 -0.060309 0.067567 0.193734 2 33 0.860180 34 0.139820
c_metrocop_hands_sheet
  33 -25.590347 -2.578410 -22.031475 0.701020 -0.702277 -0.124005 0.047824 0.188663 1 33 1.000000
  33 -25.787331 -2.749405 -21.484747 0.014157 -0.999800 0.014097 0.057869 0.251974 1 33 1.000000
  33 -25.878456 -2.711223 -21.991821 0.107147 -0.992412 -0.060309 0.067567 0.193734 2 33 0.860180 34 0.139820
c_metrocop_hands_sheet
  33 -25.590347 -2.578410 -22.031475 0.701020 -0.702277 -0.124005 0.047824 0.188663 1 33 1.000000
  33 -25.467403 -2.593762 -21.586946 0.666895 -0.689242 -0.283190 0.040672 0.231740 1 33 1.000000
  33 -25.787331 -2.749405 -21.484747 0.014157 -0.999800 0.014097 0.057869 0.251974 1 33 1.000000
c_metrocop_hands_sheet
  33 -25.471575 -2.244471 -22.020016 0.991306 0.071594 -0.110391 0.023846 0.186862 2 33 0.646886 34 0.353114
  33 -25.467403 -2.593762 -21.586946 0.666895 -0.689242 -0.283190 0.040672 0.231740 1 33 1.000000
  33 -25.590347 -2.578410 -22.031475 0.701020 -0.702277 -0.124005 0.047824 0.188663 1 33 1.000000
c_metrocop_hands_sheet
  33 -25.471575 -2.244471 -22.020016 0.991306 0.071594 -0.110391 0.023846 0.186862 2 33 0.646886 34 0.353114
  33 -25.361952 -2.227182 -21.627121 0.925929 0.151801 -0.345851 0.024823 0.226139 1 33 1.000000
  33 -25.467403 -2.593762 -21.586946 0.666895 -0.689242 -0.283190 0.040672 0.231740 1 33 1.000000
c_metrocop_hands_sheet
  34 -25.623432 -1.957090 -21.987526 0.637053 0.770478 -0.022951 0.004123 0.189258 2 34 0.557712 33 0.442288
  33 -25.361952 -2.227182 -21.627121 0.925929 0.151801 -0.345851 0.024823 0.226139 1 33 1.000000
  33 -25.471575 -2.244471 -22.020016 0.991306 0.071594 -0.110391 0.023846 0.186862 2 33 0.646886 34 0.353114
c_metrocop_hands_sheet
  34 -25.623432 -1.957090 -21.987526 0.637053 0.770478 -0.022951 0.004123 0.189258 2 34 0.557712 33 0.442288
  33 -25.524014 -1.965821 -21.596733 0.585028 0.702496 -0.405268 0.006310 0.228733 2 33 0.911644 34 0.088356
  33 -25.361952 -2.227182 -21.627121 0.925929 0.151801 -0.345851 0.024823 0.226139 1 33 1.000000
c_metrocop_hands_sheet
  13 25.364029 -1.012096 -24.457245 -0.226338 0.325510 -0.918049 0.050778 0.439815 1 13 1.000000
  13 25.482851 -1.150918 -24.412302 0.457053 -0.318873 -0.830315 0.036070 0.450726 1 13 1.000000
  13 25.268147 -1.137158 -24.424885 -0.400483 -0.345030 -0.848862 0.043961 0.417292 1 13 1.000000
c_metrocop_hands_sheet
  13 25.364029 -1.012096 -24.457245 -0.226338 0.325510 -0.918049 0.050778 0.439815 1 13 1.000000
  13 25.445152 -0.827953 -24.359549 0.263681 0.647037 -0.715413 0.064508 0.462910 1 13 1.000000
  13 25.482851 -1.150918 -24.412302 0.457053 -0.318873 -0.830315 0.036070 0.450726 1 13 1.000000
c_metrocop_hands_sheet
  13 25.268147 -1.137158 -24.424885 -0.400483 -0.345030 -0.848862 0.043961 0.417292 1 13 1.000000
  13 25.445152 -0.827953 -24.359549 0.263681 0.647037 -0.715413 0.064508 0.462910 1 13 1.000000
  13 25.364029 -1.012096 -24.457245 -0.226338 0.325510 -0.918049 0.050778 0.439815 1 13 1.000000
c_metrocop_hands_sheet
  13 25.268147 -1.137158 -24.424885 -0.400483 -0.345030 -0.848862 0.043961 0.417292 1 13 1.000000
  13 25.221758 -0.954424 -24.397345 -0.506990 0.329874 -0.796332 0.060786 0.420375 1 13 1.000000
  13 25.445152 -0.827953 -24.359549 0.263681 0.647037 -0.715413 0.064508 0.462910 1 13 1.000000
c_metrocop_hands_sheet
  13 25.268147 -1.137158 -24.424885 -0.400483 -0.345030 -0.848862 0.043961 0.417292 1 13 1.000000
  13 25.034042 -1.071316 -24.084576 -0.995467 -0.020694 -0.092829 0.060310 0.373431 1 13 1.000000
  13 25.221758 -0.954424 -24.397345 -0.506990 0.329874 -0.796332 0.060786 0.420375 1 13 1.000000
c_metrocop_hands_sheet
  13 25.221758 -0.954424 -24.397345 -0.506990 0.329874 -0.796332 0.060786 0.420375 1 13 1.000000
  13 25.034042 -1.071316 -24.084576 -0.995467 -0.020694 -0.092829 0.060310 0.373431 1 13 1.000000
  13 25.118864 -0.775677 -24.027477 -0.739816 0.670566 -0.054903 0.082402 0.401688 1 13 1.000000
c_metrocop_hands_sheet
  13 25.445152 -0.827953 -24.359549 0.263681 0.647037 -0.715413 0.064508 0.462910 1 13 1.000000
  13 25.221758 -0.954424 -24.397345 -0.506990 0.329874 -0.796332 0.060786 0.420375 1 13 1.000000
  13 25.118864 -0.775677 -24.027477 -0.739816 0.670566 -0.054903 0.082402 0.401688 1 13 1.000000
c_metrocop_hands_sheet
  13 25.445152 -0.827953 -24.359549 0.263681 0.647037 -0.715413 0.064508 0.462910 1 13 1.000000
  13 25.118864 -0.775677 -24.027477 -0.739816 0.670566 -0.054903 0.082402 0.401688 1 13 1.000000
  13 25.427015 -0.661684 -23.976902 -0.021273 0.994367 -0.103834 0.081600 0.461840 1 13 1.000000
c_metrocop_hands_sheet
  13 25.445152 -0.827953 -24.359549 0.263681 0.647037 -0.715413 0.064508 0.462910 1 13 1.000000
  13 25.427015 -0.661684 -23.976902 -0.021273 0.994367 -0.103834 0.081600 0.461840 1 13 1.000000
  13 25.739311 -0.798912 -23.924377 0.680250 0.630565 -0.373695 0.057717 0.494713 1 13 1.000000
c_metrocop_hands_sheet
  13 25.445152 -0.827953 -24.359549 0.263681 0.647037 -0.715413 0.064508 0.462910 1 13 1.000000
  13 25.739311 -0.798912 -23.924377 0.680250 0.630565 -0.373695 0.057717 0.494713 1 13 1.000000
  13 25.820553 -1.098690 -23.940016 0.861547 0.062012 -0.503877 0.032373 0.492022 1 13 1.000000
c_metrocop_hands_sheet
  13 25.445152 -0.827953 -24.359549 0.263681 0.647037 -0.715413 0.064508 0.462910 1 13 1.000000
  13 25.820553 -1.098690 -23.940016 0.861547 0.062012 -0.503877 0.032373 0.492022 1 13 1.000000
  13 25.482851 -1.150918 -24.412302 0.457053 -0.318873 -0.830315 0.036070 0.450726 1 13 1.000000
c_metrocop_hands_sheet
  13 25.482851 -1.150918 -24.412302 0.457053 -0.318873 -0.830315 0.036070 0.450726 1 13 1.000000
  13 25.820553 -1.098690 -23.940016 0.861547 0.062012 -0.503877 0.032373 0.492022 1 13 1.000000
  13 25.748329 -1.334690 -24.022621 0.690556 -0.518649 -0.504119 0.015938 0.467075 1 13 1.000000
c_metrocop_hands_sheet
  13 25.482851 -1.150918 -24.412302 0.457053 -0.318873 -0.830315 0.036070 0.450726 1 13 1.000000
  13 25.748329 -1.334690 -24.022621 0.690556 -0.518649 -0.504119 0.015938 0.467075 1 13 1.000000
  13 25.458025 -1.417902 -24.112482 0.061525 -0.907013 -0.416585 0.015860 0.417150 1 13 1.000000
c_metrocop_hands_sheet
  13 25.268147 -1.137158 -24.424885 -0.400483 -0.345030 -0.848862 0.043961 0.417292 1 13 1.000000
  13 25.482851 -1.150918 -24.412302 0.457053 -0.318873 -0.830315 0.036070 0.450726 1 13 1.000000
  13 25.458025 -1.417902 -24.112482 0.061525 -0.907013 -0.416585 0.015860 0.417150 1 13 1.000000
c_metrocop_hands_sheet
  13 25.268147 -1.137158 -24.424885 -0.400483 -0.345030 -0.848862 0.043961 0.417292 1 13 1.000000
  13 25.458025 -1.417902 -24.112482 0.061525 -0.907013 -0.416585 0.015860 0.417150 1 13 1.000000
  13 25.128284 -1.348795 -24.125216 -0.677433 -0.698798 -0.229707 0.035114 0.374158 2 13 0.902659 16 0.097341
c_metrocop_hands_sheet
  13 25.268147 -1.137158 -24.424885 -0.400483 -0.345030 -0.848862 0.043961 0.417292 1 13 1.000000
  13 25.128284 -1.348795 -24.125216 -0.677433 -0.698798 -0.229707 0.035114 0.374158 2 13 0.902659 16 0.097341
  13 25.034042 -1.071316 -24.084576 -0.995467 -0.020694 -0.092829 0.060310 0.373431 1 13 1.000000
c_metrocop_hands_sheet
  19 23.364992 -4.060575 -21.250441 0.218451 -0.975218 0.035066 0.887999 0.694866 1 19 1.000000
  18 23.242886 -4.131408 -20.842028 0.201451 -0.947014 0.250164 0.880846 0.647693 2 18 0.500000 19 0.500000
  18 22.802303 -4.032171 -20.906401 -0.558903 -0.828163 0.042115 0.904891 0.620008 2 18 0.500000 19 0.500000
c_metrocop_hands_sheet
  19 23.364992 -4.060575 -21.250441 0.218451 -0.975218 0.035066 0.887999 0.694866 1 19 1.000000
  18 22.802303 -4.032171 -20.906401 -0.558903 -0.828163 0.042115 0.904891 0.620008 2 18 0.500000 19 0.500000
  19 22.937902 -3.976994 -21.388523 -0.578804 -0.797952 -0.168102 0.918030 0.668787 2 19 0.834920 18 0.165080
c_metrocop_hands_sheet
  19 23.485184 -4.176414 -21.902346 0.200714 -0.976566 0.077669 0.908834 0.771183 1 19 1.000000
  19 23.364992 -4.060575 -21.250441 0.218451 -0.975218 0.035066 0.887999 0.694866 1 19 1.000000
  19 22.937902 -3.976994 -21.388523 -0.578804 -0.797952 -0.168102 0.918030 0.668787 2 19 0.834920 18 0.165080
c_metrocop_hands_sheet
  19 23.485184 -4.176414 -21.902346 0.200714 -0.976566 0.077669 0.908834 0.771183 1 19 1.000000
  19 22.937902 -3.976994 -21.388523 -0.578804 -0.797952 -0.168102 0.918030 0.668787 2 19 0.834920 18 0.165080
  19 23.180212 -4.101891 -21.971880 -0.542887 -0.832112 -0.113412 0.933804 0.745370 1 19 1.000000
c_metrocop_hands_sheet
  18 22.802303 -4.032171 -20.906401 -0.558903 -0.828163 0.042115 0.904891 0.620008 2 18 0.500000 19 0.500000
  18 22.528034 -3.544294 -20.717569 -0.959445 -0.166843 -0.227219 0.922892 0.564821 2 18 0.629205 19 0.370795
  18 22.656004 -3.745033 -21.030985 -0.934470 -0.191928 -0.299883 0.924896 0.607326 2 18 0.500000 19 0.500000
c_metrocop_hands_sheet
  19 22.937902 -3.976994 -21.388523 -0.578804 -0.797952 -0.168102 0.918030 0.668787 2 19 0.834920 18 0.165080
  18 22.802303 -4.032171 -20.906401 -0.558903 -0.828163 0.042115 0.904891 0.620008 2 18 0.500000 19 0.500000
  18 22.656004 -3.745033 -21.030985 -0.934470 -0.191928 -0.299883 0.924896 0.607326 2 18 0.500000 19 0.500000
c_metrocop_hands_sheet
  19 22.937902 -3.976994 -21.388523 -0.578804 -0.797952 -0.168102 0.918030 0.668787 2 19 0.834920 18 0.165080
  18 22.656004 -3.745033 -21.030985 -0.934470 -0.191928 -0.299883 0.924896 0.607326 2 18 0.500000 19 0.500000
  19 22.803715 -3.699373 -21.508791 -0.947164 -0.003899 -0.320727 0.941340 0.650430 2 19 0.748702 18 0.251298
c_metrocop_hands_sheet
  19 23.180212 -4.101891 -21.971880 -0.542887 -0.832112 -0.113412 0.933804 0.745370 1 19 1.000000
  19 22.937902 -3.976994 -21.388523 -0.578804 -0.797952 -0.168102 0.918030 0.668787 2 19 0.834920 18 0.165080
  19 22.803715 -3.699373 -21.508791 -0.947164 -0.003899 -0.320727 0.941340 0.650430 2 19 0.748702 18 0.251298
c_metrocop_hands_sheet
  19 23.180212 -4.101891 -21.971880 -0.542887 -0.832112 -0.113412 0.933804 0.745370 1 19 1.000000
  19 22.803715 -3.699373 -21.508791 -0.947164 -0.003899 -0.320727 0.941340 0.650430 2 19 0.748702 18 0.251298
  19 23.018314 -3.783849 -22.143927 -0.838761 0.092114 -0.536651 0.959893 0.724612 1 19 1.000000
c_metrocop_hands_sheet
  19 23.373554 -4.150659 -22.433775 -0.362723 -0.768924 -0.526485 0.947711 0.835740 1 19 1.000000
  19 23.180212 -4.101891 -21.971880 -0.542887 -0.832112 -0.113412 0.933804 0.745370 1 19 1.000000
  19 23.018314 -3.783849 -22.143927 -0.838761 0.092114 -0.536651 0.959893 0.724612 1 19 1.000000
c_metrocop_hands_sheet
  19 23.373554 -4.150659 -22.433775 -0.362723 -0.768924 -0.526485 0.947711 0.835740 1 19 1.000000
  19 23.018314 -3.783849 -22.143927 -0.838761 0.092114 -0.536651 0.959893 0.724612 1 19 1.000000
  19 23.333755 -3.978002 -22.506334 -0.476867 0.042976 -0.877924 0.956929 0.819376 1 19 1.000000
c_metrocop_hands_sheet
  19 23.541239 -4.180637 -22.368929 0.207404 -0.962525 -0.174725 0.931395 0.845205 1 19 1.000000
  19 23.180212 -4.101891 -21.971880 -0.542887 -0.832112 -0.113412 0.933804 0.745370 1 19 1.000000
  19 23.373554 -4.150659 -22.433775 -0.362723 -0.768924 -0.526485 0.947711 0.835740 1 19 1.000000
c_metrocop_hands_sheet
  19 23.705963 -4.113110 -22.338717 0.637700 -0.743490 -0.201400 0.918791 0.858472 1 19 1.000000
  19 23.180212 -4.101891 -21.971880 -0.542887 -0.832112 -0.113412 0.933804 0.745370 1 19 1.000000
  19 23.541239 -4.180637 -22.368929 0.207404 -0.962525 -0.174725 0.931395 0.845205 1 19 1.000000
c_metrocop_hands_sheet
  19 23.705963 -4.113110 -22.338717 0.637700 -0.743490 -0.201400 0.918791 0.858472 1 19 1.000000
  19 23.485184 -4.176414 -21.902346 0.200714 -0.976566 0.077669 0.908834 0.771183 1 19 1.000000
  19 23.180212 -4.101891 -21.971880 -0.542887 -0.832112 -0.113412 0.933804 0.745370 1 19 1.000000
c_metrocop_hands_sheet
  19 23.705963 -4.113110 -22.338717 0.637700 -0.743490 -0.201400 0.918791 0.858472 1 19 1.000000
  19 23.754080 -3.915084 -21.844564 0.809733 -0.563055 0.165230 0.888932 0.787877 1 19 1.000000
  19 23.485184 -4.176414 -21.902346 0.200714 -0.976566 0.077669 0.908834 0.771183 1 19 1.000000
c_metrocop_hands_sheet
  19 23.754080 -3.915084 -21.844564 0.809733 -0.563055 0.165230 0.888932 0.787877 1 19 1.000000
  19 23.364992 -4.060575 -21.250441 0.218451 -0.975218 0.035066 0.887999 0.694866 1 19 1.000000
  19 23.485184 -4.176414 -21.902346 0.200714 -0.976566 0.077669 0.908834 0.771183 1 19 1.000000
c_metrocop_hands_sheet
  19 23.754080 -3.915084 -21.844564 0.809733 -0.563055 0.165230 0.888932 0.787877 1 19 1.000000
  19 23.675507 -3.858380 -21.213326 0.817906 -0.516785 0.252911 0.866964 0.714523 2 19 0.806673 18 0.193327
  19 23.364992 -4.060575 -21.250441 0.218451 -0.975218 0.035066 0.887999 0.694866 1 19 1.000000
c_metrocop_hands_sheet
  19 23.675507 -3.858380 -21.213326 0.817906 -0.516785 0.252911 0.866964 0.714523 2 19 0.806673 18 0.193327
  18 23.242886 -4.131408 -20.842028 0.201451 -0.947014 0.250164 0.880846 0.647693 2 18 0.500000 19 0.500000
  19 23.364992 -4.060575 -21.250441 0.218451 -0.975218 0.035066 0.887999 0.694866 1 19 1.000000
c_metrocop_hands_sheet
  19 23.675507 -3.858380 -21.213326 0.817906 -0.516785 0.252911 0.866964 0.714523 2 19 0.806673 18 0.193327
  18 23.491165 -3.846444 -20.786310 0.765611 -0.493998 0.412076 0.859883 0.657197 2 18 0.545706 19 0.454294
  18 23.242886 -4.131408 -20.842028 0.201451 -0.947014 0.250164 0.880846 0.647693 2 18 0.500000 19 0.500000
c_metrocop_hands_sheet
  18 23.491165 -3.846444 -20.786310 0.765611 -0.493998 0.412076 0.859883 0.657197 2 18 0.545706 19 0.454294
  18 23.085691 -3.912683 -20.469944 0.110807 -0.926467 0.359694 0.870208 0.598214 2 18 0.932840 19 0.067160
  18 23.242886 -4.131408 -20.842028 0.201451 -0.947014 0.250164 0.880846 0.647693 2 18 0.500000 19 0.500000
c_metrocop_hands_sheet
  18 23.491165 -3.846444 -20.786310 0.765611 -0.493998 0.412076 0.859883 0.657197 2 18 0.545706 19 0.454294
  18 23.405325 -3.703460 -20.462570 0.742524 -0.578161 0.338212 0.849136 0.617409 1 18 1.000000
  18 23.085691 -3.912683 -20.469944 0.110807 -0.926467 0.359694 0.870208 0.598214 2 18 0.932840 19 0.067160
c_metrocop_hands_sheet
  18 23.405325 -3.703460 -20.462570 0.742524 -0.578161 0.338212 0.849136 0.617409 1 18 1.000000
  18 22.975292 -3.825664 -20.000233 0.218786 -0.904783 0.365377 0.858052 0.542133 2 18 0.779587 17 0.220413
  18 23.085691 -3.912683 -20.469944 0.110807 -0.926467 0.359694 0.870208 0.598214 2 18 0.932840 19 0.067160
c_metrocop_hands_sheet
  18 23.405325 -3.703460 -20.462570 0.742524 -0.578161 0.338212 0.849136 0.617409 1 18 1.000000
  17 22.864824 -3.597530 -19.541206 0.102111 -0.834278 0.541806 0.842814 0.484184 2 17 0.519919 18 0.480081
  18 22.975292 -3.825664 -20.000233 0.218786 -0.904783 0.365377 0.858052 0.542133 2 18 0.779587 17 0.220413
c_metrocop_hands_sheet
  18 22.975292 -3.825664 -20.000233 0.218786 -0.904783 0.365377 0.858052 0.542133 2 18 0.779587 17 0.220413
  17 22.864824 -3.597530 -19.541206 0.102111 -0.834278 0.541806 0.842814 0.484184 2 17 0.519919 18 0.480081
  17 22.423801 -3.522411 -19.588413 -0.589214 -0.706369 0.392263 0.872067 0.463695 2 17 0.510456 18 0.489544
c_metrocop_hands_sheet
  18 22.975292 -3.825664 -20.000233 0.218786 -0.904783 0.365377 0.858052 0.542133 2 18 0.779587 17 0.220413
  17 22.423801 -3.522411 -19.588413 -0.589214 -0.706369 0.392263 0.872067 0.463695 2 17 0.510456 18 0.489544
  18 22.529078 -3.716404 -20.012657 -0.603404 -0.795819 0.050750 0.883388 0.514988 2 18 0.580410 17 0.419590
c_metrocop_hands_sheet
  18 23.085691 -3.912683 -20.469944 0.110807 -0.926467 0.359694 0.870208 0.598214 2 18 0.932840 19 0.067160
  18 22.975292 -3.825664 -20.000233 0.218786 -0.904783 0.365377 0.858052 0.542133 2 18 0.779587 17 0.220413
  18 22.529078 -3.716404 -20.012657 -0.603404 -0.795819 0.050750 0.883388 0.514988 2 18 0.580410 17 0.419590
c_metrocop_hands_sheet
  18 23.085691 -3.912683 -20.469944 0.110807 -0.926467 0.359694 0.870208 0.598214 2 18 0.932840 19 0.067160
  18 22.529078 -3.716404 -20.012657 -0.603404 -0.795819 0.050750 0.883388 0.514988 2 18 0.580410 17 0.419590
  18 22.716637 -3.792753 -20.506563 -0.613737 -0.782983 0.101319 0.894476 0.572599 2 18 0.786068 19 0.213932
c_metrocop_hands_sheet
  18 23.242886 -4.131408 -20.842028 0.201451 -0.947014 0.250164 0.880846 0.647693 2 18 0.500000 19 0.500000
  18 23.085691 -3.912683 -20.469944 0.110807 -0.926467 0.359694 0.870208 0.598214 2 18 0.932840 19 0.067160
  18 22.716637 -3.792753 -20.506563 -0.613737 -0.782983 0.101319 0.894476 0.572599 2 18 0.786068 19 0.213932
c_metrocop_hands_sheet
  18 23.242886 -4.131408 -20.842028 0.201451 -0.947014 0.250164 0.880846 0.647693 2 18 0.500000 19 0.500000
  18 22.716637 -3.792753 -20.506563 -0.613737 -0.782983 0.101319 0.894476 0.572599 2 18 0.786068 19 0.213932
  18 22.802303 -4.032171 -20.906401 -0.558903 -0.828163 0.042115 0.904891 0.620008 2 18 0.500000 19 0.500000
c_metrocop_hands_sheet
  35 -25.768250 -1.803227 -24.064734 -0.420775 0.620612 -0.661656 0.064508 0.462910 1 35 1.000000
  35 -25.531969 -1.906855 -24.123655 0.531975 0.394097 -0.749460 0.060786 0.420375 1 35 1.000000
  35 -25.673491 -1.982592 -24.165068 -0.188156 0.101998 -0.976829 0.050778 0.439815 1 35 1.000000
c_metrocop_hands_sheet
  35 -25.771015 -2.130534 -24.104914 -0.514528 -0.313035 -0.798292 0.036070 0.450726 1 35 1.000000
  35 -25.768250 -1.803227 -24.064734 -0.420775 0.620612 -0.661656 0.064508 0.462910 1 35 1.000000
  35 -25.673491 -1.982592 -24.165068 -0.188156 0.101998 -0.976829 0.050778 0.439815 1 35 1.000000
c_metrocop_hands_sheet
  35 -25.558414 -2.094594 -24.141159 0.436327 -0.326214 -0.838572 0.043961 0.417292 1 35 1.000000
  35 -25.771015 -2.130534 -24.104914 -0.514528 -0.313035 -0.798292 0.036070 0.450726 1 35 1.000000
  35 -25.673491 -1.982592 -24.165068 -0.188156 0.101998 -0.976829 0.050778 0.439815 1 35 1.000000
c_metrocop_hands_sheet
  35 -25.531969 -1.906855 -24.123655 0.531975 0.394097 -0.749460 0.060786 0.420375 1 35 1.000000
  35 -25.558414 -2.094594 -24.141159 0.436327 -0.326214 -0.838572 0.043961 0.417292 1 35 1.000000
  35 -25.673491 -1.982592 -24.165068 -0.188156 0.101998 -0.976829 0.050778 0.439815 1 35 1.000000
c_metrocop_hands_sheet
  35 -25.531969 -1.906855 -24.123655 0.531975 0.394097 -0.749460 0.060786 0.420375 1 35 1.000000
  35 -25.409582 -2.290103 -23.835310 0.777874 -0.568784 -0.267201 0.035114 0.374158 1 35 1.000000
  35 -25.558414 -2.094594 -24.141159 0.436327 -0.326214 -0.838572 0.043961 0.417292 1 35 1.000000
c_metrocop_hands_sheet
  35 -25.531969 -1.906855 -24.123655 0.531975 0.394097 -0.749460 0.060786 0.420375 1 35 1.000000
  35 -25.340649 -2.022380 -23.812456 0.980244 0.034916 -0.194686 0.060310 0.373431 1 35 1.000000
  35 -25.409582 -2.290103 -23.835310 0.777874 -0.568784 -0.267201 0.035114 0.374158 1 35 1.000000
c_metrocop_hands_sheet
  35 -25.454288 -1.712607 -23.754208 0.600983 0.791792 -0.109015 0.082402 0.401688 1 35 1.000000
  35 -25.340649 -2.022380 -23.812456 0.980244 0.034916 -0.194686 0.060310 0.373431 1 35 1.000000
  35 -25.531969 -1.906855 -24.123655 0.531975 0.394097 -0.749460 0.060786 0.420375 1 35 1.000000
c_metrocop_hands_sheet
  35 -25.454288 -1.712607 -23.754208 0.600983 0.791792 -0.109015 0.082402 0.401688 1 35 1.000000
  35 -25.531969 -1.906855 -24.123655 0.531975 0.394097 -0.749460 0.060786 0.420375 1 35 1.000000
  35 -25.768250 -1.803227 -24.064734 -0.420775 0.620612 -0.661656 0.064508 0.462910 1 35 1.000000
c_metrocop_hands_sheet
  35 -25.753922 -1.677811 -23.760584 -0.212814 0.960501 -0.179297 0.081600 0.461840 1 35 1.000000
  35 -25.454288 -1.712607 -23.754208 0.600983 0.791792 -0.109015 0.082402 0.401688 1 35 1.000000
  35 -25.768250 -1.803227 -24.064734 -0.420775 0.620612 -0.661656 0.064508 0.462910 1 35 1.000000
c_metrocop_hands_sheet
  35 -25.987495 -1.849299 -23.685715 -0.835085 0.468966 -0.287584 0.057717 0.494713 1 35 1.000000
  35 -25.753922 -1.677811 -23.760584 -0.212814 0.960501 -0.179297 0.081600 0.461840 1 35 1.000000
  35 -25.768250 -1.803227 -24.064734 -0.420775 0.620612 -0.661656 0.064508 0.462910 1 35 1.000000
c_metrocop_hands_sheet
  35 -25.771015 -2.130534 -24.104914 -0.514528 -0.313035 -0.798292 0.036070 0.450726 1 35 1.000000
  35 -25.987495 -1.849299 -23.685715 -0.835085 0.468966 -0.287584 0.057717 0.494713 1 35 1.000000
  35 -25.768250 -1.803227 -24.064734 -0.420775 0.620612 -0.661656 0.064508 0.462910 1 35 1.000000
c_metrocop_hands_sheet
  35 -25.771015 -2.130534 -24.104914 -0.514528 -0.313035 -0.798292 0.036070 0.450726 1 35 1.000000
  35 -26.043419 -2.123655 -23.675961 -0.918080 0.015137 -0.396105 0.032373 0.492022 1 35 1.000000
  35 -25.987495 -1.849299 -23.685715 -0.835085 0.468966 -0.287584 0.057717 0.494713 1 35 1.000000
c_metrocop_hands_sheet
  35 -25.953918 -2.334599 -23.758333 -0.696672 -0.545660 -0.465728 0.015938 0.467075 1 35 1.000000
  35 -26.043419 -2.123655 -23.675961 -0.918080 0.015137 -0.396105 0.032373 0.492022 1 35 1.000000
  35 -25.771015 -2.130534 -24.104914 -0.514528 -0.313035 -0.798292 0.036070 0.450726 1 35 1.000000
c_metrocop_hands_sheet
  35 -25.699133 -2.424804 -23.866070 0.000427 -0.878215 -0.478266 0.015860 0.417150 1 35 1.000000
  35 -25.953918 -2.334599 -23.758333 -0.696672 -0.545660 -0.465728 0.015938 0.467075 1 35 1.000000
  35 -25.771015 -2.130534 -24.104914 -0.514528 -0.313035 -0.798292 0.036070 0.450726 1 35 1.000000
c_metrocop_hands_sheet
  35 -25.699133 -2.424804 -23.866070 0.000427 -0.878215 -0.478266 0.015860 0.417150 1 35 1.000000
  35 -25.771015 -2.130534 -24.104914 -0.514528 -0.313035 -0.798292 0.036070 0.450726 1 35 1.000000
  35 -25.558414 -2.094594 -24.141159 0.436327 -0.326214 -0.838572 0.043961 0.417292 1 35 1.000000
c_metrocop_hands_sheet
  35 -25.409582 -2.290103 -23.835310 0.777874 -0.568784 -0.267201 0.035114 0.374158 1 35 1.000000
  35 -25.699133 -2.424804 -23.866070 0.000427 -0.878215 -0.478266 0.015860 0.417150 1 35 1.000000
  35 -25.558414 -2.094594 -24.141159 0.436327 -0.326214 -0.838572 0.043961 0.417292 1 35 1.000000
c_metrocop_hands_sheet
  29 -24.569658 -0.182479 -23.200592 0.855511 -0.035494 0.516566 0.020199 0.042532 2 29 0.901627 26 0.098373
  29 -24.801105 -0.239293 -22.777140 0.943458 -0.095126 0.317550 0.025178 0.079559 2 29 0.504175 28 0.495825
  28 -24.918829 -0.476388 -22.821976 0.567384 -0.814590 0.120494 0.047884 0.076150 2 28 0.821039 29 0.178961
c_metrocop_hands_sheet
  29 -24.801105 -0.239293 -22.777140 0.943458 -0.095126 0.317550 0.025178 0.079559 2 29 0.504175 28 0.495825
  28 -25.002447 -0.465310 -22.364630 0.667273 -0.721749 0.183914 0.048057 0.130867 1 28 1.000000
  28 -24.918829 -0.476388 -22.821976 0.567384 -0.814590 0.120494 0.047884 0.076150 2 28 0.821039 29 0.178961
c_metrocop_hands_sheet
  28 -24.918829 -0.476388 -22.821976 0.567384 -0.814590 0.120494 0.047884 0.076150 2 28 0.821039 29 0.178961
  28 -25.002447 -0.465310 -22.364630 0.667273 -0.721749 0.183914 0.048057 0.130867 1 28 1.000000
  28 -25.277168 -0.580444 -22.347792 0.024690 -0.998862 0.040807 0.070286 0.145686 1 28 1.000000
c_metrocop_hands_sheet
  28 -25.002447 -0.465310 -22.364630 0.667273 -0.721749 0.183914 0.048057 0.130867 1 28 1.000000
  28 -25.388275 -0.548046 -22.046722 -0.035188 -0.999076 -0.024687 0.067567 0.193734 2 28 0.720462 27 0.279538
  28 -25.277168 -0.580444 -22.347792 0.024690 -0.998862 0.040807 0.070286 0.145686 1 28 1.000000
c_metrocop_hands_sheet
  28 -25.388275 -0.548046 -22.046722 -0.035188 -0.999076 -0.024687 0.067567 0.193734 2 28 0.720462 27 0.279538
  28 -25.640322 -0.453045 -22.182001 -0.703723 -0.675250 -0.220932 0.086865 0.193071 1 28 1.000000
  28 -25.277168 -0.580444 -22.347792 0.024690 -0.998862 0.040807 0.070286 0.145686 1 28 1.000000
c_metrocop_hands_sheet
  27 -25.758198 -0.428884 -21.964573 -0.764670 -0.592691 -0.252978 0.088128 0.219483 1 27 1.000000
  28 -25.640322 -0.453045 -22.182001 -0.703723 -0.675250 -0.220932 0.086865 0.193071 1 28 1.000000
  28 -25.388275 -0.548046 -22.046722 -0.035188 -0.999076 -0.024687 0.067567 0.193734 2 28 0.720462 27 0.279538
c_metrocop_hands_sheet
  27 -25.503441 -0.614748 -21.421486 -0.034304 -0.998678 -0.038271 0.057869 0.251974 1 27 1.000000
  27 -25.758198 -0.428884 -21.964573 -0.764670 -0.592691 -0.252978 0.088128 0.219483 1 27 1.000000
  28 -25.388275 -0.548046 -22.046722 -0.035188 -0.999076 -0.024687 0.067567 0.193734 2 28 0.720462 27 0.279538
c_metrocop_hands_sheet
  27 -25.917301 -0.405329 -20.844542 -0.983868 0.007294 -0.178749 0.091708 0.316378 1 27 1.000000
  27 -25.758198 -0.428884 -21.964573 -0.764670 -0.592691 -0.252978 0.088128 0.219483 1 27 1.000000
  27 -25.503441 -0.614748 -21.421486 -0.034304 -0.998678 -0.038271 0.057869 0.251974 1 27 1.000000
c_metrocop_hands_sheet
  27 -25.627317 -0.646713 -21.337494 -0.281173 0.683355 -0.673772 0.057869 0.251974 2 27 0.894565 28 0.105435
  27 -25.917301 -0.405329 -20.844542 -0.983868 0.007294 -0.178749 0.091708 0.316378 1 27 1.000000
  27 -25.503441 -0.614748 -21.421486 -0.034304 -0.998678 -0.038271 0.057869 0.251974 1 27 1.000000
c_metrocop_hands_sheet
  27 -25.627317 -0.646713 -21.337494 -0.281173 0.683355 -0.673772 0.057869 0.251974 2 27 0.894565 28 0.105435
  30 -25.945501 -0.743942 -20.977871 -0.818917 0.559170 -0.129244 0.039322 0.313598 1 30 1.000000
  27 -25.917301 -0.405329 -20.844542 -0.983868 0.007294 -0.178749 0.091708 0.316378 1 27 1.000000
c_metrocop_hands_sheet
  27 -25.917301 -0.405329 -20.844542 -0.983868 0.007294 -0.178749 0.091708 0.316378 1 27 1.000000
  27 -25.821461 -0.144629 -21.937984 -0.948318 0.155525 -0.276594 0.104101 0.227915 1 27 1.000000
  27 -25.758198 -0.428884 -21.964573 -0.764670 -0.592691 -0.252978 0.088128 0.219483 1 27 1.000000
c_metrocop_hands_sheet
  28 -25.640322 -0.453045 -22.182001 -0.703723 -0.675250 -0.220932 0.086865 0.193071 1 28 1.000000
  27 -25.758198 -0.428884 -21.964573 -0.764670 -0.592691 -0.252978 0.088128 0.219483 1 27 1.000000
  27 -25.821461 -0.144629 -21.937984 -0.948318 0.155525 -0.276594 0.104101 0.227915 1 27 1.000000
c_metrocop_hands_sheet
  27 -25.627317 -0.646713 -21.337494 -0.281173 0.683355 -0.673772 0.057869 0.251974 2 27 0.894565 28 0.105435
  27 -25.503441 -0.614748 -21.421486 -0.034304 -0.998678 -0.038271 0.057869 0.251974 1 27 1.000000
  27 -25.198618 -0.492876 -21.369467 0.627528 -0.630946 -0.456196 0.040672 0.231740 1 27 1.000000
c_metrocop_hands_sheet
  28 -25.125332 -0.471644 -21.974228 0.615267 -0.782238 0.097725 0.047824 0.188663 2 28 0.570683 27 0.429317
  27 -25.198618 -0.492876 -21.369467 0.627528 -0.630946 -0.456196 0.040672 0.231740 1 27 1.000000
  27 -25.503441 -0.614748 -21.421486 -0.034304 -0.998678 -0.038271 0.057869 0.251974 1 27 1.000000
c_metrocop_hands_sheet
  28 -25.125332 -0.471644 -21.974228 0.615267 -0.782238 0.097725 0.047824 0.188663 2 28 0.570683 27 0.429317
  27 -25.503441 -0.614748 -21.421486 -0.034304 -0.998678 -0.038271 0.057869 0.251974 1 27 1.000000
  28 -25.388275 -0.548046 -22.046722 -0.035188 -0.999076 -0.024687 0.067567 0.193734 2 28 0.720462 27 0.279538
c_metrocop_hands_sheet
  28 -25.002447 -0.465310 -22.364630 0.667273 -0.721749 0.183914 0.048057 0.130867 1 28 1.000000
  28 -25.125332 -0.471644 -21.974228 0.615267 -0.782238 0.097725 0.047824 0.188663 2 28 0.570683 27 0.429317
  28 -25.388275 -0.548046 -22.046722 -0.035188 -0.999076 -0.024687 0.067567 0.193734 2 28 0.720462 27 0.279538
c_metrocop_hands_sheet
  28 -24.878408 -0.201063 -22.324362 0.974674 -0.044495 0.219158 0.023957 0.129689 1 28 1.000000
  28 -25.125332 -0.471644 -21.974228 0.615267 -0.782238 0.097725 0.047824 0.188663 2 28 0.570683 27 0.429317
  28 -25.002447 -0.465310 -22.364630 0.667273 -0.721749 0.183914 0.048057 0.130867 1 28 1.000000
c_metrocop_hands_sheet
  29 -24.801105 -0.239293 -22.777140 0.943458 -0.095126 0.317550 0.025178 0.079559 2 29 0.504175 28 0.495825
  28 -24.878408 -0.201063 -22.324362 0.974674 -0.044495 0.219158 0.023957 0.129689 1 28 1.000000
  28 -25.002447 -0.465310 -22.364630 0.667273 -0.721749 0.183914 0.048057 0.130867 1 28 1.000000
c_metrocop_hands_sheet
  28 -24.878408 -0.201063 -22.324362 0.974674 -0.044495 0.219158 0.023957 0.129689 1 28 1.000000
  27 -24.986637 -0.199128 -21.918684 0.973320 -0.025117 0.228072 0.023846 0.186862 2 27 0.523243 28 0.476757
  28 -25.125332 -0.471644 -21.974228 0.615267 -0.782238 0.097725 0.047824 0.188663 2 28 0.570683 27 0.429317
c_metrocop_hands_sheet
  27 -24.986637 -0.199128 -21.918684 0.973320 -0.025117 0.228072 0.023846 0.186862 2 27 0.523243 28 0.476757
  27 -25.198618 -0.492876 -21.369467 0.627528 -0.630946 -0.456196 0.040672 0.231740 1 27 1.000000
  28 -25.125332 -0.471644 -21.974228 0.615267 -0.782238 0.097725 0.047824 0.188663 2 28 0.570683 27 0.429317
c_metrocop_hands_sheet
  27 -24.986637 -0.199128 -21.918684 0.973320 -0.025117 0.228072 0.023846 0.186862 2 27 0.523243 28 0.476757
  27 -25.109146 -0.231510 -21.367941 0.916335 -0.059787 -0.395924 0.024823 0.226139 1 27 1.000000
  27 -25.198618 -0.492876 -21.369467 0.627528 -0.630946 -0.456196 0.040672 0.231740 1 27 1.000000
c_metrocop_hands_sheet
  27 -25.913237 0.004202 -20.857910 -0.984599 0.153663 -0.083378 0.128660 0.315914 2 27 0.794544 24 0.205456
  27 -25.821461 -0.144629 -21.937984 -0.948318 0.155525 -0.276594 0.103382 0.227915 1 27 1.000000
  27 -25.917301 -0.405329 -20.844542 -0.983868 0.007294 -0.178749 0.091708 0.316378 1 27 1.000000
c_metrocop_hands_sheet
  27 -25.913237 0.004202 -20.857910 -0.984599 0.153663 -0.083378 0.128660 0.315914 2 27 0.794544 24 0.205456
  27 -25.665102 0.116351 -21.936113 -0.673437 0.713448 -0.193583 0.123557 0.220872 1 27 1.000000
  27 -25.821461 -0.144629 -21.937984 -0.948318 0.155525 -0.276594 0.104101 0.227915 1 27 1.000000
c_metrocop_hands_sheet
  28 -25.683357 -0.148693 -22.230133 -0.948533 0.134099 -0.286884 0.104408 0.190407 1 28 1.000000
  27 -25.821461 -0.144629 -21.937984 -0.948318 0.155525 -0.276594 0.104101 0.227915 1 27 1.000000
  27 -25.665102 0.116351 -21.936113 -0.673437 0.713448 -0.193583 0.123557 0.220872 1 27 1.000000
c_metrocop_hands_sheet
  28 -25.640322 -0.453045 -22.182001 -0.703723 -0.675250 -0.220932 0.086865 0.193071 1 28 1.000000
  27 -25.821461 -0.144629 -21.937984 -0.948318 0.155525 -0.276594 0.104101 0.227915 1 27 1.000000
  28 -25.683357 -0.148693 -22.230133 -0.948533 0.134099 -0.286884 0.104408 0.190407 1 28 1.000000
c_metrocop_hands_sheet
  28 -25.512051 -0.431982 -22.766615 -0.713845 -0.634925 -0.295458 0.090655 0.101782 1 28 1.000000
  28 -25.640322 -0.453045 -22.182001 -0.703723 -0.675250 -0.220932 0.086865 0.193071 1 28 1.000000
  28 -25.683357 -0.148693 -22.230133 -0.948533 0.134099 -0.286884 0.104408 0.190407 1 28 1.000000
c_metrocop_hands_sheet
  28 -25.640322 -0.453045 -22.182001 -0.703723 -0.675250 -0.220932 0.086865 0.193071 1 28 1.000000
  28 -25.512051 -0.431982 -22.766615 -0.713845 -0.634925 -0.295458 0.090655 0.101782 1 28 1.000000
  28 -25.277168 -0.580444 -22.347792 0.024690 -0.998862 0.040807 0.070286 0.145686 1 28 1.000000
c_metrocop_hands_sheet
  28 -25.277168 -0.580444 -22.347792 0.024690 -0.998862 0.040807 0.070286 0.145686 1 28 1.000000
  28 -25.512051 -0.431982 -22.766615 -0.713845 -0.634925 -0.295458 0.090655 0.101782 1 28 1.000000
  28 -25.174599 -0.538818 -22.837664 -0.060519 -0.996948 -0.049317 0.072297 0.079988 2 28 0.813745 29 0.186255
c_metrocop_hands_sheet
  28 -24.918829 -0.476388 -22.821976 0.567384 -0.814590 0.120494 0.047884 0.076150 2 28 0.821039 29 0.178961
  28 -25.277168 -0.580444 -22.347792 0.024690 -0.998862 0.040807 0.070286 0.145686 1 28 1.000000
  28 -25.174599 -0.538818 -22.837664 -0.060519 -0.996948 -0.049317 0.072297 0.079988 2 28 0.813745 29 0.186255
c_metrocop_hands_sheet
  29 -24.709476 -0.410377 -23.180786 0.642221 -0.654979 0.398189 0.042546 0.040016 2 29 0.941124 28 0.058876
  28 -24.918829 -0.476388 -22.821976 0.567384 -0.814590 0.120494 0.047884 0.076150 2 28 0.821039 29 0.178961
  28 -25.174599 -0.538818 -22.837664 -0.060519 -0.996948 -0.049317 0.072297 0.079988 2 28 0.813745 29 0.186255
c_metrocop_hands_sheet
  29 -24.569658 -0.182479 -23.200592 0.855511 -0.035494 0.516566 0.020199 0.042532 2 29 0.901627 26 0.098373
  28 -24.918829 -0.476388 -22.821976 0.567384 -0.814590 0.120494 0.047884 0.076150 2 28 0.821039 29 0.178961
  29 -24.709476 -0.410377 -23.180786 0.642221 -0.654979 0.398189 0.042546 0.040016 2 29 0.941124 28 0.058876
c_metrocop_hands_sheet
  29 -24.399086 -0.211790 -23.506035 0.990533 -0.085302 0.107550 0.038758 0.002884 1 29 1.000000
  29 -24.569658 -0.182479 -23.200592 0.855511 -0.035494 0.516566 0.020199 0.042532 2 29 0.901627 26 0.098373
  29 -24.709476 -0.410377 -23.180786 0.642221 -0.654979 0.398189 0.042546 0.040016 2 29 0.941124 28 0.058876
c_metrocop_hands_sheet
  29 -24.399086 -0.211790 -23.506035 0.990533 -0.085302 0.107550 0.038758 0.002884 1 29 1.000000
  29 -24.709476 -0.410377 -23.180786 0.642221 -0.654979 0.398189 0.042546 0.040016 2 29 0.941124 28 0.058876
  29 -24.489563 -0.476915 -23.543064 0.703166 -0.709454 -0.047244 0.038758 0.002884 1 29 1.000000
c_metrocop_hands_sheet
  29 -24.489563 -0.476915 -23.543064 0.703166 -0.709454 -0.047244 0.038758 0.002884 1 29 1.000000
  29 -24.709476 -0.410377 -23.180786 0.642221 -0.654979 0.398189 0.042546 0.040016 2 29 0.941124 28 0.058876
  29 -25.011620 -0.583890 -23.211246 -0.056338 -0.998388 -0.006835 0.071629 0.044059 2 29 0.829519 28 0.170481
c_metrocop_hands_sheet
  29 -24.489563 -0.476915 -23.543064 0.703166 -0.709454 -0.047244 0.038758 0.002884 1 29 1.000000
  29 -25.011620 -0.583890 -23.211246 -0.056338 -0.998388 -0.006835 0.071629 0.044059 2 29 0.829519 28 0.170481
  29 -24.781546 -0.553598 -23.567780 -0.044741 -0.922773 -0.382739 0.065334 0.007198 1 29 1.000000
c_metrocop_hands_sheet
  29 -25.011620 -0.583890 -23.211246 -0.056338 -0.998388 -0.006835 0.071629 0.044059 2 29 0.829519 28 0.170481
  29 -25.041246 -0.435127 -23.528063 -0.651354 -0.483006 -0.585187 0.088627 0.017658 1 29 1.000000
  29 -24.781546 -0.553598 -23.567780 -0.044741 -0.922773 -0.382739 0.065334 0.007198 1 29 1.000000
c_metrocop_hands_sheet
  29 -25.390047 -0.436318 -22.971752 -0.679085 -0.631901 -0.373557 0.090088 0.073903 1 29 1.000000
  29 -25.041246 -0.435127 -23.528063 -0.651354 -0.483006 -0.585187 0.088627 0.017658 1 29 1.000000
  29 -25.011620 -0.583890 -23.211246 -0.056338 -0.998388 -0.006835 0.071629 0.044059 2 29 0.829519 28 0.170481
c_metrocop_hands_sheet
  29 -25.041246 -0.435127 -23.528063 -0.651354 -0.483006 -0.585187 0.088627 0.017658 1 29 1.000000
  29 -25.390047 -0.436318 -22.971752 -0.679085 -0.631901 -0.373557 0.090088 0.073903 1 29 1.000000
  29 -25.467457 -0.161476 -22.969545 -0.826448 0.140784 -0.545127 0.105357 0.075807 1 29 1.000000
c_metrocop_hands_sheet
  29 -25.390047 -0.436318 -22.971752 -0.679085 -0.631901 -0.373557 0.090088 0.073903 1 29 1.000000
  28 -25.621990 -0.166912 -22.698984 -0.955396 0.051575 -0.290788 0.104498 0.112823 1 28 1.000000
  29 -25.467457 -0.161476 -22.969545 -0.826448 0.140784 -0.545127 0.105357 0.075807 1 29 1.000000
c_metrocop_hands_sheet
  29 -25.467457 -0.161476 -22.969545 -0.826448 0.140784 -0.545127 0.105357 0.075807 1 29 1.000000
  28 -25.621990 -0.166912 -22.698984 -0.955396 0.051575 -0.290788 0.104498 0.112823 1 28 1.000000
  28 -25.483084 0.094977 -22.721708 -0.594003 0.748431 -0.294976 0.121061 0.104668 1 28 1.000000
c_metrocop_hands_sheet
  28 -25.621990 -0.166912 -22.698984 -0.955396 0.051575 -0.290788 0.104498 0.112823 1 28 1.000000
  28 -25.562624 0.130177 -22.148081 -0.629183 0.739540 -0.239184 0.124111 0.193456 1 28 1.000000
  28 -25.483084 0.094977 -22.721708 -0.594003 0.748431 -0.294976 0.121061 0.104668 1 28 1.000000
c_metrocop_hands_sheet
  28 -25.621990 -0.166912 -22.698984 -0.955396 0.051575 -0.290788 0.104498 0.112823 1 28 1.000000
  28 -25.683357 -0.148693 -22.230133 -0.948533 0.134099 -0.286884 0.104408 0.190407 1 28 1.000000
  28 -25.562624 0.130177 -22.148081 -0.629183 0.739540 -0.239184 0.124111 0.193456 1 28 1.000000
c_metrocop_hands_sheet
  28 -25.683357 -0.148693 -22.230133 -0.948533 0.134099 -0.286884 0.104408 0.190407 1 28 1.000000
  27 -25.665102 0.116351 -21.936113 -0.673437 0.713448 -0.193583 0.123557 0.220872 1 27 1.000000
  28 -25.562624 0.130177 -22.148081 -0.629183 0.739540 -0.239184 0.124111 0.193456 1 28 1.000000
c_metrocop_hands_sheet
  29 -24.709476 -0.410377 -23.180786 0.642221 -0.654979 0.398189 0.042546 0.040016 2 29 0.941124 28 0.058876
  28 -25.174599 -0.538818 -22.837664 -0.060519 -0.996948 -0.049317 0.072297 0.079988 2 28 0.813745 29 0.186255
  29 -25.011620 -0.583890 -23.211246 -0.056338 -0.998388 -0.006835 0.071629 0.044059 2 29 0.829519 28 0.170481
c_metrocop_hands_sheet
  28 -25.174599 -0.538818 -22.837664 -0.060519 -0.996948 -0.049317 0.072297 0.079988 2 28 0.813745 29 0.186255
  29 -25.390047 -0.436318 -22.971752 -0.679085 -0.631901 -0.373557 0.090088 0.073903 1 29 1.000000
  29 -25.011620 -0.583890 -23.211246 -0.056338 -0.998388 -0.006835 0.071629 0.044059 2 29 0.829519 28 0.170481
c_metrocop_hands_sheet
  28 -25.512051 -0.431982 -22.766615 -0.713845 -0.634925 -0.295458 0.090655 0.101782 1 28 1.000000
  29 -25.390047 -0.436318 -22.971752 -0.679085 -0.631901 -0.373557 0.090088 0.073903 1 29 1.000000
  28 -25.174599 -0.538818 -22.837664 -0.060519 -0.996948 -0.049317 0.072297 0.079988 2 28 0.813745 29 0.186255
c_metrocop_hands_sheet
  29 -25.390047 -0.436318 -22.971752 -0.679085 -0.631901 -0.373557 0.090088 0.073903 1 29 1.000000
  28 -25.512051 -0.431982 -22.766615 -0.713845 -0.634925 -0.295458 0.090655 0.101782 1 28 1.000000
  28 -25.621990 -0.166912 -22.698984 -0.955396 0.051575 -0.290788 0.104498 0.112823 1 28 1.000000
c_metrocop_hands_sheet
  28 -25.512051 -0.431982 -22.766615 -0.713845 -0.634925 -0.295458 0.090655 0.101782 1 28 1.000000
  28 -25.683357 -0.148693 -22.230133 -0.948533 0.134099 -0.286884 0.104408 0.190407 1 28 1.000000
  28 -25.621990 -0.166912 -22.698984 -0.955396 0.051575 -0.290788 0.104498 0.112823 1 28 1.000000
c_metrocop_hands_sheet
  29 -25.041246 -0.435127 -23.528063 -0.651354 -0.483006 -0.585187 0.088627 0.017658 1 29 1.000000
  29 -25.467457 -0.161476 -22.969545 -0.826448 0.140784 -0.545127 0.105357 0.075807 1 29 1.000000
  29 -25.104303 -0.199010 -23.472984 -0.770426 0.135384 -0.622989 0.106040 0.026507 1 29 1.000000
c_metrocop_hands_sheet
  29 -25.104303 -0.199010 -23.472984 -0.770426 0.135384 -0.622989 0.106040 0.026507 1 29 1.000000
  29 -25.344784 0.084062 -22.897245 -0.492453 0.788641 -0.368151 0.122351 0.080758 1 29 1.000000
  29 -25.017483 0.037406 -23.464630 -0.612792 0.596739 -0.518062 0.130463 0.029929 1 29 1.000000
c_metrocop_hands_sheet
  29 -25.104303 -0.199010 -23.472984 -0.770426 0.135384 -0.622989 0.106040 0.026507 1 29 1.000000
  29 -25.467457 -0.161476 -22.969545 -0.826448 0.140784 -0.545127 0.105357 0.075807 1 29 1.000000
  29 -25.344784 0.084062 -22.897245 -0.492453 0.788641 -0.368151 0.122351 0.080758 1 29 1.000000
c_metrocop_hands_sheet
  29 -25.467457 -0.161476 -22.969545 -0.826448 0.140784 -0.545127 0.105357 0.075807 1 29 1.000000
  28 -25.483084 0.094977 -22.721708 -0.594003 0.748431 -0.294976 0.121061 0.104668 1 28 1.000000
  29 -25.344784 0.084062 -22.897245 -0.492453 0.788641 -0.368151 0.122351 0.080758 1 29 1.000000
c_metrocop_hands_sheet
  29 -24.461668 0.029272 -23.481022 0.777873 0.624635 0.068882 0.160044 0.009944 2 29 0.819394 26 0.180606
  29 -24.569658 -0.182479 -23.200592 0.855511 -0.035494 0.516566 0.185589 0.040828 2 29 0.901627 26 0.098373
  29 -24.399086 -0.211790 -23.506035 0.990533 -0.085302 0.107550 0.174294 0.005063 1 29 1.000000
c_metrocop_hands_sheet
  29 -24.461668 0.029272 -23.481022 0.777873 0.624635 0.068882 0.160044 0.009944 2 29 0.819394 26 0.180606
  29 -24.731499 0.099301 -23.163685 0.591525 0.722817 0.357259 0.159344 0.044791 1 29 1.000000
  29 -24.569658 -0.182479 -23.200592 0.855511 -0.035494 0.516566 0.185589 0.040828 2 29 0.901627 26 0.098373
c_metrocop_hands_sheet
  29 -24.741467 0.147600 -23.481880 0.060093 0.976742 -0.205823 0.130463 0.029929 2 29 0.893222 26 0.106778
  29 -24.731499 0.099301 -23.163685 0.591525 0.722817 0.357259 0.159344 0.044791 1 29 1.000000
  29 -24.461668 0.029272 -23.481022 0.777873 0.624635 0.068882 0.160044 0.009944 2 29 0.819394 26 0.180606
c_metrocop_hands_sheet
  29 -24.741467 0.147600 -23.481880 0.060093 0.976742 -0.205823 0.130463 0.029929 2 29 0.893222 26 0.106778
  29 -24.948996 0.185938 -23.154558 -0.012176 0.999909 -0.005799 0.141410 0.049717 1 29 1.000000
  29 -24.731499 0.099301 -23.163685 0.591525 0.722817 0.357259 0.159344 0.044791 1 29 1.000000
c_metrocop_hands_sheet
  29 -24.948996 0.185938 -23.154558 -0.012176 0.999909 -0.005799 0.141410 0.049717 1 29 1.000000
  29 -24.741467 0.147600 -23.481880 0.060093 0.976742 -0.205823 0.130463 0.029929 2 29 0.893222 26 0.106778
  29 -25.017483 0.037406 -23.464630 -0.612792 0.596739 -0.518062 0.130463 0.029929 1 29 1.000000
c_metrocop_hands_sheet
  29 -25.344784 0.084062 -22.897245 -0.492453 0.788641 -0.368151 0.122351 0.080758 1 29 1.000000
  29 -24.948996 0.185938 -23.154558 -0.012176 0.999909 -0.005799 0.141410 0.049717 1 29 1.000000
  29 -25.017483 0.037406 -23.464630 -0.612792 0.596739 -0.518062 0.130463 0.029929 1 29 1.000000
c_metrocop_hands_sheet
  28 -25.128189 0.139389 -22.794222 0.130072 0.991382 0.015563 0.138519 0.087766 2 28 0.561537 29 0.438463
  29 -24.948996 0.185938 -23.154558 -0.012176 0.999909 -0.005799 0.141410 0.049717 1 29 1.000000
  29 -25.344784 0.084062 -22.897245 -0.492453 0.788641 -0.368151 0.122351 0.080758 1 29 1.000000
c_metrocop_hands_sheet
  28 -25.483084 0.094977 -22.721708 -0.594003 0.748431 -0.294976 0.121061 0.104668 1 28 1.000000
  28 -25.128189 0.139389 -22.794222 0.130072 0.991382 0.015563 0.138519 0.087766 2 28 0.561537 29 0.438463
  29 -25.344784 0.084062 -22.897245 -0.492453 0.788641 -0.368151 0.122351 0.080758 1 29 1.000000
c_metrocop_hands_sheet
  28 -25.218870 0.213376 -22.323662 0.190713 0.981587 0.010740 0.139300 0.145927 1 28 1.000000
  28 -25.128189 0.139389 -22.794222 0.130072 0.991382 0.015563 0.138519 0.087766 2 28 0.561537 29 0.438463
  28 -25.483084 0.094977 -22.721708 -0.594003 0.748431 -0.294976 0.121061 0.104668 1 28 1.000000
c_metrocop_hands_sheet
  28 -25.218870 0.213376 -22.323662 0.190713 0.981587 0.010740 0.139300 0.145927 1 28 1.000000
  28 -25.483084 0.094977 -22.721708 -0.594003 0.748431 -0.294976 0.121061 0.104668 1 28 1.000000
  28 -25.562624 0.130177 -22.148081 -0.629183 0.739540 -0.239184 0.124111 0.193456 1 28 1.000000
c_metrocop_hands_sheet
  28 -25.450253 0.220183 -22.010509 -0.066195 0.997529 -0.023532 0.134849 0.202368 3 28 0.484327 27 0.348990 25 0.166683
  28 -25.218870 0.213376 -22.323662 0.190713 0.981587 0.010740 0.139300 0.145927 1 28 1.000000
  28 -25.562624 0.130177 -22.148081 -0.629183 0.739540 -0.239184 0.124111 0.193456 1 28 1.000000
c_metrocop_hands_sheet
  27 -25.665102 0.116351 -21.936113 -0.673437 0.713448 -0.193583 0.123557 0.220872 1 27 1.000000
  28 -25.450253 0.220183 -22.010509 -0.066195 0.997529 -0.023532 0.134849 0.202368 3 28 0.484327 27 0.348990 25 0.166683
  28 -25.562624 0.130177 -22.148081 -0.629183 0.739540 -0.239184 0.124111 0.193456 1 28 1.000000
c_metrocop_hands_sheet
  27 -25.488329 0.200557 -21.419048 0.077794 0.932181 -0.353535 0.149867 0.248300 1 27 1.000000
  28 -25.450253 0.220183 -22.010509 -0.066195 0.997529 -0.023532 0.134849 0.202368 3 28 0.484327 27 0.348990 25 0.166683
  27 -25.665102 0.116351 -21.936113 -0.673437 0.713448 -0.193583 0.123557 0.220872 1 27 1.000000
c_metrocop_hands_sheet
  24 -25.758015 0.214922 -21.251678 -0.605563 0.768597 -0.206282 0.135430 0.267373 2 24 0.553617 27 0.446383
  27 -25.488329 0.200557 -21.419048 0.077794 0.932181 -0.353535 0.149867 0.248300 1 27 1.000000
  27 -25.665102 0.116351 -21.936113 -0.673437 0.713448 -0.193583 0.123557 0.220872 1 27 1.000000
c_metrocop_hands_sheet
  24 -25.416866 0.260879 -21.359344 -0.151315 0.411951 -0.898555 0.149867 0.248300 2 24 0.527177 27 0.472823
  27 -25.488329 0.200557 -21.419048 0.077794 0.932181 -0.353535 0.149867 0.248300 1 27 1.000000
  24 -25.758015 0.214922 -21.251678 -0.605563 0.768597 -0.206282 0.135430 0.267373 2 24 0.553617 27 0.446383
c_metrocop_hands_sheet
  24 -25.852636 0.242675 -20.892506 -0.888905 0.400536 -0.222305 0.146732 0.297083 2 24 0.655353 27 0.344647
  24 -25.416866 0.260879 -21.359344 -0.151315 0.411951 -0.898555 0.149867 0.248300 2 24 0.527177 27 0.472823
  24 -25.758015 0.214922 -21.251678 -0.605563 0.768597 -0.206282 0.135430 0.267373 2 24 0.553617 27 0.446383
c_metrocop_hands_sheet
  24 -25.852636 0.242675 -20.892506 -0.888905 0.400536 -0.222305 0.146732 0.297083 2 24 0.655353 27 0.344647
  24 -25.758015 0.214922 -21.251678 -0.605563 0.768597 -0.206282 0.135430 0.267373 2 24 0.553617 27 0.446383
  27 -25.913237 0.004202 -20.857910 -0.984599 0.153663 -0.083378 0.128660 0.315914 2 27 0.794544 24 0.205456
c_metrocop_hands_sheet
  24 -25.758015 0.214922 -21.251678 -0.605563 0.768597 -0.206282 0.135430 0.267373 2 24 0.553617 27 0.446383
  27 -25.665102 0.116351 -21.936113 -0.673437 0.713448 -0.193583 0.123557 0.220872 1 27 1.000000
  27 -25.913237 0.004202 -20.857910 -0.984599 0.153663 -0.083378 0.128660 0.315914 2 27 0.794544 24 0.205456
c_metrocop_hands_sheet
  24 -25.416866 0.260879 -21.359344 -0.151315 0.411951 -0.898555 0.149867 0.248300 2 24 0.527177 27 0.472823
  27 -25.144014 -0.000093 -21.386999 0.819351 0.515013 -0.251845 0.165750 0.227387 1 27 1.000000
  27 -25.488329 0.200557 -21.419048 0.077794 0.932181 -0.353535 0.149867 0.248300 1 27 1.000000
c_metrocop_hands_sheet
  28 -25.450253 0.220183 -22.010509 -0.066195 0.997529 -0.023532 0.134849 0.202368 3 28 0.484327 27 0.348990 25 0.166683
  27 -25.488329 0.200557 -21.419048 0.077794 0.932181 -0.353535 0.149867 0.248300 1 27 1.000000
  27 -25.144014 -0.000093 -21.386999 0.819351 0.515013 -0.251845 0.165750 0.227387 1 27 1.000000
c_metrocop_hands_sheet
  28 -25.450253 0.220183 -22.010509 -0.066195 0.997529 -0.023532 0.134849 0.202368 3 28 0.484327 27 0.348990 25 0.166683
  27 -25.144014 -0.000093 -21.386999 0.819351 0.515013 -0.251845 0.165750 0.227387 1 27 1.000000
  27 -25.080170 0.027576 -21.955286 0.711526 0.668463 0.216535 0.165732 0.191284 1 27 1.000000
c_metrocop_hands_sheet
  28 -25.218870 0.213376 -22.323662 0.190713 0.981587 0.010740 0.139300 0.145927 1 28 1.000000
  28 -25.450253 0.220183 -22.010509 -0.066195 0.997529 -0.023532 0.134849 0.202368 3 28 0.484327 27 0.348990 25 0.166683
  27 -25.080170 0.027576 -21.955286 0.711526 0.668463 0.216535 0.165732 0.191284 1 27 1.000000
c_metrocop_hands_sheet
  28 -25.218870 0.213376 -22.323662 0.190713 0.981587 0.010740 0.139300 0.145927 1 28 1.000000
  27 -25.080170 0.027576 -21.955286 0.711526 0.668463 0.216535 0.165732 0.191284 1 27 1.000000
  28 -24.972780 0.046487 -22.324923 0.763440 0.629371 0.145089 0.160762 0.132278 1 28 1.000000
c_metrocop_hands_sheet
  28 -25.128189 0.139389 -22.794222 0.130072 0.991382 0.015563 0.138519 0.087766 2 28 0.561537 29 0.438463
  28 -25.218870 0.213376 -22.323662 0.190713 0.981587 0.010740 0.139300 0.145927 1 28 1.000000
  28 -24.972780 0.046487 -22.324923 0.763440 0.629371 0.145089 0.160762 0.132278 1 28 1.000000
c_metrocop_hands_sheet
  28 -25.128189 0.139389 -22.794222 0.130072 0.991382 0.015563 0.138519 0.087766 2 28 0.561537 29 0.438463
  28 -24.972780 0.046487 -22.324923 0.763440 0.629371 0.145089 0.160762 0.132278 1 28 1.000000
  28 -24.893103 0.005054 -22.766220 0.735578 0.631356 0.245590 0.157662 0.080594 1 28 1.000000
c_metrocop_hands_sheet
  29 -24.948996 0.185938 -23.154558 -0.012176 0.999909 -0.005799 0.141410 0.049717 1 29 1.000000
  28 -25.128189 0.139389 -22.794222 0.130072 0.991382 0.015563 0.138519 0.087766 2 28 0.561537 29 0.438463
  28 -24.893103 0.005054 -22.766220 0.735578 0.631356 0.245590 0.157662 0.080594 1 28 1.000000
c_metrocop_hands_sheet
  29 -24.948996 0.185938 -23.154558 -0.012176 0.999909 -0.005799 0.141410 0.049717 1 29 1.000000
  28 -24.893103 0.005054 -22.766220 0.735578 0.631356 0.245590 0.157662 0.080594 1 28 1.000000
  29 -24.731499 0.099301 -23.163685 0.591525 0.722817 0.357259 0.159344 0.044791 1 29 1.000000
c_metrocop_hands_sheet
  29 -24.731499 0.099301 -23.163685 0.591525 0.722817 0.357259 0.159344 0.044791 1 29 1.000000
  28 -24.893103 0.005054 -22.766220 0.735578 0.631356 0.245590 0.157662 0.080594 1 28 1.000000
  29 -24.801105 -0.239293 -22.777140 0.943458 -0.095126 0.317550 0.185487 0.073251 2 29 0.504175 28 0.495825
c_metrocop_hands_sheet
  29 -24.731499 0.099301 -23.163685 0.591525 0.722817 0.357259 0.159344 0.044791 1 29 1.000000
  29 -24.801105 -0.239293 -22.777140 0.943458 -0.095126 0.317550 0.185487 0.073251 2 29 0.504175 28 0.495825
  29 -24.569658 -0.182479 -23.200592 0.855511 -0.035494 0.516566 0.185589 0.040828 2 29 0.901627 26 0.098373
c_metrocop_hands_sheet
  27 -25.080170 0.027576 -21.955286 0.711526 0.668463 0.216535 0.165732 0.191284 1 27 1.000000
  27 -25.144014 -0.000093 -21.386999 0.819351 0.515013 -0.251845 0.165750 0.227387 1 27 1.000000
  27 -25.109146 -0.231510 -21.367941 0.916335 -0.059787 -0.395924 0.173567 0.224466 1 27 1.000000
c_metrocop_hands_sheet
  27 -25.080170 0.027576 -21.955286 0.711526 0.668463 0.216535 0.165732 0.191284 1 27 1.000000
  27 -25.109146 -0.231510 -21.367941 0.916335 -0.059787 -0.395924 0.173567 0.224466 1 27 1.000000
  27 -24.986637 -0.199128 -21.918684 0.973320 -0.025117 0.228072 0.184228 0.190763 2 27 0.523243 28 0.476757
c_metrocop_hands_sheet
  28 -24.972780 0.046487 -22.324923 0.763440 0.629371 0.145089 0.160762 0.132278 1 28 1.000000
  27 -25.080170 0.027576 -21.955286 0.711526 0.668463 0.216535 0.165732 0.191284 1 27 1.000000
  27 -24.986637 -0.199128 -21.918684 0.973320 -0.025117 0.228072 0.184228 0.190763 2 27 0.523243 28 0.476757
c_metrocop_hands_sheet
  28 -24.972780 0.046487 -22.324923 0.763440 0.629371 0.145089 0.160762 0.132278 1 28 1.000000
  27 -24.986637 -0.199128 -21.918684 0.973320 -0.025117 0.228072 0.184228 0.190763 2 27 0.523243 28 0.476757
  28 -24.878408 -0.201063 -22.324362 0.974674 -0.044495 0.219158 0.184435 0.127086 1 28 1.000000
c_metrocop_hands_sheet
  28 -24.893103 0.005054 -22.766220 0.735578 0.631356 0.245590 0.157662 0.080594 1 28 1.000000
  28 -24.972780 0.046487 -22.324923 0.763440 0.629371 0.145089 0.160762 0.132278 1 28 1.000000
  28 -24.878408 -0.201063 -22.324362 0.974674 -0.044495 0.219158 0.184435 0.127086 1 28 1.000000
c_metrocop_hands_sheet
  28 -24.893103 0.005054 -22.766220 0.735578 0.631356 0.245590 0.157662 0.080594 1 28 1.000000
  28 -24.878408 -0.201063 -22.324362 0.974674 -0.044495 0.219158 0.184435 0.127086 1 28 1.000000
  29 -24.801105 -0.239293 -22.777140 0.943458 -0.095126 0.317550 0.185487 0.073251 2 29 0.504175 28 0.495825
c_metrocop_hands_sheet
  10 24.498137 -0.116616 -23.817879 -0.742660 0.290828 -0.603221 0.060786 0.420375 1 10 1.000000
  10 24.399162 -0.211745 -23.506088 -0.991338 -0.056363 0.118622 0.060310 0.373431 1 10 1.000000
  10 24.461740 0.029313 -23.481073 -0.789180 0.601864 0.122289 0.082402 0.401688 1 10 1.000000
c_metrocop_hands_sheet
  10 24.498137 -0.116616 -23.817879 -0.742660 0.290828 -0.603221 0.060786 0.420375 1 10 1.000000
  10 24.489639 -0.476870 -23.543116 -0.679914 -0.732187 -0.040230 0.035114 0.374158 1 10 1.000000
  10 24.399162 -0.211745 -23.506088 -0.991338 -0.056363 0.118622 0.060310 0.373431 1 10 1.000000
c_metrocop_hands_sheet
  10 24.498137 -0.116616 -23.817879 -0.742660 0.290828 -0.603221 0.060786 0.420375 1 10 1.000000
  10 24.545689 -0.280733 -23.839848 -0.533390 -0.443077 -0.720540 0.043961 0.417292 1 10 1.000000
  10 24.489639 -0.476870 -23.543116 -0.679914 -0.732187 -0.040230 0.035114 0.374158 1 10 1.000000
c_metrocop_hands_sheet
  10 24.545689 -0.280733 -23.839848 -0.533390 -0.443077 -0.720540 0.043961 0.417292 1 10 1.000000
  10 24.781622 -0.553552 -23.567833 0.014675 -0.947562 -0.319236 0.015860 0.417150 1 10 1.000000
  10 24.489639 -0.476870 -23.543116 -0.679914 -0.732187 -0.040230 0.035114 0.374158 1 10 1.000000
c_metrocop_hands_sheet
  10 24.545689 -0.280733 -23.839848 -0.533390 -0.443077 -0.720540 0.043961 0.417292 1 10 1.000000
  10 24.735060 -0.284204 -23.854172 0.354484 -0.315203 -0.880334 0.036070 0.450726 1 10 1.000000
  10 24.781622 -0.553552 -23.567833 0.014675 -0.947562 -0.319236 0.015860 0.417150 1 10 1.000000
c_metrocop_hands_sheet
  10 24.735060 -0.284204 -23.854172 0.354484 -0.315203 -0.880334 0.036070 0.450726 1 10 1.000000
  10 25.041323 -0.435082 -23.528114 0.659297 -0.478933 -0.579613 0.015938 0.467075 1 10 1.000000
  10 24.781622 -0.553552 -23.567833 0.014675 -0.947562 -0.319236 0.015860 0.417150 1 10 1.000000
c_metrocop_hands_sheet
  10 24.735060 -0.284204 -23.854172 0.354484 -0.315203 -0.880334 0.036070 0.450726 1 10 1.000000
  10 25.104380 -0.198966 -23.473036 0.777726 0.096867 -0.621095 0.032373 0.492022 1 10 1.000000
  10 25.041323 -0.435082 -23.528114 0.659297 -0.478933 -0.579613 0.015938 0.467075 1 10 1.000000
c_metrocop_hands_sheet
  10 24.690475 0.007771 -23.819460 0.125379 0.668066 -0.733463 0.064508 0.462910 1 10 1.000000
  10 25.104380 -0.198966 -23.473036 0.777726 0.096867 -0.621095 0.032373 0.492022 1 10 1.000000
  10 24.735060 -0.284204 -23.854172 0.354484 -0.315203 -0.880334 0.036070 0.450726 1 10 1.000000
c_metrocop_hands_sheet
  10 24.690475 0.007771 -23.819460 0.125379 0.668066 -0.733463 0.064508 0.462910 1 10 1.000000
  10 25.017561 0.037451 -23.464684 0.597807 0.612327 -0.517380 0.057717 0.494713 2 10 0.947444 9 0.052556
  10 25.104380 -0.198966 -23.473036 0.777726 0.096867 -0.621095 0.032373 0.492022 1 10 1.000000
c_metrocop_hands_sheet
  10 24.690475 0.007771 -23.819460 0.125379 0.668066 -0.733463 0.064508 0.462910 1 10 1.000000
  10 24.741543 0.147641 -23.481932 -0.061674 0.977416 -0.202126 0.081600 0.461840 2 10 0.898364 7 0.101636
  10 25.017561 0.037451 -23.464684 0.597807 0.612327 -0.517380 0.057717 0.494713 2 10 0.947444 9 0.052556
c_metrocop_hands_sheet
  10 24.690475 0.007771 -23.819460 0.125379 0.668066 -0.733463 0.064508 0.462910 1 10 1.000000
  10 24.461740 0.029313 -23.481073 -0.789180 0.601864 0.122289 0.082402 0.401688 1 10 1.000000
  10 24.741543 0.147641 -23.481932 -0.061674 0.977416 -0.202126 0.081600 0.461840 2 10 0.898364 7 0.101636
c_metrocop_hands_sheet
  10 24.690475 0.007771 -23.819460 0.125379 0.668066 -0.733463 0.064508 0.462910 1 10 1.000000
  10 24.498137 -0.116616 -23.817879 -0.742660 0.290828 -0.603221 0.060786 0.420375 1 10 1.000000
  10 24.461740 0.029313 -23.481073 -0.789180 0.601864 0.122289 0.082402 0.401688 1 10 1.000000
c_metrocop_hands_sheet
  10 24.619038 -0.166164 -23.888699 -0.069396 0.091104 -0.993421 0.050778 0.439815 1 10 1.000000
  10 24.498137 -0.116616 -23.817879 -0.742660 0.290828 -0.603221 0.060786 0.420375 1 10 1.000000
  10 24.690475 0.007771 -23.819460 0.125379 0.668066 -0.733463 0.064508 0.462910 1 10 1.000000
c_metrocop_hands_sheet
  10 24.619038 -0.166164 -23.888699 -0.069396 0.091104 -0.993421 0.050778 0.439815 1 10 1.000000
  10 24.545689 -0.280733 -23.839848 -0.533390 -0.443077 -0.720540 0.043961 0.417292 1 10 1.000000
  10 24.498137 -0.116616 -23.817879 -0.742660 0.290828 -0.603221 0.060786 0.420375 1 10 1.000000
c_metrocop_hands_sheet
  10 24.619038 -0.166164 -23.888699 -0.069396 0.091104 -0.993421 0.050778 0.439815 1 10 1.000000
  10 24.735060 -0.284204 -23.854172 0.354484 -0.315203 -0.880334 0.036070 0.450726 1 10 1.000000
  10 24.545689 -0.280733 -23.839848 -0.533390 -0.443077 -0.720540 0.043961 0.417292 1 10 1.000000
c_metrocop_hands_sheet
  10 24.619038 -0.166164 -23.888699 -0.069396 0.091104 -0.993421 0.050778 0.439815 1 10 1.000000
  10 24.690475 0.007771 -23.819460 0.125379 0.668066 -0.733463 0.064508 0.462910 1 10 1.000000
  10 24.735060 -0.284204 -23.854172 0.354484 -0.315203 -0.880334 0.036070 0.450726 1 10 1.000000
c_metrocop_hands_sheet
  22 -22.315639 -2.293528 -17.246588 -0.144171 -0.988958 0.034306 0.735448 0.233632 2 22 0.531672 36 0.468328
  36 -22.250154 -2.027551 -18.585348 0.821320 -0.567835 -0.054747 0.849817 0.292095 2 36 0.901410 23 0.098590
  22 -21.408417 -2.092350 -17.714579 0.474911 -0.695016 -0.539826 0.835308 0.170982 2 22 0.587568 23 0.412432
c_metrocop_hands_sheet
  22 -22.315639 -2.293528 -17.246588 -0.144171 -0.988958 0.034306 0.735448 0.233632 2 22 0.531672 36 0.468328
  36 -22.629293 -2.611641 -18.320465 0.334151 -0.872298 0.356988 0.789607 0.353879 1 36 1.000000
  36 -22.250154 -2.027551 -18.585348 0.821320 -0.567835 -0.054747 0.849817 0.292095 2 36 0.901410 23 0.098590
c_metrocop_hands_sheet
  36 -23.194010 -2.355618 -18.006105 -0.382562 -0.779059 0.496703 0.719982 0.385314 1 36 1.000000
  36 -22.629293 -2.611641 -18.320465 0.334151 -0.872298 0.356988 0.789607 0.353879 1 36 1.000000
  22 -22.315639 -2.293528 -17.246588 -0.144171 -0.988958 0.034306 0.735448 0.233632 2 22 0.531672 36 0.468328
c_metrocop_hands_sheet
  36 -22.382010 -2.908982 -18.869860 0.655581 -0.515988 0.551335 0.847822 0.374634 2 36 0.909123 37 0.090877
  36 -22.629293 -2.611641 -18.320465 0.334151 -0.872298 0.356988 0.789607 0.353879 1 36 1.000000
  36 -23.194010 -2.355618 -18.006105 -0.382562 -0.779059 0.496703 0.719982 0.385314 1 36 1.000000
c_metrocop_hands_sheet
  36 -22.382010 -2.908982 -18.869860 0.655581 -0.515988 0.551335 0.847822 0.374634 2 36 0.909123 37 0.090877
  36 -23.194010 -2.355618 -18.006105 -0.382562 -0.779059 0.496703 0.719982 0.385314 1 36 1.000000
  36 -22.798412 -2.998141 -18.868828 0.027799 -0.772650 0.634223 0.807886 0.401621 1 36 1.000000
c_metrocop_hands_sheet
  36 -22.423744 -3.522451 -19.588348 0.582598 -0.732299 0.352587 0.872067 0.463695 2 36 0.510438 37 0.489562
  36 -22.382010 -2.908982 -18.869860 0.655581 -0.515988 0.551335 0.847822 0.374634 2 36 0.909123 37 0.090877
  36 -22.798412 -2.998141 -18.868828 0.027799 -0.772650 0.634223 0.807886 0.401621 1 36 1.000000
c_metrocop_hands_sheet
  36 -22.199909 -3.209478 -19.771944 0.941063 -0.334680 -0.048889 0.902189 0.457248 2 36 0.514743 37 0.485257
  36 -22.382010 -2.908982 -18.869860 0.655581 -0.515988 0.551335 0.847822 0.374634 2 36 0.909123 37 0.090877
  36 -22.423744 -3.522451 -19.588348 0.582598 -0.732299 0.352587 0.872067 0.463695 2 36 0.510438 37 0.489562
c_metrocop_hands_sheet
  37 -22.380453 -3.382585 -20.144981 0.941882 -0.227649 -0.247050 0.907910 0.504513 2 37 0.545639 36 0.454361
  36 -22.199909 -3.209478 -19.771944 0.941063 -0.334680 -0.048889 0.902189 0.457248 2 36 0.514743 37 0.485257
  36 -22.423744 -3.522451 -19.588348 0.582598 -0.732299 0.352587 0.872067 0.463695 2 36 0.510438 37 0.489562
c_metrocop_hands_sheet
  36 -22.199909 -3.209478 -19.771944 0.941063 -0.334680 -0.048889 0.902189 0.457248 2 36 0.514743 37 0.485257
  36 -22.129574 -2.312287 -19.245224 0.964836 -0.201461 0.168835 0.895958 0.377358 2 36 0.819871 37 0.180129
  36 -22.382010 -2.908982 -18.869860 0.655581 -0.515988 0.551335 0.847822 0.374634 2 36 0.909123 37 0.090877
c_metrocop_hands_sheet
  36 -22.129574 -2.312287 -19.245224 0.964836 -0.201461 0.168835 0.895958 0.377358 2 36 0.819871 37 0.180129
  36 -22.629293 -2.611641 -18.320465 0.334151 -0.872298 0.356988 0.789607 0.353879 1 36 1.000000
  36 -22.382010 -2.908982 -18.869860 0.655581 -0.515988 0.551335 0.847822 0.374634 2 36 0.909123 37 0.090877
c_metrocop_hands_sheet
  36 -22.129574 -2.312287 -19.245224 0.964836 -0.201461 0.168835 0.895958 0.377358 2 36 0.819871 37 0.180129
  36 -22.250154 -2.027551 -18.585348 0.821320 -0.567835 -0.054747 0.849817 0.292095 2 36 0.901410 23 0.098590
  36 -22.629293 -2.611641 -18.320465 0.334151 -0.872298 0.356988 0.789607 0.353879 1 36 1.000000
c_metrocop_hands_sheet
  29 -24.461668 0.029272 -23.481022 0.777873 0.624635 0.068882 0.082402 0.401688 2 29 0.819394 26 0.180606
  29 -24.399086 -0.211790 -23.506035 0.990533 -0.085302 0.107550 0.060310 0.373431 1 29 1.000000
  29 -24.498060 -0.116662 -23.817827 0.742658 0.290848 -0.603214 0.060786 0.420375 1 29 1.000000
c_metrocop_hands_sheet
  29 -24.399086 -0.211790 -23.506035 0.990533 -0.085302 0.107550 0.060310 0.373431 1 29 1.000000
  29 -24.489563 -0.476915 -23.543064 0.703166 -0.709454 -0.047244 0.035114 0.374158 1 29 1.000000
  29 -24.498060 -0.116662 -23.817827 0.742658 0.290848 -0.603214 0.060786 0.420375 1 29 1.000000
c_metrocop_hands_sheet
  29 -24.489563 -0.476915 -23.543064 0.703166 -0.709454 -0.047244 0.035114 0.374158 1 29 1.000000
  29 -24.545612 -0.280778 -23.839796 0.533386 -0.443049 -0.720560 0.043961 0.417292 1 29 1.000000
  29 -24.498060 -0.116662 -23.817827 0.742658 0.290848 -0.603214 0.060786 0.420375 1 29 1.000000
c_metrocop_hands_sheet
  29 -24.489563 -0.476915 -23.543064 0.703166 -0.709454 -0.047244 0.035114 0.374158 1 29 1.000000
  29 -24.781546 -0.553598 -23.567780 -0.044741 -0.922773 -0.382739 0.015860 0.417150 1 29 1.000000
  29 -24.545612 -0.280778 -23.839796 0.533386 -0.443049 -0.720560 0.043961 0.417292 1 29 1.000000
c_metrocop_hands_sheet
  29 -24.781546 -0.553598 -23.567780 -0.044741 -0.922773 -0.382739 0.015860 0.417150 1 29 1.000000
  29 -24.734983 -0.284251 -23.854120 -0.361067 -0.309612 -0.879642 0.036070 0.450726 1 29 1.000000
  29 -24.545612 -0.280778 -23.839796 0.533386 -0.443049 -0.720560 0.043961 0.417292 1 29 1.000000
c_metrocop_hands_sheet
  29 -24.781546 -0.553598 -23.567780 -0.044741 -0.922773 -0.382739 0.015860 0.417150 1 29 1.000000
  29 -25.041246 -0.435127 -23.528063 -0.651354 -0.483006 -0.585187 0.015938 0.467075 1 29 1.000000
  29 -24.734983 -0.284251 -23.854120 -0.361067 -0.309612 -0.879642 0.036070 0.450726 1 29 1.000000
c_metrocop_hands_sheet
  29 -25.041246 -0.435127 -23.528063 -0.651354 -0.483006 -0.585187 0.015938 0.467075 1 29 1.000000
  29 -25.104303 -0.199010 -23.472984 -0.770426 0.135384 -0.622989 0.032373 0.492022 1 29 1.000000
  29 -24.734983 -0.284251 -23.854120 -0.361067 -0.309612 -0.879642 0.036070 0.450726 1 29 1.000000
c_metrocop_hands_sheet
  29 -24.734983 -0.284251 -23.854120 -0.361067 -0.309612 -0.879642 0.036070 0.450726 1 29 1.000000
  29 -25.104303 -0.199010 -23.472984 -0.770426 0.135384 -0.622989 0.032373 0.492022 1 29 1.000000
  29 -25.017483 0.037406 -23.464630 -0.612792 0.596739 -0.518062 0.057717 0.494713 1 29 1.000000
c_metrocop_hands_sheet
  29 -24.734983 -0.284251 -23.854120 -0.361067 -0.309612 -0.879642 0.036070 0.450726 1 29 1.000000
  29 -25.017483 0.037406 -23.464630 -0.612792 0.596739 -0.518062 0.057717 0.494713 1 29 1.000000
  29 -24.690399 0.007725 -23.819408 -0.136694 0.665837 -0.733468 0.064508 0.462910 1 29 1.000000
c_metrocop_hands_sheet
  29 -25.017483 0.037406 -23.464630 -0.612792 0.596739 -0.518062 0.057717 0.494713 1 29 1.000000
  29 -24.741467 0.147600 -23.481880 0.060093 0.976742 -0.205823 0.081600 0.461840 2 29 0.893222 26 0.106778
  29 -24.690399 0.007725 -23.819408 -0.136694 0.665837 -0.733468 0.064508 0.462910 1 29 1.000000
c_metrocop_hands_sheet
  29 -24.741467 0.147600 -23.481880 0.060093 0.976742 -0.205823 0.081600 0.461840 2 29 0.893222 26 0.106778
  29 -24.461668 0.029272 -23.481022 0.777873 0.624635 0.068882 0.082402 0.401688 2 29 0.819394 26 0.180606
  29 -24.690399 0.007725 -23.819408 -0.136694 0.665837 -0.733468 0.064508 0.462910 1 29 1.000000
c_metrocop_hands_sheet
  29 -24.461668 0.029272 -23.481022 0.777873 0.624635 0.068882 0.082402 0.401688 2 29 0.819394 26 0.180606
  29 -24.498060 -0.116662 -23.817827 0.742658 0.290848 -0.603214 0.060786 0.420375 1 29 1.000000
  29 -24.690399 0.007725 -23.819408 -0.136694 0.665837 -0.733468 0.064508 0.462910 1 29 1.000000
c_metrocop_hands_sheet
  29 -24.690399 0.007725 -23.819408 -0.136694 0.665837 -0.733468 0.064508 0.462910 1 29 1.000000
  29 -24.498060 -0.116662 -23.817827 0.742658 0.290848 -0.603214 0.060786 0.420375 1 29 1.000000
  29 -24.618961 -0.166210 -23.888647 0.069371 0.091099 -0.993423 0.050778 0.439815 1 29 1.000000
c_metrocop_hands_sheet
  29 -24.498060 -0.116662 -23.817827 0.742658 0.290848 -0.603214 0.060786 0.420375 1 29 1.000000
  29 -24.545612 -0.280778 -23.839796 0.533386 -0.443049 -0.720560 0.043961 0.417292 1 29 1.000000
  29 -24.618961 -0.166210 -23.888647 0.069371 0.091099 -0.993423 0.050778 0.439815 1 29 1.000000
c_metrocop_hands_sheet
  29 -24.545612 -0.280778 -23.839796 0.533386 -0.443049 -0.720560 0.043961 0.417292 1 29 1.000000
  29 -24.734983 -0.284251 -23.854120 -0.361067 -0.309612 -0.879642 0.036070 0.450726 1 29 1.000000
  29 -24.618961 -0.166210 -23.888647 0.069371 0.091099 -0.993423 0.050778 0.439815 1 29 1.000000
c_metrocop_hands_sheet
  29 -24.734983 -0.284251 -23.854120 -0.361067 -0.309612 -0.879642 0.036070 0.450726 1 29 1.000000
  29 -24.690399 0.007725 -23.819408 -0.136694 0.665837 -0.733468 0.064508 0.462910 1 29 1.000000
  29 -24.618961 -0.166210 -23.888647 0.069371 0.091099 -0.993423 0.050778 0.439815 1 29 1.000000
c_metrocop_hands_sheet
  14 24.606384 -2.618096 -20.521124 -0.257335 -0.833080 -0.489649 0.756791 0.701322 2 14 0.903255 11 0.096745
  14 25.223564 -2.583013 -21.201084 -0.549989 -0.693035 -0.466063 0.776065 0.814225 2 14 0.940614 15 0.059386
  14 25.518799 -2.709837 -21.033613 -0.023010 -0.999236 0.031587 0.741194 0.822677 1 14 1.000000
c_metrocop_hands_sheet
  14 25.223564 -2.583013 -21.201084 -0.549989 -0.693035 -0.466063 0.776065 0.814225 2 14 0.940614 15 0.059386
  14 25.467484 -2.593719 -21.586988 -0.680611 -0.677714 -0.278338 0.764216 0.906296 1 14 1.000000
  14 25.518799 -2.709837 -21.033613 -0.023010 -0.999236 0.031587 0.741194 0.822677 1 14 1.000000
c_metrocop_hands_sheet
  26 -24.069588 0.410249 -23.143229 0.878273 0.139994 -0.457206 0.060786 0.420375 1 26 1.000000
  26 -24.115662 0.275006 -23.156118 0.663846 -0.549854 -0.506921 0.043961 0.417292 1 26 1.000000
  26 -24.151127 0.367094 -23.225523 0.370315 -0.055815 -0.927228 0.050778 0.439815 1 26 1.000000
c_metrocop_hands_sheet
  26 -24.208691 0.520488 -23.205654 0.218422 0.525788 -0.822094 0.064508 0.462910 1 26 1.000000
  26 -24.069588 0.410249 -23.143229 0.878273 0.139994 -0.457206 0.060786 0.420375 1 26 1.000000
  26 -24.151127 0.367094 -23.225523 0.370315 -0.055815 -0.927228 0.050778 0.439815 1 26 1.000000
c_metrocop_hands_sheet
  26 -24.260422 0.278443 -23.215857 -0.008668 -0.396769 -0.917878 0.036070 0.450726 1 26 1.000000
  26 -24.208691 0.520488 -23.205654 0.218422 0.525788 -0.822094 0.064508 0.462910 1 26 1.000000
  26 -24.151127 0.367094 -23.225523 0.370315 -0.055815 -0.927228 0.050778 0.439815 1 26 1.000000
c_metrocop_hands_sheet
  26 -24.260422 0.278443 -23.215857 -0.008668 -0.396769 -0.917878 0.036070 0.450726 1 26 1.000000
  26 -24.534504 0.588163 -23.108864 -0.255175 0.556764 -0.790506 0.057717 0.494713 1 26 1.000000
  26 -24.208691 0.520488 -23.205654 0.218422 0.525788 -0.822094 0.064508 0.462910 1 26 1.000000
c_metrocop_hands_sheet
  26 -24.260422 0.278443 -23.215857 -0.008668 -0.396769 -0.917878 0.036070 0.450726 1 26 1.000000
  26 -24.620438 0.396523 -23.114759 -0.445249 0.079901 -0.891835 0.032373 0.492022 1 26 1.000000
  26 -24.534504 0.588163 -23.108864 -0.255175 0.556764 -0.790506 0.057717 0.494713 1 26 1.000000
c_metrocop_hands_sheet
  26 -24.578646 0.223344 -23.122902 -0.387901 -0.498135 -0.775496 0.015938 0.467075 1 26 1.000000
  26 -24.620438 0.396523 -23.114759 -0.445249 0.079901 -0.891835 0.032373 0.492022 1 26 1.000000
  26 -24.260422 0.278443 -23.215857 -0.008668 -0.396769 -0.917878 0.036070 0.450726 1 26 1.000000
c_metrocop_hands_sheet
  26 -24.331514 0.117121 -23.039923 0.083167 -0.966906 -0.241196 0.015860 0.417150 1 26 1.000000
  26 -24.578646 0.223344 -23.122902 -0.387901 -0.498135 -0.775496 0.015938 0.467075 1 26 1.000000
  26 -24.260422 0.278443 -23.215857 -0.008668 -0.396769 -0.917878 0.036070 0.450726 1 26 1.000000
c_metrocop_hands_sheet
  26 -24.331514 0.117121 -23.039923 0.083167 -0.966906 -0.241196 0.015860 0.417150 1 26 1.000000
  26 -24.260422 0.278443 -23.215857 -0.008668 -0.396769 -0.917878 0.036070 0.450726 1 26 1.000000
  26 -24.115662 0.275006 -23.156118 0.663846 -0.549854 -0.506921 0.043961 0.417292 1 26 1.000000
c_metrocop_hands_sheet
  26 -24.114918 0.174869 -22.903542 0.604691 -0.774316 0.186503 0.035114 0.374158 1 26 1.000000
  26 -24.331514 0.117121 -23.039923 0.083167 -0.966906 -0.241196 0.015860 0.417150 1 26 1.000000
  26 -24.115662 0.275006 -23.156118 0.663846 -0.549854 -0.506921 0.043961 0.417292 1 26 1.000000
c_metrocop_hands_sheet
  26 -24.069588 0.410249 -23.143229 0.878273 0.139994 -0.457206 0.060786 0.420375 1 26 1.000000
  26 -24.114918 0.174869 -22.903542 0.604691 -0.774316 0.186503 0.035114 0.374158 1 26 1.000000
  26 -24.115662 0.275006 -23.156118 0.663846 -0.549854 -0.506921 0.043961 0.417292 1 26 1.000000
c_metrocop_hands_sheet
  26 -24.069588 0.410249 -23.143229 0.878273 0.139994 -0.457206 0.060786 0.420375 1 26 1.000000
  26 -24.028095 0.327558 -22.870398 0.932176 -0.260723 0.251139 0.060310 0.373431 1 26 1.000000
  26 -24.114918 0.174869 -22.903542 0.604691 -0.774316 0.186503 0.035114 0.374158 1 26 1.000000
c_metrocop_hands_sheet
  26 -24.064266 0.567520 -22.893257 0.812757 0.578038 0.072789 0.082402 0.401688 1 26 1.000000
  26 -24.028095 0.327558 -22.870398 0.932176 -0.260723 0.251139 0.060310 0.373431 1 26 1.000000
  26 -24.069588 0.410249 -23.143229 0.878273 0.139994 -0.457206 0.060786 0.420375 1 26 1.000000
c_metrocop_hands_sheet
  26 -24.064266 0.567520 -22.893257 0.812757 0.578038 0.072789 0.082402 0.401688 1 26 1.000000
  26 -24.069588 0.410249 -23.143229 0.878273 0.139994 -0.457206 0.060786 0.420375 1 26 1.000000
  26 -24.208691 0.520488 -23.205654 0.218422 0.525788 -0.822094 0.064508 0.462910 1 26 1.000000
c_metrocop_hands_sheet
  26 -24.272411 0.676326 -22.976370 0.266458 0.932754 -0.242838 0.081600 0.461840 1 26 1.000000
  26 -24.064266 0.567520 -22.893257 0.812757 0.578038 0.072789 0.082402 0.401688 1 26 1.000000
  26 -24.208691 0.520488 -23.205654 0.218422 0.525788 -0.822094 0.064508 0.462910 1 26 1.000000
c_metrocop_hands_sheet
  26 -24.534504 0.588163 -23.108864 -0.255175 0.556764 -0.790506 0.057717 0.494713 1 26 1.000000
  26 -24.272411 0.676326 -22.976370 0.266458 0.932754 -0.242838 0.081600 0.461840 1 26 1.000000
  26 -24.208691 0.520488 -23.205654 0.218422 0.525788 -0.822094 0.064508 0.462910 1 26 1.000000
c_metrocop_hands_sheet
  26 -24.115662 0.275006 -23.156118 0.663846 -0.549854 -0.506921 0.043961 0.417292 1 26 1.000000
  26 -24.260422 0.278443 -23.215857 -0.008668 -0.396769 -0.917878 0.036070 0.450726 1 26 1.000000
  26 -24.151127 0.367094 -23.225523 0.370315 -0.055815 -0.927228 0.050778 0.439815 1 26 1.000000
metrocop_sheet
  2 8.875179 -1.480749 -5.415998 -0.662299 -0.046208 -0.747813 0.478394 0.302755 2 2 0.949369 1 0.050631
  2 6.921361 -1.635057 -3.994056 -0.602785 -0.092505 -0.792523 0.485103 0.349043 2 2 0.726536 1 0.273464
  2 7.385565 0.559444 -4.172590 -0.268481 0.230362 -0.935335 0.453808 0.341532 2 2 0.764336 1 0.235664
metrocop_sheet
  2 9.319129 1.588662 -3.661805 0.115728 0.931149 -0.345786 0.430945 0.324752 2 2 0.885749 1 0.114251
  2 7.385565 0.559444 -4.172590 -0.268481 0.230362 -0.935335 0.453808 0.341532 2 2 0.764336 1 0.235664
  2 7.712794 1.431892 -4.345490 0.419027 0.185129 -0.888900 0.447817 0.335189 2 2 0.766731 1 0.233269
metrocop_sheet
  2 11.378242 0.337703 -7.710102 -0.655033 0.504236 -0.562742 0.446056 0.237252 2 2 0.866585 3 0.133415
  2 12.891566 0.048506 -9.648348 -0.684461 0.462677 -0.563421 0.449082 0.188719 2 2 0.550748 3 0.449252
  2 12.419220 -1.868343 -9.594069 -0.813806 -0.168345 -0.556219 0.484926 0.194627 2 2 0.588409 3 0.411591
metrocop_sheet
  2 11.038321 -1.770101 -7.918814 -0.743015 -0.110114 -0.660155 0.483705 0.237436 2 2 0.864480 3 0.135520
  2 11.378242 0.337703 -7.710102 -0.655033 0.504236 -0.562742 0.446056 0.237252 2 2 0.866585 3 0.133415
  2 12.419220 -1.868343 -9.594069 -0.813806 -0.168345 -0.556219 0.484926 0.194627 2 2 0.588409 3 0.411591
metrocop_sheet
  2 11.038321 -1.770101 -7.918814 -0.743015 -0.110114 -0.660155 0.483705 0.237436 2 2 0.864480 3 0.135520
  2 8.875179 -1.480749 -5.415998 -0.662299 -0.046208 -0.747813 0.478394 0.302755 2 2 0.949369 1 0.050631
  2 11.378242 0.337703 -7.710102 -0.655033 0.504236 -0.562742 0.446056 0.237252 2 2 0.866585 3 0.133415
metrocop_sheet
  2 8.807523 -0.381009 -5.352723 -0.588141 0.300248 -0.750960 0.458330 0.305137 2 2 0.942681 1 0.057319
  2 11.378242 0.337703 -7.710102 -0.655033 0.504236 -0.562742 0.446056 0.237252 2 2 0.866585 3 0.133415
  2 8.875179 -1.480749 -5.415998 -0.662299 -0.046208 -0.747813 0.478394 0.302755 2 2 0.949369 1 0.050631
metrocop_sheet
  2 8.875179 -1.480749 -5.415998 -0.662299 -0.046208 -0.747813 0.478394 0.302755 2 2 0.949369 1 0.050631
  2 7.385565 0.559444 -4.172590 -0.268481 0.230362 -0.935335 0.453808 0.341532 2 2 0.764336 1 0.235664
  2 8.807523 -0.381009 -5.352723 -0.588141 0.300248 -0.750960 0.458330 0.305137 2 2 0.942681 1 0.057319
metrocop_sheet
  2 10.406057 1.362796 -4.432120 -0.083869 0.974471 -0.208262 0.427434 0.299149 1 2 1.000000
  2 8.807523 -0.381009 -5.352723 -0.588141 0.300248 -0.750960 0.458330 0.305137 2 2 0.942681 1 0.057319
  2 7.385565 0.559444 -4.172590 -0.268481 0.230362 -0.935335 0.453808 0.341532 2 2 0.764336 1 0.235664
metrocop_sheet
  2 10.406057 1.362796 -4.432120 -0.083869 0.974471 -0.208262 0.427434 0.299149 1 2 1.000000
  2 7.385565 0.559444 -4.172590 -0.268481 0.230362 -0.935335 0.453808 0.341532 2 2 0.764336 1 0.235664
  2 9.319129 1.588662 -3.661805 0.115728 0.931149 -0.345786 0.430945 0.324752 2 2 0.885749 1 0.114251
metrocop_sheet
  2 10.406057 1.362796 -4.432120 -0.083869 0.974471 -0.208262 0.427434 0.299149 1 2 1.000000
  2 9.319129 1.588662 -3.661805 0.115728 0.931149 -0.345786 0.430945 0.324752 2 2 0.885749 1 0.114251
  2 12.391830 0.751150 -3.223294 0.484984 0.804526 0.342824 0.404419 0.291249 1 2 1.000000
metrocop_sheet
  2 10.777139 1.281515 -2.086452 0.432025 0.875376 0.216959 0.410524 0.329271 2 2 0.903009 1 0.096991
  2 12.391830 0.751150 -3.223294 0.484984 0.804526 0.342824 0.404419 0.291249 1 2 1.000000
  2 9.319129 1.588662 -3.661805 0.115728 0.931149 -0.345786 0.430945 0.324752 2 2 0.885749 1 0.114251
metrocop_sheet
  2 12.391830 0.751150 -3.223294 0.484984 0.804526 0.342824 0.404419 0.291249 1 2 1.000000
  2 10.777139 1.281515 -2.086452 0.432025 0.875376 0.216959 0.410524 0.329271 2 2 0.903009 1 0.096991
  2 11.127941 0.221780 -1.155167 0.676434 0.534979 0.506196 0.397946 0.338078 2 2 0.901346 1 0.098654
metrocop_sheet
  2 11.127941 0.221780 -1.155167 0.676434 0.534979 0.506196 0.397946 0.338078 2 2 0.901346 1 0.098654
  2 10.777139 1.281515 -2.086452 0.432025 0.875376 0.216959 0.410524 0.329271 2 2 0.903009 1 0.096991
  2 10.303576 0.299565 0.132486 0.651434 0.514587 0.557525 0.397210 0.367928 2 2 0.684084 1 0.315916
metrocop_sheet
  2 11.127941 0.221780 -1.155167 0.676434 0.534979 0.506196 0.397946 0.338078 2 2 0.901346 1 0.098654
  2 10.303576 0.299565 0.132486 0.651434 0.514587 0.557525 0.397210 0.367928 2 2 0.684084 1 0.315916
  2 10.442705 -0.728815 0.540339 0.704930 0.195200 0.681887 0.387589 0.371680 2 2 0.653441 1 0.346559
metrocop_sheet
  2 10.442705 -0.728815 0.540339 0.704930 0.195200 0.681887 0.387589 0.371680 2 2 0.653441 1 0.346559
  2 10.303576 0.299565 0.132486 0.651434 0.514587 0.557525 0.397210 0.367928 2 2 0.684084 1 0.315916
  2 9.302385 -0.544245 1.415220 0.480063 0.250714 0.840644 0.389676 0.399508 2 2 0.500641 1 0.499359
metrocop_sheet
  2 10.442705 -0.728815 0.540339 0.704930 0.195200 0.681887 0.387589 0.371680 2 2 0.653441 1 0.346559
  2 9.302385 -0.544245 1.415220 0.480063 0.250714 0.840644 0.389676 0.399508 2 2 0.500641 1 0.499359
  1 9.247035 -2.281359 1.544508 0.477195 -0.189737 0.858071 0.372917 0.401251 2 1 0.500000 2 0.500000
metrocop_sheet
  1 9.247035 -2.281359 1.544508 0.477195 -0.189737 0.858071 0.372917 0.401251 2 1 0.500000 2 0.500000
  2 9.302385 -0.544245 1.415220 0.480063 0.250714 0.840644 0.389676 0.399508 2 2 0.500641 1 0.499359
  1 7.875374 -2.317219 2.069879 0.304855 -0.216716 0.927414 0.371043 0.426740 2 1 0.516836 2 0.483164
metrocop_sheet
  1 9.247035 -2.281359 1.544508 0.477195 -0.189737 0.858071 0.372917 0.401251 2 1 0.500000 2 0.500000
  1 7.875374 -2.317219 2.069879 0.304855 -0.216716 0.927414 0.371043 0.426740 2 1 0.516836 2 0.483164
  1 8.062380 -4.103833 1.052727 0.292044 -0.603678 0.741811 0.350848 0.408253 2 1 0.500000 2 0.500000
metrocop_sheet
  1 8.062380 -4.103833 1.052727 0.292044 -0.603678 0.741811 0.350848 0.408253 2 1 0.500000 2 0.500000
  1 7.875374 -2.317219 2.069879 0.304855 -0.216716 0.927414 0.371043 0.426740 2 1 0.516836 2 0.483164
  1 7.055140 -4.510657 1.037302 0.244337 -0.622346 0.743630 0.341677 0.420796 2 1 0.536063 2 0.463937
metrocop_sheet
  1 8.062380 -4.103833 1.052727 0.292044 -0.603678 0.741811 0.350848 0.408253 2 1 0.500000 2 0.500000
  1 7.055140 -4.510657 1.037302 0.244337 -0.622346 0.743630 0.341677 0.420796 2 1 0.536063 2 0.463937
  1 7.138260 -5.689640 -0.288450 0.511906 -0.779471 0.361077 0.330748 0.399364 2 1 0.504646 2 0.495354
metrocop_sheet
  2 11.378242 0.337703 -7.710102 -0.655033 0.504236 -0.562742 0.446056 0.237252 2 2 0.866585 3 0.133415
  2 8.807523 -0.381009 -5.352723 -0.588141 0.300248 -0.750960 0.458330 0.305137 2 2 0.942681 1 0.057319
  2 10.406057 1.362796 -4.432120 -0.083869 0.974471 -0.208262 0.427434 0.299149 1 2 1.000000
metrocop_sheet
  2 9.536807 -4.445262 -1.104388 0.387111 -0.902492 0.188824 0.346707 0.356935 2 2 0.654026 1 0.345974
  2 8.726322 -4.809680 -0.597968 0.481502 -0.837231 0.259229 0.342211 0.374738 2 2 0.542518 1 0.457482
  2 9.002995 -4.771477 -2.377812 0.423361 -0.894970 -0.140692 0.333306 0.344675 2 2 0.698193 1 0.301807
metrocop_sheet
  2 9.536807 -4.445262 -1.104388 0.387111 -0.902492 0.188824 0.346707 0.356935 2 2 0.654026 1 0.345974
  2 9.947451 -3.795748 0.218008 0.582405 -0.613380 0.533450 0.358896 0.371679 2 2 0.578294 1 0.421706
  2 8.726322 -4.809680 -0.597968 0.481502 -0.837231 0.259229 0.342211 0.374738 2 2 0.542518 1 0.457482
metrocop_sheet
  2 9.947451 -3.795748 0.218008 0.582405 -0.613380 0.533450 0.358896 0.371679 2 2 0.578294 1 0.421706
  2 9.006563 -3.897442 0.808938 0.408902 -0.609415 0.679274 0.356143 0.392558 2 2 0.502209 1 0.497791
  2 8.726322 -4.809680 -0.597968 0.481502 -0.837231 0.259229 0.342211 0.374738 2 2 0.542518 1 0.457482
metrocop_sheet
  2 9.947451 -3.795748 0.218008 0.582405 -0.613380 0.533450 0.358896 0.371679 2 2 0.578294 1 0.421706
  2 10.388723 -2.277009 0.657200 0.691075 -0.186044 0.698429 0.373674 0.373318 2 2 0.609187 1 0.390813
  2 9.006563 -3.897442 0.808938 0.408902 -0.609415 0.679274 0.356143 0.392558 2 2 0.502209 1 0.497791
metrocop_sheet
  2 10.388723 -2.277009 0.657200 0.691075 -0.186044 0.698429 0.373674 0.373318 2 2 0.609187 1 0.390813
  1 9.247035 -2.281359 1.544508 0.477195 -0.189737 0.858071 0.372917 0.401251 2 1 0.500000 2 0.500000
  2 9.006563 -3.897442 0.808938 0.408902 -0.609415 0.679274 0.356143 0.392558 2 2 0.502209 1 0.497791
metrocop_sheet
  2 10.388723 -2.277009 0.657200 0.691075 -0.186044 0.698429 0.373674 0.373318 2 2 0.609187 1 0.390813
  2 10.442705 -0.728815 0.540339 0.704930 0.195200 0.681887 0.387589 0.371680 2 2 0.653441 1 0.346559
  1 9.247035 -2.281359 1.544508 0.477195 -0.189737 0.858071 0.372917 0.401251 2 1 0.500000 2 0.500000
metrocop_sheet
  2 11.451025 -0.734521 -0.725955 0.773568 0.231916 0.589751 0.388073 0.339815 2 2 0.881938 1 0.118062
  2 10.442705 -0.728815 0.540339 0.704930 0.195200 0.681887 0.387589 0.371680 2 2 0.653441 1 0.346559
  2 10.388723 -2.277009 0.657200 0.691075 -0.186044 0.698429 0.373674 0.373318 2 2 0.609187 1 0.390813
metrocop_sheet
  2 11.451025 -0.734521 -0.725955 0.773568 0.231916 0.589751 0.388073 0.339815 2 2 0.881938 1 0.118062
  2 11.127941 0.221780 -1.155167 0.676434 0.534979 0.506196 0.397946 0.338078 2 2 0.901346 1 0.098654
  2 10.442705 -0.728815 0.540339 0.704930 0.195200 0.681887 0.387589 0.371680 2 2 0.653441 1 0.346559
metrocop_sheet
  2 11.451025 -0.734521 -0.725955 0.773568 0.231916 0.589751 0.388073 0.339815 2 2 0.881938 1 0.118062
  2 12.742929 -0.161006 -2.651873 0.751232 0.313710 0.580720 0.394281 0.294766 1 2 1.000000
  2 11.127941 0.221780 -1.155167 0.676434 0.534979 0.506196 0.397946 0.338078 2 2 0.901346 1 0.098654
metrocop_sheet
  2 12.391830 0.751150 -3.223294 0.484984 0.804526 0.342824 0.404419 0.291249 1 2 1.000000
  2 11.127941 0.221780 -1.155167 0.676434 0.534979 0.506196 0.397946 0.338078 2 2 0.901346 1 0.098654
  2 12.742929 -0.161006 -2.651873 0.751232 0.313710 0.580720 0.394281 0.294766 1 2 1.000000
metrocop_sheet
  2 12.742929 -0.161006 -2.651873 0.751232 0.313710 0.580720 0.394281 0.294766 1 2 1.000000
  2 14.209057 0.700643 -5.536578 0.528772 0.698550 0.482108 0.405471 0.233335 2 2 0.907125 3 0.092875
  2 12.391830 0.751150 -3.223294 0.484984 0.804526 0.342824 0.404419 0.291249 1 2 1.000000
metrocop_sheet
  2 12.391830 0.751150 -3.223294 0.484984 0.804526 0.342824 0.404419 0.291249 1 2 1.000000
  2 14.209057 0.700643 -5.536578 0.528772 0.698550 0.482108 0.405471 0.233335 2 2 0.907125 3 0.092875
  2 10.406057 1.362796 -4.432120 -0.083869 0.974471 -0.208262 0.427434 0.299149 1 2 1.000000
metrocop_sheet
  2 12.370692 1.562791 -6.841328 -0.199472 0.974711 -0.100744 0.428770 0.238036 2 2 0.853734 3 0.146266
  2 10.406057 1.362796 -4.432120 -0.083869 0.974471 -0.208262 0.427434 0.299149 1 2 1.000000
  2 14.209057 0.700643 -5.536578 0.528772 0.698550 0.482108 0.405471 0.233335 2 2 0.907125 3 0.092875
metrocop_sheet
  2 10.406057 1.362796 -4.432120 -0.083869 0.974471 -0.208262 0.427434 0.299149 1 2 1.000000
  2 12.370692 1.562791 -6.841328 -0.199472 0.974711 -0.100744 0.428770 0.238036 2 2 0.853734 3 0.146266
  2 11.378242 0.337703 -7.710102 -0.655033 0.504236 -0.562742 0.446056 0.237252 2 2 0.866585 3 0.133415
metrocop_sheet
  2 11.378242 0.337703 -7.710102 -0.655033 0.504236 -0.562742 0.446056 0.237252 2 2 0.866585 3 0.133415
  2 12.370692 1.562791 -6.841328 -0.199472 0.974711 -0.100744 0.428770 0.238036 2 2 0.853734 3 0.146266
  2 12.891566 0.048506 -9.648348 -0.684461 0.462677 -0.563421 0.449082 0.188719 2 2 0.550748 3 0.449252
metrocop_sheet
  2 14.011965 1.747645 -8.289973 -0.282758 0.958668 0.031678 0.426379 0.195393 2 2 0.571545 3 0.428455
  2 12.891566 0.048506 -9.648348 -0.684461 0.462677 -0.563421 0.449082 0.188719 2 2 0.550748 3 0.449252
  2 12.370692 1.562791 -6.841328 -0.199472 0.974711 -0.100744 0.428770 0.238036 2 2 0.853734 3 0.146266
metrocop_sheet
  2 12.891566 0.048506 -9.648348 -0.684461 0.462677 -0.563421 0.449082 0.188719 2 2 0.550748 3 0.449252
  2 14.011965 1.747645 -8.289973 -0.282758 0.958668 0.031678 0.426379 0.195393 2 2 0.571545 3 0.428455
  2 13.531029 0.205642 -10.266996 -0.821776 0.400239 -0.405578 0.446896 0.171341 2 2 0.500000 3 0.500000
metrocop_sheet
  2 14.011965 1.747645 -8.289973 -0.282758 0.958668 0.031678 0.426379 0.195393 2 2 0.571545 3 0.428455
  2 14.431765 2.082834 -9.201681 -0.203926 0.969712 -0.134437 0.429282 0.176572 2 2 0.500375 3 0.499625
  2 13.531029 0.205642 -10.266996 -0.821776 0.400239 -0.405578 0.446896 0.171341 2 2 0.500000 3 0.500000
metrocop_sheet
  2 13.531029 0.205642 -10.266996 -0.821776 0.400239 -0.405578 0.446896 0.171341 2 2 0.500000 3 0.500000
  2 14.431765 2.082834 -9.201681 -0.203926 0.969712 -0.134437 0.429282 0.176572 2 2 0.500375 3 0.499625
  3 13.808605 0.387211 -11.191029 -0.776630 0.420073 -0.469452 0.450489 0.154090 2 3 0.542932 2 0.457068
metrocop_sheet
  2 14.011965 1.747645 -8.289973 -0.282758 0.958668 0.031678 0.426379 0.195393 2 2 0.571545 3 0.428455
  2 12.370692 1.562791 -6.841328 -0.199472 0.974711 -0.100744 0.428770 0.238036 2 2 0.853734 3 0.146266
  2 14.209057 0.700643 -5.536578 0.528772 0.698550 0.482108 0.405471 0.233335 2 2 0.907125 3 0.092875
metrocop_sheet
  2 14.011965 1.747645 -8.289973 -0.282758 0.958668 0.031678 0.426379 0.195393 2 2 0.571545 3 0.428455
  2 15.495746 1.198291 -7.217856 0.480620 0.741772 0.467739 0.409602 0.191958 2 2 0.573011 3 0.426989
  2 14.431765 2.082834 -9.201681 -0.203926 0.969712 -0.134437 0.429282 0.176572 2 2 0.500375 3 0.499625
metrocop_sheet
  2 14.011965 1.747645 -8.289973 -0.282758 0.958668 0.031678 0.426379 0.195393 2 2 0.571545 3 0.428455
  2 14.209057 0.700643 -5.536578 0.528772 0.698550 0.482108 0.405471 0.233335 2 2 0.907125 3 0.092875
  2 15.495746 1.198291 -7.217856 0.480620 0.741772 0.467739 0.409602 0.191958 2 2 0.573011 3 0.426989
metrocop_sheet
  2 15.495746 1.198291 -7.217856 0.480620 0.741772 0.467739 0.409602 0.191958 2 2 0.573011 3 0.426989
  2 14.209057 0.700643 -5.536578 0.528772 0.698550 0.482108 0.405471 0.233335 2 2 0.907125 3 0.092875
  2 14.919779 -1.672811 -5.104810 0.729285 -0.071596 0.680454 0.381113 0.229383 2 2 0.893861 3 0.106139
metrocop_sheet
  2 14.209057 0.700643 -5.536578 0.528772 0.698550 0.482108 0.405471 0.233335 2 2 0.907125 3 0.092875
  2 12.742929 -0.161006 -2.651873 0.751232 0.313710 0.580720 0.394281 0.294766 1 2 1.000000
  2 14.919779 -1.672811 -5.104810 0.729285 -0.071596 0.680454 0.381113 0.229383 2 2 0.893861 3 0.106139
metrocop_sheet
  2 12.798358 -1.690751 -2.791422 0.778924 -0.227675 0.584329 0.380165 0.291183 1 2 1.000000
  2 14.919779 -1.672811 -5.104810 0.729285 -0.071596 0.680454 0.381113 0.229383 2 2 0.893861 3 0.106139
  2 12.742929 -0.161006 -2.651873 0.751232 0.313710 0.580720 0.394281 0.294766 1 2 1.000000
metrocop_sheet
  2 11.451025 -0.734521 -0.725955 0.773568 0.231916 0.589751 0.388073 0.339815 2 2 0.881938 1 0.118062
  2 12.798358 -1.690751 -2.791422 0.778924 -0.227675 0.584329 0.380165 0.291183 1 2 1.000000
  2 12.742929 -0.161006 -2.651873 0.751232 0.313710 0.580720 0.394281 0.294766 1 2 1.000000
metrocop_sheet
  2 11.451025 -0.734521 -0.725955 0.773568 0.231916 0.589751 0.388073 0.339815 2 2 0.881938 1 0.118062
  2 11.428047 -2.167443 -0.664819 0.814011 -0.229686 0.533507 0.374989 0.340283 2 2 0.853086 1 0.146914
  2 12.798358 -1.690751 -2.791422 0.778924 -0.227675 0.584329 0.380165 0.291183 1 2 1.000000
metrocop_sheet
  2 11.428047 -2.167443 -0.664819 0.814011 -0.229686 0.533507 0.374989 0.340283 2 2 0.853086 1 0.146914
  2 11.451025 -0.734521 -0.725955 0.773568 0.231916 0.589751 0.388073 0.339815 2 2 0.881938 1 0.118062
  2 10.388723 -2.277009 0.657200 0.691075 -0.186044 0.698429 0.373674 0.373318 2 2 0.609187 1 0.390813
metrocop_sheet
  2 11.428047 -2.167443 -0.664819 0.814011 -0.229686 0.533507 0.374989 0.340283 2 2 0.853086 1 0.146914
  2 10.388723 -2.277009 0.657200 0.691075 -0.186044 0.698429 0.373674 0.373318 2 2 0.609187 1 0.390813
  2 9.947451 -3.795748 0.218008 0.582405 -0.613380 0.533450 0.358896 0.371679 2 2 0.578294 1 0.421706
metrocop_sheet
  2 14.919779 -1.672811 -5.104810 0.729285 -0.071596 0.680454 0.381113 0.229383 2 2 0.893861 3 0.106139
  2 12.798358 -1.690751 -2.791422 0.778924 -0.227675 0.584329 0.380165 0.291183 1 2 1.000000
  2 13.940837 -4.065997 -5.738049 0.445617 -0.800131 0.401516 0.352942 0.231331 2 2 0.810085 3 0.189915
metrocop_sheet
  2 17.096191 -1.605454 -7.040451 0.849569 -0.092934 0.519226 0.382140 0.172526 2 2 0.502510 3 0.497490
  2 14.919779 -1.672811 -5.104810 0.729285 -0.071596 0.680454 0.381113 0.229383 2 2 0.893861 3 0.106139
  2 13.940837 -4.065997 -5.738049 0.445617 -0.800131 0.401516 0.352942 0.231331 2 2 0.810085 3 0.189915
metrocop_sheet
  2 14.919779 -1.672811 -5.104810 0.729285 -0.071596 0.680454 0.381113 0.229383 2 2 0.893861 3 0.106139
  2 17.096191 -1.605454 -7.040451 0.849569 -0.092934 0.519226 0.382140 0.172526 2 2 0.502510 3 0.497490
  2 15.495746 1.198291 -7.217856 0.480620 0.741772 0.467739 0.409602 0.191958 2 2 0.573011 3 0.426989
metrocop_sheet
  2 15.833905 1.138069 -7.705913 0.495728 0.750928 0.436304 0.409788 0.180297 2 2 0.512550 3 0.487450
  2 15.495746 1.198291 -7.217856 0.480620 0.741772 0.467739 0.409602 0.191958 2 2 0.573011 3 0.426989
  2 17.096191 -1.605454 -7.040451 0.849569 -0.092934 0.519226 0.382140 0.172526 2 2 0.502510 3 0.497490
metrocop_sheet
  2 15.495746 1.198291 -7.217856 0.480620 0.741772 0.467739 0.409602 0.191958 2 2 0.573011 3 0.426989
  2 15.833905 1.138069 -7.705913 0.495728 0.750928 0.436304 0.409788 0.180297 2 2 0.512550 3 0.487450
  2 14.431765 2.082834 -9.201681 -0.203926 0.969712 -0.134437 0.429282 0.176572 2 2 0.500375 3 0.499625
metrocop_sheet
  2 14.431765 2.082834 -9.201681 -0.203926 0.969712 -0.134437 0.429282 0.176572 2 2 0.500375 3 0.499625
  2 15.833905 1.138069 -7.705913 0.495728 0.750928 0.436304 0.409788 0.180297 2 2 0.512550 3 0.487450
  3 15.168675 1.652465 -9.898278 -0.027799 0.974435 -0.222942 0.427926 0.156474 2 3 0.539784 2 0.460216
metrocop_sheet
  2 14.431765 2.082834 -9.201681 -0.203926 0.969712 -0.134437 0.429282 0.176572 2 2 0.500375 3 0.499625
  3 15.168675 1.652465 -9.898278 -0.027799 0.974435 -0.222942 0.427926 0.156474 2 3 0.539784 2 0.460216
  3 13.808605 0.387211 -11.191029 -0.776630 0.420073 -0.469452 0.450489 0.154090 2 3 0.542932 2 0.457068
metrocop_sheet
  3 13.808605 0.387211 -11.191029 -0.776630 0.420073 -0.469452 0.450489 0.154090 2 3 0.542932 2 0.457068
  3 15.168675 1.652465 -9.898278 -0.027799 0.974435 -0.222942 0.427926 0.156474 2 3 0.539784 2 0.460216
  3 16.328691 0.383958 -13.766994 -0.682040 0.445065 -0.580292 0.447480 0.083228 2 3 0.932118 2 0.067882
metrocop_sheet
  3 15.168675 1.652465 -9.898278 -0.027799 0.974435 -0.222942 0.427926 0.156474 2 3 0.539784 2 0.460216
  3 17.500322 1.825806 -13.016553 -0.239113 0.964478 -0.112283 0.430685 0.080052 2 3 0.926430 2 0.073570
  3 16.328691 0.383958 -13.766994 -0.682040 0.445065 -0.580292 0.447480 0.083228 2 3 0.932118 2 0.067882
metrocop_sheet
  3 17.500322 1.825806 -13.016553 -0.239113 0.964478 -0.112283 0.430685 0.080052 2 3 0.926430 2 0.073570
  3 16.988247 0.746005 -14.305382 -0.530382 0.494286 -0.688750 0.444180 0.066893 1 3 1.000000
  3 16.328691 0.383958 -13.766994 -0.682040 0.445065 -0.580292 0.447480 0.083228 2 3 0.932118 2 0.067882
metrocop_sheet
  3 17.500322 1.825806 -13.016553 -0.239113 0.964478 -0.112283 0.430685 0.080052 2 3 0.926430 2 0.073570
  3 17.709408 1.842482 -13.699773 -0.310716 0.879034 -0.361600 0.433216 0.067186 2 3 0.942146 2 0.057854
  3 16.988247 0.746005 -14.305382 -0.530382 0.494286 -0.688750 0.444180 0.066893 1 3 1.000000
metrocop_sheet
  3 19.050028 1.368611 -11.175771 0.426391 0.745797 0.511837 0.410532 0.087267 2 3 0.928376 2 0.071624
  3 17.709408 1.842482 -13.699773 -0.310716 0.879034 -0.361600 0.433216 0.067186 2 3 0.942146 2 0.057854
  3 17.500322 1.825806 -13.016553 -0.239113 0.964478 -0.112283 0.430685 0.080052 2 3 0.926430 2 0.073570
metrocop_sheet
  3 19.050028 1.368611 -11.175771 0.426391 0.745797 0.511837 0.410532 0.087267 2 3 0.928376 2 0.071624
  3 19.137047 1.826154 -12.502955 0.126542 0.980040 0.153328 0.417975 0.066608 1 3 1.000000
  3 17.709408 1.842482 -13.699773 -0.310716 0.879034 -0.361600 0.433216 0.067186 2 3 0.942146 2 0.057854
metrocop_sheet
  3 19.050028 1.368611 -11.175771 0.426391 0.745797 0.511837 0.410532 0.087267 2 3 0.928376 2 0.071624
  3 19.934248 1.362926 -11.834030 0.569372 0.678712 0.463860 0.409190 0.066060 1 3 1.000000
  3 19.137047 1.826154 -12.502955 0.126542 0.980040 0.153328 0.417975 0.066608 1 3 1.000000
metrocop_sheet
  3 19.050028 1.368611 -11.175771 0.426391 0.745797 0.511837 0.410532 0.087267 2 3 0.928376 2 0.071624
  3 20.002129 -1.503334 -10.680874 0.724554 -0.075020 0.685123 0.384375 0.080886 2 3 0.949443 2 0.050557
  3 20.580896 -1.550488 -11.291401 0.790503 -0.150586 0.593657 0.384090 0.064306 1 3 1.000000
metrocop_sheet
  3 19.050028 1.368611 -11.175771 0.426391 0.745797 0.511837 0.410532 0.087267 2 3 0.928376 2 0.071624
  3 20.580896 -1.550488 -11.291401 0.790503 -0.150586 0.593657 0.384090 0.064306 1 3 1.000000
  3 19.934248 1.362926 -11.834030 0.569372 0.678712 0.463860 0.409190 0.066060 1 3 1.000000
metrocop_sheet
  3 21.583372 0.444825 -13.291437 0.902952 0.392565 0.174845 0.402665 0.022617 2 3 0.936613 4 0.063387
  3 19.934248 1.362926 -11.834030 0.569372 0.678712 0.463860 0.409190 0.066060 1 3 1.000000
  3 20.580896 -1.550488 -11.291401 0.790503 -0.150586 0.593657 0.384090 0.064306 1 3 1.000000
metrocop_sheet
  3 19.137047 1.826154 -12.502955 0.126542 0.980040 0.153328 0.417975 0.066608 1 3 1.000000
  3 19.934248 1.362926 -11.834030 0.569372 0.678712 0.463860 0.409190 0.066060 1 3 1.000000
  3 21.583372 0.444825 -13.291437 0.902952 0.392565 0.174845 0.402665 0.022617 2 3 0.936613 4 0.063387
metrocop_sheet
  3 19.927370 1.526384 -14.333086 0.204881 0.903815 -0.375690 0.421855 0.029000 2 3 0.941863 4 0.058137
  3 19.137047 1.826154 -12.502955 0.126542 0.980040 0.153328 0.417975 0.066608 1 3 1.000000
  3 21.583372 0.444825 -13.291437 0.902952 0.392565 0.174845 0.402665 0.022617 2 3 0.936613 4 0.063387
metrocop_sheet
  3 17.709408 1.842482 -13.699773 -0.310716 0.879034 -0.361600 0.433216 0.067186 2 3 0.942146 2 0.057854
  3 19.137047 1.826154 -12.502955 0.126542 0.980040 0.153328 0.417975 0.066608 1 3 1.000000
  3 19.927370 1.526384 -14.333086 0.204881 0.903815 -0.375690 0.421855 0.029000 2 3 0.941863 4 0.058137
metrocop_sheet
  3 18.824076 -0.025319 -15.302988 -0.399124 0.403249 -0.823463 0.436601 0.027970 1 3 1.000000
  3 17.709408 1.842482 -13.699773 -0.310716 0.879034 -0.361600 0.433216 0.067186 2 3 0.942146 2 0.057854
  3 19.927370 1.526384 -14.333086 0.204881 0.903815 -0.375690 0.421855 0.029000 2 3 0.941863 4 0.058137
metrocop_sheet
  3 16.988247 0.746005 -14.305382 -0.530382 0.494286 -0.688750 0.444180 0.066893 1 3 1.000000
  3 17.709408 1.842482 -13.699773 -0.310716 0.879034 -0.361600 0.433216 0.067186 2 3 0.942146 2 0.057854
  3 18.824076 -0.025319 -15.302988 -0.399124 0.403249 -0.823463 0.436601 0.027970 1 3 1.000000
metrocop_sheet
  3 18.569849 -2.005790 -15.637373 -0.349689 -0.138799 -0.926527 0.477483 0.025242 1 3 1.000000
  3 16.988247 0.746005 -14.305382 -0.530382 0.494286 -0.688750 0.444180 0.066893 1 3 1.000000
  3 18.824076 -0.025319 -15.302988 -0.399124 0.403249 -0.823463 0.436601 0.027970 1 3 1.000000
metrocop_sheet
  3 16.552799 -1.934364 -14.671391 -0.640894 -0.116974 -0.758664 0.482892 0.065669 2 3 0.945650 2 0.054350
  3 16.988247 0.746005 -14.305382 -0.530382 0.494286 -0.688750 0.444180 0.066893 1 3 1.000000
  3 18.569849 -2.005790 -15.637373 -0.349689 -0.138799 -0.926527 0.477483 0.025242 1 3 1.000000
metrocop_sheet
  3 16.328691 0.383958 -13.766994 -0.682040 0.445065 -0.580292 0.447480 0.083228 2 3 0.932118 2 0.067882
  3 16.988247 0.746005 -14.305382 -0.530382 0.494286 -0.688750 0.444180 0.066893 1 3 1.000000
  3 16.552799 -1.934364 -14.671391 -0.640894 -0.116974 -0.758664 0.482892 0.065669 2 3 0.945650 2 0.054350
metrocop_sheet
  3 16.328691 0.383958 -13.766994 -0.682040 0.445065 -0.580292 0.447480 0.083228 2 3 0.932118 2 0.067882
  3 16.552799 -1.934364 -14.671391 -0.640894 -0.116974 -0.758664 0.482892 0.065669 2 3 0.945650 2 0.054350
  3 16.250919 -1.907637 -14.249557 -0.791058 -0.172093 -0.587036 0.482440 0.075859 2 3 0.930811 2 0.069189
metrocop_sheet
  3 13.808605 0.387211 -11.191029 -0.776630 0.420073 -0.469452 0.450489 0.154090 2 3 0.542932 2 0.457068
  3 16.328691 0.383958 -13.766994 -0.682040 0.445065 -0.580292 0.447480 0.083228 2 3 0.932118 2 0.067882
  3 16.250919 -1.907637 -14.249557 -0.791058 -0.172093 -0.587036 0.482440 0.075859 2 3 0.930811 2 0.069189
metrocop_sheet
  3 13.749657 -1.937476 -11.030045 -0.674835 -0.127171 -0.726929 0.485276 0.156049 2 3 0.533951 2 0.466049
  3 13.808605 0.387211 -11.191029 -0.776630 0.420073 -0.469452 0.450489 0.154090 2 3 0.542932 2 0.457068
  3 16.250919 -1.907637 -14.249557 -0.791058 -0.172093 -0.587036 0.482440 0.075859 2 3 0.930811 2 0.069189
metrocop_sheet
  2 13.531029 0.205642 -10.266996 -0.821776 0.400239 -0.405578 0.446896 0.171341 2 2 0.500000 3 0.500000
  3 13.808605 0.387211 -11.191029 -0.776630 0.420073 -0.469452 0.450489 0.154090 2 3 0.542932 2 0.457068
  3 13.749657 -1.937476 -11.030045 -0.674835 -0.127171 -0.726929 0.485276 0.156049 2 3 0.533951 2 0.466049
metrocop_sheet
  2 12.893293 -1.995051 -10.510259 -0.754718 -0.165597 -0.634806 0.487544 0.174801 2 2 0.503656 3 0.496344
  2 13.531029 0.205642 -10.266996 -0.821776 0.400239 -0.405578 0.446896 0.171341 2 2 0.500000 3 0.500000
  3 13.749657 -1.937476 -11.030045 -0.674835 -0.127171 -0.726929 0.485276 0.156049 2 3 0.533951 2 0.466049
metrocop_sheet
  2 12.891566 0.048506 -9.648348 -0.684461 0.462677 -0.563421 0.449082 0.188719 2 2 0.550748 3 0.449252
  2 13.531029 0.205642 -10.266996 -0.821776 0.400239 -0.405578 0.446896 0.171341 2 2 0.500000 3 0.500000
  2 12.893293 -1.995051 -10.510259 -0.754718 -0.165597 -0.634806 0.487544 0.174801 2 2 0.503656 3 0.496344
metrocop_sheet
  2 12.419220 -1.868343 -9.594069 -0.813806 -0.168345 -0.556219 0.484926 0.194627 2 2 0.588409 3 0.411591
  2 12.891566 0.048506 -9.648348 -0.684461 0.462677 -0.563421 0.449082 0.188719 2 2 0.550748 3 0.449252
  2 12.893293 -1.995051 -10.510259 -0.754718 -0.165597 -0.634806 0.487544 0.174801 2 2 0.503656 3 0.496344
metrocop_sheet
  3 21.466948 -1.296613 -13.183814 0.937941 -0.200182 0.283186 0.388226 0.024822 1 3 1.000000
  3 21.405600 0.606758 -14.267037 0.727702 0.666318 0.162696 0.408586 0.010457 2 3 0.941782 4 0.058218
  3 21.583372 0.444825 -13.291437 0.902952 0.392565 0.174845 0.402665 0.022617 2 3 0.936613 4 0.063387
metrocop_sheet
  3 21.583372 0.444825 -13.291437 0.902952 0.392565 0.174845 0.402665 0.022617 2 3 0.936613 4 0.063387
  3 21.405600 0.606758 -14.267037 0.727702 0.666318 0.162696 0.408586 0.010457 2 3 0.941782 4 0.058218
  3 19.927370 1.526384 -14.333086 0.204881 0.903815 -0.375690 0.421855 0.029000 2 3 0.941863 4 0.058137
metrocop_sheet
  3 20.315910 0.980684 -15.016510 -0.016046 0.911973 -0.409936 0.421629 0.013529 2 3 0.948265 4 0.051735
  3 19.927370 1.526384 -14.333086 0.204881 0.903815 -0.375690 0.421855 0.029000 2 3 0.941863 4 0.058137
  3 21.405600 0.606758 -14.267037 0.727702 0.666318 0.162696 0.408586 0.010457 2 3 0.941782 4 0.058218
metrocop_sheet
  3 19.375336 0.035085 -15.648771 -0.570035 0.499818 -0.652106 0.437031 0.015914 1 3 1.000000
  3 19.927370 1.526384 -14.333086 0.204881 0.903815 -0.375690 0.421855 0.029000 2 3 0.941863 4 0.058137
  3 20.315910 0.980684 -15.016510 -0.016046 0.911973 -0.409936 0.421629 0.013529 2 3 0.948265 4 0.051735
metrocop_sheet
  3 19.927370 1.526384 -14.333086 0.204881 0.903815 -0.375690 0.421855 0.029000 2 3 0.941863 4 0.058137
  3 19.375336 0.035085 -15.648771 -0.570035 0.499818 -0.652106 0.437031 0.015914 1 3 1.000000
  3 18.824076 -0.025319 -15.302988 -0.399124 0.403249 -0.823463 0.436601 0.027970 1 3 1.000000
metrocop_sheet
  3 19.138603 -1.438832 -15.815668 -0.541440 0.000430 -0.840740 0.454449 0.015718 1 3 1.000000
  3 18.824076 -0.025319 -15.302988 -0.399124 0.403249 -0.823463 0.436601 0.027970 1 3 1.000000
  3 19.375336 0.035085 -15.648771 -0.570035 0.499818 -0.652106 0.437031 0.015914 1 3 1.000000
metrocop_sheet
  3 18.824076 -0.025319 -15.302988 -0.399124 0.403249 -0.823463 0.436601 0.027970 1 3 1.000000
  3 19.138603 -1.438832 -15.815668 -0.541440 0.000430 -0.840740 0.454449 0.015718 1 3 1.000000
  3 18.569849 -2.005790 -15.637373 -0.349689 -0.138799 -0.926527 0.477483 0.025242 1 3 1.000000
metrocop_sheet
  3 21.583372 0.444825 -13.291437 0.902952 0.392565 0.174845 0.402665 0.022617 2 3 0.936613 4 0.063387
  3 20.580896 -1.550488 -11.291401 0.790503 -0.150586 0.593657 0.384090 0.064306 1 3 1.000000
  3 21.466948 -1.296613 -13.183814 0.937941 -0.200182 0.283186 0.388226 0.024822 1 3 1.000000
metrocop_sheet
  3 21.466948 -1.296613 -13.183814 0.937941 -0.200182 0.283186 0.388226 0.024822 1 3 1.000000
  3 20.580896 -1.550488 -11.291401 0.790503 -0.150586 0.593657 0.384090 0.064306 1 3 1.000000
  3 20.571873 -3.151822 -13.617717 0.700938 -0.691273 0.175580 0.364363 0.028937 2 3 0.946977 4 0.053023
metrocop_sheet
  3 20.580896 -1.550488 -11.291401 0.790503 -0.150586 0.593657 0.384090 0.064306 1 3 1.000000
  3 19.696146 -3.698560 -12.033782 0.595861 -0.706260 0.382291 0.359817 0.063541 2 3 0.942603 2 0.057397
  3 20.571873 -3.151822 -13.617717 0.700938 -0.691273 0.175580 0.364363 0.028937 2 3 0.946977 4 0.053023
metrocop_sheet
  3 20.571873 -3.151822 -13.617717 0.700938 -0.691273 0.175580 0.364363 0.028937 2 3 0.946977 4 0.053023
  3 19.696146 -3.698560 -12.033782 0.595861 -0.706260 0.382291 0.359817 0.063541 2 3 0.942603 2 0.057397
  3 19.290400 -4.028266 -14.839271 0.104522 -0.860830 -0.498044 0.331084 0.026635 2 3 0.881405 4 0.118595
metrocop_sheet
  2 11.038321 -1.770101 -7.918814 -0.743015 -0.110114 -0.660155 0.265866 0.237436 2 2 0.864480 3 0.135520
  2 12.419220 -1.868343 -9.594069 -0.813806 -0.168345 -0.556219 0.267087 0.194627 2 2 0.588409 3 0.411591
  2 13.109980 -3.411210 -9.182502 -0.530697 -0.658538 -0.533563 0.311790 0.191060 2 2 0.567800 3 0.432200
metrocop_sheet
  2 13.109980 -3.411210 -9.182502 -0.530697 -0.658538 -0.533563 0.311790 0.191060 2 2 0.567800 3 0.432200
  2 12.419220 -1.868343 -9.594069 -0.813806 -0.168345 -0.556219 0.267087 0.194627 2 2 0.588409 3 0.411591
  2 13.692484 -3.363789 -9.758878 -0.583627 -0.751878 -0.306690 0.312637 0.174989 2 2 0.507846 3 0.492154
metrocop_sheet
  2 12.419220 -1.868343 -9.594069 -0.813806 -0.168345 -0.556219 0.267087 0.194627 2 2 0.588409 3 0.411591
  2 12.893293 -1.995051 -10.510259 -0.754718 -0.165597 -0.634806 0.269705 0.174801 2 2 0.503656 3 0.496344
  2 13.692484 -3.363789 -9.758878 -0.583627 -0.751878 -0.306690 0.312637 0.174989 2 2 0.507846 3 0.492154
metrocop_sheet
  2 13.692484 -3.363789 -9.758878 -0.583627 -0.751878 -0.306690 0.312637 0.174989 2 2 0.507846 3 0.492154
  2 12.893293 -1.995051 -10.510259 -0.754718 -0.165597 -0.634806 0.269705 0.174801 2 2 0.503656 3 0.496344
  3 14.202159 -3.737522 -10.628515 -0.574713 -0.750867 -0.325427 0.311507 0.155270 2 3 0.522726 2 0.477274
metrocop_sheet
  2 12.893293 -1.995051 -10.510259 -0.754718 -0.165597 -0.634806 0.269705 0.174801 2 2 0.503656 3 0.496344
  3 13.749657 -1.937476 -11.030045 -0.674835 -0.127171 -0.726929 0.267437 0.156049 2 3 0.533951 2 0.466049
  3 14.202159 -3.737522 -10.628515 -0.574713 -0.750867 -0.325427 0.311507 0.155270 2 3 0.522726 2 0.477274
metrocop_sheet
  3 14.202159 -3.737522 -10.628515 -0.574713 -0.750867 -0.325427 0.311507 0.155270 2 3 0.522726 2 0.477274
  3 13.749657 -1.937476 -11.030045 -0.674835 -0.127171 -0.726929 0.267437 0.156049 2 3 0.533951 2 0.466049
  3 16.922852 -3.536715 -13.579933 -0.616655 -0.705030 -0.350241 0.311713 0.076334 2 3 0.911073 2 0.088927
metrocop_sheet
  3 13.749657 -1.937476 -11.030045 -0.674835 -0.127171 -0.726929 0.267437 0.156049 2 3 0.533951 2 0.466049
  3 16.250919 -1.907637 -14.249557 -0.791058 -0.172093 -0.587036 0.264601 0.075859 2 3 0.930811 2 0.069189
  3 16.922852 -3.536715 -13.579933 -0.616655 -0.705030 -0.350241 0.311713 0.076334 2 3 0.911073 2 0.088927
metrocop_sheet
  3 16.250919 -1.907637 -14.249557 -0.791058 -0.172093 -0.587036 0.264601 0.075859 2 3 0.930811 2 0.069189
  3 17.019011 -3.271219 -14.279953 -0.605941 -0.547183 -0.577430 0.300568 0.064802 2 3 0.933308 2 0.066692
  3 16.922852 -3.536715 -13.579933 -0.616655 -0.705030 -0.350241 0.311713 0.076334 2 3 0.911073 2 0.088927
metrocop_sheet
  3 17.019011 -3.271219 -14.279953 -0.605941 -0.547183 -0.577430 0.300568 0.064802 2 3 0.933308 2 0.066692
  3 16.250919 -1.907637 -14.249557 -0.791058 -0.172093 -0.587036 0.264601 0.075859 2 3 0.930811 2 0.069189
  3 16.552799 -1.934364 -14.671391 -0.640894 -0.116974 -0.758664 0.265053 0.065669 2 3 0.945650 2 0.054350
metrocop_sheet
  3 17.019011 -3.271219 -14.279953 -0.605941 -0.547183 -0.577430 0.300568 0.064802 2 3 0.933308 2 0.066692
  3 16.552799 -1.934364 -14.671391 -0.640894 -0.116974 -0.758664 0.265053 0.065669 2 3 0.945650 2 0.054350
  3 18.569849 -2.005790 -15.637373 -0.349689 -0.138799 -0.926527 0.259645 0.025242 1 3 1.000000
metrocop_sheet
  3 19.290400 -4.028266 -14.839271 0.104522 -0.860830 -0.498044 0.331084 0.026635 2 3 0.881405 4 0.118595
  3 17.019011 -3.271219 -14.279953 -0.605941 -0.547183 -0.577430 0.300568 0.064802 2 3 0.933308 2 0.066692
  3 18.569849 -2.005790 -15.637373 -0.349689 -0.138799 -0.926527 0.259645 0.025242 1 3 1.000000
metrocop_sheet
  3 18.569849 -2.005790 -15.637373 -0.349689 -0.138799 -0.926527 0.259645 0.025242 1 3 1.000000
  3 19.643238 -3.021654 -15.575251 -0.224686 -0.606965 -0.762306 0.319438 0.013754 2 3 0.910302 4 0.089698
  3 19.290400 -4.028266 -14.839271 0.104522 -0.860830 -0.498044 0.331084 0.026635 2 3 0.881405 4 0.118595
metrocop_sheet
  3 20.361189 -3.306958 -14.992811 0.414386 -0.882840 -0.221081 0.352204 0.011085 2 3 0.904597 4 0.095403
  3 19.290400 -4.028266 -14.839271 0.104522 -0.860830 -0.498044 0.331084 0.026635 2 3 0.881405 4 0.118595
  3 19.643238 -3.021654 -15.575251 -0.224686 -0.606965 -0.762306 0.319438 0.013754 2 3 0.910302 4 0.089698
metrocop_sheet
  3 19.290400 -4.028266 -14.839271 0.104522 -0.860830 -0.498044 0.331084 0.026635 2 3 0.881405 4 0.118595
  3 20.361189 -3.306958 -14.992811 0.414386 -0.882840 -0.221081 0.352204 0.011085 2 3 0.904597 4 0.095403
  3 20.571873 -3.151822 -13.617717 0.700938 -0.691273 0.175580 0.364363 0.028937 2 3 0.946977 4 0.053023
metrocop_sheet
  3 21.337601 -2.613842 -14.363262 0.753292 -0.600434 0.268384 0.369060 0.008509 2 3 0.934369 4 0.065631
  3 20.571873 -3.151822 -13.617717 0.700938 -0.691273 0.175580 0.364363 0.028937 2 3 0.946977 4 0.053023
  3 20.361189 -3.306958 -14.992811 0.414386 -0.882840 -0.221081 0.352204 0.011085 2 3 0.904597 4 0.095403
metrocop_sheet
  3 20.571873 -3.151822 -13.617717 0.700938 -0.691273 0.175580 0.364363 0.028937 2 3 0.946977 4 0.053023
  3 21.337601 -2.613842 -14.363262 0.753292 -0.600434 0.268384 0.369060 0.008509 2 3 0.934369 4 0.065631
  3 21.466948 -1.296613 -13.183814 0.937941 -0.200182 0.283186 0.388226 0.024822 1 3 1.000000
metrocop_sheet
  3 21.641285 -0.867160 -14.107932 0.928219 0.010705 0.371879 0.394740 0.009029 1 3 1.000000
  3 21.466948 -1.296613 -13.183814 0.937941 -0.200182 0.283186 0.388226 0.024822 1 3 1.000000
  3 21.337601 -2.613842 -14.363262 0.753292 -0.600434 0.268384 0.369060 0.008509 2 3 0.934369 4 0.065631
metrocop_sheet
  3 21.405600 0.606758 -14.267037 0.727702 0.666318 0.162696 0.408586 0.010457 2 3 0.941782 4 0.058218
  3 21.466948 -1.296613 -13.183814 0.937941 -0.200182 0.283186 0.388226 0.024822 1 3 1.000000
  3 21.641285 -0.867160 -14.107932 0.928219 0.010705 0.371879 0.394740 0.009029 1 3 1.000000
metrocop_sheet
  3 19.643238 -3.021654 -15.575251 -0.224686 -0.606965 -0.762306 0.319438 0.013754 2 3 0.910302 4 0.089698
  3 18.569849 -2.005790 -15.637373 -0.349689 -0.138799 -0.926527 0.259645 0.025242 1 3 1.000000
  3 19.138603 -1.438832 -15.815668 -0.541440 0.000430 -0.840740 0.261947 0.015718 1 3 1.000000
metrocop_sheet
  3 16.696671 -3.985183 -8.809155 0.389270 -0.784862 0.482142 0.355058 0.150097 2 3 0.541941 2 0.458059
  3 18.836424 -3.880311 -11.543129 0.456167 -0.786394 0.416530 0.355602 0.081838 2 3 0.900803 2 0.099197
  3 20.002129 -1.503334 -10.680874 0.724554 -0.075020 0.685123 0.384375 0.080886 2 3 0.949443 2 0.050557
metrocop_sheet
  3 20.002129 -1.503334 -10.680874 0.724554 -0.075020 0.685123 0.384375 0.080886 2 3 0.949443 2 0.050557
  3 18.836424 -3.880311 -11.543129 0.456167 -0.786394 0.416530 0.355602 0.081838 2 3 0.900803 2 0.099197
  3 20.580896 -1.550488 -11.291401 0.790503 -0.150586 0.593657 0.384090 0.064306 1 3 1.000000
metrocop_sheet
  3 18.836424 -3.880311 -11.543129 0.456167 -0.786394 0.416530 0.355602 0.081838 2 3 0.900803 2 0.099197
  3 19.696146 -3.698560 -12.033782 0.595861 -0.706260 0.382291 0.359817 0.063541 2 3 0.942603 2 0.057397
  3 20.580896 -1.550488 -11.291401 0.790503 -0.150586 0.593657 0.384090 0.064306 1 3 1.000000
metrocop_sheet
  3 18.836424 -3.880311 -11.543129 0.456167 -0.786394 0.416530 0.355602 0.081838 2 3 0.900803 2 0.099197
  3 18.764050 -4.210998 -12.815787 0.274148 -0.961116 0.033146 0.342119 0.063472 2 3 0.929957 2 0.070043
  3 19.696146 -3.698560 -12.033782 0.595861 -0.706260 0.382291 0.359817 0.063541 2 3 0.942603 2 0.057397
metrocop_sheet
  3 19.696146 -3.698560 -12.033782 0.595861 -0.706260 0.382291 0.359817 0.063541 2 3 0.942603 2 0.057397
  3 18.764050 -4.210998 -12.815787 0.274148 -0.961116 0.033146 0.342119 0.063472 2 3 0.929957 2 0.070043
  3 19.290400 -4.028266 -14.839271 0.104522 -0.860830 -0.498044 0.331084 0.026635 2 3 0.881405 4 0.118595
metrocop_sheet
  3 18.764050 -4.210998 -12.815787 0.274148 -0.961116 0.033146 0.342119 0.063472 2 3 0.929957 2 0.070043
  3 17.738569 -4.189791 -13.675489 -0.368676 -0.903206 -0.219765 0.324530 0.063892 2 3 0.917172 2 0.082828
  3 19.290400 -4.028266 -14.839271 0.104522 -0.860830 -0.498044 0.331084 0.026635 2 3 0.881405 4 0.118595
metrocop_sheet
  3 17.738569 -4.189791 -13.675489 -0.368676 -0.903206 -0.219765 0.324530 0.063892 2 3 0.917172 2 0.082828
  3 17.019011 -3.271219 -14.279953 -0.605941 -0.547183 -0.577430 0.300568 0.064802 2 3 0.933308 2 0.066692
  3 19.290400 -4.028266 -14.839271 0.104522 -0.860830 -0.498044 0.331084 0.026635 2 3 0.881405 4 0.118595
metrocop_sheet
  3 16.922852 -3.536715 -13.579933 -0.616655 -0.705030 -0.350241 0.311713 0.076334 2 3 0.911073 2 0.088927
  3 17.019011 -3.271219 -14.279953 -0.605941 -0.547183 -0.577430 0.300568 0.064802 2 3 0.933308 2 0.066692
  3 17.738569 -4.189791 -13.675489 -0.368676 -0.903206 -0.219765 0.324530 0.063892 2 3 0.917172 2 0.082828
metrocop_sheet
  3 18.177917 -4.326264 -12.349835 0.046808 -0.997994 0.042636 0.341757 0.078077 2 3 0.889116 2 0.110884
  3 16.922852 -3.536715 -13.579933 -0.616655 -0.705030 -0.350241 0.311713 0.076334 2 3 0.911073 2 0.088927
  3 17.738569 -4.189791 -13.675489 -0.368676 -0.903206 -0.219765 0.324530 0.063892 2 3 0.917172 2 0.082828
metrocop_sheet
  3 14.202159 -3.737522 -10.628515 -0.574713 -0.750867 -0.325427 0.311507 0.155270 2 3 0.522726 2 0.477274
  3 16.922852 -3.536715 -13.579933 -0.616655 -0.705030 -0.350241 0.311713 0.076334 2 3 0.911073 2 0.088927
  3 18.177917 -4.326264 -12.349835 0.046808 -0.997994 0.042636 0.341757 0.078077 2 3 0.889116 2 0.110884
metrocop_sheet
  3 15.457958 -4.212756 -9.702098 -0.116586 -0.993120 -0.010986 0.337691 0.152641 2 3 0.531606 2 0.468394
  3 14.202159 -3.737522 -10.628515 -0.574713 -0.750867 -0.325427 0.311507 0.155270 2 3 0.522726 2 0.477274
  3 18.177917 -4.326264 -12.349835 0.046808 -0.997994 0.042636 0.341757 0.078077 2 3 0.889116 2 0.110884
metrocop_sheet
  2 13.692484 -3.363789 -9.758878 -0.583627 -0.751878 -0.306690 0.312637 0.174989 2 2 0.507846 3 0.492154
  3 14.202159 -3.737522 -10.628515 -0.574713 -0.750867 -0.325427 0.311507 0.155270 2 3 0.522726 2 0.477274
  3 15.457958 -4.212756 -9.702098 -0.116586 -0.993120 -0.010986 0.337691 0.152641 2 3 0.531606 2 0.468394
metrocop_sheet
  2 14.837042 -4.132158 -8.928106 -0.059149 -0.994950 -0.081088 0.338507 0.172217 2 2 0.504719 3 0.495281
  2 13.692484 -3.363789 -9.758878 -0.583627 -0.751878 -0.306690 0.312637 0.174989 2 2 0.507846 3 0.492154
  3 15.457958 -4.212756 -9.702098 -0.116586 -0.993120 -0.010986 0.337691 0.152641 2 3 0.531606 2 0.468394
metrocop_sheet
  2 13.109980 -3.411210 -9.182502 -0.530697 -0.658538 -0.533563 0.311790 0.191060 2 2 0.567800 3 0.432200
  2 13.692484 -3.363789 -9.758878 -0.583627 -0.751878 -0.306690 0.312637 0.174989 2 2 0.507846 3 0.492154
  2 14.837042 -4.132158 -8.928106 -0.059149 -0.994950 -0.081088 0.338507 0.172217 2 2 0.504719 3 0.495281
metrocop_sheet
  3 18.177917 -4.326264 -12.349835 0.046808 -0.997994 0.042636 0.341757 0.078077 2 3 0.889116 2 0.110884
  3 17.738569 -4.189791 -13.675489 -0.368676 -0.903206 -0.219765 0.324530 0.063892 2 3 0.917172 2 0.082828
  3 18.764050 -4.210998 -12.815787 0.274148 -0.961116 0.033146 0.342119 0.063472 2 3 0.929957 2 0.070043
metrocop_sheet
  3 18.764050 -4.210998 -12.815787 0.274148 -0.961116 0.033146 0.342119 0.063472 2 3 0.929957 2 0.070043
  3 18.836424 -3.880311 -11.543129 0.456167 -0.786394 0.416530 0.355602 0.081838 2 3 0.900803 2 0.099197
  3 18.177917 -4.326264 -12.349835 0.046808 -0.997994 0.042636 0.341757 0.078077 2 3 0.889116 2 0.110884
metrocop_sheet
  3 15.457958 -4.212756 -9.702098 -0.116586 -0.993120 -0.010986 0.337691 0.152641 2 3 0.531606 2 0.468394
  3 18.177917 -4.326264 -12.349835 0.046808 -0.997994 0.042636 0.341757 0.078077 2 3 0.889116 2 0.110884
  3 18.836424 -3.880311 -11.543129 0.456167 -0.786394 0.416530 0.355602 0.081838 2 3 0.900803 2 0.099197
metrocop_sheet
  3 16.696671 -3.985183 -8.809155 0.389270 -0.784862 0.482142 0.355058 0.150097 2 3 0.541941 2 0.458059
  3 15.457958 -4.212756 -9.702098 -0.116586 -0.993120 -0.010986 0.337691 0.152641 2 3 0.531606 2 0.468394
  3 18.836424 -3.880311 -11.543129 0.456167 -0.786394 0.416530 0.355602 0.081838 2 3 0.900803 2 0.099197
metrocop_sheet
  2 14.837042 -4.132158 -8.928106 -0.059149 -0.994950 -0.081088 0.338507 0.172217 2 2 0.504719 3 0.495281
  3 15.457958 -4.212756 -9.702098 -0.116586 -0.993120 -0.010986 0.337691 0.152641 2 3 0.531606 2 0.468394
  3 16.696671 -3.985183 -8.809155 0.389270 -0.784862 0.482142 0.355058 0.150097 2 3 0.541941 2 0.458059
metrocop_sheet
  2 11.917637 -3.810101 -3.348720 0.543684 -0.755122 0.366331 0.354633 0.293138 1 2 1.000000
  2 10.743578 -3.575262 -1.004971 0.718002 -0.578831 0.386559 0.360000 0.343311 2 2 0.788985 1 0.211015
  2 10.253589 -4.440151 -1.841169 0.370139 -0.915273 0.158975 0.347393 0.336722 2 2 0.771457 1 0.228543
metrocop_sheet
  2 11.917637 -3.810101 -3.348720 0.543684 -0.755122 0.366331 0.354633 0.293138 1 2 1.000000
  2 10.253589 -4.440151 -1.841169 0.370139 -0.915273 0.158975 0.347393 0.336722 2 2 0.771457 1 0.228543
  2 9.656162 -4.516779 -2.509496 0.241069 -0.969882 -0.034852 0.338698 0.334425 2 2 0.781882 1 0.218118
metrocop_sheet
  2 9.656162 -4.516779 -2.509496 0.241069 -0.969882 -0.034852 0.338698 0.334425 2 2 0.781882 1 0.218118
  2 10.376143 -4.464209 -4.467263 -0.018005 -0.980336 -0.196513 0.330445 0.296004 2 2 0.908639 1 0.091361
  2 11.917637 -3.810101 -3.348720 0.543684 -0.755122 0.366331 0.354633 0.293138 1 2 1.000000
metrocop_sheet
  2 10.376143 -4.464209 -4.467263 -0.018005 -0.980336 -0.196513 0.330445 0.296004 2 2 0.908639 1 0.091361
  2 9.656162 -4.516779 -2.509496 0.241069 -0.969882 -0.034852 0.338698 0.334425 2 2 0.781882 1 0.218118
  2 8.409442 -4.492785 -4.112044 -0.353131 -0.821961 -0.446854 0.314495 0.326631 2 2 0.763332 1 0.236668
metrocop_sheet
  2 8.409442 -4.492785 -4.112044 -0.353131 -0.821961 -0.446854 0.314495 0.326631 2 2 0.763332 1 0.236668
  2 9.302935 -3.211170 -5.443848 -0.549311 -0.453086 -0.702119 0.302903 0.295934 2 2 0.931129 1 0.068871
  2 10.376143 -4.464209 -4.467263 -0.018005 -0.980336 -0.196513 0.330445 0.296004 2 2 0.908639 1 0.091361
metrocop_sheet
  2 9.302935 -3.211170 -5.443848 -0.549311 -0.453086 -0.702119 0.302903 0.295934 2 2 0.931129 1 0.068871
  2 8.409442 -4.492785 -4.112044 -0.353131 -0.821961 -0.446854 0.314495 0.326631 2 2 0.763332 1 0.236668
  2 6.956792 -3.752424 -3.363214 -0.150640 0.090121 -0.984472 0.303199 0.356893 2 2 0.627945 1 0.372055
metrocop_sheet
  2 9.302935 -3.211170 -5.443848 -0.549311 -0.453086 -0.702119 0.302903 0.295934 2 2 0.931129 1 0.068871
  2 6.956792 -3.752424 -3.363214 -0.150640 0.090121 -0.984472 0.303199 0.356893 2 2 0.627945 1 0.372055
  2 6.921361 -1.635057 -3.994056 -0.602785 -0.092505 -0.792523 0.267264 0.349043 2 2 0.726536 1 0.273464
metrocop_sheet
  2 6.921361 -1.635057 -3.994056 -0.602785 -0.092505 -0.792523 0.267264 0.349043 2 2 0.726536 1 0.273464
  2 8.875179 -1.480749 -5.415998 -0.662299 -0.046208 -0.747813 0.260555 0.302755 2 2 0.949369 1 0.050631
  2 9.302935 -3.211170 -5.443848 -0.549311 -0.453086 -0.702119 0.302903 0.295934 2 2 0.931129 1 0.068871
metrocop_sheet
  2 8.875179 -1.480749 -5.415998 -0.662299 -0.046208 -0.747813 0.260555 0.302755 2 2 0.949369 1 0.050631
  2 11.038321 -1.770101 -7.918814 -0.743015 -0.110114 -0.660155 0.265866 0.237436 2 2 0.864480 3 0.135520
  2 9.302935 -3.211170 -5.443848 -0.549311 -0.453086 -0.702119 0.302903 0.295934 2 2 0.931129 1 0.068871
metrocop_sheet
  2 11.562438 -3.328719 -7.431459 -0.583373 -0.584839 -0.563596 0.311093 0.237137 2 2 0.846948 3 0.153052
  2 9.302935 -3.211170 -5.443848 -0.549311 -0.453086 -0.702119 0.302903 0.295934 2 2 0.931129 1 0.068871
  2 11.038321 -1.770101 -7.918814 -0.743015 -0.110114 -0.660155 0.265866 0.237436 2 2 0.864480 3 0.135520
metrocop_sheet
  2 11.562438 -3.328719 -7.431459 -0.583373 -0.584839 -0.563596 0.311093 0.237137 2 2 0.846948 3 0.153052
  2 11.038321 -1.770101 -7.918814 -0.743015 -0.110114 -0.660155 0.265866 0.237436 2 2 0.864480 3 0.135520
  2 13.109980 -3.411210 -9.182502 -0.530697 -0.658538 -0.533563 0.311790 0.191060 2 2 0.567800 3 0.432200
metrocop_sheet
  2 11.562438 -3.328719 -7.431459 -0.583373 -0.584839 -0.563596 0.311093 0.237137 2 2 0.846948 3 0.153052
  2 13.109980 -3.411210 -9.182502 -0.530697 -0.658538 -0.533563 0.311790 0.191060 2 2 0.567800 3 0.432200
  2 14.030216 -4.326113 -8.363737 -0.062474 -0.966194 -0.250131 0.334135 0.190925 2 2 0.562585 3 0.437415
metrocop_sheet
  2 14.030216 -4.326113 -8.363737 -0.062474 -0.966194 -0.250131 0.334135 0.190925 2 2 0.562585 3 0.437415
  2 13.109980 -3.411210 -9.182502 -0.530697 -0.658538 -0.533563 0.311790 0.191060 2 2 0.567800 3 0.432200
  2 14.837042 -4.132158 -8.928106 -0.059149 -0.994950 -0.081088 0.338507 0.172217 2 2 0.504719 3 0.495281
metrocop_sheet
  2 14.030216 -4.326113 -8.363737 -0.062474 -0.966194 -0.250131 0.334135 0.190925 2 2 0.562585 3 0.437415
  2 14.837042 -4.132158 -8.928106 -0.059149 -0.994950 -0.081088 0.338507 0.172217 2 2 0.504719 3 0.495281
  2 15.941823 -3.673273 -8.131332 0.468169 -0.780266 0.414732 0.356791 0.170086 2 2 0.502162 3 0.497838
metrocop_sheet
  2 15.941823 -3.673273 -8.131332 0.468169 -0.780266 0.414732 0.356791 0.170086 2 2 0.502162 3 0.497838
  2 14.837042 -4.132158 -8.928106 -0.059149 -0.994950 -0.081088 0.338507 0.172217 2 2 0.504719 3 0.495281
  3 16.696671 -3.985183 -8.809155 0.389270 -0.784862 0.482142 0.355058 0.150097 2 3 0.541941 2 0.458059
metrocop_sheet
  2 15.941823 -3.673273 -8.131332 0.468169 -0.780266 0.414732 0.356791 0.170086 2 2 0.502162 3 0.497838
  3 16.696671 -3.985183 -8.809155 0.389270 -0.784862 0.482142 0.355058 0.150097 2 3 0.541941 2 0.458059
  3 17.354515 -1.577219 -8.049237 0.850096 -0.109538 0.515110 0.383139 0.154182 2 3 0.561251 2 0.438749
metrocop_sheet
  3 17.354515 -1.577219 -8.049237 0.850096 -0.109538 0.515110 0.383139 0.154182 2 3 0.561251 2 0.438749
  3 16.696671 -3.985183 -8.809155 0.389270 -0.784862 0.482142 0.355058 0.150097 2 3 0.541941 2 0.458059
  3 20.002129 -1.503334 -10.680874 0.724554 -0.075020 0.685123 0.384375 0.080886 2 3 0.949443 2 0.050557
metrocop_sheet
  3 17.354515 -1.577219 -8.049237 0.850096 -0.109538 0.515110 0.383139 0.154182 2 3 0.561251 2 0.438749
  3 20.002129 -1.503334 -10.680874 0.724554 -0.075020 0.685123 0.384375 0.080886 2 3 0.949443 2 0.050557
  3 19.050028 1.368611 -11.175771 0.426391 0.745797 0.511837 0.410532 0.087267 2 3 0.928376 2 0.071624
metrocop_sheet
  2 9.302935 -3.211170 -5.443848 -0.549311 -0.453086 -0.702119 0.302903 0.295934 2 2 0.931129 1 0.068871
  2 11.562438 -3.328719 -7.431459 -0.583373 -0.584839 -0.563596 0.311093 0.237137 2 2 0.846948 3 0.153052
  2 10.376143 -4.464209 -4.467263 -0.018005 -0.980336 -0.196513 0.330445 0.296004 2 2 0.908639 1 0.091361
metrocop_sheet
  2 12.453459 -4.495812 -6.749702 -0.182779 -0.962024 -0.202737 0.331564 0.235208 2 2 0.794515 3 0.205485
  2 10.376143 -4.464209 -4.467263 -0.018005 -0.980336 -0.196513 0.330445 0.296004 2 2 0.908639 1 0.091361
  2 11.562438 -3.328719 -7.431459 -0.583373 -0.584839 -0.563596 0.311093 0.237137 2 2 0.846948 3 0.153052
metrocop_sheet
  2 14.030216 -4.326113 -8.363737 -0.062474 -0.966194 -0.250131 0.334135 0.190925 2 2 0.562585 3 0.437415
  2 12.453459 -4.495812 -6.749702 -0.182779 -0.962024 -0.202737 0.331564 0.235208 2 2 0.794515 3 0.205485
  2 11.562438 -3.328719 -7.431459 -0.583373 -0.584839 -0.563596 0.311093 0.237137 2 2 0.846948 3 0.153052
metrocop_sheet
  2 15.440975 -3.829505 -7.252727 0.527030 -0.797004 0.294997 0.356438 0.189551 2 2 0.566928 3 0.433072
  2 12.453459 -4.495812 -6.749702 -0.182779 -0.962024 -0.202737 0.331564 0.235208 2 2 0.794515 3 0.205485
  2 14.030216 -4.326113 -8.363737 -0.062474 -0.966194 -0.250131 0.334135 0.190925 2 2 0.562585 3 0.437415
metrocop_sheet
  2 15.440975 -3.829505 -7.252727 0.527030 -0.797004 0.294997 0.356438 0.189551 2 2 0.566928 3 0.433072
  2 14.030216 -4.326113 -8.363737 -0.062474 -0.966194 -0.250131 0.334135 0.190925 2 2 0.562585 3 0.437415
  2 15.941823 -3.673273 -8.131332 0.468169 -0.780266 0.414732 0.356791 0.170086 2 2 0.502162 3 0.497838
metrocop_sheet
  2 15.440975 -3.829505 -7.252727 0.527030 -0.797004 0.294997 0.356438 0.189551 2 2 0.566928 3 0.433072
  2 15.941823 -3.673273 -8.131332 0.468169 -0.780266 0.414732 0.356791 0.170086 2 2 0.502162 3 0.497838
  2 17.096191 -1.605454 -7.040451 0.849569 -0.092934 0.519226 0.382140 0.172526 2 2 0.502510 3 0.497490
metrocop_sheet
  2 17.096191 -1.605454 -7.040451 0.849569 -0.092934 0.519226 0.382140 0.172526 2 2 0.502510 3 0.497490
  2 15.941823 -3.673273 -8.131332 0.468169 -0.780266 0.414732 0.356791 0.170086 2 2 0.502162 3 0.497838
  3 17.354515 -1.577219 -8.049237 0.850096 -0.109538 0.515110 0.383139 0.154182 2 3 0.561251 2 0.438749
metrocop_sheet
  2 17.096191 -1.605454 -7.040451 0.849569 -0.092934 0.519226 0.382140 0.172526 2 2 0.502510 3 0.497490
  3 17.354515 -1.577219 -8.049237 0.850096 -0.109538 0.515110 0.383139 0.154182 2 3 0.561251 2 0.438749
  3 16.608753 1.361763 -8.338557 0.403102 0.769027 0.496091 0.409955 0.161000 2 3 0.518388 2 0.481612
metrocop_sheet
  3 16.608753 1.361763 -8.338557 0.403102 0.769027 0.496091 0.409955 0.161000 2 3 0.518388 2 0.481612
  3 17.354515 -1.577219 -8.049237 0.850096 -0.109538 0.515110 0.383139 0.154182 2 3 0.561251 2 0.438749
  3 19.050028 1.368611 -11.175771 0.426391 0.745797 0.511837 0.410532 0.087267 2 3 0.928376 2 0.071624
metrocop_sheet
  3 16.608753 1.361763 -8.338557 0.403102 0.769027 0.496091 0.409955 0.161000 2 3 0.518388 2 0.481612
  3 19.050028 1.368611 -11.175771 0.426391 0.745797 0.511837 0.410532 0.087267 2 3 0.928376 2 0.071624
  3 17.500322 1.825806 -13.016553 -0.239113 0.964478 -0.112283 0.430685 0.080052 2 3 0.926430 2 0.073570
metrocop_sheet
  3 15.168675 1.652465 -9.898278 -0.027799 0.974435 -0.222942 0.427926 0.156474 2 3 0.539784 2 0.460216
  3 16.608753 1.361763 -8.338557 0.403102 0.769027 0.496091 0.409955 0.161000 2 3 0.518388 2 0.481612
  3 17.500322 1.825806 -13.016553 -0.239113 0.964478 -0.112283 0.430685 0.080052 2 3 0.926430 2 0.073570
metrocop_sheet
  2 15.833905 1.138069 -7.705913 0.495728 0.750928 0.436304 0.409788 0.180297 2 2 0.512550 3 0.487450
  3 16.608753 1.361763 -8.338557 0.403102 0.769027 0.496091 0.409955 0.161000 2 3 0.518388 2 0.481612
  3 15.168675 1.652465 -9.898278 -0.027799 0.974435 -0.222942 0.427926 0.156474 2 3 0.539784 2 0.460216
metrocop_sheet
  2 15.833905 1.138069 -7.705913 0.495728 0.750928 0.436304 0.409788 0.180297 2 2 0.512550 3 0.487450
  2 17.096191 -1.605454 -7.040451 0.849569 -0.092934 0.519226 0.382140 0.172526 2 2 0.502510 3 0.497490
  3 16.608753 1.361763 -8.338557 0.403102 0.769027 0.496091 0.409955 0.161000 2 3 0.518388 2 0.481612
metrocop_sheet
  2 17.096191 -1.605454 -7.040451 0.849569 -0.092934 0.519226 0.382140 0.172526 2 2 0.502510 3 0.497490
  2 13.940837 -4.065997 -5.738049 0.445617 -0.800131 0.401516 0.352942 0.231331 2 2 0.810085 3 0.189915
  2 15.440975 -3.829505 -7.252727 0.527030 -0.797004 0.294997 0.356438 0.189551 2 2 0.566928 3 0.433072
metrocop_sheet
  2 15.440975 -3.829505 -7.252727 0.527030 -0.797004 0.294997 0.356438 0.189551 2 2 0.566928 3 0.433072
  2 13.940837 -4.065997 -5.738049 0.445617 -0.800131 0.401516 0.352942 0.231331 2 2 0.810085 3 0.189915
  2 12.453459 -4.495812 -6.749702 -0.182779 -0.962024 -0.202737 0.331564 0.235208 2 2 0.794515 3 0.205485
metrocop_sheet
  2 13.940837 -4.065997 -5.738049 0.445617 -0.800131 0.401516 0.352942 0.231331 2 2 0.810085 3 0.189915
  2 11.917637 -3.810101 -3.348720 0.543684 -0.755122 0.366331 0.354633 0.293138 1 2 1.000000
  2 12.453459 -4.495812 -6.749702 -0.182779 -0.962024 -0.202737 0.331564 0.235208 2 2 0.794515 3 0.205485
metrocop_sheet
  2 10.376143 -4.464209 -4.467263 -0.018005 -0.980336 -0.196513 0.330445 0.296004 2 2 0.908639 1 0.091361
  2 12.453459 -4.495812 -6.749702 -0.182779 -0.962024 -0.202737 0.331564 0.235208 2 2 0.794515 3 0.205485
  2 11.917637 -3.810101 -3.348720 0.543684 -0.755122 0.366331 0.354633 0.293138 1 2 1.000000
metrocop_sheet
  2 7.966128 -5.135288 -0.369464 0.487429 -0.795919 0.359062 0.337104 0.387773 2 2 0.504584 1 0.495416
  1 8.062380 -4.103833 1.052727 0.292044 -0.603678 0.741811 0.350848 0.408253 2 1 0.500000 2 0.500000
  1 7.138260 -5.689640 -0.288450 0.511906 -0.779471 0.361077 0.330748 0.399364 2 1 0.504646 2 0.495354
metrocop_sheet
  2 7.966128 -5.135288 -0.369464 0.487429 -0.795919 0.359062 0.337104 0.387773 2 2 0.504584 1 0.495416
  1 7.138260 -5.689640 -0.288450 0.511906 -0.779471 0.361077 0.330748 0.399364 2 1 0.504646 2 0.495354
  2 7.315624 -6.320758 -3.428012 0.758770 -0.639775 0.122291 0.315583 0.349977 2 2 0.570515 1 0.429485
metrocop_sheet
  2 8.726322 -4.809680 -0.597968 0.481502 -0.837231 0.259229 0.342211 0.374738 2 2 0.542518 1 0.457482
  2 7.966128 -5.135288 -0.369464 0.487429 -0.795919 0.359062 0.337104 0.387773 2 2 0.504584 1 0.495416
  2 7.315624 -6.320758 -3.428012 0.758770 -0.639775 0.122291 0.315583 0.349977 2 2 0.570515 1 0.429485
metrocop_sheet
  2 7.795963 -5.610259 -3.078032 0.839184 -0.425405 -0.338823 0.319152 0.349367 2 2 0.602064 1 0.397936
  2 8.726322 -4.809680 -0.597968 0.481502 -0.837231 0.259229 0.342211 0.374738 2 2 0.542518 1 0.457482
  2 7.315624 -6.320758 -3.428012 0.758770 -0.639775 0.122291 0.315583 0.349977 2 2 0.570515 1 0.429485
metrocop_sheet
  2 9.002995 -4.771477 -2.377812 0.423361 -0.894970 -0.140692 0.333306 0.344675 2 2 0.698193 1 0.301807
  2 8.726322 -4.809680 -0.597968 0.481502 -0.837231 0.259229 0.342211 0.374738 2 2 0.542518 1 0.457482
  2 7.795963 -5.610259 -3.078032 0.839184 -0.425405 -0.338823 0.319152 0.349367 2 2 0.602064 1 0.397936
metrocop_sheet
  2 7.327106 -5.113506 -3.804445 0.746829 0.079747 -0.660217 0.310509 0.344844 2 2 0.623844 1 0.376156
  2 9.002995 -4.771477 -2.377812 0.423361 -0.894970 -0.140692 0.333306 0.344675 2 2 0.698193 1 0.301807
  2 7.795963 -5.610259 -3.078032 0.839184 -0.425405 -0.338823 0.319152 0.349367 2 2 0.602064 1 0.397936
metrocop_sheet
  2 6.737454 -3.983525 -4.054363 0.624735 0.470887 -0.622874 0.298749 0.349304 2 2 0.630578 1 0.369422
  2 9.002995 -4.771477 -2.377812 0.423361 -0.894970 -0.140692 0.333306 0.344675 2 2 0.698193 1 0.301807
  2 7.327106 -5.113506 -3.804445 0.746829 0.079747 -0.660217 0.310509 0.344844 2 2 0.623844 1 0.376156
metrocop_sheet
  2 6.737454 -3.983525 -4.054363 0.624735 0.470887 -0.622874 0.298749 0.349304 2 2 0.630578 1 0.369422
  2 6.956792 -3.752424 -3.363214 -0.150640 0.090121 -0.984472 0.303199 0.356893 2 2 0.627945 1 0.372055
  2 9.002995 -4.771477 -2.377812 0.423361 -0.894970 -0.140692 0.333306 0.344675 2 2 0.698193 1 0.301807
metrocop_sheet
  2 9.002995 -4.771477 -2.377812 0.423361 -0.894970 -0.140692 0.333306 0.344675 2 2 0.698193 1 0.301807
  2 6.956792 -3.752424 -3.363214 -0.150640 0.090121 -0.984472 0.303199 0.356893 2 2 0.627945 1 0.372055
  2 8.409442 -4.492785 -4.112044 -0.353131 -0.821961 -0.446854 0.314495 0.326631 2 2 0.763332 1 0.236668
metrocop_sheet
  2 9.656162 -4.516779 -2.509496 0.241069 -0.969882 -0.034852 0.338698 0.334425 2 2 0.781882 1 0.218118
  2 9.002995 -4.771477 -2.377812 0.423361 -0.894970 -0.140692 0.333306 0.344675 2 2 0.698193 1 0.301807
  2 8.409442 -4.492785 -4.112044 -0.353131 -0.821961 -0.446854 0.314495 0.326631 2 2 0.763332 1 0.236668
metrocop_sheet
  2 9.656162 -4.516779 -2.509496 0.241069 -0.969882 -0.034852 0.338698 0.334425 2 2 0.781882 1 0.218118
  2 9.536807 -4.445262 -1.104388 0.387111 -0.902492 0.188824 0.346707 0.356935 2 2 0.654026 1 0.345974
  2 9.002995 -4.771477 -2.377812 0.423361 -0.894970 -0.140692 0.333306 0.344675 2 2 0.698193 1 0.301807
metrocop_sheet
  2 10.253589 -4.440151 -1.841169 0.370139 -0.915273 0.158975 0.347393 0.336722 2 2 0.771457 1 0.228543
  2 9.536807 -4.445262 -1.104388 0.387111 -0.902492 0.188824 0.346707 0.356935 2 2 0.654026 1 0.345974
  2 9.656162 -4.516779 -2.509496 0.241069 -0.969882 -0.034852 0.338698 0.334425 2 2 0.781882 1 0.218118
metrocop_sheet
  2 10.253589 -4.440151 -1.841169 0.370139 -0.915273 0.158975 0.347393 0.336722 2 2 0.771457 1 0.228543
  2 9.947451 -3.795748 0.218008 0.582405 -0.613380 0.533450 0.358896 0.371679 2 2 0.578294 1 0.421706
  2 9.536807 -4.445262 -1.104388 0.387111 -0.902492 0.188824 0.346707 0.356935 2 2 0.654026 1 0.345974
metrocop_sheet
  2 10.743578 -3.575262 -1.004971 0.718002 -0.578831 0.386559 0.360000 0.343311 2 2 0.788985 1 0.211015
  2 9.947451 -3.795748 0.218008 0.582405 -0.613380 0.533450 0.358896 0.371679 2 2 0.578294 1 0.421706
  2 10.253589 -4.440151 -1.841169 0.370139 -0.915273 0.158975 0.347393 0.336722 2 2 0.771457 1 0.228543
metrocop_sheet
  2 10.743578 -3.575262 -1.004971 0.718002 -0.578831 0.386559 0.360000 0.343311 2 2 0.788985 1 0.211015
  2 11.428047 -2.167443 -0.664819 0.814011 -0.229686 0.533507 0.374989 0.340283 2 2 0.853086 1 0.146914
  2 9.947451 -3.795748 0.218008 0.582405 -0.613380 0.533450 0.358896 0.371679 2 2 0.578294 1 0.421706
metrocop_sheet
  2 11.917637 -3.810101 -3.348720 0.543684 -0.755122 0.366331 0.354633 0.293138 1 2 1.000000
  2 11.428047 -2.167443 -0.664819 0.814011 -0.229686 0.533507 0.374989 0.340283 2 2 0.853086 1 0.146914
  2 10.743578 -3.575262 -1.004971 0.718002 -0.578831 0.386559 0.360000 0.343311 2 2 0.788985 1 0.211015
metrocop_sheet
  2 11.428047 -2.167443 -0.664819 0.814011 -0.229686 0.533507 0.374989 0.340283 2 2 0.853086 1 0.146914
  2 11.917637 -3.810101 -3.348720 0.543684 -0.755122 0.366331 0.354633 0.293138 1 2 1.000000
  2 12.798358 -1.690751 -2.791422 0.778924 -0.227675 0.584329 0.380165 0.291183 1 2 1.000000
metrocop_sheet
  2 11.917637 -3.810101 -3.348720 0.543684 -0.755122 0.366331 0.354633 0.293138 1 2 1.000000
  2 13.940837 -4.065997 -5.738049 0.445617 -0.800131 0.401516 0.352942 0.231331 2 2 0.810085 3 0.189915
  2 12.798358 -1.690751 -2.791422 0.778924 -0.227675 0.584329 0.380165 0.291183 1 2 1.000000
metrocop_sheet
  2 7.795963 -5.610259 -3.078032 0.839184 -0.425405 -0.338823 0.319152 0.349367 2 2 0.602064 1 0.397936
  2 7.350363 -6.558203 -4.439088 0.965163 -0.177131 -0.192575 0.311751 0.334343 2 2 0.602923 1 0.397077
  2 7.327106 -5.113506 -3.804445 0.746829 0.079747 -0.660217 0.310509 0.344844 2 2 0.623844 1 0.376156
metrocop_sheet
  2 7.795963 -5.610259 -3.078032 0.839184 -0.425405 -0.338823 0.319152 0.349367 2 2 0.602064 1 0.397936
  2 7.315624 -6.320758 -3.428012 0.758770 -0.639775 0.122291 0.315583 0.349977 2 2 0.570515 1 0.429485
  2 7.350363 -6.558203 -4.439088 0.965163 -0.177131 -0.192575 0.311751 0.334343 2 2 0.602923 1 0.397077
metrocop_sheet
  2 8.726322 -4.809680 -0.597968 0.481502 -0.837231 0.259229 0.342211 0.374738 2 2 0.542518 1 0.457482
  2 9.006563 -3.897442 0.808938 0.408902 -0.609415 0.679274 0.356143 0.392558 2 2 0.502209 1 0.497791
  2 7.966128 -5.135288 -0.369464 0.487429 -0.795919 0.359062 0.337104 0.387773 2 2 0.504584 1 0.495416
metrocop_sheet
  2 9.006563 -3.897442 0.808938 0.408902 -0.609415 0.679274 0.356143 0.392558 2 2 0.502209 1 0.497791
  1 8.062380 -4.103833 1.052727 0.292044 -0.603678 0.741811 0.350848 0.408253 2 1 0.500000 2 0.500000
  2 7.966128 -5.135288 -0.369464 0.487429 -0.795919 0.359062 0.337104 0.387773 2 2 0.504584 1 0.495416
metrocop_sheet
  2 9.006563 -3.897442 0.808938 0.408902 -0.609415 0.679274 0.356143 0.392558 2 2 0.502209 1 0.497791
  1 9.247035 -2.281359 1.544508 0.477195 -0.189737 0.858071 0.372917 0.401251 2 1 0.500000 2 0.500000
  1 8.062380 -4.103833 1.052727 0.292044 -0.603678 0.741811 0.350848 0.408253 2 1 0.500000 2 0.500000
metrocop_sheet
  21 -10.308444 1.599555 -4.339265 0.116706 0.978206 -0.171733 0.319214 0.267391 2 21 0.947991 20 0.052009
  21 -12.315727 1.005068 -3.157722 -0.459374 0.805520 0.374317 0.341196 0.259183 1 21 1.000000
  21 -9.218042 1.765793 -3.558764 -0.086858 0.945761 -0.313036 0.315777 0.294644 2 21 0.861378 20 0.138622
metrocop_sheet
  21 -7.431884 2.585652 -2.883641 -0.492739 0.850155 -0.185590 0.308106 0.329415 2 21 0.617013 20 0.382987
  21 -7.614634 1.585487 -4.243540 -0.410213 0.228622 -0.882869 0.299529 0.305613 2 21 0.745172 20 0.254828
  21 -8.177487 2.115175 -2.996525 -0.355575 0.906410 -0.228007 0.311749 0.317653 2 21 0.712020 20 0.287980
metrocop_sheet
  21 -9.218042 1.765793 -3.558764 -0.086858 0.945761 -0.313036 0.315777 0.294644 2 21 0.861378 20 0.138622
  21 -8.177487 2.115175 -2.996525 -0.355575 0.906410 -0.228007 0.311749 0.317653 2 21 0.712020 20 0.287980
  21 -7.614634 1.585487 -4.243540 -0.410213 0.228622 -0.882869 0.299529 0.305613 2 21 0.745172 20 0.254828
metrocop_sheet
  21 -9.218042 1.765793 -3.558764 -0.086858 0.945761 -0.313036 0.315777 0.294644 2 21 0.861378 20 0.138622
  21 -7.614634 1.585487 -4.243540 -0.410213 0.228622 -0.882869 0.299529 0.305613 2 21 0.745172 20 0.254828
  21 -7.314000 0.698159 -4.100684 0.278643 0.255417 -0.925808 0.293795 0.312360 2 21 0.747352 20 0.252648
metrocop_sheet
  21 -10.308444 1.599555 -4.339265 0.116706 0.978206 -0.171733 0.319214 0.267391 2 21 0.947991 20 0.052009
  21 -9.218042 1.765793 -3.558764 -0.086858 0.945761 -0.313036 0.315777 0.294644 2 21 0.861378 20 0.138622
  21 -7.314000 0.698159 -4.100684 0.278643 0.255417 -0.925808 0.293795 0.312360 2 21 0.747352 20 0.252648
metrocop_sheet
  21 -10.308444 1.599555 -4.339265 0.116706 0.978206 -0.171733 0.319214 0.267391 2 21 0.947991 20 0.052009
  21 -7.314000 0.698159 -4.100684 0.278643 0.255417 -0.925808 0.293795 0.312360 2 21 0.747352 20 0.252648
  21 -8.758989 -0.157543 -5.316777 0.599459 0.308642 -0.738504 0.289644 0.273605 2 21 0.936105 20 0.063895
metrocop_sheet
  21 -8.854366 -1.177261 -5.413477 0.663141 -0.038667 -0.747495 0.270237 0.271068 2 21 0.949676 20 0.050324
  21 -8.758989 -0.157543 -5.316777 0.599459 0.308642 -0.738504 0.289644 0.273605 2 21 0.936105 20 0.063895
  21 -7.314000 0.698159 -4.100684 0.278643 0.255417 -0.925808 0.293795 0.312360 2 21 0.747352 20 0.252648
metrocop_sheet
  21 -8.854366 -1.177261 -5.413477 0.663141 -0.038667 -0.747495 0.270237 0.271068 2 21 0.949676 20 0.050324
  21 -7.314000 0.698159 -4.100684 0.278643 0.255417 -0.925808 0.293795 0.312360 2 21 0.747352 20 0.252648
  21 -6.915618 -1.514088 -3.998456 0.600028 -0.085391 -0.795409 0.263579 0.320342 2 21 0.727591 20 0.272409
metrocop_sheet
  21 -10.690078 1.446914 -1.998868 -0.406673 0.879663 0.246598 0.335306 0.299656 2 21 0.880677 20 0.119323
  21 -9.218042 1.765793 -3.558764 -0.086858 0.945761 -0.313036 0.315777 0.294644 2 21 0.861378 20 0.138622
  21 -12.315727 1.005068 -3.157722 -0.459374 0.805520 0.374317 0.341196 0.259183 1 21 1.000000
metrocop_sheet
  21 -10.690078 1.446914 -1.998868 -0.406673 0.879663 0.246598 0.335306 0.299656 2 21 0.880677 20 0.119323
  21 -9.919720 1.530261 -1.131559 -0.404558 0.862280 0.304640 0.334604 0.323971 2 21 0.751863 20 0.248137
  21 -9.218042 1.765793 -3.558764 -0.086858 0.945761 -0.313036 0.315777 0.294644 2 21 0.861378 20 0.138622
metrocop_sheet
  21 -9.218042 1.765793 -3.558764 -0.086858 0.945761 -0.313036 0.315777 0.294644 2 21 0.861378 20 0.138622
  21 -9.919720 1.530261 -1.131559 -0.404558 0.862280 0.304640 0.334604 0.323971 2 21 0.751863 20 0.248137
  21 -8.177487 2.115175 -2.996525 -0.355575 0.906410 -0.228007 0.311749 0.317653 2 21 0.712020 20 0.287980
metrocop_sheet
  21 -9.919720 1.530261 -1.131559 -0.404558 0.862280 0.304640 0.334604 0.323971 2 21 0.751863 20 0.248137
  21 -8.968746 1.724966 -0.655628 -0.346492 0.880861 0.322533 0.330653 0.344446 2 21 0.611763 20 0.388237
  21 -8.177487 2.115175 -2.996525 -0.355575 0.906410 -0.228007 0.311749 0.317653 2 21 0.712020 20 0.287980
metrocop_sheet
  21 -8.177487 2.115175 -2.996525 -0.355575 0.906410 -0.228007 0.311749 0.317653 2 21 0.712020 20 0.287980
  21 -8.968746 1.724966 -0.655628 -0.346492 0.880861 0.322533 0.330653 0.344446 2 21 0.611763 20 0.388237
  21 -7.431884 2.585652 -2.883641 -0.492739 0.850155 -0.185590 0.308106 0.329415 2 21 0.617013 20 0.382987
metrocop_sheet
  21 -8.968746 1.724966 -0.655628 -0.346492 0.880861 0.322533 0.330653 0.344446 2 21 0.611763 20 0.388237
  21 -7.972565 1.989321 -0.520791 -0.484989 0.826411 0.286061 0.324438 0.360057 2 21 0.528979 20 0.471021
  21 -7.431884 2.585652 -2.883641 -0.492739 0.850155 -0.185590 0.308106 0.329415 2 21 0.617013 20 0.382987
metrocop_sheet
  21 -7.972565 1.989321 -0.520791 -0.484989 0.826411 0.286061 0.324438 0.360057 2 21 0.528979 20 0.471021
  21 -7.363690 2.589507 -0.483759 -0.694068 0.691810 0.199169 0.319741 0.368691 2 21 0.504396 20 0.495604
  21 -7.431884 2.585652 -2.883641 -0.492739 0.850155 -0.185590 0.308106 0.329415 2 21 0.617013 20 0.382987
metrocop_sheet
  21 -7.972565 1.989321 -0.520791 -0.484989 0.826411 0.286061 0.324438 0.360057 2 21 0.528979 20 0.471021
  20 -7.251865 1.318705 1.720163 -0.570314 0.514402 0.640416 0.334015 0.405961 2 20 0.543304 21 0.456696
  21 -7.363690 2.589507 -0.483759 -0.694068 0.691810 0.199169 0.319741 0.368691 2 21 0.504396 20 0.495604
metrocop_sheet
  20 -7.937062 1.015130 1.377465 -0.504543 0.554442 0.661838 0.337901 0.391280 2 20 0.501698 21 0.498302
  20 -7.251865 1.318705 1.720163 -0.570314 0.514402 0.640416 0.334015 0.405961 2 20 0.543304 21 0.456696
  21 -7.972565 1.989321 -0.520791 -0.484989 0.826411 0.286061 0.324438 0.360057 2 21 0.528979 20 0.471021
metrocop_sheet
  20 -7.937062 1.015130 1.377465 -0.504543 0.554442 0.661838 0.337901 0.391280 2 20 0.501698 21 0.498302
  20 -7.132668 -0.575485 2.412275 -0.509761 0.089055 0.855694 0.351354 0.419435 2 20 0.631928 21 0.368072
  20 -7.251865 1.318705 1.720163 -0.570314 0.514402 0.640416 0.334015 0.405961 2 20 0.543304 21 0.456696
metrocop_sheet
  20 -7.873321 -0.476117 1.969737 -0.426506 0.184855 0.885393 0.351799 0.402235 2 20 0.517113 21 0.482887
  20 -7.132668 -0.575485 2.412275 -0.509761 0.089055 0.855694 0.351354 0.419435 2 20 0.631928 21 0.368072
  20 -7.937062 1.015130 1.377465 -0.504543 0.554442 0.661838 0.337901 0.391280 2 20 0.501698 21 0.498302
metrocop_sheet
  20 -7.873321 -0.476117 1.969737 -0.426506 0.184855 0.885393 0.351799 0.402235 2 20 0.517113 21 0.482887
  20 -7.108203 -2.343638 2.288296 -0.317552 -0.232617 0.919266 0.373838 0.418525 2 20 0.632540 21 0.367460
  20 -7.132668 -0.575485 2.412275 -0.509761 0.089055 0.855694 0.351354 0.419435 2 20 0.631928 21 0.368072
metrocop_sheet
  20 -7.910913 -2.380380 2.035253 -0.314435 -0.240030 0.918431 0.373066 0.403565 2 20 0.513204 21 0.486796
  20 -7.108203 -2.343638 2.288296 -0.317552 -0.232617 0.919266 0.373838 0.418525 2 20 0.632540 21 0.367460
  20 -7.873321 -0.476117 1.969737 -0.426506 0.184855 0.885393 0.351799 0.402235 2 20 0.517113 21 0.482887
metrocop_sheet
  20 -7.910913 -2.380380 2.035253 -0.314435 -0.240030 0.918431 0.373066 0.403565 2 20 0.513204 21 0.486796
  20 -7.152337 -4.559566 0.928055 -0.265302 -0.640566 0.720618 0.401296 0.397112 2 20 0.526337 21 0.473663
  20 -7.108203 -2.343638 2.288296 -0.317552 -0.232617 0.919266 0.373838 0.418525 2 20 0.632540 21 0.367460
metrocop_sheet
  20 -8.147141 -4.123779 0.955298 -0.312428 -0.620430 0.719343 0.392457 0.383818 2 20 0.500000 21 0.500000
  20 -7.152337 -4.559566 0.928055 -0.265302 -0.640566 0.720618 0.401296 0.397112 2 20 0.526337 21 0.473663
  20 -7.910913 -2.380380 2.035253 -0.314435 -0.240030 0.918431 0.373066 0.403565 2 20 0.513204 21 0.486796
metrocop_sheet
  20 -8.147141 -4.123779 0.955298 -0.312428 -0.620430 0.719343 0.392457 0.383818 2 20 0.500000 21 0.500000
  20 -7.265638 -5.688219 -0.438631 -0.536040 -0.776134 0.332080 0.411784 0.374201 2 20 0.501715 21 0.498285
  20 -7.152337 -4.559566 0.928055 -0.265302 -0.640566 0.720618 0.401296 0.397112 2 20 0.526337 21 0.473663
metrocop_sheet
  21 -8.076435 -5.107001 -0.502122 -0.512058 -0.793204 0.329581 0.405640 0.361902 2 21 0.510079 20 0.489921
  20 -7.265638 -5.688219 -0.438631 -0.536040 -0.776134 0.332080 0.411784 0.374201 2 20 0.501715 21 0.498285
  20 -8.147141 -4.123779 0.955298 -0.312428 -0.620430 0.719343 0.392457 0.383818 2 20 0.500000 21 0.500000
metrocop_sheet
  21 -8.076435 -5.107001 -0.502122 -0.512058 -0.793204 0.329581 0.405640 0.361902 2 21 0.510079 20 0.489921
  21 -7.450480 -6.203010 -3.598918 -0.737186 -0.675690 0.000305 0.426313 0.321399 2 21 0.586452 20 0.413548
  20 -7.265638 -5.688219 -0.438631 -0.536040 -0.776134 0.332080 0.411784 0.374201 2 20 0.501715 21 0.498285
metrocop_sheet
  21 -9.218691 0.568586 0.847980 -0.474451 0.571441 0.669590 0.344739 0.365552 2 21 0.520252 20 0.479748
  20 -7.873321 -0.476117 1.969737 -0.426506 0.184855 0.885393 0.351799 0.402235 2 20 0.517113 21 0.482887
  20 -7.937062 1.015130 1.377465 -0.504543 0.554442 0.661838 0.337901 0.391280 2 20 0.501698 21 0.498302
metrocop_sheet
  21 -9.282465 -0.543857 1.439930 -0.475398 0.235150 0.847762 0.355192 0.374607 2 21 0.500229 20 0.499771
  20 -7.873321 -0.476117 1.969737 -0.426506 0.184855 0.885393 0.351799 0.402235 2 20 0.517113 21 0.482887
  21 -9.218691 0.568586 0.847980 -0.474451 0.571441 0.669590 0.344739 0.365552 2 21 0.520252 20 0.479748
metrocop_sheet
  21 -9.282465 -0.543857 1.439930 -0.475398 0.235150 0.847762 0.355192 0.374607 2 21 0.500229 20 0.499771
  20 -7.910913 -2.380380 2.035253 -0.314435 -0.240030 0.918431 0.373066 0.403565 2 20 0.513204 21 0.486796
  20 -7.873321 -0.476117 1.969737 -0.426506 0.184855 0.885393 0.351799 0.402235 2 20 0.517113 21 0.482887
metrocop_sheet
  20 -9.279041 -2.285320 1.508043 -0.485647 -0.205545 0.849646 0.371266 0.376468 2 20 0.500000 21 0.500000
  20 -7.910913 -2.380380 2.035253 -0.314435 -0.240030 0.918431 0.373066 0.403565 2 20 0.513204 21 0.486796
  21 -9.282465 -0.543857 1.439930 -0.475398 0.235150 0.847762 0.355192 0.374607 2 21 0.500229 20 0.499771
metrocop_sheet
  20 -9.279041 -2.285320 1.508043 -0.485647 -0.205545 0.849646 0.371266 0.376468 2 20 0.500000 21 0.500000
  20 -8.147141 -4.123779 0.955298 -0.312428 -0.620430 0.719343 0.392457 0.383818 2 20 0.500000 21 0.500000
  20 -7.910913 -2.380380 2.035253 -0.314435 -0.240030 0.918431 0.373066 0.403565 2 20 0.513204 21 0.486796
metrocop_sheet
  21 -9.083920 -3.880974 0.716578 -0.429192 -0.620487 0.656346 0.387357 0.367144 2 21 0.505875 20 0.494125
  20 -8.147141 -4.123779 0.955298 -0.312428 -0.620430 0.719343 0.392457 0.383818 2 20 0.500000 21 0.500000
  20 -9.279041 -2.285320 1.508043 -0.485647 -0.205545 0.849646 0.371266 0.376468 2 20 0.500000 21 0.500000
metrocop_sheet
  21 -9.083920 -3.880974 0.716578 -0.429192 -0.620487 0.656346 0.387357 0.367144 2 21 0.505875 20 0.494125
  21 -8.076435 -5.107001 -0.502122 -0.512058 -0.793204 0.329581 0.405640 0.361902 2 21 0.510079 20 0.489921
  20 -8.147141 -4.123779 0.955298 -0.312428 -0.620430 0.719343 0.392457 0.383818 2 20 0.500000 21 0.500000
metrocop_sheet
  21 -8.825831 -4.751109 -0.720906 -0.507007 -0.831146 0.228340 0.400703 0.348052 2 21 0.557348 20 0.442652
  21 -8.076435 -5.107001 -0.502122 -0.512058 -0.793204 0.329581 0.405640 0.361902 2 21 0.510079 20 0.489921
  21 -9.083920 -3.880974 0.716578 -0.429192 -0.620487 0.656346 0.387357 0.367144 2 21 0.505875 20 0.494125
metrocop_sheet
  21 -10.253674 0.373913 0.185251 -0.637880 0.513789 0.573698 0.347998 0.340948 2 21 0.668306 20 0.331694
  21 -9.282465 -0.543857 1.439930 -0.475398 0.235150 0.847762 0.355192 0.374607 2 21 0.500229 20 0.499771
  21 -9.218691 0.568586 0.847980 -0.474451 0.571441 0.669590 0.344739 0.365552 2 21 0.520252 20 0.479748
metrocop_sheet
  21 -10.424639 -0.663581 0.556248 -0.701242 0.191966 0.686592 0.357208 0.344981 2 21 0.648647 20 0.351353
  21 -9.282465 -0.543857 1.439930 -0.475398 0.235150 0.847762 0.355192 0.374607 2 21 0.500229 20 0.499771
  21 -10.253674 0.373913 0.185251 -0.637880 0.513789 0.573698 0.347998 0.340948 2 21 0.668306 20 0.331694
metrocop_sheet
  21 -10.424639 -0.663581 0.556248 -0.701242 0.191966 0.686592 0.357208 0.344981 2 21 0.648647 20 0.351353
  20 -9.279041 -2.285320 1.508043 -0.485647 -0.205545 0.849646 0.371266 0.376468 2 20 0.500000 21 0.500000
  21 -9.282465 -0.543857 1.439930 -0.475398 0.235150 0.847762 0.355192 0.374607 2 21 0.500229 20 0.499771
metrocop_sheet
  21 -10.416943 -2.215846 0.618597 -0.698747 -0.189863 0.689713 0.370536 0.346730 2 21 0.618712 20 0.381288
  20 -9.279041 -2.285320 1.508043 -0.485647 -0.205545 0.849646 0.371266 0.376468 2 20 0.500000 21 0.500000
  21 -10.424639 -0.663581 0.556248 -0.701242 0.191966 0.686592 0.357208 0.344981 2 21 0.648647 20 0.351353
metrocop_sheet
  21 -10.416943 -2.215846 0.618597 -0.698747 -0.189863 0.689713 0.370536 0.346730 2 21 0.618712 20 0.381288
  21 -9.083920 -3.880974 0.716578 -0.429192 -0.620487 0.656346 0.387357 0.367144 2 21 0.505875 20 0.494125
  20 -9.279041 -2.285320 1.508043 -0.485647 -0.205545 0.849646 0.371266 0.376468 2 20 0.500000 21 0.500000
metrocop_sheet
  21 -10.019286 -3.730646 0.127253 -0.602208 -0.614171 0.510039 0.384696 0.344926 2 21 0.594943 20 0.405057
  21 -9.083920 -3.880974 0.716578 -0.429192 -0.620487 0.656346 0.387357 0.367144 2 21 0.505875 20 0.494125
  21 -10.416943 -2.215846 0.618597 -0.698747 -0.189863 0.689713 0.370536 0.346730 2 21 0.618712 20 0.381288
metrocop_sheet
  21 -10.019286 -3.730646 0.127253 -0.602208 -0.614171 0.510039 0.384696 0.344926 2 21 0.594943 20 0.405057
  21 -8.825831 -4.751109 -0.720906 -0.507007 -0.831146 0.228340 0.400703 0.348052 2 21 0.557348 20 0.442652
  21 -9.083920 -3.880974 0.716578 -0.429192 -0.620487 0.656346 0.387357 0.367144 2 21 0.505875 20 0.494125
metrocop_sheet
  21 -9.623371 -4.345185 -1.216183 -0.416712 -0.897728 0.142953 0.396349 0.329106 2 21 0.680281 20 0.319719
  21 -8.825831 -4.751109 -0.720906 -0.507007 -0.831146 0.228340 0.400703 0.348052 2 21 0.557348 20 0.442652
  21 -10.019286 -3.730646 0.127253 -0.602208 -0.614171 0.510039 0.384696 0.344926 2 21 0.594943 20 0.405057
metrocop_sheet
  21 -9.623371 -4.345185 -1.216183 -0.416712 -0.897728 0.142953 0.396349 0.329106 2 21 0.680281 20 0.319719
  21 -9.094940 -4.642142 -2.498973 -0.502591 -0.842361 -0.194499 0.409174 0.315929 2 21 0.725964 20 0.274036
  21 -8.825831 -4.751109 -0.720906 -0.507007 -0.831146 0.228340 0.400703 0.348052 2 21 0.557348 20 0.442652
metrocop_sheet
  21 -9.713474 -4.269898 -2.591894 -0.304852 -0.945780 -0.112096 0.403962 0.305045 2 21 0.817353 20 0.182647
  21 -9.094940 -4.642142 -2.498973 -0.502591 -0.842361 -0.194499 0.409174 0.315929 2 21 0.725964 20 0.274036
  21 -9.623371 -4.345185 -1.216183 -0.416712 -0.897728 0.142953 0.396349 0.329106 2 21 0.680281 20 0.319719
metrocop_sheet
  21 -9.713474 -4.269898 -2.591894 -0.304852 -0.945780 -0.112096 0.403962 0.305045 2 21 0.817353 20 0.182647
  21 -8.487247 -4.320412 -4.220814 0.307847 -0.820081 -0.482387 0.427217 0.296556 2 21 0.786681 20 0.213319
  21 -9.094940 -4.642142 -2.498973 -0.502591 -0.842361 -0.194499 0.409174 0.315929 2 21 0.725964 20 0.274036
metrocop_sheet
  21 -10.337067 -4.292869 -1.954111 -0.374313 -0.924475 0.072359 0.395657 0.307573 2 21 0.800873 20 0.199127
  21 -9.623371 -4.345185 -1.216183 -0.416712 -0.897728 0.142953 0.396349 0.329106 2 21 0.680281 20 0.319719
  21 -10.019286 -3.730646 0.127253 -0.602208 -0.614171 0.510039 0.384696 0.344926 2 21 0.594943 20 0.405057
metrocop_sheet
  21 -10.337067 -4.292869 -1.954111 -0.374313 -0.924475 0.072359 0.395657 0.307573 2 21 0.800873 20 0.199127
  21 -9.713474 -4.269898 -2.591894 -0.304852 -0.945780 -0.112096 0.403962 0.305045 2 21 0.817353 20 0.182647
  21 -9.623371 -4.345185 -1.216183 -0.416712 -0.897728 0.142953 0.396349 0.329106 2 21 0.680281 20 0.319719
metrocop_sheet
  21 -8.825831 -4.751109 -0.720906 -0.507007 -0.831146 0.228340 0.400703 0.348052 2 21 0.557348 20 0.442652
  21 -7.450480 -6.203010 -3.598918 -0.737186 -0.675690 0.000305 0.426313 0.321399 2 21 0.586452 20 0.413548
  21 -8.076435 -5.107001 -0.502122 -0.512058 -0.793204 0.329581 0.405640 0.361902 2 21 0.510079 20 0.489921
metrocop_sheet
  21 -7.910799 -5.491291 -3.225307 -0.790232 -0.487818 -0.370899 0.422846 0.320803 2 21 0.621474 20 0.378526
  21 -7.450480 -6.203010 -3.598918 -0.737186 -0.675690 0.000305 0.426313 0.321399 2 21 0.586452 20 0.413548
  21 -8.825831 -4.751109 -0.720906 -0.507007 -0.831146 0.228340 0.400703 0.348052 2 21 0.557348 20 0.442652
metrocop_sheet
  21 -9.094940 -4.642142 -2.498973 -0.502591 -0.842361 -0.194499 0.409174 0.315929 2 21 0.725964 20 0.274036
  21 -7.910799 -5.491291 -3.225307 -0.790232 -0.487818 -0.370899 0.422846 0.320803 2 21 0.621474 20 0.378526
  21 -8.825831 -4.751109 -0.720906 -0.507007 -0.831146 0.228340 0.400703 0.348052 2 21 0.557348 20 0.442652
metrocop_sheet
  21 -7.424868 -4.983459 -3.932586 -0.643751 0.055698 -0.763205 0.431157 0.315907 2 21 0.642112 20 0.357888
  21 -7.910799 -5.491291 -3.225307 -0.790232 -0.487818 -0.370899 0.422846 0.320803 2 21 0.621474 20 0.378526
  21 -9.094940 -4.642142 -2.498973 -0.502591 -0.842361 -0.194499 0.409174 0.315929 2 21 0.725964 20 0.274036
metrocop_sheet
  21 -6.801126 -3.863414 -4.141046 -0.608284 0.510865 -0.607460 0.442494 0.320603 2 21 0.644215 20 0.355785
  21 -7.424868 -4.983459 -3.932586 -0.643751 0.055698 -0.763205 0.431157 0.315907 2 21 0.642112 20 0.357888
  21 -9.094940 -4.642142 -2.498973 -0.502591 -0.842361 -0.194499 0.409174 0.315929 2 21 0.725964 20 0.274036
metrocop_sheet
  21 -6.801126 -3.863414 -4.141046 -0.608284 0.510865 -0.607460 0.442494 0.320603 2 21 0.644215 20 0.355785
  21 -9.094940 -4.642142 -2.498973 -0.502591 -0.842361 -0.194499 0.409174 0.315929 2 21 0.725964 20 0.274036
  21 -7.015975 -3.650338 -3.442729 0.151835 0.122109 -0.980834 0.438177 0.328747 2 21 0.642469 20 0.357531
metrocop_sheet
  21 -9.094940 -4.642142 -2.498973 -0.502591 -0.842361 -0.194499 0.409174 0.315929 2 21 0.725964 20 0.274036
  21 -8.487247 -4.320412 -4.220814 0.307847 -0.820081 -0.482387 0.427217 0.296556 2 21 0.786681 20 0.213319
  21 -7.015975 -3.650338 -3.442729 0.151835 0.122109 -0.980834 0.438177 0.328747 2 21 0.642469 20 0.357531
metrocop_sheet
  21 -9.320676 -2.895438 -5.488617 0.539645 -0.439663 -0.717970 0.438166 0.263827 2 21 0.943511 20 0.056489
  21 -7.015975 -3.650338 -3.442729 0.151835 0.122109 -0.980834 0.438177 0.328747 2 21 0.642469 20 0.357531
  21 -8.487247 -4.320412 -4.220814 0.307847 -0.820081 -0.482387 0.427217 0.296556 2 21 0.786681 20 0.213319
metrocop_sheet
  21 -8.487247 -4.320412 -4.220814 0.307847 -0.820081 -0.482387 0.427217 0.296556 2 21 0.786681 20 0.213319
  21 -10.424989 -4.148983 -4.548802 -0.015229 -0.974963 -0.221844 0.411755 0.264036 2 21 0.931310 20 0.068690
  21 -9.320676 -2.895438 -5.488617 0.539645 -0.439663 -0.717970 0.438166 0.263827 2 21 0.943511 20 0.056489
metrocop_sheet
  21 -10.424989 -4.148983 -4.548802 -0.015229 -0.974963 -0.221844 0.411755 0.264036 2 21 0.931310 20 0.068690
  21 -8.487247 -4.320412 -4.220814 0.307847 -0.820081 -0.482387 0.427217 0.296556 2 21 0.786681 20 0.213319
  21 -9.713474 -4.269898 -2.591894 -0.304852 -0.945780 -0.112096 0.403962 0.305045 2 21 0.817353 20 0.182647
metrocop_sheet
  21 -9.713474 -4.269898 -2.591894 -0.304852 -0.945780 -0.112096 0.403962 0.305045 2 21 0.817353 20 0.182647
  21 -11.955084 -3.490665 -3.417332 -0.565676 -0.752119 0.338124 0.388639 0.261156 1 21 1.000000
  21 -10.424989 -4.148983 -4.548802 -0.015229 -0.974963 -0.221844 0.411755 0.264036 2 21 0.931310 20 0.068690
metrocop_sheet
  21 -11.955084 -3.490665 -3.417332 -0.565676 -0.752119 0.338124 0.388639 0.261156 1 21 1.000000
  21 -9.713474 -4.269898 -2.591894 -0.304852 -0.945780 -0.112096 0.403962 0.305045 2 21 0.817353 20 0.182647
  21 -10.337067 -4.292869 -1.954111 -0.374313 -0.924475 0.072359 0.395657 0.307573 2 21 0.800873 20 0.199127
metrocop_sheet
  21 -11.955084 -3.490665 -3.417332 -0.565676 -0.752119 0.338124 0.388639 0.261156 1 21 1.000000
  21 -10.337067 -4.292869 -1.954111 -0.374313 -0.924475 0.072359 0.395657 0.307573 2 21 0.800873 20 0.199127
  21 -10.804188 -3.443735 -1.089178 -0.740061 -0.569612 0.357564 0.383599 0.314679 2 21 0.814244 20 0.185756
metrocop_sheet
  21 -10.804188 -3.443735 -1.089178 -0.740061 -0.569612 0.357564 0.383599 0.314679 2 21 0.814244 20 0.185756
  21 -10.337067 -4.292869 -1.954111 -0.374313 -0.924475 0.072359 0.395657 0.307573 2 21 0.800873 20 0.199127
  21 -10.019286 -3.730646 0.127253 -0.602208 -0.614171 0.510039 0.384696 0.344926 2 21 0.594943 20 0.405057
metrocop_sheet
  21 -10.804188 -3.443735 -1.089178 -0.740061 -0.569612 0.357564 0.383599 0.314679 2 21 0.814244 20 0.185756
  21 -10.019286 -3.730646 0.127253 -0.602208 -0.614171 0.510039 0.384696 0.344926 2 21 0.594943 20 0.405057
  21 -11.447869 -2.029027 -0.701324 -0.824386 -0.226148 0.518888 0.369269 0.311520 2 21 0.864140 20 0.135860
metrocop_sheet
  21 -11.447869 -2.029027 -0.701324 -0.824386 -0.226148 0.518888 0.369269 0.311520 2 21 0.864140 20 0.135860
  21 -10.019286 -3.730646 0.127253 -0.602208 -0.614171 0.510039 0.384696 0.344926 2 21 0.594943 20 0.405057
  21 -10.416943 -2.215846 0.618597 -0.698747 -0.189863 0.689713 0.370536 0.346730 2 21 0.618712 20 0.381288
metrocop_sheet
  21 -11.447869 -2.029027 -0.701324 -0.824386 -0.226148 0.518888 0.369269 0.311520 2 21 0.864140 20 0.135860
  21 -10.416943 -2.215846 0.618597 -0.698747 -0.189863 0.689713 0.370536 0.346730 2 21 0.618712 20 0.381288
  21 -11.428192 -0.594793 -0.711968 -0.768509 0.233900 0.595555 0.356762 0.311020 2 21 0.877379 20 0.122621
metrocop_sheet
  21 -11.428192 -0.594793 -0.711968 -0.768509 0.233900 0.595555 0.356762 0.311020 2 21 0.877379 20 0.122621
  21 -10.416943 -2.215846 0.618597 -0.698747 -0.189863 0.689713 0.370536 0.346730 2 21 0.618712 20 0.381288
  21 -10.424639 -0.663581 0.556248 -0.701242 0.191966 0.686592 0.357208 0.344981 2 21 0.648647 20 0.351353
metrocop_sheet
  21 -9.320676 -2.895438 -5.488617 0.539645 -0.439663 -0.717970 0.438166 0.263827 2 21 0.943511 20 0.056489
  21 -6.915618 -1.514088 -3.998456 0.600028 -0.085391 -0.795409 0.473004 0.320342 2 21 0.727591 20 0.272409
  21 -7.015975 -3.650338 -3.442729 0.151835 0.122109 -0.980834 0.438177 0.328747 2 21 0.642469 20 0.357531
metrocop_sheet
  21 -6.915618 -1.514088 -3.998456 0.600028 -0.085391 -0.795409 0.473004 0.320342 2 21 0.727591 20 0.272409
  21 -9.320676 -2.895438 -5.488617 0.539645 -0.439663 -0.717970 0.438166 0.263827 2 21 0.943511 20 0.056489
  21 -8.854366 -1.177261 -5.413477 0.663141 -0.038667 -0.747495 0.479661 0.271068 2 21 0.949676 20 0.050324
metrocop_sheet
  21 -12.315727 1.005068 -3.157722 -0.459374 0.805520 0.374317 0.341196 0.259183 1 21 1.000000
  21 -11.075405 0.365984 -1.106399 -0.662090 0.536715 0.523042 0.347326 0.309120 2 21 0.886836 20 0.113164
  21 -10.690078 1.446914 -1.998868 -0.406673 0.879663 0.246598 0.335306 0.299656 2 21 0.880677 20 0.119323
metrocop_sheet
  21 -12.315727 1.005068 -3.157722 -0.459374 0.805520 0.374317 0.341196 0.259183 1 21 1.000000
  21 -12.695707 0.084222 -2.619685 -0.742931 0.314042 0.591127 0.350865 0.262990 1 21 1.000000
  21 -11.075405 0.365984 -1.106399 -0.662090 0.536715 0.523042 0.347326 0.309120 2 21 0.886836 20 0.113164
metrocop_sheet
  21 -11.428192 -0.594793 -0.711968 -0.768509 0.233900 0.595555 0.356762 0.311020 2 21 0.877379 20 0.122621
  21 -11.075405 0.365984 -1.106399 -0.662090 0.536715 0.523042 0.347326 0.309120 2 21 0.886836 20 0.113164
  21 -12.695707 0.084222 -2.619685 -0.742931 0.314042 0.591127 0.350865 0.262990 1 21 1.000000
metrocop_sheet
  21 -11.428192 -0.594793 -0.711968 -0.768509 0.233900 0.595555 0.356762 0.311020 2 21 0.877379 20 0.122621
  21 -12.695707 0.084222 -2.619685 -0.742931 0.314042 0.591127 0.350865 0.262990 1 21 1.000000
  21 -12.789815 -1.368611 -2.805949 -0.787728 -0.222912 0.574278 0.364321 0.259167 1 21 1.000000
metrocop_sheet
  21 -11.428192 -0.594793 -0.711968 -0.768509 0.233900 0.595555 0.356762 0.311020 2 21 0.877379 20 0.122621
  21 -12.789815 -1.368611 -2.805949 -0.787728 -0.222912 0.574278 0.364321 0.259167 1 21 1.000000
  21 -11.447869 -2.029027 -0.701324 -0.824386 -0.226148 0.518888 0.369269 0.311520 2 21 0.864140 20 0.135860
metrocop_sheet
  21 -11.447869 -2.029027 -0.701324 -0.824386 -0.226148 0.518888 0.369269 0.311520 2 21 0.864140 20 0.135860
  21 -12.789815 -1.368611 -2.805949 -0.787728 -0.222912 0.574278 0.364321 0.259167 1 21 1.000000
  21 -11.955084 -3.490665 -3.417332 -0.565676 -0.752119 0.338124 0.388639 0.261156 1 21 1.000000
metrocop_sheet
  21 -11.955084 -3.490665 -3.417332 -0.565676 -0.752119 0.338124 0.388639 0.261156 1 21 1.000000
  21 -10.804188 -3.443735 -1.089178 -0.740061 -0.569612 0.357564 0.383599 0.314679 2 21 0.814244 20 0.185756
  21 -11.447869 -2.029027 -0.701324 -0.824386 -0.226148 0.518888 0.369269 0.311520 2 21 0.864140 20 0.135860
metrocop_sheet
  21 -11.428192 -0.594793 -0.711968 -0.768509 0.233900 0.595555 0.356762 0.311020 2 21 0.877379 20 0.122621
  21 -10.424639 -0.663581 0.556248 -0.701242 0.191966 0.686592 0.357208 0.344981 2 21 0.648647 20 0.351353
  21 -11.075405 0.365984 -1.106399 -0.662090 0.536715 0.523042 0.347326 0.309120 2 21 0.886836 20 0.113164
metrocop_sheet
  21 -11.075405 0.365984 -1.106399 -0.662090 0.536715 0.523042 0.347326 0.309120 2 21 0.886836 20 0.113164
  21 -10.424639 -0.663581 0.556248 -0.701242 0.191966 0.686592 0.357208 0.344981 2 21 0.648647 20 0.351353
  21 -10.253674 0.373913 0.185251 -0.637880 0.513789 0.573698 0.347998 0.340948 2 21 0.668306 20 0.331694
metrocop_sheet
  21 -11.075405 0.365984 -1.106399 -0.662090 0.536715 0.523042 0.347326 0.309120 2 21 0.886836 20 0.113164
  21 -10.253674 0.373913 0.185251 -0.637880 0.513789 0.573698 0.347998 0.340948 2 21 0.668306 20 0.331694
  21 -10.690078 1.446914 -1.998868 -0.406673 0.879663 0.246598 0.335306 0.299656 2 21 0.880677 20 0.119323
metrocop_sheet
  21 -10.690078 1.446914 -1.998868 -0.406673 0.879663 0.246598 0.335306 0.299656 2 21 0.880677 20 0.119323
  21 -10.253674 0.373913 0.185251 -0.637880 0.513789 0.573698 0.347998 0.340948 2 21 0.668306 20 0.331694
  21 -9.919720 1.530261 -1.131559 -0.404558 0.862280 0.304640 0.334604 0.323971 2 21 0.751863 20 0.248137
metrocop_sheet
  21 -10.253674 0.373913 0.185251 -0.637880 0.513789 0.573698 0.347998 0.340948 2 21 0.668306 20 0.331694
  21 -9.218691 0.568586 0.847980 -0.474451 0.571441 0.669590 0.344739 0.365552 2 21 0.520252 20 0.479748
  21 -9.919720 1.530261 -1.131559 -0.404558 0.862280 0.304640 0.334604 0.323971 2 21 0.751863 20 0.248137
metrocop_sheet
  21 -9.919720 1.530261 -1.131559 -0.404558 0.862280 0.304640 0.334604 0.323971 2 21 0.751863 20 0.248137
  21 -9.218691 0.568586 0.847980 -0.474451 0.571441 0.669590 0.344739 0.365552 2 21 0.520252 20 0.479748
  21 -8.968746 1.724966 -0.655628 -0.346492 0.880861 0.322533 0.330653 0.344446 2 21 0.611763 20 0.388237
metrocop_sheet
  21 -9.218691 0.568586 0.847980 -0.474451 0.571441 0.669590 0.344739 0.365552 2 21 0.520252 20 0.479748
  20 -7.937062 1.015130 1.377465 -0.504543 0.554442 0.661838 0.337901 0.391280 2 20 0.501698 21 0.498302
  21 -8.968746 1.724966 -0.655628 -0.346492 0.880861 0.322533 0.330653 0.344446 2 21 0.611763 20 0.388237
metrocop_sheet
  21 -8.968746 1.724966 -0.655628 -0.346492 0.880861 0.322533 0.330653 0.344446 2 21 0.611763 20 0.388237
  20 -7.937062 1.015130 1.377465 -0.504543 0.554442 0.661838 0.337901 0.391280 2 20 0.501698 21 0.498302
  21 -7.972565 1.989321 -0.520791 -0.484989 0.826411 0.286061 0.324438 0.360057 2 21 0.528979 20 0.471021
metrocop_sheet
  3 21.404335 -2.096952 -17.716820 -0.532847 -0.624951 -0.570535 0.960529 0.803961 2 3 0.587116 4 0.412884
  3 19.643238 -3.021654 -15.575251 -0.224686 -0.606965 -0.762306 0.998548 0.790953 2 3 0.910302 4 0.089698
  3 21.058031 -0.769998 -17.776474 -0.727054 -0.012510 -0.686466 0.958211 0.817001 2 3 0.661021 4 0.338979
metrocop_sheet
  3 19.138603 -1.438832 -15.815668 -0.541440 0.000430 -0.840740 0.995270 0.814408 1 3 1.000000
  3 21.058031 -0.769998 -17.776474 -0.727054 -0.012510 -0.686466 0.958211 0.817001 2 3 0.661021 4 0.338979
  3 19.643238 -3.021654 -15.575251 -0.224686 -0.606965 -0.762306 0.998548 0.790953 2 3 0.910302 4 0.089698
metrocop_sheet
  3 21.058031 -0.769998 -17.776474 -0.727054 -0.012510 -0.686466 0.958211 0.817001 2 3 0.661021 4 0.338979
  3 19.138603 -1.438832 -15.815668 -0.541440 0.000430 -0.840740 0.995270 0.814408 1 3 1.000000
  3 21.195629 0.455380 -17.653416 -0.590824 0.617901 -0.518773 0.957290 0.829139 2 3 0.603367 4 0.396633
metrocop_sheet
  3 19.375336 0.035085 -15.648771 -0.570035 0.499818 -0.652106 0.994609 0.831784 1 3 1.000000
  3 21.195629 0.455380 -17.653416 -0.590824 0.617901 -0.518773 0.957290 0.829139 2 3 0.603367 4 0.396633
  3 19.138603 -1.438832 -15.815668 -0.541440 0.000430 -0.840740 0.995270 0.814408 1 3 1.000000
metrocop_sheet
  3 21.195629 0.455380 -17.653416 -0.590824 0.617901 -0.518773 0.957290 0.829139 2 3 0.603367 4 0.396633
  3 19.375336 0.035085 -15.648771 -0.570035 0.499818 -0.652106 0.994609 0.831784 1 3 1.000000
  3 22.041269 0.917238 -17.049294 -0.099486 0.993451 -0.056187 0.958836 0.837163 2 3 0.584988 4 0.415012
metrocop_sheet
  3 20.315910 0.980684 -15.016510 -0.016046 0.911973 -0.409936 0.997639 0.846432 2 3 0.948265 4 0.051735
  3 22.041269 0.917238 -17.049294 -0.099486 0.993451 -0.056187 0.958836 0.837163 2 3 0.584988 4 0.415012
  3 19.375336 0.035085 -15.648771 -0.570035 0.499818 -0.652106 0.994609 0.831784 1 3 1.000000
metrocop_sheet
  2 8.073258 1.955927 -0.637990 0.508624 0.821259 0.258524 0.421768 0.386050 2 2 0.541269 1 0.458731
  2 7.482403 2.574813 -0.624231 0.713809 0.677554 0.177193 0.426639 0.394190 2 2 0.511407 1 0.488593
  1 7.327343 1.386357 1.622596 0.583773 0.519531 0.623936 0.411712 0.429050 2 1 0.534099 2 0.465901
metrocop_sheet
  2 8.073258 1.955927 -0.637990 0.508624 0.821259 0.258524 0.421768 0.386050 2 2 0.541269 1 0.458731
  2 7.556450 2.484349 -3.022246 0.518254 0.828121 -0.213607 0.438820 0.357462 2 2 0.638083 1 0.361917
  2 7.482403 2.574813 -0.624231 0.713809 0.677554 0.177193 0.426639 0.394190 2 2 0.511407 1 0.488593
metrocop_sheet
  2 9.302385 -0.544245 1.415220 0.480063 0.250714 0.840644 0.389676 0.399508 2 2 0.500641 1 0.499359
  1 7.894558 -0.416170 1.937319 0.429585 0.203226 0.879861 0.393188 0.425498 2 1 0.514536 2 0.485464
  1 7.875374 -2.317219 2.069879 0.304855 -0.216716 0.927414 0.371043 0.426740 2 1 0.516836 2 0.483164
metrocop_sheet
  2 9.302385 -0.544245 1.415220 0.480063 0.250714 0.840644 0.389676 0.399508 2 2 0.500641 1 0.499359
  2 9.273185 0.548042 0.784306 0.489558 0.580383 0.650760 0.400587 0.391048 2 2 0.527544 1 0.472456
  1 7.894558 -0.416170 1.937319 0.429585 0.203226 0.879861 0.393188 0.425498 2 1 0.514536 2 0.485464
metrocop_sheet
  2 10.303576 0.299565 0.132486 0.651434 0.514587 0.557525 0.397210 0.367928 2 2 0.684084 1 0.315916
  2 9.273185 0.548042 0.784306 0.489558 0.580383 0.650760 0.400587 0.391048 2 2 0.527544 1 0.472456
  2 9.302385 -0.544245 1.415220 0.480063 0.250714 0.840644 0.389676 0.399508 2 2 0.500641 1 0.499359
metrocop_sheet
  2 10.303576 0.299565 0.132486 0.651434 0.514587 0.557525 0.397210 0.367928 2 2 0.684084 1 0.315916
  2 10.007435 1.418160 -1.225345 0.429251 0.860123 0.275558 0.411219 0.352092 2 2 0.779469 1 0.220531
  2 9.273185 0.548042 0.784306 0.489558 0.580383 0.650760 0.400587 0.391048 2 2 0.527544 1 0.472456
metrocop_sheet
  2 10.777139 1.281515 -2.086452 0.432025 0.875376 0.216959 0.410524 0.329271 2 2 0.903009 1 0.096991
  2 10.007435 1.418160 -1.225345 0.429251 0.860123 0.275558 0.411219 0.352092 2 2 0.779469 1 0.220531
  2 10.303576 0.299565 0.132486 0.651434 0.514587 0.557525 0.397210 0.367928 2 2 0.684084 1 0.315916
metrocop_sheet
  2 10.777139 1.281515 -2.086452 0.432025 0.875376 0.216959 0.410524 0.329271 2 2 0.903009 1 0.096991
  2 9.319129 1.588662 -3.661805 0.115728 0.931149 -0.345786 0.430945 0.324752 2 2 0.885749 1 0.114251
  2 10.007435 1.418160 -1.225345 0.429251 0.860123 0.275558 0.411219 0.352092 2 2 0.779469 1 0.220531
metrocop_sheet
  2 9.319129 1.588662 -3.661805 0.115728 0.931149 -0.345786 0.430945 0.324752 2 2 0.885749 1 0.114251
  2 8.288023 1.988307 -3.115881 0.382922 0.886885 -0.258466 0.435071 0.346381 2 2 0.738611 1 0.261389
  2 10.007435 1.418160 -1.225345 0.429251 0.860123 0.275558 0.411219 0.352092 2 2 0.779469 1 0.220531
metrocop_sheet
  2 9.319129 1.588662 -3.661805 0.115728 0.931149 -0.345786 0.430945 0.324752 2 2 0.885749 1 0.114251
  2 7.712794 1.431892 -4.345490 0.419027 0.185129 -0.888900 0.447817 0.335189 2 2 0.766731 1 0.233269
  2 8.288023 1.988307 -3.115881 0.382922 0.886885 -0.258466 0.435071 0.346381 2 2 0.738611 1 0.261389
metrocop_sheet
  2 7.556450 2.484349 -3.022246 0.518254 0.828121 -0.213607 0.438820 0.357462 2 2 0.638083 1 0.361917
  2 8.288023 1.988307 -3.115881 0.382922 0.886885 -0.258466 0.435071 0.346381 2 2 0.738611 1 0.261389
  2 7.712794 1.431892 -4.345490 0.419027 0.185129 -0.888900 0.447817 0.335189 2 2 0.766731 1 0.233269
metrocop_sheet
  2 8.288023 1.988307 -3.115881 0.382922 0.886885 -0.258466 0.435071 0.346381 2 2 0.738611 1 0.261389
  2 7.556450 2.484349 -3.022246 0.518254 0.828121 -0.213607 0.438820 0.357462 2 2 0.638083 1 0.361917
  2 9.061480 1.657600 -0.759911 0.371723 0.881030 0.292588 0.415312 0.371342 2 2 0.634273 1 0.365727
metrocop_sheet
  2 9.061480 1.657600 -0.759911 0.371723 0.881030 0.292588 0.415312 0.371342 2 2 0.634273 1 0.365727
  2 7.556450 2.484349 -3.022246 0.518254 0.828121 -0.213607 0.438820 0.357462 2 2 0.638083 1 0.361917
  2 8.073258 1.955927 -0.637990 0.508624 0.821259 0.258524 0.421768 0.386050 2 2 0.541269 1 0.458731
metrocop_sheet
  2 9.061480 1.657600 -0.759911 0.371723 0.881030 0.292588 0.415312 0.371342 2 2 0.634273 1 0.365727
  2 8.073258 1.955927 -0.637990 0.508624 0.821259 0.258524 0.421768 0.386050 2 2 0.541269 1 0.458731
  1 8.004073 1.050732 1.293212 0.519164 0.562228 0.643714 0.407685 0.415247 2 1 0.500334 2 0.499666
metrocop_sheet
  1 8.004073 1.050732 1.293212 0.519164 0.562228 0.643714 0.407685 0.415247 2 1 0.500334 2 0.499666
  2 8.073258 1.955927 -0.637990 0.508624 0.821259 0.258524 0.421768 0.386050 2 2 0.541269 1 0.458731
  1 7.327343 1.386357 1.622596 0.583773 0.519531 0.623936 0.411712 0.429050 2 1 0.534099 2 0.465901
metrocop_sheet
  1 8.004073 1.050732 1.293212 0.519164 0.562228 0.643714 0.407685 0.415247 2 1 0.500334 2 0.499666
  1 7.327343 1.386357 1.622596 0.583773 0.519531 0.623936 0.411712 0.429050 2 1 0.534099 2 0.465901
  1 7.150172 -0.477898 2.380456 0.510038 0.104040 0.853837 0.393628 0.441663 2 1 0.625975 2 0.374025
metrocop_sheet
  1 7.894558 -0.416170 1.937319 0.429585 0.203226 0.879861 0.393188 0.425498 2 1 0.514536 2 0.485464
  1 8.004073 1.050732 1.293212 0.519164 0.562228 0.643714 0.407685 0.415247 2 1 0.500334 2 0.499666
  1 7.150172 -0.477898 2.380456 0.510038 0.104040 0.853837 0.393628 0.441663 2 1 0.625975 2 0.374025
metrocop_sheet
  1 7.894558 -0.416170 1.937319 0.429585 0.203226 0.879861 0.393188 0.425498 2 1 0.514536 2 0.485464
  1 7.150172 -0.477898 2.380456 0.510038 0.104040 0.853837 0.393628 0.441663 2 1 0.625975 2 0.374025
  1 7.073480 -2.247823 2.318636 0.308212 -0.209361 0.927994 0.370237 0.440817 2 1 0.643118 2 0.356882
metrocop_sheet
  1 7.875374 -2.317219 2.069879 0.304855 -0.216716 0.927414 0.371043 0.426740 2 1 0.516836 2 0.483164
  1 7.894558 -0.416170 1.937319 0.429585 0.203226 0.879861 0.393188 0.425498 2 1 0.514536 2 0.485464
  1 7.073480 -2.247823 2.318636 0.308212 -0.209361 0.927994 0.370237 0.440817 2 1 0.643118 2 0.356882
metrocop_sheet
  1 7.875374 -2.317219 2.069879 0.304855 -0.216716 0.927414 0.371043 0.426740 2 1 0.516836 2 0.483164
  1 7.073480 -2.247823 2.318636 0.308212 -0.209361 0.927994 0.370237 0.440817 2 1 0.643118 2 0.356882
  1 7.055140 -4.510657 1.037302 0.244337 -0.622346 0.743630 0.341677 0.420796 2 1 0.536063 2 0.463937
metrocop_sheet
  2 9.273185 0.548042 0.784306 0.489558 0.580383 0.650760 0.400587 0.391048 2 2 0.527544 1 0.472456
  1 8.004073 1.050732 1.293212 0.519164 0.562228 0.643714 0.407685 0.415247 2 1 0.500334 2 0.499666
  1 7.894558 -0.416170 1.937319 0.429585 0.203226 0.879861 0.393188 0.425498 2 1 0.514536 2 0.485464
metrocop_sheet
  2 9.273185 0.548042 0.784306 0.489558 0.580383 0.650760 0.400587 0.391048 2 2 0.527544 1 0.472456
  2 9.061480 1.657600 -0.759911 0.371723 0.881030 0.292588 0.415312 0.371342 2 2 0.634273 1 0.365727
  1 8.004073 1.050732 1.293212 0.519164 0.562228 0.643714 0.407685 0.415247 2 1 0.500334 2 0.499666
metrocop_sheet
  2 10.007435 1.418160 -1.225345 0.429251 0.860123 0.275558 0.411219 0.352092 2 2 0.779469 1 0.220531
  2 9.061480 1.657600 -0.759911 0.371723 0.881030 0.292588 0.415312 0.371342 2 2 0.634273 1 0.365727
  2 9.273185 0.548042 0.784306 0.489558 0.580383 0.650760 0.400587 0.391048 2 2 0.527544 1 0.472456
metrocop_sheet
  2 10.007435 1.418160 -1.225345 0.429251 0.860123 0.275558 0.411219 0.352092 2 2 0.779469 1 0.220531
  2 8.288023 1.988307 -3.115881 0.382922 0.886885 -0.258466 0.435071 0.346381 2 2 0.738611 1 0.261389
  2 9.061480 1.657600 -0.759911 0.371723 0.881030 0.292588 0.415312 0.371342 2 2 0.634273 1 0.365727
metrocop_sheet
  22 -16.712078 -2.987525 -14.182344 0.624967 -0.548943 -0.555047 0.441567 0.076348 2 22 0.927603 21 0.072397
  22 -16.286793 -1.652171 -14.622482 0.647008 -0.124946 -0.752176 0.474951 0.077216 2 22 0.934285 21 0.065715
  22 -15.987433 -1.600163 -14.201211 0.806910 -0.167644 -0.566384 0.475366 0.088078 2 22 0.916838 21 0.083162
metrocop_sheet
  22 -16.712078 -2.987525 -14.182344 0.624967 -0.548943 -0.555047 0.441567 0.076348 2 22 0.927603 21 0.072397
  22 -18.297081 -1.823381 -15.590014 0.347465 -0.188671 -0.918516 0.479903 0.034220 1 22 1.000000
  22 -16.286793 -1.652171 -14.622482 0.647008 -0.124946 -0.752176 0.474951 0.077216 2 22 0.934285 21 0.065715
metrocop_sheet
  22 -13.657131 -1.435580 -10.977156 0.691967 -0.132484 -0.709668 0.472969 0.171374 2 22 0.527403 21 0.472597
  22 -16.610132 -3.223493 -13.472643 0.647225 -0.694162 -0.315020 0.431005 0.088671 2 22 0.907197 21 0.092803
  22 -15.987433 -1.600163 -14.201211 0.806910 -0.167644 -0.566384 0.475366 0.088078 2 22 0.916838 21 0.083162
metrocop_sheet
  22 -15.987433 -1.600163 -14.201211 0.806910 -0.167644 -0.566384 0.475366 0.088078 2 22 0.916838 21 0.083162
  22 -16.610132 -3.223493 -13.472643 0.647225 -0.694162 -0.315020 0.431005 0.088671 2 22 0.907197 21 0.092803
  22 -16.712078 -2.987525 -14.182344 0.624967 -0.548943 -0.555047 0.441567 0.076348 2 22 0.927603 21 0.072397
metrocop_sheet
  22 -16.610132 -3.223493 -13.472643 0.647225 -0.694162 -0.315020 0.431005 0.088671 2 22 0.907197 21 0.092803
  22 -17.404522 -3.905146 -13.545631 0.397761 -0.898674 -0.184856 0.418367 0.075464 2 22 0.915963 21 0.084037
  22 -16.712078 -2.987525 -14.182344 0.624967 -0.548943 -0.555047 0.441567 0.076348 2 22 0.927603 21 0.072397
metrocop_sheet
  22 -17.404522 -3.905146 -13.545631 0.397761 -0.898674 -0.184856 0.418367 0.075464 2 22 0.915963 21 0.084037
  22 -18.956457 -3.836371 -14.718412 -0.108465 -0.845113 -0.523468 0.411969 0.035802 2 22 0.908849 23 0.091151
  22 -16.712078 -2.987525 -14.182344 0.624967 -0.548943 -0.555047 0.441567 0.076348 2 22 0.927603 21 0.072397
metrocop_sheet
  22 -18.956457 -3.836371 -14.718412 -0.108465 -0.845113 -0.523468 0.411969 0.035802 2 22 0.908849 23 0.091151
  22 -18.297081 -1.823381 -15.590014 0.347465 -0.188671 -0.918516 0.479903 0.034220 1 22 1.000000
  22 -16.712078 -2.987525 -14.182344 0.624967 -0.548943 -0.555047 0.441567 0.076348 2 22 0.927603 21 0.072397
metrocop_sheet
  22 -18.297081 -1.823381 -15.590014 0.347465 -0.188671 -0.918516 0.479903 0.034220 1 22 1.000000
  22 -18.956457 -3.836371 -14.718412 -0.108465 -0.845113 -0.523468 0.411969 0.035802 2 22 0.908849 23 0.091151
  22 -20.048872 -3.155519 -14.901490 -0.217328 -0.941740 -0.256699 0.391585 0.019298 2 22 0.932519 23 0.067481
metrocop_sheet
  22 -18.297081 -1.823381 -15.590014 0.347465 -0.188671 -0.918516 0.479903 0.034220 1 22 1.000000
  22 -20.048872 -3.155519 -14.901490 -0.217328 -0.941740 -0.256699 0.391585 0.019298 2 22 0.932519 23 0.067481
  22 -19.408726 -2.811118 -15.504334 0.554505 -0.774822 -0.303605 0.423351 0.022018 2 22 0.932728 23 0.067272
metrocop_sheet
  22 -19.408726 -2.811118 -15.504334 0.554505 -0.774822 -0.303605 0.423351 0.022018 2 22 0.932728 23 0.067272
  22 -18.882704 -1.282410 -15.808516 0.523678 -0.024110 -0.851575 0.501635 0.024079 1 22 1.000000
  22 -18.297081 -1.823381 -15.590014 0.347465 -0.188671 -0.918516 0.479903 0.034220 1 22 1.000000
metrocop_sheet
  22 -18.956457 -3.836371 -14.718412 -0.108465 -0.845113 -0.523468 0.411969 0.035802 2 22 0.908849 23 0.091151
  22 -20.269304 -2.955820 -13.533693 -0.627231 -0.735027 0.257521 0.379687 0.038417 1 22 1.000000
  22 -20.048872 -3.155519 -14.901490 -0.217328 -0.941740 -0.256699 0.391585 0.019298 2 22 0.932519 23 0.067481
metrocop_sheet
  22 -21.114141 -2.755362 -14.198153 -0.642917 -0.684149 0.344379 0.375096 0.016668 2 22 0.939981 23 0.060019
  22 -20.048872 -3.155519 -14.901490 -0.217328 -0.941740 -0.256699 0.391585 0.019298 2 22 0.932519 23 0.067481
  22 -20.269304 -2.955820 -13.533693 -0.627231 -0.735027 0.257521 0.379687 0.038417 1 22 1.000000
metrocop_sheet
  22 -20.269304 -2.955820 -13.533693 -0.627231 -0.735027 0.257521 0.379687 0.038417 1 22 1.000000
  22 -21.223930 -1.114907 -13.171820 -0.930227 -0.199536 0.308000 0.356502 0.034121 1 22 1.000000
  22 -21.114141 -2.755362 -14.198153 -0.642917 -0.684149 0.344379 0.375096 0.016668 2 22 0.939981 23 0.060019
metrocop_sheet
  22 -21.408367 -0.726031 -14.111801 -0.914064 0.026459 0.404707 0.350193 0.017248 1 22 1.000000
  22 -21.114141 -2.755362 -14.198153 -0.642917 -0.684149 0.344379 0.375096 0.016668 2 22 0.939981 23 0.060019
  22 -21.223930 -1.114907 -13.171820 -0.930227 -0.199536 0.308000 0.356502 0.034121 1 22 1.000000
metrocop_sheet
  22 -21.218657 0.747623 -14.325466 -0.734364 0.660445 0.156595 0.336840 0.018744 2 22 0.944014 23 0.055986
  22 -21.408367 -0.726031 -14.111801 -0.914064 0.026459 0.404707 0.350193 0.017248 1 22 1.000000
  22 -21.223930 -1.114907 -13.171820 -0.930227 -0.199536 0.308000 0.356502 0.034121 1 22 1.000000
metrocop_sheet
  22 -17.844139 -4.005781 -12.216862 -0.013275 -0.996891 0.077671 0.401740 0.090690 2 22 0.894699 21 0.105301
  22 -17.404522 -3.905146 -13.545631 0.397761 -0.898674 -0.184856 0.418367 0.075464 2 22 0.915963 21 0.084037
  22 -16.610132 -3.223493 -13.472643 0.647225 -0.694162 -0.315020 0.431005 0.088671 2 22 0.907197 21 0.092803
metrocop_sheet
  22 -17.844139 -4.005781 -12.216862 -0.013275 -0.996891 0.077671 0.401740 0.090690 2 22 0.894699 21 0.105301
  22 -18.431925 -3.926600 -12.688232 -0.243846 -0.967393 0.068485 0.401315 0.075140 2 22 0.935067 21 0.064933
  22 -17.404522 -3.905146 -13.545631 0.397761 -0.898674 -0.184856 0.418367 0.075464 2 22 0.915963 21 0.084037
metrocop_sheet
  22 -18.431925 -3.926600 -12.688232 -0.243846 -0.967393 0.068485 0.401315 0.075140 2 22 0.935067 21 0.064933
  22 -18.956457 -3.836371 -14.718412 -0.108465 -0.845113 -0.523468 0.411969 0.035802 2 22 0.908849 23 0.091151
  22 -17.404522 -3.905146 -13.545631 0.397761 -0.898674 -0.184856 0.418367 0.075464 2 22 0.915963 21 0.084037
metrocop_sheet
  22 -19.382524 -3.414998 -11.928248 -0.574701 -0.709962 0.407030 0.384113 0.075325 1 22 1.000000
  22 -18.956457 -3.836371 -14.718412 -0.108465 -0.845113 -0.523468 0.411969 0.035802 2 22 0.908849 23 0.091151
  22 -18.431925 -3.926600 -12.688232 -0.243846 -0.967393 0.068485 0.401315 0.075140 2 22 0.935067 21 0.064933
metrocop_sheet
  22 -20.269304 -2.955820 -13.533693 -0.627231 -0.735027 0.257521 0.379687 0.038417 1 22 1.000000
  22 -18.956457 -3.836371 -14.718412 -0.108465 -0.845113 -0.523468 0.411969 0.035802 2 22 0.908849 23 0.091151
  22 -19.382524 -3.414998 -11.928248 -0.574701 -0.709962 0.407030 0.384113 0.075325 1 22 1.000000
metrocop_sheet
  22 -20.337170 -1.269717 -11.269066 -0.787517 -0.153176 0.596954 0.360509 0.076246 1 22 1.000000
  22 -20.269304 -2.955820 -13.533693 -0.627231 -0.735027 0.257521 0.379687 0.038417 1 22 1.000000
  22 -19.382524 -3.414998 -11.928248 -0.574701 -0.709962 0.407030 0.384113 0.075325 1 22 1.000000
metrocop_sheet
  22 -21.223930 -1.114907 -13.171820 -0.930227 -0.199536 0.308000 0.356502 0.034121 1 22 1.000000
  22 -20.269304 -2.955820 -13.533693 -0.627231 -0.735027 0.257521 0.379687 0.038417 1 22 1.000000
  22 -20.337170 -1.269717 -11.269066 -0.787517 -0.153176 0.596954 0.360509 0.076246 1 22 1.000000
metrocop_sheet
  22 -21.394762 0.616738 -13.344908 -0.915491 0.370108 0.157785 0.342562 0.031773 2 22 0.942481 23 0.057519
  22 -21.223930 -1.114907 -13.171820 -0.930227 -0.199536 0.308000 0.356502 0.034121 1 22 1.000000
  22 -20.337170 -1.269717 -11.269066 -0.787517 -0.153176 0.596954 0.360509 0.076246 1 22 1.000000
metrocop_sheet
  22 -21.223930 -1.114907 -13.171820 -0.930227 -0.199536 0.308000 0.356502 0.034121 1 22 1.000000
  22 -21.394762 0.616738 -13.344908 -0.915491 0.370108 0.157785 0.342562 0.031773 2 22 0.942481 23 0.057519
  22 -21.218657 0.747623 -14.325466 -0.734364 0.660445 0.156595 0.336840 0.018744 2 22 0.944014 23 0.055986
metrocop_sheet
  22 -21.394762 0.616738 -13.344908 -0.915491 0.370108 0.157785 0.342562 0.031773 2 22 0.942481 23 0.057519
  22 -19.769899 1.710407 -14.422338 -0.231947 0.882613 -0.408896 0.324025 0.038397 2 22 0.930107 23 0.069893
  22 -21.218657 0.747623 -14.325466 -0.734364 0.660445 0.156595 0.336840 0.018744 2 22 0.944014 23 0.055986
metrocop_sheet
  22 -20.138584 1.127527 -15.085772 -0.013917 0.890518 -0.454736 0.324236 0.021896 2 22 0.937677 23 0.062323
  22 -21.218657 0.747623 -14.325466 -0.734364 0.660445 0.156595 0.336840 0.018744 2 22 0.944014 23 0.055986
  22 -19.769899 1.710407 -14.422338 -0.231947 0.882613 -0.408896 0.324025 0.038397 2 22 0.930107 23 0.069893
metrocop_sheet
  22 -19.166346 0.188494 -15.697559 0.541652 0.486321 -0.685642 0.309291 0.024314 1 22 1.000000
  22 -20.138584 1.127527 -15.085772 -0.013917 0.890518 -0.454736 0.324236 0.021896 2 22 0.937677 23 0.062323
  22 -19.769899 1.710407 -14.422338 -0.231947 0.882613 -0.408896 0.324025 0.038397 2 22 0.930107 23 0.069893
metrocop_sheet
  22 -19.769899 1.710407 -14.422338 -0.231947 0.882613 -0.408896 0.324025 0.038397 2 22 0.930107 23 0.069893
  22 -18.614773 0.159180 -15.330718 0.397415 0.387344 -0.831881 0.309648 0.037164 1 22 1.000000
  22 -19.166346 0.188494 -15.697559 0.541652 0.486321 -0.685642 0.309291 0.024314 1 22 1.000000
metrocop_sheet
  22 -18.882704 -1.282410 -15.808516 0.523678 -0.024110 -0.851575 0.292211 0.024079 1 22 1.000000
  22 -19.166346 0.188494 -15.697559 0.541652 0.486321 -0.685642 0.309291 0.024314 1 22 1.000000
  22 -18.614773 0.159180 -15.330718 0.397415 0.387344 -0.831881 0.309648 0.037164 1 22 1.000000
metrocop_sheet
  22 -18.614773 0.159180 -15.330718 0.397415 0.387344 -0.831881 0.309648 0.037164 1 22 1.000000
  22 -18.297081 -1.823381 -15.590014 0.347465 -0.188671 -0.918516 0.270479 0.034220 1 22 1.000000
  22 -18.882704 -1.282410 -15.808516 0.523678 -0.024110 -0.851575 0.292211 0.024079 1 22 1.000000
metrocop_sheet
  22 -18.297081 -1.823381 -15.590014 0.347465 -0.188671 -0.918516 0.270479 0.034220 1 22 1.000000
  22 -18.614773 0.159180 -15.330718 0.397415 0.387344 -0.831881 0.309648 0.037164 1 22 1.000000
  22 -16.807772 1.024900 -14.358258 0.517036 0.484716 -0.705496 0.302419 0.078572 2 22 0.937029 21 0.062971
metrocop_sheet
  22 -16.286793 -1.652171 -14.622482 0.647008 -0.124946 -0.752176 0.265526 0.077216 2 22 0.934285 21 0.065715
  22 -18.297081 -1.823381 -15.590014 0.347465 -0.188671 -0.918516 0.270479 0.034220 1 22 1.000000
  22 -16.807772 1.024900 -14.358258 0.517036 0.484716 -0.705496 0.302419 0.078572 2 22 0.937029 21 0.062971
metrocop_sheet
  22 -16.139090 0.704265 -13.805073 0.680218 0.443052 -0.583959 0.299183 0.095966 2 22 0.905298 21 0.094702
  22 -16.286793 -1.652171 -14.622482 0.647008 -0.124946 -0.752176 0.265526 0.077216 2 22 0.934285 21 0.065715
  22 -16.807772 1.024900 -14.358258 0.517036 0.484716 -0.705496 0.302419 0.078572 2 22 0.937029 21 0.062971
metrocop_sheet
  22 -13.788700 0.878437 -11.225306 0.771191 0.428979 -0.470363 0.297449 0.169281 2 22 0.536839 21 0.463161
  22 -16.139090 0.704265 -13.805073 0.680218 0.443052 -0.583959 0.299183 0.095966 2 22 0.905298 21 0.094702
  22 -15.192616 2.147506 -9.984205 -0.001741 0.967328 -0.253521 0.318982 0.171992 2 22 0.534367 21 0.465633
metrocop_sheet
  22 -15.192616 2.147506 -9.984205 -0.001741 0.967328 -0.253521 0.318982 0.171992 2 22 0.534367 21 0.465633
  22 -16.139090 0.704265 -13.805073 0.680218 0.443052 -0.583959 0.299183 0.095966 2 22 0.905298 21 0.094702
  22 -17.358263 2.135400 -13.112049 0.215464 0.965623 -0.145424 0.315436 0.092707 2 22 0.900609 21 0.099391
metrocop_sheet
  22 -17.358263 2.135400 -13.112049 0.215464 0.965623 -0.145424 0.315436 0.092707 2 22 0.900609 21 0.099391
  22 -16.139090 0.704265 -13.805073 0.680218 0.443052 -0.583959 0.299183 0.095966 2 22 0.905298 21 0.094702
  22 -16.807772 1.024900 -14.358258 0.517036 0.484716 -0.705496 0.302419 0.078572 2 22 0.937029 21 0.062971
metrocop_sheet
  22 -17.358263 2.135400 -13.112049 0.215464 0.965623 -0.145424 0.315436 0.092707 2 22 0.900609 21 0.099391
  22 -16.807772 1.024900 -14.358258 0.517036 0.484716 -0.705496 0.302419 0.078572 2 22 0.937029 21 0.062971
  22 -17.565300 2.119907 -13.795923 0.284191 0.874277 -0.393542 0.313029 0.078971 2 22 0.922757 21 0.077243
metrocop_sheet
  22 -16.807772 1.024900 -14.358258 0.517036 0.484716 -0.705496 0.302419 0.078572 2 22 0.937029 21 0.062971
  22 -18.614773 0.159180 -15.330718 0.397415 0.387344 -0.831881 0.309648 0.037164 1 22 1.000000
  22 -17.565300 2.119907 -13.795923 0.284191 0.874277 -0.393542 0.313029 0.078971 2 22 0.922757 21 0.077243
metrocop_sheet
  22 -18.614773 0.159180 -15.330718 0.397415 0.387344 -0.831881 0.309648 0.037164 1 22 1.000000
  22 -19.769899 1.710407 -14.422338 -0.231947 0.882613 -0.408896 0.324025 0.038397 2 22 0.930107 23 0.069893
  22 -17.565300 2.119907 -13.795923 0.284191 0.874277 -0.393542 0.313029 0.078971 2 22 0.922757 21 0.077243
metrocop_sheet
  22 -17.565300 2.119907 -13.795923 0.284191 0.874277 -0.393542 0.313029 0.078971 2 22 0.922757 21 0.077243
  22 -19.769899 1.710407 -14.422338 -0.231947 0.882613 -0.408896 0.324025 0.038397 2 22 0.930107 23 0.069893
  22 -18.996023 2.103215 -12.602822 -0.157875 0.980600 0.116185 0.327731 0.078526 2 22 0.942310 21 0.057690
metrocop_sheet
  22 -19.769899 1.710407 -14.422338 -0.231947 0.882613 -0.408896 0.324025 0.038397 2 22 0.930107 23 0.069893
  22 -21.394762 0.616738 -13.344908 -0.915491 0.370108 0.157785 0.342562 0.031773 2 22 0.942481 23 0.057519
  22 -18.996023 2.103215 -12.602822 -0.157875 0.980600 0.116185 0.327731 0.078526 2 22 0.942310 21 0.057690
metrocop_sheet
  22 -18.996023 2.103215 -12.602822 -0.157875 0.980600 0.116185 0.327731 0.078526 2 22 0.942310 21 0.057690
  22 -21.394762 0.616738 -13.344908 -0.915491 0.370108 0.157785 0.342562 0.031773 2 22 0.942481 23 0.057519
  22 -19.780655 1.640350 -11.918936 -0.592139 0.677226 0.436733 0.336222 0.078038 2 22 0.948094 21 0.051906
metrocop_sheet
  22 -21.394762 0.616738 -13.344908 -0.915491 0.370108 0.157785 0.342562 0.031773 2 22 0.942481 23 0.057519
  22 -20.337170 -1.269717 -11.269066 -0.787517 -0.153176 0.596954 0.360509 0.076246 1 22 1.000000
  22 -19.780655 1.640350 -11.918936 -0.592139 0.677226 0.436733 0.336222 0.078038 2 22 0.948094 21 0.051906
metrocop_sheet
  22 -18.899443 1.698588 -11.259203 -0.457396 0.753556 0.472166 0.334888 0.100614 2 22 0.910241 21 0.089759
  22 -19.780655 1.640350 -11.918936 -0.592139 0.677226 0.436733 0.336222 0.078038 2 22 0.948094 21 0.051906
  22 -20.337170 -1.269717 -11.269066 -0.787517 -0.153176 0.596954 0.360509 0.076246 1 22 1.000000
metrocop_sheet
  22 -18.899443 1.698588 -11.259203 -0.457396 0.753556 0.472166 0.334888 0.100614 2 22 0.910241 21 0.089759
  22 -18.996023 2.103215 -12.602822 -0.157875 0.980600 0.116185 0.327731 0.078526 2 22 0.942310 21 0.057690
  22 -19.780655 1.640350 -11.918936 -0.592139 0.677226 0.436733 0.336222 0.078038 2 22 0.948094 21 0.051906
metrocop_sheet
  22 -18.899443 1.698588 -11.259203 -0.457396 0.753556 0.472166 0.334888 0.100614 2 22 0.910241 21 0.089759
  22 -17.565300 2.119907 -13.795923 0.284191 0.874277 -0.393542 0.313029 0.078971 2 22 0.922757 21 0.077243
  22 -18.996023 2.103215 -12.602822 -0.157875 0.980600 0.116185 0.327731 0.078526 2 22 0.942310 21 0.057690
metrocop_sheet
  22 -18.899443 1.698588 -11.259203 -0.457396 0.753556 0.472166 0.334888 0.100614 2 22 0.910241 21 0.089759
  22 -17.358263 2.135400 -13.112049 0.215464 0.965623 -0.145424 0.315436 0.092707 2 22 0.900609 21 0.099391
  22 -17.565300 2.119907 -13.795923 0.284191 0.874277 -0.393542 0.313029 0.078971 2 22 0.922757 21 0.077243
metrocop_sheet
  22 -16.628450 1.869941 -8.418186 -0.438389 0.771879 0.460454 0.336062 0.177010 2 22 0.517349 21 0.482651
  22 -17.358263 2.135400 -13.112049 0.215464 0.965623 -0.145424 0.315436 0.092707 2 22 0.900609 21 0.099391
  22 -18.899443 1.698588 -11.259203 -0.457396 0.753556 0.472166 0.334888 0.100614 2 22 0.910241 21 0.089759
metrocop_sheet
  22 -15.192616 2.147506 -9.984205 -0.001741 0.967328 -0.253521 0.318982 0.171992 2 22 0.534367 21 0.465633
  22 -17.358263 2.135400 -13.112049 0.215464 0.965623 -0.145424 0.315436 0.092707 2 22 0.900609 21 0.099391
  22 -16.628450 1.869941 -8.418186 -0.438389 0.771879 0.460454 0.336062 0.177010 2 22 0.517349 21 0.482651
metrocop_sheet
  22 -16.139090 0.704265 -13.805073 0.680218 0.443052 -0.583959 0.299183 0.095966 2 22 0.905298 21 0.094702
  22 -15.987433 -1.600163 -14.201211 0.806910 -0.167644 -0.566384 0.265941 0.088078 2 22 0.916838 21 0.083162
  22 -16.286793 -1.652171 -14.622482 0.647008 -0.124946 -0.752176 0.265526 0.077216 2 22 0.934285 21 0.065715
metrocop_sheet
  22 -13.788700 0.878437 -11.225306 0.771191 0.428979 -0.470363 0.297449 0.169281 2 22 0.536839 21 0.463161
  22 -15.987433 -1.600163 -14.201211 0.806910 -0.167644 -0.566384 0.265941 0.088078 2 22 0.916838 21 0.083162
  22 -16.139090 0.704265 -13.805073 0.680218 0.443052 -0.583959 0.299183 0.095966 2 22 0.905298 21 0.094702
metrocop_sheet
  22 -13.657131 -1.435580 -10.977156 0.691967 -0.132484 -0.709668 0.263545 0.171374 2 22 0.527403 21 0.472597
  22 -15.987433 -1.600163 -14.201211 0.806910 -0.167644 -0.566384 0.265941 0.088078 2 22 0.916838 21 0.083162
  22 -13.788700 0.878437 -11.225306 0.771191 0.428979 -0.470363 0.297449 0.169281 2 22 0.536839 21 0.463161
metrocop_sheet
  21 -13.508885 0.740405 -10.294446 0.810221 0.410574 -0.418295 0.300991 0.187699 2 21 0.500000 22 0.500000
  22 -13.657131 -1.435580 -10.977156 0.691967 -0.132484 -0.709668 0.263545 0.171374 2 22 0.527403 21 0.472597
  22 -13.788700 0.878437 -11.225306 0.771191 0.428979 -0.470363 0.297449 0.169281 2 22 0.536839 21 0.463161
metrocop_sheet
  21 -12.801265 -1.446581 -10.453499 0.761867 -0.164892 -0.626394 0.261225 0.191327 2 21 0.506531 22 0.493469
  22 -13.657131 -1.435580 -10.977156 0.691967 -0.132484 -0.709668 0.263545 0.171374 2 22 0.527403 21 0.472597
  21 -13.508885 0.740405 -10.294446 0.810221 0.410574 -0.418295 0.300991 0.187699 2 21 0.500000 22 0.500000
metrocop_sheet
  21 -12.867031 0.626803 -9.668792 0.684303 0.471402 -0.556336 0.298865 0.206210 2 21 0.538838 22 0.461162
  21 -12.801265 -1.446581 -10.453499 0.761867 -0.164892 -0.626394 0.261225 0.191327 2 21 0.506531 22 0.493469
  21 -13.508885 0.740405 -10.294446 0.810221 0.410574 -0.418295 0.300991 0.187699 2 21 0.500000 22 0.500000
metrocop_sheet
  21 -12.342194 -1.284453 -9.550428 0.815799 -0.146856 -0.559380 0.263866 0.212476 2 21 0.602490 22 0.397510
  21 -12.801265 -1.446581 -10.453499 0.761867 -0.164892 -0.626394 0.261225 0.191327 2 21 0.506531 22 0.493469
  21 -12.867031 0.626803 -9.668792 0.684303 0.471402 -0.556336 0.298865 0.206210 2 21 0.538838 22 0.461162
metrocop_sheet
  21 -11.298919 0.719699 -7.653761 0.681432 0.496334 -0.537869 0.301605 0.257936 2 21 0.848651 22 0.151349
  21 -12.342194 -1.284453 -9.550428 0.815799 -0.146856 -0.559380 0.263866 0.212476 2 21 0.602490 22 0.397510
  21 -12.867031 0.626803 -9.668792 0.684303 0.471402 -0.556336 0.298865 0.206210 2 21 0.538838 22 0.461162
metrocop_sheet
  21 -11.020823 -1.388636 -7.935799 0.740837 -0.114509 -0.661852 0.265069 0.258097 2 21 0.868776 22 0.131224
  21 -12.342194 -1.284453 -9.550428 0.815799 -0.146856 -0.559380 0.263866 0.212476 2 21 0.602490 22 0.397510
  21 -11.298919 0.719699 -7.653761 0.681432 0.496334 -0.537869 0.301605 0.257936 2 21 0.848651 22 0.151349
metrocop_sheet
  21 -15.514910 1.783749 -7.289438 -0.502073 0.728831 0.465540 0.336374 0.209988 2 21 0.541867 22 0.458133
  21 -15.849235 1.694665 -7.775722 -0.522190 0.733750 0.434659 0.336219 0.197557 2 21 0.504924 22 0.495076
  21 -16.208656 -0.925695 -6.449637 -0.651395 0.023865 0.758363 0.361484 0.209983 2 21 0.620650 22 0.379350
metrocop_sheet
  21 -15.514910 1.783749 -7.289438 -0.502073 0.728831 0.465540 0.336374 0.209988 2 21 0.541867 22 0.458133
  21 -14.472152 2.626698 -9.302438 0.173776 0.969965 -0.170207 0.317596 0.193400 2 21 0.500000 22 0.500000
  21 -15.849235 1.694665 -7.775722 -0.522190 0.733750 0.434659 0.336219 0.197557 2 21 0.504924 22 0.495076
metrocop_sheet
  21 -14.045298 2.339272 -8.377795 0.288677 0.956553 0.040895 0.320379 0.213481 2 21 0.539979 22 0.460021
  21 -14.472152 2.626698 -9.302438 0.173776 0.969965 -0.170207 0.317596 0.193400 2 21 0.500000 22 0.500000
  21 -15.514910 1.783749 -7.289438 -0.502073 0.728831 0.465540 0.336374 0.209988 2 21 0.541867 22 0.458133
metrocop_sheet
  21 -14.045298 2.339272 -8.377795 0.288677 0.956553 0.040895 0.320379 0.213481 2 21 0.539979 22 0.460021
  21 -13.508885 0.740405 -10.294446 0.810221 0.410574 -0.418295 0.300991 0.187699 2 21 0.500000 22 0.500000
  21 -14.472152 2.626698 -9.302438 0.173776 0.969965 -0.170207 0.317596 0.193400 2 21 0.500000 22 0.500000
metrocop_sheet
  21 -12.867031 0.626803 -9.668792 0.684303 0.471402 -0.556336 0.298865 0.206210 2 21 0.538838 22 0.461162
  21 -13.508885 0.740405 -10.294446 0.810221 0.410574 -0.418295 0.300991 0.187699 2 21 0.500000 22 0.500000
  21 -14.045298 2.339272 -8.377795 0.288677 0.956553 0.040895 0.320379 0.213481 2 21 0.539979 22 0.460021
metrocop_sheet
  21 -12.274915 1.979748 -6.765282 0.242506 0.968530 -0.056033 0.318037 0.258893 2 21 0.820665 22 0.179335
  21 -12.867031 0.626803 -9.668792 0.684303 0.471402 -0.556336 0.298865 0.206210 2 21 0.538838 22 0.461162
  21 -14.045298 2.339272 -8.377795 0.288677 0.956553 0.040895 0.320379 0.213481 2 21 0.539979 22 0.460021
metrocop_sheet
  21 -11.298919 0.719699 -7.653761 0.681432 0.496334 -0.537869 0.301605 0.257936 2 21 0.848651 22 0.151349
  21 -12.867031 0.626803 -9.668792 0.684303 0.471402 -0.556336 0.298865 0.206210 2 21 0.538838 22 0.461162
  21 -12.274915 1.979748 -6.765282 0.242506 0.968530 -0.056033 0.318037 0.258893 2 21 0.820665 22 0.179335
metrocop_sheet
  21 -14.702610 -3.585058 -8.821093 0.062168 -0.995199 -0.075595 0.403608 0.188804 2 21 0.513896 22 0.486104
  22 -16.546188 -3.490964 -8.688238 -0.373614 -0.776557 0.507318 0.388027 0.165369 2 22 0.536815 21 0.463185
  22 -15.297699 -3.712490 -9.569018 0.147133 -0.988663 0.029970 0.404342 0.167941 2 22 0.524819 21 0.475181
metrocop_sheet
  22 -16.546188 -3.490964 -8.688238 -0.373614 -0.776557 0.507318 0.388027 0.165369 2 22 0.536815 21 0.463185
  22 -18.519281 -3.551018 -11.429038 -0.437919 -0.787059 0.434471 0.388252 0.094792 2 22 0.913003 21 0.086997
  22 -15.297699 -3.712490 -9.569018 0.147133 -0.988663 0.029970 0.404342 0.167941 2 22 0.524819 21 0.475181
metrocop_sheet
  22 -16.546188 -3.490964 -8.688238 -0.373614 -0.776557 0.507318 0.388027 0.165369 2 22 0.536815 21 0.463185
  22 -19.762388 -1.181495 -10.659318 -0.734843 -0.072209 0.674383 0.360226 0.093911 1 22 1.000000
  22 -18.519281 -3.551018 -11.429038 -0.437919 -0.787059 0.434471 0.388252 0.094792 2 22 0.913003 21 0.086997
metrocop_sheet
  22 -17.282301 -1.078273 -8.020718 -0.856872 -0.115670 0.502385 0.361527 0.169813 2 22 0.558087 21 0.441913
  22 -19.762388 -1.181495 -10.659318 -0.734843 -0.072209 0.674383 0.360226 0.093911 1 22 1.000000
  22 -16.546188 -3.490964 -8.688238 -0.373614 -0.776557 0.507318 0.388027 0.165369 2 22 0.536815 21 0.463185
metrocop_sheet
  21 -15.821373 -3.130857 -8.041432 -0.468711 -0.777839 0.418660 0.386374 0.186657 2 21 0.508248 22 0.491752
  22 -17.282301 -1.078273 -8.020718 -0.856872 -0.115670 0.502385 0.361527 0.169813 2 22 0.558087 21 0.441913
  22 -16.546188 -3.490964 -8.688238 -0.373614 -0.776557 0.507318 0.388027 0.165369 2 22 0.536815 21 0.463185
metrocop_sheet
  21 -17.026867 -1.060595 -7.010959 -0.809402 -0.099829 0.578707 0.362465 0.189404 2 21 0.504163 22 0.495837
  22 -17.282301 -1.078273 -8.020718 -0.856872 -0.115670 0.502385 0.361527 0.169813 2 22 0.558087 21 0.441913
  21 -15.821373 -3.130857 -8.041432 -0.468711 -0.777839 0.418660 0.386374 0.186657 2 21 0.508248 22 0.491752
metrocop_sheet
  21 -17.026867 -1.060595 -7.010959 -0.809402 -0.099829 0.578707 0.362465 0.189404 2 21 0.504163 22 0.495837
  22 -16.628450 1.869941 -8.418186 -0.438389 0.771879 0.460454 0.336062 0.177010 2 22 0.517349 21 0.482651
  22 -17.282301 -1.078273 -8.020718 -0.856872 -0.115670 0.502385 0.361527 0.169813 2 22 0.558087 21 0.441913
metrocop_sheet
  21 -15.849235 1.694665 -7.775722 -0.522190 0.733750 0.434659 0.336219 0.197557 2 21 0.504924 22 0.495076
  22 -16.628450 1.869941 -8.418186 -0.438389 0.771879 0.460454 0.336062 0.177010 2 22 0.517349 21 0.482651
  21 -17.026867 -1.060595 -7.010959 -0.809402 -0.099829 0.578707 0.362465 0.189404 2 21 0.504163 22 0.495837
metrocop_sheet
  21 -15.849235 1.694665 -7.775722 -0.522190 0.733750 0.434659 0.336219 0.197557 2 21 0.504924 22 0.495076
  22 -15.192616 2.147506 -9.984205 -0.001741 0.967328 -0.253521 0.318982 0.171992 2 22 0.534367 21 0.465633
  22 -16.628450 1.869941 -8.418186 -0.438389 0.771879 0.460454 0.336062 0.177010 2 22 0.517349 21 0.482651
metrocop_sheet
  21 -14.472152 2.626698 -9.302438 0.173776 0.969965 -0.170207 0.317596 0.193400 2 21 0.500000 22 0.500000
  22 -15.192616 2.147506 -9.984205 -0.001741 0.967328 -0.253521 0.318982 0.171992 2 22 0.534367 21 0.465633
  21 -15.849235 1.694665 -7.775722 -0.522190 0.733750 0.434659 0.336219 0.197557 2 21 0.504924 22 0.495076
metrocop_sheet
  21 -14.472152 2.626698 -9.302438 0.173776 0.969965 -0.170207 0.317596 0.193400 2 21 0.500000 22 0.500000
  22 -13.788700 0.878437 -11.225306 0.771191 0.428979 -0.470363 0.297449 0.169281 2 22 0.536839 21 0.463161
  22 -15.192616 2.147506 -9.984205 -0.001741 0.967328 -0.253521 0.318982 0.171992 2 22 0.534367 21 0.465633
metrocop_sheet
  21 -13.508885 0.740405 -10.294446 0.810221 0.410574 -0.418295 0.300991 0.187699 2 21 0.500000 22 0.500000
  22 -13.788700 0.878437 -11.225306 0.771191 0.428979 -0.470363 0.297449 0.169281 2 22 0.536839 21 0.463161
  21 -14.472152 2.626698 -9.302438 0.173776 0.969965 -0.170207 0.317596 0.193400 2 21 0.500000 22 0.500000
metrocop_sheet
  21 -15.821373 -3.130857 -8.041432 -0.468711 -0.777839 0.418660 0.386374 0.186657 2 21 0.508248 22 0.491752
  22 -16.546188 -3.490964 -8.688238 -0.373614 -0.776557 0.507318 0.388027 0.165369 2 22 0.536815 21 0.463185
  21 -14.702610 -3.585058 -8.821093 0.062168 -0.995199 -0.075595 0.403608 0.188804 2 21 0.513896 22 0.486104
metrocop_sheet
  22 -16.628450 1.869941 -8.418186 -0.438389 0.771879 0.460454 0.336062 0.177010 2 22 0.517349 21 0.482651
  22 -18.899443 1.698588 -11.259203 -0.457396 0.753556 0.472166 0.334888 0.100614 2 22 0.910241 21 0.089759
  22 -17.282301 -1.078273 -8.020718 -0.856872 -0.115670 0.502385 0.361527 0.169813 2 22 0.558087 21 0.441913
metrocop_sheet
  22 -17.282301 -1.078273 -8.020718 -0.856872 -0.115670 0.502385 0.361527 0.169813 2 22 0.558087 21 0.441913
  22 -18.899443 1.698588 -11.259203 -0.457396 0.753556 0.472166 0.334888 0.100614 2 22 0.910241 21 0.089759
  22 -19.762388 -1.181495 -10.659318 -0.734843 -0.072209 0.674383 0.360226 0.093911 1 22 1.000000
metrocop_sheet
  22 -18.899443 1.698588 -11.259203 -0.457396 0.753556 0.472166 0.334888 0.100614 2 22 0.910241 21 0.089759
  22 -20.337170 -1.269717 -11.269066 -0.787517 -0.153176 0.596954 0.360509 0.076246 1 22 1.000000
  22 -19.762388 -1.181495 -10.659318 -0.734843 -0.072209 0.674383 0.360226 0.093911 1 22 1.000000
metrocop_sheet
  22 -19.762388 -1.181495 -10.659318 -0.734843 -0.072209 0.674383 0.360226 0.093911 1 22 1.000000
  22 -20.337170 -1.269717 -11.269066 -0.787517 -0.153176 0.596954 0.360509 0.076246 1 22 1.000000
  22 -18.519281 -3.551018 -11.429038 -0.437919 -0.787059 0.434471 0.388252 0.094792 2 22 0.913003 21 0.086997
metrocop_sheet
  22 -18.519281 -3.551018 -11.429038 -0.437919 -0.787059 0.434471 0.388252 0.094792 2 22 0.913003 21 0.086997
  22 -20.337170 -1.269717 -11.269066 -0.787517 -0.153176 0.596954 0.360509 0.076246 1 22 1.000000
  22 -19.382524 -3.414998 -11.928248 -0.574701 -0.709962 0.407030 0.384113 0.075325 1 22 1.000000
metrocop_sheet
  22 -18.519281 -3.551018 -11.429038 -0.437919 -0.787059 0.434471 0.388252 0.094792 2 22 0.913003 21 0.086997
  22 -19.382524 -3.414998 -11.928248 -0.574701 -0.709962 0.407030 0.384113 0.075325 1 22 1.000000
  22 -18.431925 -3.926600 -12.688232 -0.243846 -0.967393 0.068485 0.401315 0.075140 2 22 0.935067 21 0.064933
metrocop_sheet
  22 -18.431925 -3.926600 -12.688232 -0.243846 -0.967393 0.068485 0.401315 0.075140 2 22 0.935067 21 0.064933
  22 -17.844139 -4.005781 -12.216862 -0.013275 -0.996891 0.077671 0.401740 0.090690 2 22 0.894699 21 0.105301
  22 -18.519281 -3.551018 -11.429038 -0.437919 -0.787059 0.434471 0.388252 0.094792 2 22 0.913003 21 0.086997
metrocop_sheet
  22 -15.297699 -3.712490 -9.569018 0.147133 -0.988663 0.029970 0.404342 0.167941 2 22 0.524819 21 0.475181
  22 -18.519281 -3.551018 -11.429038 -0.437919 -0.787059 0.434471 0.388252 0.094792 2 22 0.913003 21 0.086997
  22 -17.844139 -4.005781 -12.216862 -0.013275 -0.996891 0.077671 0.401740 0.090690 2 22 0.894699 21 0.105301
metrocop_sheet
  22 -15.297699 -3.712490 -9.569018 0.147133 -0.988663 0.029970 0.404342 0.167941 2 22 0.524819 21 0.475181
  22 -17.844139 -4.005781 -12.216862 -0.013275 -0.996891 0.077671 0.401740 0.090690 2 22 0.894699 21 0.105301
  22 -14.054155 -3.232761 -10.509537 0.604564 -0.744190 -0.284046 0.429309 0.170599 2 22 0.515968 21 0.484032
metrocop_sheet
  21 -13.569923 -2.812589 -9.665506 0.598788 -0.742288 -0.300767 0.428017 0.191628 2 21 0.517860 22 0.482140
  22 -15.297699 -3.712490 -9.569018 0.147133 -0.988663 0.029970 0.404342 0.167941 2 22 0.524819 21 0.475181
  22 -14.054155 -3.232761 -10.509537 0.604564 -0.744190 -0.284046 0.429309 0.170599 2 22 0.515968 21 0.484032
metrocop_sheet
  21 -14.702610 -3.585058 -8.821093 0.062168 -0.995199 -0.075595 0.403608 0.188804 2 21 0.513896 22 0.486104
  22 -15.297699 -3.712490 -9.569018 0.147133 -0.988663 0.029970 0.404342 0.167941 2 22 0.524819 21 0.475181
  21 -13.569923 -2.812589 -9.665506 0.598788 -0.742288 -0.300767 0.428017 0.191628 2 21 0.517860 22 0.482140
metrocop_sheet
  21 -13.056858 -2.870122 -9.167923 0.511264 -0.650401 -0.561772 0.428989 0.208747 2 21 0.588907 22 0.411093
  21 -14.702610 -3.585058 -8.821093 0.062168 -0.995199 -0.075595 0.403608 0.188804 2 21 0.513896 22 0.486104
  21 -13.569923 -2.812589 -9.665506 0.598788 -0.742288 -0.300767 0.428017 0.191628 2 21 0.517860 22 0.482140
metrocop_sheet
  21 -13.978724 -3.783952 -8.350954 0.029329 -0.954053 -0.298200 0.407875 0.208716 2 21 0.586330 22 0.413670
  21 -14.702610 -3.585058 -8.821093 0.062168 -0.995199 -0.075595 0.403608 0.188804 2 21 0.513896 22 0.486104
  21 -13.056858 -2.870122 -9.167923 0.511264 -0.650401 -0.561772 0.428989 0.208747 2 21 0.588907 22 0.411093
metrocop_sheet
  21 -13.978724 -3.783952 -8.350954 0.029329 -0.954053 -0.298200 0.407875 0.208716 2 21 0.586330 22 0.413670
  21 -15.821373 -3.130857 -8.041432 -0.468711 -0.777839 0.418660 0.386374 0.186657 2 21 0.508248 22 0.491752
  21 -14.702610 -3.585058 -8.821093 0.062168 -0.995199 -0.075595 0.403608 0.188804 2 21 0.513896 22 0.486104
metrocop_sheet
  21 -15.398754 -3.291029 -7.251256 -0.565125 -0.769332 0.297930 0.386774 0.207417 2 21 0.592628 22 0.407372
  21 -15.821373 -3.130857 -8.041432 -0.468711 -0.777839 0.418660 0.386374 0.186657 2 21 0.508248 22 0.491752
  21 -13.978724 -3.783952 -8.350954 0.029329 -0.954053 -0.298200 0.407875 0.208716 2 21 0.586330 22 0.413670
metrocop_sheet
  21 -15.398754 -3.291029 -7.251256 -0.565125 -0.769332 0.297930 0.386774 0.207417 2 21 0.592628 22 0.407372
  21 -17.026867 -1.060595 -7.010959 -0.809402 -0.099829 0.578707 0.362465 0.189404 2 21 0.504163 22 0.495837
  21 -15.821373 -3.130857 -8.041432 -0.468711 -0.777839 0.418660 0.386374 0.186657 2 21 0.508248 22 0.491752
metrocop_sheet
  21 -16.208656 -0.925695 -6.449637 -0.651395 0.023865 0.758363 0.361484 0.209983 2 21 0.620650 22 0.379350
  21 -17.026867 -1.060595 -7.010959 -0.809402 -0.099829 0.578707 0.362465 0.189404 2 21 0.504163 22 0.495837
  21 -15.398754 -3.291029 -7.251256 -0.565125 -0.769332 0.297930 0.386774 0.207417 2 21 0.592628 22 0.407372
metrocop_sheet
  21 -16.208656 -0.925695 -6.449637 -0.651395 0.023865 0.758363 0.361484 0.209983 2 21 0.620650 22 0.379350
  21 -15.849235 1.694665 -7.775722 -0.522190 0.733750 0.434659 0.336219 0.197557 2 21 0.504924 22 0.495076
  21 -17.026867 -1.060595 -7.010959 -0.809402 -0.099829 0.578707 0.362465 0.189404 2 21 0.504163 22 0.495837
metrocop_sheet
  21 -12.274915 1.979748 -6.765282 0.242506 0.968530 -0.056033 0.318037 0.258893 2 21 0.820665 22 0.179335
  21 -14.045298 2.339272 -8.377795 0.288677 0.956553 0.040895 0.320379 0.213481 2 21 0.539979 22 0.460021
  21 -14.136433 1.125165 -5.488973 -0.504520 0.695481 0.511631 0.340274 0.254090 2 21 0.874773 22 0.125227
metrocop_sheet
  21 -14.136433 1.125165 -5.488973 -0.504520 0.695481 0.511631 0.340274 0.254090 2 21 0.874773 22 0.125227
  21 -14.045298 2.339272 -8.377795 0.288677 0.956553 0.040895 0.320379 0.213481 2 21 0.539979 22 0.460021
  21 -15.514910 1.783749 -7.289438 -0.502073 0.728831 0.465540 0.336374 0.209988 2 21 0.541867 22 0.458133
metrocop_sheet
  21 -14.136433 1.125165 -5.488973 -0.504520 0.695481 0.511631 0.340274 0.254090 2 21 0.874773 22 0.125227
  21 -15.514910 1.783749 -7.289438 -0.502073 0.728831 0.465540 0.336374 0.209988 2 21 0.541867 22 0.458133
  21 -14.901653 -1.241236 -5.122680 -0.755104 -0.086949 0.649813 0.363428 0.249954 2 21 0.905507 22 0.094493
metrocop_sheet
  21 -14.901653 -1.241236 -5.122680 -0.755104 -0.086949 0.649813 0.363428 0.249954 2 21 0.905507 22 0.094493
  21 -15.514910 1.783749 -7.289438 -0.502073 0.728831 0.465540 0.336374 0.209988 2 21 0.541867 22 0.458133
  21 -16.208656 -0.925695 -6.449637 -0.651395 0.023865 0.758363 0.361484 0.209983 2 21 0.620650 22 0.379350
metrocop_sheet
  21 -14.901653 -1.241236 -5.122680 -0.755104 -0.086949 0.649813 0.363428 0.249954 2 21 0.905507 22 0.094493
  21 -16.208656 -0.925695 -6.449637 -0.651395 0.023865 0.758363 0.361484 0.209983 2 21 0.620650 22 0.379350
  21 -13.997770 -3.672513 -5.844581 -0.485125 -0.795379 0.363355 0.390166 0.251924 2 21 0.835700 22 0.164300
metrocop_sheet
  21 -13.997770 -3.672513 -5.844581 -0.485125 -0.795379 0.363355 0.390166 0.251924 2 21 0.835700 22 0.164300
  21 -16.208656 -0.925695 -6.449637 -0.651395 0.023865 0.758363 0.361484 0.209983 2 21 0.620650 22 0.379350
  21 -15.398754 -3.291029 -7.251256 -0.565125 -0.769332 0.297930 0.386774 0.207417 2 21 0.592628 22 0.407372
metrocop_sheet
  21 -13.997770 -3.672513 -5.844581 -0.485125 -0.795379 0.363355 0.390166 0.251924 2 21 0.835700 22 0.164300
  21 -15.398754 -3.291029 -7.251256 -0.565125 -0.769332 0.297930 0.386774 0.207417 2 21 0.592628 22 0.407372
  21 -12.520199 -4.110505 -6.867036 0.151102 -0.959192 -0.238996 0.410509 0.255891 2 21 0.814308 22 0.185692
metrocop_sheet
  21 -12.520199 -4.110505 -6.867036 0.151102 -0.959192 -0.238996 0.410509 0.255891 2 21 0.814308 22 0.185692
  21 -15.398754 -3.291029 -7.251256 -0.565125 -0.769332 0.297930 0.386774 0.207417 2 21 0.592628 22 0.407372
  21 -13.978724 -3.783952 -8.350954 0.029329 -0.954053 -0.298200 0.407875 0.208716 2 21 0.586330 22 0.413670
metrocop_sheet
  21 -12.520199 -4.110505 -6.867036 0.151102 -0.959192 -0.238996 0.410509 0.255891 2 21 0.814308 22 0.185692
  21 -13.978724 -3.783952 -8.350954 0.029329 -0.954053 -0.298200 0.407875 0.208716 2 21 0.586330 22 0.413670
  21 -11.592589 -2.947163 -7.505008 0.565828 -0.584260 -0.581789 0.429874 0.257844 2 21 0.865291 22 0.134709
metrocop_sheet
  21 -11.592589 -2.947163 -7.505008 0.565828 -0.584260 -0.581789 0.429874 0.257844 2 21 0.865291 22 0.134709
  21 -13.978724 -3.783952 -8.350954 0.029329 -0.954053 -0.298200 0.407875 0.208716 2 21 0.586330 22 0.413670
  21 -13.056858 -2.870122 -9.167923 0.511264 -0.650401 -0.561772 0.428989 0.208747 2 21 0.588907 22 0.411093
metrocop_sheet
  21 -11.592589 -2.947163 -7.505008 0.565828 -0.584260 -0.581789 0.429874 0.257844 2 21 0.865291 22 0.134709
  21 -13.056858 -2.870122 -9.167923 0.511264 -0.650401 -0.561772 0.428989 0.208747 2 21 0.588907 22 0.411093
  21 -11.020823 -1.388636 -7.935799 0.740837 -0.114509 -0.661852 0.474493 0.258097 2 21 0.868776 22 0.131224
metrocop_sheet
  21 -11.020823 -1.388636 -7.935799 0.740837 -0.114509 -0.661852 0.474493 0.258097 2 21 0.868776 22 0.131224
  21 -13.056858 -2.870122 -9.167923 0.511264 -0.650401 -0.561772 0.428989 0.208747 2 21 0.588907 22 0.411093
  21 -12.342194 -1.284453 -9.550428 0.815799 -0.146856 -0.559380 0.473291 0.212476 2 21 0.602490 22 0.397510
metrocop_sheet
  21 -13.056858 -2.870122 -9.167923 0.511264 -0.650401 -0.561772 0.428989 0.208747 2 21 0.588907 22 0.411093
  21 -13.569923 -2.812589 -9.665506 0.598788 -0.742288 -0.300767 0.428017 0.191628 2 21 0.517860 22 0.482140
  21 -12.342194 -1.284453 -9.550428 0.815799 -0.146856 -0.559380 0.473291 0.212476 2 21 0.602490 22 0.397510
metrocop_sheet
  21 -12.342194 -1.284453 -9.550428 0.815799 -0.146856 -0.559380 0.473291 0.212476 2 21 0.602490 22 0.397510
  21 -13.569923 -2.812589 -9.665506 0.598788 -0.742288 -0.300767 0.428017 0.191628 2 21 0.517860 22 0.482140
  21 -12.801265 -1.446581 -10.453499 0.761867 -0.164892 -0.626394 0.470649 0.191327 2 21 0.506531 22 0.493469
metrocop_sheet
  21 -13.569923 -2.812589 -9.665506 0.598788 -0.742288 -0.300767 0.428017 0.191628 2 21 0.517860 22 0.482140
  22 -14.054155 -3.232761 -10.509537 0.604564 -0.744190 -0.284046 0.429309 0.170599 2 22 0.515968 21 0.484032
  21 -12.801265 -1.446581 -10.453499 0.761867 -0.164892 -0.626394 0.470649 0.191327 2 21 0.506531 22 0.493469
metrocop_sheet
  21 -12.801265 -1.446581 -10.453499 0.761867 -0.164892 -0.626394 0.470649 0.191327 2 21 0.506531 22 0.493469
  22 -14.054155 -3.232761 -10.509537 0.604564 -0.744190 -0.284046 0.429309 0.170599 2 22 0.515968 21 0.484032
  22 -13.657131 -1.435580 -10.977156 0.691967 -0.132484 -0.709668 0.472969 0.171374 2 22 0.527403 21 0.472597
metrocop_sheet
  22 -14.054155 -3.232761 -10.509537 0.604564 -0.744190 -0.284046 0.429309 0.170599 2 22 0.515968 21 0.484032
  22 -16.610132 -3.223493 -13.472643 0.647225 -0.694162 -0.315020 0.431005 0.088671 2 22 0.907197 21 0.092803
  22 -13.657131 -1.435580 -10.977156 0.691967 -0.132484 -0.709668 0.472969 0.171374 2 22 0.527403 21 0.472597
metrocop_sheet
  22 -14.054155 -3.232761 -10.509537 0.604564 -0.744190 -0.284046 0.429309 0.170599 2 22 0.515968 21 0.484032
  22 -17.844139 -4.005781 -12.216862 -0.013275 -0.996891 0.077671 0.401740 0.090690 2 22 0.894699 21 0.105301
  22 -16.610132 -3.223493 -13.472643 0.647225 -0.694162 -0.315020 0.431005 0.088671 2 22 0.907197 21 0.092803
metrocop_sheet
  3 19.643238 -3.021654 -15.575251 -0.224686 -0.606965 -0.762306 0.864602 0.776127 2 3 0.910302 4 0.089698
  3 21.404335 -2.096952 -17.716820 -0.532847 -0.624951 -0.570535 0.828006 0.795456 2 3 0.587116 4 0.412884
  3 20.361189 -3.306958 -14.992811 0.414386 -0.882840 -0.221081 0.868380 0.780834 2 3 0.904597 4 0.095403
metrocop_sheet
  3 22.311546 -2.298125 -17.248829 0.183871 -0.976954 0.108405 0.829999 0.786573 2 3 0.528284 17 0.471716
  3 20.361189 -3.306958 -14.992811 0.414386 -0.882840 -0.221081 0.868380 0.780834 2 3 0.904597 4 0.095403
  3 21.404335 -2.096952 -17.716820 -0.532847 -0.624951 -0.570535 0.828006 0.795456 2 3 0.587116 4 0.412884
metrocop_sheet
  3 20.361189 -3.306958 -14.992811 0.414386 -0.882840 -0.221081 0.868380 0.780834 2 3 0.904597 4 0.095403
  3 22.311546 -2.298125 -17.248829 0.183871 -0.976954 0.108405 0.829999 0.786573 2 3 0.528284 17 0.471716
  3 21.337601 -2.613842 -14.363262 0.753292 -0.600434 0.268384 0.871975 0.787514 2 3 0.934369 4 0.065631
metrocop_sheet
  3 23.041855 -1.765998 -16.706367 0.741854 -0.499722 0.447136 0.832863 0.795709 2 3 0.557983 4 0.442017
  3 21.337601 -2.613842 -14.363262 0.753292 -0.600434 0.268384 0.871975 0.787514 2 3 0.934369 4 0.065631
  3 22.311546 -2.298125 -17.248829 0.183871 -0.976954 0.108405 0.829999 0.786573 2 3 0.528284 17 0.471716
metrocop_sheet
  3 21.337601 -2.613842 -14.363262 0.753292 -0.600434 0.268384 0.871975 0.787514 2 3 0.934369 4 0.065631
  3 23.041855 -1.765998 -16.706367 0.741854 -0.499722 0.447136 0.832863 0.795709 2 3 0.557983 4 0.442017
  3 21.641285 -0.867160 -14.107932 0.928219 0.010705 0.371879 0.874392 0.830285 1 3 1.000000
metrocop_sheet
  3 23.002670 -0.136760 -16.366451 0.822901 0.141912 0.550177 0.834194 0.831402 2 3 0.624209 4 0.375791
  3 21.641285 -0.867160 -14.107932 0.928219 0.010705 0.371879 0.874392 0.830285 1 3 1.000000
  3 23.041855 -1.765998 -16.706367 0.741854 -0.499722 0.447136 0.832863 0.795709 2 3 0.557983 4 0.442017
metrocop_sheet
  3 21.641285 -0.867160 -14.107932 0.928219 0.010705 0.371879 0.874392 0.830285 1 3 1.000000
  3 23.002670 -0.136760 -16.366451 0.822901 0.141912 0.550177 0.834194 0.831402 2 3 0.624209 4 0.375791
  3 21.405600 0.606758 -14.267037 0.727702 0.666318 0.162696 0.874881 0.862048 2 3 0.941782 4 0.058218
metrocop_sheet
  3 22.787580 0.691558 -16.637291 0.528047 0.750740 0.396933 0.833609 0.848483 2 3 0.561174 4 0.438826
  3 21.405600 0.606758 -14.267037 0.727702 0.666318 0.162696 0.874881 0.862048 2 3 0.941782 4 0.058218
  3 23.002670 -0.136760 -16.366451 0.822901 0.141912 0.550177 0.834194 0.831402 2 3 0.624209 4 0.375791
metrocop_sheet
  3 21.405600 0.606758 -14.267037 0.727702 0.666318 0.162696 0.874881 0.862048 2 3 0.941782 4 0.058218
  3 22.787580 0.691558 -16.637291 0.528047 0.750740 0.396933 0.833609 0.848483 2 3 0.561174 4 0.438826
  3 20.315910 0.980684 -15.016510 -0.016046 0.911973 -0.409936 0.871787 0.872035 2 3 0.948265 4 0.051735
metrocop_sheet
  3 22.041269 0.917238 -17.049294 -0.099486 0.993451 -0.056187 0.831088 0.852378 2 3 0.584988 4 0.415012
  3 20.315910 0.980684 -15.016510 -0.016046 0.911973 -0.409936 0.871787 0.872035 2 3 0.948265 4 0.051735
  3 22.787580 0.691558 -16.637291 0.528047 0.750740 0.396933 0.833609 0.848483 2 3 0.561174 4 0.438826
metrocop_sheet
  22 -19.408726 -2.811118 -15.504334 0.554505 -0.774822 -0.303605 0.864602 0.776127 2 22 0.932728 23 0.067272
  22 -20.048872 -3.155519 -14.901490 -0.217328 -0.941740 -0.256699 0.868380 0.780834 2 22 0.932519 23 0.067481
  22 -21.408417 -2.092350 -17.714579 0.474911 -0.695016 -0.539826 0.828006 0.795456 2 22 0.587568 23 0.412432
metrocop_sheet
  22 -20.048872 -3.155519 -14.901490 -0.217328 -0.941740 -0.256699 0.868380 0.780834 2 22 0.932519 23 0.067481
  22 -22.315639 -2.293528 -17.246588 -0.144171 -0.988958 0.034306 0.829999 0.786573 2 22 0.531672 36 0.468328
  22 -21.408417 -2.092350 -17.714579 0.474911 -0.695016 -0.539826 0.828006 0.795456 2 22 0.587568 23 0.412432
metrocop_sheet
  22 -20.048872 -3.155519 -14.901490 -0.217328 -0.941740 -0.256699 0.868380 0.780834 2 22 0.932519 23 0.067481
  22 -21.114141 -2.755362 -14.198153 -0.642917 -0.684149 0.344379 0.871975 0.787514 2 22 0.939981 23 0.060019
  22 -22.315639 -2.293528 -17.246588 -0.144171 -0.988958 0.034306 0.829999 0.786573 2 22 0.531672 36 0.468328
metrocop_sheet
  22 -23.045948 -1.761403 -16.704136 -0.732273 -0.495233 0.467462 0.832863 0.795709 2 22 0.557697 23 0.442303
  22 -22.315639 -2.293528 -17.246588 -0.144171 -0.988958 0.034306 0.829999 0.786573 2 22 0.531672 36 0.468328
  22 -21.114141 -2.755362 -14.198153 -0.642917 -0.684149 0.344379 0.871975 0.787514 2 22 0.939981 23 0.060019
metrocop_sheet
  22 -21.114141 -2.755362 -14.198153 -0.642917 -0.684149 0.344379 0.871975 0.787514 2 22 0.939981 23 0.060019
  22 -21.408367 -0.726031 -14.111801 -0.914064 0.026459 0.404707 0.874392 0.830285 1 22 1.000000
  22 -23.045948 -1.761403 -16.704136 -0.732273 -0.495233 0.467462 0.832863 0.795709 2 22 0.557697 23 0.442303
metrocop_sheet
  22 -23.006765 -0.132162 -16.364220 -0.800317 0.135141 0.584148 0.834194 0.831402 2 22 0.622880 23 0.377120
  22 -23.045948 -1.761403 -16.704136 -0.732273 -0.495233 0.467462 0.832863 0.795709 2 22 0.557697 23 0.442303
  22 -21.408367 -0.726031 -14.111801 -0.914064 0.026459 0.404707 0.874392 0.830285 1 22 1.000000
metrocop_sheet
  22 -21.408367 -0.726031 -14.111801 -0.914064 0.026459 0.404707 0.874392 0.830285 1 22 1.000000
  22 -21.218657 0.747623 -14.325466 -0.734364 0.660445 0.156595 0.874881 0.862048 2 22 0.944014 23 0.055986
  22 -23.006765 -0.132162 -16.364220 -0.800317 0.135141 0.584148 0.834194 0.831402 2 22 0.622880 23 0.377120
metrocop_sheet
  22 -22.791679 0.696154 -16.635054 -0.528111 0.746327 0.405088 0.833609 0.848483 2 22 0.560619 23 0.439381
  22 -23.006765 -0.132162 -16.364220 -0.800317 0.135141 0.584148 0.834194 0.831402 2 22 0.622880 23 0.377120
  22 -21.218657 0.747623 -14.325466 -0.734364 0.660445 0.156595 0.874881 0.862048 2 22 0.944014 23 0.055986
metrocop_sheet
  22 -21.218657 0.747623 -14.325466 -0.734364 0.660445 0.156595 0.874881 0.862048 2 22 0.944014 23 0.055986
  22 -20.138584 1.127527 -15.085772 -0.013917 0.890518 -0.454736 0.871787 0.872035 2 22 0.937677 23 0.062323
  22 -22.791679 0.696154 -16.635054 -0.528111 0.746327 0.405088 0.833609 0.848483 2 22 0.560619 23 0.439381
metrocop_sheet
  22 -22.045364 0.921837 -17.047056 0.073763 0.995735 -0.055423 0.831088 0.852378 2 22 0.584465 23 0.415535
  22 -22.791679 0.696154 -16.635054 -0.528111 0.746327 0.405088 0.833609 0.848483 2 22 0.560619 23 0.439381
  22 -20.138584 1.127527 -15.085772 -0.013917 0.890518 -0.454736 0.871787 0.872035 2 22 0.937677 23 0.062323
metrocop_sheet
  22 -20.138584 1.127527 -15.085772 -0.013917 0.890518 -0.454736 0.997639 0.846432 2 22 0.937677 23 0.062323
  22 -19.166346 0.188494 -15.697559 0.541652 0.486321 -0.685642 0.994609 0.831784 1 22 1.000000
  22 -22.045364 0.921837 -17.047056 0.073763 0.995735 -0.055423 0.958836 0.837163 2 22 0.584465 23 0.415535
metrocop_sheet
  22 -21.199722 0.459983 -17.651169 0.579261 0.605785 -0.545418 0.957290 0.829139 2 22 0.603117 23 0.396883
  22 -22.045364 0.921837 -17.047056 0.073763 0.995735 -0.055423 0.958836 0.837163 2 22 0.584465 23 0.415535
  22 -19.166346 0.188494 -15.697559 0.541652 0.486321 -0.685642 0.994609 0.831784 1 22 1.000000
metrocop_sheet
  22 -19.166346 0.188494 -15.697559 0.541652 0.486321 -0.685642 0.994609 0.831784 1 22 1.000000
  22 -18.882704 -1.282410 -15.808516 0.523678 -0.024110 -0.851575 0.995270 0.814408 1 22 1.000000
  22 -21.199722 0.459983 -17.651169 0.579261 0.605785 -0.545418 0.957290 0.829139 2 22 0.603117 23 0.396883
metrocop_sheet
  22 -21.062115 -0.765393 -17.774231 0.719852 0.000763 -0.694127 0.958211 0.817001 2 22 0.661457 23 0.338543
  22 -21.199722 0.459983 -17.651169 0.579261 0.605785 -0.545418 0.957290 0.829139 2 22 0.603117 23 0.396883
  22 -18.882704 -1.282410 -15.808516 0.523678 -0.024110 -0.851575 0.995270 0.814408 1 22 1.000000
metrocop_sheet
  22 -18.882704 -1.282410 -15.808516 0.523678 -0.024110 -0.851575 0.995270 0.814408 1 22 1.000000
  22 -19.408726 -2.811118 -15.504334 0.554505 -0.774822 -0.303605 0.998548 0.790953 2 22 0.932728 23 0.067272
  22 -21.062115 -0.765393 -17.774231 0.719852 0.000763 -0.694127 0.958211 0.817001 2 22 0.661457 23 0.338543
metrocop_sheet
  22 -21.408417 -2.092350 -17.714579 0.474911 -0.695016 -0.539826 0.960529 0.803961 2 22 0.587568 23 0.412432
  22 -21.062115 -0.765393 -17.774231 0.719852 0.000763 -0.694127 0.958211 0.817001 2 22 0.661457 23 0.338543
  22 -19.408726 -2.811118 -15.504334 0.554505 -0.774822 -0.303605 0.998548 0.790953 2 22 0.932728 23 0.067272
metrocop_sheet
  21 -12.274915 1.979748 -6.765282 0.242506 0.968530 -0.056033 0.809970 0.971299 2 21 0.820665 22 0.179335
  21 -14.136433 1.125165 -5.488973 -0.504520 0.695481 0.511631 0.784084 0.982095 2 21 0.874773 22 0.125227
  21 -10.308444 1.599555 -4.339265 0.116706 0.978206 -0.171733 0.803127 0.918688 2 21 0.947991 20 0.052009
metrocop_sheet
  21 -10.308444 1.599555 -4.339265 0.116706 0.978206 -0.171733 0.803127 0.918688 2 21 0.947991 20 0.052009
  21 -11.298919 0.719699 -7.653761 0.681432 0.496334 -0.537869 0.829683 0.967298 2 21 0.848651 22 0.151349
  21 -12.274915 1.979748 -6.765282 0.242506 0.968530 -0.056033 0.809970 0.971299 2 21 0.820665 22 0.179335
metrocop_sheet
  21 -11.298919 0.719699 -7.653761 0.681432 0.496334 -0.537869 0.829683 0.967298 2 21 0.848651 22 0.151349
  21 -10.308444 1.599555 -4.339265 0.116706 0.978206 -0.171733 0.803127 0.918688 2 21 0.947991 20 0.052009
  21 -8.758989 -0.157543 -5.316777 0.599459 0.308642 -0.738504 0.836086 0.907142 2 21 0.936105 20 0.063895
metrocop_sheet
  21 -8.758989 -0.157543 -5.316777 0.599459 0.308642 -0.738504 0.836086 0.907142 2 21 0.936105 20 0.063895
  21 -8.854366 -1.177261 -5.413477 0.663141 -0.038667 -0.747495 0.855854 0.908982 2 21 0.949676 20 0.050324
  21 -11.298919 0.719699 -7.653761 0.681432 0.496334 -0.537869 0.829683 0.967298 2 21 0.848651 22 0.151349
metrocop_sheet
  21 -11.020823 -1.388636 -7.935799 0.740837 -0.114509 -0.661852 0.858158 0.965244 2 21 0.868776 22 0.131224
  21 -11.298919 0.719699 -7.653761 0.681432 0.496334 -0.537869 0.829683 0.967298 2 21 0.848651 22 0.151349
  21 -8.854366 -1.177261 -5.413477 0.663141 -0.038667 -0.747495 0.855854 0.908982 2 21 0.949676 20 0.050324
metrocop_sheet
  21 -8.854366 -1.177261 -5.413477 0.663141 -0.038667 -0.747495 0.855854 0.908982 2 21 0.949676 20 0.050324
  21 -9.320676 -2.895438 -5.488617 0.539645 -0.439663 -0.717970 0.881080 0.915419 2 21 0.943511 20 0.056489
  21 -11.020823 -1.388636 -7.935799 0.740837 -0.114509 -0.661852 0.858158 0.965244 2 21 0.868776 22 0.131224
metrocop_sheet
  21 -11.592589 -2.947163 -7.505008 0.565828 -0.584260 -0.581789 0.879790 0.967444 2 21 0.865291 22 0.134709
  21 -11.020823 -1.388636 -7.935799 0.740837 -0.114509 -0.661852 0.858158 0.965244 2 21 0.868776 22 0.131224
  21 -9.320676 -2.895438 -5.488617 0.539645 -0.439663 -0.717970 0.881080 0.915419 2 21 0.943511 20 0.056489
metrocop_sheet
  21 -9.320676 -2.895438 -5.488617 0.539645 -0.439663 -0.717970 0.881080 0.915419 2 21 0.943511 20 0.056489
  21 -10.424989 -4.148983 -4.548802 -0.015229 -0.974963 -0.221844 0.899745 0.919839 2 21 0.931310 20 0.068690
  21 -11.592589 -2.947163 -7.505008 0.565828 -0.584260 -0.581789 0.879790 0.967444 2 21 0.865291 22 0.134709
metrocop_sheet
  21 -12.520199 -4.110505 -6.867036 0.151102 -0.959192 -0.238996 0.894631 0.972485 2 21 0.814308 22 0.185692
  21 -11.592589 -2.947163 -7.505008 0.565828 -0.584260 -0.581789 0.879790 0.967444 2 21 0.865291 22 0.134709
  21 -10.424989 -4.148983 -4.548802 -0.015229 -0.974963 -0.221844 0.899745 0.919839 2 21 0.931310 20 0.068690
metrocop_sheet
  21 -10.424989 -4.148983 -4.548802 -0.015229 -0.974963 -0.221844 0.899745 0.919839 2 21 0.931310 20 0.068690
  21 -11.955084 -3.490665 -3.417332 -0.565676 -0.752119 0.338124 0.917924 0.929118 1 21 1.000000
  21 -12.520199 -4.110505 -6.867036 0.151102 -0.959192 -0.238996 0.894631 0.972485 2 21 0.814308 22 0.185692
metrocop_sheet
  21 -13.997770 -3.672513 -5.844581 -0.485125 -0.795379 0.363355 0.911232 0.982149 2 21 0.835700 22 0.164300
  21 -12.520199 -4.110505 -6.867036 0.151102 -0.959192 -0.238996 0.894631 0.972485 2 21 0.814308 22 0.185692
  21 -11.955084 -3.490665 -3.417332 -0.565676 -0.752119 0.338124 0.917924 0.929118 1 21 1.000000
metrocop_sheet
  21 -11.955084 -3.490665 -3.417332 -0.565676 -0.752119 0.338124 0.917924 0.929118 1 21 1.000000
  21 -12.789815 -1.368611 -2.805949 -0.787728 -0.222912 0.574278 0.940596 0.935444 1 21 1.000000
  21 -13.997770 -3.672513 -5.844581 -0.485125 -0.795379 0.363355 0.911232 0.982149 2 21 0.835700 22 0.164300
metrocop_sheet
  21 -14.901653 -1.241236 -5.122680 -0.755104 -0.086949 0.649813 0.939574 0.989072 2 21 0.905507 22 0.094493
  21 -13.997770 -3.672513 -5.844581 -0.485125 -0.795379 0.363355 0.911232 0.982149 2 21 0.835700 22 0.164300
  21 -12.789815 -1.368611 -2.805949 -0.787728 -0.222912 0.574278 0.940596 0.935444 1 21 1.000000
metrocop_sheet
  21 -12.789815 -1.368611 -2.805949 -0.787728 -0.222912 0.574278 0.940596 0.935444 1 21 1.000000
  21 -12.695707 0.084222 -2.619685 -0.742931 0.314042 0.591127 0.955115 0.933374 1 21 1.000000
  21 -14.901653 -1.241236 -5.122680 -0.755104 -0.086949 0.649813 0.939574 0.989072 2 21 0.905507 22 0.094493
metrocop_sheet
  21 -14.136433 1.125165 -5.488973 -0.504520 0.695481 0.511631 0.970008 0.984371 2 21 0.874773 22 0.125227
  21 -14.901653 -1.241236 -5.122680 -0.755104 -0.086949 0.649813 0.939574 0.989072 2 21 0.905507 22 0.094493
  21 -12.695707 0.084222 -2.619685 -0.742931 0.314042 0.591127 0.955115 0.933374 1 21 1.000000
metrocop_sheet
  21 -12.695707 0.084222 -2.619685 -0.742931 0.314042 0.591127 0.955115 0.933374 1 21 1.000000
  21 -12.315727 1.005068 -3.157722 -0.459374 0.805520 0.374317 0.970975 0.927574 1 21 1.000000
  21 -14.136433 1.125165 -5.488973 -0.504520 0.695481 0.511631 0.970008 0.984371 2 21 0.874773 22 0.125227
metrocop_sheet
  21 -12.315727 1.005068 -3.157722 -0.459374 0.805520 0.374317 0.970975 0.927574 1 21 1.000000
  21 -10.308444 1.599555 -4.339265 0.116706 0.978206 -0.171733 0.989051 0.920964 2 21 0.947991 20 0.052009
  21 -14.136433 1.125165 -5.488973 -0.504520 0.695481 0.511631 0.970008 0.984371 2 21 0.874773 22 0.125227
end
