version 1
nodes
0 "ValveBiped.Bip01_Spine4" -1
1 "ValveBiped.Bip01_R_Clavicle" 0
2 "ValveBiped.Bip01_R_UpperArm" 1
3 "ValveBiped.Bip01_R_Forearm" 2
4 "ValveBiped.Bip01_R_Hand" 3
5 "ValveBiped.Bip01_R_Finger4" 4
6 "ValveBiped.Bip01_R_Finger41" 5
7 "ValveBiped.Bip01_R_Finger42" 6
8 "ValveBiped.Bip01_R_Finger3" 4
9 "ValveBiped.Bip01_R_Finger31" 8
10 "ValveBiped.Bip01_R_Finger32" 9
11 "ValveBiped.Bip01_R_Finger2" 4
12 "ValveBiped.Bip01_R_Finger21" 11
13 "ValveBiped.Bip01_R_Finger22" 12
14 "ValveBiped.Bip01_R_Finger1" 4
15 "ValveBiped.Bip01_R_Finger11" 14
16 "ValveBiped.Bip01_R_Finger12" 15
17 "ValveBiped.Bip01_R_Finger0" 4
18 "ValveBiped.Bip01_R_Finger01" 17
19 "ValveBiped.Bip01_R_Finger02" 18
20 "ValveBiped.square" 4
21 "ValveBiped.clip" 4
22 "ik_target.Bip01_L_Hand" 4
23 "ik_target.Bip01_L_Finger1_tip" 22
24 "ik_target.Bip01_L_Finger2_tip" 22
25 "ik_target.Bip01_L_Finger3_tip" 22
26 "ik_target.Bip01_L_Finger4_tip" 22
27 "ik_target.Bip01_L_Finger0_tip" 22
28 "ik_chain.Bip01_Spine4" -1
29 "ik_chain.Bip01_L_Clavicle" 28
30 "ValveBiped.Bip01_L_Clavicle" 0
31 "ik_parent.Bip01_L_Clavicle" 29
32 "ik_chain.Bip01_L_UpperArm" 29
33 "ik_parent.Bip01_L_UpperArm" 32
34 "ValveBiped.Bip01_L_UpperArm" 30
35 "ik_chain.Bip01_L_Forearm" 32
36 "ik_parent.Bip01_L_Forearm" 35
37 "ValveBiped.Bip01_L_Forearm" 34
38 "ik_chain.Bip01_L_Hand" 35
39 "ik_parent.Bip01_L_Hand" 38
40 "ValveBiped.Bip01_L_Hand" 37
41 "ik_chain.Bip01_L_Finger1" 38
42 "ik_parent.Bip01_L_Finger1" 41
43 "ValveBiped.Bip01_L_Finger1" 40
44 "ik_chain.Bip01_L_Finger11" 41
45 "ik_parent.Bip01_L_Finger11" 44
46 "ValveBiped.Bip01_L_Finger11" 43
47 "ik_chain.Bip01_L_Finger12" 44
48 "ik_parent.Bip01_L_Finger12" 47
49 "ValveBiped.Bip01_L_Finger12" 46
50 "ik_chain.Bip01_L_Finger2" 38
51 "ik_parent.Bip01_L_Finger2" 50
52 "ValveBiped.Bip01_L_Finger2" 40
53 "ik_chain.Bip01_L_Finger21" 50
54 "ik_parent.Bip01_L_Finger21" 53
55 "ValveBiped.Bip01_L_Finger21" 52
56 "ik_chain.Bip01_L_Finger22" 53
57 "ik_parent.Bip01_L_Finger22" 56
58 "ValveBiped.Bip01_L_Finger22" 55
59 "ik_chain.Bip01_L_Finger3" 38
60 "ik_parent.Bip01_L_Finger3" 59
61 "ValveBiped.Bip01_L_Finger3" 40
62 "ik_chain.Bip01_L_Finger31" 59
63 "ik_parent.Bip01_L_Finger31" 62
64 "ValveBiped.Bip01_L_Finger31" 61
65 "ik_chain.Bip01_L_Finger32" 62
66 "ik_parent.Bip01_L_Finger32" 65
67 "ValveBiped.Bip01_L_Finger32" 64
68 "ik_chain.Bip01_L_Finger4" 38
69 "ik_parent.Bip01_L_Finger4" 68
70 "ValveBiped.Bip01_L_Finger4" 40
71 "ik_chain.Bip01_L_Finger41" 68
72 "ik_parent.Bip01_L_Finger41" 71
73 "ValveBiped.Bip01_L_Finger41" 70
74 "ik_chain.Bip01_L_Finger42" 71
75 "ik_parent.Bip01_L_Finger42" 74
76 "ValveBiped.Bip01_L_Finger42" 73
77 "ik_chain.Bip01_L_Finger0" 38
78 "ik_parent.Bip01_L_Finger0" 77
79 "ValveBiped.Bip01_L_Finger0" 40
80 "ik_chain.Bip01_L_Finger01" 77
81 "ik_parent.Bip01_L_Finger01" 80
82 "ValveBiped.Bip01_L_Finger01" 79
83 "ik_chain.Bip01_L_Finger02" 80
84 "ik_parent.Bip01_L_Finger02" 83
85 "ValveBiped.Bip01_L_Finger02" 82
86 "ik_enable" -1
end
skeleton
time 0
0  0.000005 3.335938 -8.640624  -1.570780 -1.391896 -1.570809
1  2.033356 1.000772 -1.937610  1.473119 1.855075 -0.198639
2  6.028144 -0.000001 0.000000  2.118874 1.513671 -0.442333
3  11.692555 0.000000 0.000004  0.000000 0.000000 -0.316658
4  11.481696 0.000002 0.000002  -1.288835 0.007428 0.200690
5  3.859678 -0.132570 1.193108  0.432210 -0.155861 -0.861350
6  1.312561 0.000004 -0.000001  -0.000000 0.000000 -1.191994
7  0.729366 -0.000002 -0.000001  -0.000000 0.000000 -1.063394
8  3.942304 0.050325 0.431043  0.232421 0.000609 -0.853331
9  1.539098 -0.000001 0.000001  -0.000000 0.000000 -0.973379
10  1.196322 0.000007 -0.000001  0.000000 0.000000 -1.451289
11  3.883658 -0.050323 -0.431042  0.066987 0.050243 -0.694792
12  1.719576 0.000005 0.000000  0.000000 -0.000000 -1.251039
13  1.209185 0.000001 0.000000  0.000000 -0.000003 -1.141145
14  3.859836 -0.148937 -1.331282  -0.248855 0.263129 -0.072121
15  1.719424 0.000002 0.000000  0.000000 0.000000 -0.676756
16  1.099665 0.000004 0.000000  0.000000 0.000000 -1.021287
17  0.806019 -0.359837 -1.318333  1.349685 0.343493 -0.771450
18  1.789783 0.000001 -0.000005  0.000000 -0.000000 0.397500
19  1.206997 0.000003 0.000005  0.000000 -0.000000 0.989033
20  6.104521 -1.468680 -3.530282  -1.564198 -0.011689 -1.581440
21  3.820743 -1.409994 -0.589408  -1.564198 -0.011689 -1.581440
22  0.222808 -3.739062 1.509297  0.024887 2.851473 -1.494016
23  3.048726 6.125614 1.106842  1.596061 0.018247 -0.808184
24  3.527214 5.063571 0.216259  1.596061 0.018246 -0.808184
25  3.352949 5.114331 -0.401206  1.596061 0.018247 -0.808184
26  2.909482 4.772883 -1.012056  1.596061 0.018247 -0.808184
27  1.772478 4.476572 2.356869  1.596061 0.018247 -0.808184
28  0.000006 3.336140 -8.647861  -1.570799 -1.391898 -1.570795
29  2.033350 1.000764 1.937663  1.227517 0.585911 1.190966
30  2.026190 1.001859 1.937675  1.227511 0.585916 1.190961
31  0.000001 -0.000001 0.000004  1.583265 0.000007 1.570794
32  0.000000 6.028147 -0.000001  -0.406515 -0.510007 -0.918370
33  -0.000001 0.000009 -0.000006  -0.000002 0.000003 1.570792
34  0.000017 6.028144 -0.000011  -0.547012 0.352335 0.445272
35  -0.000001 11.692570 -0.000001  -0.000001 -0.000005 -0.637504
36  0.000000 0.000001 -0.000002  0.000005 0.000000 1.570801
37  11.692578 0.000051 0.000039  0.000004 -0.000001 -0.637495
38  0.000001 11.481682 -0.000001  0.408930 0.486661 0.742935
39  -0.000000 -0.000000 0.000000  0.000000 -0.000000 1.570789
40  11.481682 -0.000054 0.000008  0.523074 -0.359129 0.542963
41  0.137968 3.859857 1.332474  -1.465457 -1.619429 0.860059
42  0.000000 -0.000001 0.000000  1.933714 0.000004 1.570794
43  3.859857 -0.137941 1.332474  0.357799 -0.048365 -0.605273
44  -0.000000 1.719429 0.000001  -0.420872 0.202310 0.066145
45  0.000001 -0.000001 0.000002  1.743430 0.000000 1.570798
46  1.719432 0.000005 -0.000007  0.000189 -0.009099 -0.438595
47  0.000001 1.099662 0.000002  1.022352 1.907815 1.050325
48  -0.000000 0.000000 -0.000001  -0.000002 0.000003 1.570799
49  1.099665 0.000003 0.000001  -0.000119 0.002600 -0.290974
50  0.046789 3.883688 0.431451  -0.028157 -1.505149 -0.643965
51  0.000001 -0.000000 0.000000  1.590082 0.000009 1.570787
52  3.883687 -0.046762 0.431449  0.084906 0.001838 -0.672064
53  0.000002 1.719575 -0.000002  -0.720100 0.051523 -0.006475
54  0.000000 0.000001 -0.000000  1.538381 -0.000002 1.570794
55  1.719578 0.000011 -0.000015  -0.003915 0.016394 -0.719628
56  -0.000000 1.209186 0.000002  -1.502664 1.085643 -1.507497
57  0.000003 -0.000000 -0.000000  -0.000000 -0.000000 1.570805
58  1.209188 -0.000000 -0.000005  -0.000816 0.002971 -0.484094
59  -0.046750 3.942324 -0.431436  -0.326455 -1.473453 -0.660444
60  0.000000 -0.000001 0.000002  1.317660 0.000000 1.570797
61  3.942321 0.046778 -0.431439  -0.160904 0.031174 -0.985454
62  0.000002 1.539090 0.000004  -0.255110 -0.026494 -0.056799
63  0.000001 0.000000 0.000004  1.337310 -0.000004 1.570800
64  1.539094 0.000000 0.000003  -0.000026 0.003537 -0.262659
65  -0.000000 1.196323 0.000005  -1.013116 1.118327 -1.059571
66  -0.000002 -0.000000 0.000000  0.000000 -0.000001 1.570800
67  1.196325 -0.000004 0.000004  0.000000 0.000003 -0.391195
68  0.142426 3.859705 -1.191967  -0.667369 -1.423718 -0.301274
69  0.000001 -0.000001 0.000000  0.976757 -0.000005 1.570807
70  3.859704 -0.142400 -1.191971  -0.478196 0.090837 -0.963366
71  0.000003 1.312564 -0.000001  -0.361358 -0.138963 -0.204711
72  -0.000001 0.000000 0.000001  1.078169 0.000003 1.570794
73  1.312569 -0.000014 0.000010  0.000004 -0.001345 -0.437235
74  0.000000 0.729364 -0.000003  -0.404440 1.030436 -0.462976
75  0.000000 -0.000000 0.000000  -0.000001 -0.000001 1.570795
76  0.729366 -0.000002 -0.000001  0.000001 -0.000004 -0.231827
77  0.348928 0.806044 1.321260  -1.142979 -2.276487 0.650281
78  0.000000 0.000001 -0.000001  0.437032 0.000002 1.570791
79  0.806044 -0.348924 1.321260  -1.473563 -0.631198 -0.380782
80  -0.000000 1.789784 -0.000001  0.105694 0.066384 0.343681
81  0.000000 -0.000002 0.000000  0.347279 0.000000 1.570806
82  1.789790 0.000014 -0.000002  0.002654 0.043680 0.349584
83  -0.000001 1.206997 0.000000  0.184118 0.296140 0.567998
84  0.000001 0.000001 0.000000  0.000001 -0.000001 1.570797
85  1.207003 -0.000010 0.000005  -0.000003 0.000001 0.540449
86  0.000000 0.000000 1.000000  1.570796 -0.000000 0.000000
time 1
0  0.000005 3.335938 -8.640624  -1.570780 -1.391896 -1.570809
1  2.033356 1.000772 -1.937610  1.473119 1.855075 -0.198639
2  6.028144 -0.000001 0.000000  2.118874 1.513671 -0.442333
3  11.692555 0.000000 0.000004  0.000000 0.000000 -0.316658
4  11.481696 0.000002 0.000002  -1.288835 0.007428 0.200690
5  3.859678 -0.132570 1.193108  0.432210 -0.155861 -0.861350
6  1.312561 0.000004 -0.000001  -0.000000 0.000000 -1.191994
7  0.729366 -0.000002 -0.000001  -0.000000 0.000000 -1.063394
8  3.942304 0.050325 0.431043  0.232421 0.000609 -0.853331
9  1.539098 -0.000001 0.000001  -0.000000 0.000000 -0.973379
10  1.196322 0.000007 -0.000001  0.000000 0.000000 -1.451289
11  3.883658 -0.050323 -0.431042  0.066987 0.050243 -0.694792
12  1.719576 0.000005 0.000000  0.000000 -0.000000 -1.251039
13  1.209185 0.000001 0.000000  0.000000 -0.000003 -1.141145
14  3.859836 -0.148937 -1.331282  -0.248855 0.263129 -0.072121
15  1.719424 0.000002 0.000000  0.000000 0.000000 -0.676756
16  1.099665 0.000004 0.000000  0.000000 0.000000 -1.021287
17  0.806019 -0.359837 -1.318333  1.349685 0.343493 -0.771450
18  1.789783 0.000001 -0.000005  0.000000 -0.000000 0.397500
19  1.206997 0.000003 0.000005  0.000000 -0.000000 0.989033
20  6.104521 -1.468680 -3.530282  -1.564198 -0.011689 -1.581440
21  3.820743 -1.409994 -0.589408  -1.564198 -0.011689 -1.581440
22  0.222808 -3.739062 1.509297  0.024887 2.851473 -1.494016
23  3.048726 6.125614 1.106842  1.596061 0.018247 -0.808184
24  3.527214 5.063571 0.216259  1.596061 0.018246 -0.808184
25  3.352949 5.114331 -0.401206  1.596061 0.018247 -0.808184
26  2.909482 4.772883 -1.012056  1.596061 0.018247 -0.808184
27  1.772478 4.476572 2.356869  1.596061 0.018247 -0.808184
28  0.000006 3.336140 -8.647861  -1.570799 -1.391898 -1.570795
29  2.033350 1.000764 1.937663  1.227517 0.585911 1.190966
30  2.026190 1.001859 1.937675  1.227511 0.585916 1.190961
31  0.000001 -0.000001 0.000004  1.583265 0.000007 1.570794
32  0.000000 6.028147 -0.000001  -0.406515 -0.510007 -0.918370
33  -0.000001 0.000009 -0.000006  -0.000002 0.000003 1.570792
34  0.000017 6.028144 -0.000011  -0.547012 0.352335 0.445272
35  -0.000001 11.692570 -0.000001  -0.000001 -0.000005 -0.637504
36  0.000000 0.000001 -0.000002  0.000005 0.000000 1.570801
37  11.692578 0.000051 0.000039  0.000004 -0.000001 -0.637495
38  0.000001 11.481682 -0.000001  0.408930 0.486661 0.742935
39  -0.000000 -0.000000 0.000000  0.000000 -0.000000 1.570789
40  11.481682 -0.000054 0.000008  0.523074 -0.359129 0.542963
41  0.137968 3.859857 1.332474  -1.465457 -1.619429 0.860059
42  0.000000 -0.000001 0.000000  1.933714 0.000004 1.570794
43  3.859857 -0.137941 1.332474  0.357799 -0.048365 -0.605273
44  -0.000000 1.719429 0.000001  -0.420872 0.202310 0.066145
45  0.000001 -0.000001 0.000002  1.743430 0.000000 1.570798
46  1.719432 0.000005 -0.000007  0.000189 -0.009099 -0.438595
47  0.000001 1.099662 0.000002  1.022352 1.907815 1.050325
48  -0.000000 0.000000 -0.000001  -0.000002 0.000003 1.570799
49  1.099665 0.000003 0.000001  -0.000119 0.002600 -0.290974
50  0.046789 3.883688 0.431451  -0.028157 -1.505149 -0.643965
51  0.000001 -0.000000 0.000000  1.590082 0.000009 1.570787
52  3.883687 -0.046762 0.431449  0.084906 0.001838 -0.672064
53  0.000002 1.719575 -0.000002  -0.720100 0.051523 -0.006475
54  0.000000 0.000001 -0.000000  1.538381 -0.000002 1.570794
55  1.719578 0.000011 -0.000015  -0.003915 0.016394 -0.719628
56  -0.000000 1.209186 0.000002  -1.502664 1.085643 -1.507497
57  0.000003 -0.000000 -0.000000  -0.000000 -0.000000 1.570805
58  1.209188 -0.000000 -0.000005  -0.000816 0.002971 -0.484094
59  -0.046750 3.942324 -0.431436  -0.326455 -1.473453 -0.660444
60  0.000000 -0.000001 0.000002  1.317660 0.000000 1.570797
61  3.942321 0.046778 -0.431439  -0.160904 0.031174 -0.985454
62  0.000002 1.539090 0.000004  -0.255110 -0.026494 -0.056799
63  0.000001 0.000000 0.000004  1.337310 -0.000004 1.570800
64  1.539094 0.000000 0.000003  -0.000026 0.003537 -0.262659
65  -0.000000 1.196323 0.000005  -1.013116 1.118327 -1.059571
66  -0.000002 -0.000000 0.000000  0.000000 -0.000001 1.570800
67  1.196325 -0.000004 0.000004  0.000000 0.000003 -0.391195
68  0.142426 3.859705 -1.191967  -0.667369 -1.423718 -0.301274
69  0.000001 -0.000001 0.000000  0.976757 -0.000005 1.570807
70  3.859704 -0.142400 -1.191971  -0.478196 0.090837 -0.963366
71  0.000003 1.312564 -0.000001  -0.361358 -0.138963 -0.204711
72  -0.000001 0.000000 0.000001  1.078169 0.000003 1.570794
73  1.312569 -0.000014 0.000010  0.000004 -0.001345 -0.437235
74  0.000000 0.729364 -0.000003  -0.404440 1.030436 -0.462976
75  0.000000 -0.000000 0.000000  -0.000001 -0.000001 1.570795
76  0.729366 -0.000002 -0.000001  0.000001 -0.000004 -0.231827
77  0.348928 0.806044 1.321260  -1.142979 -2.276487 0.650281
78  0.000000 0.000001 -0.000001  0.437032 0.000002 1.570791
79  0.806044 -0.348924 1.321260  -1.473563 -0.631198 -0.380782
80  -0.000000 1.789784 -0.000001  0.105694 0.066384 0.343681
81  0.000000 -0.000002 0.000000  0.347279 0.000000 1.570806
82  1.789790 0.000014 -0.000002  0.002654 0.043680 0.349584
83  -0.000001 1.206997 0.000000  0.184118 0.296140 0.567998
84  0.000001 0.000001 0.000000  0.000001 -0.000001 1.570797
85  1.207003 -0.000010 0.000005  -0.000003 0.000001 0.540449
86  0.000000 0.000000 1.000000  1.570796 -0.000000 0.000000
time 2
0  0.000005 3.335938 -8.640624  -1.570780 -1.391896 -1.570809
1  2.033356 1.000772 -1.937610  1.473119 1.855075 -0.198639
2  6.028144 -0.000001 0.000000  2.120132 1.513811 -0.441075
3  11.692555 0.000001 0.000003  -0.000000 0.000000 -0.316357
4  11.481697 0.000001 0.000002  -1.288835 0.007428 0.200690
5  3.859679 -0.132570 1.193107  0.432210 -0.155861 -0.861350
6  1.312559 0.000002 0.000001  -0.000000 0.000000 -1.191994
7  0.729367 -0.000002 -0.000003  -0.000000 0.000000 -1.063394
8  3.942307 0.050326 0.431044  0.232421 0.000609 -0.853331
9  1.539096 -0.000004 0.000001  0.000000 0.000000 -0.973379
10  1.196321 0.000008 -0.000001  0.000000 0.000000 -1.451289
11  3.883658 -0.050323 -0.431042  0.066987 0.050243 -0.694792
12  1.719578 0.000004 0.000000  0.000000 -0.000000 -1.251039
13  1.209186 0.000001 0.000000  0.000000 -0.000003 -1.141145
14  3.859837 -0.148937 -1.331282  -0.248855 0.263129 -0.072121
15  1.719424 0.000001 0.000001  -0.000000 0.000000 -0.676756
16  1.099665 0.000002 -0.000000  -0.000000 0.000000 -1.021287
17  0.806023 -0.359837 -1.318333  1.349685 0.343493 -0.771450
18  1.789783 0.000001 -0.000004  -0.000000 -0.000000 0.397500
19  1.206999 0.000003 0.000005  0.000000 -0.000000 0.989033
20  6.104524 -1.468680 -3.530282  -1.564198 -0.011689 -1.581440
21  3.820744 -1.409994 -0.589408  -1.564198 -0.011689 -1.581440
22  0.222808 -3.739059 1.509297  0.024887 2.851473 -1.494016
23  3.048727 6.125608 1.106842  1.596061 0.018247 -0.808184
24  3.527215 5.063568 0.216260  1.596061 0.018246 -0.808184
25  3.352950 5.114325 -0.401205  1.596061 0.018247 -0.808184
26  2.909481 4.772882 -1.012054  1.596061 0.018247 -0.808184
27  1.772479 4.476568 2.356869  1.596061 0.018247 -0.808184
28  0.000006 3.336140 -8.647861  -1.570799 -1.391898 -1.570795
29  2.033350 1.000764 1.937663  1.227517 0.585911 1.190966
30  2.026190 1.001859 1.937675  1.227511 0.585916 1.190961
31  0.000001 -0.000001 0.000004  1.583265 0.000007 1.570794
32  0.000000 6.028147 -0.000001  -0.406478 -0.510007 -0.918397
33  -0.000001 0.000010 -0.000006  -0.000002 0.000003 1.570792
34  0.000017 6.028144 -0.000011  -0.547005 0.352304 0.445265
35  -0.000000 11.692571 -0.000000  -0.000001 -0.000005 -0.637439
36  -0.000001 0.000000 -0.000003  0.000005 0.000000 1.570801
37  11.692578 0.000051 0.000038  0.000004 -0.000001 -0.637430
38  -0.000002 11.481682 -0.000001  0.408763 0.486641 0.742888
39  -0.000001 -0.000002 0.000001  0.000000 -0.000000 1.570789
40  11.481684 -0.000052 0.000006  0.523022 -0.358988 0.543012
41  0.137967 3.859856 1.332474  -1.465451 -1.619430 0.860057
42  0.000000 -0.000000 -0.000003  1.933714 0.000004 1.570794
43  3.859860 -0.137941 1.332473  0.357798 -0.048366 -0.605272
44  -0.000001 1.719430 -0.000003  -0.420876 0.202310 0.066145
45  0.000000 0.000000 -0.000000  1.743430 0.000000 1.570798
46  1.719433 0.000005 -0.000007  0.000189 -0.009099 -0.438599
47  0.000001 1.099663 0.000002  1.022358 1.907817 1.050330
48  0.000002 0.000000 -0.000000  -0.000002 0.000003 1.570799
49  1.099665 0.000002 0.000002  -0.000120 0.002599 -0.290978
50  0.046788 3.883686 0.431450  -0.028171 -1.505149 -0.643948
51  -0.000001 -0.000001 -0.000001  1.590082 0.000009 1.570787
52  3.883689 -0.046762 0.431449  0.084906 0.001839 -0.672065
53  -0.000001 1.719576 0.000001  -0.720098 0.051523 -0.006475
54  -0.000000 -0.000000 0.000001  1.538382 -0.000002 1.570794
55  1.719583 0.000016 -0.000016  -0.003915 0.016394 -0.719626
56  0.000002 1.209178 -0.000005  -1.502664 1.085644 -1.507497
57  0.000002 0.000000 0.000000  -0.000000 -0.000000 1.570805
58  1.209182 -0.000006 0.000001  -0.000816 0.002971 -0.484093
59  -0.046751 3.942323 -0.431437  -0.326462 -1.473452 -0.660434
60  -0.000000 0.000000 -0.000001  1.317660 0.000000 1.570797
61  3.942325 0.046778 -0.431439  -0.160904 0.031174 -0.985454
62  -0.000000 1.539093 -0.000002  -0.255113 -0.026494 -0.056799
63  -0.000001 0.000000 0.000000  1.337310 -0.000004 1.570800
64  1.539098 -0.000000 0.000002  -0.000026 0.003538 -0.262663
65  0.000000 1.196323 0.000001  -1.013119 1.118323 -1.059576
66  -0.000003 -0.000000 0.000000  0.000000 -0.000001 1.570800
67  1.196326 -0.000007 0.000004  0.000001 0.000004 -0.391198
68  0.142427 3.859701 -1.191967  -0.667371 -1.423718 -0.301269
69  -0.000001 -0.000001 0.000002  0.976757 -0.000005 1.570807
70  3.859704 -0.142401 -1.191970  -0.478196 0.090837 -0.963364
71  0.000001 1.312561 -0.000002  -0.361360 -0.138964 -0.204711
72  -0.000001 -0.000000 0.000005  1.078169 0.000003 1.570794
73  1.312566 -0.000018 0.000008  0.000004 -0.001343 -0.437237
74  -0.000001 0.729363 0.000001  -0.404443 1.030435 -0.462981
75  -0.000001 0.000000 0.000000  -0.000001 -0.000001 1.570795
76  0.729366 -0.000001 -0.000001  0.000002 -0.000004 -0.231829
77  0.348927 0.806043 1.321260  -1.142979 -2.276487 0.650281
78  0.000001 0.000001 -0.000000  0.437032 0.000002 1.570791
79  0.806047 -0.348924 1.321260  -1.473564 -0.631198 -0.380782
80  0.000001 1.789785 0.000003  0.105694 0.066384 0.343683
81  0.000000 -0.000001 0.000001  0.347279 0.000000 1.570806
82  1.789792 0.000013 -0.000000  0.002654 0.043680 0.349584
83  0.000001 1.206998 0.000001  0.184119 0.296139 0.567999
84  0.000000 -0.000002 0.000000  0.000001 -0.000001 1.570797
85  1.207001 -0.000011 0.000004  -0.000004 0.000001 0.540450
86  0.000000 0.000000 1.000000  1.570796 -0.000000 0.000000
time 3
0  0.000005 3.335938 -8.640624  -1.570780 -1.391896 -1.570809
1  2.033356 1.000772 -1.937610  1.473119 1.855075 -0.198639
2  6.028144 -0.000001 0.000000  2.123593 1.514091 -0.437614
3  11.692555 -0.000000 0.000003  -0.000000 0.000000 -0.315605
4  11.481697 0.000001 0.000002  -1.288835 0.007428 0.200690
5  3.859678 -0.132569 1.193107  0.432210 -0.155861 -0.861350
6  1.312558 -0.000001 -0.000000  -0.000000 0.000000 -1.191994
7  0.729365 -0.000001 -0.000001  -0.000000 0.000000 -1.063394
8  3.942304 0.050326 0.431043  0.232421 0.000609 -0.853331
9  1.539099 -0.000005 0.000001  -0.000000 0.000000 -0.973379
10  1.196322 0.000010 -0.000000  0.000000 0.000000 -1.451289
11  3.883656 -0.050322 -0.431043  0.066987 0.050243 -0.694792
12  1.719577 0.000006 -0.000000  0.000000 -0.000000 -1.251039
13  1.209183 0.000002 0.000000  0.000000 -0.000003 -1.141145
14  3.859837 -0.148936 -1.331283  -0.248855 0.263129 -0.072121
15  1.719421 0.000001 -0.000001  0.000000 0.000000 -0.676756
16  1.099668 0.000005 0.000000  -0.000000 0.000000 -1.021287
17  0.806020 -0.359836 -1.318334  1.349685 0.343493 -0.771450
18  1.789783 -0.000000 -0.000003  0.000000 -0.000000 0.397500
19  1.206999 0.000003 0.000006  0.000000 -0.000000 0.989033
20  6.104522 -1.468679 -3.530283  -1.564198 -0.011689 -1.581440
21  3.820743 -1.409993 -0.589409  -1.564198 -0.011689 -1.581440
22  0.222822 -3.739060 1.509296  0.024887 2.851473 -1.494016
23  3.048727 6.125612 1.106841  1.596061 0.018247 -0.808184
24  3.527213 5.063570 0.216259  1.596061 0.018246 -0.808184
25  3.352950 5.114330 -0.401208  1.596061 0.018247 -0.808184
26  2.909482 4.772882 -1.012057  1.596061 0.018247 -0.808184
27  1.772479 4.476570 2.356867  1.596061 0.018247 -0.808184
28  0.000006 3.336140 -8.647861  -1.570799 -1.391898 -1.570795
29  2.033350 1.000764 1.937663  1.227517 0.585911 1.190966
30  2.026190 1.001859 1.937675  1.227511 0.585916 1.190961
31  0.000001 -0.000001 0.000004  1.583265 0.000007 1.570794
32  0.000000 6.028147 -0.000001  -0.406399 -0.510089 -0.918593
33  -0.000001 0.000009 -0.000005  -0.000002 0.000003 1.570791
34  0.000017 6.028144 -0.000011  -0.547075 0.352219 0.445083
35  -0.000000 11.692571 -0.000000  -0.000001 -0.000005 -0.637020
36  -0.000001 0.000000 -0.000002  0.000005 0.000000 1.570801
37  11.692579 0.000052 0.000039  0.000004 -0.000001 -0.637011
38  -0.000001 11.481682 -0.000000  0.408358 0.486625 0.742636
39  0.000000 0.000000 0.000001  0.000000 -0.000000 1.570789
40  11.481681 -0.000052 0.000007  0.522930 -0.358641 0.542982
41  0.137968 3.859860 1.332473  -1.465456 -1.619429 0.860056
42  -0.000000 -0.000002 -0.000001  1.933714 0.000004 1.570794
43  3.859860 -0.137941 1.332473  0.357799 -0.048365 -0.605273
44  0.000000 1.719427 -0.000001  -0.420871 0.202310 0.066145
45  0.000001 0.000002 0.000001  1.743430 0.000000 1.570798
46  1.719430 0.000005 -0.000005  0.000190 -0.009099 -0.438594
47  0.000000 1.099664 0.000005  1.022351 1.907814 1.050323
48  -0.000000 0.000001 -0.000001  -0.000002 0.000003 1.570799
49  1.099668 0.000003 0.000001  -0.000119 0.002600 -0.290974
50  0.046788 3.883687 0.431451  -0.028186 -1.505149 -0.643935
51  -0.000001 -0.000001 0.000001  1.590082 0.000009 1.570787
52  3.883688 -0.046761 0.431448  0.084907 0.001840 -0.672063
53  -0.000001 1.719574 0.000000  -0.720099 0.051523 -0.006475
54  -0.000000 0.000000 -0.000000  1.538381 -0.000002 1.570794
55  1.719579 0.000018 -0.000016  -0.003915 0.016393 -0.719627
56  -0.000002 1.209186 0.000003  -1.502664 1.085644 -1.507497
57  0.000001 -0.000000 0.000002  -0.000000 -0.000000 1.570805
58  1.209189 0.000001 -0.000005  -0.000816 0.002971 -0.484093
59  -0.046751 3.942327 -0.431435  -0.326463 -1.473452 -0.660435
60  -0.000001 0.000001 -0.000001  1.317660 0.000000 1.570797
61  3.942327 0.046778 -0.431438  -0.160904 0.031174 -0.985453
62  -0.000002 1.539089 -0.000000  -0.255110 -0.026494 -0.056799
63  -0.000000 0.000001 -0.000000  1.337310 -0.000004 1.570800
64  1.539095 -0.000002 0.000002  -0.000026 0.003537 -0.262660
65  -0.000001 1.196324 0.000002  -1.013116 1.118326 -1.059572
66  -0.000000 -0.000001 -0.000001  0.000000 -0.000001 1.570800
67  1.196326 -0.000006 0.000003  0.000000 0.000003 -0.391196
68  0.142426 3.859705 -1.191968  -0.667382 -1.423716 -0.301259
69  -0.000001 0.000000 0.000001  0.976757 -0.000005 1.570807
70  3.859705 -0.142400 -1.191971  -0.478196 0.090839 -0.963363
71  0.000001 1.312568 -0.000000  -0.361360 -0.138964 -0.204711
72  -0.000000 0.000001 -0.000000  1.078169 0.000003 1.570794
73  1.312573 -0.000017 0.000009  0.000004 -0.001344 -0.437237
74  -0.000001 0.729366 -0.000002  -0.404443 1.030435 -0.462980
75  0.000001 -0.000000 -0.000000  -0.000001 -0.000001 1.570795
76  0.729367 0.000003 -0.000000  0.000002 -0.000005 -0.231829
77  0.348927 0.806043 1.321260  -1.142977 -2.276485 0.650281
78  0.000000 -0.000001 -0.000000  0.437032 0.000002 1.570790
79  0.806043 -0.348924 1.321260  -1.473563 -0.631195 -0.380782
80  -0.000000 1.789781 -0.000001  0.105693 0.066384 0.343680
81  -0.000000 0.000001 0.000000  0.347279 0.000000 1.570806
82  1.789788 0.000011 -0.000002  0.002654 0.043680 0.349582
83  0.000000 1.207001 0.000001  0.184118 0.296140 0.567995
84  0.000000 -0.000000 -0.000000  0.000001 -0.000001 1.570797
85  1.207005 -0.000011 0.000005  -0.000004 0.000001 0.540447
86  0.000000 0.000000 1.000000  1.570796 -0.000000 0.000000
time 4
0  0.000005 3.335938 -8.640624  -1.570780 -1.391896 -1.570809
1  2.033356 1.000772 -1.937610  1.473119 1.855075 -0.198639
2  6.028144 -0.000001 0.000000  2.128744 1.514559 -0.432436
3  11.692556 0.000001 0.000003  0.000000 0.000000 -0.314477
4  11.481697 0.000000 0.000001  -1.288835 0.007428 0.200690
5  3.859678 -0.132570 1.193107  0.432210 -0.155861 -0.861350
6  1.312561 0.000003 0.000001  -0.000000 0.000000 -1.191994
7  0.729365 -0.000003 -0.000001  -0.000000 0.000000 -1.063394
8  3.942304 0.050325 0.431043  0.232421 0.000609 -0.853331
9  1.539097 -0.000003 0.000001  -0.000000 0.000000 -0.973379
10  1.196322 0.000010 -0.000001  0.000000 0.000000 -1.451289
11  3.883657 -0.050324 -0.431043  0.066987 0.050243 -0.694792
12  1.719578 0.000005 0.000000  0.000000 -0.000000 -1.251039
13  1.209184 0.000001 0.000000  0.000000 -0.000003 -1.141145
14  3.859836 -0.148938 -1.331283  -0.248855 0.263129 -0.072121
15  1.719424 0.000002 0.000001  0.000000 0.000000 -0.676756
16  1.099669 0.000004 0.000000  -0.000000 0.000000 -1.021287
17  0.806021 -0.359838 -1.318334  1.349685 0.343493 -0.771450
18  1.789782 -0.000001 -0.000003  0.000000 -0.000000 0.397500
19  1.206998 0.000002 0.000004  0.000000 -0.000000 0.989033
20  6.104522 -1.468680 -3.530283  -1.564198 -0.011689 -1.581440
21  3.820744 -1.409995 -0.589408  -1.564198 -0.011689 -1.581440
22  0.222830 -3.739061 1.509297  0.024887 2.851473 -1.494016
23  3.048727 6.125611 1.106840  1.596061 0.018247 -0.808184
24  3.527214 5.063570 0.216259  1.596061 0.018246 -0.808184
25  3.352951 5.114327 -0.401207  1.596061 0.018247 -0.808184
26  2.909482 4.772882 -1.012057  1.596061 0.018247 -0.808184
27  1.772479 4.476571 2.356868  1.596061 0.018247 -0.808184
28  0.000006 3.336140 -8.647861  -1.570799 -1.391898 -1.570795
29  2.033350 1.000764 1.937663  1.227517 0.585911 1.190966
30  2.026190 1.001859 1.937675  1.227511 0.585916 1.190961
31  0.000001 -0.000001 0.000004  1.583265 0.000007 1.570794
32  0.000000 6.028147 -0.000001  -0.406271 -0.510157 -0.918803
33  -0.000002 0.000010 -0.000006  -0.000002 0.000003 1.570791
34  0.000017 6.028144 -0.000011  -0.547122 0.352096 0.444920
35  -0.000001 11.692570 0.000000  -0.000001 -0.000005 -0.636565
36  0.000001 0.000000 -0.000002  0.000005 0.000000 1.570801
37  11.692579 0.000053 0.000043  0.000005 -0.000001 -0.636555
38  0.000000 11.481680 0.000001  0.407744 0.486556 0.742338
39  -0.000001 0.000000 -0.000002  0.000000 -0.000000 1.570789
40  11.481682 -0.000053 0.000008  0.522743 -0.358122 0.543037
41  0.137967 3.859860 1.332471  -1.465456 -1.619430 0.860060
42  0.000001 -0.000001 0.000001  1.933714 0.000004 1.570794
43  3.859860 -0.137941 1.332472  0.357799 -0.048366 -0.605271
44  0.000001 1.719427 0.000003  -0.420876 0.202310 0.066145
45  -0.000001 0.000000 -0.000000  1.743430 0.000000 1.570799
46  1.719436 0.000008 -0.000007  0.000189 -0.009100 -0.438599
47  -0.000002 1.099664 0.000000  1.022357 1.907817 1.050329
48  -0.000002 0.000001 0.000001  -0.000002 0.000003 1.570799
49  1.099670 0.000004 -0.000000  -0.000119 0.002600 -0.290977
50  0.046788 3.883687 0.431449  -0.028175 -1.505149 -0.643945
51  -0.000000 -0.000002 -0.000000  1.590082 0.000009 1.570787
52  3.883687 -0.046762 0.431449  0.084906 0.001839 -0.672063
53  0.000000 1.719576 0.000001  -0.720101 0.051523 -0.006475
54  0.000001 0.000000 -0.000001  1.538381 -0.000002 1.570794
55  1.719587 0.000018 -0.000016  -0.003915 0.016394 -0.719628
56  0.000001 1.209183 -0.000001  -1.502664 1.085642 -1.507497
57  0.000001 0.000000 0.000000  -0.000000 -0.000000 1.570805
58  1.209187 -0.000003 -0.000002  -0.000816 0.002971 -0.484095
59  -0.046751 3.942327 -0.431438  -0.326465 -1.473452 -0.660431
60  -0.000000 0.000000 -0.000002  1.317660 0.000000 1.570797
61  3.942325 0.046778 -0.431438  -0.160904 0.031175 -0.985453
62  -0.000001 1.539092 0.000001  -0.255112 -0.026494 -0.056799
63  0.000000 0.000001 0.000001  1.337310 -0.000004 1.570800
64  1.539096 0.000005 0.000003  -0.000026 0.003538 -0.262662
65  -0.000002 1.196325 0.000002  -1.013118 1.118324 -1.059575
66  -0.000001 -0.000000 0.000001  0.000000 -0.000001 1.570800
67  1.196328 -0.000004 0.000001  0.000001 0.000004 -0.391197
68  0.142426 3.859703 -1.191969  -0.667376 -1.423717 -0.301263
69  0.000000 -0.000001 0.000001  0.976757 -0.000005 1.570807
70  3.859702 -0.142400 -1.191970  -0.478196 0.090838 -0.963363
71  0.000001 1.312566 0.000004  -0.361359 -0.138963 -0.204711
72  -0.000001 -0.000000 0.000003  1.078169 0.000003 1.570794
73  1.312572 -0.000013 0.000009  0.000005 -0.001344 -0.437236
74  -0.000002 0.729364 0.000001  -0.404442 1.030435 -0.462980
75  0.000001 0.000001 -0.000001  -0.000001 -0.000001 1.570794
76  0.729367 -0.000001 -0.000001  0.000002 -0.000004 -0.231829
77  0.348927 0.806044 1.321257  -1.142977 -2.276485 0.650280
78  0.000000 0.000001 -0.000002  0.437032 0.000002 1.570790
79  0.806044 -0.348924 1.321259  -1.473563 -0.631194 -0.380782
80  -0.000000 1.789785 0.000001  0.105694 0.066384 0.343679
81  0.000001 0.000001 0.000001  0.347279 0.000000 1.570806
82  1.789787 0.000012 0.000000  0.002654 0.043679 0.349581
83  0.000001 1.207000 0.000002  0.184117 0.296140 0.567994
84  -0.000001 0.000000 -0.000001  0.000001 -0.000001 1.570797
85  1.207003 -0.000010 0.000004  -0.000004 0.000001 0.540446
86  0.000000 0.000000 1.000000  1.570796 -0.000000 0.000000
time 5
0  0.000005 3.335938 -8.640624  -1.570780 -1.391896 -1.570809
1  2.033356 1.000772 -1.937610  1.473119 1.855075 -0.198639
2  6.028144 -0.000001 0.000000  2.135172 1.515166 -0.426023
3  11.692555 0.000001 0.000003  0.000000 0.000000 -0.313124
4  11.481698 0.000002 0.000002  -1.288835 0.007428 0.200690
5  3.859679 -0.132570 1.193107  0.432210 -0.155861 -0.861350
6  1.312560 -0.000001 0.000001  -0.000000 0.000000 -1.191994
7  0.729367 -0.000001 -0.000003  -0.000000 -0.000000 -1.063394
8  3.942306 0.050325 0.431043  0.232421 0.000609 -0.853331
9  1.539099 -0.000004 0.000001  -0.000000 0.000000 -0.973379
10  1.196322 0.000007 -0.000000  0.000000 0.000000 -1.451289
11  3.883659 -0.050324 -0.431043  0.066987 0.050243 -0.694792
12  1.719577 0.000004 0.000001  0.000000 -0.000000 -1.251039
13  1.209183 0.000002 0.000001  0.000000 -0.000003 -1.141145
14  3.859838 -0.148937 -1.331283  -0.248855 0.263129 -0.072121
15  1.719422 0.000002 0.000000  0.000000 0.000000 -0.676756
16  1.099669 0.000007 -0.000001  -0.000000 0.000000 -1.021287
17  0.806020 -0.359837 -1.318333  1.349685 0.343493 -0.771450
18  1.789782 0.000001 -0.000004  0.000000 -0.000000 0.397500
19  1.206998 0.000002 0.000003  0.000000 -0.000000 0.989033
20  6.104523 -1.468680 -3.530282  -1.564198 -0.011689 -1.581440
21  3.820743 -1.409994 -0.589408  -1.564198 -0.011689 -1.581440
22  0.222822 -3.739062 1.509297  0.024887 2.851473 -1.494016
23  3.048726 6.125609 1.106842  1.596061 0.018247 -0.808184
24  3.527213 5.063567 0.216260  1.596061 0.018246 -0.808183
25  3.352950 5.114326 -0.401205  1.596061 0.018247 -0.808184
26  2.909482 4.772881 -1.012056  1.596061 0.018247 -0.808184
27  1.772478 4.476566 2.356869  1.596061 0.018247 -0.808184
28  0.000006 3.336140 -8.647861  -1.570799 -1.391898 -1.570795
29  2.033350 1.000764 1.937663  1.227517 0.585911 1.190966
30  2.026190 1.001859 1.937675  1.227511 0.585916 1.190961
31  0.000001 -0.000001 0.000004  1.583265 0.000007 1.570794
32  0.000000 6.028147 -0.000001  -0.406076 -0.510199 -0.919019
33  -0.000001 0.000009 -0.000005  -0.000002 0.000003 1.570792
34  0.000017 6.028144 -0.000011  -0.547128 0.351921 0.444797
35  -0.000001 11.692570 0.000000  -0.000001 -0.000005 -0.636146
36  0.000002 0.000001 -0.000003  0.000005 0.000001 1.570801
37  11.692579 0.000053 0.000040  0.000004 -0.000001 -0.636137
38  0.000002 11.481681 -0.000001  0.406996 0.486498 0.742072
39  -0.000001 0.000002 0.000001  0.000000 -0.000000 1.570789
40  11.481684 -0.000056 0.000006  0.522542 -0.357486 0.543190
41  0.137968 3.859861 1.332474  -1.465452 -1.619429 0.860063
42  -0.000001 -0.000001 -0.000000  1.933714 0.000004 1.570794
43  3.859861 -0.137942 1.332473  0.357799 -0.048365 -0.605273
44  -0.000001 1.719426 0.000000  -0.420873 0.202310 0.066145
45  -0.000000 0.000000 -0.000000  1.743430 0.000000 1.570798
46  1.719431 0.000007 -0.000005  0.000189 -0.009099 -0.438596
47  0.000001 1.099664 -0.000001  1.022353 1.907815 1.050326
48  -0.000001 0.000000 -0.000001  -0.000002 0.000003 1.570799
49  1.099667 0.000001 0.000003  -0.000119 0.002600 -0.290975
50  0.046788 3.883687 0.431451  -0.028161 -1.505149 -0.643961
51  -0.000000 0.000003 -0.000000  1.590082 0.000009 1.570787
52  3.883686 -0.046762 0.431449  0.084906 0.001838 -0.672064
53  0.000000 1.719576 0.000002  -0.720100 0.051523 -0.006475
54  0.000000 -0.000000 0.000003  1.538381 -0.000002 1.570794
55  1.719578 0.000017 -0.000017  -0.003915 0.016394 -0.719627
56  0.000003 1.209183 0.000002  -1.502663 1.085643 -1.507497
57  0.000002 -0.000001 0.000001  -0.000000 -0.000000 1.570805
58  1.209187 -0.000003 0.000000  -0.000816 0.002971 -0.484094
59  -0.046751 3.942325 -0.431435  -0.326452 -1.473452 -0.660448
60  0.000001 0.000001 0.000002  1.317660 0.000000 1.570797
61  3.942324 0.046778 -0.431438  -0.160904 0.031173 -0.985455
62  -0.000002 1.539092 0.000005  -0.255110 -0.026494 -0.056799
63  0.000001 -0.000000 0.000001  1.337310 -0.000004 1.570800
64  1.539095 0.000000 -0.000000  -0.000026 0.003537 -0.262660
65  0.000001 1.196321 0.000002  -1.013114 1.118326 -1.059572
66  -0.000000 -0.000000 -0.000000  0.000000 -0.000001 1.570800
67  1.196326 -0.000003 0.000004  0.000001 0.000003 -0.391194
68  0.142426 3.859708 -1.191968  -0.667376 -1.423717 -0.301268
69  -0.000001 0.000001 -0.000001  0.976757 -0.000005 1.570807
70  3.859708 -0.142400 -1.191970  -0.478196 0.090838 -0.963366
71  -0.000000 1.312567 -0.000003  -0.361356 -0.138964 -0.204711
72  -0.000000 0.000000 0.000001  1.078169 0.000003 1.570794
73  1.312573 -0.000016 0.000007  0.000004 -0.001345 -0.437234
74  0.000002 0.729365 0.000000  -0.404437 1.030436 -0.462974
75  -0.000001 0.000000 -0.000000  -0.000001 -0.000001 1.570795
76  0.729367 0.000001 0.000000  0.000002 -0.000004 -0.231825
77  0.348928 0.806045 1.321259  -1.142977 -2.276485 0.650281
78  -0.000000 0.000001 -0.000000  0.437032 0.000002 1.570790
79  0.806045 -0.348924 1.321259  -1.473563 -0.631195 -0.380782
80  0.000000 1.789784 0.000000  0.105694 0.066384 0.343680
81  -0.000000 0.000002 0.000001  0.347279 0.000000 1.570806
82  1.789786 0.000009 -0.000000  0.002654 0.043679 0.349582
83  0.000000 1.206998 -0.000001  0.184118 0.296140 0.567995
84  -0.000000 -0.000002 -0.000001  0.000001 -0.000001 1.570797
85  1.206999 -0.000011 0.000002  -0.000004 0.000001 0.540447
86  0.000000 0.000000 1.000000  1.570796 -0.000000 0.000000
time 6
0  0.000005 3.335938 -8.640624  -1.570780 -1.391896 -1.570809
1  2.033356 1.000772 -1.937610  1.473119 1.855075 -0.198639
2  6.028144 -0.000001 0.000000  2.142321 1.515774 -0.418836
3  11.692554 0.000000 0.000003  0.000000 -0.000000 -0.311620
4  11.481697 0.000001 0.000003  -1.288835 0.007428 0.200690
5  3.859678 -0.132570 1.193108  0.432210 -0.155861 -0.861350
6  1.312560 0.000005 -0.000001  -0.000000 0.000000 -1.191994
7  0.729369 -0.000004 -0.000001  -0.000000 0.000000 -1.063394
8  3.942305 0.050326 0.431043  0.232421 0.000609 -0.853331
9  1.539097 -0.000005 0.000002  0.000000 0.000000 -0.973379
10  1.196322 0.000005 -0.000000  0.000000 0.000000 -1.451289
11  3.883659 -0.050323 -0.431043  0.066987 0.050243 -0.694792
12  1.719577 0.000004 -0.000000  0.000000 -0.000000 -1.251039
13  1.209184 0.000004 0.000001  0.000000 -0.000003 -1.141145
14  3.859838 -0.148937 -1.331283  -0.248855 0.263129 -0.072121
15  1.719419 0.000002 -0.000000  0.000000 0.000000 -0.676756
16  1.099669 0.000000 0.000000  -0.000000 0.000000 -1.021287
17  0.806021 -0.359837 -1.318333  1.349685 0.343493 -0.771450
18  1.789785 -0.000002 -0.000004  -0.000000 -0.000000 0.397500
19  1.207000 0.000005 0.000005  0.000000 -0.000000 0.989033
20  6.104521 -1.468680 -3.530283  -1.564198 -0.011689 -1.581440
21  3.820742 -1.409994 -0.589408  -1.564198 -0.011689 -1.581440
22  0.222809 -3.739059 1.509296  0.024887 2.851473 -1.494016
23  3.048727 6.125609 1.106839  1.596061 0.018247 -0.808184
24  3.527214 5.063567 0.216258  1.596061 0.018246 -0.808184
25  3.352950 5.114326 -0.401208  1.596061 0.018247 -0.808184
26  2.909482 4.772880 -1.012058  1.596061 0.018247 -0.808184
27  1.772479 4.476570 2.356867  1.596061 0.018247 -0.808184
28  0.000006 3.336140 -8.647861  -1.570799 -1.391898 -1.570795
29  2.033350 1.000764 1.937663  1.227517 0.585911 1.190966
30  2.026190 1.001859 1.937675  1.227511 0.585916 1.190961
31  0.000001 -0.000001 0.000004  1.583265 0.000007 1.570794
32  0.000000 6.028147 -0.000001  -0.405915 -0.510299 -0.919306
33  -0.000001 0.000010 -0.000006  -0.000002 0.000003 1.570792
34  0.000017 6.028144 -0.000011  -0.547202 0.351762 0.444563
35  -0.000000 11.692571 0.000000  -0.000001 -0.000005 -0.635515
36  -0.000001 0.000001 -0.000003  0.000005 0.000000 1.570801
37  11.692577 0.000054 0.000040  0.000004 -0.000001 -0.635506
38  -0.000001 11.481682 -0.000001  0.406182 0.486409 0.741662
39  -0.000001 0.000002 0.000001  0.000000 -0.000000 1.570789
40  11.481682 -0.000052 0.000009  0.522297 -0.356797 0.543247
41  0.137968 3.859859 1.332474  -1.465454 -1.619430 0.860061
42  0.000000 0.000000 0.000001  1.933714 0.000004 1.570794
43  3.859857 -0.137942 1.332475  0.357799 -0.048365 -0.605273
44  0.000001 1.719430 -0.000001  -0.420874 0.202310 0.066145
45  0.000000 0.000001 -0.000001  1.743430 0.000000 1.570798
46  1.719431 0.000005 -0.000004  0.000189 -0.009099 -0.438597
47  0.000000 1.099660 -0.000003  1.022354 1.907816 1.050328
48  0.000002 -0.000001 -0.000000  -0.000002 0.000003 1.570799
49  1.099662 -0.000001 0.000003  -0.000119 0.002600 -0.290975
50  0.046788 3.883692 0.431449  -0.028167 -1.505149 -0.643957
51  -0.000001 -0.000003 -0.000001  1.590082 0.000009 1.570787
52  3.883689 -0.046762 0.431449  0.084906 0.001839 -0.672064
53  -0.000000 1.719573 -0.000003  -0.720099 0.051523 -0.006475
54  0.000000 0.000001 -0.000002  1.538382 -0.000002 1.570794
55  1.719580 0.000013 -0.000016  -0.003915 0.016393 -0.719626
56  0.000000 1.209184 0.000003  -1.502663 1.085644 -1.507496
57  -0.000001 -0.000001 0.000001  -0.000000 -0.000000 1.570805
58  1.209187 0.000002 -0.000002  -0.000816 0.002971 -0.484092
59  -0.046751 3.942326 -0.431436  -0.326454 -1.473453 -0.660446
60  0.000001 0.000001 -0.000002  1.317660 0.000000 1.570797
61  3.942322 0.046778 -0.431436  -0.160904 0.031173 -0.985455
62  0.000002 1.539091 0.000000  -0.255109 -0.026494 -0.056799
63  0.000001 -0.000000 0.000002  1.337310 -0.000004 1.570800
64  1.539097 0.000005 0.000003  -0.000026 0.003537 -0.262659
65  0.000001 1.196322 -0.000001  -1.013114 1.118327 -1.059570
66  0.000000 -0.000000 0.000001  0.000000 -0.000001 1.570800
67  1.196324 -0.000009 0.000003  0.000000 0.000003 -0.391194
68  0.142426 3.859709 -1.191967  -0.667378 -1.423717 -0.301267
69  -0.000000 0.000000 -0.000001  0.976757 -0.000005 1.570807
70  3.859707 -0.142400 -1.191969  -0.478196 0.090838 -0.963365
71  0.000000 1.312568 0.000000  -0.361357 -0.138963 -0.204711
72  0.000000 -0.000000 0.000002  1.078169 0.000003 1.570794
73  1.312572 -0.000012 0.000010  0.000004 -0.001345 -0.437234
74  0.000001 0.729362 0.000000  -0.404438 1.030436 -0.462974
75  -0.000000 0.000002 0.000002  -0.000001 -0.000001 1.570795
76  0.729365 0.000001 -0.000001  0.000001 -0.000004 -0.231826
77  0.348928 0.806045 1.321259  -1.142976 -2.276482 0.650279
78  0.000000 -0.000001 -0.000002  0.437032 0.000002 1.570791
79  0.806045 -0.348924 1.321261  -1.473562 -0.631192 -0.380782
80  0.000000 1.789783 0.000000  0.105693 0.066384 0.343677
81  0.000000 0.000000 -0.000000  0.347279 0.000000 1.570806
82  1.789789 0.000014 -0.000001  0.002653 0.043678 0.349579
83  0.000001 1.206998 -0.000001  0.184116 0.296141 0.567991
84  0.000000 -0.000002 -0.000000  0.000001 -0.000001 1.570797
85  1.207005 -0.000013 0.000004  -0.000003 0.000001 0.540443
86  0.000000 0.000000 1.000000  1.570796 -0.000000 0.000000
time 7
0  0.000005 3.335938 -8.640624  -1.570780 -1.391896 -1.570809
1  2.033356 1.000772 -1.937610  1.473119 1.855075 -0.198639
2  6.028144 -0.000001 0.000000  2.149676 1.516381 -0.411480
3  11.692554 0.000002 0.000003  0.000000 0.000000 -0.310116
4  11.481695 0.000001 0.000002  -1.288835 0.007428 0.200690
5  3.859676 -0.132570 1.193108  0.432210 -0.155861 -0.861350
6  1.312558 0.000000 -0.000001  -0.000000 0.000000 -1.191994
7  0.729365 -0.000003 -0.000003  -0.000000 -0.000000 -1.063394
8  3.942304 0.050326 0.431043  0.232421 0.000609 -0.853331
9  1.539097 -0.000003 0.000001  -0.000000 0.000000 -0.973379
10  1.196322 0.000008 -0.000001  0.000000 0.000000 -1.451289
11  3.883657 -0.050323 -0.431042  0.066987 0.050243 -0.694792
12  1.719579 0.000006 -0.000000  0.000000 -0.000000 -1.251039
13  1.209184 0.000004 0.000000  0.000000 -0.000003 -1.141145
14  3.859836 -0.148937 -1.331282  -0.248855 0.263129 -0.072121
15  1.719427 0.000002 -0.000001  0.000000 0.000000 -0.676756
16  1.099666 0.000005 -0.000000  -0.000000 0.000000 -1.021287
17  0.806020 -0.359837 -1.318333  1.349685 0.343493 -0.771450
18  1.789783 -0.000000 -0.000002  0.000000 -0.000000 0.397500
19  1.206998 0.000004 0.000004  0.000000 -0.000000 0.989033
20  6.104521 -1.468680 -3.530283  -1.564198 -0.011689 -1.581440
21  3.820742 -1.409994 -0.589408  -1.564198 -0.011689 -1.581440
22  0.222803 -3.739062 1.509297  0.024887 2.851473 -1.494016
23  3.048727 6.125608 1.106842  1.596061 0.018247 -0.808184
24  3.527214 5.063566 0.216260  1.596061 0.018246 -0.808184
25  3.352951 5.114324 -0.401206  1.596061 0.018247 -0.808184
26  2.909482 4.772882 -1.012055  1.596061 0.018247 -0.808184
27  1.772479 4.476567 2.356869  1.596061 0.018247 -0.808184
28  0.000006 3.336140 -8.647861  -1.570799 -1.391898 -1.570795
29  2.033350 1.000764 1.937663  1.227517 0.585911 1.190966
30  2.026190 1.001859 1.937675  1.227511 0.585916 1.190961
31  0.000001 -0.000001 0.000004  1.583265 0.000007 1.570794
32  0.000000 6.028147 -0.000001  -0.405741 -0.510400 -0.919606
33  -0.000001 0.000009 -0.000006  -0.000002 0.000003 1.570792
34  0.000017 6.028144 -0.000011  -0.547274 0.351593 0.444323
35  0.000000 11.692570 0.000000  -0.000001 -0.000005 -0.634880
36  0.000000 0.000002 -0.000002  0.000005 0.000000 1.570801
37  11.692576 0.000055 0.000042  0.000004 -0.000001 -0.634871
38  0.000000 11.481686 -0.000000  0.405364 0.486353 0.741267
39  -0.000000 0.000001 0.000001  0.000000 -0.000000 1.570789
40  11.481682 -0.000055 0.000009  0.522087 -0.356100 0.543307
41  0.137968 3.859859 1.332475  -1.465453 -1.619430 0.860057
42  0.000000 0.000001 0.000001  1.933714 0.000004 1.570794
43  3.859861 -0.137941 1.332475  0.357799 -0.048366 -0.605272
44  0.000000 1.719428 0.000003  -0.420874 0.202310 0.066145
45  -0.000000 0.000002 -0.000000  1.743430 0.000000 1.570798
46  1.719429 0.000004 -0.000006  0.000189 -0.009099 -0.438597
47  0.000000 1.099664 -0.000004  1.022355 1.907816 1.050328
48  0.000004 -0.000001 -0.000001  -0.000002 0.000003 1.570799
49  1.099664 -0.000000 0.000003  -0.000119 0.002599 -0.290976
50  0.046788 3.883685 0.431451  -0.028175 -1.505149 -0.643943
51  0.000000 -0.000001 -0.000000  1.590082 0.000009 1.570787
52  3.883688 -0.046761 0.431450  0.084906 0.001839 -0.672064
53  0.000000 1.719575 -0.000001  -0.720098 0.051523 -0.006475
54  -0.000000 -0.000000 0.000001  1.538381 -0.000002 1.570794
55  1.719580 0.000015 -0.000016  -0.003915 0.016394 -0.719625
56  0.000002 1.209180 0.000001  -1.502663 1.085645 -1.507497
57  0.000001 0.000000 0.000000  -0.000000 -0.000000 1.570805
58  1.209184 -0.000002 -0.000001  -0.000816 0.002971 -0.484092
59  -0.046750 3.942329 -0.431435  -0.326452 -1.473453 -0.660443
60  -0.000001 -0.000000 -0.000002  1.317660 0.000000 1.570797
61  3.942329 0.046778 -0.431437  -0.160904 0.031173 -0.985454
62  -0.000002 1.539089 -0.000002  -0.255111 -0.026494 -0.056799
63  0.000000 0.000000 -0.000002  1.337310 -0.000004 1.570800
64  1.539095 -0.000002 0.000001  -0.000026 0.003537 -0.262661
65  0.000001 1.196323 -0.000003  -1.013117 1.118325 -1.059573
66  -0.000000 -0.000000 -0.000000  0.000000 -0.000001 1.570800
67  1.196327 -0.000006 0.000004  0.000000 0.000003 -0.391196
68  0.142426 3.859705 -1.191965  -0.667374 -1.423717 -0.301268
69  0.000000 0.000002 -0.000001  0.976757 -0.000005 1.570807
70  3.859706 -0.142400 -1.191968  -0.478196 0.090837 -0.963365
71  0.000000 1.312567 -0.000001  -0.361358 -0.138963 -0.204711
72  0.000000 0.000000 0.000001  1.078169 0.000003 1.570794
73  1.312570 -0.000015 0.000008  0.000004 -0.001344 -0.437235
74  0.000000 0.729363 -0.000003  -0.404440 1.030436 -0.462977
75  -0.000001 -0.000001 -0.000001  -0.000001 -0.000001 1.570795
76  0.729365 0.000000 -0.000002  0.000002 -0.000004 -0.231827
77  0.348927 0.806046 1.321262  -1.142976 -2.276483 0.650279
78  0.000000 0.000000 -0.000001  0.437032 0.000002 1.570791
79  0.806048 -0.348924 1.321262  -1.473563 -0.631193 -0.380782
80  -0.000000 1.789784 -0.000000  0.105693 0.066384 0.343678
81  0.000001 0.000001 0.000001  0.347279 0.000000 1.570806
82  1.789788 0.000011 -0.000001  0.002654 0.043678 0.349579
83  0.000000 1.207000 0.000003  0.184116 0.296141 0.567992
84  0.000000 -0.000002 0.000000  0.000001 -0.000001 1.570797
85  1.207002 -0.000008 0.000006  -0.000003 0.000001 0.540443
86  0.000000 0.000000 1.000000  1.570796 -0.000000 0.000000
time 8
0  0.000005 3.335938 -8.640624  -1.570780 -1.391896 -1.570809
1  2.033356 1.000772 -1.937610  1.473119 1.855075 -0.198639
2  6.028144 -0.000001 0.000000  2.156619 1.516942 -0.404510
3  11.692555 0.000001 0.000003  -0.000000 -0.000000 -0.308763
4  11.481697 0.000001 0.000002  -1.288835 0.007428 0.200690
5  3.859680 -0.132571 1.193107  0.432210 -0.155861 -0.861350
6  1.312560 0.000002 -0.000001  -0.000000 0.000000 -1.191994
7  0.729364 -0.000002 -0.000001  -0.000000 0.000000 -1.063394
8  3.942309 0.050325 0.431042  0.232421 0.000609 -0.853331
9  1.539098 -0.000005 0.000001  -0.000000 0.000000 -0.973379
10  1.196322 0.000006 -0.000000  0.000000 0.000000 -1.451289
11  3.883659 -0.050324 -0.431043  0.066987 0.050243 -0.694792
12  1.719578 0.000006 0.000000  0.000000 -0.000000 -1.251039
13  1.209185 -0.000002 0.000000  0.000000 -0.000003 -1.141145
14  3.859840 -0.148937 -1.331283  -0.248855 0.263129 -0.072121
15  1.719422 0.000002 0.000000  -0.000000 0.000000 -0.676756
16  1.099665 0.000002 0.000000  0.000000 0.000000 -1.021287
17  0.806024 -0.359838 -1.318334  1.349685 0.343493 -0.771450
18  1.789785 0.000002 -0.000006  -0.000000 -0.000000 0.397500
19  1.206998 0.000002 0.000005  0.000000 -0.000000 0.989033
20  6.104524 -1.468680 -3.530283  -1.564198 -0.011689 -1.581440
21  3.820744 -1.409995 -0.589409  -1.564198 -0.011689 -1.581440
22  0.222821 -3.739064 1.509296  0.024887 2.851473 -1.494016
23  3.048727 6.125612 1.106840  1.596061 0.018247 -0.808184
24  3.527214 5.063571 0.216259  1.596061 0.018246 -0.808184
25  3.352950 5.114331 -0.401208  1.596061 0.018247 -0.808184
26  2.909481 4.772885 -1.012057  1.596061 0.018247 -0.808184
27  1.772478 4.476573 2.356868  1.596061 0.018247 -0.808184
28  0.000006 3.336140 -8.647861  -1.570799 -1.391898 -1.570795
29  2.033350 1.000764 1.937663  1.227517 0.585911 1.190966
30  2.026190 1.001859 1.937675  1.227511 0.585916 1.190961
31  0.000001 -0.000001 0.000004  1.583265 0.000007 1.570794
32  0.000000 6.028147 -0.000001  -0.405569 -0.510481 -0.919870
33  -0.000001 0.000010 -0.000006  -0.000002 0.000003 1.570792
34  0.000017 6.028144 -0.000011  -0.547325 0.351430 0.444125
35  0.000000 11.692571 -0.000000  -0.000001 -0.000005 -0.634341
36  0.000001 0.000001 -0.000002  0.000005 0.000001 1.570801
37  11.692577 0.000055 0.000042  0.000005 -0.000001 -0.634331
38  0.000002 11.481680 -0.000001  0.404626 0.486274 0.740918
39  -0.000000 -0.000000 0.000000  0.000000 -0.000000 1.570789
40  11.481682 -0.000053 0.000007  0.521868 -0.355475 0.543379
41  0.137967 3.859856 1.332474  -1.465449 -1.619428 0.860055
42  0.000001 0.000002 0.000001  1.933714 0.000004 1.570794
43  3.859860 -0.137940 1.332474  0.357799 -0.048364 -0.605275
44  0.000002 1.719433 0.000003  -0.420868 0.202310 0.066145
45  0.000000 -0.000000 -0.000001  1.743430 0.000000 1.570798
46  1.719437 0.000007 -0.000007  0.000190 -0.009098 -0.438591
47  0.000000 1.099663 0.000000  1.022346 1.907812 1.050319
48  -0.000001 0.000000 0.000000  -0.000002 0.000003 1.570799
49  1.099665 0.000001 0.000003  -0.000119 0.002600 -0.290970
50  0.046788 3.883690 0.431451  -0.028185 -1.505149 -0.643934
51  0.000002 -0.000003 0.000000  1.590082 0.000009 1.570787
52  3.883693 -0.046761 0.431449  0.084906 0.001840 -0.672062
53  0.000001 1.719576 0.000002  -0.720097 0.051523 -0.006475
54  0.000001 0.000000 0.000000  1.538381 -0.000002 1.570794
55  1.719581 0.000017 -0.000016  -0.003915 0.016394 -0.719624
56  0.000000 1.209183 -0.000000  -1.502663 1.085645 -1.507497
57  0.000000 -0.000001 0.000000  -0.000000 -0.000000 1.570805
58  1.209186 -0.000000 -0.000004  -0.000816 0.002971 -0.484092
59  -0.046751 3.942327 -0.431437  -0.326462 -1.473452 -0.660437
60  -0.000001 0.000000 -0.000002  1.317660 0.000000 1.570797
61  3.942329 0.046779 -0.431439  -0.160904 0.031174 -0.985453
62  -0.000001 1.539091 -0.000004  -0.255109 -0.026494 -0.056799
63  0.000002 0.000001 0.000004  1.337310 -0.000004 1.570800
64  1.539097 -0.000003 0.000003  -0.000026 0.003537 -0.262658
65  0.000001 1.196322 0.000004  -1.013114 1.118327 -1.059570
66  -0.000005 -0.000000 0.000001  0.000000 -0.000001 1.570800
67  1.196326 -0.000002 0.000002  0.000000 0.000003 -0.391194
68  0.142426 3.859705 -1.191968  -0.667377 -1.423717 -0.301266
69  -0.000001 -0.000000 -0.000000  0.976757 -0.000005 1.570807
70  3.859709 -0.142400 -1.191970  -0.478196 0.090838 -0.963364
71  -0.000001 1.312567 -0.000000  -0.361356 -0.138963 -0.204711
72  0.000002 -0.000001 0.000001  1.078169 0.000003 1.570794
73  1.312573 -0.000014 0.000008  0.000004 -0.001345 -0.437234
74  0.000003 0.729362 -0.000002  -0.404438 1.030436 -0.462974
75  0.000002 -0.000000 0.000001  -0.000001 -0.000001 1.570794
76  0.729366 -0.000003 0.000000  0.000001 -0.000004 -0.231826
77  0.348927 0.806042 1.321260  -1.142974 -2.276482 0.650279
78  -0.000000 0.000000 0.000001  0.437032 0.000002 1.570791
79  0.806046 -0.348924 1.321260  -1.473563 -0.631191 -0.380781
80  -0.000000 1.789783 0.000005  0.105693 0.066385 0.343676
81  0.000001 -0.000002 0.000001  0.347279 0.000000 1.570806
82  1.789788 0.000013 0.000001  0.002654 0.043678 0.349579
83  0.000001 1.206996 0.000001  0.184116 0.296141 0.567990
84  -0.000000 0.000001 0.000001  0.000001 -0.000001 1.570797
85  1.207003 -0.000012 0.000004  -0.000004 0.000001 0.540441
86  0.000000 0.000000 1.000000  1.570796 -0.000000 0.000000
time 9
0  0.000005 3.335938 -8.640624  -1.570780 -1.391896 -1.570809
1  2.033356 1.000772 -1.937610  1.473119 1.855075 -0.198639
2  6.028144 -0.000001 0.000000  2.162490 1.517409 -0.398655
3  11.692555 -0.000000 0.000004  -0.000000 0.000000 -0.307598
4  11.481698 0.000001 0.000002  -1.288835 0.007428 0.200690
5  3.859676 -0.132571 1.193107  0.432210 -0.155861 -0.861350
6  1.312561 0.000004 0.000001  -0.000000 0.000000 -1.191994
7  0.729365 -0.000001 -0.000001  -0.000000 -0.000000 -1.063394
8  3.942306 0.050325 0.431043  0.232421 0.000609 -0.853331
9  1.539099 -0.000003 0.000001  -0.000000 0.000000 -0.973379
10  1.196321 0.000009 -0.000000  0.000000 0.000000 -1.451289
11  3.883656 -0.050324 -0.431042  0.066987 0.050243 -0.694792
12  1.719579 0.000006 0.000001  0.000000 -0.000000 -1.251039
13  1.209184 0.000002 0.000001  0.000000 -0.000003 -1.141173
14  3.859836 -0.148937 -1.331282  -0.248855 0.263129 -0.072121
15  1.719423 0.000002 0.000001  0.000000 0.000000 -0.676756
16  1.099665 0.000003 0.000000  -0.000000 0.000000 -1.021287
17  0.806020 -0.359837 -1.318333  1.349685 0.343493 -0.771450
18  1.789783 -0.000001 -0.000006  -0.000000 0.000000 0.397500
19  1.206999 0.000002 0.000002  0.000000 -0.000000 0.989033
20  6.104521 -1.468680 -3.530283  -1.564198 -0.011689 -1.581440
21  3.820744 -1.409994 -0.589408  -1.564198 -0.011689 -1.581440
22  0.222818 -3.739062 1.509297  0.024887 2.851473 -1.494016
23  3.048726 6.125613 1.106839  1.596061 0.018247 -0.808184
24  3.527214 5.063568 0.216258  1.596061 0.018246 -0.808184
25  3.352950 5.114329 -0.401208  1.596061 0.018247 -0.808184
26  2.909482 4.772883 -1.012057  1.596061 0.018247 -0.808184
27  1.772478 4.476569 2.356867  1.596061 0.018247 -0.808184
28  0.000006 3.336140 -8.647861  -1.570799 -1.391898 -1.570795
29  2.033350 1.000764 1.937663  1.227517 0.585911 1.190966
30  2.026190 1.001859 1.937675  1.227511 0.585916 1.190961
31  0.000001 -0.000001 0.000004  1.583265 0.000007 1.570794
32  0.000000 6.028147 -0.000001  -0.405435 -0.510556 -0.920097
33  -0.000002 0.000009 -0.000005  -0.000002 0.000003 1.570792
34  0.000017 6.028144 -0.000011  -0.547378 0.351300 0.443946
35  -0.000001 11.692571 -0.000000  -0.000001 -0.000005 -0.633860
36  0.000000 0.000002 -0.000002  0.000005 0.000000 1.570801
37  11.692580 0.000056 0.000041  0.000004 -0.000001 -0.633851
38  -0.000000 11.481682 -0.000000  0.403992 0.486244 0.740626
39  -0.000001 0.000000 0.000001  0.000000 -0.000000 1.570789
40  11.481684 -0.000053 0.000008  0.521719 -0.354932 0.543435
41  0.137967 3.859859 1.332474  -1.465458 -1.619430 0.860062
42  -0.000000 0.000001 -0.000001  1.933714 0.000004 1.570794
43  3.859861 -0.137941 1.332475  0.357799 -0.048366 -0.605273
44  0.000000 1.719431 -0.000003  -0.420873 0.202310 0.066145
45  0.000000 -0.000000 -0.000004  1.743430 0.000000 1.570798
46  1.719432 0.000004 -0.000005  0.000189 -0.009099 -0.438596
47  0.000001 1.099660 -0.000002  1.022354 1.907815 1.050326
48  0.000000 -0.000000 -0.000001  -0.000002 0.000003 1.570799
49  1.099663 0.000003 0.000003  -0.000119 0.002600 -0.290975
50  0.046788 3.883687 0.431451  -0.028177 -1.505149 -0.643947
51  -0.000000 -0.000002 -0.000000  1.590082 0.000009 1.570787
52  3.883687 -0.046761 0.431451  0.084906 0.001839 -0.672064
53  0.000001 1.719575 0.000004  -0.720098 0.051523 -0.006475
54  0.000000 0.000000 0.000001  1.538381 -0.000002 1.570794
55  1.719582 0.000018 -0.000016  -0.003915 0.016394 -0.719625
56  -0.000001 1.209184 0.000001  -1.502664 1.085645 -1.507497
57  0.000001 -0.000000 0.000001  -0.000000 -0.000000 1.570805
58  1.209188 -0.000001 -0.000003  -0.000816 0.002971 -0.484092
59  -0.046752 3.942326 -0.431435  -0.326452 -1.473453 -0.660449
60  -0.000001 -0.000001 0.000001  1.317660 0.000000 1.570797
61  3.942326 0.046779 -0.431437  -0.160904 0.031173 -0.985455
62  0.000001 1.539088 0.000001  -0.255109 -0.026494 -0.056799
63  -0.000001 0.000000 -0.000000  1.337310 -0.000004 1.570800
64  1.539094 -0.000002 0.000002  -0.000026 0.003537 -0.262658
65  -0.000000 1.196324 -0.000000  -1.013113 1.118328 -1.059570
66  -0.000003 0.000000 -0.000001  0.000000 -0.000001 1.570800
67  1.196327 -0.000007 0.000005  0.000001 0.000003 -0.391193
68  0.142425 3.859704 -1.191967  -0.667370 -1.423718 -0.301275
69  -0.000000 -0.000001 0.000002  0.976757 -0.000005 1.570807
70  3.859706 -0.142399 -1.191968  -0.478196 0.090837 -0.963367
71  0.000001 1.312567 0.000001  -0.361356 -0.138964 -0.204711
72  -0.000001 -0.000001 -0.000002  1.078169 0.000003 1.570794
73  1.312573 -0.000011 0.000008  0.000004 -0.001345 -0.437233
74  0.000001 0.729363 -0.000002  -0.404437 1.030436 -0.462973
75  0.000001 -0.000001 -0.000001  -0.000001 -0.000001 1.570795
76  0.729367 0.000005 0.000002  0.000001 -0.000004 -0.231825
77  0.348927 0.806043 1.321259  -1.142977 -2.276484 0.650280
78  -0.000001 0.000001 -0.000001  0.437032 0.000002 1.570791
79  0.806046 -0.348924 1.321261  -1.473563 -0.631194 -0.380782
80  -0.000002 1.789787 0.000001  0.105693 0.066384 0.343679
81  -0.000000 0.000000 0.000001  0.347279 0.000000 1.570806
82  1.789789 0.000012 -0.000000  0.002654 0.043679 0.349581
83  -0.000002 1.206999 0.000002  0.184118 0.296140 0.567994
84  0.000000 -0.000000 -0.000000  0.000001 -0.000001 1.570797
85  1.207002 -0.000009 0.000005  -0.000003 0.000001 0.540446
86  0.000000 0.000000 1.000000  1.570796 -0.000000 0.000000
time 10
0  0.000005 3.335938 -8.640624  -1.570780 -1.391896 -1.570809
1  2.033356 1.000772 -1.937610  1.473119 1.855075 -0.198639
2  6.028144 -0.000001 0.000000  2.166529 1.517737 -0.394613
3  11.692554 -0.000000 0.000003  -0.000000 0.000000 -0.306808
4  11.481697 0.000001 0.000002  -1.288835 0.007428 0.200690
5  3.859680 -0.132570 1.193107  0.432210 -0.155861 -0.861350
6  1.312559 -0.000000 0.000001  -0.000000 0.000000 -1.191994
7  0.729365 0.000000 0.000000  -0.000000 0.000000 -1.063394
8  3.942306 0.050325 0.431044  0.232421 0.000609 -0.853331
9  1.539097 -0.000005 0.000001  -0.000000 0.000000 -0.973379
10  1.196322 0.000004 0.000000  0.000000 0.000000 -1.451289
11  3.883658 -0.050323 -0.431043  0.066987 0.050243 -0.694792
12  1.719578 0.000004 0.000000  0.000000 -0.000000 -1.251039
13  1.209186 0.000001 0.000001  0.000000 -0.000003 -1.141145
14  3.859838 -0.148937 -1.331282  -0.248855 0.263129 -0.072121
15  1.719424 0.000002 -0.000001  0.000000 0.000000 -0.676756
16  1.099666 0.000003 -0.000000  -0.000000 0.000000 -1.021287
17  0.806023 -0.359837 -1.318333  1.349685 0.343493 -0.771450
18  1.789782 -0.000000 -0.000004  0.000000 -0.000000 0.397500
19  1.206999 0.000003 0.000002  0.000000 -0.000000 0.989033
20  6.104524 -1.468680 -3.530282  -1.564198 -0.011689 -1.581440
21  3.820743 -1.409994 -0.589408  -1.564198 -0.011689 -1.581440
22  0.222803 -3.739063 1.509297  0.024887 2.851473 -1.494016
23  3.048727 6.125613 1.106841  1.596061 0.018247 -0.808184
24  3.527214 5.063570 0.216259  1.596061 0.018246 -0.808184
25  3.352950 5.114328 -0.401207  1.596061 0.018247 -0.808184
26  2.909482 4.772885 -1.012056  1.596061 0.018247 -0.808184
27  1.772479 4.476571 2.356868  1.596061 0.018247 -0.808184
28  0.000006 3.336140 -8.647861  -1.570799 -1.391898 -1.570795
29  2.033350 1.000764 1.937663  1.227517 0.585911 1.190966
30  2.026190 1.001859 1.937675  1.227511 0.585916 1.190961
31  0.000001 -0.000001 0.000004  1.583265 0.000007 1.570794
32  0.000000 6.028147 -0.000001  -0.405344 -0.510593 -0.920227
33  -0.000001 0.000010 -0.000006  -0.000002 0.000003 1.570791
34  0.000017 6.028144 -0.000011  -0.547400 0.351215 0.443853
35  -0.000000 11.692571 -0.000001  -0.000001 -0.000005 -0.633581
36  -0.000001 0.000000 -0.000003  0.000005 0.000000 1.570801
37  11.692578 0.000053 0.000041  0.000004 -0.000001 -0.633571
38  -0.000001 11.481682 -0.000001  0.403561 0.486207 0.740447
39  -0.000001 0.000000 0.000001  0.000000 -0.000000 1.570789
40  11.481684 -0.000052 0.000008  0.521600 -0.354566 0.543499
41  0.137968 3.859856 1.332475  -1.465450 -1.619428 0.860054
42  0.000000 0.000001 -0.000002  1.933714 0.000004 1.570794
43  3.859858 -0.137941 1.332476  0.357799 -0.048364 -0.605276
44  0.000000 1.719427 -0.000003  -0.420867 0.202310 0.066145
45  0.000000 -0.000002 -0.000002  1.743430 0.000000 1.570798
46  1.719433 0.000004 -0.000006  0.000189 -0.009098 -0.438590
47  0.000000 1.099661 -0.000001  1.022345 1.907811 1.050317
48  -0.000003 -0.000001 -0.000001  -0.000002 0.000003 1.570799
49  1.099665 0.000002 0.000001  -0.000119 0.002600 -0.290970
50  0.046789 3.883686 0.431451  -0.028174 -1.505149 -0.643945
51  0.000000 0.000002 -0.000002  1.590082 0.000009 1.570787
52  3.883687 -0.046762 0.431451  0.084906 0.001839 -0.672064
53  -0.000001 1.719575 -0.000001  -0.720098 0.051524 -0.006475
54  -0.000002 0.000000 0.000004  1.538381 -0.000002 1.570794
55  1.719577 0.000013 -0.000017  -0.003915 0.016394 -0.719626
56  -0.000001 1.209182 0.000004  -1.502663 1.085644 -1.507496
57  -0.000000 0.000000 0.000000  -0.000000 -0.000000 1.570805
58  1.209184 -0.000002 -0.000003  -0.000817 0.002971 -0.484093
59  -0.046751 3.942325 -0.431435  -0.326458 -1.473453 -0.660440
60  -0.000001 0.000000 -0.000001  1.317660 0.000000 1.570797
61  3.942325 0.046778 -0.431437  -0.160904 0.031174 -0.985456
62  -0.000002 1.539093 0.000002  -0.255107 -0.026494 -0.056799
63  -0.000000 0.000000 0.000000  1.337310 -0.000004 1.570800
64  1.539094 0.000002 0.000001  -0.000026 0.003537 -0.262657
65  0.000001 1.196322 -0.000002  -1.013111 1.118330 -1.059567
66  0.000002 -0.000000 -0.000001  0.000000 -0.000001 1.570800
67  1.196324 -0.000010 0.000005  0.000000 0.000004 -0.391191
68  0.142426 3.859703 -1.191966  -0.667375 -1.423717 -0.301269
69  0.000000 0.000002 -0.000001  0.976757 -0.000005 1.570807
70  3.859704 -0.142400 -1.191968  -0.478196 0.090837 -0.963367
71  -0.000001 1.312571 0.000001  -0.361352 -0.138963 -0.204711
72  -0.000000 -0.000000 0.000001  1.078169 0.000003 1.570794
73  1.312572 -0.000010 0.000009  0.000004 -0.001347 -0.437230
74  -0.000000 0.729363 -0.000001  -0.404432 1.030438 -0.462967
75  0.000003 -0.000000 0.000001  -0.000001 -0.000001 1.570795
76  0.729367 0.000004 -0.000000  0.000001 -0.000004 -0.231822
77  0.348928 0.806042 1.321261  -1.142973 -2.276479 0.650277
78  0.000000 0.000001 0.000001  0.437032 0.000002 1.570791
79  0.806044 -0.348924 1.321262  -1.473562 -0.631188 -0.380782
80  0.000000 1.789787 0.000002  0.105693 0.066385 0.343674
81  -0.000000 0.000001 0.000000  0.347279 0.000000 1.570806
82  1.789789 0.000010 -0.000000  0.002654 0.043677 0.349576
83  0.000000 1.206999 0.000001  0.184115 0.296142 0.567986
84  0.000000 0.000001 0.000001  0.000001 -0.000001 1.570797
85  1.207001 -0.000012 0.000006  -0.000004 0.000001 0.540438
86  0.000000 0.000000 1.000000  1.570796 -0.000000 0.000000
time 11
0  0.000005 3.335938 -8.640624  -1.570780 -1.391896 -1.570809
1  2.033356 1.000772 -1.937610  1.473119 1.855075 -0.198639
2  6.028144 -0.000001 0.000000  2.168033 1.517830 -0.393113
3  11.692555 0.000001 0.000003  -0.000000 0.000000 -0.306545
4  11.481697 0.000002 0.000003  -1.288835 0.007428 0.200690
5  3.859675 -0.132570 1.193107  0.432210 -0.155861 -0.861350
6  1.312562 0.000001 0.000001  -0.000000 0.000000 -1.191994
7  0.729364 -0.000002 -0.000001  -0.000000 0.000000 -1.063394
8  3.942302 0.050325 0.431043  0.232421 0.000609 -0.853331
9  1.539099 -0.000002 0.000001  -0.000000 0.000000 -0.973379
10  1.196323 0.000010 -0.000001  0.000000 0.000000 -1.451289
11  3.883655 -0.050323 -0.431043  0.066987 0.050243 -0.694792
12  1.719576 0.000002 -0.000000  0.000000 -0.000000 -1.251039
13  1.209184 0.000000 0.000000  0.000000 -0.000003 -1.141173
14  3.859834 -0.148937 -1.331283  -0.248855 0.263129 -0.072121
15  1.719425 0.000003 -0.000000  -0.000000 0.000000 -0.676756
16  1.099666 0.000003 0.000001  -0.000000 0.000000 -1.021287
17  0.806019 -0.359837 -1.318334  1.349685 0.343493 -0.771450
18  1.789783 0.000001 -0.000007  -0.000000 -0.000000 0.397500
19  1.207000 0.000003 0.000003  0.000000 -0.000000 0.989033
20  6.104520 -1.468680 -3.530283  -1.564198 -0.011689 -1.581440
21  3.820739 -1.409994 -0.589409  -1.564198 -0.011689 -1.581440
22  0.222816 -3.739061 1.509297  0.024887 2.851473 -1.494016
23  3.048727 6.125609 1.106840  1.596061 0.018247 -0.808184
24  3.527214 5.063567 0.216259  1.596061 0.018246 -0.808184
25  3.352949 5.114326 -0.401207  1.596061 0.018247 -0.808184
26  2.909481 4.772881 -1.012056  1.596061 0.018247 -0.808184
27  1.772479 4.476569 2.356867  1.596061 0.018247 -0.808184
28  0.000006 3.336140 -8.647861  -1.570799 -1.391898 -1.570795
29  2.033350 1.000764 1.937663  1.227517 0.585911 1.190966
30  2.026190 1.001859 1.937675  1.227511 0.585916 1.190961
31  0.000001 -0.000001 0.000004  1.583265 0.000007 1.570794
32  0.000000 6.028147 -0.000001  -0.405307 -0.510629 -0.920315
33  -0.000001 0.000009 -0.000006  -0.000002 0.000003 1.570791
34  0.000017 6.028144 -0.000011  -0.547430 0.351176 0.443773
35  0.000000 11.692572 -0.000000  -0.000001 -0.000005 -0.633411
36  -0.000001 0.000001 -0.000002  0.000005 0.000000 1.570801
37  11.692576 0.000052 0.000037  0.000004 -0.000001 -0.633402
38  -0.000001 11.481682 -0.000000  0.403420 0.486207 0.740349
39  -0.000001 -0.000001 -0.000001  0.000000 -0.000000 1.570789
40  11.481683 -0.000053 0.000006  0.521574 -0.354443 0.543476
41  0.137968 3.859857 1.332474  -1.465450 -1.619428 0.860055
42  -0.000001 -0.000002 0.000000  1.933714 0.000004 1.570794
43  3.859859 -0.137941 1.332476  0.357798 -0.048364 -0.605276
44  0.000000 1.719426 0.000001  -0.420867 0.202310 0.066145
45  -0.000000 0.000001 0.000002  1.743430 0.000000 1.570798
46  1.719433 0.000004 -0.000006  0.000189 -0.009098 -0.438590
47  -0.000001 1.099664 0.000003  1.022345 1.907811 1.050318
48  0.000002 -0.000000 -0.000001  -0.000002 0.000003 1.570799
49  1.099667 0.000002 0.000003  -0.000120 0.002600 -0.290970
50  0.046788 3.883686 0.431449  -0.028181 -1.505149 -0.643937
51  -0.000001 0.000001 0.000002  1.590082 0.000009 1.570787
52  3.883689 -0.046761 0.431450  0.084906 0.001840 -0.672064
53  -0.000001 1.719578 0.000003  -0.720097 0.051523 -0.006475
54  0.000000 -0.000001 -0.000002  1.538381 -0.000002 1.570794
55  1.719582 0.000014 -0.000018  -0.003915 0.016394 -0.719625
56  0.000001 1.209178 -0.000003  -1.502663 1.085645 -1.507496
57  0.000002 -0.000000 -0.000000  -0.000000 -0.000000 1.570805
58  1.209183 -0.000004 -0.000001  -0.000817 0.002971 -0.484093
59  -0.046751 3.942323 -0.431435  -0.326465 -1.473452 -0.660432
60  0.000001 0.000001 0.000001  1.317660 0.000000 1.570797
61  3.942325 0.046778 -0.431435  -0.160904 0.031175 -0.985454
62  0.000001 1.539092 0.000004  -0.255108 -0.026494 -0.056799
63  -0.000000 -0.000001 0.000000  1.337310 -0.000004 1.570800
64  1.539096 0.000000 0.000002  -0.000026 0.003537 -0.262658
65  0.000000 1.196324 0.000002  -1.013113 1.118328 -1.059569
66  0.000002 0.000000 0.000001  0.000000 -0.000001 1.570800
67  1.196327 -0.000002 0.000004  0.000001 0.000004 -0.391192
68  0.142426 3.859702 -1.191967  -0.667376 -1.423717 -0.301268
69  0.000001 0.000000 -0.000001  0.976757 -0.000005 1.570807
70  3.859705 -0.142400 -1.191967  -0.478196 0.090838 -0.963366
71  0.000001 1.312567 -0.000001  -0.361353 -0.138963 -0.204711
72  0.000000 0.000000 -0.000000  1.078169 0.000003 1.570794
73  1.312569 -0.000016 0.000007  0.000004 -0.001346 -0.437232
74  -0.000001 0.729366 0.000002  -0.404433 1.030437 -0.462969
75  -0.000001 -0.000001 -0.000001  -0.000001 -0.000001 1.570795
76  0.729368 0.000006 0.000000  0.000002 -0.000004 -0.231822
77  0.348927 0.806040 1.321259  -1.142974 -2.276480 0.650278
78  0.000001 0.000001 -0.000000  0.437032 0.000002 1.570791
79  0.806044 -0.348924 1.321262  -1.473563 -0.631189 -0.380782
80  0.000000 1.789783 -0.000000  0.105693 0.066384 0.343676
81  0.000000 -0.000003 0.000000  0.347279 0.000000 1.570806
82  1.789788 0.000011 -0.000001  0.002654 0.043678 0.349578
83  -0.000001 1.206997 0.000000  0.184116 0.296141 0.567988
84  0.000000 -0.000001 -0.000000  0.000001 -0.000001 1.570797
85  1.207003 -0.000010 0.000005  -0.000004 0.000001 0.540440
86  0.000000 0.000000 1.000000  1.570796 -0.000000 0.000000
time 12
0  0.000005 3.335938 -8.640624  -1.570780 -1.391896 -1.570809
1  2.033356 1.000772 -1.937610  1.473119 1.855075 -0.198639
2  6.028144 -0.000001 0.000000  2.167497 1.517783 -0.393621
3  11.692555 0.000000 0.000003  -0.000000 0.000000 -0.306620
4  11.481696 0.000002 0.000002  -1.288835 0.007428 0.200690
5  3.859676 -0.132570 1.193108  0.432210 -0.155861 -0.861350
6  1.312561 0.000001 0.000000  -0.000000 0.000000 -1.191994
7  0.729363 0.000000 0.000000  -0.000000 0.000000 -1.063394
8  3.942304 0.050326 0.431043  0.232421 0.000609 -0.853331
9  1.539096 -0.000005 0.000001  -0.000000 0.000000 -0.973379
10  1.196321 0.000010 -0.000000  -0.000000 0.000000 -1.451289
11  3.883656 -0.050323 -0.431042  0.066987 0.050243 -0.694792
12  1.719580 0.000005 0.000000  0.000000 -0.000000 -1.251039
13  1.209183 -0.000002 0.000001  0.000000 -0.000003 -1.141145
14  3.859836 -0.148936 -1.331282  -0.248855 0.263129 -0.072121
15  1.719420 0.000001 -0.000002  -0.000000 0.000000 -0.676756
16  1.099665 0.000002 0.000000  0.000000 0.000000 -1.021287
17  0.806019 -0.359836 -1.318334  1.349685 0.343493 -0.771450
18  1.789785 0.000001 -0.000003  -0.000000 0.000000 0.397500
19  1.206998 0.000003 0.000003  0.000000 -0.000000 0.989033
20  6.104519 -1.468679 -3.530282  -1.564198 -0.011689 -1.581440
21  3.820742 -1.409994 -0.589408  -1.564198 -0.011689 -1.581440
22  0.222821 -3.739061 1.509297  0.024887 2.851473 -1.494016
23  3.048727 6.125612 1.106841  1.596061 0.018247 -0.808184
24  3.527214 5.063570 0.216260  1.596061 0.018246 -0.808184
25  3.352950 5.114329 -0.401207  1.596061 0.018247 -0.808184
26  2.909482 4.772884 -1.012056  1.596061 0.018247 -0.808184
27  1.772478 4.476572 2.356868  1.596061 0.018247 -0.808184
28  0.000006 3.336140 -8.647861  -1.570799 -1.391898 -1.570795
29  2.033350 1.000764 1.937663  1.227517 0.585911 1.190966
30  2.026190 1.001859 1.937675  1.227511 0.585916 1.190961
31  0.000001 -0.000001 0.000004  1.583265 0.000007 1.570794
32  0.000000 6.028147 -0.000001  -0.405340 -0.510634 -0.920299
33  -0.000001 0.000009 -0.000006  -0.000002 0.000003 1.570792
34  0.000017 6.028144 -0.000011  -0.547441 0.351203 0.443768
35  -0.000000 11.692572 0.000000  -0.000001 -0.000005 -0.633411
36  0.000000 0.000001 -0.000000  0.000005 0.000000 1.570801
37  11.692578 0.000054 0.000043  0.000004 -0.000001 -0.633402
38  0.000001 11.481680 0.000002  0.403466 0.486190 0.740338
39  -0.000001 -0.000001 0.000000  0.000000 -0.000000 1.570789
40  11.481681 -0.000053 0.000007  0.521565 -0.354486 0.543447
41  0.137967 3.859855 1.332474  -1.465459 -1.619429 0.860057
42  -0.000000 -0.000003 0.000000  1.933714 0.000004 1.570794
43  3.859857 -0.137941 1.332475  0.357799 -0.048364 -0.605274
44  0.000001 1.719425 0.000000  -0.420869 0.202310 0.066145
45  0.000000 -0.000001 -0.000001  1.743430 0.000000 1.570798
46  1.719437 0.000006 -0.000005  0.000189 -0.009098 -0.438592
47  0.000000 1.099661 0.000001  1.022349 1.907813 1.050320
48  -0.000000 0.000001 0.000001  -0.000002 0.000003 1.570799
49  1.099664 0.000001 0.000001  -0.000119 0.002600 -0.290972
50  0.046789 3.883681 0.431451  -0.028182 -1.505149 -0.643942
51  0.000001 0.000000 0.000000  1.590082 0.000009 1.570787
52  3.883684 -0.046762 0.431452  0.084906 0.001840 -0.672063
53  -0.000001 1.719575 0.000001  -0.720097 0.051523 -0.006475
54  0.000001 -0.000000 -0.000000  1.538381 -0.000002 1.570794
55  1.719576 0.000013 -0.000019  -0.003915 0.016393 -0.719624
56  -0.000000 1.209183 -0.000001  -1.502663 1.085645 -1.507496
57  0.000001 0.000000 0.000000  -0.000000 -0.000000 1.570805
58  1.209185 -0.000004 -0.000003  -0.000816 0.002971 -0.484092
59  -0.046751 3.942322 -0.431435  -0.326470 -1.473452 -0.660428
60  0.000000 0.000001 0.000002  1.317660 0.000000 1.570797
61  3.942323 0.046778 -0.431435  -0.160904 0.031175 -0.985453
62  -0.000001 1.539088 -0.000001  -0.255110 -0.026494 -0.056799
63  0.000000 -0.000000 0.000002  1.337310 -0.000004 1.570800
64  1.539093 -0.000001 0.000000  -0.000026 0.003537 -0.262659
65  -0.000000 1.196325 0.000002  -1.013115 1.118327 -1.059571
66  0.000001 -0.000000 0.000001  0.000000 -0.000001 1.570800
67  1.196328 -0.000005 0.000002  0.000001 0.000003 -0.391194
68  0.142426 3.859702 -1.191966  -0.667378 -1.423717 -0.301263
69  0.000001 0.000000 0.000001  0.976757 -0.000005 1.570807
70  3.859704 -0.142400 -1.191967  -0.478196 0.090839 -0.963364
71  -0.000001 1.312569 0.000004  -0.361355 -0.138963 -0.204711
72  -0.000001 0.000000 -0.000000  1.078169 0.000003 1.570794
73  1.312573 -0.000011 0.000008  0.000005 -0.001346 -0.437232
74  -0.000000 0.729365 0.000001  -0.404437 1.030437 -0.462973
75  -0.000002 -0.000000 0.000001  -0.000001 -0.000001 1.570795
76  0.729367 0.000001 0.000000  0.000002 -0.000005 -0.231826
77  0.348927 0.806039 1.321260  -1.142973 -2.276479 0.650278
78  0.000000 -0.000001 -0.000000  0.437032 0.000002 1.570791
79  0.806043 -0.348924 1.321261  -1.473562 -0.631188 -0.380782
80  0.000002 1.789782 -0.000000  0.105693 0.066385 0.343674
81  0.000001 0.000001 0.000000  0.347279 0.000000 1.570806
82  1.789785 0.000009 -0.000002  0.002654 0.043677 0.349576
83  0.000000 1.207000 0.000000  0.184115 0.296142 0.567987
84  -0.000000 0.000000 -0.000001  0.000001 -0.000001 1.570797
85  1.207006 -0.000009 0.000005  -0.000003 0.000001 0.540438
86  0.000000 0.000000 1.000000  1.570796 -0.000000 0.000000
time 13
0  0.000005 3.335938 -8.640624  -1.570780 -1.391896 -1.570809
1  2.033356 1.000772 -1.937610  1.473119 1.855075 -0.198639
2  6.028144 -0.000001 0.000000  2.165971 1.517690 -0.395146
3  11.692555 0.000001 0.000004  -0.000000 0.000000 -0.306921
4  11.481695 -0.000001 0.000002  -1.288835 0.007449 0.200690
5  3.859679 -0.132571 1.193107  0.432210 -0.155861 -0.861350
6  1.312561 0.000003 0.000001  -0.000000 0.000000 -1.191994
7  0.729364 0.000000 -0.000002  -0.000000 0.000000 -1.063394
8  3.942309 0.050325 0.431043  0.232421 0.000609 -0.853331
9  1.539097 -0.000004 0.000001  -0.000000 0.000000 -0.973379
10  1.196322 0.000006 0.000000  -0.000000 0.000000 -1.451289
11  3.883659 -0.050324 -0.431043  0.066987 0.050243 -0.694792
12  1.719576 0.000003 -0.000000  0.000000 -0.000000 -1.251039
13  1.209184 0.000004 0.000001  0.000000 -0.000003 -1.141145
14  3.859838 -0.148938 -1.331282  -0.248855 0.263129 -0.072121
15  1.719421 0.000001 0.000000  0.000000 0.000000 -0.676756
16  1.099666 0.000004 0.000002  0.000000 0.000000 -1.021287
17  0.806021 -0.359838 -1.318334  1.349685 0.343493 -0.771450
18  1.789782 -0.000000 -0.000007  0.000000 -0.000000 0.397500
19  1.206998 0.000003 0.000004  0.000000 -0.000000 0.989033
20  6.104524 -1.468680 -3.530283  -1.564198 -0.011689 -1.581440
21  3.820743 -1.409994 -0.589409  -1.564198 -0.011689 -1.581440
22  0.222806 -3.739063 1.509298  0.024887 2.851473 -1.494016
23  3.048726 6.125611 1.106841  1.596061 0.018247 -0.808184
24  3.527214 5.063569 0.216259  1.596061 0.018246 -0.808184
25  3.352950 5.114327 -0.401207  1.596061 0.018247 -0.808184
26  2.909482 4.772883 -1.012057  1.596061 0.018247 -0.808184
27  1.772479 4.476571 2.356868  1.596061 0.018247 -0.808184
28  0.000006 3.336140 -8.647861  -1.570799 -1.391898 -1.570795
29  2.033350 1.000764 1.937663  1.227517 0.585911 1.190966
30  2.026190 1.001859 1.937675  1.227511 0.585916 1.190961
31  0.000001 -0.000001 0.000004  1.583265 0.000007 1.570794
32  0.000000 6.028147 -0.000001  -0.405355 -0.510591 -0.920216
33  -0.000001 0.000010 -0.000005  -0.000002 0.000003 1.570791
34  0.000017 6.028144 -0.000011  -0.547399 0.351224 0.443859
35  -0.000001 11.692571 0.000000  -0.000001 -0.000005 -0.633600
36  0.000001 0.000002 -0.000003  0.000005 0.000000 1.570801
37  11.692578 0.000051 0.000040  0.000004 -0.000001 -0.633591
38  0.000000 11.481683 -0.000001  0.403612 0.486198 0.740427
39  -0.000001 -0.000001 -0.000000  0.000000 -0.000000 1.570789
40  11.481684 -0.000053 0.000008  0.521600 -0.354611 0.543455
41  0.137967 3.859856 1.332473  -1.465452 -1.619429 0.860057
42  -0.000000 -0.000000 -0.000001  1.933714 0.000004 1.570794
43  3.859862 -0.137940 1.332473  0.357799 -0.048365 -0.605273
44  -0.000000 1.719430 -0.000001  -0.420871 0.202310 0.066145
45  -0.000001 0.000001 -0.000002  1.743430 0.000000 1.570798
46  1.719437 0.000005 -0.000006  0.000189 -0.009098 -0.438594
47  -0.000001 1.099664 0.000000  1.022350 1.907814 1.050323
48  -0.000001 0.000001 0.000000  -0.000002 0.000003 1.570799
49  1.099666 0.000000 0.000003  -0.000119 0.002600 -0.290973
50  0.046788 3.883687 0.431450  -0.028173 -1.505149 -0.643949
51  0.000001 0.000000 -0.000002  1.590082 0.000009 1.570787
52  3.883692 -0.046761 0.431448  0.084906 0.001839 -0.672063
53  0.000001 1.719580 0.000001  -0.720097 0.051523 -0.006475
54  0.000001 0.000000 0.000000  1.538382 -0.000002 1.570794
55  1.719585 0.000016 -0.000016  -0.003915 0.016394 -0.719625
56  0.000001 1.209181 -0.000002  -1.502663 1.085645 -1.507497
57  0.000001 0.000000 0.000000  -0.000000 -0.000000 1.570805
58  1.209185 -0.000004 -0.000002  -0.000816 0.002971 -0.484093
59  -0.046751 3.942323 -0.431436  -0.326460 -1.473452 -0.660439
60  0.000000 0.000001 -0.000001  1.317660 0.000000 1.570797
61  3.942327 0.046779 -0.431438  -0.160904 0.031174 -0.985454
62  -0.000001 1.539092 -0.000001  -0.255109 -0.026494 -0.056799
63  0.000001 0.000000 -0.000002  1.337310 -0.000004 1.570800
64  1.539096 -0.000003 0.000001  -0.000026 0.003537 -0.262658
65  0.000001 1.196323 -0.000000  -1.013114 1.118328 -1.059569
66  -0.000003 0.000000 0.000001  0.000000 -0.000001 1.570800
67  1.196326 -0.000005 0.000004  0.000000 0.000003 -0.391194
68  0.142426 3.859704 -1.191968  -0.667376 -1.423717 -0.301267
69  -0.000000 0.000000 -0.000003  0.976757 -0.000005 1.570807
70  3.859710 -0.142400 -1.191972  -0.478196 0.090838 -0.963366
71  -0.000001 1.312567 0.000000  -0.361353 -0.138963 -0.204711
72  0.000000 -0.000001 -0.000002  1.078169 0.000003 1.570794
73  1.312573 -0.000016 0.000008  0.000004 -0.001346 -0.437231
74  0.000000 0.729362 -0.000002  -0.404434 1.030437 -0.462969
75  0.000003 0.000000 0.000001  -0.000001 -0.000001 1.570795
76  0.729367 0.000005 -0.000000  0.000002 -0.000004 -0.231823
77  0.348927 0.806042 1.321259  -1.142974 -2.276480 0.650278
78  -0.000002 0.000001 0.000000  0.437032 0.000002 1.570790
79  0.806050 -0.348924 1.321259  -1.473562 -0.631190 -0.380782
80  -0.000001 1.789784 0.000000  0.105693 0.066384 0.343676
81  -0.000001 -0.000001 0.000001  0.347279 0.000000 1.570806
82  1.789788 0.000010 -0.000001  0.002653 0.043678 0.349578
83  -0.000001 1.206998 -0.000000  0.184116 0.296141 0.567989
84  -0.000000 0.000001 -0.000000  0.000001 -0.000001 1.570797
85  1.207003 -0.000011 0.000002  -0.000004 0.000001 0.540441
86  0.000000 0.000000 1.000000  1.570796 -0.000000 0.000000
time 14
0  0.000005 3.335938 -8.640624  -1.570780 -1.391896 -1.570809
1  2.033356 1.000772 -1.937610  1.473119 1.855075 -0.198639
2  6.028144 -0.000001 0.000000  2.163562 1.517503 -0.397566
3  11.692554 0.000001 0.000003  -0.000000 0.000000 -0.307410
4  11.481696 0.000002 0.000002  -1.288835 0.007490 0.200690
5  3.859675 -0.132570 1.193108  0.432210 -0.155861 -0.861350
6  1.312559 0.000000 0.000001  -0.000000 0.000000 -1.191994
7  0.729366 -0.000001 -0.000000  -0.000000 0.000000 -1.063394
8  3.942304 0.050325 0.431044  0.232421 0.000609 -0.853331
9  1.539098 -0.000004 0.000001  -0.000000 0.000000 -0.973379
10  1.196322 0.000010 -0.000000  0.000000 0.000000 -1.451289
11  3.883655 -0.050324 -0.431042  0.066987 0.050243 -0.694792
12  1.719576 0.000005 -0.000000  0.000000 -0.000000 -1.251039
13  1.209185 0.000000 0.000001  0.000000 -0.000003 -1.141173
14  3.859836 -0.148937 -1.331282  -0.248855 0.263129 -0.072121
15  1.719425 0.000002 0.000000  0.000000 0.000000 -0.676756
16  1.099665 0.000004 -0.000000  -0.000000 0.000000 -1.021287
17  0.806020 -0.359837 -1.318333  1.349685 0.343493 -0.771450
18  1.789783 -0.000000 -0.000005  -0.000000 -0.000000 0.397500
19  1.206998 0.000003 0.000003  0.000000 -0.000000 0.989033
20  6.104521 -1.468680 -3.530282  -1.564198 -0.011689 -1.581440
21  3.820742 -1.409995 -0.589408  -1.564198 -0.011689 -1.581440
22  0.222813 -3.739063 1.509297  0.024887 2.851473 -1.494016
23  3.048728 6.125612 1.106842  1.596061 0.018247 -0.808184
24  3.527214 5.063570 0.216260  1.596061 0.018246 -0.808184
25  3.352950 5.114328 -0.401206  1.596061 0.018247 -0.808184
26  2.909482 4.772884 -1.012056  1.596061 0.018247 -0.808184
27  1.772479 4.476572 2.356869  1.596061 0.018247 -0.808184
28  0.000006 3.336140 -8.647861  -1.570799 -1.391898 -1.570795
29  2.033350 1.000764 1.937663  1.227517 0.585911 1.190966
30  2.026190 1.001859 1.937675  1.227511 0.585916 1.190961
31  0.000001 -0.000001 0.000004  1.583265 0.000007 1.570794
32  0.000000 6.028147 -0.000001  -0.405382 -0.510562 -0.920147
33  -0.000001 0.000009 -0.000005  -0.000002 0.000003 1.570792
34  0.000017 6.028144 -0.000011  -0.547375 0.351254 0.443923
35  -0.000001 11.692570 -0.000000  -0.000001 -0.000005 -0.633769
36  0.000001 0.000000 -0.000002  0.000005 0.000000 1.570801
37  11.692579 0.000055 0.000042  0.000004 -0.000001 -0.633759
38  0.000001 11.481681 -0.000001  0.403851 0.486238 0.740494
39  -0.000000 0.000002 0.000001  0.000000 -0.000000 1.570789
40  11.481680 -0.000055 0.000006  0.521687 -0.354811 0.543381
41  0.137967 3.859858 1.332475  -1.465455 -1.619429 0.860061
42  -0.000000 -0.000003 -0.000000  1.933714 0.000004 1.570794
43  3.859859 -0.137941 1.332475  0.357799 -0.048366 -0.605274
44  0.000001 1.719427 0.000000  -0.420870 0.202310 0.066145
45  0.000002 0.000000 -0.000002  1.743430 0.000000 1.570798
46  1.719432 0.000006 -0.000006  0.000190 -0.009099 -0.438594
47  0.000001 1.099663 -0.000003  1.022349 1.907813 1.050322
48  -0.000003 0.000001 -0.000001  -0.000002 0.000003 1.570799
49  1.099665 -0.000000 0.000001  -0.000119 0.002600 -0.290972
50  0.046788 3.883691 0.431451  -0.028173 -1.505149 -0.643948
51  -0.000001 0.000001 -0.000001  1.590082 0.000009 1.570787
52  3.883690 -0.046761 0.431450  0.084906 0.001839 -0.672063
53  -0.000001 1.719577 0.000002  -0.720096 0.051523 -0.006475
54  0.000000 0.000000 -0.000001  1.538381 -0.000002 1.570794
55  1.719579 0.000017 -0.000017  -0.003915 0.016394 -0.719624
56  0.000000 1.209183 -0.000001  -1.502663 1.085645 -1.507496
57  0.000002 0.000000 -0.000001  -0.000000 -0.000000 1.570805
58  1.209187 -0.000001 -0.000003  -0.000816 0.002971 -0.484092
59  -0.046751 3.942328 -0.431434  -0.326457 -1.473452 -0.660441
60  0.000001 0.000000 -0.000003  1.317660 0.000000 1.570797
61  3.942329 0.046779 -0.431436  -0.160904 0.031174 -0.985454
62  0.000002 1.539089 -0.000003  -0.255110 -0.026494 -0.056799
63  0.000001 -0.000000 -0.000002  1.337310 -0.000004 1.570800
64  1.539094 -0.000001 0.000002  -0.000026 0.003537 -0.262659
65  0.000001 1.196321 -0.000001  -1.013114 1.118327 -1.059571
66  -0.000001 -0.000000 0.000000  0.000000 -0.000001 1.570800
67  1.196327 -0.000005 0.000004  0.000000 0.000003 -0.391194
68  0.142425 3.859707 -1.191966  -0.667371 -1.423718 -0.301273
69  0.000001 0.000002 0.000002  0.976757 -0.000005 1.570807
70  3.859709 -0.142400 -1.191969  -0.478196 0.090837 -0.963365
71  0.000003 1.312568 0.000001  -0.361354 -0.138963 -0.204711
72  -0.000002 -0.000001 0.000001  1.078169 0.000003 1.570794
73  1.312573 -0.000014 0.000011  0.000004 -0.001346 -0.437232
74  -0.000001 0.729364 0.000000  -0.404436 1.030437 -0.462972
75  -0.000001 0.000000 0.000001  -0.000001 -0.000001 1.570795
76  0.729367 0.000000 -0.000000  0.000001 -0.000004 -0.231825
77  0.348927 0.806045 1.321262  -1.142975 -2.276482 0.650279
78  -0.000001 0.000001 0.000000  0.437032 0.000002 1.570791
79  0.806045 -0.348924 1.321262  -1.473562 -0.631191 -0.380782
80  -0.000000 1.789785 0.000001  0.105693 0.066384 0.343676
81  0.000001 0.000000 0.000000  0.347279 0.000000 1.570806
82  1.789791 0.000011 -0.000000  0.002653 0.043678 0.349578
83  0.000001 1.207000 0.000001  0.184116 0.296141 0.567989
84  -0.000000 -0.000000 0.000000  0.000001 -0.000001 1.570797
85  1.207006 -0.000010 0.000005  -0.000004 0.000001 0.540441
86  0.000000 0.000000 1.000000  1.570796 -0.000000 0.000000
time 15
0  0.000005 3.335938 -8.640624  -1.570780 -1.391896 -1.570809
1  2.033356 1.000772 -1.937610  1.473119 1.855075 -0.198639
2  6.028144 -0.000001 0.000000  2.160388 1.517269 -0.400736
3  11.692555 0.000001 0.000002  -0.000000 0.000000 -0.308011
4  11.481695 0.000002 0.000002  -1.288817 0.007552 0.200690
5  3.859676 -0.132570 1.193108  0.432210 -0.155861 -0.861350
6  1.312559 0.000000 0.000000  -0.000000 0.000000 -1.191994
7  0.729366 -0.000002 -0.000003  -0.000000 0.000000 -1.063394
8  3.942305 0.050325 0.431044  0.232421 0.000609 -0.853331
9  1.539097 0.000000 0.000000  -0.000000 0.000000 -0.973401
10  1.196321 0.000008 0.000000  0.000000 0.000000 -1.451289
11  3.883656 -0.050323 -0.431043  0.066987 0.050243 -0.694792
12  1.719577 0.000004 0.000001  0.000000 -0.000000 -1.251039
13  1.209184 0.000002 0.000001  0.000000 -0.000003 -1.141145
14  3.859835 -0.148937 -1.331282  -0.248855 0.263129 -0.072121
15  1.719422 0.000002 -0.000001  0.000000 0.000000 -0.676756
16  1.099666 0.000006 0.000001  0.000000 0.000000 -1.021287
17  0.806021 -0.359837 -1.318333  1.349685 0.343493 -0.771450
18  1.789782 0.000000 -0.000006  -0.000000 -0.000000 0.397500
19  1.206998 0.000002 0.000003  0.000000 -0.000000 0.989033
20  6.104521 -1.468680 -3.530282  -1.564198 -0.011689 -1.581440
21  3.820743 -1.409994 -0.589408  -1.564198 -0.011689 -1.581440
22  0.222813 -3.739061 1.509298  0.024887 2.851473 -1.494016
23  3.048727 6.125607 1.106841  1.596061 0.018247 -0.808184
24  3.527214 5.063566 0.216259  1.596061 0.018246 -0.808184
25  3.352950 5.114327 -0.401206  1.596061 0.018247 -0.808184
26  2.909482 4.772882 -1.012056  1.596061 0.018247 -0.808184
27  1.772479 4.476570 2.356868  1.596061 0.018247 -0.808184
28  0.000006 3.336140 -8.647861  -1.570799 -1.391898 -1.570795
29  2.033350 1.000764 1.937663  1.227517 0.585911 1.190966
30  2.026190 1.001859 1.937675  1.227511 0.585916 1.190961
31  0.000001 -0.000001 0.000004  1.583265 0.000007 1.570794
32  0.000000 6.028147 -0.000001  -0.405432 -0.510521 -0.920039
33  -0.000001 0.000009 -0.000005  -0.000002 0.000003 1.570792
34  0.000017 6.028144 -0.000011  -0.547341 0.351305 0.444018
35  -0.000000 11.692570 0.000000  -0.000001 -0.000005 -0.633993
36  -0.000001 0.000000 -0.000002  0.000005 0.000000 1.570801
37  11.692577 0.000055 0.000042  0.000004 -0.000001 -0.633984
38  -0.000001 11.481680 0.000001  0.404139 0.486292 0.740574
39  -0.000000 0.000000 0.000001  0.000000 -0.000000 1.570789
40  11.481682 -0.000054 0.000008  0.521796 -0.355049 0.543288
41  0.137968 3.859861 1.332474  -1.465448 -1.619428 0.860055
42  0.000000 0.000003 0.000000  1.933714 0.000004 1.570794
43  3.859861 -0.137941 1.332474  0.357798 -0.048364 -0.605274
44  -0.000001 1.719434 0.000003  -0.420870 0.202310 0.066145
45  -0.000000 -0.000000 -0.000001  1.743430 0.000000 1.570798
46  1.719437 0.000007 -0.000009  0.000189 -0.009098 -0.438593
47  0.000001 1.099662 0.000001  1.022349 1.907813 1.050322
48  0.000002 0.000000 0.000002  -0.000002 0.000003 1.570799
49  1.099666 -0.000002 0.000002  -0.000120 0.002600 -0.290973
50  0.046788 3.883687 0.431451  -0.028181 -1.505149 -0.643940
51  -0.000000 0.000003 0.000000  1.590082 0.000009 1.570787
52  3.883688 -0.046761 0.431450  0.084906 0.001840 -0.672063
53  -0.000000 1.719577 0.000001  -0.720098 0.051523 -0.006475
54  0.000000 -0.000000 0.000004  1.538381 -0.000002 1.570794
55  1.719582 0.000015 -0.000018  -0.003915 0.016394 -0.719625
56  -0.000000 1.209182 0.000005  -1.502664 1.085645 -1.507497
57  0.000000 0.000001 -0.000000  -0.000000 -0.000000 1.570805
58  1.209187 0.000002 -0.000004  -0.000816 0.002971 -0.484093
59  -0.046751 3.942327 -0.431436  -0.326464 -1.473452 -0.660432
60  -0.000002 0.000000 -0.000002  1.317660 0.000000 1.570797
61  3.942327 0.046779 -0.431437  -0.160904 0.031175 -0.985453
62  -0.000001 1.539093 -0.000002  -0.255110 -0.026494 -0.056799
63  -0.000001 0.000001 0.000000  1.337310 -0.000004 1.570800
64  1.539099 0.000000 0.000002  -0.000026 0.003537 -0.262659
65  -0.000000 1.196325 0.000001  -1.013116 1.118326 -1.059572
66  -0.000000 0.000000 -0.000001  0.000000 -0.000001 1.570800
67  1.196330 -0.000004 0.000005  0.000001 0.000004 -0.391195
68  0.142427 3.859705 -1.191966  -0.667376 -1.423717 -0.301266
69  0.000000 -0.000002 0.000000  0.976757 -0.000005 1.570807
70  3.859707 -0.142400 -1.191968  -0.478196 0.090838 -0.963365
71  0.000001 1.312564 -0.000001  -0.361355 -0.138963 -0.204711
72  0.000001 0.000001 -0.000001  1.078169 0.000003 1.570794
73  1.312572 -0.000018 0.000007  0.000004 -0.001346 -0.437233
74  0.000001 0.729364 0.000001  -0.404437 1.030436 -0.462973
75  -0.000001 -0.000000 0.000001  -0.000001 -0.000001 1.570795
76  0.729366 0.000001 0.000000  0.000001 -0.000004 -0.231825
77  0.348928 0.806043 1.321259  -1.142974 -2.276480 0.650278
78  0.000000 0.000001 0.000001  0.437032 0.000002 1.570791
79  0.806045 -0.348924 1.321260  -1.473563 -0.631190 -0.380782
80  -0.000002 1.789785 0.000001  0.105694 0.066385 0.343675
81  0.000000 -0.000000 0.000000  0.347279 0.000000 1.570806
82  1.789791 0.000014 -0.000003  0.002654 0.043677 0.349578
83  0.000001 1.207000 0.000000  0.184115 0.296141 0.567988
84  -0.000001 -0.000003 0.000001  0.000001 -0.000001 1.570797
85  1.207002 -0.000011 0.000005  -0.000003 0.000001 0.540439
86  0.000000 0.000000 1.000000  1.570796 -0.000000 0.000000
time 16
0  0.000005 3.335938 -8.640624  -1.570780 -1.391896 -1.570809
1  2.033356 1.000772 -1.937610  1.473119 1.855075 -0.198639
2  6.028144 -0.000001 0.000000  2.156578 1.516942 -0.404583
3  11.692555 0.000000 0.000003  -0.000000 0.000000 -0.308763
4  11.481695 0.000000 0.000002  -1.288817 0.007613 0.200690
5  3.859677 -0.132571 1.193108  0.432210 -0.155861 -0.861350
6  1.312560 0.000004 -0.000001  -0.000000 0.000000 -1.191994
7  0.729364 0.000001 -0.000002  -0.000000 0.000000 -1.063394
8  3.942302 0.050325 0.431043  0.232421 0.000609 -0.853331
9  1.539098 -0.000004 0.000001  0.000000 0.000000 -0.973379
10  1.196321 0.000009 -0.000001  0.000000 0.000000 -1.451289
11  3.883657 -0.050324 -0.431043  0.066987 0.050243 -0.694792
12  1.719577 0.000007 -0.000000  0.000000 -0.000000 -1.251039
13  1.209185 0.000001 -0.000000  0.000000 -0.000003 -1.141145
14  3.859837 -0.148937 -1.331282  -0.248855 0.263129 -0.072121
15  1.719422 0.000002 0.000000  0.000000 0.000000 -0.676756
16  1.099668 0.000000 -0.000001  -0.000000 0.000000 -1.021287
17  0.806021 -0.359838 -1.318333  1.349685 0.343493 -0.771450
18  1.789780 0.000000 -0.000005  -0.000000 -0.000000 0.397500
19  1.206999 0.000004 0.000005  0.000000 -0.000000 0.989033
20  6.104520 -1.468680 -3.530283  -1.564198 -0.011689 -1.581440
21  3.820741 -1.409995 -0.589409  -1.564198 -0.011689 -1.581440
22  0.222806 -3.739064 1.509297  0.024887 2.851473 -1.494016
23  3.048727 6.125612 1.106841  1.596061 0.018247 -0.808184
24  3.527214 5.063570 0.216260  1.596061 0.018246 -0.808184
25  3.352950 5.114328 -0.401207  1.596061 0.018247 -0.808184
26  2.909482 4.772882 -1.012057  1.596061 0.018247 -0.808184
27  1.772479 4.476572 2.356869  1.596061 0.018247 -0.808184
28  0.000006 3.336140 -8.647861  -1.570799 -1.391898 -1.570795
29  2.033350 1.000764 1.937663  1.227517 0.585911 1.190966
30  2.026190 1.001859 1.937675  1.227511 0.585916 1.190961
31  0.000001 -0.000001 0.000004  1.583265 0.000007 1.570794
32  0.000000 6.028147 -0.000001  -0.405503 -0.510507 -0.919964
33  -0.000001 0.000010 -0.000006  -0.000002 0.000003 1.570792
34  0.000017 6.028144 -0.000011  -0.547340 0.351368 0.444059
35  -0.000000 11.692571 -0.000000  -0.000001 -0.000005 -0.634162
36  -0.000000 0.000002 -0.000001  0.000005 0.000000 1.570801
37  11.692578 0.000053 0.000041  0.000004 -0.000001 -0.634153
38  0.000000 11.481682 0.000001  0.404514 0.486385 0.740642
39  -0.000001 0.000002 0.000002  0.000000 -0.000000 1.570789
40  11.481681 -0.000054 0.000007  0.521963 -0.355357 0.543123
41  0.137968 3.859859 1.332475  -1.465453 -1.619429 0.860057
42  -0.000001 0.000001 0.000000  1.933714 0.000004 1.570794
43  3.859861 -0.137941 1.332474  0.357799 -0.048365 -0.605274
44  -0.000002 1.719432 0.000002  -0.420871 0.202310 0.066145
45  0.000000 0.000000 -0.000001  1.743430 0.000000 1.570798
46  1.719435 0.000006 -0.000008  0.000190 -0.009099 -0.438594
47  0.000000 1.099663 0.000001  1.022350 1.907814 1.050323
48  0.000000 0.000000 0.000001  -0.000002 0.000003 1.570799
49  1.099665 0.000003 0.000002  -0.000119 0.002600 -0.290973
50  0.046788 3.883688 0.431452  -0.028166 -1.505149 -0.643954
51  -0.000002 -0.000000 -0.000002  1.590082 0.000009 1.570787
52  3.883691 -0.046762 0.431449  0.084906 0.001839 -0.672064
53  -0.000002 1.719575 -0.000001  -0.720098 0.051523 -0.006475
54  -0.000001 -0.000001 -0.000001  1.538381 -0.000002 1.570794
55  1.719579 0.000015 -0.000019  -0.003915 0.016393 -0.719626
56  0.000001 1.209179 0.000000  -1.502663 1.085644 -1.507497
57  0.000004 0.000001 -0.000001  -0.000000 -0.000000 1.570805
58  1.209184 -0.000002 0.000001  -0.000816 0.002971 -0.484092
59  -0.046751 3.942328 -0.431434  -0.326460 -1.473452 -0.660438
60  0.000001 0.000000 -0.000001  1.317660 0.000000 1.570797
61  3.942331 0.046778 -0.431436  -0.160904 0.031174 -0.985454
62  0.000001 1.539088 -0.000000  -0.255111 -0.026494 -0.056799
63  -0.000001 -0.000000 0.000000  1.337310 -0.000004 1.570800
64  1.539094 0.000000 0.000003  -0.000026 0.003537 -0.262660
65  -0.000002 1.196321 -0.000002  -1.013115 1.118326 -1.059572
66  0.000003 0.000000 0.000001  0.000000 -0.000001 1.570800
67  1.196325 -0.000008 0.000003  0.000000 0.000004 -0.391195
68  0.142426 3.859705 -1.191965  -0.667378 -1.423717 -0.301264
69  0.000000 -0.000001 0.000003  0.976757 -0.000005 1.570807
70  3.859707 -0.142400 -1.191968  -0.478196 0.090838 -0.963366
71  0.000000 1.312566 0.000006  -0.361355 -0.138963 -0.204711
72  -0.000001 -0.000000 0.000000  1.078169 0.000003 1.570794
73  1.312574 -0.000011 0.000010  0.000004 -0.001345 -0.437233
74  0.000001 0.729362 0.000002  -0.404436 1.030437 -0.462972
75  -0.000002 -0.000000 -0.000001  -0.000001 -0.000001 1.570794
76  0.729366 0.000001 0.000002  0.000002 -0.000004 -0.231825
77  0.348927 0.806044 1.321261  -1.142975 -2.276481 0.650279
78  0.000001 0.000001 -0.000002  0.437032 0.000002 1.570791
79  0.806046 -0.348924 1.321260  -1.473562 -0.631191 -0.380782
80  -0.000000 1.789785 -0.000001  0.105693 0.066385 0.343676
81  -0.000000 0.000001 0.000001  0.347279 0.000000 1.570806
82  1.789790 0.000012 -0.000002  0.002654 0.043678 0.349578
83  -0.000001 1.206999 -0.000001  0.184116 0.296141 0.567989
84  0.000000 -0.000000 -0.000000  0.000001 -0.000001 1.570797
85  1.207003 -0.000013 0.000003  -0.000004 0.000001 0.540441
86  0.000000 0.000000 1.000000  1.570796 -0.000000 0.000000
time 17
0  0.000005 3.335938 -8.640624  -1.570780 -1.391896 -1.570809
1  2.033356 1.000772 -1.937610  1.473119 1.855075 -0.198639
2  6.028144 -0.000001 0.000000  2.152210 1.516568 -0.408939
3  11.692554 0.000000 0.000003  -0.000000 0.000000 -0.309628
4  11.481698 0.000001 0.000003  -1.288635 0.007696 0.200690
5  3.859678 -0.132570 1.193108  0.432210 -0.155861 -0.861350
6  1.312558 0.000003 0.000002  -0.000000 0.000000 -1.191994
7  0.729366 -0.000001 -0.000001  -0.000000 -0.000000 -1.063394
8  3.942303 0.050325 0.431043  0.232421 0.000609 -0.853331
9  1.539098 -0.000001 0.000001  0.000000 0.000000 -0.973379
10  1.196322 0.000006 -0.000001  0.000000 0.000000 -1.451289
11  3.883657 -0.050323 -0.431043  0.066987 0.050243 -0.694792
12  1.719575 0.000003 0.000000  0.000000 -0.000000 -1.251039
13  1.209183 0.000000 0.000000  0.000000 -0.000003 -1.141173
14  3.859837 -0.148937 -1.331283  -0.248855 0.263129 -0.072121
15  1.719422 0.000001 -0.000000  0.000000 0.000000 -0.676756
16  1.099665 0.000003 -0.000000  -0.000000 0.000000 -1.021287
17  0.806020 -0.359837 -1.318334  1.349685 0.343493 -0.771450
18  1.789780 0.000001 -0.000005  0.000000 -0.000000 0.397500
19  1.206998 0.000002 0.000002  0.000000 -0.000000 0.989033
20  6.104521 -1.468680 -3.530282  -1.564198 -0.011689 -1.581440
21  3.820742 -1.409994 -0.589409  -1.564198 -0.011689 -1.581440
22  0.222814 -3.739061 1.509297  0.024887 2.851473 -1.494016
23  3.048727 6.125608 1.106840  1.596061 0.018247 -0.808184
24  3.527214 5.063567 0.216259  1.596061 0.018246 -0.808184
25  3.352950 5.114325 -0.401207  1.596061 0.018247 -0.808184
26  2.909482 4.772880 -1.012057  1.596061 0.018247 -0.808184
27  1.772479 4.476568 2.356867  1.596061 0.018247 -0.808184
28  0.000006 3.336140 -8.647861  -1.570799 -1.391898 -1.570795
29  2.033350 1.000764 1.937663  1.227517 0.585911 1.190966
30  2.026190 1.001859 1.937675  1.227511 0.585916 1.190961
31  0.000001 -0.000001 0.000004  1.583265 0.000007 1.570794
32  0.000000 6.028147 -0.000001  -0.405559 -0.510471 -0.919863
33  -0.000001 0.000009 -0.000006  -0.000002 0.000003 1.570792
34  0.000017 6.028144 -0.000011  -0.547313 0.351423 0.444143
35  -0.000001 11.692571 -0.000000  -0.000001 -0.000005 -0.634408
36  -0.000001 0.000002 -0.000003  0.000005 0.000000 1.570801
37  11.692579 0.000052 0.000039  0.000004 -0.000001 -0.634399
38  -0.000001 11.481682 -0.000001  0.404925 0.486604 0.740784
39  -0.000001 -0.000003 0.000000  0.000000 -0.000000 1.570789
40  11.481681 -0.000051 0.000006  0.522268 -0.355670 0.542966
41  0.137967 3.859853 1.332474  -1.465452 -1.619428 0.860054
42  0.000001 -0.000001 0.000002  1.933714 0.000004 1.570794
43  3.859856 -0.137941 1.332475  0.357799 -0.048364 -0.605275
44  0.000000 1.719431 0.000003  -0.420868 0.202310 0.066145
45  -0.000000 -0.000000 -0.000001  1.743430 0.000000 1.570798
46  1.719435 0.000006 -0.000008  0.000189 -0.009098 -0.438591
47  -0.000001 1.099660 -0.000004  1.022346 1.907812 1.050320
48  -0.000001 0.000000 -0.000001  -0.000002 0.000003 1.570799
49  1.099664 -0.000001 0.000001  -0.000120 0.002600 -0.290971
50  0.046788 3.883683 0.431451  -0.028178 -1.505149 -0.643941
51  -0.000002 0.000002 0.000001  1.590082 0.000009 1.570787
52  3.883688 -0.046761 0.431452  0.084906 0.001840 -0.672063
53  -0.000001 1.719580 0.000003  -0.720097 0.051523 -0.006475
54  -0.000001 0.000000 0.000002  1.538382 -0.000002 1.570794
55  1.719584 0.000018 -0.000018  -0.003915 0.016393 -0.719625
56  -0.000002 1.209184 0.000002  -1.502663 1.085645 -1.507497
57  0.000001 -0.000001 0.000000  -0.000000 -0.000000 1.570805
58  1.209186 -0.000001 -0.000003  -0.000816 0.002971 -0.484092
59  -0.046751 3.942323 -0.431435  -0.326463 -1.473452 -0.660434
60  0.000000 -0.000000 0.000001  1.317660 0.000000 1.570797
61  3.942327 0.046778 -0.431437  -0.160904 0.031174 -0.985453
62  0.000001 1.539088 -0.000002  -0.255110 -0.026494 -0.056799
63  0.000000 -0.000000 0.000001  1.337310 -0.000004 1.570800
64  1.539094 -0.000000 0.000003  -0.000026 0.003537 -0.262659
65  -0.000001 1.196325 0.000001  -1.013115 1.118326 -1.059572
66  0.000000 0.000000 -0.000000  0.000000 -0.000001 1.570800
67  1.196329 -0.000005 0.000003  0.000000 0.000004 -0.391195
68  0.142425 3.859702 -1.191966  -0.667377 -1.423717 -0.301265
69  -0.000000 -0.000001 -0.000001  0.976757 -0.000005 1.570807
70  3.859707 -0.142400 -1.191968  -0.478196 0.090838 -0.963367
71  -0.000000 1.312567 0.000002  -0.361355 -0.138963 -0.204711
72  -0.000000 0.000000 0.000003  1.078169 0.000003 1.570794
73  1.312570 -0.000009 0.000011  0.000005 -0.001346 -0.437232
74  -0.000001 0.729365 0.000001  -0.404436 1.030437 -0.462972
75  0.000001 0.000000 -0.000000  -0.000001 -0.000001 1.570795
76  0.729368 0.000002 -0.000001  0.000002 -0.000005 -0.231825
77  0.348927 0.806040 1.321261  -1.142974 -2.276480 0.650278
78  -0.000000 -0.000001 -0.000000  0.437032 0.000002 1.570790
79  0.806046 -0.348924 1.321262  -1.473562 -0.631189 -0.380782
80  0.000001 1.789780 -0.000002  0.105693 0.066384 0.343675
81  -0.000000 -0.000002 0.000002  0.347279 0.000000 1.570806
82  1.789788 0.000010 -0.000002  0.002654 0.043678 0.349577
83  0.000000 1.206997 0.000001  0.184116 0.296141 0.567988
84  -0.000000 0.000001 -0.000000  0.000001 -0.000001 1.570797
85  1.207000 -0.000012 0.000004  -0.000003 0.000001 0.540439
86  0.000000 0.000000 1.000000  1.570796 -0.000000 0.000000
time 18
0  0.000005 3.335938 -8.640624  -1.570780 -1.391896 -1.570809
1  2.033356 1.000772 -1.937610  1.473119 1.855075 -0.198639
2  6.028144 -0.000001 0.000000  2.147451 1.516194 -0.413706
3  11.692555 -0.000001 0.000002  -0.000000 0.000000 -0.310568
4  11.481697 0.000002 0.000003  -1.288199 0.007778 0.200690
5  3.859681 -0.132570 1.193107  0.432210 -0.155861 -0.861350
6  1.312559 0.000001 0.000000  -0.000000 0.000000 -1.191994
7  0.729362 -0.000000 -0.000001  -0.000000 -0.000000 -1.063394
8  3.942306 0.050325 0.431044  0.232421 0.000609 -0.853331
9  1.539098 -0.000004 0.000001  0.000000 0.000000 -0.973379
10  1.196323 0.000008 -0.000000  0.000000 0.000000 -1.451289
11  3.883659 -0.050323 -0.431043  0.066987 0.050243 -0.694792
12  1.719577 0.000005 -0.000000  0.000000 -0.000000 -1.251039
13  1.209184 0.000004 -0.000000  0.000000 -0.000003 -1.141145
14  3.859838 -0.148937 -1.331283  -0.248855 0.263129 -0.072121
15  1.719424 0.000002 -0.000001  -0.000000 0.000000 -0.676756
16  1.099667 0.000003 0.000001  -0.000000 0.000000 -1.021287
17  0.806022 -0.359837 -1.318334  1.349685 0.343493 -0.771450
18  1.789784 -0.000000 -0.000007  -0.000000 -0.000000 0.397500
19  1.206999 0.000003 0.000002  0.000000 -0.000000 0.989033
20  6.104522 -1.468680 -3.530283  -1.564198 -0.011689 -1.581440
21  3.820744 -1.409994 -0.589409  -1.564198 -0.011689 -1.581440
22  0.222813 -3.739062 1.509296  0.024887 2.851473 -1.494016
23  3.048727 6.125610 1.106842  1.596061 0.018247 -0.808184
24  3.527215 5.063567 0.216261  1.596061 0.018246 -0.808184
25  3.352950 5.114329 -0.401206  1.596061 0.018247 -0.808184
26  2.909482 4.772882 -1.012055  1.596061 0.018247 -0.808184
27  1.772479 4.476570 2.356869  1.596061 0.018247 -0.808184
28  0.000006 3.336140 -8.647861  -1.570799 -1.391898 -1.570795
29  2.033350 1.000764 1.937663  1.227517 0.585911 1.190966
30  2.026190 1.001859 1.937675  1.227511 0.585916 1.190961
31  0.000001 -0.000001 0.000004  1.583265 0.000007 1.570794
32  0.000000 6.028147 -0.000001  -0.405562 -0.510374 -0.919698
33  -0.000002 0.000010 -0.000006  -0.000002 0.000003 1.570792
34  0.000017 6.028144 -0.000011  -0.547212 0.351446 0.444341
35  -0.000001 11.692572 0.000000  -0.000001 -0.000005 -0.634857
36  0.000001 0.000000 -0.000001  0.000005 0.000000 1.570801
37  11.692578 0.000052 0.000039  0.000004 -0.000001 -0.634848
38  0.000002 11.481683 0.000001  0.405348 0.487048 0.741154
39  -0.000001 -0.000000 -0.000001  0.000000 -0.000000 1.570789
40  11.481684 -0.000057 0.000005  0.522811 -0.355949 0.542950
41  0.137967 3.859858 1.332472  -1.465457 -1.619429 0.860059
42  -0.000000 -0.000001 -0.000002  1.933714 0.000004 1.570794
43  3.859862 -0.137941 1.332473  0.357799 -0.048365 -0.605273
44  -0.000001 1.719429 -0.000001  -0.420871 0.202310 0.066145
45  -0.000000 -0.000001 0.000001  1.743430 0.000000 1.570798
46  1.719432 0.000005 -0.000006  0.000189 -0.009099 -0.438594
47  -0.000001 1.099660 -0.000000  1.022350 1.907814 1.050323
48  -0.000001 -0.000001 -0.000000  -0.000002 0.000003 1.570799
49  1.099666 0.000001 0.000003  -0.000119 0.002600 -0.290973
50  0.046788 3.883685 0.431449  -0.028163 -1.505149 -0.643961
51  -0.000001 -0.000001 -0.000000  1.590082 0.000009 1.570787
52  3.883688 -0.046761 0.431449  0.084906 0.001839 -0.672063
53  0.000000 1.719577 0.000001  -0.720099 0.051523 -0.006475
54  -0.000001 -0.000001 0.000000  1.538381 -0.000002 1.570794
55  1.719580 0.000017 -0.000015  -0.003915 0.016394 -0.719627
56  -0.000001 1.209181 -0.000002  -1.502664 1.085643 -1.507497
57  -0.000002 -0.000000 0.000000  -0.000000 -0.000000 1.570805
58  1.209186 -0.000004 -0.000002  -0.000816 0.002971 -0.484094
59  -0.046751 3.942325 -0.431437  -0.326458 -1.473452 -0.660440
60  -0.000001 0.000000 0.000002  1.317660 0.000000 1.570797
61  3.942327 0.046779 -0.431438  -0.160904 0.031174 -0.985452
62  0.000000 1.539089 0.000003  -0.255112 -0.026494 -0.056799
63  -0.000001 0.000000 0.000000  1.337310 -0.000004 1.570800
64  1.539094 0.000000 0.000003  -0.000026 0.003538 -0.262662
65  -0.000002 1.196323 0.000002  -1.013118 1.118324 -1.059575
66  -0.000002 -0.000000 0.000000  0.000000 -0.000001 1.570800
67  1.196326 -0.000005 0.000004  0.000001 0.000004 -0.391198
68  0.142426 3.859704 -1.191970  -0.667373 -1.423717 -0.301270
69  -0.000000 -0.000000 0.000001  0.976757 -0.000005 1.570807
70  3.859707 -0.142400 -1.191971  -0.478196 0.090837 -0.963365
71  0.000001 1.312565 -0.000003  -0.361355 -0.138964 -0.204711
72  -0.000002 -0.000001 0.000002  1.078169 0.000003 1.570794
73  1.312573 -0.000018 0.000008  0.000004 -0.001346 -0.437233
74  -0.000002 0.729362 0.000002  -0.404436 1.030437 -0.462972
75  -0.000001 -0.000000 0.000000  -0.000001 -0.000001 1.570795
76  0.729366 0.000004 -0.000002  0.000002 -0.000004 -0.231825
77  0.348928 0.806044 1.321259  -1.142976 -2.276483 0.650280
78  -0.000001 0.000002 -0.000001  0.437032 0.000002 1.570791
79  0.806048 -0.348924 1.321260  -1.473563 -0.631192 -0.380781
80  -0.000000 1.789785 0.000001  0.105693 0.066384 0.343677
81  -0.000001 0.000001 -0.000000  0.347279 0.000000 1.570806
82  1.789791 0.000013 0.000000  0.002654 0.043679 0.349579
83  -0.000001 1.206999 0.000001  0.184117 0.296141 0.567991
84  0.000001 -0.000001 -0.000000  0.000001 -0.000001 1.570797
85  1.207002 -0.000011 0.000006  -0.000004 0.000001 0.540443
86  0.000000 0.000000 1.000000  1.570796 -0.000000 0.000000
time 19
0  0.000005 3.335938 -8.640624  -1.570780 -1.391896 -1.570809
1  2.033356 1.000772 -1.937610  1.473119 1.855075 -0.198639
2  6.028144 -0.000001 0.000000  2.142383 1.515774 -0.418788
3  11.692555 -0.000002 0.000003  0.000000 0.000000 -0.311620
4  11.481697 0.000002 0.000002  -1.287618 0.007881 0.200690
5  3.859679 -0.132570 1.193107  0.432210 -0.155861 -0.861350
6  1.312558 0.000002 0.000000  -0.000000 0.000000 -1.191994
7  0.729365 -0.000001 -0.000003  -0.000000 0.000000 -1.063394
8  3.942306 0.050325 0.431043  0.232421 0.000609 -0.853331
9  1.539097 -0.000005 0.000000  -0.000000 0.000000 -0.973379
10  1.196322 0.000006 -0.000000  0.000000 0.000000 -1.451289
11  3.883659 -0.050323 -0.431043  0.066987 0.050243 -0.694792
12  1.719575 0.000004 0.000000  0.000000 -0.000000 -1.251039
13  1.209183 0.000001 0.000001  0.000000 -0.000003 -1.141145
14  3.859838 -0.148936 -1.331283  -0.248855 0.263129 -0.072121
15  1.719424 0.000001 -0.000001  0.000000 0.000000 -0.676756
16  1.099669 0.000004 0.000001  -0.000000 0.000000 -1.021287
17  0.806023 -0.359837 -1.318333  1.349685 0.343493 -0.771450
18  1.789781 0.000000 -0.000005  0.000000 -0.000000 0.397500
19  1.206997 0.000003 0.000002  0.000000 0.000000 0.989033
20  6.104523 -1.468680 -3.530283  -1.564198 -0.011689 -1.581440
21  3.820743 -1.409994 -0.589408  -1.564198 -0.011689 -1.581440
22  0.222814 -3.739060 1.509298  0.024887 2.851473 -1.494016
23  3.048727 6.125610 1.106841  1.596061 0.018247 -0.808184
24  3.527215 5.063569 0.216260  1.596061 0.018246 -0.808184
25  3.352951 5.114327 -0.401206  1.596061 0.018247 -0.808184
26  2.909482 4.772882 -1.012056  1.596061 0.018247 -0.808184
27  1.772479 4.476572 2.356868  1.596061 0.018247 -0.808184
28  0.000006 3.336140 -8.647861  -1.570799 -1.391898 -1.570795
29  2.033350 1.000764 1.937663  1.227517 0.585911 1.190966
30  2.026190 1.001859 1.937675  1.227511 0.585916 1.190961
31  0.000001 -0.000001 0.000004  1.583265 0.000007 1.570794
32  0.000000 6.028147 -0.000001  -0.405532 -0.510267 -0.919542
33  -0.000001 0.000009 -0.000005  -0.000002 0.000003 1.570791
34  0.000017 6.028144 -0.000011  -0.547095 0.351442 0.444551
35  0.000000 11.692572 0.000001  -0.000001 -0.000005 -0.635347
36  0.000001 0.000001 -0.000001  0.000005 0.000000 1.570801
37  11.692578 0.000054 0.000040  0.000004 -0.000001 -0.635338
38  0.000001 11.481683 0.000001  0.405806 0.487636 0.741592
39  -0.000001 0.000002 0.000000  0.000000 -0.000000 1.570789
40  11.481682 -0.000050 0.000008  0.523511 -0.356230 0.542930
41  0.137967 3.859857 1.332474  -1.465454 -1.619429 0.860059
42  0.000000 0.000000 -0.000000  1.933714 0.000004 1.570794
43  3.859858 -0.137941 1.332475  0.357799 -0.048365 -0.605274
44  0.000000 1.719427 -0.000001  -0.420873 0.202310 0.066145
45  0.000000 -0.000000 0.000002  1.743430 0.000000 1.570798
46  1.719432 0.000003 -0.000005  0.000190 -0.009099 -0.438596
47  -0.000002 1.099664 0.000003  1.022353 1.907815 1.050326
48  -0.000001 -0.000001 -0.000001  -0.000002 0.000003 1.570799
49  1.099667 0.000003 -0.000001  -0.000119 0.002600 -0.290975
50  0.046788 3.883689 0.431451  -0.028171 -1.505149 -0.643949
51  -0.000000 -0.000001 -0.000000  1.590082 0.000009 1.570787
52  3.883687 -0.046762 0.431451  0.084906 0.001839 -0.672064
53  -0.000000 1.719572 -0.000000  -0.720097 0.051523 -0.006475
54  0.000001 -0.000000 -0.000002  1.538381 -0.000002 1.570794
55  1.719578 0.000017 -0.000015  -0.003915 0.016394 -0.719625
56  0.000001 1.209179 -0.000005  -1.502663 1.085645 -1.507496
57  0.000000 -0.000001 -0.000001  -0.000000 -0.000000 1.570805
58  1.209184 -0.000006 -0.000002  -0.000816 0.002971 -0.484092
59  -0.046751 3.942326 -0.431434  -0.326449 -1.473453 -0.660451
60  0.000000 0.000002 0.000000  1.317660 0.000000 1.570797
61  3.942325 0.046778 -0.431436  -0.160904 0.031173 -0.985455
62  0.000002 1.539092 0.000001  -0.255111 -0.026494 -0.056799
63  0.000001 0.000000 -0.000004  1.337310 -0.000004 1.570800
64  1.539096 0.000004 0.000004  -0.000026 0.003537 -0.262660
65  0.000001 1.196323 -0.000001  -1.013117 1.118325 -1.059573
66  0.000002 -0.000000 0.000000  0.000000 -0.000001 1.570800
67  1.196326 -0.000005 0.000004  0.000000 0.000003 -0.391196
68  0.142426 3.859705 -1.191966  -0.667375 -1.423717 -0.301267
69  -0.000000 -0.000001 0.000001  0.976757 -0.000005 1.570807
70  3.859704 -0.142401 -1.191967  -0.478197 0.090838 -0.963366
71  -0.000001 1.312568 0.000006  -0.361356 -0.138963 -0.204711
72  -0.000000 0.000000 0.000001  1.078169 0.000003 1.570794
73  1.312575 -0.000011 0.000010  0.000004 -0.001345 -0.437233
74  -0.000001 0.729363 0.000000  -0.404438 1.030436 -0.462974
75  -0.000002 -0.000001 0.000000  -0.000001 -0.000001 1.570794
76  0.729367 0.000002 -0.000002  0.000002 -0.000004 -0.231826
77  0.348928 0.806046 1.321261  -1.142974 -2.276481 0.650278
78  -0.000001 -0.000001 0.000000  0.437032 0.000002 1.570791
79  0.806046 -0.348925 1.321262  -1.473562 -0.631190 -0.380782
80  -0.000000 1.789782 0.000003  0.105693 0.066384 0.343676
81  0.000000 0.000000 0.000000  0.347279 0.000000 1.570806
82  1.789788 0.000012 0.000002  0.002654 0.043678 0.349578
83  0.000001 1.206998 -0.000002  0.184116 0.296141 0.567989
84  0.000001 0.000003 -0.000000  0.000001 -0.000001 1.570797
85  1.207003 -0.000012 0.000003  -0.000004 0.000001 0.540440
86  0.000000 0.000000 1.000000  1.570796 -0.000000 0.000000
time 20
0  0.000005 3.335938 -8.640624  -1.570780 -1.391896 -1.570809
1  2.033356 1.000772 -1.937610  1.473119 1.855075 -0.198639
2  6.028144 -0.000001 0.000000  2.137129 1.515306 -0.424039
3  11.692554 0.000001 0.000004  0.000000 0.000000 -0.312710
4  11.481698 0.000001 0.000002  -1.287001 0.007984 0.200690
5  3.859676 -0.132570 1.193107  0.432210 -0.155861 -0.861350
6  1.312560 0.000005 0.000001  -0.000000 0.000000 -1.191994
7  0.729366 -0.000000 -0.000001  -0.000000 0.000000 -1.063394
8  3.942303 0.050325 0.431043  0.232421 0.000609 -0.853331
9  1.539098 -0.000003 0.000000  -0.000000 0.000000 -0.973379
10  1.196321 0.000006 -0.000001  0.000000 0.000000 -1.451289
11  3.883657 -0.050323 -0.431043  0.066987 0.050243 -0.694792
12  1.719578 0.000005 0.000000  0.000000 -0.000000 -1.251039
13  1.209185 0.000002 0.000001  0.000000 -0.000003 -1.141145
14  3.859834 -0.148937 -1.331282  -0.248855 0.263129 -0.072121
15  1.719424 0.000001 -0.000001  0.000000 0.000000 -0.676756
16  1.099666 0.000004 -0.000002  -0.000000 0.000000 -1.021287
17  0.806018 -0.359838 -1.318334  1.349685 0.343493 -0.771450
18  1.789783 0.000001 -0.000004  0.000000 -0.000000 0.397500
19  1.206999 0.000003 0.000006  0.000000 -0.000000 0.989033
20  6.104520 -1.468681 -3.530283  -1.564198 -0.011689 -1.581440
21  3.820742 -1.409994 -0.589409  -1.564198 -0.011689 -1.581440
22  0.222816 -3.739063 1.509298  0.024887 2.851473 -1.494016
23  3.048728 6.125612 1.106842  1.596061 0.018247 -0.808184
24  3.527214 5.063569 0.216260  1.596061 0.018246 -0.808184
25  3.352950 5.114328 -0.401206  1.596061 0.018247 -0.808184
26  2.909482 4.772884 -1.012055  1.596061 0.018247 -0.808184
27  1.772479 4.476570 2.356869  1.596061 0.018247 -0.808184
28  0.000006 3.336140 -8.647861  -1.570799 -1.391898 -1.570795
29  2.033350 1.000764 1.937663  1.227517 0.585911 1.190966
30  2.026190 1.001859 1.937675  1.227511 0.585916 1.190961
31  0.000001 -0.000001 0.000004  1.583265 0.000007 1.570794
32  0.000000 6.028147 -0.000001  -0.405524 -0.510181 -0.919404
33  -0.000001 0.000010 -0.000005  -0.000002 0.000003 1.570792
34  0.000017 6.028144 -0.000011  -0.547004 0.351453 0.444725
35  -0.000001 11.692571 0.000001  -0.000001 -0.000005 -0.635782
36  -0.000000 0.000001 -0.000002  0.000005 0.000000 1.570801
37  11.692578 0.000051 0.000040  0.000004 -0.000001 -0.635773
38  -0.000001 11.481682 0.000001  0.406290 0.488252 0.742010
39  -0.000001 0.000001 -0.000000  0.000000 -0.000000 1.570789
40  11.481682 -0.000050 0.000009  0.524245 -0.356527 0.542864
41  0.137967 3.859862 1.332472  -1.465448 -1.619429 0.860057
42  0.000000 -0.000000 0.000000  1.933714 0.000004 1.570794
43  3.859859 -0.137941 1.332473  0.357799 -0.048365 -0.605275
44  -0.000000 1.719426 0.000002  -0.420868 0.202310 0.066145
45  -0.000000 -0.000000 -0.000000  1.743430 0.000000 1.570798
46  1.719432 0.000006 -0.000007  0.000190 -0.009098 -0.438591
47  -0.000000 1.099663 0.000000  1.022347 1.907812 1.050320
48  -0.000002 0.000001 -0.000001  -0.000002 0.000003 1.570799
49  1.099665 -0.000000 0.000003  -0.000120 0.002600 -0.290971
50  0.046788 3.883692 0.431449  -0.028158 -1.505149 -0.643960
51  -0.000000 -0.000001 0.000000  1.590082 0.000009 1.570787
52  3.883687 -0.046761 0.431449  0.084906 0.001838 -0.672065
53  0.000000 1.719569 -0.000003  -0.720099 0.051523 -0.006475
54  0.000000 0.000000 -0.000001  1.538381 -0.000002 1.570794
55  1.719575 0.000014 -0.000016  -0.003915 0.016394 -0.719627
56  -0.000001 1.209186 0.000001  -1.502664 1.085644 -1.507497
57  0.000001 -0.000000 -0.000001  -0.000000 -0.000000 1.570805
58  1.209189 0.000000 -0.000003  -0.000816 0.002971 -0.484093
59  -0.046752 3.942328 -0.431436  -0.326449 -1.473453 -0.660447
60  0.000000 -0.000000 0.000003  1.317660 0.000000 1.570797
61  3.942323 0.046779 -0.431437  -0.160904 0.031173 -0.985454
62  0.000000 1.539088 0.000001  -0.255112 -0.026494 -0.056799
63  0.000001 -0.000001 -0.000001  1.337310 -0.000004 1.570800
64  1.539094 -0.000001 0.000002  -0.000026 0.003538 -0.262662
65  0.000001 1.196324 -0.000000  -1.013118 1.118324 -1.059575
66  0.000001 0.000000 -0.000001  0.000000 -0.000001 1.570800
67  1.196329 -0.000005 0.000005  0.000001 0.000003 -0.391196
68  0.142425 3.859707 -1.191970  -0.667367 -1.423718 -0.301277
69  0.000000 -0.000001 -0.000001  0.976757 -0.000005 1.570807
70  3.859704 -0.142400 -1.191971  -0.478197 0.090836 -0.963367
71  0.000001 1.312565 -0.000003  -0.361355 -0.138963 -0.204711
72  0.000000 -0.000000 0.000001  1.078169 0.000003 1.570794
73  1.312569 -0.000012 0.000008  0.000004 -0.001346 -0.437232
74  -0.000001 0.729362 0.000002  -0.404435 1.030437 -0.462971
75  0.000002 -0.000000 0.000001  -0.000001 -0.000001 1.570795
76  0.729365 0.000003 0.000001  0.000002 -0.000004 -0.231824
77  0.348927 0.806050 1.321258  -1.142977 -2.276484 0.650280
78  -0.000001 0.000001 0.000000  0.437032 0.000002 1.570790
79  0.806047 -0.348924 1.321260  -1.473563 -0.631194 -0.380783
80  -0.000002 1.789784 0.000002  0.105694 0.066384 0.343678
81  0.000000 0.000001 -0.000000  0.347279 0.000000 1.570806
82  1.789792 0.000014 0.000001  0.002654 0.043679 0.349580
83  0.000000 1.207000 -0.000002  0.184117 0.296140 0.567993
84  -0.000000 -0.000000 -0.000001  0.000001 -0.000001 1.570797
85  1.207004 -0.000012 0.000003  -0.000004 0.000001 0.540444
86  0.000000 0.000000 1.000000  1.570796 -0.000000 0.000000
time 21
0  0.000005 3.335938 -8.640624  -1.570780 -1.391896 -1.570809
1  2.033356 1.000772 -1.937610  1.473119 1.855075 -0.198639
2  6.028144 -0.000001 0.000000  2.131793 1.514839 -0.429411
3  11.692554 0.000001 0.000003  -0.000000 0.000000 -0.313838
4  11.481698 0.000001 0.000002  -1.286474 0.008086 0.200690
5  3.859678 -0.132570 1.193107  0.432210 -0.155861 -0.861350
6  1.312558 0.000004 -0.000000  -0.000000 0.000000 -1.191994
7  0.729367 -0.000006 0.000000  -0.000000 0.000000 -1.063394
8  3.942307 0.050326 0.431043  0.232421 0.000609 -0.853331
9  1.539098 -0.000003 0.000001  -0.000000 0.000000 -0.973379
10  1.196322 0.000009 0.000000  0.000000 0.000000 -1.451289
11  3.883657 -0.050323 -0.431042  0.066987 0.050243 -0.694792
12  1.719577 0.000003 -0.000000  0.000000 -0.000000 -1.251039
13  1.209184 0.000001 -0.000000  0.000000 -0.000003 -1.141145
14  3.859836 -0.148937 -1.331282  -0.248855 0.263129 -0.072121
15  1.719423 0.000002 -0.000000  -0.000000 0.000000 -0.676756
16  1.099667 0.000005 0.000001  -0.000000 0.000000 -1.021287
17  0.806020 -0.359837 -1.318333  1.349685 0.343493 -0.771450
18  1.789782 0.000002 -0.000005  -0.000000 -0.000000 0.397500
19  1.206998 0.000003 0.000003  0.000000 -0.000000 0.989033
20  6.104521 -1.468680 -3.530282  -1.564198 -0.011689 -1.581440
21  3.820743 -1.409994 -0.589408  -1.564198 -0.011689 -1.581440
22  0.222822 -3.739061 1.509298  0.024887 2.851473 -1.494016
23  3.048727 6.125612 1.106841  1.596061 0.018247 -0.808184
24  3.527214 5.063568 0.216259  1.596061 0.018246 -0.808184
25  3.352951 5.114327 -0.401206  1.596061 0.018247 -0.808184
26  2.909482 4.772884 -1.012057  1.596061 0.018247 -0.808184
27  1.772479 4.476572 2.356868  1.596061 0.018247 -0.808184
28  0.000006 3.336140 -8.647861  -1.570799 -1.391898 -1.570795
29  2.033350 1.000764 1.937663  1.227517 0.585911 1.190966
30  2.026190 1.001859 1.937675  1.227511 0.585916 1.190961
31  0.000001 -0.000001 0.000004  1.583265 0.000007 1.570794
32  0.000000 6.028147 -0.000001  -0.405520 -0.510084 -0.919246
33  0.000000 0.000010 -0.000005  -0.000002 0.000003 1.570792
34  0.000017 6.028144 -0.000011  -0.546902 0.351469 0.444920
35  0.000001 11.692572 0.000000  -0.000001 -0.000005 -0.636259
36  -0.000002 0.000002 -0.000002  0.000005 0.000000 1.570801
37  11.692578 0.000054 0.000040  0.000004 -0.000001 -0.636250
38  -0.000003 11.481684 -0.000001  0.406797 0.488819 0.742434
39  -0.000001 -0.000001 -0.000000  0.000000 -0.000000 1.570789
40  11.481682 -0.000051 0.000006  0.524934 -0.356854 0.542810
41  0.137967 3.859856 1.332471  -1.465457 -1.619430 0.860060
42  0.000000 -0.000000 -0.000001  1.933714 0.000004 1.570794
43  3.859860 -0.137941 1.332471  0.357799 -0.048366 -0.605273
44  0.000001 1.719427 -0.000002  -0.420873 0.202310 0.066145
45  0.000000 -0.000002 0.000001  1.743430 0.000000 1.570798
46  1.719432 0.000006 -0.000004  0.000189 -0.009099 -0.438596
47  0.000001 1.099658 0.000000  1.022353 1.907815 1.050325
48  -0.000002 0.000001 -0.000000  -0.000002 0.000003 1.570799
49  1.099662 0.000002 0.000002  -0.000119 0.002599 -0.290975
50  0.046788 3.883684 0.431448  -0.028156 -1.505149 -0.643963
51  -0.000000 -0.000000 -0.000001  1.590082 0.000009 1.570787
52  3.883687 -0.046761 0.431448  0.084906 0.001838 -0.672063
53  -0.000000 1.719575 -0.000002  -0.720099 0.051523 -0.006475
54  0.000000 -0.000000 -0.000002  1.538382 -0.000002 1.570794
55  1.719577 0.000015 -0.000017  -0.003915 0.016394 -0.719627
56  -0.000002 1.209185 -0.000003  -1.502663 1.085643 -1.507497
57  0.000000 -0.000000 -0.000000  -0.000000 -0.000000 1.570805
58  1.209188 -0.000003 -0.000004  -0.000816 0.002972 -0.484093
59  -0.046751 3.942324 -0.431437  -0.326454 -1.473453 -0.660443
60  0.000000 0.000001 0.000001  1.317660 0.000000 1.570797
61  3.942327 0.046779 -0.431440  -0.160904 0.031173 -0.985454
62  -0.000000 1.539091 0.000001  -0.255109 -0.026494 -0.056799
63  -0.000000 -0.000001 0.000000  1.337310 -0.000004 1.570800
64  1.539096 -0.000001 0.000001  -0.000026 0.003537 -0.262659
65  -0.000000 1.196321 0.000002  -1.013114 1.118327 -1.059570
66  0.000000 0.000001 -0.000000  0.000000 -0.000001 1.570800
67  1.196328 -0.000003 0.000004  0.000001 0.000004 -0.391193
68  0.142425 3.859701 -1.191969  -0.667372 -1.423718 -0.301271
69  0.000000 0.000001 0.000001  0.976757 -0.000005 1.570807
70  3.859704 -0.142399 -1.191972  -0.478196 0.090837 -0.963365
71  -0.000001 1.312566 0.000000  -0.361356 -0.138964 -0.204711
72  0.000000 0.000000 -0.000002  1.078169 0.000003 1.570794
73  1.312571 -0.000012 0.000009  0.000004 -0.001345 -0.437234
74  -0.000001 0.729364 -0.000000  -0.404438 1.030436 -0.462974
75  0.000003 0.000000 -0.000000  -0.000001 -0.000001 1.570795
76  0.729366 0.000001 -0.000000  0.000001 -0.000004 -0.231826
77  0.348927 0.806042 1.321258  -1.142977 -2.276484 0.650280
78  0.000000 0.000001 0.000000  0.437032 0.000002 1.570791
79  0.806046 -0.348924 1.321259  -1.473563 -0.631194 -0.380782
80  0.000001 1.789784 0.000001  0.105694 0.066384 0.343679
81  -0.000000 0.000002 -0.000000  0.347279 0.000000 1.570806
82  1.789789 0.000010 -0.000000  0.002654 0.043679 0.349580
83  0.000000 1.206999 -0.000002  0.184117 0.296140 0.567993
84  -0.000000 -0.000000 0.000000  0.000001 -0.000001 1.570797
85  1.207003 -0.000010 0.000003  -0.000004 0.000001 0.540445
86  0.000000 0.000000 1.000000  1.570796 -0.000000 0.000000
time 22
0  0.000005 3.335938 -8.640624  -1.570780 -1.391896 -1.570809
1  2.033356 1.000772 -1.937610  1.473119 1.855075 -0.198639
2  6.028144 -0.000001 0.000000  2.126457 1.514372 -0.434735
3  11.692555 0.000000 0.000003  -0.000000 -0.000000 -0.314966
4  11.481695 0.000000 0.000002  -1.286129 0.008210 0.200690
5  3.859678 -0.132569 1.193107  0.432210 -0.155861 -0.861350
6  1.312557 0.000003 -0.000001  -0.000000 0.000000 -1.191994
7  0.729367 0.000001 -0.000001  -0.000000 0.000000 -1.063394
8  3.942305 0.050326 0.431043  0.232421 0.000609 -0.853331
9  1.539099 -0.000007 0.000001  0.000000 0.000000 -0.973379
10  1.196321 0.000010 -0.000001  0.000000 0.000000 -1.451289
11  3.883658 -0.050323 -0.431043  0.066987 0.050243 -0.694792
12  1.719577 0.000005 0.000000  0.000000 -0.000000 -1.251039
13  1.209182 0.000002 0.000000  0.000000 -0.000003 -1.141145
14  3.859837 -0.148936 -1.331283  -0.248855 0.263129 -0.072121
15  1.719422 0.000002 -0.000001  0.000000 0.000000 -0.676756
16  1.099669 0.000004 0.000001  0.000000 0.000000 -1.021287
17  0.806022 -0.359837 -1.318334  1.349685 0.343493 -0.771450
18  1.789783 0.000001 -0.000005  0.000000 -0.000000 0.397500
19  1.206998 0.000002 0.000004  0.000000 -0.000000 0.989033
20  6.104523 -1.468679 -3.530283  -1.564198 -0.011689 -1.581440
21  3.820744 -1.409994 -0.589409  -1.564198 -0.011689 -1.581440
22  0.222806 -3.739062 1.509297  0.024887 2.851473 -1.494016
23  3.048727 6.125613 1.106840  1.596061 0.018247 -0.808184
24  3.527214 5.063568 0.216259  1.596061 0.018246 -0.808184
25  3.352949 5.114328 -0.401208  1.596061 0.018247 -0.808184
26  2.909482 4.772885 -1.012057  1.596061 0.018247 -0.808184
27  1.772478 4.476572 2.356868  1.596061 0.018247 -0.808184
28  0.000006 3.336140 -8.647861  -1.570799 -1.391898 -1.570795
29  2.033350 1.000764 1.937663  1.227517 0.585911 1.190966
30  2.026190 1.001859 1.937675  1.227511 0.585916 1.190961
31  0.000001 -0.000001 0.000004  1.583265 0.000007 1.570794
32  0.000000 6.028147 -0.000001  -0.405563 -0.509997 -0.919068
33  -0.000001 0.000009 -0.000005  -0.000002 0.000003 1.570792
34  0.000017 6.028144 -0.000011  -0.546820 0.351524 0.445105
35  -0.000000 11.692572 0.000000  -0.000001 -0.000005 -0.636703
36  -0.000000 0.000000 -0.000002  0.000005 0.000000 1.570801
37  11.692578 0.000054 0.000040  0.000004 -0.000001 -0.636694
38  -0.000002 11.481684 0.000001  0.407312 0.489194 0.742719
39  -0.000001 -0.000001 0.000002  0.000000 -0.000000 1.570789
40  11.481682 -0.000052 0.000009  0.525422 -0.357225 0.542682
41  0.137968 3.859859 1.332475  -1.465460 -1.619431 0.860062
42  -0.000000 0.000000 0.000000  1.933714 0.000004 1.570794
43  3.859859 -0.137941 1.332474  0.357799 -0.048367 -0.605272
44  0.000000 1.719428 0.000003  -0.420875 0.202310 0.066145
45  0.000001 0.000002 -0.000002  1.743430 0.000000 1.570798
46  1.719432 0.000007 -0.000006  0.000190 -0.009099 -0.438598
47  0.000001 1.099663 -0.000004  1.022355 1.907817 1.050329
48  -0.000001 0.000001 -0.000001  -0.000002 0.000003 1.570799
49  1.099662 -0.000001 0.000003  -0.000119 0.002600 -0.290976
50  0.046789 3.883687 0.431452  -0.028160 -1.505149 -0.643963
51  0.000001 0.000000 0.000001  1.590082 0.000009 1.570787
52  3.883687 -0.046762 0.431450  0.084907 0.001838 -0.672064
53  0.000003 1.719576 -0.000000  -0.720100 0.051523 -0.006475
54  0.000000 0.000001 0.000001  1.538381 -0.000002 1.570794
55  1.719579 0.000014 -0.000014  -0.003915 0.016393 -0.719627
56  0.000001 1.209181 0.000000  -1.502664 1.085643 -1.507497
57  0.000003 -0.000001 0.000001  -0.000000 -0.000000 1.570805
58  1.209183 -0.000002 -0.000003  -0.000816 0.002971 -0.484094
59  -0.046750 3.942325 -0.431433  -0.326454 -1.473453 -0.660443
60  -0.000001 0.000000 -0.000001  1.317660 0.000000 1.570797
61  3.942326 0.046778 -0.431437  -0.160904 0.031173 -0.985453
62  0.000000 1.539091 0.000000  -0.255112 -0.026494 -0.056799
63  -0.000000 0.000000 -0.000002  1.337310 -0.000004 1.570800
64  1.539096 0.000002 0.000004  -0.000026 0.003537 -0.262662
65  0.000002 1.196321 -0.000004  -1.013117 1.118325 -1.059574
66  0.000003 0.000001 0.000000  0.000000 -0.000001 1.570800
67  1.196324 -0.000005 0.000005  0.000000 0.000003 -0.391197
68  0.142426 3.859704 -1.191965  -0.667368 -1.423718 -0.301275
69  -0.000000 -0.000000 -0.000002  0.976757 -0.000005 1.570807
70  3.859706 -0.142400 -1.191969  -0.478196 0.090836 -0.963366
71  0.000000 1.312564 -0.000001  -0.361356 -0.138963 -0.204711
72  0.000001 -0.000000 -0.000002  1.078169 0.000003 1.570794
73  1.312569 -0.000014 0.000010  0.000005 -0.001345 -0.437234
74  0.000000 0.729362 -0.000001  -0.404438 1.030436 -0.462975
75  0.000000 -0.000000 0.000002  -0.000001 -0.000001 1.570795
76  0.729365 0.000001 0.000001  0.000002 -0.000004 -0.231826
77  0.348928 0.806041 1.321261  -1.142977 -2.276486 0.650281
78  0.000000 -0.000000 -0.000001  0.437032 0.000002 1.570790
79  0.806041 -0.348924 1.321261  -1.473564 -0.631195 -0.380781
80  0.000000 1.789783 0.000000  0.105693 0.066384 0.343680
81  0.000001 -0.000000 0.000000  0.347279 0.000000 1.570806
82  1.789791 0.000012 -0.000000  0.002654 0.043679 0.349581
83  0.000000 1.207001 0.000001  0.184118 0.296140 0.567995
84  0.000000 -0.000000 -0.000001  0.000001 -0.000001 1.570797
85  1.207005 -0.000010 0.000005  -0.000004 0.000001 0.540446
86  0.000000 0.000000 1.000000  1.570796 -0.000000 0.000000
time 23
0  0.000005 3.335938 -8.640624  -1.570780 -1.391896 -1.570809
1  2.033356 1.000772 -1.937610  1.473119 1.855075 -0.198639
2  6.028144 -0.000001 0.000000  2.121224 1.513904 -0.439986
3  11.692555 0.000001 0.000003  -0.000000 0.000000 -0.316132
4  11.481696 -0.000000 0.000003  -1.286075 0.008333 0.200690
5  3.859680 -0.132570 1.193107  0.432210 -0.155861 -0.861350
6  1.312560 0.000002 -0.000001  -0.000000 0.000000 -1.191994
7  0.729365 0.000002 -0.000001  -0.000000 0.000000 -1.063394
8  3.942307 0.050326 0.431043  0.232421 0.000609 -0.853331
9  1.539097 -0.000005 -0.000000  -0.000000 0.000000 -0.973379
10  1.196322 0.000007 -0.000001  0.000000 0.000000 -1.451289
11  3.883659 -0.050323 -0.431043  0.066987 0.050243 -0.694792
12  1.719575 0.000006 0.000000  0.000000 -0.000000 -1.251039
13  1.209183 0.000003 0.000000  0.000000 -0.000003 -1.141173
14  3.859840 -0.148937 -1.331282  -0.248855 0.263129 -0.072121
15  1.719423 0.000002 -0.000000  -0.000000 0.000000 -0.676756
16  1.099668 0.000002 0.000001  -0.000000 0.000000 -1.021287
17  0.806022 -0.359837 -1.318333  1.349685 0.343493 -0.771450
18  1.789781 -0.000002 -0.000004  -0.000000 -0.000000 0.397500
19  1.206999 0.000003 0.000005  0.000000 -0.000000 0.989033
20  6.104525 -1.468680 -3.530283  -1.564198 -0.011689 -1.581440
21  3.820744 -1.409994 -0.589408  -1.564198 -0.011689 -1.581440
22  0.222809 -3.739062 1.509297  0.024887 2.851473 -1.494016
23  3.048728 6.125611 1.106842  1.596061 0.018247 -0.808184
24  3.527215 5.063569 0.216260  1.596061 0.018246 -0.808184
25  3.352951 5.114327 -0.401206  1.596061 0.018247 -0.808184
26  2.909482 4.772882 -1.012057  1.596061 0.018247 -0.808184
27  1.772479 4.476570 2.356868  1.596061 0.018247 -0.808184
28  0.000006 3.336140 -8.647861  -1.570799 -1.391898 -1.570795
29  2.033350 1.000764 1.937663  1.227517 0.585911 1.190966
30  2.026190 1.001859 1.937675  1.227511 0.585916 1.190961
31  0.000001 -0.000001 0.000004  1.583265 0.000007 1.570794
32  0.000000 6.028147 -0.000001  -0.405635 -0.509927 -0.918897
33  -0.000001 0.000010 -0.000005  -0.000002 0.000003 1.570791
34  0.000017 6.028144 -0.000011  -0.546760 0.351600 0.445262
35  -0.000001 11.692571 0.000000  -0.000001 -0.000005 -0.637108
36  0.000001 0.000002 -0.000002  0.000005 0.000000 1.570801
37  11.692578 0.000052 0.000038  0.000004 -0.000001 -0.637099
38  0.000000 11.481684 -0.000001  0.407868 0.489342 0.742877
39  -0.000000 0.000002 -0.000001  0.000000 -0.000000 1.570789
40  11.481681 -0.000053 0.000006  0.525681 -0.357676 0.542488
41  0.137968 3.859859 1.332472  -1.465454 -1.619431 0.860062
42  0.000002 0.000000 0.000001  1.933714 0.000004 1.570794
43  3.859859 -0.137942 1.332474  0.357799 -0.048367 -0.605273
44  0.000000 1.719427 0.000001  -0.420874 0.202310 0.066145
45  -0.000001 -0.000001 -0.000001  1.743430 0.000000 1.570798
46  1.719432 0.000005 -0.000007  0.000189 -0.009099 -0.438597
47  -0.000001 1.099663 -0.000001  1.022354 1.907816 1.050326
48  0.000000 0.000000 0.000001  -0.000002 0.000003 1.570799
49  1.099669 0.000000 0.000003  -0.000119 0.002600 -0.290976
50  0.046789 3.883687 0.431448  -0.028140 -1.505149 -0.643980
51  -0.000001 -0.000001 -0.000001  1.590082 0.000009 1.570787
52  3.883689 -0.046762 0.431450  0.084906 0.001837 -0.672065
53  0.000000 1.719572 -0.000001  -0.720099 0.051523 -0.006475
54  -0.000001 -0.000000 -0.000003  1.538381 -0.000002 1.570794
55  1.719579 0.000016 -0.000016  -0.003915 0.016394 -0.719626
56  0.000000 1.209181 -0.000006  -1.502663 1.085644 -1.507497
57  -0.000001 -0.000001 0.000001  -0.000000 -0.000000 1.570805
58  1.209185 -0.000006 -0.000001  -0.000816 0.002971 -0.484093
59  -0.046750 3.942330 -0.431437  -0.326443 -1.473453 -0.660452
60  0.000000 0.000000 0.000002  1.317660 0.000000 1.570797
61  3.942329 0.046778 -0.431436  -0.160904 0.031172 -0.985454
62  -0.000001 1.539091 0.000003  -0.255112 -0.026494 -0.056799
63  0.000001 0.000000 0.000001  1.337310 -0.000004 1.570800
64  1.539096 0.000005 0.000002  -0.000026 0.003538 -0.262661
65  0.000000 1.196324 0.000001  -1.013118 1.118325 -1.059574
66  0.000001 -0.000000 0.000001  0.000000 -0.000001 1.570800
67  1.196327 -0.000009 0.000004  0.000001 0.000003 -0.391197
68  0.142426 3.859707 -1.191969  -0.667366 -1.423718 -0.301277
69  0.000001 0.000001 -0.000002  0.976757 -0.000005 1.570807
70  3.859707 -0.142401 -1.191970  -0.478197 0.090836 -0.963367
71  0.000001 1.312563 -0.000004  -0.361356 -0.138963 -0.204711
72  -0.000001 -0.000001 0.000002  1.078169 0.000003 1.570794
73  1.312568 -0.000015 0.000006  0.000004 -0.001345 -0.437233
74  -0.000001 0.729362 0.000001  -0.404438 1.030437 -0.462973
75  0.000000 0.000000 -0.000000  -0.000001 -0.000001 1.570794
76  0.729365 0.000005 -0.000001  0.000001 -0.000004 -0.231826
77  0.348928 0.806047 1.321258  -1.142977 -2.276485 0.650280
78  0.000000 0.000000 -0.000001  0.437032 0.000002 1.570790
79  0.806047 -0.348924 1.321261  -1.473563 -0.631195 -0.380782
80  0.000000 1.789783 -0.000000  0.105693 0.066384 0.343679
81  0.000000 0.000003 0.000001  0.347279 0.000000 1.570806
82  1.789792 0.000011 -0.000002  0.002654 0.043679 0.349581
83  0.000002 1.207003 0.000000  0.184117 0.296140 0.567994
84  -0.000000 -0.000003 0.000001  0.000001 -0.000001 1.570797
85  1.207005 -0.000012 0.000003  -0.000004 0.000001 0.540445
86  0.000000 0.000000 1.000000  1.570796 -0.000000 0.000000
time 24
0  0.000005 3.335938 -8.640624  -1.570780 -1.391896 -1.570809
1  2.033356 1.000772 -1.937610  1.473119 1.855075 -0.198639
2  6.028144 -0.000001 0.000000  2.116156 1.513437 -0.445067
3  11.692554 0.000002 0.000003  -0.000000 0.000000 -0.317260
4  11.481696 0.000000 0.000003  -1.286057 0.008477 0.200690
5  3.859679 -0.132570 1.193107  0.432210 -0.155861 -0.861350
6  1.312557 -0.000000 -0.000000  -0.000000 0.000000 -1.191994
7  0.729365 -0.000001 -0.000002  -0.000000 0.000000 -1.063394
8  3.942306 0.050325 0.431044  0.232421 0.000609 -0.853331
9  1.539097 -0.000005 0.000001  0.000000 0.000000 -0.973379
10  1.196322 0.000006 -0.000000  0.000000 0.000000 -1.451289
11  3.883659 -0.050323 -0.431043  0.066987 0.050243 -0.694792
12  1.719579 0.000006 -0.000000  0.000000 -0.000000 -1.251039
13  1.209184 0.000007 0.000000  0.000000 -0.000003 -1.141145
14  3.859838 -0.148937 -1.331282  -0.248855 0.263129 -0.072121
15  1.719422 0.000003 -0.000000  0.000000 0.000000 -0.676756
16  1.099667 0.000002 0.000000  -0.000000 0.000000 -1.021287
17  0.806021 -0.359837 -1.318334  1.349685 0.343493 -0.771450
18  1.789782 0.000000 -0.000006  0.000000 0.000000 0.397500
19  1.206999 0.000003 0.000001  0.000000 -0.000000 0.989033
20  6.104522 -1.468680 -3.530283  -1.564198 -0.011689 -1.581440
21  3.820744 -1.409994 -0.589409  -1.564198 -0.011689 -1.581440
22  0.222809 -3.739063 1.509298  0.024887 2.851473 -1.494016
23  3.048727 6.125613 1.106842  1.596061 0.018247 -0.808184
24  3.527214 5.063570 0.216260  1.596061 0.018246 -0.808184
25  3.352949 5.114329 -0.401205  1.596061 0.018247 -0.808184
26  2.909482 4.772883 -1.012056  1.596061 0.018247 -0.808184
27  1.772478 4.476572 2.356869  1.596061 0.018247 -0.808184
28  0.000006 3.336140 -8.647861  -1.570799 -1.391898 -1.570795
29  2.033350 1.000764 1.937663  1.227517 0.585911 1.190966
30  2.026190 1.001859 1.937675  1.227511 0.585916 1.190961
31  0.000001 -0.000001 0.000004  1.583265 0.000007 1.570794
32  0.000000 6.028147 -0.000001  -0.405718 -0.509874 -0.918745
33  -0.000001 0.000009 -0.000005  -0.000002 0.000003 1.570791
34  0.000017 6.028144 -0.000011  -0.546721 0.351682 0.445385
35  -0.000000 11.692569 0.000000  -0.000001 -0.000005 -0.637442
36  0.000001 0.000002 -0.000002  0.000005 0.000000 1.570801
37  11.692578 0.000055 0.000042  0.000004 -0.000001 -0.637432
38  0.000001 11.481684 0.000000  0.408397 0.489466 0.742955
39  -0.000001 0.000001 0.000001  0.000000 -0.000000 1.570789
40  11.481683 -0.000054 0.000009  0.525910 -0.358109 0.542238
41  0.137968 3.859855 1.332474  -1.465456 -1.619430 0.860059
42  0.000000 -0.000002 -0.000001  1.933714 0.000004 1.570794
43  3.859857 -0.137941 1.332473  0.357799 -0.048366 -0.605273
44  0.000000 1.719428 -0.000001  -0.420872 0.202310 0.066145
45  -0.000000 -0.000001 -0.000002  1.743430 0.000000 1.570798
46  1.719435 0.000004 -0.000005  0.000189 -0.009099 -0.438595
47  -0.000000 1.099660 -0.000006  1.022353 1.907815 1.050324
48  -0.000002 0.000002 0.000000  -0.000002 0.000003 1.570799
49  1.099664 -0.000001 0.000004  -0.000119 0.002600 -0.290975
50  0.046788 3.883685 0.431452  -0.028160 -1.505149 -0.643958
51  -0.000000 0.000004 -0.000002  1.590082 0.000009 1.570787
52  3.883686 -0.046762 0.431449  0.084906 0.001838 -0.672064
53  -0.000001 1.719579 -0.000000  -0.720099 0.051523 -0.006475
54  -0.000001 -0.000000 0.000001  1.538381 -0.000002 1.570794
55  1.719578 0.000017 -0.000017  -0.003915 0.016394 -0.719627
56  -0.000000 1.209183 0.000002  -1.502663 1.085643 -1.507497
57  -0.000000 0.000000 -0.000001  -0.000000 -0.000000 1.570805
58  1.209185 -0.000004 -0.000003  -0.000817 0.002971 -0.484094
59  -0.046751 3.942324 -0.431435  -0.326452 -1.473453 -0.660446
60  -0.000001 -0.000001 -0.000001  1.317660 0.000000 1.570797
61  3.942325 0.046779 -0.431438  -0.160904 0.031173 -0.985454
62  0.000000 1.539088 -0.000002  -0.255109 -0.026494 -0.056799
63  -0.000000 -0.000000 0.000001  1.337310 -0.000004 1.570800
64  1.539094 0.000000 0.000001  -0.000026 0.003537 -0.262659
65  -0.000001 1.196321 0.000003  -1.013114 1.118327 -1.059570
66  -0.000001 0.000000 0.000000  0.000000 -0.000001 1.570800
67  1.196326 -0.000006 0.000003  0.000001 0.000004 -0.391194
68  0.142426 3.859704 -1.191966  -0.667365 -1.423718 -0.301277
69  0.000001 0.000002 0.000002  0.976757 -0.000005 1.570807
70  3.859708 -0.142400 -1.191969  -0.478196 0.090836 -0.963366
71  0.000001 1.312567 -0.000001  -0.361357 -0.138963 -0.204711
72  0.000001 -0.000001 0.000001  1.078169 0.000003 1.570794
73  1.312569 -0.000016 0.000006  0.000005 -0.001344 -0.437234
74  0.000002 0.729363 -0.000002  -0.404440 1.030436 -0.462976
75  0.000003 -0.000000 0.000000  -0.000001 -0.000001 1.570795
76  0.729366 -0.000003 -0.000003  0.000002 -0.000005 -0.231827
77  0.348928 0.806043 1.321260  -1.142976 -2.276483 0.650280
78  0.000001 -0.000001 -0.000000  0.437032 0.000002 1.570791
79  0.806045 -0.348924 1.321260  -1.473563 -0.631193 -0.380781
80  0.000001 1.789783 0.000002  0.105693 0.066384 0.343678
81  -0.000000 0.000000 0.000001  0.347279 0.000000 1.570806
82  1.789790 0.000014 0.000001  0.002654 0.043679 0.349580
83  0.000002 1.206997 -0.000000  0.184117 0.296141 0.567992
84  -0.000001 -0.000001 0.000000  0.000001 -0.000001 1.570797
85  1.206999 -0.000013 0.000004  -0.000004 0.000001 0.540444
86  0.000000 0.000000 1.000000  1.570796 -0.000000 0.000000
time 25
0  0.000005 3.335938 -8.640624  -1.570780 -1.391896 -1.570809
1  2.033356 1.000772 -1.937610  1.473119 1.855075 -0.198639
2  6.028144 -0.000001 0.000000  2.111335 1.512970 -0.449907
3  11.692555 -0.000002 0.000003  -0.000000 0.000000 -0.318350
4  11.481697 0.000000 0.000003  -1.286039 0.008600 0.200690
5  3.859677 -0.132570 1.193108  0.432210 -0.155861 -0.861350
6  1.312558 0.000003 0.000000  -0.000000 0.000000 -1.191994
7  0.729366 0.000002 -0.000001  -0.000000 0.000000 -1.063394
8  3.942305 0.050326 0.431044  0.232421 0.000609 -0.853331
9  1.539097 -0.000006 0.000001  -0.000000 0.000000 -0.973379
10  1.196323 0.000006 0.000000  -0.000000 0.000000 -1.451289
11  3.883657 -0.050323 -0.431043  0.066987 0.050243 -0.694792
12  1.719574 0.000003 0.000000  0.000000 -0.000000 -1.251039
13  1.209185 0.000004 -0.000000  0.000000 -0.000003 -1.141145
14  3.859835 -0.148936 -1.331282  -0.248855 0.263129 -0.072121
15  1.719424 0.000002 -0.000001  -0.000000 0.000000 -0.676756
16  1.099668 0.000000 0.000001  0.000000 0.000000 -1.021287
17  0.806020 -0.359837 -1.318333  1.349685 0.343493 -0.771450
18  1.789784 0.000001 -0.000005  0.000000 0.000000 0.397500
19  1.206997 0.000003 0.000001  0.000000 0.000000 0.989033
20  6.104522 -1.468680 -3.530283  -1.564198 -0.011689 -1.581440
21  3.820741 -1.409993 -0.589408  -1.564198 -0.011689 -1.581440
22  0.222815 -3.739062 1.509296  0.024887 2.851473 -1.494016
23  3.048727 6.125611 1.106842  1.596061 0.018247 -0.808184
24  3.527214 5.063569 0.216260  1.596061 0.018246 -0.808184
25  3.352950 5.114326 -0.401205  1.596061 0.018247 -0.808184
26  2.909482 4.772883 -1.012055  1.596061 0.018247 -0.808184
27  1.772478 4.476569 2.356869  1.596061 0.018247 -0.808184
28  0.000006 3.336140 -8.647861  -1.570799 -1.391898 -1.570795
29  2.033350 1.000764 1.937663  1.227517 0.585911 1.190966
30  2.026190 1.001859 1.937675  1.227511 0.585916 1.190961
31  0.000001 -0.000001 0.000004  1.583265 0.000007 1.570794
32  0.000000 6.028147 -0.000001  -0.405810 -0.509834 -0.918610
33  -0.000001 0.000010 -0.000006  -0.000002 0.000003 1.570792
34  0.000017 6.028144 -0.000011  -0.546697 0.351769 0.445484
35  -0.000001 11.692572 -0.000001  -0.000001 -0.000005 -0.637737
36  -0.000001 0.000000 -0.000001  0.000005 0.000000 1.570801
37  11.692577 0.000052 0.000040  0.000004 -0.000001 -0.637728
38  -0.000000 11.481680 0.000000  0.408920 0.489592 0.743038
39  -0.000001 0.000000 0.000000  0.000000 -0.000000 1.570789
40  11.481682 -0.000056 0.000007  0.526140 -0.358536 0.541994
41  0.137968 3.859859 1.332474  -1.465460 -1.619430 0.860061
42  -0.000000 0.000000 -0.000001  1.933714 0.000004 1.570794
43  3.859859 -0.137941 1.332475  0.357799 -0.048365 -0.605274
44  -0.000001 1.719432 0.000003  -0.420870 0.202310 0.066145
45  0.000000 0.000001 0.000001  1.743430 0.000000 1.570799
46  1.719436 0.000007 -0.000008  0.000190 -0.009098 -0.438592
47  0.000000 1.099664 0.000001  1.022349 1.907813 1.050322
48  -0.000000 -0.000000 0.000001  -0.000002 0.000003 1.570799
49  1.099667 0.000000 0.000002  -0.000119 0.002600 -0.290972
50  0.046788 3.883690 0.431451  -0.028149 -1.505149 -0.643976
51  -0.000001 0.000000 -0.000001  1.590082 0.000009 1.570787
52  3.883689 -0.046762 0.431451  0.084907 0.001838 -0.672064
53  -0.000002 1.719574 0.000001  -0.720099 0.051523 -0.006475
54  0.000000 -0.000000 0.000002  1.538381 -0.000002 1.570794
55  1.719577 0.000015 -0.000017  -0.003915 0.016394 -0.719626
56  0.000001 1.209183 0.000002  -1.502664 1.085644 -1.507497
57  -0.000001 -0.000001 -0.000000  -0.000000 -0.000000 1.570805
58  1.209186 -0.000001 -0.000002  -0.000816 0.002971 -0.484093
59  -0.046751 3.942328 -0.431435  -0.326450 -1.473453 -0.660450
60  0.000000 0.000001 0.000001  1.317660 0.000000 1.570797
61  3.942329 0.046778 -0.431436  -0.160904 0.031173 -0.985454
62  -0.000000 1.539092 0.000001  -0.255110 -0.026494 -0.056799
63  0.000001 -0.000000 0.000002  1.337310 -0.000004 1.570800
64  1.539096 0.000002 0.000002  -0.000026 0.003537 -0.262660
65  -0.000001 1.196323 0.000002  -1.013115 1.118326 -1.059572
66  0.000001 -0.000000 0.000001  0.000000 -0.000001 1.570800
67  1.196327 -0.000005 0.000004  0.000001 0.000003 -0.391194
68  0.142426 3.859706 -1.191967  -0.667366 -1.423718 -0.301278
69  -0.000000 -0.000001 0.000001  0.976757 -0.000005 1.570807
70  3.859706 -0.142400 -1.191969  -0.478196 0.090836 -0.963366
71  -0.000002 1.312564 0.000001  -0.361354 -0.138963 -0.204711
72  0.000000 0.000000 -0.000001  1.078169 0.000003 1.570794
73  1.312570 -0.000016 0.000007  0.000005 -0.001346 -0.437232
74  -0.000001 0.729364 -0.000002  -0.404436 1.030437 -0.462972
75  -0.000002 -0.000000 -0.000001  -0.000001 -0.000001 1.570795
76  0.729367 0.000004 -0.000001  0.000002 -0.000005 -0.231825
77  0.348927 0.806045 1.321260  -1.142976 -2.276482 0.650280
78  0.000000 -0.000001 -0.000001  0.437032 0.000002 1.570791
79  0.806047 -0.348924 1.321262  -1.473562 -0.631192 -0.380781
80  0.000000 1.789783 0.000001  0.105693 0.066384 0.343676
81  0.000001 -0.000001 0.000000  0.347279 0.000000 1.570806
82  1.789788 0.000013 -0.000001  0.002654 0.043678 0.349578
83  -0.000001 1.206998 0.000002  0.184116 0.296141 0.567990
84  -0.000000 0.000000 -0.000000  0.000001 -0.000001 1.570797
85  1.207005 -0.000008 0.000006  -0.000004 0.000001 0.540442
86  0.000000 0.000000 1.000000  1.570796 -0.000000 0.000000
time 26
0  0.000005 3.335938 -8.640624  -1.570780 -1.391896 -1.570809
1  2.033356 1.000772 -1.937610  1.473119 1.855075 -0.198639
2  6.028144 -0.000001 0.000000  2.106823 1.512549 -0.454432
3  11.692555 -0.000000 0.000003  -0.000000 0.000000 -0.319365
4  11.481696 0.000001 0.000002  -1.286020 0.008703 0.200690
5  3.859677 -0.132570 1.193107  0.432210 -0.155861 -0.861350
6  1.312558 0.000001 0.000001  -0.000000 0.000000 -1.191994
7  0.729365 -0.000002 -0.000002  -0.000000 0.000000 -1.063394
8  3.942304 0.050326 0.431044  0.232421 0.000609 -0.853331
9  1.539097 -0.000004 -0.000001  -0.000000 0.000000 -0.973401
10  1.196321 0.000006 -0.000002  -0.000000 0.000000 -1.451289
11  3.883657 -0.050323 -0.431043  0.066987 0.050243 -0.694792
12  1.719578 0.000006 0.000000  0.000000 -0.000000 -1.251039
13  1.209184 0.000003 0.000000  0.000000 -0.000003 -1.141145
14  3.859837 -0.148937 -1.331282  -0.248855 0.263129 -0.072121
15  1.719424 0.000002 0.000000  0.000000 0.000000 -0.676756
16  1.099668 0.000005 0.000001  -0.000000 0.000000 -1.021287
17  0.806019 -0.359837 -1.318334  1.349685 0.343493 -0.771450
18  1.789784 0.000000 -0.000005  -0.000000 -0.000000 0.397500
19  1.206998 0.000003 0.000003  0.000000 -0.000000 0.989033
20  6.104521 -1.468680 -3.530283  -1.564198 -0.011689 -1.581440
21  3.820742 -1.409994 -0.589408  -1.564198 -0.011689 -1.581440
22  0.222822 -3.739061 1.509297  0.024887 2.851473 -1.494016
23  3.048727 6.125611 1.106841  1.596061 0.018247 -0.808184
24  3.527214 5.063567 0.216259  1.596061 0.018246 -0.808184
25  3.352950 5.114327 -0.401207  1.596061 0.018247 -0.808184
26  2.909482 4.772883 -1.012057  1.596061 0.018247 -0.808184
27  1.772478 4.476571 2.356867  1.596061 0.018247 -0.808184
28  0.000006 3.336140 -8.647861  -1.570799 -1.391898 -1.570795
29  2.033350 1.000764 1.937663  1.227517 0.585911 1.190966
30  2.026190 1.001859 1.937675  1.227511 0.585916 1.190961
31  0.000001 -0.000001 0.000004  1.583265 0.000007 1.570794
32  0.000000 6.028147 -0.000001  -0.405899 -0.509776 -0.918446
33  -0.000001 0.000009 -0.000006  -0.000002 0.000003 1.570792
34  0.000017 6.028144 -0.000011  -0.546653 0.351857 0.445621
35  -0.000001 11.692571 -0.000001  -0.000001 -0.000005 -0.638086
36  -0.000002 0.000002 -0.000002  0.000005 0.000000 1.570801
37  11.692578 0.000052 0.000040  0.000004 -0.000001 -0.638077
38  -0.000002 11.481683 -0.000000  0.409411 0.489695 0.743165
39  -0.000000 0.000002 -0.000001  0.000000 -0.000000 1.570789
40  11.481681 -0.000053 0.000008  0.526340 -0.358941 0.541820
41  0.137968 3.859860 1.332472  -1.465452 -1.619430 0.860060
42  0.000000 -0.000001 0.000001  1.933714 0.000004 1.570794
43  3.859859 -0.137941 1.332473  0.357798 -0.048366 -0.605274
44  -0.000000 1.719427 0.000001  -0.420872 0.202310 0.066145
45  0.000001 -0.000000 0.000001  1.743430 0.000000 1.570798
46  1.719432 0.000005 -0.000006  0.000190 -0.009098 -0.438595
47  0.000001 1.099663 -0.000000  1.022351 1.907814 1.050324
48  0.000001 -0.000000 0.000000  -0.000002 0.000003 1.570799
49  1.099666 -0.000002 0.000003  -0.000119 0.002600 -0.290974
50  0.046788 3.883686 0.431449  -0.028160 -1.505149 -0.643959
51  0.000001 0.000001 0.000001  1.590082 0.000009 1.570787
52  3.883686 -0.046761 0.431449  0.084906 0.001838 -0.672066
53  0.000001 1.719574 0.000000  -0.720098 0.051523 -0.006475
54  -0.000001 0.000001 0.000001  1.538381 -0.000002 1.570794
55  1.719579 0.000016 -0.000017  -0.003915 0.016393 -0.719626
56  0.000001 1.209181 -0.000000  -1.502663 1.085645 -1.507497
57  0.000002 -0.000001 0.000000  -0.000000 -0.000000 1.570805
58  1.209184 -0.000004 -0.000002  -0.000816 0.002971 -0.484092
59  -0.046750 3.942329 -0.431437  -0.326442 -1.473453 -0.660457
60  -0.000001 -0.000001 0.000000  1.317660 0.000000 1.570797
61  3.942328 0.046778 -0.431439  -0.160904 0.031172 -0.985456
62  -0.000001 1.539090 0.000000  -0.255109 -0.026494 -0.056799
63  0.000000 0.000001 -0.000001  1.337310 -0.000004 1.570800
64  1.539096 0.000000 0.000002  -0.000026 0.003537 -0.262659
65  0.000003 1.196323 -0.000006  -1.013114 1.118327 -1.059571
66  -0.000001 -0.000000 -0.000000  0.000000 -0.000001 1.570800
67  1.196325 -0.000009 0.000003  0.000000 0.000004 -0.391194
68  0.142426 3.859708 -1.191968  -0.667372 -1.423718 -0.301274
69  0.000000 -0.000000 0.000002  0.976757 -0.000005 1.570807
70  3.859705 -0.142400 -1.191971  -0.478197 0.090837 -0.963369
71  -0.000001 1.312564 0.000002  -0.361354 -0.138963 -0.204711
72  0.000000 -0.000000 0.000000  1.078169 0.000003 1.570794
73  1.312572 -0.000011 0.000008  0.000004 -0.001346 -0.437232
74  -0.000000 0.729363 -0.000002  -0.404434 1.030437 -0.462969
75  0.000002 0.000000 0.000001  -0.000001 -0.000001 1.570795
76  0.729366 -0.000001 -0.000001  0.000001 -0.000004 -0.231823
77  0.348928 0.806047 1.321258  -1.142976 -2.276483 0.650279
78  0.000000 0.000001 0.000002  0.437032 0.000002 1.570790
79  0.806048 -0.348924 1.321259  -1.473563 -0.631193 -0.380783
80  0.000000 1.789787 0.000002  0.105693 0.066384 0.343677
81  0.000000 -0.000004 -0.000000  0.347279 0.000000 1.570806
82  1.789791 0.000010 -0.000001  0.002654 0.043678 0.349579
83  -0.000001 1.206995 0.000000  0.184116 0.296141 0.567991
84  -0.000000 -0.000002 0.000000  0.000001 -0.000001 1.570797
85  1.207003 -0.000009 0.000006  -0.000004 0.000001 0.540442
86  0.000000 0.000000 1.000000  1.570796 -0.000000 0.000000
time 27
0  0.000005 3.335938 -8.640624  -1.570780 -1.391896 -1.570809
1  2.033356 1.000772 -1.937610  1.473119 1.855075 -0.198639
2  6.028144 -0.000001 0.000000  2.102682 1.512128 -0.458570
3  11.692554 0.000001 0.000003  -0.000000 0.000000 -0.320342
4  11.481694 0.000001 0.000002  -1.286002 0.008806 0.200690
5  3.859675 -0.132570 1.193108  0.432210 -0.155861 -0.861350
6  1.312562 0.000004 -0.000000  -0.000000 0.000000 -1.191994
7  0.729362 -0.000002 -0.000001  -0.000000 0.000000 -1.063394
8  3.942302 0.050325 0.431045  0.232421 0.000609 -0.853331
9  1.539097 -0.000003 0.000001  -0.000000 0.000000 -0.973379
10  1.196322 0.000005 0.000001  -0.000000 0.000000 -1.451289
11  3.883654 -0.050323 -0.431043  0.066987 0.050243 -0.694792
12  1.719578 0.000008 0.000001  0.000000 -0.000000 -1.251039
13  1.209183 0.000004 0.000001  0.000000 -0.000003 -1.141145
14  3.859834 -0.148937 -1.331282  -0.248855 0.263129 -0.072121
15  1.719425 0.000002 -0.000001  -0.000000 0.000000 -0.676756
16  1.099667 0.000001 0.000001  0.000000 0.000000 -1.021287
17  0.806018 -0.359837 -1.318333  1.349685 0.343493 -0.771450
18  1.789782 0.000000 -0.000004  -0.000000 -0.000000 0.397500
19  1.207000 0.000003 0.000003  0.000000 -0.000000 0.989033
20  6.104518 -1.468680 -3.530282  -1.564198 -0.011689 -1.581440
21  3.820741 -1.409994 -0.589408  -1.564198 -0.011689 -1.581440
22  0.222810 -3.739063 1.509298  0.024887 2.851473 -1.494016
23  3.048727 6.125611 1.106841  1.596061 0.018247 -0.808184
24  3.527215 5.063569 0.216258  1.596061 0.018246 -0.808184
25  3.352950 5.114329 -0.401207  1.596061 0.018247 -0.808184
26  2.909482 4.772882 -1.012057  1.596061 0.018247 -0.808184
27  1.772479 4.476569 2.356868  1.596061 0.018247 -0.808184
28  0.000006 3.336140 -8.647861  -1.570799 -1.391898 -1.570795
29  2.033350 1.000764 1.937663  1.227517 0.585911 1.190966
30  2.026190 1.001859 1.937675  1.227511 0.585916 1.190961
31  0.000001 -0.000001 0.000004  1.583265 0.000007 1.570794
32  0.000000 6.028147 -0.000001  -0.405986 -0.509739 -0.918320
33  -0.000002 0.000009 -0.000006  -0.000002 0.000003 1.570792
34  0.000017 6.028144 -0.000011  -0.546632 0.351938 0.445711
35  -0.000001 11.692571 -0.000000  -0.000001 -0.000005 -0.638359
36  -0.000000 0.000001 -0.000003  0.000005 0.000000 1.570801
37  11.692578 0.000052 0.000039  0.000004 -0.000001 -0.638350
38  0.000000 11.481681 -0.000000  0.409886 0.489790 0.743243
39  -0.000000 0.000001 0.000001  0.000000 -0.000000 1.570789
40  11.481682 -0.000056 0.000008  0.526529 -0.359332 0.541608
41  0.137968 3.859855 1.332475  -1.465454 -1.619431 0.860063
42  0.000001 -0.000002 -0.000001  1.933714 0.000004 1.570794
43  3.859857 -0.137941 1.332474  0.357798 -0.048367 -0.605273
44  0.000002 1.719426 -0.000002  -0.420874 0.202310 0.066145
45  0.000000 -0.000000 0.000001  1.743430 0.000000 1.570798
46  1.719429 0.000007 -0.000006  0.000190 -0.009099 -0.438597
47  0.000001 1.099662 -0.000001  1.022355 1.907816 1.050327
48  -0.000001 -0.000000 0.000001  -0.000002 0.000003 1.570799
49  1.099665 -0.000004 0.000003  -0.000119 0.002599 -0.290976
50  0.046788 3.883684 0.431452  -0.028138 -1.505149 -0.643981
51  -0.000000 -0.000001 -0.000000  1.590082 0.000009 1.570787
52  3.883685 -0.046762 0.431449  0.084906 0.001837 -0.672065
53  -0.000001 1.719574 -0.000001  -0.720100 0.051523 -0.006475
54  0.000001 0.000000 0.000002  1.538381 -0.000002 1.570794
55  1.719578 0.000018 -0.000016  -0.003915 0.016394 -0.719628
56  -0.000001 1.209183 0.000000  -1.502664 1.085643 -1.507496
57  -0.000001 0.000000 -0.000000  -0.000000 -0.000000 1.570805
58  1.209185 -0.000002 -0.000004  -0.000817 0.002971 -0.484094
59  -0.046750 3.942322 -0.431433  -0.326450 -1.473453 -0.660447
60  0.000000 0.000001 0.000001  1.317660 0.000000 1.570797
61  3.942323 0.046778 -0.431437  -0.160904 0.031173 -0.985455
62  -0.000001 1.539094 0.000005  -0.255109 -0.026494 -0.056799
63  -0.000001 0.000000 -0.000000  1.337310 -0.000004 1.570800
64  1.539098 0.000005 0.000002  -0.000026 0.003537 -0.262658
65  -0.000003 1.196323 0.000001  -1.013113 1.118327 -1.059570
66  0.000001 -0.000000 0.000001  0.000000 -0.000001 1.570800
67  1.196327 -0.000002 0.000002  0.000001 0.000004 -0.391193
68  0.142426 3.859702 -1.191965  -0.667367 -1.423718 -0.301276
69  -0.000000 0.000003 -0.000000  0.976757 -0.000005 1.570807
70  3.859706 -0.142400 -1.191969  -0.478197 0.090836 -0.963367
71  -0.000001 1.312570 0.000003  -0.361355 -0.138963 -0.204711
72  0.000000 0.000000 0.000000  1.078169 0.000003 1.570794
73  1.312573 -0.000015 0.000009  0.000004 -0.001345 -0.437233
74  0.000001 0.729364 0.000002  -0.404437 1.030436 -0.462973
75  -0.000000 -0.000001 0.000000  -0.000001 -0.000001 1.570795
76  0.729368 0.000006 -0.000001  0.000001 -0.000004 -0.231825
77  0.348927 0.806040 1.321261  -1.142977 -2.276484 0.650279
78  0.000002 0.000001 0.000000  0.437032 0.000002 1.570790
79  0.806044 -0.348924 1.321261  -1.473563 -0.631194 -0.380783
80  0.000002 1.789783 0.000002  0.105693 0.066384 0.343678
81  -0.000001 0.000001 0.000000  0.347279 0.000000 1.570806
82  1.789786 0.000012 -0.000000  0.002654 0.043679 0.349580
83  -0.000002 1.207000 0.000001  0.184117 0.296141 0.567992
84  -0.000000 -0.000002 -0.000001  0.000001 -0.000001 1.570797
85  1.207005 -0.000009 0.000006  -0.000004 0.000001 0.540444
86  0.000000 0.000000 1.000000  1.570796 -0.000000 0.000000
time 28
0  0.000005 3.335938 -8.640624  -1.570780 -1.391896 -1.570809
1  2.033356 1.000772 -1.937610  1.473119 1.855075 -0.198639
2  6.028144 -0.000001 0.000000  2.098973 1.511754 -0.462272
3  11.692556 0.000001 0.000003  -0.000000 0.000000 -0.321207
4  11.481697 0.000001 0.000003  -1.285984 0.008888 0.200690
5  3.859679 -0.132570 1.193107  0.432210 -0.155861 -0.861350
6  1.312562 0.000007 0.000001  -0.000000 0.000000 -1.191994
7  0.729365 -0.000001 0.000001  -0.000000 0.000000 -1.063394
8  3.942304 0.050325 0.431044  0.232421 0.000609 -0.853331
9  1.539100 -0.000005 0.000001  -0.000000 0.000000 -0.973379
10  1.196322 0.000006 -0.000000  0.000000 0.000000 -1.451289
11  3.883658 -0.050323 -0.431043  0.066987 0.050243 -0.694792
12  1.719578 0.000005 0.000001  0.000000 -0.000000 -1.251039
13  1.209186 0.000002 0.000001  0.000000 -0.000003 -1.141145
14  3.859837 -0.148937 -1.331282  -0.248855 0.263129 -0.072121
15  1.719423 0.000002 -0.000000  -0.000000 0.000000 -0.676756
16  1.099665 0.000003 0.000000  0.000000 0.000000 -1.021287
17  0.806021 -0.359837 -1.318334  1.349685 0.343493 -0.771450
18  1.789783 0.000000 -0.000007  0.000000 -0.000000 0.397500
19  1.207002 0.000003 0.000003  0.000000 0.000000 0.989033
20  6.104524 -1.468681 -3.530283  -1.564198 -0.011689 -1.581440
21  3.820743 -1.409994 -0.589409  -1.564198 -0.011689 -1.581440
22  0.222826 -3.739061 1.509296  0.024887 2.851473 -1.494016
23  3.048726 6.125612 1.106842  1.596061 0.018247 -0.808184
24  3.527214 5.063567 0.216260  1.596061 0.018246 -0.808184
25  3.352950 5.114328 -0.401205  1.596061 0.018247 -0.808184
26  2.909482 4.772882 -1.012055  1.596061 0.018247 -0.808184
27  1.772478 4.476571 2.356869  1.596061 0.018247 -0.808184
28  0.000006 3.336140 -8.647861  -1.570799 -1.391898 -1.570795
29  2.033350 1.000764 1.937663  1.227517 0.585911 1.190966
30  2.026190 1.001859 1.937675  1.227511 0.585916 1.190961
31  0.000001 -0.000001 0.000004  1.583265 0.000007 1.570794
32  0.000000 6.028147 -0.000001  -0.406072 -0.509702 -0.918194
33  -0.000000 0.000009 -0.000006  -0.000002 0.000003 1.570791
34  0.000017 6.028144 -0.000011  -0.546609 0.352020 0.445803
35  -0.000000 11.692570 -0.000001  -0.000001 -0.000005 -0.638619
36  -0.000000 0.000001 -0.000002  0.000005 0.000000 1.570801
37  11.692578 0.000055 0.000042  0.000004 -0.000001 -0.638610
38  0.000000 11.481684 0.000000  0.410312 0.489867 0.743331
39  -0.000001 -0.000001 -0.000001  0.000000 -0.000000 1.570789
40  11.481684 -0.000053 0.000009  0.526690 -0.359685 0.541439
41  0.137968 3.859854 1.332473  -1.465456 -1.619431 0.860062
42  0.000000 0.000001 0.000001  1.933714 0.000004 1.570794
43  3.859859 -0.137941 1.332474  0.357798 -0.048368 -0.605272
44  0.000002 1.719428 -0.000002  -0.420877 0.202310 0.066145
45  0.000001 -0.000002 -0.000001  1.743430 0.000000 1.570798
46  1.719432 0.000006 -0.000005  0.000189 -0.009100 -0.438599
47  0.000001 1.099661 0.000000  1.022357 1.907818 1.050331
48  -0.000002 0.000000 -0.000001  -0.000002 0.000003 1.570799
49  1.099666 0.000004 0.000002  -0.000120 0.002600 -0.290978
50  0.046789 3.883688 0.431450  -0.028137 -1.505149 -0.643981
51  -0.000000 -0.000001 0.000000  1.590082 0.000009 1.570787
52  3.883693 -0.046762 0.431450  0.084906 0.001837 -0.672065
53  0.000000 1.719574 -0.000002  -0.720101 0.051523 -0.006475
54  -0.000001 0.000000 0.000002  1.538381 -0.000002 1.570794
55  1.719576 0.000016 -0.000016  -0.003915 0.016394 -0.719628
56  -0.000001 1.209183 -0.000001  -1.502664 1.085643 -1.507497
57  0.000004 -0.000002 0.000000  -0.000000 -0.000000 1.570805
58  1.209186 -0.000001 -0.000002  -0.000816 0.002971 -0.484094
59  -0.046750 3.942322 -0.431435  -0.326452 -1.473453 -0.660442
60  -0.000001 0.000000 0.000002  1.317660 0.000000 1.570797
61  3.942327 0.046777 -0.431436  -0.160904 0.031173 -0.985454
62  -0.000002 1.539093 0.000004  -0.255112 -0.026494 -0.056799
63  0.000000 0.000001 0.000000  1.337310 -0.000004 1.570800
64  1.539099 0.000004 0.000001  -0.000026 0.003538 -0.262661
65  -0.000001 1.196324 0.000003  -1.013117 1.118325 -1.059574
66  0.000001 0.000000 -0.000000  0.000000 -0.000001 1.570800
67  1.196326 -0.000004 0.000003  0.000001 0.000003 -0.391196
68  0.142426 3.859698 -1.191968  -0.667370 -1.423718 -0.301271
69  -0.000002 0.000001 -0.000003  0.976757 -0.000005 1.570807
70  3.859703 -0.142401 -1.191969  -0.478196 0.090837 -0.963366
71  0.000001 1.312568 -0.000002  -0.361360 -0.138963 -0.204711
72  -0.000001 0.000000 -0.000000  1.078169 0.000003 1.570794
73  1.312572 -0.000013 0.000010  0.000004 -0.001343 -0.437237
74  -0.000000 0.729364 0.000001  -0.404443 1.030435 -0.462981
75  0.000004 -0.000000 -0.000001  -0.000001 -0.000001 1.570794
76  0.729367 0.000003 0.000001  0.000002 -0.000004 -0.231829
77  0.348928 0.806040 1.321260  -1.142977 -2.276485 0.650280
78  -0.000002 -0.000001 0.000000  0.437032 0.000002 1.570791
79  0.806046 -0.348924 1.321261  -1.473563 -0.631194 -0.380782
80  -0.000000 1.789783 0.000002  0.105693 0.066384 0.343679
81  -0.000001 -0.000002 0.000000  0.347279 0.000000 1.570806
82  1.789788 0.000008 0.000000  0.002654 0.043679 0.349580
83  -0.000001 1.206998 0.000001  0.184117 0.296141 0.567993
84  -0.000000 -0.000001 0.000000  0.000001 -0.000001 1.570797
85  1.207004 -0.000011 0.000005  -0.000004 0.000001 0.540445
86  0.000000 0.000000 1.000000  1.570796 -0.000000 0.000000
time 29
0  0.000005 3.335938 -8.640624  -1.570780 -1.391896 -1.570809
1  2.033356 1.000772 -1.937610  1.473119 1.855075 -0.198639
2  6.028144 -0.000001 0.000000  2.095739 1.511427 -0.465515
3  11.692555 0.000002 0.000003  0.000000 0.000000 -0.321959
4  11.481697 0.000002 0.000002  -1.285984 0.008950 0.200690
5  3.859675 -0.132570 1.193107  0.432210 -0.155861 -0.861350
6  1.312559 0.000001 0.000001  -0.000000 0.000000 -1.191994
7  0.729368 -0.000001 -0.000001  -0.000000 0.000000 -1.063394
8  3.942304 0.050325 0.431044  0.232421 0.000609 -0.853331
9  1.539098 -0.000004 0.000000  -0.000000 0.000000 -0.973379
10  1.196321 0.000008 0.000000  0.000000 0.000000 -1.451289
11  3.883655 -0.050324 -0.431043  0.066987 0.050243 -0.694792
12  1.719577 0.000005 0.000000  0.000000 -0.000000 -1.251039
13  1.209183 0.000003 0.000000  0.000000 -0.000003 -1.141145
14  3.859834 -0.148937 -1.331282  -0.248855 0.263129 -0.072121
15  1.719423 0.000001 0.000000  -0.000000 0.000000 -0.676756
16  1.099667 0.000000 0.000001  -0.000000 0.000000 -1.021287
17  0.806019 -0.359838 -1.318334  1.349685 0.343493 -0.771450
18  1.789782 0.000001 -0.000006  -0.000000 -0.000000 0.397500
19  1.206999 0.000003 0.000003  0.000000 -0.000000 0.989033
20  6.104519 -1.468681 -3.530283  -1.564198 -0.011689 -1.581440
21  3.820742 -1.409994 -0.589409  -1.564198 -0.011689 -1.581440
22  0.222820 -3.739062 1.509297  0.024887 2.851473 -1.494016
23  3.048727 6.125611 1.106841  1.596061 0.018247 -0.808184
24  3.527215 5.063566 0.216259  1.596061 0.018246 -0.808184
25  3.352951 5.114326 -0.401208  1.596061 0.018247 -0.808184
26  2.909482 4.772882 -1.012056  1.596061 0.018247 -0.808184
27  1.772479 4.476568 2.356868  1.596061 0.018247 -0.808184
28  0.000006 3.336140 -8.647861  -1.570799 -1.391898 -1.570795
29  2.033350 1.000764 1.937663  1.227517 0.585911 1.190966
30  2.026190 1.001859 1.937675  1.227511 0.585916 1.190961
31  0.000001 -0.000001 0.000004  1.583265 0.000007 1.570794
32  0.000000 6.028147 -0.000001  -0.406155 -0.509668 -0.918075
33  -0.000000 0.000010 -0.000005  -0.000002 0.000003 1.570792
34  0.000017 6.028144 -0.000011  -0.546590 0.352097 0.445888
35  0.000000 11.692571 -0.000000  -0.000001 -0.000005 -0.638858
36  0.000000 0.000001 -0.000002  0.000005 0.000000 1.570801
37  11.692578 0.000054 0.000041  0.000004 -0.000001 -0.638848
38  -0.000001 11.481683 0.000001  0.410689 0.489930 0.743425
39  -0.000000 -0.000001 0.000000  0.000000 -0.000000 1.570789
40  11.481682 -0.000052 0.000007  0.526828 -0.359998 0.541307
41  0.137968 3.859858 1.332474  -1.465453 -1.619431 0.860064
42  -0.000000 0.000001 -0.000000  1.933714 0.000004 1.570794
43  3.859860 -0.137942 1.332474  0.357799 -0.048367 -0.605270
44  -0.000001 1.719432 0.000000  -0.420877 0.202310 0.066145
45  -0.000001 -0.000001 -0.000003  1.743430 0.000000 1.570798
46  1.719435 0.000008 -0.000007  0.000189 -0.009100 -0.438600
47  0.000001 1.099663 -0.000003  1.022359 1.907819 1.050333
48  0.000000 -0.000000 0.000000  -0.000002 0.000003 1.570799
49  1.099667 0.000000 0.000002  -0.000120 0.002599 -0.290979
50  0.046789 3.883686 0.431451  -0.028145 -1.505149 -0.643978
51  0.000000 -0.000003 -0.000001  1.590082 0.000009 1.570787
52  3.883686 -0.046762 0.431450  0.084906 0.001837 -0.672064
53  0.000000 1.719573 -0.000002  -0.720101 0.051523 -0.006475
54  0.000001 0.000000 0.000000  1.538382 -0.000002 1.570794
55  1.719577 0.000013 -0.000017  -0.003915 0.016394 -0.719629
56  0.000001 1.209182 0.000004  -1.502664 1.085642 -1.507497
57  0.000003 0.000000 -0.000001  -0.000000 -0.000000 1.570805
58  1.209184 0.000001 -0.000001  -0.000816 0.002971 -0.484095
59  -0.046751 3.942327 -0.431435  -0.326448 -1.473453 -0.660448
60  -0.000001 0.000001 -0.000002  1.317660 0.000000 1.570797
61  3.942327 0.046778 -0.431436  -0.160904 0.031173 -0.985451
62  0.000002 1.539090 -0.000006  -0.255116 -0.026494 -0.056799
63  -0.000000 0.000000 0.000002  1.337310 -0.000004 1.570800
64  1.539095 -0.000006 0.000002  -0.000026 0.003538 -0.262666
65  -0.000001 1.196323 0.000003  -1.013123 1.118320 -1.059580
66  -0.000001 -0.000001 0.000002  0.000000 -0.000001 1.570800
67  1.196325 -0.000003 0.000002  0.000000 0.000004 -0.391202
68  0.142426 3.859703 -1.191966  -0.667370 -1.423718 -0.301273
69  0.000001 0.000001 0.000004  0.976757 -0.000005 1.570807
70  3.859705 -0.142400 -1.191968  -0.478196 0.090837 -0.963364
71  0.000001 1.312567 0.000003  -0.361359 -0.138963 -0.204711
72  0.000001 0.000001 0.000003  1.078169 0.000003 1.570794
73  1.312572 -0.000014 0.000007  0.000004 -0.001344 -0.437237
74  0.000001 0.729365 0.000004  -0.404442 1.030435 -0.462980
75  0.000001 -0.000000 -0.000001  -0.000001 -0.000001 1.570794
76  0.729367 0.000004 0.000000  0.000002 -0.000004 -0.231829
77  0.348928 0.806042 1.321261  -1.142977 -2.276485 0.650281
78  0.000000 -0.000000 -0.000000  0.437032 0.000002 1.570791
79  0.806044 -0.348924 1.321262  -1.473564 -0.631195 -0.380781
80  -0.000001 1.789785 0.000001  0.105694 0.066384 0.343679
81  0.000000 0.000001 0.000001  0.347279 0.000000 1.570806
82  1.789792 0.000015 0.000001  0.002654 0.043679 0.349581
83  0.000000 1.206998 0.000001  0.184117 0.296140 0.567995
84  -0.000000 -0.000001 0.000001  0.000001 -0.000001 1.570797
85  1.207001 -0.000011 0.000004  -0.000004 0.000001 0.540446
86  0.000000 0.000000 1.000000  1.570796 -0.000000 0.000000
time 30
0  0.000005 3.335938 -8.640624  -1.570780 -1.391896 -1.570809
1  2.033356 1.000772 -1.937610  1.473119 1.855075 -0.198639
2  6.028144 -0.000001 0.000000  2.093060 1.511147 -0.468201
3  11.692555 0.000001 0.000002  -0.000000 0.000000 -0.322636
4  11.481697 0.000001 0.000001  -1.285966 0.008991 0.200690
5  3.859679 -0.132570 1.193107  0.432210 -0.155861 -0.861350
6  1.312560 0.000003 0.000000  -0.000000 0.000000 -1.191994
7  0.729365 -0.000004 0.000000  -0.000000 0.000000 -1.063394
8  3.942306 0.050326 0.431044  0.232421 0.000609 -0.853331
9  1.539098 -0.000007 0.000001  -0.000000 0.000000 -0.973401
10  1.196321 0.000006 0.000000  0.000000 0.000000 -1.451289
11  3.883659 -0.050323 -0.431043  0.066987 0.050243 -0.694792
12  1.719577 0.000006 0.000001  0.000000 -0.000000 -1.251039
13  1.209185 0.000000 0.000000  0.000000 -0.000003 -1.141145
14  3.859839 -0.148936 -1.331282  -0.248855 0.263129 -0.072121
15  1.719424 0.000002 0.000000  -0.000000 0.000000 -0.676756
16  1.099668 0.000002 -0.000000  -0.000000 0.000000 -1.021287
17  0.806022 -0.359837 -1.318334  1.349685 0.343493 -0.771450
18  1.789784 0.000000 -0.000006  -0.000000 0.000000 0.397500
19  1.207000 0.000003 0.000004  0.000000 -0.000000 0.989033
20  6.104523 -1.468680 -3.530283  -1.564198 -0.011689 -1.581440
21  3.820746 -1.409994 -0.589409  -1.564198 -0.011689 -1.581440
22  0.222826 -3.739061 1.509297  0.024887 2.851473 -1.494016
23  3.048727 6.125613 1.106841  1.596061 0.018247 -0.808184
24  3.527215 5.063570 0.216259  1.596061 0.018246 -0.808184
25  3.352950 5.114328 -0.401207  1.596061 0.018247 -0.808184
26  2.909482 4.772882 -1.012057  1.596061 0.018247 -0.808184
27  1.772479 4.476572 2.356868  1.596061 0.018247 -0.808184
28  0.000006 3.336140 -8.647861  -1.570799 -1.391898 -1.570795
29  2.033350 1.000764 1.937663  1.227517 0.585911 1.190966
30  2.026190 1.001859 1.937675  1.227511 0.585916 1.190961
31  0.000001 -0.000001 0.000004  1.583265 0.000007 1.570794
32  0.000000 6.028147 -0.000001  -0.406208 -0.509630 -0.917972
33  0.000000 0.000009 -0.000005  -0.000002 0.000003 1.570792
34  0.000017 6.028144 -0.000011  -0.546561 0.352150 0.445976
35  0.000001 11.692569 0.000000  -0.000001 -0.000005 -0.639103
36  -0.000000 0.000001 -0.000002  0.000005 0.000000 1.570801
37  11.692579 0.000052 0.000039  0.000004 -0.000001 -0.639094
38  0.000001 11.481682 -0.000000  0.411032 0.489994 0.743550
39  -0.000001 0.000003 0.000001  0.000000 -0.000000 1.570789
40  11.481681 -0.000057 0.000008  0.526959 -0.360282 0.541224
41  0.137968 3.859862 1.332474  -1.465460 -1.619431 0.860061
42  -0.000000 -0.000000 0.000001  1.933714 0.000004 1.570794
43  3.859864 -0.137940 1.332474  0.357799 -0.048366 -0.605273
44  0.000000 1.719426 0.000002  -0.420874 0.202310 0.066145
45  0.000000 -0.000001 -0.000002  1.743430 0.000000 1.570799
46  1.719432 0.000004 -0.000005  0.000189 -0.009099 -0.438597
47  0.000000 1.099660 -0.000002  1.022354 1.907816 1.050327
48  -0.000001 -0.000000 -0.000002  -0.000002 0.000003 1.570799
49  1.099664 -0.000002 0.000002  -0.000119 0.002600 -0.290975
50  0.046789 3.883690 0.431452  -0.028152 -1.505149 -0.643972
51  0.000000 -0.000001 0.000000  1.590082 0.000009 1.570787
52  3.883692 -0.046761 0.431450  0.084906 0.001838 -0.672065
53  -0.000001 1.719574 0.000000  -0.720100 0.051523 -0.006475
54  -0.000001 0.000000 -0.000001  1.538381 -0.000002 1.570794
55  1.719583 0.000015 -0.000018  -0.003915 0.016394 -0.719627
56  -0.000001 1.209185 -0.000001  -1.502664 1.085644 -1.507497
57  0.000003 0.000000 -0.000000  -0.000000 -0.000000 1.570805
58  1.209188 -0.000002 -0.000003  -0.000816 0.002972 -0.484094
59  -0.046751 3.942328 -0.431435  -0.326446 -1.473453 -0.660454
60  -0.000001 0.000001 0.000000  1.317660 0.000000 1.570797
61  3.942328 0.046779 -0.431438  -0.160904 0.031173 -0.985455
62  -0.000002 1.539090 -0.000002  -0.255112 -0.026494 -0.056799
63  0.000000 0.000001 0.000002  1.337310 -0.000004 1.570800
64  1.539092 -0.000003 0.000002  -0.000026 0.003537 -0.262662
65  0.000001 1.196324 0.000002  -1.013117 1.118325 -1.059574
66  0.000001 -0.000000 -0.000000  0.000000 -0.000001 1.570800
67  1.196327 -0.000007 0.000004  0.000001 0.000003 -0.391196
68  0.142426 3.859708 -1.191967  -0.667365 -1.423719 -0.301280
69  0.000000 -0.000000 0.000002  0.976757 -0.000005 1.570807
70  3.859709 -0.142400 -1.191970  -0.478196 0.090836 -0.963368
71  -0.000000 1.312566 0.000001  -0.361356 -0.138963 -0.204711
72  -0.000001 0.000000 -0.000001  1.078169 0.000003 1.570794
73  1.312569 -0.000010 0.000007  0.000005 -0.001345 -0.437233
74  -0.000001 0.729363 -0.000003  -0.404437 1.030436 -0.462973
75  -0.000001 -0.000000 0.000001  -0.000001 -0.000001 1.570795
76  0.729366 0.000004 -0.000000  0.000002 -0.000004 -0.231825
77  0.348928 0.806048 1.321260  -1.142979 -2.276486 0.650281
78  0.000000 -0.000000 0.000001  0.437032 0.000002 1.570791
79  0.806050 -0.348924 1.321260  -1.473563 -0.631196 -0.380783
80  -0.000000 1.789784 0.000000  0.105693 0.066384 0.343680
81  0.000000 0.000002 0.000001  0.347279 0.000000 1.570806
82  1.789791 0.000010 -0.000003  0.002654 0.043679 0.349582
83  0.000001 1.206998 0.000001  0.184118 0.296140 0.567996
84  -0.000001 -0.000001 0.000000  0.000001 -0.000001 1.570797
85  1.207005 -0.000011 0.000004  -0.000004 0.000001 0.540447
86  0.000000 0.000000 1.000000  1.570796 -0.000000 0.000000
time 31
0  0.000005 3.335938 -8.640624  -1.570780 -1.391896 -1.570809
1  2.033356 1.000772 -1.937610  1.473119 1.855075 -0.198639
2  6.028144 -0.000001 0.000000  2.090938 1.510913 -0.470330
3  11.692554 0.000002 0.000003  0.000000 0.000000 -0.323124
4  11.481697 0.000003 0.000002  -1.285966 0.009032 0.200690
5  3.859677 -0.132570 1.193108  0.432210 -0.155861 -0.861350
6  1.312562 0.000003 0.000002  -0.000000 0.000000 -1.191994
7  0.729366 -0.000003 -0.000000  -0.000000 0.000000 -1.063394
8  3.942306 0.050326 0.431045  0.232421 0.000609 -0.853331
9  1.539095 0.000000 0.000001  -0.000000 0.000000 -0.973379
10  1.196322 0.000008 -0.000000  0.000000 0.000000 -1.451289
11  3.883657 -0.050323 -0.431042  0.066987 0.050243 -0.694792
12  1.719579 0.000005 0.000000  0.000000 -0.000000 -1.251039
13  1.209184 0.000002 0.000001  0.000000 -0.000003 -1.141173
14  3.859836 -0.148937 -1.331281  -0.248855 0.263129 -0.072121
15  1.719423 0.000001 0.000000  0.000000 0.000000 -0.676756
16  1.099667 0.000003 0.000001  0.000000 0.000000 -1.021287
17  0.806019 -0.359837 -1.318333  1.349685 0.343493 -0.771450
18  1.789782 -0.000000 -0.000006  0.000000 0.000000 0.397500
19  1.206996 0.000002 0.000004  0.000000 0.000000 0.989033
20  6.104522 -1.468680 -3.530282  -1.564198 -0.011689 -1.581440
21  3.820743 -1.409994 -0.589408  -1.564198 -0.011689 -1.581440
22  0.222811 -3.739062 1.509298  0.024887 2.851473 -1.494016
23  3.048727 6.125613 1.106840  1.596061 0.018247 -0.808184
24  3.527214 5.063570 0.216259  1.596061 0.018246 -0.808184
25  3.352950 5.114331 -0.401207  1.596061 0.018247 -0.808184
26  2.909482 4.772883 -1.012057  1.596061 0.018247 -0.808184
27  1.772478 4.476572 2.356867  1.596061 0.018247 -0.808184
28  0.000006 3.336140 -8.647861  -1.570799 -1.391898 -1.570795
29  2.033350 1.000764 1.937663  1.227517 0.585911 1.190966
30  2.026190 1.001859 1.937675  1.227511 0.585916 1.190961
31  0.000001 -0.000001 0.000004  1.583265 0.000007 1.570794
32  0.000000 6.028147 -0.000001  -0.406279 -0.509625 -0.917911
33  -0.000001 0.000009 -0.000006  -0.000002 0.000003 1.570792
34  0.000017 6.028144 -0.000011  -0.546568 0.352212 0.446000
35  -0.000001 11.692571 -0.000000  -0.000001 -0.000005 -0.639207
36  0.000001 0.000002 -0.000002  0.000005 0.000000 1.570801
37  11.692578 0.000053 0.000038  0.000004 -0.000001 -0.639198
38  0.000000 11.481682 0.000000  0.411280 0.490044 0.743583
39  -0.000000 0.000001 -0.000000  0.000000 -0.000000 1.570789
40  11.481682 -0.000053 0.000007  0.527059 -0.360486 0.541105
41  0.137968 3.859855 1.332474  -1.465455 -1.619432 0.860065
42  0.000000 0.000002 0.000000  1.933714 0.000004 1.570794
43  3.859860 -0.137941 1.332474  0.357798 -0.048368 -0.605269
44  -0.000001 1.719428 -0.000000  -0.420880 0.202310 0.066145
45  -0.000000 0.000002 -0.000000  1.743430 0.000000 1.570798
46  1.719431 0.000002 -0.000006  0.000190 -0.009100 -0.438602
47  -0.000001 1.099664 -0.000001  1.022362 1.907820 1.050334
48  0.000001 -0.000001 -0.000000  -0.000002 0.000003 1.570799
49  1.099666 -0.000001 0.000002  -0.000119 0.002599 -0.290981
50  0.046789 3.883687 0.431451  -0.028152 -1.505149 -0.643966
51  -0.000000 0.000000 0.000000  1.590082 0.000009 1.570787
52  3.883690 -0.046761 0.431450  0.084906 0.001838 -0.672064
53  -0.000000 1.719577 0.000002  -0.720101 0.051523 -0.006475
54  0.000000 0.000001 -0.000000  1.538381 -0.000002 1.570794
55  1.719584 0.000016 -0.000017  -0.003915 0.016394 -0.719629
56  -0.000000 1.209181 -0.000004  -1.502664 1.085642 -1.507497
57  0.000001 -0.000000 0.000002  -0.000000 -0.000000 1.570805
58  1.209183 -0.000005 -0.000004  -0.000816 0.002971 -0.484096
59  -0.046750 3.942325 -0.431434  -0.326448 -1.473453 -0.660446
60  -0.000001 0.000001 0.000003  1.317660 0.000000 1.570797
61  3.942327 0.046778 -0.431437  -0.160904 0.031173 -0.985452
62  -0.000000 1.539092 0.000003  -0.255115 -0.026494 -0.056799
63  0.000000 0.000000 -0.000001  1.337310 -0.000004 1.570800
64  1.539096 0.000001 0.000003  -0.000026 0.003538 -0.262664
65  0.000001 1.196324 -0.000000  -1.013122 1.118321 -1.059579
66  -0.000002 -0.000000 -0.000001  0.000000 -0.000001 1.570800
67  1.196328 -0.000005 0.000005  0.000001 0.000003 -0.391201
68  0.142426 3.859701 -1.191966  -0.667369 -1.423717 -0.301270
69  0.000000 -0.000001 0.000001  0.976757 -0.000005 1.570807
70  3.859705 -0.142400 -1.191968  -0.478196 0.090837 -0.963363
71  0.000002 1.312563 0.000002  -0.361360 -0.138963 -0.204711
72  -0.000002 0.000000 -0.000000  1.078169 0.000003 1.570794
73  1.312570 -0.000016 0.000009  0.000005 -0.001343 -0.437237
74  -0.000003 0.729364 0.000002  -0.404444 1.030434 -0.462982
75  -0.000002 -0.000000 0.000000  -0.000001 -0.000001 1.570795
76  0.729368 0.000002 0.000001  0.000002 -0.000005 -0.231830
77  0.348928 0.806043 1.321260  -1.142979 -2.276488 0.650281
78  0.000000 0.000001 -0.000000  0.437032 0.000002 1.570791
79  0.806047 -0.348924 1.321260  -1.473565 -0.631197 -0.380781
80  -0.000001 1.789785 0.000002  0.105694 0.066384 0.343682
81  0.000001 0.000000 -0.000000  0.347279 0.000000 1.570806
82  1.789788 0.000013 -0.000000  0.002654 0.043680 0.349583
83  0.000001 1.207001 0.000001  0.184118 0.296140 0.567998
84  -0.000001 -0.000001 0.000000  0.000001 -0.000001 1.570797
85  1.207005 -0.000011 0.000005  -0.000004 0.000001 0.540449
86  0.000000 0.000000 1.000000  1.570796 -0.000000 0.000000
time 32
0  0.000005 3.335938 -8.640624  -1.570780 -1.391896 -1.570809
1  2.033356 1.000772 -1.937610  1.473119 1.855075 -0.198639
2  6.028144 -0.000001 0.000000  2.089475 1.510773 -0.471807
3  11.692554 0.000001 0.000003  -0.000000 0.000000 -0.323500
4  11.481695 0.000001 0.000003  -1.285966 0.009053 0.200690
5  3.859677 -0.132571 1.193107  0.432210 -0.155861 -0.861350
6  1.312557 -0.000000 0.000002  -0.000000 0.000000 -1.191994
7  0.729366 -0.000002 -0.000000  -0.000000 0.000000 -1.063394
8  3.942304 0.050325 0.431043  0.232421 0.000609 -0.853331
9  1.539100 -0.000005 0.000000  0.000000 0.000000 -0.973379
10  1.196322 0.000006 0.000000  -0.000000 0.000000 -1.451289
11  3.883657 -0.050324 -0.431043  0.066987 0.050243 -0.694792
12  1.719579 0.000005 0.000000  0.000000 -0.000000 -1.251039
13  1.209185 0.000001 -0.000000  0.000000 -0.000003 -1.141145
14  3.859837 -0.148937 -1.331282  -0.248855 0.263129 -0.072121
15  1.719426 0.000001 0.000000  0.000000 0.000000 -0.676756
16  1.099667 0.000002 0.000001  0.000000 0.000000 -1.021287
17  0.806020 -0.359838 -1.318334  1.349685 0.343493 -0.771450
18  1.789782 0.000000 -0.000007  -0.000000 -0.000000 0.397500
19  1.207002 0.000003 0.000003  0.000000 -0.000000 0.989033
20  6.104521 -1.468681 -3.530282  -1.564198 -0.011689 -1.581440
21  3.820743 -1.409994 -0.589408  -1.564198 -0.011689 -1.581440
22  0.222810 -3.739062 1.509296  0.024887 2.851473 -1.494016
23  3.048727 6.125610 1.106842  1.596061 0.018247 -0.808184
24  3.527215 5.063570 0.216260  1.596061 0.018246 -0.808184
25  3.352951 5.114326 -0.401206  1.596061 0.018247 -0.808184
26  2.909482 4.772882 -1.012056  1.596061 0.018247 -0.808184
27  1.772479 4.476571 2.356869  1.596061 0.018247 -0.808184
28  0.000006 3.336140 -8.647861  -1.570799 -1.391898 -1.570795
29  2.033350 1.000764 1.937663  1.227517 0.585911 1.190966
30  2.026190 1.001859 1.937675  1.227511 0.585916 1.190961
31  0.000001 -0.000001 0.000004  1.583265 0.000007 1.570794
32  0.000000 6.028147 -0.000001  -0.406300 -0.509590 -0.917836
33  -0.000002 0.000009 -0.000006  -0.000002 0.000003 1.570792
34  0.000017 6.028144 -0.000011  -0.546536 0.352237 0.446075
35  -0.000001 11.692572 -0.000000  -0.000001 -0.000005 -0.639390
36  0.000000 0.000000 -0.000002  0.000005 0.000000 1.570801
37  11.692580 0.000054 0.000040  0.000004 -0.000001 -0.639380
38  -0.000000 11.481683 0.000000  0.411469 0.490073 0.743680
39  -0.000001 -0.000001 0.000001  0.000000 -0.000000 1.570789
40  11.481682 -0.000055 0.000006  0.527125 -0.360644 0.541089
41  0.137967 3.859856 1.332473  -1.465457 -1.619432 0.860069
42  0.000000 0.000001 -0.000002  1.933714 0.000004 1.570794
43  3.859856 -0.137941 1.332472  0.357799 -0.048367 -0.605270
44  0.000000 1.719430 -0.000002  -0.420879 0.202310 0.066145
45  0.000000 -0.000001 -0.000003  1.743430 0.000000 1.570798
46  1.719434 0.000006 -0.000006  0.000190 -0.009100 -0.438602
47  -0.000000 1.099660 -0.000005  1.022361 1.907820 1.050334
48  0.000000 -0.000000 -0.000000  -0.000002 0.000003 1.570799
49  1.099663 -0.000001 0.000001  -0.000119 0.002600 -0.290980
50  0.046788 3.883688 0.431449  -0.028139 -1.505149 -0.643985
51  0.000001 0.000000 0.000000  1.590082 0.000009 1.570787
52  3.883688 -0.046762 0.431448  0.084906 0.001837 -0.672065
53  0.000001 1.719576 0.000000  -0.720102 0.051523 -0.006475
54  0.000001 -0.000000 -0.000003  1.538381 -0.000002 1.570794
55  1.719581 0.000013 -0.000016  -0.003915 0.016394 -0.719629
56  0.000001 1.209182 -0.000002  -1.502664 1.085641 -1.507497
57  0.000001 -0.000003 0.000000  -0.000000 -0.000000 1.570805
58  1.209186 -0.000001 -0.000002  -0.000816 0.002971 -0.484096
59  -0.046751 3.942327 -0.431437  -0.326454 -1.473452 -0.660443
60  -0.000002 0.000001 0.000001  1.317660 0.000000 1.570797
61  3.942326 0.046778 -0.431439  -0.160904 0.031174 -0.985452
62  -0.000003 1.539094 0.000002  -0.255114 -0.026494 -0.056799
63  -0.000000 0.000001 0.000001  1.337310 -0.000004 1.570800
64  1.539098 0.000000 0.000000  -0.000026 0.003538 -0.262664
65  0.000000 1.196321 -0.000000  -1.013121 1.118322 -1.059579
66  0.000002 0.000000 0.000000  0.000000 -0.000001 1.570800
67  1.196326 -0.000008 0.000004  0.000001 0.000003 -0.391200
68  0.142426 3.859705 -1.191968  -0.667371 -1.423717 -0.301271
69  0.000000 -0.000002 0.000001  0.976757 -0.000005 1.570807
70  3.859705 -0.142400 -1.191971  -0.478196 0.090837 -0.963364
71  0.000001 1.312565 -0.000001  -0.361361 -0.138963 -0.204711
72  0.000000 0.000000 0.000001  1.078169 0.000003 1.570794
73  1.312572 -0.000016 0.000008  0.000005 -0.001343 -0.437238
74  0.000001 0.729363 0.000000  -0.404446 1.030434 -0.462984
75  0.000001 -0.000001 0.000001  -0.000001 -0.000001 1.570795
76  0.729366 0.000001 0.000000  0.000002 -0.000005 -0.231831
77  0.348927 0.806043 1.321259  -1.142980 -2.276489 0.650282
78  0.000001 -0.000000 0.000001  0.437032 0.000002 1.570791
79  0.806046 -0.348924 1.321259  -1.473564 -0.631199 -0.380782
80  -0.000001 1.789782 0.000002  0.105694 0.066384 0.343683
81  0.000000 -0.000000 0.000000  0.347279 0.000000 1.570806
82  1.789788 0.000013 -0.000000  0.002654 0.043680 0.349585
83  0.000001 1.207000 -0.000000  0.184119 0.296139 0.568000
84  -0.000001 -0.000004 -0.000000  0.000001 -0.000001 1.570797
85  1.207001 -0.000012 0.000004  -0.000004 0.000001 0.540451
86  0.000000 0.000000 1.000000  1.570796 -0.000000 0.000000
time 33
0  0.000005 3.335938 -8.640624  -1.570780 -1.391896 -1.570809
1  2.033356 1.000772 -1.937610  1.473119 1.855075 -0.198639
2  6.028144 -0.000001 0.000000  2.088672 1.510679 -0.472605
3  11.692556 0.000001 0.000003  -0.000000 0.000000 -0.323688
4  11.481698 -0.000001 0.000002  -1.285966 0.009053 0.200690
5  3.859680 -0.132570 1.193107  0.432210 -0.155861 -0.861350
6  1.312560 0.000003 0.000001  -0.000000 0.000000 -1.191994
7  0.729365 -0.000000 -0.000001  -0.000000 0.000000 -1.063394
8  3.942306 0.050325 0.431043  0.232421 0.000609 -0.853331
9  1.539097 -0.000003 0.000001  -0.000000 0.000000 -0.973379
10  1.196322 0.000006 -0.000000  0.000000 0.000000 -1.451289
11  3.883659 -0.050323 -0.431044  0.066987 0.050243 -0.694792
12  1.719576 0.000005 0.000001  0.000000 -0.000000 -1.251039
13  1.209184 0.000002 0.000000  0.000000 -0.000003 -1.141173
14  3.859837 -0.148936 -1.331283  -0.248855 0.263129 -0.072121
15  1.719424 0.000001 -0.000000  0.000000 0.000000 -0.676756
16  1.099668 0.000004 -0.000000  0.000000 0.000000 -1.021287
17  0.806020 -0.359837 -1.318334  1.349685 0.343493 -0.771450
18  1.789783 0.000001 -0.000006  0.000000 -0.000000 0.397500
19  1.206998 0.000004 0.000006  0.000000 -0.000000 0.989033
20  6.104524 -1.468680 -3.530283  -1.564198 -0.011689 -1.581440
21  3.820745 -1.409994 -0.589409  -1.564198 -0.011689 -1.581440
22  0.222822 -3.739062 1.509297  0.024887 2.851473 -1.494016
23  3.048727 6.125614 1.106841  1.596061 0.018247 -0.808184
24  3.527214 5.063570 0.216259  1.596061 0.018246 -0.808184
25  3.352950 5.114329 -0.401207  1.596061 0.018247 -0.808184
26  2.909482 4.772882 -1.012056  1.596061 0.018247 -0.808184
27  1.772479 4.476573 2.356869  1.596061 0.018247 -0.808184
28  0.000006 3.336140 -8.647861  -1.570799 -1.391898 -1.570795
29  2.033350 1.000764 1.937663  1.227517 0.585911 1.190966
30  2.026190 1.001859 1.937675  1.227511 0.585916 1.190961
31  0.000001 -0.000001 0.000004  1.583265 0.000007 1.570794
32  0.000000 6.028147 -0.000001  -0.406334 -0.509589 -0.917809
33  -0.000001 0.000010 -0.000006  -0.000002 0.000003 1.570792
34  0.000017 6.028144 -0.000011  -0.546542 0.352267 0.446083
35  -0.000000 11.692572 -0.000000  -0.000001 -0.000005 -0.639431
36  0.000002 -0.000000 -0.000002  0.000005 0.000000 1.570801
37  11.692577 0.000053 0.000039  0.000004 -0.000001 -0.639422
38  0.000001 11.481681 0.000000  0.411575 0.490081 0.743707
39  -0.000000 -0.000000 0.000000  0.000000 -0.000000 1.570789
40  11.481682 -0.000056 0.000007  0.527153 -0.360734 0.541057
41  0.137968 3.859858 1.332473  -1.465461 -1.619430 0.860062
42  -0.000002 -0.000002 -0.000001  1.933714 0.000004 1.570794
43  3.859862 -0.137941 1.332474  0.357799 -0.048366 -0.605273
44  -0.000002 1.719428 0.000002  -0.420874 0.202310 0.066145
45  0.000000 0.000000 0.000002  1.743430 0.000000 1.570798
46  1.719432 0.000007 -0.000006  0.000189 -0.009099 -0.438597
47  0.000001 1.099661 -0.000001  1.022355 1.907816 1.050328
48  0.000002 -0.000001 0.000000  -0.000002 0.000003 1.570799
49  1.099664 -0.000005 0.000005  -0.000119 0.002599 -0.290976
50  0.046788 3.883688 0.431450  -0.028154 -1.505149 -0.643969
51  0.000000 -0.000001 -0.000001  1.590082 0.000009 1.570787
52  3.883689 -0.046761 0.431449  0.084906 0.001838 -0.672065
53  -0.000003 1.719581 0.000003  -0.720099 0.051523 -0.006475
54  -0.000000 0.000000 -0.000000  1.538381 -0.000002 1.570794
55  1.719583 0.000018 -0.000018  -0.003915 0.016394 -0.719626
56  -0.000002 1.209187 0.000002  -1.502664 1.085644 -1.507496
57  0.000001 -0.000001 -0.000001  -0.000000 -0.000000 1.570805
58  1.209190 0.000000 -0.000004  -0.000816 0.002971 -0.484092
59  -0.046751 3.942326 -0.431436  -0.326450 -1.473453 -0.660450
60  0.000001 0.000001 0.000001  1.317660 0.000000 1.570797
61  3.942327 0.046778 -0.431437  -0.160904 0.031173 -0.985455
62  0.000001 1.539092 0.000002  -0.255111 -0.026494 -0.056799
63  0.000002 0.000002 -0.000000  1.337310 -0.000004 1.570800
64  1.539096 0.000003 0.000002  -0.000026 0.003537 -0.262660
65  0.000000 1.196325 0.000002  -1.013116 1.118326 -1.059572
66  -0.000001 -0.000000 -0.000001  0.000000 -0.000001 1.570800
67  1.196326 -0.000003 0.000002  0.000001 0.000003 -0.391195
68  0.142426 3.859704 -1.191968  -0.667373 -1.423718 -0.301272
69  0.000001 0.000000 0.000000  0.976757 -0.000005 1.570807
70  3.859706 -0.142400 -1.191970  -0.478197 0.090837 -0.963367
71  0.000000 1.312566 0.000000  -0.361356 -0.138964 -0.204711
72  -0.000001 0.000000 0.000000  1.078169 0.000003 1.570794
73  1.312572 -0.000015 0.000007  0.000004 -0.001345 -0.437234
74  -0.000001 0.729363 0.000001  -0.404436 1.030436 -0.462973
75  -0.000001 -0.000000 0.000001  -0.000001 -0.000001 1.570795
76  0.729366 0.000004 0.000001  0.000002 -0.000005 -0.231825
77  0.348928 0.806044 1.321259  -1.142978 -2.276485 0.650280
78  -0.000000 -0.000002 -0.000001  0.437032 0.000002 1.570791
79  0.806048 -0.348924 1.321260  -1.473563 -0.631195 -0.380782
80  -0.000000 1.789783 -0.000000  0.105694 0.066384 0.343679
81  0.000000 0.000000 -0.000000  0.347279 0.000000 1.570806
82  1.789792 0.000012 -0.000001  0.002654 0.043679 0.349581
83  -0.000001 1.206998 -0.000000  0.184117 0.296140 0.567994
84  -0.000000 0.000001 0.000001  0.000001 -0.000001 1.570797
85  1.207002 -0.000010 0.000002  -0.000004 0.000001 0.540446
86  0.000000 0.000000 1.000000  1.570796 -0.000000 0.000000
time 34
0  0.000005 3.335938 -8.640624  -1.570780 -1.391896 -1.570809
1  2.033356 1.000772 -1.937610  1.473119 1.855075 -0.198639
2  6.028144 -0.000001 0.000000  2.088631 1.510679 -0.472654
3  11.692554 -0.000000 0.000003  -0.000000 0.000000 -0.323688
4  11.481697 0.000001 0.000002  -1.285966 0.009053 0.200690
5  3.859680 -0.132570 1.193107  0.432210 -0.155861 -0.861350
6  1.312561 0.000000 -0.000000  -0.000000 0.000000 -1.191994
7  0.729365 -0.000001 -0.000000  -0.000000 0.000000 -1.063394
8  3.942307 0.050325 0.431043  0.232421 0.000609 -0.853331
9  1.539097 -0.000003 0.000002  0.000000 0.000000 -0.973379
10  1.196323 0.000006 -0.000001  0.000000 0.000000 -1.451289
11  3.883659 -0.050323 -0.431043  0.066987 0.050243 -0.694792
12  1.719580 0.000007 -0.000000  0.000000 -0.000000 -1.251039
13  1.209184 0.000001 -0.000000  0.000000 -0.000003 -1.141145
14  3.859839 -0.148937 -1.331282  -0.248855 0.263129 -0.072121
15  1.719423 0.000002 -0.000001  0.000000 0.000000 -0.676756
16  1.099666 0.000000 0.000001  0.000000 0.000000 -1.021287
17  0.806022 -0.359837 -1.318333  1.349685 0.343493 -0.771450
18  1.789783 0.000001 -0.000005  -0.000000 -0.000000 0.397500
19  1.206999 0.000003 0.000002  0.000000 -0.000000 0.989033
20  6.104524 -1.468680 -3.530282  -1.564198 -0.011689 -1.581440
21  3.820743 -1.409994 -0.589408  -1.564198 -0.011689 -1.581440
22  0.222810 -3.739062 1.509297  0.024887 2.851473 -1.494016
23  3.048727 6.125614 1.106840  1.596061 0.018247 -0.808184
24  3.527214 5.063571 0.216259  1.596061 0.018246 -0.808184
25  3.352950 5.114329 -0.401207  1.596061 0.018247 -0.808184
26  2.909481 4.772885 -1.012058  1.596061 0.018247 -0.808184
27  1.772479 4.476572 2.356867  1.596061 0.018247 -0.808184
28  0.000006 3.336140 -8.647861  -1.570799 -1.391898 -1.570795
29  2.033350 1.000764 1.937663  1.227517 0.585911 1.190966
30  2.026190 1.001859 1.937675  1.227511 0.585916 1.190961
31  0.000001 -0.000001 0.000004  1.583265 0.000007 1.570794
32  0.000000 6.028147 -0.000001  -0.406337 -0.509587 -0.917804
33  -0.000001 0.000009 -0.000006  -0.000002 0.000003 1.570792
34  0.000017 6.028144 -0.000011  -0.546540 0.352269 0.446088
35  -0.000001 11.692571 0.000000  -0.000001 -0.000005 -0.639440
36  0.000000 0.000000 -0.000001  0.000005 0.000000 1.570801
37  11.692579 0.000053 0.000040  0.000004 -0.000001 -0.639431
38  0.000001 11.481679 -0.000001  0.411575 0.490087 0.743715
39  -0.000000 -0.000002 0.000001  0.000000 -0.000000 1.570789
40  11.481681 -0.000058 0.000007  0.527160 -0.360732 0.541063
41  0.137968 3.859855 1.332472  -1.465464 -1.619431 0.860063
42  0.000001 0.000001 0.000001  1.933714 0.000004 1.570794
43  3.859858 -0.137941 1.332474  0.357799 -0.048367 -0.605272
44  -0.000000 1.719432 0.000002  -0.420876 0.202310 0.066145
45  -0.000001 0.000001 -0.000001  1.743430 0.000000 1.570798
46  1.719436 0.000005 -0.000007  0.000190 -0.009099 -0.438598
47  -0.000000 1.099663 -0.000001  1.022356 1.907817 1.050329
48  0.000002 0.000001 0.000000  -0.000002 0.000003 1.570799
49  1.099665 -0.000002 0.000001  -0.000119 0.002600 -0.290977
50  0.046789 3.883683 0.431448  -0.028155 -1.505149 -0.643972
51  0.000000 0.000001 -0.000002  1.590082 0.000009 1.570787
52  3.883684 -0.046762 0.431449  0.084907 0.001838 -0.672065
53  0.000001 1.719579 -0.000001  -0.720099 0.051523 -0.006475
54  0.000001 0.000000 0.000002  1.538381 -0.000002 1.570794
55  1.719577 0.000017 -0.000017  -0.003915 0.016393 -0.719626
56  0.000000 1.209182 -0.000001  -1.502663 1.085644 -1.507497
57  -0.000002 -0.000001 -0.000000  -0.000000 -0.000000 1.570805
58  1.209183 -0.000001 -0.000003  -0.000816 0.002971 -0.484093
59  -0.046750 3.942324 -0.431436  -0.326452 -1.473453 -0.660449
60  -0.000000 0.000002 0.000003  1.317660 0.000000 1.570797
61  3.942325 0.046778 -0.431437  -0.160904 0.031173 -0.985455
62  0.000000 1.539092 0.000002  -0.255111 -0.026494 -0.056799
63  0.000000 -0.000001 -0.000000  1.337310 -0.000004 1.570800
64  1.539096 -0.000002 0.000000  -0.000026 0.003537 -0.262660
65  0.000002 1.196319 0.000000  -1.013115 1.118326 -1.059572
66  0.000003 0.000001 -0.000000  0.000000 -0.000001 1.570800
67  1.196324 -0.000004 0.000005  0.000000 0.000003 -0.391195
68  0.142427 3.859704 -1.191969  -0.667370 -1.423718 -0.301276
69  0.000001 0.000001 -0.000003  0.976757 -0.000005 1.570807
70  3.859704 -0.142400 -1.191970  -0.478196 0.090837 -0.963366
71  0.000001 1.312567 -0.000004  -0.361357 -0.138963 -0.204711
72  -0.000001 0.000000 0.000002  1.078169 0.000003 1.570794
73  1.312571 -0.000016 0.000006  0.000005 -0.001344 -0.437235
74  0.000000 0.729365 -0.000001  -0.404440 1.030436 -0.462976
75  -0.000002 -0.000001 -0.000001  -0.000001 -0.000001 1.570794
76  0.729367 0.000000 -0.000002  0.000001 -0.000005 -0.231827
77  0.348928 0.806043 1.321257  -1.142979 -2.276486 0.650281
78  -0.000001 -0.000002 0.000000  0.437032 0.000002 1.570791
79  0.806046 -0.348924 1.321260  -1.473563 -0.631196 -0.380782
80  -0.000002 1.789781 0.000001  0.105694 0.066384 0.343681
81  0.000001 0.000000 0.000001  0.347279 0.000000 1.570806
82  1.789789 0.000013 -0.000001  0.002654 0.043680 0.349582
83  -0.000001 1.206998 0.000001  0.184118 0.296140 0.567996
84  -0.000000 0.000001 0.000001  0.000001 -0.000001 1.570797
85  1.207003 -0.000011 0.000003  -0.000004 0.000002 0.540448
86  0.000000 0.000000 1.000000  1.570796 -0.000000 0.000000
time 35
0  0.000005 3.335938 -8.640624  -1.570780 -1.391896 -1.570809
1  2.033356 1.000772 -1.937610  1.473119 1.855075 -0.198639
2  6.028144 -0.000001 0.000000  2.089290 1.510773 -0.472000
3  11.692554 0.000001 0.000004  0.000000 0.000000 -0.323538
4  11.481697 0.000000 0.000001  -1.285966 0.009053 0.200690
5  3.859677 -0.132570 1.193107  0.432210 -0.155861 -0.861350
6  1.312558 0.000002 0.000001  -0.000000 0.000000 -1.191994
7  0.729365 0.000002 -0.000000  -0.000000 0.000000 -1.063394
8  3.942305 0.050326 0.431044  0.232421 0.000609 -0.853331
9  1.539097 -0.000005 0.000001  -0.000000 0.000000 -0.973379
10  1.196323 0.000006 0.000001  -0.000000 0.000000 -1.451289
11  3.883657 -0.050323 -0.431043  0.066987 0.050243 -0.694792
12  1.719576 0.000005 0.000001  0.000000 -0.000000 -1.251039
13  1.209184 0.000005 -0.000000  0.000000 -0.000003 -1.141173
14  3.859835 -0.148937 -1.331281  -0.248855 0.263129 -0.072121
15  1.719426 0.000001 0.000000  0.000000 0.000000 -0.676756
16  1.099671 0.000002 0.000001  0.000000 0.000000 -1.021287
17  0.806019 -0.359837 -1.318333  1.349685 0.343493 -0.771450
18  1.789786 -0.000000 -0.000006  0.000000 -0.000000 0.397500
19  1.206996 0.000002 0.000003  0.000000 -0.000000 0.989033
20  6.104520 -1.468680 -3.530282  -1.564198 -0.011689 -1.581440
21  3.820742 -1.409994 -0.589408  -1.564198 -0.011689 -1.581440
22  0.222813 -3.739062 1.509297  0.024887 2.851473 -1.494016
23  3.048727 6.125613 1.106841  1.596061 0.018247 -0.808184
24  3.527214 5.063569 0.216259  1.596061 0.018246 -0.808184
25  3.352950 5.114328 -0.401207  1.596061 0.018247 -0.808184
26  2.909482 4.772882 -1.012057  1.596061 0.018247 -0.808184
27  1.772478 4.476571 2.356868  1.596061 0.018247 -0.808184
28  0.000006 3.336140 -8.647861  -1.570799 -1.391898 -1.570795
29  2.033350 1.000764 1.937663  1.227517 0.585911 1.190966
30  2.026190 1.001859 1.937675  1.227511 0.585916 1.190961
31  0.000001 -0.000001 0.000004  1.583265 0.000007 1.570794
32  0.000000 6.028147 -0.000001  -0.406296 -0.509571 -0.917807
33  -0.000001 0.000009 -0.000006  -0.000002 0.000003 1.570792
34  0.000017 6.028144 -0.000011  -0.546516 0.352238 0.446112
35  0.000000 11.692570 -0.000000  -0.000001 -0.000005 -0.639456
36  0.000001 0.000001 -0.000001  0.000005 0.000000 1.570801
37  11.692579 0.000055 0.000042  0.000005 -0.000001 -0.639447
38  0.000001 11.481683 0.000000  0.411486 0.490075 0.743720
39  -0.000000 0.000002 0.000001  0.000000 -0.000000 1.570789
40  11.481682 -0.000054 0.000008  0.527130 -0.360658 0.541120
41  0.137967 3.859859 1.332474  -1.465456 -1.619431 0.860065
42  -0.000001 0.000002 -0.000001  1.933714 0.000004 1.570794
43  3.859859 -0.137941 1.332474  0.357799 -0.048367 -0.605271
44  -0.000001 1.719432 0.000000  -0.420875 0.202310 0.066145
45  0.000001 -0.000000 -0.000000  1.743430 0.000000 1.570798
46  1.719435 0.000008 -0.000007  0.000190 -0.009099 -0.438598
47  0.000001 1.099662 -0.000000  1.022357 1.907817 1.050329
48  -0.000000 0.000001 0.000000  -0.000002 0.000003 1.570799
49  1.099666 0.000000 0.000002  -0.000119 0.002599 -0.290978
50  0.046788 3.883687 0.431451  -0.028145 -1.505149 -0.643978
51  -0.000000 0.000001 0.000003  1.590082 0.000009 1.570787
52  3.883685 -0.046761 0.431449  0.084906 0.001837 -0.672064
53  -0.000000 1.719574 0.000001  -0.720101 0.051523 -0.006475
54  -0.000001 -0.000000 0.000002  1.538381 -0.000002 1.570794
55  1.719576 0.000014 -0.000016  -0.003915 0.016393 -0.719628
56  0.000001 1.209183 0.000004  -1.502664 1.085642 -1.507497
57  -0.000002 -0.000000 -0.000000  -0.000000 -0.000000 1.570805
58  1.209186 0.000000 -0.000003  -0.000816 0.002971 -0.484095
59  -0.046751 3.942328 -0.431435  -0.326445 -1.473453 -0.660452
60  -0.000000 0.000000 -0.000002  1.317660 0.000000 1.570797
61  3.942325 0.046779 -0.431438  -0.160904 0.031173 -0.985454
62  -0.000000 1.539090 -0.000002  -0.255113 -0.026495 -0.056799
63  0.000000 -0.000001 -0.000001  1.337310 -0.000004 1.570800
64  1.539094 -0.000001 0.000002  -0.000026 0.003538 -0.262662
65  0.000000 1.196320 -0.000000  -1.013119 1.118324 -1.059575
66  -0.000002 0.000000 0.000000  0.000000 -0.000001 1.570800
67  1.196326 -0.000005 0.000004  0.000001 0.000003 -0.391197
68  0.142426 3.859707 -1.191968  -0.667367 -1.423718 -0.301275
69  -0.000000 -0.000001 -0.000001  0.976757 -0.000005 1.570807
70  3.859705 -0.142400 -1.191970  -0.478196 0.090836 -0.963364
71  0.000001 1.312566 -0.000003  -0.361359 -0.138964 -0.204711
72  -0.000000 -0.000001 -0.000002  1.078169 0.000003 1.570794
73  1.312572 -0.000013 0.000009  0.000004 -0.001344 -0.437236
74  0.000000 0.729363 -0.000004  -0.404442 1.030435 -0.462979
75  -0.000001 -0.000000 0.000001  -0.000001 -0.000001 1.570795
76  0.729366 0.000003 -0.000000  0.000002 -0.000004 -0.231829
77  0.348928 0.806043 1.321261  -1.142976 -2.276484 0.650280
78  0.000001 -0.000002 0.000000  0.437032 0.000002 1.570791
79  0.806044 -0.348924 1.321261  -1.473563 -0.631193 -0.380781
80  0.000000 1.789783 0.000003  0.105694 0.066384 0.343678
81  0.000000 0.000000 0.000000  0.347279 0.000000 1.570806
82  1.789788 0.000013 0.000000  0.002654 0.043679 0.349580
83  0.000000 1.206998 -0.000000  0.184117 0.296141 0.567992
84  -0.000000 0.000001 0.000000  0.000001 -0.000001 1.570797
85  1.207002 -0.000011 0.000003  -0.000004 0.000001 0.540443
86  0.000000 0.000000 1.000000  1.570796 -0.000000 0.000000
time 36
0  0.000005 3.335938 -8.640624  -1.570780 -1.391896 -1.570809
1  2.033356 1.000772 -1.937610  1.473119 1.855075 -0.198639
2  6.028144 -0.000001 0.000000  2.090609 1.510913 -0.470669
3  11.692555 -0.000000 0.000003  -0.000000 0.000000 -0.323237
4  11.481696 0.000000 0.000002  -1.285966 0.009032 0.200690
5  3.859677 -0.132570 1.193107  0.432210 -0.155861 -0.861350
6  1.312561 0.000004 -0.000000  -0.000000 0.000000 -1.191994
7  0.729366 0.000000 -0.000001  -0.000000 0.000000 -1.063394
8  3.942304 0.050326 0.431043  0.232421 0.000609 -0.853331
9  1.539098 -0.000004 0.000000  -0.000000 0.000000 -0.973379
10  1.196321 0.000009 -0.000000  0.000000 0.000000 -1.451289
11  3.883657 -0.050323 -0.431043  0.066987 0.050243 -0.694792
12  1.719575 0.000004 0.000000  0.000000 -0.000000 -1.251039
13  1.209183 0.000002 0.000000  0.000000 -0.000003 -1.141145
14  3.859835 -0.148937 -1.331282  -0.248855 0.263129 -0.072121
15  1.719422 0.000001 -0.000001  0.000000 0.000000 -0.676756
16  1.099669 0.000000 -0.000001  -0.000000 0.000000 -1.021287
17  0.806021 -0.359837 -1.318334  1.349685 0.343493 -0.771450
18  1.789783 0.000000 -0.000006  -0.000000 0.000000 0.397500
19  1.206998 0.000004 0.000003  0.000000 -0.000000 0.989033
20  6.104520 -1.468680 -3.530283  -1.564198 -0.011689 -1.581440
21  3.820742 -1.409994 -0.589409  -1.564198 -0.011689 -1.581440
22  0.222821 -3.739062 1.509296  0.024887 2.851473 -1.494016
23  3.048727 6.125607 1.106841  1.596061 0.018247 -0.808184
24  3.527214 5.063568 0.216259  1.596061 0.018246 -0.808184
25  3.352950 5.114325 -0.401207  1.596061 0.018247 -0.808184
26  2.909482 4.772881 -1.012057  1.596061 0.018247 -0.808184
27  1.772479 4.476569 2.356868  1.596061 0.018247 -0.808184
28  0.000006 3.336140 -8.647861  -1.570799 -1.391898 -1.570795
29  2.033350 1.000764 1.937663  1.227517 0.585911 1.190966
30  2.026190 1.001859 1.937675  1.227511 0.585916 1.190961
31  0.000001 -0.000001 0.000004  1.583265 0.000007 1.570794
32  0.000000 6.028147 -0.000001  -0.406253 -0.509580 -0.917854
33  -0.000001 0.000010 -0.000006  -0.000002 0.000003 1.570792
34  0.000017 6.028144 -0.000011  -0.546517 0.352199 0.446087
35  -0.000001 11.692571 -0.000001  -0.000001 -0.000005 -0.639373
36  -0.000001 0.000001 -0.000003  0.000005 0.000000 1.570801
37  11.692577 0.000053 0.000039  0.000004 -0.000001 -0.639364
38  -0.000000 11.481681 -0.000000  0.411332 0.490040 0.743681
39  -0.000001 0.000001 0.000001  0.000000 -0.000000 1.570789
40  11.481683 -0.000056 0.000007  0.527065 -0.360531 0.541177
41  0.137967 3.859857 1.332473  -1.465458 -1.619431 0.860066
42  0.000000 0.000000 0.000000  1.933714 0.000004 1.570794
43  3.859861 -0.137941 1.332472  0.357799 -0.048367 -0.605274
44  0.000003 1.719427 0.000002  -0.420873 0.202310 0.066145
45  0.000000 -0.000001 0.000001  1.743430 0.000000 1.570799
46  1.719431 0.000007 -0.000004  0.000189 -0.009099 -0.438596
47  -0.000001 1.099659 0.000001  1.022352 1.907815 1.050325
48  0.000002 0.000001 0.000000  -0.000002 0.000003 1.570799
49  1.099663 0.000000 -0.000000  -0.000119 0.002600 -0.290974
50  0.046789 3.883685 0.431451  -0.028150 -1.505149 -0.643975
51  -0.000001 0.000002 -0.000002  1.590082 0.000009 1.570787
52  3.883689 -0.046762 0.431449  0.084906 0.001838 -0.672065
53  0.000000 1.719576 -0.000005  -0.720098 0.051523 -0.006475
54  0.000000 -0.000001 -0.000000  1.538381 -0.000002 1.570794
55  1.719578 0.000014 -0.000017  -0.003915 0.016394 -0.719625
56  0.000000 1.209183 0.000002  -1.502663 1.085645 -1.507497
57  0.000002 0.000001 -0.000000  -0.000000 -0.000000 1.570805
58  1.209187 0.000001 -0.000003  -0.000816 0.002971 -0.484092
59  -0.046751 3.942327 -0.431436  -0.326447 -1.473453 -0.660454
60  -0.000002 0.000001 0.000001  1.317660 0.000000 1.570797
61  3.942328 0.046779 -0.431439  -0.160904 0.031173 -0.985457
62  -0.000001 1.539090 0.000000  -0.255107 -0.026494 -0.056799
63  0.000000 0.000000 0.000001  1.337310 -0.000004 1.570800
64  1.539093 0.000000 0.000002  -0.000026 0.003537 -0.262657
65  0.000000 1.196322 -0.000002  -1.013112 1.118329 -1.059567
66  0.000002 0.000000 0.000001  0.000000 -0.000001 1.570800
67  1.196325 -0.000006 0.000004  0.000001 0.000003 -0.391191
68  0.142426 3.859705 -1.191967  -0.667367 -1.423718 -0.301279
69  -0.000001 -0.000001 -0.000001  0.976757 -0.000005 1.570807
70  3.859709 -0.142400 -1.191971  -0.478196 0.090836 -0.963368
71  -0.000001 1.312567 -0.000001  -0.361355 -0.138963 -0.204711
72  -0.000000 0.000000 0.000002  1.078169 0.000003 1.570794
73  1.312573 -0.000014 0.000008  0.000004 -0.001346 -0.437233
74  -0.000000 0.729364 0.000002  -0.404436 1.030437 -0.462972
75  -0.000001 -0.000001 0.000001  -0.000001 -0.000001 1.570795
76  0.729366 0.000005 0.000000  0.000002 -0.000004 -0.231824
77  0.348928 0.806041 1.321260  -1.142977 -2.276484 0.650280
78  0.000000 0.000001 -0.000002  0.437032 0.000002 1.570790
79  0.806045 -0.348924 1.321260  -1.473563 -0.631194 -0.380783
80  -0.000000 1.789784 -0.000003  0.105693 0.066384 0.343678
81  0.000000 0.000002 0.000000  0.347279 0.000000 1.570806
82  1.789789 0.000008 -0.000003  0.002654 0.043679 0.349580
83  0.000000 1.206999 -0.000000  0.184117 0.296141 0.567992
84  0.000001 -0.000001 -0.000000  0.000001 -0.000001 1.570797
85  1.207001 -0.000011 0.000005  -0.000004 0.000001 0.540444
86  0.000000 0.000000 1.000000  1.570796 -0.000000 0.000000
time 37
0  0.000005 3.335938 -8.640624  -1.570780 -1.391896 -1.570809
1  2.033356 1.000772 -1.937610  1.473119 1.855075 -0.198639
2  6.028144 -0.000001 0.000000  2.092525 1.511100 -0.468758
3  11.692555 0.000001 0.000002  -0.000000 0.000000 -0.322748
4  11.481696 0.000001 0.000002  -1.285966 0.009012 0.200690
5  3.859678 -0.132570 1.193108  0.432210 -0.155861 -0.861350
6  1.312560 0.000003 0.000000  -0.000000 0.000000 -1.191994
7  0.729366 0.000002 -0.000002  -0.000000 0.000000 -1.063394
8  3.942305 0.050325 0.431044  0.232421 0.000609 -0.853331
9  1.539093 -0.000006 0.000002  -0.000000 0.000000 -0.973379
10  1.196322 0.000007 -0.000001  0.000000 0.000000 -1.451289
11  3.883656 -0.050323 -0.431043  0.066987 0.050243 -0.694792
12  1.719575 0.000006 0.000000  0.000000 -0.000000 -1.251039
13  1.209185 -0.000001 0.000000  0.000000 -0.000003 -1.141145
14  3.859835 -0.148937 -1.331282  -0.248855 0.263129 -0.072121
15  1.719423 0.000002 -0.000000  -0.000000 0.000000 -0.676756
16  1.099666 -0.000001 -0.000000  -0.000000 0.000000 -1.021287
17  0.806019 -0.359837 -1.318334  1.349685 0.343493 -0.771450
18  1.789784 0.000002 -0.000004  0.000000 -0.000000 0.397500
19  1.206998 0.000003 0.000004  0.000000 -0.000000 0.989033
20  6.104519 -1.468680 -3.530283  -1.564198 -0.011689 -1.581440
21  3.820743 -1.409994 -0.589408  -1.564198 -0.011689 -1.581440
22  0.222824 -3.739062 1.509297  0.024887 2.851473 -1.494016
23  3.048727 6.125611 1.106841  1.596061 0.018247 -0.808184
24  3.527214 5.063567 0.216260  1.596061 0.018246 -0.808184
25  3.352950 5.114327 -0.401205  1.596061 0.018247 -0.808184
26  2.909482 4.772881 -1.012056  1.596061 0.018247 -0.808184
27  1.772479 4.476570 2.356869  1.596061 0.018247 -0.808184
28  0.000006 3.336140 -8.647861  -1.570799 -1.391898 -1.570795
29  2.033350 1.000764 1.937663  1.227517 0.585911 1.190966
30  2.026190 1.001859 1.937675  1.227511 0.585916 1.190961
31  0.000001 -0.000001 0.000004  1.583265 0.000007 1.570794
32  0.000000 6.028147 -0.000001  -0.406215 -0.509623 -0.917955
33  -0.000001 0.000009 -0.000006  -0.000002 0.000003 1.570792
34  0.000017 6.028144 -0.000011  -0.546555 0.352158 0.445991
35  -0.000001 11.692570 0.000000  -0.000001 -0.000005 -0.639139
36  0.000000 0.000001 -0.000002  0.000005 0.000000 1.570801
37  11.692578 0.000051 0.000039  0.000004 -0.000001 -0.639130
38  0.000001 11.481683 0.000000  0.411079 0.490024 0.743560
39  -0.000000 0.000001 0.000001  0.000000 -0.000000 1.570789
40  11.481682 -0.000055 0.000008  0.527000 -0.360317 0.541198
41  0.137968 3.859855 1.332475  -1.465457 -1.619431 0.860062
42  -0.000001 -0.000001 -0.000002  1.933714 0.000004 1.570794
43  3.859855 -0.137941 1.332476  0.357799 -0.048367 -0.605270
44  -0.000001 1.719426 -0.000004  -0.420879 0.202310 0.066145
45  -0.000001 -0.000001 0.000001  1.743430 0.000000 1.570798
46  1.719428 0.000004 -0.000007  0.000189 -0.009100 -0.438602
47  0.000001 1.099658 -0.000003  1.022360 1.907819 1.050333
48  0.000002 0.000001 -0.000000  -0.000002 0.000003 1.570799
49  1.099661 -0.000004 0.000005  -0.000119 0.002600 -0.290980
50  0.046788 3.883688 0.431452  -0.028140 -1.505149 -0.643982
51  0.000001 -0.000001 0.000001  1.590082 0.000009 1.570787
52  3.883688 -0.046761 0.431452  0.084906 0.001837 -0.672064
53  0.000001 1.719575 -0.000001  -0.720102 0.051523 -0.006475
54  -0.000000 -0.000000 -0.000001  1.538381 -0.000002 1.570794
55  1.719580 0.000013 -0.000016  -0.003915 0.016394 -0.719629
56  -0.000001 1.209184 -0.000001  -1.502664 1.085641 -1.507497
57  0.000003 -0.000000 -0.000000  -0.000000 -0.000000 1.570805
58  1.209187 -0.000001 -0.000003  -0.000816 0.002971 -0.484095
59  -0.046751 3.942324 -0.431435  -0.326445 -1.473453 -0.660451
60  -0.000001 0.000000 -0.000000  1.317660 0.000000 1.570797
61  3.942322 0.046779 -0.431435  -0.160904 0.031173 -0.985453
62  -0.000000 1.539091 -0.000001  -0.255115 -0.026494 -0.056799
63  0.000000 0.000000 -0.000000  1.337310 -0.000004 1.570800
64  1.539097 -0.000002 0.000000  -0.000026 0.003538 -0.262664
65  -0.000001 1.196323 -0.000001  -1.013121 1.118322 -1.059578
66  -0.000000 0.000000 0.000000  0.000000 -0.000001 1.570800
67  1.196327 -0.000004 0.000002  0.000000 0.000004 -0.391200
68  0.142425 3.859704 -1.191966  -0.667370 -1.423718 -0.301272
69  -0.000001 -0.000000 -0.000003  0.976757 -0.000005 1.570807
70  3.859704 -0.142399 -1.191967  -0.478196 0.090837 -0.963365
71  -0.000001 1.312569 -0.000002  -0.361359 -0.138963 -0.204711
72  0.000000 -0.000000 0.000001  1.078169 0.000003 1.570794
73  1.312574 -0.000013 0.000008  0.000005 -0.001344 -0.437236
74  0.000002 0.729362 -0.000001  -0.404443 1.030435 -0.462979
75  0.000001 0.000001 -0.000001  -0.000001 -0.000001 1.570794
76  0.729365 0.000001 -0.000002  0.000001 -0.000004 -0.231829
77  0.348927 0.806043 1.321261  -1.142978 -2.276487 0.650280
78  0.000000 -0.000000 0.000001  0.437032 0.000002 1.570791
79  0.806045 -0.348924 1.321263  -1.473564 -0.631197 -0.380782
80  0.000001 1.789785 0.000001  0.105694 0.066384 0.343681
81  0.000000 0.000001 0.000000  0.347279 0.000000 1.570806
82  1.789787 0.000009 -0.000001  0.002654 0.043680 0.349583
83  -0.000001 1.207000 0.000001  0.184118 0.296140 0.567996
84  -0.000001 -0.000000 0.000000  0.000001 -0.000001 1.570797
85  1.207003 -0.000010 0.000005  -0.000004 0.000001 0.540448
86  0.000000 0.000000 1.000000  1.570796 -0.000000 0.000000
time 38
0  0.000005 3.335938 -8.640624  -1.570780 -1.391896 -1.570809
1  2.033356 1.000772 -1.937610  1.473119 1.855075 -0.198639
2  6.028144 -0.000001 0.000000  2.094976 1.511334 -0.466289
3  11.692555 0.000001 0.000004  -0.000000 0.000000 -0.322147
4  11.481697 0.000001 0.000002  -1.285966 0.008971 0.200690
5  3.859677 -0.132570 1.193106  0.432210 -0.155861 -0.861350
6  1.312559 0.000000 0.000001  -0.000000 0.000000 -1.191994
7  0.729366 -0.000000 -0.000002  -0.000000 0.000000 -1.063394
8  3.942306 0.050325 0.431043  0.232421 0.000609 -0.853331
9  1.539097 -0.000001 0.000001  -0.000000 0.000000 -0.973379
10  1.196322 0.000005 -0.000001  -0.000000 0.000000 -1.451289
11  3.883659 -0.050323 -0.431044  0.066987 0.050243 -0.694792
12  1.719577 0.000001 -0.000000  0.000000 -0.000000 -1.251039
13  1.209184 0.000004 -0.000000  0.000000 -0.000003 -1.141145
14  3.859838 -0.148937 -1.331282  -0.248855 0.263129 -0.072121
15  1.719423 0.000002 -0.000001  0.000000 0.000000 -0.676756
16  1.099669 0.000006 -0.000000  -0.000000 0.000000 -1.021287
17  0.806022 -0.359837 -1.318335  1.349685 0.343493 -0.771450
18  1.789781 -0.000000 -0.000008  -0.000000 -0.000000 0.397500
19  1.206996 0.000003 0.000002  0.000000 -0.000000 0.989033
20  6.104524 -1.468680 -3.530283  -1.564198 -0.011689 -1.581440
21  3.820743 -1.409994 -0.589409  -1.564198 -0.011689 -1.581440
22  0.222826 -3.739064 1.509295  0.024887 2.851473 -1.494016
23  3.048727 6.125612 1.106840  1.596061 0.018247 -0.808184
24  3.527215 5.063568 0.216259  1.596061 0.018246 -0.808183
25  3.352950 5.114331 -0.401208  1.596061 0.018247 -0.808184
26  2.909482 4.772881 -1.012057  1.596061 0.018247 -0.808184
27  1.772479 4.476571 2.356867  1.596061 0.018247 -0.808184
28  0.000006 3.336140 -8.647861  -1.570799 -1.391898 -1.570795
29  2.033350 1.000764 1.937663  1.227517 0.585911 1.190966
30  2.026190 1.001859 1.937675  1.227511 0.585916 1.190961
31  0.000001 -0.000001 0.000004  1.583265 0.000007 1.570794
32  0.000000 6.028147 -0.000001  -0.406172 -0.509672 -0.918069
33  -0.000001 0.000010 -0.000006  -0.000002 0.000003 1.570792
34  0.000017 6.028144 -0.000011  -0.546597 0.352111 0.445884
35  -0.000000 11.692571 -0.000000  -0.000001 -0.000005 -0.638876
36  0.000000 0.000001 -0.000003  0.000005 0.000000 1.570801
37  11.692578 0.000052 0.000038  0.000004 -0.000001 -0.638867
38  -0.000000 11.481681 -0.000002  0.410779 0.489977 0.743432
39  -0.000001 -0.000000 0.000002  0.000000 -0.000000 1.570789
40  11.481681 -0.000056 0.000006  0.526894 -0.360067 0.541248
41  0.137967 3.859861 1.332476  -1.465452 -1.619430 0.860059
42  0.000001 -0.000003 0.000001  1.933714 0.000004 1.570794
43  3.859862 -0.137941 1.332474  0.357799 -0.048366 -0.605273
44  0.000001 1.719425 0.000001  -0.420873 0.202310 0.066145
45  0.000000 0.000001 0.000001  1.743430 0.000000 1.570798
46  1.719430 0.000005 -0.000006  0.000189 -0.009099 -0.438596
47  -0.000000 1.099662 0.000001  1.022353 1.907815 1.050325
48  0.000002 -0.000001 -0.000001  -0.000002 0.000003 1.570799
49  1.099665 0.000002 0.000002  -0.000119 0.002600 -0.290975
50  0.046788 3.883686 0.431453  -0.028151 -1.505149 -0.643970
51  0.000000 -0.000000 0.000000  1.590082 0.000009 1.570787
52  3.883687 -0.046762 0.431451  0.084906 0.001838 -0.672065
53  -0.000000 1.719576 0.000001  -0.720098 0.051523 -0.006475
54  -0.000000 0.000001 0.000002  1.538381 -0.000002 1.570794
55  1.719581 0.000016 -0.000016  -0.003915 0.016394 -0.719626
56  -0.000000 1.209182 -0.000000  -1.502663 1.085644 -1.507497
57  0.000002 -0.000000 0.000001  -0.000000 -0.000000 1.570805
58  1.209184 0.000001 -0.000004  -0.000816 0.002971 -0.484093
59  -0.046751 3.942327 -0.431433  -0.326444 -1.473453 -0.660452
60  0.000000 0.000000 0.000000  1.317660 0.000000 1.570797
61  3.942325 0.046778 -0.431437  -0.160904 0.031172 -0.985454
62  0.000000 1.539091 0.000000  -0.255111 -0.026494 -0.056799
63  0.000001 0.000000 -0.000001  1.337310 -0.000004 1.570800
64  1.539094 0.000002 0.000001  -0.000026 0.003537 -0.262660
65  0.000002 1.196323 -0.000003  -1.013116 1.118326 -1.059572
66  0.000002 -0.000000 -0.000000  0.000000 -0.000001 1.570800
67  1.196326 -0.000006 0.000004  0.000000 0.000003 -0.391196
68  0.142425 3.859707 -1.191965  -0.667372 -1.423718 -0.301271
69  0.000000 -0.000001 -0.000001  0.976757 -0.000005 1.570807
70  3.859707 -0.142400 -1.191969  -0.478197 0.090837 -0.963366
71  0.000001 1.312564 -0.000002  -0.361356 -0.138963 -0.204711
72  0.000000 -0.000000 0.000001  1.078169 0.000003 1.570794
73  1.312571 -0.000015 0.000008  0.000005 -0.001345 -0.437233
74  0.000001 0.729364 -0.000002  -0.404438 1.030436 -0.462974
75  -0.000001 -0.000001 0.000000  -0.000001 -0.000001 1.570795
76  0.729367 0.000004 -0.000001  0.000002 -0.000005 -0.231826
77  0.348927 0.806042 1.321261  -1.142978 -2.276485 0.650281
78  0.000000 0.000000 -0.000001  0.437032 0.000002 1.570791
79  0.806044 -0.348924 1.321260  -1.473563 -0.631196 -0.380782
80  0.000001 1.789780 -0.000001  0.105694 0.066384 0.343680
81  0.000000 0.000002 0.000000  0.347279 0.000000 1.570806
82  1.789786 0.000010 -0.000001  0.002654 0.043679 0.349581
83  0.000001 1.207000 -0.000002  0.184118 0.296140 0.567995
84  -0.000000 0.000003 -0.000001  0.000001 -0.000001 1.570797
85  1.207001 -0.000014 0.000001  -0.000004 0.000001 0.540446
86  0.000000 0.000000 1.000000  1.570796 -0.000000 0.000000
time 39
0  0.000005 3.335938 -8.640624  -1.570780 -1.391896 -1.570809
1  2.033356 1.000772 -1.937610  1.473119 1.855075 -0.198639
2  6.028144 -0.000001 0.000000  2.097922 1.511661 -0.463337
3  11.692555 0.000001 0.000003  -0.000000 0.000000 -0.321470
4  11.481695 0.000001 0.000003  -1.285984 0.008929 0.200690
5  3.859680 -0.132570 1.193107  0.432210 -0.155861 -0.861350
6  1.312558 0.000004 0.000000  -0.000000 0.000000 -1.191994
7  0.729368 -0.000001 -0.000002  -0.000000 0.000000 -1.063394
8  3.942306 0.050326 0.431044  0.232421 0.000609 -0.853331
9  1.539099 -0.000003 0.000000  -0.000000 0.000000 -0.973379
10  1.196321 0.000011 -0.000000  0.000000 0.000000 -1.451289
11  3.883658 -0.050323 -0.431043  0.066987 0.050243 -0.694792
12  1.719574 0.000002 0.000000  0.000000 -0.000000 -1.251039
13  1.209184 -0.000002 0.000001  0.000000 -0.000003 -1.141173
14  3.859838 -0.148937 -1.331283  -0.248855 0.263129 -0.072121
15  1.719424 0.000002 0.000000  -0.000000 0.000000 -0.676756
16  1.099666 0.000002 -0.000000  0.000000 0.000000 -1.021287
17  0.806019 -0.359837 -1.318334  1.349685 0.343493 -0.771450
18  1.789783 0.000000 -0.000008  -0.000000 -0.000000 0.397500
19  1.206998 0.000004 0.000004  0.000000 -0.000000 0.989033
20  6.104525 -1.468680 -3.530283  -1.564198 -0.011689 -1.581440
21  3.820745 -1.409994 -0.589409  -1.564198 -0.011689 -1.581440
22  0.222821 -3.739061 1.509296  0.024887 2.851473 -1.494016
23  3.048727 6.125610 1.106841  1.596061 0.018247 -0.808184
24  3.527214 5.063570 0.216259  1.596061 0.018246 -0.808184
25  3.352950 5.114329 -0.401206  1.596061 0.018247 -0.808184
26  2.909482 4.772883 -1.012057  1.596061 0.018247 -0.808184
27  1.772479 4.476571 2.356868  1.596061 0.018247 -0.808184
28  0.000006 3.336140 -8.647861  -1.570799 -1.391898 -1.570795
29  2.033350 1.000764 1.937663  1.227517 0.585911 1.190966
30  2.026190 1.001859 1.937675  1.227511 0.585916 1.190961
31  0.000001 -0.000001 0.000004  1.583265 0.000007 1.570794
32  0.000000 6.028147 -0.000001  -0.406075 -0.509678 -0.918150
33  -0.000002 0.000010 -0.000006  -0.000002 0.000003 1.570792
34  0.000017 6.028144 -0.000011  -0.546584 0.352027 0.445854
35  -0.000001 11.692571 -0.000000  -0.000001 -0.000005 -0.638733
36  -0.000000 0.000001 -0.000001  0.000005 0.000000 1.570801
37  11.692577 0.000053 0.000040  0.000004 -0.000001 -0.638724
38  -0.000001 11.481684 0.000000  0.410427 0.489899 0.743365
39  -0.000001 0.000001 -0.000000  0.000000 -0.000000 1.570789
40  11.481679 -0.000055 0.000007  0.526745 -0.359778 0.541398
41  0.137967 3.859856 1.332473  -1.465465 -1.619431 0.860065
42  0.000000 -0.000001 0.000001  1.933714 0.000004 1.570794
43  3.859855 -0.137941 1.332474  0.357799 -0.048366 -0.605274
44  -0.000001 1.719430 0.000000  -0.420872 0.202310 0.066145
45  0.000000 0.000000 0.000001  1.743430 0.000000 1.570798
46  1.719434 0.000005 -0.000005  0.000190 -0.009099 -0.438595
47  0.000001 1.099662 -0.000002  1.022353 1.907815 1.050324
48  0.000002 0.000000 0.000001  -0.000002 0.000003 1.570799
49  1.099666 -0.000001 0.000003  -0.000119 0.002599 -0.290975
50  0.046788 3.883690 0.431450  -0.028161 -1.505149 -0.643965
51  0.000000 -0.000000 -0.000000  1.590082 0.000009 1.570787
52  3.883687 -0.046761 0.431450  0.084906 0.001838 -0.672065
53  -0.000001 1.719575 0.000000  -0.720099 0.051523 -0.006475
54  0.000001 0.000000 -0.000000  1.538381 -0.000002 1.570794
55  1.719580 0.000018 -0.000016  -0.003915 0.016394 -0.719626
56  0.000000 1.209182 -0.000000  -1.502664 1.085644 -1.507497
57  0.000000 -0.000000 -0.000001  -0.000000 -0.000000 1.570805
58  1.209185 -0.000002 -0.000004  -0.000816 0.002971 -0.484093
59  -0.046751 3.942327 -0.431436  -0.326446 -1.473453 -0.660457
60  0.000000 0.000000 -0.000003  1.317660 0.000000 1.570797
61  3.942324 0.046779 -0.431438  -0.160904 0.031173 -0.985456
62  -0.000000 1.539091 -0.000001  -0.255108 -0.026494 -0.056799
63  0.000000 0.000001 -0.000000  1.337310 -0.000004 1.570800
64  1.539096 0.000002 0.000002  -0.000026 0.003537 -0.262657
65  -0.000001 1.196321 -0.000001  -1.013112 1.118329 -1.059568
66  0.000000 -0.000000 0.000001  0.000000 -0.000001 1.570800
67  1.196324 -0.000004 0.000002  0.000001 0.000004 -0.391192
68  0.142425 3.859703 -1.191967  -0.667365 -1.423719 -0.301280
69  0.000000 -0.000002 0.000001  0.976757 -0.000005 1.570807
70  3.859703 -0.142399 -1.191969  -0.478196 0.090836 -0.963367
71  -0.000002 1.312564 0.000001  -0.361355 -0.138963 -0.204711
72  -0.000001 0.000000 -0.000002  1.078169 0.000003 1.570794
73  1.312569 -0.000011 0.000007  0.000004 -0.001345 -0.437233
74  -0.000001 0.729364 0.000001  -0.404436 1.030436 -0.462973
75  0.000001 0.000001 -0.000002  -0.000001 -0.000001 1.570795
76  0.729366 0.000005 0.000000  0.000002 -0.000005 -0.231824
77  0.348927 0.806042 1.321260  -1.142976 -2.276482 0.650280
78  0.000000 -0.000000 -0.000001  0.437032 0.000002 1.570791
79  0.806043 -0.348923 1.321261  -1.473562 -0.631192 -0.380782
80  0.000000 1.789780 0.000002  0.105693 0.066385 0.343677
81  0.000000 -0.000000 0.000000  0.347279 0.000000 1.570806
82  1.789785 0.000012 0.000002  0.002653 0.043678 0.349579
83  -0.000001 1.206997 -0.000000  0.184116 0.296141 0.567991
84  -0.000001 -0.000002 -0.000000  0.000001 -0.000001 1.570797
85  1.207000 -0.000011 0.000003  -0.000003 0.000001 0.540442
86  0.000000 0.000000 1.000000  1.570796 -0.000000 0.000000
time 40
0  0.000005 3.335938 -8.640624  -1.570780 -1.391896 -1.570809
1  2.033356 1.000772 -1.937610  1.473119 1.855075 -0.198639
2  6.028144 -0.000001 0.000000  2.101281 1.511988 -0.459974
3  11.692555 -0.000000 0.000002  -0.000000 -0.000000 -0.320681
4  11.481698 0.000000 0.000002  -1.285984 0.008888 0.200690
5  3.859681 -0.132569 1.193107  0.432210 -0.155861 -0.861350
6  1.312559 0.000000 0.000001  -0.000000 0.000000 -1.191994
7  0.729364 -0.000000 -0.000000  -0.000000 0.000000 -1.063394
8  3.942308 0.050326 0.431044  0.232421 0.000609 -0.853331
9  1.539100 -0.000000 0.000001  -0.000000 0.000000 -0.973379
10  1.196322 0.000008 -0.000000  -0.000000 0.000000 -1.451289
11  3.883660 -0.050323 -0.431043  0.066987 0.050243 -0.694792
12  1.719576 0.000006 0.000000  0.000000 -0.000000 -1.251039
13  1.209182 0.000003 0.000000  0.000000 -0.000003 -1.141145
14  3.859838 -0.148936 -1.331282  -0.248855 0.263129 -0.072121
15  1.719423 0.000001 0.000000  -0.000000 0.000000 -0.676756
16  1.099669 0.000002 0.000000  0.000000 0.000000 -1.021287
17  0.806021 -0.359837 -1.318333  1.349685 0.343493 -0.771450
18  1.789781 -0.000001 -0.000004  0.000000 -0.000000 0.397500
19  1.206997 0.000003 0.000001  0.000000 -0.000000 0.989033
20  6.104524 -1.468680 -3.530283  -1.564198 -0.011689 -1.581440
21  3.820746 -1.409994 -0.589409  -1.564198 -0.011689 -1.581440
22  0.222811 -3.739061 1.509297  0.024887 2.851473 -1.494016
23  3.048727 6.125615 1.106840  1.596061 0.018247 -0.808184
24  3.527214 5.063572 0.216259  1.596061 0.018246 -0.808184
25  3.352950 5.114331 -0.401207  1.596061 0.018247 -0.808184
26  2.909482 4.772884 -1.012057  1.596061 0.018247 -0.808184
27  1.772479 4.476573 2.356868  1.596061 0.018247 -0.808184
28  0.000006 3.336140 -8.647861  -1.570799 -1.391898 -1.570795
29  2.033350 1.000764 1.937663  1.227517 0.585911 1.190966
30  2.026190 1.001859 1.937675  1.227511 0.585916 1.190961
31  0.000001 -0.000001 0.000004  1.583265 0.000007 1.570794
32  0.000000 6.028147 -0.000001  -0.405993 -0.509728 -0.918296
33  -0.000001 0.000010 -0.000006  -0.000002 0.000003 1.570792
34  0.000017 6.028144 -0.000011  -0.546621 0.351947 0.445735
35  -0.000001 11.692572 -0.000000  -0.000001 -0.000005 -0.638425
36  -0.000003 0.000000 -0.000003  0.000005 0.000000 1.570801
37  11.692578 0.000055 0.000040  0.000004 -0.000001 -0.638416
38  -0.000002 11.481678 -0.000002  0.410021 0.489851 0.743212
39  -0.000000 -0.000001 -0.000000  0.000000 -0.000000 1.570789
40  11.481683 -0.000055 0.000007  0.526619 -0.359437 0.541481
41  0.137968 3.859852 1.332474  -1.465457 -1.619430 0.860063
42  0.000000 0.000000 -0.000001  1.933714 0.000004 1.570794
43  3.859856 -0.137942 1.332473  0.357799 -0.048366 -0.605274
44  0.000001 1.719429 -0.000002  -0.420871 0.202310 0.066145
45  0.000001 0.000001 -0.000001  1.743430 0.000000 1.570798
46  1.719431 0.000008 -0.000005  0.000189 -0.009099 -0.438594
47  0.000001 1.099662 -0.000003  1.022351 1.907813 1.050322
48  -0.000002 0.000001 0.000000  -0.000002 0.000003 1.570799
49  1.099664 -0.000001 0.000003  -0.000119 0.002599 -0.290973
50  0.046789 3.883684 0.431450  -0.028143 -1.505149 -0.643981
51  -0.000001 0.000001 0.000000  1.590082 0.000009 1.570787
52  3.883687 -0.046762 0.431448  0.084907 0.001837 -0.672065
53  -0.000001 1.719576 0.000000  -0.720098 0.051523 -0.006475
54  -0.000000 0.000000 0.000002  1.538381 -0.000002 1.570794
55  1.719579 0.000015 -0.000016  -0.003915 0.016394 -0.719625
56  -0.000001 1.209184 0.000005  -1.502663 1.085645 -1.507496
57  -0.000000 -0.000000 0.000000  -0.000000 -0.000000 1.570805
58  1.209186 0.000001 -0.000003  -0.000817 0.002971 -0.484092
59  -0.046751 3.942322 -0.431437  -0.326443 -1.473453 -0.660459
60  -0.000001 -0.000001 0.000003  1.317660 0.000000 1.570797
61  3.942325 0.046779 -0.431439  -0.160904 0.031172 -0.985457
62  -0.000002 1.539089 0.000004  -0.255107 -0.026494 -0.056799
63  0.000000 0.000000 -0.000002  1.337310 -0.000004 1.570800
64  1.539095 0.000000 0.000000  -0.000026 0.003536 -0.262656
65  -0.000001 1.196321 -0.000001  -1.013110 1.118330 -1.059566
66  0.000000 -0.000000 0.000001  0.000000 -0.000001 1.570800
67  1.196324 -0.000003 0.000002  0.000000 0.000003 -0.391191
68  0.142426 3.859701 -1.191968  -0.667367 -1.423719 -0.301282
69  0.000001 0.000003 -0.000000  0.976757 -0.000005 1.570807
70  3.859705 -0.142400 -1.191971  -0.478196 0.090836 -0.963370
71  0.000001 1.312567 -0.000001  -0.361353 -0.138963 -0.204711
72  0.000001 0.000000 0.000001  1.078169 0.000003 1.570794
73  1.312568 -0.000015 0.000008  0.000004 -0.001347 -0.437232
74  -0.000001 0.729364 0.000003  -0.404432 1.030438 -0.462968
75  0.000000 0.000000 -0.000001  -0.000001 -0.000001 1.570795
76  0.729367 0.000008 -0.000001  0.000001 -0.000004 -0.231823
77  0.348928 0.806039 1.321259  -1.142976 -2.276483 0.650280
78  0.000000 -0.000002 -0.000002  0.437032 0.000002 1.570790
79  0.806043 -0.348924 1.321259  -1.473562 -0.631193 -0.380782
80  0.000000 1.789781 -0.000001  0.105693 0.066384 0.343677
81  0.000001 -0.000001 0.000000  0.347279 0.000000 1.570806
82  1.789788 0.000012 -0.000001  0.002654 0.043678 0.349579
83  0.000001 1.207001 0.000000  0.184116 0.296141 0.567991
84  -0.000001 -0.000001 -0.000001  0.000001 -0.000001 1.570797
85  1.207006 -0.000011 0.000004  -0.000003 0.000001 0.540443
86  0.000000 0.000000 1.000000  1.570796 -0.000000 0.000000
time 41
0  0.000005 3.335938 -8.640624  -1.570780 -1.391896 -1.570809
1  2.033356 1.000772 -1.937610  1.473119 1.855075 -0.198639
2  6.028144 -0.000001 0.000000  2.105010 1.512362 -0.456223
3  11.692555 0.000000 0.000003  -0.000000 -0.000000 -0.319778
4  11.481698 0.000003 0.000003  -1.286002 0.008827 0.200690
5  3.859676 -0.132570 1.193108  0.432210 -0.155861 -0.861350
6  1.312558 0.000002 -0.000001  -0.000000 0.000000 -1.191994
7  0.729367 0.000001 -0.000001  -0.000000 0.000000 -1.063394
8  3.942302 0.050325 0.431044  0.232421 0.000609 -0.853331
9  1.539096 -0.000003 0.000000  -0.000000 0.000000 -0.973379
10  1.196322 0.000005 -0.000001  -0.000000 0.000000 -1.451289
11  3.883655 -0.050324 -0.431043  0.066987 0.050243 -0.694792
12  1.719578 0.000006 0.000000  0.000000 -0.000000 -1.251039
13  1.209184 -0.000001 0.000000  0.000000 -0.000003 -1.141145
14  3.859834 -0.148937 -1.331282  -0.248855 0.263129 -0.072121
15  1.719423 0.000003 -0.000001  -0.000000 0.000000 -0.676756
16  1.099665 0.000005 -0.000001  0.000000 0.000000 -1.021287
17  0.806019 -0.359837 -1.318333  1.349685 0.343493 -0.771450
18  1.789783 0.000001 -0.000005  -0.000000 -0.000000 0.397500
19  1.206998 0.000003 0.000003  0.000000 -0.000000 0.989033
20  6.104520 -1.468681 -3.530282  -1.564198 -0.011689 -1.581440
21  3.820742 -1.409994 -0.589408  -1.564198 -0.011689 -1.581440
22  0.222794 -3.739062 1.509297  0.024887 2.851473 -1.494016
23  3.048727 6.125614 1.106840  1.596061 0.018247 -0.808184
24  3.527215 5.063571 0.216259  1.596061 0.018246 -0.808184
25  3.352950 5.114331 -0.401207  1.596061 0.018247 -0.808184
26  2.909482 4.772884 -1.012058  1.596061 0.018247 -0.808184
27  1.772478 4.476573 2.356868  1.596061 0.018247 -0.808184
28  0.000006 3.336140 -8.647861  -1.570799 -1.391898 -1.570795
29  2.033350 1.000764 1.937663  1.227517 0.585911 1.190966
30  2.026190 1.001859 1.937675  1.227511 0.585916 1.190961
31  0.000001 -0.000001 0.000004  1.583265 0.000007 1.570794
32  0.000000 6.028147 -0.000001  -0.405923 -0.509776 -0.918429
33  -0.000001 0.000009 -0.000006  -0.000002 0.000003 1.570791
34  0.000017 6.028144 -0.000011  -0.546658 0.351877 0.445624
35  0.000000 11.692571 0.000000  -0.000001 -0.000005 -0.638111
36  0.000001 0.000000 -0.000003  0.000005 0.000000 1.570801
37  11.692578 0.000052 0.000038  0.000004 -0.000001 -0.638102
38  -0.000000 11.481683 -0.000001  0.409567 0.489758 0.743056
39  -0.000000 -0.000002 -0.000000  0.000000 -0.000000 1.570789
40  11.481684 -0.000054 0.000008  0.526436 -0.359063 0.541604
41  0.137967 3.859856 1.332472  -1.465462 -1.619431 0.860063
42  0.000000 -0.000001 -0.000000  1.933714 0.000004 1.570794
43  3.859860 -0.137940 1.332473  0.357799 -0.048367 -0.605271
44  -0.000001 1.719429 0.000002  -0.420875 0.202310 0.066145
45  -0.000000 0.000001 0.000000  1.743430 0.000000 1.570798
46  1.719432 0.000009 -0.000010  0.000190 -0.009099 -0.438598
47  0.000000 1.099662 -0.000000  1.022357 1.907817 1.050329
48  0.000002 -0.000000 0.000000  -0.000002 0.000003 1.570799
49  1.099663 -0.000000 0.000005  -0.000119 0.002600 -0.290977
50  0.046788 3.883685 0.431449  -0.028158 -1.505149 -0.643965
51  -0.000000 0.000001 0.000001  1.590082 0.000009 1.570787
52  3.883688 -0.046761 0.431448  0.084907 0.001838 -0.672064
53  0.000000 1.719579 0.000001  -0.720100 0.051523 -0.006475
54  0.000000 -0.000001 -0.000000  1.538381 -0.000002 1.570794
55  1.719580 0.000014 -0.000016  -0.003915 0.016394 -0.719628
56  0.000001 1.209181 -0.000003  -1.502664 1.085642 -1.507497
57  -0.000001 -0.000000 -0.000000  -0.000000 -0.000000 1.570805
58  1.209184 -0.000002 -0.000001  -0.000816 0.002971 -0.484095
59  -0.046751 3.942324 -0.431435  -0.326453 -1.473453 -0.660446
60  0.000001 0.000000 0.000003  1.317660 0.000000 1.570797
61  3.942326 0.046779 -0.431437  -0.160904 0.031173 -0.985453
62  -0.000001 1.539089 0.000002  -0.255112 -0.026494 -0.056799
63  0.000001 -0.000000 0.000000  1.337310 -0.000004 1.570800
64  1.539093 0.000002 0.000001  -0.000026 0.003538 -0.262662
65  0.000001 1.196323 -0.000000  -1.013118 1.118324 -1.059575
66  -0.000000 0.000001 -0.000001  0.000000 -0.000001 1.570800
67  1.196327 -0.000005 0.000003  0.000001 0.000003 -0.391197
68  0.142426 3.859702 -1.191967  -0.667372 -1.423717 -0.301269
69  0.000001 -0.000002 0.000000  0.976757 -0.000005 1.570807
70  3.859706 -0.142400 -1.191970  -0.478196 0.090837 -0.963363
71  0.000001 1.312567 0.000003  -0.361360 -0.138963 -0.204711
72  -0.000000 0.000000 -0.000001  1.078169 0.000003 1.570794
73  1.312575 -0.000013 0.000008  0.000005 -0.001343 -0.437236
74  0.000000 0.729363 -0.000001  -0.404444 1.030434 -0.462982
75  -0.000003 -0.000000 0.000001  -0.000001 -0.000001 1.570795
76  0.729366 0.000004 0.000000  0.000002 -0.000004 -0.231830
77  0.348927 0.806042 1.321259  -1.142978 -2.276486 0.650281
78  -0.000001 -0.000001 0.000001  0.437032 0.000002 1.570790
79  0.806047 -0.348923 1.321260  -1.473563 -0.631195 -0.380781
80  -0.000002 1.789784 0.000001  0.105694 0.066384 0.343680
81  -0.000000 -0.000000 0.000000  0.347279 0.000000 1.570806
82  1.789790 0.000009 -0.000002  0.002654 0.043680 0.349582
83  -0.000002 1.207000 0.000000  0.184118 0.296140 0.567995
84  -0.000000 -0.000001 -0.000001  0.000001 -0.000001 1.570797
85  1.207005 -0.000010 0.000003  -0.000004 0.000001 0.540447
86  0.000000 0.000000 1.000000  1.570796 -0.000000 0.000000
time 42
0  0.000005 3.335938 -8.640624  -1.570780 -1.391896 -1.570809
1  2.033356 1.000772 -1.937610  1.473119 1.855075 -0.198639
2  6.028144 -0.000001 0.000000  2.109048 1.512736 -0.452182
3  11.692555 0.000001 0.000004  0.000000 0.000000 -0.318876
4  11.481697 0.000001 0.000002  -1.286002 0.008765 0.200690
5  3.859677 -0.132570 1.193108  0.432210 -0.155861 -0.861350
6  1.312558 0.000001 0.000000  -0.000000 0.000000 -1.191994
7  0.729365 0.000002 0.000000  -0.000000 0.000000 -1.063394
8  3.942305 0.050326 0.431045  0.232421 0.000609 -0.853331
9  1.539097 -0.000002 0.000001  0.000000 0.000000 -0.973379
10  1.196321 0.000004 -0.000000  0.000000 0.000000 -1.451289
11  3.883657 -0.050322 -0.431043  0.066987 0.050243 -0.694792
12  1.719576 0.000003 -0.000000  0.000000 -0.000000 -1.251039
13  1.209184 0.000003 0.000001  0.000000 -0.000003 -1.141145
14  3.859838 -0.148936 -1.331282  -0.248855 0.263129 -0.072121
15  1.719426 0.000002 -0.000001  0.000000 0.000000 -0.676756
16  1.099667 0.000003 0.000001  0.000000 0.000000 -1.021287
17  0.806020 -0.359837 -1.318333  1.349685 0.343493 -0.771450
18  1.789784 -0.000000 -0.000004  0.000000 0.000000 0.397500
19  1.206997 0.000003 0.000003  0.000000 -0.000000 0.989033
20  6.104522 -1.468680 -3.530283  -1.564198 -0.011689 -1.581440
21  3.820743 -1.409994 -0.589408  -1.564198 -0.011689 -1.581440
22  0.222820 -3.739062 1.509297  0.024887 2.851473 -1.494016
23  3.048727 6.125612 1.106842  1.596061 0.018247 -0.808184
24  3.527214 5.063567 0.216260  1.596061 0.018246 -0.808184
25  3.352950 5.114329 -0.401206  1.596061 0.018247 -0.808184
26  2.909482 4.772883 -1.012054  1.596061 0.018247 -0.808184
27  1.772479 4.476572 2.356869  1.596061 0.018247 -0.808184
28  0.000006 3.336140 -8.647861  -1.570799 -1.391898 -1.570795
29  2.033350 1.000764 1.937663  1.227517 0.585911 1.190966
30  2.026190 1.001859 1.937675  1.227511 0.585916 1.190961
31  0.000001 -0.000001 0.000004  1.583265 0.000007 1.570794
32  0.000000 6.028147 -0.000001  -0.405823 -0.509835 -0.918603
33  -0.000000 0.000010 -0.000005  -0.000002 0.000003 1.570792
34  0.000017 6.028144 -0.000011  -0.546701 0.351780 0.445483
35  0.000000 11.692572 -0.000000  -0.000001 -0.000005 -0.637758
36  0.000001 0.000001 -0.000001  0.000005 0.000000 1.570801
37  11.692578 0.000052 0.000041  0.000004 -0.000001 -0.637749
38  0.000001 11.481684 -0.000000  0.409111 0.489701 0.742899
39  -0.000001 -0.000002 -0.000001  0.000000 -0.000000 1.570789
40  11.481682 -0.000053 0.000006  0.526290 -0.358679 0.541712
41  0.137968 3.859856 1.332473  -1.465451 -1.619430 0.860063
42  0.000000 0.000002 -0.000002  1.933714 0.000004 1.570794
43  3.859863 -0.137941 1.332473  0.357798 -0.048366 -0.605273
44  0.000001 1.719430 -0.000002  -0.420874 0.202310 0.066145
45  0.000000 0.000001 0.000001  1.743430 0.000000 1.570799
46  1.719432 0.000005 -0.000005  0.000189 -0.009099 -0.438597
47  -0.000000 1.099664 0.000003  1.022354 1.907816 1.050327
48  -0.000001 0.000001 -0.000001  -0.000002 0.000003 1.570799
49  1.099666 0.000004 0.000003  -0.000119 0.002599 -0.290976
50  0.046788 3.883686 0.431450  -0.028165 -1.505149 -0.643956
51  0.000001 -0.000000 0.000000  1.590082 0.000009 1.570787
52  3.883691 -0.046762 0.431449  0.084906 0.001839 -0.672065
53  0.000001 1.719571 -0.000002  -0.720098 0.051523 -0.006475
54  -0.000000 0.000000 -0.000001  1.538381 -0.000002 1.570794
55  1.719575 0.000013 -0.000016  -0.003915 0.016393 -0.719626
56  -0.000000 1.209182 -0.000001  -1.502663 1.085644 -1.507497
57  -0.000002 -0.000001 -0.000000  -0.000000 -0.000000 1.570805
58  1.209184 -0.000002 -0.000002  -0.000816 0.002971 -0.484093
59  -0.046750 3.942324 -0.431436  -0.326446 -1.473453 -0.660450
60  0.000001 -0.000000 0.000001  1.317660 0.000000 1.570797
61  3.942328 0.046778 -0.431438  -0.160904 0.031173 -0.985455
62  0.000001 1.539087 -0.000002  -0.255112 -0.026494 -0.056799
63  0.000001 -0.000001 -0.000001  1.337310 -0.000004 1.570800
64  1.539090 -0.000002 0.000001  -0.000026 0.003537 -0.262661
65  0.000000 1.196321 -0.000003  -1.013117 1.118325 -1.059573
66  -0.000000 -0.000000 -0.000001  0.000000 -0.000001 1.570800
67  1.196325 -0.000008 0.000002  0.000000 0.000003 -0.391197
68  0.142426 3.859703 -1.191967  -0.667367 -1.423718 -0.301278
69  0.000000 -0.000002 0.000001  0.976757 -0.000005 1.570807
70  3.859709 -0.142401 -1.191970  -0.478197 0.090836 -0.963368
71  -0.000001 1.312563 0.000001  -0.361356 -0.138964 -0.204711
72  0.000001 -0.000000 0.000001  1.078169 0.000003 1.570794
73  1.312569 -0.000013 0.000009  0.000005 -0.001345 -0.437234
74  0.000001 0.729363 0.000002  -0.404439 1.030436 -0.462974
75  0.000002 -0.000000 -0.000002  -0.000001 -0.000001 1.570795
76  0.729367 0.000003 0.000001  0.000001 -0.000004 -0.231827
77  0.348928 0.806039 1.321260  -1.142977 -2.276485 0.650280
78  -0.000000 0.000001 -0.000000  0.437032 0.000002 1.570791
79  0.806045 -0.348924 1.321260  -1.473563 -0.631195 -0.380782
80  0.000001 1.789784 -0.000000  0.105693 0.066384 0.343679
81  0.000000 -0.000001 0.000000  0.347279 0.000000 1.570806
82  1.789789 0.000010 -0.000002  0.002654 0.043679 0.349581
83  0.000002 1.206999 -0.000002  0.184117 0.296140 0.567995
84  0.000000 0.000001 0.000001  0.000001 -0.000001 1.570797
85  1.207002 -0.000014 0.000003  -0.000004 0.000001 0.540446
86  0.000000 0.000000 1.000000  1.570796 -0.000000 0.000000
time 43
0  0.000005 3.335938 -8.640624  -1.570780 -1.391896 -1.570809
1  2.033356 1.000772 -1.937610  1.473119 1.855075 -0.198639
2  6.028144 -0.000001 0.000000  2.113333 1.513156 -0.447898
3  11.692556 0.000001 0.000003  -0.000000 0.000000 -0.317899
4  11.481697 -0.000000 0.000003  -1.286020 0.008703 0.200690
5  3.859678 -0.132570 1.193108  0.432210 -0.155861 -0.861350
6  1.312558 0.000000 0.000001  -0.000000 0.000000 -1.191994
7  0.729364 0.000002 -0.000001  -0.000000 0.000000 -1.063394
8  3.942304 0.050326 0.431044  0.232421 0.000609 -0.853331
9  1.539098 -0.000002 0.000002  -0.000000 0.000000 -0.973379
10  1.196322 0.000005 0.000000  -0.000000 0.000000 -1.451289
11  3.883658 -0.050323 -0.431043  0.066987 0.050243 -0.694792
12  1.719576 0.000006 0.000000  0.000000 -0.000000 -1.251039
13  1.209184 0.000004 -0.000000  0.000000 -0.000003 -1.141173
14  3.859837 -0.148936 -1.331282  -0.248855 0.263129 -0.072121
15  1.719424 0.000001 -0.000001  -0.000000 0.000000 -0.676756
16  1.099667 0.000003 0.000002  -0.000000 0.000000 -1.021287
17  0.806020 -0.359837 -1.318333  1.349685 0.343493 -0.771450
18  1.789782 0.000001 -0.000006  0.000000 -0.000000 0.397500
19  1.206998 0.000004 0.000005  0.000000 -0.000000 0.989033
20  6.104523 -1.468680 -3.530282  -1.564198 -0.011689 -1.581440
21  3.820742 -1.409993 -0.589408  -1.564198 -0.011689 -1.581440
22  0.222812 -3.739061 1.509296  0.024887 2.851473 -1.494016
23  3.048727 6.125610 1.106840  1.596061 0.018247 -0.808184
24  3.527215 5.063565 0.216258  1.596061 0.018246 -0.808184
25  3.352950 5.114326 -0.401207  1.596061 0.018247 -0.808184
26  2.909482 4.772881 -1.012058  1.596061 0.018247 -0.808184
27  1.772478 4.476568 2.356867  1.596061 0.018247 -0.808184
28  0.000006 3.336140 -8.647861  -1.570799 -1.391898 -1.570795
29  2.033350 1.000764 1.937663  1.227517 0.585911 1.190966
30  2.026190 1.001859 1.937675  1.227511 0.585916 1.190961
31  0.000001 -0.000001 0.000004  1.583265 0.000007 1.570794
32  0.000000 6.028147 -0.000001  -0.405721 -0.509879 -0.918753
33  -0.000000 0.000010 -0.000005  -0.000002 0.000003 1.570791
34  0.000017 6.028144 -0.000011  -0.546727 0.351683 0.445375
35  0.000001 11.692572 0.000001  -0.000001 -0.000005 -0.637443
36  0.000000 0.000002 -0.000002  0.000005 0.000000 1.570801
37  11.692578 0.000054 0.000041  0.000004 -0.000001 -0.637433
38  -0.000001 11.481682 -0.000000  0.408612 0.489620 0.742752
39  -0.000001 0.000000 0.000001  0.000000 -0.000000 1.570789
40  11.481683 -0.000052 0.000009  0.526111 -0.358264 0.541863
41  0.137967 3.859856 1.332474  -1.465455 -1.619431 0.860064
42  0.000001 -0.000002 0.000001  1.933714 0.000004 1.570794
43  3.859860 -0.137941 1.332475  0.357799 -0.048367 -0.605272
44  0.000002 1.719425 0.000001  -0.420876 0.202310 0.066145
45  0.000001 -0.000001 -0.000000  1.743430 0.000000 1.570798
46  1.719432 0.000005 -0.000006  0.000189 -0.009100 -0.438599
47  0.000001 1.099663 0.000002  1.022357 1.907817 1.050330
48  0.000000 -0.000001 -0.000000  -0.000002 0.000003 1.570799
49  1.099666 0.000002 0.000001  -0.000120 0.002600 -0.290977
50  0.046788 3.883684 0.431451  -0.028155 -1.505149 -0.643965
51  0.000001 0.000001 0.000000  1.590082 0.000009 1.570787
52  3.883690 -0.046761 0.431451  0.084906 0.001838 -0.672064
53  0.000001 1.719577 0.000001  -0.720099 0.051523 -0.006475
54  -0.000001 0.000000 0.000000  1.538381 -0.000002 1.570794
55  1.719579 0.000018 -0.000016  -0.003915 0.016394 -0.719627
56  -0.000002 1.209183 0.000001  -1.502664 1.085643 -1.507497
57  -0.000002 -0.000001 -0.000000  -0.000000 -0.000000 1.570805
58  1.209186 -0.000001 -0.000004  -0.000816 0.002971 -0.484094
59  -0.046751 3.942323 -0.431435  -0.326445 -1.473453 -0.660452
60  0.000001 0.000000 0.000001  1.317660 0.000000 1.570797
61  3.942328 0.046779 -0.431437  -0.160904 0.031173 -0.985454
62  0.000000 1.539089 -0.000003  -0.255112 -0.026494 -0.056799
63  -0.000000 0.000001 -0.000002  1.337310 -0.000004 1.570800
64  1.539092 -0.000004 -0.000000  -0.000026 0.003538 -0.262661
65  -0.000003 1.196322 -0.000000  -1.013117 1.118325 -1.059574
66  -0.000001 -0.000001 -0.000001  0.000000 -0.000001 1.570800
67  1.196326 -0.000005 0.000001  0.000000 0.000003 -0.391196
68  0.142425 3.859702 -1.191966  -0.667371 -1.423718 -0.301272
69  0.000001 -0.000002 0.000002  0.976757 -0.000005 1.570807
70  3.859708 -0.142399 -1.191968  -0.478196 0.090837 -0.963366
71  0.000001 1.312565 0.000003  -0.361358 -0.138964 -0.204711
72  0.000001 0.000000 0.000002  1.078169 0.000003 1.570794
73  1.312570 -0.000010 0.000008  0.000004 -0.001344 -0.437235
74  -0.000001 0.729362 0.000002  -0.404439 1.030436 -0.462977
75  0.000000 -0.000001 0.000001  -0.000001 -0.000001 1.570795
76  0.729366 0.000002 -0.000001  0.000002 -0.000004 -0.231827
77  0.348927 0.806045 1.321261  -1.142979 -2.276487 0.650281
78  -0.000000 -0.000001 0.000000  0.437032 0.000002 1.570791
79  0.806049 -0.348924 1.321262  -1.473564 -0.631197 -0.380782
80  0.000001 1.789782 0.000000  0.105694 0.066384 0.343681
81  0.000001 -0.000001 -0.000000  0.347279 0.000000 1.570806
82  1.789790 0.000010 0.000000  0.002654 0.043680 0.349583
83  0.000001 1.206997 -0.000002  0.184118 0.296140 0.567997
84  -0.000000 -0.000000 0.000000  0.000001 -0.000001 1.570797
85  1.207002 -0.000013 0.000004  -0.000004 0.000001 0.540448
86  0.000000 0.000000 1.000000  1.570796 -0.000000 0.000000
time 44
0  0.000005 3.335938 -8.640624  -1.570780 -1.391896 -1.570809
1  2.033356 1.000772 -1.937610  1.473119 1.855075 -0.198639
2  6.028144 -0.000001 0.000000  2.117804 1.513577 -0.443422
3  11.692554 0.000001 0.000003  -0.000000 0.000000 -0.316884
4  11.481696 0.000001 0.000003  -1.286020 0.008642 0.200690
5  3.859680 -0.132570 1.193107  0.432210 -0.155861 -0.861350
6  1.312558 0.000003 0.000001  -0.000000 0.000000 -1.191994
7  0.729363 -0.000003 -0.000003  -0.000000 0.000000 -1.063394
8  3.942307 0.050326 0.431044  0.232421 0.000609 -0.853331
9  1.539096 -0.000002 0.000001  0.000000 0.000000 -0.973379
10  1.196322 0.000010 -0.000000  0.000000 0.000000 -1.451289
11  3.883660 -0.050322 -0.431043  0.066987 0.050243 -0.694792
12  1.719577 0.000006 -0.000000  0.000000 -0.000000 -1.251039
13  1.209185 0.000002 -0.000000  0.000000 -0.000003 -1.141145
14  3.859837 -0.148936 -1.331282  -0.248855 0.263129 -0.072121
15  1.719423 0.000002 0.000001  0.000000 0.000000 -0.676756
16  1.099666 0.000006 0.000001  -0.000000 0.000000 -1.021287
17  0.806022 -0.359836 -1.318334  1.349685 0.343493 -0.771450
18  1.789780 -0.000000 -0.000004  -0.000000 0.000000 0.397500
19  1.206998 0.000003 0.000004  0.000000 -0.000000 0.989033
20  6.104523 -1.468679 -3.530282  -1.564198 -0.011689 -1.581440
21  3.820744 -1.409993 -0.589409  -1.564198 -0.011689 -1.581440
22  0.222826 -3.739061 1.509297  0.024887 2.851473 -1.494016
23  3.048726 6.125611 1.106842  1.596061 0.018247 -0.808184
24  3.527214 5.063569 0.216260  1.596061 0.018246 -0.808184
25  3.352949 5.114327 -0.401207  1.596061 0.018247 -0.808184
26  2.909481 4.772883 -1.012055  1.596061 0.018247 -0.808184
27  1.772478 4.476571 2.356869  1.596061 0.018247 -0.808184
28  0.000006 3.336140 -8.647861  -1.570799 -1.391898 -1.570795
29  2.033350 1.000764 1.937663  1.227517 0.585911 1.190966
30  2.026190 1.001859 1.937675  1.227511 0.585916 1.190961
31  0.000001 -0.000001 0.000004  1.583265 0.000007 1.570794
32  0.000000 6.028147 -0.000001  -0.405622 -0.509935 -0.918921
33  -0.000000 0.000009 -0.000006  -0.000002 0.000003 1.570791
34  0.000017 6.028144 -0.000011  -0.546766 0.351587 0.445241
35  0.000001 11.692572 -0.000001  -0.000001 -0.000005 -0.637078
36  0.000001 0.000002 -0.000002  0.000005 0.000000 1.570801
37  11.692577 0.000054 0.000041  0.000004 -0.000001 -0.637069
38  0.000000 11.481685 0.000000  0.408094 0.489553 0.742582
39  -0.000000 0.000003 0.000001  0.000000 -0.000000 1.570789
40  11.481682 -0.000054 0.000008  0.525944 -0.357830 0.541995
41  0.137967 3.859862 1.332473  -1.465459 -1.619431 0.860060
42  0.000000 0.000001 -0.000000  1.933714 0.000004 1.570794
43  3.859866 -0.137941 1.332473  0.357799 -0.048366 -0.605272
44  -0.000000 1.719431 -0.000001  -0.420873 0.202310 0.066145
45  0.000000 -0.000001 0.000003  1.743430 0.000000 1.570798
46  1.719432 0.000003 -0.000006  0.000189 -0.009099 -0.438596
47  -0.000000 1.099662 0.000002  1.022353 1.907815 1.050326
48  -0.000000 0.000000 0.000000  -0.000002 0.000003 1.570799
49  1.099665 0.000003 0.000002  -0.000119 0.002600 -0.290975
50  0.046788 3.883689 0.431450  -0.028164 -1.505149 -0.643960
51  -0.000001 -0.000001 -0.000000  1.590082 0.000009 1.570787
52  3.883691 -0.046761 0.431448  0.084906 0.001839 -0.672065
53  -0.000001 1.719577 0.000001  -0.720099 0.051523 -0.006475
54  -0.000000 0.000000 0.000001  1.538381 -0.000002 1.570794
55  1.719582 0.000017 -0.000016  -0.003914 0.016394 -0.719626
56  -0.000000 1.209183 -0.000001  -1.502664 1.085644 -1.507497
57  -0.000001 -0.000001 0.000000  -0.000000 -0.000000 1.570805
58  1.209186 -0.000002 -0.000004  -0.000816 0.002971 -0.484093
59  -0.046751 3.942328 -0.431436  -0.326452 -1.473453 -0.660446
60  0.000000 0.000001 -0.000002  1.317660 0.000000 1.570797
61  3.942328 0.046779 -0.431437  -0.160904 0.031173 -0.985454
62  -0.000001 1.539090 -0.000002  -0.255110 -0.026494 -0.056799
63  0.000000 -0.000000 0.000004  1.337310 -0.000004 1.570800
64  1.539094 -0.000001 -0.000001  -0.000026 0.003537 -0.262660
65  0.000002 1.196326 0.000005  -1.013116 1.118326 -1.059572
66  0.000002 -0.000001 0.000001  0.000000 -0.000001 1.570800
67  1.196328 -0.000003 0.000006  0.000000 0.000003 -0.391195
68  0.142426 3.859708 -1.191966  -0.667370 -1.423718 -0.301271
69  -0.000000 0.000000 0.000001  0.976757 -0.000005 1.570807
70  3.859710 -0.142400 -1.191968  -0.478196 0.090837 -0.963364
71  -0.000002 1.312569 0.000004  -0.361358 -0.138963 -0.204711
72  -0.000000 0.000000 0.000001  1.078169 0.000003 1.570794
73  1.312573 -0.000011 0.000009  0.000005 -0.001344 -0.437235
74  0.000001 0.729363 0.000000  -0.404442 1.030435 -0.462978
75  -0.000000 0.000000 -0.000000  -0.000001 -0.000001 1.570795
76  0.729366 0.000002 0.000000  0.000001 -0.000004 -0.231828
77  0.348927 0.806047 1.321260  -1.142977 -2.276484 0.650280
78  -0.000002 -0.000002 -0.000001  0.437032 0.000002 1.570791
79  0.806051 -0.348924 1.321260  -1.473563 -0.631193 -0.380782
80  -0.000001 1.789782 -0.000000  0.105693 0.066384 0.343678
81  0.000001 0.000000 0.000000  0.347279 0.000000 1.570806
82  1.789788 0.000013 -0.000001  0.002654 0.043678 0.349579
83  0.000001 1.206997 -0.000001  0.184116 0.296141 0.567992
84  0.000001 0.000001 -0.000000  0.000001 -0.000001 1.570797
85  1.207002 -0.000012 0.000003  -0.000003 0.000002 0.540443
86  0.000000 0.000000 1.000000  1.570796 -0.000000 0.000000
time 45
0  0.000005 3.335938 -8.640624  -1.570780 -1.391896 -1.570809
1  2.033356 1.000772 -1.937610  1.473119 1.855075 -0.198639
2  6.028144 -0.000001 0.000000  2.122397 1.513998 -0.438824
3  11.692554 0.000001 0.000003  -0.000000 0.000000 -0.315868
4  11.481698 0.000000 0.000002  -1.286039 0.008559 0.200690
5  3.859679 -0.132570 1.193107  0.432210 -0.155861 -0.861350
6  1.312561 0.000003 -0.000001  -0.000000 0.000000 -1.191994
7  0.729367 -0.000002 -0.000002  -0.000000 -0.000000 -1.063394
8  3.942305 0.050326 0.431044  0.232421 0.000609 -0.853331
9  1.539098 -0.000005 0.000001  -0.000000 0.000000 -0.973401
10  1.196323 0.000008 0.000000  0.000000 0.000000 -1.451289
11  3.883657 -0.050323 -0.431043  0.066987 0.050243 -0.694792
12  1.719577 0.000004 -0.000001  0.000000 -0.000000 -1.251039
13  1.209183 0.000004 0.000000  0.000000 -0.000003 -1.141173
14  3.859837 -0.148936 -1.331282  -0.248855 0.263129 -0.072121
15  1.719423 0.000002 -0.000002  0.000000 0.000000 -0.676756
16  1.099665 0.000001 0.000001  -0.000000 0.000000 -1.021287
17  0.806019 -0.359837 -1.318333  1.349685 0.343493 -0.771450
18  1.789782 0.000001 -0.000005  0.000000 -0.000000 0.397500
19  1.207000 0.000002 0.000002  0.000000 -0.000000 0.989033
20  6.104521 -1.468680 -3.530283  -1.564198 -0.011689 -1.581440
21  3.820741 -1.409994 -0.589408  -1.564198 -0.011689 -1.581440
22  0.222813 -3.739061 1.509297  0.024887 2.851473 -1.494016
23  3.048726 6.125609 1.106840  1.596061 0.018247 -0.808184
24  3.527214 5.063567 0.216258  1.596061 0.018246 -0.808184
25  3.352949 5.114327 -0.401207  1.596061 0.018247 -0.808184
26  2.909481 4.772882 -1.012057  1.596061 0.018247 -0.808184
27  1.772478 4.476570 2.356868  1.596061 0.018247 -0.808184
28  0.000006 3.336140 -8.647861  -1.570799 -1.391898 -1.570795
29  2.033350 1.000764 1.937663  1.227517 0.585911 1.190966
30  2.026190 1.001859 1.937675  1.227511 0.585916 1.190961
31  0.000001 -0.000001 0.000004  1.583265 0.000007 1.570794
32  0.000000 6.028147 -0.000001  -0.405530 -0.509990 -0.919081
33  -0.000001 0.000010 -0.000005  -0.000002 0.000003 1.570792
34  0.000017 6.028144 -0.000011  -0.546806 0.351498 0.445112
35  -0.000001 11.692570 0.000000  -0.000001 -0.000005 -0.636732
36  0.000001 0.000000 -0.000002  0.000005 0.000000 1.570801
37  11.692578 0.000051 0.000039  0.000004 -0.000001 -0.636723
38  0.000001 11.481682 0.000000  0.407590 0.489464 0.742439
39  -0.000001 0.000001 -0.000000  0.000000 -0.000000 1.570789
40  11.481682 -0.000056 0.000006  0.525756 -0.357412 0.542155
41  0.137968 3.859856 1.332473  -1.465455 -1.619429 0.860059
42  -0.000000 0.000001 0.000002  1.933714 0.000004 1.570794
43  3.859860 -0.137941 1.332475  0.357799 -0.048365 -0.605275
44  -0.000000 1.719429 0.000003  -0.420869 0.202310 0.066145
45  -0.000001 -0.000001 -0.000003  1.743430 0.000000 1.570799
46  1.719430 0.000007 -0.000008  0.000189 -0.009098 -0.438593
47  -0.000001 1.099661 -0.000004  1.022348 1.907813 1.050320
48  0.000000 0.000000 0.000000  -0.000002 0.000003 1.570799
49  1.099666 -0.000003 0.000002  -0.000119 0.002600 -0.290972
50  0.046788 3.883682 0.431449  -0.028160 -1.505149 -0.643963
51  0.000000 0.000001 0.000001  1.590082 0.000009 1.570787
52  3.883685 -0.046761 0.431450  0.084907 0.001838 -0.672065
53  0.000000 1.719575 -0.000002  -0.720097 0.051523 -0.006475
54  0.000001 0.000001 0.000001  1.538381 -0.000002 1.570794
55  1.719575 0.000013 -0.000016  -0.003915 0.016394 -0.719625
56  -0.000000 1.209182 0.000003  -1.502664 1.085645 -1.507497
57  -0.000000 0.000000 -0.000001  -0.000000 -0.000000 1.570805
58  1.209183 0.000001 -0.000004  -0.000816 0.002971 -0.484091
59  -0.046751 3.942324 -0.431435  -0.326450 -1.473453 -0.660452
60  0.000000 -0.000001 -0.000002  1.317660 0.000000 1.570797
61  3.942327 0.046778 -0.431436  -0.160904 0.031173 -0.985457
62  0.000002 1.539089 -0.000004  -0.255107 -0.026494 -0.056799
63  0.000001 -0.000000 -0.000001  1.337310 -0.000004 1.570800
64  1.539095 0.000001 0.000003  -0.000026 0.003536 -0.262657
65  0.000001 1.196323 -0.000000  -1.013111 1.118330 -1.059566
66  0.000000 -0.000000 -0.000001  0.000000 -0.000001 1.570800
67  1.196328 -0.000002 0.000003  0.000000 0.000004 -0.391191
68  0.142425 3.859702 -1.191969  -0.667368 -1.423719 -0.301279
69  0.000000 -0.000000 -0.000000  0.976757 -0.000005 1.570807
70  3.859705 -0.142400 -1.191970  -0.478197 0.090836 -0.963369
71  -0.000001 1.312567 0.000000  -0.361352 -0.138963 -0.204711
72  -0.000000 0.000000 0.000002  1.078169 0.000003 1.570794
73  1.312571 -0.000013 0.000007  0.000005 -0.001347 -0.437231
74  -0.000001 0.729366 0.000004  -0.404432 1.030437 -0.462967
75  0.000000 -0.000000 -0.000000  -0.000001 -0.000001 1.570795
76  0.729367 0.000006 0.000001  0.000001 -0.000005 -0.231822
77  0.348927 0.806042 1.321260  -1.142977 -2.276483 0.650279
78  -0.000000 0.000000 -0.000001  0.437032 0.000002 1.570791
79  0.806046 -0.348924 1.321261  -1.473562 -0.631193 -0.380782
80  0.000000 1.789784 -0.000001  0.105693 0.066385 0.343677
81  0.000001 0.000001 0.000001  0.347279 0.000000 1.570806
82  1.789786 0.000012 -0.000001  0.002654 0.043678 0.349579
83  0.000003 1.207001 -0.000000  0.184116 0.296141 0.567991
84  0.000000 0.000002 -0.000000  0.000001 -0.000001 1.570797
85  1.207005 -0.000012 0.000004  -0.000004 0.000001 0.540443
86  0.000000 0.000000 1.000000  1.570796 -0.000000 0.000000
time 46
0  0.000005 3.335938 -8.640624  -1.570780 -1.391896 -1.570809
1  2.033356 1.000772 -1.937610  1.473119 1.855075 -0.198639
2  6.028144 -0.000001 0.000000  2.127034 1.514418 -0.434178
3  11.692555 0.000002 0.000004  0.000000 0.000000 -0.314853
4  11.481696 0.000001 0.000002  -1.286057 0.008477 0.200690
5  3.859680 -0.132570 1.193108  0.432210 -0.155861 -0.861350
6  1.312562 0.000001 -0.000001  -0.000000 0.000000 -1.191994
7  0.729366 0.000002 0.000000  -0.000000 0.000000 -1.063394
8  3.942309 0.050325 0.431044  0.232421 0.000609 -0.853331
9  1.539098 -0.000001 0.000001  0.000000 0.000000 -0.973379
10  1.196322 0.000002 -0.000000  -0.000000 0.000000 -1.451289
11  3.883660 -0.050323 -0.431043  0.066987 0.050243 -0.694792
12  1.719577 0.000008 -0.000000  0.000000 -0.000000 -1.251039
13  1.209185 0.000004 0.000001  0.000000 -0.000003 -1.141145
14  3.859839 -0.148938 -1.331282  -0.248855 0.263129 -0.072121
15  1.719426 0.000001 0.000000  0.000000 0.000000 -0.676756
16  1.099667 0.000002 0.000000  -0.000000 0.000000 -1.021287
17  0.806023 -0.359838 -1.318333  1.349685 0.343493 -0.771450
18  1.789783 0.000001 -0.000005  0.000000 0.000000 0.397500
19  1.207000 0.000002 0.000004  0.000000 -0.000000 0.989033
20  6.104525 -1.468680 -3.530282  -1.564198 -0.011689 -1.581440
21  3.820746 -1.409994 -0.589408  -1.564198 -0.011689 -1.581440
22  0.222818 -3.739060 1.509298  0.024887 2.851473 -1.494016
23  3.048727 6.125612 1.106839  1.596061 0.018247 -0.808184
24  3.527215 5.063568 0.216258  1.596061 0.018246 -0.808184
25  3.352950 5.114328 -0.401208  1.596061 0.018247 -0.808184
26  2.909482 4.772884 -1.012057  1.596061 0.018247 -0.808184
27  1.772479 4.476572 2.356867  1.596061 0.018247 -0.808184
28  0.000006 3.336140 -8.647861  -1.570799 -1.391898 -1.570795
29  2.033350 1.000764 1.937663  1.227517 0.585911 1.190966
30  2.026190 1.001859 1.937675  1.227511 0.585916 1.190961
31  0.000001 -0.000001 0.000004  1.583265 0.000007 1.570794
32  0.000000 6.028147 -0.000001  -0.405441 -0.510043 -0.919238
33  0.000000 0.000010 -0.000006  -0.000002 0.000003 1.570792
34  0.000017 6.028144 -0.000011  -0.546845 0.351410 0.444986
35  0.000001 11.692571 0.000000  -0.000001 -0.000005 -0.636390
36  -0.000001 0.000001 -0.000001  0.000005 0.000000 1.570801
37  11.692577 0.000053 0.000042  0.000004 -0.000001 -0.636381
38  -0.000002 11.481684 0.000001  0.407086 0.489370 0.742294
39  -0.000001 0.000001 0.000001  0.000000 -0.000000 1.570789
40  11.481682 -0.000053 0.000009  0.525563 -0.356994 0.542314
41  0.137967 3.859856 1.332474  -1.465455 -1.619429 0.860061
42  0.000001 -0.000001 0.000000  1.933714 0.000004 1.570794
43  3.859858 -0.137941 1.332474  0.357799 -0.048365 -0.605275
44  -0.000001 1.719428 0.000001  -0.420870 0.202310 0.066145
45  0.000000 -0.000000 0.000001  1.743430 0.000000 1.570798
46  1.719434 0.000006 -0.000008  0.000189 -0.009098 -0.438593
47  0.000001 1.099661 0.000002  1.022348 1.907813 1.050321
48  -0.000002 -0.000000 0.000000  -0.000002 0.000003 1.570799
49  1.099663 -0.000003 0.000004  -0.000119 0.002600 -0.290972
50  0.046789 3.883686 0.431451  -0.028148 -1.505149 -0.643977
51  -0.000000 0.000000 -0.000001  1.590082 0.000009 1.570787
52  3.883688 -0.046762 0.431449  0.084906 0.001838 -0.672065
53  0.000001 1.719571 -0.000001  -0.720098 0.051523 -0.006475
54  -0.000001 -0.000000 -0.000000  1.538381 -0.000002 1.570794
55  1.719577 0.000013 -0.000016  -0.003915 0.016394 -0.719626
56  -0.000001 1.209179 -0.000003  -1.502663 1.085644 -1.507497
57  0.000004 0.000001 0.000000  -0.000000 -0.000000 1.570805
58  1.209183 -0.000004 -0.000002  -0.000816 0.002971 -0.484093
59  -0.046751 3.942328 -0.431435  -0.326454 -1.473453 -0.660447
60  0.000001 0.000001 -0.000000  1.317660 0.000000 1.570797
61  3.942328 0.046778 -0.431437  -0.160904 0.031173 -0.985456
62  0.000001 1.539089 -0.000000  -0.255108 -0.026494 -0.056799
63  0.000000 0.000001 -0.000001  1.337310 -0.000004 1.570800
64  1.539093 -0.000001 0.000002  -0.000026 0.003536 -0.262657
65  0.000000 1.196324 0.000000  -1.013112 1.118330 -1.059567
66  0.000002 0.000000 0.000001  0.000000 -0.000001 1.570800
67  1.196326 -0.000005 0.000003  0.000001 0.000004 -0.391191
68  0.142426 3.859707 -1.191966  -0.667364 -1.423719 -0.301281
69  0.000001 0.000001 -0.000001  0.976757 -0.000005 1.570807
70  3.859709 -0.142400 -1.191969  -0.478197 0.090836 -0.963367
71  0.000001 1.312571 0.000001  -0.361352 -0.138963 -0.204711
72  0.000000 0.000001 -0.000001  1.078169 0.000003 1.570794
73  1.312573 -0.000010 0.000012  0.000004 -0.001347 -0.437230
74  -0.000000 0.729364 -0.000003  -0.404433 1.030437 -0.462968
75  0.000002 0.000000 -0.000000  -0.000001 -0.000001 1.570795
76  0.729365 0.000001 -0.000002  0.000001 -0.000004 -0.231822
77  0.348928 0.806042 1.321260  -1.142975 -2.276482 0.650279
78  0.000001 -0.000000 0.000002  0.437032 0.000002 1.570790
79  0.806046 -0.348924 1.321260  -1.473562 -0.631191 -0.380782
80  0.000000 1.789784 0.000002  0.105693 0.066384 0.343677
81  -0.000000 0.000001 0.000000  0.347279 0.000000 1.570806
82  1.789788 0.000013 -0.000002  0.002654 0.043678 0.349578
83  -0.000000 1.207001 -0.000001  0.184116 0.296141 0.567990
84  -0.000000 -0.000000 0.000001  0.000001 -0.000001 1.570797
85  1.207002 -0.000013 0.000003  -0.000004 0.000001 0.540441
86  0.000000 0.000000 1.000000  1.570796 -0.000000 0.000000
time 47
0  0.000005 3.335938 -8.640624  -1.570780 -1.391896 -1.570809
1  2.033356 1.000772 -1.937610  1.473119 1.855075 -0.198639
2  6.028144 -0.000001 0.000000  2.131649 1.514839 -0.429532
3  11.692554 0.000000 0.000002  -0.000000 0.000000 -0.313876
4  11.481698 0.000003 0.000002  -1.286093 0.008395 0.200690
5  3.859679 -0.132570 1.193107  0.432210 -0.155861 -0.861350
6  1.312558 0.000006 0.000001  -0.000000 0.000000 -1.191994
7  0.729363 0.000000 -0.000001  -0.000000 0.000000 -1.063394
8  3.942306 0.050325 0.431043  0.232421 0.000609 -0.853331
9  1.539097 -0.000004 0.000000  -0.000000 0.000000 -0.973379
10  1.196322 0.000007 -0.000001  0.000000 0.000000 -1.451289
11  3.883658 -0.050324 -0.431043  0.066987 0.050243 -0.694792
12  1.719577 0.000004 -0.000000  0.000000 -0.000000 -1.251039
13  1.209184 0.000001 0.000000  0.000000 -0.000003 -1.141145
14  3.859838 -0.148938 -1.331282  -0.248855 0.263129 -0.072121
15  1.719421 0.000002 -0.000001  0.000000 0.000000 -0.676756
16  1.099668 0.000003 0.000000  0.000000 0.000000 -1.021287
17  0.806021 -0.359837 -1.318334  1.349685 0.343493 -0.771450
18  1.789781 0.000000 -0.000003  0.000000 -0.000000 0.397500
19  1.206997 0.000003 0.000006  0.000000 -0.000000 0.989033
20  6.104524 -1.468681 -3.530283  -1.564198 -0.011689 -1.581440
21  3.820744 -1.409994 -0.589408  -1.564198 -0.011689 -1.581440
22  0.222802 -3.739062 1.509297  0.024887 2.851473 -1.494016
23  3.048726 6.125612 1.106841  1.596061 0.018247 -0.808184
24  3.527214 5.063570 0.216259  1.596061 0.018246 -0.808184
25  3.352950 5.114329 -0.401207  1.596061 0.018247 -0.808184
26  2.909481 4.772882 -1.012057  1.596061 0.018247 -0.808184
27  1.772479 4.476570 2.356868  1.596061 0.018247 -0.808184
28  0.000006 3.336140 -8.647861  -1.570799 -1.391898 -1.570795
29  2.033350 1.000764 1.937663  1.227517 0.585911 1.190966
30  2.026190 1.001859 1.937675  1.227511 0.585916 1.190961
31  0.000001 -0.000001 0.000004  1.583265 0.000007 1.570794
32  0.000000 6.028147 -0.000001  -0.405350 -0.510080 -0.919367
33  -0.000001 0.000009 -0.000005  -0.000002 0.000003 1.570792
34  0.000017 6.028144 -0.000011  -0.546866 0.351325 0.444893
35  0.000000 11.692571 0.000000  -0.000001 -0.000005 -0.636110
36  0.000000 0.000001 -0.000002  0.000005 0.000000 1.570801
37  11.692577 0.000054 0.000040  0.000004 -0.000001 -0.636101
38  -0.000000 11.481682 -0.000001  0.406602 0.489236 0.742167
39  -0.000001 0.000001 0.000001  0.000000 -0.000000 1.570789
40  11.481679 -0.000054 0.000006  0.525333 -0.356602 0.542495
41  0.137967 3.859859 1.332474  -1.465456 -1.619430 0.860062
42  0.000000 0.000000 -0.000001  1.933714 0.000004 1.570794
43  3.859863 -0.137941 1.332474  0.357799 -0.048367 -0.605274
44  0.000000 1.719426 -0.000003  -0.420871 0.202310 0.066145
45  0.000000 0.000002 -0.000002  1.743430 0.000000 1.570798
46  1.719429 0.000004 -0.000005  0.000189 -0.009099 -0.438594
47  -0.000001 1.099665 -0.000002  1.022351 1.907814 1.050323
48  0.000000 0.000000 0.000001  -0.000002 0.000003 1.570799
49  1.099665 0.000002 0.000003  -0.000119 0.002600 -0.290974
50  0.046788 3.883688 0.431452  -0.028145 -1.505149 -0.643969
51  -0.000001 0.000001 -0.000000  1.590082 0.000009 1.570787
52  3.883692 -0.046762 0.431449  0.084906 0.001837 -0.672064
53  -0.000001 1.719576 -0.000002  -0.720099 0.051523 -0.006475
54  -0.000000 0.000000 -0.000001  1.538381 -0.000002 1.570794
55  1.719579 0.000014 -0.000016  -0.003915 0.016394 -0.719627
56  0.000000 1.209180 -0.000002  -1.502663 1.085644 -1.507497
57  -0.000001 -0.000002 0.000000  -0.000000 -0.000000 1.570805
58  1.209183 -0.000007 -0.000002  -0.000816 0.002971 -0.484093
59  -0.046751 3.942325 -0.431436  -0.326448 -1.473453 -0.660447
60  0.000002 -0.000000 0.000001  1.317660 0.000000 1.570797
61  3.942328 0.046778 -0.431438  -0.160904 0.031173 -0.985455
62  0.000002 1.539090 -0.000001  -0.255107 -0.026494 -0.056799
63  0.000001 0.000000 -0.000001  1.337310 -0.000004 1.570800
64  1.539095 -0.000003 0.000001  -0.000026 0.003537 -0.262657
65  0.000002 1.196324 -0.000001  -1.013112 1.118329 -1.059568
66  -0.000003 -0.000000 -0.000001  0.000000 -0.000001 1.570800
67  1.196327 -0.000004 0.000004  0.000001 0.000003 -0.391192
68  0.142426 3.859705 -1.191966  -0.667367 -1.423718 -0.301274
69  -0.000000 -0.000002 0.000000  0.976757 -0.000005 1.570807
70  3.859709 -0.142399 -1.191970  -0.478197 0.090836 -0.963367
71  -0.000000 1.312566 0.000003  -0.361354 -0.138963 -0.204711
72  -0.000002 -0.000000 0.000001  1.078169 0.000003 1.570794
73  1.312571 -0.000015 0.000011  0.000004 -0.001346 -0.437232
74  -0.000000 0.729364 -0.000002  -0.404436 1.030437 -0.462972
75  0.000001 -0.000000 0.000001  -0.000001 -0.000001 1.570795
76  0.729367 0.000000 -0.000001  0.000001 -0.000004 -0.231825
77  0.348928 0.806043 1.321260  -1.142976 -2.276483 0.650280
78  -0.000000 -0.000000 -0.000002  0.437032 0.000002 1.570790
79  0.806047 -0.348924 1.321260  -1.473563 -0.631193 -0.380782
80  0.000002 1.789782 -0.000003  0.105693 0.066384 0.343677
81  0.000000 0.000000 -0.000001  0.347279 0.000000 1.570806
82  1.789787 0.000008 -0.000001  0.002654 0.043678 0.349578
83  0.000000 1.206997 -0.000000  0.184116 0.296141 0.567991
84  -0.000000 -0.000002 0.000000  0.000001 -0.000001 1.570797
85  1.207000 -0.000010 0.000005  -0.000004 0.000001 0.540443
86  0.000000 0.000000 1.000000  1.570796 -0.000000 0.000000
time 48
0  0.000005 3.335938 -8.640624  -1.570780 -1.391896 -1.570809
1  2.033356 1.000772 -1.937610  1.473119 1.855075 -0.198639
2  6.028144 -0.000001 0.000000  2.136181 1.515213 -0.425007
3  11.692555 0.000001 0.000003  -0.000000 0.000000 -0.312898
4  11.481696 0.000000 0.000002  -1.286275 0.008313 0.200690
5  3.859675 -0.132570 1.193107  0.432210 -0.155861 -0.861350
6  1.312558 0.000002 -0.000001  -0.000000 0.000000 -1.191994
7  0.729366 -0.000004 -0.000001  -0.000000 -0.000000 -1.063394
8  3.942304 0.050326 0.431042  0.232421 0.000609 -0.853331
9  1.539098 -0.000001 0.000001  -0.000000 0.000000 -0.973379
10  1.196321 0.000008 0.000000  0.000000 0.000000 -1.451289
11  3.883655 -0.050323 -0.431043  0.066987 0.050243 -0.694792
12  1.719576 0.000006 0.000001  0.000000 -0.000000 -1.251039
13  1.209183 0.000003 0.000001  0.000000 -0.000003 -1.141145
14  3.859834 -0.148936 -1.331282  -0.248855 0.263129 -0.072121
15  1.719422 0.000001 -0.000002  0.000000 0.000000 -0.676756
16  1.099667 0.000002 -0.000000  -0.000000 0.000000 -1.021287
17  0.806019 -0.359837 -1.318334  1.349685 0.343493 -0.771450
18  1.789783 0.000000 -0.000006  0.000000 0.000000 0.397500
19  1.206998 0.000004 -0.000000  0.000000 -0.000000 0.989033
20  6.104520 -1.468679 -3.530283  -1.564198 -0.011689 -1.581440
21  3.820740 -1.409994 -0.589409  -1.564198 -0.011689 -1.581440
22  0.222809 -3.739062 1.509297  0.024887 2.851473 -1.494016
23  3.048727 6.125607 1.106840  1.596061 0.018247 -0.808184
24  3.527215 5.063564 0.216259  1.596061 0.018246 -0.808184
25  3.352951 5.114323 -0.401207  1.596061 0.018247 -0.808184
26  2.909482 4.772878 -1.012056  1.596061 0.018247 -0.808184
27  1.772479 4.476567 2.356868  1.596061 0.018247 -0.808184
28  0.000006 3.336140 -8.647861  -1.570799 -1.391898 -1.570795
29  2.033350 1.000764 1.937663  1.227517 0.585911 1.190966
30  2.026190 1.001859 1.937675  1.227511 0.585916 1.190961
31  0.000001 -0.000001 0.000004  1.583265 0.000007 1.570794
32  0.000000 6.028147 -0.000001  -0.405311 -0.510171 -0.919549
33  0.000000 0.000009 -0.000006  -0.000002 0.000003 1.570791
34  0.000017 6.028144 -0.000011  -0.546953 0.351273 0.444701
35  0.000001 11.692570 0.000000  -0.000001 -0.000005 -0.635663
36  -0.000001 0.000001 -0.000002  0.000005 0.000000 1.570801
37  11.692578 0.000054 0.000043  0.000004 -0.000001 -0.635653
38  -0.000000 11.481682 0.000000  0.406138 0.489029 0.741907
39  -0.000001 0.000003 0.000001  0.000000 -0.000000 1.570789
40  11.481681 -0.000054 0.000007  0.525029 -0.356242 0.542559
41  0.137967 3.859858 1.332474  -1.465453 -1.619429 0.860058
42  -0.000000 -0.000001 0.000001  1.933714 0.000004 1.570794
43  3.859859 -0.137941 1.332474  0.357799 -0.048366 -0.605274
44  -0.000001 1.719427 0.000001  -0.420871 0.202310 0.066145
45  -0.000001 -0.000001 -0.000001  1.743430 0.000000 1.570799
46  1.719432 0.000003 -0.000009  0.000189 -0.009099 -0.438594
47  -0.000002 1.099663 0.000001  1.022351 1.907814 1.050323
48  0.000001 0.000000 0.000000  -0.000002 0.000003 1.570799
49  1.099666 0.000003 0.000001  -0.000119 0.002600 -0.290974
50  0.046788 3.883686 0.431451  -0.028173 -1.505149 -0.643947
51  -0.000001 -0.000002 0.000001  1.590082 0.000009 1.570787
52  3.883687 -0.046762 0.431450  0.084906 0.001839 -0.672064
53  -0.000002 1.719576 0.000002  -0.720098 0.051523 -0.006475
54  0.000001 0.000000 0.000000  1.538381 -0.000002 1.570794
55  1.719585 0.000017 -0.000018  -0.003915 0.016394 -0.719625
56  0.000002 1.209182 0.000001  -1.502664 1.085644 -1.507497
57  0.000001 0.000001 0.000000  -0.000000 -0.000000 1.570805
58  1.209186 0.000001 -0.000000  -0.000816 0.002971 -0.484093
59  -0.046751 3.942327 -0.431435  -0.326457 -1.473453 -0.660440
60  -0.000000 -0.000001 -0.000003  1.317660 0.000000 1.570797
61  3.942325 0.046777 -0.431437  -0.160904 0.031174 -0.985454
62  0.000000 1.539090 -0.000002  -0.255110 -0.026494 -0.056799
63  -0.000000 0.000000 -0.000002  1.337310 -0.000004 1.570800
64  1.539095 -0.000001 0.000003  -0.000026 0.003537 -0.262660
65  -0.000001 1.196323 -0.000002  -1.013116 1.118326 -1.059572
66  -0.000002 -0.000000 -0.000001  0.000000 -0.000001 1.570800
67  1.196325 -0.000004 0.000002  0.000001 0.000004 -0.391195
68  0.142426 3.859706 -1.191967  -0.667372 -1.423718 -0.301272
69  0.000000 0.000000 0.000000  0.976757 -0.000005 1.570807
70  3.859705 -0.142401 -1.191971  -0.478196 0.090837 -0.963366
71  -0.000001 1.312567 0.000001  -0.361355 -0.138963 -0.204711
72  0.000000 0.000000 0.000003  1.078169 0.000003 1.570794
73  1.312571 -0.000014 0.000007  0.000004 -0.001346 -0.437233
74  0.000001 0.729363 0.000001  -0.404436 1.030437 -0.462972
75  -0.000003 -0.000000 0.000000  -0.000001 -0.000001 1.570795
76  0.729365 0.000001 -0.000001  0.000002 -0.000004 -0.231825
77  0.348927 0.806046 1.321259  -1.142974 -2.276480 0.650278
78  0.000000 -0.000000 0.000001  0.437032 0.000002 1.570791
79  0.806046 -0.348924 1.321260  -1.473562 -0.631190 -0.380782
80  -0.000002 1.789784 0.000003  0.105693 0.066385 0.343675
81  0.000001 0.000000 0.000001  0.347279 0.000000 1.570806
82  1.789789 0.000014 -0.000000  0.002654 0.043678 0.349577
83  0.000002 1.206999 0.000002  0.184115 0.296142 0.567988
84  -0.000000 -0.000003 0.000000  0.000001 -0.000001 1.570797
85  1.207001 -0.000010 0.000005  -0.000004 0.000001 0.540439
86  0.000000 0.000000 1.000000  1.570796 -0.000000 0.000000
time 49
0  0.000005 3.335938 -8.640624  -1.570780 -1.391896 -1.570809
1  2.033356 1.000772 -1.937610  1.473119 1.855075 -0.198639
2  6.028144 -0.000001 0.000000  2.140528 1.515587 -0.420627
3  11.692555 0.000001 0.000003  -0.000000 -0.000000 -0.311996
4  11.481698 0.000001 0.000003  -1.286583 0.008189 0.200690
5  3.859681 -0.132570 1.193108  0.432210 -0.155861 -0.861350
6  1.312559 0.000004 0.000002  -0.000000 0.000000 -1.191994
7  0.729364 0.000004 -0.000001  -0.000000 0.000000 -1.063394
8  3.942309 0.050325 0.431043  0.232421 0.000609 -0.853331
9  1.539097 -0.000003 0.000001  0.000000 0.000000 -0.973379
10  1.196321 0.000007 -0.000000  0.000000 0.000000 -1.451289
11  3.883659 -0.050323 -0.431043  0.066987 0.050243 -0.694792
12  1.719577 0.000007 0.000001  0.000000 -0.000000 -1.251039
13  1.209185 0.000003 0.000001  0.000000 -0.000003 -1.141145
14  3.859838 -0.148937 -1.331282  -0.248855 0.263129 -0.072121
15  1.719422 0.000001 -0.000001  -0.000000 0.000000 -0.676756
16  1.099666 0.000003 0.000000  -0.000000 0.000000 -1.021287
17  0.806023 -0.359837 -1.318334  1.349685 0.343493 -0.771450
18  1.789784 0.000001 -0.000006  0.000000 -0.000000 0.397500
19  1.207001 0.000004 0.000003  0.000000 -0.000000 0.989033
20  6.104524 -1.468680 -3.530283  -1.564198 -0.011689 -1.581440
21  3.820745 -1.409994 -0.589408  -1.564198 -0.011689 -1.581440
22  0.222824 -3.739062 1.509296  0.024887 2.851473 -1.494016
23  3.048727 6.125611 1.106840  1.596061 0.018247 -0.808184
24  3.527214 5.063566 0.216258  1.596061 0.018246 -0.808184
25  3.352950 5.114325 -0.401207  1.596061 0.018247 -0.808184
26  2.909482 4.772882 -1.012057  1.596061 0.018247 -0.808184
27  1.772478 4.476567 2.356867  1.596061 0.018247 -0.808184
28  0.000006 3.336140 -8.647861  -1.570799 -1.391898 -1.570795
29  2.033350 1.000764 1.937663  1.227517 0.585911 1.190966
30  2.026190 1.001859 1.937675  1.227511 0.585916 1.190961
31  0.000001 -0.000001 0.000004  1.583265 0.000007 1.570794
32  0.000000 6.028147 -0.000001  -0.405304 -0.510232 -0.919656
33  -0.000001 0.000009 -0.000006  -0.000002 0.000003 1.570791
34  0.000017 6.028144 -0.000011  -0.547015 0.351255 0.444576
35  0.000000 11.692571 -0.000000  -0.000001 -0.000005 -0.635350
36  0.000001 0.000000 -0.000001  0.000005 0.000000 1.570801
37  11.692578 0.000051 0.000041  0.000004 -0.000001 -0.635341
38  0.000002 11.481680 0.000000  0.405746 0.488653 0.741696
39  -0.000000 0.000000 -0.000000  0.000000 -0.000000 1.570789
40  11.481682 -0.000054 0.000007  0.524563 -0.355977 0.542695
41  0.137968 3.859855 1.332473  -1.465456 -1.619429 0.860057
42  -0.000000 0.000001 -0.000000  1.933714 0.000004 1.570794
43  3.859857 -0.137942 1.332474  0.357799 -0.048365 -0.605276
44  -0.000001 1.719428 -0.000000  -0.420866 0.202310 0.066145
45  0.000000 -0.000001 -0.000002  1.743430 0.000000 1.570798
46  1.719431 0.000004 -0.000007  0.000189 -0.009098 -0.438589
47  0.000001 1.099662 -0.000001  1.022343 1.907810 1.050316
48  0.000000 0.000001 -0.000000  -0.000002 0.000003 1.570799
49  1.099666 0.000004 0.000002  -0.000120 0.002600 -0.290969
50  0.046790 3.883685 0.431450  -0.028175 -1.505149 -0.643947
51  -0.000000 0.000000 0.000000  1.590082 0.000009 1.570787
52  3.883686 -0.046763 0.431450  0.084906 0.001839 -0.672063
53  -0.000001 1.719574 0.000000  -0.720096 0.051523 -0.006475
54  0.000000 -0.000000 0.000001  1.538381 -0.000002 1.570794
55  1.719578 0.000016 -0.000018  -0.003915 0.016394 -0.719623
56  0.000001 1.209182 0.000000  -1.502663 1.085646 -1.507496
57  0.000001 0.000001 0.000002  -0.000000 -0.000000 1.570805
58  1.209186 -0.000001 -0.000002  -0.000816 0.002971 -0.484091
59  -0.046750 3.942326 -0.431438  -0.326450 -1.473453 -0.660452
60  -0.000001 0.000001 -0.000002  1.317660 0.000000 1.570797
61  3.942325 0.046778 -0.431438  -0.160904 0.031173 -0.985456
62  -0.000000 1.539090 -0.000004  -0.255107 -0.026494 -0.056799
63  0.000000 -0.000001 0.000001  1.337310 -0.000004 1.570800
64  1.539093 -0.000000 0.000001  -0.000026 0.003536 -0.262656
65  -0.000000 1.196322 0.000003  -1.013110 1.118330 -1.059566
66  0.000001 -0.000000 0.000000  0.000000 -0.000001 1.570800
67  1.196327 -0.000003 0.000002  0.000001 0.000003 -0.391190
68  0.142426 3.859704 -1.191968  -0.667371 -1.423718 -0.301273
69  -0.000000 0.000000 0.000001  0.976757 -0.000005 1.570807
70  3.859706 -0.142401 -1.191969  -0.478196 0.090837 -0.963366
71  0.000000 1.312567 0.000002  -0.361354 -0.138963 -0.204711
72  -0.000000 -0.000000 -0.000001  1.078169 0.000003 1.570794
73  1.312571 -0.000015 0.000010  0.000005 -0.001346 -0.437231
74  0.000001 0.729363 -0.000005  -0.404435 1.030437 -0.462970
75  0.000000 0.000000 0.000001  -0.000001 -0.000001 1.570794
76  0.729365 -0.000001 -0.000000  0.000001 -0.000004 -0.231824
77  0.348928 0.806043 1.321259  -1.142975 -2.276481 0.650279
78  -0.000000 0.000002 0.000000  0.437032 0.000002 1.570791
79  0.806045 -0.348924 1.321261  -1.473562 -0.631190 -0.380781
80  -0.000001 1.789785 0.000000  0.105693 0.066384 0.343676
81  -0.000000 0.000002 0.000002  0.347279 0.000000 1.570806
82  1.789788 0.000012 -0.000002  0.002654 0.043678 0.349577
83  -0.000002 1.207000 0.000002  0.184116 0.296141 0.567989
84  0.000000 -0.000001 0.000001  0.000001 -0.000001 1.570797
85  1.207003 -0.000011 0.000004  -0.000004 0.000002 0.540440
86  0.000000 0.000000 1.000000  1.570796 -0.000000 0.000000
time 50
0  0.000005 3.335938 -8.640624  -1.570780 -1.391896 -1.570809
1  2.033356 1.000772 -1.937610  1.473119 1.855075 -0.198639
2  6.028144 -0.000001 0.000000  2.144649 1.515961 -0.416513
3  11.692555 0.000002 0.000003  -0.000000 0.000000 -0.311131
4  11.481695 0.000002 0.000002  -1.286983 0.008045 0.200690
5  3.859674 -0.132570 1.193107  0.432210 -0.155861 -0.861350
6  1.312558 0.000001 0.000000  -0.000000 0.000000 -1.191994
7  0.729364 -0.000000 -0.000001  -0.000000 0.000000 -1.063394
8  3.942303 0.050326 0.431043  0.232421 0.000609 -0.853331
9  1.539097 -0.000004 0.000001  0.000000 0.000000 -0.973379
10  1.196322 0.000006 -0.000001  0.000000 0.000000 -1.451289
11  3.883657 -0.050323 -0.431043  0.066987 0.050243 -0.694792
12  1.719577 0.000005 0.000000  0.000000 -0.000000 -1.251039
13  1.209184 0.000004 0.000001  0.000000 -0.000003 -1.141145
14  3.859834 -0.148937 -1.331282  -0.248855 0.263129 -0.072121
15  1.719420 0.000002 -0.000002  -0.000000 0.000000 -0.676756
16  1.099664 0.000004 0.000001  -0.000000 0.000000 -1.021287
17  0.806018 -0.359837 -1.318334  1.349685 0.343493 -0.771450
18  1.789784 0.000000 -0.000005  -0.000000 -0.000000 0.397500
19  1.206998 0.000003 0.000003  0.000000 -0.000000 0.989033
20  6.104521 -1.468680 -3.530283  -1.564198 -0.011689 -1.581440
21  3.820741 -1.409994 -0.589408  -1.564198 -0.011689 -1.581440
22  0.222816 -3.739063 1.509297  0.024887 2.851473 -1.494016
23  3.048727 6.125613 1.106842  1.596061 0.018247 -0.808184
24  3.527214 5.063570 0.216261  1.596061 0.018246 -0.808184
25  3.352950 5.114330 -0.401206  1.596061 0.018247 -0.808184
26  2.909482 4.772884 -1.012055  1.596061 0.018247 -0.808184
27  1.772478 4.476573 2.356870  1.596061 0.018247 -0.808184
28  0.000006 3.336140 -8.647861  -1.570799 -1.391898 -1.570795
29  2.033350 1.000764 1.937663  1.227517 0.585911 1.190966
30  2.026190 1.001859 1.937675  1.227511 0.585916 1.190961
31  0.000001 -0.000001 0.000004  1.583265 0.000007 1.570794
32  0.000000 6.028147 -0.000001  -0.405317 -0.510276 -0.919720
33  0.000001 0.000010 -0.000005  -0.000002 0.000003 1.570792
34  0.000017 6.028144 -0.000011  -0.547064 0.351256 0.444489
35  0.000000 11.692570 0.000001  -0.000001 -0.000005 -0.635112
36  -0.000001 0.000001 -0.000003  0.000005 0.000000 1.570801
37  11.692578 0.000053 0.000040  0.000004 -0.000001 -0.635103
38  -0.000001 11.481680 -0.000001  0.405390 0.488219 0.741530
39  -0.000001 -0.000000 0.000000  0.000000 -0.000000 1.570789
40  11.481685 -0.000053 0.000008  0.524044 -0.355755 0.542876
41  0.137968 3.859857 1.332474  -1.465456 -1.619430 0.860063
42  0.000001 -0.000002 0.000002  1.933714 0.000004 1.570794
43  3.859863 -0.137941 1.332475  0.357799 -0.048366 -0.605273
44  0.000000 1.719427 0.000002  -0.420870 0.202310 0.066145
45  -0.000000 0.000001 -0.000000  1.743430 0.000000 1.570798
46  1.719434 0.000004 -0.000008  0.000190 -0.009098 -0.438593
47  0.000000 1.099663 -0.000001  1.022349 1.907813 1.050322
48  -0.000002 -0.000001 -0.000000  -0.000002 0.000003 1.570799
49  1.099667 0.000001 0.000002  -0.000119 0.002600 -0.290972
50  0.046788 3.883686 0.431451  -0.028155 -1.505149 -0.643966
51  0.000001 -0.000000 -0.000002  1.590082 0.000009 1.570787
52  3.883691 -0.046761 0.431451  0.084906 0.001838 -0.672063
53  0.000001 1.719571 -0.000003  -0.720100 0.051523 -0.006475
54  -0.000001 -0.000000 0.000001  1.538382 -0.000002 1.570794
55  1.719575 0.000014 -0.000016  -0.003915 0.016394 -0.719627
56  -0.000001 1.209180 0.000003  -1.502664 1.085643 -1.507497
57  -0.000003 0.000001 0.000000  -0.000000 -0.000000 1.570805
58  1.209185 -0.000000 -0.000003  -0.000816 0.002971 -0.484094
59  -0.046751 3.942327 -0.431435  -0.326456 -1.473452 -0.660441
60  -0.000000 0.000000 -0.000003  1.317660 0.000000 1.570797
61  3.942332 0.046779 -0.431435  -0.160904 0.031174 -0.985453
62  -0.000002 1.539093 -0.000001  -0.255109 -0.026494 -0.056799
63  -0.000000 0.000000 0.000001  1.337310 -0.000004 1.570800
64  1.539098 0.000003 -0.000000  -0.000026 0.003537 -0.262658
65  0.000002 1.196325 0.000000  -1.013113 1.118327 -1.059570
66  -0.000000 0.000001 0.000001  0.000000 -0.000001 1.570800
67  1.196329 -0.000005 0.000006  0.000001 0.000004 -0.391193
68  0.142425 3.859705 -1.191967  -0.667371 -1.423717 -0.301271
69  0.000000 -0.000000 0.000000  0.976757 -0.000005 1.570807
70  3.859710 -0.142399 -1.191969  -0.478196 0.090837 -0.963364
71  -0.000000 1.312567 0.000002  -0.361356 -0.138963 -0.204711
72  -0.000001 -0.000000 0.000001  1.078169 0.000003 1.570794
73  1.312573 -0.000014 0.000009  0.000005 -0.001345 -0.437234
74  -0.000002 0.729363 0.000001  -0.404439 1.030436 -0.462976
75  0.000001 0.000000 0.000000  -0.000001 -0.000001 1.570795
76  0.729367 0.000005 -0.000001  0.000002 -0.000004 -0.231826
77  0.348928 0.806043 1.321259  -1.142973 -2.276480 0.650279
78  -0.000000 -0.000000 0.000001  0.437032 0.000002 1.570791
79  0.806049 -0.348924 1.321261  -1.473563 -0.631189 -0.380781
80  -0.000002 1.789783 0.000005  0.105693 0.066385 0.343674
81  0.000001 -0.000001 0.000001  0.347279 0.000000 1.570806
82  1.789787 0.000015 0.000001  0.002654 0.043677 0.349576
83  0.000001 1.206999 -0.000002  0.184115 0.296142 0.567986
84  -0.000000 0.000002 0.000000  0.000001 -0.000001 1.570797
85  1.207003 -0.000013 0.000002  -0.000003 0.000001 0.540438
86  0.000000 0.000000 1.000000  1.570796 -0.000000 0.000000
time 51
0  0.000005 3.335938 -8.640624  -1.570780 -1.391896 -1.570809
1  2.033356 1.000772 -1.937610  1.473119 1.855075 -0.198639
2  6.028144 -0.000001 0.000000  2.148419 1.516288 -0.412738
3  11.692554 0.000000 0.000003  -0.000000 0.000000 -0.310380
4  11.481696 0.000002 0.000002  -1.287473 0.007860 0.200690
5  3.859679 -0.132570 1.193108  0.432210 -0.155861 -0.861350
6  1.312558 0.000002 0.000001  -0.000000 0.000000 -1.191994
7  0.729364 0.000000 0.000000  -0.000000 0.000000 -1.063394
8  3.942306 0.050325 0.431044  0.232421 0.000609 -0.853331
9  1.539096 -0.000005 0.000001  -0.000000 0.000000 -0.973379
10  1.196321 0.000008 -0.000000  0.000000 0.000000 -1.451289
11  3.883659 -0.050323 -0.431043  0.066987 0.050243 -0.694792
12  1.719575 0.000003 -0.000000  0.000000 -0.000000 -1.251039
13  1.209185 0.000002 0.000001  0.000000 -0.000003 -1.141145
14  3.859839 -0.148937 -1.331283  -0.248855 0.263129 -0.072121
15  1.719422 0.000002 -0.000001  -0.000000 0.000000 -0.676756
16  1.099668 0.000004 -0.000002  -0.000000 0.000000 -1.021287
17  0.806021 -0.359837 -1.318333  1.349685 0.343493 -0.771450
18  1.789783 -0.000000 -0.000008  0.000000 -0.000000 0.397500
19  1.206997 0.000003 0.000003  0.000000 -0.000000 0.989033
20  6.104524 -1.468680 -3.530282  -1.564198 -0.011689 -1.581440
21  3.820742 -1.409994 -0.589408  -1.564198 -0.011689 -1.581440
22  0.222813 -3.739060 1.509298  0.024887 2.851473 -1.494016
23  3.048727 6.125611 1.106840  1.596061 0.018247 -0.808184
24  3.527214 5.063570 0.216258  1.596061 0.018246 -0.808184
25  3.352950 5.114327 -0.401207  1.596061 0.018247 -0.808184
26  2.909482 4.772884 -1.012056  1.596061 0.018247 -0.808184
27  1.772479 4.476570 2.356867  1.596061 0.018247 -0.808184
28  0.000006 3.336140 -8.647861  -1.570799 -1.391898 -1.570795
29  2.033350 1.000764 1.937663  1.227517 0.585911 1.190966
30  2.026190 1.001859 1.937675  1.227511 0.585916 1.190961
31  0.000001 -0.000001 0.000004  1.583265 0.000007 1.570794
32  0.000000 6.028147 -0.000001  -0.405365 -0.510321 -0.919757
33  -0.000000 0.000009 -0.000005  -0.000002 0.000003 1.570792
34  0.000017 6.028144 -0.000011  -0.547120 0.351289 0.444410
35  -0.000000 11.692572 0.000001  -0.000001 -0.000005 -0.634924
36  0.000000 0.000001 -0.000002  0.000005 0.000000 1.570801
37  11.692579 0.000053 0.000039  0.000004 -0.000001 -0.634915
38  0.000000 11.481683 -0.000001  0.405130 0.487689 0.741397
39  -0.000001 -0.000003 0.000001  0.000000 -0.000000 1.570789
40  11.481681 -0.000054 0.000007  0.523441 -0.355634 0.543076
41  0.137968 3.859853 1.332473  -1.465457 -1.619430 0.860059
42  -0.000001 0.000000 -0.000002  1.933714 0.000004 1.570794
43  3.859859 -0.137941 1.332473  0.357799 -0.048366 -0.605273
44  -0.000002 1.719427 -0.000002  -0.420873 0.202310 0.066145
45  0.000000 0.000000 -0.000000  1.743430 0.000000 1.570798
46  1.719427 0.000005 -0.000006  0.000189 -0.009099 -0.438596
47  -0.000001 1.099662 0.000004  1.022352 1.907815 1.050325
48  0.000000 0.000001 0.000000  -0.000002 0.000003 1.570799
49  1.099666 0.000005 0.000001  -0.000119 0.002600 -0.290975
50  0.046789 3.883685 0.431450  -0.028169 -1.505149 -0.643955
51  0.000000 0.000001 -0.000001  1.590082 0.000009 1.570787
52  3.883690 -0.046762 0.431449  0.084907 0.001839 -0.672064
53  -0.000000 1.719574 -0.000002  -0.720098 0.051523 -0.006475
54  0.000002 0.000001 -0.000001  1.538382 -0.000002 1.570794
55  1.719576 0.000014 -0.000017  -0.003915 0.016394 -0.719625
56  0.000002 1.209185 0.000001  -1.502663 1.085645 -1.507496
57  0.000002 0.000001 0.000001  -0.000000 -0.000000 1.570805
58  1.209186 -0.000002 -0.000003  -0.000816 0.002971 -0.484092
59  -0.046751 3.942323 -0.431436  -0.326456 -1.473453 -0.660446
60  -0.000001 -0.000000 -0.000001  1.317660 0.000000 1.570797
61  3.942327 0.046779 -0.431437  -0.160904 0.031174 -0.985454
62  -0.000001 1.539090 0.000002  -0.255109 -0.026494 -0.056799
63  -0.000001 -0.000001 0.000001  1.337310 -0.000004 1.570800
64  1.539096 0.000003 0.000001  -0.000026 0.003537 -0.262658
65  0.000000 1.196320 -0.000002  -1.013113 1.118328 -1.059569
66  0.000003 0.000000 -0.000002  0.000000 -0.000001 1.570800
67  1.196324 -0.000007 0.000004  0.000000 0.000003 -0.391193
68  0.142426 3.859700 -1.191968  -0.667370 -1.423718 -0.301275
69  -0.000001 -0.000002 -0.000001  0.976757 -0.000005 1.570807
70  3.859706 -0.142400 -1.191970  -0.478196 0.090837 -0.963367
71  0.000001 1.312563 -0.000001  -0.361353 -0.138963 -0.204711
72  0.000000 -0.000000 0.000000  1.078169 0.000003 1.570794
73  1.312570 -0.000016 0.000009  0.000004 -0.001347 -0.437231
74  0.000001 0.729363 0.000002  -0.404432 1.030438 -0.462968
75  -0.000005 -0.000001 -0.000001  -0.000001 -0.000001 1.570795
76  0.729366 0.000001 0.000002  0.000002 -0.000004 -0.231822
77  0.348927 0.806039 1.321259  -1.142974 -2.276480 0.650278
78  -0.000002 0.000001 0.000001  0.437032 0.000002 1.570791
79  0.806045 -0.348924 1.321259  -1.473562 -0.631189 -0.380782
80  -0.000004 1.789786 0.000002  0.105693 0.066384 0.343675
81  -0.000001 -0.000000 0.000001  0.347279 0.000000 1.570806
82  1.789790 0.000013 -0.000001  0.002654 0.043678 0.349577
83  -0.000001 1.206997 0.000000  0.184115 0.296141 0.567987
84  0.000001 0.000002 0.000000  0.000001 -0.000001 1.570797
85  1.207002 -0.000011 0.000003  -0.000004 0.000001 0.540439
86  0.000000 0.000000 1.000000  1.570796 -0.000000 0.000000
time 52
0  0.000005 3.335938 -8.640624  -1.570780 -1.391896 -1.570809
1  2.033356 1.000772 -1.937610  1.473119 1.855075 -0.198639
2  6.028144 -0.000001 0.000000  2.151757 1.516568 -0.409399
3  11.692555 0.000000 0.000002  -0.000000 0.000000 -0.309703
4  11.481697 0.000002 0.000002  -1.288000 0.007675 0.200690
5  3.859679 -0.132570 1.193108  0.432210 -0.155861 -0.861350
6  1.312559 0.000001 -0.000000  -0.000000 0.000000 -1.191994
7  0.729364 0.000002 -0.000001  -0.000000 0.000000 -1.063394
8  3.942307 0.050326 0.431044  0.232421 0.000609 -0.853331
9  1.539099 -0.000008 0.000001  -0.000000 0.000000 -0.973379
10  1.196322 0.000006 -0.000000  0.000000 0.000000 -1.451289
11  3.883658 -0.050323 -0.431042  0.066987 0.050243 -0.694792
12  1.719578 0.000002 0.000000  0.000000 -0.000000 -1.251039
13  1.209184 0.000005 0.000001  0.000000 -0.000003 -1.141145
14  3.859838 -0.148937 -1.331282  -0.248855 0.263129 -0.072121
15  1.719424 0.000001 0.000001  -0.000000 0.000000 -0.676756
16  1.099667 0.000002 0.000001  -0.000000 0.000000 -1.021287
17  0.806022 -0.359837 -1.318333  1.349685 0.343493 -0.771450
18  1.789781 0.000001 -0.000008  -0.000000 -0.000000 0.397500
19  1.207000 0.000001 0.000001  0.000000 -0.000000 0.989033
20  6.104522 -1.468680 -3.530283  -1.564198 -0.011689 -1.581440
21  3.820743 -1.409994 -0.589408  -1.564198 -0.011689 -1.581440
22  0.222817 -3.739064 1.509297  0.024887 2.851473 -1.494016
23  3.048728 6.125611 1.106841  1.596061 0.018247 -0.808184
24  3.527214 5.063568 0.216260  1.596061 0.018246 -0.808184
25  3.352951 5.114327 -0.401206  1.596061 0.018247 -0.808184
26  2.909482 4.772880 -1.012056  1.596061 0.018247 -0.808184
27  1.772479 4.476570 2.356869  1.596061 0.018247 -0.808184
28  0.000006 3.336140 -8.647861  -1.570799 -1.391898 -1.570795
29  2.033350 1.000764 1.937663  1.227517 0.585911 1.190966
30  2.026190 1.001859 1.937675  1.227511 0.585916 1.190961
31  0.000001 -0.000001 0.000004  1.583265 0.000007 1.570794
32  0.000000 6.028147 -0.000001  -0.405444 -0.510375 -0.919788
33  -0.000001 0.000009 -0.000006  -0.000002 0.000003 1.570792
34  0.000017 6.028144 -0.000011  -0.547191 0.351344 0.444315
35  -0.000000 11.692572 0.000000  -0.000001 -0.000005 -0.634720
36  -0.000000 0.000001 -0.000002  0.000005 0.000000 1.570801
37  11.692577 0.000053 0.000041  0.000004 -0.000001 -0.634711
38  -0.000000 11.481684 -0.000000  0.404915 0.487138 0.741245
39  -0.000001 0.000000 0.000000  0.000000 -0.000000 1.570789
40  11.481685 -0.000052 0.000008  0.522825 -0.355556 0.543238
41  0.137967 3.859855 1.332472  -1.465453 -1.619428 0.860054
42  -0.000001 0.000004 -0.000001  1.933714 0.000004 1.570794
43  3.859857 -0.137940 1.332472  0.357799 -0.048364 -0.605275
44  -0.000001 1.719434 0.000000  -0.420870 0.202310 0.066145
45  -0.000000 0.000000 -0.000001  1.743430 0.000000 1.570798
46  1.719435 0.000006 -0.000007  0.000189 -0.009099 -0.438593
47  0.000000 1.099661 -0.000001  1.022350 1.907813 1.050321
48  0.000000 -0.000000 0.000000  -0.000002 0.000003 1.570799
49  1.099663 0.000001 0.000002  -0.000119 0.002600 -0.290973
50  0.046788 3.883685 0.431449  -0.028168 -1.505149 -0.643953
51  -0.000000 0.000002 -0.000001  1.590082 0.000009 1.570787
52  3.883687 -0.046761 0.431448  0.084906 0.001839 -0.672064
53  0.000002 1.719574 0.000000  -0.720098 0.051523 -0.006475
54  0.000000 0.000000 -0.000001  1.538382 -0.000002 1.570794
55  1.719578 0.000015 -0.000015  -0.003915 0.016394 -0.719625
56  0.000000 1.209183 0.000001  -1.502663 1.085645 -1.507497
57  0.000001 0.000000 0.000000  -0.000000 -0.000000 1.570805
58  1.209186 -0.000000 -0.000002  -0.000816 0.002971 -0.484092
59  -0.046751 3.942325 -0.431437  -0.326458 -1.473453 -0.660441
60  -0.000001 -0.000000 -0.000001  1.317660 0.000000 1.570797
61  3.942326 0.046779 -0.431439  -0.160904 0.031174 -0.985455
62  -0.000002 1.539090 -0.000001  -0.255110 -0.026494 -0.056799
63  0.000000 0.000000 -0.000000  1.337310 -0.000004 1.570800
64  1.539096 -0.000000 0.000001  -0.000026 0.003537 -0.262659
65  0.000000 1.196322 -0.000001  -1.013115 1.118327 -1.059571
66  -0.000000 0.000000 -0.000001  0.000000 -0.000001 1.570800
67  1.196324 -0.000007 0.000003  0.000000 0.000004 -0.391195
68  0.142425 3.859703 -1.191967  -0.667375 -1.423718 -0.301269
69  -0.000000 -0.000000 0.000001  0.976757 -0.000005 1.570807
70  3.859705 -0.142399 -1.191970  -0.478196 0.090838 -0.963366
71  0.000001 1.312564 -0.000002  -0.361357 -0.138964 -0.204711
72  -0.000000 -0.000000 -0.000001  1.078169 0.000003 1.570794
73  1.312568 -0.000016 0.000007  0.000004 -0.001345 -0.437235
74  -0.000002 0.729364 -0.000002  -0.404438 1.030436 -0.462975
75  -0.000000 -0.000001 -0.000000  -0.000001 -0.000001 1.570794
76  0.729367 -0.000001 -0.000002  0.000002 -0.000004 -0.231826
77  0.348927 0.806042 1.321258  -1.142976 -2.276482 0.650279
78  0.000000 -0.000001 0.000001  0.437032 0.000002 1.570791
79  0.806044 -0.348923 1.321259  -1.473562 -0.631192 -0.380782
80  -0.000000 1.789783 0.000004  0.105694 0.066384 0.343677
81  0.000000 -0.000000 -0.000001  0.347279 0.000000 1.570806
82  1.789791 0.000013 -0.000000  0.002654 0.043678 0.349579
83  -0.000001 1.206999 -0.000000  0.184116 0.296141 0.567991
84  -0.000000 0.000003 -0.000000  0.000001 -0.000001 1.570797
85  1.207003 -0.000010 0.000006  -0.000004 0.000001 0.540442
86  0.000000 0.000000 1.000000  1.570796 -0.000000 0.000000
time 53
0  0.000005 3.335938 -8.640624  -1.570780 -1.391896 -1.570809
1  2.033356 1.000772 -1.937610  1.473119 1.855075 -0.198639
2  6.028144 -0.000001 0.000000  2.154600 1.516802 -0.406543
3  11.692554 0.000001 0.000003  -0.000000 0.000000 -0.309139
4  11.481697 0.000001 0.000001  -1.288563 0.007449 0.200690
5  3.859676 -0.132569 1.193107  0.432210 -0.155861 -0.861350
6  1.312558 0.000005 -0.000000  -0.000000 0.000000 -1.191994
7  0.729365 -0.000000 -0.000003  -0.000000 0.000000 -1.063394
8  3.942303 0.050326 0.431043  0.232421 0.000609 -0.853331
9  1.539097 -0.000001 0.000000  -0.000000 0.000000 -0.973379
10  1.196323 0.000008 -0.000001  0.000000 0.000000 -1.451289
11  3.883657 -0.050322 -0.431043  0.066987 0.050243 -0.694792
12  1.719577 0.000003 0.000000  0.000000 -0.000000 -1.251039
13  1.209184 0.000004 0.000001  0.000000 -0.000003 -1.141145
14  3.859833 -0.148936 -1.331283  -0.248855 0.263129 -0.072121
15  1.719421 0.000001 0.000001  -0.000000 0.000000 -0.676756
16  1.099668 0.000005 0.000001  -0.000000 0.000000 -1.021287
17  0.806017 -0.359836 -1.318333  1.349685 0.343493 -0.771450
18  1.789783 0.000000 -0.000005  0.000000 -0.000000 0.397500
19  1.206998 0.000004 0.000002  0.000000 -0.000000 0.989033
20  6.104520 -1.468679 -3.530283  -1.564198 -0.011689 -1.581440
21  3.820741 -1.409993 -0.589409  -1.564198 -0.011689 -1.581440
22  0.222812 -3.739060 1.509296  0.024887 2.851473 -1.494016
23  3.048726 6.125612 1.106840  1.596061 0.018247 -0.808184
24  3.527215 5.063571 0.216258  1.596061 0.018246 -0.808184
25  3.352950 5.114329 -0.401208  1.596061 0.018247 -0.808184
26  2.909482 4.772886 -1.012058  1.596061 0.018247 -0.808184
27  1.772479 4.476574 2.356866  1.596061 0.018247 -0.808184
28  0.000006 3.336140 -8.647861  -1.570799 -1.391898 -1.570795
29  2.033350 1.000764 1.937663  1.227517 0.585911 1.190966
30  2.026190 1.001859 1.937675  1.227511 0.585916 1.190961
31  0.000001 -0.000001 0.000004  1.583265 0.000007 1.570794
32  0.000000 6.028147 -0.000001  -0.405555 -0.510420 -0.919778
33  -0.000001 0.000010 -0.000004  -0.000002 0.000003 1.570792
34  0.000017 6.028144 -0.000011  -0.547259 0.351431 0.444247
35  -0.000001 11.692571 0.000001  -0.000001 -0.000005 -0.634595
36  0.000003 0.000001 -0.000002  0.000005 0.000000 1.570801
37  11.692578 0.000053 0.000041  0.000004 -0.000001 -0.634585
38  0.000003 11.481681 -0.000000  0.404791 0.486536 0.741163
39  -0.000001 -0.000004 0.000001  0.000000 -0.000000 1.570789
40  11.481680 -0.000054 0.000009  0.522172 -0.355567 0.543442
41  0.137967 3.859856 1.332474  -1.465459 -1.619429 0.860060
42  -0.000000 -0.000000 0.000000  1.933714 0.000004 1.570794
43  3.859861 -0.137940 1.332474  0.357799 -0.048365 -0.605274
44  0.000000 1.719427 -0.000001  -0.420870 0.202310 0.066145
45  0.000001 -0.000001 0.000001  1.743430 0.000000 1.570798
46  1.719429 0.000004 -0.000006  0.000190 -0.009099 -0.438593
47  0.000001 1.099662 0.000002  1.022349 1.907813 1.050322
48  0.000002 0.000000 0.000001  -0.000002 0.000003 1.570799
49  1.099667 0.000003 0.000003  -0.000119 0.002600 -0.290972
50  0.046788 3.883682 0.431452  -0.028176 -1.505149 -0.643951
51  0.000000 0.000000 0.000000  1.590082 0.000009 1.570787
52  3.883687 -0.046761 0.431450  0.084907 0.001839 -0.672063
53  0.000001 1.719573 -0.000001  -0.720098 0.051523 -0.006475
54  -0.000000 0.000000 -0.000004  1.538382 -0.000002 1.570794
55  1.719576 0.000016 -0.000015  -0.003915 0.016394 -0.719625
56  -0.000002 1.209185 -0.000000  -1.502663 1.085644 -1.507497
57  -0.000001 -0.000000 0.000001  -0.000000 -0.000000 1.570805
58  1.209188 -0.000002 -0.000003  -0.000816 0.002971 -0.484093
59  -0.046751 3.942323 -0.431435  -0.326467 -1.473452 -0.660433
60  0.000000 0.000000 -0.000002  1.317660 0.000000 1.570797
61  3.942330 0.046779 -0.431438  -0.160904 0.031175 -0.985454
62  -0.000001 1.539091 -0.000001  -0.255108 -0.026494 -0.056799
63  -0.000000 0.000000 0.000001  1.337310 -0.000004 1.570800
64  1.539094 -0.000001 0.000000  -0.000026 0.003537 -0.262658
65  -0.000001 1.196322 -0.000000  -1.013114 1.118328 -1.059569
66  -0.000001 -0.000001 0.000000  0.000000 -0.000001 1.570800
67  1.196326 -0.000007 0.000003  0.000000 0.000004 -0.391193
68  0.142426 3.859702 -1.191967  -0.667377 -1.423717 -0.301266
69  -0.000001 0.000000 0.000002  0.976757 -0.000005 1.570807
70  3.859708 -0.142400 -1.191970  -0.478196 0.090838 -0.963365
71  -0.000001 1.312565 -0.000001  -0.361356 -0.138964 -0.204711
72  -0.000001 -0.000000 -0.000000  1.078169 0.000003 1.570794
73  1.312569 -0.000015 0.000006  0.000004 -0.001345 -0.437233
74  -0.000001 0.729363 0.000004  -0.404437 1.030436 -0.462973
75  0.000000 -0.000000 -0.000001  -0.000001 -0.000001 1.570795
76  0.729367 0.000006 0.000001  0.000002 -0.000004 -0.231825
77  0.348927 0.806040 1.321259  -1.142975 -2.276481 0.650279
78  -0.000001 0.000001 0.000001  0.437032 0.000002 1.570791
79  0.806048 -0.348924 1.321260  -1.473562 -0.631191 -0.380782
80  0.000000 1.789784 0.000001  0.105693 0.066385 0.343676
81  0.000001 -0.000000 0.000001  0.347279 0.000000 1.570806
82  1.789789 0.000010 -0.000001  0.002654 0.043678 0.349578
83  0.000000 1.207000 -0.000000  0.184116 0.296141 0.567989
84  -0.000000 0.000001 -0.000000  0.000001 -0.000001 1.570797
85  1.207004 -0.000011 0.000004  -0.000004 0.000001 0.540441
86  0.000000 0.000000 1.000000  1.570796 -0.000000 0.000000
time 54
0  0.000005 3.335938 -8.640624  -1.570780 -1.391896 -1.570809
1  2.033356 1.000772 -1.937610  1.473119 1.855075 -0.198639
2  6.028144 -0.000001 0.000000  2.156990 1.516989 -0.404148
3  11.692554 -0.000000 0.000003  -0.000000 0.000000 -0.308688
4  11.481698 0.000002 0.000002  -1.289089 0.007243 0.200690
5  3.859680 -0.132570 1.193107  0.432210 -0.155861 -0.861350
6  1.312559 0.000001 0.000001  -0.000000 0.000000 -1.191994
7  0.729367 0.000001 -0.000000  -0.000000 0.000000 -1.063394
8  3.942306 0.050325 0.431042  0.232421 0.000609 -0.853331
9  1.539098 -0.000006 0.000000  -0.000000 0.000000 -0.973379
10  1.196322 0.000008 -0.000000  -0.000000 0.000000 -1.451289
11  3.883659 -0.050324 -0.431043  0.066987 0.050243 -0.694792
12  1.719573 0.000008 0.000000  0.000000 -0.000000 -1.251039
13  1.209185 0.000000 0.000000  0.000000 -0.000003 -1.141173
14  3.859837 -0.148937 -1.331282  -0.248855 0.263129 -0.072121
15  1.719423 0.000002 0.000001  0.000000 0.000000 -0.676756
16  1.099667 0.000003 -0.000000  -0.000000 0.000000 -1.021287
17  0.806020 -0.359838 -1.318334  1.349685 0.343493 -0.771450
18  1.789782 0.000001 -0.000007  0.000000 0.000000 0.397500
19  1.206999 0.000003 0.000005  0.000000 -0.000000 0.989033
20  6.104524 -1.468680 -3.530283  -1.564198 -0.011689 -1.581440
21  3.820743 -1.409994 -0.589408  -1.564198 -0.011689 -1.581440
22  0.222812 -3.739064 1.509297  0.024887 2.851473 -1.494016
23  3.048728 6.125611 1.106840  1.596061 0.018247 -0.808184
24  3.527215 5.063570 0.216259  1.596061 0.018246 -0.808184
25  3.352950 5.114327 -0.401207  1.596061 0.018247 -0.808184
26  2.909483 4.772884 -1.012056  1.596061 0.018247 -0.808184
27  1.772479 4.476572 2.356868  1.596061 0.018247 -0.808184
28  0.000006 3.336140 -8.647861  -1.570799 -1.391898 -1.570795
29  2.033350 1.000764 1.937663  1.227517 0.585911 1.190966
30  2.026190 1.001859 1.937675  1.227511 0.585916 1.190961
31  0.000001 -0.000001 0.000004  1.583265 0.000007 1.570794
32  0.000000 6.028147 -0.000001  -0.405659 -0.510462 -0.919771
33  -0.000001 0.000009 -0.000005  -0.000002 0.000003 1.570792
34  0.000017 6.028144 -0.000011  -0.547323 0.351511 0.444182
35  -0.000001 11.692570 0.000001  -0.000001 -0.000005 -0.634489
36  0.000000 0.000001 -0.000002  0.000005 0.000000 1.570801
37  11.692577 0.000054 0.000042  0.000004 -0.000001 -0.634480
38  0.000000 11.481680 0.000000  0.404713 0.485985 0.741095
39  -0.000000 0.000002 0.000001  0.000000 -0.000000 1.570789
40  11.481682 -0.000053 0.000007  0.521582 -0.355608 0.543615
41  0.137968 3.859858 1.332474  -1.465447 -1.619428 0.860058
42  -0.000000 0.000001 -0.000002  1.933714 0.000004 1.570794
43  3.859860 -0.137941 1.332474  0.357799 -0.048364 -0.605276
44  0.000000 1.719429 -0.000001  -0.420866 0.202310 0.066145
45  -0.000000 0.000001 -0.000001  1.743430 0.000000 1.570798
46  1.719433 0.000004 -0.000007  0.000189 -0.009098 -0.438589
47  -0.000001 1.099663 0.000000  1.022344 1.907810 1.050316
48  -0.000001 0.000000 -0.000001  -0.000002 0.000003 1.570799
49  1.099667 -0.000000 0.000003  -0.000119 0.002599 -0.290969
50  0.046789 3.883687 0.431451  -0.028170 -1.505149 -0.643952
51  -0.000000 0.000000 -0.000002  1.590082 0.000009 1.570787
52  3.883688 -0.046762 0.431449  0.084906 0.001839 -0.672065
53  -0.000001 1.719578 0.000001  -0.720097 0.051524 -0.006475
54  -0.000001 0.000000 -0.000000  1.538381 -0.000002 1.570794
55  1.719582 0.000018 -0.000017  -0.003915 0.016394 -0.719625
56  -0.000001 1.209182 -0.000003  -1.502663 1.085645 -1.507496
57  -0.000001 -0.000001 -0.000000  -0.000000 -0.000000 1.570805
58  1.209187 -0.000005 -0.000001  -0.000816 0.002971 -0.484092
59  -0.046750 3.942329 -0.431435  -0.326464 -1.473452 -0.660434
60  -0.000000 0.000000 -0.000001  1.317660 0.000000 1.570797
61  3.942330 0.046778 -0.431437  -0.160904 0.031174 -0.985454
62  0.000001 1.539089 -0.000002  -0.255110 -0.026494 -0.056799
63  0.000001 0.000000 -0.000000  1.337310 -0.000004 1.570800
64  1.539093 0.000000 0.000002  -0.000026 0.003537 -0.262660
65  0.000000 1.196322 0.000000  -1.013115 1.118326 -1.059572
66  0.000002 0.000000 -0.000001  0.000000 -0.000001 1.570800
67  1.196325 -0.000009 0.000003  0.000001 0.000003 -0.391195
68  0.142426 3.859706 -1.191967  -0.667375 -1.423717 -0.301270
69  -0.000001 0.000001 -0.000003  0.976757 -0.000005 1.570807
70  3.859708 -0.142400 -1.191969  -0.478196 0.090837 -0.963366
71  -0.000000 1.312566 -0.000004  -0.361355 -0.138963 -0.204711
72  0.000000 -0.000000 -0.000000  1.078169 0.000003 1.570794
73  1.312569 -0.000013 0.000009  0.000004 -0.001346 -0.437233
74  -0.000001 0.729363 0.000003  -0.404435 1.030437 -0.462972
75  -0.000000 0.000001 0.000000  -0.000001 -0.000001 1.570795
76  0.729366 0.000005 0.000001  0.000002 -0.000005 -0.231824
77  0.348928 0.806045 1.321260  -1.142974 -2.276481 0.650279
78  -0.000000 0.000001 0.000000  0.437032 0.000002 1.570791
79  0.806047 -0.348924 1.321260  -1.473563 -0.631190 -0.380782
80  -0.000002 1.789787 -0.000000  0.105693 0.066385 0.343676
81  0.000001 0.000001 -0.000001  0.347279 0.000000 1.570806
82  1.789789 0.000013 -0.000002  0.002654 0.043678 0.349578
83  -0.000001 1.207001 0.000003  0.184116 0.296141 0.567989
84  0.000000 -0.000001 -0.000000  0.000001 -0.000001 1.570797
85  1.207005 -0.000007 0.000007  -0.000004 0.000001 0.540440
86  0.000000 0.000000 1.000000  1.570796 -0.000000 0.000000
time 55
0  0.000005 3.335938 -8.640624  -1.570780 -1.391896 -1.570809
1  2.033356 1.000772 -1.937610  1.473119 1.855075 -0.198639
2  6.028144 -0.000001 0.000000  2.158926 1.517129 -0.402212
3  11.692556 0.000002 0.000002  0.000000 0.000000 -0.308312
4  11.481696 0.000001 0.000002  -1.289597 0.007038 0.200690
5  3.859678 -0.132571 1.193108  0.432210 -0.155861 -0.861350
6  1.312562 0.000000 0.000001  -0.000000 0.000000 -1.191994
7  0.729364 -0.000003 -0.000001  -0.000000 0.000000 -1.063394
8  3.942303 0.050325 0.431043  0.232421 0.000609 -0.853331
9  1.539097 -0.000003 0.000001  -0.000000 0.000000 -0.973379
10  1.196321 0.000010 -0.000002  0.000000 0.000000 -1.451289
11  3.883657 -0.050324 -0.431043  0.066987 0.050243 -0.694792
12  1.719579 0.000004 -0.000001  0.000000 -0.000000 -1.251039
13  1.209184 -0.000001 0.000001  0.000000 -0.000003 -1.141145
14  3.859837 -0.148937 -1.331283  -0.248855 0.263129 -0.072121
15  1.719421 0.000001 0.000001  0.000000 0.000000 -0.676756
16  1.099666 0.000006 0.000000  -0.000000 0.000000 -1.021287
17  0.806019 -0.359837 -1.318334  1.349685 0.343493 -0.771450
18  1.789783 -0.000000 -0.000007  0.000000 -0.000000 0.397500
19  1.206997 0.000003 0.000001  0.000000 0.000000 0.989033
20  6.104521 -1.468681 -3.530282  -1.564198 -0.011689 -1.581440
21  3.820742 -1.409994 -0.589409  -1.564198 -0.011689 -1.581440
22  0.222814 -3.739063 1.509297  0.024887 2.851473 -1.494016
23  3.048727 6.125608 1.106840  1.596061 0.018247 -0.808184
24  3.527214 5.063566 0.216259  1.596061 0.018246 -0.808184
25  3.352951 5.114325 -0.401207  1.596061 0.018247 -0.808184
26  2.909482 4.772880 -1.012057  1.596061 0.018247 -0.808184
27  1.772479 4.476568 2.356867  1.596061 0.018247 -0.808184
28  0.000006 3.336140 -8.647861  -1.570799 -1.391898 -1.570795
29  2.033350 1.000764 1.937663  1.227517 0.585911 1.190966
30  2.026190 1.001859 1.937675  1.227511 0.585916 1.190961
31  0.000001 -0.000001 0.000004  1.583265 0.000007 1.570794
32  0.000000 6.028147 -0.000001  -0.405780 -0.510512 -0.919763
33  -0.000001 0.000010 -0.000006  -0.000002 0.000003 1.570792
34  0.000017 6.028144 -0.000011  -0.547398 0.351604 0.444105
35  -0.000000 11.692571 -0.000000  -0.000001 -0.000005 -0.634374
36  0.000000 0.000002 -0.000002  0.000005 0.000000 1.570801
37  11.692577 0.000052 0.000041  0.000005 -0.000001 -0.634365
38  0.000001 11.481682 -0.000001  0.404676 0.485464 0.741033
39  -0.000000 -0.000001 0.000001  0.000000 -0.000000 1.570789
40  11.481681 -0.000055 0.000008  0.521029 -0.355678 0.543762
41  0.137967 3.859856 1.332474  -1.465454 -1.619428 0.860057
42  0.000001 0.000000 -0.000000  1.933714 0.000004 1.570794
43  3.859856 -0.137941 1.332475  0.357799 -0.048364 -0.605273
44  0.000001 1.719427 -0.000000  -0.420871 0.202310 0.066145
45  0.000000 0.000001 -0.000000  1.743430 0.000000 1.570798
46  1.719432 0.000005 -0.000007  0.000189 -0.009099 -0.438594
47  0.000001 1.099661 -0.000005  1.022351 1.907814 1.050323
48  -0.000003 0.000001 0.000001  -0.000002 0.000003 1.570799
49  1.099663 -0.000005 0.000004  -0.000120 0.002599 -0.290973
50  0.046788 3.883683 0.431451  -0.028179 -1.505149 -0.643946
51  -0.000000 0.000003 0.000000  1.590082 0.000009 1.570787
52  3.883684 -0.046761 0.431451  0.084907 0.001840 -0.672063
53  -0.000002 1.719574 -0.000001  -0.720099 0.051523 -0.006475
54  -0.000000 -0.000000 0.000000  1.538381 -0.000002 1.570794
55  1.719579 0.000016 -0.000018  -0.003915 0.016394 -0.719626
56  -0.000001 1.209184 -0.000001  -1.502663 1.085644 -1.507497
57  -0.000001 0.000001 0.000000  -0.000000 -0.000000 1.570805
58  1.209187 -0.000004 -0.000004  -0.000816 0.002971 -0.484093
59  -0.046751 3.942324 -0.431436  -0.326464 -1.473452 -0.660436
60  0.000001 -0.000002 0.000001  1.317660 0.000000 1.570797
61  3.942323 0.046779 -0.431437  -0.160904 0.031174 -0.985454
62  0.000002 1.539089 0.000000  -0.255109 -0.026494 -0.056799
63  0.000000 -0.000000 -0.000000  1.337310 -0.000004 1.570800
64  1.539096 0.000000 0.000003  -0.000026 0.003537 -0.262659
65  0.000002 1.196323 0.000002  -1.013113 1.118328 -1.059570
66  -0.000002 0.000000 0.000001  0.000000 -0.000001 1.570800
67  1.196327 -0.000005 0.000004  0.000001 0.000003 -0.391193
68  0.142425 3.859703 -1.191968  -0.667378 -1.423717 -0.301265
69  0.000001 0.000000 -0.000003  0.976757 -0.000005 1.570807
70  3.859705 -0.142399 -1.191969  -0.478196 0.090838 -0.963365
71  0.000001 1.312567 -0.000003  -0.361356 -0.138963 -0.204711
72  0.000001 0.000000 0.000001  1.078169 0.000003 1.570794
73  1.312574 -0.000015 0.000008  0.000005 -0.001345 -0.437234
74  0.000001 0.729363 -0.000002  -0.404438 1.030436 -0.462975
75  -0.000002 -0.000000 0.000000  -0.000001 -0.000001 1.570795
76  0.729366 0.000001 -0.000001  0.000002 -0.000005 -0.231826
77  0.348927 0.806041 1.321260  -1.142976 -2.276483 0.650280
78  0.000000 -0.000000 0.000000  0.437032 0.000002 1.570791
79  0.806043 -0.348924 1.321261  -1.473563 -0.631193 -0.380782
80  -0.000002 1.789785 0.000002  0.105694 0.066384 0.343678
81  0.000001 -0.000000 0.000000  0.347279 0.000000 1.570806
82  1.789788 0.000012 0.000000  0.002654 0.043679 0.349580
83  0.000001 1.206999 -0.000001  0.184117 0.296141 0.567992
84  -0.000000 0.000002 -0.000000  0.000001 -0.000001 1.570797
85  1.207004 -0.000011 0.000002  -0.000003 0.000002 0.540444
86  0.000000 0.000000 1.000000  1.570796 -0.000000 0.000000
time 56
0  0.000005 3.335938 -8.640624  -1.570780 -1.391896 -1.570809
1  2.033356 1.000772 -1.937610  1.473119 1.855075 -0.198639
2  6.028144 -0.000001 0.000000  2.160389 1.517269 -0.400760
3  11.692554 0.000001 0.000003  -0.000000 0.000000 -0.308011
4  11.481696 -0.000000 0.000001  -1.289997 0.006832 0.200690
5  3.859679 -0.132570 1.193107  0.432210 -0.155861 -0.861350
6  1.312558 0.000001 -0.000000  -0.000000 0.000000 -1.191994
7  0.729367 -0.000001 0.000000  -0.000000 0.000000 -1.063394
8  3.942308 0.050325 0.431042  0.232421 0.000609 -0.853331
9  1.539096 -0.000005 0.000001  -0.000000 0.000000 -0.973401
10  1.196321 0.000009 -0.000000  0.000000 0.000000 -1.451289
11  3.883659 -0.050324 -0.431042  0.066987 0.050243 -0.694792
12  1.719577 0.000002 0.000000  0.000000 -0.000000 -1.251039
13  1.209184 0.000003 0.000000  0.000000 -0.000003 -1.141145
14  3.859840 -0.148937 -1.331282  -0.248855 0.263129 -0.072121
15  1.719420 0.000001 -0.000001  0.000000 0.000000 -0.676756
16  1.099669 0.000003 -0.000000  -0.000000 0.000000 -1.021287
17  0.806021 -0.359837 -1.318333  1.349685 0.343493 -0.771450
18  1.789783 0.000000 -0.000006  -0.000000 -0.000000 0.397500
19  1.206999 0.000003 0.000004  0.000000 -0.000000 0.989033
20  6.104523 -1.468680 -3.530282  -1.564198 -0.011689 -1.581440
21  3.820744 -1.409994 -0.589409  -1.564198 -0.011689 -1.581440
22  0.222816 -3.739061 1.509297  0.024887 2.851473 -1.494016
23  3.048728 6.125609 1.106841  1.596061 0.018247 -0.808184
24  3.527215 5.063567 0.216259  1.596061 0.018246 -0.808184
25  3.352951 5.114329 -0.401208  1.596061 0.018247 -0.808184
26  2.909482 4.772883 -1.012056  1.596061 0.018247 -0.808184
27  1.772479 4.476571 2.356868  1.596061 0.018247 -0.808184
28  0.000006 3.336140 -8.647861  -1.570799 -1.391898 -1.570795
29  2.033350 1.000764 1.937663  1.227517 0.585911 1.190966
30  2.026190 1.001859 1.937675  1.227511 0.585916 1.190961
31  0.000001 -0.000001 0.000004  1.583265 0.000007 1.570794
32  0.000000 6.028147 -0.000001  -0.405881 -0.510513 -0.919688
33  0.000000 0.000010 -0.000005  -0.000002 0.000003 1.570792
34  0.000017 6.028144 -0.000011  -0.547418 0.351689 0.444124
35  0.000001 11.692571 0.000000  -0.000001 -0.000005 -0.634426
36  -0.000001 0.000000 -0.000002  0.000005 0.000000 1.570801
37  11.692578 0.000052 0.000038  0.000004 -0.000001 -0.634417
38  -0.000001 11.481683 0.000000  0.404666 0.485034 0.741113
39  -0.000001 0.000000 -0.000000  0.000000 -0.000000 1.570789
40  11.481683 -0.000053 0.000007  0.520578 -0.355753 0.544005
41  0.137968 3.859854 1.332473  -1.465445 -1.619429 0.860056
42  -0.000000 -0.000001 -0.000001  1.933714 0.000004 1.570794
43  3.859856 -0.137941 1.332475  0.357798 -0.048366 -0.605272
44  0.000000 1.719427 0.000002  -0.420874 0.202310 0.066145
45  -0.000001 -0.000000 -0.000001  1.743430 0.000000 1.570798
46  1.719431 0.000006 -0.000003  0.000189 -0.009099 -0.438597
47  -0.000001 1.099662 -0.000000  1.022355 1.907816 1.050328
48  0.000003 0.000000 0.000001  -0.000002 0.000003 1.570799
49  1.099666 0.000003 0.000002  -0.000120 0.002600 -0.290976
50  0.046788 3.883682 0.431451  -0.028169 -1.505149 -0.643949
51  0.000000 -0.000002 -0.000001  1.590082 0.000009 1.570787
52  3.883683 -0.046761 0.431451  0.084906 0.001839 -0.672064
53  -0.000000 1.719576 0.000002  -0.720099 0.051523 -0.006475
54  -0.000000 0.000000 0.000000  1.538381 -0.000002 1.570794
55  1.719578 0.000017 -0.000017  -0.003915 0.016394 -0.719627
56  -0.000001 1.209182 -0.000001  -1.502664 1.085643 -1.507497
57  -0.000001 -0.000001 0.000000  -0.000000 -0.000000 1.570805
58  1.209184 -0.000001 -0.000003  -0.000816 0.002971 -0.484094
59  -0.046750 3.942321 -0.431436  -0.326458 -1.473453 -0.660438
60  -0.000002 0.000000 0.000002  1.317660 0.000000 1.570797
61  3.942322 0.046778 -0.431437  -0.160904 0.031174 -0.985454
62  -0.000000 1.539090 0.000001  -0.255110 -0.026494 -0.056799
63  0.000001 -0.000000 0.000000  1.337310 -0.000004 1.570800
64  1.539094 -0.000004 0.000003  -0.000026 0.003537 -0.262660
65  0.000001 1.196324 0.000001  -1.013115 1.118327 -1.059571
66  -0.000001 0.000000 -0.000001  0.000000 -0.000001 1.570800
67  1.196328 -0.000005 0.000004  0.000001 0.000004 -0.391194
68  0.142427 3.859703 -1.191967  -0.667375 -1.423717 -0.301266
69  0.000001 -0.000001 0.000001  0.976757 -0.000005 1.570807
70  3.859704 -0.142400 -1.191968  -0.478196 0.090838 -0.963365
71  -0.000000 1.312562 -0.000002  -0.361356 -0.138964 -0.204711
72  0.000001 0.000000 -0.000001  1.078169 0.000003 1.570794
73  1.312565 -0.000016 0.000006  0.000004 -0.001345 -0.437234
74  0.000000 0.729364 -0.000001  -0.404437 1.030436 -0.462974
75  -0.000001 -0.000000 0.000001  -0.000001 -0.000001 1.570794
76  0.729366 0.000003 -0.000000  0.000002 -0.000004 -0.231825
77  0.348927 0.806043 1.321260  -1.142974 -2.276481 0.650278
78  -0.000001 -0.000000 0.000000  0.437032 0.000002 1.570791
79  0.806045 -0.348924 1.321262  -1.473563 -0.631191 -0.380781
80  -0.000003 1.789784 0.000003  0.105693 0.066384 0.343677
81  -0.000001 0.000001 0.000000  0.347279 0.000000 1.570806
82  1.789791 0.000010 -0.000001  0.002654 0.043678 0.349579
83  0.000000 1.206997 -0.000003  0.184116 0.296141 0.567991
84  -0.000000 -0.000001 -0.000000  0.000001 -0.000001 1.570797
85  1.207002 -0.000012 0.000002  -0.000004 0.000001 0.540442
86  0.000000 0.000000 1.000000  1.570796 -0.000000 0.000000
time 57
0  0.000005 3.335938 -8.640624  -1.570780 -1.391896 -1.570809
1  2.033356 1.000772 -1.937610  1.473119 1.855075 -0.198639
2  6.028144 -0.000001 0.000000  2.161399 1.517316 -0.399744
3  11.692555 -0.000001 0.000003  -0.000000 0.000000 -0.307823
4  11.481697 0.000001 0.000002  -1.290287 0.006668 0.200690
5  3.859678 -0.132569 1.193107  0.432210 -0.155861 -0.861350
6  1.312560 0.000002 0.000001  -0.000000 0.000000 -1.191994
7  0.729364 -0.000003 -0.000000  -0.000000 0.000000 -1.063394
8  3.942306 0.050326 0.431043  0.232421 0.000609 -0.853331
9  1.539094 -0.000004 0.000001  -0.000000 0.000000 -0.973379
10  1.196322 0.000006 -0.000000  0.000000 0.000000 -1.451289
11  3.883658 -0.050323 -0.431043  0.066987 0.050243 -0.694792
12  1.719577 0.000001 0.000000  0.000000 -0.000000 -1.251039
13  1.209183 0.000003 0.000000  0.000000 -0.000003 -1.141145
14  3.859837 -0.148936 -1.331282  -0.248855 0.263129 -0.072121
15  1.719423 0.000002 0.000001  0.000000 0.000000 -0.676756
16  1.099668 -0.000002 0.000000  -0.000000 0.000000 -1.021287
17  0.806020 -0.359837 -1.318333  1.349685 0.343493 -0.771450
18  1.789786 0.000001 -0.000006  0.000000 0.000000 0.397500
19  1.206999 0.000002 0.000004  0.000000 -0.000000 0.989033
20  6.104521 -1.468679 -3.530283  -1.564198 -0.011689 -1.581440
21  3.820741 -1.409993 -0.589408  -1.564198 -0.011689 -1.581440
22  0.222823 -3.739061 1.509297  0.024887 2.851473 -1.494016
23  3.048726 6.125614 1.106841  1.596061 0.018247 -0.808184
24  3.527214 5.063573 0.216259  1.596061 0.018246 -0.808184
25  3.352949 5.114331 -0.401207  1.596061 0.018247 -0.808184
26  2.909482 4.772884 -1.012055  1.596061 0.018247 -0.808184
27  1.772478 4.476573 2.356868  1.596061 0.018247 -0.808184
28  0.000006 3.336140 -8.647861  -1.570799 -1.391898 -1.570795
29  2.033350 1.000764 1.937663  1.227517 0.585911 1.190966
30  2.026190 1.001859 1.937675  1.227511 0.585916 1.190961
31  0.000001 -0.000001 0.000004  1.583265 0.000007 1.570794
32  0.000000 6.028147 -0.000001  -0.405977 -0.510555 -0.919688
33  -0.000000 0.000009 -0.000006  -0.000002 0.000003 1.570792
34  0.000017 6.028144 -0.000011  -0.547480 0.351763 0.444055
35  -0.000000 11.692571 -0.000002  -0.000001 -0.000005 -0.634346
36  0.000000 0.000001 -0.000002  0.000005 0.000000 1.570801
37  11.692579 0.000054 0.000040  0.000004 -0.000001 -0.634337
38  0.000001 11.481681 0.000000  0.404692 0.484724 0.741120
39  -0.000000 0.000001 0.000001  0.000000 -0.000000 1.570789
40  11.481684 -0.000053 0.000007  0.520259 -0.355836 0.544111
41  0.137968 3.859859 1.332474  -1.465449 -1.619428 0.860057
42  0.000000 -0.000001 0.000000  1.933714 0.000004 1.570794
43  3.859861 -0.137941 1.332475  0.357799 -0.048364 -0.605274
44  0.000001 1.719429 0.000001  -0.420870 0.202310 0.066145
45  0.000001 -0.000001 0.000001  1.743430 0.000000 1.570798
46  1.719433 0.000005 -0.000006  0.000189 -0.009099 -0.438593
47  0.000002 1.099660 -0.000004  1.022350 1.907813 1.050321
48  -0.000002 0.000002 -0.000000  -0.000002 0.000003 1.570799
49  1.099663 -0.000004 0.000004  -0.000119 0.002599 -0.290973
50  0.046788 3.883686 0.431451  -0.028187 -1.505149 -0.643937
51  -0.000001 -0.000000 -0.000002  1.590082 0.000009 1.570787
52  3.883687 -0.046761 0.431451  0.084906 0.001840 -0.672064
53  -0.000001 1.719577 0.000001  -0.720098 0.051523 -0.006475
54  -0.000001 -0.000000 0.000000  1.538381 -0.000002 1.570794
55  1.719582 0.000019 -0.000018  -0.003915 0.016394 -0.719625
56  -0.000001 1.209184 -0.000000  -1.502664 1.085644 -1.507497
57  -0.000002 -0.000000 -0.000000  -0.000000 -0.000000 1.570805
58  1.209188 -0.000005 -0.000001  -0.000816 0.002971 -0.484093
59  -0.046751 3.942328 -0.431435  -0.326460 -1.473452 -0.660439
60  -0.000000 0.000001 0.000000  1.317660 0.000000 1.570797
61  3.942328 0.046779 -0.431436  -0.160904 0.031174 -0.985454
62  0.000002 1.539092 -0.000003  -0.255110 -0.026494 -0.056799
63  0.000001 -0.000000 -0.000003  1.337310 -0.000004 1.570800
64  1.539096 -0.000006 0.000004  -0.000026 0.003537 -0.262660
65  0.000001 1.196321 -0.000002  -1.013115 1.118327 -1.059571
66  0.000004 -0.000001 -0.000001  0.000000 -0.000001 1.570800
67  1.196324 -0.000008 0.000005  0.000000 0.000003 -0.391195
68  0.142426 3.859705 -1.191967  -0.667378 -1.423717 -0.301266
69  -0.000000 -0.000000 0.000001  0.976757 -0.000005 1.570807
70  3.859707 -0.142399 -1.191968  -0.478196 0.090838 -0.963365
71  0.000001 1.312565 0.000001  -0.361357 -0.138963 -0.204711
72  0.000000 -0.000000 -0.000002  1.078169 0.000003 1.570794
73  1.312569 -0.000014 0.000009  0.000004 -0.001345 -0.437234
74  0.000001 0.729365 0.000002  -0.404438 1.030436 -0.462975
75  -0.000001 0.000000 0.000000  -0.000001 -0.000001 1.570795
76  0.729367 0.000002 0.000003  0.000002 -0.000004 -0.231826
77  0.348927 0.806043 1.321260  -1.142975 -2.276483 0.650280
78  0.000000 0.000001 0.000001  0.437032 0.000002 1.570791
79  0.806045 -0.348923 1.321262  -1.473563 -0.631192 -0.380781
80  -0.000000 1.789784 0.000002  0.105693 0.066384 0.343678
81  0.000000 0.000003 0.000001  0.347279 0.000000 1.570806
82  1.789789 0.000010 -0.000001  0.002654 0.043678 0.349579
83  -0.000001 1.207003 0.000002  0.184116 0.296141 0.567991
84  0.000001 0.000001 -0.000000  0.000001 -0.000001 1.570797
85  1.207006 -0.000009 0.000004  -0.000004 0.000001 0.540443
86  0.000000 0.000000 1.000000  1.570796 -0.000000 0.000000
time 58
0  0.000005 3.335938 -8.640624  -1.570780 -1.391896 -1.570809
1  2.033356 1.000772 -1.937610  1.473119 1.855075 -0.198639
2  6.028144 -0.000001 0.000000  2.161996 1.517363 -0.399163
3  11.692555 0.000001 0.000003  -0.000000 0.000000 -0.307710
4  11.481697 0.000001 0.000002  -1.290415 0.006544 0.200690
5  3.859679 -0.132570 1.193107  0.432210 -0.155861 -0.861350
6  1.312560 -0.000000 0.000001  -0.000000 0.000000 -1.191994
7  0.729365 -0.000000 -0.000000  -0.000000 0.000000 -1.063394
8  3.942305 0.050326 0.431044  0.232421 0.000609 -0.853331
9  1.539097 -0.000003 0.000002  -0.000000 0.000000 -0.973379
10  1.196322 0.000008 0.000000  0.000000 0.000000 -1.451289
11  3.883657 -0.050322 -0.431043  0.066987 0.050243 -0.694792
12  1.719578 0.000003 0.000001  0.000000 -0.000000 -1.251039
13  1.209185 -0.000000 0.000001  0.000000 -0.000003 -1.141173
14  3.859838 -0.148937 -1.331282  -0.248855 0.263129 -0.072121
15  1.719422 0.000002 -0.000000  0.000000 0.000000 -0.676756
16  1.099668 0.000004 0.000001  0.000000 0.000000 -1.021287
17  0.806020 -0.359837 -1.318333  1.349685 0.343493 -0.771450
18  1.789781 0.000000 -0.000004  -0.000000 -0.000000 0.397500
19  1.206999 0.000002 0.000004  0.000000 -0.000000 0.989033
20  6.104524 -1.468679 -3.530282  -1.564198 -0.011689 -1.581440
21  3.820744 -1.409993 -0.589408  -1.564198 -0.011689 -1.581440
22  0.222815 -3.739062 1.509298  0.024887 2.851473 -1.494016
23  3.048728 6.125611 1.106841  1.596061 0.018247 -0.808184
24  3.527215 5.063569 0.216259  1.596061 0.018246 -0.808184
25  3.352951 5.114326 -0.401206  1.596061 0.018247 -0.808184
26  2.909483 4.772881 -1.012056  1.596061 0.018247 -0.808184
27  1.772480 4.476572 2.356868  1.596061 0.018247 -0.808184
28  0.000006 3.336140 -8.647861  -1.570799 -1.391898 -1.570795
29  2.033350 1.000764 1.937663  1.227517 0.585911 1.190966
30  2.026190 1.001859 1.937675  1.227511 0.585916 1.190961
31  0.000001 -0.000001 0.000004  1.583265 0.000007 1.570794
32  0.000000 6.028147 -0.000001  -0.406022 -0.510554 -0.919652
33  -0.000001 0.000009 -0.000005  -0.000002 0.000003 1.570792
34  0.000017 6.028144 -0.000011  -0.547488 0.351802 0.444066
35  -0.000001 11.692571 0.000000  -0.000001 -0.000005 -0.634395
36  -0.000002 0.000000 -0.000001  0.000005 0.000000 1.570801
37  11.692578 0.000054 0.000041  0.000004 -0.000001 -0.634386
38  -0.000003 11.481681 0.000001  0.404713 0.484578 0.741232
39  -0.000000 -0.000000 -0.000000  0.000000 -0.000000 1.570789
40  11.481682 -0.000052 0.000008  0.520110 -0.355883 0.544265
41  0.137968 3.859859 1.332474  -1.465452 -1.619428 0.860055
42  0.000000 0.000000 -0.000002  1.933714 0.000004 1.570794
43  3.859863 -0.137941 1.332474  0.357799 -0.048364 -0.605276
44  0.000001 1.719427 -0.000001  -0.420868 0.202310 0.066145
45  0.000001 -0.000001 -0.000001  1.743430 0.000000 1.570798
46  1.719432 0.000003 -0.000006  0.000189 -0.009098 -0.438590
47  0.000000 1.099661 -0.000000  1.022345 1.907811 1.050318
48  0.000002 -0.000000 -0.000000  -0.000002 0.000003 1.570799
49  1.099665 0.000003 0.000002  -0.000119 0.002600 -0.290970
50  0.046789 3.883690 0.431450  -0.028184 -1.505149 -0.643942
51  -0.000001 0.000002 -0.000000  1.590082 0.000009 1.570787
52  3.883691 -0.046762 0.431449  0.084906 0.001840 -0.672065
53  -0.000003 1.719578 0.000001  -0.720097 0.051523 -0.006475
54  0.000000 -0.000000 -0.000001  1.538382 -0.000002 1.570794
55  1.719582 0.000019 -0.000018  -0.003915 0.016394 -0.719624
56  0.000001 1.209181 -0.000003  -1.502663 1.085645 -1.507496
57  0.000000 0.000001 0.000001  -0.000000 -0.000000 1.570805
58  1.209185 -0.000002 -0.000002  -0.000816 0.002971 -0.484092
59  -0.046751 3.942325 -0.431436  -0.326463 -1.473452 -0.660436
60  0.000001 0.000000 -0.000002  1.317660 0.000000 1.570797
61  3.942327 0.046778 -0.431438  -0.160904 0.031174 -0.985454
62  0.000002 1.539088 0.000001  -0.255111 -0.026494 -0.056799
63  0.000000 -0.000000 0.000002  1.337310 -0.000004 1.570800
64  1.539095 0.000005 0.000002  -0.000026 0.003537 -0.262660
65  -0.000001 1.196321 0.000004  -1.013116 1.118326 -1.059572
66  0.000000 0.000000 -0.000000  0.000000 -0.000001 1.570800
67  1.196324 -0.000004 0.000004  0.000001 0.000003 -0.391196
68  0.142427 3.859704 -1.191968  -0.667379 -1.423717 -0.301265
69  0.000000 0.000000 0.000001  0.976757 -0.000005 1.570807
70  3.859708 -0.142401 -1.191970  -0.478196 0.090838 -0.963365
71  0.000001 1.312568 0.000001  -0.361355 -0.138963 -0.204711
72  -0.000001 0.000000 0.000000  1.078169 0.000003 1.570794
73  1.312574 -0.000010 0.000011  0.000004 -0.001345 -0.437233
74  -0.000002 0.729364 -0.000000  -0.404436 1.030437 -0.462973
75  -0.000002 -0.000000 0.000000  -0.000001 -0.000001 1.570795
76  0.729368 0.000004 -0.000000  0.000002 -0.000005 -0.231825
77  0.348928 0.806045 1.321259  -1.142974 -2.276480 0.650278
78  0.000000 -0.000001 -0.000001  0.437032 0.000002 1.570791
79  0.806049 -0.348924 1.321260  -1.473562 -0.631189 -0.380782
80  -0.000001 1.789783 -0.000000  0.105693 0.066384 0.343675
81  -0.000000 -0.000000 0.000000  0.347279 0.000000 1.570806
82  1.789787 0.000013 -0.000002  0.002654 0.043678 0.349577
83  -0.000001 1.207002 0.000001  0.184115 0.296141 0.567988
84  -0.000001 -0.000001 0.000001  0.000001 -0.000001 1.570797
85  1.207006 -0.000009 0.000005  -0.000003 0.000002 0.540439
86  0.000000 0.000000 1.000000  1.570796 -0.000000 0.000000
time 59
0  0.000005 3.335938 -8.640624  -1.570780 -1.391896 -1.570809
1  2.033356 1.000772 -1.937610  1.473119 1.855075 -0.198639
2  6.028144 -0.000001 0.000000  2.162139 1.517409 -0.398993
3  11.692555 0.000000 0.000004  0.000000 0.000000 -0.307673
4  11.481696 0.000002 0.000002  -1.290433 0.006421 0.200690
5  3.859679 -0.132570 1.193107  0.432210 -0.155861 -0.861350
6  1.312559 -0.000002 0.000000  -0.000000 0.000000 -1.191994
7  0.729367 -0.000000 -0.000001  -0.000000 0.000000 -1.063394
8  3.942304 0.050325 0.431044  0.232421 0.000609 -0.853331
9  1.539099 -0.000007 0.000001  -0.000000 0.000000 -0.973379
10  1.196321 0.000007 -0.000000  -0.000000 0.000000 -1.451289
11  3.883655 -0.050323 -0.431043  0.066987 0.050243 -0.694792
12  1.719577 0.000006 0.000000  0.000000 -0.000000 -1.251039
13  1.209184 0.000003 0.000001  0.000000 -0.000003 -1.141145
14  3.859835 -0.148937 -1.331283  -0.248855 0.263129 -0.072121
15  1.719422 0.000001 -0.000001  0.000000 0.000000 -0.676756
16  1.099666 0.000002 -0.000000  -0.000000 0.000000 -1.021287
17  0.806019 -0.359837 -1.318334  1.349685 0.343493 -0.771450
18  1.789785 -0.000001 -0.000005  -0.000000 -0.000000 0.397500
19  1.206996 0.000004 0.000001  0.000000 -0.000000 0.989033
20  6.104522 -1.468680 -3.530283  -1.564198 -0.011689 -1.581440
21  3.820742 -1.409994 -0.589409  -1.564198 -0.011689 -1.581440
22  0.222810 -3.739063 1.509297  0.024887 2.851473 -1.494016
23  3.048726 6.125610 1.106840  1.596061 0.018247 -0.808184
24  3.527214 5.063566 0.216258  1.596061 0.018246 -0.808184
25  3.352950 5.114327 -0.401207  1.596061 0.018247 -0.808184
26  2.909482 4.772879 -1.012057  1.596061 0.018247 -0.808184
27  1.772477 4.476569 2.356867  1.596061 0.018247 -0.808184
28  0.000006 3.336140 -8.647861  -1.570799 -1.391898 -1.570795
29  2.033350 1.000764 1.937663  1.227517 0.585911 1.190966
30  2.026190 1.001859 1.937675  1.227511 0.585916 1.190961
31  0.000001 -0.000001 0.000004  1.583265 0.000007 1.570794
32  0.000000 6.028147 -0.000001  -0.406057 -0.510505 -0.919542
33  -0.000000 0.000010 -0.000006  -0.000002 0.000003 1.570791
34  0.000017 6.028144 -0.000011  -0.547443 0.351841 0.444175
35  0.000001 11.692571 -0.000000  -0.000001 -0.000005 -0.634609
36  0.000000 0.000003 -0.000002  0.000005 0.000000 1.570801
37  11.692579 0.000052 0.000037  0.000004 -0.000001 -0.634600
38  0.000001 11.481683 -0.000000  0.404763 0.484479 0.741460
39  0.000000 0.000001 0.000001  0.000000 -0.000000 1.570789
40  11.481682 -0.000054 0.000007  0.520015 -0.355946 0.544503
41  0.137968 3.859859 1.332474  -1.465453 -1.619429 0.860060
42  0.000001 -0.000001 -0.000000  1.933714 0.000004 1.570794
43  3.859862 -0.137941 1.332474  0.357799 -0.048365 -0.605272
44  0.000000 1.719429 0.000002  -0.420873 0.202310 0.066145
45  -0.000000 0.000001 0.000001  1.743430 0.000000 1.570798
46  1.719433 0.000007 -0.000007  0.000189 -0.009099 -0.438596
47  -0.000001 1.099663 0.000002  1.022353 1.907816 1.050327
48  -0.000003 0.000000 -0.000001  -0.000002 0.000003 1.570799
49  1.099666 0.000001 0.000002  -0.000119 0.002600 -0.290975
50  0.046789 3.883687 0.431450  -0.028187 -1.505149 -0.643937
51  0.000000 -0.000003 -0.000001  1.590082 0.000009 1.570787
52  3.883689 -0.046762 0.431449  0.084907 0.001840 -0.672063
53  -0.000001 1.719572 0.000000  -0.720100 0.051523 -0.006475
54  -0.000000 0.000001 0.000000  1.538382 -0.000002 1.570794
55  1.719579 0.000014 -0.000018  -0.003915 0.016394 -0.719627
56  -0.000001 1.209184 0.000002  -1.502664 1.085643 -1.507497
57  0.000000 0.000000 -0.000000  -0.000000 -0.000000 1.570805
58  1.209187 0.000001 -0.000006  -0.000816 0.002971 -0.484094
59  -0.046750 3.942326 -0.431437  -0.326469 -1.473452 -0.660430
60  -0.000001 0.000001 -0.000002  1.317660 0.000000 1.570797
61  3.942327 0.046778 -0.431438  -0.160904 0.031175 -0.985452
62  -0.000001 1.539091 0.000001  -0.255110 -0.026494 -0.056799
63  -0.000000 0.000000 -0.000001  1.337310 -0.000004 1.570800
64  1.539095 0.000003 0.000003  -0.000026 0.003537 -0.262660
65  0.000000 1.196324 -0.000003  -1.013116 1.118326 -1.059572
66  0.000001 -0.000001 0.000000  0.000000 -0.000001 1.570800
67  1.196326 -0.000007 0.000004  0.000001 0.000003 -0.391195
68  0.142427 3.859706 -1.191967  -0.667380 -1.423717 -0.301264
69  0.000002 0.000001 -0.000001  0.976757 -0.000005 1.570807
70  3.859708 -0.142400 -1.191970  -0.478196 0.090839 -0.963364
71  0.000002 1.312569 -0.000000  -0.361357 -0.138964 -0.204711
72  0.000000 -0.000000 0.000000  1.078169 0.000003 1.570794
73  1.312571 -0.000013 0.000008  0.000004 -0.001345 -0.437234
74  0.000001 0.729362 -0.000002  -0.404439 1.030436 -0.462975
75  0.000000 -0.000000 -0.000002  -0.000001 -0.000001 1.570795
76  0.729366 0.000000 0.000000  0.000001 -0.000004 -0.231827
77  0.348928 0.806043 1.321259  -1.142976 -2.276484 0.650281
78  0.000000 0.000000 0.000000  0.437032 0.000002 1.570791
79  0.806047 -0.348924 1.321260  -1.473563 -0.631193 -0.380781
80  0.000000 1.789783 0.000000  0.105693 0.066384 0.343679
81  0.000001 0.000001 0.000000  0.347279 0.000000 1.570806
82  1.789789 0.000010 -0.000002  0.002654 0.043679 0.349581
83  -0.000001 1.207002 0.000001  0.184117 0.296140 0.567994
84  -0.000000 -0.000003 0.000000  0.000001 -0.000001 1.570797
85  1.207002 -0.000010 0.000005  -0.000004 0.000002 0.540445
86  0.000000 0.000000 1.000000  1.570796 -0.000000 0.000000
time 60
0  0.000005 3.335938 -8.640624  -1.570780 -1.391896 -1.570809
1  2.033356 1.000772 -1.937610  1.473119 1.855075 -0.198639
2  6.028144 -0.000001 0.000000  2.161914 1.517363 -0.399235
3  11.692555 0.000001 0.000003  0.000000 0.000000 -0.307710
4  11.481698 0.000000 0.000002  -1.290451 0.006338 0.200690
5  3.859679 -0.132571 1.193107  0.432210 -0.155861 -0.861350
6  1.312560 0.000000 -0.000000  -0.000000 0.000000 -1.191994
7  0.729369 -0.000002 -0.000001  -0.000000 0.000000 -1.063394
8  3.942307 0.050325 0.431043  0.232421 0.000609 -0.853331
9  1.539098 -0.000002 0.000001  -0.000000 0.000000 -0.973379
10  1.196321 0.000006 -0.000001  0.000000 0.000000 -1.451289
11  3.883658 -0.050324 -0.431043  0.066987 0.050243 -0.694792
12  1.719575 0.000005 0.000001  0.000000 -0.000000 -1.251039
13  1.209184 0.000005 0.000001  0.000000 -0.000003 -1.141145
14  3.859836 -0.148937 -1.331283  -0.248855 0.263129 -0.072121
15  1.719425 0.000001 -0.000000  0.000000 0.000000 -0.676756
16  1.099666 0.000002 0.000002  0.000000 0.000000 -1.021287
17  0.806021 -0.359838 -1.318334  1.349685 0.343493 -0.771450
18  1.789782 0.000000 -0.000005  0.000000 -0.000000 0.397500
19  1.207000 0.000003 0.000006  0.000000 -0.000000 0.989033
20  6.104524 -1.468680 -3.530283  -1.564198 -0.011689 -1.581440
21  3.820742 -1.409994 -0.589408  -1.564198 -0.011689 -1.581440
22  0.222828 -3.739061 1.509297  0.024887 2.851473 -1.494016
23  3.048726 6.125611 1.106839  1.596061 0.018247 -0.808184
24  3.527214 5.063568 0.216257  1.596061 0.018246 -0.808184
25  3.352950 5.114326 -0.401209  1.596061 0.018247 -0.808184
26  2.909482 4.772881 -1.012058  1.596061 0.018247 -0.808184
27  1.772479 4.476568 2.356866  1.596061 0.018247 -0.808184
28  0.000006 3.336140 -8.647861  -1.570799 -1.391898 -1.570795
29  2.033350 1.000764 1.937663  1.227517 0.585911 1.190966
30  2.026190 1.001859 1.937675  1.227511 0.585916 1.190961
31  0.000001 -0.000001 0.000004  1.583265 0.000007 1.570794
32  0.000000 6.028147 -0.000001  -0.406102 -0.510523 -0.919538
33  -0.000002 0.000010 -0.000006  -0.000002 0.000003 1.570792
34  0.000017 6.028144 -0.000011  -0.547470 0.351877 0.444147
35  -0.000001 11.692571 -0.000001  -0.000001 -0.000005 -0.634603
36  -0.000002 0.000000 -0.000001  0.000005 0.000000 1.570801
37  11.692577 0.000053 0.000040  0.000004 -0.000001 -0.634594
38  -0.000003 11.481681 0.000001  0.404838 0.484461 0.741548
39  -0.000001 -0.000001 0.000000  0.000000 -0.000000 1.570789
40  11.481683 -0.000053 0.000008  0.520011 -0.356015 0.544558
41  0.137968 3.859856 1.332473  -1.465447 -1.619428 0.860055
42  -0.000000 -0.000000 0.000001  1.933714 0.000004 1.570794
43  3.859864 -0.137941 1.332473  0.357798 -0.048364 -0.605273
44  -0.000001 1.719428 0.000002  -0.420869 0.202310 0.066145
45  0.000000 -0.000001 -0.000000  1.743430 0.000000 1.570798
46  1.719433 0.000005 -0.000005  0.000189 -0.009099 -0.438592
47  -0.000001 1.099660 -0.000001  1.022348 1.907813 1.050321
48  0.000002 -0.000000 -0.000001  -0.000002 0.000003 1.570799
49  1.099663 -0.000002 0.000000  -0.000119 0.002600 -0.290972
50  0.046789 3.883686 0.431450  -0.028186 -1.505149 -0.643933
51  -0.000001 -0.000001 -0.000001  1.590082 0.000009 1.570787
52  3.883693 -0.046762 0.431450  0.084906 0.001840 -0.672062
53  0.000001 1.719575 0.000001  -0.720099 0.051523 -0.006475
54  0.000000 -0.000000 0.000002  1.538381 -0.000002 1.570794
55  1.719579 0.000017 -0.000015  -0.003914 0.016394 -0.719626
56  0.000002 1.209179 0.000001  -1.502663 1.085644 -1.507497
57  0.000000 0.000001 0.000000  -0.000000 -0.000000 1.570805
58  1.209182 -0.000003 -0.000001  -0.000816 0.002971 -0.484094
59  -0.046751 3.942325 -0.431436  -0.326468 -1.473452 -0.660427
60  0.000001 0.000001 0.000001  1.317660 0.000000 1.570797
61  3.942331 0.046778 -0.431437  -0.160904 0.031175 -0.985452
62  -0.000001 1.539091 0.000004  -0.255113 -0.026494 -0.056799
63  0.000000 0.000000 -0.000002  1.337310 -0.000004 1.570800
64  1.539093 0.000003 -0.000000  -0.000026 0.003538 -0.262662
65  -0.000000 1.196323 -0.000003  -1.013118 1.118324 -1.059575
66  -0.000003 -0.000000 0.000000  0.000000 -0.000001 1.570800
67  1.196326 -0.000004 0.000004  0.000000 0.000003 -0.391198
68  0.142426 3.859703 -1.191968  -0.667379 -1.423717 -0.301262
69  0.000001 -0.000001 -0.000002  0.976757 -0.000005 1.570807
70  3.859710 -0.142400 -1.191969  -0.478196 0.090838 -0.963364
71  0.000001 1.312565 -0.000002  -0.361357 -0.138964 -0.204711
72  -0.000001 -0.000000 0.000001  1.078169 0.000003 1.570794
73  1.312569 -0.000011 0.000008  0.000005 -0.001345 -0.437234
74  -0.000001 0.729363 0.000003  -0.404439 1.030436 -0.462976
75  0.000000 0.000000 0.000000  -0.000001 -0.000001 1.570795
76  0.729366 0.000004 0.000000  0.000002 -0.000004 -0.231827
77  0.348928 0.806039 1.321259  -1.142976 -2.276484 0.650280
78  0.000000 -0.000000 -0.000000  0.437032 0.000002 1.570791
79  0.806047 -0.348924 1.321260  -1.473563 -0.631192 -0.380781
80  0.000000 1.789785 -0.000002  0.105693 0.066384 0.343678
81  0.000000 -0.000001 0.000000  0.347279 0.000000 1.570806
82  1.789792 0.000010 -0.000003  0.002654 0.043679 0.349580
83  0.000000 1.206999 0.000002  0.184117 0.296140 0.567993
84  -0.000000 -0.000002 0.000000  0.000001 -0.000001 1.570797
85  1.207005 -0.000010 0.000007  -0.000004 0.000001 0.540444
86  0.000000 0.000000 1.000000  1.570796 -0.000000 0.000000
time 61
0  0.000005 3.335938 -8.640624  -1.570780 -1.391896 -1.570809
1  2.033356 1.000772 -1.937610  1.473119 1.855075 -0.198639
2  6.028144 -0.000001 0.000000  2.161296 1.517316 -0.399840
3  11.692555 0.000000 0.000003  -0.000000 0.000000 -0.307823
4  11.481695 0.000001 0.000003  -1.290469 0.006236 0.200690
5  3.859681 -0.132570 1.193108  0.432210 -0.155861 -0.861350
6  1.312559 0.000003 0.000000  -0.000000 0.000000 -1.191994
7  0.729369 -0.000005 -0.000001  -0.000000 0.000000 -1.063394
8  3.942308 0.050325 0.431043  0.232421 0.000609 -0.853331
9  1.539098 -0.000001 0.000000  -0.000000 0.000000 -0.973379
10  1.196322 0.000006 -0.000000  0.000000 0.000000 -1.451289
11  3.883660 -0.050323 -0.431043  0.066987 0.050243 -0.694792
12  1.719575 0.000005 0.000000  0.000000 -0.000000 -1.251039
13  1.209184 0.000003 0.000000  0.000000 -0.000003 -1.141145
14  3.859840 -0.148937 -1.331282  -0.248855 0.263129 -0.072121
15  1.719423 0.000001 -0.000002  0.000000 0.000000 -0.676756
16  1.099666 0.000003 0.000000  -0.000000 0.000000 -1.021287
17  0.806023 -0.359837 -1.318333  1.349685 0.343493 -0.771450
18  1.789784 0.000001 -0.000005  0.000000 0.000000 0.397500
19  1.206998 0.000003 0.000002  0.000000 -0.000000 0.989033
20  6.104527 -1.468679 -3.530282  -1.564198 -0.011689 -1.581440
21  3.820745 -1.409994 -0.589409  -1.564198 -0.011689 -1.581440
22  0.222815 -3.739061 1.509297  0.024887 2.851473 -1.494016
23  3.048726 6.125614 1.106841  1.596061 0.018247 -0.808184
24  3.527214 5.063570 0.216259  1.596061 0.018246 -0.808184
25  3.352950 5.114328 -0.401207  1.596061 0.018247 -0.808184
26  2.909482 4.772882 -1.012056  1.596061 0.018247 -0.808184
27  1.772478 4.476572 2.356868  1.596061 0.018247 -0.808184
28  0.000006 3.336140 -8.647861  -1.570799 -1.391898 -1.570795
29  2.033350 1.000764 1.937663  1.227517 0.585911 1.190966
30  2.026190 1.001859 1.937675  1.227511 0.585916 1.190961
31  0.000001 -0.000001 0.000004  1.583265 0.000007 1.570794
32  0.000000 6.028147 -0.000001  -0.406159 -0.510500 -0.919458
33  0.000000 0.000009 -0.000004  -0.000002 0.000003 1.570791
34  0.000017 6.028144 -0.000011  -0.547458 0.351929 0.444204
35  0.000001 11.692571 0.000001  -0.000001 -0.000005 -0.634753
36  -0.000000 0.000001 -0.000003  0.000005 0.000000 1.570801
37  11.692580 0.000051 0.000038  0.000004 -0.000001 -0.634744
38  0.000001 11.481682 -0.000001  0.404963 0.484401 0.741730
39  -0.000001 -0.000000 0.000000  0.000000 -0.000000 1.570789
40  11.481683 -0.000052 0.000007  0.519971 -0.356134 0.544696
41  0.137967 3.859862 1.332473  -1.465455 -1.619429 0.860062
42  0.000001 0.000000 0.000000  1.933714 0.000004 1.570794
43  3.859866 -0.137940 1.332474  0.357799 -0.048365 -0.605270
44  0.000000 1.719427 -0.000001  -0.420875 0.202310 0.066145
45  -0.000001 -0.000001 0.000003  1.743430 0.000000 1.570798
46  1.719430 0.000003 -0.000004  0.000189 -0.009099 -0.438598
47  -0.000001 1.099659 0.000001  1.022356 1.907817 1.050328
48  0.000001 0.000000 0.000000  -0.000002 0.000003 1.570799
49  1.099662 -0.000002 0.000003  -0.000119 0.002600 -0.290977
50  0.046788 3.883687 0.431451  -0.028181 -1.505149 -0.643944
51  -0.000001 0.000003 -0.000000  1.590082 0.000009 1.570787
52  3.883692 -0.046762 0.431451  0.084906 0.001840 -0.672063
53  0.000000 1.719578 0.000000  -0.720101 0.051523 -0.006475
54  0.000000 -0.000000 0.000001  1.538381 -0.000002 1.570794
55  1.719579 0.000014 -0.000017  -0.003915 0.016394 -0.719628
56  0.000000 1.209185 0.000005  -1.502664 1.085642 -1.507497
57  -0.000001 -0.000000 0.000000  -0.000000 -0.000000 1.570805
58  1.209189 0.000002 -0.000004  -0.000816 0.002971 -0.484095
59  -0.046751 3.942327 -0.431435  -0.326466 -1.473452 -0.660431
60  -0.000000 0.000002 0.000000  1.317660 0.000000 1.570797
61  3.942329 0.046779 -0.431437  -0.160904 0.031175 -0.985451
62  0.000001 1.539090 -0.000002  -0.255113 -0.026494 -0.056799
63  -0.000000 -0.000000 0.000003  1.337310 -0.000004 1.570800
64  1.539095 -0.000004 0.000003  -0.000026 0.003538 -0.262663
65  0.000001 1.196323 0.000002  -1.013119 1.118323 -1.059577
66  0.000004 0.000000 -0.000002  0.000000 -0.000001 1.570800
67  1.196327 -0.000008 0.000006  0.000001 0.000003 -0.391198
68  0.142425 3.859707 -1.191966  -0.667377 -1.423717 -0.301264
69  -0.000001 -0.000000 -0.000001  0.976757 -0.000005 1.570807
70  3.859711 -0.142399 -1.191968  -0.478196 0.090838 -0.963362
71  -0.000003 1.312566 -0.000004  -0.361360 -0.138963 -0.204711
72  0.000001 0.000000 -0.000001  1.078169 0.000003 1.570794
73  1.312572 -0.000014 0.000007  0.000005 -0.001343 -0.437237
74  0.000000 0.729365 0.000000  -0.404445 1.030434 -0.462982
75  0.000000 -0.000000 0.000001  -0.000001 -0.000001 1.570795
76  0.729368 0.000002 -0.000000  0.000002 -0.000004 -0.231830
77  0.348927 0.806043 1.321259  -1.142977 -2.276485 0.650281
78  0.000000 0.000001 0.000000  0.437032 0.000002 1.570791
79  0.806049 -0.348923 1.321261  -1.473563 -0.631194 -0.380781
80  -0.000001 1.789783 0.000001  0.105693 0.066384 0.343680
81  0.000000 0.000000 -0.000001  0.347279 0.000000 1.570806
82  1.789787 0.000011 -0.000002  0.002654 0.043679 0.349581
83  0.000001 1.207001 0.000000  0.184118 0.296140 0.567995
84  0.000001 -0.000000 0.000001  0.000001 -0.000001 1.570797
85  1.207003 -0.000011 0.000006  -0.000004 0.000001 0.540446
86  0.000000 0.000000 1.000000  1.570796 -0.000000 0.000000
time 62
0  0.000005 3.335938 -8.640624  -1.570780 -1.391896 -1.570809
1  2.033356 1.000772 -1.937610  1.473119 1.855075 -0.198639
2  6.028144 -0.000001 0.000000  2.160348 1.517223 -0.400808
3  11.692555 0.000001 0.000003  -0.000000 0.000000 -0.308011
4  11.481697 0.000002 0.000003  -1.290469 0.006153 0.200690
5  3.859679 -0.132570 1.193106  0.432210 -0.155861 -0.861350
6  1.312558 0.000005 0.000003  -0.000000 0.000000 -1.191994
7  0.729366 -0.000003 -0.000001  -0.000000 0.000000 -1.063394
8  3.942307 0.050325 0.431043  0.232421 0.000609 -0.853331
9  1.539097 -0.000003 0.000001  0.000000 0.000000 -0.973379
10  1.196322 0.000004 -0.000000  0.000000 0.000000 -1.451289
11  3.883660 -0.050323 -0.431043  0.066987 0.050243 -0.694792
12  1.719578 0.000003 -0.000000  0.000000 -0.000000 -1.251039
13  1.209184 0.000002 0.000001  0.000000 -0.000003 -1.141145
14  3.859838 -0.148937 -1.331282  -0.248855 0.263129 -0.072121
15  1.719422 0.000001 -0.000002  -0.000000 0.000000 -0.676756
16  1.099666 0.000004 0.000000  -0.000000 0.000000 -1.021287
17  0.806020 -0.359837 -1.318334  1.349685 0.343493 -0.771450
18  1.789785 0.000001 -0.000004  0.000000 0.000000 0.397500
19  1.207000 0.000004 0.000002  0.000000 -0.000000 0.989033
20  6.104522 -1.468680 -3.530282  -1.564198 -0.011689 -1.581440
21  3.820745 -1.409994 -0.589409  -1.564198 -0.011689 -1.581440
22  0.222826 -3.739062 1.509296  0.024887 2.851473 -1.494016
23  3.048727 6.125609 1.106841  1.596061 0.018247 -0.808184
24  3.527214 5.063568 0.216260  1.596061 0.018246 -0.808184
25  3.352951 5.114324 -0.401206  1.596061 0.018247 -0.808184
26  2.909482 4.772881 -1.012056  1.596061 0.018247 -0.808184
27  1.772479 4.476568 2.356868  1.596061 0.018247 -0.808184
28  0.000006 3.336140 -8.647861  -1.570799 -1.391898 -1.570795
29  2.033350 1.000764 1.937663  1.227517 0.585911 1.190966
30  2.026190 1.001859 1.937675  1.227511 0.585916 1.190961
31  0.000001 -0.000001 0.000004  1.583265 0.000007 1.570794
32  0.000000 6.028147 -0.000001  -0.406209 -0.510494 -0.919412
33  -0.000001 0.000010 -0.000006  -0.000002 0.000003 1.570792
34  0.000017 6.028144 -0.000011  -0.547461 0.351973 0.444224
35  -0.000001 11.692572 -0.000000  -0.000001 -0.000005 -0.634853
36  -0.000000 -0.000001 -0.000002  0.000005 0.000000 1.570801
37  11.692580 0.000052 0.000040  0.000004 -0.000001 -0.634843
38  -0.000001 11.481680 -0.000000  0.405115 0.484403 0.741890
39  -0.000000 -0.000000 0.000002  0.000000 -0.000000 1.570789
40  11.481681 -0.000057 0.000007  0.520001 -0.356266 0.544774
41  0.137967 3.859857 1.332474  -1.465449 -1.619428 0.860057
42  0.000000 0.000003 -0.000000  1.933714 0.000004 1.570794
43  3.859857 -0.137941 1.332474  0.357799 -0.048364 -0.605277
44  0.000001 1.719428 0.000001  -0.420866 0.202310 0.066145
45  0.000000 0.000001 -0.000000  1.743430 0.000000 1.570798
46  1.719429 0.000006 -0.000005  0.000189 -0.009098 -0.438589
47  0.000000 1.099664 -0.000001  1.022344 1.907810 1.050316
48  0.000001 -0.000000 0.000000  -0.000002 0.000003 1.570799
49  1.099665 -0.000000 0.000002  -0.000119 0.002600 -0.290969
50  0.046788 3.883687 0.431451  -0.028171 -1.505149 -0.643951
51  0.000000 -0.000001 -0.000000  1.590082 0.000009 1.570787
52  3.883686 -0.046761 0.431451  0.084906 0.001839 -0.672063
53  0.000000 1.719573 -0.000001  -0.720098 0.051523 -0.006475
54  -0.000001 -0.000001 0.000000  1.538381 -0.000002 1.570794
55  1.719578 0.000014 -0.000016  -0.003915 0.016393 -0.719626
56  0.000001 1.209182 0.000002  -1.502663 1.085644 -1.507497
57  -0.000001 0.000000 0.000001  -0.000000 -0.000000 1.570805
58  1.209186 -0.000003 -0.000001  -0.000816 0.002971 -0.484093
59  -0.046751 3.942325 -0.431434  -0.326457 -1.473452 -0.660443
60  0.000000 0.000000 -0.000001  1.317660 0.000000 1.570797
61  3.942323 0.046778 -0.431436  -0.160904 0.031174 -0.985454
62  0.000001 1.539091 -0.000001  -0.255111 -0.026494 -0.056799
63  0.000001 -0.000001 0.000002  1.337310 -0.000004 1.570800
64  1.539095 0.000002 0.000001  -0.000026 0.003537 -0.262661
65  0.000003 1.196321 0.000002  -1.013117 1.118325 -1.059573
66  0.000002 -0.000000 -0.000000  0.000000 -0.000001 1.570800
67  1.196326 -0.000005 0.000005  0.000000 0.000003 -0.391196
68  0.142426 3.859703 -1.191966  -0.667380 -1.423717 -0.301264
69  -0.000001 0.000001 0.000000  0.976757 -0.000005 1.570807
70  3.859704 -0.142400 -1.191968  -0.478196 0.090839 -0.963366
71  -0.000001 1.312568 0.000001  -0.361355 -0.138963 -0.204711
72  0.000000 -0.000001 0.000005  1.078169 0.000003 1.570794
73  1.312573 -0.000013 0.000008  0.000004 -0.001346 -0.437232
74  0.000000 0.729364 0.000006  -0.404435 1.030437 -0.462971
75  0.000002 0.000001 -0.000000  -0.000001 -0.000001 1.570795
76  0.729367 0.000005 0.000000  0.000001 -0.000004 -0.231824
77  0.348927 0.806042 1.321262  -1.142975 -2.276482 0.650279
78  0.000001 0.000000 0.000000  0.437032 0.000002 1.570791
79  0.806044 -0.348924 1.321262  -1.473563 -0.631192 -0.380782
80  0.000004 1.789783 -0.000004  0.105693 0.066384 0.343677
81  -0.000000 0.000001 -0.000001  0.347279 0.000000 1.570806
82  1.789790 0.000009 -0.000003  0.002654 0.043678 0.349579
83  -0.000000 1.207000 -0.000002  0.184116 0.296141 0.567990
84  0.000000 -0.000001 0.000000  0.000001 -0.000001 1.570797
85  1.206999 -0.000009 0.000004  -0.000004 0.000001 0.540442
86  0.000000 0.000000 1.000000  1.570796 -0.000000 0.000000
time 63
0  0.000005 3.335938 -8.640624  -1.570780 -1.391896 -1.570809
1  2.033356 1.000772 -1.937610  1.473119 1.855075 -0.198639
2  6.028144 -0.000001 0.000000  2.159091 1.517129 -0.402067
3  11.692555 0.000000 0.000002  -0.000000 0.000000 -0.308274
4  11.481696 0.000001 0.000003  -1.290487 0.006092 0.200690
5  3.859679 -0.132570 1.193107  0.432210 -0.155861 -0.861350
6  1.312561 0.000003 0.000001  -0.000000 0.000000 -1.191994
7  0.729365 -0.000001 -0.000002  -0.000000 0.000000 -1.063394
8  3.942307 0.050326 0.431044  0.232421 0.000609 -0.853331
9  1.539100 0.000000 0.000001  0.000000 0.000000 -0.973379
10  1.196321 0.000008 -0.000001  -0.000000 0.000000 -1.451289
11  3.883658 -0.050323 -0.431043  0.066987 0.050243 -0.694792
12  1.719577 0.000006 0.000000  0.000000 -0.000000 -1.251039
13  1.209184 0.000003 0.000001  0.000000 -0.000003 -1.141145
14  3.859835 -0.148937 -1.331282  -0.248855 0.263129 -0.072121
15  1.719424 0.000002 -0.000001  -0.000000 0.000000 -0.676756
16  1.099668 0.000003 -0.000001  -0.000000 0.000000 -1.021287
17  0.806020 -0.359837 -1.318333  1.349685 0.343493 -0.771450
18  1.789781 0.000001 -0.000007  -0.000000 -0.000000 0.397500
19  1.206998 0.000002 0.000003  0.000000 -0.000000 0.989033
20  6.104522 -1.468679 -3.530282  -1.564198 -0.011689 -1.581440
21  3.820745 -1.409994 -0.589408  -1.564198 -0.011689 -1.581440
22  0.222816 -3.739062 1.509298  0.024887 2.851473 -1.494016
23  3.048726 6.125610 1.106840  1.596061 0.018247 -0.808184
24  3.527215 5.063569 0.216259  1.596061 0.018246 -0.808184
25  3.352950 5.114328 -0.401209  1.596061 0.018247 -0.808184
26  2.909482 4.772882 -1.012058  1.596061 0.018247 -0.808184
27  1.772478 4.476571 2.356867  1.596061 0.018247 -0.808184
28  0.000006 3.336140 -8.647861  -1.570799 -1.391898 -1.570795
29  2.033350 1.000764 1.937663  1.227517 0.585911 1.190966
30  2.026190 1.001859 1.937675  1.227511 0.585916 1.190961
31  0.000001 -0.000001 0.000004  1.583265 0.000007 1.570794
32  0.000000 6.028147 -0.000001  -0.406251 -0.510461 -0.919325
33  -0.000002 0.000010 -0.000005  -0.000002 0.000003 1.570791
34  0.000017 6.028144 -0.000011  -0.547435 0.352016 0.444300
35  -0.000000 11.692571 0.000001  -0.000001 -0.000005 -0.635045
36  0.000001 0.000002 -0.000002  0.000005 0.000000 1.570801
37  11.692577 0.000051 0.000040  0.000004 -0.000001 -0.635036
38  0.000000 11.481683 -0.000001  0.405293 0.484373 0.742063
39  -0.000001 0.000002 0.000002  0.000000 -0.000000 1.570789
40  11.481680 -0.000052 0.000008  0.520002 -0.356427 0.544863
41  0.137967 3.859862 1.332474  -1.465451 -1.619429 0.860058
42  0.000000 -0.000003 0.000002  1.933714 0.000004 1.570794
43  3.859862 -0.137941 1.332473  0.357799 -0.048365 -0.605272
44  -0.000001 1.719427 0.000003  -0.420872 0.202310 0.066145
45  -0.000001 0.000001 0.000001  1.743430 0.000000 1.570798
46  1.719435 0.000006 -0.000005  0.000189 -0.009099 -0.438595
47  -0.000001 1.099664 0.000000  1.022353 1.907815 1.050325
48  0.000001 0.000001 -0.000001  -0.000002 0.000003 1.570799
49  1.099666 -0.000003 0.000001  -0.000119 0.002600 -0.290975
50  0.046788 3.883691 0.431451  -0.028167 -1.505149 -0.643957
51  0.000001 -0.000002 0.000000  1.590082 0.000009 1.570787
52  3.883690 -0.046761 0.431449  0.084906 0.001839 -0.672064
53  0.000002 1.719576 0.000001  -0.720099 0.051523 -0.006475
54  -0.000001 -0.000001 -0.000002  1.538381 -0.000002 1.570794
55  1.719579 0.000016 -0.000016  -0.003914 0.016394 -0.719626
56  -0.000001 1.209181 0.000000  -1.502664 1.085644 -1.507497
57  0.000000 -0.000001 0.000000  -0.000000 -0.000000 1.570805
58  1.209184 -0.000002 -0.000003  -0.000816 0.002971 -0.484094
59  -0.046752 3.942329 -0.431436  -0.326457 -1.473452 -0.660441
60  -0.000001 0.000000 -0.000001  1.317660 0.000000 1.570797
61  3.942330 0.046779 -0.431439  -0.160904 0.031174 -0.985454
62  0.000001 1.539091 -0.000004  -0.255112 -0.026494 -0.056799
63  -0.000001 0.000001 -0.000001  1.337310 -0.000004 1.570800
64  1.539093 -0.000006 0.000002  -0.000026 0.003537 -0.262661
65  -0.000000 1.196323 0.000001  -1.013117 1.118325 -1.059573
66  -0.000001 0.000000 -0.000000  0.000000 -0.000001 1.570800
67  1.196326 -0.000005 0.000005  0.000000 0.000003 -0.391197
68  0.142426 3.859705 -1.191966  -0.667380 -1.423716 -0.301262
69  0.000001 0.000000 -0.000002  0.976757 -0.000005 1.570807
70  3.859707 -0.142401 -1.191969  -0.478196 0.090839 -0.963363
71  0.000002 1.312567 -0.000002  -0.361358 -0.138963 -0.204711
72  -0.000000 0.000000 0.000001  1.078169 0.000003 1.570794
73  1.312572 -0.000016 0.000010  0.000005 -0.001344 -0.437235
74  0.000000 0.729364 -0.000001  -0.404441 1.030435 -0.462978
75  0.000001 0.000000 -0.000001  -0.000001 -0.000001 1.570795
76  0.729366 -0.000001 -0.000000  0.000001 -0.000004 -0.231828
77  0.348926 0.806047 1.321260  -1.142974 -2.276481 0.650279
78  -0.000001 -0.000000 -0.000000  0.437032 0.000002 1.570790
79  0.806049 -0.348923 1.321259  -1.473563 -0.631191 -0.380781
80  -0.000001 1.789784 0.000000  0.105693 0.066385 0.343676
81  -0.000000 -0.000002 -0.000000  0.347279 0.000000 1.570806
82  1.789789 0.000012 -0.000002  0.002654 0.043678 0.349578
83  0.000000 1.206998 -0.000002  0.184116 0.296141 0.567990
84  0.000000 -0.000002 0.000000  0.000001 -0.000001 1.570797
85  1.207002 -0.000011 0.000003  -0.000004 0.000001 0.540441
86  0.000000 0.000000 1.000000  1.570796 -0.000000 0.000000
time 64
0  0.000005 3.335938 -8.640624  -1.570780 -1.391896 -1.570809
1  2.033356 1.000772 -1.937610  1.473119 1.855075 -0.198639
2  6.028144 -0.000001 0.000000  2.157567 1.517036 -0.403591
3  11.692556 0.000001 0.000003  0.000000 0.000000 -0.308575
4  11.481697 0.000001 0.000002  -1.290487 0.006030 0.200668
5  3.859677 -0.132569 1.193107  0.432210 -0.155861 -0.861350
6  1.312559 0.000002 0.000001  -0.000000 0.000000 -1.191994
7  0.729368 -0.000001 -0.000002  -0.000000 0.000000 -1.063394
8  3.942305 0.050326 0.431043  0.232421 0.000609 -0.853331
9  1.539096 -0.000007 0.000001  -0.000000 0.000000 -0.973379
10  1.196321 0.000007 -0.000001  0.000000 0.000000 -1.451289
11  3.883657 -0.050322 -0.431043  0.066987 0.050243 -0.694792
12  1.719574 0.000004 0.000001  0.000000 -0.000000 -1.251039
13  1.209185 0.000002 -0.000000  0.000000 -0.000003 -1.141173
14  3.859836 -0.148936 -1.331282  -0.248855 0.263129 -0.072121
15  1.719421 0.000001 -0.000001  0.000000 0.000000 -0.676756
16  1.099667 0.000001 0.000001  0.000000 0.000000 -1.021287
17  0.806021 -0.359836 -1.318334  1.349685 0.343493 -0.771450
18  1.789783 0.000001 -0.000004  -0.000000 -0.000000 0.397500
19  1.206999 0.000003 0.000003  0.000000 -0.000000 0.989033
20  6.104522 -1.468679 -3.530282  -1.564198 -0.011689 -1.581440
21  3.820742 -1.409993 -0.589408  -1.564198 -0.011689 -1.581440
22  0.222832 -3.739062 1.509297  0.024887 2.851473 -1.494016
23  3.048726 6.125613 1.106842  1.596061 0.018247 -0.808184
24  3.527214 5.063568 0.216260  1.596061 0.018246 -0.808184
25  3.352950 5.114327 -0.401205  1.596061 0.018247 -0.808184
26  2.909482 4.772884 -1.012056  1.596061 0.018247 -0.808184
27  1.772479 4.476571 2.356869  1.596061 0.018247 -0.808184
28  0.000006 3.336140 -8.647861  -1.570799 -1.391898 -1.570795
29  2.033350 1.000764 1.937663  1.227517 0.585911 1.190966
30  2.026190 1.001859 1.937675  1.227511 0.585916 1.190961
31  0.000001 -0.000001 0.000004  1.583265 0.000007 1.570794
32  0.000000 6.028147 -0.000001  -0.406290 -0.510405 -0.919200
33  -0.000002 0.000010 -0.000006  -0.000002 0.000003 1.570792
34  0.000017 6.028144 -0.000011  -0.547384 0.352061 0.444423
35  -0.000002 11.692571 0.000000  -0.000001 -0.000005 -0.635313
36  0.000000 0.000001 -0.000001  0.000005 0.000000 1.570801
37  11.692577 0.000052 0.000041  0.000004 -0.000001 -0.635304
38  -0.000000 11.481682 -0.000000  0.405509 0.484351 0.742285
39  -0.000001 0.000002 0.000001  0.000000 -0.000000 1.570789
40  11.481682 -0.000054 0.000008  0.520019 -0.356618 0.544979
41  0.137968 3.859856 1.332473  -1.465448 -1.619429 0.860060
42  -0.000001 0.000002 0.000000  1.933714 0.000004 1.570794
43  3.859855 -0.137941 1.332473  0.357798 -0.048366 -0.605272
44  -0.000001 1.719430 0.000000  -0.420876 0.202310 0.066145
45  -0.000001 -0.000001 0.000001  1.743430 0.000000 1.570798
46  1.719432 0.000006 -0.000008  0.000189 -0.009099 -0.438599
47  -0.000001 1.099663 0.000000  1.022356 1.907817 1.050329
48  0.000001 -0.000000 -0.000000  -0.000002 0.000003 1.570799
49  1.099666 0.000001 0.000003  -0.000119 0.002600 -0.290978
50  0.046788 3.883687 0.431450  -0.028174 -1.505149 -0.643947
51  -0.000000 0.000002 -0.000003  1.590082 0.000009 1.570787
52  3.883686 -0.046762 0.431449  0.084906 0.001839 -0.672065
53  -0.000001 1.719574 -0.000003  -0.720100 0.051523 -0.006475
54  -0.000000 0.000000 0.000003  1.538382 -0.000002 1.570794
55  1.719579 0.000012 -0.000018  -0.003915 0.016393 -0.719628
56  0.000000 1.209181 -0.000000  -1.502664 1.085643 -1.507497
57  0.000001 0.000000 0.000001  -0.000000 -0.000000 1.570805
58  1.209184 -0.000005 -0.000002  -0.000816 0.002971 -0.484093
59  -0.046751 3.942324 -0.431435  -0.326468 -1.473452 -0.660430
60  0.000001 0.000002 -0.000001  1.317660 0.000000 1.570797
61  3.942323 0.046778 -0.431437  -0.160904 0.031175 -0.985455
62  0.000001 1.539093 -0.000004  -0.255111 -0.026494 -0.056799
63  -0.000000 -0.000001 -0.000002  1.337310 -0.000004 1.570800
64  1.539097 -0.000001 0.000001  -0.000026 0.003537 -0.262661
65  0.000001 1.196323 -0.000000  -1.013116 1.118326 -1.059573
66  0.000001 0.000000 0.000000  0.000000 -0.000001 1.570800
67  1.196327 -0.000004 0.000005  0.000000 0.000003 -0.391196
68  0.142426 3.859704 -1.191966  -0.667380 -1.423717 -0.301262
69  -0.000000 -0.000000 0.000000  0.976757 -0.000005 1.570807
70  3.859703 -0.142401 -1.191968  -0.478196 0.090839 -0.963365
71  -0.000001 1.312567 0.000002  -0.361359 -0.138963 -0.204711
72  -0.000001 0.000000 0.000000  1.078169 0.000003 1.570794
73  1.312574 -0.000013 0.000008  0.000004 -0.001344 -0.437236
74  -0.000001 0.729364 0.000001  -0.404442 1.030435 -0.462978
75  0.000001 0.000000 0.000001  -0.000001 -0.000001 1.570795
76  0.729365 0.000003 0.000001  0.000002 -0.000004 -0.231828
77  0.348928 0.806042 1.321260  -1.142977 -2.276484 0.650280
78  0.000001 -0.000000 -0.000002  0.437032 0.000002 1.570791
79  0.806041 -0.348924 1.321260  -1.473564 -0.631194 -0.380782
80  0.000000 1.789782 0.000000  0.105693 0.066384 0.343680
81  0.000000 -0.000001 0.000000  0.347279 0.000000 1.570806
82  1.789786 0.000011 -0.000001  0.002654 0.043679 0.349581
83  0.000000 1.207000 -0.000001  0.184117 0.296140 0.567994
84  -0.000000 -0.000000 -0.000001  0.000001 -0.000001 1.570797
85  1.207006 -0.000012 0.000004  -0.000004 0.000001 0.540445
86  0.000000 0.000000 1.000000  1.570796 -0.000000 0.000000
time 65
0  0.000005 3.335938 -8.640624  -1.570780 -1.391896 -1.570809
1  2.033356 1.000772 -1.937610  1.473119 1.855075 -0.198639
2  6.028144 -0.000001 0.000000  2.155815 1.516895 -0.405333
3  11.692554 0.000001 0.000003  -0.000000 0.000000 -0.308913
4  11.481697 0.000001 0.000002  -1.290505 0.005968 0.200668
5  3.859680 -0.132570 1.193108  0.432210 -0.155861 -0.861350
6  1.312560 0.000002 0.000001  -0.000000 0.000000 -1.191994
7  0.729366 -0.000004 -0.000000  -0.000000 0.000000 -1.063394
8  3.942307 0.050326 0.431043  0.232421 0.000609 -0.853331
9  1.539100 -0.000005 0.000001  -0.000000 0.000000 -0.973379
10  1.196323 0.000007 -0.000001  -0.000000 0.000000 -1.451289
11  3.883660 -0.050323 -0.431043  0.066987 0.050243 -0.694792
12  1.719578 0.000006 0.000001  0.000000 -0.000000 -1.251039
13  1.209184 0.000001 0.000001  0.000000 -0.000003 -1.141145
14  3.859840 -0.148937 -1.331283  -0.248855 0.263129 -0.072121
15  1.719420 0.000001 -0.000001  0.000000 0.000000 -0.676756
16  1.099666 0.000004 0.000000  -0.000000 0.000000 -1.021287
17  0.806021 -0.359837 -1.318334  1.349685 0.343493 -0.771450
18  1.789785 0.000001 -0.000005  0.000000 0.000000 0.397500
19  1.206999 0.000003 0.000002  0.000000 -0.000000 0.989033
20  6.104523 -1.468679 -3.530283  -1.564198 -0.011689 -1.581440
21  3.820745 -1.409994 -0.589408  -1.564198 -0.011689 -1.581440
22  0.222823 -3.739060 1.509295  0.024887 2.851473 -1.494016
23  3.048727 6.125610 1.106840  1.596061 0.018247 -0.808184
24  3.527214 5.063566 0.216258  1.596061 0.018246 -0.808184
25  3.352950 5.114326 -0.401207  1.596061 0.018247 -0.808184
26  2.909482 4.772880 -1.012057  1.596061 0.018247 -0.808184
27  1.772479 4.476569 2.356867  1.596061 0.018247 -0.808184
28  0.000006 3.336140 -8.647861  -1.570799 -1.391898 -1.570795
29  2.033350 1.000764 1.937663  1.227517 0.585911 1.190966
30  2.026190 1.001859 1.937675  1.227511 0.585916 1.190961
31  0.000001 -0.000001 0.000004  1.583265 0.000007 1.570794
32  0.000000 6.028147 -0.000001  -0.406361 -0.510378 -0.919101
33  0.000001 0.000010 -0.000005  -0.000002 0.000003 1.570792
34  0.000017 6.028144 -0.000011  -0.547369 0.352127 0.444493
35  0.000002 11.692571 0.000001  -0.000001 -0.000005 -0.635505
36  -0.000001 0.000000 -0.000002  0.000005 0.000000 1.570801
37  11.692579 0.000054 0.000038  0.000004 -0.000001 -0.635496
38  -0.000001 11.481681 0.000000  0.405732 0.484318 0.742455
39  -0.000001 0.000001 0.000000  0.000000 -0.000000 1.570789
40  11.481682 -0.000056 0.000008  0.520026 -0.356819 0.545043
41  0.137967 3.859860 1.332473  -1.465456 -1.619430 0.860063
42  -0.000000 -0.000002 -0.000001  1.933714 0.000004 1.570794
43  3.859860 -0.137940 1.332474  0.357799 -0.048365 -0.605271
44  0.000001 1.719426 -0.000001  -0.420878 0.202310 0.066145
45  -0.000000 -0.000000 -0.000001  1.743430 0.000000 1.570798
46  1.719430 0.000003 -0.000004  0.000189 -0.009100 -0.438600
47  0.000001 1.099662 -0.000001  1.022359 1.907818 1.050332
48  0.000001 -0.000000 0.000001  -0.000002 0.000003 1.570799
49  1.099664 0.000003 0.000005  -0.000120 0.002599 -0.290979
50  0.046788 3.883690 0.431450  -0.028187 -1.505149 -0.643939
51  0.000000 -0.000001 -0.000001  1.590082 0.000009 1.570787
52  3.883689 -0.046761 0.431450  0.084907 0.001840 -0.672064
53  0.000002 1.719572 -0.000003  -0.720100 0.051523 -0.006475
54  -0.000001 -0.000001 0.000001  1.538382 -0.000002 1.570794
55  1.719580 0.000014 -0.000015  -0.003915 0.016394 -0.719627
56  -0.000002 1.209184 0.000000  -1.502664 1.085643 -1.507497
57  -0.000002 0.000000 -0.000001  -0.000000 -0.000000 1.570805
58  1.209187 -0.000002 -0.000003  -0.000816 0.002971 -0.484094
59  -0.046751 3.942328 -0.431436  -0.326466 -1.473452 -0.660434
60  0.000001 0.000000 -0.000000  1.317660 0.000000 1.570797
61  3.942327 0.046779 -0.431436  -0.160904 0.031175 -0.985454
62  0.000000 1.539093 0.000000  -0.255112 -0.026494 -0.056799
63  0.000001 0.000001 -0.000000  1.337310 -0.000004 1.570800
64  1.539097 0.000003 0.000003  -0.000026 0.003538 -0.262661
65  0.000002 1.196324 -0.000002  -1.013118 1.118325 -1.059574
66  -0.000000 -0.000001 0.000000  0.000000 -0.000001 1.570800
67  1.196327 -0.000005 0.000003  0.000000 0.000003 -0.391197
68  0.142426 3.859709 -1.191967  -0.667382 -1.423717 -0.301262
69  -0.000000 0.000000 -0.000002  0.976757 -0.000005 1.570807
70  3.859708 -0.142399 -1.191968  -0.478196 0.090839 -0.963364
71  0.000000 1.312564 -0.000003  -0.361360 -0.138963 -0.204711
72  0.000001 -0.000001 -0.000003  1.078169 0.000003 1.570794
73  1.312570 -0.000015 0.000008  0.000004 -0.001344 -0.437237
74  0.000002 0.729363 -0.000002  -0.404442 1.030435 -0.462980
75  -0.000000 -0.000000 0.000000  -0.000001 -0.000001 1.570795
76  0.729365 -0.000001 0.000000  0.000001 -0.000004 -0.231829
77  0.348927 0.806046 1.321259  -1.142977 -2.276484 0.650281
78  0.000000 0.000000 0.000000  0.437032 0.000002 1.570790
79  0.806049 -0.348924 1.321262  -1.473563 -0.631194 -0.380782
80  0.000000 1.789784 -0.000002  0.105693 0.066384 0.343680
81  0.000001 0.000001 0.000001  0.347279 0.000000 1.570806
82  1.789787 0.000013 -0.000004  0.002654 0.043679 0.349581
83  0.000003 1.207001 0.000001  0.184117 0.296140 0.567995
84  0.000001 -0.000000 -0.000000  0.000001 -0.000001 1.570797
85  1.207005 -0.000012 0.000003  -0.000003 0.000001 0.540446
86  0.000000 0.000000 1.000000  1.570796 -0.000000 0.000000
time 66
0  0.000005 3.335938 -8.640624  -1.570780 -1.391896 -1.570809
1  2.033356 1.000772 -1.937610  1.473119 1.855075 -0.198639
2  6.028144 -0.000001 0.000000  2.153879 1.516708 -0.407269
3  11.692554 -0.000000 0.000003  0.000000 0.000000 -0.309289
4  11.481700 -0.000000 0.000002  -1.290505 0.005927 0.200668
5  3.859678 -0.132569 1.193107  0.432210 -0.155861 -0.861350
6  1.312561 0.000006 -0.000000  -0.000000 0.000000 -1.191994
7  0.729365 0.000001 -0.000000  -0.000000 0.000000 -1.063394
8  3.942306 0.050325 0.431043  0.232421 0.000609 -0.853331
9  1.539098 -0.000006 0.000001  -0.000000 0.000000 -0.973379
10  1.196322 0.000009 -0.000000  0.000000 0.000000 -1.451289
11  3.883659 -0.050323 -0.431043  0.066987 0.050243 -0.694792
12  1.719577 0.000004 -0.000000  0.000000 -0.000000 -1.251039
13  1.209184 0.000003 0.000000  0.000000 -0.000003 -1.141145
14  3.859837 -0.148936 -1.331282  -0.248855 0.263129 -0.072121
15  1.719419 0.000001 -0.000000  -0.000000 0.000000 -0.676756
16  1.099667 0.000002 0.000000  -0.000000 0.000000 -1.021287
17  0.806021 -0.359837 -1.318333  1.349685 0.343493 -0.771450
18  1.789783 -0.000001 -0.000003  -0.000000 -0.000000 0.397500
19  1.207000 0.000002 0.000003  0.000000 0.000000 0.989033
20  6.104522 -1.468679 -3.530282  -1.564198 -0.011689 -1.581440
21  3.820743 -1.409994 -0.589409  -1.564198 -0.011689 -1.581440
22  0.222830 -3.739061 1.509297  0.024887 2.851473 -1.494016
23  3.048726 6.125612 1.106840  1.596061 0.018247 -0.808184
24  3.527214 5.063568 0.216258  1.596061 0.018246 -0.808184
25  3.352949 5.114327 -0.401208  1.596061 0.018247 -0.808184
26  2.909482 4.772883 -1.012057  1.596061 0.018247 -0.808184
27  1.772478 4.476570 2.356867  1.596061 0.018247 -0.808184
28  0.000006 3.336140 -8.647861  -1.570799 -1.391898 -1.570795
29  2.033350 1.000764 1.937663  1.227517 0.585911 1.190966
30  2.026190 1.001859 1.937675  1.227511 0.585916 1.190961
31  0.000001 -0.000001 0.000004  1.583265 0.000007 1.570794
32  0.000000 6.028147 -0.000001  -0.406437 -0.510380 -0.919050
33  -0.000001 0.000010 -0.000006  -0.000002 0.000003 1.570792
34  0.000017 6.028144 -0.000011  -0.547386 0.352192 0.444501
35  -0.000001 11.692572 -0.000000  -0.000001 -0.000005 -0.635596
36  0.000001 0.000002 -0.000003  0.000005 0.000000 1.570801
37  11.692579 0.000053 0.000041  0.000004 -0.000001 -0.635587
38  0.000000 11.481685 0.000001  0.405967 0.484331 0.742561
39  -0.000001 0.000002 0.000001  0.000000 -0.000000 1.570789
40  11.481686 -0.000054 0.000007  0.520083 -0.357020 0.545019
41  0.137968 3.859855 1.332474  -1.465452 -1.619428 0.860056
42  -0.000001 0.000000 -0.000000  1.933714 0.000004 1.570794
43  3.859861 -0.137941 1.332473  0.357799 -0.048364 -0.605273
44  0.000000 1.719426 -0.000000  -0.420871 0.202310 0.066145
45  -0.000000 0.000000 0.000003  1.743430 0.000000 1.570798
46  1.719430 0.000006 -0.000006  0.000189 -0.009099 -0.438593
47  -0.000001 1.099661 0.000003  1.022350 1.907814 1.050322
48  0.000000 0.000001 0.000000  -0.000002 0.000003 1.570799
49  1.099662 0.000000 0.000002  -0.000119 0.002600 -0.290973
50  0.046789 3.883690 0.431451  -0.028180 -1.505149 -0.643940
51  -0.000000 0.000001 0.000000  1.590082 0.000009 1.570787
52  3.883693 -0.046762 0.431449  0.084906 0.001840 -0.672063
53  0.000000 1.719576 0.000001  -0.720100 0.051523 -0.006475
54  -0.000000 -0.000001 -0.000002  1.538381 -0.000002 1.570794
55  1.719581 0.000018 -0.000017  -0.003915 0.016394 -0.719627
56  -0.000001 1.209183 0.000000  -1.502664 1.085643 -1.507497
57  0.000003 0.000000 -0.000001  -0.000000 -0.000000 1.570805
58  1.209187 0.000000 -0.000002  -0.000816 0.002971 -0.484094
59  -0.046751 3.942329 -0.431435  -0.326462 -1.473452 -0.660433
60  -0.000001 -0.000001 -0.000000  1.317660 0.000000 1.570797
61  3.942331 0.046779 -0.431438  -0.160904 0.031174 -0.985452
62  -0.000001 1.539091 0.000003  -0.255115 -0.026494 -0.056799
63  -0.000000 0.000000 -0.000001  1.337310 -0.000004 1.570800
64  1.539097 0.000004 0.000002  -0.000026 0.003538 -0.262664
65  -0.000002 1.196322 0.000001  -1.013121 1.118322 -1.059578
66  0.000003 0.000000 0.000000  0.000000 -0.000001 1.570800
67  1.196325 -0.000005 0.000002  0.000000 0.000003 -0.391200
68  0.142426 3.859706 -1.191967  -0.667379 -1.423717 -0.301262
69  0.000000 -0.000000 -0.000003  0.976757 -0.000005 1.570807
70  3.859711 -0.142400 -1.191970  -0.478196 0.090839 -0.963364
71  0.000000 1.312566 -0.000006  -0.361360 -0.138964 -0.204711
72  0.000001 0.000000 -0.000001  1.078169 0.000003 1.570794
73  1.312571 -0.000011 0.000008  0.000005 -0.001343 -0.437237
74  0.000002 0.729364 -0.000001  -0.404444 1.030435 -0.462981
75  0.000000 0.000001 -0.000000  -0.000001 -0.000001 1.570795
76  0.729366 0.000000 -0.000000  0.000002 -0.000004 -0.231830
77  0.348927 0.806044 1.321260  -1.142977 -2.276486 0.650281
78  0.000001 -0.000001 -0.000000  0.437032 0.000002 1.570791
79  0.806050 -0.348924 1.321259  -1.473564 -0.631195 -0.380781
80  0.000001 1.789782 -0.000000  0.105694 0.066384 0.343681
81  -0.000000 -0.000002 -0.000000  0.347279 0.000000 1.570806
82  1.789788 0.000011 -0.000001  0.002654 0.043679 0.349583
83  0.000001 1.206997 0.000001  0.184118 0.296140 0.567996
84  -0.000000 0.000002 -0.000001  0.000001 -0.000001 1.570797
85  1.207002 -0.000011 0.000005  -0.000004 0.000001 0.540448
86  0.000000 0.000000 1.000000  1.570796 -0.000000 0.000000
time 67
0  0.000005 3.335938 -8.640624  -1.570780 -1.391896 -1.570809
1  2.033356 1.000772 -1.937610  1.473119 1.855075 -0.198639
2  6.028144 -0.000001 0.000000  2.151838 1.516568 -0.409326
3  11.692554 -0.000000 0.000004  0.000000 0.000000 -0.309703
4  11.481696 0.000002 0.000002  -1.290524 0.005866 0.200668
5  3.859678 -0.132571 1.193107  0.432210 -0.155861 -0.861350
6  1.312561 0.000003 0.000000  -0.000000 0.000000 -1.191994
7  0.729363 0.000002 -0.000001  -0.000000 0.000000 -1.063394
8  3.942307 0.050325 0.431043  0.232421 0.000609 -0.853331
9  1.539095 -0.000009 0.000001  -0.000000 0.000000 -0.973379
10  1.196321 0.000008 -0.000000  0.000000 0.000000 -1.451289
11  3.883658 -0.050324 -0.431043  0.066987 0.050243 -0.694792
12  1.719578 0.000005 -0.000000  0.000000 -0.000000 -1.251039
13  1.209184 0.000004 0.000001  0.000000 -0.000003 -1.141173
14  3.859838 -0.148937 -1.331283  -0.248855 0.263129 -0.072121
15  1.719421 0.000002 -0.000002  -0.000000 0.000000 -0.676756
16  1.099669 0.000003 0.000001  0.000000 0.000000 -1.021287
17  0.806021 -0.359838 -1.318334  1.349685 0.343493 -0.771450
18  1.789782 -0.000000 -0.000006  -0.000000 -0.000000 0.397500
19  1.206999 0.000002 0.000004  0.000000 -0.000000 0.989033
20  6.104523 -1.468680 -3.530283  -1.564198 -0.011689 -1.581440
21  3.820744 -1.409995 -0.589409  -1.564198 -0.011689 -1.581440
22  0.222817 -3.739063 1.509296  0.024887 2.851473 -1.494016
23  3.048727 6.125610 1.106840  1.596061 0.018247 -0.808184
24  3.527214 5.063568 0.216258  1.596061 0.018246 -0.808183
25  3.352950 5.114325 -0.401207  1.596061 0.018247 -0.808184
26  2.909481 4.772883 -1.012057  1.596061 0.018247 -0.808184
27  1.772478 4.476567 2.356867  1.596061 0.018247 -0.808184
28  0.000006 3.336140 -8.647861  -1.570799 -1.391898 -1.570795
29  2.033350 1.000764 1.937663  1.227517 0.585911 1.190966
30  2.026190 1.001859 1.937675  1.227511 0.585916 1.190961
31  0.000001 -0.000001 0.000004  1.583265 0.000007 1.570794
32  0.000000 6.028147 -0.000001  -0.406491 -0.510320 -0.918907
33  -0.000001 0.000009 -0.000006  -0.000002 0.000003 1.570792
34  0.000017 6.028144 -0.000011  -0.547334 0.352250 0.444635
35  -0.000000 11.692571 -0.000001  -0.000001 -0.000005 -0.635907
36  0.000001 0.000002 -0.000002  0.000005 0.000000 1.570801
37  11.692579 0.000053 0.000040  0.000004 -0.000001 -0.635898
38  -0.000000 11.481683 -0.000000  0.406224 0.484311 0.742808
39  -0.000001 -0.000001 0.000001  0.000000 -0.000000 1.570789
40  11.481681 -0.000053 0.000008  0.520110 -0.357247 0.545138
41  0.137967 3.859859 1.332473  -1.465455 -1.619430 0.860063
42  0.000000 0.000001 0.000001  1.933714 0.000004 1.570794
43  3.859859 -0.137941 1.332474  0.357799 -0.048366 -0.605274
44  0.000001 1.719428 0.000000  -0.420872 0.202310 0.066145
45  -0.000000 -0.000001 0.000000  1.743430 0.000000 1.570798
46  1.719430 0.000005 -0.000004  0.000190 -0.009099 -0.438596
47  -0.000001 1.099661 0.000001  1.022353 1.907815 1.050325
48  0.000000 -0.000001 0.000000  -0.000002 0.000003 1.570799
49  1.099664 -0.000001 0.000001  -0.000119 0.002600 -0.290975
50  0.046788 3.883688 0.431450  -0.028177 -1.505149 -0.643947
51  0.000000 0.000000 0.000002  1.590082 0.000009 1.570787
52  3.883689 -0.046761 0.431450  0.084906 0.001840 -0.672065
53  0.000001 1.719577 -0.000000  -0.720098 0.051523 -0.006475
54  -0.000000 0.000001 -0.000001  1.538381 -0.000002 1.570794
55  1.719579 0.000016 -0.000015  -0.003915 0.016394 -0.719626
56  0.000000 1.209182 0.000001  -1.502664 1.085644 -1.507496
57  0.000004 0.000001 -0.000000  -0.000000 -0.000000 1.570805
58  1.209184 0.000000 -0.000001  -0.000817 0.002971 -0.484093
59  -0.046751 3.942326 -0.431436  -0.326462 -1.473452 -0.660437
60  0.000001 0.000001 -0.000000  1.317660 0.000000 1.570797
61  3.942326 0.046779 -0.431437  -0.160904 0.031174 -0.985455
62  0.000001 1.539092 -0.000001  -0.255110 -0.026494 -0.056799
63  0.000000 -0.000000 -0.000001  1.337310 -0.000004 1.570800
64  1.539098 0.000001 0.000003  -0.000026 0.003537 -0.262660
65  0.000002 1.196320 -0.000004  -1.013115 1.118327 -1.059571
66  -0.000002 0.000000 0.000000  0.000000 -0.000001 1.570800
67  1.196324 -0.000008 0.000004  0.000000 0.000003 -0.391195
68  0.142425 3.859704 -1.191967  -0.667375 -1.423718 -0.301271
69  0.000000 -0.000001 0.000003  0.976757 -0.000005 1.570807
70  3.859706 -0.142400 -1.191970  -0.478196 0.090838 -0.963367
71  0.000000 1.312565 0.000006  -0.361354 -0.138963 -0.204711
72  -0.000001 0.000000 0.000000  1.078169 0.000003 1.570794
73  1.312573 -0.000010 0.000010  0.000004 -0.001346 -0.437232
74  0.000001 0.729364 -0.000001  -0.404434 1.030437 -0.462970
75  -0.000000 -0.000000 0.000000  -0.000001 -0.000001 1.570795
76  0.729367 0.000001 0.000001  0.000001 -0.000004 -0.231824
77  0.348927 0.806046 1.321260  -1.142977 -2.276484 0.650280
78  0.000000 0.000001 0.000001  0.437032 0.000002 1.570790
79  0.806046 -0.348924 1.321261  -1.473563 -0.631194 -0.380782
80  0.000001 1.789784 0.000003  0.105693 0.066384 0.343679
81  0.000000 0.000002 0.000001  0.347279 0.000000 1.570806
82  1.789785 0.000012 0.000000  0.002654 0.043679 0.349580
83  -0.000001 1.206998 0.000002  0.184117 0.296140 0.567993
84  0.000000 -0.000002 0.000000  0.000001 -0.000001 1.570797
85  1.207002 -0.000007 0.000005  -0.000004 0.000001 0.540445
86  0.000000 0.000000 1.000000  1.570796 -0.000000 0.000000
time 68
0  0.000005 3.335938 -8.640624  -1.570780 -1.391896 -1.570809
1  2.033356 1.000772 -1.937610  1.473119 1.855075 -0.198639
2  6.028144 -0.000001 0.000000  2.149717 1.516381 -0.411431
3  11.692556 0.000000 0.000003  0.000000 0.000000 -0.310116
4  11.481697 0.000003 0.000001  -1.290524 0.005824 0.200668
5  3.859677 -0.132570 1.193107  0.432210 -0.155861 -0.861350
6  1.312558 0.000003 0.000000  -0.000000 0.000000 -1.191994
7  0.729366 0.000002 -0.000001  -0.000000 0.000000 -1.063394
8  3.942305 0.050325 0.431044  0.232421 0.000609 -0.853331
9  1.539097 -0.000004 0.000001  -0.000000 0.000000 -0.973379
10  1.196322 0.000005 -0.000001  0.000000 0.000000 -1.451289
11  3.883658 -0.050323 -0.431042  0.066987 0.050243 -0.694792
12  1.719576 0.000003 -0.000001  0.000000 -0.000000 -1.251039
13  1.209184 0.000006 0.000000  0.000000 -0.000003 -1.141145
14  3.859836 -0.148937 -1.331282  -0.248855 0.263129 -0.072121
15  1.719422 0.000002 0.000001  0.000000 0.000000 -0.676756
16  1.099667 0.000005 -0.000001  0.000000 0.000000 -1.021287
17  0.806019 -0.359837 -1.318333  1.349685 0.343493 -0.771450
18  1.789784 0.000001 -0.000005  0.000000 -0.000000 0.397500
19  1.206998 0.000003 0.000004  0.000000 -0.000000 0.989033
20  6.104520 -1.468680 -3.530282  -1.564198 -0.011689 -1.581440
21  3.820742 -1.409994 -0.589408  -1.564198 -0.011689 -1.581440
22  0.222808 -3.739063 1.509297  0.024887 2.851473 -1.494016
23  3.048727 6.125612 1.106841  1.596061 0.018247 -0.808184
24  3.527214 5.063568 0.216259  1.596061 0.018246 -0.808184
25  3.352950 5.114328 -0.401206  1.596061 0.018247 -0.808184
26  2.909483 4.772880 -1.012056  1.596061 0.018247 -0.808184
27  1.772479 4.476570 2.356868  1.596061 0.018247 -0.808184
28  0.000006 3.336140 -8.647861  -1.570799 -1.391898 -1.570795
29  2.033350 1.000764 1.937663  1.227517 0.585911 1.190966
30  2.026190 1.001859 1.937675  1.227511 0.585916 1.190961
31  0.000001 -0.000001 0.000004  1.583265 0.000007 1.570794
32  0.000000 6.028147 -0.000001  -0.406571 -0.510302 -0.918818
33  -0.000000 0.000010 -0.000006  -0.000002 0.000003 1.570791
34  0.000017 6.028144 -0.000011  -0.547331 0.352322 0.444686
35  0.000001 11.692571 -0.000002  -0.000001 -0.000005 -0.636071
36  -0.000001 0.000001 -0.000002  0.000005 0.000000 1.570801
37  11.692578 0.000054 0.000040  0.000004 -0.000001 -0.636061
38  -0.000001 11.481681 -0.000000  0.406478 0.484304 0.742948
39  -0.000001 0.000004 0.000001  0.000000 -0.000000 1.570789
40  11.481682 -0.000054 0.000007  0.520149 -0.357469 0.545146
41  0.137968 3.859861 1.332474  -1.465452 -1.619430 0.860061
42  0.000001 -0.000000 0.000001  1.933714 0.000004 1.570794
43  3.859859 -0.137942 1.332474  0.357798 -0.048366 -0.605273
44  0.000000 1.719430 0.000002  -0.420874 0.202310 0.066145
45  -0.000000 -0.000001 0.000002  1.743430 0.000000 1.570798
46  1.719434 0.000006 -0.000008  0.000190 -0.009099 -0.438596
47  -0.000000 1.099662 0.000002  1.022355 1.907816 1.050326
48  0.000003 -0.000000 -0.000000  -0.000002 0.000003 1.570799
49  1.099665 0.000002 -0.000000  -0.000119 0.002600 -0.290976
50  0.046789 3.883692 0.431451  -0.028175 -1.505149 -0.643945
51  0.000000 0.000003 0.000001  1.590082 0.000009 1.570787
52  3.883687 -0.046763 0.431451  0.084906 0.001839 -0.672064
53  -0.000001 1.719578 0.000001  -0.720099 0.051523 -0.006475
54  -0.000001 -0.000001 0.000001  1.538381 -0.000002 1.570794
55  1.719578 0.000016 -0.000017  -0.003915 0.016394 -0.719626
56  -0.000002 1.209183 0.000004  -1.502664 1.085644 -1.507497
57  -0.000000 -0.000001 -0.000000  -0.000000 -0.000000 1.570805
58  1.209187 0.000004 -0.000004  -0.000816 0.002971 -0.484094
59  -0.046750 3.942330 -0.431435  -0.326461 -1.473452 -0.660435
60  0.000001 0.000000 0.000003  1.317660 0.000000 1.570797
61  3.942324 0.046777 -0.431436  -0.160904 0.031174 -0.985454
62  0.000000 1.539091 0.000006  -0.255113 -0.026494 -0.056799
63  0.000001 0.000000 -0.000002  1.337310 -0.000004 1.570800
64  1.539097 0.000003 0.000001  -0.000026 0.003538 -0.262662
65  0.000003 1.196324 -0.000000  -1.013118 1.118324 -1.059575
66  -0.000003 -0.000000 0.000000  0.000000 -0.000001 1.570800
67  1.196328 -0.000006 0.000005  0.000001 0.000004 -0.391197
68  0.142426 3.859706 -1.191967  -0.667372 -1.423718 -0.301270
69  0.000001 -0.000001 0.000002  0.976757 -0.000005 1.570807
70  3.859704 -0.142401 -1.191969  -0.478196 0.090837 -0.963366
71  0.000000 1.312566 0.000002  -0.361357 -0.138963 -0.204711
72  0.000001 0.000000 -0.000001  1.078169 0.000003 1.570794
73  1.312571 -0.000014 0.000008  0.000004 -0.001345 -0.437234
74  0.000000 0.729364 0.000002  -0.404438 1.030436 -0.462976
75  -0.000002 -0.000001 0.000000  -0.000001 -0.000001 1.570794
76  0.729366 0.000007 0.000000  0.000002 -0.000005 -0.231826
77  0.348928 0.806047 1.321260  -1.142977 -2.276484 0.650280
78  -0.000000 0.000000 -0.000002  0.437032 0.000002 1.570790
79  0.806045 -0.348925 1.321261  -1.473563 -0.631194 -0.380782
80  0.000001 1.789783 -0.000002  0.105693 0.066384 0.343679
81  0.000000 0.000000 0.000001  0.347279 0.000000 1.570806
82  1.789788 0.000012 -0.000002  0.002654 0.043679 0.349581
83  0.000000 1.207001 0.000002  0.184117 0.296141 0.567994
84  -0.000000 -0.000001 0.000000  0.000001 -0.000001 1.570797
85  1.207004 -0.000010 0.000005  -0.000003 0.000001 0.540445
86  0.000000 0.000000 1.000000  1.570796 -0.000000 0.000000
time 69
0  0.000005 3.335938 -8.640624  -1.570780 -1.391896 -1.570809
1  2.033356 1.000772 -1.937610  1.473119 1.855075 -0.198639
2  6.028144 -0.000001 0.000000  2.147616 1.516194 -0.413561
3  11.692555 0.000001 0.000003  -0.000000 0.000000 -0.310568
4  11.481698 0.000002 0.000001  -1.290524 0.005804 0.200668
5  3.859678 -0.132569 1.193108  0.432210 -0.155861 -0.861350
6  1.312560 0.000000 0.000000  -0.000000 0.000000 -1.191994
7  0.729366 0.000001 -0.000001  -0.000000 0.000000 -1.063394
8  3.942305 0.050326 0.431043  0.232421 0.000609 -0.853331
9  1.539097 -0.000005 0.000001  -0.000000 0.000000 -0.973379
10  1.196322 0.000006 0.000001  0.000000 0.000000 -1.451289
11  3.883657 -0.050323 -0.431043  0.066987 0.050243 -0.694792
12  1.719577 0.000006 0.000001  0.000000 -0.000000 -1.251039
13  1.209186 -0.000001 0.000001  0.000000 -0.000003 -1.141173
14  3.859838 -0.148936 -1.331282  -0.248855 0.263129 -0.072121
15  1.719422 0.000002 -0.000001  0.000000 0.000000 -0.676756
16  1.099668 0.000004 0.000001  -0.000000 0.000000 -1.021287
17  0.806021 -0.359836 -1.318333  1.349685 0.343493 -0.771450
18  1.789781 0.000001 -0.000007  0.000000 -0.000000 0.397500
19  1.207001 0.000003 0.000003  0.000000 -0.000000 0.989033
20  6.104521 -1.468679 -3.530282  -1.564198 -0.011689 -1.581440
21  3.820742 -1.409993 -0.589408  -1.564198 -0.011689 -1.581440
22  0.222823 -3.739062 1.509296  0.024887 2.851473 -1.494016
23  3.048727 6.125609 1.106840  1.596061 0.018247 -0.808184
24  3.527215 5.063567 0.216258  1.596061 0.018246 -0.808184
25  3.352950 5.114325 -0.401207  1.596061 0.018247 -0.808184
26  2.909482 4.772880 -1.012057  1.596061 0.018247 -0.808184
27  1.772479 4.476567 2.356867  1.596061 0.018247 -0.808184
28  0.000006 3.336140 -8.647861  -1.570799 -1.391898 -1.570795
29  2.033350 1.000764 1.937663  1.227517 0.585911 1.190966
30  2.026190 1.001859 1.937675  1.227511 0.585916 1.190961
31  0.000001 -0.000001 0.000004  1.583265 0.000007 1.570794
32  0.000000 6.028147 -0.000001  -0.406615 -0.510281 -0.918751
33  -0.000002 0.000010 -0.000006  -0.000002 0.000003 1.570792
34  0.000017 6.028144 -0.000011  -0.547317 0.352364 0.444738
35  -0.000001 11.692571 -0.000000  -0.000001 -0.000005 -0.636241
36  0.000001 0.000001 -0.000003  0.000005 0.000000 1.570801
37  11.692578 0.000051 0.000039  0.000004 -0.000001 -0.636232
38  0.000001 11.481682 -0.000000  0.406734 0.484342 0.743091
39  -0.000001 -0.000002 -0.000001  0.000000 -0.000000 1.570789
40  11.481683 -0.000053 0.000007  0.520237 -0.357683 0.545139
41  0.137967 3.859855 1.332472  -1.465447 -1.619429 0.860055
42  -0.000001 0.000000 -0.000002  1.933714 0.000004 1.570794
43  3.859861 -0.137940 1.332474  0.357799 -0.048365 -0.605272
44  -0.000001 1.719429 -0.000002  -0.420874 0.202310 0.066145
45  -0.000000 0.000001 0.000000  1.743430 0.000000 1.570798
46  1.719434 0.000006 -0.000007  0.000189 -0.009099 -0.438597
47  0.000000 1.099663 0.000002  1.022354 1.907816 1.050327
48  0.000001 0.000000 -0.000000  -0.000002 0.000003 1.570799
49  1.099664 0.000001 0.000001  -0.000120 0.002600 -0.290976
50  0.046788 3.883682 0.431450  -0.028174 -1.505149 -0.643947
51  0.000000 -0.000000 -0.000002  1.590082 0.000009 1.570787
52  3.883687 -0.046761 0.431451  0.084906 0.001839 -0.672065
53  0.000000 1.719574 -0.000002  -0.720100 0.051523 -0.006475
54  0.000000 -0.000000 0.000001  1.538381 -0.000002 1.570794
55  1.719578 0.000013 -0.000017  -0.003915 0.016394 -0.719628
56  -0.000001 1.209184 0.000001  -1.502664 1.085643 -1.507497
57  0.000003 0.000000 -0.000001  -0.000000 -0.000000 1.570805
58  1.209187 -0.000003 -0.000003  -0.000816 0.002972 -0.484094
59  -0.046751 3.942324 -0.431436  -0.326465 -1.473452 -0.660433
60  0.000001 0.000001 -0.000000  1.317660 0.000000 1.570797
61  3.942326 0.046779 -0.431436  -0.160904 0.031174 -0.985453
62  -0.000001 1.539094 0.000001  -0.255112 -0.026494 -0.056799
63  0.000001 0.000001 0.000001  1.337310 -0.000004 1.570800
64  1.539098 0.000001 0.000002  -0.000026 0.003538 -0.262662
65  0.000000 1.196324 -0.000002  -1.013118 1.118324 -1.059575
66  -0.000001 0.000000 -0.000000  0.000000 -0.000001 1.570800
67  1.196326 -0.000009 0.000003  0.000000 0.000004 -0.391198
68  0.142425 3.859702 -1.191969  -0.667377 -1.423717 -0.301266
69  0.000000 0.000000 -0.000000  0.976757 -0.000005 1.570807
70  3.859705 -0.142400 -1.191969  -0.478196 0.090838 -0.963365
71  0.000000 1.312566 0.000001  -0.361358 -0.138963 -0.204711
72  0.000000 0.000001 -0.000000  1.078169 0.000003 1.570794
73  1.312572 -0.000015 0.000008  0.000005 -0.001344 -0.437236
74  0.000000 0.729365 -0.000005  -0.404441 1.030435 -0.462979
75  0.000000 -0.000000 0.000000  -0.000001 -0.000001 1.570795
76  0.729367 -0.000001 -0.000003  0.000002 -0.000004 -0.231828
77  0.348927 0.806040 1.321259  -1.142977 -2.276485 0.650280
78  -0.000001 -0.000000 -0.000001  0.437032 0.000002 1.570791
79  0.806044 -0.348924 1.321262  -1.473564 -0.631195 -0.380781
80  -0.000003 1.789785 0.000001  0.105694 0.066384 0.343681
81  0.000000 0.000003 0.000000  0.347279 0.000000 1.570806
82  1.789790 0.000011 -0.000001  0.002654 0.043679 0.349582
83  0.000000 1.206999 0.000000  0.184118 0.296140 0.567996
84  0.000000 0.000002 -0.000001  0.000001 -0.000001 1.570797
85  1.207001 -0.000011 0.000004  -0.000004 0.000001 0.540447
86  0.000000 0.000000 1.000000  1.570796 -0.000000 0.000000
time 70
0  0.000005 3.335938 -8.640624  -1.570780 -1.391896 -1.570809
1  2.033356 1.000772 -1.937610  1.473119 1.855075 -0.198639
2  6.028144 -0.000001 0.000000  2.145555 1.516054 -0.415618
3  11.692555 0.000001 0.000003  -0.000000 0.000000 -0.310981
4  11.481696 0.000001 0.000003  -1.290542 0.005763 0.200668
5  3.859678 -0.132570 1.193107  0.432210 -0.155861 -0.861350
6  1.312556 0.000002 0.000000  -0.000000 0.000000 -1.191994
7  0.729363 -0.000002 -0.000001  -0.000000 -0.000000 -1.063394
8  3.942305 0.050325 0.431044  0.232421 0.000609 -0.853331
9  1.539099 -0.000004 0.000001  -0.000000 0.000000 -0.973379
10  1.196322 0.000006 -0.000000  0.000000 0.000000 -1.451289
11  3.883659 -0.050323 -0.431043  0.066987 0.050243 -0.694792
12  1.719577 0.000006 -0.000000  0.000000 -0.000000 -1.251039
13  1.209184 0.000003 0.000001  0.000000 -0.000003 -1.141145
14  3.859837 -0.148937 -1.331283  -0.248855 0.263129 -0.072121
15  1.719422 0.000002 -0.000000  0.000000 0.000000 -0.676756
16  1.099669 0.000004 -0.000001  -0.000000 0.000000 -1.021287
17  0.806021 -0.359837 -1.318334  1.349685 0.343493 -0.771450
18  1.789782 0.000001 -0.000006  0.000000 -0.000000 0.397500
19  1.206997 0.000002 0.000005  0.000000 0.000000 0.989033
20  6.104520 -1.468679 -3.530282  -1.564198 -0.011689 -1.581440
21  3.820743 -1.409994 -0.589408  -1.564198 -0.011689 -1.581440
22  0.222814 -3.739062 1.509297  0.024887 2.851473 -1.494016
23  3.048727 6.125614 1.106841  1.596061 0.018247 -0.808184
24  3.527214 5.063568 0.216258  1.596061 0.018246 -0.808184
25  3.352950 5.114328 -0.401208  1.596061 0.018247 -0.808184
26  2.909482 4.772883 -1.012056  1.596061 0.018247 -0.808184
27  1.772478 4.476569 2.356868  1.596061 0.018247 -0.808184
28  0.000006 3.336140 -8.647861  -1.570799 -1.391898 -1.570795
29  2.033350 1.000764 1.937663  1.227517 0.585911 1.190966
30  2.026190 1.001859 1.937675  1.227511 0.585916 1.190961
31  0.000001 -0.000001 0.000004  1.583265 0.000007 1.570794
32  0.000000 6.028147 -0.000001  -0.406671 -0.510220 -0.918606
33  -0.000001 0.000010 -0.000006  -0.000002 0.000003 1.570792
34  0.000017 6.028144 -0.000011  -0.547264 0.352425 0.444873
35  -0.000001 11.692571 0.000001  -0.000001 -0.000005 -0.636543
36  0.000000 0.000000 -0.000002  0.000005 0.000000 1.570801
37  11.692577 0.000055 0.000041  0.000004 -0.000001 -0.636534
38  0.000001 11.481681 -0.000001  0.406979 0.484311 0.743302
39  -0.000001 -0.000005 0.000001  0.000000 -0.000000 1.570789
40  11.481680 -0.000055 0.000008  0.520251 -0.357902 0.545231
41  0.137967 3.859852 1.332475  -1.465446 -1.619430 0.860061
42  -0.000001 0.000000 -0.000000  1.933714 0.000004 1.570794
43  3.859860 -0.137941 1.332473  0.357798 -0.048367 -0.605269
44  -0.000001 1.719427 0.000001  -0.420878 0.202310 0.066145
45  0.000000 0.000001 0.000001  1.743430 0.000000 1.570798
46  1.719431 0.000006 -0.000007  0.000190 -0.009100 -0.438601
47  -0.000000 1.099662 0.000001  1.022361 1.907820 1.050334
48  0.000000 0.000000 0.000000  -0.000002 0.000003 1.570799
49  1.099665 -0.000000 0.000002  -0.000119 0.002599 -0.290980
50  0.046788 3.883681 0.431452  -0.028167 -1.505149 -0.643948
51  0.000000 0.000000 0.000001  1.590082 0.000009 1.570787
52  3.883688 -0.046761 0.431449  0.084906 0.001839 -0.672064
53  0.000001 1.719577 0.000002  -0.720100 0.051523 -0.006475
54  0.000001 0.000000 0.000003  1.538381 -0.000002 1.570794
55  1.719581 0.000016 -0.000017  -0.003915 0.016394 -0.719627
56  0.000001 1.209184 0.000003  -1.502664 1.085643 -1.507497
57  0.000001 -0.000001 0.000001  -0.000000 -0.000000 1.570805
58  1.209187 -0.000002 -0.000003  -0.000816 0.002971 -0.484094
59  -0.046751 3.942321 -0.431434  -0.326458 -1.473452 -0.660434
60  -0.000000 -0.000000 0.000003  1.317660 0.000000 1.570797
61  3.942327 0.046779 -0.431438  -0.160904 0.031174 -0.985451
62  -0.000002 1.539091 0.000001  -0.255116 -0.026494 -0.056799
63  0.000000 -0.000001 -0.000002  1.337310 -0.000004 1.570800
64  1.539096 -0.000000 -0.000001  -0.000026 0.003539 -0.262665
65  -0.000000 1.196321 -0.000001  -1.013123 1.118320 -1.059580
66  0.000001 -0.000000 0.000000  0.000000 -0.000001 1.570800
67  1.196326 -0.000006 0.000003  0.000001 0.000004 -0.391202
68  0.142426 3.859699 -1.191965  -0.667375 -1.423717 -0.301263
69  0.000001 -0.000000 -0.000003  0.976757 -0.000005 1.570807
70  3.859707 -0.142400 -1.191969  -0.478196 0.090838 -0.963362
71  -0.000001 1.312569 0.000002  -0.361361 -0.138963 -0.204711
72  0.000001 -0.000001 -0.000001  1.078169 0.000003 1.570794
73  1.312575 -0.000009 0.000009  0.000005 -0.001342 -0.437238
74  -0.000000 0.729363 0.000006  -0.404447 1.030434 -0.462986
75  0.000000 -0.000000 0.000000  -0.000001 -0.000001 1.570795
76  0.729368 0.000009 0.000003  0.000002 -0.000004 -0.231832
77  0.348927 0.806039 1.321262  -1.142978 -2.276488 0.650281
78  0.000000 -0.000002 -0.000001  0.437032 0.000002 1.570790
79  0.806047 -0.348924 1.321260  -1.473565 -0.631197 -0.380781
80  0.000000 1.789783 0.000001  0.105694 0.066384 0.343682
81  0.000001 -0.000001 0.000000  0.347279 0.000000 1.570806
82  1.789791 0.000012 0.000000  0.002654 0.043680 0.349583
83  0.000001 1.206997 -0.000001  0.184118 0.296140 0.567998
84  0.000000 -0.000003 -0.000000  0.000001 -0.000001 1.570797
85  1.207004 -0.000012 0.000003  -0.000004 0.000001 0.540449
86  0.000000 0.000000 1.000000  1.570796 -0.000000 0.000000
time 71
0  0.000005 3.335938 -8.640624  -1.570780 -1.391896 -1.570809
1  2.033356 1.000772 -1.937610  1.473119 1.855075 -0.198639
2  6.028144 -0.000001 0.000000  2.143392 1.515867 -0.417796
3  11.692555 0.000002 0.000003  -0.000000 -0.000000 -0.311395
4  11.481698 0.000001 0.000002  -1.290542 0.005742 0.200668
5  3.859679 -0.132570 1.193108  0.432210 -0.155861 -0.861350
6  1.312561 0.000002 -0.000000  -0.000000 0.000000 -1.191994
7  0.729368 -0.000003 0.000000  -0.000000 0.000000 -1.063394
8  3.942309 0.050326 0.431043  0.232421 0.000609 -0.853331
9  1.539097 -0.000005 0.000001  -0.000000 0.000000 -0.973379
10  1.196321 0.000009 -0.000000  0.000000 0.000000 -1.451289
11  3.883661 -0.050323 -0.431043  0.066987 0.050243 -0.694792
12  1.719577 0.000002 0.000000  0.000000 -0.000000 -1.251039
13  1.209183 0.000004 0.000001  0.000000 -0.000003 -1.141145
14  3.859839 -0.148937 -1.331282  -0.248855 0.263129 -0.072121
15  1.719423 0.000002 0.000001  0.000000 0.000000 -0.676756
16  1.099666 0.000001 0.000002  -0.000000 0.000000 -1.021287
17  0.806023 -0.359837 -1.318333  1.349685 0.343493 -0.771450
18  1.789782 0.000001 -0.000006  0.000000 -0.000000 0.397500
19  1.206998 0.000002 0.000003  0.000000 -0.000000 0.989033
20  6.104525 -1.468679 -3.530282  -1.564198 -0.011689 -1.581440
21  3.820745 -1.409994 -0.589408  -1.564198 -0.011689 -1.581440
22  0.222813 -3.739064 1.509297  0.024887 2.851473 -1.494016
23  3.048727 6.125609 1.106841  1.596061 0.018247 -0.808184
24  3.527214 5.063568 0.216259  1.596061 0.018246 -0.808184
25  3.352950 5.114326 -0.401207  1.596061 0.018247 -0.808184
26  2.909482 4.772882 -1.012057  1.596061 0.018247 -0.808184
27  1.772478 4.476569 2.356869  1.596061 0.018247 -0.808184
28  0.000006 3.336140 -8.647861  -1.570799 -1.391898 -1.570795
29  2.033350 1.000764 1.937663  1.227517 0.585911 1.190966
30  2.026190 1.001859 1.937675  1.227511 0.585916 1.190961
31  0.000001 -0.000001 0.000004  1.583265 0.000007 1.570794
32  0.000000 6.028147 -0.000001  -0.406742 -0.510203 -0.918523
33  -0.000000 0.000009 -0.000005  -0.000002 0.000003 1.570791
34  0.000017 6.028144 -0.000011  -0.547259 0.352489 0.444922
35  -0.000000 11.692570 0.000000  -0.000001 -0.000005 -0.636696
36  0.000001 0.000001 -0.000002  0.000005 0.000000 1.570801
37  11.692579 0.000052 0.000037  0.000004 -0.000001 -0.636687
38  0.000001 11.481680 -0.000000  0.407220 0.484338 0.743428
39  -0.000000 0.000001 -0.000001  0.000000 -0.000000 1.570789
40  11.481681 -0.000055 0.000006  0.520324 -0.358105 0.545219
41  0.137967 3.859859 1.332473  -1.465456 -1.619430 0.860060
42  0.000001 0.000000 0.000002  1.933714 0.000004 1.570794
43  3.859860 -0.137941 1.332473  0.357798 -0.048366 -0.605271
44  0.000001 1.719427 0.000003  -0.420878 0.202310 0.066145
45  -0.000001 -0.000000 -0.000000  1.743430 0.000000 1.570798
46  1.719431 0.000006 -0.000005  0.000190 -0.009100 -0.438600
47  -0.000002 1.099662 -0.000000  1.022359 1.907819 1.050333
48  -0.000000 0.000001 0.000000  -0.000002 0.000003 1.570799
49  1.099664 -0.000002 0.000001  -0.000120 0.002600 -0.290979
50  0.046788 3.883688 0.431449  -0.028178 -1.505149 -0.643947
51  0.000002 0.000001 -0.000000  1.590082 0.000009 1.570787
52  3.883689 -0.046762 0.431449  0.084906 0.001840 -0.672065
53  0.000001 1.719576 -0.000002  -0.720099 0.051523 -0.006475
54  -0.000001 0.000000 -0.000000  1.538382 -0.000002 1.570794
55  1.719582 0.000013 -0.000018  -0.003915 0.016394 -0.719627
56  0.000001 1.209179 -0.000005  -1.502664 1.085644 -1.507497
57  0.000000 -0.000000 0.000000  -0.000000 -0.000000 1.570805
58  1.209183 -0.000002 -0.000001  -0.000816 0.002971 -0.484094
59  -0.046751 3.942324 -0.431437  -0.326458 -1.473452 -0.660441
60  0.000000 0.000000 0.000002  1.317660 0.000000 1.570797
61  3.942325 0.046778 -0.431438  -0.160904 0.031174 -0.985454
62  0.000002 1.539089 0.000003  -0.255113 -0.026494 -0.056799
63  -0.000001 0.000001 -0.000003  1.337310 -0.000004 1.570800
64  1.539095 -0.000001 0.000005  -0.000026 0.003538 -0.262662
65  0.000001 1.196322 -0.000006  -1.013119 1.118324 -1.059576
66  0.000001 0.000000 0.000002  0.000000 -0.000001 1.570800
67  1.196325 -0.000009 0.000004  0.000001 0.000003 -0.391198
68  0.142426 3.859703 -1.191969  -0.667379 -1.423717 -0.301264
69  -0.000001 -0.000000 -0.000003  0.976757 -0.000005 1.570807
70  3.859704 -0.142400 -1.191970  -0.478196 0.090838 -0.963366
71  0.000002 1.312564 -0.000006  -0.361358 -0.138964 -0.204711
72  -0.000001 0.000001 -0.000001  1.078169 0.000003 1.570794
73  1.312570 -0.000021 0.000007  0.000004 -0.001344 -0.437236
74  -0.000002 0.729365 0.000002  -0.404440 1.030436 -0.462977
75  0.000002 0.000001 -0.000000  -0.000001 -0.000001 1.570795
76  0.729367 0.000002 0.000001  0.000002 -0.000005 -0.231827
77  0.348927 0.806044 1.321258  -1.142978 -2.276487 0.650281
78  0.000000 -0.000001 -0.000001  0.437032 0.000002 1.570790
79  0.806046 -0.348923 1.321259  -1.473564 -0.631196 -0.380782
80  0.000002 1.789780 -0.000001  0.105694 0.066384 0.343681
81  -0.000001 -0.000000 0.000001  0.347279 0.000000 1.570806
82  1.789787 0.000013 -0.000002  0.002654 0.043680 0.349583
83  -0.000001 1.207000 0.000001  0.184118 0.296140 0.567997
84  0.000000 0.000001 0.000000  0.000001 -0.000001 1.570797
85  1.207002 -0.000010 0.000004  -0.000004 0.000001 0.540448
86  0.000000 0.000000 1.000000  1.570796 -0.000000 0.000000
time 72
0  0.000005 3.335938 -8.640624  -1.570780 -1.391896 -1.570809
1  2.033356 1.000772 -1.937610  1.473119 1.855075 -0.198639
2  6.028144 -0.000001 0.000000  2.140714 1.515633 -0.420457
3  11.692555 0.000001 0.000003  -0.000000 0.000000 -0.311959
4  11.481699 0.000002 0.000002  -1.290542 0.005722 0.200668
5  3.859678 -0.132570 1.193108  0.432210 -0.155861 -0.861350
6  1.312558 0.000000 0.000000  -0.000000 0.000000 -1.191994
7  0.729365 0.000002 -0.000002  -0.000000 -0.000000 -1.063394
8  3.942303 0.050325 0.431044  0.232421 0.000609 -0.853331
9  1.539096 -0.000005 0.000001  -0.000000 0.000000 -0.973379
10  1.196322 0.000007 -0.000000  0.000000 0.000000 -1.451289
11  3.883656 -0.050323 -0.431043  0.066987 0.050243 -0.694792
12  1.719577 0.000006 -0.000000  0.000000 -0.000000 -1.251039
13  1.209184 0.000002 0.000001  0.000000 -0.000003 -1.141145
14  3.859836 -0.148937 -1.331283  -0.248855 0.263129 -0.072121
15  1.719425 0.000001 -0.000001  0.000000 0.000000 -0.676756
16  1.099669 0.000005 0.000000  -0.000000 0.000000 -1.021287
17  0.806020 -0.359837 -1.318333  1.349685 0.343493 -0.771450
18  1.789783 0.000000 -0.000006  -0.000000 -0.000000 0.397500
19  1.206998 0.000003 0.000005  0.000000 -0.000000 0.989033
20  6.104521 -1.468680 -3.530282  -1.564198 -0.011689 -1.581440
21  3.820741 -1.409994 -0.589408  -1.564198 -0.011689 -1.581440
22  0.222820 -3.739060 1.509296  0.024887 2.851473 -1.494016
23  3.048727 6.125610 1.106841  1.596061 0.018247 -0.808184
24  3.527214 5.063567 0.216260  1.596061 0.018246 -0.808184
25  3.352950 5.114328 -0.401207  1.596061 0.018247 -0.808184
26  2.909482 4.772883 -1.012057  1.596061 0.018247 -0.808184
27  1.772479 4.476570 2.356868  1.596061 0.018247 -0.808184
28  0.000006 3.336140 -8.647861  -1.570799 -1.391898 -1.570795
29  2.033350 1.000764 1.937663  1.227517 0.585911 1.190966
30  2.026190 1.001859 1.937675  1.227511 0.585916 1.190961
31  0.000001 -0.000001 0.000004  1.583265 0.000007 1.570794
32  0.000000 6.028147 -0.000001  -0.406816 -0.510169 -0.918412
33  -0.000002 0.000010 -0.000005  -0.000002 0.000003 1.570791
34  0.000017 6.028144 -0.000011  -0.547238 0.352559 0.445005
35  -0.000001 11.692572 0.000001  -0.000001 -0.000005 -0.636929
36  0.000002 0.000002 -0.000002  0.000005 0.000000 1.570801
37  11.692578 0.000054 0.000040  0.000004 -0.000001 -0.636920
38  0.000001 11.481684 0.000000  0.407540 0.484339 0.743587
39  -0.000000 0.000003 0.000001  0.000000 -0.000000 1.570789
40  11.481682 -0.000056 0.000009  0.520384 -0.358383 0.545208
41  0.137968 3.859859 1.332475  -1.465450 -1.619429 0.860057
42  0.000000 0.000002 -0.000001  1.933714 0.000004 1.570794
43  3.859859 -0.137941 1.332474  0.357798 -0.048365 -0.605272
44  0.000000 1.719427 -0.000002  -0.420875 0.202310 0.066145
45  -0.000001 0.000001 -0.000001  1.743430 0.000000 1.570798
46  1.719431 0.000005 -0.000007  0.000190 -0.009099 -0.438598
47  -0.000000 1.099664 -0.000000  1.022356 1.907817 1.050329
48  0.000001 -0.000000 0.000000  -0.000002 0.000003 1.570799
49  1.099667 0.000001 0.000001  -0.000120 0.002600 -0.290977
50  0.046789 3.883689 0.431452  -0.028169 -1.505149 -0.643951
51  -0.000001 -0.000000 -0.000000  1.590082 0.000009 1.570787
52  3.883688 -0.046762 0.431450  0.084906 0.001839 -0.672064
53  -0.000000 1.719576 -0.000002  -0.720101 0.051523 -0.006475
54  -0.000000 -0.000000 0.000003  1.538381 -0.000002 1.570794
55  1.719580 0.000015 -0.000016  -0.003915 0.016394 -0.719628
56  0.000000 1.209178 0.000003  -1.502664 1.085642 -1.507497
57  -0.000000 0.000001 -0.000001  -0.000000 -0.000000 1.570805
58  1.209182 -0.000002 -0.000001  -0.000816 0.002971 -0.484095
59  -0.046751 3.942329 -0.431434  -0.326460 -1.473452 -0.660437
60  -0.000001 0.000001 -0.000001  1.317660 0.000000 1.570797
61  3.942327 0.046778 -0.431436  -0.160904 0.031174 -0.985452
62  -0.000001 1.539094 0.000003  -0.255114 -0.026494 -0.056799
63  0.000001 0.000001 0.000001  1.337310 -0.000004 1.570800
64  1.539097 0.000003 0.000002  -0.000026 0.003538 -0.262664
65  0.000001 1.196324 0.000002  -1.013121 1.118322 -1.059578
66  0.000001 -0.000000 0.000000  0.000000 -0.000001 1.570800
67  1.196326 -0.000003 0.000005  0.000001 0.000003 -0.391200
68  0.142425 3.859706 -1.191966  -0.667381 -1.423716 -0.301260
69  0.000001 -0.000002 0.000000  0.976757 -0.000005 1.570807
70  3.859705 -0.142400 -1.191969  -0.478196 0.090839 -0.963364
71  0.000001 1.312562 0.000000  -0.361361 -0.138963 -0.204711
72  0.000001 0.000000 -0.000000  1.078169 0.000003 1.570794
73  1.312570 -0.000015 0.000008  0.000004 -0.001343 -0.437238
74  0.000003 0.729364 -0.000001  -0.404445 1.030434 -0.462983
75  0.000000 -0.000000 -0.000000  -0.000001 -0.000001 1.570794
76  0.729366 0.000000 -0.000000  0.000002 -0.000004 -0.231830
77  0.348927 0.806044 1.321262  -1.142978 -2.276486 0.650281
78  -0.000000 -0.000001 0.000000  0.437032 0.000002 1.570790
79  0.806044 -0.348924 1.321261  -1.473564 -0.631196 -0.380782
80  0.000001 1.789782 -0.000002  0.105694 0.066383 0.343682
81  0.000001 -0.000002 -0.000000  0.347279 0.000000 1.570806
82  1.789789 0.000009 -0.000002  0.002654 0.043680 0.349584
83  0.000003 1.207000 -0.000000  0.184118 0.296140 0.567998
84  -0.000000 0.000001 -0.000001  0.000001 -0.000001 1.570797
85  1.207006 -0.000012 0.000005  -0.000004 0.000001 0.540449
86  0.000000 0.000000 1.000000  1.570796 -0.000000 0.000000
time 73
0  0.000005 3.335938 -8.640624  -1.570780 -1.391896 -1.570809
1  2.033356 1.000772 -1.937610  1.473119 1.855075 -0.198639
2  6.028144 -0.000001 0.000000  2.137582 1.515353 -0.423603
3  11.692554 0.000000 0.000003  -0.000000 0.000000 -0.312598
4  11.481696 0.000002 0.000002  -1.290542 0.005701 0.200668
5  3.859679 -0.132569 1.193108  0.432210 -0.155861 -0.861350
6  1.312560 0.000003 0.000001  -0.000000 0.000000 -1.191994
7  0.729366 -0.000005 -0.000001  -0.000000 0.000000 -1.063394
8  3.942307 0.050326 0.431043  0.232421 0.000609 -0.853331
9  1.539098 -0.000004 0.000000  0.000000 0.000000 -0.973379
10  1.196322 0.000005 0.000000  0.000000 0.000000 -1.451289
11  3.883659 -0.050323 -0.431042  0.066987 0.050243 -0.694792
12  1.719575 0.000002 0.000000  0.000000 -0.000000 -1.251039
13  1.209183 0.000002 0.000001  0.000000 -0.000003 -1.141145
14  3.859838 -0.148937 -1.331282  -0.248855 0.263129 -0.072121
15  1.719420 0.000001 -0.000002  -0.000000 0.000000 -0.676756
16  1.099667 0.000002 -0.000000  -0.000000 0.000000 -1.021287
17  0.806023 -0.359837 -1.318333  1.349685 0.343493 -0.771450
18  1.789784 0.000000 -0.000005  0.000000 -0.000000 0.397500
19  1.206998 0.000003 0.000002  0.000000 -0.000000 0.989033
20  6.104524 -1.468680 -3.530282  -1.564198 -0.011689 -1.581440
21  3.820745 -1.409994 -0.589408  -1.564198 -0.011689 -1.581440
22  0.222826 -3.739059 1.509297  0.024887 2.851473 -1.494016
23  3.048726 6.125610 1.106842  1.596061 0.018247 -0.808184
24  3.527214 5.063568 0.216259  1.596061 0.018246 -0.808184
25  3.352950 5.114328 -0.401206  1.596061 0.018247 -0.808184
26  2.909482 4.772882 -1.012056  1.596061 0.018247 -0.808184
27  1.772479 4.476570 2.356869  1.596061 0.018247 -0.808184
28  0.000006 3.336140 -8.647861  -1.570799 -1.391898 -1.570795
29  2.033350 1.000764 1.937663  1.227517 0.585911 1.190966
30  2.026190 1.001859 1.937675  1.227511 0.585916 1.190961
31  0.000001 -0.000001 0.000004  1.583265 0.000007 1.570794
32  0.000000 6.028147 -0.000001  -0.406909 -0.510141 -0.918295
33  -0.000001 0.000009 -0.000006  -0.000002 0.000003 1.570792
34  0.000017 6.028144 -0.000011  -0.547227 0.352645 0.445080
35  -0.000001 11.692570 -0.000000  -0.000001 -0.000005 -0.637163
36  -0.000001 0.000001 -0.000002  0.000005 0.000000 1.570801
37  11.692578 0.000051 0.000039  0.000004 -0.000001 -0.637154
38  -0.000002 11.481681 -0.000000  0.407903 0.484375 0.743764
39  -0.000001 -0.000002 0.000001  0.000000 -0.000000 1.570789
40  11.481681 -0.000053 0.000008  0.520489 -0.358691 0.545179
41  0.137968 3.859856 1.332475  -1.465457 -1.619431 0.860066
42  0.000000 -0.000001 0.000000  1.933714 0.000004 1.570794
43  3.859860 -0.137941 1.332474  0.357799 -0.048366 -0.605269
44  0.000001 1.719427 -0.000000  -0.420879 0.202310 0.066145
45  0.000001 0.000001 -0.000000  1.743430 0.000000 1.570798
46  1.719431 0.000007 -0.000005  0.000189 -0.009100 -0.438602
47  -0.000000 1.099663 0.000002  1.022361 1.907820 1.050334
48  -0.000002 0.000000 0.000001  -0.000002 0.000003 1.570799
49  1.099666 0.000003 0.000000  -0.000120 0.002600 -0.290980
50  0.046789 3.883685 0.431453  -0.028165 -1.505149 -0.643958
51  -0.000000 -0.000002 0.000000  1.590082 0.000009 1.570787
52  3.883688 -0.046762 0.431451  0.084906 0.001839 -0.672063
53  0.000001 1.719573 0.000001  -0.720101 0.051523 -0.006475
54  -0.000001 0.000001 0.000001  1.538381 -0.000002 1.570794
55  1.719583 0.000017 -0.000015  -0.003915 0.016394 -0.719628
56  -0.000001 1.209183 0.000001  -1.502664 1.085642 -1.507497
57  0.000003 0.000000 0.000001  -0.000000 -0.000000 1.570805
58  1.209187 -0.000005 -0.000004  -0.000816 0.002971 -0.484095
59  -0.046751 3.942326 -0.431433  -0.326463 -1.473452 -0.660434
60  -0.000001 0.000000 0.000004  1.317660 0.000000 1.570797
61  3.942328 0.046778 -0.431435  -0.160904 0.031174 -0.985450
62  -0.000002 1.539092 0.000005  -0.255116 -0.026494 -0.056799
63  -0.000001 -0.000001 -0.000003  1.337310 -0.000004 1.570800
64  1.539096 0.000003 0.000002  -0.000026 0.003538 -0.262665
65  -0.000002 1.196321 -0.000003  -1.013124 1.118320 -1.059581
66  -0.000000 0.000001 -0.000001  0.000000 -0.000001 1.570800
67  1.196325 -0.000009 0.000002  0.000001 0.000003 -0.391202
68  0.142426 3.859703 -1.191966  -0.667378 -1.423716 -0.301261
69  0.000001 -0.000001 -0.000002  0.976757 -0.000005 1.570807
70  3.859706 -0.142400 -1.191968  -0.478196 0.090839 -0.963361
71  0.000001 1.312564 -0.000001  -0.361364 -0.138964 -0.204711
72  -0.000000 -0.000000 0.000002  1.078169 0.000003 1.570794
73  1.312571 -0.000012 0.000009  0.000004 -0.001342 -0.437240
74  0.000001 0.729362 0.000000  -0.404450 1.030433 -0.462988
75  0.000002 0.000000 0.000000  -0.000001 -0.000001 1.570795
76  0.729365 -0.000000 0.000000  0.000001 -0.000004 -0.231834
77  0.348927 0.806038 1.321261  -1.142978 -2.276487 0.650281
78  -0.000000 0.000002 -0.000001  0.437032 0.000002 1.570790
79  0.806044 -0.348924 1.321262  -1.473564 -0.631196 -0.380781
80  0.000000 1.789783 -0.000004  0.105694 0.066384 0.343681
81  0.000000 -0.000000 0.000000  0.347279 0.000000 1.570806
82  1.789786 0.000008 -0.000003  0.002654 0.043680 0.349583
83  0.000000 1.206996 0.000000  0.184118 0.296140 0.567997
84  -0.000001 0.000003 -0.000000  0.000001 -0.000001 1.570797
85  1.206998 -0.000012 0.000003  -0.000004 0.000001 0.540449
86  0.000000 0.000000 1.000000  1.570796 -0.000000 0.000000
time 74
0  0.000005 3.335938 -8.640624  -1.570780 -1.391896 -1.570809
1  2.033356 1.000772 -1.937610  1.473119 1.855075 -0.198639
2  6.028144 -0.000001 0.000000  2.134059 1.515026 -0.427112
3  11.692555 -0.000000 0.000003  -0.000000 -0.000000 -0.313350
4  11.481697 0.000002 0.000002  -1.290524 0.005680 0.200668
5  3.859680 -0.132570 1.193107  0.432210 -0.155861 -0.861350
6  1.312560 0.000004 -0.000000  -0.000000 0.000000 -1.191994
7  0.729364 -0.000003 -0.000001  -0.000000 0.000000 -1.063394
8  3.942306 0.050325 0.431042  0.232421 0.000609 -0.853331
9  1.539097 -0.000004 0.000000  -0.000000 0.000000 -0.973401
10  1.196322 0.000009 -0.000001  0.000000 0.000000 -1.451289
11  3.883660 -0.050323 -0.431043  0.066987 0.050243 -0.694792
12  1.719577 0.000003 0.000001  0.000000 -0.000000 -1.251039
13  1.209183 0.000002 0.000001  0.000000 -0.000003 -1.141145
14  3.859838 -0.148937 -1.331283  -0.248855 0.263129 -0.072121
15  1.719420 0.000002 -0.000000  -0.000000 0.000000 -0.676756
16  1.099665 0.000004 0.000000  -0.000000 0.000000 -1.021287
17  0.806022 -0.359838 -1.318334  1.349685 0.343493 -0.771450
18  1.789783 -0.000001 -0.000003  0.000000 -0.000000 0.397500
19  1.206998 0.000002 0.000005  0.000000 -0.000000 0.989033
20  6.104523 -1.468680 -3.530283  -1.564198 -0.011689 -1.581440
21  3.820744 -1.409994 -0.589409  -1.564198 -0.011689 -1.581440
22  0.222820 -3.739062 1.509295  0.024887 2.851473 -1.494016
23  3.048727 6.125612 1.106842  1.596061 0.018247 -0.808184
24  3.527214 5.063570 0.216260  1.596061 0.018246 -0.808184
25  3.352950 5.114330 -0.401206  1.596061 0.018247 -0.808184
26  2.909482 4.772885 -1.012057  1.596061 0.018247 -0.808184
27  1.772479 4.476573 2.356869  1.596061 0.018247 -0.808184
28  0.000006 3.336140 -8.647861  -1.570799 -1.391898 -1.570795
29  2.033350 1.000764 1.937663  1.227517 0.585911 1.190966
30  2.026190 1.001859 1.937675  1.227511 0.585916 1.190961
31  0.000001 -0.000001 0.000004  1.583265 0.000007 1.570794
32  0.000000 6.028147 -0.000001  -0.407011 -0.510107 -0.918163
33  -0.000001 0.000010 -0.000005  -0.000002 0.000003 1.570792
34  0.000017 6.028144 -0.000011  -0.547211 0.352739 0.445168
35  -0.000000 11.692572 0.000001  -0.000001 -0.000005 -0.637439
36  -0.000000 0.000000 -0.000003  0.000005 0.000000 1.570801
37  11.692578 0.000053 0.000040  0.000004 -0.000001 -0.637430
38  -0.000001 11.481680 -0.000001  0.408327 0.484407 0.743962
39  -0.000000 -0.000002 0.000001  0.000000 -0.000000 1.570789
40  11.481682 -0.000054 0.000008  0.520601 -0.359053 0.545140
41  0.137968 3.859856 1.332475  -1.465453 -1.619429 0.860057
42  0.000000 -0.000001 0.000000  1.933714 0.000004 1.570794
43  3.859859 -0.137941 1.332475  0.357799 -0.048365 -0.605273
44  0.000002 1.719427 0.000001  -0.420873 0.202310 0.066145
45  0.000000 -0.000001 -0.000000  1.743430 0.000000 1.570798
46  1.719432 0.000008 -0.000005  0.000189 -0.009099 -0.438596
47  0.000001 1.099658 -0.000002  1.022354 1.907816 1.050326
48  -0.000001 0.000001 -0.000002  -0.000002 0.000003 1.570799
49  1.099661 -0.000002 0.000003  -0.000119 0.002600 -0.290975
50  0.046789 3.883684 0.431451  -0.028172 -1.505149 -0.643950
51  0.000000 0.000002 0.000000  1.590082 0.000009 1.570787
52  3.883687 -0.046762 0.431450  0.084906 0.001839 -0.672065
53  0.000000 1.719579 0.000002  -0.720098 0.051523 -0.006475
54  0.000002 -0.000000 -0.000001  1.538381 -0.000002 1.570794
55  1.719583 0.000015 -0.000018  -0.003915 0.016394 -0.719626
56  0.000003 1.209180 -0.000002  -1.502664 1.085644 -1.507497
57  -0.000002 0.000001 -0.000000  -0.000000 -0.000000 1.570805
58  1.209185 -0.000001 -0.000002  -0.000816 0.002971 -0.484093
59  -0.046751 3.942327 -0.431435  -0.326458 -1.473453 -0.660441
60  0.000000 -0.000000 0.000002  1.317660 0.000000 1.570797
61  3.942329 0.046778 -0.431437  -0.160904 0.031174 -0.985455
62  -0.000002 1.539091 0.000000  -0.255112 -0.026494 -0.056799
63  0.000000 0.000000 0.000003  1.337310 -0.000004 1.570800
64  1.539097 -0.000001 0.000000  -0.000026 0.003538 -0.262661
65  0.000000 1.196321 0.000000  -1.013118 1.118324 -1.059575
66  0.000002 0.000000 0.000001  0.000000 -0.000001 1.570800
67  1.196326 -0.000007 0.000002  0.000001 0.000003 -0.391197
68  0.142426 3.859702 -1.191965  -0.667382 -1.423717 -0.301261
69  0.000000 -0.000001 0.000002  0.976757 -0.000005 1.570807
70  3.859705 -0.142400 -1.191968  -0.478196 0.090839 -0.963366
71  -0.000001 1.312566 0.000002  -0.361356 -0.138963 -0.204711
72  0.000000 -0.000000 -0.000001  1.078169 0.000003 1.570794
73  1.312573 -0.000013 0.000008  0.000005 -0.001345 -0.437234
74  0.000001 0.729364 -0.000002  -0.404438 1.030436 -0.462974
75  0.000002 -0.000000 -0.000000  -0.000001 -0.000001 1.570795
76  0.729368 0.000004 0.000000  0.000002 -0.000004 -0.231826
77  0.348928 0.806043 1.321260  -1.142977 -2.276484 0.650280
78  -0.000001 0.000000 0.000001  0.437032 0.000002 1.570790
79  0.806047 -0.348924 1.321261  -1.473563 -0.631194 -0.380782
80  -0.000002 1.789784 0.000005  0.105694 0.066384 0.343679
81  0.000001 0.000000 0.000001  0.347279 0.000000 1.570806
82  1.789791 0.000016 0.000002  0.002654 0.043679 0.349581
83  0.000001 1.207000 0.000002  0.184117 0.296140 0.567994
84  0.000000 0.000000 -0.000001  0.000001 -0.000001 1.570797
85  1.207004 -0.000012 0.000005  -0.000004 0.000001 0.540445
86  0.000000 0.000000 1.000000  1.570796 -0.000000 0.000000
time 75
0  0.000005 3.335938 -8.640624  -1.570780 -1.391896 -1.570809
1  2.033356 1.000772 -1.937610  1.473119 1.855075 -0.198639
2  6.028144 -0.000001 0.000000  2.130248 1.514699 -0.430960
3  11.692555 0.000001 0.000003  0.000000 0.000000 -0.314177
4  11.481698 0.000001 0.000001  -1.290415 0.005680 0.200668
5  3.859678 -0.132570 1.193107  0.432210 -0.155861 -0.861350
6  1.312561 0.000003 -0.000000  -0.000000 0.000000 -1.191994
7  0.729365 -0.000000 -0.000002  -0.000000 0.000000 -1.063394
8  3.942305 0.050326 0.431043  0.232421 0.000609 -0.853331
9  1.539094 -0.000005 0.000001  -0.000000 0.000000 -0.973401
10  1.196321 0.000005 -0.000000  0.000000 0.000000 -1.451289
11  3.883659 -0.050323 -0.431043  0.066987 0.050243 -0.694792
12  1.719580 0.000006 0.000000  0.000000 -0.000000 -1.251039
13  1.209186 0.000003 0.000000  0.000000 -0.000003 -1.141145
14  3.859838 -0.148937 -1.331283  -0.248855 0.263129 -0.072121
15  1.719422 0.000001 0.000000  -0.000000 0.000000 -0.676756
16  1.099666 0.000004 0.000001  -0.000000 0.000000 -1.021287
17  0.806020 -0.359837 -1.318334  1.349685 0.343493 -0.771450
18  1.789782 0.000002 -0.000005  -0.000000 -0.000000 0.397500
19  1.207000 0.000002 0.000002  0.000000 -0.000000 0.989033
20  6.104522 -1.468680 -3.530283  -1.564198 -0.011689 -1.581440
21  3.820742 -1.409994 -0.589409  -1.564198 -0.011689 -1.581440
22  0.222813 -3.739060 1.509297  0.024887 2.851473 -1.494016
23  3.048727 6.125609 1.106842  1.596061 0.018247 -0.808184
24  3.527214 5.063565 0.216261  1.596061 0.018246 -0.808183
25  3.352951 5.114323 -0.401205  1.596061 0.018247 -0.808184
26  2.909482 4.772878 -1.012054  1.596061 0.018247 -0.808184
27  1.772478 4.476568 2.356869  1.596061 0.018247 -0.808184
28  0.000006 3.336140 -8.647861  -1.570799 -1.391898 -1.570795
29  2.033350 1.000764 1.937663  1.227517 0.585911 1.190966
30  2.026190 1.001859 1.937675  1.227511 0.585916 1.190961
31  0.000001 -0.000001 0.000004  1.583265 0.000007 1.570794
32  0.000000 6.028147 -0.000001  -0.407070 -0.510036 -0.918001
33  -0.000001 0.000009 -0.000006  -0.000002 0.000003 1.570791
34  0.000017 6.028144 -0.000011  -0.547148 0.352803 0.445323
35  0.000000 11.692570 -0.000000  -0.000001 -0.000005 -0.637835
36  -0.000001 0.000001 -0.000001  0.000005 0.000000 1.570801
37  11.692579 0.000052 0.000041  0.000004 -0.000001 -0.637826
38  -0.000002 11.481682 0.000000  0.408763 0.484561 0.744267
39  -0.000001 0.000001 0.000001  0.000000 -0.000000 1.570789
40  11.481683 -0.000051 0.000008  0.520844 -0.359401 0.545156
41  0.137967 3.859860 1.332473  -1.465457 -1.619429 0.860060
42  -0.000001 0.000002 0.000000  1.933714 0.000004 1.570794
43  3.859866 -0.137941 1.332474  0.357799 -0.048365 -0.605270
44  -0.000001 1.719430 -0.000001  -0.420878 0.202310 0.066145
45  0.000000 0.000001 0.000001  1.743430 0.000000 1.570798
46  1.719433 0.000003 -0.000005  0.000190 -0.009100 -0.438601
47  0.000001 1.099662 -0.000003  1.022360 1.907819 1.050333
48  0.000001 -0.000001 0.000001  -0.000002 0.000003 1.570799
49  1.099664 -0.000003 0.000005  -0.000119 0.002600 -0.290979
50  0.046788 3.883690 0.431449  -0.028187 -1.505149 -0.643941
51  0.000000 0.000002 -0.000002  1.590082 0.000009 1.570787
52  3.883693 -0.046762 0.431450  0.084907 0.001840 -0.672063
53  0.000001 1.719577 -0.000003  -0.720101 0.051523 -0.006475
54  -0.000000 -0.000001 -0.000001  1.538382 -0.000002 1.570794
55  1.719581 0.000017 -0.000016  -0.003914 0.016394 -0.719629
56  -0.000000 1.209182 -0.000000  -1.502664 1.085642 -1.507497
57  0.000000 -0.000000 0.000000  -0.000000 -0.000000 1.570805
58  1.209187 -0.000002 -0.000005  -0.000816 0.002971 -0.484096
59  -0.046751 3.942330 -0.431436  -0.326464 -1.473452 -0.660434
60  0.000001 0.000002 -0.000001  1.317660 0.000000 1.570797
61  3.942332 0.046779 -0.431436  -0.160904 0.031175 -0.985452
62  0.000001 1.539091 -0.000003  -0.255115 -0.026494 -0.056799
63  0.000000 -0.000000 -0.000000  1.337310 -0.000004 1.570800
64  1.539095 0.000002 0.000001  -0.000026 0.003538 -0.262664
65  0.000000 1.196321 0.000001  -1.013122 1.118321 -1.059579
66  0.000001 0.000000 0.000001  0.000000 -0.000001 1.570800
67  1.196326 -0.000004 0.000004  0.000000 0.000003 -0.391201
68  0.142425 3.859708 -1.191967  -0.667380 -1.423717 -0.301262
69  0.000001 -0.000001 -0.000002  0.976757 -0.000005 1.570807
70  3.859711 -0.142400 -1.191968  -0.478196 0.090839 -0.963363
71  -0.000000 1.312565 0.000001  -0.361360 -0.138963 -0.204711
72  0.000001 0.000000 -0.000000  1.078169 0.000003 1.570794
73  1.312574 -0.000010 0.000008  0.000005 -0.001343 -0.437237
74  0.000000 0.729364 -0.000000  -0.404445 1.030434 -0.462982
75  0.000000 0.000000 -0.000001  -0.000001 -0.000001 1.570795
76  0.729367 0.000002 -0.000001  0.000001 -0.000004 -0.231831
77  0.348927 0.806046 1.321259  -1.142979 -2.276489 0.650282
78  0.000000 -0.000000 0.000000  0.437032 0.000002 1.570791
79  0.806050 -0.348924 1.321261  -1.473564 -0.631198 -0.380780
80  0.000001 1.789782 0.000001  0.105694 0.066384 0.343683
81  0.000001 0.000002 0.000000  0.347279 0.000000 1.570806
82  1.789786 0.000008 -0.000001  0.002654 0.043681 0.349585
83  0.000001 1.207003 0.000000  0.184119 0.296139 0.568000
84  -0.000000 0.000002 -0.000000  0.000001 -0.000001 1.570797
85  1.207006 -0.000010 0.000004  -0.000004 0.000002 0.540452
86  0.000000 0.000000 1.000000  1.570796 -0.000000 0.000000
time 76
0  0.000005 3.335938 -8.640624  -1.570780 -1.391896 -1.570809
1  2.033356 1.000772 -1.937610  1.473119 1.855075 -0.198639
2  6.028144 -0.000001 0.000000  2.126189 1.514325 -0.435025
3  11.692554 0.000000 0.000003  0.000000 0.000000 -0.315041
4  11.481696 0.000000 0.000002  -1.290269 0.005680 0.200668
5  3.859679 -0.132570 1.193107  0.432210 -0.155861 -0.861350
6  1.312557 0.000002 0.000001  -0.000000 0.000000 -1.191994
7  0.729365 0.000000 -0.000001  -0.000000 0.000000 -1.063394
8  3.942306 0.050325 0.431043  0.232421 0.000609 -0.853331
9  1.539099 -0.000003 0.000001  -0.000000 0.000000 -0.973379
10  1.196323 0.000007 0.000000  0.000000 0.000000 -1.451289
11  3.883657 -0.050323 -0.431042  0.066987 0.050243 -0.694792
12  1.719580 0.000006 0.000000  0.000000 -0.000000 -1.251039
13  1.209185 0.000004 0.000000  0.000000 -0.000003 -1.141145
14  3.859837 -0.148936 -1.331282  -0.248855 0.263129 -0.072121
15  1.719425 0.000002 0.000002  0.000000 0.000000 -0.676756
16  1.099667 0.000003 0.000001  -0.000000 0.000000 -1.021287
17  0.806022 -0.359837 -1.318333  1.349685 0.343493 -0.771450
18  1.789781 -0.000001 -0.000003  -0.000000 -0.000000 0.397500
19  1.206999 0.000003 0.000005  0.000000 -0.000000 0.989033
20  6.104523 -1.468680 -3.530282  -1.564198 -0.011689 -1.581440
21  3.820744 -1.409994 -0.589408  -1.564198 -0.011689 -1.581440
22  0.222819 -3.739062 1.509297  0.024887 2.851473 -1.494016
23  3.048727 6.125611 1.106841  1.596061 0.018247 -0.808184
24  3.527214 5.063569 0.216259  1.596061 0.018246 -0.808184
25  3.352950 5.114327 -0.401207  1.596061 0.018247 -0.808184
26  2.909482 4.772880 -1.012056  1.596061 0.018247 -0.808184
27  1.772479 4.476570 2.356868  1.596061 0.018247 -0.808184
28  0.000006 3.336140 -8.647861  -1.570799 -1.391898 -1.570795
29  2.033350 1.000764 1.937663  1.227517 0.585911 1.190966
30  2.026190 1.001859 1.937675  1.227511 0.585916 1.190961
31  0.000001 -0.000001 0.000004  1.583265 0.000007 1.570794
32  0.000000 6.028147 -0.000001  -0.407157 -0.509983 -0.917848
33  -0.000002 0.000009 -0.000005  -0.000002 0.000003 1.570792
34  0.000017 6.028144 -0.000011  -0.547109 0.352888 0.445447
35  -0.000002 11.692570 0.000000  -0.000001 -0.000005 -0.638181
36  0.000001 0.000000 -0.000001  0.000005 0.000000 1.570801
37  11.692579 0.000054 0.000040  0.000004 -0.000001 -0.638172
38  -0.000000 11.481682 0.000001  0.409224 0.484731 0.744546
39  -0.000001 -0.000003 0.000001  0.000000 -0.000000 1.570789
40  11.481684 -0.000053 0.000008  0.521108 -0.359767 0.545128
41  0.137968 3.859854 1.332475  -1.465452 -1.619431 0.860065
42  0.000001 0.000000 0.000001  1.933714 0.000004 1.570794
43  3.859862 -0.137941 1.332474  0.357799 -0.048367 -0.605268
44  0.000002 1.719431 0.000003  -0.420880 0.202310 0.066145
45  0.000001 -0.000001 -0.000002  1.743430 0.000000 1.570798
46  1.719434 0.000010 -0.000006  0.000189 -0.009100 -0.438603
47  -0.000000 1.099662 0.000002  1.022361 1.907821 1.050336
48  -0.000000 0.000000 -0.000000  -0.000002 0.000003 1.570799
49  1.099668 0.000006 0.000001  -0.000119 0.002600 -0.290981
50  0.046788 3.883684 0.431451  -0.028167 -1.505149 -0.643957
51  0.000001 0.000001 0.000001  1.590082 0.000009 1.570787
52  3.883691 -0.046762 0.431449  0.084906 0.001839 -0.672063
53  -0.000000 1.719577 0.000002  -0.720103 0.051523 -0.006475
54  0.000000 0.000000 0.000002  1.538381 -0.000002 1.570794
55  1.719580 0.000016 -0.000018  -0.003915 0.016394 -0.719631
56  0.000001 1.209181 -0.000000  -1.502664 1.085640 -1.507497
57  0.000002 0.000000 -0.000000  -0.000000 -0.000000 1.570805
58  1.209183 -0.000007 -0.000003  -0.000816 0.002971 -0.484097
59  -0.046750 3.942322 -0.431436  -0.326456 -1.473452 -0.660439
60  -0.000000 0.000000 0.000001  1.317660 0.000000 1.570797
61  3.942329 0.046778 -0.431437  -0.160904 0.031174 -0.985451
62  0.000002 1.539090 -0.000001  -0.255118 -0.026494 -0.056799
63  -0.000000 -0.000001 -0.000002  1.337310 -0.000004 1.570800
64  1.539095 -0.000002 0.000005  -0.000026 0.003539 -0.262667
65  0.000002 1.196322 -0.000004  -1.013125 1.118319 -1.059582
66  0.000001 -0.000000 -0.000000  0.000000 -0.000001 1.570800
67  1.196326 -0.000006 0.000005  0.000000 0.000003 -0.391204
68  0.142426 3.859701 -1.191967  -0.667375 -1.423717 -0.301266
69  -0.000001 0.000000 -0.000000  0.976757 -0.000005 1.570807
70  3.859708 -0.142400 -1.191970  -0.478196 0.090838 -0.963363
71  -0.000001 1.312568 -0.000000  -0.361363 -0.138963 -0.204711
72  -0.000000 -0.000000 0.000001  1.078169 0.000003 1.570794
73  1.312574 -0.000014 0.000009  0.000004 -0.001342 -0.437240
74  0.000001 0.729363 -0.000002  -0.404449 1.030433 -0.462987
75  -0.000001 -0.000000 0.000001  -0.000001 -0.000001 1.570795
76  0.729367 -0.000002 0.000001  0.000001 -0.000004 -0.231833
77  0.348928 0.806040 1.321261  -1.142980 -2.276489 0.650283
78  0.000002 -0.000000 -0.000000  0.437032 0.000002 1.570790
79  0.806048 -0.348924 1.321260  -1.473564 -0.631200 -0.380781
80  0.000002 1.789785 0.000000  0.105694 0.066384 0.343684
81  0.000001 0.000001 0.000000  0.347279 0.000000 1.570806
82  1.789789 0.000010 -0.000001  0.002654 0.043681 0.349586
83  -0.000000 1.207002 0.000002  0.184119 0.296139 0.568001
84  0.000000 -0.000000 0.000000  0.000001 -0.000001 1.570797
85  1.207004 -0.000009 0.000007  -0.000004 0.000001 0.540453
86  0.000000 0.000000 1.000000  1.570796 -0.000000 0.000000
time 77
0  0.000005 3.335938 -8.640624  -1.570780 -1.391896 -1.570809
1  2.033356 1.000772 -1.937610  1.473119 1.855075 -0.198639
2  6.028144 -0.000001 0.000000  2.121986 1.513951 -0.439211
3  11.692554 -0.000000 0.000002  -0.000000 0.000000 -0.315944
4  11.481697 -0.000001 0.000001  -1.290088 0.005660 0.200668
5  3.859678 -0.132571 1.193107  0.432210 -0.155861 -0.861350
6  1.312560 0.000004 0.000000  -0.000000 0.000000 -1.191994
7  0.729365 -0.000000 0.000000  -0.000000 0.000000 -1.063394
8  3.942307 0.050325 0.431044  0.232421 0.000609 -0.853331
9  1.539097 -0.000004 0.000001  -0.000000 0.000000 -0.973379
10  1.196321 0.000009 0.000000  0.000000 0.000000 -1.451289
11  3.883657 -0.050323 -0.431043  0.066987 0.050243 -0.694792
12  1.719580 0.000006 0.000000  0.000000 -0.000000 -1.251039
13  1.209186 -0.000001 0.000001  0.000000 -0.000003 -1.141145
14  3.859837 -0.148937 -1.331282  -0.248855 0.263129 -0.072121
15  1.719424 0.000002 0.000000  -0.000000 0.000000 -0.676756
16  1.099667 0.000001 0.000000  0.000000 0.000000 -1.021287
17  0.806020 -0.359837 -1.318333  1.349685 0.343493 -0.771450
18  1.789783 -0.000001 -0.000004  0.000000 -0.000000 0.397500
19  1.206998 0.000003 0.000006  0.000000 -0.000000 0.989033
20  6.104525 -1.468680 -3.530283  -1.564198 -0.011689 -1.581440
21  3.820745 -1.409994 -0.589408  -1.564198 -0.011689 -1.581440
22  0.222815 -3.739062 1.509297  0.024887 2.851473 -1.494016
23  3.048727 6.125610 1.106842  1.596061 0.018247 -0.808184
24  3.527215 5.063566 0.216260  1.596061 0.018246 -0.808184
25  3.352950 5.114327 -0.401205  1.596061 0.018247 -0.808184
26  2.909482 4.772881 -1.012055  1.596061 0.018247 -0.808184
27  1.772479 4.476570 2.356868  1.596061 0.018247 -0.808184
28  0.000006 3.336140 -8.647861  -1.570799 -1.391898 -1.570795
29  2.033350 1.000764 1.937663  1.227517 0.585911 1.190966
30  2.026190 1.001859 1.937675  1.227511 0.585916 1.190961
31  0.000001 -0.000001 0.000004  1.583265 0.000007 1.570794
32  0.000000 6.028147 -0.000001  -0.407248 -0.509902 -0.917645
33  -0.000001 0.000009 -0.000006  -0.000002 0.000003 1.570792
34  0.000017 6.028144 -0.000011  -0.547043 0.352982 0.445628
35  -0.000001 11.692572 0.000000  -0.000001 -0.000005 -0.638633
36  0.000001 0.000000 -0.000003  0.000005 0.000000 1.570801
37  11.692577 0.000054 0.000040  0.000004 -0.000001 -0.638624
38  -0.000001 11.481684 -0.000000  0.409713 0.484897 0.744911
39  -0.000001 -0.000001 0.000000  0.000000 -0.000000 1.570789
40  11.481682 -0.000055 0.000007  0.521374 -0.360158 0.545171
41  0.137967 3.859854 1.332474  -1.465457 -1.619430 0.860063
42  0.000000 -0.000003 0.000000  1.933714 0.000004 1.570794
43  3.859858 -0.137941 1.332475  0.357799 -0.048366 -0.605271
44  0.000000 1.719425 -0.000000  -0.420877 0.202310 0.066145
45  -0.000001 -0.000000 0.000000  1.743430 0.000000 1.570799
46  1.719432 0.000005 -0.000006  0.000190 -0.009099 -0.438600
47  -0.000001 1.099662 0.000001  1.022358 1.907818 1.050332
48  0.000001 -0.000001 -0.000001  -0.000002 0.000003 1.570799
49  1.099665 -0.000000 0.000002  -0.000119 0.002600 -0.290978
50  0.046788 3.883686 0.431450  -0.028152 -1.505149 -0.643971
51  0.000002 -0.000001 -0.000000  1.590082 0.000009 1.570787
52  3.883688 -0.046761 0.431450  0.084906 0.001838 -0.672065
53  -0.000001 1.719574 -0.000000  -0.720100 0.051523 -0.006475
54  0.000001 0.000000 0.000001  1.538382 -0.000002 1.570794
55  1.719582 0.000015 -0.000018  -0.003915 0.016394 -0.719627
56  -0.000000 1.209184 0.000003  -1.502664 1.085643 -1.507497
57  -0.000000 -0.000002 -0.000000  -0.000000 -0.000000 1.570805
58  1.209188 0.000001 -0.000004  -0.000816 0.002971 -0.484094
59  -0.046751 3.942325 -0.431436  -0.326457 -1.473452 -0.660439
60  -0.000001 -0.000001 0.000001  1.317660 0.000000 1.570797
61  3.942327 0.046779 -0.431438  -0.160904 0.031174 -0.985453
62  -0.000003 1.539091 0.000003  -0.255115 -0.026494 -0.056799
63  -0.000001 0.000000 -0.000001  1.337310 -0.000004 1.570800
64  1.539097 0.000003 0.000002  -0.000026 0.003538 -0.262664
65  -0.000000 1.196323 -0.000003  -1.013121 1.118322 -1.059578
66  -0.000001 -0.000000 -0.000000  0.000000 -0.000001 1.570800
67  1.196325 -0.000008 0.000003  0.000000 0.000003 -0.391200
68  0.142426 3.859705 -1.191968  -0.667372 -1.423717 -0.301270
69  -0.000002 0.000001 -0.000002  0.976757 -0.000005 1.570807
70  3.859709 -0.142400 -1.191969  -0.478196 0.090837 -0.963365
71  0.000000 1.312567 -0.000002  -0.361361 -0.138964 -0.204711
72  -0.000001 0.000001 -0.000002  1.078169 0.000003 1.570794
73  1.312572 -0.000013 0.000008  0.000004 -0.001343 -0.437238
74  -0.000002 0.729364 -0.000001  -0.404443 1.030434 -0.462981
75  -0.000002 0.000000 -0.000001  -0.000001 -0.000001 1.570795
76  0.729366 0.000005 -0.000000  0.000002 -0.000004 -0.231829
77  0.348927 0.806042 1.321259  -1.142978 -2.276486 0.650281
78  0.000001 -0.000000 -0.000000  0.437032 0.000002 1.570791
79  0.806046 -0.348924 1.321261  -1.473563 -0.631196 -0.380782
80  -0.000000 1.789784 -0.000000  0.105694 0.066384 0.343681
81  0.000001 -0.000002 -0.000001  0.347279 0.000000 1.570806
82  1.789791 0.000012 -0.000003  0.002654 0.043679 0.349582
83  0.000000 1.206997 0.000000  0.184118 0.296140 0.567996
84  0.000000 -0.000002 0.000001  0.000001 -0.000001 1.570797
85  1.207002 -0.000010 0.000006  -0.000004 0.000001 0.540448
86  0.000000 0.000000 1.000000  1.570796 -0.000000 0.000000
time 78
0  0.000005 3.335938 -8.640624  -1.570780 -1.391896 -1.570809
1  2.033356 1.000772 -1.937610  1.473119 1.855075 -0.198639
2  6.028144 -0.000001 0.000000  2.117742 1.513577 -0.443470
3  11.692555 0.000001 0.000003  -0.000000 0.000000 -0.316884
4  11.481697 0.000000 0.000002  -1.289870 0.005680 0.200668
5  3.859678 -0.132570 1.193107  0.432210 -0.155861 -0.861350
6  1.312563 0.000004 -0.000000  -0.000000 0.000000 -1.191994
7  0.729367 0.000000 -0.000001  -0.000000 0.000000 -1.063394
8  3.942304 0.050325 0.431043  0.232421 0.000609 -0.853331
9  1.539097 -0.000004 0.000001  -0.000000 0.000000 -0.973379
10  1.196321 0.000007 -0.000000  0.000000 0.000000 -1.451289
11  3.883658 -0.050323 -0.431043  0.066987 0.050243 -0.694792
12  1.719578 0.000005 0.000001  0.000000 -0.000000 -1.251039
13  1.209184 0.000008 -0.000000  0.000000 -0.000003 -1.141173
14  3.859837 -0.148937 -1.331283  -0.248855 0.263129 -0.072121
15  1.719424 0.000002 -0.000001  -0.000000 0.000000 -0.676756
16  1.099668 0.000002 0.000001  0.000000 0.000000 -1.021287
17  0.806019 -0.359838 -1.318333  1.349685 0.343493 -0.771450
18  1.789782 0.000000 -0.000006  0.000000 0.000000 0.397500
19  1.207000 0.000002 0.000003  0.000000 -0.000000 0.989033
20  6.104522 -1.468680 -3.530283  -1.564198 -0.011689 -1.581440
21  3.820744 -1.409994 -0.589409  -1.564198 -0.011689 -1.581440
22  0.222814 -3.739060 1.509297  0.024887 2.851473 -1.494016
23  3.048728 6.125609 1.106841  1.596061 0.018247 -0.808184
24  3.527214 5.063568 0.216259  1.596061 0.018246 -0.808184
25  3.352951 5.114326 -0.401207  1.596061 0.018247 -0.808184
26  2.909482 4.772878 -1.012056  1.596061 0.018247 -0.808184
27  1.772478 4.476568 2.356868  1.596061 0.018247 -0.808184
28  0.000006 3.336140 -8.647861  -1.570799 -1.391898 -1.570795
29  2.033350 1.000764 1.937663  1.227517 0.585911 1.190966
30  2.026190 1.001859 1.937675  1.227511 0.585916 1.190961
31  0.000001 -0.000001 0.000004  1.583265 0.000007 1.570794
32  0.000000 6.028147 -0.000001  -0.407302 -0.509812 -0.917453
33  -0.000001 0.000009 -0.000005  -0.000002 0.000003 1.570792
34  0.000017 6.028144 -0.000011  -0.546959 0.353047 0.445823
35  -0.000000 11.692570 0.000000  -0.000001 -0.000005 -0.639104
36  0.000002 0.000002 -0.000003  0.000005 0.000000 1.570801
37  11.692577 0.000053 0.000041  0.000004 -0.000001 -0.639095
38  0.000000 11.481684 0.000000  0.410191 0.485134 0.745274
39  -0.000000 -0.000000 -0.000000  0.000000 -0.000000 1.570789
40  11.481683 -0.000054 0.000008  0.521712 -0.360525 0.545192
41  0.137967 3.859859 1.332472  -1.465454 -1.619431 0.860066
42  0.000000 -0.000001 0.000000  1.933714 0.000004 1.570794
43  3.859864 -0.137940 1.332473  0.357799 -0.048367 -0.605269
44  0.000001 1.719425 0.000001  -0.420882 0.202310 0.066145
45  -0.000000 0.000001 0.000000  1.743430 0.000000 1.570799
46  1.719428 0.000006 -0.000005  0.000190 -0.009101 -0.438605
47  -0.000001 1.099663 -0.000001  1.022365 1.907822 1.050338
48  0.000003 0.000001 0.000000  -0.000002 0.000003 1.570799
49  1.099665 0.000000 0.000001  -0.000120 0.002600 -0.290983
50  0.046789 3.883686 0.431449  -0.028165 -1.505149 -0.643958
51  0.000001 0.000002 -0.000001  1.590082 0.000009 1.570787
52  3.883691 -0.046762 0.431450  0.084906 0.001839 -0.672064
53  0.000001 1.719576 -0.000000  -0.720101 0.051523 -0.006475
54  -0.000001 0.000000 -0.000002  1.538381 -0.000002 1.570794
55  1.719580 0.000013 -0.000015  -0.003915 0.016394 -0.719629
56  -0.000000 1.209184 0.000000  -1.502664 1.085642 -1.507497
57  0.000000 0.000001 0.000001  -0.000000 -0.000000 1.570805
58  1.209188 -0.000001 -0.000002  -0.000816 0.002971 -0.484095
59  -0.046751 3.942327 -0.431437  -0.326449 -1.473453 -0.660450
60  -0.000001 0.000000 0.000002  1.317660 0.000000 1.570797
61  3.942331 0.046779 -0.431437  -0.160904 0.031173 -0.985454
62  -0.000001 1.539089 0.000001  -0.255115 -0.026494 -0.056799
63  -0.000001 0.000000 0.000002  1.337310 -0.000004 1.570800
64  1.539095 -0.000003 0.000001  -0.000026 0.003538 -0.262664
65  -0.000000 1.196321 0.000002  -1.013122 1.118322 -1.059578
66  0.000001 0.000000 0.000000  0.000000 -0.000001 1.570800
67  1.196326 -0.000005 0.000003  0.000000 0.000003 -0.391201
68  0.142426 3.859708 -1.191969  -0.667373 -1.423717 -0.301270
69  0.000000 -0.000003 -0.000001  0.976757 -0.000005 1.570807
70  3.859714 -0.142400 -1.191970  -0.478196 0.090837 -0.963365
71  0.000003 1.312562 -0.000000  -0.361364 -0.138964 -0.204711
72  -0.000000 -0.000000 0.000000  1.078169 0.000003 1.570794
73  1.312569 -0.000015 0.000011  0.000004 -0.001341 -0.437240
74  0.000001 0.729362 -0.000003  -0.404449 1.030433 -0.462987
75  0.000000 0.000001 0.000001  -0.000001 -0.000001 1.570795
76  0.729367 -0.000000 -0.000000  0.000001 -0.000005 -0.231833
77  0.348928 0.806044 1.321259  -1.142982 -2.276492 0.650283
78  -0.000001 0.000001 0.000000  0.437032 0.000002 1.570790
79  0.806050 -0.348924 1.321261  -1.473564 -0.631202 -0.380782
80  -0.000001 1.789784 0.000000  0.105694 0.066383 0.343686
81  0.000000 -0.000001 0.000000  0.347279 0.000000 1.570806
82  1.789788 0.000010 -0.000002  0.002654 0.043681 0.349588
83  0.000000 1.207000 0.000000  0.184120 0.296139 0.568004
84  -0.000000 -0.000001 0.000001  0.000001 -0.000001 1.570797
85  1.207005 -0.000010 0.000003  -0.000004 0.000001 0.540456
86  0.000000 0.000000 1.000000  1.570796 -0.000000 0.000000
time 79
0  0.000005 3.335938 -8.640624  -1.570780 -1.391896 -1.570809
1  2.033356 1.000772 -1.937610  1.473119 1.855075 -0.198639
2  6.028144 -0.000001 0.000000  2.113519 1.513156 -0.447705
3  11.692556 0.000001 0.000004  -0.000000 0.000000 -0.317823
4  11.481697 0.000001 0.000002  -1.289634 0.005701 0.200668
5  3.859679 -0.132570 1.193107  0.432210 -0.155861 -0.861350
6  1.312560 0.000002 -0.000001  -0.000000 0.000000 -1.191994
7  0.729366 0.000000 -0.000001  -0.000000 0.000000 -1.063394
8  3.942307 0.050326 0.431043  0.232421 0.000609 -0.853331
9  1.539097 -0.000002 0.000002  0.000000 0.000000 -0.973379
10  1.196321 0.000006 -0.000001  0.000000 0.000000 -1.451289
11  3.883657 -0.050323 -0.431042  0.066987 0.050243 -0.694792
12  1.719577 0.000004 0.000000  0.000000 -0.000000 -1.251039
13  1.209183 0.000004 0.000000  0.000000 -0.000003 -1.141145
14  3.859838 -0.148937 -1.331282  -0.248855 0.263129 -0.072121
15  1.719421 0.000002 -0.000001  0.000000 0.000000 -0.676756
16  1.099666 0.000002 -0.000001  0.000000 0.000000 -1.021287
17  0.806021 -0.359837 -1.318333  1.349685 0.343493 -0.771450
18  1.789783 0.000000 -0.000007  0.000000 0.000000 0.397500
19  1.206998 0.000003 0.000005  0.000000 -0.000000 0.989033
20  6.104523 -1.468680 -3.530283  -1.564198 -0.011689 -1.581440
21  3.820742 -1.409994 -0.589408  -1.564198 -0.011689 -1.581440
22  0.222818 -3.739061 1.509298  0.024887 2.851473 -1.494016
23  3.048727 6.125613 1.106840  1.596061 0.018247 -0.808184
24  3.527214 5.063570 0.216259  1.596061 0.018246 -0.808184
25  3.352950 5.114329 -0.401207  1.596061 0.018247 -0.808184
26  2.909481 4.772886 -1.012057  1.596061 0.018247 -0.808184
27  1.772478 4.476573 2.356868  1.596061 0.018247 -0.808184
28  0.000006 3.336140 -8.647861  -1.570799 -1.391898 -1.570795
29  2.033350 1.000764 1.937663  1.227517 0.585911 1.190966
30  2.026190 1.001859 1.937675  1.227511 0.585916 1.190961
31  0.000001 -0.000001 0.000004  1.583265 0.000007 1.570794
32  0.000000 6.028147 -0.000001  -0.407380 -0.509761 -0.917311
33  -0.000001 0.000009 -0.000005  -0.000002 0.000003 1.570792
34  0.000017 6.028144 -0.000011  -0.546921 0.353125 0.445940
35  -0.000001 11.692571 0.000001  -0.000001 -0.000005 -0.639446
36  0.000000 0.000001 -0.000002  0.000005 0.000000 1.570801
37  11.692578 0.000052 0.000038  0.000004 -0.000001 -0.639437
38  -0.000001 11.481682 -0.000000  0.410676 0.485403 0.745573
39  -0.000000 0.000000 -0.000000  0.000000 -0.000000 1.570789
40  11.481682 -0.000054 0.000007  0.522085 -0.360892 0.545134
41  0.137967 3.859855 1.332473  -1.465452 -1.619431 0.860060
42  0.000001 -0.000001 -0.000000  1.933714 0.000004 1.570794
43  3.859859 -0.137941 1.332473  0.357798 -0.048367 -0.605269
44  0.000001 1.719429 -0.000003  -0.420880 0.202310 0.066145
45  -0.000000 -0.000001 -0.000003  1.743430 0.000000 1.570798
46  1.719433 0.000004 -0.000005  0.000189 -0.009100 -0.438603
47  -0.000001 1.099662 -0.000002  1.022362 1.907821 1.050336
48  0.000001 -0.000000 -0.000001  -0.000002 0.000003 1.570799
49  1.099666 0.000001 0.000001  -0.000119 0.002600 -0.290982
50  0.046789 3.883684 0.431449  -0.028146 -1.505149 -0.643972
51  0.000000 0.000002 -0.000000  1.590082 0.000009 1.570787
52  3.883688 -0.046762 0.431449  0.084906 0.001837 -0.672064
53  0.000002 1.719576 0.000000  -0.720102 0.051523 -0.006475
54  -0.000000 0.000000 0.000000  1.538381 -0.000002 1.570794
55  1.719574 0.000015 -0.000015  -0.003915 0.016394 -0.719630
56  -0.000001 1.209183 -0.000001  -1.502664 1.085641 -1.507497
57  0.000000 -0.000000 0.000000  -0.000000 -0.000000 1.570805
58  1.209185 -0.000002 -0.000004  -0.000816 0.002971 -0.484096
59  -0.046750 3.942324 -0.431436  -0.326455 -1.473452 -0.660438
60  -0.000000 0.000002 -0.000001  1.317660 0.000000 1.570797
61  3.942327 0.046778 -0.431438  -0.160904 0.031174 -0.985453
62  -0.000001 1.539092 -0.000001  -0.255116 -0.026494 -0.056799
63  0.000000 -0.000000 -0.000002  1.337310 -0.000004 1.570800
64  1.539095 0.000003 0.000002  -0.000026 0.003538 -0.262665
65  0.000001 1.196323 -0.000004  -1.013123 1.118320 -1.059580
66  0.000002 -0.000000 0.000001  0.000000 -0.000001 1.570800
67  1.196326 -0.000010 0.000005  0.000000 0.000003 -0.391202
68  0.142426 3.859703 -1.191968  -0.667375 -1.423717 -0.301263
69  -0.000001 0.000000 -0.000001  0.976757 -0.000005 1.570807
70  3.859706 -0.142400 -1.191969  -0.478196 0.090838 -0.963362
71  -0.000001 1.312567 0.000000  -0.361365 -0.138964 -0.204711
72  -0.000000 0.000001 0.000004  1.078169 0.000003 1.570794
73  1.312571 -0.000014 0.000006  0.000004 -0.001341 -0.437241
74  0.000000 0.729364 0.000003  -0.404450 1.030433 -0.462989
75  0.000003 0.000000 -0.000000  -0.000001 -0.000001 1.570795
76  0.729367 0.000006 0.000001  0.000002 -0.000005 -0.231834
77  0.348928 0.806041 1.321260  -1.142979 -2.276489 0.650281
78  -0.000001 0.000001 -0.000001  0.437032 0.000002 1.570791
79  0.806045 -0.348924 1.321261  -1.473565 -0.631198 -0.380781
80  -0.000002 1.789785 0.000000  0.105694 0.066384 0.343683
81  0.000000 0.000000 0.000002  0.347279 0.000000 1.570806
82  1.789789 0.000012 -0.000002  0.002654 0.043680 0.349585
83  -0.000001 1.206997 0.000002  0.184119 0.296139 0.568000
84  0.000001 0.000000 -0.000001  0.000001 -0.000001 1.570797
85  1.206998 -0.000010 0.000005  -0.000004 0.000001 0.540451
86  0.000000 0.000000 1.000000  1.570796 -0.000000 0.000000
time 80
0  0.000005 3.335938 -8.640624  -1.570780 -1.391896 -1.570809
1  2.033356 1.000772 -1.937610  1.473119 1.855075 -0.198639
2  6.028144 -0.000001 0.000000  2.109419 1.512783 -0.451819
3  11.692555 0.000001 0.000004  -0.000000 -0.000000 -0.318763
4  11.481696 0.000000 0.000002  -1.289434 0.005722 0.200668
5  3.859676 -0.132571 1.193108  0.432210 -0.155861 -0.861350
6  1.312559 0.000003 -0.000000  -0.000000 0.000000 -1.191994
7  0.729367 -0.000003 0.000000  -0.000000 0.000000 -1.063394
8  3.942304 0.050325 0.431044  0.232421 0.000609 -0.853331
9  1.539101 -0.000004 0.000001  -0.000000 0.000000 -0.973379
10  1.196321 0.000005 0.000000  -0.000000 0.000000 -1.451289
11  3.883656 -0.050323 -0.431043  0.066987 0.050243 -0.694792
12  1.719576 0.000004 0.000000  0.000000 -0.000000 -1.251039
13  1.209183 0.000006 -0.000000  0.000000 -0.000003 -1.141173
14  3.859834 -0.148937 -1.331282  -0.248855 0.263129 -0.072121
15  1.719422 0.000001 -0.000000  0.000000 0.000000 -0.676756
16  1.099668 0.000006 0.000001  -0.000000 0.000000 -1.021287
17  0.806018 -0.359837 -1.318333  1.349685 0.343493 -0.771450
18  1.789782 -0.000001 -0.000007  0.000000 -0.000000 0.397500
19  1.207000 0.000002 0.000004  0.000000 -0.000000 0.989033
20  6.104522 -1.468680 -3.530282  -1.564198 -0.011689 -1.581440
21  3.820741 -1.409994 -0.589408  -1.564198 -0.011689 -1.581440
22  0.222807 -3.739062 1.509297  0.024887 2.851473 -1.494016
23  3.048726 6.125613 1.106842  1.596061 0.018247 -0.808184
24  3.527214 5.063570 0.216260  1.596061 0.018246 -0.808184
25  3.352950 5.114328 -0.401206  1.596061 0.018247 -0.808184
26  2.909482 4.772883 -1.012055  1.596061 0.018247 -0.808184
27  1.772479 4.476572 2.356869  1.596061 0.018247 -0.808184
28  0.000006 3.336140 -8.647861  -1.570799 -1.391898 -1.570795
29  2.033350 1.000764 1.937663  1.227517 0.585911 1.190966
30  2.026190 1.001859 1.937675  1.227511 0.585916 1.190961
31  0.000001 -0.000001 0.000004  1.583265 0.000007 1.570794
32  0.000000 6.028147 -0.000001  -0.407436 -0.509670 -0.917117
33  -0.000001 0.000010 -0.000006  -0.000002 0.000003 1.570792
34  0.000017 6.028144 -0.000011  -0.546837 0.353191 0.446136
35  -0.000000 11.692572 -0.000000  -0.000001 -0.000005 -0.639922
36  0.000002 0.000001 -0.000001  0.000005 0.000001 1.570801
37  11.692579 0.000055 0.000042  0.000004 -0.000001 -0.639912
38  0.000002 11.481682 0.000000  0.411155 0.485623 0.745931
39  -0.000000 0.000001 0.000001  0.000000 -0.000000 1.570789
40  11.481682 -0.000056 0.000008  0.522406 -0.361263 0.545154
41  0.137967 3.859857 1.332473  -1.465452 -1.619430 0.860062
42  0.000001 0.000001 -0.000001  1.933714 0.000004 1.570794
43  3.859859 -0.137941 1.332474  0.357798 -0.048367 -0.605271
44  0.000001 1.719431 -0.000001  -0.420878 0.202310 0.066145
45  -0.000001 0.000000 -0.000001  1.743430 0.000000 1.570798
46  1.719432 0.000006 -0.000006  0.000189 -0.009100 -0.438601
47  -0.000002 1.099661 -0.000001  1.022360 1.907819 1.050332
48  -0.000000 -0.000001 -0.000000  -0.000002 0.000003 1.570799
49  1.099665 -0.000000 -0.000000  -0.000119 0.002600 -0.290980
50  0.046789 3.883685 0.431450  -0.028153 -1.505149 -0.643966
51  -0.000000 0.000002 0.000000  1.590082 0.000009 1.570787
52  3.883686 -0.046762 0.431449  0.084906 0.001838 -0.672065
53  -0.000000 1.719580 -0.000000  -0.720100 0.051523 -0.006475
54  0.000000 0.000000 -0.000001  1.538381 -0.000002 1.570794
55  1.719581 0.000013 -0.000016  -0.003915 0.016394 -0.719627
56  0.000001 1.209182 -0.000002  -1.502664 1.085643 -1.507497
57  -0.000000 0.000000 0.000001  -0.000000 -0.000000 1.570805
58  1.209185 -0.000001 -0.000001  -0.000816 0.002971 -0.484094
59  -0.046751 3.942325 -0.431436  -0.326458 -1.473453 -0.660437
60  0.000001 0.000000 0.000000  1.317660 0.000000 1.570797
61  3.942325 0.046778 -0.431439  -0.160904 0.031174 -0.985454
62  0.000001 1.539092 -0.000001  -0.255113 -0.026494 -0.056799
63  -0.000001 -0.000000 0.000000  1.337310 -0.000004 1.570800
64  1.539095 0.000002 0.000002  -0.000026 0.003538 -0.262662
65  -0.000000 1.196321 0.000001  -1.013118 1.118324 -1.059576
66  -0.000002 -0.000000 0.000000  0.000000 -0.000001 1.570800
67  1.196324 -0.000006 0.000005  0.000001 0.000003 -0.391197
68  0.142426 3.859704 -1.191968  -0.667376 -1.423717 -0.301265
69  -0.000001 0.000000 -0.000001  0.976757 -0.000005 1.570807
70  3.859705 -0.142400 -1.191970  -0.478196 0.090838 -0.963365
71  -0.000001 1.312567 0.000001  -0.361361 -0.138963 -0.204711
72  -0.000001 -0.000000 -0.000001  1.078169 0.000003 1.570794
73  1.312569 -0.000013 0.000009  0.000004 -0.001343 -0.437238
74  -0.000002 0.729364 0.000001  -0.404445 1.030434 -0.462984
75  -0.000001 0.000000 0.000001  -0.000001 -0.000001 1.570795
76  0.729367 0.000005 0.000001  0.000002 -0.000004 -0.231830
77  0.348928 0.806041 1.321260  -1.142980 -2.276489 0.650281
78  -0.000001 -0.000001 -0.000001  0.437032 0.000002 1.570790
79  0.806045 -0.348924 1.321260  -1.473564 -0.631199 -0.380782
80  -0.000000 1.789782 -0.000000  0.105694 0.066384 0.343683
81  0.000000 0.000000 0.000001  0.347279 0.000000 1.570806
82  1.789788 0.000010 -0.000001  0.002654 0.043680 0.349585
83  0.000001 1.206998 0.000001  0.184119 0.296139 0.568000
84  -0.000001 -0.000001 -0.000001  0.000001 -0.000001 1.570797
85  1.206999 -0.000011 0.000005  -0.000004 0.000001 0.540451
86  0.000000 0.000000 1.000000  1.570796 -0.000000 0.000000
time 81
0  0.000005 3.335938 -8.640624  -1.570780 -1.391896 -1.570809
1  2.033356 1.000772 -1.937610  1.473119 1.855075 -0.198639
2  6.028144 -0.000001 0.000000  2.105504 1.512409 -0.455739
3  11.692554 0.000001 0.000002  -0.000000 0.000000 -0.319666
4  11.481697 0.000002 0.000002  -1.289253 0.005763 0.200668
5  3.859676 -0.132570 1.193107  0.432210 -0.155861 -0.861350
6  1.312560 0.000001 0.000000  -0.000000 0.000000 -1.191994
7  0.729364 -0.000001 -0.000001  -0.000000 0.000000 -1.063394
8  3.942301 0.050325 0.431044  0.232421 0.000609 -0.853331
9  1.539096 -0.000005 0.000001  0.000000 0.000000 -0.973379
10  1.196322 0.000004 -0.000001  0.000000 0.000000 -1.451289
11  3.883653 -0.050323 -0.431042  0.066987 0.050243 -0.694792
12  1.719577 0.000004 -0.000000  0.000000 -0.000000 -1.251039
13  1.209184 0.000006 0.000001  0.000000 -0.000003 -1.141145
14  3.859834 -0.148937 -1.331282  -0.248855 0.263129 -0.072121
15  1.719423 0.000001 -0.000001  0.000000 0.000000 -0.676756
16  1.099668 0.000003 0.000000  0.000000 0.000000 -1.021287
17  0.806017 -0.359837 -1.318333  1.349685 0.343493 -0.771450
18  1.789784 0.000001 -0.000006  -0.000000 -0.000000 0.397500
19  1.206997 0.000003 0.000003  0.000000 -0.000000 0.989033
20  6.104518 -1.468680 -3.530282  -1.564198 -0.011689 -1.581440
21  3.820740 -1.409994 -0.589408  -1.564198 -0.011689 -1.581440
22  0.222817 -3.739062 1.509297  0.024887 2.851473 -1.494016
23  3.048727 6.125610 1.106840  1.596061 0.018247 -0.808184
24  3.527214 5.063566 0.216259  1.596061 0.018246 -0.808184
25  3.352950 5.114326 -0.401207  1.596061 0.018247 -0.808184
26  2.909482 4.772879 -1.012057  1.596061 0.018247 -0.808184
27  1.772478 4.476569 2.356868  1.596061 0.018247 -0.808184
28  0.000006 3.336140 -8.647861  -1.570799 -1.391898 -1.570795
29  2.033350 1.000764 1.937663  1.227517 0.585911 1.190966
30  2.026190 1.001859 1.937675  1.227511 0.585916 1.190961
31  0.000001 -0.000001 0.000004  1.583265 0.000007 1.570794
32  0.000000 6.028147 -0.000001  -0.407495 -0.509599 -0.916955
33  -0.000001 0.000010 -0.000005  -0.000002 0.000003 1.570791
34  0.000017 6.028144 -0.000011  -0.546774 0.353256 0.446291
35  -0.000001 11.692571 0.000001  -0.000001 -0.000005 -0.640312
36  -0.000001 0.000001 -0.000002  0.000005 0.000000 1.570801
37  11.692580 0.000053 0.000041  0.000004 -0.000001 -0.640302
38  -0.000001 11.481682 -0.000001  0.411607 0.485831 0.746206
39  -0.000001 -0.000002 -0.000001  0.000000 -0.000000 1.570789
40  11.481684 -0.000054 0.000006  0.522709 -0.361613 0.545112
41  0.137968 3.859853 1.332473  -1.465454 -1.619431 0.860064
42  0.000000 0.000001 0.000002  1.933714 0.000004 1.570794
43  3.859859 -0.137941 1.332474  0.357798 -0.048367 -0.605268
44  0.000000 1.719427 0.000002  -0.420884 0.202310 0.066145
45  0.000000 0.000000 -0.000001  1.743430 0.000000 1.570798
46  1.719428 0.000004 -0.000006  0.000190 -0.009101 -0.438607
47  0.000000 1.099664 -0.000001  1.022367 1.907823 1.050340
48  0.000001 -0.000000 0.000000  -0.000002 0.000003 1.570799
49  1.099666 -0.000002 0.000001  -0.000119 0.002599 -0.290985
50  0.046789 3.883683 0.431450  -0.028163 -1.505149 -0.643958
51  0.000000 0.000000 0.000000  1.590082 0.000009 1.570787
52  3.883688 -0.046762 0.431450  0.084906 0.001839 -0.672065
53  -0.000000 1.719574 -0.000001  -0.720102 0.051523 -0.006475
54  -0.000001 -0.000001 -0.000002  1.538381 -0.000002 1.570794
55  1.719580 0.000015 -0.000016  -0.003915 0.016394 -0.719630
56  0.000002 1.209184 -0.000006  -1.502664 1.085641 -1.507497
57  -0.000002 -0.000000 0.000000  -0.000000 -0.000000 1.570805
58  1.209187 -0.000006 -0.000000  -0.000816 0.002971 -0.484096
59  -0.046751 3.942321 -0.431437  -0.326451 -1.473452 -0.660444
60  -0.000001 -0.000000 -0.000000  1.317660 0.000000 1.570797
61  3.942325 0.046778 -0.431437  -0.160904 0.031173 -0.985453
62  -0.000001 1.539088 -0.000001  -0.255116 -0.026494 -0.056799
63  0.000001 -0.000001 -0.000002  1.337310 -0.000004 1.570800
64  1.539092 -0.000002 0.000002  -0.000026 0.003539 -0.262665
65  0.000003 1.196320 -0.000004  -1.013122 1.118321 -1.059580
66  -0.000002 -0.000001 0.000001  0.000000 -0.000001 1.570800
67  1.196326 -0.000006 0.000004  0.000000 0.000003 -0.391202
68  0.142425 3.859703 -1.191968  -0.667380 -1.423717 -0.301262
69  0.000000 0.000000 0.000001  0.976757 -0.000005 1.570807
70  3.859708 -0.142400 -1.191969  -0.478196 0.090839 -0.963364
71  0.000000 1.312568 0.000000  -0.361363 -0.138963 -0.204711
72  0.000001 0.000000 -0.000000  1.078169 0.000003 1.570795
73  1.312573 -0.000013 0.000007  0.000005 -0.001342 -0.437240
74  0.000000 0.729362 -0.000003  -0.404449 1.030433 -0.462987
75  0.000003 -0.000000 -0.000002  -0.000001 -0.000001 1.570795
76  0.729365 0.000001 -0.000002  0.000002 -0.000004 -0.231833
77  0.348928 0.806040 1.321259  -1.142981 -2.276491 0.650282
78  -0.000001 0.000001 -0.000001  0.437032 0.000002 1.570791
79  0.806046 -0.348924 1.321261  -1.473565 -0.631200 -0.380781
80  -0.000003 1.789783 -0.000001  0.105694 0.066384 0.343685
81  0.000000 -0.000000 0.000000  0.347279 0.000000 1.570806
82  1.789786 0.000013 -0.000003  0.002654 0.043681 0.349587
83  0.000000 1.207001 -0.000001  0.184120 0.296139 0.568003
84  0.000001 0.000002 0.000000  0.000001 -0.000001 1.570797
85  1.207005 -0.000012 0.000003  -0.000003 0.000001 0.540454
86  0.000000 0.000000 1.000000  1.570796 -0.000000 0.000000
time 82
0  0.000005 3.335938 -8.640624  -1.570780 -1.391896 -1.570809
1  2.033356 1.000772 -1.937610  1.473119 1.855075 -0.198639
2  6.028144 -0.000001 0.000000  2.101858 1.512035 -0.459393
3  11.692554 0.000002 0.000003  -0.000000 0.000000 -0.320530
4  11.481697 0.000000 0.000002  -1.289144 0.005824 0.200668
5  3.859678 -0.132571 1.193107  0.432210 -0.155861 -0.861350
6  1.312559 0.000003 -0.000000  -0.000000 0.000000 -1.191994
7  0.729365 -0.000001 -0.000001  -0.000000 0.000000 -1.063394
8  3.942304 0.050325 0.431043  0.232421 0.000609 -0.853331
9  1.539096 -0.000001 0.000001  0.000000 0.000000 -0.973379
10  1.196322 0.000007 -0.000000  0.000000 0.000000 -1.451289
11  3.883656 -0.050323 -0.431043  0.066987 0.050243 -0.694792
12  1.719579 0.000007 -0.000000  0.000000 -0.000000 -1.251039
13  1.209185 0.000004 0.000001  0.000000 -0.000003 -1.141173
14  3.859837 -0.148937 -1.331282  -0.248855 0.263129 -0.072121
15  1.719426 0.000002 0.000000  0.000000 0.000000 -0.676756
16  1.099668 0.000005 -0.000001  0.000000 0.000000 -1.021287
17  0.806020 -0.359838 -1.318334  1.349685 0.343493 -0.771450
18  1.789782 0.000000 -0.000003  0.000000 -0.000000 0.397500
19  1.206999 0.000004 0.000005  0.000000 -0.000000 0.989033
20  6.104521 -1.468681 -3.530283  -1.564198 -0.011689 -1.581440
21  3.820741 -1.409994 -0.589409  -1.564198 -0.011689 -1.581440
22  0.222812 -3.739063 1.509297  0.024887 2.851473 -1.494016
23  3.048726 6.125608 1.106841  1.596061 0.018247 -0.808184
24  3.527214 5.063566 0.216259  1.596061 0.018246 -0.808184
25  3.352950 5.114325 -0.401207  1.596061 0.018247 -0.808184
26  2.909482 4.772880 -1.012056  1.596061 0.018247 -0.808184
27  1.772479 4.476570 2.356868  1.596061 0.018247 -0.808184
28  0.000006 3.336140 -8.647861  -1.570799 -1.391898 -1.570795
29  2.033350 1.000764 1.937663  1.227517 0.585911 1.190966
30  2.026190 1.001859 1.937675  1.227511 0.585916 1.190961
31  0.000001 -0.000001 0.000004  1.583265 0.000007 1.570794
32  0.000000 6.028147 -0.000001  -0.407561 -0.509557 -0.916835
33  -0.000001 0.000010 -0.000005  -0.000002 0.000003 1.570791
34  0.000017 6.028144 -0.000011  -0.546743 0.353322 0.446389
35  -0.000000 11.692572 -0.000000  -0.000001 -0.000005 -0.640598
36  -0.000001 0.000000 -0.000002  0.000005 0.000000 1.570801
37  11.692579 0.000055 0.000041  0.000004 -0.000001 -0.640589
38  -0.000001 11.481682 -0.000000  0.412035 0.485993 0.746375
39  -0.000000 -0.000000 -0.000001  0.000000 -0.000000 1.570789
40  11.481681 -0.000054 0.000007  0.522960 -0.361952 0.544992
41  0.137967 3.859860 1.332472  -1.465454 -1.619430 0.860061
42  0.000000 -0.000000 0.000000  1.933714 0.000004 1.570794
43  3.859862 -0.137940 1.332473  0.357799 -0.048366 -0.605272
44  -0.000001 1.719429 -0.000002  -0.420877 0.202310 0.066145
45  0.000000 0.000000 -0.000001  1.743430 0.000000 1.570798
46  1.719429 0.000003 -0.000007  0.000189 -0.009100 -0.438600
47  0.000001 1.099662 0.000002  1.022357 1.907817 1.050329
48  0.000001 -0.000001 0.000000  -0.000002 0.000003 1.570799
49  1.099664 0.000005 0.000001  -0.000119 0.002600 -0.290977
50  0.046789 3.883686 0.431449  -0.028154 -1.505149 -0.643967
51  0.000001 0.000001 -0.000001  1.590082 0.000009 1.570787
52  3.883689 -0.046761 0.431449  0.084906 0.001838 -0.672066
53  0.000001 1.719577 0.000001  -0.720100 0.051523 -0.006475
54  -0.000000 0.000000 -0.000002  1.538381 -0.000002 1.570794
55  1.719579 0.000015 -0.000016  -0.003915 0.016394 -0.719628
56  0.000000 1.209181 -0.000002  -1.502664 1.085643 -1.507497
57  0.000001 0.000000 -0.000000  -0.000000 -0.000000 1.570805
58  1.209184 -0.000005 -0.000003  -0.000816 0.002971 -0.484094
59  -0.046751 3.942323 -0.431436  -0.326445 -1.473453 -0.660454
60  0.000001 0.000002 -0.000004  1.317660 0.000000 1.570797
61  3.942325 0.046779 -0.431438  -0.160904 0.031172 -0.985456
62  0.000001 1.539092 -0.000001  -0.255113 -0.026494 -0.056799
63  0.000000 -0.000001 0.000000  1.337310 -0.000004 1.570800
64  1.539097 0.000003 0.000003  -0.000026 0.003538 -0.262663
65  0.000000 1.196321 -0.000001  -1.013119 1.118324 -1.059576
66  0.000000 0.000000 -0.000001  0.000000 -0.000001 1.570800
67  1.196325 -0.000005 0.000003  0.000000 0.000003 -0.391199
68  0.142426 3.859706 -1.191967  -0.667374 -1.423718 -0.301271
69  0.000001 0.000000 0.000003  0.976757 -0.000005 1.570807
70  3.859707 -0.142400 -1.191970  -0.478197 0.090837 -0.963368
71  0.000000 1.312567 0.000002  -0.361358 -0.138963 -0.204711
72  0.000000 0.000001 0.000000  1.078169 0.000003 1.570794
73  1.312572 -0.000012 0.000008  0.000004 -0.001344 -0.437236
74  -0.000001 0.729363 -0.000000  -0.404440 1.030436 -0.462977
75  0.000000 -0.000000 0.000001  -0.000001 -0.000001 1.570795
76  0.729365 0.000003 -0.000001  0.000001 -0.000004 -0.231827
77  0.348928 0.806043 1.321259  -1.142980 -2.276489 0.650282
78  -0.000000 -0.000000 0.000000  0.437032 0.000002 1.570790
79  0.806047 -0.348924 1.321260  -1.473564 -0.631199 -0.380783
80  0.000001 1.789783 -0.000000  0.105694 0.066384 0.343683
81  0.000000 -0.000000 -0.000001  0.347279 0.000000 1.570806
82  1.789790 0.000010 -0.000002  0.002654 0.043680 0.349584
83  0.000001 1.206998 -0.000000  0.184119 0.296139 0.568000
84  0.000000 -0.000000 -0.000000  0.000001 -0.000001 1.570797
85  1.207000 -0.000012 0.000004  -0.000004 0.000001 0.540451
86  0.000000 0.000000 1.000000  1.570796 -0.000000 0.000000
time 83
0  0.000005 3.335938 -8.640624  -1.570780 -1.391896 -1.570809
1  2.033356 1.000772 -1.937610  1.473119 1.855075 -0.198639
2  6.028144 -0.000001 0.000000  2.098561 1.511708 -0.462708
3  11.692555 0.000000 0.000004  -0.000000 0.000000 -0.321320
4  11.481698 0.000001 0.000002  -1.289089 0.005907 0.200668
5  3.859679 -0.132570 1.193107  0.432210 -0.155861 -0.861350
6  1.312557 0.000005 -0.000000  -0.000000 0.000000 -1.191994
7  0.729366 -0.000001 -0.000001  -0.000000 0.000000 -1.063394
8  3.942306 0.050326 0.431043  0.232421 0.000609 -0.853331
9  1.539097 -0.000007 0.000000  -0.000000 0.000000 -0.973379
10  1.196322 0.000008 -0.000001  0.000000 0.000000 -1.451289
11  3.883657 -0.050323 -0.431044  0.066987 0.050243 -0.694792
12  1.719577 0.000003 0.000001  0.000000 -0.000000 -1.251039
13  1.209184 0.000005 0.000000  0.000000 -0.000003 -1.141145
14  3.859838 -0.148937 -1.331283  -0.248855 0.263129 -0.072121
15  1.719423 0.000001 -0.000001  0.000000 0.000000 -0.676756
16  1.099667 0.000003 -0.000001  0.000000 0.000000 -1.021287
17  0.806022 -0.359837 -1.318335  1.349685 0.343493 -0.771450
18  1.789783 -0.000001 -0.000005  0.000000 -0.000000 0.397500
19  1.206998 0.000002 0.000005  0.000000 -0.000000 0.989033
20  6.104524 -1.468680 -3.530283  -1.564198 -0.011689 -1.581440
21  3.820743 -1.409994 -0.589409  -1.564198 -0.011689 -1.581440
22  0.222817 -3.739061 1.509296  0.024887 2.851473 -1.494016
23  3.048726 6.125610 1.106841  1.596061 0.018247 -0.808184
24  3.527214 5.063566 0.216260  1.596061 0.018246 -0.808184
25  3.352950 5.114327 -0.401205  1.596061 0.018247 -0.808184
26  2.909482 4.772880 -1.012056  1.596061 0.018247 -0.808184
27  1.772479 4.476568 2.356869  1.596061 0.018247 -0.808184
28  0.000006 3.336140 -8.647861  -1.570799 -1.391898 -1.570795
29  2.033350 1.000764 1.937663  1.227517 0.585911 1.190966
30  2.026190 1.001859 1.937675  1.227511 0.585916 1.190961
31  0.000001 -0.000001 0.000004  1.583265 0.000007 1.570794
32  0.000000 6.028147 -0.000001  -0.407611 -0.509512 -0.916723
33  -0.000001 0.000009 -0.000006  -0.000002 0.000003 1.570791
34  0.000017 6.028144 -0.000011  -0.546705 0.353373 0.446490
35  -0.000000 11.692572 -0.000000  -0.000001 -0.000005 -0.640865
36  0.000002 0.000001 -0.000001  0.000005 0.000000 1.570801
37  11.692579 0.000050 0.000039  0.000004 -0.000001 -0.640856
38  0.000000 11.481681 0.000001  0.412411 0.486116 0.746489
39  -0.000000 -0.000001 0.000001  0.000000 -0.000000 1.570789
40  11.481683 -0.000053 0.000007  0.523160 -0.362253 0.544859
41  0.137968 3.859857 1.332475  -1.465454 -1.619431 0.860067
42  -0.000000 0.000002 -0.000002  1.933714 0.000004 1.570794
43  3.859859 -0.137941 1.332474  0.357798 -0.048367 -0.605269
44  0.000000 1.719429 -0.000003  -0.420882 0.202310 0.066145
45  -0.000000 0.000000 -0.000002  1.743430 0.000000 1.570798
46  1.719429 0.000002 -0.000006  0.000190 -0.009100 -0.438605
47  -0.000001 1.099663 -0.000001  1.022365 1.907822 1.050338
48  0.000003 -0.000000 0.000001  -0.000002 0.000003 1.570799
49  1.099666 -0.000001 0.000000  -0.000119 0.002600 -0.290983
50  0.046789 3.883685 0.431451  -0.028159 -1.505149 -0.643966
51  0.000001 0.000002 0.000001  1.590082 0.000009 1.570787
52  3.883688 -0.046762 0.431449  0.084906 0.001838 -0.672066
53  0.000001 1.719579 0.000001  -0.720101 0.051523 -0.006475
54  -0.000000 0.000000 -0.000002  1.538381 -0.000002 1.570794
55  1.719582 0.000019 -0.000016  -0.003915 0.016394 -0.719629
56  -0.000002 1.209183 0.000000  -1.502664 1.085642 -1.507497
57  0.000001 -0.000001 0.000000  -0.000000 -0.000000 1.570805
58  1.209186 0.000001 -0.000003  -0.000817 0.002971 -0.484095
59  -0.046751 3.942327 -0.431435  -0.326452 -1.473453 -0.660448
60  0.000001 0.000000 -0.000003  1.317660 0.000000 1.570797
61  3.942329 0.046779 -0.431438  -0.160904 0.031173 -0.985454
62  0.000001 1.539087 -0.000002  -0.255116 -0.026494 -0.056799
63  0.000000 0.000000 0.000001  1.337310 -0.000004 1.570800
64  1.539091 -0.000003 0.000002  -0.000026 0.003538 -0.262665
65  0.000001 1.196324 0.000000  -1.013122 1.118321 -1.059579
66  -0.000000 -0.000000 -0.000000  0.000000 -0.000001 1.570800
67  1.196327 -0.000004 0.000004  0.000001 0.000003 -0.391201
68  0.142426 3.859703 -1.191966  -0.667374 -1.423718 -0.301272
69  -0.000000 -0.000001 -0.000001  0.976757 -0.000005 1.570807
70  3.859706 -0.142400 -1.191969  -0.478196 0.090837 -0.963368
71  0.000001 1.312564 -0.000005  -0.361363 -0.138964 -0.204711
72  0.000000 0.000001 0.000002  1.078169 0.000003 1.570794
73  1.312570 -0.000016 0.000008  0.000004 -0.001342 -0.437241
74  0.000001 0.729363 -0.000001  -0.404448 1.030434 -0.462985
75  0.000000 0.000001 -0.000000  -0.000001 -0.000001 1.570795
76  0.729365 -0.000001 -0.000001  0.000001 -0.000004 -0.231832
77  0.348927 0.806043 1.321260  -1.142982 -2.276492 0.650283
78  0.000001 -0.000000 0.000001  0.437032 0.000002 1.570791
79  0.806047 -0.348924 1.321260  -1.473564 -0.631202 -0.380783
80  -0.000000 1.789785 0.000003  0.105694 0.066383 0.343686
81  0.000001 -0.000003 -0.000001  0.347279 0.000000 1.570806
82  1.789786 0.000014 0.000001  0.002654 0.043681 0.349587
83  0.000001 1.206998 0.000001  0.184120 0.296139 0.568004
84  -0.000000 0.000003 -0.000000  0.000001 -0.000001 1.570797
85  1.207003 -0.000009 0.000006  -0.000004 0.000001 0.540455
86  0.000000 0.000000 1.000000  1.570796 -0.000000 0.000000
time 84
0  0.000005 3.335938 -8.640624  -1.570780 -1.391896 -1.570809
1  2.033356 1.000772 -1.937610  1.473119 1.855075 -0.198639
2  6.028144 -0.000001 0.000000  2.095636 1.511427 -0.465612
3  11.692554 0.000001 0.000003  -0.000000 0.000000 -0.321996
4  11.481697 -0.000000 0.000002  -1.289071 0.005989 0.200668
5  3.859676 -0.132571 1.193107  0.432210 -0.155861 -0.861350
6  1.312558 0.000005 0.000001  -0.000000 0.000000 -1.191994
7  0.729363 0.000001 -0.000001  -0.000000 0.000000 -1.063394
8  3.942302 0.050324 0.431043  0.232421 0.000609 -0.853331
9  1.539099 -0.000002 0.000000  -0.000000 0.000000 -0.973379
10  1.196321 0.000007 -0.000001  0.000000 0.000000 -1.451289
11  3.883656 -0.050324 -0.431043  0.066987 0.050243 -0.694792
12  1.719576 0.000003 0.000000  0.000000 -0.000000 -1.251039
13  1.209185 0.000003 -0.000000  0.000000 -0.000003 -1.141145
14  3.859834 -0.148938 -1.331283  -0.248855 0.263129 -0.072121
15  1.719422 0.000001 -0.000001  0.000000 0.000000 -0.676756
16  1.099667 0.000003 0.000000  0.000000 0.000000 -1.021287
17  0.806020 -0.359838 -1.318334  1.349685 0.343493 -0.771450
18  1.789784 0.000000 -0.000008  -0.000000 -0.000000 0.397500
19  1.206999 0.000001 0.000003  0.000000 -0.000000 0.989033
20  6.104522 -1.468681 -3.530283  -1.564198 -0.011689 -1.581440
21  3.820741 -1.409995 -0.589409  -1.564198 -0.011689 -1.581440
22  0.222818 -3.739063 1.509297  0.024887 2.851473 -1.494016
23  3.048727 6.125609 1.106840  1.596061 0.018247 -0.808184
24  3.527214 5.063568 0.216258  1.596061 0.018246 -0.808184
25  3.352950 5.114327 -0.401208  1.596061 0.018247 -0.808184
26  2.909482 4.772883 -1.012056  1.596061 0.018247 -0.808184
27  1.772478 4.476570 2.356867  1.596061 0.018247 -0.808184
28  0.000006 3.336140 -8.647861  -1.570799 -1.391898 -1.570795
29  2.033350 1.000764 1.937663  1.227517 0.585911 1.190966
30  2.026190 1.001859 1.937675  1.227511 0.585916 1.190961
31  0.000001 -0.000001 0.000004  1.583265 0.000007 1.570794
32  0.000000 6.028147 -0.000001  -0.407674 -0.509470 -0.916605
33  -0.000001 0.000009 -0.000006  -0.000002 0.000003 1.570792
34  0.000017 6.028144 -0.000011  -0.546674 0.353436 0.446588
35  -0.000001 11.692571 -0.000000  -0.000001 -0.000005 -0.641100
36  -0.000002 0.000001 -0.000002  0.000005 0.000000 1.570801
37  11.692577 0.000054 0.000041  0.000004 -0.000001 -0.641091
38  -0.000003 11.481682 0.000001  0.412731 0.486167 0.746548
39  -0.000001 -0.000000 0.000002  0.000000 -0.000000 1.570789
40  11.481680 -0.000054 0.000006  0.523274 -0.362520 0.544728
41  0.137968 3.859858 1.332473  -1.465453 -1.619432 0.860066
42  -0.000001 0.000000 -0.000001  1.933714 0.000004 1.570794
43  3.859860 -0.137941 1.332474  0.357798 -0.048367 -0.605269
44  -0.000000 1.719428 -0.000000  -0.420881 0.202310 0.066145
45  0.000001 -0.000001 -0.000001  1.743430 0.000000 1.570799
46  1.719437 0.000005 -0.000006  0.000189 -0.009100 -0.438604
47  0.000000 1.099661 -0.000001  1.022362 1.907821 1.050336
48  -0.000002 0.000000 -0.000001  -0.000002 0.000003 1.570799
49  1.099666 0.000002 0.000002  -0.000119 0.002600 -0.290982
50  0.046788 3.883691 0.431451  -0.028152 -1.505149 -0.643968
51  0.000001 0.000000 0.000002  1.590082 0.000009 1.570787
52  3.883692 -0.046761 0.431449  0.084906 0.001838 -0.672065
53  0.000001 1.719575 0.000002  -0.720102 0.051523 -0.006475
54  0.000001 -0.000000 0.000002  1.538382 -0.000002 1.570794
55  1.719579 0.000015 -0.000016  -0.003915 0.016394 -0.719630
56  0.000001 1.209181 0.000002  -1.502664 1.085641 -1.507497
57  0.000000 0.000001 0.000000  -0.000000 -0.000000 1.570805
58  1.209184 -0.000003 -0.000002  -0.000816 0.002971 -0.484096
59  -0.046751 3.942328 -0.431436  -0.326453 -1.473452 -0.660443
60  -0.000000 0.000000 -0.000002  1.317660 0.000000 1.570797
61  3.942328 0.046779 -0.431438  -0.160904 0.031173 -0.985452
62  -0.000000 1.539092 -0.000003  -0.255117 -0.026494 -0.056799
63  0.000000 -0.000000 -0.000001  1.337310 -0.000004 1.570800
64  1.539098 -0.000001 0.000002  -0.000026 0.003539 -0.262666
65  0.000001 1.196323 -0.000001  -1.013124 1.118319 -1.059582
66  0.000000 0.000000 0.000001  0.000000 -0.000001 1.570800
67  1.196327 -0.000007 0.000005  0.000001 0.000004 -0.391203
68  0.142426 3.859708 -1.191969  -0.667375 -1.423717 -0.301267
69  0.000001 0.000001 -0.000001  0.976757 -0.000005 1.570807
70  3.859709 -0.142400 -1.191972  -0.478196 0.090838 -0.963364
71  0.000001 1.312567 -0.000003  -0.361362 -0.138964 -0.204711
72  0.000002 -0.000001 -0.000000  1.078169 0.000003 1.570794
73  1.312572 -0.000015 0.000007  0.000004 -0.001342 -0.437239
74  0.000001 0.729363 0.000004  -0.404447 1.030434 -0.462985
75  -0.000002 -0.000001 -0.000000  -0.000001 -0.000001 1.570795
76  0.729367 0.000006 0.000002  0.000001 -0.000004 -0.231832
77  0.348927 0.806045 1.321259  -1.142981 -2.276491 0.650283
78  -0.000001 0.000001 -0.000001  0.437032 0.000002 1.570790
79  0.806047 -0.348924 1.321260  -1.473565 -0.631201 -0.380781
80  -0.000001 1.789784 -0.000001  0.105694 0.066384 0.343684
81  0.000001 -0.000001 0.000001  0.347279 0.000000 1.570806
82  1.789790 0.000011 -0.000001  0.002654 0.043681 0.349586
83  0.000002 1.206998 -0.000000  0.184120 0.296139 0.568003
84  0.000000 0.000001 -0.000000  0.000001 -0.000001 1.570797
85  1.207003 -0.000012 0.000004  -0.000004 0.000001 0.540454
86  0.000000 0.000000 1.000000  1.570796 -0.000000 0.000000
time 85
0  0.000005 3.335938 -8.640624  -1.570780 -1.391896 -1.570809
1  2.033356 1.000772 -1.937610  1.473119 1.855075 -0.198639
2  6.028144 -0.000001 0.000000  2.093163 1.511147 -0.468104
3  11.692555 0.000001 0.000004  -0.000000 0.000000 -0.322598
4  11.481696 0.000002 0.000002  -1.289053 0.006071 0.200690
5  3.859679 -0.132571 1.193107  0.432210 -0.155861 -0.861350
6  1.312559 -0.000000 -0.000000  -0.000000 0.000000 -1.191994
7  0.729365 0.000002 -0.000002  -0.000000 0.000000 -1.063394
8  3.942305 0.050325 0.431044  0.232421 0.000609 -0.853331
9  1.539096 -0.000004 0.000001  0.000000 0.000000 -0.973379
10  1.196323 0.000007 -0.000000  -0.000000 0.000000 -1.451289
11  3.883657 -0.050323 -0.431043  0.066987 0.050243 -0.694792
12  1.719578 0.000003 0.000001  0.000000 -0.000000 -1.251039
13  1.209185 0.000002 -0.000000  0.000000 -0.000003 -1.141173
14  3.859837 -0.148937 -1.331282  -0.248855 0.263129 -0.072121
15  1.719424 0.000001 0.000000  0.000000 0.000000 -0.676756
16  1.099665 0.000003 -0.000001  0.000000 0.000000 -1.021287
17  0.806022 -0.359837 -1.318334  1.349685 0.343493 -0.771450
18  1.789783 0.000001 -0.000005  0.000000 -0.000000 0.397500
19  1.206998 0.000003 0.000004  0.000000 -0.000000 0.989033
20  6.104522 -1.468680 -3.530282  -1.564198 -0.011689 -1.581440
21  3.820742 -1.409994 -0.589408  -1.564198 -0.011689 -1.581440
22  0.222808 -3.739063 1.509298  0.024887 2.851473 -1.494016
23  3.048726 6.125613 1.106842  1.596061 0.018247 -0.808184
24  3.527214 5.063569 0.216261  1.596061 0.018246 -0.808184
25  3.352950 5.114329 -0.401205  1.596061 0.018247 -0.808184
26  2.909482 4.772883 -1.012055  1.596061 0.018247 -0.808184
27  1.772478 4.476571 2.356869  1.596061 0.018247 -0.808184
28  0.000006 3.336140 -8.647861  -1.570799 -1.391898 -1.570795
29  2.033350 1.000764 1.937663  1.227517 0.585911 1.190966
30  2.026190 1.001859 1.937675  1.227511 0.585916 1.190961
31  0.000001 -0.000001 0.000004  1.583265 0.000007 1.570794
32  0.000000 6.028147 -0.000001  -0.407729 -0.509467 -0.916561
33  0.000000 0.000009 -0.000005  -0.000002 0.000003 1.570792
34  0.000017 6.028144 -0.000011  -0.546681 0.353483 0.446603
35  0.000000 11.692570 -0.000000  -0.000001 -0.000005 -0.641198
36  -0.000000 -0.000001 -0.000001  0.000005 0.000000 1.570801
37  11.692578 0.000054 0.000040  0.000004 -0.000001 -0.641189
38  -0.000000 11.481681 0.000000  0.412993 0.486262 0.746550
39  -0.000001 0.000000 -0.000000  0.000000 -0.000000 1.570789
40  11.481685 -0.000054 0.000008  0.523423 -0.362728 0.544555
41  0.137967 3.859860 1.332472  -1.465459 -1.619432 0.860068
42  -0.000000 0.000004 0.000000  1.933714 0.000004 1.570794
43  3.859862 -0.137941 1.332473  0.357799 -0.048368 -0.605266
44  -0.000001 1.719433 0.000002  -0.420886 0.202310 0.066145
45  -0.000000 0.000001 -0.000000  1.743430 0.000000 1.570798
46  1.719433 0.000007 -0.000009  0.000190 -0.009101 -0.438609
47  -0.000001 1.099664 -0.000001  1.022371 1.907825 1.050344
48  0.000002 0.000000 -0.000001  -0.000002 0.000003 1.570799
49  1.099666 -0.000000 0.000001  -0.000119 0.002600 -0.290986
50  0.046788 3.883689 0.431449  -0.028155 -1.505149 -0.643969
51  -0.000001 0.000001 -0.000001  1.590082 0.000009 1.570787
52  3.883690 -0.046762 0.431450  0.084906 0.001838 -0.672065
53  -0.000004 1.719580 0.000000  -0.720102 0.051523 -0.006475
54  -0.000000 0.000001 0.000001  1.538381 -0.000002 1.570794
55  1.719581 0.000018 -0.000020  -0.003915 0.016394 -0.719630
56  0.000000 1.209184 0.000002  -1.502664 1.085641 -1.507497
57  -0.000003 -0.000000 -0.000000  -0.000000 -0.000000 1.570805
58  1.209187 -0.000002 -0.000002  -0.000816 0.002971 -0.484096
59  -0.046751 3.942327 -0.431438  -0.326449 -1.473453 -0.660447
60  0.000000 0.000002 0.000001  1.317660 0.000000 1.570797
61  3.942328 0.046778 -0.431439  -0.160904 0.031173 -0.985452
62  -0.000000 1.539095 0.000001  -0.255118 -0.026494 -0.056799
63  -0.000002 0.000001 0.000000  1.337310 -0.000004 1.570800
64  1.539098 0.000003 0.000002  -0.000026 0.003539 -0.262667
65  -0.000003 1.196324 0.000002  -1.013125 1.118319 -1.059582
66  0.000004 -0.000000 0.000001  0.000000 -0.000001 1.570800
67  1.196326 0.000000 0.000002  0.000000 0.000004 -0.391204
68  0.142426 3.859706 -1.191968  -0.667375 -1.423717 -0.301265
69  -0.000000 0.000001 0.000004  0.976757 -0.000005 1.570807
70  3.859708 -0.142401 -1.191970  -0.478196 0.090838 -0.963362
71  -0.000001 1.312569 0.000002  -0.361366 -0.138963 -0.204711
72  -0.000001 0.000000 0.000001  1.078169 0.000003 1.570794
73  1.312572 -0.000013 0.000008  0.000004 -0.001340 -0.437242
74  -0.000001 0.729362 0.000002  -0.404453 1.030432 -0.462992
75  -0.000000 0.000000 -0.000001  -0.000001 -0.000001 1.570795
76  0.729365 0.000005 0.000001  0.000002 -0.000004 -0.231836
77  0.348927 0.806044 1.321259  -1.142982 -2.276493 0.650284
78  -0.000001 -0.000001 0.000001  0.437032 0.000002 1.570790
79  0.806046 -0.348924 1.321261  -1.473565 -0.631203 -0.380781
80  -0.000000 1.789783 0.000002  0.105694 0.066384 0.343686
81  0.000001 0.000000 0.000001  0.347279 0.000000 1.570806
82  1.789790 0.000013 0.000001  0.002655 0.043681 0.349588
83  0.000000 1.207000 -0.000001  0.184120 0.296139 0.568005
84  -0.000001 -0.000001 -0.000001  0.000001 -0.000001 1.570797
85  1.207004 -0.000012 0.000003  -0.000003 0.000001 0.540456
86  0.000000 0.000000 1.000000  1.570796 -0.000000 0.000000
time 86
0  0.000005 3.335938 -8.640624  -1.570780 -1.391896 -1.570809
1  2.033356 1.000772 -1.937610  1.473119 1.855075 -0.198639
2  6.028144 -0.000001 0.000000  2.091185 1.510960 -0.470088
3  11.692556 0.000000 0.000003  -0.000000 0.000000 -0.323087
4  11.481697 0.000001 0.000002  -1.289035 0.006174 0.200690
5  3.859674 -0.132570 1.193108  0.432210 -0.155861 -0.861350
6  1.312559 0.000000 -0.000000  -0.000000 0.000000 -1.191994
7  0.729367 -0.000001 -0.000000  -0.000000 0.000000 -1.063394
8  3.942302 0.050326 0.431045  0.232421 0.000609 -0.853331
9  1.539100 -0.000003 0.000000  0.000000 0.000000 -0.973379
10  1.196321 0.000007 0.000001  -0.000000 0.000000 -1.451289
11  3.883655 -0.050323 -0.431043  0.066987 0.050243 -0.694792
12  1.719578 0.000006 0.000001  0.000000 -0.000000 -1.251039
13  1.209185 0.000001 0.000000  0.000000 -0.000003 -1.141145
14  3.859835 -0.148937 -1.331282  -0.248855 0.263129 -0.072121
15  1.719421 0.000001 0.000001  0.000000 0.000000 -0.676756
16  1.099668 0.000003 0.000000  -0.000000 0.000000 -1.021287
17  0.806019 -0.359837 -1.318334  1.349685 0.343493 -0.771450
18  1.789782 0.000001 -0.000005  -0.000000 0.000000 0.397500
19  1.206997 0.000004 0.000002  0.000000 -0.000000 0.989033
20  6.104521 -1.468680 -3.530283  -1.564198 -0.011689 -1.581440
21  3.820742 -1.409994 -0.589408  -1.564198 -0.011689 -1.581440
22  0.222817 -3.739060 1.509296  0.024887 2.851473 -1.494016
23  3.048726 6.125608 1.106843  1.596061 0.018247 -0.808184
24  3.527214 5.063566 0.216260  1.596061 0.018246 -0.808184
25  3.352949 5.114325 -0.401205  1.596061 0.018247 -0.808184
26  2.909482 4.772883 -1.012056  1.596061 0.018247 -0.808184
27  1.772478 4.476570 2.356869  1.596061 0.018247 -0.808184
28  0.000006 3.336140 -8.647861  -1.570799 -1.391898 -1.570795
29  2.033350 1.000764 1.937663  1.227517 0.585911 1.190966
30  2.026190 1.001859 1.937675  1.227511 0.585916 1.190961
31  0.000001 -0.000001 0.000004  1.583265 0.000007 1.570794
32  0.000000 6.028147 -0.000001  -0.407737 -0.509434 -0.916498
33  -0.000001 0.000010 -0.000006  -0.000002 0.000003 1.570792
34  0.000017 6.028144 -0.000011  -0.546648 0.353497 0.446673
35  -0.000001 11.692572 -0.000000  -0.000001 -0.000005 -0.641353
36  0.000001 0.000001 -0.000002  0.000005 0.000000 1.570801
37  11.692577 0.000054 0.000041  0.000004 -0.000001 -0.641344
38  0.000001 11.481680 -0.000000  0.413194 0.486333 0.746549
39  -0.000001 -0.000001 -0.000001  0.000000 -0.000000 1.570789
40  11.481682 -0.000053 0.000007  0.523536 -0.362888 0.544420
41  0.137967 3.859857 1.332472  -1.465458 -1.619433 0.860068
42  -0.000000 0.000002 -0.000001  1.933714 0.000004 1.570794
43  3.859861 -0.137941 1.332474  0.357799 -0.048368 -0.605266
44  0.000001 1.719430 -0.000001  -0.420886 0.202310 0.066145
45  -0.000000 0.000000 0.000001  1.743430 0.000000 1.570798
46  1.719434 0.000004 -0.000005  0.000189 -0.009101 -0.438608
47  -0.000001 1.099663 0.000004  1.022369 1.907825 1.050343
48  0.000001 -0.000000 -0.000000  -0.000002 0.000003 1.570799
49  1.099667 0.000003 0.000002  -0.000119 0.002600 -0.290986
50  0.046788 3.883686 0.431449  -0.028160 -1.505149 -0.643964
51  -0.000001 0.000003 -0.000000  1.590082 0.000009 1.570787
52  3.883689 -0.046762 0.431450  0.084906 0.001838 -0.672065
53  0.000000 1.719579 -0.000000  -0.720102 0.051523 -0.006475
54  0.000001 -0.000001 0.000001  1.538381 -0.000002 1.570794
55  1.719575 0.000015 -0.000016  -0.003915 0.016394 -0.719629
56  0.000002 1.209178 -0.000005  -1.502664 1.085641 -1.507497
57  -0.000002 -0.000001 -0.000000  -0.000000 -0.000000 1.570805
58  1.209182 -0.000009 -0.000001  -0.000816 0.002971 -0.484096
59  -0.046751 3.942326 -0.431438  -0.326446 -1.473453 -0.660449
60  0.000001 0.000002 0.000000  1.317660 0.000000 1.570797
61  3.942328 0.046778 -0.431438  -0.160904 0.031173 -0.985451
62  0.000000 1.539091 0.000001  -0.255118 -0.026494 -0.056799
63  -0.000000 -0.000001 -0.000000  1.337310 -0.000004 1.570800
64  1.539095 0.000002 0.000001  -0.000026 0.003539 -0.262667
65  0.000000 1.196321 -0.000002  -1.013126 1.118318 -1.059584
66  0.000000 0.000001 -0.000001  0.000000 -0.000001 1.570800
67  1.196326 -0.000007 0.000004  0.000001 0.000003 -0.391204
68  0.142426 3.859702 -1.191970  -0.667372 -1.423717 -0.301269
69  -0.000001 0.000000 -0.000001  0.976757 -0.000005 1.570807
70  3.859705 -0.142401 -1.191971  -0.478196 0.090837 -0.963363
71  0.000000 1.312567 -0.000001  -0.361362 -0.138963 -0.204711
72  0.000000 0.000000 0.000000  1.078169 0.000003 1.570794
73  1.312572 -0.000013 0.000011  0.000004 -0.001342 -0.437239
74  -0.000001 0.729365 0.000002  -0.404447 1.030434 -0.462985
75  0.000000 0.000000 -0.000000  -0.000001 -0.000001 1.570795
76  0.729368 0.000004 -0.000000  0.000001 -0.000005 -0.231832
77  0.348927 0.806039 1.321258  -1.142982 -2.276493 0.650284
78  -0.000000 0.000000 -0.000000  0.437032 0.000002 1.570790
79  0.806043 -0.348924 1.321261  -1.473565 -0.631203 -0.380781
80  0.000000 1.789784 -0.000000  0.105694 0.066383 0.343687
81  0.000000 0.000001 0.000001  0.347279 0.000000 1.570806
82  1.789790 0.000013 -0.000001  0.002654 0.043682 0.349588
83  0.000001 1.206998 -0.000001  0.184121 0.296138 0.568006
84  0.000000 -0.000000 0.000000  0.000001 -0.000001 1.570797
85  1.207002 -0.000012 0.000003  -0.000004 0.000001 0.540457
86  0.000000 0.000000 1.000000  1.570796 -0.000000 0.000000
time 87
0  0.000005 3.335938 -8.640624  -1.570780 -1.391896 -1.570809
1  2.033356 1.000772 -1.937610  1.473119 1.855075 -0.198639
2  6.028144 -0.000001 0.000000  2.089743 1.510820 -0.471540
3  11.692555 0.000001 0.000003  0.000000 0.000000 -0.323425
4  11.481698 0.000001 0.000002  -1.289016 0.006277 0.200690
5  3.859677 -0.132571 1.193106  0.432210 -0.155861 -0.861350
6  1.312558 0.000005 0.000000  -0.000000 0.000000 -1.191994
7  0.729367 -0.000001 -0.000001  -0.000000 0.000000 -1.063394
8  3.942302 0.050325 0.431044  0.232421 0.000609 -0.853331
9  1.539095 -0.000008 0.000001  0.000000 0.000000 -0.973379
10  1.196322 0.000009 -0.000000  0.000000 0.000000 -1.451289
11  3.883655 -0.050324 -0.431044  0.066987 0.050243 -0.694792
12  1.719577 0.000004 -0.000000  0.000000 -0.000000 -1.251039
13  1.209185 0.000000 0.000001  0.000000 -0.000003 -1.141145
14  3.859835 -0.148937 -1.331283  -0.248855 0.263129 -0.072121
15  1.719423 0.000002 0.000000  0.000000 0.000000 -0.676756
16  1.099668 0.000005 0.000001  -0.000000 0.000000 -1.021287
17  0.806019 -0.359838 -1.318335  1.349685 0.343493 -0.771450
18  1.789784 -0.000000 -0.000006  -0.000000 -0.000000 0.397500
19  1.207000 0.000002 0.000002  0.000000 -0.000000 0.989033
20  6.104520 -1.468681 -3.530283  -1.564198 -0.011689 -1.581440
21  3.820740 -1.409995 -0.589409  -1.564198 -0.011689 -1.581440
22  0.222815 -3.739062 1.509297  0.024887 2.851473 -1.494016
23  3.048727 6.125610 1.106840  1.596061 0.018247 -0.808184
24  3.527214 5.063568 0.216259  1.596061 0.018246 -0.808184
25  3.352950 5.114327 -0.401207  1.596061 0.018247 -0.808184
26  2.909482 4.772882 -1.012056  1.596061 0.018247 -0.808184
27  1.772478 4.476570 2.356868  1.596061 0.018247 -0.808184
28  0.000006 3.336140 -8.647861  -1.570799 -1.391898 -1.570795
29  2.033350 1.000764 1.937663  1.227517 0.585911 1.190966
30  2.026190 1.001859 1.937675  1.227511 0.585916 1.190961
31  0.000001 -0.000001 0.000004  1.583265 0.000007 1.570794
32  0.000000 6.028147 -0.000001  -0.407744 -0.509420 -0.916470
33  -0.000001 0.000010 -0.000005  -0.000002 0.000003 1.570791
34  0.000017 6.028144 -0.000011  -0.546635 0.353505 0.446702
35  -0.000000 11.692571 0.000000  -0.000001 -0.000005 -0.641417
36  -0.000001 0.000001 -0.000002  0.000005 0.000000 1.570801
37  11.692577 0.000054 0.000041  0.000005 -0.000001 -0.641408
38  -0.000002 11.481683 0.000000  0.413316 0.486409 0.746496
39  -0.000001 0.000002 -0.000000  0.000000 -0.000000 1.570789
40  11.481681 -0.000053 0.000008  0.523638 -0.362978 0.544274
41  0.137967 3.859858 1.332472  -1.465459 -1.619431 0.860064
42  -0.000001 -0.000001 -0.000001  1.933714 0.000004 1.570794
43  3.859858 -0.137941 1.332474  0.357799 -0.048367 -0.605272
44  -0.000001 1.719429 -0.000002  -0.420878 0.202310 0.066145
45  0.000000 0.000000 -0.000000  1.743430 0.000000 1.570798
46  1.719432 0.000005 -0.000004  0.000190 -0.009100 -0.438601
47  -0.000000 1.099665 0.000003  1.022360 1.907819 1.050333
48  -0.000000 -0.000000 0.000001  -0.000002 0.000003 1.570799
49  1.099668 0.000002 0.000002  -0.000120 0.002599 -0.290980
50  0.046788 3.883690 0.431450  -0.028145 -1.505149 -0.643979
51  -0.000000 0.000000 0.000000  1.590082 0.000009 1.570787
52  3.883689 -0.046761 0.431451  0.084906 0.001837 -0.672067
53  0.000001 1.719576 0.000002  -0.720101 0.051523 -0.006475
54  0.000001 0.000000 0.000001  1.538381 -0.000002 1.570794
55  1.719578 0.000016 -0.000016  -0.003915 0.016394 -0.719628
56  0.000002 1.209181 -0.000001  -1.502663 1.085643 -1.507497
57  -0.000001 -0.000000 0.000000  -0.000000 -0.000000 1.570805
58  1.209185 0.000001 -0.000001  -0.000816 0.002971 -0.484094
59  -0.046751 3.942329 -0.431436  -0.326452 -1.473453 -0.660448
60  -0.000002 0.000000 -0.000002  1.317660 0.000000 1.570797
61  3.942328 0.046779 -0.431435  -0.160904 0.031173 -0.985455
62  -0.000003 1.539091 -0.000001  -0.255113 -0.026494 -0.056799
63  -0.000001 0.000001 0.000003  1.337310 -0.000004 1.570800
64  1.539096 -0.000002 0.000001  -0.000026 0.003538 -0.262662
65  -0.000002 1.196325 0.000004  -1.013118 1.118324 -1.059574
66  0.000002 0.000000 -0.000000  0.000000 -0.000001 1.570800
67  1.196327 -0.000005 0.000003  0.000001 0.000003 -0.391197
68  0.142426 3.859710 -1.191969  -0.667374 -1.423717 -0.301271
69  -0.000000 0.000002 0.000003  0.976757 -0.000005 1.570807
70  3.859710 -0.142400 -1.191969  -0.478196 0.090837 -0.963367
71  -0.000000 1.312568 0.000002  -0.361359 -0.138963 -0.204711
72  0.000001 0.000000 0.000002  1.078169 0.000003 1.570794
73  1.312573 -0.000013 0.000009  0.000004 -0.001344 -0.437236
74  -0.000000 0.729363 -0.000002  -0.404441 1.030435 -0.462978
75  0.000001 -0.000000 0.000001  -0.000001 -0.000001 1.570794
76  0.729367 -0.000002 -0.000002  0.000002 -0.000004 -0.231828
77  0.348927 0.806049 1.321259  -1.142981 -2.276490 0.650282
78  0.000000 0.000000 0.000002  0.437032 0.000002 1.570790
79  0.806049 -0.348923 1.321262  -1.473564 -0.631200 -0.380782
80  0.000000 1.789783 0.000003  0.105694 0.066383 0.343684
81  0.000001 -0.000001 0.000001  0.347279 0.000000 1.570806
82  1.789790 0.000010 -0.000000  0.002654 0.043681 0.349585
83  0.000003 1.206997 -0.000002  0.184119 0.296139 0.568001
84  -0.000000 -0.000002 0.000000  0.000001 -0.000001 1.570797
85  1.207002 -0.000015 0.000003  -0.000004 0.000001 0.540452
86  0.000000 0.000000 1.000000  1.570796 -0.000000 0.000000
time 88
0  0.000005 3.335938 -8.640624  -1.570780 -1.391896 -1.570809
1  2.033356 1.000772 -1.937610  1.473119 1.855075 -0.198639
2  6.028144 -0.000001 0.000000  2.088857 1.510726 -0.472412
3  11.692555 0.000002 0.000003  -0.000000 0.000000 -0.323651
4  11.481695 0.000001 0.000002  -1.288998 0.006400 0.200690
5  3.859677 -0.132571 1.193107  0.432210 -0.155861 -0.861350
6  1.312557 0.000003 0.000000  -0.000000 0.000000 -1.191994
7  0.729365 0.000000 -0.000001  -0.000000 0.000000 -1.063394
8  3.942306 0.050325 0.431045  0.232421 0.000609 -0.853331
9  1.539099 -0.000004 0.000001  -0.000000 0.000000 -0.973379
10  1.196321 0.000010 -0.000000  0.000000 0.000000 -1.451289
11  3.883656 -0.050324 -0.431043  0.066987 0.050243 -0.694792
12  1.719579 0.000006 0.000001  0.000000 -0.000000 -1.251039
13  1.209185 0.000004 0.000001  0.000000 -0.000003 -1.141145
14  3.859836 -0.148937 -1.331282  -0.248855 0.263129 -0.072121
15  1.719421 0.000001 -0.000000  0.000000 0.000000 -0.676756
16  1.099667 0.000004 0.000000  -0.000000 0.000000 -1.021287
17  0.806021 -0.359837 -1.318334  1.349685 0.343493 -0.771450
18  1.789783 0.000000 -0.000007  0.000000 -0.000000 0.397500
19  1.206999 0.000003 0.000004  0.000000 -0.000000 0.989033
20  6.104521 -1.468681 -3.530282  -1.564198 -0.011689 -1.581440
21  3.820743 -1.409994 -0.589408  -1.564198 -0.011689 -1.581440
22  0.222826 -3.739062 1.509298  0.024887 2.851473 -1.494016
23  3.048726 6.125609 1.106841  1.596061 0.018247 -0.808184
24  3.527214 5.063566 0.216260  1.596061 0.018246 -0.808184
25  3.352950 5.114327 -0.401207  1.596061 0.018247 -0.808184
26  2.909482 4.772881 -1.012056  1.596061 0.018247 -0.808184
27  1.772479 4.476569 2.356868  1.596061 0.018247 -0.808184
28  0.000006 3.336140 -8.647861  -1.570799 -1.391898 -1.570795
29  2.033350 1.000764 1.937663  1.227517 0.585911 1.190966
30  2.026190 1.001859 1.937675  1.227511 0.585916 1.190961
31  0.000001 -0.000001 0.000004  1.583265 0.000007 1.570794
32  0.000000 6.028147 -0.000001  -0.407728 -0.509422 -0.916486
33  -0.000000 0.000010 -0.000005  -0.000002 0.000003 1.570791
34  0.000017 6.028144 -0.000011  -0.546635 0.353491 0.446694
35  -0.000000 11.692572 -0.000000  -0.000001 -0.000005 -0.641393
36  0.000001 0.000001 -0.000003  0.000005 0.000000 1.570801
37  11.692577 0.000053 0.000042  0.000005 -0.000001 -0.641384
38  0.000001 11.481681 -0.000002  0.413366 0.486466 0.746359
39  -0.000000 -0.000000 0.000002  0.000000 -0.000000 1.570789
40  11.481682 -0.000053 0.000006  0.523708 -0.363010 0.544088
41  0.137968 3.859857 1.332474  -1.465455 -1.619431 0.860061
42  0.000000 -0.000002 -0.000000  1.933714 0.000004 1.570794
43  3.859859 -0.137941 1.332474  0.357799 -0.048367 -0.605271
44  0.000001 1.719426 -0.000000  -0.420878 0.202310 0.066145
45  0.000000 0.000001 -0.000001  1.743430 0.000000 1.570798
46  1.719433 0.000004 -0.000006  0.000190 -0.009100 -0.438601
47  -0.000001 1.099662 0.000001  1.022359 1.907819 1.050333
48  0.000003 -0.000000 0.000000  -0.000002 0.000003 1.570799
49  1.099665 0.000002 0.000001  -0.000119 0.002600 -0.290979
50  0.046789 3.883687 0.431451  -0.028149 -1.505149 -0.643974
51  0.000001 0.000000 0.000000  1.590082 0.000009 1.570787
52  3.883688 -0.046762 0.431449  0.084906 0.001838 -0.672065
53  0.000002 1.719577 0.000000  -0.720102 0.051523 -0.006475
54  -0.000000 -0.000001 0.000001  1.538381 -0.000002 1.570794
55  1.719577 0.000012 -0.000016  -0.003915 0.016394 -0.719629
56  0.000000 1.209183 0.000001  -1.502664 1.085642 -1.507497
57  -0.000002 -0.000000 0.000001  -0.000000 -0.000000 1.570805
58  1.209187 -0.000003 -0.000002  -0.000816 0.002971 -0.484095
59  -0.046750 3.942328 -0.431434  -0.326454 -1.473453 -0.660443
60  -0.000000 0.000000 -0.000002  1.317660 0.000000 1.570797
61  3.942328 0.046778 -0.431437  -0.160904 0.031173 -0.985453
62  0.000001 1.539091 -0.000004  -0.255114 -0.026494 -0.056799
63  -0.000001 0.000000 0.000000  1.337310 -0.000004 1.570800
64  1.539096 -0.000001 0.000003  -0.000026 0.003538 -0.262663
65  0.000000 1.196322 -0.000001  -1.013120 1.118323 -1.059577
66  -0.000002 -0.000000 0.000001  0.000000 -0.000001 1.570800
67  1.196326 -0.000009 0.000005  0.000001 0.000003 -0.391199
68  0.142427 3.859705 -1.191966  -0.667369 -1.423718 -0.301274
69  0.000000 0.000001 0.000001  0.976757 -0.000005 1.570807
70  3.859706 -0.142400 -1.191970  -0.478196 0.090837 -0.963366
71  -0.000000 1.312566 -0.000000  -0.361361 -0.138963 -0.204711
72  -0.000001 0.000000 -0.000000  1.078169 0.000003 1.570794
73  1.312570 -0.000019 0.000007  0.000004 -0.001343 -0.437238
74  -0.000000 0.729364 -0.000004  -0.404445 1.030434 -0.462983
75  -0.000001 0.000000 0.000000  -0.000001 -0.000001 1.570795
76  0.729367 0.000000 -0.000000  0.000002 -0.000005 -0.231830
77  0.348928 0.806046 1.321260  -1.142980 -2.276489 0.650282
78  0.000000 0.000000 -0.000002  0.437032 0.000002 1.570791
79  0.806049 -0.348923 1.321260  -1.473564 -0.631200 -0.380782
80  0.000001 1.789784 -0.000002  0.105694 0.066384 0.343683
81  -0.000000 -0.000002 -0.000001  0.347279 0.000000 1.570806
82  1.789788 0.000010 -0.000001  0.002654 0.043681 0.349585
83  -0.000000 1.206996 -0.000001  0.184119 0.296139 0.568001
84  0.000001 0.000001 0.000000  0.000001 -0.000001 1.570797
85  1.207002 -0.000009 0.000004  -0.000004 0.000001 0.540452
86  0.000000 0.000000 1.000000  1.570796 -0.000000 0.000000
time 89
0  0.000005 3.335938 -8.640624  -1.570780 -1.391896 -1.570809
1  2.033356 1.000772 -1.937610  1.473119 1.855075 -0.198639
2  6.028144 -0.000001 0.000000  2.088548 1.510679 -0.472726
3  11.692556 0.000001 0.000003  -0.000000 -0.000000 -0.323726
4  11.481698 0.000002 0.000002  -1.288980 0.006524 0.200690
5  3.859679 -0.132570 1.193107  0.432210 -0.155861 -0.861350
6  1.312562 0.000005 -0.000000  -0.000000 0.000000 -1.191994
7  0.729365 -0.000003 -0.000000  -0.000000 0.000000 -1.063394
8  3.942305 0.050326 0.431043  0.232421 0.000609 -0.853331
9  1.539097 -0.000003 0.000001  0.000000 0.000000 -0.973379
10  1.196322 0.000009 -0.000000  -0.000000 0.000000 -1.451289
11  3.883657 -0.050323 -0.431044  0.066987 0.050243 -0.694792
12  1.719576 0.000004 0.000000  0.000000 -0.000000 -1.251039
13  1.209185 -0.000001 0.000000  0.000000 -0.000003 -1.141173
14  3.859835 -0.148937 -1.331283  -0.248855 0.263129 -0.072121
15  1.719425 0.000002 0.000000  -0.000000 0.000000 -0.676756
16  1.099669 0.000003 0.000002  0.000000 0.000000 -1.021287
17  0.806019 -0.359837 -1.318334  1.349685 0.343493 -0.771450
18  1.789782 0.000001 -0.000007  -0.000000 -0.000000 0.397500
19  1.206998 0.000002 0.000005  0.000000 -0.000000 0.989033
20  6.104521 -1.468680 -3.530283  -1.564198 -0.011689 -1.581440
21  3.820742 -1.409994 -0.589409  -1.564198 -0.011689 -1.581440
22  0.222816 -3.739064 1.509296  0.024887 2.851473 -1.494016
23  3.048728 6.125611 1.106841  1.596061 0.018247 -0.808184
24  3.527215 5.063568 0.216260  1.596061 0.018246 -0.808184
25  3.352951 5.114328 -0.401206  1.596061 0.018247 -0.808184
26  2.909482 4.772882 -1.012055  1.596061 0.018247 -0.808184
27  1.772479 4.476569 2.356869  1.596061 0.018247 -0.808184
28  0.000006 3.336140 -8.647861  -1.570799 -1.391898 -1.570795
29  2.033350 1.000764 1.937663  1.227517 0.585911 1.190966
30  2.026190 1.001859 1.937675  1.227511 0.585916 1.190961
31  0.000001 -0.000001 0.000004  1.583265 0.000007 1.570794
32  0.000000 6.028147 -0.000001  -0.407703 -0.509448 -0.916549
33  -0.000000 0.000010 -0.000005  -0.000002 0.000003 1.570792
34  0.000017 6.028144 -0.000011  -0.546657 0.353465 0.446636
35  0.000000 11.692571 0.000001  -0.000001 -0.000005 -0.641264
36  -0.000000 0.000001 -0.000001  0.000005 0.000000 1.570801
37  11.692577 0.000052 0.000040  0.000004 -0.000001 -0.641254
38  -0.000001 11.481682 -0.000000  0.413335 0.486542 0.746167
39  -0.000000 0.000000 0.000001  0.000000 -0.000000 1.570789
40  11.481681 -0.000053 0.000007  0.523781 -0.362968 0.543885
41  0.137968 3.859859 1.332474  -1.465458 -1.619431 0.860065
42  -0.000000 -0.000001 0.000000  1.933714 0.000004 1.570794
43  3.859863 -0.137941 1.332474  0.357799 -0.048367 -0.605272
44  -0.000002 1.719431 0.000001  -0.420878 0.202310 0.066145
45  0.000001 -0.000002 -0.000001  1.743430 0.000000 1.570799
46  1.719433 0.000008 -0.000008  0.000190 -0.009100 -0.438600
47  -0.000000 1.099661 -0.000002  1.022359 1.907819 1.050331
48  -0.000002 0.000001 -0.000001  -0.000002 0.000003 1.570799
49  1.099666 0.000000 0.000000  -0.000119 0.002599 -0.290979
50  0.046789 3.883687 0.431450  -0.028158 -1.505149 -0.643969
51  0.000000 0.000001 -0.000000  1.590082 0.000009 1.570787
52  3.883690 -0.046761 0.431449  0.084907 0.001838 -0.672065
53  -0.000001 1.719579 0.000003  -0.720101 0.051523 -0.006475
54  -0.000002 0.000000 0.000001  1.538381 -0.000002 1.570794
55  1.719582 0.000019 -0.000018  -0.003915 0.016394 -0.719628
56  -0.000003 1.209186 0.000002  -1.502664 1.085642 -1.507497
57  0.000002 0.000000 -0.000001  -0.000000 -0.000000 1.570805
58  1.209188 0.000001 -0.000004  -0.000816 0.002971 -0.484094
59  -0.046751 3.942325 -0.431436  -0.326448 -1.473453 -0.660454
60  0.000000 -0.000001 -0.000000  1.317660 0.000000 1.570797
61  3.942327 0.046779 -0.431438  -0.160904 0.031173 -0.985455
62  0.000001 1.539087 -0.000001  -0.255115 -0.026494 -0.056799
63  0.000001 -0.000000 -0.000002  1.337310 -0.000004 1.570800
64  1.539091 0.000001 0.000002  -0.000026 0.003538 -0.262664
65  0.000002 1.196321 -0.000003  -1.013122 1.118322 -1.059577
66  -0.000001 0.000000 0.000000  0.000000 -0.000001 1.570800
67  1.196325 -0.000007 0.000004  0.000000 0.000003 -0.391200
68  0.142426 3.859705 -1.191967  -0.667375 -1.423717 -0.301269
69  0.000000 -0.000000 0.000001  0.976757 -0.000005 1.570807
70  3.859707 -0.142400 -1.191969  -0.478196 0.090838 -0.963365
71  -0.000001 1.312567 0.000005  -0.361360 -0.138963 -0.204711
72  -0.000000 -0.000001 0.000001  1.078169 0.000003 1.570794
73  1.312572 -0.000010 0.000010  0.000005 -0.001343 -0.437237
74  -0.000002 0.729363 0.000002  -0.404444 1.030435 -0.462981
75  -0.000000 -0.000001 0.000001  -0.000001 -0.000001 1.570795
76  0.729367 0.000003 0.000000  0.000001 -0.000004 -0.231830
77  0.348927 0.806041 1.321261  -1.142983 -2.276493 0.650284
78  0.000001 0.000001 -0.000000  0.437032 0.000002 1.570791
79  0.806045 -0.348924 1.321261  -1.473564 -0.631203 -0.380782
80  0.000001 1.789783 0.000000  0.105694 0.066383 0.343687
81  0.000000 0.000001 0.000002  0.347279 0.000000 1.570806
82  1.789788 0.000012 -0.000001  0.002654 0.043682 0.349588
83  0.000000 1.206996 0.000001  0.184121 0.296138 0.568006
84  -0.000000 0.000002 0.000000  0.000001 -0.000001 1.570797
85  1.207003 -0.000011 0.000003  -0.000004 0.000002 0.540457
86  0.000000 0.000000 1.000000  1.570796 -0.000000 0.000000
time 90
0  0.000005 3.335938 -8.640624  -1.570780 -1.391896 -1.570809
1  2.033356 1.000772 -1.937610  1.473119 1.855075 -0.198639
2  6.028144 -0.000001 0.000000  2.089331 1.510773 -0.471952
3  11.692555 0.000001 0.000004  -0.000000 0.000000 -0.323538
4  11.481697 0.000002 0.000002  -1.288962 0.006647 0.200690
5  3.859678 -0.132570 1.193107  0.432210 -0.155861 -0.861350
6  1.312558 0.000002 0.000001  -0.000000 0.000000 -1.191994
7  0.729366 -0.000000 -0.000001  -0.000000 0.000000 -1.063394
8  3.942306 0.050326 0.431045  0.232421 0.000609 -0.853331
9  1.539096 -0.000005 0.000000  -0.000000 0.000000 -0.973379
10  1.196321 0.000007 -0.000000  0.000000 0.000000 -1.451289
11  3.883657 -0.050323 -0.431043  0.066987 0.050243 -0.694792
12  1.719576 0.000005 0.000000  0.000000 -0.000000 -1.251039
13  1.209185 -0.000003 -0.000000  0.000000 -0.000003 -1.141145
14  3.859838 -0.148937 -1.331282  -0.248855 0.263129 -0.072121
15  1.719421 0.000002 -0.000002  0.000000 0.000000 -0.676756
16  1.099667 0.000003 0.000000  0.000000 0.000000 -1.021287
17  0.806019 -0.359837 -1.318333  1.349685 0.343493 -0.771450
18  1.789783 0.000001 -0.000005  -0.000000 -0.000000 0.397500
19  1.207001 0.000002 0.000005  0.000000 -0.000000 0.989033
20  6.104522 -1.468679 -3.530282  -1.564198 -0.011689 -1.581440
21  3.820742 -1.409994 -0.589408  -1.564198 -0.011689 -1.581440
22  0.222820 -3.739064 1.509297  0.024887 2.851473 -1.494016
23  3.048727 6.125610 1.106841  1.596061 0.018247 -0.808184
24  3.527214 5.063568 0.216259  1.596061 0.018246 -0.808184
25  3.352950 5.114327 -0.401206  1.596061 0.018247 -0.808184
26  2.909481 4.772882 -1.012056  1.596061 0.018247 -0.808184
27  1.772478 4.476571 2.356868  1.596061 0.018247 -0.808184
28  0.000006 3.336140 -8.647861  -1.570799 -1.391898 -1.570795
29  2.033350 1.000764 1.937663  1.227517 0.585911 1.190966
30  2.026190 1.001859 1.937675  1.227511 0.585916 1.190961
31  0.000001 -0.000001 0.000004  1.583265 0.000007 1.570794
32  0.000000 6.028147 -0.000001  -0.407625 -0.509466 -0.916635
33  -0.000001 0.000010 -0.000006  -0.000002 0.000003 1.570792
34  0.000017 6.028144 -0.000011  -0.546660 0.353395 0.446586
35  -0.000000 11.692572 -0.000000  -0.000001 -0.000005 -0.641104
36  -0.000001 0.000001 -0.000002  0.000005 0.000000 1.570801
37  11.692578 0.000053 0.000040  0.000004 -0.000001 -0.641094
38  -0.000002 11.481683 0.000000  0.413155 0.486598 0.745952
39  -0.000001 0.000001 0.000000  0.000000 -0.000000 1.570789
40  11.481684 -0.000053 0.000008  0.523806 -0.362801 0.543745
41  0.137968 3.859861 1.332473  -1.465457 -1.619432 0.860064
42  0.000000 -0.000001 0.000000  1.933714 0.000004 1.570794
43  3.859863 -0.137941 1.332473  0.357799 -0.048368 -0.605269
44  0.000003 1.719424 -0.000002  -0.420883 0.202310 0.066145
45  -0.000000 0.000001 0.000003  1.743430 0.000000 1.570798
46  1.719429 0.000008 -0.000003  0.000190 -0.009101 -0.438606
47  -0.000001 1.099664 0.000008  1.022366 1.907823 1.050339
48  -0.000003 0.000001 -0.000001  -0.000002 0.000003 1.570799
49  1.099664 0.000003 0.000000  -0.000119 0.002600 -0.290984
50  0.046788 3.883690 0.431451  -0.028147 -1.505149 -0.643975
51  0.000000 0.000002 -0.000001  1.590082 0.000009 1.570787
52  3.883691 -0.046762 0.431449  0.084906 0.001837 -0.672066
53  0.000001 1.719578 -0.000001  -0.720102 0.051523 -0.006475
54  -0.000001 0.000000 -0.000001  1.538381 -0.000002 1.570794
55  1.719581 0.000013 -0.000015  -0.003915 0.016394 -0.719630
56  -0.000002 1.209186 0.000002  -1.502664 1.085641 -1.507497
57  0.000003 -0.000000 -0.000002  -0.000000 -0.000000 1.570805
58  1.209189 0.000003 -0.000002  -0.000816 0.002972 -0.484096
59  -0.046750 3.942330 -0.431436  -0.326453 -1.473452 -0.660442
60  0.000000 0.000000 -0.000001  1.317660 0.000000 1.570797
61  3.942331 0.046778 -0.431437  -0.160904 0.031173 -0.985452
62  0.000000 1.539090 -0.000004  -0.255118 -0.026494 -0.056799
63  -0.000001 0.000000 0.000003  1.337310 -0.000004 1.570800
64  1.539093 -0.000001 0.000001  -0.000026 0.003539 -0.262667
65  -0.000001 1.196322 0.000001  -1.013126 1.118319 -1.059583
66  -0.000000 0.000001 0.000000  0.000000 -0.000001 1.570800
67  1.196326 -0.000007 0.000005  0.000000 0.000003 -0.391205
68  0.142426 3.859708 -1.191967  -0.667372 -1.423717 -0.301269
69  0.000001 0.000001 -0.000001  0.976757 -0.000005 1.570807
70  3.859710 -0.142400 -1.191970  -0.478196 0.090837 -0.963365
71  0.000001 1.312570 0.000002  -0.361360 -0.138963 -0.204711
72  0.000001 0.000000 0.000003  1.078169 0.000003 1.570794
73  1.312573 -0.000013 0.000010  0.000004 -0.001343 -0.437237
74  0.000002 0.729364 0.000000  -0.404444 1.030434 -0.462982
75  -0.000001 0.000000 0.000000  -0.000001 -0.000001 1.570795
76  0.729366 0.000001 0.000000  0.000002 -0.000004 -0.231830
77  0.348927 0.806049 1.321260  -1.142983 -2.276494 0.650284
78  0.000000 -0.000001 0.000001  0.437032 0.000002 1.570790
79  0.806051 -0.348924 1.321260  -1.473565 -0.631204 -0.380782
80  0.000003 1.789782 -0.000001  0.105694 0.066383 0.343688
81  0.000000 0.000001 0.000000  0.347279 0.000000 1.570806
82  1.789791 0.000005 -0.000003  0.002654 0.043682 0.349589
83  -0.000000 1.207001 0.000000  0.184121 0.296138 0.568007
84  -0.000000 0.000001 0.000000  0.000001 -0.000001 1.570797
85  1.207007 -0.000011 0.000003  -0.000004 0.000002 0.540458
86  0.000000 0.000000 1.000000  1.570796 -0.000000 0.000000
time 91
0  0.000005 3.335938 -8.640624  -1.570780 -1.391896 -1.570809
1  2.033356 1.000772 -1.937610  1.473119 1.855075 -0.198639
2  6.028144 -0.000001 0.000000  2.091350 1.510960 -0.469919
3  11.692556 0.000000 0.000003  -0.000000 0.000000 -0.323049
4  11.481696 0.000001 0.000002  -1.288944 0.006770 0.200690
5  3.859674 -0.132570 1.193107  0.432210 -0.155861 -0.861350
6  1.312561 0.000004 -0.000001  -0.000000 0.000000 -1.191994
7  0.729364 -0.000002 -0.000001  -0.000000 0.000000 -1.063394
8  3.942301 0.050326 0.431044  0.232421 0.000609 -0.853331
9  1.539096 -0.000003 0.000001  0.000000 0.000000 -0.973379
10  1.196321 0.000009 0.000000  0.000000 0.000000 -1.451289
11  3.883654 -0.050323 -0.431043  0.066987 0.050243 -0.694792
12  1.719574 0.000007 0.000000  0.000000 -0.000000 -1.251039
13  1.209184 0.000000 0.000002  0.000000 -0.000003 -1.141145
14  3.859834 -0.148937 -1.331283  -0.248855 0.263129 -0.072121
15  1.719419 0.000003 -0.000001  0.000000 0.000000 -0.676756
16  1.099666 0.000002 0.000000  0.000000 0.000000 -1.021287
17  0.806017 -0.359837 -1.318334  1.349685 0.343493 -0.771450
18  1.789783 0.000000 -0.000006  -0.000000 -0.000000 0.397500
19  1.207002 0.000002 0.000002  0.000000 0.000000 0.989033
20  6.104519 -1.468680 -3.530282  -1.564198 -0.011689 -1.581440
21  3.820738 -1.409993 -0.589408  -1.564198 -0.011689 -1.581440
22  0.222814 -3.739062 1.509297  0.024887 2.851473 -1.494016
23  3.048727 6.125611 1.106841  1.596061 0.018247 -0.808184
24  3.527214 5.063566 0.216259  1.596061 0.018246 -0.808184
25  3.352951 5.114328 -0.401207  1.596061 0.018247 -0.808184
26  2.909483 4.772882 -1.012056  1.596061 0.018247 -0.808184
27  1.772479 4.476570 2.356868  1.596061 0.018247 -0.808184
28  0.000006 3.336140 -8.647861  -1.570799 -1.391898 -1.570795
29  2.033350 1.000764 1.937663  1.227517 0.585911 1.190966
30  2.026190 1.001859 1.937675  1.227511 0.585916 1.190961
31  0.000001 -0.000001 0.000004  1.583265 0.000007 1.570794
32  0.000000 6.028147 -0.000001  -0.407535 -0.509533 -0.916816
33  -0.000001 0.000009 -0.000006  -0.000002 0.000003 1.570791
34  0.000017 6.028144 -0.000011  -0.546713 0.353304 0.446431
35  -0.000001 11.692570 -0.000000  -0.000001 -0.000005 -0.640720
36  -0.000000 0.000001 -0.000003  0.000005 0.000000 1.570801
37  11.692579 0.000054 0.000040  0.000004 -0.000001 -0.640711
38  -0.000000 11.481683 -0.000001  0.412819 0.486637 0.745595
39  -0.000000 0.000001 -0.000000  0.000000 -0.000000 1.570789
40  11.481683 -0.000051 0.000009  0.523782 -0.362502 0.543554
41  0.137969 3.859854 1.332472  -1.465454 -1.619431 0.860062
42  0.000000 -0.000000 -0.000002  1.933714 0.000004 1.570794
43  3.859858 -0.137942 1.332475  0.357799 -0.048366 -0.605270
44  -0.000000 1.719428 -0.000000  -0.420879 0.202310 0.066145
45  0.000001 0.000001 -0.000000  1.743430 0.000000 1.570798
46  1.719430 0.000005 -0.000008  0.000190 -0.009100 -0.438602
47  0.000002 1.099661 -0.000002  1.022361 1.907820 1.050334
48  -0.000003 0.000000 0.000001  -0.000002 0.000003 1.570799
49  1.099663 -0.000001 0.000003  -0.000119 0.002599 -0.290980
50  0.046789 3.883683 0.431448  -0.028154 -1.505149 -0.643970
51  0.000000 -0.000000 -0.000001  1.590082 0.000009 1.570787
52  3.883686 -0.046762 0.431450  0.084906 0.001838 -0.672065
53  0.000001 1.719574 -0.000002  -0.720102 0.051523 -0.006475
54  -0.000001 0.000000 -0.000001  1.538381 -0.000002 1.570794
55  1.719577 0.000016 -0.000015  -0.003915 0.016394 -0.719630
56  -0.000000 1.209185 0.000001  -1.502664 1.085641 -1.507497
57  -0.000002 -0.000000 -0.000001  -0.000000 -0.000000 1.570805
58  1.209188 -0.000002 -0.000003  -0.000816 0.002971 -0.484096
59  -0.046751 3.942326 -0.431437  -0.326449 -1.473453 -0.660451
60  0.000001 0.000000 -0.000002  1.317660 0.000000 1.570797
61  3.942328 0.046778 -0.431436  -0.160904 0.031173 -0.985455
62  0.000000 1.539092 -0.000001  -0.255114 -0.026494 -0.056799
63  0.000000 0.000000 0.000003  1.337310 -0.000004 1.570800
64  1.539096 0.000001 0.000002  -0.000026 0.003538 -0.262663
65  0.000000 1.196321 -0.000002  -1.013120 1.118323 -1.059577
66  -0.000003 0.000000 0.000000  0.000000 -0.000001 1.570800
67  1.196324 -0.000010 0.000003  0.000000 0.000004 -0.391199
68  0.142427 3.859701 -1.191970  -0.667376 -1.423717 -0.301267
69  0.000000 0.000001 -0.000002  0.976757 -0.000005 1.570807
70  3.859704 -0.142401 -1.191969  -0.478196 0.090838 -0.963364
71  -0.000001 1.312567 -0.000001  -0.361362 -0.138963 -0.204711
72  0.000000 0.000001 -0.000002  1.078169 0.000003 1.570794
73  1.312570 -0.000010 0.000009  0.000005 -0.001342 -0.437239
74  0.000002 0.729365 -0.000004  -0.404447 1.030434 -0.462984
75  0.000000 -0.000000 0.000001  -0.000001 -0.000001 1.570795
76  0.729365 -0.000002 -0.000001  0.000001 -0.000004 -0.231832
77  0.348928 0.806045 1.321259  -1.142980 -2.276489 0.650282
78  -0.000001 -0.000000 0.000000  0.437032 0.000002 1.570790
79  0.806048 -0.348924 1.321262  -1.473564 -0.631199 -0.380782
80  -0.000002 1.789784 0.000003  0.105694 0.066383 0.343683
81  0.000001 0.000000 0.000000  0.347279 0.000000 1.570806
82  1.789790 0.000013 0.000001  0.002654 0.043680 0.349585
83  0.000002 1.206997 -0.000001  0.184119 0.296139 0.568000
84  -0.000000 -0.000003 0.000000  0.000001 -0.000001 1.570797
85  1.207003 -0.000012 0.000004  -0.000004 0.000001 0.540451
86  0.000000 0.000000 1.000000  1.570796 -0.000000 0.000000
time 92
0  0.000005 3.335938 -8.640624  -1.570780 -1.391896 -1.570809
1  2.033356 1.000772 -1.937610  1.473119 1.855075 -0.198639
2  6.028144 -0.000001 0.000000  2.094296 1.511287 -0.466967
3  11.692554 0.000002 0.000003  0.000000 -0.000000 -0.322335
4  11.481698 0.000001 0.000003  -1.288926 0.006894 0.200690
5  3.859677 -0.132571 1.193107  0.432210 -0.155861 -0.861350
6  1.312559 0.000004 0.000001  -0.000000 0.000000 -1.191994
7  0.729368 -0.000001 -0.000000  -0.000000 0.000000 -1.063394
8  3.942303 0.050325 0.431044  0.232421 0.000609 -0.853331
9  1.539096 -0.000005 0.000001  0.000000 0.000000 -0.973379
10  1.196322 0.000006 -0.000000  -0.000000 0.000000 -1.451289
11  3.883656 -0.050324 -0.431043  0.066987 0.050243 -0.694792
12  1.719576 0.000004 -0.000000  0.000000 -0.000000 -1.251039
13  1.209183 0.000005 0.000000  0.000000 -0.000003 -1.141145
14  3.859836 -0.148937 -1.331283  -0.248855 0.263129 -0.072121
15  1.719424 0.000002 -0.000001  0.000000 0.000000 -0.676756
16  1.099667 0.000003 0.000001  -0.000000 0.000000 -1.021287
17  0.806020 -0.359838 -1.318334  1.349685 0.343493 -0.771450
18  1.789781 0.000001 -0.000005  0.000000 0.000000 0.397500
19  1.207001 0.000002 0.000004  0.000000 -0.000000 0.989033
20  6.104521 -1.468680 -3.530283  -1.564198 -0.011689 -1.581440
21  3.820741 -1.409995 -0.589408  -1.564198 -0.011689 -1.581440
22  0.222817 -3.739063 1.509297  0.024887 2.851473 -1.494016
23  3.048727 6.125609 1.106841  1.596061 0.018247 -0.808184
24  3.527214 5.063567 0.216260  1.596061 0.018246 -0.808184
25  3.352950 5.114326 -0.401207  1.596061 0.018247 -0.808184
26  2.909482 4.772880 -1.012055  1.596061 0.018247 -0.808184
27  1.772479 4.476567 2.356869  1.596061 0.018247 -0.808184
28  0.000006 3.336140 -8.647861  -1.570799 -1.391898 -1.570795
29  2.033350 1.000764 1.937663  1.227517 0.585911 1.190966
30  2.026190 1.001859 1.937675  1.227511 0.585916 1.190961
31  0.000001 -0.000001 0.000004  1.583265 0.000007 1.570794
32  0.000000 6.028147 -0.000001  -0.407391 -0.509573 -0.916989
33  -0.000000 0.000010 -0.000006  -0.000002 0.000003 1.570791
34  0.000017 6.028144 -0.000011  -0.546727 0.353173 0.446324
35  0.000001 11.692571 -0.000000  -0.000001 -0.000005 -0.640376
36  -0.000001 0.000001 -0.000002  0.000005 0.000000 1.570801
37  11.692577 0.000053 0.000041  0.000004 -0.000001 -0.640366
38  -0.000002 11.481682 0.000000  0.412349 0.486655 0.745253
39  -0.000000 -0.000002 -0.000002  0.000000 -0.000000 1.570789
40  11.481681 -0.000055 0.000007  0.523713 -0.362092 0.543456
41  0.137968 3.859854 1.332472  -1.465451 -1.619429 0.860058
42  0.000001 0.000000 0.000000  1.933714 0.000004 1.570794
43  3.859859 -0.137941 1.332475  0.357799 -0.048366 -0.605271
44  0.000001 1.719427 0.000001  -0.420877 0.202310 0.066145
45  0.000000 0.000001 -0.000001  1.743430 0.000000 1.570798
46  1.719431 0.000007 -0.000007  0.000189 -0.009100 -0.438600
47  0.000001 1.099664 -0.000002  1.022358 1.907818 1.050332
48  0.000002 0.000000 0.000001  -0.000002 0.000003 1.570799
49  1.099666 0.000001 0.000003  -0.000120 0.002600 -0.290978
50  0.046789 3.883685 0.431448  -0.028170 -1.505149 -0.643951
51  0.000000 0.000002 0.000001  1.590082 0.000009 1.570787
52  3.883690 -0.046762 0.431450  0.084906 0.001839 -0.672065
53  0.000000 1.719576 0.000001  -0.720099 0.051523 -0.006475
54  -0.000001 -0.000001 -0.000001  1.538381 -0.000002 1.570794
55  1.719580 0.000016 -0.000015  -0.003915 0.016394 -0.719627
56  0.000000 1.209181 0.000001  -1.502664 1.085644 -1.507497
57  -0.000000 0.000000 -0.000000  -0.000000 -0.000000 1.570805
58  1.209184 -0.000003 -0.000003  -0.000816 0.002971 -0.484093
59  -0.046751 3.942325 -0.431439  -0.326456 -1.473452 -0.660440
60  0.000001 -0.000000 0.000000  1.317660 0.000000 1.570797
61  3.942329 0.046779 -0.431438  -0.160904 0.031174 -0.985454
62  0.000003 1.539088 -0.000001  -0.255114 -0.026494 -0.056799
63  0.000002 0.000001 0.000000  1.337310 -0.000004 1.570800
64  1.539092 -0.000002 0.000003  -0.000026 0.003538 -0.262663
65  0.000001 1.196326 0.000001  -1.013120 1.118323 -1.059576
66  0.000001 -0.000000 0.000000  0.000000 -0.000001 1.570800
67  1.196328 -0.000002 0.000003  0.000000 0.000003 -0.391199
68  0.142426 3.859702 -1.191969  -0.667376 -1.423717 -0.301267
69  -0.000001 -0.000001 -0.000002  0.976757 -0.000005 1.570807
70  3.859707 -0.142400 -1.191968  -0.478196 0.090838 -0.963366
71  -0.000001 1.312564 -0.000004  -0.361360 -0.138964 -0.204711
72  0.000000 0.000000 0.000000  1.078169 0.000003 1.570794
73  1.312568 -0.000012 0.000008  0.000004 -0.001343 -0.437237
74  0.000000 0.729364 -0.000000  -0.404443 1.030435 -0.462980
75  -0.000001 0.000000 0.000001  -0.000001 -0.000001 1.570795
76  0.729366 -0.000001 -0.000001  0.000002 -0.000004 -0.231829
77  0.348927 0.806044 1.321258  -1.142979 -2.276488 0.650281
78  0.000001 -0.000001 -0.000001  0.437031 0.000002 1.570790
79  0.806050 -0.348924 1.321261  -1.473564 -0.631198 -0.380782
80  -0.000000 1.789781 0.000000  0.105694 0.066384 0.343683
81  0.000000 -0.000001 -0.000001  0.347279 0.000000 1.570806
82  1.789789 0.000013 -0.000001  0.002654 0.043680 0.349584
83  -0.000001 1.207000 -0.000001  0.184119 0.296140 0.567999
84  -0.000000 -0.000003 0.000000  0.000001 -0.000001 1.570797
85  1.207003 -0.000010 0.000006  -0.000004 0.000001 0.540450
86  0.000000 0.000000 1.000000  1.570796 -0.000000 0.000000
time 93
0  0.000005 3.335938 -8.640624  -1.570780 -1.391896 -1.570809
1  2.033356 1.000772 -1.937610  1.473119 1.855075 -0.198639
2  6.028144 -0.000001 0.000000  2.097840 1.511661 -0.463410
3  11.692555 0.000001 0.000003  -0.000000 0.000000 -0.321470
4  11.481697 0.000002 0.000001  -1.288908 0.006997 0.200690
5  3.859679 -0.132570 1.193106  0.432210 -0.155861 -0.861350
6  1.312560 0.000003 -0.000000  -0.000000 0.000000 -1.191994
7  0.729367 -0.000002 -0.000000  -0.000000 0.000000 -1.063394
8  3.942304 0.050325 0.431043  0.232421 0.000609 -0.853331
9  1.539099 -0.000003 0.000000  -0.000000 0.000000 -0.973379
10  1.196322 0.000005 -0.000000  0.000000 0.000000 -1.451289
11  3.883657 -0.050324 -0.431044  0.066987 0.050243 -0.694792
12  1.719578 0.000006 0.000001  0.000000 -0.000000 -1.251039
13  1.209184 -0.000000 0.000001  0.000000 -0.000003 -1.141145
14  3.859836 -0.148937 -1.331283  -0.248855 0.263129 -0.072121
15  1.719422 0.000001 -0.000001  -0.000000 0.000000 -0.676756
16  1.099666 0.000001 0.000001  0.000000 0.000000 -1.021287
17  0.806019 -0.359838 -1.318334  1.349685 0.343493 -0.771450
18  1.789782 -0.000000 -0.000004  -0.000000 -0.000000 0.397500
19  1.206999 0.000004 0.000002  0.000000 -0.000000 0.989033
20  6.104522 -1.468681 -3.530283  -1.564198 -0.011689 -1.581440
21  3.820741 -1.409995 -0.589409  -1.564198 -0.011689 -1.581440
22  0.222820 -3.739061 1.509296  0.024887 2.851473 -1.494016
23  3.048727 6.125611 1.106840  1.596061 0.018247 -0.808184
24  3.527214 5.063569 0.216258  1.596061 0.018246 -0.808184
25  3.352950 5.114327 -0.401209  1.596061 0.018247 -0.808184
26  2.909482 4.772882 -1.012058  1.596061 0.018247 -0.808184
27  1.772478 4.476569 2.356867  1.596061 0.018247 -0.808184
28  0.000006 3.336140 -8.647861  -1.570799 -1.391898 -1.570795
29  2.033350 1.000764 1.937663  1.227517 0.585911 1.190966
30  2.026190 1.001859 1.937675  1.227511 0.585916 1.190961
31  0.000001 -0.000001 0.000004  1.583265 0.000007 1.570794
32  0.000000 6.028147 -0.000001  -0.407251 -0.509631 -0.917190
33  -0.000002 0.000010 -0.000005  -0.000002 0.000003 1.570791
34  0.000017 6.028144 -0.000011  -0.546761 0.353041 0.446180
35  -0.000001 11.692572 -0.000000  -0.000001 -0.000005 -0.639951
36  -0.000001 0.000001 -0.000002  0.000005 0.000000 1.570801
37  11.692577 0.000054 0.000040  0.000004 -0.000001 -0.639942
38  -0.000001 11.481680 -0.000000  0.411814 0.486659 0.744883
39  -0.000000 0.000002 -0.000000  0.000000 -0.000000 1.570789
40  11.481682 -0.000055 0.000007  0.523616 -0.361627 0.543371
41  0.137968 3.859858 1.332475  -1.465463 -1.619432 0.860064
42  -0.000000 0.000002 0.000001  1.933714 0.000004 1.570794
43  3.859856 -0.137942 1.332476  0.357799 -0.048368 -0.605270
44  0.000001 1.719431 -0.000001  -0.420881 0.202310 0.066145
45  -0.000001 0.000000 -0.000002  1.743430 0.000000 1.570798
46  1.719430 0.000004 -0.000005  0.000189 -0.009101 -0.438604
47  0.000001 1.099661 -0.000003  1.022363 1.907821 1.050336
48  -0.000001 0.000001 0.000001  -0.000002 0.000003 1.570799
49  1.099663 -0.000001 0.000004  -0.000119 0.002599 -0.290982
50  0.046789 3.883688 0.431452  -0.028173 -1.505149 -0.643951
51  -0.000000 -0.000003 0.000001  1.590082 0.000009 1.570787
52  3.883687 -0.046762 0.431452  0.084907 0.001839 -0.672065
53  -0.000001 1.719575 0.000001  -0.720100 0.051523 -0.006475
54  0.000001 0.000000 -0.000000  1.538382 -0.000002 1.570794
55  1.719583 0.000015 -0.000016  -0.003915 0.016394 -0.719627
56  0.000001 1.209180 0.000002  -1.502663 1.085643 -1.507497
57  0.000003 0.000002 0.000000  -0.000000 -0.000000 1.570805
58  1.209183 0.000002 -0.000002  -0.000816 0.002971 -0.484093
59  -0.046751 3.942329 -0.431436  -0.326453 -1.473453 -0.660447
60  0.000001 0.000001 -0.000002  1.317660 0.000000 1.570797
61  3.942327 0.046779 -0.431436  -0.160904 0.031173 -0.985454
62  0.000001 1.539091 -0.000003  -0.255114 -0.026494 -0.056799
63  -0.000000 0.000000 -0.000002  1.337310 -0.000004 1.570800
64  1.539096 -0.000002 0.000002  -0.000026 0.003538 -0.262663
65  -0.000001 1.196324 -0.000001  -1.013119 1.118323 -1.059577
66  -0.000002 -0.000000 -0.000000  0.000000 -0.000001 1.570800
67  1.196327 -0.000008 0.000003  0.000001 0.000003 -0.391199
68  0.142426 3.859710 -1.191967  -0.667373 -1.423718 -0.301271
69  -0.000001 -0.000001 0.000001  0.976757 -0.000005 1.570807
70  3.859709 -0.142400 -1.191967  -0.478196 0.090837 -0.963367
71  0.000000 1.312566 0.000004  -0.361359 -0.138963 -0.204711
72  0.000001 -0.000001 -0.000003  1.078169 0.000003 1.570794
73  1.312569 -0.000014 0.000010  0.000005 -0.001344 -0.437236
74  0.000003 0.729363 -0.000002  -0.404442 1.030435 -0.462978
75  -0.000001 -0.000000 0.000001  -0.000001 -0.000001 1.570795
76  0.729366 0.000005 0.000001  0.000001 -0.000004 -0.231828
77  0.348928 0.806045 1.321260  -1.142980 -2.276488 0.650282
78  0.000000 -0.000001 0.000000  0.437032 0.000002 1.570790
79  0.806045 -0.348924 1.321262  -1.473563 -0.631199 -0.380782
80  -0.000002 1.789784 -0.000000  0.105694 0.066384 0.343683
81  0.000000 -0.000003 -0.000000  0.347279 0.000000 1.570806
82  1.789788 0.000013 -0.000002  0.002654 0.043680 0.349584
83  0.000001 1.206997 -0.000000  0.184119 0.296140 0.567999
84  0.000000 -0.000002 0.000000  0.000001 -0.000001 1.570797
85  1.207003 -0.000012 0.000004  -0.000004 0.000001 0.540450
86  0.000000 0.000000 1.000000  1.570796 -0.000000 0.000000
time 94
0  0.000005 3.335938 -8.640624  -1.570780 -1.391896 -1.570809
1  2.033356 1.000772 -1.937610  1.473119 1.855075 -0.198639
2  6.028144 -0.000001 0.000000  2.101734 1.512035 -0.459514
3  11.692555 0.000000 0.000003  -0.000000 0.000000 -0.320568
4  11.481698 0.000000 0.000003  -1.288889 0.007099 0.200690
5  3.859679 -0.132570 1.193108  0.432210 -0.155861 -0.861350
6  1.312560 0.000004 -0.000000  -0.000000 0.000000 -1.191994
7  0.729366 -0.000002 -0.000001  -0.000000 0.000000 -1.063394
8  3.942305 0.050326 0.431043  0.232421 0.000609 -0.853331
9  1.539096 -0.000003 0.000001  -0.000000 0.000000 -0.973379
10  1.196322 0.000005 -0.000001  0.000000 0.000000 -1.451289
11  3.883659 -0.050323 -0.431043  0.066987 0.050243 -0.694792
12  1.719578 0.000006 0.000000  0.000000 -0.000000 -1.251039
13  1.209186 0.000003 0.000001  0.000000 -0.000003 -1.141145
14  3.859837 -0.148936 -1.331283  -0.248855 0.263129 -0.072121
15  1.719422 0.000002 -0.000001  0.000000 0.000000 -0.676756
16  1.099664 0.000001 0.000001  0.000000 0.000000 -1.021287
17  0.806021 -0.359837 -1.318334  1.349685 0.343493 -0.771450
18  1.789785 0.000001 -0.000006  0.000000 -0.000000 0.397500
19  1.206999 0.000002 0.000002  0.000000 -0.000000 0.989033
20  6.104523 -1.468680 -3.530283  -1.564198 -0.011689 -1.581440
21  3.820744 -1.409994 -0.589408  -1.564198 -0.011689 -1.581440
22  0.222814 -3.739063 1.509297  0.024887 2.851473 -1.494016
23  3.048726 6.125611 1.106841  1.596061 0.018247 -0.808184
24  3.527214 5.063567 0.216259  1.596061 0.018246 -0.808184
25  3.352950 5.114326 -0.401206  1.596061 0.018247 -0.808184
26  2.909481 4.772880 -1.012056  1.596061 0.018247 -0.808184
27  1.772479 4.476570 2.356868  1.596061 0.018247 -0.808184
28  0.000006 3.336140 -8.647861  -1.570799 -1.391898 -1.570795
29  2.033350 1.000764 1.937663  1.227517 0.585911 1.190966
30  2.026190 1.001859 1.937675  1.227511 0.585916 1.190961
31  0.000001 -0.000001 0.000004  1.583265 0.000007 1.570794
32  0.000000 6.028147 -0.000001  -0.407101 -0.509712 -0.917437
33  -0.000000 0.000010 -0.000006  -0.000002 0.000003 1.570791
34  0.000017 6.028144 -0.000011  -0.546816 0.352897 0.445986
35  0.000000 11.692570 -0.000001  -0.000001 -0.000005 -0.639448
36  -0.000001 0.000001 -0.000001  0.000005 0.000000 1.570801
37  11.692578 0.000053 0.000041  0.000004 -0.000001 -0.639439
38  -0.000001 11.481679 0.000000  0.411260 0.486680 0.744476
39  -0.000001 0.000002 -0.000001  0.000000 -0.000000 1.570789
40  11.481678 -0.000055 0.000008  0.523533 -0.361144 0.543252
41  0.137966 3.859857 1.332471  -1.465456 -1.619431 0.860066
42  0.000000 -0.000001 0.000001  1.933714 0.000004 1.570794
43  3.859859 -0.137940 1.332472  0.357799 -0.048366 -0.605272
44  -0.000000 1.719426 -0.000000  -0.420877 0.202310 0.066145
45  -0.000000 0.000002 -0.000001  1.743430 0.000000 1.570798
46  1.719429 0.000004 -0.000006  0.000190 -0.009100 -0.438600
47  -0.000000 1.099667 0.000002  1.022358 1.907818 1.050331
48  0.000000 -0.000001 -0.000000  -0.000002 0.000003 1.570799
49  1.099667 0.000000 0.000002  -0.000119 0.002600 -0.290978
50  0.046788 3.883687 0.431448  -0.028162 -1.505149 -0.643964
51  0.000001 0.000003 0.000001  1.590082 0.000009 1.570787
52  3.883688 -0.046761 0.431449  0.084906 0.001838 -0.672065
53  0.000002 1.719579 0.000002  -0.720100 0.051524 -0.006475
54  -0.000000 -0.000000 -0.000002  1.538381 -0.000002 1.570794
55  1.719580 0.000015 -0.000017  -0.003915 0.016394 -0.719628
56  -0.000001 1.209182 -0.000003  -1.502664 1.085643 -1.507497
57  -0.000000 0.000001 -0.000001  -0.000000 -0.000000 1.570805
58  1.209186 -0.000003 -0.000004  -0.000816 0.002971 -0.484094
59  -0.046751 3.942329 -0.431438  -0.326455 -1.473452 -0.660445
60  -0.000000 0.000000 -0.000002  1.317660 0.000000 1.570797
61  3.942329 0.046778 -0.431439  -0.160904 0.031173 -0.985455
62  -0.000002 1.539091 -0.000001  -0.255112 -0.026494 -0.056799
63  0.000001 0.000001 -0.000001  1.337310 -0.000004 1.570800
64  1.539094 0.000003 0.000000  -0.000026 0.003538 -0.262662
65  0.000002 1.196323 -0.000001  -1.013117 1.118325 -1.059574
66  0.000004 0.000000 0.000000  0.000000 -0.000001 1.570800
67  1.196326 -0.000008 0.000004  0.000000 0.000003 -0.391197
68  0.142425 3.859704 -1.191970  -0.667372 -1.423718 -0.301273
69  -0.000001 0.000003 0.000001  0.976757 -0.000005 1.570807
70  3.859708 -0.142400 -1.191970  -0.478196 0.090837 -0.963367
71  -0.000001 1.312569 -0.000003  -0.361359 -0.138964 -0.204711
72  0.000002 0.000000 0.000001  1.078169 0.000003 1.570794
73  1.312572 -0.000017 0.000007  0.000004 -0.001344 -0.437237
74  -0.000002 0.729365 0.000002  -0.404441 1.030435 -0.462979
75  -0.000001 -0.000000 0.000000  -0.000001 -0.000001 1.570795
76  0.729366 0.000006 -0.000002  0.000002 -0.000004 -0.231828
77  0.348927 0.806043 1.321258  -1.142978 -2.276485 0.650280
78  -0.000001 0.000001 -0.000000  0.437032 0.000002 1.570790
79  0.806047 -0.348924 1.321259  -1.473563 -0.631195 -0.380782
80  -0.000002 1.789785 0.000001  0.105694 0.066384 0.343680
81  0.000000 -0.000001 -0.000000  0.347279 0.000000 1.570806
82  1.789788 0.000010 0.000000  0.002654 0.043679 0.349582
83  0.000000 1.206999 -0.000000  0.184118 0.296140 0.567996
84  -0.000000 0.000002 0.000001  0.000001 -0.000001 1.570797
85  1.207000 -0.000011 0.000004  -0.000004 0.000001 0.540447
86  0.000000 0.000000 1.000000  1.570796 -0.000000 0.000000
time 95
0  0.000005 3.335938 -8.640624  -1.570780 -1.391896 -1.570809
1  2.033356 1.000772 -1.937610  1.473119 1.855075 -0.198639
2  6.028144 -0.000001 0.000000  2.105772 1.512409 -0.455473
3  11.692555 0.000002 0.000003  0.000000 0.000000 -0.319628
4  11.481698 0.000002 0.000003  -1.288871 0.007202 0.200690
5  3.859678 -0.132570 1.193107  0.432210 -0.155861 -0.861350
6  1.312558 0.000001 0.000001  -0.000000 0.000000 -1.191994
7  0.729367 -0.000002 -0.000001  -0.000000 0.000000 -1.063394
8  3.942306 0.050325 0.431043  0.232421 0.000609 -0.853331
9  1.539097 -0.000004 0.000001  -0.000000 0.000000 -0.973379
10  1.196321 0.000006 -0.000000  -0.000000 0.000000 -1.451289
11  3.883657 -0.050323 -0.431043  0.066987 0.050243 -0.694792
12  1.719577 0.000004 0.000000  0.000000 -0.000000 -1.251039
13  1.209183 0.000007 0.000000  0.000000 -0.000003 -1.141145
14  3.859839 -0.148937 -1.331283  -0.248855 0.263129 -0.072121
15  1.719423 0.000001 -0.000001  0.000000 0.000000 -0.676756
16  1.099666 0.000002 0.000001  -0.000000 0.000000 -1.021287
17  0.806022 -0.359837 -1.318334  1.349685 0.343493 -0.771450
18  1.789783 0.000001 -0.000004  0.000000 -0.000000 0.397500
19  1.206997 0.000002 0.000002  0.000000 -0.000000 0.989033
20  6.104522 -1.468680 -3.530283  -1.564198 -0.011689 -1.581440
21  3.820743 -1.409994 -0.589409  -1.564198 -0.011689 -1.581440
22  0.222824 -3.739062 1.509297  0.024887 2.851473 -1.494016
23  3.048727 6.125612 1.106841  1.596061 0.018247 -0.808184
24  3.527214 5.063567 0.216260  1.596061 0.018246 -0.808184
25  3.352950 5.114328 -0.401207  1.596061 0.018247 -0.808184
26  2.909482 4.772882 -1.012056  1.596061 0.018247 -0.808184
27  1.772479 4.476570 2.356868  1.596061 0.018247 -0.808184
28  0.000006 3.336140 -8.647861  -1.570799 -1.391898 -1.570795
29  2.033350 1.000764 1.937663  1.227517 0.585911 1.190966
30  2.026190 1.001859 1.937675  1.227511 0.585916 1.190961
31  0.000001 -0.000001 0.000004  1.583265 0.000007 1.570794
32  0.000000 6.028147 -0.000001  -0.406960 -0.509807 -0.917703
33  -0.000001 0.000010 -0.000006  -0.000002 0.000003 1.570792
34  0.000017 6.028144 -0.000011  -0.546888 0.352756 0.445764
35  -0.000001 11.692572 -0.000000  -0.000001 -0.000005 -0.638890
36  -0.000001 0.000001 -0.000002  0.000005 0.000000 1.570801
37  11.692579 0.000052 0.000039  0.000004 -0.000001 -0.638881
38  -0.000002 11.481683 -0.000000  0.410689 0.486703 0.744035
39  -0.000001 0.000001 -0.000000  0.000000 -0.000000 1.570789
40  11.481682 -0.000053 0.000007  0.523449 -0.360644 0.543108
41  0.137967 3.859861 1.332472  -1.465456 -1.619430 0.860062
42  -0.000000 -0.000002 0.000001  1.933714 0.000004 1.570794
43  3.859864 -0.137941 1.332473  0.357799 -0.048366 -0.605270
44  -0.000001 1.719427 0.000000  -0.420876 0.202310 0.066145
45  -0.000000 -0.000000 0.000000  1.743430 0.000000 1.570798
46  1.719433 0.000003 -0.000006  0.000190 -0.009099 -0.438599
47  -0.000001 1.099662 -0.000000  1.022357 1.907818 1.050330
48  0.000001 0.000001 0.000000  -0.000002 0.000003 1.570799
49  1.099666 0.000000 0.000001  -0.000119 0.002600 -0.290977
50  0.046788 3.883691 0.431448  -0.028157 -1.505149 -0.643968
51  -0.000000 0.000001 -0.000002  1.590082 0.000009 1.570787
52  3.883692 -0.046761 0.431449  0.084906 0.001838 -0.672063
53  0.000000 1.719577 -0.000001  -0.720101 0.051523 -0.006475
54  0.000000 0.000000 0.000000  1.538382 -0.000002 1.570794
55  1.719580 0.000014 -0.000018  -0.003915 0.016394 -0.719628
56  0.000001 1.209184 -0.000002  -1.502664 1.085642 -1.507497
57  0.000004 -0.000001 -0.000001  -0.000000 -0.000000 1.570805
58  1.209187 0.000000 -0.000002  -0.000816 0.002971 -0.484095
59  -0.046751 3.942327 -0.431438  -0.326455 -1.473452 -0.660443
60  0.000001 -0.000001 -0.000002  1.317660 0.000000 1.570797
61  3.942327 0.046779 -0.431439  -0.160904 0.031174 -0.985452
62  -0.000000 1.539092 -0.000002  -0.255114 -0.026494 -0.056799
63  -0.000001 -0.000001 -0.000003  1.337310 -0.000004 1.570800
64  1.539097 -0.000000 0.000002  -0.000026 0.003538 -0.262663
65  -0.000001 1.196320 -0.000002  -1.013120 1.118323 -1.059577
66  0.000000 0.000000 -0.000000  0.000000 -0.000001 1.570800
67  1.196326 -0.000008 0.000004  0.000001 0.000003 -0.391199
68  0.142425 3.859707 -1.191970  -0.667374 -1.423717 -0.301266
69  -0.000000 0.000000 -0.000003  0.976757 -0.000005 1.570807
70  3.859709 -0.142400 -1.191971  -0.478196 0.090838 -0.963363
71  0.000001 1.312565 -0.000004  -0.361362 -0.138964 -0.204711
72  0.000000 0.000002 0.000003  1.078169 0.000003 1.570794
73  1.312570 -0.000016 0.000008  0.000004 -0.001342 -0.437239
74  0.000000 0.729366 0.000004  -0.404446 1.030434 -0.462984
75  -0.000001 -0.000000 -0.000000  -0.000001 -0.000001 1.570795
76  0.729366 0.000003 0.000001  0.000002 -0.000004 -0.231831
77  0.348927 0.806046 1.321258  -1.142978 -2.276487 0.650282
78  0.000000 0.000002 -0.000001  0.437032 0.000002 1.570791
79  0.806048 -0.348924 1.321259  -1.473564 -0.631197 -0.380781
80  -0.000001 1.789787 0.000002  0.105694 0.066384 0.343681
81  0.000001 0.000001 0.000000  0.347279 0.000000 1.570806
82  1.789791 0.000014 -0.000001  0.002654 0.043680 0.349583
83  0.000001 1.206998 0.000001  0.184118 0.296140 0.567997
84  -0.000000 -0.000002 -0.000001  0.000001 -0.000001 1.570797
85  1.207002 -0.000012 0.000006  -0.000004 0.000001 0.540448
86  0.000000 0.000000 1.000000  1.570796 -0.000000 0.000000
time 96
0  0.000005 3.335938 -8.640624  -1.570780 -1.391896 -1.570809
1  2.033356 1.000772 -1.937610  1.473119 1.855075 -0.198639
2  6.028144 -0.000001 0.000000  2.109686 1.512829 -0.451552
3  11.692555 0.000001 0.000004  -0.000000 0.000000 -0.318726
4  11.481697 0.000001 0.000002  -1.288871 0.007284 0.200690
5  3.859679 -0.132570 1.193107  0.432210 -0.155861 -0.861350
6  1.312558 0.000005 0.000001  -0.000000 0.000000 -1.191994
7  0.729364 0.000002 0.000000  -0.000000 0.000000 -1.063394
8  3.942305 0.050325 0.431043  0.232421 0.000609 -0.853331
9  1.539097 -0.000002 0.000001  -0.000000 0.000000 -0.973379
10  1.196321 0.000005 -0.000000  0.000000 0.000000 -1.451289
11  3.883659 -0.050323 -0.431043  0.066987 0.050243 -0.694792
12  1.719576 0.000005 0.000000  0.000000 -0.000000 -1.251039
13  1.209183 0.000003 0.000000  0.000000 -0.000003 -1.141145
14  3.859838 -0.148937 -1.331282  -0.248855 0.263129 -0.072121
15  1.719423 0.000002 0.000001  -0.000000 0.000000 -0.676756
16  1.099665 0.000002 0.000000  0.000000 0.000000 -1.021287
17  0.806023 -0.359837 -1.318332  1.349685 0.343493 -0.771450
18  1.789785 -0.000000 -0.000006  -0.000000 -0.000000 0.397500
19  1.206999 0.000002 0.000004  0.000000 -0.000000 0.989033
20  6.104524 -1.468680 -3.530282  -1.564198 -0.011689 -1.581440
21  3.820744 -1.409994 -0.589408  -1.564198 -0.011689 -1.581440
22  0.222803 -3.739063 1.509297  0.024887 2.851473 -1.494016
23  3.048727 6.125610 1.106841  1.596061 0.018247 -0.808184
24  3.527213 5.063567 0.216259  1.596061 0.018246 -0.808184
25  3.352950 5.114328 -0.401207  1.596061 0.018247 -0.808184
26  2.909482 4.772882 -1.012057  1.596061 0.018247 -0.808184
27  1.772478 4.476570 2.356868  1.596061 0.018247 -0.808184
28  0.000006 3.336140 -8.647861  -1.570799 -1.391898 -1.570795
29  2.033350 1.000764 1.937663  1.227517 0.585911 1.190966
30  2.026190 1.001859 1.937675  1.227511 0.585916 1.190961
31  0.000001 -0.000001 0.000004  1.583265 0.000007 1.570794
32  0.000000 6.028147 -0.000001  -0.406804 -0.509836 -0.917867
33  -0.000001 0.000010 -0.000006  -0.000002 0.000003 1.570792
34  0.000017 6.028144 -0.000011  -0.546889 0.352617 0.445676
35  -0.000000 11.692571 -0.000001  -0.000001 -0.000005 -0.638564
36  -0.000001 0.000001 -0.000002  0.000005 0.000000 1.570801
37  11.692578 0.000055 0.000041  0.000004 -0.000001 -0.638554
38  -0.000001 11.481683 -0.000000  0.410141 0.486676 0.743735
39  -0.000000 -0.000001 -0.000000  0.000000 -0.000000 1.570789
40  11.481682 -0.000056 0.000006  0.523317 -0.360175 0.543111
41  0.137968 3.859855 1.332472  -1.465451 -1.619430 0.860062
42  -0.000001 0.000001 0.000001  1.933714 0.000004 1.570794
43  3.859857 -0.137941 1.332472  0.357799 -0.048366 -0.605272
44  -0.000002 1.719430 -0.000000  -0.420876 0.202310 0.066145
45  -0.000001 0.000000 -0.000002  1.743430 0.000000 1.570798
46  1.719432 0.000005 -0.000007  0.000189 -0.009099 -0.438598
47  -0.000001 1.099664 -0.000000  1.022356 1.907817 1.050329
48  -0.000000 -0.000000 -0.000000  -0.000002 0.000003 1.570799
49  1.099665 0.000001 0.000002  -0.000119 0.002599 -0.290978
50  0.046788 3.883688 0.431449  -0.028153 -1.505149 -0.643968
51  0.000000 0.000001 -0.000001  1.590082 0.000009 1.570787
52  3.883689 -0.046762 0.431448  0.084906 0.001838 -0.672066
53  0.000000 1.719574 -0.000002  -0.720101 0.051523 -0.006475
54  0.000001 0.000001 0.000002  1.538382 -0.000002 1.570794
55  1.719581 0.000017 -0.000016  -0.003915 0.016394 -0.719628
56  0.000001 1.209183 0.000001  -1.502663 1.085642 -1.507497
57  0.000001 0.000000 -0.000000  -0.000000 -0.000000 1.570805
58  1.209185 -0.000002 -0.000003  -0.000816 0.002971 -0.484095
59  -0.046751 3.942326 -0.431439  -0.326447 -1.473453 -0.660450
60  -0.000001 0.000001 0.000001  1.317660 0.000000 1.570797
61  3.942328 0.046779 -0.431441  -0.160904 0.031173 -0.985454
62  -0.000001 1.539092 0.000002  -0.255113 -0.026494 -0.056799
63  0.000000 0.000001 -0.000000  1.337310 -0.000004 1.570800
64  1.539097 -0.000003 0.000001  -0.000026 0.003538 -0.262663
65  0.000001 1.196324 0.000000  -1.013119 1.118323 -1.059576
66  0.000002 0.000000 -0.000001  0.000000 -0.000001 1.570800
67  1.196328 -0.000004 0.000004  0.000001 0.000003 -0.391198
68  0.142425 3.859706 -1.191969  -0.667372 -1.423718 -0.301272
69  0.000000 -0.000001 0.000002  0.976757 -0.000005 1.570807
70  3.859707 -0.142400 -1.191972  -0.478196 0.090837 -0.963367
71  0.000002 1.312566 -0.000001  -0.361358 -0.138964 -0.204711
72  0.000001 0.000000 -0.000001  1.078169 0.000003 1.570794
73  1.312571 -0.000014 0.000008  0.000004 -0.001344 -0.437236
74  -0.000000 0.729362 -0.000001  -0.404441 1.030436 -0.462977
75  0.000002 0.000001 -0.000000  -0.000001 -0.000001 1.570795
76  0.729364 0.000002 -0.000003  0.000001 -0.000004 -0.231828
77  0.348927 0.806042 1.321258  -1.142980 -2.276489 0.650282
78  -0.000000 -0.000000 -0.000000  0.437032 0.000002 1.570790
79  0.806046 -0.348924 1.321258  -1.473564 -0.631199 -0.380782
80  0.000001 1.789782 0.000001  0.105694 0.066384 0.343683
81  0.000001 -0.000001 -0.000000  0.347279 0.000000 1.570806
82  1.789786 0.000010 -0.000000  0.002654 0.043680 0.349585
83  0.000002 1.206996 -0.000001  0.184119 0.296139 0.568000
84  0.000001 -0.000002 -0.000000  0.000001 -0.000001 1.570797
85  1.207001 -0.000012 0.000004  -0.000004 0.000001 0.540451
86  0.000000 0.000000 1.000000  1.570796 -0.000000 0.000000
time 97
0  0.000005 3.335938 -8.640624  -1.570780 -1.391896 -1.570809
1  2.033356 1.000772 -1.937610  1.473119 1.855075 -0.198639
2  6.028144 -0.000001 0.000000  2.113230 1.513156 -0.447995
3  11.692556 0.000002 0.000003  0.000000 0.000000 -0.317899
4  11.481696 0.000001 0.000002  -1.288853 0.007346 0.200690
5  3.859676 -0.132570 1.193108  0.432210 -0.155861 -0.861350
6  1.312560 0.000003 -0.000001  -0.000000 0.000000 -1.191994
7  0.729365 -0.000004 -0.000000  -0.000000 0.000000 -1.063394
8  3.942303 0.050326 0.431044  0.232421 0.000609 -0.853331
9  1.539098 -0.000002 0.000000  -0.000000 0.000000 -0.973379
10  1.196322 0.000008 -0.000001  -0.000000 0.000000 -1.451289
11  3.883654 -0.050323 -0.431042  0.066987 0.050243 -0.694792
12  1.719578 0.000007 0.000000  0.000000 -0.000000 -1.251039
13  1.209184 0.000002 -0.000000  0.000000 -0.000003 -1.141173
14  3.859833 -0.148937 -1.331282  -0.248855 0.263129 -0.072121
15  1.719423 0.000002 -0.000000  0.000000 0.000000 -0.676756
16  1.099666 0.000003 0.000001  -0.000000 0.000000 -1.021287
17  0.806017 -0.359837 -1.318333  1.349685 0.343493 -0.771450
18  1.789782 0.000000 -0.000003  -0.000000 -0.000000 0.397500
19  1.207001 0.000003 0.000004  0.000000 -0.000000 0.989033
20  6.104520 -1.468680 -3.530282  -1.564198 -0.011689 -1.581440
21  3.820740 -1.409994 -0.589408  -1.564198 -0.011689 -1.581440
22  0.222810 -3.739062 1.509297  0.024887 2.851473 -1.494016
23  3.048727 6.125610 1.106840  1.596061 0.018247 -0.808184
24  3.527214 5.063569 0.216258  1.596061 0.018246 -0.808184
25  3.352950 5.114327 -0.401207  1.596061 0.018247 -0.808184
26  2.909482 4.772882 -1.012057  1.596061 0.018247 -0.808184
27  1.772479 4.476571 2.356867  1.596061 0.018247 -0.808184
28  0.000006 3.336140 -8.647861  -1.570799 -1.391898 -1.570795
29  2.033350 1.000764 1.937663  1.227517 0.585911 1.190966
30  2.026190 1.001859 1.937675  1.227511 0.585916 1.190961
31  0.000001 -0.000001 0.000004  1.583265 0.000007 1.570794
32  0.000000 6.028147 -0.000001  -0.406698 -0.509910 -0.918070
33  -0.000001 0.000010 -0.000005  -0.000002 0.000003 1.570792
34  0.000017 6.028144 -0.000011  -0.546946 0.352512 0.445505
35  -0.000000 11.692572 0.000001  -0.000001 -0.000005 -0.638118
36  -0.000002 0.000001 -0.000002  0.000005 0.000000 1.570801
37  11.692579 0.000054 0.000041  0.000004 -0.000001 -0.638109
38  -0.000003 11.481683 0.000000  0.409655 0.486676 0.743399
39  -0.000001 0.000002 0.000000  0.000000 -0.000000 1.570789
40  11.481684 -0.000051 0.000008  0.523227 -0.359754 0.543033
41  0.137968 3.859860 1.332474  -1.465452 -1.619431 0.860060
42  -0.000001 0.000002 0.000001  1.933714 0.000004 1.570794
43  3.859860 -0.137942 1.332475  0.357799 -0.048367 -0.605271
44  0.000000 1.719428 -0.000002  -0.420877 0.202310 0.066145
45  0.000000 -0.000001 0.000003  1.743430 0.000000 1.570798
46  1.719432 0.000004 -0.000006  0.000190 -0.009100 -0.438600
47  0.000000 1.099662 0.000002  1.022358 1.907818 1.050331
48  -0.000001 0.000001 0.000000  -0.000002 0.000003 1.570799
49  1.099663 -0.000002 0.000002  -0.000119 0.002600 -0.290978
50  0.046788 3.883690 0.431450  -0.028159 -1.505149 -0.643961
51  -0.000002 0.000003 -0.000002  1.590082 0.000009 1.570787
52  3.883690 -0.046762 0.431450  0.084906 0.001838 -0.672064
53  -0.000001 1.719579 0.000001  -0.720100 0.051523 -0.006475
54  -0.000001 0.000000 0.000000  1.538381 -0.000002 1.570794
55  1.719581 0.000018 -0.000017  -0.003915 0.016394 -0.719627
56  -0.000002 1.209184 0.000000  -1.502664 1.085643 -1.507497
57  0.000000 -0.000000 0.000001  -0.000000 -0.000000 1.570805
58  1.209186 -0.000003 -0.000003  -0.000817 0.002971 -0.484094
59  -0.046751 3.942329 -0.431435  -0.326451 -1.473453 -0.660447
60  0.000000 -0.000001 -0.000001  1.317660 0.000000 1.570797
61  3.942327 0.046778 -0.431436  -0.160904 0.031173 -0.985454
62  0.000002 1.539089 -0.000001  -0.255112 -0.026494 -0.056799
63  -0.000001 -0.000001 -0.000001  1.337310 -0.000004 1.570800
64  1.539095 -0.000002 0.000002  -0.000026 0.003537 -0.262662
65  0.000000 1.196322 -0.000004  -1.013117 1.118325 -1.059574
66  0.000001 -0.000001 0.000000  0.000000 -0.000001 1.570800
67  1.196327 -0.000008 0.000004  0.000000 0.000003 -0.391197
68  0.142426 3.859705 -1.191968  -0.667372 -1.423718 -0.301272
69  0.000000 0.000001 0.000000  0.976757 -0.000005 1.570807
70  3.859705 -0.142400 -1.191969  -0.478196 0.090837 -0.963366
71  0.000001 1.312565 0.000001  -0.361358 -0.138964 -0.204711
72  -0.000000 0.000001 0.000003  1.078169 0.000003 1.570794
73  1.312569 -0.000015 0.000009  0.000004 -0.001344 -0.437236
74  0.000001 0.729365 0.000002  -0.404440 1.030436 -0.462977
75  -0.000001 0.000000 0.000000  -0.000001 -0.000001 1.570795
76  0.729366 0.000003 0.000000  0.000001 -0.000004 -0.231827
77  0.348927 0.806045 1.321260  -1.142978 -2.276485 0.650280
78  0.000000 -0.000001 -0.000001  0.437032 0.000002 1.570790
79  0.806045 -0.348924 1.321261  -1.473563 -0.631196 -0.380782
80  0.000000 1.789783 -0.000000  0.105693 0.066384 0.343680
81  0.000001 0.000000 0.000000  0.347279 0.000000 1.570806
82  1.789791 0.000010 -0.000001  0.002654 0.043680 0.349582
83  0.000001 1.207000 0.000001  0.184118 0.296140 0.567996
84  0.000000 -0.000001 -0.000000  0.000001 -0.000001 1.570797
85  1.207002 -0.000010 0.000005  -0.000004 0.000001 0.540447
86  0.000000 0.000000 1.000000  1.570796 -0.000000 0.000000
time 98
0  0.000005 3.335938 -8.640624  -1.570780 -1.391896 -1.570809
1  2.033356 1.000772 -1.937610  1.473119 1.855075 -0.198639
2  6.028144 -0.000001 0.000000  2.116156 1.513437 -0.445067
3  11.692554 0.000002 0.000003  -0.000000 0.000000 -0.317260
4  11.481696 0.000000 0.000003  -1.288853 0.007387 0.200690
5  3.859678 -0.132570 1.193107  0.432210 -0.155861 -0.861350
6  1.312558 0.000004 0.000000  -0.000000 0.000000 -1.191994
7  0.729363 0.000000 -0.000002  -0.000000 -0.000000 -1.063394
8  3.942305 0.050325 0.431043  0.232421 0.000609 -0.853331
9  1.539097 -0.000002 0.000001  0.000000 0.000000 -0.973379
10  1.196321 0.000008 -0.000001  0.000000 0.000000 -1.451289
11  3.883658 -0.050324 -0.431043  0.066987 0.050243 -0.694792
12  1.719579 0.000006 0.000000  0.000000 -0.000000 -1.251039
13  1.209186 0.000004 0.000000  0.000000 -0.000003 -1.141173
14  3.859836 -0.148937 -1.331282  -0.248855 0.263129 -0.072121
15  1.719426 0.000002 -0.000002  0.000000 0.000000 -0.676756
16  1.099667 0.000004 -0.000001  -0.000000 0.000000 -1.021287
17  0.806021 -0.359838 -1.318333  1.349685 0.343493 -0.771450
18  1.789781 0.000000 -0.000007  0.000000 -0.000000 0.397500
19  1.206998 0.000004 0.000003  0.000000 -0.000000 0.989033
20  6.104521 -1.468681 -3.530283  -1.564198 -0.011689 -1.581440
21  3.820744 -1.409995 -0.589408  -1.564198 -0.011689 -1.581440
22  0.222808 -3.739062 1.509297  0.024887 2.851473 -1.494016
23  3.048726 6.125615 1.106841  1.596061 0.018247 -0.808184
24  3.527214 5.063570 0.216259  1.596061 0.018246 -0.808184
25  3.352950 5.114331 -0.401208  1.596061 0.018247 -0.808184
26  2.909482 4.772884 -1.012056  1.596061 0.018247 -0.808184
27  1.772478 4.476574 2.356868  1.596061 0.018247 -0.808184
28  0.000006 3.336140 -8.647861  -1.570799 -1.391898 -1.570795
29  2.033350 1.000764 1.937663  1.227517 0.585911 1.190966
30  2.026190 1.001859 1.937675  1.227511 0.585916 1.190961
31  0.000001 -0.000001 0.000004  1.583265 0.000007 1.570794
32  0.000000 6.028147 -0.000001  -0.406594 -0.509948 -0.918211
33  -0.000001 0.000009 -0.000006  -0.000002 0.000003 1.570792
34  0.000017 6.028144 -0.000011  -0.546965 0.352415 0.445409
35  0.000000 11.692571 -0.000000  -0.000001 -0.000005 -0.637842
36  -0.000001 0.000001 -0.000002  0.000005 0.000000 1.570801
37  11.692579 0.000053 0.000042  0.000005 -0.000001 -0.637833
38  -0.000001 11.481681 0.000000  0.409280 0.486660 0.743182
39  -0.000001 -0.000001 0.000000  0.000000 -0.000000 1.570789
40  11.481683 -0.000056 0.000006  0.523139 -0.359432 0.543023
41  0.137968 3.859856 1.332473  -1.465448 -1.619430 0.860056
42  0.000000 -0.000000 0.000001  1.933714 0.000004 1.570794
43  3.859859 -0.137941 1.332474  0.357798 -0.048366 -0.605271
44  0.000000 1.719429 0.000003  -0.420873 0.202310 0.066145
45  -0.000001 0.000001 -0.000001  1.743430 0.000000 1.570799
46  1.719432 0.000006 -0.000006  0.000189 -0.009099 -0.438597
47  -0.000001 1.099662 -0.000002  1.022354 1.907816 1.050327
48  -0.000001 0.000001 -0.000000  -0.000002 0.000003 1.570799
49  1.099663 0.000000 0.000001  -0.000119 0.002600 -0.290976
50  0.046789 3.883687 0.431451  -0.028165 -1.505149 -0.643951
51  0.000000 0.000001 -0.000001  1.590082 0.000009 1.570787
52  3.883689 -0.046762 0.431450  0.084906 0.001839 -0.672063
53  0.000001 1.719576 -0.000003  -0.720101 0.051523 -0.006475
54  -0.000000 0.000000 0.000001  1.538381 -0.000002 1.570794
55  1.719579 0.000014 -0.000015  -0.003915 0.016394 -0.719628
56  0.000001 1.209181 0.000001  -1.502664 1.085642 -1.507497
57  0.000001 0.000000 -0.000000  -0.000000 -0.000000 1.570805
58  1.209184 -0.000003 -0.000002  -0.000816 0.002971 -0.484096
59  -0.046751 3.942322 -0.431435  -0.326452 -1.473453 -0.660443
60  0.000001 0.000000 -0.000002  1.317660 0.000000 1.570797
61  3.942322 0.046778 -0.431437  -0.160904 0.031173 -0.985453
62  0.000002 1.539091 -0.000003  -0.255113 -0.026494 -0.056799
63  0.000000 0.000000 -0.000002  1.337310 -0.000004 1.570800
64  1.539096 -0.000002 0.000002  -0.000026 0.003538 -0.262663
65  0.000000 1.196321 -0.000000  -1.013119 1.118324 -1.059576
66  -0.000003 -0.000000 -0.000000  0.000000 -0.000001 1.570800
67  1.196323 -0.000003 0.000003  0.000001 0.000004 -0.391198
68  0.142426 3.859704 -1.191968  -0.667371 -1.423718 -0.301269
69  -0.000000 0.000000 0.000001  0.976757 -0.000005 1.570807
70  3.859705 -0.142400 -1.191970  -0.478196 0.090837 -0.963364
71  0.000000 1.312567 0.000000  -0.361360 -0.138963 -0.204711
72  -0.000001 -0.000000 0.000001  1.078169 0.000003 1.570794
73  1.312569 -0.000012 0.000008  0.000004 -0.001343 -0.437237
74  -0.000001 0.729364 0.000001  -0.404443 1.030435 -0.462981
75  -0.000002 0.000001 -0.000000  -0.000001 -0.000001 1.570795
76  0.729366 0.000005 -0.000000  0.000002 -0.000004 -0.231830
77  0.348928 0.806044 1.321260  -1.142976 -2.276484 0.650279
78  0.000000 -0.000001 -0.000001  0.437032 0.000002 1.570790
79  0.806044 -0.348924 1.321261  -1.473564 -0.631193 -0.380781
80  -0.000000 1.789781 -0.000001  0.105694 0.066384 0.343679
81  0.000001 0.000001 0.000001  0.347279 0.000000 1.570806
82  1.789787 0.000011 -0.000003  0.002654 0.043679 0.349580
83  0.000001 1.206998 0.000000  0.184117 0.296140 0.567993
84  0.000000 -0.000001 -0.000000  0.000001 -0.000001 1.570797
85  1.207003 -0.000012 0.000004  -0.000004 0.000001 0.540445
86  0.000000 0.000000 1.000000  1.570796 -0.000000 0.000000
time 99
0  0.000005 3.335938 -8.640624  -1.570780 -1.391896 -1.570809
1  2.033356 1.000772 -1.937610  1.473119 1.855075 -0.198639
2  6.028144 -0.000001 0.000000  2.118133 1.513624 -0.443083
3  11.692555 0.000001 0.000003  -0.000000 -0.000000 -0.316808
4  11.481695 -0.000000 0.000002  -1.288835 0.007408 0.200690
5  3.859676 -0.132570 1.193107  0.432210 -0.155861 -0.861350
6  1.312561 0.000001 -0.000001  -0.000000 0.000000 -1.191994
7  0.729366 -0.000001 -0.000001  -0.000000 0.000000 -1.063394
8  3.942304 0.050325 0.431043  0.232421 0.000609 -0.853331
9  1.539098 -0.000006 0.000001  0.000000 0.000000 -0.973379
10  1.196324 0.000007 -0.000001  0.000000 0.000000 -1.451289
11  3.883656 -0.050323 -0.431043  0.066987 0.050243 -0.694792
12  1.719576 0.000005 -0.000000  0.000000 -0.000000 -1.251039
13  1.209185 0.000001 -0.000000  0.000000 -0.000003 -1.141145
14  3.859834 -0.148937 -1.331282  -0.248855 0.263129 -0.072121
15  1.719425 0.000002 -0.000001  0.000000 0.000000 -0.676756
16  1.099665 0.000002 0.000002  0.000000 0.000000 -1.021287
17  0.806018 -0.359838 -1.318334  1.349685 0.343493 -0.771450
18  1.789781 -0.000000 -0.000004  0.000000 -0.000000 0.397500
19  1.206998 0.000003 0.000005  0.000000 -0.000000 0.989033
20  6.104519 -1.468680 -3.530282  -1.564198 -0.011689 -1.581440
21  3.820740 -1.409994 -0.589409  -1.564198 -0.011689 -1.581440
22  0.222813 -3.739060 1.509297  0.024887 2.851473 -1.494016
23  3.048726 6.125610 1.106840  1.596061 0.018247 -0.808184
24  3.527214 5.063568 0.216259  1.596061 0.018246 -0.808184
25  3.352949 5.114328 -0.401208  1.596061 0.018247 -0.808184
26  2.909481 4.772881 -1.012056  1.596061 0.018247 -0.808184
27  1.772479 4.476572 2.356868  1.596061 0.018247 -0.808184
28  0.000006 3.336140 -8.647861  -1.570799 -1.391898 -1.570795
29  2.033350 1.000764 1.937663  1.227517 0.585911 1.190966
30  2.026190 1.001859 1.937675  1.227511 0.585916 1.190961
31  0.000001 -0.000001 0.000004  1.583265 0.000007 1.570794
32  0.000000 6.028147 -0.000001  -0.406534 -0.509977 -0.918305
33  -0.000001 0.000010 -0.000005  -0.000002 0.000003 1.570792
34  0.000017 6.028144 -0.000011  -0.546985 0.352358 0.445337
35  -0.000000 11.692571 0.000000  -0.000001 -0.000005 -0.637640
36  -0.000002 0.000000 -0.000002  0.000005 0.000000 1.570801
37  11.692579 0.000054 0.000040  0.000004 -0.000001 -0.637631
38  -0.000002 11.481681 0.000000  0.409020 0.486659 0.743038
39  -0.000001 0.000002 0.000001  0.000000 -0.000000 1.570789
40  11.481684 -0.000054 0.000008  0.523090 -0.359207 0.543019
41  0.137967 3.859861 1.332474  -1.465455 -1.619430 0.860062
42  0.000000 -0.000000 0.000001  1.933714 0.000004 1.570794
43  3.859865 -0.137940 1.332473  0.357799 -0.048366 -0.605271
44  -0.000001 1.719431 -0.000000  -0.420877 0.202310 0.066145
45  -0.000000 0.000001 0.000004  1.743430 0.000000 1.570798
46  1.719434 0.000004 -0.000007  0.000190 -0.009100 -0.438599
47  -0.000000 1.099662 0.000005  1.022358 1.907818 1.050331
48  -0.000002 -0.000000 -0.000000  -0.000002 0.000003 1.570799
49  1.099664 0.000005 0.000000  -0.000119 0.002600 -0.290978
50  0.046788 3.883688 0.431450  -0.028168 -1.505149 -0.643957
51  -0.000001 -0.000001 -0.000001  1.590082 0.000009 1.570787
52  3.883692 -0.046761 0.431448  0.084906 0.001839 -0.672064
53  -0.000001 1.719576 -0.000001  -0.720099 0.051523 -0.006475
54  0.000001 -0.000000 0.000001  1.538381 -0.000002 1.570794
55  1.719581 0.000015 -0.000016  -0.003915 0.016394 -0.719626
56  0.000000 1.209184 -0.000000  -1.502664 1.085643 -1.507496
57  0.000000 0.000001 -0.000000  -0.000000 -0.000000 1.570805
58  1.209188 -0.000001 -0.000003  -0.000817 0.002971 -0.484094
59  -0.046752 3.942330 -0.431436  -0.326461 -1.473452 -0.660436
60  -0.000001 0.000001 0.000001  1.317660 0.000000 1.570797
61  3.942330 0.046779 -0.431438  -0.160904 0.031174 -0.985452
62  -0.000001 1.539092 0.000001  -0.255113 -0.026494 -0.056799
63  -0.000000 0.000000 0.000001  1.337310 -0.000004 1.570800
64  1.539098 0.000001 0.000002  -0.000026 0.003538 -0.262662
65  0.000002 1.196321 0.000000  -1.013120 1.118323 -1.059577
66  -0.000001 -0.000001 0.000000  0.000000 -0.000001 1.570800
67  1.196325 -0.000010 0.000005  0.000000 0.000003 -0.391200
68  0.142425 3.859707 -1.191968  -0.667374 -1.423717 -0.301267
69  -0.000001 0.000000 -0.000001  0.976757 -0.000005 1.570807
70  3.859709 -0.142399 -1.191971  -0.478196 0.090838 -0.963363
71  0.000002 1.312567 -0.000004  -0.361361 -0.138964 -0.204711
72  0.000000 -0.000000 0.000000  1.078169 0.000003 1.570794
73  1.312571 -0.000018 0.000008  0.000004 -0.001343 -0.437239
74  0.000000 0.729363 0.000002  -0.404447 1.030434 -0.462984
75  0.000001 0.000001 -0.000000  -0.000001 -0.000001 1.570795
76  0.729365 0.000005 0.000000  0.000001 -0.000004 -0.231831
77  0.348927 0.806046 1.321259  -1.142978 -2.276487 0.650281
78  0.000000 -0.000001 0.000000  0.437032 0.000002 1.570791
79  0.806050 -0.348924 1.321259  -1.473563 -0.631197 -0.380782
80  0.000001 1.789783 -0.000002  0.105693 0.066384 0.343681
81  0.000000 0.000002 0.000001  0.347279 0.000000 1.570806
82  1.789789 0.000010 -0.000003  0.002654 0.043680 0.349583
83  -0.000001 1.207005 0.000001  0.184118 0.296140 0.567997
84  0.000000 0.000002 0.000000  0.000001 -0.000001 1.570797
85  1.207004 -0.000008 0.000004  -0.000004 0.000001 0.540448
86  0.000000 0.000000 1.000000  1.570796 -0.000000 0.000000
time 100
0  0.000005 3.335938 -8.640624  -1.570780 -1.391896 -1.570809
1  2.033356 1.000772 -1.937610  1.473119 1.855075 -0.198639
2  6.028144 -0.000001 0.000000  2.118874 1.513671 -0.442333
3  11.692555 0.000000 0.000004  0.000000 0.000000 -0.316658
4  11.481696 0.000002 0.000002  -1.288835 0.007428 0.200690
5  3.859678 -0.132570 1.193108  0.432210 -0.155861 -0.861350
6  1.312561 0.000004 -0.000001  -0.000000 0.000000 -1.191994
7  0.729366 -0.000002 -0.000001  -0.000000 0.000000 -1.063394
8  3.942304 0.050325 0.431043  0.232421 0.000609 -0.853331
9  1.539098 -0.000001 0.000001  -0.000000 0.000000 -0.973379
10  1.196322 0.000007 -0.000001  0.000000 0.000000 -1.451289
11  3.883658 -0.050323 -0.431042  0.066987 0.050243 -0.694792
12  1.719576 0.000005 0.000000  0.000000 -0.000000 -1.251039
13  1.209185 0.000001 0.000000  0.000000 -0.000003 -1.141145
14  3.859836 -0.148937 -1.331282  -0.248855 0.263129 -0.072121
15  1.719424 0.000002 0.000000  0.000000 0.000000 -0.676756
16  1.099665 0.000004 0.000000  0.000000 0.000000 -1.021287
17  0.806019 -0.359837 -1.318333  1.349685 0.343493 -0.771450
18  1.789783 0.000001 -0.000005  0.000000 -0.000000 0.397500
19  1.206997 0.000003 0.000005  0.000000 -0.000000 0.989033
20  6.104521 -1.468680 -3.530282  -1.564198 -0.011689 -1.581440
21  3.820743 -1.409994 -0.589408  -1.564198 -0.011689 -1.581440
22  0.222808 -3.739062 1.509297  0.024887 2.851473 -1.494016
23  3.048726 6.125614 1.106842  1.596061 0.018247 -0.808184
24  3.527214 5.063571 0.216259  1.596061 0.018246 -0.808184
25  3.352949 5.114331 -0.401206  1.596061 0.018247 -0.808184
26  2.909482 4.772883 -1.012056  1.596061 0.018247 -0.808184
27  1.772478 4.476572 2.356869  1.596061 0.018247 -0.808184
28  0.000006 3.336140 -8.647861  -1.570799 -1.391898 -1.570795
29  2.033350 1.000764 1.937663  1.227517 0.585911 1.190966
30  2.026190 1.001859 1.937675  1.227511 0.585916 1.190961
31  0.000001 -0.000001 0.000004  1.583265 0.000007 1.570794
32  0.000000 6.028147 -0.000001  -0.406515 -0.510007 -0.918370
33  -0.000001 0.000009 -0.000006  -0.000002 0.000003 1.570792
34  0.000017 6.028144 -0.000011  -0.547012 0.352335 0.445272
35  -0.000001 11.692570 -0.000001  -0.000001 -0.000005 -0.637504
36  0.000000 0.000001 -0.000002  0.000005 0.000000 1.570801
37  11.692578 0.000051 0.000039  0.000004 -0.000001 -0.637495
38  0.000001 11.481682 -0.000001  0.408930 0.486661 0.742935
39  -0.000000 -0.000000 0.000000  0.000000 -0.000000 1.570789
40  11.481682 -0.000054 0.000008  0.523074 -0.359129 0.542963
41  0.137968 3.859857 1.332474  -1.465457 -1.619429 0.860059
42  0.000000 -0.000001 0.000000  1.933714 0.000004 1.570794
43  3.859857 -0.137941 1.332474  0.357799 -0.048365 -0.605273
44  -0.000000 1.719429 0.000001  -0.420872 0.202310 0.066145
45  0.000001 -0.000001 0.000002  1.743430 0.000000 1.570798
46  1.719432 0.000005 -0.000007  0.000189 -0.009099 -0.438595
47  0.000001 1.099662 0.000002  1.022352 1.907815 1.050325
48  -0.000000 0.000000 -0.000001  -0.000002 0.000003 1.570799
49  1.099665 0.000003 0.000001  -0.000119 0.002600 -0.290974
50  0.046789 3.883688 0.431451  -0.028157 -1.505149 -0.643965
51  0.000001 -0.000000 0.000000  1.590082 0.000009 1.570787
52  3.883687 -0.046762 0.431449  0.084906 0.001838 -0.672064
53  0.000002 1.719575 -0.000002  -0.720100 0.051523 -0.006475
54  0.000000 0.000001 -0.000000  1.538381 -0.000002 1.570794
55  1.719578 0.000011 -0.000015  -0.003915 0.016394 -0.719628
56  -0.000000 1.209186 0.000002  -1.502664 1.085643 -1.507497
57  0.000003 -0.000000 -0.000000  -0.000000 -0.000000 1.570805
58  1.209188 -0.000000 -0.000005  -0.000816 0.002971 -0.484094
59  -0.046750 3.942324 -0.431436  -0.326455 -1.473453 -0.660444
60  0.000000 -0.000001 0.000002  1.317660 0.000000 1.570797
61  3.942321 0.046778 -0.431439  -0.160904 0.031174 -0.985454
62  0.000002 1.539090 0.000004  -0.255110 -0.026494 -0.056799
63  0.000001 0.000000 0.000004  1.337310 -0.000004 1.570800
64  1.539094 0.000000 0.000003  -0.000026 0.003537 -0.262659
65  -0.000000 1.196323 0.000005  -1.013116 1.118327 -1.059571
66  -0.000002 -0.000000 0.000000  0.000000 -0.000001 1.570800
67  1.196325 -0.000004 0.000004  0.000000 0.000003 -0.391195
68  0.142426 3.859705 -1.191967  -0.667369 -1.423718 -0.301274
69  0.000001 -0.000001 0.000000  0.976757 -0.000005 1.570807
70  3.859704 -0.142400 -1.191971  -0.478196 0.090837 -0.963366
71  0.000003 1.312564 -0.000001  -0.361358 -0.138963 -0.204711
72  -0.000001 0.000000 0.000001  1.078169 0.000003 1.570794
73  1.312569 -0.000014 0.000010  0.000004 -0.001345 -0.437235
74  0.000000 0.729364 -0.000003  -0.404440 1.030436 -0.462976
75  0.000000 -0.000000 0.000000  -0.000001 -0.000001 1.570795
76  0.729366 -0.000002 -0.000001  0.000001 -0.000004 -0.231827
77  0.348928 0.806044 1.321260  -1.142979 -2.276487 0.650281
78  0.000000 0.000001 -0.000001  0.437032 0.000002 1.570791
79  0.806044 -0.348924 1.321260  -1.473563 -0.631198 -0.380782
80  -0.000000 1.789784 -0.000001  0.105694 0.066384 0.343681
81  0.000000 -0.000002 0.000000  0.347279 0.000000 1.570806
82  1.789790 0.000014 -0.000002  0.002654 0.043680 0.349584
83  -0.000001 1.206997 0.000000  0.184118 0.296140 0.567998
84  0.000001 0.000001 0.000000  0.000001 -0.000001 1.570797
85  1.207003 -0.000010 0.000005  -0.000003 0.000001 0.540449
86  0.000000 0.000000 1.000000  1.570796 -0.000000 0.000000
end
