version 1
nodes
0 "ValveBiped.Bip01_Spine4" -1
1 "ValveBiped.Bip01_R_Clavicle" 0
2 "ValveBiped.Bip01_R_UpperArm" 1
3 "ValveBiped.Bip01_R_Forearm" 2
4 "ValveBiped.Bip01_R_Hand" 3
5 "ValveBiped.Bip01_R_Finger4" 4
6 "ValveBiped.Bip01_R_Finger41" 5
7 "ValveBiped.Bip01_R_Finger42" 6
8 "ValveBiped.Bip01_R_Finger3" 4
9 "ValveBiped.Bip01_R_Finger31" 8
10 "ValveBiped.Bip01_R_Finger32" 9
11 "ValveBiped.Bip01_R_Finger2" 4
12 "ValveBiped.Bip01_R_Finger21" 11
13 "ValveBiped.Bip01_R_Finger22" 12
14 "ValveBiped.Bip01_R_Finger1" 4
15 "ValveBiped.Bip01_R_Finger11" 14
16 "ValveBiped.Bip01_R_Finger12" 15
17 "ValveBiped.Bip01_R_Finger0" 4
18 "ValveBiped.Bip01_R_Finger01" 17
19 "ValveBiped.Bip01_R_Finger02" 18
20 "ValveBiped.square" 4
21 "ValveBiped.clip" 4
22 "ik_target.Bip01_L_Hand" 4
23 "ik_target.Bip01_L_Finger1_tip" 22
24 "ik_target.Bip01_L_Finger2_tip" 22
25 "ik_target.Bip01_L_Finger3_tip" 22
26 "ik_target.Bip01_L_Finger4_tip" 22
27 "ik_target.Bip01_L_Finger0_tip" 22
28 "ik_chain.Bip01_Spine4" -1
29 "ik_chain.Bip01_L_Clavicle" 28
30 "ValveBiped.Bip01_L_Clavicle" 0
31 "ik_parent.Bip01_L_Clavicle" 29
32 "ik_chain.Bip01_L_UpperArm" 29
33 "ik_parent.Bip01_L_UpperArm" 32
34 "ValveBiped.Bip01_L_UpperArm" 30
35 "ik_chain.Bip01_L_Forearm" 32
36 "ik_parent.Bip01_L_Forearm" 35
37 "ValveBiped.Bip01_L_Forearm" 34
38 "ik_chain.Bip01_L_Hand" 35
39 "ik_parent.Bip01_L_Hand" 38
40 "ValveBiped.Bip01_L_Hand" 37
41 "ik_chain.Bip01_L_Finger1" 38
42 "ik_parent.Bip01_L_Finger1" 41
43 "ValveBiped.Bip01_L_Finger1" 40
44 "ik_chain.Bip01_L_Finger11" 41
45 "ik_parent.Bip01_L_Finger11" 44
46 "ValveBiped.Bip01_L_Finger11" 43
47 "ik_chain.Bip01_L_Finger12" 44
48 "ik_parent.Bip01_L_Finger12" 47
49 "ValveBiped.Bip01_L_Finger12" 46
50 "ik_chain.Bip01_L_Finger2" 38
51 "ik_parent.Bip01_L_Finger2" 50
52 "ValveBiped.Bip01_L_Finger2" 40
53 "ik_chain.Bip01_L_Finger21" 50
54 "ik_parent.Bip01_L_Finger21" 53
55 "ValveBiped.Bip01_L_Finger21" 52
56 "ik_chain.Bip01_L_Finger22" 53
57 "ik_parent.Bip01_L_Finger22" 56
58 "ValveBiped.Bip01_L_Finger22" 55
59 "ik_chain.Bip01_L_Finger3" 38
60 "ik_parent.Bip01_L_Finger3" 59
61 "ValveBiped.Bip01_L_Finger3" 40
62 "ik_chain.Bip01_L_Finger31" 59
63 "ik_parent.Bip01_L_Finger31" 62
64 "ValveBiped.Bip01_L_Finger31" 61
65 "ik_chain.Bip01_L_Finger32" 62
66 "ik_parent.Bip01_L_Finger32" 65
67 "ValveBiped.Bip01_L_Finger32" 64
68 "ik_chain.Bip01_L_Finger4" 38
69 "ik_parent.Bip01_L_Finger4" 68
70 "ValveBiped.Bip01_L_Finger4" 40
71 "ik_chain.Bip01_L_Finger41" 68
72 "ik_parent.Bip01_L_Finger41" 71
73 "ValveBiped.Bip01_L_Finger41" 70
74 "ik_chain.Bip01_L_Finger42" 71
75 "ik_parent.Bip01_L_Finger42" 74
76 "ValveBiped.Bip01_L_Finger42" 73
77 "ik_chain.Bip01_L_Finger0" 38
78 "ik_parent.Bip01_L_Finger0" 77
79 "ValveBiped.Bip01_L_Finger0" 40
80 "ik_chain.Bip01_L_Finger01" 77
81 "ik_parent.Bip01_L_Finger01" 80
82 "ValveBiped.Bip01_L_Finger01" 79
83 "ik_chain.Bip01_L_Finger02" 80
84 "ik_parent.Bip01_L_Finger02" 83
85 "ValveBiped.Bip01_L_Finger02" 82
86 "ik_enable" -1
end
skeleton
time 0
0  0.000005 3.335938 -8.640624  -1.570780 -1.391896 -1.570809
1  2.033356 1.000772 -1.937610  1.473119 1.855075 -0.198639
2  6.028144 -0.000001 0.000000  2.118874 1.513671 -0.442333
3  11.692555 0.000002 0.000004  0.000000 -0.000000 -0.316658
4  11.481699 0.000001 0.000002  -1.288835 0.007428 0.200690
5  3.859674 -0.132572 1.193107  0.432210 -0.155861 -0.861350
6  1.312556 -0.000005 0.000002  0.000000 -0.000000 -1.191973
7  0.729362 0.000005 -0.000003  -0.000000 -0.000000 -1.063394
8  3.942303 0.050326 0.431043  0.232421 0.000609 -0.853331
9  1.539100 -0.000003 -0.000000  -0.000000 0.000000 -0.973379
10  1.196319 0.000009 0.000001  -0.000000 0.000000 -1.451261
11  3.883658 -0.050323 -0.431043  0.066987 0.050243 -0.694792
12  1.719578 0.000006 -0.000001  0.000000 -0.000004 -1.251013
13  1.209181 0.000004 -0.000000  -0.000000 -0.000003 -1.141145
14  3.859838 -0.148936 -1.331280  -0.248855 0.263129 -0.072121
15  1.719424 0.000002 0.000001  0.000000 0.000000 -0.676756
16  1.099667 0.000002 0.000000  0.000000 -0.000000 -1.021287
17  0.806020 -0.359838 -1.318334  1.349685 0.343493 -0.771450
18  1.789784 0.000002 -0.000002  -0.000000 -0.000000 0.397500
19  1.206998 0.000004 -0.000001  0.000000 0.000000 0.989033
20  4.124995 -1.447267 -3.542969  -1.564198 -0.011689 -1.581440
21  3.820736 -1.409994 -0.589409  -1.564198 -0.011689 -1.581439
22  0.222816 -3.739060 1.509297  0.024887 2.851473 -1.494016
23  3.048727 6.125611 1.106841  1.596061 0.018247 -0.808184
24  3.527214 5.063570 0.216259  1.596061 0.018246 -0.808184
25  3.352950 5.114328 -0.401207  1.596061 0.018247 -0.808184
26  2.909482 4.772882 -1.012056  1.596061 0.018247 -0.808184
27  1.772478 4.476569 2.356867  1.596061 0.018247 -0.808184
28  0.000006 3.336140 -8.647861  -1.570799 -1.391898 -1.570795
29  2.033350 1.000764 1.937663  1.227517 0.585911 1.190966
30  2.026190 1.001859 1.937675  1.227511 0.585916 1.190961
31  0.000001 -0.000001 0.000004  1.583265 0.000007 1.570794
32  0.000000 6.028147 -0.000001  -0.406514 -0.510007 -0.918371
33  0.000000 0.000010 -0.000005  -0.000002 0.000003 1.570792
34  0.000017 6.028144 -0.000011  -0.547012 0.352334 0.445271
35  0.000000 11.692572 0.000000  -0.000001 -0.000005 -0.637501
36  0.000002 0.000001 -0.000002  0.000005 0.000000 1.570801
37  11.692578 0.000053 0.000041  0.000005 -0.000001 -0.637492
38  0.000002 11.481681 -0.000001  0.408929 0.486661 0.742933
39  -0.000000 0.000002 0.000001  0.000000 -0.000000 1.570789
40  11.481680 -0.000055 0.000007  0.523074 -0.359128 0.542961
41  0.137968 3.859862 1.332473  -1.465455 -1.619430 0.860060
42  0.000001 0.000001 0.000001  1.933714 0.000004 1.570794
43  3.859862 -0.137941 1.332474  0.357799 -0.048365 -0.605273
44  0.000001 1.719430 0.000003  -0.420873 0.202310 0.066145
45  -0.000000 -0.000001 0.000001  1.743430 0.000000 1.570798
46  1.719435 0.000007 -0.000008  0.000189 -0.009099 -0.438595
47  -0.000001 1.099661 0.000002  1.022353 1.907815 1.050325
48  0.000000 -0.000000 0.000001  -0.000002 0.000003 1.570799
49  1.099666 0.000001 0.000002  -0.000119 0.002599 -0.290975
50  0.046789 3.883689 0.431449  -0.028156 -1.505149 -0.643967
51  0.000001 0.000000 0.000000  1.590082 0.000009 1.570787
52  3.883690 -0.046761 0.431448  0.084906 0.001838 -0.672064
53  -0.000000 1.719577 0.000002  -0.720099 0.051523 -0.006475
54  0.000001 -0.000001 0.000002  1.538381 -0.000002 1.570794
55  1.719582 0.000017 -0.000017  -0.003915 0.016394 -0.719627
56  0.000002 1.209183 -0.000001  -1.502664 1.085643 -1.507497
57  -0.000001 0.000001 0.000000  -0.000000 -0.000000 1.570805
58  1.209186 -0.000004 -0.000002  -0.000816 0.002971 -0.484094
59  -0.046750 3.942328 -0.431436  -0.326451 -1.473453 -0.660448
60  0.000001 -0.000001 -0.000000  1.317660 0.000000 1.570797
61  3.942327 0.046778 -0.431438  -0.160904 0.031173 -0.985454
62  0.000001 1.539088 -0.000001  -0.255111 -0.026494 -0.056799
63  0.000000 -0.000000 -0.000001  1.337310 -0.000004 1.570800
64  1.539093 -0.000002 0.000003  -0.000026 0.003537 -0.262661
65  0.000001 1.196323 -0.000001  -1.013117 1.118325 -1.059573
66  0.000001 0.000000 -0.000000  0.000000 -0.000001 1.570800
67  1.196326 -0.000003 0.000005  0.000000 0.000003 -0.391196
68  0.142427 3.859707 -1.191967  -0.667371 -1.423718 -0.301273
69  -0.000001 -0.000000 -0.000002  0.976757 -0.000005 1.570807
70  3.859709 -0.142400 -1.191970  -0.478196 0.090837 -0.963366
71  -0.000000 1.312562 -0.000003  -0.361358 -0.138963 -0.204711
72  -0.000002 -0.000000 0.000001  1.078169 0.000003 1.570794
73  1.312568 -0.000017 0.000009  0.000004 -0.001344 -0.437235
74  -0.000001 0.729363 0.000000  -0.404440 1.030435 -0.462976
75  0.000001 -0.000001 0.000000  -0.000001 -0.000001 1.570795
76  0.729367 0.000001 0.000001  0.000001 -0.000004 -0.231827
77  0.348928 0.806046 1.321259  -1.142977 -2.276486 0.650281
78  -0.000001 -0.000001 -0.000001  0.437032 0.000002 1.570791
79  0.806048 -0.348924 1.321259  -1.473563 -0.631195 -0.380781
80  -0.000002 1.789783 -0.000001  0.105694 0.066384 0.343680
81  0.000000 0.000003 -0.000000  0.347279 0.000000 1.570806
82  1.789790 0.000011 -0.000001  0.002654 0.043680 0.349582
83  -0.000000 1.207001 0.000001  0.184118 0.296140 0.567996
84  0.000000 -0.000000 0.000000  0.000001 -0.000001 1.570797
85  1.207005 -0.000010 0.000006  -0.000004 0.000002 0.540447
86  0.000000 0.000000 1.000000  1.570796 -0.000000 0.000000
time 1
0  0.000005 3.335938 -8.640624  -1.570780 -1.391896 -1.570809
1  2.033356 1.000772 -1.937610  1.473119 1.855075 -0.198639
2  6.028144 -0.000001 0.000000  2.118874 1.513671 -0.442333
3  11.692555 0.000002 0.000004  0.000000 -0.000000 -0.316658
4  11.481699 0.000001 0.000002  -1.288835 0.007428 0.200690
5  3.859674 -0.132572 1.193107  0.432210 -0.155861 -0.861350
6  1.312556 -0.000005 0.000002  0.000000 -0.000000 -1.191973
7  0.729362 0.000005 -0.000003  -0.000000 -0.000000 -1.063394
8  3.942303 0.050326 0.431043  0.232421 0.000609 -0.853331
9  1.539100 -0.000003 -0.000000  -0.000000 0.000000 -0.973379
10  1.196319 0.000009 0.000001  -0.000000 0.000000 -1.451261
11  3.883658 -0.050323 -0.431043  0.066987 0.050243 -0.694792
12  1.719578 0.000006 -0.000001  0.000000 -0.000004 -1.251013
13  1.209181 0.000004 -0.000000  -0.000000 -0.000003 -1.141145
14  3.859838 -0.148936 -1.331280  -0.248855 0.263129 -0.072121
15  1.719424 0.000002 0.000001  0.000000 0.000000 -0.676756
16  1.099667 0.000002 0.000000  0.000000 -0.000000 -1.021287
17  0.806020 -0.359838 -1.318334  1.349685 0.343493 -0.771450
18  1.789784 0.000002 -0.000002  -0.000000 -0.000000 0.397500
19  1.206998 0.000004 -0.000001  0.000000 0.000000 0.989033
20  4.124995 -1.447267 -3.542969  -1.564198 -0.011689 -1.581440
21  3.820736 -1.409994 -0.589409  -1.564198 -0.011689 -1.581439
22  0.222816 -3.739060 1.509297  0.024887 2.851473 -1.494016
23  3.048727 6.125611 1.106841  1.596061 0.018247 -0.808184
24  3.527214 5.063570 0.216259  1.596061 0.018246 -0.808184
25  3.352950 5.114328 -0.401207  1.596061 0.018247 -0.808184
26  2.909482 4.772882 -1.012056  1.596061 0.018247 -0.808184
27  1.772478 4.476569 2.356867  1.596061 0.018247 -0.808184
28  0.000006 3.336140 -8.647861  -1.570799 -1.391898 -1.570795
29  2.033350 1.000764 1.937663  1.227517 0.585911 1.190966
30  2.026190 1.001859 1.937675  1.227511 0.585916 1.190961
31  0.000001 -0.000001 0.000004  1.583265 0.000007 1.570794
32  0.000000 6.028147 -0.000001  -0.406514 -0.510007 -0.918371
33  0.000000 0.000010 -0.000005  -0.000002 0.000003 1.570792
34  0.000017 6.028144 -0.000011  -0.547012 0.352334 0.445271
35  0.000000 11.692572 0.000000  -0.000001 -0.000005 -0.637501
36  0.000002 0.000001 -0.000002  0.000005 0.000000 1.570801
37  11.692578 0.000053 0.000041  0.000005 -0.000001 -0.637492
38  0.000002 11.481681 -0.000001  0.408929 0.486661 0.742933
39  -0.000000 0.000002 0.000001  0.000000 -0.000000 1.570789
40  11.481680 -0.000055 0.000007  0.523074 -0.359128 0.542961
41  0.137968 3.859862 1.332473  -1.465455 -1.619430 0.860060
42  0.000001 0.000001 0.000001  1.933714 0.000004 1.570794
43  3.859862 -0.137941 1.332474  0.357799 -0.048365 -0.605273
44  0.000001 1.719430 0.000003  -0.420873 0.202310 0.066145
45  -0.000000 -0.000001 0.000001  1.743430 0.000000 1.570798
46  1.719435 0.000007 -0.000008  0.000189 -0.009099 -0.438595
47  -0.000001 1.099661 0.000002  1.022353 1.907815 1.050325
48  0.000000 -0.000000 0.000001  -0.000002 0.000003 1.570799
49  1.099666 0.000001 0.000002  -0.000119 0.002599 -0.290975
50  0.046789 3.883689 0.431449  -0.028156 -1.505149 -0.643967
51  0.000001 0.000000 0.000000  1.590082 0.000009 1.570787
52  3.883690 -0.046761 0.431448  0.084906 0.001838 -0.672064
53  -0.000000 1.719577 0.000002  -0.720099 0.051523 -0.006475
54  0.000001 -0.000001 0.000002  1.538381 -0.000002 1.570794
55  1.719582 0.000017 -0.000017  -0.003915 0.016394 -0.719627
56  0.000002 1.209183 -0.000001  -1.502664 1.085643 -1.507497
57  -0.000001 0.000001 0.000000  -0.000000 -0.000000 1.570805
58  1.209186 -0.000004 -0.000002  -0.000816 0.002971 -0.484094
59  -0.046750 3.942328 -0.431436  -0.326451 -1.473453 -0.660448
60  0.000001 -0.000001 -0.000000  1.317660 0.000000 1.570797
61  3.942327 0.046778 -0.431438  -0.160904 0.031173 -0.985454
62  0.000001 1.539088 -0.000001  -0.255111 -0.026494 -0.056799
63  0.000000 -0.000000 -0.000001  1.337310 -0.000004 1.570800
64  1.539093 -0.000002 0.000003  -0.000026 0.003537 -0.262661
65  0.000001 1.196323 -0.000001  -1.013117 1.118325 -1.059573
66  0.000001 0.000000 -0.000000  0.000000 -0.000001 1.570800
67  1.196326 -0.000003 0.000005  0.000000 0.000003 -0.391196
68  0.142427 3.859707 -1.191967  -0.667371 -1.423718 -0.301273
69  -0.000001 -0.000000 -0.000002  0.976757 -0.000005 1.570807
70  3.859709 -0.142400 -1.191970  -0.478196 0.090837 -0.963366
71  -0.000000 1.312562 -0.000003  -0.361358 -0.138963 -0.204711
72  -0.000002 -0.000000 0.000001  1.078169 0.000003 1.570794
73  1.312568 -0.000017 0.000009  0.000004 -0.001344 -0.437235
74  -0.000001 0.729363 0.000000  -0.404440 1.030435 -0.462976
75  0.000001 -0.000001 0.000000  -0.000001 -0.000001 1.570795
76  0.729367 0.000001 0.000001  0.000001 -0.000004 -0.231827
77  0.348928 0.806046 1.321259  -1.142977 -2.276486 0.650281
78  -0.000001 -0.000001 -0.000001  0.437032 0.000002 1.570791
79  0.806048 -0.348924 1.321259  -1.473563 -0.631195 -0.380781
80  -0.000002 1.789783 -0.000001  0.105694 0.066384 0.343680
81  0.000000 0.000003 -0.000000  0.347279 0.000000 1.570806
82  1.789790 0.000011 -0.000001  0.002654 0.043680 0.349582
83  -0.000000 1.207001 0.000001  0.184118 0.296140 0.567996
84  0.000000 -0.000000 0.000000  0.000001 -0.000001 1.570797
85  1.207005 -0.000010 0.000006  -0.000004 0.000002 0.540447
86  0.000000 0.000000 1.000000  1.570796 -0.000000 0.000000
time 2
0  0.000005 3.335938 -8.640624  -1.570780 -1.391896 -1.570809
1  2.033356 1.000772 -1.937610  1.473119 1.855075 -0.198639
2  6.028144 -0.000001 0.000000  2.120503 1.513811 -0.440712
3  11.692555 0.000002 0.000004  0.000000 -0.000000 -0.316282
4  11.481698 -0.000001 0.000002  -1.288835 0.007428 0.200690
5  3.859674 -0.132572 1.193107  0.432210 -0.155861 -0.861350
6  1.312558 -0.000002 0.000003  0.000000 -0.000000 -1.191973
7  0.729362 0.000001 -0.000002  -0.000000 0.000000 -1.063394
8  3.942302 0.050326 0.431043  0.232421 0.000609 -0.853331
9  1.539099 -0.000002 -0.000001  -0.000000 0.000000 -0.973379
10  1.196317 0.000010 0.000001  -0.000000 -0.000000 -1.451261
11  3.883658 -0.050323 -0.431044  0.066987 0.050243 -0.694792
12  1.719579 0.000007 0.000000  0.000000 -0.000004 -1.251013
13  1.209183 0.000004 -0.000000  -0.000000 -0.000003 -1.141145
14  3.859838 -0.148937 -1.331281  -0.248855 0.263129 -0.072121
15  1.719421 0.000002 0.000000  0.000000 0.000000 -0.676756
16  1.099663 0.000003 -0.000001  0.000000 -0.000000 -1.021287
17  0.806018 -0.359838 -1.318335  1.349685 0.343493 -0.771450
18  1.789783 0.000002 -0.000003  -0.000000 -0.000000 0.397500
19  1.207002 0.000003 0.000000  0.000000 0.000000 0.989033
20  4.124997 -1.447266 -3.542970  -1.564198 -0.011689 -1.581440
21  3.820736 -1.409994 -0.589410  -1.564198 -0.011689 -1.581439
22  0.222811 -3.739061 1.509296  0.024887 2.851473 -1.494016
23  3.048727 6.125611 1.106840  1.596061 0.018247 -0.808184
24  3.527214 5.063567 0.216258  1.596061 0.018246 -0.808184
25  3.352949 5.114328 -0.401207  1.596061 0.018247 -0.808184
26  2.909482 4.772881 -1.012057  1.596061 0.018247 -0.808184
27  1.772478 4.476570 2.356867  1.596061 0.018247 -0.808184
28  0.000006 3.336140 -8.647861  -1.570799 -1.391898 -1.570795
29  2.033350 1.000764 1.937663  1.227517 0.585911 1.190966
30  2.026190 1.001859 1.937675  1.227511 0.585916 1.190961
31  0.000001 -0.000001 0.000004  1.583265 0.000007 1.570794
32  0.000000 6.028147 -0.000001  -0.406480 -0.510044 -0.918458
33  -0.000000 0.000009 -0.000005  -0.000002 0.000003 1.570791
34  0.000017 6.028144 -0.000011  -0.547044 0.352298 0.445190
35  -0.000000 11.692571 0.000000  -0.000001 -0.000005 -0.637306
36  -0.000002 0.000001 -0.000001  0.000005 0.000000 1.570801
37  11.692578 0.000053 0.000040  0.000004 -0.000001 -0.637297
38  -0.000002 11.481683 0.000001  0.408727 0.486659 0.742818
39  -0.000001 0.000002 0.000002  0.000000 -0.000000 1.570789
40  11.481681 -0.000056 0.000006  0.523034 -0.358954 0.542955
41  0.137967 3.859862 1.332474  -1.465458 -1.619430 0.860059
42  -0.000000 -0.000002 0.000001  1.933714 0.000004 1.570794
43  3.859864 -0.137941 1.332474  0.357799 -0.048366 -0.605273
44  -0.000000 1.719426 0.000001  -0.420874 0.202310 0.066145
45  -0.000000 0.000001 0.000001  1.743430 0.000000 1.570798
46  1.719433 0.000007 -0.000007  0.000190 -0.009099 -0.438597
47  -0.000001 1.099665 0.000001  1.022355 1.907816 1.050328
48  0.000000 -0.000000 -0.000001  -0.000002 0.000003 1.570799
49  1.099668 0.000002 0.000000  -0.000119 0.002600 -0.290976
50  0.046788 3.883689 0.431452  -0.028158 -1.505149 -0.643966
51  -0.000002 0.000000 0.000000  1.590082 0.000009 1.570787
52  3.883693 -0.046761 0.431450  0.084906 0.001838 -0.672065
53  -0.000002 1.719575 -0.000000  -0.720099 0.051523 -0.006475
54  -0.000001 -0.000000 -0.000000  1.538381 -0.000002 1.570794
55  1.719581 0.000015 -0.000018  -0.003915 0.016394 -0.719627
56  0.000001 1.209183 -0.000001  -1.502663 1.085644 -1.507496
57  -0.000001 0.000000 0.000001  -0.000000 -0.000000 1.570805
58  1.209187 -0.000000 -0.000001  -0.000816 0.002971 -0.484093
59  -0.046751 3.942332 -0.431436  -0.326461 -1.473453 -0.660438
60  0.000000 -0.000001 -0.000001  1.317660 0.000000 1.570797
61  3.942333 0.046778 -0.431438  -0.160904 0.031174 -0.985454
62  0.000000 1.539092 -0.000001  -0.255112 -0.026494 -0.056799
63  0.000000 -0.000000 0.000001  1.337310 -0.000004 1.570800
64  1.539099 -0.000001 0.000002  -0.000026 0.003538 -0.262661
65  -0.000000 1.196321 0.000002  -1.013118 1.118325 -1.059574
66  -0.000000 -0.000000 0.000000  0.000000 -0.000001 1.570800
67  1.196326 -0.000000 0.000004  0.000001 0.000003 -0.391197
68  0.142426 3.859708 -1.191968  -0.667376 -1.423717 -0.301267
69  -0.000001 -0.000002 0.000002  0.976757 -0.000005 1.570807
70  3.859712 -0.142400 -1.191970  -0.478196 0.090838 -0.963366
71  0.000001 1.312565 -0.000000  -0.361356 -0.138963 -0.204711
72  0.000001 -0.000000 -0.000001  1.078169 0.000003 1.570794
73  1.312571 -0.000016 0.000008  0.000005 -0.001345 -0.437234
74  0.000001 0.729362 -0.000003  -0.404438 1.030436 -0.462974
75  -0.000000 0.000001 0.000001  -0.000001 -0.000001 1.570795
76  0.729365 0.000003 -0.000002  0.000001 -0.000004 -0.231826
77  0.348927 0.806048 1.321259  -1.142977 -2.276483 0.650279
78  0.000001 -0.000000 -0.000001  0.437032 0.000002 1.570790
79  0.806050 -0.348923 1.321260  -1.473562 -0.631193 -0.380782
80  0.000000 1.789785 -0.000001  0.105693 0.066384 0.343679
81  0.000000 -0.000001 0.000001  0.347279 0.000000 1.570806
82  1.789789 0.000012 -0.000002  0.002654 0.043679 0.349580
83  0.000000 1.206997 0.000001  0.184117 0.296140 0.567993
84  -0.000001 -0.000001 0.000001  0.000001 -0.000001 1.570797
85  1.207003 -0.000011 0.000004  -0.000004 0.000001 0.540445
86  0.000000 0.000000 1.000000  1.570796 -0.000000 0.000000
time 3
0  0.000005 3.335938 -8.640624  -1.570780 -1.391896 -1.570809
1  2.033356 1.000772 -1.937610  1.473119 1.855075 -0.198639
2  6.028144 -0.000001 0.000000  2.124932 1.514231 -0.436283
3  11.692554 0.000001 0.000002  -0.000000 -0.000000 -0.315305
4  11.481699 -0.000000 0.000002  -1.288835 0.007428 0.200690
5  3.859675 -0.132572 1.193108  0.432210 -0.155861 -0.861350
6  1.312555 -0.000003 0.000001  0.000000 -0.000000 -1.191973
7  0.729364 0.000003 -0.000002  -0.000000 0.000000 -1.063394
8  3.942305 0.050327 0.431043  0.232421 0.000609 -0.853331
9  1.539100 -0.000000 -0.000000  -0.000000 0.000000 -0.973379
10  1.196318 0.000007 0.000000  -0.000000 0.000000 -1.451261
11  3.883660 -0.050323 -0.431043  0.066987 0.050243 -0.694792
12  1.719577 0.000004 -0.000000  0.000000 -0.000004 -1.251013
13  1.209180 0.000007 0.000001  -0.000000 -0.000003 -1.141145
14  3.859840 -0.148936 -1.331281  -0.248855 0.263129 -0.072121
15  1.719421 0.000003 0.000001  0.000000 -0.000000 -0.676756
16  1.099663 -0.000001 -0.000000  0.000000 -0.000000 -1.021287
17  0.806021 -0.359838 -1.318334  1.349685 0.343493 -0.771450
18  1.789782 0.000001 -0.000004  -0.000000 -0.000000 0.397500
19  1.206999 0.000003 -0.000002  0.000000 0.000000 0.989033
20  4.125000 -1.447266 -3.542969  -1.564198 -0.011689 -1.581440
21  3.820737 -1.409995 -0.589409  -1.564198 -0.011689 -1.581439
22  0.222823 -3.739061 1.509296  0.024887 2.851473 -1.494016
23  3.048727 6.125613 1.106841  1.596061 0.018247 -0.808184
24  3.527214 5.063566 0.216260  1.596061 0.018246 -0.808184
25  3.352949 5.114328 -0.401206  1.596061 0.018247 -0.808184
26  2.909482 4.772882 -1.012056  1.596061 0.018247 -0.808184
27  1.772478 4.476569 2.356868  1.596061 0.018247 -0.808184
28  0.000006 3.336140 -8.647861  -1.570799 -1.391898 -1.570795
29  2.033350 1.000764 1.937663  1.227517 0.585911 1.190966
30  2.026190 1.001859 1.937675  1.227511 0.585916 1.190961
31  0.000001 -0.000001 0.000004  1.583265 0.000007 1.570794
32  0.000000 6.028147 -0.000001  -0.406355 -0.510092 -0.918631
33  -0.000001 0.000009 -0.000006  -0.000002 0.000003 1.570791
34  0.000017 6.028144 -0.000011  -0.547070 0.352181 0.445069
35  0.000001 11.692570 -0.000000  -0.000001 -0.000005 -0.636947
36  -0.000001 0.000001 -0.000001  0.000005 0.000000 1.570801
37  11.692579 0.000054 0.000041  0.000004 -0.000001 -0.636937
38  -0.000003 11.481682 -0.000000  0.408191 0.486614 0.742590
39  -0.000001 0.000002 0.000001  0.000000 -0.000000 1.570789
40  11.481684 -0.000053 0.000008  0.522887 -0.358498 0.543028
41  0.137967 3.859856 1.332474  -1.465458 -1.619431 0.860065
42  0.000000 -0.000001 0.000000  1.933714 0.000004 1.570794
43  3.859859 -0.137941 1.332473  0.357799 -0.048366 -0.605270
44  0.000002 1.719425 -0.000002  -0.420878 0.202310 0.066145
45  -0.000001 0.000001 -0.000001  1.743430 0.000000 1.570798
46  1.719432 0.000006 -0.000003  0.000190 -0.009100 -0.438601
47  -0.000001 1.099661 -0.000002  1.022358 1.907819 1.050333
48  -0.000001 0.000001 -0.000001  -0.000002 0.000003 1.570799
49  1.099665 -0.000002 0.000002  -0.000119 0.002600 -0.290978
50  0.046788 3.883688 0.431451  -0.028168 -1.505149 -0.643956
51  -0.000000 -0.000003 -0.000001  1.590082 0.000009 1.570787
52  3.883689 -0.046762 0.431450  0.084907 0.001839 -0.672064
53  -0.000000 1.719572 -0.000000  -0.720100 0.051524 -0.006475
54  -0.000001 -0.000001 0.000001  1.538381 -0.000002 1.570794
55  1.719580 0.000018 -0.000017  -0.003915 0.016394 -0.719627
56  -0.000001 1.209180 0.000001  -1.502664 1.085642 -1.507497
57  -0.000000 0.000000 0.000000  -0.000000 -0.000000 1.570805
58  1.209185 -0.000002 -0.000003  -0.000816 0.002971 -0.484095
59  -0.046751 3.942327 -0.431435  -0.326461 -1.473452 -0.660437
60  -0.000001 0.000001 -0.000001  1.317660 0.000000 1.570797
61  3.942328 0.046779 -0.431437  -0.160904 0.031174 -0.985453
62  -0.000001 1.539089 0.000001  -0.255112 -0.026494 -0.056799
63  0.000002 0.000000 0.000000  1.337310 -0.000004 1.570800
64  1.539093 0.000004 0.000003  -0.000026 0.003538 -0.262662
65  0.000001 1.196324 0.000000  -1.013119 1.118324 -1.059576
66  0.000002 -0.000000 0.000000  0.000000 -0.000001 1.570800
67  1.196326 -0.000006 0.000004  0.000001 0.000004 -0.391198
68  0.142426 3.859706 -1.191966  -0.667374 -1.423717 -0.301267
69  -0.000000 0.000001 -0.000002  0.976757 -0.000005 1.570807
70  3.859708 -0.142400 -1.191969  -0.478196 0.090838 -0.963363
71  -0.000002 1.312565 -0.000001  -0.361360 -0.138963 -0.204711
72  0.000000 -0.000001 -0.000001  1.078169 0.000003 1.570794
73  1.312567 -0.000012 0.000009  0.000005 -0.001343 -0.437237
74  -0.000000 0.729362 -0.000001  -0.404444 1.030434 -0.462982
75  -0.000003 0.000000 0.000002  -0.000001 -0.000001 1.570795
76  0.729367 0.000002 0.000000  0.000002 -0.000005 -0.231830
77  0.348927 0.806043 1.321261  -1.142980 -2.276489 0.650283
78  -0.000001 -0.000002 -0.000002  0.437032 0.000002 1.570791
79  0.806045 -0.348924 1.321261  -1.473564 -0.631198 -0.380781
80  0.000000 1.789782 -0.000003  0.105694 0.066384 0.343683
81  -0.000000 0.000002 0.000001  0.347279 0.000000 1.570806
82  1.789788 0.000008 -0.000003  0.002654 0.043680 0.349585
83  -0.000001 1.207000 -0.000000  0.184119 0.296139 0.568000
84  -0.000000 -0.000002 -0.000001  0.000001 -0.000001 1.570797
85  1.207007 -0.000011 0.000003  -0.000004 0.000001 0.540451
86  0.000000 0.000000 1.000000  1.570796 -0.000000 0.000000
time 4
0  0.000005 3.335938 -8.640624  -1.570780 -1.391896 -1.570809
1  2.033356 1.000772 -1.937610  1.473119 1.855075 -0.198639
2  6.028144 -0.000001 0.000000  2.131607 1.514839 -0.429580
3  11.692554 0.000002 0.000003  -0.000000 -0.000000 -0.313876
4  11.481700 -0.000000 0.000002  -1.288835 0.007428 0.200690
5  3.859676 -0.132572 1.193107  0.432210 -0.155861 -0.861350
6  1.312555 -0.000003 0.000002  -0.000000 -0.000000 -1.191973
7  0.729362 0.000004 -0.000002  -0.000000 -0.000000 -1.063394
8  3.942304 0.050326 0.431043  0.232421 0.000609 -0.853331
9  1.539099 -0.000002 -0.000000  -0.000000 0.000000 -0.973379
10  1.196320 0.000009 0.000000  -0.000000 -0.000000 -1.451261
11  3.883657 -0.050324 -0.431043  0.066987 0.050243 -0.694792
12  1.719576 0.000007 0.000001  0.000000 -0.000004 -1.251013
13  1.209182 0.000003 -0.000000  -0.000000 -0.000003 -1.141145
14  3.859839 -0.148937 -1.331281  -0.248855 0.263129 -0.072121
15  1.719422 0.000002 0.000001  0.000000 0.000000 -0.676756
16  1.099662 0.000003 -0.000001  0.000000 -0.000000 -1.021287
17  0.806020 -0.359838 -1.318335  1.349685 0.343493 -0.771450
18  1.789783 0.000000 -0.000004  -0.000000 -0.000000 0.397500
19  1.206999 0.000003 0.000001  0.000000 0.000000 0.989033
20  4.124999 -1.447267 -3.542968  -1.564198 -0.011689 -1.581440
21  3.820736 -1.409995 -0.589410  -1.564198 -0.011689 -1.581439
22  0.222814 -3.739064 1.509295  0.024887 2.851473 -1.494016
23  3.048727 6.125610 1.106840  1.596061 0.018247 -0.808184
24  3.527214 5.063567 0.216259  1.596061 0.018246 -0.808183
25  3.352950 5.114327 -0.401207  1.596061 0.018247 -0.808184
26  2.909482 4.772881 -1.012057  1.596061 0.018247 -0.808184
27  1.772479 4.476569 2.356867  1.596061 0.018247 -0.808184
28  0.000006 3.336140 -8.647861  -1.570799 -1.391898 -1.570795
29  2.033350 1.000764 1.937663  1.227517 0.585911 1.190966
30  2.026190 1.001859 1.937675  1.227511 0.585916 1.190961
31  0.000001 -0.000001 0.000004  1.583265 0.000007 1.570794
32  0.000000 6.028147 -0.000001  -0.406178 -0.510166 -0.918888
33  -0.000001 0.000009 -0.000006  -0.000002 0.000003 1.570791
34  0.000017 6.028144 -0.000011  -0.547114 0.352015 0.444883
35  0.000001 11.692571 -0.000001  -0.000001 -0.000005 -0.636408
36  -0.000000 0.000001 -0.000002  0.000005 0.000000 1.570801
37  11.692578 0.000053 0.000040  0.000004 -0.000001 -0.636399
38  0.000000 11.481679 0.000001  0.407410 0.486527 0.742236
39  -0.000000 -0.000003 0.000001  0.000000 -0.000000 1.570789
40  11.481684 -0.000054 0.000008  0.522650 -0.357839 0.543123
41  0.137968 3.859854 1.332474  -1.465451 -1.619430 0.860061
42  0.000001 0.000001 -0.000000  1.933714 0.000004 1.570794
43  3.859860 -0.137942 1.332474  0.357798 -0.048366 -0.605271
44  0.000001 1.719429 -0.000001  -0.420876 0.202310 0.066145
45  -0.000000 -0.000000 -0.000001  1.743430 0.000000 1.570798
46  1.719432 0.000003 -0.000006  0.000189 -0.009100 -0.438599
47  -0.000000 1.099659 -0.000005  1.022357 1.907818 1.050330
48  0.000000 -0.000001 -0.000000  -0.000002 0.000003 1.570799
49  1.099660 -0.000002 0.000002  -0.000119 0.002599 -0.290978
50  0.046789 3.883682 0.431450  -0.028170 -1.505149 -0.643952
51  0.000000 0.000000 -0.000002  1.590082 0.000009 1.570787
52  3.883686 -0.046762 0.431449  0.084906 0.001839 -0.672065
53  0.000001 1.719575 -0.000002  -0.720099 0.051523 -0.006475
54  -0.000001 -0.000000 0.000000  1.538381 -0.000002 1.570794
55  1.719578 0.000014 -0.000016  -0.003915 0.016394 -0.719626
56  -0.000000 1.209179 0.000001  -1.502663 1.085644 -1.507497
57  0.000000 -0.000001 -0.000000  -0.000000 -0.000000 1.570805
58  1.209181 -0.000005 -0.000000  -0.000816 0.002971 -0.484093
59  -0.046751 3.942322 -0.431436  -0.326462 -1.473452 -0.660435
60  -0.000000 0.000000 0.000001  1.317660 0.000000 1.570797
61  3.942325 0.046778 -0.431438  -0.160904 0.031174 -0.985454
62  0.000000 1.539090 -0.000000  -0.255111 -0.026494 -0.056799
63  -0.000000 -0.000000 -0.000000  1.337310 -0.000004 1.570800
64  1.539095 0.000001 0.000002  -0.000026 0.003537 -0.262661
65  0.000002 1.196321 -0.000001  -1.013117 1.118325 -1.059573
66  0.000000 -0.000001 -0.000002  0.000000 -0.000001 1.570800
67  1.196325 -0.000003 0.000005  0.000000 0.000003 -0.391196
68  0.142426 3.859702 -1.191967  -0.667378 -1.423717 -0.301263
69  -0.000001 0.000000 -0.000001  0.976757 -0.000005 1.570807
70  3.859705 -0.142401 -1.191968  -0.478196 0.090838 -0.963364
71  -0.000001 1.312564 -0.000004  -0.361358 -0.138964 -0.204711
72  -0.000000 0.000000 -0.000001  1.078169 0.000003 1.570794
73  1.312569 -0.000018 0.000006  0.000004 -0.001344 -0.437236
74  -0.000000 0.729365 -0.000001  -0.404441 1.030435 -0.462979
75  -0.000002 0.000000 -0.000000  -0.000001 -0.000001 1.570795
76  0.729368 0.000002 -0.000000  0.000002 -0.000004 -0.231828
77  0.348928 0.806036 1.321259  -1.142978 -2.276486 0.650280
78  -0.000001 0.000001 0.000001  0.437032 0.000002 1.570791
79  0.806042 -0.348925 1.321260  -1.473564 -0.631196 -0.380782
80  0.000000 1.789785 0.000000  0.105694 0.066384 0.343680
81  0.000002 -0.000000 0.000001  0.347279 0.000000 1.570806
82  1.789790 0.000009 -0.000001  0.002654 0.043679 0.349582
83  0.000002 1.206996 -0.000000  0.184118 0.296140 0.567996
84  -0.000000 0.000001 -0.000000  0.000001 -0.000001 1.570797
85  1.206998 -0.000013 0.000003  -0.000004 0.000001 0.540447
86  0.000000 0.000000 1.000000  1.570796 -0.000000 0.000000
time 5
0  0.000005 3.335938 -8.640624  -1.570780 -1.391896 -1.570809
1  2.033356 1.000772 -1.937610  1.473119 1.855075 -0.198639
2  6.028144 -0.000001 0.000000  2.139972 1.515540 -0.421208
3  11.692554 0.000001 0.000003  0.000000 0.000000 -0.312109
4  11.481697 -0.000001 0.000001  -1.288835 0.007428 0.200690
5  3.859678 -0.132572 1.193109  0.432210 -0.155861 -0.861350
6  1.312558 -0.000003 0.000001  0.000000 -0.000000 -1.191973
7  0.729360 0.000005 -0.000003  -0.000000 0.000000 -1.063394
8  3.942305 0.050326 0.431044  0.232421 0.000609 -0.853331
9  1.539097 -0.000004 -0.000001  -0.000000 -0.000000 -0.973401
10  1.196319 0.000007 0.000000  -0.000000 -0.000000 -1.451261
11  3.883662 -0.050323 -0.431042  0.066987 0.050243 -0.694792
12  1.719578 0.000006 -0.000001  0.000000 -0.000004 -1.251013
13  1.209183 0.000006 0.000000  -0.000000 -0.000003 -1.141145
14  3.859843 -0.148937 -1.331279  -0.248855 0.263129 -0.072121
15  1.719424 0.000002 -0.000001  0.000000 0.000000 -0.676756
16  1.099663 0.000002 0.000000  0.000000 -0.000000 -1.021286
17  0.806023 -0.359837 -1.318334  1.349685 0.343493 -0.771450
18  1.789783 0.000002 -0.000004  -0.000000 -0.000000 0.397500
19  1.207000 0.000004 -0.000000  0.000000 0.000000 0.989033
20  4.125000 -1.447266 -3.542968  -1.564198 -0.011689 -1.581440
21  3.820738 -1.409995 -0.589409  -1.564198 -0.011689 -1.581439
22  0.222819 -3.739061 1.509297  0.024887 2.851473 -1.494016
23  3.048726 6.125611 1.106841  1.596061 0.018247 -0.808184
24  3.527214 5.063566 0.216258  1.596061 0.018246 -0.808184
25  3.352950 5.114328 -0.401207  1.596061 0.018247 -0.808184
26  2.909482 4.772882 -1.012057  1.596061 0.018247 -0.808184
27  1.772478 4.476572 2.356867  1.596061 0.018247 -0.808184
28  0.000006 3.336140 -8.647861  -1.570799 -1.391898 -1.570795
29  2.033350 1.000764 1.937663  1.227517 0.585911 1.190966
30  2.026190 1.001859 1.937675  1.227511 0.585916 1.190961
31  0.000001 -0.000001 0.000004  1.583265 0.000007 1.570794
32  0.000000 6.028147 -0.000001  -0.405982 -0.510303 -0.919263
33  -0.000001 0.000010 -0.000006  -0.000002 0.000003 1.570792
34  0.000017 6.028144 -0.000011  -0.547218 0.351819 0.444568
35  -0.000000 11.692572 -0.000001  -0.000001 -0.000005 -0.635605
36  -0.000001 0.000001 -0.000002  0.000005 0.000000 1.570801
37  11.692579 0.000052 0.000039  0.000004 -0.000001 -0.635596
38  -0.000000 11.481681 0.000000  0.406453 0.486463 0.741738
39  -0.000000 -0.000000 0.000000  0.000000 -0.000000 1.570789
40  11.481682 -0.000054 0.000007  0.522404 -0.357022 0.543159
41  0.137968 3.859857 1.332473  -1.465454 -1.619429 0.860055
42  -0.000001 -0.000003 -0.000001  1.933714 0.000004 1.570794
43  3.859861 -0.137941 1.332474  0.357799 -0.048365 -0.605272
44  -0.000001 1.719428 0.000002  -0.420871 0.202310 0.066145
45  -0.000001 -0.000001 0.000001  1.743430 0.000000 1.570798
46  1.719433 0.000005 -0.000007  0.000189 -0.009099 -0.438594
47  -0.000002 1.099663 0.000003  1.022351 1.907814 1.050324
48  -0.000000 -0.000000 0.000001  -0.000002 0.000003 1.570799
49  1.099667 -0.000001 0.000001  -0.000120 0.002600 -0.290974
50  0.046789 3.883685 0.431449  -0.028171 -1.505149 -0.643952
51  0.000001 0.000002 0.000001  1.590082 0.000009 1.570787
52  3.883688 -0.046761 0.431450  0.084906 0.001839 -0.672064
53  -0.000000 1.719577 0.000000  -0.720100 0.051523 -0.006475
54  0.000000 0.000001 0.000002  1.538381 -0.000002 1.570794
55  1.719581 0.000013 -0.000016  -0.003915 0.016393 -0.719627
56  0.000001 1.209181 0.000002  -1.502664 1.085643 -1.507497
57  -0.000001 -0.000000 -0.000001  -0.000000 -0.000000 1.570805
58  1.209184 0.000001 -0.000002  -0.000816 0.002971 -0.484094
59  -0.046750 3.942326 -0.431437  -0.326455 -1.473453 -0.660443
60  -0.000001 0.000000 -0.000000  1.317660 0.000000 1.570797
61  3.942328 0.046779 -0.431438  -0.160904 0.031174 -0.985454
62  0.000001 1.539089 -0.000004  -0.255112 -0.026494 -0.056799
63  -0.000000 0.000000 0.000003  1.337310 -0.000004 1.570800
64  1.539094 -0.000002 0.000002  -0.000026 0.003538 -0.262661
65  -0.000000 1.196323 0.000002  -1.013117 1.118325 -1.059574
66  0.000000 0.000000 0.000001  0.000000 -0.000001 1.570800
67  1.196326 -0.000005 0.000004  0.000000 0.000004 -0.391197
68  0.142426 3.859703 -1.191967  -0.667376 -1.423717 -0.301266
69  -0.000001 -0.000002 0.000002  0.976757 -0.000005 1.570807
70  3.859706 -0.142399 -1.191969  -0.478196 0.090838 -0.963365
71  -0.000001 1.312564 0.000002  -0.361356 -0.138963 -0.204711
72  0.000000 -0.000000 0.000002  1.078169 0.000003 1.570794
73  1.312571 -0.000014 0.000008  0.000005 -0.001345 -0.437234
74  0.000001 0.729363 0.000002  -0.404438 1.030436 -0.462975
75  0.000000 0.000001 -0.000000  -0.000001 -0.000001 1.570794
76  0.729366 0.000004 0.000001  0.000002 -0.000004 -0.231826
77  0.348928 0.806043 1.321258  -1.142975 -2.276482 0.650279
78  -0.000001 0.000000 0.000001  0.437032 0.000002 1.570790
79  0.806045 -0.348924 1.321260  -1.473563 -0.631191 -0.380781
80  0.000001 1.789786 0.000000  0.105693 0.066384 0.343677
81  0.000002 0.000001 0.000000  0.347279 0.000000 1.570806
82  1.789789 0.000007 -0.000000  0.002654 0.043678 0.349579
83  0.000003 1.207002 -0.000001  0.184116 0.296141 0.567990
84  -0.000000 -0.000001 0.000001  0.000001 -0.000001 1.570797
85  1.207003 -0.000012 0.000003  -0.000004 0.000001 0.540442
86  0.000000 0.000000 1.000000  1.570796 -0.000000 0.000000
time 6
0  0.000005 3.335938 -8.640624  -1.570780 -1.391896 -1.570809
1  2.033356 1.000772 -1.937610  1.473119 1.855075 -0.198639
2  6.028144 -0.000001 0.000000  2.149367 1.516335 -0.411794
3  11.692555 0.000000 0.000002  0.000000 -0.000000 -0.310192
4  11.481697 -0.000001 0.000002  -1.288835 0.007428 0.200690
5  3.859674 -0.132572 1.193108  0.432210 -0.155861 -0.861350
6  1.312553 -0.000005 0.000000  0.000000 0.000000 -1.191973
7  0.729362 0.000004 -0.000002  -0.000000 0.000000 -1.063394
8  3.942302 0.050326 0.431043  0.232421 0.000609 -0.853331
9  1.539100 -0.000002 -0.000001  -0.000000 -0.000000 -0.973379
10  1.196319 0.000008 -0.000000  -0.000000 -0.000000 -1.451261
11  3.883658 -0.050324 -0.431043  0.066987 0.050243 -0.694792
12  1.719579 0.000006 0.000000  0.000000 -0.000004 -1.251013
13  1.209181 0.000002 -0.000000  -0.000000 -0.000003 -1.141145
14  3.859839 -0.148937 -1.331280  -0.248855 0.263129 -0.072121
15  1.719423 0.000002 -0.000001  0.000000 0.000000 -0.676756
16  1.099662 0.000002 -0.000001  0.000000 -0.000000 -1.021286
17  0.806019 -0.359838 -1.318334  1.349685 0.343493 -0.771450
18  1.789784 0.000001 -0.000006  -0.000000 -0.000000 0.397500
19  1.206999 0.000003 -0.000000  0.000000 0.000000 0.989033
20  4.124999 -1.447267 -3.542969  -1.564198 -0.011689 -1.581440
21  3.820736 -1.409995 -0.589409  -1.564198 -0.011689 -1.581439
22  0.222809 -3.739063 1.509297  0.024887 2.851473 -1.494016
23  3.048727 6.125614 1.106841  1.596061 0.018247 -0.808184
24  3.527214 5.063569 0.216260  1.596061 0.018246 -0.808184
25  3.352950 5.114327 -0.401207  1.596061 0.018247 -0.808184
26  2.909481 4.772883 -1.012056  1.596061 0.018247 -0.808184
27  1.772478 4.476571 2.356869  1.596061 0.018247 -0.808184
28  0.000006 3.336140 -8.647861  -1.570799 -1.391898 -1.570795
29  2.033350 1.000764 1.937663  1.227517 0.585911 1.190966
30  2.026190 1.001859 1.937675  1.227511 0.585916 1.190961
31  0.000001 -0.000001 0.000004  1.583265 0.000007 1.570794
32  0.000000 6.028147 -0.000001  -0.405751 -0.510413 -0.919622
33  -0.000002 0.000009 -0.000006  -0.000002 0.000003 1.570792
34  0.000017 6.028144 -0.000011  -0.547290 0.351599 0.444297
35  -0.000001 11.692571 -0.000001  -0.000001 -0.000005 -0.634853
36  -0.000000 0.000002 -0.000002  0.000005 0.000000 1.570801
37  11.692577 0.000053 0.000041  0.000005 -0.000001 -0.634844
38  -0.000000 11.481680 -0.000000  0.405408 0.486367 0.741258
39  -0.000001 -0.000001 -0.000001  0.000000 -0.000000 1.570789
40  11.481682 -0.000056 0.000006  0.522110 -0.356134 0.543270
41  0.137967 3.859855 1.332473  -1.465449 -1.619428 0.860054
42  0.000000 0.000001 -0.000001  1.933714 0.000004 1.570794
43  3.859857 -0.137941 1.332474  0.357798 -0.048364 -0.605275
44  0.000001 1.719430 -0.000002  -0.420867 0.202310 0.066145
45  -0.000000 -0.000000 -0.000002  1.743430 0.000000 1.570798
46  1.719430 0.000005 -0.000005  0.000189 -0.009098 -0.438590
47  -0.000000 1.099662 0.000000  1.022346 1.907811 1.050318
48  0.000002 -0.000000 -0.000000  -0.000002 0.000003 1.570799
49  1.099665 0.000001 0.000002  -0.000119 0.002600 -0.290970
50  0.046788 3.883685 0.431451  -0.028169 -1.505149 -0.643949
51  -0.000002 -0.000000 -0.000001  1.590082 0.000009 1.570787
52  3.883687 -0.046762 0.431451  0.084906 0.001839 -0.672064
53  0.000000 1.719573 -0.000001  -0.720099 0.051523 -0.006475
54  0.000000 -0.000000 0.000001  1.538382 -0.000002 1.570794
55  1.719574 0.000015 -0.000015  -0.003915 0.016394 -0.719626
56  -0.000001 1.209182 0.000001  -1.502664 1.085644 -1.507497
57  -0.000000 -0.000000 0.000000  -0.000000 -0.000000 1.570805
58  1.209186 0.000002 -0.000004  -0.000816 0.002972 -0.484093
59  -0.046751 3.942322 -0.431435  -0.326458 -1.473452 -0.660437
60  0.000001 0.000001 -0.000000  1.317660 0.000000 1.570797
61  3.942321 0.046778 -0.431436  -0.160904 0.031174 -0.985454
62  0.000000 1.539092 -0.000000  -0.255110 -0.026494 -0.056799
63  -0.000000 0.000000 -0.000004  1.337310 -0.000004 1.570800
64  1.539095 -0.000004 0.000002  -0.000026 0.003537 -0.262660
65  0.000000 1.196324 -0.000003  -1.013115 1.118326 -1.059572
66  -0.000000 -0.000000 0.000000  0.000000 -0.000001 1.570800
67  1.196328 -0.000007 0.000004  0.000001 0.000004 -0.391194
68  0.142425 3.859702 -1.191967  -0.667374 -1.423717 -0.301267
69  0.000000 -0.000001 -0.000001  0.976757 -0.000005 1.570807
70  3.859702 -0.142400 -1.191968  -0.478196 0.090838 -0.963365
71  0.000001 1.312567 -0.000001  -0.361356 -0.138963 -0.204711
72  0.000001 0.000000 0.000000  1.078169 0.000003 1.570794
73  1.312571 -0.000012 0.000008  0.000005 -0.001345 -0.437233
74  -0.000000 0.729365 0.000004  -0.404439 1.030436 -0.462975
75  -0.000000 -0.000000 0.000000  -0.000001 -0.000001 1.570795
76  0.729367 0.000008 0.000001  0.000001 -0.000004 -0.231826
77  0.348927 0.806038 1.321259  -1.142974 -2.276480 0.650278
78  -0.000001 0.000001 0.000000  0.437032 0.000002 1.570791
79  0.806041 -0.348924 1.321261  -1.473563 -0.631189 -0.380782
80  -0.000003 1.789784 0.000002  0.105694 0.066385 0.343675
81  0.000000 0.000000 0.000001  0.347279 0.000000 1.570806
82  1.789787 0.000013 -0.000001  0.002654 0.043677 0.349577
83  -0.000000 1.206998 -0.000000  0.184115 0.296141 0.567988
84  0.000000 -0.000001 -0.000000  0.000001 -0.000001 1.570797
85  1.207002 -0.000012 0.000004  -0.000004 0.000001 0.540439
86  0.000000 0.000000 1.000000  1.570796 -0.000000 0.000000
time 7
0  0.000005 3.335938 -8.640624  -1.570780 -1.391896 -1.570809
1  2.033356 1.000772 -1.937610  1.473119 1.855075 -0.198639
2  6.028144 -0.000001 0.000000  2.159091 1.517129 -0.402042
3  11.692555 0.000002 0.000003  -0.000000 -0.000000 -0.308274
4  11.481699 -0.000001 0.000001  -1.288835 0.007428 0.200690
5  3.859675 -0.132572 1.193109  0.432210 -0.155861 -0.861350
6  1.312556 -0.000005 0.000002  0.000000 -0.000000 -1.191973
7  0.729362 0.000001 -0.000003  -0.000000 -0.000000 -1.063394
8  3.942303 0.050325 0.431043  0.232421 0.000609 -0.853331
9  1.539101 -0.000001 -0.000000  -0.000000 -0.000000 -0.973379
10  1.196319 0.000011 0.000001  -0.000000 0.000000 -1.451261
11  3.883659 -0.050323 -0.431043  0.066987 0.050243 -0.694792
12  1.719579 0.000003 0.000000  0.000000 -0.000004 -1.251013
13  1.209182 0.000005 0.000000  -0.000000 -0.000003 -1.141145
14  3.859840 -0.148937 -1.331280  -0.248855 0.263129 -0.072121
15  1.719423 0.000003 0.000001  0.000000 0.000000 -0.676756
16  1.099664 0.000005 0.000000  0.000000 -0.000000 -1.021286
17  0.806021 -0.359838 -1.318334  1.349685 0.343493 -0.771450
18  1.789783 0.000001 -0.000004  -0.000000 -0.000000 0.397500
19  1.207002 0.000003 -0.000000  0.000000 0.000000 0.989033
20  4.125000 -1.447266 -3.542968  -1.564198 -0.011689 -1.581440
21  3.820738 -1.409995 -0.589409  -1.564198 -0.011689 -1.581439
22  0.222816 -3.739062 1.509297  0.024887 2.851473 -1.494016
23  3.048727 6.125613 1.106841  1.596061 0.018247 -0.808184
24  3.527214 5.063569 0.216259  1.596061 0.018246 -0.808184
25  3.352950 5.114329 -0.401207  1.596061 0.018247 -0.808184
26  2.909482 4.772882 -1.012056  1.596061 0.018247 -0.808184
27  1.772479 4.476570 2.356868  1.596061 0.018247 -0.808184
28  0.000006 3.336140 -8.647861  -1.570799 -1.391898 -1.570795
29  2.033350 1.000764 1.937663  1.227517 0.585911 1.190966
30  2.026190 1.001859 1.937675  1.227511 0.585916 1.190961
31  0.000001 -0.000001 0.000004  1.583265 0.000007 1.570794
32  0.000000 6.028147 -0.000001  -0.405516 -0.510522 -0.919980
33  0.000001 0.000009 -0.000006  -0.000002 0.000003 1.570792
34  0.000017 6.028144 -0.000011  -0.547358 0.351376 0.444030
35  0.000001 11.692571 -0.000001  -0.000001 -0.000005 -0.634108
36  -0.000002 0.000002 -0.000004  0.000005 0.000000 1.570801
37  11.692578 0.000051 0.000039  0.000004 -0.000001 -0.634099
38  -0.000002 11.481682 -0.000001  0.404362 0.486263 0.740777
39  -0.000001 -0.000001 0.000000  0.000000 -0.000000 1.570789
40  11.481685 -0.000053 0.000010  0.521807 -0.355249 0.543383
41  0.137968 3.859856 1.332474  -1.465454 -1.619429 0.860057
42  -0.000000 -0.000002 -0.000001  1.933714 0.000004 1.570794
43  3.859862 -0.137941 1.332475  0.357799 -0.048365 -0.605273
44  -0.000000 1.719430 0.000001  -0.420870 0.202310 0.066145
45  -0.000000 -0.000000 -0.000001  1.743430 0.000000 1.570798
46  1.719434 0.000007 -0.000007  0.000189 -0.009098 -0.438592
47  0.000001 1.099661 -0.000003  1.022349 1.907813 1.050322
48  -0.000002 0.000000 -0.000001  -0.000002 0.000003 1.570799
49  1.099666 0.000001 0.000003  -0.000119 0.002599 -0.290972
50  0.046789 3.883687 0.431450  -0.028172 -1.505149 -0.643948
51  0.000000 -0.000002 -0.000001  1.590082 0.000009 1.570787
52  3.883690 -0.046762 0.431451  0.084906 0.001839 -0.672063
53  0.000000 1.719574 -0.000000  -0.720099 0.051523 -0.006475
54  -0.000000 -0.000000 0.000000  1.538381 -0.000002 1.570794
55  1.719579 0.000017 -0.000016  -0.003915 0.016394 -0.719625
56  0.000001 1.209182 -0.000001  -1.502663 1.085644 -1.507497
57  0.000001 0.000000 -0.000001  -0.000000 -0.000000 1.570805
58  1.209185 -0.000004 -0.000001  -0.000816 0.002971 -0.484094
59  -0.046751 3.942325 -0.431436  -0.326460 -1.473453 -0.660438
60  0.000000 -0.000000 0.000000  1.317660 0.000000 1.570797
61  3.942327 0.046778 -0.431436  -0.160904 0.031174 -0.985454
62  0.000001 1.539090 0.000000  -0.255109 -0.026494 -0.056799
63  -0.000000 -0.000000 0.000001  1.337310 -0.000004 1.570800
64  1.539096 0.000001 0.000004  -0.000026 0.003537 -0.262658
65  0.000000 1.196322 0.000002  -1.013114 1.118327 -1.059571
66  -0.000000 0.000001 0.000000  0.000000 -0.000001 1.570800
67  1.196326 -0.000002 0.000005  0.000001 0.000003 -0.391194
68  0.142425 3.859704 -1.191967  -0.667371 -1.423717 -0.301269
69  0.000001 0.000001 -0.000001  0.976757 -0.000005 1.570807
70  3.859707 -0.142400 -1.191968  -0.478196 0.090837 -0.963364
71  0.000001 1.312569 -0.000002  -0.361356 -0.138964 -0.204711
72  -0.000001 -0.000001 0.000000  1.078169 0.000003 1.570794
73  1.312572 -0.000015 0.000008  0.000004 -0.001345 -0.437233
74  0.000000 0.729363 -0.000001  -0.404437 1.030436 -0.462974
75  -0.000000 -0.000000 -0.000001  -0.000001 -0.000001 1.570795
76  0.729367 0.000005 0.000001  0.000002 -0.000004 -0.231826
77  0.348928 0.806041 1.321259  -1.142974 -2.276480 0.650279
78  -0.000001 0.000001 0.000000  0.437032 0.000002 1.570791
79  0.806045 -0.348924 1.321261  -1.473563 -0.631189 -0.380781
80  -0.000001 1.789784 -0.000000  0.105693 0.066384 0.343675
81  0.000000 -0.000004 -0.000001  0.347279 0.000000 1.570806
82  1.789790 0.000010 -0.000001  0.002654 0.043678 0.349577
83  0.000000 1.206995 -0.000002  0.184116 0.296141 0.567988
84  -0.000001 0.000001 0.000000  0.000001 -0.000001 1.570797
85  1.207000 -0.000011 0.000004  -0.000004 0.000001 0.540440
86  0.000000 0.000000 1.000000  1.570796 -0.000000 0.000000
time 8
0  0.000005 3.335938 -8.640624  -1.570780 -1.391896 -1.570809
1  2.033356 1.000772 -1.937610  1.473119 1.855075 -0.198639
2  6.028144 -0.000001 0.000000  2.168342 1.517877 -0.392774
3  11.692556 -0.000000 0.000002  -0.000000 -0.000000 -0.306470
4  11.481698 -0.000000 0.000002  -1.288835 0.007428 0.200690
5  3.859674 -0.132572 1.193109  0.432210 -0.155861 -0.861350
6  1.312554 -0.000005 0.000003  0.000000 -0.000000 -1.191973
7  0.729362 0.000005 -0.000004  -0.000000 -0.000000 -1.063394
8  3.942302 0.050326 0.431043  0.232421 0.000609 -0.853331
9  1.539099 -0.000002 0.000000  -0.000000 -0.000000 -0.973379
10  1.196318 0.000009 0.000001  -0.000000 0.000000 -1.451261
11  3.883656 -0.050322 -0.431043  0.066987 0.050243 -0.694792
12  1.719576 0.000002 -0.000000  0.000000 -0.000004 -1.251013
13  1.209183 0.000003 -0.000000  -0.000000 -0.000003 -1.141145
14  3.859838 -0.148936 -1.331281  -0.248855 0.263129 -0.072121
15  1.719420 0.000002 0.000001  0.000000 -0.000000 -0.676756
16  1.099665 0.000002 -0.000002  0.000000 -0.000000 -1.021287
17  0.806019 -0.359838 -1.318334  1.349685 0.343493 -0.771450
18  1.789783 0.000001 -0.000005  -0.000000 -0.000000 0.397500
19  1.207002 0.000004 -0.000002  0.000000 0.000000 0.989033
20  4.124997 -1.447266 -3.542969  -1.564198 -0.011689 -1.581440
21  3.820736 -1.409995 -0.589409  -1.564198 -0.011689 -1.581439
22  0.222804 -3.739061 1.509297  0.024887 2.851473 -1.494016
23  3.048726 6.125613 1.106841  1.596061 0.018247 -0.808184
24  3.527215 5.063568 0.216259  1.596061 0.018246 -0.808184
25  3.352950 5.114329 -0.401207  1.596061 0.018247 -0.808184
26  2.909482 4.772883 -1.012056  1.596061 0.018247 -0.808184
27  1.772479 4.476572 2.356869  1.596061 0.018247 -0.808184
28  0.000006 3.336140 -8.647861  -1.570799 -1.391898 -1.570795
29  2.033350 1.000764 1.937663  1.227517 0.585911 1.190966
30  2.026190 1.001859 1.937675  1.227511 0.585916 1.190961
31  0.000001 -0.000001 0.000004  1.583265 0.000007 1.570794
32  0.000000 6.028147 -0.000001  -0.405305 -0.510611 -0.920287
33  -0.000001 0.000009 -0.000006  -0.000002 0.000003 1.570791
34  0.000017 6.028144 -0.000011  -0.547411 0.351178 0.443808
35  -0.000001 11.692571 0.000000  -0.000001 -0.000005 -0.633453
36  0.000000 0.000000 -0.000001  0.000005 0.000000 1.570801
37  11.692578 0.000052 0.000042  0.000004 -0.000001 -0.633444
38  -0.000000 11.481681 0.000000  0.403378 0.486169 0.740354
39  0.000000 -0.000003 -0.000001  0.000000 -0.000000 1.570789
40  11.481682 -0.000055 0.000008  0.521527 -0.354414 0.543517
41  0.137968 3.859855 1.332472  -1.465448 -1.619428 0.860053
42  0.000000 0.000003 -0.000002  1.933714 0.000004 1.570794
43  3.859859 -0.137941 1.332475  0.357798 -0.048364 -0.605275
44  0.000001 1.719430 -0.000002  -0.420868 0.202310 0.066145
45  -0.000000 0.000000 0.000001  1.743430 0.000000 1.570798
46  1.719432 0.000006 -0.000004  0.000189 -0.009098 -0.438591
47  0.000000 1.099662 0.000000  1.022347 1.907812 1.050319
48  0.000001 -0.000000 -0.000000  -0.000002 0.000003 1.570799
49  1.099664 0.000000 0.000003  -0.000119 0.002600 -0.290971
50  0.046789 3.883683 0.431450  -0.028174 -1.505149 -0.643943
51  -0.000001 0.000003 0.000001  1.590082 0.000009 1.570787
52  3.883686 -0.046762 0.431451  0.084906 0.001839 -0.672063
53  -0.000001 1.719578 0.000001  -0.720098 0.051523 -0.006475
54  -0.000001 0.000001 0.000000  1.538381 -0.000002 1.570794
55  1.719582 0.000015 -0.000016  -0.003915 0.016394 -0.719626
56  -0.000001 1.209181 -0.000004  -1.502663 1.085644 -1.507497
57  -0.000002 -0.000001 -0.000000  -0.000000 -0.000000 1.570805
58  1.209183 -0.000006 -0.000003  -0.000816 0.002971 -0.484093
59  -0.046750 3.942322 -0.431436  -0.326466 -1.473452 -0.660428
60  0.000000 -0.000001 -0.000001  1.317660 0.000000 1.570797
61  3.942327 0.046778 -0.431436  -0.160904 0.031175 -0.985453
62  -0.000001 1.539091 0.000003  -0.255110 -0.026494 -0.056799
63  -0.000000 0.000000 -0.000002  1.337310 -0.000004 1.570800
64  1.539099 0.000005 0.000002  -0.000026 0.003537 -0.262660
65  -0.000001 1.196323 -0.000004  -1.013116 1.118326 -1.059572
66  0.000000 0.000000 0.000001  0.000000 -0.000001 1.570800
67  1.196327 -0.000007 0.000001  0.000001 0.000004 -0.391195
68  0.142427 3.859699 -1.191968  -0.667378 -1.423717 -0.301263
69  0.000000 0.000001 0.000002  0.976757 -0.000005 1.570807
70  3.859704 -0.142401 -1.191969  -0.478196 0.090838 -0.963365
71  0.000001 1.312571 0.000004  -0.361356 -0.138963 -0.204711
72  0.000001 -0.000000 0.000003  1.078169 0.000003 1.570794
73  1.312573 -0.000012 0.000009  0.000005 -0.001345 -0.437233
74  0.000001 0.729364 0.000002  -0.404438 1.030436 -0.462975
75  0.000003 0.000000 0.000001  -0.000001 -0.000001 1.570795
76  0.729366 0.000005 -0.000001  0.000002 -0.000005 -0.231826
77  0.348928 0.806042 1.321259  -1.142975 -2.276482 0.650279
78  0.000001 0.000000 -0.000000  0.437032 0.000002 1.570791
79  0.806046 -0.348924 1.321261  -1.473563 -0.631191 -0.380782
80  0.000002 1.789784 -0.000001  0.105693 0.066384 0.343677
81  -0.000001 0.000001 0.000000  0.347279 0.000000 1.570806
82  1.789786 0.000009 -0.000003  0.002654 0.043678 0.349579
83  -0.000001 1.206999 0.000000  0.184116 0.296141 0.567991
84  -0.000000 0.000002 -0.000001  0.000001 -0.000001 1.570797
85  1.207001 -0.000011 0.000003  -0.000004 0.000001 0.540442
86  0.000000 0.000000 1.000000  1.570796 -0.000000 0.000000
time 9
0  0.000005 3.335938 -8.640624  -1.570780 -1.391896 -1.570809
1  2.033356 1.000772 -1.937610  1.473119 1.855075 -0.198639
2  6.028144 -0.000001 0.000000  2.176212 1.518484 -0.384910
3  11.692555 0.000002 0.000004  -0.000000 -0.000000 -0.305003
4  11.481699 -0.000001 0.000002  -1.288835 0.007428 0.200690
5  3.859676 -0.132572 1.193109  0.432210 -0.155861 -0.861350
6  1.312557 -0.000006 0.000002  0.000000 0.000000 -1.191973
7  0.729363 0.000003 -0.000003  -0.000000 0.000000 -1.063394
8  3.942303 0.050326 0.431043  0.232421 0.000609 -0.853331
9  1.539096 -0.000001 -0.000000  -0.000000 0.000000 -0.973379
10  1.196319 0.000007 0.000002  -0.000000 0.000000 -1.451261
11  3.883660 -0.050323 -0.431043  0.066987 0.050243 -0.694792
12  1.719578 0.000005 -0.000000  0.000000 -0.000004 -1.251013
13  1.209182 0.000001 -0.000000  -0.000000 -0.000003 -1.141173
14  3.859840 -0.148936 -1.331280  -0.248855 0.263129 -0.072121
15  1.719423 0.000002 0.000001  0.000000 0.000000 -0.676756
16  1.099666 -0.000000 -0.000000  0.000000 -0.000000 -1.021286
17  0.806022 -0.359838 -1.318334  1.349685 0.343493 -0.771450
18  1.789783 0.000001 -0.000005  -0.000000 -0.000000 0.397500
19  1.206999 0.000004 -0.000001  0.000000 0.000000 0.989033
20  4.124999 -1.447266 -3.542969  -1.564198 -0.011689 -1.581440
21  3.820736 -1.409995 -0.589409  -1.564198 -0.011689 -1.581439
22  0.222813 -3.739062 1.509297  0.024887 2.851473 -1.494016
23  3.048726 6.125610 1.106841  1.596061 0.018247 -0.808184
24  3.527214 5.063568 0.216260  1.596061 0.018246 -0.808184
25  3.352949 5.114327 -0.401207  1.596061 0.018247 -0.808184
26  2.909481 4.772880 -1.012057  1.596061 0.018247 -0.808184
27  1.772478 4.476569 2.356868  1.596061 0.018247 -0.808184
28  0.000006 3.336140 -8.647861  -1.570799 -1.391898 -1.570795
29  2.033350 1.000764 1.937663  1.227517 0.585911 1.190966
30  2.026190 1.001859 1.937675  1.227511 0.585916 1.190961
31  0.000001 -0.000001 0.000004  1.583265 0.000007 1.570794
32  0.000000 6.028147 -0.000001  -0.405117 -0.510689 -0.920558
33  -0.000000 0.000010 -0.000005  -0.000002 0.000003 1.570792
34  0.000017 6.028144 -0.000011  -0.547456 0.351001 0.443614
35  0.000000 11.692572 -0.000000  -0.000001 -0.000005 -0.632904
36  0.000000 0.000001 -0.000002  0.000005 0.000000 1.570801
37  11.692578 0.000055 0.000042  0.000004 -0.000001 -0.632895
38  -0.000001 11.481683 0.000001  0.402576 0.486111 0.740011
39  -0.000000 -0.000003 0.000001  0.000000 -0.000000 1.570789
40  11.481683 -0.000054 0.000008  0.521319 -0.353730 0.543622
41  0.137968 3.859853 1.332474  -1.465457 -1.619430 0.860059
42  0.000001 -0.000000 0.000000  1.933714 0.000004 1.570794
43  3.859857 -0.137941 1.332474  0.357799 -0.048366 -0.605274
44  0.000000 1.719427 0.000001  -0.420871 0.202310 0.066145
45  0.000001 -0.000001 -0.000001  1.743430 0.000000 1.570798
46  1.719434 0.000006 -0.000008  0.000189 -0.009099 -0.438594
47  0.000001 1.099663 0.000001  1.022350 1.907814 1.050323
48  -0.000004 0.000001 -0.000002  -0.000002 0.000003 1.570799
49  1.099667 0.000001 0.000002  -0.000119 0.002600 -0.290973
50  0.046789 3.883683 0.431451  -0.028163 -1.505149 -0.643960
51  -0.000000 0.000002 -0.000000  1.590082 0.000009 1.570787
52  3.883687 -0.046762 0.431450  0.084906 0.001839 -0.672063
53  0.000000 1.719578 -0.000001  -0.720099 0.051523 -0.006475
54  -0.000001 -0.000000 0.000000  1.538381 -0.000002 1.570794
55  1.719581 0.000016 -0.000016  -0.003915 0.016393 -0.719626
56  -0.000001 1.209181 0.000001  -1.502663 1.085643 -1.507497
57  -0.000001 0.000000 -0.000000  -0.000000 -0.000000 1.570805
58  1.209184 -0.000004 -0.000003  -0.000816 0.002971 -0.484093
59  -0.046750 3.942323 -0.431436  -0.326469 -1.473452 -0.660433
60  0.000001 -0.000000 -0.000000  1.317660 0.000000 1.570797
61  3.942325 0.046778 -0.431437  -0.160904 0.031175 -0.985455
62  0.000001 1.539088 0.000001  -0.255106 -0.026494 -0.056799
63  -0.000000 0.000001 0.000003  1.337310 -0.000004 1.570800
64  1.539093 0.000003 0.000001  -0.000026 0.003536 -0.262656
65  -0.000001 1.196324 0.000006  -1.013111 1.118330 -1.059566
66  -0.000001 0.000000 -0.000001  0.000000 -0.000001 1.570800
67  1.196327 -0.000007 0.000003  0.000000 0.000003 -0.391191
68  0.142426 3.859701 -1.191967  -0.667376 -1.423717 -0.301268
69  -0.000000 -0.000001 0.000002  0.976757 -0.000005 1.570807
70  3.859707 -0.142400 -1.191970  -0.478196 0.090838 -0.963365
71  -0.000002 1.312562 -0.000000  -0.361356 -0.138963 -0.204711
72  -0.000000 0.000000 0.000001  1.078169 0.000003 1.570794
73  1.312567 -0.000013 0.000006  0.000004 -0.001345 -0.437233
74  -0.000001 0.729365 0.000002  -0.404438 1.030436 -0.462974
75  -0.000001 -0.000001 -0.000000  -0.000001 -0.000001 1.570795
76  0.729367 0.000001 0.000001  0.000002 -0.000004 -0.231826
77  0.348927 0.806038 1.321259  -1.142974 -2.276480 0.650278
78  -0.000001 0.000002 -0.000001  0.437032 0.000002 1.570791
79  0.806044 -0.348924 1.321260  -1.473563 -0.631190 -0.380782
80  -0.000001 1.789786 0.000001  0.105693 0.066384 0.343676
81  -0.000000 0.000001 -0.000000  0.347279 0.000000 1.570806
82  1.789789 0.000011 0.000001  0.002653 0.043678 0.349577
83  -0.000001 1.207000 0.000000  0.184116 0.296141 0.567989
84  -0.000000 -0.000002 -0.000001  0.000001 -0.000001 1.570797
85  1.207002 -0.000010 0.000003  -0.000004 0.000001 0.540440
86  0.000000 0.000000 1.000000  1.570796 -0.000000 0.000000
time 10
0  0.000005 3.335938 -8.640624  -1.570780 -1.391896 -1.570809
1  2.033356 1.000772 -1.937610  1.473119 1.855075 -0.198639
2  6.028144 -0.000001 0.000000  2.181671 1.518858 -0.379441
3  11.692555 0.000001 0.000003  -0.000000 -0.000000 -0.303988
4  11.481699 0.000000 0.000002  -1.288835 0.007428 0.200690
5  3.859676 -0.132571 1.193108  0.432210 -0.155861 -0.861350
6  1.312556 -0.000007 0.000001  0.000000 -0.000000 -1.191973
7  0.729363 0.000005 -0.000003  -0.000000 -0.000000 -1.063394
8  3.942304 0.050326 0.431043  0.232421 0.000609 -0.853331
9  1.539097 -0.000000 -0.000001  -0.000000 -0.000000 -0.973379
10  1.196318 0.000011 0.000001  -0.000000 -0.000000 -1.451261
11  3.883660 -0.050323 -0.431044  0.066987 0.050243 -0.694792
12  1.719579 0.000005 -0.000001  0.000000 -0.000004 -1.251013
13  1.209183 0.000003 -0.000000  -0.000000 -0.000003 -1.141145
14  3.859840 -0.148937 -1.331281  -0.248855 0.263129 -0.072121
15  1.719425 0.000002 -0.000001  0.000000 0.000000 -0.676756
16  1.099668 0.000003 0.000000  0.000000 -0.000000 -1.021286
17  0.806020 -0.359838 -1.318335  1.349685 0.343493 -0.771450
18  1.789785 0.000000 -0.000005  -0.000000 -0.000000 0.397500
19  1.207000 0.000003 -0.000001  0.000000 0.000000 0.989033
20  4.124999 -1.447266 -3.542969  -1.564198 -0.011689 -1.581440
21  3.820737 -1.409994 -0.589410  -1.564198 -0.011689 -1.581439
22  0.222817 -3.739062 1.509296  0.024887 2.851473 -1.494016
23  3.048727 6.125610 1.106840  1.596061 0.018247 -0.808184
24  3.527214 5.063569 0.216259  1.596061 0.018246 -0.808184
25  3.352949 5.114326 -0.401207  1.596061 0.018247 -0.808184
26  2.909482 4.772882 -1.012057  1.596061 0.018247 -0.808184
27  1.772478 4.476570 2.356868  1.596061 0.018247 -0.808184
28  0.000006 3.336140 -8.647861  -1.570799 -1.391898 -1.570795
29  2.033350 1.000764 1.937663  1.227517 0.585911 1.190966
30  2.026190 1.001859 1.937675  1.227511 0.585916 1.190961
31  0.000001 -0.000001 0.000004  1.583265 0.000007 1.570794
32  0.000000 6.028147 -0.000001  -0.405015 -0.510782 -0.920792
33  -0.000001 0.000010 -0.000006  -0.000002 0.000003 1.570791
34  0.000017 6.028144 -0.000011  -0.547534 0.350895 0.443403
35  -0.000000 11.692571 -0.000001  -0.000001 -0.000005 -0.632398
36  -0.000001 0.000000 -0.000001  0.000005 0.000000 1.570801
37  11.692579 0.000053 0.000041  0.000004 -0.000001 -0.632389
38  -0.000001 11.481683 0.000001  0.402031 0.486076 0.739700
39  -0.000001 -0.000002 -0.000000  0.000000 -0.000000 1.570789
40  11.481684 -0.000055 0.000007  0.521182 -0.353264 0.543612
41  0.137968 3.859857 1.332472  -1.465454 -1.619428 0.860057
42  0.000000 -0.000003 0.000001  1.933714 0.000004 1.570794
43  3.859861 -0.137942 1.332471  0.357799 -0.048364 -0.605276
44  -0.000000 1.719427 0.000003  -0.420866 0.202310 0.066145
45  0.000000 0.000001 0.000001  1.743430 0.000000 1.570798
46  1.719435 0.000006 -0.000005  0.000189 -0.009098 -0.438589
47  0.000000 1.099664 0.000001  1.022343 1.907810 1.050317
48  -0.000001 -0.000000 -0.000001  -0.000002 0.000003 1.570799
49  1.099665 0.000002 0.000002  -0.000120 0.002600 -0.290969
50  0.046788 3.883687 0.431448  -0.028170 -1.505149 -0.643955
51  -0.000000 -0.000002 -0.000001  1.590082 0.000009 1.570787
52  3.883688 -0.046761 0.431447  0.084907 0.001839 -0.672065
53  0.000000 1.719575 -0.000000  -0.720096 0.051523 -0.006475
54  -0.000000 0.000000 0.000001  1.538381 -0.000002 1.570794
55  1.719575 0.000015 -0.000017  -0.003915 0.016394 -0.719623
56  0.000000 1.209183 0.000002  -1.502663 1.085646 -1.507496
57  -0.000000 -0.000000 -0.000001  -0.000000 -0.000000 1.570805
58  1.209185 0.000002 -0.000003  -0.000816 0.002971 -0.484091
59  -0.046751 3.942327 -0.431436  -0.326461 -1.473452 -0.660441
60  0.000000 0.000000 -0.000002  1.317660 0.000000 1.570797
61  3.942329 0.046778 -0.431438  -0.160904 0.031174 -0.985456
62  -0.000000 1.539090 0.000001  -0.255107 -0.026494 -0.056799
63  0.000001 0.000002 0.000000  1.337310 -0.000004 1.570800
64  1.539094 0.000005 0.000002  -0.000026 0.003536 -0.262657
65  0.000003 1.196324 0.000001  -1.013111 1.118330 -1.059567
66  0.000004 0.000000 0.000001  0.000000 -0.000001 1.570800
67  1.196325 -0.000005 0.000006  0.000000 0.000003 -0.391191
68  0.142425 3.859702 -1.191969  -0.667372 -1.423718 -0.301277
69  -0.000000 0.000002 0.000003  0.976757 -0.000005 1.570807
70  3.859705 -0.142400 -1.191972  -0.478196 0.090837 -0.963368
71  -0.000000 1.312570 0.000003  -0.361349 -0.138963 -0.204711
72  0.000001 0.000000 0.000001  1.078169 0.000003 1.570794
73  1.312573 -0.000012 0.000010  0.000004 -0.001349 -0.437228
74  -0.000000 0.729365 0.000001  -0.404427 1.030439 -0.462962
75  -0.000000 0.000001 0.000000  -0.000001 -0.000001 1.570795
76  0.729366 0.000003 -0.000000  0.000001 -0.000004 -0.231819
77  0.348927 0.806042 1.321258  -1.142973 -2.276478 0.650278
78  0.000000 -0.000002 -0.000001  0.437032 0.000002 1.570791
79  0.806046 -0.348924 1.321259  -1.473562 -0.631187 -0.380782
80  0.000002 1.789781 -0.000001  0.105693 0.066385 0.343673
81  0.000000 -0.000000 0.000001  0.347279 0.000000 1.570806
82  1.789786 0.000011 -0.000001  0.002654 0.043677 0.349575
83  0.000000 1.206999 -0.000002  0.184114 0.296142 0.567984
84  0.000000 -0.000000 -0.000001  0.000001 -0.000001 1.570797
85  1.207003 -0.000011 0.000001  -0.000004 0.000001 0.540436
86  0.000000 0.000000 1.000000  1.570796 -0.000000 0.000000
time 11
0  0.000005 3.335938 -8.640624  -1.570780 -1.391896 -1.570809
1  2.033356 1.000772 -1.937610  1.473119 1.855075 -0.198639
2  6.028144 -0.000001 0.000000  2.183710 1.519045 -0.377408
3  11.692555 0.000001 0.000002  0.000000 -0.000000 -0.303612
4  11.481697 -0.000000 0.000003  -1.288835 0.007428 0.200690
5  3.859674 -0.132572 1.193108  0.432210 -0.155861 -0.861350
6  1.312556 -0.000007 0.000002  0.000000 -0.000000 -1.191973
7  0.729362 0.000007 -0.000003  -0.000000 0.000000 -1.063394
8  3.942303 0.050326 0.431043  0.232421 0.000609 -0.853331
9  1.539099 -0.000001 -0.000001  -0.000000 -0.000000 -0.973379
10  1.196317 0.000008 0.000001  -0.000000 0.000000 -1.451261
11  3.883658 -0.050323 -0.431043  0.066987 0.050243 -0.694792
12  1.719575 0.000004 0.000000  0.000000 -0.000004 -1.251013
13  1.209183 0.000001 -0.000000  -0.000000 -0.000003 -1.141145
14  3.859839 -0.148937 -1.331280  -0.248855 0.263129 -0.072121
15  1.719425 0.000002 -0.000001  0.000000 0.000000 -0.676756
16  1.099666 0.000001 -0.000001  0.000000 -0.000000 -1.021286
17  0.806020 -0.359838 -1.318334  1.349685 0.343493 -0.771450
18  1.789784 0.000001 -0.000006  -0.000000 -0.000000 0.397500
19  1.206999 0.000003 -0.000001  0.000000 0.000000 0.989033
20  4.124998 -1.447267 -3.542969  -1.564198 -0.011689 -1.581440
21  3.820737 -1.409995 -0.589409  -1.564198 -0.011689 -1.581439
22  0.222814 -3.739063 1.509297  0.024887 2.851473 -1.494016
23  3.048727 6.125611 1.106842  1.596061 0.018247 -0.808184
24  3.527214 5.063568 0.216260  1.596061 0.018246 -0.808184
25  3.352950 5.114328 -0.401205  1.596061 0.018247 -0.808184
26  2.909482 4.772882 -1.012055  1.596061 0.018247 -0.808184
27  1.772478 4.476570 2.356869  1.596061 0.018247 -0.808184
28  0.000006 3.336140 -8.647861  -1.570799 -1.391898 -1.570795
29  2.033350 1.000764 1.937663  1.227517 0.585911 1.190966
30  2.026190 1.001859 1.937675  1.227511 0.585916 1.190961
31  0.000001 -0.000001 0.000004  1.583265 0.000007 1.570794
32  0.000000 6.028147 -0.000001  -0.404955 -0.510768 -0.920811
33  -0.000002 0.000009 -0.000006  -0.000002 0.000003 1.570792
34  0.000017 6.028144 -0.000011  -0.547507 0.350847 0.443422
35  -0.000000 11.692572 -0.000000  -0.000001 -0.000005 -0.632368
36  -0.000001 0.000001 -0.000001  0.000005 0.000000 1.570801
37  11.692578 0.000053 0.000041  0.000004 -0.000001 -0.632359
38  -0.000001 11.481681 0.000001  0.401819 0.486052 0.739674
39  -0.000000 0.000001 0.000001  0.000000 -0.000000 1.570789
40  11.481681 -0.000054 0.000007  0.521118 -0.353085 0.543707
41  0.137967 3.859860 1.332474  -1.465451 -1.619428 0.860054
42  0.000000 -0.000001 0.000000  1.933714 0.000004 1.570794
43  3.859864 -0.137941 1.332473  0.357799 -0.048364 -0.605276
44  0.000000 1.719431 0.000001  -0.420866 0.202310 0.066145
45  0.000000 -0.000002 -0.000003  1.743430 0.000000 1.570798
46  1.719433 0.000006 -0.000006  0.000189 -0.009098 -0.438590
47  0.000000 1.099662 0.000000  1.022345 1.907811 1.050317
48  0.000001 0.000001 -0.000002  -0.000002 0.000003 1.570799
49  1.099665 0.000002 0.000000  -0.000119 0.002600 -0.290969
50  0.046789 3.883687 0.431452  -0.028182 -1.505149 -0.643938
51  -0.000000 0.000005 0.000002  1.590082 0.000009 1.570787
52  3.883690 -0.046762 0.431449  0.084906 0.001840 -0.672064
53  -0.000001 1.719581 0.000002  -0.720097 0.051523 -0.006475
54  0.000000 0.000001 0.000000  1.538381 -0.000002 1.570794
55  1.719580 0.000016 -0.000017  -0.003915 0.016394 -0.719624
56  0.000001 1.209183 -0.000000  -1.502663 1.085646 -1.507497
57  0.000002 0.000000 0.000001  -0.000000 -0.000000 1.570805
58  1.209184 -0.000002 -0.000001  -0.000816 0.002971 -0.484091
59  -0.046751 3.942327 -0.431434  -0.326460 -1.473452 -0.660441
60  0.000000 -0.000000 -0.000002  1.317660 0.000000 1.570797
61  3.942330 0.046778 -0.431438  -0.160904 0.031174 -0.985456
62  -0.000001 1.539093 0.000003  -0.255105 -0.026494 -0.056799
63  -0.000000 0.000000 -0.000000  1.337310 -0.000004 1.570800
64  1.539098 0.000002 0.000002  -0.000026 0.003536 -0.262654
65  -0.000001 1.196324 -0.000002  -1.013108 1.118332 -1.059564
66  0.000001 0.000000 0.000001  0.000000 -0.000001 1.570800
67  1.196327 -0.000007 0.000002  0.000001 0.000004 -0.391188
68  0.142426 3.859706 -1.191966  -0.667375 -1.423717 -0.301268
69  0.000001 0.000001 -0.000000  0.976757 -0.000005 1.570807
70  3.859709 -0.142400 -1.191970  -0.478196 0.090838 -0.963366
71  0.000001 1.312570 0.000002  -0.361352 -0.138963 -0.204711
72  0.000001 -0.000001 0.000000  1.078169 0.000003 1.570794
73  1.312574 -0.000016 0.000008  0.000004 -0.001347 -0.437231
74  0.000001 0.729363 0.000001  -0.404432 1.030437 -0.462968
75  -0.000001 -0.000000 -0.000000  -0.000001 -0.000001 1.570795
76  0.729366 0.000006 -0.000001  0.000002 -0.000004 -0.231822
77  0.348928 0.806046 1.321261  -1.142972 -2.276479 0.650277
78  0.000000 -0.000001 0.000001  0.437032 0.000002 1.570791
79  0.806050 -0.348924 1.321260  -1.473562 -0.631188 -0.380782
80  -0.000001 1.789781 0.000003  0.105693 0.066385 0.343674
81  0.000000 0.000001 0.000001  0.347279 0.000000 1.570806
82  1.789789 0.000012 0.000000  0.002654 0.043677 0.349576
83  0.000001 1.207000 -0.000001  0.184115 0.296142 0.567986
84  -0.000000 -0.000001 -0.000000  0.000001 -0.000001 1.570797
85  1.207000 -0.000013 0.000002  -0.000004 0.000001 0.540438
86  0.000000 0.000000 1.000000  1.570796 -0.000000 0.000000
time 12
0  0.000005 3.335938 -8.640624  -1.570780 -1.391896 -1.570809
1  2.033356 1.000772 -1.937610  1.473119 1.855075 -0.198639
2  6.028144 -0.000001 0.000000  2.182721 1.518952 -0.378376
3  11.692556 0.000002 0.000002  -0.000000 -0.000000 -0.303800
4  11.481698 -0.000000 0.000002  -1.288835 0.007428 0.200690
5  3.859677 -0.132571 1.193108  0.432210 -0.155861 -0.861350
6  1.312556 -0.000005 0.000002  0.000000 -0.000000 -1.191973
7  0.729362 0.000004 -0.000004  -0.000000 -0.000000 -1.063394
8  3.942302 0.050327 0.431043  0.232421 0.000609 -0.853331
9  1.539100 0.000001 -0.000001  -0.000000 -0.000000 -0.973379
10  1.196320 0.000011 0.000001  -0.000000 0.000000 -1.451261
11  3.883660 -0.050322 -0.431043  0.066987 0.050243 -0.694792
12  1.719576 0.000006 -0.000000  0.000000 -0.000004 -1.251013
13  1.209184 0.000006 0.000000  -0.000000 -0.000003 -1.141173
14  3.859842 -0.148936 -1.331280  -0.248855 0.263129 -0.072121
15  1.719424 0.000002 0.000000  0.000000 0.000000 -0.676756
16  1.099665 -0.000001 0.000000  0.000000 -0.000000 -1.021286
17  0.806021 -0.359837 -1.318335  1.349685 0.343493 -0.771450
18  1.789785 0.000001 -0.000005  -0.000000 -0.000000 0.397500
19  1.206999 0.000002 -0.000000  0.000000 0.000000 0.989033
20  4.125000 -1.447266 -3.542969  -1.564198 -0.011689 -1.581440
21  3.820736 -1.409994 -0.589409  -1.564198 -0.011689 -1.581439
22  0.222823 -3.739064 1.509295  0.024887 2.851473 -1.494016
23  3.048726 6.125610 1.106840  1.596061 0.018247 -0.808184
24  3.527214 5.063565 0.216259  1.596061 0.018246 -0.808184
25  3.352950 5.114327 -0.401208  1.596061 0.018247 -0.808184
26  2.909482 4.772880 -1.012057  1.596061 0.018247 -0.808184
27  1.772479 4.476569 2.356868  1.596061 0.018247 -0.808184
28  0.000006 3.336140 -8.647861  -1.570799 -1.391898 -1.570795
29  2.033350 1.000764 1.937663  1.227517 0.585911 1.190966
30  2.026190 1.001859 1.937675  1.227511 0.585916 1.190961
31  0.000001 -0.000001 0.000004  1.583265 0.000007 1.570794
32  0.000000 6.028147 -0.000001  -0.404987 -0.510775 -0.920801
33  -0.000002 0.000010 -0.000005  -0.000002 0.000003 1.570792
34  0.000017 6.028144 -0.000011  -0.547521 0.350872 0.443413
35  -0.000002 11.692571 0.000001  -0.000001 -0.000005 -0.632382
36  -0.000001 0.000000 -0.000002  0.000005 0.000000 1.570801
37  11.692579 0.000051 0.000039  0.000004 -0.000001 -0.632373
38  -0.000001 11.481681 0.000001  0.401926 0.486048 0.739678
39  -0.000001 0.000001 -0.000000  0.000000 -0.000000 1.570789
40  11.481683 -0.000051 0.000007  0.521134 -0.353178 0.543656
41  0.137968 3.859859 1.332473  -1.465451 -1.619428 0.860052
42  -0.000000 0.000004 -0.000001  1.933714 0.000004 1.570794
43  3.859861 -0.137940 1.332474  0.357799 -0.048364 -0.605276
44  0.000001 1.719433 -0.000001  -0.420867 0.202310 0.066145
45  -0.000000 0.000000 0.000002  1.743430 0.000000 1.570798
46  1.719430 0.000004 -0.000005  0.000189 -0.009098 -0.438590
47  -0.000001 1.099666 0.000004  1.022344 1.907811 1.050317
48  -0.000003 0.000001 0.000001  -0.000002 0.000003 1.570799
49  1.099668 0.000002 -0.000000  -0.000119 0.002600 -0.290969
50  0.046788 3.883686 0.431449  -0.028170 -1.505149 -0.643949
51  -0.000000 0.000001 0.000001  1.590082 0.000009 1.570787
52  3.883685 -0.046761 0.431449  0.084906 0.001839 -0.672063
53  -0.000001 1.719575 0.000002  -0.720099 0.051523 -0.006475
54  -0.000000 0.000000 -0.000002  1.538381 -0.000002 1.570794
55  1.719580 0.000016 -0.000018  -0.003915 0.016394 -0.719626
56  -0.000002 1.209183 0.000003  -1.502664 1.085644 -1.507497
57  0.000001 0.000001 0.000001  -0.000000 -0.000000 1.570805
58  1.209186 0.000002 -0.000005  -0.000816 0.002971 -0.484093
59  -0.046751 3.942324 -0.431436  -0.326468 -1.473452 -0.660428
60  0.000000 0.000000 0.000002  1.317660 0.000000 1.570797
61  3.942325 0.046779 -0.431437  -0.160904 0.031175 -0.985453
62  0.000000 1.539090 0.000001  -0.255109 -0.026494 -0.056799
63  0.000001 -0.000000 0.000000  1.337310 -0.000004 1.570800
64  1.539096 0.000000 0.000002  -0.000026 0.003537 -0.262658
65  0.000001 1.196322 0.000002  -1.013115 1.118327 -1.059570
66  -0.000002 0.000000 -0.000001  0.000000 -0.000001 1.570800
67  1.196326 -0.000004 0.000005  0.000000 0.000003 -0.391194
68  0.142426 3.859704 -1.191967  -0.667373 -1.423717 -0.301268
69  0.000000 0.000001 0.000002  0.976757 -0.000005 1.570807
70  3.859706 -0.142400 -1.191969  -0.478196 0.090837 -0.963365
71  -0.000001 1.312565 -0.000001  -0.361356 -0.138963 -0.204711
72  -0.000001 0.000000 0.000001  1.078169 0.000003 1.570794
73  1.312569 -0.000014 0.000006  0.000004 -0.001345 -0.437234
74  -0.000001 0.729365 0.000000  -0.404438 1.030436 -0.462974
75  0.000004 -0.000000 0.000000  -0.000001 -0.000001 1.570795
76  0.729367 0.000003 -0.000001  0.000001 -0.000004 -0.231826
77  0.348928 0.806043 1.321259  -1.142973 -2.276479 0.650278
78  -0.000000 0.000002 -0.000001  0.437032 0.000002 1.570791
79  0.806043 -0.348924 1.321261  -1.473562 -0.631188 -0.380781
80  0.000001 1.789785 -0.000000  0.105693 0.066385 0.343674
81  0.000001 -0.000000 -0.000000  0.347279 0.000000 1.570806
82  1.789789 0.000008 -0.000001  0.002654 0.043677 0.349576
83  0.000002 1.206998 -0.000001  0.184115 0.296142 0.567986
84  -0.000000 0.000000 0.000000  0.000001 -0.000001 1.570797
85  1.207003 -0.000013 0.000005  -0.000003 0.000001 0.540438
86  0.000000 0.000000 1.000000  1.570796 -0.000000 0.000000
time 13
0  0.000005 3.335938 -8.640624  -1.570780 -1.391896 -1.570809
1  2.033356 1.000772 -1.937610  1.473119 1.855075 -0.198639
2  6.028144 -0.000001 0.000000  2.179941 1.518765 -0.381183
3  11.692555 0.000001 0.000002  -0.000000 -0.000000 -0.304289
4  11.481698 0.000000 0.000002  -1.288835 0.007449 0.200690
5  3.859674 -0.132571 1.193109  0.432210 -0.155861 -0.861350
6  1.312555 -0.000004 0.000003  0.000000 -0.000000 -1.191973
7  0.729363 0.000003 -0.000003  -0.000000 0.000000 -1.063394
8  3.942302 0.050326 0.431043  0.232421 0.000609 -0.853331
9  1.539100 -0.000003 -0.000001  -0.000000 -0.000000 -0.973379
10  1.196319 0.000007 0.000000  -0.000000 0.000000 -1.451261
11  3.883657 -0.050322 -0.431043  0.066987 0.050243 -0.694792
12  1.719578 0.000007 0.000000  0.000000 -0.000004 -1.251013
13  1.209182 0.000002 0.000000  -0.000000 -0.000003 -1.141145
14  3.859839 -0.148936 -1.331280  -0.248855 0.263129 -0.072121
15  1.719424 0.000002 -0.000001  0.000000 -0.000000 -0.676756
16  1.099664 0.000001 0.000001  0.000000 -0.000000 -1.021287
17  0.806020 -0.359837 -1.318334  1.349685 0.343493 -0.771450
18  1.789783 0.000001 -0.000003  -0.000000 -0.000000 0.397500
19  1.207000 0.000003 0.000001  0.000000 0.000000 0.989033
20  4.124999 -1.447266 -3.542968  -1.564198 -0.011689 -1.581440
21  3.820735 -1.409994 -0.589409  -1.564198 -0.011689 -1.581439
22  0.222818 -3.739064 1.509297  0.024887 2.851473 -1.494016
23  3.048726 6.125613 1.106840  1.596061 0.018247 -0.808184
24  3.527214 5.063570 0.216259  1.596061 0.018246 -0.808184
25  3.352950 5.114329 -0.401207  1.596061 0.018247 -0.808184
26  2.909482 4.772883 -1.012057  1.596061 0.018247 -0.808184
27  1.772479 4.476572 2.356868  1.596061 0.018247 -0.808184
28  0.000006 3.336140 -8.647861  -1.570799 -1.391898 -1.570795
29  2.033350 1.000764 1.937663  1.227517 0.585911 1.190966
30  2.026190 1.001859 1.937675  1.227511 0.585916 1.190961
31  0.000001 -0.000001 0.000004  1.583265 0.000007 1.570794
32  0.000000 6.028147 -0.000001  -0.405036 -0.510736 -0.920698
33  0.000000 0.000009 -0.000006  -0.000002 0.000003 1.570791
34  0.000017 6.028144 -0.000011  -0.547490 0.350922 0.443502
35  0.000001 11.692571 -0.000000  -0.000001 -0.000005 -0.632595
36  0.000000 0.000000 -0.000003  0.000005 0.000000 1.570801
37  11.692578 0.000050 0.000038  0.000004 -0.000001 -0.632586
38  0.000000 11.481681 -0.000001  0.402176 0.486094 0.739798
39  -0.000001 -0.000002 0.000000  0.000000 -0.000000 1.570789
40  11.481683 -0.000055 0.000007  0.521227 -0.353387 0.543626
41  0.137968 3.859857 1.332473  -1.465449 -1.619429 0.860056
42  0.000000 -0.000002 -0.000001  1.933714 0.000004 1.570794
43  3.859859 -0.137941 1.332473  0.357798 -0.048365 -0.605275
44  0.000001 1.719425 -0.000001  -0.420869 0.202310 0.066145
45  0.000000 -0.000002 -0.000001  1.743430 0.000000 1.570798
46  1.719428 0.000007 -0.000005  0.000190 -0.009098 -0.438591
47  -0.000001 1.099663 0.000000  1.022347 1.907812 1.050320
48  -0.000000 -0.000002 -0.000001  -0.000002 0.000003 1.570799
49  1.099667 0.000002 0.000003  -0.000119 0.002600 -0.290971
50  0.046788 3.883682 0.431450  -0.028182 -1.505149 -0.643938
51  -0.000000 -0.000001 0.000001  1.590082 0.000009 1.570787
52  3.883685 -0.046762 0.431449  0.084906 0.001840 -0.672064
53  0.000001 1.719574 -0.000000  -0.720097 0.051523 -0.006475
54  0.000001 -0.000000 -0.000001  1.538381 -0.000002 1.570794
55  1.719577 0.000013 -0.000015  -0.003915 0.016393 -0.719624
56  0.000002 1.209183 -0.000002  -1.502663 1.085645 -1.507497
57  -0.000001 0.000001 0.000000  -0.000000 -0.000000 1.570805
58  1.209186 -0.000000 -0.000002  -0.000816 0.002971 -0.484092
59  -0.046751 3.942322 -0.431435  -0.326456 -1.473453 -0.660441
60  -0.000000 0.000001 0.000000  1.317660 0.000000 1.570797
61  3.942324 0.046778 -0.431438  -0.160904 0.031174 -0.985455
62  0.000001 1.539090 0.000001  -0.255109 -0.026494 -0.056799
63  0.000000 0.000000 0.000001  1.337310 -0.000004 1.570800
64  1.539095 0.000001 0.000003  -0.000026 0.003537 -0.262658
65  -0.000001 1.196322 -0.000000  -1.013113 1.118328 -1.059569
66  -0.000000 0.000000 0.000001  0.000000 -0.000001 1.570800
67  1.196326 -0.000006 0.000003  0.000001 0.000003 -0.391192
68  0.142427 3.859702 -1.191966  -0.667379 -1.423717 -0.301264
69  -0.000001 -0.000001 -0.000000  0.976757 -0.000005 1.570807
70  3.859705 -0.142401 -1.191969  -0.478196 0.090838 -0.963366
71  0.000001 1.312567 -0.000000  -0.361353 -0.138963 -0.204711
72  -0.000001 -0.000001 0.000003  1.078169 0.000003 1.570794
73  1.312573 -0.000017 0.000010  0.000004 -0.001347 -0.437231
74  -0.000001 0.729363 0.000003  -0.404433 1.030437 -0.462968
75  0.000000 -0.000000 -0.000000  -0.000001 -0.000001 1.570795
76  0.729367 0.000005 -0.000001  0.000001 -0.000004 -0.231822
77  0.348928 0.806038 1.321260  -1.142973 -2.276479 0.650277
78  0.000001 -0.000001 0.000000  0.437032 0.000002 1.570790
79  0.806042 -0.348924 1.321261  -1.473562 -0.631188 -0.380782
80  0.000001 1.789785 -0.000001  0.105693 0.066385 0.343674
81  0.000000 -0.000002 0.000000  0.347279 0.000000 1.570806
82  1.789790 0.000011 -0.000003  0.002654 0.043677 0.349576
83  0.000000 1.206994 -0.000002  0.184115 0.296142 0.567986
84  -0.000000 0.000002 0.000001  0.000001 -0.000001 1.570797
85  1.207001 -0.000011 0.000002  -0.000004 0.000001 0.540438
86  0.000000 0.000000 1.000000  1.570796 -0.000000 0.000000
time 14
0  0.000005 3.335938 -8.640624  -1.570780 -1.391896 -1.570809
1  2.033356 1.000772 -1.937610  1.473119 1.855075 -0.198639
2  6.028144 -0.000001 0.000000  2.175552 1.518438 -0.385563
3  11.692555 0.000001 0.000002  -0.000000 -0.000000 -0.305116
4  11.481699 0.000000 0.000001  -1.288835 0.007490 0.200690
5  3.859677 -0.132572 1.193107  0.432210 -0.155861 -0.861350
6  1.312555 -0.000005 0.000001  0.000000 -0.000000 -1.191973
7  0.729362 0.000005 -0.000003  -0.000000 -0.000000 -1.063394
8  3.942302 0.050326 0.431043  0.232421 0.000609 -0.853331
9  1.539098 -0.000001 0.000000  -0.000000 0.000000 -0.973379
10  1.196318 0.000008 0.000000  -0.000000 -0.000000 -1.451261
11  3.883660 -0.050323 -0.431043  0.066987 0.050243 -0.694792
12  1.719577 0.000007 -0.000001  0.000000 -0.000004 -1.251013
13  1.209182 0.000007 -0.000000  -0.000000 -0.000003 -1.141145
14  3.859838 -0.148937 -1.331280  -0.248855 0.263129 -0.072121
15  1.719420 0.000002 -0.000000  0.000000 -0.000000 -0.676756
16  1.099664 0.000004 0.000000  0.000000 -0.000000 -1.021287
17  0.806019 -0.359838 -1.318334  1.349685 0.343493 -0.771450
18  1.789785 0.000001 -0.000005  -0.000000 -0.000000 0.397500
19  1.207000 0.000003 -0.000001  0.000000 0.000000 0.989033
20  4.124999 -1.447267 -3.542969  -1.564198 -0.011689 -1.581440
21  3.820737 -1.409995 -0.589409  -1.564198 -0.011689 -1.581439
22  0.222810 -3.739063 1.509297  0.024887 2.851473 -1.494016
23  3.048727 6.125609 1.106841  1.596061 0.018247 -0.808184
24  3.527214 5.063566 0.216260  1.596061 0.018246 -0.808184
25  3.352950 5.114326 -0.401205  1.596061 0.018247 -0.808184
26  2.909482 4.772881 -1.012056  1.596061 0.018247 -0.808184
27  1.772479 4.476571 2.356868  1.596061 0.018247 -0.808184
28  0.000006 3.336140 -8.647861  -1.570799 -1.391898 -1.570795
29  2.033350 1.000764 1.937663  1.227517 0.585911 1.190966
30  2.026190 1.001859 1.937675  1.227511 0.585916 1.190961
31  0.000001 -0.000001 0.000004  1.583265 0.000007 1.570794
32  0.000000 6.028147 -0.000001  -0.405116 -0.510689 -0.920559
33  -0.000001 0.000009 -0.000005  -0.000002 0.000003 1.570791
34  0.000017 6.028144 -0.000011  -0.547456 0.351000 0.443613
35  -0.000000 11.692570 0.000001  -0.000001 -0.000005 -0.632893
36  -0.000001 0.000000 -0.000001  0.000005 0.000000 1.570801
37  11.692577 0.000050 0.000039  0.000004 -0.000001 -0.632884
38  -0.000003 11.481682 0.000002  0.402602 0.486132 0.739938
39  -0.000000 0.000002 -0.000000  0.000000 -0.000000 1.570789
40  11.481683 -0.000053 0.000008  0.521345 -0.353749 0.543527
41  0.137968 3.859856 1.332473  -1.465454 -1.619429 0.860057
42  0.000001 0.000000 -0.000001  1.933714 0.000004 1.570794
43  3.859856 -0.137941 1.332474  0.357799 -0.048365 -0.605275
44  -0.000000 1.719431 -0.000001  -0.420869 0.202310 0.066145
45  -0.000000 -0.000000 0.000003  1.743430 0.000000 1.570798
46  1.719435 0.000006 -0.000008  0.000189 -0.009098 -0.438592
47  0.000000 1.099661 0.000003  1.022349 1.907812 1.050320
48  0.000001 -0.000000 -0.000001  -0.000002 0.000003 1.570799
49  1.099663 -0.000000 0.000004  -0.000119 0.002600 -0.290972
50  0.046788 3.883683 0.431451  -0.028177 -1.505149 -0.643945
51  -0.000000 -0.000003 -0.000000  1.590082 0.000009 1.570787
52  3.883684 -0.046762 0.431451  0.084906 0.001839 -0.672063
53  -0.000001 1.719570 -0.000002  -0.720098 0.051523 -0.006475
54  0.000001 0.000000 0.000002  1.538381 -0.000002 1.570794
55  1.719576 0.000016 -0.000017  -0.003915 0.016394 -0.719625
56  0.000002 1.209181 -0.000001  -1.502663 1.085645 -1.507497
57  0.000001 -0.000000 -0.000001  -0.000000 -0.000000 1.570805
58  1.209184 -0.000004 -0.000001  -0.000816 0.002971 -0.484092
59  -0.046750 3.942325 -0.431435  -0.326457 -1.473453 -0.660443
60  -0.000000 -0.000000 0.000000  1.317660 0.000000 1.570797
61  3.942324 0.046778 -0.431436  -0.160904 0.031174 -0.985455
62  -0.000001 1.539091 0.000002  -0.255107 -0.026494 -0.056799
63  -0.000000 0.000002 -0.000001  1.337310 -0.000004 1.570800
64  1.539096 -0.000003 0.000001  -0.000026 0.003537 -0.262657
65  -0.000001 1.196322 0.000000  -1.013112 1.118329 -1.059568
66  0.000000 -0.000001 0.000000  0.000000 -0.000001 1.570800
67  1.196323 -0.000004 0.000004  0.000001 0.000003 -0.391192
68  0.142426 3.859702 -1.191967  -0.667370 -1.423718 -0.301274
69  0.000001 0.000000 0.000000  0.976757 -0.000005 1.570807
70  3.859702 -0.142400 -1.191968  -0.478196 0.090837 -0.963367
71  0.000001 1.312567 -0.000003  -0.361353 -0.138964 -0.204711
72  -0.000001 0.000001 -0.000000  1.078169 0.000003 1.570794
73  1.312571 -0.000015 0.000009  0.000004 -0.001347 -0.437231
74  -0.000001 0.729365 0.000002  -0.404433 1.030437 -0.462969
75  0.000002 0.000000 -0.000000  -0.000001 -0.000001 1.570794
76  0.729366 0.000006 0.000001  0.000002 -0.000004 -0.231823
77  0.348927 0.806041 1.321260  -1.142972 -2.276478 0.650277
78  -0.000000 0.000001 -0.000000  0.437032 0.000002 1.570791
79  0.806041 -0.348924 1.321262  -1.473562 -0.631187 -0.380782
80  -0.000001 1.789786 0.000000  0.105693 0.066385 0.343673
81  0.000000 0.000001 0.000001  0.347279 0.000000 1.570806
82  1.789788 0.000012 -0.000002  0.002653 0.043677 0.349575
83  0.000000 1.206999 0.000002  0.184115 0.296142 0.567985
84  0.000000 0.000003 0.000000  0.000001 -0.000001 1.570797
85  1.207005 -0.000010 0.000006  -0.000004 0.000001 0.540437
86  0.000000 0.000000 1.000000  1.570796 -0.000000 0.000000
time 15
0  0.000005 3.335938 -8.640624  -1.570780 -1.391896 -1.570809
1  2.033356 1.000772 -1.937610  1.473119 1.855075 -0.198639
2  6.028144 -0.000001 0.000000  2.169804 1.517970 -0.391322
3  11.692554 0.000001 0.000002  0.000000 -0.000000 -0.306207
4  11.481701 0.000001 0.000002  -1.288817 0.007552 0.200690
5  3.859676 -0.132572 1.193108  0.432210 -0.155861 -0.861350
6  1.312555 -0.000006 0.000002  0.000000 -0.000000 -1.191973
7  0.729364 0.000004 -0.000003  -0.000000 -0.000000 -1.063394
8  3.942301 0.050326 0.431042  0.232421 0.000609 -0.853331
9  1.539101 -0.000005 0.000000  -0.000000 0.000000 -0.973379
10  1.196319 0.000010 0.000000  -0.000000 -0.000000 -1.451261
11  3.883660 -0.050323 -0.431043  0.066987 0.050243 -0.694792
12  1.719578 0.000005 -0.000000  0.000000 -0.000004 -1.251013
13  1.209183 0.000002 0.000001  -0.000000 -0.000003 -1.141145
14  3.859838 -0.148937 -1.331280  -0.248855 0.263129 -0.072121
15  1.719422 0.000003 0.000001  0.000000 0.000000 -0.676756
16  1.099662 0.000002 -0.000001  0.000000 -0.000000 -1.021286
17  0.806020 -0.359838 -1.318334  1.349685 0.343493 -0.771450
18  1.789785 0.000001 -0.000006  -0.000000 -0.000000 0.397500
19  1.207001 0.000003 -0.000001  0.000000 0.000000 0.989033
20  4.124999 -1.447267 -3.542969  -1.564198 -0.011689 -1.581440
21  3.820735 -1.409995 -0.589409  -1.564198 -0.011689 -1.581439
22  0.222806 -3.739062 1.509297  0.024887 2.851473 -1.494016
23  3.048727 6.125612 1.106842  1.596061 0.018247 -0.808184
24  3.527214 5.063569 0.216260  1.596061 0.018246 -0.808184
25  3.352950 5.114330 -0.401207  1.596061 0.018247 -0.808184
26  2.909482 4.772884 -1.012056  1.596061 0.018247 -0.808184
27  1.772478 4.476572 2.356869  1.596061 0.018247 -0.808184
28  0.000006 3.336140 -8.647861  -1.570799 -1.391898 -1.570795
29  2.033350 1.000764 1.937663  1.227517 0.585911 1.190966
30  2.026190 1.001859 1.937675  1.227511 0.585916 1.190961
31  0.000001 -0.000001 0.000004  1.583265 0.000007 1.570794
32  0.000000 6.028147 -0.000001  -0.405228 -0.510662 -0.920430
33  -0.000000 0.000010 -0.000007  -0.000002 0.000003 1.570791
34  0.000017 6.028144 -0.000011  -0.547449 0.351102 0.443690
35  0.000000 11.692572 -0.000001  -0.000001 -0.000005 -0.633172
36  0.000000 0.000000 -0.000001  0.000005 0.000000 1.570801
37  11.692577 0.000051 0.000038  0.000004 -0.000001 -0.633163
38  0.000000 11.481681 0.000001  0.403162 0.486235 0.740071
39  -0.000000 -0.000002 -0.000001  0.000000 -0.000000 1.570789
40  11.481680 -0.000055 0.000007  0.521556 -0.354214 0.543325
41  0.137967 3.859858 1.332472  -1.465449 -1.619428 0.860059
42  -0.000000 -0.000002 -0.000001  1.933714 0.000004 1.570794
43  3.859864 -0.137940 1.332474  0.357799 -0.048364 -0.605274
44  -0.000000 1.719429 -0.000000  -0.420868 0.202310 0.066145
45  0.000000 0.000001 -0.000000  1.743430 0.000000 1.570798
46  1.719436 0.000008 -0.000007  0.000190 -0.009098 -0.438591
47  0.000000 1.099661 0.000001  1.022347 1.907812 1.050319
48  -0.000000 -0.000001 -0.000000  -0.000002 0.000003 1.570799
49  1.099665 -0.000000 0.000003  -0.000119 0.002600 -0.290971
50  0.046788 3.883686 0.431449  -0.028175 -1.505149 -0.643945
51  -0.000000 -0.000000 0.000000  1.590082 0.000009 1.570787
52  3.883693 -0.046761 0.431451  0.084906 0.001839 -0.672062
53  0.000002 1.719573 -0.000001  -0.720100 0.051523 -0.006475
54  -0.000001 -0.000000 0.000001  1.538382 -0.000002 1.570794
55  1.719580 0.000015 -0.000015  -0.003915 0.016394 -0.719627
56  -0.000000 1.209180 0.000001  -1.502663 1.085643 -1.507497
57  -0.000002 -0.000001 -0.000001  -0.000000 -0.000000 1.570805
58  1.209184 -0.000000 -0.000003  -0.000817 0.002971 -0.484094
59  -0.046751 3.942325 -0.431438  -0.326459 -1.473452 -0.660438
60  -0.000001 -0.000000 -0.000001  1.317660 0.000000 1.570797
61  3.942332 0.046779 -0.431439  -0.160904 0.031174 -0.985452
62  -0.000001 1.539091 -0.000000  -0.255110 -0.026494 -0.056799
63  0.000000 0.000001 0.000001  1.337310 -0.000004 1.570800
64  1.539096 -0.000001 0.000001  -0.000026 0.003537 -0.262659
65  -0.000000 1.196325 0.000003  -1.013114 1.118327 -1.059571
66  -0.000000 0.000001 0.000000  0.000000 -0.000001 1.570800
67  1.196329 -0.000004 0.000004  0.000001 0.000003 -0.391193
68  0.142425 3.859704 -1.191968  -0.667374 -1.423717 -0.301266
69  -0.000001 0.000000 -0.000001  0.976757 -0.000005 1.570807
70  3.859709 -0.142399 -1.191970  -0.478196 0.090838 -0.963362
71  -0.000003 1.312565 -0.000003  -0.361356 -0.138964 -0.204711
72  -0.000000 0.000000 0.000001  1.078169 0.000003 1.570794
73  1.312571 -0.000014 0.000006  0.000004 -0.001345 -0.437233
74  0.000000 0.729365 -0.000001  -0.404439 1.030436 -0.462975
75  -0.000002 -0.000000 0.000000  -0.000001 -0.000001 1.570795
76  0.729368 0.000004 0.000000  0.000001 -0.000004 -0.231826
77  0.348927 0.806044 1.321258  -1.142973 -2.276479 0.650278
78  -0.000001 -0.000001 0.000000  0.437032 0.000002 1.570791
79  0.806051 -0.348923 1.321261  -1.473562 -0.631188 -0.380781
80  -0.000003 1.789783 0.000001  0.105693 0.066385 0.343675
81  0.000000 -0.000001 0.000001  0.347279 0.000000 1.570806
82  1.789787 0.000011 -0.000001  0.002654 0.043677 0.349576
83  0.000000 1.206998 0.000000  0.184115 0.296142 0.567987
84  0.000000 -0.000001 0.000001  0.000001 -0.000001 1.570797
85  1.207002 -0.000012 0.000003  -0.000004 0.000001 0.540439
86  0.000000 0.000000 1.000000  1.570796 -0.000000 0.000000
time 16
0  0.000005 3.335938 -8.640624  -1.570780 -1.391896 -1.570809
1  2.033356 1.000772 -1.937610  1.473119 1.855075 -0.198639
2  6.028144 -0.000001 0.000000  2.162964 1.517456 -0.398171
3  11.692554 0.000001 0.000002  -0.000000 -0.000000 -0.307522
4  11.481700 0.000000 0.000002  -1.288817 0.007613 0.200690
5  3.859678 -0.132571 1.193108  0.432210 -0.155861 -0.861350
6  1.312556 -0.000004 0.000002  0.000000 0.000000 -1.191973
7  0.729360 0.000005 -0.000002  -0.000000 0.000000 -1.063394
8  3.942306 0.050326 0.431043  0.232421 0.000609 -0.853331
9  1.539100 -0.000004 -0.000001  -0.000000 0.000000 -0.973379
10  1.196319 0.000008 0.000000  -0.000000 0.000000 -1.451261
11  3.883661 -0.050322 -0.431043  0.066987 0.050243 -0.694792
12  1.719577 0.000003 0.000000  0.000000 -0.000004 -1.251013
13  1.209183 0.000001 -0.000000  -0.000000 -0.000003 -1.141145
14  3.859841 -0.148936 -1.331280  -0.248855 0.263129 -0.072121
15  1.719424 0.000002 0.000001  0.000000 -0.000000 -0.676756
16  1.099662 -0.000004 -0.000002  0.000000 -0.000000 -1.021286
17  0.806022 -0.359837 -1.318334  1.349685 0.343493 -0.771450
18  1.789782 0.000002 -0.000003  -0.000000 -0.000000 0.397500
19  1.207000 0.000004 -0.000001  0.000000 0.000000 0.989033
20  4.125001 -1.447266 -3.542968  -1.564198 -0.011689 -1.581440
21  3.820740 -1.409994 -0.589409  -1.564198 -0.011689 -1.581439
22  0.222815 -3.739062 1.509298  0.024887 2.851473 -1.494016
23  3.048727 6.125610 1.106841  1.596061 0.018247 -0.808184
24  3.527215 5.063567 0.216259  1.596061 0.018246 -0.808184
25  3.352951 5.114325 -0.401207  1.596061 0.018247 -0.808184
26  2.909482 4.772880 -1.012057  1.596061 0.018247 -0.808184
27  1.772479 4.476570 2.356868  1.596061 0.018247 -0.808184
28  0.000006 3.336140 -8.647861  -1.570799 -1.391898 -1.570795
29  2.033350 1.000764 1.937663  1.227517 0.585911 1.190966
30  2.026190 1.001859 1.937675  1.227511 0.585916 1.190961
31  0.000001 -0.000001 0.000004  1.583265 0.000007 1.570794
32  0.000000 6.028147 -0.000001  -0.405353 -0.510574 -0.920188
33  -0.000001 0.000010 -0.000005  -0.000002 0.000003 1.570792
34  0.000017 6.028144 -0.000011  -0.547381 0.351226 0.443894
35  -0.000002 11.692573 -0.000000  -0.000001 -0.000005 -0.633690
36  -0.000001 0.000001 -0.000003  0.000005 0.000000 1.570801
37  11.692577 0.000054 0.000042  0.000005 -0.000001 -0.633681
38  -0.000002 11.481685 -0.000000  0.403838 0.486310 0.740333
39  -0.000000 0.000001 0.000000  0.000000 -0.000000 1.570789
40  11.481684 -0.000054 0.000007  0.521759 -0.354785 0.543200
41  0.137968 3.859862 1.332474  -1.465457 -1.619429 0.860055
42  -0.000000 0.000002 -0.000001  1.933714 0.000004 1.570794
43  3.859862 -0.137941 1.332473  0.357799 -0.048365 -0.605274
44  0.000001 1.719431 -0.000000  -0.420870 0.202310 0.066145
45  -0.000001 -0.000002 0.000000  1.743430 0.000000 1.570798
46  1.719431 0.000005 -0.000004  0.000189 -0.009099 -0.438593
47  -0.000000 1.099661 -0.000000  1.022349 1.907813 1.050323
48  0.000002 -0.000001 0.000001  -0.000002 0.000003 1.570799
49  1.099665 -0.000001 0.000002  -0.000119 0.002599 -0.290973
50  0.046789 3.883689 0.431449  -0.028174 -1.505149 -0.643946
51  -0.000000 0.000002 0.000000  1.590082 0.000009 1.570787
52  3.883690 -0.046762 0.431448  0.084906 0.001839 -0.672065
53  -0.000000 1.719576 0.000001  -0.720096 0.051523 -0.006475
54  -0.000001 0.000000 0.000001  1.538382 -0.000002 1.570794
55  1.719579 0.000015 -0.000016  -0.003915 0.016394 -0.719623
56  -0.000001 1.209182 0.000002  -1.502663 1.085646 -1.507497
57  0.000002 -0.000000 -0.000001  -0.000000 -0.000000 1.570805
58  1.209185 -0.000001 -0.000004  -0.000816 0.002971 -0.484091
59  -0.046750 3.942331 -0.431437  -0.326458 -1.473453 -0.660442
60  0.000000 0.000001 -0.000000  1.317660 0.000000 1.570797
61  3.942329 0.046778 -0.431438  -0.160904 0.031174 -0.985457
62  0.000001 1.539091 -0.000001  -0.255107 -0.026494 -0.056799
63  -0.000000 -0.000000 -0.000002  1.337310 -0.000004 1.570800
64  1.539095 0.000000 0.000003  -0.000026 0.003536 -0.262656
65  0.000002 1.196322 -0.000003  -1.013110 1.118330 -1.059566
66  -0.000002 -0.000000 0.000000  0.000000 -0.000001 1.570800
67  1.196326 -0.000007 0.000005  0.000000 0.000003 -0.391190
68  0.142426 3.859706 -1.191968  -0.667373 -1.423718 -0.301271
69  -0.000000 -0.000000 -0.000002  0.976757 -0.000005 1.570807
70  3.859706 -0.142400 -1.191970  -0.478196 0.090837 -0.963368
71  0.000001 1.312565 -0.000002  -0.361353 -0.138963 -0.204711
72  -0.000000 0.000001 -0.000002  1.078169 0.000003 1.570794
73  1.312569 -0.000013 0.000009  0.000004 -0.001346 -0.437231
74  -0.000001 0.729365 -0.000003  -0.404433 1.030437 -0.462968
75  0.000001 0.000000 0.000001  -0.000001 -0.000001 1.570795
76  0.729366 0.000002 -0.000002  0.000002 -0.000004 -0.231822
77  0.348928 0.806047 1.321259  -1.142974 -2.276481 0.650279
78  0.000002 -0.000002 -0.000001  0.437032 0.000002 1.570790
79  0.806049 -0.348924 1.321260  -1.473562 -0.631190 -0.380782
80  0.000002 1.789782 -0.000001  0.105693 0.066384 0.343676
81  0.000000 -0.000001 -0.000000  0.347279 0.000000 1.570806
82  1.789791 0.000010 -0.000002  0.002654 0.043678 0.349578
83  0.000000 1.206997 -0.000000  0.184116 0.296141 0.567989
84  -0.000000 -0.000002 -0.000001  0.000001 -0.000001 1.570797
85  1.207003 -0.000012 0.000004  -0.000004 0.000001 0.540441
86  0.000000 0.000000 1.000000  1.570796 -0.000000 0.000000
time 17
0  0.000005 3.335938 -8.640624  -1.570780 -1.391896 -1.570809
1  2.033356 1.000772 -1.937610  1.473119 1.855075 -0.198639
2  6.028144 -0.000001 0.000000  2.155259 1.516849 -0.405890
3  11.692555 0.000001 0.000004  0.000000 -0.000000 -0.309026
4  11.481698 0.000000 0.000001  -1.288635 0.007696 0.200690
5  3.859673 -0.132572 1.193109  0.432210 -0.155861 -0.861350
6  1.312557 -0.000005 0.000003  0.000000 -0.000000 -1.191973
7  0.729360 0.000006 -0.000004  -0.000000 0.000000 -1.063394
8  3.942302 0.050326 0.431043  0.232421 0.000609 -0.853331
9  1.539100 -0.000003 -0.000001  -0.000000 0.000000 -0.973379
10  1.196319 0.000011 0.000001  -0.000000 0.000000 -1.451261
11  3.883659 -0.050323 -0.431043  0.066987 0.050243 -0.694792
12  1.719577 0.000006 0.000000  0.000000 -0.000004 -1.251013
13  1.209183 0.000005 -0.000000  -0.000000 -0.000003 -1.141145
14  3.859837 -0.148937 -1.331280  -0.248855 0.263129 -0.072121
15  1.719424 0.000003 0.000000  0.000000 0.000000 -0.676756
16  1.099664 0.000000 0.000000  0.000000 -0.000000 -1.021287
17  0.806018 -0.359837 -1.318334  1.349685 0.343493 -0.771450
18  1.789783 0.000002 -0.000003  -0.000000 -0.000000 0.397500
19  1.206998 0.000003 -0.000001  0.000000 0.000000 0.989033
20  4.124996 -1.447266 -3.542969  -1.564198 -0.011689 -1.581440
21  3.820734 -1.409995 -0.589409  -1.564198 -0.011689 -1.581439
22  0.222817 -3.739063 1.509296  0.024887 2.851473 -1.494016
23  3.048727 6.125612 1.106842  1.596061 0.018247 -0.808184
24  3.527214 5.063568 0.216259  1.596061 0.018246 -0.808184
25  3.352951 5.114328 -0.401206  1.596061 0.018247 -0.808184
26  2.909482 4.772885 -1.012056  1.596061 0.018247 -0.808184
27  1.772478 4.476571 2.356868  1.596061 0.018247 -0.808184
28  0.000006 3.336140 -8.647861  -1.570799 -1.391898 -1.570795
29  2.033350 1.000764 1.937663  1.227517 0.585911 1.190966
30  2.026190 1.001859 1.937675  1.227511 0.585916 1.190961
31  0.000001 -0.000001 0.000004  1.583265 0.000007 1.570794
32  0.000000 6.028147 -0.000001  -0.405468 -0.510474 -0.919935
33  -0.000000 0.000010 -0.000006  -0.000002 0.000003 1.570791
34  0.000017 6.028144 -0.000011  -0.547299 0.351345 0.444120
35  -0.000000 11.692570 -0.000001  -0.000001 -0.000005 -0.634271
36  0.000001 0.000000 -0.000003  0.000005 0.000000 1.570801
37  11.692579 0.000052 0.000039  0.000004 -0.000001 -0.634262
38  0.000002 11.481682 -0.000000  0.404590 0.486566 0.740689
39  -0.000000 0.000000 0.000001  0.000000 -0.000000 1.570789
40  11.481682 -0.000052 0.000009  0.522167 -0.355387 0.543063
41  0.137968 3.859858 1.332474  -1.465452 -1.619429 0.860060
42  0.000000 -0.000000 0.000001  1.933714 0.000004 1.570794
43  3.859862 -0.137941 1.332473  0.357799 -0.048365 -0.605274
44  -0.000000 1.719430 0.000004  -0.420870 0.202310 0.066145
45  -0.000001 0.000000 -0.000001  1.743430 0.000000 1.570798
46  1.719438 0.000006 -0.000008  0.000189 -0.009098 -0.438593
47  -0.000002 1.099664 -0.000002  1.022349 1.907813 1.050322
48  0.000002 0.000001 0.000001  -0.000002 0.000003 1.570799
49  1.099665 -0.000000 0.000001  -0.000119 0.002600 -0.290973
50  0.046789 3.883684 0.431451  -0.028172 -1.505149 -0.643949
51  -0.000001 0.000002 -0.000002  1.590082 0.000009 1.570787
52  3.883687 -0.046761 0.431449  0.084906 0.001839 -0.672063
53  -0.000001 1.719579 0.000001  -0.720097 0.051523 -0.006475
54  -0.000000 -0.000000 -0.000001  1.538381 -0.000002 1.570794
55  1.719581 0.000019 -0.000017  -0.003915 0.016394 -0.719625
56  0.000001 1.209180 -0.000003  -1.502663 1.085645 -1.507496
57  0.000003 0.000000 -0.000001  -0.000000 -0.000000 1.570805
58  1.209185 -0.000004 -0.000001  -0.000816 0.002971 -0.484092
59  -0.046751 3.942325 -0.431436  -0.326451 -1.473453 -0.660449
60  0.000000 -0.000001 0.000001  1.317660 0.000000 1.570797
61  3.942327 0.046779 -0.431439  -0.160904 0.031173 -0.985455
62  0.000000 1.539093 0.000001  -0.255108 -0.026494 -0.056799
63  0.000000 0.000001 0.000000  1.337310 -0.000004 1.570800
64  1.539099 0.000003 0.000001  -0.000026 0.003537 -0.262658
65  -0.000001 1.196323 0.000001  -1.013113 1.118328 -1.059569
66  -0.000001 -0.000000 -0.000000  0.000000 -0.000001 1.570800
67  1.196327 -0.000002 0.000003  0.000001 0.000004 -0.391192
68  0.142426 3.859703 -1.191967  -0.667369 -1.423718 -0.301275
69  -0.000000 0.000000 0.000002  0.976757 -0.000005 1.570807
70  3.859707 -0.142400 -1.191971  -0.478196 0.090836 -0.963366
71  -0.000001 1.312569 0.000002  -0.361354 -0.138963 -0.204711
72  -0.000002 0.000001 0.000002  1.078169 0.000003 1.570794
73  1.312574 -0.000014 0.000008  0.000005 -0.001346 -0.437232
74  -0.000000 0.729364 -0.000001  -0.404435 1.030437 -0.462971
75  -0.000001 0.000000 0.000001  -0.000001 -0.000001 1.570794
76  0.729366 -0.000000 -0.000001  0.000001 -0.000004 -0.231824
77  0.348928 0.806046 1.321260  -1.142975 -2.276482 0.650279
78  0.000001 0.000000 -0.000001  0.437032 0.000002 1.570791
79  0.806050 -0.348924 1.321259  -1.473563 -0.631192 -0.380782
80  0.000002 1.789784 -0.000001  0.105693 0.066384 0.343677
81  -0.000001 -0.000001 -0.000001  0.347279 0.000000 1.570806
82  1.789790 0.000011 -0.000001  0.002654 0.043678 0.349579
83  -0.000002 1.207002 -0.000001  0.184116 0.296141 0.567991
84  -0.000000 0.000000 0.000001  0.000001 -0.000001 1.570797
85  1.207004 -0.000010 0.000005  -0.000003 0.000001 0.540442
86  0.000000 0.000000 1.000000  1.570796 -0.000000 0.000000
time 18
0  0.000005 3.335938 -8.640624  -1.570780 -1.391896 -1.570809
1  2.033356 1.000772 -1.937610  1.473119 1.855075 -0.198639
2  6.028144 -0.000001 0.000000  2.146914 1.516148 -0.414238
3  11.692555 0.000000 0.000002  -0.000000 -0.000000 -0.310680
4  11.481697 0.000001 0.000003  -1.288199 0.007778 0.200690
5  3.859675 -0.132572 1.193109  0.432210 -0.155861 -0.861350
6  1.312555 -0.000004 0.000001  0.000000 -0.000000 -1.191973
7  0.729363 0.000005 -0.000002  -0.000000 0.000000 -1.063394
8  3.942301 0.050326 0.431044  0.232421 0.000609 -0.853331
9  1.539097 -0.000003 -0.000001  -0.000000 0.000000 -0.973379
10  1.196317 0.000007 0.000001  -0.000000 -0.000000 -1.451261
11  3.883658 -0.050323 -0.431043  0.066987 0.050243 -0.694792
12  1.719576 0.000003 -0.000000  0.000000 -0.000004 -1.251013
13  1.209182 0.000002 -0.000000  -0.000000 -0.000003 -1.141145
14  3.859838 -0.148937 -1.331280  -0.248855 0.263129 -0.072121
15  1.719426 0.000002 0.000002  0.000000 0.000000 -0.676756
16  1.099664 0.000002 -0.000001  0.000000 -0.000000 -1.021286
17  0.806020 -0.359838 -1.318334  1.349685 0.343493 -0.771450
18  1.789782 0.000001 -0.000004  -0.000000 -0.000000 0.397500
19  1.207000 0.000003 -0.000001  0.000000 0.000000 0.989033
20  4.124997 -1.447266 -3.542968  -1.564198 -0.011689 -1.581440
21  3.820735 -1.409995 -0.589409  -1.564198 -0.011689 -1.581439
22  0.222826 -3.739063 1.509296  0.024887 2.851473 -1.494016
23  3.048728 6.125613 1.106841  1.596061 0.018247 -0.808184
24  3.527214 5.063569 0.216260  1.596061 0.018246 -0.808184
25  3.352951 5.114327 -0.401207  1.596061 0.018247 -0.808184
26  2.909483 4.772882 -1.012056  1.596061 0.018247 -0.808184
27  1.772479 4.476572 2.356868  1.596061 0.018247 -0.808184
28  0.000006 3.336140 -8.647861  -1.570799 -1.391898 -1.570795
29  2.033350 1.000764 1.937663  1.227517 0.585911 1.190966
30  2.026190 1.001859 1.937675  1.227511 0.585916 1.190961
31  0.000001 -0.000001 0.000004  1.583265 0.000007 1.570794
32  0.000000 6.028147 -0.000001  -0.405574 -0.510368 -0.919679
33  -0.000000 0.000010 -0.000007  -0.000002 0.000003 1.570792
34  0.000017 6.028144 -0.000011  -0.547209 0.351457 0.444355
35  0.000001 11.692571 -0.000000  -0.000001 -0.000005 -0.634897
36  -0.000001 0.000001 -0.000002  0.000005 0.000000 1.570801
37  11.692577 0.000051 0.000039  0.000004 -0.000001 -0.634888
38  -0.000001 11.481682 0.000000  0.405409 0.487049 0.741177
39  -0.000001 -0.000002 0.000001  0.000000 -0.000000 1.570789
40  11.481686 -0.000053 0.000007  0.522824 -0.356001 0.542940
41  0.137967 3.859855 1.332473  -1.465454 -1.619429 0.860060
42  -0.000000 -0.000001 0.000002  1.933714 0.000004 1.570794
43  3.859861 -0.137941 1.332473  0.357799 -0.048365 -0.605272
44  -0.000000 1.719430 0.000004  -0.420872 0.202310 0.066145
45  0.000000 0.000002 -0.000001  1.743430 0.000000 1.570798
46  1.719437 0.000007 -0.000006  0.000190 -0.009099 -0.438595
47  0.000000 1.099665 -0.000000  1.022352 1.907815 1.050326
48  0.000003 0.000000 0.000000  -0.000002 0.000003 1.570799
49  1.099668 0.000000 0.000002  -0.000120 0.002600 -0.290974
50  0.046788 3.883686 0.431448  -0.028182 -1.505149 -0.643941
51  0.000001 0.000004 0.000000  1.590082 0.000009 1.570787
52  3.883693 -0.046761 0.431447  0.084906 0.001840 -0.672062
53  0.000001 1.719574 -0.000003  -0.720099 0.051523 -0.006475
54  -0.000001 0.000000 -0.000001  1.538381 -0.000002 1.570794
55  1.719574 0.000013 -0.000015  -0.003915 0.016393 -0.719626
56  -0.000001 1.209182 -0.000001  -1.502663 1.085644 -1.507497
57  0.000000 0.000001 -0.000000  -0.000000 -0.000000 1.570805
58  1.209186 -0.000000 -0.000003  -0.000816 0.002971 -0.484093
59  -0.046751 3.942326 -0.431438  -0.326465 -1.473452 -0.660432
60  0.000001 0.000001 -0.000001  1.317660 0.000000 1.570797
61  3.942330 0.046778 -0.431440  -0.160904 0.031175 -0.985453
62  0.000000 1.539092 -0.000001  -0.255108 -0.026494 -0.056799
63  0.000000 0.000000 -0.000002  1.337310 -0.000004 1.570800
64  1.539096 0.000000 0.000003  -0.000026 0.003537 -0.262658
65  0.000000 1.196323 -0.000002  -1.013113 1.118328 -1.059569
66  0.000001 -0.000000 -0.000001  0.000000 -0.000001 1.570800
67  1.196327 -0.000005 0.000004  0.000001 0.000003 -0.391193
68  0.142425 3.859701 -1.191970  -0.667375 -1.423717 -0.301268
69  0.000001 -0.000000 0.000002  0.976757 -0.000005 1.570807
70  3.859708 -0.142400 -1.191972  -0.478196 0.090838 -0.963365
71  0.000001 1.312567 0.000002  -0.361355 -0.138964 -0.204711
72  -0.000001 0.000001 -0.000001  1.078169 0.000003 1.570794
73  1.312572 -0.000013 0.000008  0.000005 -0.001346 -0.437233
74  -0.000001 0.729364 -0.000001  -0.404436 1.030437 -0.462972
75  0.000000 -0.000000 -0.000000  -0.000001 -0.000001 1.570795
76  0.729365 0.000000 0.000000  0.000002 -0.000004 -0.231825
77  0.348927 0.806042 1.321259  -1.142974 -2.276481 0.650279
78  0.000000 0.000002 -0.000001  0.437032 0.000002 1.570791
79  0.806048 -0.348924 1.321259  -1.473563 -0.631190 -0.380781
80  -0.000002 1.789784 0.000001  0.105694 0.066384 0.343676
81  0.000001 0.000002 0.000000  0.347279 0.000000 1.570806
82  1.789786 0.000012 -0.000000  0.002654 0.043678 0.349578
83  0.000003 1.206998 -0.000003  0.184116 0.296141 0.567989
84  -0.000001 -0.000000 -0.000000  0.000001 -0.000001 1.570797
85  1.207003 -0.000014 0.000003  -0.000004 0.000001 0.540440
86  0.000000 0.000000 1.000000  1.570796 -0.000000 0.000000
time 19
0  0.000005 3.335938 -8.640624  -1.570780 -1.391896 -1.570809
1  2.033356 1.000772 -1.937610  1.473119 1.855075 -0.198639
2  6.028144 -0.000001 0.000000  2.138180 1.515400 -0.422998
3  11.692556 0.000002 0.000003  0.000000 0.000000 -0.312485
4  11.481700 0.000000 0.000002  -1.287618 0.007881 0.200690
5  3.859678 -0.132572 1.193109  0.432210 -0.155861 -0.861350
6  1.312556 -0.000006 0.000002  0.000000 -0.000000 -1.191973
7  0.729364 0.000002 -0.000002  0.000000 -0.000000 -1.063394
8  3.942306 0.050326 0.431043  0.232421 0.000609 -0.853331
9  1.539100 -0.000004 0.000000  -0.000000 0.000000 -0.973379
10  1.196317 0.000006 0.000001  -0.000000 0.000000 -1.451261
11  3.883661 -0.050323 -0.431043  0.066987 0.050243 -0.694792
12  1.719577 0.000008 -0.000001  0.000000 -0.000004 -1.251013
13  1.209183 0.000003 0.000000  -0.000000 -0.000003 -1.141145
14  3.859842 -0.148937 -1.331280  -0.248855 0.263129 -0.072121
15  1.719424 0.000002 0.000000  0.000000 0.000000 -0.676756
16  1.099663 -0.000002 -0.000001  0.000000 -0.000000 -1.021286
17  0.806022 -0.359838 -1.318334  1.349685 0.343493 -0.771450
18  1.789782 0.000001 -0.000001  -0.000000 -0.000000 0.397500
19  1.207003 0.000003 -0.000002  0.000000 0.000000 0.989033
20  4.125001 -1.447267 -3.542969  -1.564198 -0.011689 -1.581440
21  3.820741 -1.409995 -0.589409  -1.564198 -0.011689 -1.581439
22  0.222829 -3.739062 1.509297  0.024887 2.851473 -1.494016
23  3.048727 6.125611 1.106841  1.596061 0.018247 -0.808184
24  3.527215 5.063567 0.216259  1.596061 0.018246 -0.808184
25  3.352951 5.114327 -0.401206  1.596061 0.018247 -0.808184
26  2.909483 4.772882 -1.012056  1.596061 0.018247 -0.808184
27  1.772479 4.476569 2.356868  1.596061 0.018247 -0.808184
28  0.000006 3.336140 -8.647861  -1.570799 -1.391898 -1.570795
29  2.033350 1.000764 1.937663  1.227517 0.585911 1.190966
30  2.026190 1.001859 1.937675  1.227511 0.585916 1.190961
31  0.000001 -0.000001 0.000004  1.583265 0.000007 1.570794
32  0.000000 6.028147 -0.000001  -0.405644 -0.510230 -0.919396
33  -0.000001 0.000009 -0.000006  -0.000002 0.000003 1.570792
34  0.000017 6.028144 -0.000011  -0.547078 0.351546 0.444648
35  -0.000001 11.692571 -0.000001  -0.000001 -0.000005 -0.635644
36  0.000002 0.000001 -0.000001  0.000005 0.000000 1.570801
37  11.692578 0.000055 0.000040  0.000004 -0.000001 -0.635635
38  0.000001 11.481682 0.000000  0.406281 0.487683 0.741787
39  -0.000000 0.000001 -0.000001  0.000000 -0.000000 1.570789
40  11.481681 -0.000055 0.000008  0.523648 -0.356632 0.542853
41  0.137968 3.859858 1.332472  -1.465460 -1.619429 0.860057
42  0.000000 -0.000000 0.000000  1.933714 0.000004 1.570794
43  3.859862 -0.137941 1.332473  0.357799 -0.048365 -0.605276
44  -0.000001 1.719432 0.000003  -0.420870 0.202310 0.066145
45  0.000001 0.000001 -0.000001  1.743430 0.000000 1.570799
46  1.719436 0.000007 -0.000009  0.000189 -0.009098 -0.438593
47  0.000000 1.099663 -0.000003  1.022349 1.907813 1.050322
48  0.000001 -0.000000 0.000000  -0.000002 0.000003 1.570799
49  1.099665 -0.000002 0.000004  -0.000119 0.002599 -0.290972
50  0.046789 3.883686 0.431450  -0.028160 -1.505149 -0.643967
51  -0.000000 -0.000000 -0.000001  1.590082 0.000009 1.570787
52  3.883689 -0.046762 0.431450  0.084906 0.001838 -0.672066
53  0.000002 1.719575 -0.000002  -0.720098 0.051523 -0.006475
54  0.000001 0.000000 0.000000  1.538381 -0.000002 1.570794
55  1.719578 0.000013 -0.000015  -0.003915 0.016394 -0.719626
56  -0.000002 1.209183 0.000002  -1.502663 1.085644 -1.507497
57  -0.000001 0.000001 0.000000  -0.000000 -0.000000 1.570805
58  1.209185 0.000000 -0.000006  -0.000816 0.002971 -0.484092
59  -0.046751 3.942329 -0.431438  -0.326459 -1.473453 -0.660444
60  0.000000 -0.000000 -0.000001  1.317660 0.000000 1.570797
61  3.942331 0.046779 -0.431438  -0.160904 0.031174 -0.985457
62  -0.000001 1.539091 0.000002  -0.255105 -0.026494 -0.056799
63  -0.000000 0.000001 -0.000001  1.337310 -0.000004 1.570800
64  1.539097 0.000005 0.000001  -0.000026 0.003536 -0.262655
65  -0.000001 1.196325 -0.000000  -1.013108 1.118332 -1.059564
66  -0.000001 0.000000 0.000000  0.000000 -0.000001 1.570800
67  1.196330 -0.000004 0.000003  0.000001 0.000004 -0.391188
68  0.142426 3.859705 -1.191970  -0.667373 -1.423718 -0.301272
69  -0.000000 -0.000001 0.000002  0.976757 -0.000005 1.570807
70  3.859708 -0.142400 -1.191971  -0.478196 0.090837 -0.963368
71  -0.000001 1.312565 0.000002  -0.361353 -0.138963 -0.204711
72  -0.000000 0.000000 0.000002  1.078169 0.000003 1.570794
73  1.312570 -0.000014 0.000009  0.000004 -0.001347 -0.437231
74  -0.000001 0.729365 0.000004  -0.404433 1.030438 -0.462968
75  0.000000 0.000000 0.000001  -0.000001 -0.000001 1.570795
76  0.729367 0.000004 0.000001  0.000001 -0.000004 -0.231823
77  0.348928 0.806042 1.321258  -1.142976 -2.276481 0.650279
78  -0.000002 -0.000001 -0.000001  0.437032 0.000002 1.570790
79  0.806046 -0.348924 1.321260  -1.473562 -0.631191 -0.380783
80  -0.000001 1.789785 -0.000003  0.105693 0.066384 0.343676
81  0.000001 0.000000 0.000002  0.347279 0.000000 1.570806
82  1.789789 0.000012 -0.000003  0.002653 0.043678 0.349578
83  0.000002 1.207000 0.000000  0.184116 0.296141 0.567989
84  0.000001 0.000001 -0.000000  0.000001 -0.000001 1.570797
85  1.207005 -0.000011 0.000003  -0.000004 0.000001 0.540441
86  0.000000 0.000000 1.000000  1.570796 -0.000000 0.000000
time 20
0  0.000005 3.335938 -8.640624  -1.570780 -1.391896 -1.570809
1  2.033356 1.000772 -1.937610  1.473119 1.855075 -0.198639
2  6.028144 -0.000001 0.000000  2.129259 1.514605 -0.431952
3  11.692555 0.000001 0.000003  -0.000000 -0.000000 -0.314365
4  11.481698 0.000001 0.000002  -1.287001 0.007984 0.200690
5  3.859678 -0.132572 1.193109  0.432210 -0.155861 -0.861350
6  1.312553 -0.000005 0.000003  0.000000 -0.000000 -1.191973
7  0.729364 0.000002 -0.000002  -0.000000 0.000000 -1.063394
8  3.942304 0.050326 0.431043  0.232421 0.000609 -0.853331
9  1.539099 -0.000002 -0.000002  -0.000000 0.000000 -0.973379
10  1.196320 0.000007 0.000001  -0.000000 -0.000000 -1.451261
11  3.883661 -0.050323 -0.431043  0.066987 0.050243 -0.694792
12  1.719579 0.000003 0.000000  0.000000 -0.000004 -1.251013
13  1.209184 0.000001 -0.000001  -0.000000 -0.000003 -1.141145
14  3.859843 -0.148936 -1.331280  -0.248855 0.263129 -0.072121
15  1.719420 0.000002 0.000001  0.000000 0.000000 -0.676756
16  1.099667 0.000000 -0.000001  0.000000 -0.000000 -1.021287
17  0.806022 -0.359838 -1.318334  1.349685 0.343493 -0.771450
18  1.789785 0.000001 -0.000005  -0.000000 -0.000000 0.397500
19  1.207001 0.000004 0.000001  0.000000 0.000000 0.989033
20  4.124998 -1.447266 -3.542968  -1.564198 -0.011689 -1.581440
21  3.820739 -1.409995 -0.589409  -1.564198 -0.011689 -1.581439
22  0.222824 -3.739062 1.509297  0.024887 2.851473 -1.494016
23  3.048727 6.125610 1.106840  1.596061 0.018247 -0.808184
24  3.527214 5.063566 0.216258  1.596061 0.018246 -0.808184
25  3.352950 5.114325 -0.401208  1.596061 0.018247 -0.808184
26  2.909482 4.772882 -1.012057  1.596061 0.018247 -0.808184
27  1.772479 4.476569 2.356867  1.596061 0.018247 -0.808184
28  0.000006 3.336140 -8.647861  -1.570799 -1.391898 -1.570795
29  2.033350 1.000764 1.937663  1.227517 0.585911 1.190966
30  2.026190 1.001859 1.937675  1.227511 0.585916 1.190961
31  0.000001 -0.000001 0.000004  1.583265 0.000007 1.570794
32  0.000000 6.028147 -0.000001  -0.405727 -0.510093 -0.919105
33  -0.000001 0.000009 -0.000005  -0.000002 0.000003 1.570791
34  0.000017 6.028144 -0.000011  -0.546951 0.351645 0.444943
35  -0.000001 11.692571 -0.000000  -0.000001 -0.000005 -0.636410
36  0.000001 0.000000 -0.000004  0.000005 0.000000 1.570801
37  11.692577 0.000053 0.000041  0.000004 -0.000001 -0.636401
38  0.000000 11.481679 -0.000002  0.407194 0.488361 0.742429
39  -0.000000 -0.000001 0.000000  0.000000 -0.000000 1.570789
40  11.481681 -0.000053 0.000007  0.524529 -0.357288 0.542759
41  0.137968 3.859859 1.332473  -1.465457 -1.619430 0.860060
42  -0.000000 0.000001 -0.000001  1.933714 0.000004 1.570794
43  3.859861 -0.137941 1.332474  0.357799 -0.048366 -0.605274
44  -0.000001 1.719429 -0.000001  -0.420871 0.202310 0.066145
45  0.000000 0.000001 -0.000000  1.743430 0.000000 1.570798
46  1.719430 0.000005 -0.000007  0.000189 -0.009098 -0.438594
47  0.000000 1.099666 0.000001  1.022350 1.907814 1.050322
48  0.000001 0.000000 0.000000  -0.000002 0.000003 1.570799
49  1.099670 0.000005 0.000003  -0.000119 0.002600 -0.290973
50  0.046788 3.883685 0.431449  -0.028173 -1.505149 -0.643950
51  0.000000 -0.000001 -0.000000  1.590082 0.000009 1.570787
52  3.883688 -0.046761 0.431449  0.084906 0.001839 -0.672064
53  0.000001 1.719573 -0.000001  -0.720098 0.051523 -0.006475
54  0.000000 0.000000 0.000001  1.538382 -0.000002 1.570794
55  1.719579 0.000017 -0.000016  -0.003915 0.016394 -0.719626
56  -0.000000 1.209178 -0.000002  -1.502663 1.085644 -1.507496
57  -0.000001 -0.000000 0.000001  -0.000000 -0.000000 1.570805
58  1.209181 -0.000007 -0.000003  -0.000816 0.002971 -0.484093
59  -0.046751 3.942327 -0.431436  -0.326453 -1.473453 -0.660448
60  -0.000001 0.000001 0.000002  1.317660 0.000000 1.570797
61  3.942330 0.046779 -0.431437  -0.160904 0.031173 -0.985455
62  -0.000002 1.539092 0.000001  -0.255110 -0.026494 -0.056799
63  -0.000000 -0.000001 0.000001  1.337310 -0.000004 1.570800
64  1.539098 0.000000 0.000001  -0.000026 0.003537 -0.262659
65  -0.000001 1.196322 0.000001  -1.013115 1.118327 -1.059571
66  -0.000001 -0.000001 -0.000000  0.000000 -0.000001 1.570800
67  1.196326 -0.000007 0.000003  0.000001 0.000004 -0.391195
68  0.142426 3.859702 -1.191969  -0.667370 -1.423718 -0.301274
69  -0.000000 -0.000001 -0.000002  0.976757 -0.000005 1.570807
70  3.859706 -0.142400 -1.191970  -0.478196 0.090837 -0.963367
71  -0.000000 1.312566 -0.000003  -0.361353 -0.138963 -0.204711
72  -0.000001 -0.000000 0.000000  1.078169 0.000003 1.570794
73  1.312571 -0.000014 0.000009  0.000004 -0.001347 -0.437231
74  -0.000002 0.729363 0.000002  -0.404431 1.030437 -0.462968
75  -0.000001 0.000000 0.000000  -0.000001 -0.000001 1.570795
76  0.729367 0.000006 -0.000001  0.000002 -0.000004 -0.231822
77  0.348928 0.806043 1.321259  -1.142975 -2.276481 0.650278
78  -0.000000 0.000001 -0.000000  0.437032 0.000002 1.570790
79  0.806047 -0.348924 1.321260  -1.473562 -0.631190 -0.380782
80  -0.000001 1.789781 -0.000003  0.105693 0.066384 0.343676
81  0.000000 -0.000002 0.000001  0.347279 0.000000 1.570806
82  1.789787 0.000010 -0.000005  0.002654 0.043678 0.349578
83  0.000001 1.206998 -0.000000  0.184116 0.296141 0.567989
84  0.000000 0.000001 -0.000001  0.000001 -0.000001 1.570797
85  1.207003 -0.000013 0.000003  -0.000004 0.000001 0.540440
86  0.000000 0.000000 1.000000  1.570796 -0.000000 0.000000
time 21
0  0.000005 3.335938 -8.640624  -1.570780 -1.391896 -1.570809
1  2.033356 1.000772 -1.937610  1.473119 1.855075 -0.198639
2  6.028144 -0.000001 0.000000  2.120297 1.513811 -0.440929
3  11.692555 0.000002 0.000002  -0.000000 -0.000000 -0.316320
4  11.481699 -0.000000 0.000003  -1.286474 0.008086 0.200690
5  3.859676 -0.132571 1.193109  0.432210 -0.155861 -0.861350
6  1.312557 -0.000003 0.000001  0.000000 -0.000000 -1.191973
7  0.729363 0.000000 -0.000003  -0.000000 -0.000000 -1.063394
8  3.942302 0.050326 0.431042  0.232421 0.000609 -0.853331
9  1.539099 -0.000007 0.000001  -0.000000 0.000000 -0.973379
10  1.196318 0.000009 0.000001  -0.000000 0.000000 -1.451261
11  3.883660 -0.050322 -0.431043  0.066987 0.050243 -0.694792
12  1.719575 0.000004 -0.000000  0.000000 -0.000004 -1.251013
13  1.209183 0.000004 0.000000  -0.000000 -0.000003 -1.141173
14  3.859840 -0.148936 -1.331280  -0.248855 0.263129 -0.072121
15  1.719422 0.000003 0.000001  0.000000 0.000000 -0.676756
16  1.099665 0.000003 -0.000001  0.000000 -0.000000 -1.021287
17  0.806022 -0.359837 -1.318334  1.349685 0.343493 -0.771450
18  1.789783 0.000003 -0.000007  -0.000000 -0.000000 0.397500
19  1.206998 0.000003 -0.000003  0.000000 0.000000 0.989033
20  4.124997 -1.447266 -3.542968  -1.564198 -0.011689 -1.581440
21  3.820738 -1.409994 -0.589409  -1.564198 -0.011689 -1.581439
22  0.222815 -3.739061 1.509297  0.024887 2.851473 -1.494016
23  3.048727 6.125614 1.106840  1.596061 0.018247 -0.808184
24  3.527214 5.063570 0.216259  1.596061 0.018246 -0.808184
25  3.352950 5.114329 -0.401206  1.596061 0.018247 -0.808184
26  2.909482 4.772883 -1.012057  1.596061 0.018247 -0.808184
27  1.772479 4.476573 2.356868  1.596061 0.018247 -0.808184
28  0.000006 3.336140 -8.647861  -1.570799 -1.391898 -1.570795
29  2.033350 1.000764 1.937663  1.227517 0.585911 1.190966
30  2.026190 1.001859 1.937675  1.227511 0.585916 1.190961
31  0.000001 -0.000001 0.000004  1.583265 0.000007 1.570794
32  0.000000 6.028147 -0.000001  -0.405821 -0.509924 -0.918751
33  -0.000000 0.000009 -0.000006  -0.000002 0.000003 1.570792
34  0.000017 6.028144 -0.000011  -0.546792 0.351760 0.445305
35  0.000001 11.692571 0.000000  -0.000001 -0.000005 -0.637297
36  -0.000000 0.000001 -0.000001  0.000005 0.000000 1.570801
37  11.692577 0.000054 0.000041  0.000004 -0.000001 -0.637288
38  -0.000001 11.481682 0.000001  0.408152 0.488935 0.743095
39  -0.000001 0.000002 -0.000000  0.000000 -0.000000 1.570789
40  11.481683 -0.000053 0.000008  0.525308 -0.358003 0.542703
41  0.137968 3.859859 1.332473  -1.465459 -1.619429 0.860059
42  -0.000000 0.000000 -0.000001  1.933714 0.000004 1.570794
43  3.859859 -0.137941 1.332474  0.357799 -0.048365 -0.605274
44  -0.000002 1.719432 0.000001  -0.420870 0.202310 0.066145
45  0.000001 0.000001 0.000001  1.743430 0.000000 1.570798
46  1.719436 0.000007 -0.000009  0.000189 -0.009098 -0.438593
47  0.000001 1.099660 0.000000  1.022350 1.907813 1.050322
48  -0.000000 0.000000 -0.000000  -0.000002 0.000003 1.570799
49  1.099663 -0.000000 0.000002  -0.000119 0.002600 -0.290973
50  0.046789 3.883687 0.431450  -0.028161 -1.505149 -0.643964
51  0.000001 -0.000002 -0.000001  1.590082 0.000009 1.570787
52  3.883686 -0.046761 0.431450  0.084907 0.001838 -0.672064
53  0.000001 1.719576 -0.000003  -0.720098 0.051523 -0.006475
54  0.000000 0.000001 -0.000001  1.538381 -0.000002 1.570794
55  1.719581 0.000015 -0.000016  -0.003915 0.016394 -0.719625
56  0.000002 1.209181 -0.000005  -1.502664 1.085645 -1.507497
57  0.000003 0.000001 0.000001  -0.000000 -0.000000 1.570805
58  1.209183 -0.000004 -0.000002  -0.000816 0.002971 -0.484092
59  -0.046750 3.942327 -0.431435  -0.326450 -1.473453 -0.660449
60  0.000000 0.000000 0.000001  1.317660 0.000000 1.570797
61  3.942326 0.046778 -0.431436  -0.160904 0.031173 -0.985454
62  -0.000001 1.539091 0.000004  -0.255111 -0.026494 -0.056799
63  -0.000001 -0.000001 0.000000  1.337310 -0.000004 1.570800
64  1.539096 0.000002 0.000003  -0.000026 0.003537 -0.262660
65  -0.000000 1.196321 -0.000001  -1.013117 1.118326 -1.059573
66  0.000001 -0.000000 0.000000  0.000000 -0.000001 1.570800
67  1.196326 -0.000004 0.000005  0.000001 0.000003 -0.391196
68  0.142426 3.859705 -1.191968  -0.667367 -1.423718 -0.301276
69  0.000000 0.000000 0.000000  0.976757 -0.000005 1.570807
70  3.859705 -0.142400 -1.191970  -0.478196 0.090837 -0.963365
71  0.000000 1.312567 0.000001  -0.361357 -0.138963 -0.204711
72  0.000000 0.000000 0.000002  1.078169 0.000003 1.570794
73  1.312572 -0.000014 0.000007  0.000004 -0.001345 -0.437235
74  0.000001 0.729364 -0.000001  -0.404440 1.030436 -0.462977
75  0.000002 0.000001 0.000000  -0.000001 -0.000001 1.570795
76  0.729367 -0.000001 -0.000000  0.000002 -0.000004 -0.231827
77  0.348928 0.806043 1.321259  -1.142977 -2.276483 0.650280
78  0.000000 -0.000000 -0.000001  0.437032 0.000002 1.570790
79  0.806046 -0.348924 1.321260  -1.473562 -0.631193 -0.380782
80  -0.000000 1.789783 -0.000001  0.105693 0.066384 0.343678
81  0.000000 -0.000001 0.000000  0.347279 0.000000 1.570806
82  1.789788 0.000013 -0.000001  0.002654 0.043679 0.349580
83  -0.000001 1.206999 -0.000001  0.184117 0.296141 0.567992
84  -0.000000 -0.000003 -0.000000  0.000001 -0.000001 1.570797
85  1.207006 -0.000011 0.000003  -0.000003 0.000001 0.540444
86  0.000000 0.000000 1.000000  1.570796 -0.000000 0.000000
time 22
0  0.000005 3.335938 -8.640624  -1.570780 -1.391896 -1.570809
1  2.033356 1.000772 -1.937610  1.473119 1.855075 -0.198639
2  6.028144 -0.000001 0.000000  2.111479 1.512970 -0.449738
3  11.692554 0.000001 0.000003  -0.000000 -0.000000 -0.318312
4  11.481699 -0.000000 0.000002  -1.286129 0.008210 0.200690
5  3.859677 -0.132572 1.193108  0.432210 -0.155861 -0.861350
6  1.312556 -0.000005 0.000002  0.000000 -0.000000 -1.191973
7  0.729363 0.000005 -0.000001  -0.000000 0.000000 -1.063394
8  3.942305 0.050327 0.431043  0.232421 0.000609 -0.853331
9  1.539098 -0.000002 -0.000000  -0.000000 -0.000000 -0.973379
10  1.196319 0.000007 0.000001  -0.000000 0.000000 -1.451261
11  3.883661 -0.050322 -0.431043  0.066987 0.050243 -0.694792
12  1.719576 0.000005 0.000000  0.000000 -0.000004 -1.251013
13  1.209182 0.000001 0.000000  -0.000000 -0.000003 -1.141145
14  3.859841 -0.148936 -1.331280  -0.248855 0.263129 -0.072121
15  1.719426 0.000003 0.000001  0.000000 0.000000 -0.676756
16  1.099665 0.000002 0.000000  0.000000 -0.000000 -1.021287
17  0.806021 -0.359837 -1.318334  1.349685 0.343493 -0.771450
18  1.789783 0.000002 -0.000006  -0.000000 -0.000000 0.397500
19  1.207000 0.000003 -0.000003  0.000000 0.000000 0.989033
20  4.125001 -1.447266 -3.542969  -1.564198 -0.011689 -1.581440
21  3.820739 -1.409994 -0.589409  -1.564198 -0.011689 -1.581439
22  0.222819 -3.739061 1.509298  0.024887 2.851473 -1.494016
23  3.048727 6.125613 1.106842  1.596061 0.018247 -0.808184
24  3.527215 5.063570 0.216260  1.596061 0.018246 -0.808184
25  3.352951 5.114330 -0.401207  1.596061 0.018247 -0.808184
26  2.909482 4.772884 -1.012055  1.596061 0.018247 -0.808184
27  1.772479 4.476572 2.356868  1.596061 0.018247 -0.808184
28  0.000006 3.336140 -8.647861  -1.570799 -1.391898 -1.570795
29  2.033350 1.000764 1.937663  1.227517 0.585911 1.190966
30  2.026190 1.001859 1.937675  1.227511 0.585916 1.190961
31  0.000001 -0.000001 0.000004  1.583265 0.000007 1.570794
32  0.000000 6.028147 -0.000001  -0.405962 -0.509798 -0.918436
33  -0.000001 0.000010 -0.000005  -0.000002 0.000003 1.570791
34  0.000017 6.028144 -0.000011  -0.546689 0.351906 0.445587
35  0.000000 11.692572 0.000001  -0.000001 -0.000005 -0.638048
36  -0.000000 0.000000 -0.000003  0.000005 0.000000 1.570801
37  11.692579 0.000053 0.000040  0.000004 -0.000001 -0.638039
38  -0.000000 11.481680 -0.000001  0.409141 0.489351 0.743580
39  -0.000001 0.000003 0.000000  0.000000 -0.000000 1.570789
40  11.481682 -0.000054 0.000008  0.525930 -0.358775 0.542505
41  0.137967 3.859858 1.332474  -1.465459 -1.619430 0.860064
42  0.000000 0.000000 0.000000  1.933714 0.000004 1.570794
43  3.859859 -0.137941 1.332473  0.357799 -0.048365 -0.605275
44  -0.000001 1.719429 0.000002  -0.420869 0.202310 0.066145
45  -0.000000 0.000001 -0.000001  1.743430 0.000000 1.570798
46  1.719431 0.000004 -0.000007  0.000190 -0.009098 -0.438592
47  -0.000000 1.099663 -0.000005  1.022348 1.907812 1.050320
48  -0.000002 0.000000 -0.000000  -0.000002 0.000003 1.570799
49  1.099667 -0.000001 0.000002  -0.000119 0.002600 -0.290971
50  0.046788 3.883689 0.431451  -0.028152 -1.505149 -0.643973
51  -0.000000 0.000002 -0.000001  1.590082 0.000009 1.570787
52  3.883688 -0.046762 0.431450  0.084906 0.001838 -0.672065
53  -0.000001 1.719575 0.000000  -0.720099 0.051523 -0.006475
54  -0.000000 -0.000000 0.000001  1.538382 -0.000002 1.570794
55  1.719579 0.000018 -0.000018  -0.003915 0.016394 -0.719627
56  0.000001 1.209180 -0.000001  -1.502664 1.085644 -1.507497
57  -0.000000 -0.000002 0.000000  -0.000000 -0.000000 1.570805
58  1.209183 -0.000003 0.000000  -0.000816 0.002971 -0.484094
59  -0.046751 3.942330 -0.431435  -0.326449 -1.473453 -0.660451
60  -0.000000 0.000000 -0.000001  1.317660 0.000000 1.570797
61  3.942327 0.046778 -0.431437  -0.160904 0.031173 -0.985454
62  -0.000001 1.539091 -0.000002  -0.255111 -0.026494 -0.056799
63  -0.000000 0.000000 0.000001  1.337310 -0.000004 1.570800
64  1.539098 0.000000 0.000001  -0.000026 0.003537 -0.262660
65  -0.000001 1.196323 -0.000001  -1.013116 1.118325 -1.059573
66  0.000001 0.000000 0.000000  0.000000 -0.000001 1.570800
67  1.196327 -0.000005 0.000002  0.000001 0.000003 -0.391195
68  0.142425 3.859708 -1.191968  -0.667368 -1.423718 -0.301278
69  0.000000 -0.000001 0.000002  0.976757 -0.000005 1.570807
70  3.859707 -0.142399 -1.191971  -0.478197 0.090836 -0.963368
71  0.000003 1.312564 0.000001  -0.361354 -0.138964 -0.204711
72  -0.000001 -0.000000 -0.000000  1.078169 0.000003 1.570794
73  1.312569 -0.000015 0.000009  0.000004 -0.001346 -0.437232
74  0.000001 0.729363 -0.000004  -0.404434 1.030437 -0.462971
75  0.000002 -0.000000 0.000000  -0.000001 -0.000001 1.570794
76  0.729366 -0.000000 -0.000001  0.000002 -0.000005 -0.231823
77  0.348927 0.806044 1.321259  -1.142976 -2.276484 0.650280
78  -0.000000 0.000000 -0.000000  0.437032 0.000002 1.570791
79  0.806044 -0.348924 1.321259  -1.473563 -0.631193 -0.380782
80  -0.000002 1.789784 0.000000  0.105693 0.066384 0.343678
81  0.000001 -0.000003 0.000000  0.347279 0.000000 1.570806
82  1.789791 0.000010 -0.000002  0.002654 0.043679 0.349579
83  -0.000000 1.206997 0.000002  0.184117 0.296141 0.567992
84  -0.000000 -0.000000 0.000001  0.000001 -0.000001 1.570797
85  1.207002 -0.000010 0.000005  -0.000003 0.000001 0.540444
86  0.000000 0.000000 1.000000  1.570796 -0.000000 0.000000
time 23
0  0.000005 3.335938 -8.640624  -1.570780 -1.391896 -1.570809
1  2.033356 1.000772 -1.937610  1.473119 1.855075 -0.198639
2  6.028144 -0.000001 0.000000  2.102949 1.512128 -0.458304
3  11.692555 0.000001 0.000003  0.000000 -0.000000 -0.320267
4  11.481699 0.000000 0.000003  -1.286075 0.008333 0.200690
5  3.859674 -0.132572 1.193108  0.432210 -0.155861 -0.861350
6  1.312554 -0.000006 0.000004  0.000000 -0.000000 -1.191973
7  0.729363 0.000005 -0.000003  -0.000000 -0.000000 -1.063394
8  3.942302 0.050326 0.431043  0.232421 0.000609 -0.853331
9  1.539100 -0.000001 -0.000000  -0.000000 -0.000000 -0.973379
10  1.196319 0.000012 0.000001  -0.000000 0.000000 -1.451261
11  3.883657 -0.050323 -0.431043  0.066987 0.050243 -0.694792
12  1.719576 0.000003 -0.000000  0.000000 -0.000004 -1.251013
13  1.209181 0.000003 0.000000  -0.000000 -0.000003 -1.141145
14  3.859838 -0.148936 -1.331280  -0.248855 0.263129 -0.072121
15  1.719423 0.000003 -0.000001  0.000000 0.000000 -0.676756
16  1.099665 0.000003 0.000000  0.000000 -0.000000 -1.021287
17  0.806019 -0.359838 -1.318334  1.349685 0.343493 -0.771450
18  1.789783 0.000001 -0.000003  -0.000000 -0.000000 0.397500
19  1.207000 0.000004 -0.000002  0.000000 0.000000 0.989033
20  4.124998 -1.447266 -3.542969  -1.564198 -0.011689 -1.581440
21  3.820735 -1.409994 -0.589409  -1.564198 -0.011689 -1.581439
22  0.222818 -3.739061 1.509297  0.024887 2.851473 -1.494016
23  3.048726 6.125612 1.106841  1.596061 0.018247 -0.808184
24  3.527213 5.063571 0.216259  1.596061 0.018246 -0.808184
25  3.352950 5.114330 -0.401206  1.596061 0.018247 -0.808184
26  2.909482 4.772884 -1.012057  1.596061 0.018247 -0.808184
27  1.772478 4.476571 2.356868  1.596061 0.018247 -0.808184
28  0.000006 3.336140 -8.647861  -1.570799 -1.391898 -1.570795
29  2.033350 1.000764 1.937663  1.227517 0.585911 1.190966
30  2.026190 1.001859 1.937675  1.227511 0.585916 1.190961
31  0.000001 -0.000001 0.000004  1.583265 0.000007 1.570794
32  0.000000 6.028147 -0.000001  -0.406161 -0.509706 -0.918135
33  0.000001 0.000009 -0.000005  -0.000002 0.000003 1.570791
34  0.000017 6.028144 -0.000011  -0.546631 0.352095 0.445811
35  0.000001 11.692571 0.000000  -0.000001 -0.000005 -0.638694
36  0.000001 0.000002 -0.000002  0.000005 0.000000 1.570801
37  11.692578 0.000052 0.000040  0.000004 -0.000001 -0.638685
38  0.000000 11.481685 0.000001  0.410136 0.489560 0.743907
39  -0.000001 -0.000002 0.000000  0.000000 -0.000000 1.570789
40  11.481684 -0.000053 0.000006  0.526336 -0.359594 0.542222
41  0.137968 3.859854 1.332475  -1.465458 -1.619431 0.860062
42  -0.000001 -0.000001 0.000001  1.933714 0.000004 1.570794
43  3.859859 -0.137942 1.332475  0.357799 -0.048367 -0.605272
44  -0.000001 1.719429 0.000000  -0.420876 0.202310 0.066145
45  0.000000 0.000000 0.000000  1.743430 0.000000 1.570798
46  1.719434 0.000003 -0.000006  0.000189 -0.009100 -0.438599
47  -0.000000 1.099661 0.000001  1.022357 1.907818 1.050330
48  0.000003 0.000000 0.000001  -0.000002 0.000003 1.570799
49  1.099663 -0.000001 0.000002  -0.000119 0.002600 -0.290978
50  0.046789 3.883682 0.431450  -0.028152 -1.505149 -0.643972
51  -0.000002 0.000000 -0.000001  1.590082 0.000009 1.570787
52  3.883687 -0.046762 0.431450  0.084906 0.001838 -0.672065
53  0.000000 1.719575 -0.000003  -0.720100 0.051523 -0.006475
54  0.000000 0.000000 0.000001  1.538381 -0.000002 1.570794
55  1.719577 0.000014 -0.000016  -0.003915 0.016393 -0.719628
56  0.000000 1.209180 -0.000002  -1.502663 1.085643 -1.507497
57  -0.000001 -0.000000 0.000000  -0.000000 -0.000000 1.570805
58  1.209182 -0.000002 -0.000003  -0.000816 0.002971 -0.484094
59  -0.046751 3.942322 -0.431435  -0.326449 -1.473453 -0.660449
60  -0.000000 -0.000001 0.000001  1.317660 0.000000 1.570797
61  3.942327 0.046778 -0.431436  -0.160904 0.031173 -0.985454
62  -0.000000 1.539087 -0.000001  -0.255114 -0.026494 -0.056799
63  -0.000000 -0.000001 -0.000001  1.337310 -0.000004 1.570800
64  1.539094 -0.000001 0.000001  -0.000026 0.003538 -0.262664
65  0.000002 1.196324 0.000003  -1.013120 1.118322 -1.059577
66  0.000003 -0.000000 0.000001  0.000000 -0.000001 1.570800
67  1.196330 -0.000003 0.000006  0.000001 0.000004 -0.391199
68  0.142426 3.859701 -1.191966  -0.667371 -1.423718 -0.301272
69  0.000000 -0.000000 -0.000001  0.976757 -0.000005 1.570807
70  3.859707 -0.142400 -1.191969  -0.478196 0.090837 -0.963365
71  -0.000001 1.312564 0.000000  -0.361360 -0.138963 -0.204711
72  0.000001 0.000001 -0.000001  1.078169 0.000003 1.570794
73  1.312569 -0.000014 0.000008  0.000004 -0.001343 -0.437238
74  0.000002 0.729365 -0.000001  -0.404444 1.030434 -0.462982
75  0.000003 -0.000000 -0.000001  -0.000001 -0.000001 1.570795
76  0.729367 0.000004 -0.000000  0.000002 -0.000005 -0.231830
77  0.348927 0.806041 1.321259  -1.142980 -2.276487 0.650281
78  -0.000001 -0.000001 0.000000  0.437032 0.000002 1.570790
79  0.806047 -0.348924 1.321261  -1.473563 -0.631198 -0.380782
80  0.000000 1.789781 -0.000002  0.105694 0.066384 0.343681
81  -0.000001 -0.000001 0.000000  0.347279 0.000000 1.570806
82  1.789786 0.000010 -0.000003  0.002654 0.043680 0.349583
83  -0.000002 1.206999 0.000001  0.184118 0.296140 0.567998
84  -0.000001 -0.000001 -0.000000  0.000001 -0.000001 1.570797
85  1.207002 -0.000010 0.000005  -0.000004 0.000001 0.540449
86  0.000000 0.000000 1.000000  1.570796 -0.000000 0.000000
time 24
0  0.000005 3.335938 -8.640624  -1.570780 -1.391896 -1.570809
1  2.033356 1.000772 -1.937610  1.473119 1.855075 -0.198639
2  6.028144 -0.000001 0.000000  2.094812 1.511334 -0.466459
3  11.692556 0.000002 0.000004  0.000000 -0.000000 -0.322222
4  11.481701 -0.000000 0.000003  -1.286057 0.008477 0.200690
5  3.859675 -0.132572 1.193109  0.432210 -0.155861 -0.861350
6  1.312555 -0.000004 0.000003  0.000000 -0.000000 -1.191973
7  0.729362 0.000005 -0.000003  -0.000000 0.000000 -1.063394
8  3.942302 0.050326 0.431042  0.232421 0.000609 -0.853331
9  1.539099 -0.000002 -0.000000  -0.000000 -0.000000 -0.973379
10  1.196318 0.000010 -0.000000  -0.000000 -0.000000 -1.451261
11  3.883659 -0.050323 -0.431043  0.066987 0.050243 -0.694792
12  1.719578 0.000006 0.000000  0.000000 -0.000004 -1.251013
13  1.209182 0.000002 0.000000  -0.000000 -0.000003 -1.141145
14  3.859840 -0.148937 -1.331280  -0.248855 0.263129 -0.072121
15  1.719420 0.000002 -0.000000  0.000000 0.000000 -0.676756
16  1.099665 0.000000 -0.000000  0.000000 -0.000000 -1.021287
17  0.806019 -0.359838 -1.318334  1.349685 0.343493 -0.771450
18  1.789785 0.000002 -0.000004  -0.000000 -0.000000 0.397500
19  1.207002 0.000003 -0.000003  0.000000 0.000000 0.989033
20  4.124998 -1.447266 -3.542969  -1.564198 -0.011689 -1.581440
21  3.820737 -1.409995 -0.589409  -1.564198 -0.011689 -1.581439
22  0.222816 -3.739062 1.509296  0.024887 2.851473 -1.494016
23  3.048727 6.125615 1.106841  1.596061 0.018247 -0.808184
24  3.527214 5.063570 0.216259  1.596061 0.018246 -0.808184
25  3.352950 5.114329 -0.401207  1.596061 0.018247 -0.808184
26  2.909482 4.772885 -1.012057  1.596061 0.018247 -0.808184
27  1.772479 4.476573 2.356868  1.596061 0.018247 -0.808184
28  0.000006 3.336140 -8.647861  -1.570799 -1.391898 -1.570795
29  2.033350 1.000764 1.937663  1.227517 0.585911 1.190966
30  2.026190 1.001859 1.937675  1.227511 0.585916 1.190961
31  0.000001 -0.000001 0.000004  1.583265 0.000007 1.570794
32  0.000000 6.028147 -0.000001  -0.406327 -0.509578 -0.917795
33  -0.000001 0.000009 -0.000007  -0.000002 0.000003 1.570791
34  0.000017 6.028144 -0.000011  -0.546528 0.352263 0.446106
35  -0.000000 11.692571 -0.000001  -0.000001 -0.000005 -0.639450
36  0.000000 0.000002 -0.000003  0.000005 0.000000 1.570801
37  11.692578 0.000054 0.000041  0.000005 -0.000001 -0.639441
38  0.000001 11.481683 -0.000000  0.411112 0.489712 0.744248
39  -0.000001 0.000000 0.000000  0.000000 -0.000000 1.570789
40  11.481683 -0.000054 0.000007  0.526680 -0.360408 0.541983
41  0.137967 3.859858 1.332473  -1.465459 -1.619432 0.860068
42  0.000000 0.000003 0.000000  1.933714 0.000004 1.570794
43  3.859860 -0.137941 1.332473  0.357799 -0.048368 -0.605268
44  0.000001 1.719430 0.000001  -0.420881 0.202310 0.066145
45  0.000001 -0.000002 0.000000  1.743430 0.000000 1.570798
46  1.719430 0.000006 -0.000005  0.000190 -0.009101 -0.438604
47  -0.000000 1.099661 0.000001  1.022363 1.907821 1.050337
48  0.000001 0.000000 0.000000  -0.000002 0.000003 1.570799
49  1.099665 -0.000000 0.000001  -0.000119 0.002600 -0.290982
50  0.046788 3.883688 0.431448  -0.028156 -1.505149 -0.643966
51  -0.000000 -0.000001 -0.000002  1.590082 0.000009 1.570787
52  3.883690 -0.046761 0.431448  0.084906 0.001838 -0.672064
53  0.000001 1.719574 -0.000001  -0.720101 0.051523 -0.006475
54  0.000000 -0.000000 -0.000001  1.538381 -0.000002 1.570794
55  1.719577 0.000014 -0.000014  -0.003915 0.016394 -0.719628
56  -0.000000 1.209183 0.000004  -1.502664 1.085642 -1.507497
57  0.000002 0.000000 -0.000000  -0.000000 -0.000000 1.570805
58  1.209186 0.000004 -0.000001  -0.000816 0.002971 -0.484095
59  -0.046751 3.942325 -0.431437  -0.326446 -1.473453 -0.660452
60  -0.000001 0.000001 0.000001  1.317660 0.000000 1.570797
61  3.942326 0.046778 -0.431438  -0.160904 0.031173 -0.985453
62  -0.000000 1.539091 0.000005  -0.255115 -0.026494 -0.056799
63  -0.000000 0.000001 0.000002  1.337310 -0.000004 1.570800
64  1.539097 0.000002 0.000002  -0.000026 0.003538 -0.262664
65  -0.000001 1.196324 0.000004  -1.013121 1.118322 -1.059579
66  -0.000001 0.000000 -0.000001  0.000000 -0.000001 1.570800
67  1.196326 -0.000004 0.000004  0.000001 0.000003 -0.391201
68  0.142426 3.859705 -1.191970  -0.667370 -1.423718 -0.301272
69  -0.000002 -0.000001 0.000000  0.976757 -0.000005 1.570807
70  3.859707 -0.142401 -1.191972  -0.478196 0.090837 -0.963364
71  -0.000002 1.312564 0.000000  -0.361360 -0.138964 -0.204711
72  0.000000 0.000000 0.000002  1.078169 0.000003 1.570794
73  1.312571 -0.000013 0.000008  0.000004 -0.001343 -0.437237
74  0.000000 0.729364 0.000002  -0.404443 1.030435 -0.462980
75  0.000001 -0.000001 0.000000  -0.000001 -0.000001 1.570795
76  0.729366 0.000001 -0.000001  0.000001 -0.000004 -0.231829
77  0.348928 0.806040 1.321258  -1.142979 -2.276487 0.650282
78  -0.000001 -0.000000 0.000000  0.437032 0.000002 1.570791
79  0.806043 -0.348924 1.321260  -1.473564 -0.631197 -0.380782
80  0.000001 1.789783 -0.000004  0.105694 0.066384 0.343681
81  0.000001 0.000000 0.000000  0.347279 0.000000 1.570806
82  1.789788 0.000008 -0.000004  0.002654 0.043680 0.349583
83  0.000001 1.207001 -0.000001  0.184118 0.296140 0.567997
84  0.000000 0.000001 0.000001  0.000001 -0.000001 1.570797
85  1.207005 -0.000010 0.000003  -0.000003 0.000001 0.540448
86  0.000000 0.000000 1.000000  1.570796 -0.000000 0.000000
time 25
0  0.000005 3.335938 -8.640624  -1.570780 -1.391896 -1.570809
1  2.033356 1.000772 -1.937610  1.473119 1.855075 -0.198639
2  6.028144 -0.000001 0.000000  2.087168 1.510539 -0.474130
3  11.692555 0.000003 0.000003  0.000000 -0.000000 -0.324064
4  11.481700 0.000000 0.000002  -1.286039 0.008600 0.200690
5  3.859675 -0.132572 1.193109  0.432210 -0.155861 -0.861350
6  1.312556 -0.000005 0.000003  0.000000 -0.000000 -1.191973
7  0.729361 0.000005 -0.000003  -0.000000 0.000000 -1.063394
8  3.942302 0.050326 0.431043  0.232421 0.000609 -0.853331
9  1.539099 -0.000003 0.000000  -0.000000 0.000000 -0.973379
10  1.196319 0.000005 0.000000  -0.000000 -0.000000 -1.451261
11  3.883660 -0.050323 -0.431043  0.066987 0.050243 -0.694792
12  1.719579 0.000004 -0.000001  0.000000 -0.000004 -1.251013
13  1.209183 0.000003 -0.000000  -0.000000 -0.000003 -1.141173
14  3.859841 -0.148936 -1.331279  -0.248855 0.263129 -0.072121
15  1.719426 0.000003 0.000000  0.000000 0.000000 -0.676756
16  1.099662 0.000002 -0.000001  0.000000 -0.000000 -1.021287
17  0.806022 -0.359838 -1.318333  1.349685 0.343493 -0.771450
18  1.789782 0.000002 -0.000003  -0.000000 -0.000000 0.397500
19  1.207000 0.000004 -0.000001  0.000000 0.000000 0.989033
20  4.124999 -1.447267 -3.542968  -1.564198 -0.011689 -1.581440
21  3.820738 -1.409994 -0.589409  -1.564198 -0.011689 -1.581439
22  0.222830 -3.739061 1.509298  0.024887 2.851473 -1.494016
23  3.048727 6.125609 1.106841  1.596061 0.018247 -0.808184
24  3.527215 5.063567 0.216259  1.596061 0.018246 -0.808183
25  3.352950 5.114325 -0.401205  1.596061 0.018247 -0.808184
26  2.909482 4.772881 -1.012056  1.596061 0.018247 -0.808184
27  1.772479 4.476569 2.356868  1.596061 0.018247 -0.808184
28  0.000006 3.336140 -8.647861  -1.570799 -1.391898 -1.570795
29  2.033350 1.000764 1.937663  1.227517 0.585911 1.190966
30  2.026190 1.001859 1.937675  1.227511 0.585916 1.190961
31  0.000001 -0.000001 0.000004  1.583265 0.000007 1.570794
32  0.000000 6.028147 -0.000001  -0.406522 -0.509486 -0.917497
33  -0.000002 0.000010 -0.000005  -0.000002 0.000003 1.570792
34  0.000017 6.028144 -0.000011  -0.546470 0.352448 0.446329
35  -0.000001 11.692573 0.000001  -0.000001 -0.000005 -0.640075
36  0.000000 0.000001 -0.000001  0.000005 0.000001 1.570801
37  11.692578 0.000053 0.000042  0.000005 -0.000001 -0.640066
38  -0.000001 11.481685 0.000000  0.412049 0.489874 0.744541
39  -0.000000 0.000001 -0.000001  0.000000 -0.000000 1.570789
40  11.481683 -0.000054 0.000006  0.527027 -0.361185 0.541712
41  0.137968 3.859855 1.332473  -1.465456 -1.619430 0.860063
42  0.000000 0.000001 -0.000001  1.933714 0.000004 1.570794
43  3.859857 -0.137941 1.332475  0.357799 -0.048366 -0.605275
44  0.000001 1.719432 -0.000000  -0.420872 0.202310 0.066145
45  0.000000 0.000003 -0.000000  1.743430 0.000000 1.570798
46  1.719432 0.000008 -0.000006  0.000189 -0.009099 -0.438595
47  0.000000 1.099665 -0.000003  1.022351 1.907814 1.050325
48  -0.000001 0.000000 -0.000000  -0.000002 0.000003 1.570799
49  1.099666 0.000000 0.000002  -0.000120 0.002600 -0.290974
50  0.046789 3.883688 0.431450  -0.028152 -1.505149 -0.643972
51  -0.000001 -0.000001 0.000000  1.590082 0.000009 1.570787
52  3.883688 -0.046762 0.431452  0.084906 0.001838 -0.672067
53  -0.000002 1.719577 -0.000001  -0.720098 0.051523 -0.006475
54  0.000000 0.000000 -0.000001  1.538381 -0.000002 1.570794
55  1.719581 0.000012 -0.000017  -0.003915 0.016393 -0.719626
56  -0.000001 1.209183 -0.000001  -1.502663 1.085644 -1.507497
57  0.000003 0.000000 -0.000000  -0.000000 -0.000000 1.570805
58  1.209185 -0.000003 -0.000004  -0.000816 0.002971 -0.484093
59  -0.046750 3.942326 -0.431436  -0.326451 -1.473453 -0.660450
60  -0.000000 0.000000 -0.000000  1.317660 0.000000 1.570797
61  3.942327 0.046778 -0.431436  -0.160904 0.031173 -0.985456
62  -0.000001 1.539091 0.000001  -0.255111 -0.026494 -0.056799
63  0.000001 -0.000000 0.000000  1.337310 -0.000004 1.570800
64  1.539095 -0.000001 0.000001  -0.000026 0.003537 -0.262660
65  -0.000001 1.196322 0.000003  -1.013116 1.118326 -1.059572
66  0.000001 -0.000000 -0.000001  0.000000 -0.000001 1.570800
67  1.196326 -0.000003 0.000003  0.000000 0.000004 -0.391196
68  0.142426 3.859705 -1.191968  -0.667370 -1.423718 -0.301278
69  -0.000001 -0.000001 0.000001  0.976757 -0.000005 1.570807
70  3.859705 -0.142400 -1.191968  -0.478197 0.090836 -0.963370
71  -0.000004 1.312567 0.000002  -0.361356 -0.138963 -0.204711
72  0.000000 -0.000000 0.000001  1.078169 0.000003 1.570794
73  1.312575 -0.000011 0.000007  0.000005 -0.001345 -0.437233
74  0.000001 0.729363 0.000002  -0.404437 1.030436 -0.462973
75  -0.000000 -0.000001 0.000000  -0.000001 -0.000001 1.570795
76  0.729367 0.000000 -0.000000  0.000001 -0.000004 -0.231826
77  0.348928 0.806045 1.321259  -1.142980 -2.276487 0.650281
78  0.000000 0.000001 -0.000000  0.437032 0.000002 1.570790
79  0.806045 -0.348924 1.321262  -1.473563 -0.631198 -0.380783
80  0.000000 1.789784 -0.000001  0.105694 0.066384 0.343681
81  0.000000 -0.000002 -0.000000  0.347279 0.000000 1.570806
82  1.789788 0.000009 -0.000003  0.002654 0.043680 0.349583
83  -0.000000 1.206997 -0.000000  0.184118 0.296140 0.567997
84  -0.000000 0.000001 0.000000  0.000001 -0.000001 1.570797
85  1.207005 -0.000012 0.000005  -0.000004 0.000001 0.540449
86  0.000000 0.000000 1.000000  1.570796 -0.000000 0.000000
time 26
0  0.000005 3.335938 -8.640624  -1.570780 -1.391896 -1.570809
1  2.033356 1.000772 -1.937610  1.473119 1.855075 -0.198639
2  6.028144 -0.000001 0.000000  2.080101 1.509791 -0.481196
3  11.692554 0.000003 0.000003  -0.000000 -0.000000 -0.325831
4  11.481699 -0.000000 0.000002  -1.286020 0.008703 0.200690
5  3.859672 -0.132571 1.193110  0.432210 -0.155861 -0.861350
6  1.312558 -0.000003 0.000001  0.000000 -0.000000 -1.191973
7  0.729362 0.000003 -0.000002  -0.000000 0.000000 -1.063394
8  3.942301 0.050326 0.431044  0.232421 0.000609 -0.853331
9  1.539097 -0.000003 -0.000000  -0.000000 0.000000 -0.973379
10  1.196319 0.000011 -0.000000  -0.000000 0.000000 -1.451292
11  3.883657 -0.050322 -0.431043  0.066987 0.050243 -0.694792
12  1.719579 0.000007 -0.000000  0.000000 -0.000004 -1.251013
13  1.209183 0.000006 -0.000001  -0.000000 -0.000003 -1.141173
14  3.859838 -0.148936 -1.331280  -0.248855 0.263129 -0.072121
15  1.719424 0.000002 -0.000001  0.000000 0.000000 -0.676756
16  1.099662 0.000002 -0.000000  0.000000 -0.000000 -1.021287
17  0.806017 -0.359837 -1.318334  1.349685 0.343493 -0.771450
18  1.789784 0.000002 -0.000004  -0.000000 -0.000000 0.397500
19  1.207000 0.000003 -0.000002  0.000000 0.000000 0.989033
20  4.124996 -1.447266 -3.542968  -1.564198 -0.011689 -1.581440
21  3.820734 -1.409995 -0.589409  -1.564198 -0.011689 -1.581439
22  0.222819 -3.739060 1.509297  0.024887 2.851473 -1.494016
23  3.048727 6.125611 1.106840  1.596061 0.018247 -0.808184
24  3.527214 5.063567 0.216259  1.596061 0.018246 -0.808184
25  3.352949 5.114327 -0.401207  1.596061 0.018247 -0.808184
26  2.909481 4.772883 -1.012058  1.596061 0.018247 -0.808184
27  1.772479 4.476573 2.356868  1.596061 0.018247 -0.808184
28  0.000006 3.336140 -8.647861  -1.570799 -1.391898 -1.570795
29  2.033350 1.000764 1.937663  1.227517 0.585911 1.190966
30  2.026190 1.001859 1.937675  1.227511 0.585916 1.190961
31  0.000001 -0.000001 0.000004  1.583265 0.000007 1.570794
32  0.000000 6.028147 -0.000001  -0.406706 -0.509382 -0.917184
33  -0.000000 0.000010 -0.000006  -0.000002 0.000003 1.570792
34  0.000017 6.028144 -0.000011  -0.546396 0.352627 0.446578
35  0.000001 11.692570 0.000000  -0.000001 -0.000005 -0.640741
36  -0.000001 0.000001 -0.000002  0.000005 0.000000 1.570801
37  11.692577 0.000051 0.000038  0.000004 -0.000001 -0.640732
38  -0.000001 11.481683 0.000001  0.412954 0.489997 0.744862
39  -0.000000 -0.000001 0.000002  0.000000 -0.000000 1.570789
40  11.481681 -0.000052 0.000008  0.527328 -0.361943 0.541501
41  0.137968 3.859858 1.332476  -1.465456 -1.619431 0.860061
42  -0.000000 -0.000001 -0.000002  1.933714 0.000004 1.570794
43  3.859858 -0.137941 1.332476  0.357798 -0.048367 -0.605272
44  0.000000 1.719427 -0.000003  -0.420877 0.202310 0.066145
45  -0.000000 -0.000001 0.000001  1.743430 0.000000 1.570799
46  1.719431 0.000006 -0.000006  0.000190 -0.009100 -0.438600
47  -0.000002 1.099663 0.000002  1.022358 1.907818 1.050331
48  0.000003 0.000001 -0.000000  -0.000002 0.000003 1.570799
49  1.099665 0.000000 -0.000000  -0.000119 0.002600 -0.290978
50  0.046789 3.883687 0.431452  -0.028139 -1.505149 -0.643984
51  0.000001 0.000001 -0.000001  1.590082 0.000009 1.570787
52  3.883688 -0.046762 0.431450  0.084906 0.001837 -0.672066
53  0.000002 1.719572 -0.000000  -0.720101 0.051523 -0.006475
54  -0.000000 -0.000001 -0.000001  1.538381 -0.000002 1.570794
55  1.719572 0.000016 -0.000015  -0.003915 0.016394 -0.719628
56  -0.000000 1.209180 0.000000  -1.502664 1.085642 -1.507497
57  0.000000 -0.000001 -0.000000  -0.000000 -0.000000 1.570805
58  1.209184 -0.000000 -0.000003  -0.000816 0.002971 -0.484095
59  -0.046750 3.942326 -0.431435  -0.326448 -1.473453 -0.660453
60  -0.000000 -0.000000 0.000002  1.317660 0.000000 1.570797
61  3.942325 0.046778 -0.431437  -0.160904 0.031173 -0.985456
62  0.000000 1.539088 0.000003  -0.255110 -0.026494 -0.056799
63  0.000000 0.000001 0.000001  1.337310 -0.000004 1.570800
64  1.539093 -0.000001 0.000002  -0.000026 0.003537 -0.262660
65  -0.000000 1.196324 0.000002  -1.013115 1.118327 -1.059571
66  0.000002 0.000000 0.000001  0.000000 -0.000001 1.570800
67  1.196326 0.000000 0.000003  0.000001 0.000003 -0.391194
68  0.142426 3.859704 -1.191965  -0.667368 -1.423718 -0.301277
69  -0.000000 0.000000 -0.000001  0.976757 -0.000005 1.570807
70  3.859706 -0.142400 -1.191968  -0.478196 0.090836 -0.963367
71  0.000001 1.312567 -0.000003  -0.361358 -0.138964 -0.204711
72  -0.000000 0.000000 -0.000001  1.078169 0.000003 1.570794
73  1.312572 -0.000015 0.000009  0.000004 -0.001344 -0.437235
74  -0.000001 0.729363 0.000000  -0.404439 1.030436 -0.462976
75  0.000001 0.000000 0.000000  -0.000001 -0.000001 1.570795
76  0.729366 0.000002 0.000001  0.000001 -0.000004 -0.231827
77  0.348928 0.806043 1.321262  -1.142978 -2.276485 0.650280
78  -0.000000 0.000000 -0.000000  0.437032 0.000002 1.570791
79  0.806045 -0.348924 1.321262  -1.473563 -0.631195 -0.380783
80  -0.000002 1.789783 0.000001  0.105694 0.066384 0.343679
81  0.000001 -0.000001 0.000000  0.347279 0.000000 1.570806
82  1.789787 0.000013 0.000001  0.002654 0.043679 0.349581
83  0.000001 1.206995 -0.000002  0.184117 0.296140 0.567994
84  -0.000000 0.000001 0.000000  0.000001 -0.000001 1.570797
85  1.207000 -0.000010 0.000003  -0.000003 0.000001 0.540445
86  0.000000 0.000000 1.000000  1.570796 -0.000000 0.000000
time 27
0  0.000005 3.335938 -8.640624  -1.570780 -1.391896 -1.570809
1  2.033356 1.000772 -1.937610  1.473119 1.855075 -0.198639
2  6.028144 -0.000001 0.000000  2.073694 1.509090 -0.487608
3  11.692554 0.000003 0.000003  -0.000000 -0.000000 -0.327485
4  11.481700 0.000001 0.000002  -1.286002 0.008806 0.200690
5  3.859677 -0.132571 1.193109  0.432210 -0.155861 -0.861350
6  1.312557 -0.000002 0.000000  0.000000 -0.000000 -1.191973
7  0.729362 0.000005 -0.000003  -0.000000 0.000000 -1.063394
8  3.942303 0.050327 0.431044  0.232421 0.000609 -0.853331
9  1.539100 -0.000002 -0.000001  -0.000000 -0.000000 -0.973379
10  1.196318 0.000008 0.000001  -0.000000 0.000000 -1.451261
11  3.883662 -0.050322 -0.431043  0.066987 0.050243 -0.694792
12  1.719576 0.000005 -0.000001  0.000000 -0.000004 -1.251013
13  1.209182 0.000000 -0.000000  -0.000000 -0.000003 -1.141173
14  3.859841 -0.148936 -1.331280  -0.248855 0.263129 -0.072121
15  1.719419 0.000002 0.000000  0.000000 0.000000 -0.676756
16  1.099663 0.000001 -0.000001  0.000000 -0.000000 -1.021287
17  0.806021 -0.359837 -1.318334  1.349685 0.343493 -0.771450
18  1.789784 0.000002 -0.000006  -0.000000 -0.000000 0.397500
19  1.206999 0.000003 0.000000  0.000000 0.000000 0.989033
20  4.124999 -1.447266 -3.542968  -1.564198 -0.011689 -1.581440
21  3.820738 -1.409994 -0.589409  -1.564198 -0.011689 -1.581439
22  0.222817 -3.739059 1.509296  0.024887 2.851473 -1.494016
23  3.048727 6.125612 1.106842  1.596061 0.018247 -0.808184
24  3.527214 5.063568 0.216260  1.596061 0.018246 -0.808184
25  3.352950 5.114328 -0.401206  1.596061 0.018247 -0.808184
26  2.909482 4.772880 -1.012056  1.596061 0.018247 -0.808184
27  1.772479 4.476570 2.356868  1.596061 0.018247 -0.808184
28  0.000006 3.336140 -8.647861  -1.570799 -1.391898 -1.570795
29  2.033350 1.000764 1.937663  1.227517 0.585911 1.190966
30  2.026190 1.001859 1.937675  1.227511 0.585916 1.190961
31  0.000001 -0.000001 0.000004  1.583265 0.000007 1.570794
32  0.000000 6.028147 -0.000001  -0.406871 -0.509286 -0.916900
33  0.000000 0.000009 -0.000005  -0.000002 0.000003 1.570791
34  0.000017 6.028144 -0.000011  -0.546328 0.352787 0.446805
35  0.000002 11.692571 0.000001  -0.000001 -0.000005 -0.641356
36  -0.000001 0.000001 -0.000001  0.000005 0.000000 1.570801
37  11.692578 0.000053 0.000037  0.000004 -0.000001 -0.641347
38  0.000000 11.481682 -0.000000  0.413798 0.490119 0.745156
39  -0.000000 -0.000003 0.000001  0.000000 -0.000000 1.570789
40  11.481681 -0.000056 0.000007  0.527617 -0.362647 0.541296
41  0.137968 3.859857 1.332475  -1.465458 -1.619432 0.860067
42  0.000001 0.000000 0.000001  1.933714 0.000004 1.570794
43  3.859864 -0.137941 1.332474  0.357798 -0.048368 -0.605270
44  -0.000001 1.719430 0.000001  -0.420879 0.202310 0.066145
45  0.000000 -0.000003 -0.000000  1.743430 0.000000 1.570798
46  1.719433 0.000007 -0.000008  0.000190 -0.009100 -0.438602
47  0.000001 1.099659 -0.000002  1.022362 1.907820 1.050335
48  -0.000001 0.000000 -0.000000  -0.000002 0.000003 1.570799
49  1.099663 -0.000002 0.000004  -0.000119 0.002599 -0.290981
50  0.046789 3.883685 0.431452  -0.028139 -1.505149 -0.643983
51  0.000001 -0.000001 -0.000002  1.590082 0.000009 1.570787
52  3.883690 -0.046762 0.431451  0.084906 0.001837 -0.672065
53  0.000002 1.719572 -0.000001  -0.720101 0.051523 -0.006475
54  0.000000 -0.000000 -0.000000  1.538381 -0.000002 1.570794
55  1.719577 0.000013 -0.000017  -0.003915 0.016394 -0.719629
56  0.000002 1.209180 -0.000001  -1.502664 1.085642 -1.507497
57  -0.000001 -0.000000 -0.000000  -0.000000 -0.000000 1.570805
58  1.209185 -0.000003 -0.000002  -0.000816 0.002971 -0.484095
59  -0.046750 3.942322 -0.431433  -0.326442 -1.473453 -0.660454
60  -0.000001 0.000001 -0.000003  1.317660 0.000000 1.570797
61  3.942326 0.046778 -0.431436  -0.160904 0.031172 -0.985452
62  -0.000000 1.539090 0.000000  -0.255115 -0.026494 -0.056799
63  -0.000001 -0.000001 0.000004  1.337310 -0.000004 1.570800
64  1.539094 0.000001 0.000004  -0.000026 0.003538 -0.262664
65  0.000000 1.196322 0.000005  -1.013122 1.118321 -1.059579
66  -0.000002 -0.000000 0.000000  0.000000 -0.000001 1.570800
67  1.196327 -0.000006 0.000004  0.000001 0.000003 -0.391201
68  0.142427 3.859702 -1.191966  -0.667369 -1.423717 -0.301272
69  0.000000 0.000001 0.000002  0.976757 -0.000005 1.570807
70  3.859708 -0.142401 -1.191969  -0.478196 0.090837 -0.963364
71  -0.000001 1.312567 0.000003  -0.361362 -0.138963 -0.204711
72  0.000000 -0.000000 0.000002  1.078169 0.000003 1.570794
73  1.312570 -0.000013 0.000008  0.000005 -0.001342 -0.437239
74  -0.000001 0.729364 0.000001  -0.404447 1.030434 -0.462985
75  0.000003 0.000000 -0.000001  -0.000001 -0.000001 1.570794
76  0.729367 0.000004 -0.000002  0.000002 -0.000005 -0.231832
77  0.348928 0.806039 1.321261  -1.142979 -2.276489 0.650282
78  0.000000 0.000000 -0.000001  0.437032 0.000002 1.570790
79  0.806045 -0.348924 1.321261  -1.473564 -0.631198 -0.380781
80  -0.000001 1.789783 -0.000001  0.105694 0.066384 0.343682
81  0.000000 -0.000001 0.000001  0.347279 0.000000 1.570806
82  1.789787 0.000011 -0.000003  0.002654 0.043680 0.349584
83  0.000001 1.206998 -0.000000  0.184119 0.296139 0.567998
84  0.000000 -0.000001 -0.000000  0.000001 -0.000001 1.570797
85  1.207001 -0.000013 0.000004  -0.000004 0.000001 0.540450
86  0.000000 0.000000 1.000000  1.570796 -0.000000 0.000000
time 28
0  0.000005 3.335938 -8.640624  -1.570780 -1.391896 -1.570809
1  2.033356 1.000772 -1.937610  1.473119 1.855075 -0.198639
2  6.028144 -0.000001 0.000000  2.068008 1.508436 -0.493295
3  11.692555 0.000003 0.000003  0.000000 -0.000000 -0.328952
4  11.481699 0.000001 0.000003  -1.285984 0.008888 0.200690
5  3.859674 -0.132572 1.193109  0.432210 -0.155861 -0.861350
6  1.312556 -0.000003 0.000001  -0.000000 -0.000000 -1.191973
7  0.729363 0.000005 -0.000003  -0.000000 0.000000 -1.063394
8  3.942300 0.050326 0.431043  0.232421 0.000609 -0.853331
9  1.539096 -0.000003 -0.000001  -0.000000 0.000000 -0.973379
10  1.196319 0.000009 0.000000  -0.000000 0.000000 -1.451261
11  3.883659 -0.050323 -0.431043  0.066987 0.050243 -0.694792
12  1.719579 0.000004 -0.000001  0.000000 -0.000004 -1.251013
13  1.209183 0.000000 -0.000001  -0.000000 -0.000003 -1.141145
14  3.859838 -0.148937 -1.331280  -0.248855 0.263129 -0.072121
15  1.719423 0.000003 0.000001  0.000000 0.000000 -0.676756
16  1.099665 -0.000000 -0.000001  0.000000 -0.000000 -1.021286
17  0.806016 -0.359838 -1.318334  1.349685 0.343493 -0.771450
18  1.789783 0.000002 -0.000005  -0.000000 -0.000000 0.397500
19  1.207000 0.000003 -0.000002  0.000000 0.000000 0.989033
20  4.124997 -1.447266 -3.542968  -1.564198 -0.011689 -1.581440
21  3.820735 -1.409994 -0.589409  -1.564198 -0.011689 -1.581439
22  0.222811 -3.739062 1.509296  0.024887 2.851473 -1.494016
23  3.048727 6.125610 1.106841  1.596061 0.018247 -0.808184
24  3.527215 5.063569 0.216259  1.596061 0.018246 -0.808184
25  3.352950 5.114327 -0.401207  1.596061 0.018247 -0.808184
26  2.909482 4.772883 -1.012057  1.596061 0.018247 -0.808184
27  1.772479 4.476571 2.356867  1.596061 0.018247 -0.808184
28  0.000006 3.336140 -8.647861  -1.570799 -1.391898 -1.570795
29  2.033350 1.000764 1.937663  1.227517 0.585911 1.190966
30  2.026190 1.001859 1.937675  1.227511 0.585916 1.190961
31  0.000001 -0.000001 0.000004  1.583265 0.000007 1.570794
32  0.000000 6.028147 -0.000001  -0.407048 -0.509219 -0.916656
33  -0.000002 0.000010 -0.000005  -0.000002 0.000003 1.570791
34  0.000017 6.028144 -0.000011  -0.546292 0.352953 0.446974
35  -0.000001 11.692570 0.000001  -0.000001 -0.000005 -0.641850
36  0.000001 0.000000 -0.000002  0.000005 0.000001 1.570801
37  11.692579 0.000051 0.000040  0.000004 -0.000001 -0.641841
38  0.000001 11.481679 -0.000000  0.414558 0.490234 0.745398
39  -0.000001 -0.000001 0.000000  0.000000 -0.000000 1.570789
40  11.481682 -0.000057 0.000006  0.527882 -0.363280 0.541085
41  0.137968 3.859857 1.332474  -1.465455 -1.619431 0.860065
42  -0.000000 0.000003 -0.000000  1.933714 0.000004 1.570794
43  3.859861 -0.137941 1.332473  0.357798 -0.048367 -0.605269
44  -0.000001 1.719430 0.000001  -0.420879 0.202310 0.066145
45  -0.000000 -0.000001 0.000001  1.743430 0.000000 1.570798
46  1.719433 0.000004 -0.000008  0.000190 -0.009100 -0.438602
47  -0.000000 1.099661 0.000001  1.022361 1.907820 1.050333
48  -0.000003 -0.000000 -0.000001  -0.000002 0.000003 1.570799
49  1.099665 0.000002 0.000002  -0.000119 0.002600 -0.290980
50  0.046789 3.883685 0.431451  -0.028163 -1.505149 -0.643956
51  -0.000000 0.000003 0.000002  1.590082 0.000009 1.570787
52  3.883688 -0.046762 0.431449  0.084906 0.001839 -0.672064
53  -0.000002 1.719577 0.000002  -0.720101 0.051523 -0.006475
54  -0.000001 -0.000000 -0.000001  1.538381 -0.000002 1.570794
55  1.719580 0.000013 -0.000017  -0.003915 0.016394 -0.719628
56  -0.000000 1.209181 -0.000002  -1.502664 1.085642 -1.507497
57  -0.000003 -0.000000 0.000001  -0.000000 -0.000000 1.570805
58  1.209184 -0.000004 -0.000002  -0.000816 0.002971 -0.484095
59  -0.046750 3.942322 -0.431436  -0.326448 -1.473453 -0.660448
60  -0.000001 0.000000 0.000000  1.317660 0.000000 1.570797
61  3.942325 0.046778 -0.431438  -0.160904 0.031173 -0.985453
62  -0.000001 1.539090 -0.000001  -0.255115 -0.026494 -0.056799
63  0.000000 -0.000000 -0.000001  1.337310 -0.000004 1.570800
64  1.539093 -0.000002 0.000002  -0.000026 0.003538 -0.262665
65  -0.000001 1.196322 0.000003  -1.013122 1.118321 -1.059579
66  0.000002 -0.000000 -0.000000  0.000000 -0.000001 1.570800
67  1.196325 -0.000001 0.000003  0.000001 0.000004 -0.391201
68  0.142426 3.859700 -1.191966  -0.667371 -1.423717 -0.301270
69  -0.000001 0.000002 0.000001  0.976757 -0.000005 1.570807
70  3.859704 -0.142400 -1.191969  -0.478196 0.090837 -0.963364
71  -0.000000 1.312568 0.000000  -0.361360 -0.138963 -0.204711
72  0.000001 -0.000000 0.000003  1.078169 0.000003 1.570794
73  1.312572 -0.000011 0.000008  0.000005 -0.001343 -0.437237
74  0.000001 0.729363 0.000002  -0.404443 1.030435 -0.462980
75  -0.000002 0.000000 0.000001  -0.000001 -0.000001 1.570795
76  0.729366 0.000003 -0.000000  0.000002 -0.000005 -0.231829
77  0.348928 0.806042 1.321261  -1.142979 -2.276488 0.650282
78  -0.000002 0.000001 0.000001  0.437032 0.000002 1.570791
79  0.806046 -0.348924 1.321261  -1.473564 -0.631198 -0.380781
80  -0.000002 1.789784 0.000002  0.105694 0.066384 0.343682
81  0.000001 -0.000002 0.000002  0.347279 0.000000 1.570806
82  1.789786 0.000010 -0.000001  0.002654 0.043680 0.349584
83  0.000001 1.206996 0.000000  0.184119 0.296140 0.567999
84  -0.000001 -0.000000 0.000000  0.000001 -0.000001 1.570797
85  1.207002 -0.000010 0.000003  -0.000004 0.000001 0.540450
86  0.000000 0.000000 1.000000  1.570796 -0.000000 0.000000
time 29
0  0.000005 3.335938 -8.640624  -1.570780 -1.391896 -1.570809
1  2.033356 1.000772 -1.937610  1.473119 1.855075 -0.198639
2  6.028144 -0.000001 0.000000  2.063125 1.507875 -0.498207
3  11.692556 0.000002 0.000003  -0.000000 -0.000000 -0.330267
4  11.481701 0.000001 0.000003  -1.285984 0.008950 0.200690
5  3.859675 -0.132572 1.193109  0.432210 -0.155861 -0.861350
6  1.312555 -0.000006 0.000002  0.000000 -0.000000 -1.191973
7  0.729364 0.000002 -0.000002  -0.000000 0.000000 -1.063394
8  3.942304 0.050326 0.431044  0.232421 0.000609 -0.853331
9  1.539098 -0.000004 0.000000  -0.000000 0.000000 -0.973379
10  1.196317 0.000007 0.000001  -0.000000 -0.000000 -1.451261
11  3.883658 -0.050323 -0.431043  0.066987 0.050243 -0.694792
12  1.719579 0.000006 -0.000000  0.000000 -0.000004 -1.251013
13  1.209182 0.000005 -0.000000  -0.000000 -0.000003 -1.141145
14  3.859840 -0.148937 -1.331280  -0.248855 0.263129 -0.072121
15  1.719422 0.000003 -0.000002  0.000000 0.000000 -0.676756
16  1.099666 -0.000001 0.000000  0.000000 -0.000000 -1.021287
17  0.806018 -0.359838 -1.318334  1.349685 0.343493 -0.771450
18  1.789784 0.000001 -0.000008  -0.000000 -0.000000 0.397500
19  1.206999 0.000002 -0.000000  0.000000 0.000000 0.989033
20  4.124996 -1.447267 -3.542969  -1.564198 -0.011689 -1.581440
21  3.820735 -1.409995 -0.589409  -1.564198 -0.011689 -1.581439
22  0.222810 -3.739063 1.509297  0.024887 2.851473 -1.494016
23  3.048726 6.125612 1.106840  1.596061 0.018247 -0.808184
24  3.527214 5.063570 0.216258  1.596061 0.018246 -0.808184
25  3.352950 5.114330 -0.401208  1.596061 0.018247 -0.808184
26  2.909482 4.772883 -1.012056  1.596061 0.018247 -0.808184
27  1.772479 4.476572 2.356867  1.596061 0.018247 -0.808184
28  0.000006 3.336140 -8.647861  -1.570799 -1.391898 -1.570795
29  2.033350 1.000764 1.937663  1.227517 0.585911 1.190966
30  2.026190 1.001859 1.937675  1.227511 0.585916 1.190961
31  0.000001 -0.000001 0.000004  1.583265 0.000007 1.570794
32  0.000000 6.028147 -0.000001  -0.407184 -0.509141 -0.916426
33  -0.000001 0.000010 -0.000004  -0.000002 0.000003 1.570792
34  0.000017 6.028144 -0.000011  -0.546237 0.353084 0.447157
35  0.000000 11.692570 0.000002  -0.000001 -0.000005 -0.642355
36  -0.000001 0.000000 -0.000002  0.000005 0.000000 1.570801
37  11.692579 0.000052 0.000040  0.000005 -0.000001 -0.642345
38  -0.000002 11.481681 0.000001  0.415241 0.490334 0.745668
39  -0.000000 0.000001 0.000001  0.000000 -0.000000 1.570789
40  11.481685 -0.000054 0.000008  0.528119 -0.363849 0.540950
41  0.137968 3.859858 1.332474  -1.465459 -1.619432 0.860066
42  0.000001 0.000001 0.000001  1.933714 0.000004 1.570794
43  3.859858 -0.137941 1.332474  0.357799 -0.048368 -0.605270
44  0.000001 1.719429 -0.000001  -0.420881 0.202310 0.066145
45  -0.000000 0.000000 0.000001  1.743430 0.000000 1.570799
46  1.719432 0.000004 -0.000007  0.000190 -0.009100 -0.438604
47  -0.000000 1.099661 0.000002  1.022364 1.907821 1.050336
48  0.000002 -0.000000 0.000000  -0.000002 0.000003 1.570799
49  1.099663 0.000000 0.000002  -0.000119 0.002599 -0.290982
50  0.046789 3.883685 0.431452  -0.028154 -1.505149 -0.643965
51  0.000001 -0.000001 0.000000  1.590082 0.000009 1.570787
52  3.883682 -0.046762 0.431452  0.084906 0.001838 -0.672065
53  -0.000001 1.719577 0.000002  -0.720100 0.051524 -0.006475
54  0.000000 0.000001 0.000001  1.538382 -0.000002 1.570794
55  1.719582 0.000016 -0.000018  -0.003915 0.016394 -0.719628
56  -0.000002 1.209184 0.000003  -1.502664 1.085643 -1.507497
57  0.000002 0.000000 0.000001  -0.000000 -0.000000 1.570805
58  1.209187 -0.000002 -0.000005  -0.000816 0.002971 -0.484094
59  -0.046750 3.942325 -0.431434  -0.326448 -1.473453 -0.660448
60  -0.000000 -0.000001 0.000002  1.317660 0.000000 1.570797
61  3.942324 0.046778 -0.431436  -0.160904 0.031173 -0.985454
62  0.000000 1.539088 0.000002  -0.255115 -0.026494 -0.056799
63  -0.000001 0.000001 -0.000001  1.337310 -0.000004 1.570800
64  1.539095 -0.000000 0.000002  -0.000026 0.003538 -0.262664
65  0.000000 1.196322 -0.000003  -1.013121 1.118322 -1.059578
66  -0.000000 0.000000 -0.000001  0.000000 -0.000001 1.570800
67  1.196325 -0.000007 0.000004  0.000000 0.000003 -0.391200
68  0.142426 3.859704 -1.191966  -0.667368 -1.423718 -0.301272
69  0.000001 -0.000000 -0.000003  0.976757 -0.000005 1.570807
70  3.859702 -0.142400 -1.191969  -0.478196 0.090837 -0.963365
71  -0.000000 1.312566 -0.000002  -0.361361 -0.138964 -0.204711
72  0.000002 0.000001 0.000002  1.078169 0.000003 1.570794
73  1.312572 -0.000013 0.000008  0.000004 -0.001343 -0.437238
74  0.000001 0.729365 0.000002  -0.404445 1.030434 -0.462982
75  -0.000001 -0.000000 0.000000  -0.000001 -0.000001 1.570794
76  0.729366 0.000003 0.000000  0.000002 -0.000004 -0.231830
77  0.348928 0.806043 1.321260  -1.142982 -2.276491 0.650283
78  0.000000 0.000000 -0.000001  0.437032 0.000002 1.570791
79  0.806044 -0.348924 1.321261  -1.473564 -0.631202 -0.380782
80  -0.000002 1.789784 -0.000001  0.105694 0.066384 0.343685
81  0.000001 -0.000000 0.000001  0.347279 0.000000 1.570806
82  1.789791 0.000013 -0.000002  0.002654 0.043681 0.349587
83  0.000002 1.206996 -0.000002  0.184120 0.296139 0.568003
84  0.000000 -0.000001 0.000001  0.000001 -0.000001 1.570797
85  1.207002 -0.000014 0.000003  -0.000004 0.000001 0.540454
86  0.000000 0.000000 1.000000  1.570796 -0.000000 0.000000
time 30
0  0.000005 3.335938 -8.640624  -1.570780 -1.391896 -1.570809
1  2.033356 1.000772 -1.937610  1.473119 1.855075 -0.198639
2  6.028144 -0.000001 0.000000  2.059066 1.507408 -0.502272
3  11.692555 0.000003 0.000003  0.000000 -0.000000 -0.331358
4  11.481699 0.000001 0.000002  -1.285966 0.008991 0.200690
5  3.859674 -0.132571 1.193109  0.432210 -0.155861 -0.861350
6  1.312555 -0.000003 0.000003  0.000000 -0.000000 -1.191973
7  0.729363 0.000006 -0.000002  -0.000000 0.000000 -1.063394
8  3.942300 0.050326 0.431043  0.232421 0.000609 -0.853331
9  1.539100 -0.000001 -0.000001  -0.000000 -0.000000 -0.973379
10  1.196320 0.000006 0.000000  -0.000000 -0.000000 -1.451261
11  3.883657 -0.050323 -0.431043  0.066987 0.050243 -0.694792
12  1.719576 0.000003 -0.000001  0.000000 -0.000004 -1.251013
13  1.209182 0.000002 0.000000  -0.000000 -0.000003 -1.141173
14  3.859838 -0.148936 -1.331280  -0.248855 0.263129 -0.072121
15  1.719421 0.000003 0.000000  0.000000 0.000000 -0.676756
16  1.099661 0.000002 -0.000002  0.000000 -0.000000 -1.021287
17  0.806019 -0.359838 -1.318334  1.349685 0.343493 -0.771450
18  1.789783 0.000001 -0.000005  -0.000000 -0.000000 0.397500
19  1.206999 0.000003 -0.000001  0.000000 0.000000 0.989033
20  4.124997 -1.447266 -3.542969  -1.564198 -0.011689 -1.581440
21  3.820735 -1.409994 -0.589409  -1.564198 -0.011689 -1.581439
22  0.222803 -3.739060 1.509296  0.024887 2.851473 -1.494016
23  3.048728 6.125608 1.106840  1.596061 0.018247 -0.808184
24  3.527214 5.063569 0.216258  1.596061 0.018246 -0.808184
25  3.352951 5.114328 -0.401207  1.596061 0.018247 -0.808184
26  2.909482 4.772880 -1.012057  1.596061 0.018247 -0.808184
27  1.772479 4.476569 2.356867  1.596061 0.018247 -0.808184
28  0.000006 3.336140 -8.647861  -1.570799 -1.391898 -1.570795
29  2.033350 1.000764 1.937663  1.227517 0.585911 1.190966
30  2.026190 1.001859 1.937675  1.227511 0.585916 1.190961
31  0.000001 -0.000001 0.000004  1.583265 0.000007 1.570794
32  0.000000 6.028147 -0.000001  -0.407307 -0.509069 -0.916213
33  -0.000001 0.000009 -0.000005  -0.000002 0.000003 1.570792
34  0.000017 6.028144 -0.000011  -0.546185 0.353204 0.447328
35  -0.000001 11.692571 -0.000000  -0.000001 -0.000005 -0.642805
36  0.000000 0.000001 -0.000001  0.000005 0.000000 1.570801
37  11.692577 0.000051 0.000038  0.000004 -0.000001 -0.642796
38  0.000001 11.481681 0.000001  0.415813 0.490412 0.745919
39  -0.000000 -0.000000 0.000002  0.000000 -0.000000 1.570789
40  11.481680 -0.000055 0.000008  0.528310 -0.364328 0.540863
41  0.137968 3.859854 1.332473  -1.465459 -1.619433 0.860069
42  -0.000000 0.000000 -0.000001  1.933714 0.000004 1.570794
43  3.859860 -0.137941 1.332472  0.357799 -0.048369 -0.605269
44  -0.000001 1.719428 -0.000001  -0.420884 0.202310 0.066145
45  0.000001 0.000001 0.000003  1.743430 0.000000 1.570798
46  1.719434 0.000005 -0.000006  0.000189 -0.009101 -0.438606
47  0.000000 1.099663 0.000002  1.022365 1.907823 1.050340
48  0.000002 0.000000 0.000001  -0.000002 0.000003 1.570799
49  1.099666 0.000002 0.000003  -0.000119 0.002600 -0.290983
50  0.046788 3.883688 0.431451  -0.028144 -1.505149 -0.643978
51  -0.000000 0.000003 -0.000000  1.590082 0.000009 1.570787
52  3.883692 -0.046761 0.431449  0.084906 0.001837 -0.672065
53  -0.000001 1.719580 0.000002  -0.720101 0.051523 -0.006475
54  -0.000001 0.000000 0.000000  1.538381 -0.000002 1.570794
55  1.719581 0.000018 -0.000017  -0.003914 0.016394 -0.719628
56  -0.000000 1.209182 0.000003  -1.502664 1.085642 -1.507497
57  0.000002 -0.000002 0.000000  -0.000000 -0.000000 1.570805
58  1.209185 -0.000002 -0.000001  -0.000816 0.002971 -0.484095
59  -0.046751 3.942325 -0.431435  -0.326443 -1.473453 -0.660456
60  -0.000001 0.000000 0.000000  1.317660 0.000000 1.570797
61  3.942329 0.046779 -0.431438  -0.160904 0.031172 -0.985455
62  0.000001 1.539089 -0.000000  -0.255113 -0.026494 -0.056799
63  0.000000 -0.000000 0.000000  1.337310 -0.000004 1.570800
64  1.539094 -0.000001 0.000003  -0.000026 0.003538 -0.262662
65  0.000000 1.196321 0.000004  -1.013118 1.118324 -1.059575
66  -0.000000 -0.000000 0.000000  0.000000 -0.000001 1.570800
67  1.196324 -0.000003 0.000005  0.000000 0.000004 -0.391197
68  0.142426 3.859704 -1.191967  -0.667365 -1.423719 -0.301280
69  0.000002 0.000000 -0.000001  0.976757 -0.000005 1.570807
70  3.859707 -0.142399 -1.191971  -0.478196 0.090836 -0.963367
71  0.000002 1.312569 0.000000  -0.361359 -0.138964 -0.204711
72  -0.000001 0.000000 0.000002  1.078169 0.000003 1.570794
73  1.312573 -0.000015 0.000008  0.000004 -0.001344 -0.437236
74  0.000002 0.729363 -0.000001  -0.404442 1.030435 -0.462978
75  0.000001 0.000000 0.000001  -0.000001 -0.000001 1.570795
76  0.729366 0.000000 0.000000  0.000001 -0.000004 -0.231828
77  0.348927 0.806042 1.321260  -1.142982 -2.276492 0.650283
78  0.000000 0.000002 -0.000001  0.437032 0.000002 1.570790
79  0.806048 -0.348923 1.321259  -1.473564 -0.631203 -0.380782
80  0.000001 1.789785 -0.000002  0.105694 0.066383 0.343685
81  -0.000000 0.000000 0.000000  0.347279 0.000000 1.570806
82  1.789789 0.000009 -0.000003  0.002654 0.043681 0.349587
83  -0.000002 1.206997 0.000001  0.184120 0.296139 0.568003
84  0.000001 -0.000003 0.000000  0.000001 -0.000001 1.570797
85  1.207003 -0.000010 0.000004  -0.000004 0.000001 0.540454
86  0.000000 0.000000 1.000000  1.570796 -0.000000 0.000000
time 31
0  0.000005 3.335938 -8.640624  -1.570780 -1.391896 -1.570809
1  2.033356 1.000772 -1.937610  1.473119 1.855075 -0.198639
2  6.028144 -0.000001 0.000000  2.055914 1.507034 -0.505442
3  11.692555 0.000003 0.000003  -0.000000 -0.000000 -0.332222
4  11.481700 -0.000002 0.000002  -1.285966 0.009032 0.200690
5  3.859676 -0.132572 1.193108  0.432210 -0.155861 -0.861350
6  1.312558 -0.000004 0.000002  0.000000 0.000000 -1.191996
7  0.729363 0.000002 -0.000002  -0.000000 0.000000 -1.063394
8  3.942304 0.050326 0.431044  0.232421 0.000609 -0.853331
9  1.539101 -0.000002 0.000000  -0.000000 0.000000 -0.973401
10  1.196319 0.000009 0.000000  -0.000000 0.000000 -1.451261
11  3.883662 -0.050323 -0.431044  0.066987 0.050243 -0.694792
12  1.719579 0.000004 -0.000000  0.000000 -0.000004 -1.251013
13  1.209183 0.000004 -0.000001  -0.000000 -0.000003 -1.141145
14  3.859843 -0.148936 -1.331281  -0.248855 0.263129 -0.072121
15  1.719423 0.000002 0.000001  0.000000 0.000000 -0.676756
16  1.099664 0.000001 -0.000001  0.000000 -0.000000 -1.021287
17  0.806023 -0.359838 -1.318334  1.349685 0.343493 -0.771450
18  1.789783 0.000002 -0.000004  -0.000000 -0.000000 0.397500
19  1.206999 0.000003 -0.000001  0.000000 0.000000 0.989033
20  4.124999 -1.447266 -3.542969  -1.564198 -0.011689 -1.581440
21  3.820739 -1.409995 -0.589410  -1.564198 -0.011689 -1.581439
22  0.222826 -3.739061 1.509296  0.024887 2.851473 -1.494016
23  3.048727 6.125615 1.106841  1.596061 0.018247 -0.808184
24  3.527214 5.063571 0.216259  1.596061 0.018246 -0.808184
25  3.352950 5.114330 -0.401207  1.596061 0.018247 -0.808184
26  2.909482 4.772887 -1.012056  1.596061 0.018247 -0.808184
27  1.772479 4.476573 2.356869  1.596061 0.018247 -0.808184
28  0.000006 3.336140 -8.647861  -1.570799 -1.391898 -1.570795
29  2.033350 1.000764 1.937663  1.227517 0.585911 1.190966
30  2.026190 1.001859 1.937675  1.227511 0.585916 1.190961
31  0.000001 -0.000001 0.000004  1.583265 0.000007 1.570794
32  0.000000 6.028147 -0.000001  -0.407400 -0.509020 -0.916062
33  -0.000001 0.000009 -0.000005  -0.000002 0.000003 1.570792
34  0.000017 6.028144 -0.000011  -0.546152 0.353294 0.447445
35  -0.000000 11.692571 0.000001  -0.000001 -0.000005 -0.643130
36  -0.000000 0.000001 -0.000002  0.000005 0.000000 1.570801
37  11.692577 0.000053 0.000040  0.000004 -0.000001 -0.643121
38  -0.000001 11.481683 -0.000000  0.416263 0.490479 0.746092
39  -0.000000 0.000002 -0.000001  0.000000 -0.000000 1.570789
40  11.481683 -0.000054 0.000008  0.528466 -0.364703 0.540769
41  0.137968 3.859856 1.332472  -1.465453 -1.619431 0.860062
42  -0.000001 -0.000000 0.000002  1.933714 0.000004 1.570794
43  3.859857 -0.137941 1.332473  0.357798 -0.048368 -0.605269
44  -0.000001 1.719429 0.000001  -0.420881 0.202310 0.066145
45  -0.000000 0.000001 0.000001  1.743430 0.000000 1.570798
46  1.719434 0.000005 -0.000006  0.000190 -0.009100 -0.438604
47  0.000000 1.099663 0.000002  1.022363 1.907821 1.050337
48  0.000001 -0.000000 -0.000000  -0.000002 0.000003 1.570799
49  1.099663 -0.000001 0.000002  -0.000119 0.002600 -0.290982
50  0.046789 3.883690 0.431449  -0.028143 -1.505149 -0.643979
51  -0.000001 0.000002 0.000000  1.590082 0.000009 1.570787
52  3.883689 -0.046762 0.431449  0.084906 0.001837 -0.672066
53  0.000000 1.719575 0.000000  -0.720102 0.051523 -0.006475
54  -0.000001 -0.000000 0.000001  1.538381 -0.000002 1.570794
55  1.719578 0.000015 -0.000016  -0.003915 0.016394 -0.719630
56  -0.000000 1.209181 -0.000001  -1.502664 1.085641 -1.507497
57  0.000001 0.000001 -0.000000  -0.000000 -0.000000 1.570805
58  1.209184 -0.000003 -0.000002  -0.000816 0.002971 -0.484096
59  -0.046750 3.942326 -0.431436  -0.326445 -1.473453 -0.660450
60  -0.000001 0.000002 -0.000000  1.317660 0.000000 1.570797
61  3.942327 0.046778 -0.431438  -0.160904 0.031172 -0.985453
62  -0.000001 1.539091 -0.000002  -0.255118 -0.026495 -0.056799
63  0.000000 0.000001 -0.000001  1.337310 -0.000004 1.570800
64  1.539092 -0.000005 0.000000  -0.000026 0.003539 -0.262667
65  -0.000002 1.196324 -0.000001  -1.013125 1.118319 -1.059582
66  0.000003 -0.000001 -0.000001  0.000000 -0.000001 1.570800
67  1.196326 -0.000005 0.000003  0.000000 0.000004 -0.391204
68  0.142427 3.859706 -1.191969  -0.667371 -1.423718 -0.301271
69  0.000000 -0.000001 0.000001  0.976757 -0.000005 1.570807
70  3.859706 -0.142401 -1.191970  -0.478196 0.090837 -0.963365
71  -0.000001 1.312564 -0.000000  -0.361363 -0.138964 -0.204711
72  -0.000002 0.000000 -0.000001  1.078169 0.000003 1.570794
73  1.312568 -0.000015 0.000008  0.000004 -0.001342 -0.437240
74  -0.000001 0.729364 -0.000003  -0.404448 1.030434 -0.462986
75  -0.000001 -0.000000 0.000001  -0.000001 -0.000001 1.570795
76  0.729367 0.000000 -0.000001  0.000001 -0.000004 -0.231833
77  0.348928 0.806045 1.321259  -1.142981 -2.276491 0.650282
78  0.000000 0.000001 -0.000001  0.437032 0.000002 1.570791
79  0.806045 -0.348924 1.321260  -1.473565 -0.631201 -0.380782
80  -0.000000 1.789783 0.000001  0.105694 0.066384 0.343685
81  -0.000000 0.000002 0.000000  0.347279 0.000000 1.570806
82  1.789789 0.000012 0.000000  0.002654 0.043681 0.349586
83  0.000000 1.207000 0.000002  0.184120 0.296139 0.568003
84  0.000000 0.000001 -0.000001  0.000001 -0.000001 1.570797
85  1.207005 -0.000012 0.000006  -0.000004 0.000001 0.540454
86  0.000000 0.000000 1.000000  1.570796 -0.000000 0.000000
time 32
0  0.000005 3.335938 -8.640624  -1.570780 -1.391896 -1.570809
1  2.033356 1.000772 -1.937610  1.473119 1.855075 -0.198639
2  6.028144 -0.000001 0.000000  2.053710 1.506754 -0.507644
3  11.692555 0.000001 0.000003  -0.000000 -0.000000 -0.332861
4  11.481697 -0.000001 0.000002  -1.285966 0.009053 0.200690
5  3.859675 -0.132572 1.193109  0.432210 -0.155861 -0.861350
6  1.312556 -0.000002 0.000002  0.000000 -0.000000 -1.191973
7  0.729362 0.000004 -0.000002  -0.000000 0.000000 -1.063394
8  3.942304 0.050326 0.431043  0.232421 0.000609 -0.853331
9  1.539099 -0.000000 -0.000001  -0.000000 0.000000 -0.973379
10  1.196319 0.000008 -0.000000  -0.000000 -0.000000 -1.451261
11  3.883661 -0.050323 -0.431043  0.066987 0.050243 -0.694792
12  1.719579 0.000006 -0.000000  0.000000 -0.000004 -1.251013
13  1.209183 0.000008 -0.000000  -0.000000 -0.000003 -1.141145
14  3.859841 -0.148936 -1.331280  -0.248855 0.263129 -0.072121
15  1.719422 0.000002 0.000001  0.000000 0.000000 -0.676756
16  1.099662 -0.000000 -0.000001  0.000000 -0.000000 -1.021287
17  0.806020 -0.359838 -1.318334  1.349685 0.343493 -0.771450
18  1.789783 0.000001 -0.000003  -0.000000 -0.000000 0.397500
19  1.207003 0.000003 -0.000001  0.000000 0.000000 0.989033
20  4.124999 -1.447266 -3.542968  -1.564198 -0.011689 -1.581440
21  3.820739 -1.409994 -0.589409  -1.564198 -0.011689 -1.581439
22  0.222820 -3.739059 1.509297  0.024887 2.851473 -1.494016
23  3.048726 6.125608 1.106842  1.596061 0.018247 -0.808184
24  3.527214 5.063566 0.216260  1.596061 0.018246 -0.808184
25  3.352951 5.114325 -0.401205  1.596061 0.018247 -0.808184
26  2.909482 4.772879 -1.012056  1.596061 0.018247 -0.808184
27  1.772479 4.476568 2.356869  1.596061 0.018247 -0.808184
28  0.000006 3.336140 -8.647861  -1.570799 -1.391898 -1.570795
29  2.033350 1.000764 1.937663  1.227517 0.585911 1.190966
30  2.026190 1.001859 1.937675  1.227511 0.585916 1.190961
31  0.000001 -0.000001 0.000004  1.583265 0.000007 1.570794
32  0.000000 6.028147 -0.000001  -0.407471 -0.508989 -0.915958
33  -0.000001 0.000009 -0.000005  -0.000002 0.000003 1.570792
34  0.000017 6.028144 -0.000011  -0.546134 0.353361 0.447521
35  -0.000001 11.692570 -0.000001  -0.000001 -0.000005 -0.643360
36  -0.000002 0.000000 -0.000002  0.000005 0.000000 1.570801
37  11.692579 0.000054 0.000042  0.000005 -0.000001 -0.643350
38  -0.000002 11.481680 0.000000  0.416602 0.490513 0.746217
39  -0.000000 -0.000000 0.000000  0.000000 -0.000000 1.570789
40  11.481682 -0.000054 0.000009  0.528568 -0.364989 0.540698
41  0.137968 3.859857 1.332474  -1.465457 -1.619434 0.860069
42  0.000000 -0.000001 0.000000  1.933714 0.000004 1.570794
43  3.859864 -0.137941 1.332473  0.357798 -0.048370 -0.605265
44  0.000000 1.719426 -0.000001  -0.420887 0.202310 0.066145
45  0.000001 -0.000000 0.000001  1.743430 0.000000 1.570798
46  1.719433 0.000003 -0.000005  0.000190 -0.009101 -0.438610
47  0.000000 1.099661 -0.000002  1.022370 1.907825 1.050344
48  0.000001 -0.000001 -0.000001  -0.000002 0.000003 1.570799
49  1.099665 -0.000003 0.000003  -0.000119 0.002600 -0.290987
50  0.046788 3.883688 0.431451  -0.028121 -1.505149 -0.643997
51  0.000000 -0.000000 -0.000002  1.590082 0.000009 1.570787
52  3.883691 -0.046761 0.431450  0.084906 0.001836 -0.672064
53  -0.000000 1.719575 -0.000001  -0.720104 0.051523 -0.006475
54  -0.000001 0.000000 0.000001  1.538381 -0.000002 1.570794
55  1.719581 0.000015 -0.000018  -0.003915 0.016394 -0.719631
56  -0.000001 1.209185 0.000003  -1.502664 1.085639 -1.507497
57  0.000002 0.000000 -0.000001  -0.000000 -0.000000 1.570805
58  1.209188 0.000001 -0.000003  -0.000816 0.002971 -0.484098
59  -0.046751 3.942326 -0.431435  -0.326439 -1.473453 -0.660454
60  -0.000000 0.000001 -0.000001  1.317660 0.000000 1.570797
61  3.942331 0.046778 -0.431437  -0.160904 0.031172 -0.985451
62  0.000002 1.539090 0.000000  -0.255118 -0.026494 -0.056799
63  -0.000002 0.000000 0.000001  1.337310 -0.000004 1.570800
64  1.539093 0.000001 0.000004  -0.000026 0.003539 -0.262668
65  -0.000004 1.196324 0.000005  -1.013126 1.118318 -1.059583
66  -0.000002 -0.000000 0.000001  0.000000 -0.000001 1.570800
67  1.196326 -0.000003 0.000003  0.000000 0.000004 -0.391205
68  0.142426 3.859704 -1.191967  -0.667369 -1.423718 -0.301270
69  0.000001 -0.000002 0.000001  0.976757 -0.000005 1.570807
70  3.859709 -0.142400 -1.191970  -0.478196 0.090837 -0.963363
71  0.000001 1.312565 0.000003  -0.361366 -0.138964 -0.204711
72  0.000000 0.000001 0.000000  1.078169 0.000003 1.570794
73  1.312571 -0.000017 0.000009  0.000005 -0.001341 -0.437242
74  -0.000000 0.729364 -0.000003  -0.404452 1.030432 -0.462992
75  0.000001 -0.000000 -0.000001  -0.000001 -0.000001 1.570795
76  0.729366 0.000001 -0.000002  0.000002 -0.000004 -0.231836
77  0.348927 0.806044 1.321260  -1.142983 -2.276494 0.650284
78  -0.000001 0.000000 0.000000  0.437032 0.000002 1.570790
79  0.806051 -0.348924 1.321260  -1.473565 -0.631204 -0.380781
80  -0.000000 1.789783 0.000000  0.105694 0.066383 0.343687
81  -0.000001 0.000001 0.000001  0.347279 0.000000 1.570806
82  1.789788 0.000010 -0.000001  0.002654 0.043682 0.349588
83  -0.000001 1.207000 0.000001  0.184121 0.296138 0.568006
84  -0.000001 0.000000 0.000000  0.000001 -0.000001 1.570797
85  1.207005 -0.000011 0.000004  -0.000003 0.000002 0.540457
86  0.000000 0.000000 1.000000  1.570796 -0.000000 0.000000
time 33
0  0.000005 3.335938 -8.640624  -1.570780 -1.391896 -1.570809
1  2.033356 1.000772 -1.937610  1.473119 1.855075 -0.198639
2  6.028144 -0.000001 0.000000  2.052535 1.506613 -0.508806
3  11.692555 0.000001 0.000003  -0.000000 -0.000000 -0.333162
4  11.481698 0.000000 0.000003  -1.285966 0.009053 0.200690
5  3.859674 -0.132571 1.193109  0.432210 -0.155861 -0.861350
6  1.312557 -0.000006 0.000001  0.000000 -0.000000 -1.191973
7  0.729362 0.000004 -0.000002  -0.000000 0.000000 -1.063394
8  3.942301 0.050326 0.431044  0.232421 0.000609 -0.853331
9  1.539098 0.000001 0.000000  -0.000000 0.000000 -0.973379
10  1.196319 0.000010 0.000000  -0.000000 -0.000000 -1.451261
11  3.883656 -0.050323 -0.431043  0.066987 0.050243 -0.694792
12  1.719579 0.000005 -0.000000  0.000000 -0.000004 -1.251013
13  1.209183 0.000003 -0.000001  -0.000000 -0.000003 -1.141173
14  3.859838 -0.148936 -1.331280  -0.248855 0.263129 -0.072121
15  1.719421 0.000001 0.000000  0.000000 0.000000 -0.676756
16  1.099666 -0.000000 -0.000003  0.000000 -0.000000 -1.021286
17  0.806019 -0.359837 -1.318334  1.349685 0.343493 -0.771450
18  1.789784 0.000001 -0.000004  -0.000000 -0.000000 0.397500
19  1.207000 0.000003 -0.000000  0.000000 0.000000 0.989033
20  4.124997 -1.447266 -3.542969  -1.564198 -0.011689 -1.581440
21  3.820735 -1.409995 -0.589409  -1.564198 -0.011689 -1.581439
22  0.222817 -3.739060 1.509297  0.024887 2.851473 -1.494016
23  3.048728 6.125612 1.106841  1.596061 0.018247 -0.808184
24  3.527214 5.063570 0.216259  1.596061 0.018246 -0.808184
25  3.352951 5.114328 -0.401207  1.596061 0.018247 -0.808184
26  2.909482 4.772883 -1.012058  1.596061 0.018247 -0.808184
27  1.772479 4.476573 2.356867  1.596061 0.018247 -0.808184
28  0.000006 3.336140 -8.647861  -1.570799 -1.391898 -1.570795
29  2.033350 1.000764 1.937663  1.227517 0.585911 1.190966
30  2.026190 1.001859 1.937675  1.227511 0.585916 1.190961
31  0.000001 -0.000001 0.000004  1.583265 0.000007 1.570794
32  0.000000 6.028147 -0.000001  -0.407527 -0.508973 -0.915888
33  -0.000001 0.000009 -0.000006  -0.000002 0.000003 1.570792
34  0.000017 6.028144 -0.000011  -0.546127 0.353413 0.447566
35  -0.000001 11.692569 -0.000001  -0.000001 -0.000005 -0.643479
36  -0.000000 0.000001 -0.000002  0.000005 0.000000 1.570801
37  11.692578 0.000053 0.000038  0.000004 -0.000001 -0.643470
38  -0.000000 11.481683 -0.000000  0.416771 0.490516 0.746287
39  -0.000000 0.000000 0.000000  0.000000 -0.000000 1.570789
40  11.481685 -0.000054 0.000008  0.528603 -0.365134 0.540676
41  0.137968 3.859860 1.332473  -1.465457 -1.619432 0.860069
42  0.000002 -0.000002 0.000000  1.933714 0.000004 1.570794
43  3.859861 -0.137941 1.332472  0.357798 -0.048368 -0.605268
44  0.000002 1.719427 -0.000001  -0.420884 0.202310 0.066145
45  -0.000001 -0.000001 0.000001  1.743430 0.000000 1.570799
46  1.719432 0.000004 -0.000005  0.000189 -0.009101 -0.438606
47  -0.000001 1.099660 -0.000002  1.022367 1.907823 1.050341
48  0.000000 -0.000000 -0.000000  -0.000002 0.000003 1.570799
49  1.099664 -0.000003 0.000004  -0.000120 0.002599 -0.290984
50  0.046789 3.883686 0.431449  -0.028155 -1.505149 -0.643967
51  -0.000001 -0.000002 0.000001  1.590082 0.000009 1.570787
52  3.883687 -0.046762 0.431448  0.084906 0.001838 -0.672065
53  -0.000000 1.719570 0.000003  -0.720101 0.051523 -0.006475
54  -0.000000 -0.000000 0.000001  1.538381 -0.000002 1.570794
55  1.719576 0.000017 -0.000016  -0.003915 0.016394 -0.719629
56  -0.000000 1.209182 0.000002  -1.502664 1.085642 -1.507497
57  0.000002 0.000001 0.000001  -0.000000 -0.000000 1.570805
58  1.209184 0.000001 -0.000003  -0.000817 0.002971 -0.484095
59  -0.046750 3.942328 -0.431437  -0.326449 -1.473453 -0.660447
60  0.000000 0.000001 0.000001  1.317660 0.000000 1.570797
61  3.942327 0.046778 -0.431438  -0.160904 0.031173 -0.985452
62  -0.000000 1.539094 0.000003  -0.255117 -0.026494 -0.056799
63  0.000000 0.000001 0.000000  1.337310 -0.000004 1.570800
64  1.539098 0.000002 0.000001  -0.000026 0.003539 -0.262667
65  0.000001 1.196326 -0.000000  -1.013125 1.118319 -1.059582
66  -0.000000 -0.000000 -0.000001  0.000000 -0.000001 1.570800
67  1.196327 -0.000008 0.000004  0.000000 0.000003 -0.391204
68  0.142427 3.859706 -1.191969  -0.667371 -1.423718 -0.301271
69  -0.000001 -0.000002 -0.000002  0.976757 -0.000005 1.570807
70  3.859708 -0.142400 -1.191971  -0.478196 0.090837 -0.963364
71  -0.000001 1.312565 -0.000001  -0.361363 -0.138963 -0.204711
72  -0.000001 -0.000001 0.000000  1.078169 0.000003 1.570794
73  1.312573 -0.000013 0.000009  0.000005 -0.001342 -0.437239
74  -0.000003 0.729361 -0.000000  -0.404449 1.030434 -0.462986
75  -0.000001 0.000000 -0.000001  -0.000001 -0.000001 1.570795
76  0.729366 0.000003 -0.000002  0.000001 -0.000004 -0.231833
77  0.348928 0.806044 1.321259  -1.142982 -2.276492 0.650283
78  -0.000000 0.000002 0.000000  0.437032 0.000002 1.570790
79  0.806046 -0.348924 1.321259  -1.473564 -0.631202 -0.380781
80  -0.000000 1.789785 0.000001  0.105694 0.066383 0.343686
81  0.000000 -0.000002 -0.000000  0.347279 0.000000 1.570806
82  1.789788 0.000012 -0.000001  0.002654 0.043682 0.349587
83  0.000001 1.206998 0.000001  0.184120 0.296139 0.568004
84  0.000000 0.000002 0.000000  0.000001 -0.000001 1.570797
85  1.207004 -0.000011 0.000005  -0.000003 0.000001 0.540456
86  0.000000 0.000000 1.000000  1.570796 -0.000000 0.000000
time 34
0  0.000005 3.335938 -8.640624  -1.570780 -1.391896 -1.570809
1  2.033356 1.000772 -1.937610  1.473119 1.855075 -0.198639
2  6.028144 -0.000001 0.000000  2.052515 1.506613 -0.508854
3  11.692555 0.000002 0.000003  -0.000000 -0.000000 -0.333200
4  11.481698 0.000000 0.000001  -1.285966 0.009053 0.200690
5  3.859674 -0.132571 1.193109  0.432210 -0.155861 -0.861350
6  1.312555 -0.000003 0.000001  0.000000 -0.000000 -1.191973
7  0.729366 0.000003 -0.000002  -0.000000 0.000000 -1.063394
8  3.942302 0.050326 0.431043  0.232421 0.000609 -0.853331
9  1.539099 -0.000002 -0.000001  -0.000000 0.000000 -0.973379
10  1.196318 0.000009 0.000000  -0.000000 0.000000 -1.451261
11  3.883659 -0.050322 -0.431044  0.066987 0.050243 -0.694792
12  1.719580 0.000004 -0.000000  0.000000 -0.000004 -1.251013
13  1.209184 -0.000000 0.000001  -0.000000 -0.000003 -1.141145
14  3.859840 -0.148936 -1.331281  -0.248855 0.263129 -0.072121
15  1.719421 0.000003 0.000002  0.000000 0.000000 -0.676756
16  1.099664 0.000000 -0.000001  0.000000 -0.000000 -1.021287
17  0.806020 -0.359837 -1.318334  1.349685 0.343493 -0.771450
18  1.789783 0.000001 -0.000006  -0.000000 -0.000000 0.397500
19  1.206998 0.000004 -0.000003  0.000000 0.000000 0.989033
20  4.124997 -1.447266 -3.542969  -1.564198 -0.011689 -1.581440
21  3.820736 -1.409994 -0.589409  -1.564198 -0.011689 -1.581439
22  0.222826 -3.739061 1.509297  0.024887 2.851473 -1.494016
23  3.048726 6.125611 1.106840  1.596061 0.018247 -0.808184
24  3.527215 5.063566 0.216259  1.596061 0.018246 -0.808184
25  3.352950 5.114328 -0.401207  1.596061 0.018247 -0.808184
26  2.909482 4.772882 -1.012057  1.596061 0.018247 -0.808184
27  1.772479 4.476569 2.356868  1.596061 0.018247 -0.808184
28  0.000006 3.336140 -8.647861  -1.570799 -1.391898 -1.570795
29  2.033350 1.000764 1.937663  1.227517 0.585911 1.190966
30  2.026190 1.001859 1.937675  1.227511 0.585916 1.190961
31  0.000001 -0.000001 0.000004  1.583265 0.000007 1.570794
32  0.000000 6.028147 -0.000001  -0.407506 -0.508963 -0.915889
33  -0.000001 0.000010 -0.000006  -0.000002 0.000003 1.570792
34  0.000017 6.028144 -0.000011  -0.546113 0.353396 0.447580
35  -0.000000 11.692571 -0.000001  -0.000001 -0.000005 -0.643517
36  -0.000002 0.000002 -0.000003  0.000005 0.000000 1.570801
37  11.692578 0.000054 0.000039  0.000004 -0.000001 -0.643508
38  -0.000002 11.481683 -0.000001  0.416786 0.490538 0.746323
39  -0.000000 0.000002 0.000001  0.000000 -0.000000 1.570789
40  11.481681 -0.000052 0.000007  0.528629 -0.365143 0.540695
41  0.137967 3.859860 1.332473  -1.465458 -1.619432 0.860065
42  0.000001 0.000001 -0.000000  1.933714 0.000004 1.570794
43  3.859860 -0.137941 1.332472  0.357799 -0.048368 -0.605269
44  0.000000 1.719430 -0.000001  -0.420882 0.202310 0.066145
45  -0.000000 0.000000 -0.000000  1.743430 0.000000 1.570799
46  1.719432 0.000005 -0.000005  0.000190 -0.009101 -0.438604
47  -0.000000 1.099663 -0.000001  1.022364 1.907822 1.050338
48  -0.000001 -0.000002 -0.000001  -0.000002 0.000003 1.570799
49  1.099666 0.000002 0.000004  -0.000119 0.002600 -0.290982
50  0.046789 3.883691 0.431450  -0.028130 -1.505149 -0.643994
51  0.000000 -0.000004 0.000002  1.590082 0.000009 1.570787
52  3.883691 -0.046762 0.431449  0.084906 0.001836 -0.672066
53  -0.000000 1.719571 -0.000001  -0.720102 0.051523 -0.006475
54  -0.000001 -0.000000 0.000001  1.538382 -0.000002 1.570794
55  1.719577 0.000012 -0.000016  -0.003915 0.016394 -0.719630
56  0.000000 1.209182 0.000003  -1.502664 1.085642 -1.507497
57  0.000001 0.000001 0.000001  -0.000000 -0.000000 1.570805
58  1.209183 -0.000002 -0.000003  -0.000817 0.002971 -0.484096
59  -0.046750 3.942329 -0.431436  -0.326443 -1.473453 -0.660455
60  0.000001 0.000000 0.000001  1.317660 0.000000 1.570797
61  3.942328 0.046778 -0.431438  -0.160904 0.031172 -0.985453
62  0.000001 1.539089 0.000000  -0.255115 -0.026494 -0.056799
63  -0.000000 0.000000 0.000003  1.337310 -0.000004 1.570800
64  1.539092 -0.000001 0.000003  -0.000026 0.003538 -0.262664
65  0.000001 1.196323 0.000005  -1.013121 1.118322 -1.059578
66  0.000002 0.000000 0.000000  0.000000 -0.000001 1.570800
67  1.196325 -0.000008 0.000005  0.000000 0.000004 -0.391200
68  0.142426 3.859710 -1.191968  -0.667366 -1.423718 -0.301277
69  -0.000000 0.000001 -0.000001  0.976757 -0.000005 1.570807
70  3.859708 -0.142401 -1.191971  -0.478196 0.090836 -0.963365
71  -0.000001 1.312568 0.000001  -0.361361 -0.138964 -0.204711
72  0.000001 -0.000000 0.000003  1.078169 0.000003 1.570794
73  1.312573 -0.000013 0.000008  0.000005 -0.001343 -0.437238
74  0.000001 0.729363 0.000002  -0.404446 1.030434 -0.462983
75  0.000003 0.000000 0.000000  -0.000001 -0.000001 1.570795
76  0.729366 -0.000001 0.000000  0.000001 -0.000004 -0.231831
77  0.348927 0.806047 1.321260  -1.142981 -2.276490 0.650282
78  -0.000000 0.000001 -0.000000  0.437032 0.000002 1.570790
79  0.806048 -0.348924 1.321260  -1.473564 -0.631200 -0.380782
80  0.000000 1.789784 0.000001  0.105694 0.066384 0.343683
81  0.000000 0.000001 -0.000001  0.347279 0.000000 1.570806
82  1.789788 0.000009 0.000000  0.002654 0.043680 0.349585
83  -0.000000 1.207002 0.000000  0.184119 0.296139 0.568000
84  0.000000 0.000003 -0.000001  0.000001 -0.000001 1.570797
85  1.207005 -0.000011 0.000006  -0.000004 0.000001 0.540452
86  0.000000 0.000000 1.000000  1.570796 -0.000000 0.000000
time 35
0  0.000005 3.335938 -8.640624  -1.570780 -1.391896 -1.570809
1  2.033356 1.000772 -1.937610  1.473119 1.855075 -0.198639
2  6.028144 -0.000001 0.000000  2.053936 1.506800 -0.507403
3  11.692554 0.000001 0.000002  -0.000000 -0.000000 -0.332786
4  11.481700 -0.000000 0.000002  -1.285966 0.009053 0.200690
5  3.859676 -0.132572 1.193110  0.432210 -0.155861 -0.861350
6  1.312554 -0.000003 0.000003  0.000000 -0.000000 -1.191973
7  0.729362 0.000003 -0.000002  -0.000000 0.000000 -1.063394
8  3.942303 0.050325 0.431045  0.232421 0.000609 -0.853331
9  1.539097 -0.000002 -0.000000  -0.000000 0.000000 -0.973379
10  1.196319 0.000008 0.000000  -0.000000 0.000000 -1.451261
11  3.883661 -0.050323 -0.431043  0.066987 0.050243 -0.694792
12  1.719579 0.000005 -0.000000  0.000000 -0.000004 -1.251013
13  1.209182 0.000005 -0.000000  -0.000000 -0.000003 -1.141145
14  3.859841 -0.148936 -1.331280  -0.248855 0.263129 -0.072121
15  1.719426 0.000003 0.000001  0.000000 0.000000 -0.676756
16  1.099666 -0.000000 -0.000001  0.000000 -0.000000 -1.021287
17  0.806022 -0.359838 -1.318333  1.349685 0.343493 -0.771450
18  1.789783 -0.000000 -0.000004  -0.000000 -0.000000 0.397500
19  1.207000 0.000003 -0.000001  0.000000 0.000000 0.989033
20  4.124999 -1.447266 -3.542969  -1.564198 -0.011689 -1.581440
21  3.820737 -1.409995 -0.589409  -1.564198 -0.011689 -1.581439
22  0.222826 -3.739062 1.509298  0.024887 2.851473 -1.494016
23  3.048727 6.125610 1.106842  1.596061 0.018247 -0.808184
24  3.527214 5.063566 0.216260  1.596061 0.018246 -0.808184
25  3.352951 5.114326 -0.401206  1.596061 0.018247 -0.808184
26  2.909482 4.772881 -1.012055  1.596061 0.018247 -0.808184
27  1.772479 4.476571 2.356869  1.596061 0.018247 -0.808184
28  0.000006 3.336140 -8.647861  -1.570799 -1.391898 -1.570795
29  2.033350 1.000764 1.937663  1.227517 0.585911 1.190966
30  2.026190 1.001859 1.937675  1.227511 0.585916 1.190961
31  0.000001 -0.000001 0.000004  1.583265 0.000007 1.570794
32  0.000000 6.028147 -0.000001  -0.407460 -0.508979 -0.915948
33  -0.000001 0.000010 -0.000006  -0.000002 0.000003 1.570792
34  0.000017 6.028144 -0.000011  -0.546121 0.353354 0.447541
35  -0.000001 11.692572 0.000000  -0.000001 -0.000005 -0.643375
36  -0.000001 0.000001 -0.000003  0.000005 0.000000 1.570801
37  11.692578 0.000053 0.000039  0.000004 -0.000001 -0.643366
38  -0.000001 11.481683 -0.000000  0.416559 0.490490 0.746215
39  -0.000001 -0.000001 0.000001  0.000000 -0.000000 1.570789
40  11.481684 -0.000054 0.000009  0.528536 -0.364956 0.540728
41  0.137967 3.859852 1.332475  -1.465461 -1.619433 0.860071
42  0.000000 -0.000000 -0.000001  1.933714 0.000004 1.570794
43  3.859856 -0.137941 1.332474  0.357799 -0.048369 -0.605267
44  -0.000000 1.719427 -0.000001  -0.420885 0.202310 0.066145
45  0.000001 -0.000001 0.000002  1.743430 0.000000 1.570799
46  1.719433 0.000005 -0.000007  0.000190 -0.009101 -0.438607
47  0.000000 1.099662 0.000002  1.022368 1.907824 1.050342
48  -0.000002 0.000001 0.000000  -0.000002 0.000003 1.570799
49  1.099666 -0.000002 0.000000  -0.000119 0.002600 -0.290985
50  0.046788 3.883686 0.431451  -0.028151 -1.505149 -0.643976
51  0.000001 -0.000004 -0.000000  1.590082 0.000009 1.570787
52  3.883688 -0.046762 0.431450  0.084906 0.001838 -0.672066
53  0.000002 1.719573 -0.000002  -0.720103 0.051523 -0.006475
54  0.000001 -0.000000 0.000001  1.538381 -0.000002 1.570794
55  1.719581 0.000014 -0.000015  -0.003915 0.016394 -0.719630
56  0.000000 1.209182 -0.000001  -1.502664 1.085641 -1.507497
57  -0.000003 -0.000001 0.000000  -0.000000 -0.000000 1.570805
58  1.209185 -0.000003 -0.000003  -0.000816 0.002971 -0.484096
59  -0.046751 3.942326 -0.431433  -0.326447 -1.473452 -0.660450
60  -0.000000 0.000000 -0.000000  1.317660 0.000000 1.570797
61  3.942326 0.046778 -0.431436  -0.160904 0.031173 -0.985452
62  -0.000002 1.539094 0.000003  -0.255118 -0.026494 -0.056799
63  -0.000001 0.000001 0.000000  1.337310 -0.000004 1.570800
64  1.539098 0.000000 0.000001  -0.000026 0.003539 -0.262667
65  -0.000002 1.196321 0.000002  -1.013126 1.118318 -1.059584
66  -0.000002 0.000000 -0.000000  0.000000 -0.000001 1.570800
67  1.196325 -0.000005 0.000004  0.000001 0.000003 -0.391205
68  0.142425 3.859704 -1.191966  -0.667371 -1.423718 -0.301272
69  -0.000001 0.000001 -0.000001  0.976757 -0.000005 1.570807
70  3.859706 -0.142400 -1.191969  -0.478196 0.090837 -0.963365
71  -0.000001 1.312566 -0.000004  -0.361363 -0.138963 -0.204711
72  -0.000001 -0.000000 0.000001  1.078169 0.000003 1.570794
73  1.312570 -0.000019 0.000008  0.000004 -0.001342 -0.437240
74  -0.000000 0.729363 0.000002  -0.404449 1.030433 -0.462986
75  0.000001 0.000000 -0.000000  -0.000001 -0.000001 1.570795
76  0.729366 0.000002 -0.000000  0.000001 -0.000004 -0.231833
77  0.348928 0.806040 1.321262  -1.142982 -2.276491 0.650283
78  -0.000000 -0.000000 -0.000000  0.437032 0.000002 1.570790
79  0.806044 -0.348925 1.321261  -1.473564 -0.631202 -0.380781
80  -0.000002 1.789783 0.000002  0.105694 0.066383 0.343685
81  0.000000 -0.000000 0.000000  0.347279 0.000000 1.570806
82  1.789788 0.000016 0.000001  0.002654 0.043681 0.349587
83  0.000000 1.207000 0.000001  0.184120 0.296139 0.568003
84  -0.000001 -0.000002 -0.000000  0.000001 -0.000001 1.570797
85  1.207005 -0.000010 0.000005  -0.000003 0.000002 0.540455
86  0.000000 0.000000 1.000000  1.570796 -0.000000 0.000000
time 36
0  0.000005 3.335938 -8.640624  -1.570780 -1.391896 -1.570809
1  2.033356 1.000772 -1.937610  1.473119 1.855075 -0.198639
2  6.028144 -0.000001 0.000000  2.056779 1.507127 -0.504571
3  11.692556 0.000002 0.000002  -0.000000 -0.000000 -0.331997
4  11.481700 0.000002 0.000002  -1.285966 0.009032 0.200690
5  3.859676 -0.132572 1.193109  0.432210 -0.155861 -0.861350
6  1.312557 -0.000003 0.000003  0.000000 0.000000 -1.191973
7  0.729364 0.000001 -0.000003  -0.000000 0.000000 -1.063394
8  3.942302 0.050326 0.431044  0.232421 0.000609 -0.853331
9  1.539099 -0.000002 -0.000001  -0.000000 -0.000000 -0.973401
10  1.196319 0.000007 0.000001  -0.000000 0.000000 -1.451261
11  3.883661 -0.050323 -0.431043  0.066987 0.050243 -0.694792
12  1.719576 0.000003 -0.000001  0.000000 -0.000004 -1.251013
13  1.209182 0.000003 0.000001  -0.000000 -0.000003 -1.141145
14  3.859841 -0.148936 -1.331280  -0.248855 0.263129 -0.072121
15  1.719421 0.000003 -0.000000  0.000000 0.000000 -0.676756
16  1.099666 0.000003 -0.000001  0.000000 -0.000000 -1.021287
17  0.806020 -0.359838 -1.318334  1.349685 0.343493 -0.771450
18  1.789784 0.000002 -0.000004  -0.000000 -0.000000 0.397500
19  1.207000 0.000002 -0.000002  0.000000 0.000000 0.989033
20  4.124999 -1.447266 -3.542969  -1.564198 -0.011689 -1.581440
21  3.820737 -1.409995 -0.589410  -1.564198 -0.011689 -1.581439
22  0.222819 -3.739062 1.509296  0.024887 2.851473 -1.494016
23  3.048726 6.125617 1.106841  1.596061 0.018247 -0.808184
24  3.527213 5.063571 0.216259  1.596061 0.018246 -0.808184
25  3.352949 5.114331 -0.401206  1.596061 0.018247 -0.808184
26  2.909481 4.772886 -1.012056  1.596061 0.018247 -0.808184
27  1.772478 4.476573 2.356869  1.596061 0.018247 -0.808184
28  0.000006 3.336140 -8.647861  -1.570799 -1.391898 -1.570795
29  2.033350 1.000764 1.937663  1.227517 0.585911 1.190966
30  2.026190 1.001859 1.937675  1.227511 0.585916 1.190961
31  0.000001 -0.000001 0.000004  1.583265 0.000007 1.570794
32  0.000000 6.028147 -0.000001  -0.407371 -0.509041 -0.916119
33  -0.000002 0.000009 -0.000005  -0.000002 0.000003 1.570791
34  0.000017 6.028144 -0.000011  -0.546169 0.353265 0.447397
35  -0.000001 11.692571 0.000001  -0.000001 -0.000005 -0.643013
36  -0.000001 0.000001 -0.000001  0.000005 0.000000 1.570801
37  11.692579 0.000052 0.000040  0.000004 -0.000001 -0.643004
38  -0.000000 11.481683 0.000001  0.416140 0.490467 0.746017
39  -0.000000 0.000004 0.000001  0.000000 -0.000000 1.570789
40  11.481682 -0.000054 0.000008  0.528430 -0.364599 0.540765
41  0.137967 3.859864 1.332473  -1.465454 -1.619432 0.860066
42  0.000000 -0.000000 0.000002  1.933714 0.000004 1.570794
43  3.859861 -0.137941 1.332473  0.357799 -0.048368 -0.605267
44  0.000000 1.719430 0.000003  -0.420884 0.202310 0.066145
45  -0.000001 0.000000 -0.000002  1.743430 0.000000 1.570798
46  1.719433 0.000009 -0.000007  0.000190 -0.009101 -0.438607
47  -0.000001 1.099661 -0.000002  1.022367 1.907823 1.050341
48  0.000002 0.000000 -0.000000  -0.000002 0.000003 1.570799
49  1.099662 0.000001 0.000002  -0.000119 0.002599 -0.290984
50  0.046788 3.883690 0.431449  -0.028158 -1.505149 -0.643963
51  0.000001 -0.000002 -0.000000  1.590082 0.000009 1.570787
52  3.883685 -0.046762 0.431448  0.084906 0.001838 -0.672065
53  0.000001 1.719573 -0.000001  -0.720103 0.051523 -0.006475
54  -0.000001 -0.000001 0.000000  1.538382 -0.000002 1.570794
55  1.719580 0.000016 -0.000017  -0.003915 0.016394 -0.719630
56  -0.000001 1.209183 0.000000  -1.502664 1.085641 -1.507497
57  0.000003 0.000000 0.000000  -0.000000 -0.000000 1.570805
58  1.209186 0.000002 -0.000004  -0.000816 0.002971 -0.484096
59  -0.046751 3.942328 -0.431436  -0.326451 -1.473453 -0.660445
60  -0.000001 0.000002 -0.000003  1.317660 0.000000 1.570797
61  3.942325 0.046778 -0.431438  -0.160904 0.031173 -0.985453
62  -0.000003 1.539093 0.000000  -0.255117 -0.026494 -0.056799
63  -0.000000 -0.000000 0.000001  1.337310 -0.000004 1.570800
64  1.539094 0.000003 0.000000  -0.000026 0.003539 -0.262666
65  0.000001 1.196322 0.000001  -1.013124 1.118320 -1.059582
66  0.000000 0.000000 0.000000  0.000000 -0.000001 1.570800
67  1.196327 -0.000005 0.000004  0.000001 0.000003 -0.391203
68  0.142425 3.859708 -1.191967  -0.667376 -1.423717 -0.301263
69  0.000000 -0.000002 0.000001  0.976757 -0.000005 1.570807
70  3.859706 -0.142399 -1.191970  -0.478196 0.090838 -0.963363
71  0.000002 1.312563 -0.000002  -0.361365 -0.138964 -0.204711
72  0.000001 -0.000000 0.000002  1.078169 0.000003 1.570794
73  1.312571 -0.000018 0.000009  0.000004 -0.001341 -0.437241
74  0.000000 0.729363 0.000001  -0.404451 1.030433 -0.462989
75  0.000000 0.000000 -0.000001  -0.000001 -0.000001 1.570794
76  0.729367 0.000003 -0.000000  0.000001 -0.000004 -0.231834
77  0.348927 0.806047 1.321259  -1.142984 -2.276494 0.650285
78  -0.000000 -0.000000 0.000000  0.437032 0.000002 1.570790
79  0.806045 -0.348924 1.321259  -1.473565 -0.631205 -0.380782
80  0.000001 1.789781 -0.000002  0.105694 0.066383 0.343688
81  -0.000000 0.000000 0.000000  0.347279 0.000000 1.570806
82  1.789786 0.000006 -0.000002  0.002654 0.043682 0.349589
83  -0.000000 1.207001 -0.000001  0.184121 0.296138 0.568008
84  -0.000001 -0.000001 0.000000  0.000001 -0.000001 1.570797
85  1.207006 -0.000011 0.000003  -0.000004 0.000001 0.540458
86  0.000000 0.000000 1.000000  1.570796 -0.000000 0.000000
time 37
0  0.000005 3.335938 -8.640624  -1.570780 -1.391896 -1.570809
1  2.033356 1.000772 -1.937610  1.473119 1.855075 -0.198639
2  6.028144 -0.000001 0.000000  2.060859 1.507595 -0.500482
3  11.692556 0.000003 0.000003  0.000000 -0.000000 -0.330869
4  11.481698 0.000001 0.000002  -1.285966 0.009012 0.200690
5  3.859679 -0.132572 1.193108  0.432210 -0.155861 -0.861350
6  1.312555 -0.000003 0.000003  0.000000 -0.000000 -1.191973
7  0.729364 0.000005 -0.000002  -0.000000 0.000000 -1.063394
8  3.942305 0.050326 0.431043  0.232421 0.000609 -0.853331
9  1.539102 -0.000001 -0.000001  -0.000000 0.000000 -0.973379
10  1.196317 0.000007 0.000000  -0.000000 -0.000000 -1.451261
11  3.883661 -0.050322 -0.431044  0.066987 0.050243 -0.694792
12  1.719577 0.000005 -0.000000  0.000000 -0.000004 -1.251013
13  1.209183 0.000001 0.000000  -0.000000 -0.000003 -1.141173
14  3.859842 -0.148936 -1.331281  -0.248855 0.263129 -0.072121
15  1.719423 0.000002 0.000000  0.000000 0.000000 -0.676756
16  1.099664 0.000001 -0.000000  0.000000 -0.000000 -1.021287
17  0.806022 -0.359838 -1.318335  1.349685 0.343493 -0.771450
18  1.789783 0.000001 -0.000003  -0.000000 -0.000000 0.397500
19  1.207000 0.000002 0.000000  0.000000 -0.000000 0.989033
20  4.125002 -1.447266 -3.542969  -1.564198 -0.011689 -1.581440
21  3.820740 -1.409995 -0.589409  -1.564198 -0.011689 -1.581439
22  0.222818 -3.739061 1.509296  0.024887 2.851473 -1.494016
23  3.048727 6.125609 1.106841  1.596061 0.018247 -0.808184
24  3.527214 5.063567 0.216259  1.596061 0.018246 -0.808184
25  3.352950 5.114327 -0.401206  1.596061 0.018247 -0.808184
26  2.909482 4.772881 -1.012056  1.596061 0.018247 -0.808184
27  1.772479 4.476570 2.356868  1.596061 0.018247 -0.808184
28  0.000006 3.336140 -8.647861  -1.570799 -1.391898 -1.570795
29  2.033350 1.000764 1.937663  1.227517 0.585911 1.190966
30  2.026190 1.001859 1.937675  1.227511 0.585916 1.190961
31  0.000001 -0.000001 0.000004  1.583265 0.000007 1.570794
32  0.000000 6.028147 -0.000001  -0.407250 -0.509127 -0.916353
33  -0.000000 0.000010 -0.000006  -0.000002 0.000003 1.570791
34  0.000017 6.028144 -0.000011  -0.546235 0.353144 0.447199
35  0.000000 11.692571 0.000000  -0.000001 -0.000005 -0.642502
36  -0.000002 0.000000 -0.000001  0.000005 0.000000 1.570801
37  11.692578 0.000054 0.000041  0.000004 -0.000001 -0.642492
38  -0.000002 11.481679 -0.000000  0.415537 0.490413 0.745715
39  -0.000000 0.000000 -0.000001  0.000000 -0.000000 1.570789
40  11.481682 -0.000055 0.000007  0.528258 -0.364089 0.540808
41  0.137968 3.859856 1.332473  -1.465450 -1.619432 0.860069
42  -0.000001 0.000002 -0.000001  1.933714 0.000004 1.570794
43  3.859859 -0.137941 1.332475  0.357798 -0.048369 -0.605269
44  -0.000000 1.719428 -0.000001  -0.420883 0.202310 0.066145
45  -0.000000 -0.000001 0.000000  1.743430 0.000000 1.570798
46  1.719431 0.000005 -0.000005  0.000190 -0.009101 -0.438605
47  0.000000 1.099662 -0.000001  1.022365 1.907822 1.050339
48  -0.000001 0.000000 0.000000  -0.000002 0.000003 1.570799
49  1.099664 -0.000002 0.000002  -0.000119 0.002600 -0.290983
50  0.046788 3.883685 0.431450  -0.028146 -1.505149 -0.643972
51  0.000001 0.000002 0.000001  1.590082 0.000009 1.570787
52  3.883687 -0.046762 0.431451  0.084906 0.001837 -0.672065
53  -0.000001 1.719578 0.000000  -0.720102 0.051524 -0.006475
54  -0.000000 0.000000 -0.000003  1.538382 -0.000002 1.570794
55  1.719580 0.000013 -0.000018  -0.003915 0.016394 -0.719630
56  -0.000002 1.209182 -0.000002  -1.502664 1.085641 -1.507497
57  0.000002 0.000000 -0.000001  -0.000000 -0.000000 1.570805
58  1.209186 -0.000001 -0.000004  -0.000816 0.002971 -0.484096
59  -0.046751 3.942325 -0.431436  -0.326438 -1.473453 -0.660456
60  -0.000001 0.000000 -0.000001  1.317660 0.000000 1.570797
61  3.942326 0.046779 -0.431437  -0.160904 0.031172 -0.985454
62  -0.000001 1.539091 -0.000002  -0.255115 -0.026494 -0.056799
63  -0.000001 -0.000000 0.000000  1.337310 -0.000004 1.570800
64  1.539097 -0.000000 0.000002  -0.000026 0.003538 -0.262664
65  -0.000002 1.196323 0.000001  -1.013121 1.118322 -1.059578
66  0.000002 -0.000000 -0.000001  0.000000 -0.000001 1.570800
67  1.196326 -0.000005 0.000004  0.000001 0.000003 -0.391200
68  0.142426 3.859704 -1.191968  -0.667368 -1.423718 -0.301274
69  0.000000 0.000001 -0.000000  0.976757 -0.000005 1.570807
70  3.859704 -0.142400 -1.191970  -0.478196 0.090836 -0.963366
71  -0.000000 1.312565 0.000002  -0.361362 -0.138963 -0.204711
72  0.000000 -0.000000 0.000002  1.078169 0.000003 1.570794
73  1.312570 -0.000011 0.000009  0.000004 -0.001343 -0.437238
74  0.000002 0.729363 -0.000000  -0.404446 1.030434 -0.462984
75  -0.000000 -0.000000 0.000000  -0.000001 -0.000001 1.570795
76  0.729367 -0.000001 -0.000000  0.000002 -0.000004 -0.231831
77  0.348927 0.806041 1.321260  -1.142980 -2.276490 0.650282
78  -0.000001 -0.000000 0.000000  0.437032 0.000002 1.570790
79  0.806043 -0.348924 1.321262  -1.473564 -0.631200 -0.380782
80  -0.000001 1.789784 0.000003  0.105694 0.066384 0.343683
81  0.000001 0.000001 0.000000  0.347279 0.000000 1.570806
82  1.789790 0.000011 0.000000  0.002654 0.043680 0.349585
83  0.000001 1.206999 -0.000002  0.184119 0.296139 0.568000
84  -0.000000 -0.000001 0.000000  0.000001 -0.000001 1.570797
85  1.207000 -0.000013 0.000002  -0.000003 0.000001 0.540452
86  0.000000 0.000000 1.000000  1.570796 -0.000000 0.000000
time 38
0  0.000005 3.335938 -8.640624  -1.570780 -1.391896 -1.570809
1  2.033356 1.000772 -1.937610  1.473119 1.855075 -0.198639
2  6.028144 -0.000001 0.000000  2.066092 1.508202 -0.495231
3  11.692556 0.000002 0.000003  -0.000000 -0.000000 -0.329478
4  11.481700 0.000000 0.000003  -1.285984 0.008971 0.200690
5  3.859673 -0.132571 1.193109  0.432210 -0.155861 -0.861350
6  1.312555 -0.000005 0.000001  -0.000000 -0.000000 -1.191973
7  0.729362 0.000003 -0.000003  -0.000000 0.000000 -1.063394
8  3.942299 0.050326 0.431044  0.232421 0.000609 -0.853331
9  1.539100 0.000000 0.000000  -0.000000 -0.000000 -0.973379
10  1.196317 0.000007 0.000000  -0.000000 0.000000 -1.451261
11  3.883657 -0.050323 -0.431043  0.066987 0.050243 -0.694792
12  1.719578 0.000004 -0.000000  0.000000 -0.000004 -1.251013
13  1.209181 0.000003 0.000000  -0.000000 -0.000003 -1.141145
14  3.859838 -0.148936 -1.331280  -0.248855 0.263129 -0.072121
15  1.719422 0.000002 0.000000  0.000000 0.000000 -0.676756
16  1.099663 0.000002 -0.000000  0.000000 -0.000000 -1.021287
17  0.806017 -0.359837 -1.318334  1.349685 0.343493 -0.771450
18  1.789782 -0.000000 -0.000004  -0.000000 -0.000000 0.397500
19  1.207002 0.000002 -0.000002  0.000000 0.000000 0.989033
20  4.124995 -1.447266 -3.542969  -1.564198 -0.011689 -1.581440
21  3.820735 -1.409995 -0.589409  -1.564198 -0.011689 -1.581439
22  0.222805 -3.739061 1.509296  0.024887 2.851473 -1.494016
23  3.048726 6.125611 1.106841  1.596061 0.018247 -0.808184
24  3.527214 5.063568 0.216259  1.596061 0.018246 -0.808184
25  3.352950 5.114327 -0.401206  1.596061 0.018247 -0.808184
26  2.909482 4.772883 -1.012056  1.596061 0.018247 -0.808184
27  1.772478 4.476572 2.356868  1.596061 0.018247 -0.808184
28  0.000006 3.336140 -8.647861  -1.570799 -1.391898 -1.570795
29  2.033350 1.000764 1.937663  1.227517 0.585911 1.190966
30  2.026190 1.001859 1.937675  1.227511 0.585916 1.190961
31  0.000001 -0.000001 0.000004  1.583265 0.000007 1.570794
32  0.000000 6.028147 -0.000001  -0.407084 -0.509208 -0.916613
33  -0.000001 0.000009 -0.000006  -0.000002 0.000003 1.570792
34  0.000017 6.028144 -0.000011  -0.546288 0.352986 0.447002
35  -0.000000 11.692571 -0.000001  -0.000001 -0.000005 -0.641957
36  -0.000002 0.000001 -0.000002  0.000005 0.000000 1.570801
37  11.692578 0.000052 0.000040  0.000005 -0.000001 -0.641948
38  0.000000 11.481680 -0.000000  0.414798 0.490308 0.745396
39  -0.000001 -0.000001 0.000001  0.000000 -0.000000 1.570789
40  11.481685 -0.000055 0.000008  0.528006 -0.363473 0.540926
41  0.137967 3.859854 1.332474  -1.465459 -1.619431 0.860064
42  -0.000000 0.000001 -0.000000  1.933714 0.000004 1.570794
43  3.859860 -0.137941 1.332474  0.357799 -0.048367 -0.605272
44  -0.000000 1.719428 0.000000  -0.420876 0.202310 0.066145
45  0.000001 0.000001 0.000002  1.743430 0.000000 1.570799
46  1.719433 0.000006 -0.000006  0.000189 -0.009100 -0.438599
47  -0.000000 1.099661 0.000002  1.022357 1.907817 1.050329
48  -0.000002 0.000000 -0.000001  -0.000002 0.000003 1.570799
49  1.099665 0.000002 0.000001  -0.000119 0.002600 -0.290978
50  0.046789 3.883687 0.431452  -0.028151 -1.505149 -0.643974
51  0.000000 -0.000000 0.000001  1.590082 0.000009 1.570787
52  3.883693 -0.046761 0.431451  0.084906 0.001838 -0.672065
53  -0.000000 1.719574 -0.000003  -0.720101 0.051523 -0.006475
54  -0.000001 0.000000 -0.000002  1.538381 -0.000002 1.570794
55  1.719579 0.000012 -0.000017  -0.003915 0.016394 -0.719629
56  -0.000003 1.209185 0.000002  -1.502664 1.085642 -1.507497
57  0.000002 -0.000002 -0.000000  -0.000000 -0.000000 1.570805
58  1.209188 0.000002 -0.000004  -0.000816 0.002971 -0.484094
59  -0.046751 3.942328 -0.431435  -0.326443 -1.473453 -0.660456
60  0.000000 0.000001 0.000000  1.317660 0.000000 1.570797
61  3.942333 0.046779 -0.431437  -0.160904 0.031172 -0.985455
62  0.000000 1.539090 -0.000001  -0.255113 -0.026494 -0.056799
63  0.000001 -0.000001 -0.000001  1.337310 -0.000004 1.570800
64  1.539094 0.000001 0.000002  -0.000026 0.003538 -0.262663
65  0.000001 1.196323 0.000001  -1.013119 1.118324 -1.059575
66  -0.000001 -0.000000 0.000000  0.000000 -0.000001 1.570800
67  1.196326 0.000001 0.000005  0.000001 0.000004 -0.391198
68  0.142426 3.859708 -1.191966  -0.667369 -1.423718 -0.301275
69  0.000001 -0.000001 -0.000000  0.976757 -0.000005 1.570807
70  3.859712 -0.142400 -1.191969  -0.478196 0.090837 -0.963367
71  0.000000 1.312567 0.000000  -0.361356 -0.138963 -0.204711
72  -0.000001 -0.000000 -0.000001  1.078169 0.000003 1.570794
73  1.312572 -0.000015 0.000008  0.000005 -0.001345 -0.437234
74  -0.000001 0.729362 -0.000004  -0.404439 1.030436 -0.462975
75  -0.000001 -0.000000 -0.000000  -0.000001 -0.000001 1.570795
76  0.729365 -0.000002 -0.000002  0.000002 -0.000004 -0.231826
77  0.348927 0.806045 1.321260  -1.142981 -2.276489 0.650282
78  -0.000001 -0.000001 -0.000001  0.437032 0.000002 1.570791
79  0.806049 -0.348924 1.321261  -1.473563 -0.631200 -0.380782
80  0.000001 1.789781 -0.000004  0.105694 0.066384 0.343684
81  0.000000 -0.000002 0.000000  0.347279 0.000000 1.570806
82  1.789786 0.000007 -0.000004  0.002654 0.043681 0.349585
83  0.000001 1.206994 -0.000002  0.184119 0.296139 0.568000
84  -0.000000 -0.000000 -0.000000  0.000001 -0.000001 1.570797
85  1.207001 -0.000012 0.000003  -0.000004 0.000002 0.540452
86  0.000000 0.000000 1.000000  1.570796 -0.000000 0.000000
time 39
0  0.000005 3.335938 -8.640624  -1.570780 -1.391896 -1.570809
1  2.033356 1.000772 -1.937610  1.473119 1.855075 -0.198639
2  6.028144 -0.000001 0.000000  2.072314 1.508903 -0.488987
3  11.692555 0.000004 0.000002  0.000000 -0.000000 -0.327824
4  11.481698 -0.000000 0.000001  -1.285984 0.008929 0.200690
5  3.859676 -0.132571 1.193109  0.432210 -0.155861 -0.861350
6  1.312555 -0.000004 0.000003  0.000000 -0.000000 -1.191973
7  0.729362 0.000006 -0.000003  -0.000000 0.000000 -1.063394
8  3.942304 0.050326 0.431044  0.232421 0.000609 -0.853331
9  1.539098 -0.000003 0.000001  -0.000000 0.000000 -0.973379
10  1.196318 0.000010 0.000000  -0.000000 -0.000000 -1.451261
11  3.883659 -0.050323 -0.431043  0.066987 0.050243 -0.694792
12  1.719577 0.000007 -0.000000  0.000000 -0.000004 -1.251013
13  1.209183 0.000001 -0.000000  -0.000000 -0.000003 -1.141145
14  3.859842 -0.148936 -1.331280  -0.248855 0.263129 -0.072121
15  1.719424 0.000002 0.000000  0.000000 0.000000 -0.676756
16  1.099665 0.000003 -0.000002  0.000000 -0.000000 -1.021287
17  0.806022 -0.359837 -1.318334  1.349685 0.343493 -0.771450
18  1.789784 0.000003 -0.000005  -0.000000 -0.000000 0.397500
19  1.206998 0.000003 -0.000003  0.000000 0.000000 0.989033
20  4.125000 -1.447266 -3.542969  -1.564198 -0.011689 -1.581440
21  3.820737 -1.409995 -0.589409  -1.564198 -0.011689 -1.581439
22  0.222814 -3.739060 1.509297  0.024887 2.851473 -1.494016
23  3.048727 6.125615 1.106841  1.596061 0.018247 -0.808184
24  3.527215 5.063570 0.216259  1.596061 0.018246 -0.808184
25  3.352950 5.114328 -0.401207  1.596061 0.018247 -0.808184
26  2.909482 4.772882 -1.012056  1.596061 0.018247 -0.808184
27  1.772479 4.476573 2.356868  1.596061 0.018247 -0.808184
28  0.000006 3.336140 -8.647861  -1.570799 -1.391898 -1.570795
29  2.033350 1.000764 1.937663  1.227517 0.585911 1.190966
30  2.026190 1.001859 1.937675  1.227511 0.585916 1.190961
31  0.000001 -0.000001 0.000004  1.583265 0.000007 1.570794
32  0.000000 6.028147 -0.000001  -0.406902 -0.509315 -0.916927
33  -0.000002 0.000009 -0.000005  -0.000002 0.000003 1.570791
34  0.000017 6.028144 -0.000011  -0.546364 0.352808 0.446750
35  -0.000001 11.692571 0.000000  -0.000001 -0.000005 -0.641276
36  -0.000000 0.000002 -0.000003  0.000005 0.000000 1.570801
37  11.692579 0.000054 0.000041  0.000004 -0.000001 -0.641266
38  -0.000000 11.481682 -0.000001  0.413919 0.490209 0.744999
39  -0.000000 -0.000002 0.000001  0.000000 -0.000000 1.570789
40  11.481684 -0.000057 0.000007  0.527734 -0.362733 0.541040
41  0.137968 3.859855 1.332474  -1.465451 -1.619431 0.860062
42  0.000000 -0.000001 0.000000  1.933714 0.000004 1.570794
43  3.859860 -0.137941 1.332474  0.357799 -0.048367 -0.605271
44  0.000001 1.719431 0.000001  -0.420877 0.202310 0.066145
45  0.000000 -0.000000 0.000004  1.743430 0.000000 1.570798
46  1.719435 0.000007 -0.000006  0.000190 -0.009100 -0.438601
47  -0.000000 1.099661 0.000001  1.022359 1.907819 1.050332
48  -0.000001 -0.000001 -0.000001  -0.000002 0.000003 1.570799
49  1.099665 -0.000001 0.000004  -0.000119 0.002600 -0.290979
50  0.046789 3.883683 0.431452  -0.028149 -1.505149 -0.643973
51  0.000000 -0.000000 -0.000000  1.590082 0.000009 1.570787
52  3.883686 -0.046762 0.431451  0.084906 0.001838 -0.672064
53  0.000000 1.719576 -0.000001  -0.720100 0.051523 -0.006475
54  0.000000 -0.000000 0.000001  1.538381 -0.000002 1.570794
55  1.719578 0.000017 -0.000018  -0.003915 0.016394 -0.719627
56  0.000000 1.209181 -0.000000  -1.502664 1.085643 -1.507497
57  0.000001 -0.000001 0.000000  -0.000000 -0.000000 1.570805
58  1.209185 -0.000003 -0.000004  -0.000816 0.002971 -0.484094
59  -0.046750 3.942320 -0.431435  -0.326443 -1.473453 -0.660453
60  0.000001 0.000000 0.000003  1.317660 0.000000 1.570797
61  3.942322 0.046778 -0.431437  -0.160904 0.031172 -0.985454
62  -0.000000 1.539090 0.000003  -0.255114 -0.026494 -0.056799
63  0.000000 -0.000001 0.000001  1.337310 -0.000004 1.570800
64  1.539093 0.000001 -0.000000  -0.000026 0.003538 -0.262664
65  0.000000 1.196321 0.000001  -1.013121 1.118322 -1.059577
66  0.000000 0.000001 -0.000001  0.000000 -0.000001 1.570800
67  1.196326 -0.000004 0.000003  -0.000000 0.000004 -0.391201
68  0.142427 3.859699 -1.191966  -0.667371 -1.423718 -0.301272
69  0.000001 0.000002 -0.000000  0.976757 -0.000005 1.570807
70  3.859703 -0.142400 -1.191970  -0.478196 0.090837 -0.963365
71  -0.000002 1.312568 0.000001  -0.361361 -0.138963 -0.204711
72  -0.000000 0.000000 -0.000002  1.078169 0.000003 1.570794
73  1.312569 -0.000013 0.000007  0.000004 -0.001343 -0.437238
74  -0.000000 0.729364 -0.000001  -0.404446 1.030434 -0.462983
75  -0.000001 -0.000000 0.000000  -0.000001 -0.000001 1.570795
76  0.729367 0.000003 -0.000001  0.000001 -0.000004 -0.231832
77  0.348928 0.806040 1.321260  -1.142979 -2.276488 0.650281
78  0.000001 -0.000000 -0.000000  0.437032 0.000002 1.570791
79  0.806044 -0.348924 1.321261  -1.473564 -0.631198 -0.380782
80  0.000003 1.789783 -0.000002  0.105693 0.066384 0.343681
81  0.000000 0.000001 -0.000001  0.347279 0.000000 1.570806
82  1.789787 0.000009 -0.000002  0.002654 0.043680 0.349583
83  0.000001 1.206998 -0.000004  0.184118 0.296140 0.567998
84  -0.000000 0.000002 0.000001  0.000001 -0.000001 1.570797
85  1.207002 -0.000014 0.000002  -0.000004 0.000001 0.540449
86  0.000000 0.000000 1.000000  1.570796 -0.000000 0.000000
time 40
0  0.000005 3.335938 -8.640624  -1.570780 -1.391896 -1.570809
1  2.033356 1.000772 -1.937610  1.473119 1.855075 -0.198639
2  6.028144 -0.000001 0.000000  2.079422 1.509698 -0.481873
3  11.692555 0.000002 0.000003  -0.000000 -0.000000 -0.326019
4  11.481701 0.000001 0.000002  -1.285984 0.008888 0.200690
5  3.859676 -0.132572 1.193110  0.432210 -0.155861 -0.861350
6  1.312556 -0.000007 0.000003  0.000000 -0.000000 -1.191973
7  0.729362 0.000003 -0.000002  -0.000000 0.000000 -1.063394
8  3.942302 0.050326 0.431045  0.232421 0.000609 -0.853331
9  1.539097 -0.000002 -0.000001  -0.000000 -0.000000 -0.973379
10  1.196319 0.000009 0.000002  -0.000000 0.000000 -1.451261
11  3.883658 -0.050323 -0.431042  0.066987 0.050243 -0.694792
12  1.719577 0.000003 -0.000001  0.000000 -0.000004 -1.251013
13  1.209183 0.000004 -0.000000  -0.000000 -0.000003 -1.141145
14  3.859841 -0.148936 -1.331280  -0.248855 0.263129 -0.072121
15  1.719423 0.000003 -0.000000  0.000000 -0.000000 -0.676756
16  1.099666 0.000001 -0.000001  0.000000 -0.000000 -1.021287
17  0.806019 -0.359838 -1.318333  1.349685 0.343493 -0.771450
18  1.789782 0.000001 -0.000004  -0.000000 -0.000000 0.397500
19  1.207000 0.000004 -0.000003  0.000000 0.000000 0.989033
20  4.124999 -1.447266 -3.542968  -1.564198 -0.011689 -1.581440
21  3.820737 -1.409994 -0.589408  -1.564198 -0.011689 -1.581439
22  0.222810 -3.739061 1.509297  0.024887 2.851473 -1.494016
23  3.048727 6.125611 1.106841  1.596061 0.018247 -0.808184
24  3.527215 5.063568 0.216259  1.596061 0.018246 -0.808184
25  3.352950 5.114326 -0.401208  1.596061 0.018247 -0.808184
26  2.909482 4.772881 -1.012056  1.596061 0.018247 -0.808184
27  1.772479 4.476569 2.356868  1.596061 0.018247 -0.808184
28  0.000006 3.336140 -8.647861  -1.570799 -1.391898 -1.570795
29  2.033350 1.000764 1.937663  1.227517 0.585911 1.190966
30  2.026190 1.001859 1.937675  1.227511 0.585916 1.190961
31  0.000001 -0.000001 0.000004  1.583265 0.000007 1.570794
32  0.000000 6.028147 -0.000001  -0.406667 -0.509409 -0.917259
33  -0.000002 0.000010 -0.000005  -0.000002 0.000003 1.570792
34  0.000017 6.028144 -0.000011  -0.546417 0.352588 0.446514
35  -0.000001 11.692571 -0.000000  -0.000001 -0.000005 -0.640600
36  0.000001 0.000001 -0.000001  0.000005 0.000000 1.570801
37  11.692579 0.000052 0.000039  0.000004 -0.000001 -0.640591
38  0.000000 11.481683 0.000001  0.412948 0.490109 0.744607
39  -0.000001 0.000000 0.000001  0.000000 -0.000000 1.570789
40  11.481684 -0.000053 0.000009  0.527444 -0.361915 0.541208
41  0.137967 3.859854 1.332474  -1.465460 -1.619430 0.860065
42  0.000000 0.000000 0.000001  1.933714 0.000004 1.570794
43  3.859859 -0.137941 1.332472  0.357799 -0.048366 -0.605271
44  0.000001 1.719431 0.000001  -0.420876 0.202310 0.066145
45  -0.000000 -0.000001 0.000002  1.743430 0.000000 1.570798
46  1.719433 0.000003 -0.000004  0.000190 -0.009100 -0.438599
47  0.000001 1.099659 -0.000003  1.022357 1.907817 1.050329
48  -0.000002 -0.000001 -0.000001  -0.000002 0.000003 1.570799
49  1.099665 -0.000006 0.000004  -0.000119 0.002600 -0.290978
50  0.046789 3.883689 0.431449  -0.028159 -1.505149 -0.643968
51  -0.000001 0.000000 0.000001  1.590082 0.000009 1.570787
52  3.883691 -0.046761 0.431447  0.084906 0.001838 -0.672064
53  -0.000001 1.719573 -0.000001  -0.720101 0.051523 -0.006475
54  -0.000001 -0.000000 -0.000000  1.538381 -0.000002 1.570794
55  1.719576 0.000011 -0.000017  -0.003915 0.016394 -0.719628
56  -0.000002 1.209182 0.000001  -1.502664 1.085643 -1.507497
57  0.000001 -0.000001 0.000000  -0.000000 -0.000000 1.570805
58  1.209186 0.000003 -0.000005  -0.000816 0.002971 -0.484094
59  -0.046751 3.942326 -0.431436  -0.326456 -1.473452 -0.660444
60  -0.000001 0.000001 0.000000  1.317660 0.000000 1.570797
61  3.942329 0.046779 -0.431439  -0.160904 0.031174 -0.985453
62  -0.000000 1.539090 0.000001  -0.255115 -0.026494 -0.056799
63  0.000000 0.000000 0.000000  1.337310 -0.000004 1.570800
64  1.539095 0.000002 0.000003  -0.000026 0.003538 -0.262664
65  -0.000000 1.196323 0.000001  -1.013121 1.118322 -1.059578
66  -0.000001 -0.000000 -0.000001  0.000000 -0.000001 1.570800
67  1.196325 -0.000002 0.000004  0.000001 0.000004 -0.391200
68  0.142426 3.859705 -1.191966  -0.667371 -1.423717 -0.301272
69  0.000000 0.000001 0.000003  0.976757 -0.000005 1.570807
70  3.859709 -0.142400 -1.191970  -0.478196 0.090837 -0.963364
71  0.000000 1.312564 -0.000002  -0.361361 -0.138963 -0.204711
72  0.000002 -0.000000 0.000000  1.078169 0.000003 1.570794
73  1.312571 -0.000015 0.000006  0.000005 -0.001343 -0.437237
74  0.000002 0.729364 0.000001  -0.404445 1.030434 -0.462982
75  -0.000003 -0.000001 0.000000  -0.000001 -0.000001 1.570795
76  0.729367 0.000001 -0.000001  0.000002 -0.000005 -0.231831
77  0.348927 0.806043 1.321259  -1.142979 -2.276488 0.650282
78  0.000002 -0.000001 0.000002  0.437032 0.000002 1.570791
79  0.806047 -0.348924 1.321259  -1.473563 -0.631197 -0.380782
80  0.000000 1.789783 0.000005  0.105694 0.066384 0.343682
81  0.000002 0.000002 -0.000000  0.347279 0.000000 1.570806
82  1.789791 0.000013 -0.000000  0.002654 0.043680 0.349584
83  0.000002 1.207001 -0.000003  0.184118 0.296140 0.567998
84  -0.000001 -0.000000 0.000000  0.000001 -0.000001 1.570797
85  1.207002 -0.000012 0.000001  -0.000004 0.000001 0.540449
86  0.000000 0.000000 1.000000  1.570796 -0.000000 0.000000
time 41
0  0.000005 3.335938 -8.640624  -1.570780 -1.391896 -1.570809
1  2.033356 1.000772 -1.937610  1.473119 1.855075 -0.198639
2  6.028144 -0.000001 0.000000  2.087271 1.510539 -0.474009
3  11.692555 0.000002 0.000003  -0.000000 -0.000000 -0.324027
4  11.481700 0.000001 0.000002  -1.286002 0.008827 0.200690
5  3.859675 -0.132571 1.193109  0.432210 -0.155861 -0.861350
6  1.312554 -0.000004 0.000002  0.000000 -0.000000 -1.191973
7  0.729365 0.000002 -0.000002  -0.000000 0.000000 -1.063394
8  3.942303 0.050326 0.431042  0.232421 0.000609 -0.853331
9  1.539098 -0.000002 -0.000001  -0.000000 0.000000 -0.973379
10  1.196319 0.000012 0.000001  -0.000000 0.000000 -1.451261
11  3.883660 -0.050323 -0.431043  0.066987 0.050243 -0.694792
12  1.719580 0.000003 -0.000001  0.000000 -0.000004 -1.251013
13  1.209183 0.000003 0.000000  -0.000000 -0.000003 -1.141173
14  3.859840 -0.148936 -1.331281  -0.248855 0.263129 -0.072121
15  1.719424 0.000002 0.000002  0.000000 0.000000 -0.676756
16  1.099666 0.000000 -0.000001  0.000000 -0.000000 -1.021287
17  0.806022 -0.359837 -1.318334  1.349685 0.343493 -0.771450
18  1.789782 0.000002 -0.000005  -0.000000 -0.000000 0.397500
19  1.207000 0.000003 0.000000  0.000000 0.000000 0.989033
20  4.124997 -1.447266 -3.542969  -1.564198 -0.011689 -1.581440
21  3.820738 -1.409994 -0.589409  -1.564198 -0.011689 -1.581439
22  0.222822 -3.739063 1.509296  0.024887 2.851473 -1.494016
23  3.048727 6.125610 1.106840  1.596061 0.018247 -0.808184
24  3.527215 5.063567 0.216258  1.596061 0.018246 -0.808184
25  3.352950 5.114328 -0.401208  1.596061 0.018247 -0.808184
26  2.909482 4.772882 -1.012058  1.596061 0.018247 -0.808184
27  1.772478 4.476569 2.356867  1.596061 0.018247 -0.808184
28  0.000006 3.336140 -8.647861  -1.570799 -1.391898 -1.570795
29  2.033350 1.000764 1.937663  1.227517 0.585911 1.190966
30  2.026190 1.001859 1.937675  1.227511 0.585916 1.190961
31  0.000001 -0.000001 0.000004  1.583265 0.000007 1.570794
32  0.000000 6.028147 -0.000001  -0.406454 -0.509531 -0.917622
33  0.000000 0.000009 -0.000006  -0.000002 0.000003 1.570792
34  0.000017 6.028144 -0.000011  -0.546504 0.352381 0.446224
35  0.000001 11.692572 -0.000000  -0.000001 -0.000005 -0.639807
36  -0.000002 0.000001 -0.000001  0.000005 0.000000 1.570801
37  11.692578 0.000051 0.000038  0.000004 -0.000001 -0.639798
38  -0.000002 11.481682 0.000001  0.411896 0.489979 0.744154
39  -0.000000 -0.000003 0.000000  0.000000 -0.000000 1.570789
40  11.481683 -0.000053 0.000007  0.527108 -0.361032 0.541369
41  0.137968 3.859855 1.332471  -1.465460 -1.619431 0.860064
42  -0.000001 0.000002 0.000000  1.933714 0.000004 1.570794
43  3.859859 -0.137941 1.332472  0.357799 -0.048366 -0.605273
44  -0.000001 1.719431 0.000000  -0.420873 0.202310 0.066145
45  0.000001 0.000000 0.000001  1.743430 0.000000 1.570798
46  1.719435 0.000006 -0.000006  0.000190 -0.009099 -0.438596
47  0.000002 1.099665 -0.000001  1.022354 1.907816 1.050327
48  0.000001 -0.000000 0.000000  -0.000002 0.000003 1.570799
49  1.099668 0.000002 0.000004  -0.000119 0.002600 -0.290975
50  0.046788 3.883685 0.431450  -0.028156 -1.505149 -0.643973
51  -0.000000 0.000001 -0.000001  1.590082 0.000009 1.570787
52  3.883690 -0.046762 0.431449  0.084907 0.001838 -0.672065
53  0.000001 1.719576 -0.000001  -0.720100 0.051523 -0.006475
54  -0.000001 -0.000001 0.000000  1.538381 -0.000002 1.570794
55  1.719578 0.000014 -0.000014  -0.003915 0.016393 -0.719627
56  -0.000002 1.209182 -0.000000  -1.502664 1.085643 -1.507497
57  0.000000 0.000001 0.000001  -0.000000 -0.000000 1.570805
58  1.209185 -0.000001 -0.000003  -0.000816 0.002971 -0.484093
59  -0.046751 3.942325 -0.431437  -0.326443 -1.473453 -0.660458
60  0.000001 -0.000000 -0.000001  1.317660 0.000000 1.570797
61  3.942327 0.046778 -0.431439  -0.160904 0.031172 -0.985454
62  0.000001 1.539090 0.000002  -0.255113 -0.026494 -0.056799
63  0.000000 0.000000 -0.000001  1.337310 -0.000004 1.570800
64  1.539097 0.000000 0.000002  -0.000026 0.003538 -0.262662
65  0.000000 1.196323 -0.000000  -1.013119 1.118323 -1.059576
66  -0.000001 -0.000000 0.000000  0.000000 -0.000001 1.570800
67  1.196327 -0.000008 0.000003  0.000001 0.000003 -0.391198
68  0.142426 3.859705 -1.191969  -0.667368 -1.423718 -0.301276
69  -0.000001 0.000002 -0.000001  0.976757 -0.000005 1.570807
70  3.859709 -0.142399 -1.191971  -0.478196 0.090837 -0.963365
71  -0.000002 1.312566 -0.000003  -0.361360 -0.138963 -0.204711
72  -0.000001 0.000000 0.000000  1.078169 0.000003 1.570794
73  1.312568 -0.000015 0.000007  0.000005 -0.001343 -0.437237
74  -0.000001 0.729365 0.000000  -0.404444 1.030435 -0.462981
75  -0.000000 -0.000001 0.000001  -0.000001 -0.000001 1.570795
76  0.729367 0.000001 -0.000002  0.000002 -0.000004 -0.231830
77  0.348927 0.806040 1.321258  -1.142979 -2.276487 0.650281
78  -0.000000 0.000000 0.000000  0.437032 0.000002 1.570791
79  0.806046 -0.348923 1.321259  -1.473564 -0.631197 -0.380782
80  -0.000003 1.789784 0.000004  0.105694 0.066384 0.343681
81  0.000001 0.000002 0.000002  0.347279 0.000000 1.570806
82  1.789792 0.000015 -0.000000  0.002654 0.043679 0.349583
83  0.000000 1.206999 0.000002  0.184119 0.296140 0.567997
84  0.000000 -0.000002 0.000000  0.000001 -0.000001 1.570797
85  1.207003 -0.000010 0.000004  -0.000004 0.000001 0.540449
86  0.000000 0.000000 1.000000  1.570796 -0.000000 0.000000
time 42
0  0.000005 3.335938 -8.640624  -1.570780 -1.391896 -1.570809
1  2.033356 1.000772 -1.937610  1.473119 1.855075 -0.198639
2  6.028144 -0.000001 0.000000  2.095718 1.511427 -0.465539
3  11.692555 0.000001 0.000004  -0.000000 -0.000000 -0.321996
4  11.481700 0.000002 0.000002  -1.286002 0.008765 0.200690
5  3.859678 -0.132571 1.193109  0.432210 -0.155861 -0.861350
6  1.312557 -0.000004 0.000003  0.000000 -0.000000 -1.191973
7  0.729362 0.000005 -0.000002  -0.000000 0.000000 -1.063394
8  3.942305 0.050327 0.431043  0.232421 0.000609 -0.853331
9  1.539099 -0.000002 -0.000000  -0.000000 0.000000 -0.973379
10  1.196318 0.000009 0.000001  -0.000000 -0.000000 -1.451261
11  3.883662 -0.050322 -0.431042  0.066987 0.050243 -0.694792
12  1.719578 0.000004 -0.000000  0.000000 -0.000004 -1.251013
13  1.209182 0.000003 0.000000  -0.000000 -0.000003 -1.141145
14  3.859845 -0.148936 -1.331280  -0.248855 0.263129 -0.072121
15  1.719422 0.000002 0.000002  0.000000 0.000000 -0.676756
16  1.099663 0.000000 -0.000003  0.000000 -0.000000 -1.021287
17  0.806023 -0.359837 -1.318333  1.349685 0.343493 -0.771450
18  1.789784 0.000003 -0.000003  -0.000000 -0.000000 0.397500
19  1.207001 0.000003 -0.000000  0.000000 0.000000 0.989033
20  4.125002 -1.447266 -3.542968  -1.564198 -0.011689 -1.581440
21  3.820739 -1.409994 -0.589408  -1.564198 -0.011689 -1.581439
22  0.222830 -3.739061 1.509297  0.024887 2.851473 -1.494016
23  3.048726 6.125612 1.106842  1.596061 0.018247 -0.808184
24  3.527214 5.063567 0.216260  1.596061 0.018246 -0.808184
25  3.352950 5.114326 -0.401206  1.596061 0.018247 -0.808184
26  2.909482 4.772882 -1.012056  1.596061 0.018247 -0.808184
27  1.772479 4.476571 2.356869  1.596061 0.018247 -0.808184
28  0.000006 3.336140 -8.647861  -1.570799 -1.391898 -1.570795
29  2.033350 1.000764 1.937663  1.227517 0.585911 1.190966
30  2.026190 1.001859 1.937675  1.227511 0.585916 1.190961
31  0.000001 -0.000001 0.000004  1.583265 0.000007 1.570794
32  0.000000 6.028147 -0.000001  -0.406203 -0.509632 -0.917978
33  -0.000000 0.000009 -0.000006  -0.000002 0.000003 1.570792
34  0.000017 6.028144 -0.000011  -0.546561 0.352145 0.445972
35  0.000001 11.692572 0.000000  -0.000001 -0.000005 -0.639078
36  0.000001 -0.000000 -0.000002  0.000005 0.000000 1.570801
37  11.692578 0.000053 0.000040  0.000004 -0.000001 -0.639069
38  0.000000 11.481680 0.000000  0.410816 0.489846 0.743741
39  -0.000001 0.000003 -0.000001  0.000000 -0.000000 1.570789
40  11.481684 -0.000056 0.000008  0.526764 -0.360125 0.541585
41  0.137967 3.859862 1.332472  -1.465458 -1.619430 0.860063
42  -0.000000 -0.000000 0.000000  1.933714 0.000004 1.570794
43  3.859866 -0.137940 1.332473  0.357799 -0.048366 -0.605271
44  -0.000000 1.719425 0.000001  -0.420875 0.202310 0.066145
45  0.000000 -0.000000 0.000001  1.743430 0.000000 1.570799
46  1.719431 0.000006 -0.000004  0.000189 -0.009099 -0.438598
47  -0.000000 1.099661 -0.000003  1.022355 1.907817 1.050329
48  0.000000 0.000000 -0.000001  -0.000002 0.000003 1.570799
49  1.099662 -0.000001 0.000004  -0.000120 0.002599 -0.290977
50  0.046788 3.883689 0.431449  -0.028148 -1.505149 -0.643978
51  -0.000000 -0.000001 0.000001  1.590082 0.000009 1.570787
52  3.883693 -0.046761 0.431448  0.084907 0.001838 -0.672065
53  -0.000001 1.719575 -0.000000  -0.720100 0.051523 -0.006475
54  -0.000001 0.000001 0.000001  1.538381 -0.000002 1.570794
55  1.719578 0.000016 -0.000017  -0.003915 0.016394 -0.719627
56  0.000000 1.209180 -0.000002  -1.502664 1.085643 -1.507497
57  0.000000 0.000001 0.000001  -0.000000 -0.000000 1.570805
58  1.209182 -0.000007 -0.000001  -0.000816 0.002971 -0.484095
59  -0.046751 3.942327 -0.431437  -0.326453 -1.473453 -0.660448
60  0.000000 0.000000 0.000002  1.317660 0.000000 1.570797
61  3.942331 0.046778 -0.431439  -0.160904 0.031173 -0.985453
62  0.000000 1.539091 0.000002  -0.255112 -0.026494 -0.056799
63  0.000000 0.000001 -0.000000  1.337310 -0.000004 1.570800
64  1.539095 0.000001 0.000002  -0.000026 0.003538 -0.262662
65  -0.000001 1.196323 -0.000000  -1.013118 1.118324 -1.059575
66  0.000002 -0.000001 0.000001  0.000000 -0.000001 1.570800
67  1.196325 -0.000001 0.000003  0.000000 0.000003 -0.391198
68  0.142425 3.859708 -1.191969  -0.667367 -1.423718 -0.301279
69  0.000000 0.000000 0.000002  0.976757 -0.000005 1.570807
70  3.859712 -0.142399 -1.191971  -0.478196 0.090836 -0.963367
71  -0.000001 1.312569 0.000002  -0.361357 -0.138963 -0.204711
72  -0.000001 0.000001 -0.000001  1.078169 0.000003 1.570794
73  1.312574 -0.000013 0.000008  0.000005 -0.001345 -0.437235
74  -0.000002 0.729365 0.000002  -0.404440 1.030436 -0.462977
75  -0.000000 -0.000000 -0.000000  -0.000001 -0.000001 1.570795
76  0.729367 0.000007 -0.000000  0.000002 -0.000004 -0.231827
77  0.348927 0.806043 1.321258  -1.142980 -2.276489 0.650283
78  -0.000001 -0.000000 -0.000001  0.437032 0.000002 1.570791
79  0.806049 -0.348923 1.321259  -1.473564 -0.631199 -0.380782
80  -0.000001 1.789781 -0.000001  0.105694 0.066384 0.343683
81  0.000000 -0.000000 0.000000  0.347279 0.000000 1.570806
82  1.789786 0.000009 -0.000001  0.002654 0.043680 0.349585
83  -0.000000 1.206998 0.000000  0.184119 0.296139 0.568000
84  0.000000 0.000000 0.000000  0.000001 -0.000001 1.570797
85  1.207001 -0.000012 0.000004  -0.000003 0.000001 0.540451
86  0.000000 0.000000 1.000000  1.570796 -0.000000 0.000000
time 43
0  0.000005 3.335938 -8.640624  -1.570780 -1.391896 -1.570809
1  2.033356 1.000772 -1.937610  1.473119 1.855075 -0.198639
2  6.028144 -0.000001 0.000000  2.104556 1.512315 -0.456683
3  11.692554 0.000001 0.000003  -0.000000 -0.000000 -0.319891
4  11.481699 0.000000 0.000002  -1.286020 0.008703 0.200690
5  3.859679 -0.132571 1.193108  0.432210 -0.155861 -0.861350
6  1.312554 -0.000005 0.000002  0.000000 -0.000000 -1.191973
7  0.729362 0.000000 -0.000003  -0.000000 0.000000 -1.063394
8  3.942306 0.050326 0.431043  0.232421 0.000609 -0.853331
9  1.539097 -0.000002 0.000000  -0.000000 0.000000 -0.973379
10  1.196318 0.000009 0.000000  -0.000000 -0.000000 -1.451261
11  3.883661 -0.050322 -0.431043  0.066987 0.050243 -0.694792
12  1.719578 0.000007 -0.000001  0.000000 -0.000004 -1.251013
13  1.209182 0.000004 -0.000000  -0.000000 -0.000003 -1.141145
14  3.859843 -0.148936 -1.331280  -0.248855 0.263129 -0.072121
15  1.719422 0.000002 0.000001  0.000000 0.000000 -0.676756
16  1.099663 -0.000000 -0.000000  0.000000 -0.000000 -1.021287
17  0.806023 -0.359837 -1.318334  1.349685 0.343493 -0.771450
18  1.789782 0.000002 -0.000005  -0.000000 -0.000000 0.397500
19  1.207001 0.000003 -0.000003  0.000000 0.000000 0.989033
20  4.125000 -1.447266 -3.542969  -1.564198 -0.011689 -1.581440
21  3.820741 -1.409994 -0.589409  -1.564198 -0.011689 -1.581439
22  0.222827 -3.739062 1.509298  0.024887 2.851473 -1.494016
23  3.048727 6.125612 1.106841  1.596061 0.018247 -0.808184
24  3.527215 5.063570 0.216259  1.596061 0.018246 -0.808184
25  3.352950 5.114328 -0.401206  1.596061 0.018247 -0.808184
26  2.909482 4.772885 -1.012057  1.596061 0.018247 -0.808184
27  1.772478 4.476571 2.356868  1.596061 0.018247 -0.808184
28  0.000006 3.336140 -8.647861  -1.570799 -1.391898 -1.570795
29  2.033350 1.000764 1.937663  1.227517 0.585911 1.190966
30  2.026190 1.001859 1.937675  1.227511 0.585916 1.190961
31  0.000001 -0.000001 0.000004  1.583265 0.000007 1.570794
32  0.000000 6.028147 -0.000001  -0.405974 -0.509754 -0.918353
33  -0.000001 0.000010 -0.000006  -0.000002 0.000003 1.570792
34  0.000017 6.028144 -0.000011  -0.546645 0.351925 0.445679
35  -0.000001 11.692570 -0.000000  -0.000001 -0.000005 -0.638267
36  -0.000001 0.000000 -0.000001  0.000005 0.000000 1.570801
37  11.692578 0.000052 0.000039  0.000005 -0.000001 -0.638258
38  -0.000003 11.481682 0.000000  0.409703 0.489706 0.743275
39  -0.000001 0.000001 -0.000001  0.000000 -0.000000 1.570789
40  11.481685 -0.000053 0.000008  0.526407 -0.359190 0.541769
41  0.137968 3.859856 1.332472  -1.465455 -1.619430 0.860059
42  0.000000 -0.000002 -0.000001  1.933714 0.000004 1.570794
43  3.859862 -0.137941 1.332473  0.357799 -0.048366 -0.605273
44  0.000000 1.719429 0.000000  -0.420871 0.202310 0.066145
45  -0.000000 -0.000001 0.000001  1.743430 0.000000 1.570798
46  1.719439 0.000008 -0.000010  0.000190 -0.009099 -0.438594
47  -0.000000 1.099660 0.000001  1.022351 1.907814 1.050323
48  -0.000001 0.000000 -0.000000  -0.000002 0.000003 1.570799
49  1.099663 -0.000000 0.000002  -0.000119 0.002600 -0.290974
50  0.046788 3.883686 0.431449  -0.028153 -1.505149 -0.643970
51  0.000001 -0.000001 0.000002  1.590082 0.000009 1.570787
52  3.883691 -0.046762 0.431449  0.084907 0.001838 -0.672064
53  0.000003 1.719574 0.000002  -0.720099 0.051523 -0.006475
54  0.000001 0.000000 -0.000000  1.538381 -0.000002 1.570794
55  1.719580 0.000017 -0.000015  -0.003915 0.016394 -0.719626
56  0.000000 1.209184 0.000002  -1.502664 1.085644 -1.507497
57  -0.000001 -0.000000 -0.000000  -0.000000 -0.000000 1.570805
58  1.209186 0.000001 -0.000003  -0.000817 0.002971 -0.484094
59  -0.046750 3.942324 -0.431437  -0.326440 -1.473453 -0.660458
60  0.000001 0.000000 0.000000  1.317660 0.000000 1.570797
61  3.942328 0.046778 -0.431438  -0.160904 0.031172 -0.985454
62  0.000002 1.539089 -0.000002  -0.255112 -0.026494 -0.056799
63  -0.000001 -0.000002 0.000002  1.337310 -0.000004 1.570800
64  1.539092 -0.000002 0.000003  -0.000026 0.003538 -0.262662
65  -0.000002 1.196321 0.000001  -1.013118 1.118324 -1.059575
66  0.000001 -0.000000 0.000000  0.000000 -0.000001 1.570800
67  1.196326 -0.000004 0.000003  0.000001 0.000003 -0.391197
68  0.142426 3.859703 -1.191969  -0.667369 -1.423718 -0.301275
69  0.000001 0.000001 -0.000001  0.976757 -0.000005 1.570807
70  3.859709 -0.142400 -1.191970  -0.478196 0.090837 -0.963366
71  0.000001 1.312569 -0.000003  -0.361354 -0.138964 -0.204711
72  0.000001 -0.000000 0.000002  1.078169 0.000003 1.570794
73  1.312572 -0.000015 0.000009  0.000004 -0.001346 -0.437233
74  -0.000000 0.729363 0.000002  -0.404436 1.030437 -0.462971
75  0.000002 -0.000000 -0.000000  -0.000001 -0.000001 1.570795
76  0.729366 0.000004 -0.000001  0.000001 -0.000004 -0.231824
77  0.348927 0.806042 1.321259  -1.142976 -2.276484 0.650280
78  0.000000 -0.000000 0.000000  0.437032 0.000002 1.570790
79  0.806048 -0.348924 1.321260  -1.473563 -0.631193 -0.380782
80  -0.000000 1.789785 0.000000  0.105693 0.066384 0.343678
81  0.000001 0.000001 0.000000  0.347279 0.000000 1.570806
82  1.789790 0.000013 -0.000001  0.002654 0.043678 0.349579
83  0.000001 1.206999 0.000001  0.184116 0.296141 0.567992
84  -0.000001 -0.000001 0.000000  0.000001 -0.000001 1.570797
85  1.207002 -0.000012 0.000005  -0.000004 0.000001 0.540443
86  0.000000 0.000000 1.000000  1.570796 -0.000000 0.000000
time 44
0  0.000005 3.335938 -8.640624  -1.570780 -1.391896 -1.570809
1  2.033356 1.000772 -1.937610  1.473119 1.855075 -0.198639
2  6.028144 -0.000001 0.000000  2.113622 1.513203 -0.447608
3  11.692556 0.000003 0.000003  0.000000 -0.000000 -0.317823
4  11.481700 0.000000 0.000001  -1.286020 0.008642 0.200690
5  3.859678 -0.132571 1.193109  0.432210 -0.155861 -0.861350
6  1.312557 -0.000007 0.000001  0.000000 0.000000 -1.191973
7  0.729361 0.000005 -0.000003  0.000000 -0.000000 -1.063394
8  3.942304 0.050326 0.431044  0.232421 0.000609 -0.853331
9  1.539098 -0.000005 -0.000001  -0.000000 0.000000 -0.973379
10  1.196318 0.000008 0.000001  -0.000000 0.000000 -1.451261
11  3.883660 -0.050322 -0.431043  0.066987 0.050243 -0.694792
12  1.719575 0.000003 -0.000000  0.000000 -0.000004 -1.251040
13  1.209183 0.000004 -0.000000  -0.000000 -0.000003 -1.141145
14  3.859844 -0.148936 -1.331280  -0.248855 0.263129 -0.072121
15  1.719424 0.000002 0.000000  0.000000 0.000000 -0.676756
16  1.099666 0.000002 0.000001  0.000000 -0.000000 -1.021287
17  0.806022 -0.359837 -1.318334  1.349685 0.343493 -0.771450
18  1.789783 -0.000000 -0.000006  -0.000000 -0.000000 0.397500
19  1.206999 0.000005 0.000001  0.000000 0.000000 0.989033
20  4.125002 -1.447266 -3.542969  -1.564198 -0.011689 -1.581440
21  3.820741 -1.409994 -0.589409  -1.564198 -0.011689 -1.581439
22  0.222814 -3.739064 1.509297  0.024887 2.851473 -1.494016
23  3.048727 6.125614 1.106841  1.596061 0.018247 -0.808184
24  3.527214 5.063571 0.216259  1.596061 0.018246 -0.808184
25  3.352951 5.114330 -0.401207  1.596061 0.018247 -0.808184
26  2.909482 4.772885 -1.012057  1.596061 0.018247 -0.808184
27  1.772478 4.476572 2.356868  1.596061 0.018247 -0.808184
28  0.000006 3.336140 -8.647861  -1.570799 -1.391898 -1.570795
29  2.033350 1.000764 1.937663  1.227517 0.585911 1.190966
30  2.026190 1.001859 1.937675  1.227511 0.585916 1.190961
31  0.000001 -0.000001 0.000004  1.583265 0.000007 1.570794
32  0.000000 6.028147 -0.000001  -0.405727 -0.509858 -0.918712
33  -0.000001 0.000010 -0.000006  -0.000002 0.000003 1.570792
34  0.000017 6.028144 -0.000011  -0.546706 0.351693 0.445420
35  -0.000001 11.692572 -0.000000  -0.000001 -0.000005 -0.637525
36  -0.000001 0.000001 -0.000002  0.000005 0.000001 1.570801
37  11.692577 0.000052 0.000039  0.000004 -0.000001 -0.637516
38  -0.000001 11.481685 0.000000  0.408604 0.489586 0.742860
39  -0.000001 0.000001 0.000000  0.000000 -0.000000 1.570789
40  11.481683 -0.000055 0.000007  0.526075 -0.358264 0.541987
41  0.137968 3.859859 1.332472  -1.465457 -1.619430 0.860056
42  0.000000 0.000000 0.000001  1.933714 0.000004 1.570794
43  3.859862 -0.137941 1.332472  0.357799 -0.048366 -0.605273
44  -0.000001 1.719427 0.000000  -0.420871 0.202310 0.066145
45  -0.000001 0.000000 0.000000  1.743430 0.000000 1.570798
46  1.719432 0.000005 -0.000008  0.000189 -0.009099 -0.438594
47  -0.000001 1.099663 -0.000000  1.022351 1.907814 1.050323
48  -0.000000 -0.000001 -0.000000  -0.000002 0.000003 1.570799
49  1.099666 0.000001 0.000001  -0.000119 0.002600 -0.290974
50  0.046788 3.883687 0.431449  -0.028137 -1.505149 -0.643984
51  0.000000 -0.000001 -0.000001  1.590082 0.000009 1.570787
52  3.883687 -0.046761 0.431449  0.084906 0.001837 -0.672065
53  0.000002 1.719575 -0.000003  -0.720100 0.051523 -0.006475
54  -0.000001 0.000000 0.000001  1.538381 -0.000002 1.570794
55  1.719580 0.000013 -0.000015  -0.003915 0.016393 -0.719627
56  -0.000001 1.209182 0.000003  -1.502664 1.085643 -1.507497
57  -0.000003 -0.000001 -0.000001  -0.000000 -0.000000 1.570805
58  1.209185 -0.000001 -0.000004  -0.000816 0.002971 -0.484094
59  -0.046751 3.942327 -0.431436  -0.326451 -1.473453 -0.660447
60  0.000000 0.000000 -0.000001  1.317660 0.000000 1.570797
61  3.942325 0.046779 -0.431438  -0.160904 0.031173 -0.985455
62  -0.000000 1.539093 -0.000000  -0.255110 -0.026494 -0.056799
63  0.000000 -0.000001 -0.000001  1.337310 -0.000004 1.570800
64  1.539099 -0.000001 0.000002  -0.000026 0.003537 -0.262659
65  -0.000001 1.196322 0.000002  -1.013114 1.118327 -1.059571
66  0.000004 0.000000 -0.000000  0.000000 -0.000001 1.570800
67  1.196328 -0.000002 0.000003  0.000001 0.000004 -0.391194
68  0.142426 3.859705 -1.191968  -0.667370 -1.423718 -0.301273
69  0.000000 -0.000001 0.000002  0.976757 -0.000005 1.570807
70  3.859707 -0.142399 -1.191969  -0.478196 0.090837 -0.963366
71  -0.000002 1.312567 0.000001  -0.361356 -0.138963 -0.204711
72  0.000000 -0.000000 0.000003  1.078169 0.000003 1.570794
73  1.312573 -0.000015 0.000006  0.000005 -0.001345 -0.437233
74  0.000001 0.729364 0.000004  -0.404439 1.030436 -0.462974
75  0.000001 0.000002 -0.000001  -0.000001 -0.000001 1.570795
76  0.729367 0.000004 -0.000001  0.000001 -0.000004 -0.231826
77  0.348927 0.806045 1.321258  -1.142977 -2.276485 0.650280
78  0.000000 -0.000001 -0.000000  0.437032 0.000002 1.570791
79  0.806048 -0.348924 1.321259  -1.473563 -0.631195 -0.380782
80  0.000000 1.789781 -0.000001  0.105693 0.066384 0.343679
81  0.000000 0.000002 0.000000  0.347279 0.000000 1.570806
82  1.789788 0.000012 -0.000003  0.002654 0.043679 0.349581
83  0.000001 1.207000 -0.000000  0.184117 0.296141 0.567994
84  -0.000001 0.000002 0.000000  0.000001 -0.000001 1.570797
85  1.207000 -0.000013 0.000005  -0.000004 0.000001 0.540445
86  0.000000 0.000000 1.000000  1.570796 -0.000000 0.000000
time 45
0  0.000005 3.335938 -8.640624  -1.570780 -1.391896 -1.570809
1  2.033356 1.000772 -1.937610  1.473119 1.855075 -0.198639
2  6.028144 -0.000001 0.000000  2.122687 1.514044 -0.438509
3  11.692555 -0.000000 0.000003  -0.000000 -0.000000 -0.315793
4  11.481698 -0.000000 0.000001  -1.286039 0.008559 0.200690
5  3.859676 -0.132571 1.193108  0.432210 -0.155861 -0.861350
6  1.312555 -0.000004 0.000003  0.000000 -0.000000 -1.191973
7  0.729363 0.000003 -0.000003  -0.000000 -0.000000 -1.063394
8  3.942303 0.050326 0.431043  0.232421 0.000609 -0.853331
9  1.539097 -0.000001 -0.000000  -0.000000 0.000000 -0.973379
10  1.196319 0.000007 0.000001  -0.000000 -0.000000 -1.451261
11  3.883661 -0.050323 -0.431043  0.066987 0.050243 -0.694792
12  1.719579 0.000002 0.000000  0.000000 -0.000004 -1.251013
13  1.209182 0.000004 -0.000000  -0.000000 -0.000003 -1.141145
14  3.859839 -0.148937 -1.331280  -0.248855 0.263129 -0.072121
15  1.719424 0.000002 0.000001  0.000000 0.000000 -0.676756
16  1.099665 0.000002 -0.000000  0.000000 -0.000000 -1.021287
17  0.806020 -0.359838 -1.318334  1.349685 0.343493 -0.771450
18  1.789782 -0.000000 -0.000004  -0.000000 -0.000000 0.397500
19  1.207002 0.000003 -0.000001  0.000000 0.000000 0.989033
20  4.124997 -1.447266 -3.542968  -1.564198 -0.011689 -1.581440
21  3.820738 -1.409994 -0.589409  -1.564198 -0.011689 -1.581439
22  0.222825 -3.739062 1.509297  0.024887 2.851473 -1.494016
23  3.048727 6.125609 1.106840  1.596061 0.018247 -0.808184
24  3.527214 5.063565 0.216258  1.596061 0.018246 -0.808184
25  3.352949 5.114327 -0.401207  1.596061 0.018247 -0.808184
26  2.909482 4.772882 -1.012058  1.596061 0.018247 -0.808184
27  1.772478 4.476569 2.356867  1.596061 0.018247 -0.808184
28  0.000006 3.336140 -8.647861  -1.570799 -1.391898 -1.570795
29  2.033350 1.000764 1.937663  1.227517 0.585911 1.190966
30  2.026190 1.001859 1.937675  1.227511 0.585916 1.190961
31  0.000001 -0.000001 0.000004  1.583265 0.000007 1.570794
32  0.000000 6.028147 -0.000001  -0.405523 -0.509977 -0.919065
33  -0.000001 0.000010 -0.000005  -0.000002 0.000003 1.570792
34  0.000017 6.028144 -0.000011  -0.546791 0.351494 0.445137
35  0.000000 11.692571 0.000000  -0.000001 -0.000005 -0.636755
36  -0.000000 0.000001 -0.000002  0.000005 0.000000 1.570801
37  11.692577 0.000053 0.000041  0.000004 -0.000001 -0.636746
38  -0.000001 11.481683 0.000000  0.407547 0.489430 0.742435
39  -0.000000 0.000001 -0.000001  0.000000 -0.000000 1.570789
40  11.481682 -0.000053 0.000006  0.525713 -0.357381 0.542186
41  0.137967 3.859854 1.332473  -1.465462 -1.619430 0.860062
42  0.000000 -0.000001 0.000001  1.933714 0.000004 1.570794
43  3.859858 -0.137940 1.332475  0.357799 -0.048366 -0.605274
44  -0.000001 1.719427 0.000003  -0.420872 0.202310 0.066145
45  -0.000001 -0.000000 0.000002  1.743430 0.000000 1.570798
46  1.719430 0.000007 -0.000007  0.000189 -0.009099 -0.438595
47  -0.000003 1.099662 0.000002  1.022351 1.907814 1.050324
48  0.000001 0.000001 -0.000000  -0.000002 0.000003 1.570799
49  1.099665 0.000001 -0.000001  -0.000119 0.002600 -0.290974
50  0.046789 3.883684 0.431450  -0.028150 -1.505149 -0.643975
51  0.000000 0.000002 -0.000001  1.590082 0.000009 1.570787
52  3.883687 -0.046761 0.431451  0.084907 0.001838 -0.672065
53  -0.000001 1.719578 0.000000  -0.720098 0.051523 -0.006475
54  -0.000001 0.000000 -0.000003  1.538381 -0.000002 1.570794
55  1.719582 0.000015 -0.000017  -0.003915 0.016394 -0.719625
56  0.000001 1.209184 -0.000002  -1.502663 1.085644 -1.507497
57  -0.000000 -0.000000 0.000001  -0.000000 -0.000000 1.570805
58  1.209186 0.000000 -0.000001  -0.000816 0.002971 -0.484093
59  -0.046751 3.942326 -0.431437  -0.326450 -1.473453 -0.660451
60  -0.000000 0.000001 0.000002  1.317660 0.000000 1.570797
61  3.942327 0.046779 -0.431436  -0.160904 0.031173 -0.985456
62  -0.000000 1.539090 -0.000001  -0.255107 -0.026494 -0.056799
63  -0.000001 -0.000000 -0.000001  1.337310 -0.000004 1.570800
64  1.539093 -0.000001 0.000002  -0.000026 0.003537 -0.262657
65  -0.000001 1.196322 -0.000001  -1.013112 1.118329 -1.059567
66  0.000003 0.000000 0.000000  0.000000 -0.000001 1.570800
67  1.196326 -0.000006 0.000003  0.000001 0.000004 -0.391191
68  0.142425 3.859706 -1.191968  -0.667366 -1.423718 -0.301278
69  0.000000 -0.000003 -0.000000  0.976757 -0.000005 1.570807
70  3.859707 -0.142399 -1.191969  -0.478196 0.090836 -0.963367
71  0.000000 1.312564 -0.000000  -0.361355 -0.138963 -0.204711
72  -0.000000 -0.000001 0.000001  1.078169 0.000003 1.570794
73  1.312572 -0.000015 0.000008  0.000005 -0.001346 -0.437232
74  -0.000000 0.729363 0.000002  -0.404436 1.030436 -0.462973
75  -0.000000 -0.000001 0.000000  -0.000001 -0.000001 1.570795
76  0.729367 0.000002 0.000001  0.000002 -0.000004 -0.231825
77  0.348928 0.806042 1.321260  -1.142976 -2.276482 0.650279
78  -0.000000 0.000001 -0.000000  0.437032 0.000002 1.570790
79  0.806046 -0.348924 1.321262  -1.473562 -0.631192 -0.380782
80  -0.000002 1.789784 0.000001  0.105693 0.066384 0.343677
81  0.000001 -0.000000 0.000002  0.347279 0.000000 1.570806
82  1.789788 0.000010 -0.000002  0.002654 0.043678 0.349579
83  0.000001 1.206997 0.000001  0.184116 0.296141 0.567990
84  0.000000 -0.000002 -0.000001  0.000001 -0.000001 1.570797
85  1.207001 -0.000013 0.000004  -0.000004 0.000001 0.540442
86  0.000000 0.000000 1.000000  1.570796 -0.000000 0.000000
time 46
0  0.000005 3.335938 -8.640624  -1.570780 -1.391896 -1.570809
1  2.033356 1.000772 -1.937610  1.473119 1.855075 -0.198639
2  6.028144 -0.000001 0.000000  2.131504 1.514839 -0.429677
3  11.692555 0.000001 0.000003  0.000000 -0.000000 -0.313876
4  11.481699 -0.000001 0.000002  -1.286057 0.008477 0.200690
5  3.859676 -0.132573 1.193108  0.432210 -0.155861 -0.861350
6  1.312558 -0.000005 0.000003  0.000000 -0.000000 -1.191973
7  0.729362 0.000002 -0.000002  -0.000000 -0.000000 -1.063394
8  3.942304 0.050325 0.431043  0.232421 0.000609 -0.853331
9  1.539101 -0.000005 -0.000001  -0.000000 0.000000 -0.973379
10  1.196319 0.000010 0.000000  -0.000000 -0.000000 -1.451261
11  3.883661 -0.050323 -0.431043  0.066987 0.050243 -0.694792
12  1.719576 0.000006 -0.000001  0.000000 -0.000004 -1.251013
13  1.209181 0.000006 -0.000001  -0.000000 -0.000003 -1.141145
14  3.859841 -0.148937 -1.331281  -0.248855 0.263129 -0.072121
15  1.719422 0.000002 0.000000  0.000000 0.000000 -0.676756
16  1.099664 0.000002 0.000002  0.000000 -0.000000 -1.021286
17  0.806022 -0.359838 -1.318334  1.349685 0.343493 -0.771450
18  1.789784 0.000001 -0.000003  -0.000000 -0.000000 0.397500
19  1.207000 0.000003 0.000001  0.000000 0.000000 0.989033
20  4.125000 -1.447267 -3.542969  -1.564198 -0.011689 -1.581440
21  3.820739 -1.409995 -0.589409  -1.564198 -0.011689 -1.581439
22  0.222824 -3.739064 1.509297  0.024887 2.851473 -1.494016
23  3.048726 6.125612 1.106841  1.596061 0.018247 -0.808184
24  3.527214 5.063568 0.216260  1.596061 0.018246 -0.808184
25  3.352949 5.114328 -0.401207  1.596061 0.018247 -0.808184
26  2.909481 4.772881 -1.012056  1.596061 0.018247 -0.808184
27  1.772479 4.476573 2.356868  1.596061 0.018247 -0.808184
28  0.000006 3.336140 -8.647861  -1.570799 -1.391898 -1.570795
29  2.033350 1.000764 1.937663  1.227517 0.585911 1.190966
30  2.026190 1.001859 1.937675  1.227511 0.585916 1.190961
31  0.000001 -0.000001 0.000004  1.583265 0.000007 1.570794
32  0.000000 6.028147 -0.000001  -0.405326 -0.510084 -0.919391
33  -0.000001 0.000009 -0.000005  -0.000002 0.000003 1.570791
34  0.000017 6.028144 -0.000011  -0.546865 0.351304 0.444881
35  -0.000000 11.692570 -0.000000  -0.000001 -0.000005 -0.636051
36  0.000000 0.000001 -0.000003  0.000005 0.000000 1.570801
37  11.692579 0.000054 0.000042  0.000004 -0.000001 -0.636042
38  0.000001 11.481680 -0.000002  0.406551 0.489295 0.742060
39  -0.000000 0.000001 -0.000001  0.000000 -0.000000 1.570789
40  11.481683 -0.000056 0.000007  0.525385 -0.356546 0.542393
41  0.137968 3.859857 1.332473  -1.465456 -1.619430 0.860063
42  -0.000000 0.000002 0.000000  1.933714 0.000004 1.570794
43  3.859861 -0.137942 1.332474  0.357799 -0.048365 -0.605274
44  -0.000001 1.719429 0.000001  -0.420871 0.202310 0.066145
45  -0.000000 -0.000001 -0.000002  1.743430 0.000000 1.570798
46  1.719431 0.000004 -0.000007  0.000190 -0.009098 -0.438594
47  0.000000 1.099660 0.000001  1.022350 1.907814 1.050324
48  -0.000002 0.000001 -0.000001  -0.000002 0.000003 1.570799
49  1.099663 0.000004 0.000000  -0.000119 0.002600 -0.290973
50  0.046788 3.883690 0.431450  -0.028159 -1.505149 -0.643967
51  0.000000 -0.000001 -0.000000  1.590082 0.000009 1.570787
52  3.883693 -0.046762 0.431449  0.084907 0.001838 -0.672064
53  0.000000 1.719577 -0.000002  -0.720098 0.051523 -0.006475
54  0.000001 -0.000001 -0.000001  1.538381 -0.000002 1.570794
55  1.719583 0.000017 -0.000015  -0.003915 0.016394 -0.719626
56  0.000000 1.209180 -0.000001  -1.502664 1.085644 -1.507496
57  -0.000001 -0.000000 -0.000000  -0.000000 -0.000000 1.570805
58  1.209184 -0.000003 -0.000003  -0.000817 0.002971 -0.484093
59  -0.046750 3.942325 -0.431437  -0.326455 -1.473453 -0.660446
60  0.000001 0.000001 0.000001  1.317660 0.000000 1.570797
61  3.942328 0.046778 -0.431437  -0.160904 0.031174 -0.985453
62  -0.000000 1.539092 0.000003  -0.255110 -0.026494 -0.056799
63  -0.000000 0.000000 0.000001  1.337310 -0.000004 1.570800
64  1.539095 0.000003 0.000001  -0.000026 0.003537 -0.262660
65  -0.000002 1.196322 0.000001  -1.013116 1.118326 -1.059572
66  0.000000 0.000000 0.000002  0.000000 -0.000001 1.570800
67  1.196325 -0.000006 0.000004  0.000000 0.000003 -0.391195
68  0.142426 3.859704 -1.191968  -0.667374 -1.423717 -0.301271
69  -0.000001 -0.000002 -0.000001  0.976757 -0.000005 1.570807
70  3.859708 -0.142400 -1.191969  -0.478196 0.090837 -0.963365
71  -0.000002 1.312567 0.000000  -0.361356 -0.138964 -0.204711
72  0.000000 0.000000 0.000002  1.078169 0.000003 1.570794
73  1.312574 -0.000015 0.000008  0.000004 -0.001345 -0.437234
74  -0.000002 0.729363 0.000001  -0.404437 1.030436 -0.462973
75  0.000002 -0.000000 0.000001  -0.000001 -0.000001 1.570795
76  0.729366 0.000003 -0.000001  0.000001 -0.000004 -0.231826
77  0.348928 0.806045 1.321259  -1.142975 -2.276481 0.650279
78  0.000001 0.000000 -0.000001  0.437032 0.000002 1.570790
79  0.806049 -0.348924 1.321260  -1.473562 -0.631190 -0.380782
80  -0.000000 1.789783 -0.000001  0.105693 0.066385 0.343675
81  -0.000002 0.000003 -0.000001  0.347279 0.000000 1.570806
82  1.789786 0.000011 -0.000001  0.002654 0.043678 0.349577
83  -0.000001 1.207001 -0.000001  0.184116 0.296141 0.567989
84  -0.000000 -0.000002 0.000001  0.000001 -0.000001 1.570797
85  1.207000 -0.000012 0.000004  -0.000004 0.000001 0.540440
86  0.000000 0.000000 1.000000  1.570796 -0.000000 0.000000
time 47
0  0.000005 3.335938 -8.640624  -1.570780 -1.391896 -1.570809
1  2.033356 1.000772 -1.937610  1.473119 1.855075 -0.198639
2  6.028144 -0.000001 0.000000  2.139828 1.515540 -0.421329
3  11.692554 0.000002 0.000003  -0.000000 -0.000000 -0.312147
4  11.481699 -0.000000 0.000002  -1.286093 0.008395 0.200690
5  3.859677 -0.132572 1.193108  0.432210 -0.155861 -0.861350
6  1.312554 -0.000004 -0.000000  0.000000 -0.000000 -1.191973
7  0.729363 0.000004 -0.000002  -0.000000 -0.000000 -1.063394
8  3.942305 0.050326 0.431042  0.232421 0.000609 -0.853331
9  1.539099 -0.000007 -0.000001  -0.000000 0.000000 -0.973379
10  1.196319 0.000009 0.000001  -0.000000 -0.000000 -1.451261
11  3.883660 -0.050323 -0.431044  0.066987 0.050243 -0.694792
12  1.719579 0.000005 0.000000  0.000000 -0.000004 -1.251013
13  1.209181 0.000002 0.000000  -0.000000 -0.000003 -1.141145
14  3.859840 -0.148937 -1.331280  -0.248855 0.263129 -0.072121
15  1.719425 0.000003 0.000001  0.000000 0.000000 -0.676756
16  1.099665 0.000003 -0.000002  0.000000 -0.000000 -1.021286
17  0.806019 -0.359838 -1.318334  1.349685 0.343493 -0.771450
18  1.789786 0.000002 -0.000004  -0.000000 -0.000000 0.397500
19  1.207003 0.000002 -0.000001  0.000000 0.000000 0.989033
20  4.124999 -1.447266 -3.542969  -1.564198 -0.011689 -1.581440
21  3.820737 -1.409994 -0.589410  -1.564198 -0.011689 -1.581439
22  0.222825 -3.739061 1.509296  0.024887 2.851473 -1.494016
23  3.048727 6.125609 1.106840  1.596061 0.018247 -0.808184
24  3.527214 5.063565 0.216258  1.596061 0.018246 -0.808184
25  3.352951 5.114323 -0.401207  1.596061 0.018247 -0.808184
26  2.909482 4.772881 -1.012057  1.596061 0.018247 -0.808184
27  1.772479 4.476569 2.356867  1.596061 0.018247 -0.808184
28  0.000006 3.336140 -8.647861  -1.570799 -1.391898 -1.570795
29  2.033350 1.000764 1.937663  1.227517 0.585911 1.190966
30  2.026190 1.001859 1.937675  1.227511 0.585916 1.190961
31  0.000001 -0.000001 0.000004  1.583265 0.000007 1.570794
32  0.000000 6.028147 -0.000001  -0.405153 -0.510199 -0.919713
33  -0.000001 0.000010 -0.000007  -0.000002 0.000003 1.570791
34  0.000017 6.028144 -0.000011  -0.546952 0.351133 0.444614
35  0.000000 11.692571 -0.000001  -0.000001 -0.000005 -0.635366
36  -0.000002 0.000001 -0.000003  0.000005 0.000000 1.570801
37  11.692578 0.000056 0.000043  0.000005 -0.000001 -0.635357
38  -0.000001 11.481682 -0.000000  0.405662 0.489151 0.741691
39  -0.000001 0.000002 0.000000  0.000000 -0.000000 1.570789
40  11.481683 -0.000054 0.000008  0.525069 -0.355805 0.542553
41  0.137968 3.859856 1.332474  -1.465449 -1.619429 0.860056
42  -0.000001 0.000002 0.000000  1.933714 0.000004 1.570794
43  3.859858 -0.137941 1.332475  0.357798 -0.048366 -0.605274
44  0.000001 1.719426 -0.000000  -0.420871 0.202310 0.066145
45  -0.000002 0.000001 0.000001  1.743430 0.000000 1.570799
46  1.719430 0.000003 -0.000006  0.000189 -0.009099 -0.438594
47  -0.000000 1.099660 0.000000  1.022350 1.907814 1.050322
48  0.000000 0.000001 -0.000000  -0.000002 0.000003 1.570799
49  1.099661 -0.000001 0.000003  -0.000119 0.002600 -0.290973
50  0.046788 3.883688 0.431451  -0.028142 -1.505149 -0.643975
51  0.000000 0.000001 -0.000000  1.590082 0.000009 1.570787
52  3.883687 -0.046762 0.431451  0.084906 0.001837 -0.672064
53  -0.000001 1.719575 -0.000001  -0.720100 0.051523 -0.006475
54  0.000002 -0.000001 0.000002  1.538381 -0.000002 1.570794
55  1.719582 0.000014 -0.000017  -0.003915 0.016394 -0.719628
56  0.000002 1.209184 -0.000000  -1.502664 1.085642 -1.507497
57  -0.000000 -0.000001 -0.000001  -0.000000 -0.000000 1.570805
58  1.209188 -0.000002 -0.000003  -0.000816 0.002971 -0.484094
59  -0.046751 3.942324 -0.431435  -0.326449 -1.473453 -0.660444
60  -0.000001 -0.000000 -0.000002  1.317660 0.000000 1.570797
61  3.942323 0.046778 -0.431435  -0.160904 0.031173 -0.985454
62  0.000000 1.539088 -0.000007  -0.255111 -0.026494 -0.056799
63  0.000002 -0.000000 -0.000000  1.337310 -0.000004 1.570800
64  1.539094 -0.000002 0.000000  -0.000026 0.003537 -0.262661
65  0.000003 1.196324 0.000000  -1.013116 1.118326 -1.059573
66  -0.000002 -0.000000 0.000000  0.000000 -0.000001 1.570800
67  1.196329 -0.000004 0.000004  0.000000 0.000003 -0.391196
68  0.142426 3.859703 -1.191967  -0.667369 -1.423717 -0.301271
69  -0.000002 -0.000002 0.000002  0.976757 -0.000005 1.570807
70  3.859703 -0.142400 -1.191967  -0.478196 0.090836 -0.963364
71  0.000000 1.312564 -0.000000  -0.361357 -0.138963 -0.204711
72  -0.000000 -0.000000 -0.000001  1.078169 0.000003 1.570794
73  1.312572 -0.000013 0.000009  0.000004 -0.001345 -0.437234
74  -0.000001 0.729363 0.000002  -0.404440 1.030436 -0.462976
75  -0.000001 0.000000 0.000000  -0.000001 -0.000001 1.570795
76  0.729366 0.000004 0.000001  0.000002 -0.000004 -0.231827
77  0.348927 0.806043 1.321259  -1.142974 -2.276481 0.650277
78  -0.000000 0.000001 0.000000  0.437032 0.000002 1.570790
79  0.806046 -0.348924 1.321261  -1.473563 -0.631190 -0.380782
80  -0.000002 1.789786 0.000000  0.105693 0.066384 0.343675
81  0.000000 -0.000001 0.000001  0.347279 0.000000 1.570806
82  1.789789 0.000011 -0.000002  0.002654 0.043677 0.349577
83  0.000000 1.206998 0.000000  0.184116 0.296142 0.567988
84  -0.000000 0.000000 -0.000000  0.000001 -0.000001 1.570797
85  1.207003 -0.000011 0.000004  -0.000004 0.000001 0.540440
86  0.000000 0.000000 1.000000  1.570796 -0.000000 0.000000
time 48
0  0.000005 3.335938 -8.640624  -1.570780 -1.391896 -1.570809
1  2.033356 1.000772 -1.937610  1.473119 1.855075 -0.198639
2  6.028144 -0.000001 0.000000  2.147389 1.516194 -0.413779
3  11.692556 0.000003 0.000004  0.000000 -0.000000 -0.310605
4  11.481699 0.000000 0.000002  -1.286275 0.008313 0.200690
5  3.859678 -0.132572 1.193108  0.432210 -0.155861 -0.861350
6  1.312554 -0.000010 0.000002  0.000000 -0.000000 -1.191973
7  0.729363 -0.000000 -0.000002  -0.000000 -0.000000 -1.063394
8  3.942305 0.050326 0.431043  0.232421 0.000609 -0.853331
9  1.539100 -0.000002 -0.000001  -0.000000 0.000000 -0.973379
10  1.196318 0.000007 0.000001  -0.000000 0.000000 -1.451261
11  3.883661 -0.050322 -0.431043  0.066987 0.050243 -0.694792
12  1.719577 0.000004 0.000000  0.000000 -0.000004 -1.251013
13  1.209182 0.000002 0.000000  -0.000000 -0.000003 -1.141145
14  3.859841 -0.148936 -1.331280  -0.248855 0.263129 -0.072121
15  1.719422 0.000002 -0.000001  0.000000 -0.000000 -0.676756
16  1.099662 -0.000001 -0.000001  0.000000 -0.000000 -1.021287
17  0.806022 -0.359838 -1.318334  1.349685 0.343493 -0.771450
18  1.789785 0.000002 -0.000003  -0.000000 -0.000000 0.397500
19  1.207000 0.000004 -0.000001  0.000000 0.000000 0.989033
20  4.124999 -1.447266 -3.542969  -1.564198 -0.011689 -1.581440
21  3.820738 -1.409994 -0.589409  -1.564198 -0.011689 -1.581439
22  0.222818 -3.739063 1.509297  0.024887 2.851473 -1.494016
23  3.048726 6.125611 1.106841  1.596061 0.018247 -0.808184
24  3.527213 5.063567 0.216259  1.596061 0.018246 -0.808184
25  3.352950 5.114327 -0.401207  1.596061 0.018247 -0.808184
26  2.909481 4.772880 -1.012057  1.596061 0.018247 -0.808184
27  1.772478 4.476569 2.356867  1.596061 0.018247 -0.808184
28  0.000006 3.336140 -8.647861  -1.570799 -1.391898 -1.570795
29  2.033350 1.000764 1.937663  1.227517 0.585911 1.190966
30  2.026190 1.001859 1.937675  1.227511 0.585916 1.190961
31  0.000001 -0.000001 0.000004  1.583265 0.000007 1.570794
32  0.000000 6.028147 -0.000001  -0.405012 -0.510280 -0.919954
33  -0.000001 0.000010 -0.000006  -0.000002 0.000003 1.570792
34  0.000017 6.028144 -0.000011  -0.547009 0.350996 0.444422
35  -0.000000 11.692571 0.000000  -0.000001 -0.000005 -0.634833
36  0.000001 0.000002 -0.000001  0.000005 0.000001 1.570801
37  11.692579 0.000052 0.000040  0.000004 -0.000001 -0.634823
38  0.000001 11.481683 -0.000001  0.404879 0.488906 0.741366
39  -0.000001 0.000001 -0.000001  0.000000 -0.000000 1.570789
40  11.481681 -0.000055 0.000006  0.524667 -0.355177 0.542735
41  0.137967 3.859861 1.332472  -1.465453 -1.619429 0.860060
42  0.000001 0.000001 -0.000002  1.933714 0.000004 1.570794
43  3.859865 -0.137941 1.332472  0.357799 -0.048366 -0.605276
44  0.000002 1.719429 -0.000001  -0.420868 0.202310 0.066145
45  -0.000000 -0.000002 -0.000002  1.743430 0.000000 1.570798
46  1.719434 0.000006 -0.000005  0.000189 -0.009098 -0.438591
47  0.000000 1.099663 0.000001  1.022346 1.907812 1.050319
48  0.000000 -0.000001 0.000001  -0.000002 0.000003 1.570799
49  1.099668 0.000004 0.000003  -0.000119 0.002599 -0.290971
50  0.046788 3.883687 0.431449  -0.028144 -1.505149 -0.643976
51  -0.000000 0.000003 0.000000  1.590082 0.000009 1.570787
52  3.883690 -0.046761 0.431448  0.084906 0.001837 -0.672065
53  0.000000 1.719577 -0.000003  -0.720097 0.051523 -0.006475
54  0.000000 0.000000 -0.000002  1.538381 -0.000002 1.570794
55  1.719576 0.000013 -0.000015  -0.003915 0.016393 -0.719625
56  -0.000001 1.209182 -0.000003  -1.502663 1.085646 -1.507496
57  0.000001 0.000000 0.000000  -0.000000 -0.000000 1.570805
58  1.209185 0.000000 -0.000003  -0.000816 0.002971 -0.484091
59  -0.046751 3.942328 -0.431437  -0.326446 -1.473453 -0.660453
60  0.000000 0.000000 0.000000  1.317660 0.000000 1.570797
61  3.942330 0.046778 -0.431439  -0.160904 0.031173 -0.985455
62  0.000002 1.539088 0.000002  -0.255108 -0.026494 -0.056799
63  -0.000001 -0.000000 0.000001  1.337310 -0.000004 1.570800
64  1.539092 -0.000002 0.000004  -0.000026 0.003537 -0.262658
65  0.000001 1.196321 -0.000001  -1.013112 1.118328 -1.059569
66  0.000003 -0.000001 0.000002  0.000000 -0.000001 1.570800
67  1.196325 -0.000010 0.000002  0.000001 0.000003 -0.391192
68  0.142425 3.859706 -1.191970  -0.667368 -1.423718 -0.301276
69  -0.000001 -0.000000 0.000002  0.976757 -0.000005 1.570807
70  3.859710 -0.142400 -1.191972  -0.478197 0.090836 -0.963368
71  -0.000000 1.312567 0.000003  -0.361352 -0.138963 -0.204711
72  -0.000001 0.000001 0.000002  1.078169 0.000003 1.570794
73  1.312572 -0.000014 0.000007  0.000004 -0.001347 -0.437230
74  -0.000001 0.729365 0.000002  -0.404431 1.030438 -0.462967
75  -0.000001 -0.000000 0.000000  -0.000001 -0.000001 1.570795
76  0.729366 0.000000 0.000001  0.000002 -0.000004 -0.231821
77  0.348927 0.806042 1.321257  -1.142972 -2.276477 0.650277
78  0.000000 -0.000001 -0.000001  0.437032 0.000002 1.570791
79  0.806046 -0.348924 1.321258  -1.473562 -0.631186 -0.380782
80  -0.000000 1.789782 -0.000001  0.105693 0.066385 0.343672
81  0.000000 -0.000001 -0.000000  0.347279 0.000000 1.570806
82  1.789789 0.000009 -0.000002  0.002654 0.043677 0.349574
83  -0.000000 1.206998 -0.000004  0.184114 0.296142 0.567983
84  -0.000000 0.000002 -0.000000  0.000001 -0.000001 1.570797
85  1.207003 -0.000012 0.000003  -0.000003 0.000001 0.540435
86  0.000000 0.000000 1.000000  1.570796 -0.000000 0.000000
time 49
0  0.000005 3.335938 -8.640624  -1.570780 -1.391896 -1.570809
1  2.033356 1.000772 -1.937610  1.473119 1.855075 -0.198639
2  6.028144 -0.000001 0.000000  2.153879 1.516708 -0.407269
3  11.692554 0.000001 0.000003  0.000000 -0.000000 -0.309289
4  11.481701 -0.000001 0.000001  -1.286583 0.008189 0.200690
5  3.859677 -0.132572 1.193108  0.432210 -0.155861 -0.861350
6  1.312557 -0.000005 0.000002  0.000000 -0.000000 -1.191973
7  0.729361 0.000002 -0.000002  -0.000000 0.000000 -1.063394
8  3.942305 0.050326 0.431044  0.232421 0.000609 -0.853331
9  1.539100 -0.000003 -0.000001  -0.000000 0.000000 -0.973379
10  1.196319 0.000009 0.000002  -0.000000 -0.000000 -1.451261
11  3.883662 -0.050322 -0.431043  0.066987 0.050243 -0.694792
12  1.719578 0.000006 -0.000001  0.000000 -0.000004 -1.251013
13  1.209182 0.000002 -0.000000  -0.000000 -0.000003 -1.141145
14  3.859842 -0.148936 -1.331280  -0.248855 0.263129 -0.072121
15  1.719424 0.000003 0.000001  0.000000 0.000000 -0.676756
16  1.099663 -0.000001 -0.000000  0.000000 -0.000000 -1.021287
17  0.806021 -0.359837 -1.318334  1.349685 0.343493 -0.771450
18  1.789785 0.000000 -0.000006  -0.000000 -0.000000 0.397500
19  1.207001 0.000002 -0.000001  0.000000 0.000000 0.989033
20  4.125002 -1.447266 -3.542968  -1.564198 -0.011689 -1.581440
21  3.820738 -1.409994 -0.589409  -1.564198 -0.011689 -1.581439
22  0.222812 -3.739061 1.509297  0.024887 2.851473 -1.494016
23  3.048727 6.125613 1.106841  1.596061 0.018247 -0.808184
24  3.527214 5.063567 0.216259  1.596061 0.018246 -0.808184
25  3.352949 5.114327 -0.401206  1.596061 0.018247 -0.808184
26  2.909482 4.772883 -1.012056  1.596061 0.018247 -0.808184
27  1.772478 4.476572 2.356868  1.596061 0.018247 -0.808184
28  0.000006 3.336140 -8.647861  -1.570799 -1.391898 -1.570795
29  2.033350 1.000764 1.937663  1.227517 0.585911 1.190966
30  2.026190 1.001859 1.937675  1.227511 0.585916 1.190961
31  0.000001 -0.000001 0.000004  1.583265 0.000007 1.570794
32  0.000000 6.028147 -0.000001  -0.404973 -0.510389 -0.920167
33  -0.000001 0.000010 -0.000007  -0.000002 0.000003 1.570792
34  0.000017 6.028144 -0.000011  -0.547116 0.350940 0.444192
35  -0.000000 11.692571 -0.000001  -0.000001 -0.000005 -0.634285
36  -0.000002 0.000002 -0.000004  0.000005 0.000000 1.570801
37  11.692578 0.000055 0.000041  0.000004 -0.000001 -0.634276
38  -0.000002 11.481683 -0.000002  0.404268 0.488535 0.741022
39  -0.000000 0.000001 0.000001  0.000000 -0.000000 1.570789
40  11.481680 -0.000052 0.000008  0.524166 -0.354721 0.542852
41  0.137967 3.859855 1.332474  -1.465457 -1.619429 0.860057
42  0.000001 0.000000 -0.000000  1.933714 0.000004 1.570794
43  3.859858 -0.137941 1.332473  0.357799 -0.048365 -0.605276
44  0.000001 1.719429 0.000001  -0.420867 0.202310 0.066145
45  0.000000 0.000000 0.000003  1.743430 0.000000 1.570798
46  1.719434 0.000007 -0.000004  0.000190 -0.009098 -0.438590
47  0.000001 1.099662 0.000004  1.022346 1.907811 1.050317
48  0.000001 -0.000001 -0.000000  -0.000002 0.000003 1.570799
49  1.099665 0.000002 0.000002  -0.000119 0.002600 -0.290970
50  0.046788 3.883687 0.431452  -0.028153 -1.505149 -0.643965
51  -0.000001 -0.000000 0.000000  1.590082 0.000009 1.570787
52  3.883688 -0.046762 0.431451  0.084906 0.001838 -0.672064
53  0.000000 1.719577 0.000001  -0.720097 0.051523 -0.006475
54  0.000000 0.000001 0.000000  1.538381 -0.000002 1.570794
55  1.719579 0.000017 -0.000016  -0.003915 0.016394 -0.719625
56  0.000001 1.209181 -0.000000  -1.502663 1.085645 -1.507496
57  0.000004 0.000000 -0.000000  -0.000000 -0.000000 1.570805
58  1.209185 -0.000003 -0.000001  -0.000816 0.002971 -0.484092
59  -0.046751 3.942325 -0.431435  -0.326454 -1.473453 -0.660443
60  -0.000001 0.000001 0.000002  1.317660 0.000000 1.570797
61  3.942325 0.046778 -0.431437  -0.160904 0.031173 -0.985455
62  -0.000000 1.539093 0.000004  -0.255106 -0.026494 -0.056799
63  0.000001 -0.000000 0.000000  1.337310 -0.000004 1.570800
64  1.539099 0.000002 0.000003  -0.000026 0.003536 -0.262656
65  0.000002 1.196322 -0.000002  -1.013111 1.118329 -1.059567
66  0.000000 -0.000000 0.000000  0.000000 -0.000001 1.570800
67  1.196328 -0.000008 0.000004  0.000001 0.000003 -0.391190
68  0.142425 3.859704 -1.191966  -0.667370 -1.423718 -0.301272
69  0.000001 0.000000 0.000001  0.976757 -0.000005 1.570807
70  3.859704 -0.142400 -1.191968  -0.478197 0.090837 -0.963367
71  0.000001 1.312565 -0.000002  -0.361354 -0.138964 -0.204711
72  -0.000000 0.000001 0.000001  1.078169 0.000003 1.570794
73  1.312571 -0.000017 0.000007  0.000004 -0.001346 -0.437232
74  -0.000000 0.729364 0.000002  -0.404433 1.030437 -0.462969
75  0.000000 0.000000 -0.000000  -0.000001 -0.000001 1.570795
76  0.729366 0.000001 -0.000002  0.000002 -0.000004 -0.231823
77  0.348927 0.806041 1.321260  -1.142976 -2.276483 0.650279
78  0.000000 0.000000 0.000001  0.437032 0.000002 1.570790
79  0.806044 -0.348924 1.321260  -1.473563 -0.631192 -0.380782
80  0.000003 1.789781 0.000000  0.105693 0.066384 0.343676
81  0.000000 0.000000 -0.000000  0.347279 0.000000 1.570806
82  1.789787 0.000007 -0.000002  0.002654 0.043678 0.349578
83  -0.000000 1.206999 0.000001  0.184116 0.296141 0.567990
84  0.000001 -0.000000 0.000000  0.000001 -0.000001 1.570797
85  1.207002 -0.000011 0.000005  -0.000003 0.000001 0.540442
86  0.000000 0.000000 1.000000  1.570796 -0.000000 0.000000
time 50
0  0.000005 3.335938 -8.640624  -1.570780 -1.391896 -1.570809
1  2.033356 1.000772 -1.937610  1.473119 1.855075 -0.198639
2  6.028144 -0.000001 0.000000  2.159029 1.517129 -0.402115
3  11.692555 0.000001 0.000003  -0.000000 -0.000000 -0.308274
4  11.481697 0.000001 0.000002  -1.286983 0.008045 0.200690
5  3.859678 -0.132571 1.193108  0.432210 -0.155861 -0.861350
6  1.312555 -0.000007 0.000002  0.000000 -0.000000 -1.191973
7  0.729364 0.000003 -0.000003  -0.000000 0.000000 -1.063394
8  3.942306 0.050326 0.431043  0.232421 0.000609 -0.853331
9  1.539098 -0.000003 0.000000  -0.000000 0.000000 -0.973379
10  1.196319 0.000005 0.000001  -0.000000 0.000000 -1.451292
11  3.883661 -0.050322 -0.431043  0.066987 0.050243 -0.694792
12  1.719579 0.000007 -0.000000  0.000000 -0.000004 -1.251013
13  1.209181 0.000002 -0.000000  -0.000000 -0.000003 -1.141145
14  3.859843 -0.148936 -1.331280  -0.248855 0.263129 -0.072121
15  1.719425 0.000003 0.000000  0.000000 0.000000 -0.676756
16  1.099663 -0.000003 0.000000  0.000000 -0.000000 -1.021287
17  0.806022 -0.359837 -1.318334  1.349685 0.343493 -0.771450
18  1.789782 0.000000 -0.000003  -0.000000 -0.000000 0.397500
19  1.206997 0.000005 -0.000002  0.000000 -0.000000 0.989033
20  4.125000 -1.447266 -3.542969  -1.564198 -0.011689 -1.581440
21  3.820739 -1.409994 -0.589409  -1.564198 -0.011689 -1.581439
22  0.222818 -3.739060 1.509297  0.024887 2.851473 -1.494016
23  3.048727 6.125612 1.106840  1.596061 0.018247 -0.808184
24  3.527214 5.063570 0.216258  1.596061 0.018246 -0.808184
25  3.352950 5.114327 -0.401207  1.596061 0.018247 -0.808184
26  2.909482 4.772884 -1.012057  1.596061 0.018247 -0.808184
27  1.772478 4.476571 2.356868  1.596061 0.018247 -0.808184
28  0.000006 3.336140 -8.647861  -1.570799 -1.391898 -1.570795
29  2.033350 1.000764 1.937663  1.227517 0.585911 1.190966
30  2.026190 1.001859 1.937675  1.227511 0.585916 1.190961
31  0.000001 -0.000001 0.000004  1.583265 0.000007 1.570794
32  0.000000 6.028147 -0.000001  -0.404970 -0.510456 -0.920282
33  -0.000001 0.000009 -0.000006  -0.000002 0.000003 1.570792
34  0.000017 6.028144 -0.000011  -0.547185 0.350923 0.444055
35  -0.000000 11.692571 -0.000000  -0.000001 -0.000005 -0.633944
36  0.000000 0.000000 -0.000002  0.000005 0.000000 1.570801
37  11.692579 0.000050 0.000038  0.000004 -0.000001 -0.633935
38  -0.000000 11.481680 -0.000000  0.403833 0.488092 0.740791
39  -0.000000 -0.000003 0.000001  0.000000 -0.000000 1.570789
40  11.481682 -0.000052 0.000008  0.523622 -0.354432 0.543014
41  0.137967 3.859856 1.332474  -1.465457 -1.619429 0.860060
42  -0.000000 0.000001 -0.000002  1.933714 0.000004 1.570794
43  3.859864 -0.137941 1.332472  0.357799 -0.048365 -0.605276
44  0.000001 1.719427 -0.000002  -0.420869 0.202310 0.066145
45  -0.000001 0.000001 0.000001  1.743430 0.000000 1.570798
46  1.719430 0.000006 -0.000005  0.000189 -0.009098 -0.438592
47  -0.000001 1.099662 -0.000001  1.022347 1.907812 1.050320
48  0.000002 -0.000000 -0.000000  -0.000002 0.000003 1.570799
49  1.099663 -0.000003 0.000004  -0.000119 0.002600 -0.290971
50  0.046788 3.883685 0.431451  -0.028164 -1.505149 -0.643961
51  -0.000001 -0.000001 -0.000000  1.590082 0.000009 1.570787
52  3.883692 -0.046761 0.431448  0.084906 0.001839 -0.672064
53  -0.000002 1.719573 -0.000001  -0.720097 0.051523 -0.006475
54  -0.000000 0.000000 0.000002  1.538381 -0.000002 1.570794
55  1.719577 0.000018 -0.000018  -0.003915 0.016394 -0.719624
56  -0.000001 1.209181 0.000000  -1.502663 1.085646 -1.507496
57  0.000001 -0.000000 -0.000001  -0.000000 -0.000000 1.570805
58  1.209185 -0.000000 -0.000002  -0.000816 0.002971 -0.484091
59  -0.046751 3.942325 -0.431436  -0.326452 -1.473453 -0.660450
60  0.000001 0.000001 -0.000002  1.317660 0.000000 1.570797
61  3.942331 0.046779 -0.431439  -0.160904 0.031173 -0.985458
62  0.000001 1.539091 0.000002  -0.255105 -0.026494 -0.056799
63  0.000001 -0.000001 0.000001  1.337310 -0.000004 1.570800
64  1.539097 0.000005 0.000001  -0.000026 0.003536 -0.262655
65  0.000002 1.196324 -0.000000  -1.013108 1.118332 -1.059564
66  -0.000001 -0.000001 -0.000000  0.000000 -0.000001 1.570800
67  1.196327 -0.000005 0.000004  0.000001 0.000003 -0.391187
68  0.142425 3.859703 -1.191967  -0.667371 -1.423718 -0.301276
69  0.000000 0.000001 0.000001  0.976757 -0.000005 1.570807
70  3.859710 -0.142399 -1.191971  -0.478197 0.090837 -0.963369
71  0.000000 1.312565 0.000001  -0.361350 -0.138963 -0.204711
72  0.000000 0.000000 0.000001  1.078169 0.000003 1.570794
73  1.312572 -0.000016 0.000008  0.000005 -0.001348 -0.437228
74  0.000000 0.729365 0.000003  -0.404428 1.030439 -0.462963
75  0.000001 0.000000 -0.000001  -0.000001 -0.000001 1.570794
76  0.729367 0.000007 0.000001  0.000002 -0.000005 -0.231820
77  0.348927 0.806040 1.321260  -1.142974 -2.276479 0.650278
78  -0.000001 -0.000000 0.000002  0.437032 0.000002 1.570791
79  0.806048 -0.348924 1.321259  -1.473562 -0.631189 -0.380783
80  -0.000001 1.789784 0.000005  0.105693 0.066384 0.343674
81  -0.000000 -0.000000 0.000002  0.347279 0.000000 1.570806
82  1.789789 0.000013 -0.000000  0.002653 0.043677 0.349576
83  -0.000002 1.206998 0.000003  0.184115 0.296142 0.567986
84  -0.000000 0.000003 -0.000000  0.000001 -0.000001 1.570797
85  1.207002 -0.000009 0.000006  -0.000003 0.000001 0.540438
86  0.000000 0.000000 1.000000  1.570796 -0.000000 0.000000
time 51
0  0.000005 3.335938 -8.640624  -1.570780 -1.391896 -1.570809
1  2.033356 1.000772 -1.937610  1.473119 1.855075 -0.198639
2  6.028144 -0.000001 0.000000  2.163026 1.517456 -0.398122
3  11.692555 0.000002 0.000003  0.000000 -0.000000 -0.307485
4  11.481698 -0.000001 0.000001  -1.287473 0.007860 0.200690
5  3.859675 -0.132571 1.193109  0.432210 -0.155861 -0.861350
6  1.312559 -0.000005 0.000003  0.000000 -0.000000 -1.191973
7  0.729362 0.000005 -0.000004  -0.000000 -0.000000 -1.063394
8  3.942303 0.050327 0.431044  0.232421 0.000609 -0.853331
9  1.539099 -0.000002 -0.000000  -0.000000 0.000000 -0.973379
10  1.196318 0.000011 0.000001  -0.000000 0.000000 -1.451261
11  3.883658 -0.050322 -0.431042  0.066987 0.050243 -0.694792
12  1.719579 0.000005 -0.000000  0.000000 -0.000004 -1.251013
13  1.209183 0.000003 0.000000  -0.000000 -0.000003 -1.141145
14  3.859840 -0.148936 -1.331280  -0.248855 0.263129 -0.072121
15  1.719425 0.000003 0.000001  0.000000 0.000000 -0.676756
16  1.099666 -0.000001 -0.000000  0.000000 -0.000000 -1.021286
17  0.806019 -0.359837 -1.318334  1.349685 0.343493 -0.771450
18  1.789784 -0.000000 -0.000005  -0.000000 -0.000000 0.397500
19  1.206999 0.000004 -0.000003  0.000000 0.000000 0.989033
20  4.124998 -1.447265 -3.542968  -1.564198 -0.011689 -1.581440
21  3.820736 -1.409994 -0.589409  -1.564198 -0.011689 -1.581439
22  0.222811 -3.739059 1.509296  0.024887 2.851473 -1.494016
23  3.048728 6.125609 1.106841  1.596061 0.018247 -0.808184
24  3.527214 5.063569 0.216259  1.596061 0.018246 -0.808184
25  3.352951 5.114330 -0.401207  1.596061 0.018247 -0.808184
26  2.909482 4.772882 -1.012057  1.596061 0.018247 -0.808184
27  1.772479 4.476573 2.356868  1.596061 0.018247 -0.808184
28  0.000006 3.336140 -8.647861  -1.570799 -1.391898 -1.570795
29  2.033350 1.000764 1.937663  1.227517 0.585911 1.190966
30  2.026190 1.001859 1.937675  1.227511 0.585916 1.190961
31  0.000001 -0.000001 0.000004  1.583265 0.000007 1.570794
32  0.000000 6.028147 -0.000001  -0.405028 -0.510510 -0.920327
33  0.000001 0.000009 -0.000007  -0.000002 0.000003 1.570792
34  0.000017 6.028144 -0.000011  -0.547252 0.350962 0.443959
35  0.000002 11.692571 -0.000001  -0.000001 -0.000005 -0.633722
36  -0.000001 0.000002 -0.000002  0.000005 0.000000 1.570801
37  11.692578 0.000054 0.000042  0.000004 -0.000001 -0.633713
38  -0.000001 11.481682 0.000000  0.403554 0.487572 0.740643
39  -0.000001 0.000001 0.000000  0.000000 -0.000000 1.570789
40  11.481680 -0.000055 0.000005  0.523027 -0.354292 0.543203
41  0.137967 3.859860 1.332473  -1.465450 -1.619428 0.860055
42  -0.000000 0.000001 -0.000000  1.933714 0.000004 1.570794
43  3.859860 -0.137941 1.332472  0.357798 -0.048364 -0.605275
44  -0.000000 1.719427 -0.000001  -0.420868 0.202310 0.066145
45  0.000001 0.000001 0.000001  1.743430 0.000000 1.570798
46  1.719432 0.000006 -0.000005  0.000189 -0.009098 -0.438591
47  -0.000000 1.099664 0.000002  1.022348 1.907812 1.050319
48  0.000001 -0.000001 -0.000000  -0.000002 0.000003 1.570799
49  1.099664 0.000000 0.000002  -0.000119 0.002600 -0.290971
50  0.046788 3.883690 0.431449  -0.028156 -1.505149 -0.643965
51  -0.000001 0.000000 -0.000001  1.590082 0.000009 1.570787
52  3.883690 -0.046762 0.431448  0.084906 0.001838 -0.672064
53  -0.000001 1.719576 0.000000  -0.720098 0.051523 -0.006475
54  0.000000 -0.000000 -0.000001  1.538381 -0.000002 1.570794
55  1.719580 0.000016 -0.000017  -0.003914 0.016394 -0.719625
56  -0.000000 1.209182 -0.000003  -1.502663 1.085645 -1.507496
57  0.000003 0.000002 0.000000  -0.000000 -0.000000 1.570805
58  1.209185 -0.000003 -0.000004  -0.000816 0.002971 -0.484092
59  -0.046751 3.942327 -0.431436  -0.326459 -1.473452 -0.660439
60  0.000000 0.000000 0.000003  1.317660 0.000000 1.570797
61  3.942326 0.046778 -0.431439  -0.160904 0.031174 -0.985453
62  0.000000 1.539090 0.000002  -0.255109 -0.026494 -0.056799
63  0.000001 0.000000 0.000001  1.337310 -0.000004 1.570800
64  1.539096 0.000001 0.000002  -0.000026 0.003537 -0.262658
65  0.000002 1.196323 -0.000001  -1.013114 1.118327 -1.059570
66  -0.000000 -0.000000 -0.000000  0.000000 -0.000001 1.570800
67  1.196325 -0.000005 0.000005  0.000001 0.000003 -0.391194
68  0.142426 3.859706 -1.191968  -0.667375 -1.423717 -0.301266
69  0.000000 -0.000002 -0.000001  0.976757 -0.000005 1.570807
70  3.859706 -0.142401 -1.191970  -0.478196 0.090838 -0.963364
71  -0.000001 1.312564 -0.000000  -0.361357 -0.138964 -0.204711
72  0.000000 0.000000 0.000004  1.078169 0.000003 1.570794
73  1.312572 -0.000013 0.000009  0.000004 -0.001345 -0.437235
74  -0.000000 0.729364 0.000004  -0.404439 1.030436 -0.462976
75  0.000001 0.000000 -0.000001  -0.000001 -0.000001 1.570795
76  0.729367 0.000004 0.000000  0.000002 -0.000005 -0.231827
77  0.348928 0.806044 1.321259  -1.142974 -2.276479 0.650278
78  0.000000 0.000001 -0.000001  0.437032 0.000002 1.570791
79  0.806044 -0.348925 1.321259  -1.473562 -0.631189 -0.380782
80  -0.000000 1.789783 -0.000001  0.105693 0.066385 0.343674
81  -0.000001 -0.000002 0.000001  0.347279 0.000000 1.570806
82  1.789788 0.000011 -0.000001  0.002654 0.043677 0.349576
83  -0.000001 1.206996 -0.000001  0.184115 0.296141 0.567987
84  -0.000000 0.000003 -0.000000  0.000001 -0.000001 1.570797
85  1.206998 -0.000012 0.000003  -0.000003 0.000001 0.540439
86  0.000000 0.000000 1.000000  1.570796 -0.000000 0.000000
time 52
0  0.000005 3.335938 -8.640624  -1.570780 -1.391896 -1.570809
1  2.033356 1.000772 -1.937610  1.473119 1.855075 -0.198639
2  6.028144 -0.000001 0.000000  2.166508 1.517737 -0.394613
3  11.692555 0.000001 0.000002  -0.000000 -0.000000 -0.306808
4  11.481699 -0.000000 0.000002  -1.288000 0.007675 0.200690
5  3.859673 -0.132571 1.193108  0.432210 -0.155861 -0.861350
6  1.312556 -0.000003 0.000002  0.000000 -0.000000 -1.191973
7  0.729364 0.000004 -0.000003  -0.000000 -0.000000 -1.063394
8  3.942302 0.050326 0.431043  0.232421 0.000609 -0.853331
9  1.539099 -0.000003 -0.000001  -0.000000 -0.000000 -0.973379
10  1.196318 0.000011 0.000001  -0.000000 0.000000 -1.451261
11  3.883656 -0.050323 -0.431043  0.066987 0.050243 -0.694792
12  1.719576 0.000004 0.000000  0.000000 -0.000004 -1.251013
13  1.209183 0.000004 -0.000000  -0.000000 -0.000003 -1.141145
14  3.859839 -0.148936 -1.331280  -0.248855 0.263129 -0.072121
15  1.719422 0.000002 0.000002  0.000000 0.000000 -0.676756
16  1.099662 -0.000002 0.000000  0.000000 -0.000000 -1.021287
17  0.806019 -0.359837 -1.318334  1.349685 0.343493 -0.771450
18  1.789783 0.000001 -0.000003  -0.000000 -0.000000 0.397500
19  1.207001 0.000004 -0.000002  0.000000 0.000000 0.989033
20  4.124997 -1.447266 -3.542968  -1.564198 -0.011689 -1.581440
21  3.820737 -1.409995 -0.589409  -1.564198 -0.011689 -1.581439
22  0.222822 -3.739062 1.509297  0.024887 2.851473 -1.494016
23  3.048727 6.125610 1.106842  1.596061 0.018247 -0.808184
24  3.527214 5.063568 0.216261  1.596061 0.018246 -0.808184
25  3.352950 5.114326 -0.401206  1.596061 0.018247 -0.808184
26  2.909482 4.772880 -1.012055  1.596061 0.018247 -0.808184
27  1.772479 4.476569 2.356868  1.596061 0.018247 -0.808184
28  0.000006 3.336140 -8.647861  -1.570799 -1.391898 -1.570795
29  2.033350 1.000764 1.937663  1.227517 0.585911 1.190966
30  2.026190 1.001859 1.937675  1.227511 0.585916 1.190961
31  0.000001 -0.000001 0.000004  1.583265 0.000007 1.570794
32  0.000000 6.028147 -0.000001  -0.405111 -0.510559 -0.920345
33  -0.000001 0.000010 -0.000005  -0.000002 0.000003 1.570792
34  0.000017 6.028144 -0.000011  -0.547319 0.351023 0.443876
35  0.000000 11.692571 0.000001  -0.000001 -0.000005 -0.633535
36  -0.000000 0.000002 -0.000003  0.000005 0.000000 1.570801
37  11.692578 0.000052 0.000040  0.000004 -0.000001 -0.633526
38  -0.000000 11.481684 -0.000001  0.403342 0.486997 0.740489
39  -0.000001 -0.000000 -0.000000  0.000000 -0.000000 1.570789
40  11.481681 -0.000052 0.000007  0.522386 -0.354221 0.543371
41  0.137967 3.859859 1.332473  -1.465450 -1.619429 0.860057
42  -0.000001 0.000002 0.000001  1.933714 0.000004 1.570794
43  3.859862 -0.137941 1.332472  0.357798 -0.048365 -0.605273
44  -0.000000 1.719429 -0.000002  -0.420873 0.202310 0.066145
45  0.000000 -0.000001 -0.000003  1.743430 0.000000 1.570798
46  1.719430 0.000004 -0.000004  0.000189 -0.009099 -0.438596
47  -0.000001 1.099663 -0.000002  1.022352 1.907815 1.050326
48  0.000000 -0.000002 0.000000  -0.000002 0.000003 1.570799
49  1.099665 0.000002 0.000001  -0.000120 0.002600 -0.290974
50  0.046789 3.883688 0.431450  -0.028168 -1.505149 -0.643948
51  -0.000001 0.000000 -0.000001  1.590082 0.000009 1.570787
52  3.883691 -0.046761 0.431449  0.084906 0.001839 -0.672063
53  0.000001 1.719573 -0.000003  -0.720099 0.051523 -0.006475
54  -0.000000 -0.000000 0.000003  1.538382 -0.000002 1.570794
55  1.719575 0.000015 -0.000015  -0.003915 0.016394 -0.719627
56  -0.000002 1.209186 0.000003  -1.502663 1.085643 -1.507497
57  -0.000004 -0.000001 0.000001  -0.000000 -0.000000 1.570805
58  1.209188 0.000000 -0.000005  -0.000816 0.002972 -0.484093
59  -0.046751 3.942326 -0.431437  -0.326460 -1.473452 -0.660434
60  -0.000001 0.000001 -0.000001  1.317660 0.000000 1.570797
61  3.942330 0.046779 -0.431438  -0.160904 0.031174 -0.985453
62  -0.000001 1.539094 -0.000002  -0.255110 -0.026494 -0.056799
63  0.000000 -0.000001 0.000003  1.337310 -0.000004 1.570800
64  1.539098 -0.000001 0.000001  -0.000026 0.003537 -0.262659
65  0.000001 1.196321 0.000000  -1.013115 1.118327 -1.059571
66  -0.000001 -0.000000 0.000000  0.000000 -0.000001 1.570800
67  1.196327 -0.000008 0.000003  0.000001 0.000004 -0.391194
68  0.142427 3.859702 -1.191967  -0.667377 -1.423717 -0.301264
69  -0.000000 0.000002 -0.000004  0.976757 -0.000005 1.570807
70  3.859705 -0.142400 -1.191970  -0.478196 0.090838 -0.963365
71  0.000001 1.312568 -0.000006  -0.361354 -0.138963 -0.204711
72  0.000000 0.000000 0.000001  1.078169 0.000003 1.570794
73  1.312572 -0.000012 0.000009  0.000004 -0.001346 -0.437232
74  0.000000 0.729363 0.000001  -0.404435 1.030437 -0.462971
75  -0.000001 -0.000000 -0.000000  -0.000001 -0.000001 1.570795
76  0.729366 -0.000000 -0.000001  0.000002 -0.000004 -0.231824
77  0.348927 0.806043 1.321258  -1.142974 -2.276480 0.650278
78  0.000001 0.000001 0.000000  0.437032 0.000002 1.570791
79  0.806047 -0.348923 1.321259  -1.473563 -0.631190 -0.380782
80  0.000000 1.789783 0.000002  0.105693 0.066385 0.343675
81  0.000000 0.000004 0.000001  0.347279 0.000000 1.570806
82  1.789789 0.000012 0.000000  0.002653 0.043678 0.349577
83  0.000001 1.207002 0.000000  0.184115 0.296141 0.567988
84  -0.000001 -0.000001 0.000001  0.000001 -0.000001 1.570797
85  1.207003 -0.000011 0.000005  -0.000003 0.000001 0.540440
86  0.000000 0.000000 1.000000  1.570796 -0.000000 0.000000
time 53
0  0.000005 3.335938 -8.640624  -1.570780 -1.391896 -1.570809
1  2.033356 1.000772 -1.937610  1.473119 1.855075 -0.198639
2  6.028144 -0.000001 0.000000  2.169537 1.517970 -0.391589
3  11.692555 -0.000001 0.000003  -0.000000 -0.000000 -0.306244
4  11.481700 -0.000001 0.000001  -1.288563 0.007449 0.200690
5  3.859678 -0.132571 1.193108  0.432210 -0.155861 -0.861350
6  1.312556 -0.000007 0.000000  0.000000 -0.000000 -1.191973
7  0.729361 0.000005 -0.000003  -0.000000 -0.000000 -1.063394
8  3.942303 0.050326 0.431044  0.232421 0.000609 -0.853331
9  1.539098 -0.000002 -0.000001  -0.000000 -0.000000 -0.973379
10  1.196320 0.000008 0.000000  -0.000000 -0.000000 -1.451261
11  3.883660 -0.050322 -0.431043  0.066987 0.050243 -0.694792
12  1.719576 0.000005 -0.000001  0.000000 -0.000004 -1.251013
13  1.209183 0.000005 -0.000000  -0.000000 -0.000003 -1.141145
14  3.859842 -0.148936 -1.331280  -0.248855 0.263129 -0.072121
15  1.719424 0.000002 0.000001  0.000000 0.000000 -0.676756
16  1.099663 -0.000000 -0.000001  0.000000 -0.000000 -1.021286
17  0.806023 -0.359837 -1.318334  1.349685 0.343493 -0.771450
18  1.789782 0.000001 -0.000006  -0.000000 -0.000000 0.397500
19  1.206999 0.000003 -0.000002  0.000000 0.000000 0.989033
20  4.125000 -1.447266 -3.542968  -1.564198 -0.011689 -1.581440
21  3.820737 -1.409994 -0.589408  -1.564198 -0.011689 -1.581439
22  0.222821 -3.739060 1.509297  0.024887 2.851473 -1.494016
23  3.048727 6.125610 1.106841  1.596061 0.018247 -0.808184
24  3.527215 5.063566 0.216259  1.596061 0.018246 -0.808184
25  3.352950 5.114326 -0.401207  1.596061 0.018247 -0.808184
26  2.909482 4.772882 -1.012058  1.596061 0.018247 -0.808184
27  1.772479 4.476568 2.356868  1.596061 0.018247 -0.808184
28  0.000006 3.336140 -8.647861  -1.570799 -1.391898 -1.570795
29  2.033350 1.000764 1.937663  1.227517 0.585911 1.190966
30  2.026190 1.001859 1.937675  1.227511 0.585916 1.190961
31  0.000001 -0.000001 0.000004  1.583265 0.000007 1.570794
32  0.000000 6.028147 -0.000001  -0.405215 -0.510605 -0.920344
33  -0.000001 0.000009 -0.000006  -0.000002 0.000003 1.570791
34  0.000017 6.028144 -0.000011  -0.547387 0.351102 0.443804
35  0.000000 11.692570 0.000000  -0.000001 -0.000005 -0.633407
36  0.000000 0.000001 -0.000002  0.000005 0.000001 1.570801
37  11.692579 0.000050 0.000040  0.000004 -0.000001 -0.633398
38  -0.000000 11.481682 -0.000001  0.403217 0.486410 0.740416
39  -0.000001 0.000001 -0.000000  0.000000 -0.000000 1.570789
40  11.481682 -0.000051 0.000009  0.521750 -0.354227 0.543577
41  0.137968 3.859862 1.332473  -1.465453 -1.619429 0.860058
42  -0.000000 0.000002 0.000001  1.933714 0.000004 1.570794
43  3.859858 -0.137941 1.332473  0.357799 -0.048365 -0.605274
44  0.000000 1.719427 -0.000001  -0.420870 0.202310 0.066145
45  -0.000001 0.000001 0.000002  1.743430 0.000000 1.570798
46  1.719429 0.000002 -0.000004  0.000189 -0.009099 -0.438593
47  -0.000000 1.099662 -0.000002  1.022350 1.907813 1.050321
48  0.000003 0.000001 0.000000  -0.000002 0.000003 1.570799
49  1.099662 -0.000001 0.000004  -0.000119 0.002599 -0.290973
50  0.046788 3.883692 0.431450  -0.028173 -1.505149 -0.643952
51  0.000001 0.000002 0.000001  1.590082 0.000009 1.570787
52  3.883689 -0.046762 0.431450  0.084906 0.001839 -0.672064
53  -0.000001 1.719577 0.000004  -0.720099 0.051523 -0.006475
54  0.000000 -0.000000 -0.000002  1.538382 -0.000002 1.570794
55  1.719579 0.000018 -0.000018  -0.003915 0.016394 -0.719626
56  -0.000001 1.209184 -0.000002  -1.502664 1.085644 -1.507497
57  0.000003 -0.000000 0.000001  -0.000000 -0.000000 1.570805
58  1.209188 -0.000001 -0.000004  -0.000816 0.002971 -0.484093
59  -0.046751 3.942331 -0.431437  -0.326455 -1.473453 -0.660446
60  -0.000001 -0.000000 0.000002  1.317660 0.000000 1.570797
61  3.942327 0.046779 -0.431439  -0.160904 0.031174 -0.985456
62  -0.000000 1.539088 0.000001  -0.255109 -0.026494 -0.056799
63  -0.000001 0.000000 0.000001  1.337310 -0.000004 1.570800
64  1.539095 -0.000002 0.000003  -0.000026 0.003537 -0.262658
65  -0.000001 1.196322 -0.000001  -1.013113 1.118328 -1.059569
66  -0.000003 -0.000000 0.000000  0.000000 -0.000001 1.570800
67  1.196326 -0.000011 0.000003  0.000001 0.000003 -0.391192
68  0.142426 3.859710 -1.191969  -0.667377 -1.423717 -0.301267
69  -0.000002 0.000000 -0.000001  0.976757 -0.000005 1.570807
70  3.859706 -0.142400 -1.191971  -0.478196 0.090838 -0.963366
71  -0.000003 1.312565 -0.000003  -0.361354 -0.138963 -0.204711
72  -0.000001 -0.000000 0.000002  1.078169 0.000003 1.570794
73  1.312570 -0.000015 0.000008  0.000004 -0.001346 -0.437232
74  -0.000001 0.729363 -0.000001  -0.404434 1.030437 -0.462970
75  -0.000002 0.000000 -0.000000  -0.000001 -0.000001 1.570795
76  0.729365 0.000001 -0.000000  0.000002 -0.000005 -0.231823
77  0.348927 0.806047 1.321258  -1.142975 -2.276481 0.650279
78  -0.000000 0.000000 -0.000001  0.437032 0.000002 1.570791
79  0.806045 -0.348924 1.321259  -1.473562 -0.631190 -0.380782
80  0.000000 1.789784 -0.000001  0.105693 0.066384 0.343676
81  -0.000001 -0.000000 -0.000000  0.347279 0.000000 1.570806
82  1.789789 0.000008 -0.000001  0.002654 0.043678 0.349578
83  0.000001 1.206996 -0.000002  0.184116 0.296141 0.567989
84  -0.000000 0.000003 -0.000000  0.000001 -0.000001 1.570797
85  1.206999 -0.000013 0.000002  -0.000004 0.000001 0.540441
86  0.000000 0.000000 1.000000  1.570796 -0.000000 0.000000
time 54
0  0.000005 3.335938 -8.640624  -1.570780 -1.391896 -1.570809
1  2.033356 1.000772 -1.937610  1.473119 1.855075 -0.198639
2  6.028144 -0.000001 0.000000  2.172050 1.518157 -0.389072
3  11.692555 0.000002 0.000002  -0.000000 -0.000000 -0.305755
4  11.481697 -0.000002 0.000002  -1.289089 0.007243 0.200690
5  3.859674 -0.132571 1.193107  0.432210 -0.155861 -0.861350
6  1.312553 -0.000006 0.000003  0.000000 -0.000000 -1.191973
7  0.729362 0.000001 -0.000002  -0.000000 -0.000000 -1.063394
8  3.942304 0.050326 0.431043  0.232421 0.000609 -0.853331
9  1.539097 -0.000000 0.000000  -0.000000 0.000000 -0.973379
10  1.196320 0.000008 0.000002  -0.000000 0.000000 -1.451261
11  3.883658 -0.050323 -0.431043  0.066987 0.050243 -0.694792
12  1.719578 0.000005 -0.000000  0.000000 -0.000004 -1.251013
13  1.209183 0.000001 -0.000000  -0.000000 -0.000003 -1.141145
14  3.859839 -0.148936 -1.331281  -0.248855 0.263129 -0.072121
15  1.719420 0.000003 0.000001  0.000000 -0.000000 -0.676756
16  1.099666 0.000003 -0.000000  0.000000 -0.000000 -1.021286
17  0.806020 -0.359838 -1.318334  1.349685 0.343493 -0.771450
18  1.789780 0.000002 -0.000008  -0.000000 -0.000000 0.397500
19  1.207003 0.000003 -0.000001  0.000000 0.000000 0.989033
20  4.124999 -1.447266 -3.542969  -1.564198 -0.011689 -1.581440
21  3.820736 -1.409995 -0.589409  -1.564198 -0.011689 -1.581439
22  0.222821 -3.739061 1.509298  0.024887 2.851473 -1.494016
23  3.048727 6.125614 1.106842  1.596061 0.018247 -0.808184
24  3.527214 5.063568 0.216260  1.596061 0.018246 -0.808184
25  3.352950 5.114328 -0.401205  1.596061 0.018247 -0.808184
26  2.909482 4.772882 -1.012054  1.596061 0.018247 -0.808184
27  1.772479 4.476572 2.356869  1.596061 0.018247 -0.808184
28  0.000006 3.336140 -8.647861  -1.570799 -1.391898 -1.570795
29  2.033350 1.000764 1.937663  1.227517 0.585911 1.190966
30  2.026190 1.001859 1.937675  1.227511 0.585916 1.190961
31  0.000001 -0.000001 0.000004  1.583265 0.000007 1.570794
32  0.000000 6.028147 -0.000001  -0.405333 -0.510655 -0.920339
33  -0.000002 0.000010 -0.000005  -0.000002 0.000003 1.570792
34  0.000017 6.028144 -0.000011  -0.547462 0.351193 0.443725
35  -0.000002 11.692571 -0.000000  -0.000001 -0.000005 -0.633268
36  0.000000 0.000000 -0.000001  0.000005 0.000000 1.570801
37  11.692579 0.000052 0.000038  0.000004 -0.000001 -0.633259
38  0.000000 11.481680 0.000001  0.403122 0.485863 0.740329
39  -0.000000 -0.000002 0.000001  0.000000 -0.000000 1.570789
40  11.481682 -0.000054 0.000008  0.521160 -0.354252 0.543740
41  0.137967 3.859856 1.332474  -1.465454 -1.619429 0.860064
42  -0.000000 0.000000 -0.000001  1.933714 0.000004 1.570794
43  3.859862 -0.137940 1.332474  0.357799 -0.048365 -0.605274
44  -0.000000 1.719429 0.000001  -0.420869 0.202310 0.066145
45  0.000000 0.000001 0.000000  1.743430 0.000000 1.570798
46  1.719433 0.000006 -0.000007  0.000190 -0.009098 -0.438592
47  0.000000 1.099664 -0.000002  1.022349 1.907813 1.050321
48  0.000000 0.000000 0.000001  -0.000002 0.000003 1.570799
49  1.099666 0.000002 0.000003  -0.000119 0.002600 -0.290972
50  0.046788 3.883688 0.431451  -0.028177 -1.505149 -0.643948
51  0.000001 -0.000001 -0.000000  1.590082 0.000009 1.570787
52  3.883692 -0.046761 0.431450  0.084906 0.001839 -0.672063
53  -0.000000 1.719576 -0.000000  -0.720098 0.051523 -0.006475
54  0.000000 -0.000001 0.000002  1.538382 -0.000002 1.570794
55  1.719581 0.000017 -0.000018  -0.003915 0.016394 -0.719626
56  0.000000 1.209184 0.000003  -1.502663 1.085644 -1.507497
57  0.000003 -0.000001 0.000001  -0.000000 -0.000000 1.570805
58  1.209188 -0.000000 -0.000003  -0.000816 0.002971 -0.484093
59  -0.046751 3.942327 -0.431435  -0.326458 -1.473452 -0.660444
60  -0.000000 0.000001 -0.000002  1.317660 0.000000 1.570797
61  3.942330 0.046779 -0.431437  -0.160904 0.031174 -0.985454
62  0.000000 1.539090 -0.000001  -0.255110 -0.026494 -0.056799
63  -0.000000 0.000000 0.000000  1.337310 -0.000004 1.570800
64  1.539095 -0.000001 0.000003  -0.000026 0.003537 -0.262660
65  -0.000001 1.196323 0.000001  -1.013115 1.118327 -1.059572
66  0.000001 0.000000 -0.000000  0.000000 -0.000001 1.570800
67  1.196326 -0.000006 0.000005  0.000001 0.000004 -0.391194
68  0.142425 3.859705 -1.191967  -0.667375 -1.423717 -0.301269
69  -0.000000 -0.000002 0.000001  0.976757 -0.000005 1.570807
70  3.859709 -0.142400 -1.191970  -0.478196 0.090838 -0.963364
71  0.000002 1.312563 -0.000000  -0.361356 -0.138964 -0.204711
72  0.000000 0.000001 0.000000  1.078169 0.000003 1.570794
73  1.312570 -0.000016 0.000009  0.000004 -0.001345 -0.437234
74  -0.000000 0.729364 -0.000002  -0.404438 1.030436 -0.462974
75  0.000003 0.000000 -0.000001  -0.000001 -0.000001 1.570795
76  0.729365 0.000002 -0.000001  0.000001 -0.000004 -0.231826
77  0.348928 0.806043 1.321261  -1.142974 -2.276481 0.650279
78  -0.000000 0.000002 0.000002  0.437032 0.000002 1.570791
79  0.806047 -0.348924 1.321261  -1.473563 -0.631190 -0.380782
80  0.000001 1.789785 0.000002  0.105693 0.066385 0.343676
81  -0.000000 -0.000002 0.000000  0.347279 0.000000 1.570806
82  1.789788 0.000009 -0.000001  0.002654 0.043678 0.349578
83  -0.000002 1.206997 0.000002  0.184116 0.296141 0.567989
84  -0.000000 0.000000 -0.000001  0.000001 -0.000001 1.570797
85  1.207003 -0.000009 0.000005  -0.000004 0.000001 0.540441
86  0.000000 0.000000 1.000000  1.570796 -0.000000 0.000000
time 55
0  0.000005 3.335938 -8.640624  -1.570780 -1.391896 -1.570809
1  2.033356 1.000772 -1.937610  1.473119 1.855075 -0.198639
2  6.028144 -0.000001 0.000000  2.174090 1.518297 -0.387039
3  11.692555 0.000001 0.000003  0.000000 -0.000000 -0.305379
4  11.481699 -0.000001 0.000002  -1.289597 0.007038 0.200690
5  3.859679 -0.132571 1.193108  0.432210 -0.155861 -0.861350
6  1.312556 -0.000005 0.000003  0.000000 -0.000000 -1.191973
7  0.729363 0.000002 -0.000002  -0.000000 -0.000000 -1.063394
8  3.942307 0.050327 0.431043  0.232421 0.000609 -0.853331
9  1.539096 -0.000003 -0.000000  -0.000000 0.000000 -0.973379
10  1.196319 0.000007 0.000001  -0.000000 0.000000 -1.451261
11  3.883662 -0.050322 -0.431043  0.066987 0.050243 -0.694792
12  1.719579 0.000004 -0.000001  0.000000 -0.000004 -1.251013
13  1.209183 0.000002 -0.000001  -0.000000 -0.000003 -1.141145
14  3.859843 -0.148936 -1.331280  -0.248855 0.263129 -0.072121
15  1.719419 0.000002 0.000000  0.000000 0.000000 -0.676756
16  1.099666 -0.000001 -0.000002  0.000000 -0.000000 -1.021286
17  0.806024 -0.359837 -1.318334  1.349685 0.343493 -0.771450
18  1.789784 0.000002 -0.000004  -0.000000 -0.000000 0.397500
19  1.207000 0.000003 -0.000002  0.000000 0.000000 0.989033
20  4.125000 -1.447265 -3.542969  -1.564198 -0.011689 -1.581440
21  3.820741 -1.409994 -0.589409  -1.564198 -0.011689 -1.581439
22  0.222822 -3.739061 1.509297  0.024887 2.851473 -1.494016
23  3.048727 6.125613 1.106840  1.596061 0.018247 -0.808184
24  3.527214 5.063571 0.216259  1.596061 0.018246 -0.808184
25  3.352950 5.114328 -0.401208  1.596061 0.018247 -0.808184
26  2.909482 4.772883 -1.012057  1.596061 0.018247 -0.808184
27  1.772478 4.476573 2.356868  1.596061 0.018247 -0.808184
28  0.000006 3.336140 -8.647861  -1.570799 -1.391898 -1.570795
29  2.033350 1.000764 1.937663  1.227517 0.585911 1.190966
30  2.026190 1.001859 1.937675  1.227511 0.585916 1.190961
31  0.000001 -0.000001 0.000004  1.583265 0.000007 1.570794
32  0.000000 6.028147 -0.000001  -0.405451 -0.510704 -0.920332
33  -0.000001 0.000009 -0.000005  -0.000002 0.000003 1.570791
34  0.000017 6.028144 -0.000011  -0.547535 0.351284 0.443649
35  0.000001 11.692571 0.000001  -0.000001 -0.000005 -0.633158
36  0.000000 0.000001 -0.000001  0.000005 0.000000 1.570801
37  11.692579 0.000055 0.000041  0.000004 -0.000001 -0.633149
38  0.000000 11.481681 -0.000000  0.403085 0.485347 0.740274
39  -0.000000 -0.000001 0.000002  0.000000 -0.000000 1.570789
40  11.481683 -0.000053 0.000006  0.520614 -0.354321 0.543891
41  0.137968 3.859857 1.332475  -1.465454 -1.619429 0.860062
42  -0.000000 0.000001 -0.000000  1.933714 0.000004 1.570794
43  3.859861 -0.137942 1.332475  0.357799 -0.048365 -0.605273
44  0.000001 1.719429 -0.000002  -0.420869 0.202310 0.066145
45  0.000001 0.000000 -0.000001  1.743430 0.000000 1.570798
46  1.719434 0.000004 -0.000006  0.000190 -0.009098 -0.438592
47  0.000001 1.099663 0.000001  1.022349 1.907813 1.050320
48  -0.000000 -0.000000 0.000000  -0.000002 0.000003 1.570799
49  1.099665 0.000003 0.000001  -0.000119 0.002600 -0.290972
50  0.046789 3.883686 0.431450  -0.028166 -1.505149 -0.643955
51  0.000001 -0.000002 0.000000  1.590082 0.000009 1.570787
52  3.883688 -0.046762 0.431450  0.084906 0.001839 -0.672062
53  -0.000001 1.719575 0.000001  -0.720100 0.051523 -0.006475
54  0.000001 -0.000000 -0.000000  1.538382 -0.000002 1.570794
55  1.719585 0.000016 -0.000020  -0.003915 0.016394 -0.719627
56  0.000002 1.209181 -0.000003  -1.502664 1.085642 -1.507497
57  -0.000001 0.000000 0.000000  -0.000000 -0.000000 1.570805
58  1.209186 -0.000006 -0.000003  -0.000816 0.002971 -0.484095
59  -0.046750 3.942326 -0.431434  -0.326459 -1.473452 -0.660437
60  -0.000000 -0.000000 -0.000000  1.317660 0.000000 1.570797
61  3.942328 0.046778 -0.431437  -0.160904 0.031174 -0.985451
62  0.000001 1.539091 -0.000001  -0.255112 -0.026494 -0.056799
63  0.000000 0.000000 0.000001  1.337310 -0.000004 1.570800
64  1.539099 -0.000001 0.000002  -0.000026 0.003538 -0.262662
65  0.000001 1.196321 -0.000001  -1.013118 1.118324 -1.059576
66  -0.000002 -0.000000 -0.000001  0.000000 -0.000001 1.570800
67  1.196325 -0.000007 0.000005  0.000001 0.000003 -0.391198
68  0.142426 3.859705 -1.191966  -0.667376 -1.423717 -0.301264
69  -0.000000 -0.000001 0.000002  0.976757 -0.000005 1.570807
70  3.859709 -0.142401 -1.191969  -0.478196 0.090838 -0.963361
71  0.000000 1.312567 0.000004  -0.361359 -0.138963 -0.204711
72  -0.000000 0.000000 -0.000002  1.078169 0.000003 1.570794
73  1.312571 -0.000013 0.000010  0.000005 -0.001344 -0.437236
74  0.000000 0.729365 -0.000000  -0.404443 1.030435 -0.462981
75  -0.000001 0.000001 -0.000002  -0.000001 -0.000001 1.570794
76  0.729367 0.000003 0.000002  0.000002 -0.000004 -0.231829
77  0.348928 0.806042 1.321261  -1.142973 -2.276480 0.650279
78  0.000000 0.000001 -0.000000  0.437032 0.000002 1.570790
79  0.806046 -0.348925 1.321261  -1.473563 -0.631189 -0.380780
80  -0.000001 1.789783 -0.000001  0.105693 0.066385 0.343675
81  -0.000001 0.000000 0.000000  0.347279 0.000000 1.570806
82  1.789789 0.000011 -0.000002  0.002654 0.043678 0.349577
83  0.000000 1.206998 -0.000002  0.184115 0.296142 0.567987
84  -0.000000 -0.000004 -0.000001  0.000001 -0.000001 1.570797
85  1.207002 -0.000012 0.000003  -0.000003 0.000001 0.540439
86  0.000000 0.000000 1.000000  1.570796 -0.000000 0.000000
time 56
0  0.000005 3.335938 -8.640624  -1.570780 -1.391896 -1.570809
1  2.033356 1.000772 -1.937610  1.473119 1.855075 -0.198639
2  6.028144 -0.000001 0.000000  2.175635 1.518438 -0.385491
3  11.692555 0.000001 0.000003  0.000000 -0.000000 -0.305116
4  11.481699 0.000001 0.000003  -1.289997 0.006832 0.200690
5  3.859674 -0.132572 1.193108  0.432210 -0.155861 -0.861350
6  1.312557 -0.000004 0.000001  0.000000 0.000000 -1.191973
7  0.729363 0.000004 -0.000003  -0.000000 -0.000000 -1.063394
8  3.942301 0.050326 0.431042  0.232421 0.000609 -0.853331
9  1.539096 -0.000003 -0.000001  -0.000000 0.000000 -0.973379
10  1.196319 0.000012 0.000001  -0.000000 0.000000 -1.451261
11  3.883658 -0.050323 -0.431044  0.066987 0.050243 -0.694792
12  1.719578 0.000004 0.000000  0.000000 -0.000004 -1.251013
13  1.209183 0.000003 -0.000000  -0.000000 -0.000003 -1.141145
14  3.859840 -0.148936 -1.331280  -0.248855 0.263129 -0.072121
15  1.719422 0.000003 0.000001  0.000000 0.000000 -0.676756
16  1.099665 -0.000002 0.000000  0.000000 -0.000000 -1.021286
17  0.806019 -0.359838 -1.318334  1.349685 0.343493 -0.771450
18  1.789782 -0.000000 -0.000001  -0.000000 -0.000000 0.397500
19  1.207000 0.000004 -0.000002  0.000000 0.000000 0.989033
20  4.124997 -1.447266 -3.542969  -1.564198 -0.011689 -1.581440
21  3.820734 -1.409995 -0.589409  -1.564198 -0.011689 -1.581439
22  0.222809 -3.739063 1.509296  0.024887 2.851473 -1.494016
23  3.048727 6.125611 1.106842  1.596061 0.018247 -0.808184
24  3.527215 5.063566 0.216260  1.596061 0.018246 -0.808184
25  3.352950 5.114325 -0.401207  1.596061 0.018247 -0.808184
26  2.909482 4.772880 -1.012055  1.596061 0.018247 -0.808184
27  1.772479 4.476570 2.356869  1.596061 0.018247 -0.808184
28  0.000006 3.336140 -8.647861  -1.570799 -1.391898 -1.570795
29  2.033350 1.000764 1.937663  1.227517 0.585911 1.190966
30  2.026190 1.001859 1.937675  1.227511 0.585916 1.190961
31  0.000001 -0.000001 0.000004  1.583265 0.000007 1.570794
32  0.000000 6.028147 -0.000001  -0.405539 -0.510692 -0.920245
33  -0.000000 0.000010 -0.000006  -0.000002 0.000003 1.570792
34  0.000017 6.028144 -0.000011  -0.547540 0.351361 0.443692
35  0.000000 11.692571 -0.000000  -0.000001 -0.000005 -0.633263
36  -0.000000 0.000000 -0.000002  0.000005 0.000000 1.570801
37  11.692578 0.000054 0.000041  0.000004 -0.000001 -0.633253
38  -0.000000 11.481680 -0.000001  0.403093 0.484901 0.740379
39  -0.000001 0.000000 -0.000001  0.000000 -0.000000 1.570789
40  11.481683 -0.000053 0.000006  0.520149 -0.354414 0.544154
41  0.137968 3.859857 1.332471  -1.465456 -1.619429 0.860059
42  0.000000 -0.000000 -0.000002  1.933714 0.000004 1.570794
43  3.859863 -0.137941 1.332473  0.357799 -0.048365 -0.605274
44  -0.000001 1.719427 -0.000003  -0.420871 0.202310 0.066145
45  -0.000000 0.000000 -0.000001  1.743430 0.000000 1.570798
46  1.719428 0.000003 -0.000007  0.000190 -0.009098 -0.438593
47  -0.000001 1.099664 -0.000001  1.022349 1.907813 1.050322
48  0.000000 -0.000000 -0.000000  -0.000002 0.000003 1.570799
49  1.099669 0.000003 0.000001  -0.000119 0.002600 -0.290972
50  0.046788 3.883688 0.431449  -0.028184 -1.505149 -0.643941
51  0.000001 0.000001 0.000001  1.590082 0.000009 1.570787
52  3.883693 -0.046761 0.431450  0.084906 0.001840 -0.672064
53  0.000000 1.719572 -0.000003  -0.720098 0.051523 -0.006475
54  0.000001 -0.000001 0.000001  1.538382 -0.000002 1.570794
55  1.719573 0.000010 -0.000015  -0.003915 0.016394 -0.719625
56  0.000001 1.209182 0.000001  -1.502664 1.085645 -1.507496
57  0.000002 0.000000 -0.000001  -0.000000 -0.000000 1.570805
58  1.209185 -0.000000 -0.000003  -0.000816 0.002971 -0.484092
59  -0.046751 3.942326 -0.431438  -0.326466 -1.473452 -0.660433
60  -0.000000 0.000001 -0.000001  1.317660 0.000000 1.570797
61  3.942330 0.046779 -0.431438  -0.160904 0.031175 -0.985453
62  0.000001 1.539091 -0.000005  -0.255111 -0.026494 -0.056799
63  0.000001 0.000000 -0.000001  1.337310 -0.000004 1.570800
64  1.539096 -0.000004 0.000001  -0.000026 0.003537 -0.262660
65  0.000002 1.196320 -0.000002  -1.013116 1.118326 -1.059572
66  -0.000000 0.000000 -0.000001  0.000000 -0.000001 1.570800
67  1.196325 -0.000006 0.000005  0.000001 0.000004 -0.391195
68  0.142425 3.859706 -1.191968  -0.667376 -1.423717 -0.301265
69  -0.000000 0.000002 -0.000000  0.976757 -0.000005 1.570807
70  3.859710 -0.142400 -1.191969  -0.478196 0.090838 -0.963364
71  0.000001 1.312568 -0.000001  -0.361358 -0.138963 -0.204711
72  -0.000001 0.000000 -0.000000  1.078169 0.000003 1.570794
73  1.312572 -0.000012 0.000008  0.000005 -0.001344 -0.437235
74  -0.000001 0.729362 -0.000002  -0.404441 1.030435 -0.462978
75  -0.000001 0.000000 -0.000000  -0.000001 -0.000001 1.570795
76  0.729367 0.000001 -0.000001  0.000002 -0.000004 -0.231828
77  0.348927 0.806044 1.321257  -1.142976 -2.276483 0.650280
78  -0.000001 0.000001 0.000000  0.437032 0.000002 1.570791
79  0.806050 -0.348924 1.321259  -1.473563 -0.631193 -0.380782
80  -0.000000 1.789785 -0.000004  0.105693 0.066384 0.343678
81  -0.000000 -0.000001 0.000002  0.347279 0.000000 1.570806
82  1.789790 0.000008 -0.000005  0.002654 0.043679 0.349580
83  0.000001 1.206998 0.000002  0.184117 0.296141 0.567992
84  -0.000000 0.000002 -0.000000  0.000001 -0.000001 1.570797
85  1.207003 -0.000011 0.000004  -0.000004 0.000001 0.540444
86  0.000000 0.000000 1.000000  1.570796 -0.000000 0.000000
time 57
0  0.000005 3.335938 -8.640624  -1.570780 -1.391896 -1.570809
1  2.033356 1.000772 -1.937610  1.473119 1.855075 -0.198639
2  6.028144 -0.000001 0.000000  2.176705 1.518531 -0.384402
3  11.692555 0.000001 0.000003  -0.000000 -0.000000 -0.304891
4  11.481700 -0.000002 0.000001  -1.290287 0.006668 0.200690
5  3.859674 -0.132571 1.193108  0.432210 -0.155861 -0.861350
6  1.312556 -0.000003 0.000002  0.000000 -0.000000 -1.191973
7  0.729363 0.000001 -0.000002  -0.000000 -0.000000 -1.063394
8  3.942301 0.050327 0.431043  0.232421 0.000609 -0.853331
9  1.539099 -0.000005 -0.000001  -0.000000 -0.000000 -0.973379
10  1.196318 0.000009 0.000001  -0.000000 0.000000 -1.451261
11  3.883658 -0.050323 -0.431043  0.066987 0.050243 -0.694792
12  1.719580 0.000004 0.000001  0.000000 -0.000004 -1.251013
13  1.209184 0.000002 -0.000000  -0.000000 -0.000003 -1.141145
14  3.859838 -0.148936 -1.331280  -0.248855 0.263129 -0.072121
15  1.719422 0.000002 0.000000  0.000000 0.000000 -0.676756
16  1.099663 -0.000000 -0.000001  0.000000 -0.000000 -1.021287
17  0.806019 -0.359838 -1.318335  1.349685 0.343493 -0.771450
18  1.789782 0.000002 -0.000002  -0.000000 -0.000000 0.397500
19  1.206999 0.000003 -0.000001  0.000000 0.000000 0.989033
20  4.124996 -1.447266 -3.542969  -1.564198 -0.011689 -1.581440
21  3.820735 -1.409994 -0.589409  -1.564198 -0.011689 -1.581439
22  0.222830 -3.739061 1.509295  0.024887 2.851473 -1.494016
23  3.048727 6.125609 1.106840  1.596061 0.018247 -0.808184
24  3.527214 5.063567 0.216259  1.596061 0.018246 -0.808184
25  3.352950 5.114326 -0.401207  1.596061 0.018247 -0.808184
26  2.909482 4.772882 -1.012057  1.596061 0.018247 -0.808184
27  1.772478 4.476569 2.356867  1.596061 0.018247 -0.808184
28  0.000006 3.336140 -8.647861  -1.570799 -1.391898 -1.570795
29  2.033350 1.000764 1.937663  1.227517 0.585911 1.190966
30  2.026190 1.001859 1.937675  1.227511 0.585916 1.190961
31  0.000001 -0.000001 0.000004  1.583265 0.000007 1.570794
32  0.000000 6.028147 -0.000001  -0.405631 -0.510698 -0.920184
33  -0.000000 0.000010 -0.000005  -0.000002 0.000003 1.570792
34  0.000017 6.028144 -0.000011  -0.547563 0.351438 0.443700
35  0.000001 11.692572 0.000001  -0.000001 -0.000005 -0.633290
36  -0.000001 0.000001 -0.000002  0.000005 0.000000 1.570801
37  11.692578 0.000053 0.000039  0.000004 -0.000001 -0.633281
38  -0.000001 11.481683 0.000001  0.403094 0.484564 0.740436
39  -0.000001 0.000001 0.000001  0.000000 -0.000000 1.570789
40  11.481681 -0.000052 0.000009  0.519796 -0.354481 0.544332
41  0.137968 3.859860 1.332474  -1.465449 -1.619428 0.860052
42  -0.000001 0.000002 0.000001  1.933714 0.000004 1.570794
43  3.859860 -0.137941 1.332473  0.357799 -0.048364 -0.605274
44  -0.000000 1.719435 -0.000000  -0.420869 0.202310 0.066145
45  -0.000000 -0.000001 0.000000  1.743430 0.000000 1.570798
46  1.719440 0.000004 -0.000005  0.000190 -0.009098 -0.438592
47  -0.000001 1.099662 0.000001  1.022348 1.907812 1.050321
48  0.000003 0.000000 0.000001  -0.000002 0.000003 1.570799
49  1.099666 0.000001 0.000002  -0.000119 0.002600 -0.290971
50  0.046789 3.883688 0.431451  -0.028184 -1.505149 -0.643935
51  -0.000001 -0.000000 -0.000000  1.590082 0.000009 1.570787
52  3.883687 -0.046762 0.431450  0.084906 0.001840 -0.672063
53  -0.000002 1.719574 -0.000000  -0.720099 0.051523 -0.006475
54  -0.000000 0.000000 0.000001  1.538381 -0.000002 1.570794
55  1.719579 0.000013 -0.000018  -0.003915 0.016394 -0.719626
56  0.000001 1.209183 0.000001  -1.502663 1.085643 -1.507496
57  -0.000001 0.000001 -0.000001  -0.000000 -0.000000 1.570805
58  1.209186 0.000002 -0.000002  -0.000817 0.002971 -0.484093
59  -0.046750 3.942327 -0.431436  -0.326465 -1.473452 -0.660432
60  -0.000001 0.000001 -0.000002  1.317660 0.000000 1.570797
61  3.942325 0.046778 -0.431439  -0.160904 0.031174 -0.985454
62  -0.000001 1.539094 -0.000001  -0.255110 -0.026494 -0.056799
63  -0.000001 0.000001 -0.000000  1.337310 -0.000004 1.570800
64  1.539099 0.000002 0.000001  -0.000026 0.003537 -0.262659
65  0.000002 1.196324 -0.000000  -1.013115 1.118327 -1.059572
66  0.000000 0.000000 0.000000  0.000000 -0.000001 1.570800
67  1.196326 -0.000009 0.000005  0.000001 0.000003 -0.391195
68  0.142425 3.859704 -1.191967  -0.667380 -1.423717 -0.301262
69  -0.000000 0.000002 0.000003  0.976757 -0.000005 1.570807
70  3.859703 -0.142400 -1.191971  -0.478196 0.090839 -0.963365
71  -0.000000 1.312569 0.000003  -0.361355 -0.138963 -0.204711
72  -0.000001 0.000000 -0.000000  1.078169 0.000003 1.570794
73  1.312574 -0.000014 0.000007  0.000004 -0.001345 -0.437233
74  -0.000002 0.729363 0.000003  -0.404436 1.030436 -0.462973
75  -0.000001 -0.000000 0.000001  -0.000001 -0.000001 1.570795
76  0.729366 0.000003 -0.000000  0.000002 -0.000004 -0.231825
77  0.348928 0.806046 1.321260  -1.142976 -2.276484 0.650279
78  -0.000000 -0.000001 0.000000  0.437032 0.000002 1.570791
79  0.806046 -0.348924 1.321260  -1.473563 -0.631193 -0.380782
80  -0.000000 1.789783 -0.000000  0.105694 0.066385 0.343679
81  0.000000 0.000002 0.000000  0.347279 0.000000 1.570806
82  1.789790 0.000011 -0.000001  0.002654 0.043679 0.349581
83  -0.000001 1.207002 0.000000  0.184117 0.296140 0.567994
84  -0.000001 -0.000002 -0.000000  0.000001 -0.000001 1.570797
85  1.207005 -0.000010 0.000004  -0.000004 0.000001 0.540445
86  0.000000 0.000000 1.000000  1.570796 -0.000000 0.000000
time 58
0  0.000005 3.335938 -8.640624  -1.570780 -1.391896 -1.570809
1  2.033356 1.000772 -1.937610  1.473119 1.855075 -0.198639
2  6.028144 -0.000001 0.000000  2.177323 1.518531 -0.383797
3  11.692555 0.000000 0.000003  -0.000000 -0.000000 -0.304778
4  11.481700 0.000000 0.000002  -1.290415 0.006544 0.200690
5  3.859675 -0.132571 1.193109  0.432210 -0.155861 -0.861350
6  1.312554 -0.000004 0.000002  0.000000 -0.000000 -1.191996
7  0.729365 0.000005 -0.000002  -0.000000 -0.000000 -1.063394
8  3.942303 0.050326 0.431044  0.232421 0.000609 -0.853331
9  1.539099 0.000000 -0.000000  -0.000000 0.000000 -0.973379
10  1.196319 0.000008 -0.000000  -0.000000 -0.000000 -1.451261
11  3.883659 -0.050323 -0.431042  0.066987 0.050243 -0.694792
12  1.719577 0.000003 -0.000000  0.000000 -0.000004 -1.251013
13  1.209185 0.000001 -0.000000  -0.000000 -0.000003 -1.141145
14  3.859840 -0.148936 -1.331280  -0.248855 0.263129 -0.072121
15  1.719419 0.000001 0.000001  0.000000 0.000000 -0.676756
16  1.099665 0.000002 -0.000000  0.000000 -0.000000 -1.021286
17  0.806021 -0.359837 -1.318333  1.349685 0.343493 -0.771450
18  1.789784 0.000002 -0.000005  -0.000000 -0.000000 0.397500
19  1.206999 0.000004 0.000003  0.000000 0.000000 0.989033
20  4.125000 -1.447266 -3.542968  -1.564198 -0.011689 -1.581440
21  3.820737 -1.409994 -0.589408  -1.564198 -0.011689 -1.581439
22  0.222823 -3.739061 1.509297  0.024887 2.851473 -1.494016
23  3.048726 6.125612 1.106841  1.596061 0.018247 -0.808184
24  3.527214 5.063569 0.216260  1.596061 0.018246 -0.808184
25  3.352949 5.114327 -0.401207  1.596061 0.018247 -0.808184
26  2.909481 4.772883 -1.012056  1.596061 0.018247 -0.808184
27  1.772479 4.476570 2.356868  1.596061 0.018247 -0.808184
28  0.000006 3.336140 -8.647861  -1.570799 -1.391898 -1.570795
29  2.033350 1.000764 1.937663  1.227517 0.585911 1.190966
30  2.026190 1.001859 1.937675  1.227511 0.585916 1.190961
31  0.000001 -0.000001 0.000004  1.583265 0.000007 1.570794
32  0.000000 6.028147 -0.000001  -0.405697 -0.510743 -0.920211
33  -0.000000 0.000010 -0.000005  -0.000002 0.000003 1.570792
34  0.000017 6.028144 -0.000011  -0.547623 0.351486 0.443619
35  0.000000 11.692572 0.000000  -0.000001 -0.000005 -0.633192
36  -0.000000 0.000000 -0.000001  0.000005 0.000000 1.570801
37  11.692579 0.000053 0.000041  0.000004 -0.000001 -0.633183
38  0.000001 11.481680 -0.000001  0.403125 0.484435 0.740469
39  -0.000000 0.000005 0.000001  0.000000 -0.000000 1.570789
40  11.481681 -0.000056 0.000006  0.519667 -0.354533 0.544396
41  0.137968 3.859859 1.332474  -1.465449 -1.619428 0.860056
42  -0.000000 0.000000 -0.000000  1.933714 0.000004 1.570794
43  3.859856 -0.137941 1.332474  0.357798 -0.048364 -0.605272
44  0.000000 1.719429 -0.000002  -0.420873 0.202310 0.066145
45  -0.000000 -0.000001 0.000001  1.743430 0.000000 1.570798
46  1.719433 0.000004 -0.000006  0.000190 -0.009099 -0.438595
47  -0.000001 1.099662 0.000001  1.022353 1.907815 1.050325
48  -0.000003 0.000001 0.000001  -0.000002 0.000003 1.570799
49  1.099665 0.000003 0.000001  -0.000119 0.002600 -0.290974
50  0.046788 3.883692 0.431450  -0.028185 -1.505149 -0.643935
51  -0.000001 0.000003 0.000001  1.590082 0.000009 1.570787
52  3.883690 -0.046762 0.431449  0.084906 0.001840 -0.672063
53  -0.000002 1.719578 -0.000002  -0.720099 0.051523 -0.006475
54  -0.000000 0.000000 0.000000  1.538381 -0.000002 1.570794
55  1.719581 0.000015 -0.000018  -0.003915 0.016394 -0.719626
56  0.000001 1.209184 -0.000000  -1.502663 1.085644 -1.507497
57  0.000002 0.000000 -0.000000  -0.000000 -0.000000 1.570805
58  1.209188 -0.000003 -0.000001  -0.000816 0.002971 -0.484093
59  -0.046750 3.942332 -0.431436  -0.326467 -1.473452 -0.660428
60  -0.000000 -0.000000 0.000000  1.317660 0.000000 1.570797
61  3.942328 0.046778 -0.431438  -0.160904 0.031175 -0.985454
62  -0.000001 1.539091 0.000001  -0.255109 -0.026494 -0.056799
63  0.000000 0.000001 -0.000002  1.337310 -0.000004 1.570800
64  1.539097 0.000002 0.000002  -0.000026 0.003537 -0.262658
65  -0.000000 1.196325 -0.000001  -1.013115 1.118327 -1.059571
66  0.000002 0.000000 -0.000000  0.000000 -0.000001 1.570800
67  1.196329 -0.000006 0.000005  0.000001 0.000004 -0.391194
68  0.142426 3.859708 -1.191967  -0.667381 -1.423716 -0.301260
69  0.000000 0.000002 0.000000  0.976757 -0.000005 1.570807
70  3.859705 -0.142400 -1.191969  -0.478196 0.090839 -0.963364
71  -0.000000 1.312569 -0.000001  -0.361357 -0.138963 -0.204711
72  -0.000001 0.000001 0.000001  1.078169 0.000003 1.570794
73  1.312571 -0.000016 0.000008  0.000005 -0.001344 -0.437235
74  -0.000001 0.729365 -0.000001  -0.404440 1.030435 -0.462977
75  0.000000 -0.000000 0.000000  -0.000001 -0.000001 1.570794
76  0.729367 -0.000003 -0.000001  0.000002 -0.000004 -0.231827
77  0.348928 0.806051 1.321260  -1.142975 -2.276483 0.650279
78  0.000001 0.000001 -0.000000  0.437032 0.000002 1.570791
79  0.806049 -0.348924 1.321260  -1.473563 -0.631192 -0.380781
80  0.000000 1.789783 -0.000000  0.105694 0.066384 0.343678
81  0.000000 0.000001 0.000000  0.347279 0.000000 1.570806
82  1.789787 0.000012 -0.000002  0.002654 0.043678 0.349580
83  0.000000 1.206999 -0.000001  0.184117 0.296141 0.567992
84  -0.000001 0.000001 0.000000  0.000001 -0.000001 1.570797
85  1.207002 -0.000011 0.000004  -0.000003 0.000001 0.540443
86  0.000000 0.000000 1.000000  1.570796 -0.000000 0.000000
time 59
0  0.000005 3.335938 -8.640624  -1.570780 -1.391896 -1.570809
1  2.033356 1.000772 -1.937610  1.473119 1.855075 -0.198639
2  6.028144 -0.000001 0.000000  2.177489 1.518578 -0.383627
3  11.692555 0.000002 0.000003  -0.000000 -0.000000 -0.304740
4  11.481698 0.000002 0.000002  -1.290433 0.006421 0.200690
5  3.859675 -0.132572 1.193109  0.432210 -0.155861 -0.861350
6  1.312557 -0.000003 0.000002  0.000000 -0.000000 -1.191973
7  0.729363 0.000006 -0.000003  -0.000000 0.000000 -1.063394
8  3.942304 0.050326 0.431044  0.232421 0.000609 -0.853331
9  1.539097 -0.000004 0.000000  -0.000000 0.000000 -0.973379
10  1.196320 0.000006 0.000001  -0.000000 0.000000 -1.451261
11  3.883658 -0.050323 -0.431043  0.066987 0.050243 -0.694792
12  1.719578 0.000004 0.000000  0.000000 -0.000004 -1.251013
13  1.209183 0.000001 -0.000000  -0.000000 -0.000003 -1.141173
14  3.859839 -0.148936 -1.331280  -0.248855 0.263129 -0.072121
15  1.719423 0.000001 0.000001  0.000000 0.000000 -0.676756
16  1.099664 0.000001 -0.000001  0.000000 -0.000000 -1.021287
17  0.806021 -0.359838 -1.318334  1.349685 0.343493 -0.771450
18  1.789783 0.000001 -0.000002  -0.000000 -0.000000 0.397500
19  1.206999 0.000003 -0.000001  0.000000 0.000000 0.989033
20  4.125000 -1.447267 -3.542969  -1.564198 -0.011689 -1.581440
21  3.820736 -1.409994 -0.589409  -1.564198 -0.011689 -1.581439
22  0.222816 -3.739062 1.509297  0.024887 2.851473 -1.494016
23  3.048727 6.125610 1.106842  1.596061 0.018247 -0.808184
24  3.527214 5.063567 0.216260  1.596061 0.018246 -0.808184
25  3.352950 5.114327 -0.401206  1.596061 0.018247 -0.808184
26  2.909482 4.772882 -1.012056  1.596061 0.018247 -0.808184
27  1.772479 4.476571 2.356868  1.596061 0.018247 -0.808184
28  0.000006 3.336140 -8.647861  -1.570799 -1.391898 -1.570795
29  2.033350 1.000764 1.937663  1.227517 0.585911 1.190966
30  2.026190 1.001859 1.937675  1.227511 0.585916 1.190961
31  0.000001 -0.000001 0.000004  1.583265 0.000007 1.570794
32  0.000000 6.028147 -0.000001  -0.405727 -0.510694 -0.920105
33  -0.000000 0.000009 -0.000005  -0.000002 0.000003 1.570791
34  0.000017 6.028144 -0.000011  -0.547577 0.351521 0.443727
35  0.000000 11.692570 0.000001  -0.000001 -0.000005 -0.633408
36  -0.000000 0.000001 -0.000003  0.000005 0.000000 1.570801
37  11.692578 0.000054 0.000042  0.000004 -0.000001 -0.633398
38  -0.000000 11.481684 -0.000002  0.403172 0.484354 0.740707
39  -0.000001 -0.000000 0.000002  0.000000 -0.000000 1.570789
40  11.481684 -0.000053 0.000008  0.519592 -0.354590 0.544638
41  0.137968 3.859858 1.332475  -1.465454 -1.619428 0.860054
42  -0.000001 0.000001 0.000001  1.933714 0.000004 1.570794
43  3.859860 -0.137941 1.332473  0.357799 -0.048364 -0.605274
44  -0.000001 1.719429 0.000000  -0.420869 0.202310 0.066145
45  -0.000000 0.000000 0.000002  1.743430 0.000000 1.570798
46  1.719433 0.000004 -0.000005  0.000189 -0.009098 -0.438592
47  0.000000 1.099661 0.000001  1.022349 1.907812 1.050321
48  -0.000003 0.000001 0.000001  -0.000002 0.000003 1.570799
49  1.099664 0.000002 0.000002  -0.000119 0.002600 -0.290972
50  0.046788 3.883688 0.431451  -0.028173 -1.505149 -0.643951
51  -0.000000 0.000003 0.000001  1.590082 0.000009 1.570787
52  3.883689 -0.046762 0.431449  0.084906 0.001839 -0.672063
53  -0.000000 1.719578 0.000003  -0.720099 0.051523 -0.006475
54  -0.000000 0.000000 -0.000001  1.538381 -0.000002 1.570794
55  1.719579 0.000015 -0.000015  -0.003915 0.016394 -0.719626
56  -0.000002 1.209183 -0.000001  -1.502664 1.085643 -1.507497
57  0.000001 -0.000000 0.000000  -0.000000 -0.000000 1.570805
58  1.209187 -0.000000 -0.000005  -0.000816 0.002971 -0.484093
59  -0.046751 3.942328 -0.431434  -0.326464 -1.473452 -0.660433
60  -0.000001 -0.000000 -0.000003  1.317660 0.000000 1.570797
61  3.942328 0.046778 -0.431438  -0.160904 0.031174 -0.985452
62  0.000000 1.539089 -0.000003  -0.255113 -0.026494 -0.056799
63  -0.000001 0.000001 -0.000004  1.337310 -0.000004 1.570800
64  1.539093 0.000001 0.000003  -0.000026 0.003538 -0.262663
65  0.000000 1.196324 -0.000002  -1.013120 1.118323 -1.059577
66  -0.000003 0.000000 0.000001  0.000000 -0.000001 1.570800
67  1.196326 -0.000004 0.000005  0.000001 0.000004 -0.391199
68  0.142426 3.859705 -1.191966  -0.667378 -1.423717 -0.301263
69  0.000001 -0.000000 0.000002  0.976757 -0.000005 1.570807
70  3.859705 -0.142401 -1.191970  -0.478196 0.090838 -0.963363
71  0.000001 1.312568 0.000003  -0.361358 -0.138963 -0.204711
72  -0.000001 -0.000001 0.000000  1.078169 0.000003 1.570794
73  1.312575 -0.000010 0.000008  0.000005 -0.001344 -0.437235
74  -0.000001 0.729362 0.000002  -0.404441 1.030435 -0.462979
75  0.000002 -0.000000 -0.000000  -0.000001 -0.000001 1.570794
76  0.729367 0.000002 0.000001  0.000002 -0.000004 -0.231828
77  0.348927 0.806042 1.321261  -1.142975 -2.276482 0.650280
78  0.000001 -0.000000 0.000000  0.437032 0.000002 1.570791
79  0.806044 -0.348924 1.321259  -1.473563 -0.631191 -0.380781
80  0.000000 1.789784 0.000001  0.105694 0.066384 0.343677
81  0.000001 -0.000003 0.000000  0.347279 0.000000 1.570806
82  1.789791 0.000011 -0.000001  0.002654 0.043678 0.349579
83  0.000002 1.206997 -0.000000  0.184116 0.296141 0.567991
84  0.000001 -0.000002 -0.000001  0.000001 -0.000001 1.570797
85  1.207006 -0.000010 0.000005  -0.000003 0.000002 0.540442
86  0.000000 0.000000 1.000000  1.570796 -0.000000 0.000000
time 60
0  0.000005 3.335938 -8.640624  -1.570780 -1.391896 -1.570809
1  2.033356 1.000772 -1.937610  1.473119 1.855075 -0.198639
2  6.028144 -0.000001 0.000000  2.177242 1.518531 -0.383869
3  11.692555 0.000001 0.000003  0.000000 -0.000000 -0.304816
4  11.481699 0.000000 0.000002  -1.290451 0.006338 0.200690
5  3.859676 -0.132572 1.193108  0.432210 -0.155861 -0.861350
6  1.312557 -0.000003 0.000001  0.000000 -0.000000 -1.191973
7  0.729363 0.000007 -0.000001  -0.000000 -0.000000 -1.063394
8  3.942304 0.050326 0.431043  0.232421 0.000609 -0.853331
9  1.539101 0.000001 -0.000000  -0.000000 0.000000 -0.973379
10  1.196319 0.000010 0.000000  -0.000000 -0.000000 -1.451261
11  3.883659 -0.050323 -0.431043  0.066987 0.050243 -0.694792
12  1.719576 0.000003 0.000000  0.000000 -0.000004 -1.251013
13  1.209181 0.000004 -0.000000  -0.000000 -0.000003 -1.141145
14  3.859840 -0.148937 -1.331280  -0.248855 0.263129 -0.072121
15  1.719422 0.000002 0.000000  0.000000 -0.000000 -0.676756
16  1.099666 0.000002 -0.000000  0.000000 -0.000000 -1.021287
17  0.806021 -0.359838 -1.318334  1.349685 0.343493 -0.771450
18  1.789785 0.000001 -0.000004  -0.000000 -0.000000 0.397500
19  1.206999 0.000004 -0.000002  0.000000 0.000000 0.989033
20  4.124998 -1.447266 -3.542969  -1.564198 -0.011689 -1.581440
21  3.820737 -1.409994 -0.589409  -1.564198 -0.011689 -1.581439
22  0.222811 -3.739063 1.509297  0.024887 2.851473 -1.494016
23  3.048727 6.125613 1.106840  1.596061 0.018247 -0.808184
24  3.527214 5.063570 0.216258  1.596061 0.018246 -0.808184
25  3.352950 5.114331 -0.401207  1.596061 0.018247 -0.808184
26  2.909482 4.772885 -1.012058  1.596061 0.018247 -0.808184
27  1.772479 4.476573 2.356867  1.596061 0.018247 -0.808184
28  0.000006 3.336140 -8.647861  -1.570799 -1.391898 -1.570795
29  2.033350 1.000764 1.937663  1.227517 0.585911 1.190966
30  2.026190 1.001859 1.937675  1.227511 0.585916 1.190961
31  0.000001 -0.000001 0.000004  1.583265 0.000007 1.570794
32  0.000000 6.028147 -0.000001  -0.405763 -0.510701 -0.920091
33  0.000001 0.000009 -0.000006  -0.000002 0.000003 1.570791
34  0.000017 6.028144 -0.000011  -0.547591 0.351551 0.443719
35  0.000001 11.692571 -0.000001  -0.000001 -0.000005 -0.633445
36  -0.000000 0.000000 -0.000001  0.000005 0.000000 1.570801
37  11.692577 0.000051 0.000038  0.000004 -0.000001 -0.633436
38  0.000001 11.481681 0.000000  0.403267 0.484316 0.740812
39  -0.000001 -0.000002 0.000001  0.000000 -0.000000 1.570789
40  11.481682 -0.000057 0.000005  0.519569 -0.354679 0.544707
41  0.137968 3.859854 1.332474  -1.465453 -1.619428 0.860055
42  0.000000 -0.000002 0.000001  1.933714 0.000004 1.570794
43  3.859855 -0.137942 1.332472  0.357799 -0.048364 -0.605274
44  -0.000000 1.719431 0.000002  -0.420870 0.202310 0.066145
45  -0.000000 -0.000002 0.000001  1.743430 0.000000 1.570798
46  1.719438 0.000008 -0.000008  0.000190 -0.009098 -0.438593
47  -0.000000 1.099660 0.000001  1.022349 1.907813 1.050322
48  0.000001 0.000001 -0.000000  -0.000002 0.000003 1.570799
49  1.099663 0.000003 0.000004  -0.000120 0.002600 -0.290972
50  0.046788 3.883682 0.431450  -0.028201 -1.505149 -0.643920
51  -0.000000 0.000002 0.000001  1.590082 0.000009 1.570787
52  3.883685 -0.046762 0.431448  0.084906 0.001841 -0.672062
53  0.000001 1.719578 -0.000001  -0.720098 0.051523 -0.006475
54  -0.000001 -0.000001 0.000000  1.538381 -0.000002 1.570794
55  1.719580 0.000013 -0.000017  -0.003915 0.016394 -0.719625
56  0.000001 1.209179 -0.000004  -1.502663 1.085644 -1.507496
57  -0.000000 -0.000000 0.000002  -0.000000 -0.000000 1.570805
58  1.209184 -0.000008 -0.000002  -0.000817 0.002971 -0.484093
59  -0.046751 3.942327 -0.431436  -0.326465 -1.473452 -0.660432
60  0.000000 0.000001 -0.000003  1.317660 0.000000 1.570797
61  3.942328 0.046778 -0.431439  -0.160904 0.031175 -0.985453
62  0.000000 1.539093 -0.000001  -0.255111 -0.026494 -0.056799
63  -0.000001 0.000000 0.000000  1.337310 -0.000004 1.570800
64  1.539097 0.000002 0.000002  -0.000026 0.003537 -0.262661
65  -0.000002 1.196324 0.000002  -1.013117 1.118325 -1.059574
66  -0.000001 -0.000001 -0.000001  0.000000 -0.000001 1.570800
67  1.196326 -0.000006 0.000004  0.000000 0.000004 -0.391197
68  0.142426 3.859704 -1.191967  -0.667377 -1.423717 -0.301264
69  0.000001 -0.000001 0.000001  0.976757 -0.000005 1.570807
70  3.859705 -0.142401 -1.191971  -0.478196 0.090838 -0.963363
71  0.000001 1.312562 -0.000002  -0.361358 -0.138963 -0.204711
72  0.000001 0.000000 0.000001  1.078169 0.000003 1.570794
73  1.312569 -0.000016 0.000007  0.000004 -0.001344 -0.437236
74  0.000001 0.729363 0.000002  -0.404441 1.030435 -0.462978
75  0.000001 -0.000000 0.000001  -0.000001 -0.000001 1.570794
76  0.729366 -0.000000 0.000000  0.000002 -0.000005 -0.231828
77  0.348928 0.806040 1.321260  -1.142975 -2.276482 0.650279
78  0.000001 -0.000001 0.000001  0.437032 0.000002 1.570791
79  0.806043 -0.348924 1.321260  -1.473563 -0.631191 -0.380781
80  0.000000 1.789781 0.000001  0.105694 0.066385 0.343677
81  -0.000001 0.000001 0.000002  0.347279 0.000000 1.570806
82  1.789787 0.000012 -0.000001  0.002654 0.043678 0.349579
83  -0.000001 1.207000 0.000002  0.184116 0.296141 0.567991
84  -0.000000 0.000003 0.000001  0.000001 -0.000001 1.570797
85  1.207005 -0.000010 0.000005  -0.000004 0.000001 0.540442
86  0.000000 0.000000 1.000000  1.570796 -0.000000 0.000000
time 61
0  0.000005 3.335938 -8.640624  -1.570780 -1.391896 -1.570809
1  2.033356 1.000772 -1.937610  1.473119 1.855075 -0.198639
2  6.028144 -0.000001 0.000000  2.176583 1.518484 -0.384523
3  11.692555 0.000001 0.000003  0.000000 -0.000000 -0.304928
4  11.481699 0.000000 0.000003  -1.290469 0.006236 0.200690
5  3.859679 -0.132572 1.193109  0.432210 -0.155861 -0.861350
6  1.312558 -0.000004 0.000002  0.000000 -0.000000 -1.191973
7  0.729361 0.000005 -0.000002  -0.000000 0.000000 -1.063394
8  3.942305 0.050326 0.431043  0.232421 0.000609 -0.853331
9  1.539097 -0.000003 -0.000001  -0.000000 -0.000000 -0.973379
10  1.196319 0.000007 0.000000  -0.000000 0.000000 -1.451261
11  3.883662 -0.050323 -0.431043  0.066987 0.050243 -0.694792
12  1.719577 0.000005 -0.000001  0.000000 -0.000004 -1.251013
13  1.209183 0.000003 -0.000000  -0.000000 -0.000003 -1.141145
14  3.859841 -0.148937 -1.331280  -0.248855 0.263129 -0.072121
15  1.719422 0.000002 0.000000  0.000000 0.000000 -0.676756
16  1.099662 0.000000 -0.000001  0.000000 -0.000000 -1.021286
17  0.806022 -0.359838 -1.318334  1.349685 0.343493 -0.771450
18  1.789785 0.000001 -0.000003  -0.000000 -0.000000 0.397500
19  1.207000 0.000004 0.000000  0.000000 0.000000 0.989033
20  4.125001 -1.447266 -3.542968  -1.564198 -0.011689 -1.581440
21  3.820739 -1.409994 -0.589408  -1.564198 -0.011689 -1.581439
22  0.222823 -3.739062 1.509296  0.024887 2.851473 -1.494016
23  3.048727 6.125610 1.106840  1.596061 0.018247 -0.808184
24  3.527214 5.063567 0.216258  1.596061 0.018246 -0.808184
25  3.352950 5.114326 -0.401207  1.596061 0.018247 -0.808184
26  2.909482 4.772882 -1.012058  1.596061 0.018247 -0.808184
27  1.772479 4.476570 2.356868  1.596061 0.018247 -0.808184
28  0.000006 3.336140 -8.647861  -1.570799 -1.391898 -1.570795
29  2.033350 1.000764 1.937663  1.227517 0.585911 1.190966
30  2.026190 1.001859 1.937675  1.227511 0.585916 1.190961
31  0.000001 -0.000001 0.000004  1.583265 0.000007 1.570794
32  0.000000 6.028147 -0.000001  -0.405818 -0.510680 -0.920015
33  -0.000001 0.000010 -0.000006  -0.000002 0.000003 1.570792
34  0.000017 6.028144 -0.000011  -0.547580 0.351601 0.443772
35  -0.000000 11.692571 -0.000000  -0.000001 -0.000005 -0.633587
36  -0.000000 0.000002 -0.000001  0.000005 0.000000 1.570801
37  11.692577 0.000052 0.000039  0.000004 -0.000001 -0.633578
38  -0.000000 11.481681 0.000000  0.403390 0.484263 0.740993
39  -0.000001 0.000001 0.000000  0.000000 -0.000000 1.570789
40  11.481682 -0.000054 0.000009  0.519536 -0.354796 0.544842
41  0.137968 3.859859 1.332473  -1.465450 -1.619429 0.860054
42  -0.000001 0.000002 -0.000002  1.933714 0.000004 1.570794
43  3.859861 -0.137942 1.332474  0.357798 -0.048365 -0.605273
44  -0.000001 1.719429 -0.000002  -0.420872 0.202310 0.066145
45  0.000000 0.000000 0.000000  1.743430 0.000000 1.570798
46  1.719430 0.000007 -0.000006  0.000189 -0.009099 -0.438595
47  0.000000 1.099663 0.000002  1.022352 1.907815 1.050325
48  -0.000001 -0.000000 0.000000  -0.000002 0.000003 1.570799
49  1.099668 0.000002 0.000002  -0.000120 0.002600 -0.290974
50  0.046788 3.883685 0.431451  -0.028173 -1.505149 -0.643945
51  0.000000 0.000003 -0.000002  1.590082 0.000009 1.570787
52  3.883686 -0.046762 0.431450  0.084906 0.001839 -0.672064
53  0.000000 1.719577 -0.000003  -0.720100 0.051523 -0.006475
54  -0.000001 0.000000 0.000002  1.538382 -0.000002 1.570794
55  1.719575 0.000014 -0.000016  -0.003915 0.016394 -0.719627
56  0.000000 1.209182 0.000004  -1.502664 1.085643 -1.507497
57  -0.000001 -0.000001 -0.000000  -0.000000 -0.000000 1.570805
58  1.209187 0.000004 -0.000002  -0.000816 0.002971 -0.484093
59  -0.046750 3.942324 -0.431436  -0.326464 -1.473452 -0.660431
60  -0.000001 0.000001 0.000000  1.317660 0.000000 1.570797
61  3.942324 0.046777 -0.431438  -0.160904 0.031175 -0.985453
62  -0.000000 1.539091 -0.000001  -0.255111 -0.026494 -0.056799
63  0.000000 -0.000000 -0.000000  1.337310 -0.000004 1.570800
64  1.539095 0.000000 0.000002  -0.000026 0.003537 -0.262660
65  0.000000 1.196323 -0.000001  -1.013116 1.118326 -1.059573
66  -0.000002 0.000000 -0.000002  0.000000 -0.000001 1.570800
67  1.196328 -0.000007 0.000004  0.000001 0.000003 -0.391196
68  0.142426 3.859705 -1.191966  -0.667378 -1.423717 -0.301262
69  -0.000000 0.000000 -0.000000  0.976757 -0.000005 1.570807
70  3.859708 -0.142401 -1.191968  -0.478196 0.090838 -0.963364
71  -0.000000 1.312567 0.000002  -0.361356 -0.138963 -0.204711
72  0.000000 0.000001 0.000001  1.078169 0.000003 1.570794
73  1.312572 -0.000010 0.000009  0.000004 -0.001345 -0.437233
74  -0.000001 0.729364 -0.000001  -0.404438 1.030436 -0.462975
75  -0.000002 0.000000 -0.000000  -0.000001 -0.000001 1.570795
76  0.729367 0.000000 -0.000002  0.000002 -0.000004 -0.231826
77  0.348928 0.806041 1.321260  -1.142974 -2.276480 0.650278
78  0.000001 -0.000001 0.000001  0.437032 0.000002 1.570791
79  0.806043 -0.348925 1.321261  -1.473563 -0.631190 -0.380782
80  0.000003 1.789782 -0.000003  0.105693 0.066384 0.343676
81  -0.000000 0.000000 0.000000  0.347279 0.000000 1.570806
82  1.789788 0.000009 -0.000002  0.002654 0.043678 0.349577
83  -0.000002 1.207002 -0.000000  0.184116 0.296141 0.567989
84  -0.000001 -0.000001 0.000000  0.000001 -0.000001 1.570797
85  1.207008 -0.000010 0.000004  -0.000004 0.000001 0.540440
86  0.000000 0.000000 1.000000  1.570796 -0.000000 0.000000
time 62
0  0.000005 3.335938 -8.640624  -1.570780 -1.391896 -1.570809
1  2.033356 1.000772 -1.937610  1.473119 1.855075 -0.198639
2  6.028144 -0.000001 0.000000  2.175594 1.518438 -0.385539
3  11.692555 0.000001 0.000003  0.000000 -0.000000 -0.305116
4  11.481699 0.000000 0.000003  -1.290469 0.006153 0.200690
5  3.859679 -0.132571 1.193108  0.432210 -0.155861 -0.861350
6  1.312555 -0.000004 0.000001  0.000000 -0.000000 -1.191973
7  0.729362 0.000004 -0.000002  -0.000000 0.000000 -1.063394
8  3.942306 0.050326 0.431044  0.232421 0.000609 -0.853331
9  1.539099 0.000000 -0.000001  -0.000000 0.000000 -0.973379
10  1.196319 0.000009 0.000001  -0.000000 0.000000 -1.451261
11  3.883663 -0.050323 -0.431043  0.066987 0.050243 -0.694792
12  1.719579 0.000007 -0.000000  0.000000 -0.000004 -1.251013
13  1.209183 0.000002 -0.000000  0.000000 -0.000003 -1.141173
14  3.859843 -0.148936 -1.331280  -0.248855 0.263129 -0.072121
15  1.719422 0.000002 -0.000000  0.000000 0.000000 -0.676756
16  1.099662 0.000003 -0.000001  0.000000 -0.000000 -1.021287
17  0.806023 -0.359838 -1.318334  1.349685 0.343493 -0.771450
18  1.789783 0.000001 -0.000004  -0.000000 -0.000000 0.397500
19  1.207000 0.000003 -0.000002  0.000000 0.000000 0.989033
20  4.125000 -1.447266 -3.542968  -1.564198 -0.011689 -1.581440
21  3.820740 -1.409995 -0.589409  -1.564198 -0.011689 -1.581439
22  0.222821 -3.739062 1.509296  0.024887 2.851473 -1.494016
23  3.048727 6.125608 1.106841  1.596061 0.018247 -0.808184
24  3.527214 5.063567 0.216260  1.596061 0.018246 -0.808184
25  3.352950 5.114325 -0.401206  1.596061 0.018247 -0.808184
26  2.909482 4.772879 -1.012055  1.596061 0.018247 -0.808184
27  1.772478 4.476567 2.356869  1.596061 0.018247 -0.808184
28  0.000006 3.336140 -8.647861  -1.570799 -1.391898 -1.570795
29  2.033350 1.000764 1.937663  1.227517 0.585911 1.190966
30  2.026190 1.001859 1.937675  1.227511 0.585916 1.190961
31  0.000001 -0.000001 0.000004  1.583265 0.000007 1.570794
32  0.000000 6.028147 -0.000001  -0.405846 -0.510628 -0.919905
33  0.000000 0.000010 -0.000005  -0.000002 0.000003 1.570791
34  0.000017 6.028144 -0.000011  -0.547531 0.351637 0.443884
35  0.000002 11.692573 0.000000  -0.000001 -0.000005 -0.633835
36  0.000001 0.000000 -0.000002  0.000005 0.000000 1.570801
37  11.692578 0.000055 0.000041  0.000004 -0.000001 -0.633825
38  0.000001 11.481682 0.000000  0.403533 0.484252 0.741235
39  -0.000001 -0.000001 0.000002  0.000000 -0.000000 1.570789
40  11.481684 -0.000054 0.000007  0.519551 -0.354923 0.545012
41  0.137968 3.859853 1.332474  -1.465448 -1.619429 0.860058
42  -0.000000 0.000000 0.000002  1.933714 0.000004 1.570794
43  3.859857 -0.137941 1.332474  0.357798 -0.048365 -0.605272
44  -0.000001 1.719428 0.000003  -0.420872 0.202310 0.066145
45  0.000001 -0.000002 0.000002  1.743430 0.000000 1.570798
46  1.719430 0.000006 -0.000008  0.000190 -0.009099 -0.438595
47  0.000002 1.099658 -0.000001  1.022353 1.907815 1.050326
48  -0.000002 0.000000 0.000000  -0.000002 0.000003 1.570799
49  1.099663 -0.000004 0.000003  -0.000119 0.002599 -0.290975
50  0.046788 3.883686 0.431452  -0.028174 -1.505149 -0.643946
51  -0.000000 0.000002 -0.000002  1.590082 0.000009 1.570787
52  3.883691 -0.046761 0.431450  0.084906 0.001839 -0.672063
53  0.000001 1.719579 0.000001  -0.720100 0.051523 -0.006475
54  -0.000002 0.000000 -0.000000  1.538381 -0.000002 1.570794
55  1.719578 0.000015 -0.000016  -0.003915 0.016394 -0.719627
56  -0.000003 1.209183 -0.000001  -1.502664 1.085643 -1.507497
57  -0.000003 -0.000000 0.000000  -0.000000 -0.000000 1.570805
58  1.209186 -0.000003 -0.000002  -0.000816 0.002971 -0.484094
59  -0.046751 3.942323 -0.431435  -0.326459 -1.473452 -0.660437
60  0.000000 0.000000 0.000001  1.317660 0.000000 1.570797
61  3.942325 0.046779 -0.431437  -0.160904 0.031174 -0.985453
62  -0.000000 1.539091 0.000003  -0.255112 -0.026494 -0.056799
63  -0.000002 0.000001 -0.000002  1.337310 -0.000004 1.570800
64  1.539095 0.000000 0.000002  -0.000026 0.003538 -0.262662
65  -0.000002 1.196323 -0.000001  -1.013119 1.118324 -1.059575
66  -0.000000 -0.000000 0.000000  0.000000 -0.000001 1.570800
67  1.196327 -0.000007 0.000003  0.000000 0.000004 -0.391198
68  0.142425 3.859704 -1.191966  -0.667377 -1.423717 -0.301263
69  -0.000000 0.000002 -0.000005  0.976757 -0.000005 1.570807
70  3.859707 -0.142399 -1.191968  -0.478196 0.090838 -0.963363
71  -0.000001 1.312569 -0.000001  -0.361360 -0.138963 -0.204711
72  0.000000 -0.000000 -0.000001  1.078169 0.000003 1.570794
73  1.312572 -0.000010 0.000007  0.000004 -0.001343 -0.437237
74  -0.000000 0.729363 0.000001  -0.404443 1.030434 -0.462982
75  0.000002 -0.000001 0.000001  -0.000001 -0.000001 1.570795
76  0.729367 0.000003 0.000001  0.000002 -0.000005 -0.231829
77  0.348927 0.806039 1.321261  -1.142976 -2.276484 0.650280
78  -0.000001 0.000002 -0.000000  0.437032 0.000002 1.570791
79  0.806043 -0.348923 1.321261  -1.473564 -0.631193 -0.380781
80  -0.000003 1.789789 0.000002  0.105694 0.066384 0.343678
81  0.000000 -0.000001 0.000002  0.347279 0.000000 1.570806
82  1.789791 0.000012 0.000000  0.002654 0.043678 0.349581
83  -0.000000 1.206998 0.000001  0.184117 0.296141 0.567993
84  -0.000000 -0.000002 -0.000000  0.000001 -0.000001 1.570797
85  1.207001 -0.000010 0.000003  -0.000003 0.000001 0.540445
86  0.000000 0.000000 1.000000  1.570796 -0.000000 0.000000
time 63
0  0.000005 3.335938 -8.640624  -1.570780 -1.391896 -1.570809
1  2.033356 1.000772 -1.937610  1.473119 1.855075 -0.198639
2  6.028144 -0.000001 0.000000  2.174254 1.518344 -0.386870
3  11.692554 0.000001 0.000003  -0.000000 -0.000000 -0.305342
4  11.481699 -0.000000 0.000003  -1.290487 0.006092 0.200690
5  3.859674 -0.132572 1.193108  0.432210 -0.155861 -0.861350
6  1.312555 -0.000007 0.000001  0.000000 -0.000000 -1.191973
7  0.729363 0.000005 -0.000004  0.000000 0.000000 -1.063394
8  3.942302 0.050326 0.431042  0.232421 0.000609 -0.853331
9  1.539101 -0.000005 -0.000001  -0.000000 0.000000 -0.973379
10  1.196320 0.000007 0.000001  -0.000000 0.000000 -1.451261
11  3.883659 -0.050323 -0.431043  0.066987 0.050243 -0.694792
12  1.719576 0.000002 0.000000  0.000000 -0.000004 -1.251013
13  1.209182 0.000005 0.000000  -0.000000 -0.000003 -1.141145
14  3.859839 -0.148936 -1.331280  -0.248855 0.263129 -0.072121
15  1.719419 0.000002 0.000001  0.000000 -0.000000 -0.676756
16  1.099666 -0.000003 -0.000001  0.000000 -0.000000 -1.021287
17  0.806019 -0.359838 -1.318334  1.349685 0.343493 -0.771450
18  1.789784 0.000002 -0.000002  -0.000000 -0.000000 0.397500
19  1.207001 0.000004 0.000001  0.000000 0.000000 0.989033
20  4.124997 -1.447267 -3.542969  -1.564198 -0.011689 -1.581440
21  3.820736 -1.409995 -0.589409  -1.564198 -0.011689 -1.581439
22  0.222815 -3.739063 1.509297  0.024887 2.851473 -1.494016
23  3.048727 6.125607 1.106840  1.596061 0.018247 -0.808184
24  3.527213 5.063564 0.216259  1.596061 0.018246 -0.808184
25  3.352950 5.114325 -0.401207  1.596061 0.018247 -0.808184
26  2.909482 4.772877 -1.012056  1.596061 0.018247 -0.808184
27  1.772479 4.476566 2.356868  1.596061 0.018247 -0.808184
28  0.000006 3.336140 -8.647861  -1.570799 -1.391898 -1.570795
29  2.033350 1.000764 1.937663  1.227517 0.585911 1.190966
30  2.026190 1.001859 1.937675  1.227511 0.585916 1.190961
31  0.000001 -0.000001 0.000004  1.583265 0.000007 1.570794
32  0.000000 6.028147 -0.000001  -0.405909 -0.510604 -0.919818
33  0.000001 0.000010 -0.000006  -0.000002 0.000003 1.570792
34  0.000017 6.028144 -0.000011  -0.547518 0.351695 0.443945
35  0.000001 11.692572 -0.000001  -0.000001 -0.000005 -0.633990
36  -0.000002 0.000001 -0.000001  0.000005 0.000000 1.570801
37  11.692579 0.000056 0.000042  0.000004 -0.000001 -0.633980
38  -0.000001 11.481682 0.000001  0.403695 0.484214 0.741380
39  -0.000001 -0.000002 0.000000  0.000000 -0.000000 1.570789
40  11.481684 -0.000053 0.000006  0.519541 -0.355071 0.545086
41  0.137967 3.859852 1.332474  -1.465447 -1.619428 0.860057
42  -0.000000 0.000002 -0.000001  1.933714 0.000004 1.570794
43  3.859858 -0.137941 1.332475  0.357799 -0.048364 -0.605272
44  -0.000001 1.719428 -0.000002  -0.420871 0.202310 0.066145
45  -0.000001 0.000001 -0.000002  1.743430 0.000000 1.570798
46  1.719431 0.000005 -0.000008  0.000190 -0.009098 -0.438594
47  -0.000002 1.099664 -0.000000  1.022352 1.907814 1.050324
48  0.000002 -0.000000 0.000000  -0.000002 0.000003 1.570799
49  1.099665 0.000001 0.000001  -0.000119 0.002600 -0.290974
50  0.046788 3.883684 0.431451  -0.028168 -1.505149 -0.643954
51  0.000000 -0.000001 0.000001  1.590082 0.000009 1.570787
52  3.883688 -0.046761 0.431450  0.084906 0.001839 -0.672063
53  -0.000001 1.719575 0.000002  -0.720102 0.051523 -0.006475
54  0.000000 -0.000000 0.000001  1.538381 -0.000002 1.570794
55  1.719580 0.000014 -0.000018  -0.003915 0.016394 -0.719629
56  -0.000000 1.209182 0.000003  -1.502664 1.085642 -1.507497
57  0.000001 -0.000000 0.000000  -0.000000 -0.000000 1.570805
58  1.209186 -0.000001 -0.000003  -0.000816 0.002971 -0.484095
59  -0.046751 3.942321 -0.431435  -0.326462 -1.473452 -0.660434
60  -0.000001 -0.000000 0.000001  1.317660 0.000000 1.570797
61  3.942325 0.046778 -0.431436  -0.160904 0.031174 -0.985451
62  -0.000001 1.539089 -0.000001  -0.255113 -0.026494 -0.056799
63  0.000001 0.000001 -0.000003  1.337310 -0.000004 1.570800
64  1.539096 0.000001 0.000002  -0.000026 0.003538 -0.262663
65  -0.000000 1.196324 -0.000004  -1.013120 1.118322 -1.059577
66  0.000001 0.000000 0.000000  0.000000 -0.000001 1.570800
67  1.196328 -0.000010 0.000004  0.000000 0.000003 -0.391199
68  0.142425 3.859702 -1.191966  -0.667380 -1.423716 -0.301260
69  -0.000001 -0.000001 -0.000001  0.976757 -0.000005 1.570807
70  3.859707 -0.142400 -1.191969  -0.478196 0.090839 -0.963363
71  -0.000001 1.312566 0.000000  -0.361359 -0.138963 -0.204711
72  -0.000000 0.000000 0.000003  1.078169 0.000003 1.570794
73  1.312570 -0.000010 0.000008  0.000005 -0.001344 -0.437236
74  -0.000001 0.729366 0.000006  -0.404442 1.030435 -0.462980
75  -0.000000 -0.000000 -0.000001  -0.000001 -0.000001 1.570794
76  0.729368 0.000006 0.000000  0.000002 -0.000004 -0.231829
77  0.348927 0.806037 1.321260  -1.142976 -2.276484 0.650280
78  -0.000000 0.000001 -0.000000  0.437032 0.000002 1.570791
79  0.806043 -0.348924 1.321262  -1.473563 -0.631194 -0.380781
80  0.000000 1.789783 -0.000000  0.105694 0.066384 0.343679
81  0.000001 0.000001 -0.000000  0.347279 0.000000 1.570806
82  1.789787 0.000011 -0.000001  0.002654 0.043679 0.349581
83  0.000002 1.207000 -0.000004  0.184117 0.296140 0.567993
84  0.000000 -0.000000 0.000000  0.000001 -0.000001 1.570797
85  1.207005 -0.000012 0.000001  -0.000004 0.000001 0.540445
86  0.000000 0.000000 1.000000  1.570796 -0.000000 0.000000
time 64
0  0.000005 3.335938 -8.640624  -1.570780 -1.391896 -1.570809
1  2.033356 1.000772 -1.937610  1.473119 1.855075 -0.198639
2  6.028144 -0.000001 0.000000  2.172646 1.518204 -0.388467
3  11.692554 0.000001 0.000003  0.000000 -0.000000 -0.305643
4  11.481698 -0.000001 0.000001  -1.290487 0.006030 0.200668
5  3.859674 -0.132571 1.193108  0.432210 -0.155861 -0.861350
6  1.312556 -0.000004 0.000002  0.000000 -0.000000 -1.191973
7  0.729363 0.000003 -0.000001  -0.000000 0.000000 -1.063394
8  3.942303 0.050327 0.431044  0.232421 0.000609 -0.853331
9  1.539097 -0.000002 -0.000001  -0.000000 0.000000 -0.973379
10  1.196320 0.000007 0.000000  -0.000000 -0.000000 -1.451261
11  3.883658 -0.050322 -0.431043  0.066987 0.050243 -0.694792
12  1.719577 0.000005 0.000001  0.000000 -0.000004 -1.251013
13  1.209182 0.000005 -0.000001  -0.000000 -0.000003 -1.141145
14  3.859840 -0.148936 -1.331280  -0.248855 0.263129 -0.072121
15  1.719420 0.000002 0.000001  0.000000 0.000000 -0.676756
16  1.099663 0.000000 -0.000001  0.000000 -0.000000 -1.021287
17  0.806019 -0.359837 -1.318333  1.349685 0.343493 -0.771450
18  1.789786 0.000001 -0.000005  -0.000000 -0.000000 0.397500
19  1.207000 0.000003 -0.000001  0.000000 0.000000 0.989033
20  4.124998 -1.447266 -3.542968  -1.564198 -0.011689 -1.581440
21  3.820736 -1.409994 -0.589409  -1.564198 -0.011689 -1.581439
22  0.222806 -3.739059 1.509297  0.024887 2.851473 -1.494016
23  3.048726 6.125609 1.106842  1.596061 0.018247 -0.808184
24  3.527214 5.063567 0.216260  1.596061 0.018246 -0.808184
25  3.352950 5.114326 -0.401205  1.596061 0.018247 -0.808184
26  2.909482 4.772883 -1.012055  1.596061 0.018247 -0.808184
27  1.772479 4.476568 2.356869  1.596061 0.018247 -0.808184
28  0.000006 3.336140 -8.647861  -1.570799 -1.391898 -1.570795
29  2.033350 1.000764 1.937663  1.227517 0.585911 1.190966
30  2.026190 1.001859 1.937675  1.227511 0.585916 1.190961
31  0.000001 -0.000001 0.000004  1.583265 0.000007 1.570794
32  0.000000 6.028147 -0.000001  -0.405974 -0.510594 -0.919753
33  -0.000001 0.000010 -0.000007  -0.000002 0.000003 1.570792
34  0.000017 6.028144 -0.000011  -0.547521 0.351753 0.443977
35  -0.000001 11.692571 -0.000001  -0.000001 -0.000005 -0.634114
36  0.000001 0.000001 -0.000002  0.000005 0.000000 1.570801
37  11.692579 0.000053 0.000038  0.000004 -0.000001 -0.634105
38  0.000001 11.481682 0.000000  0.403921 0.484204 0.741521
39  -0.000000 -0.000000 0.000002  0.000000 -0.000000 1.570789
40  11.481683 -0.000054 0.000007  0.519572 -0.355269 0.545110
41  0.137968 3.859857 1.332475  -1.465452 -1.619430 0.860062
42  0.000000 0.000001 0.000000  1.933714 0.000004 1.570794
43  3.859861 -0.137941 1.332474  0.357799 -0.048366 -0.605271
44  0.000000 1.719428 0.000001  -0.420876 0.202310 0.066145
45  0.000001 0.000001 -0.000001  1.743430 0.000000 1.570798
46  1.719431 0.000007 -0.000007  0.000190 -0.009099 -0.438598
47  0.000002 1.099661 -0.000001  1.022356 1.907817 1.050330
48  -0.000002 -0.000000 0.000001  -0.000002 0.000003 1.570799
49  1.099664 0.000002 0.000003  -0.000120 0.002600 -0.290977
50  0.046789 3.883688 0.431452  -0.028180 -1.505149 -0.643942
51  0.000001 0.000003 -0.000001  1.590082 0.000009 1.570787
52  3.883691 -0.046762 0.431450  0.084906 0.001840 -0.672063
53  0.000002 1.719577 -0.000003  -0.720101 0.051523 -0.006475
54  -0.000002 0.000000 -0.000001  1.538381 -0.000002 1.570794
55  1.719578 0.000014 -0.000016  -0.003915 0.016394 -0.719628
56  -0.000001 1.209183 -0.000002  -1.502664 1.085642 -1.507497
57  0.000003 -0.000000 0.000002  -0.000000 -0.000000 1.570805
58  1.209187 0.000001 -0.000003  -0.000816 0.002971 -0.484095
59  -0.046751 3.942328 -0.431435  -0.326455 -1.473452 -0.660443
60  -0.000000 -0.000001 0.000000  1.317660 0.000000 1.570797
61  3.942330 0.046779 -0.431438  -0.160904 0.031174 -0.985453
62  0.000000 1.539090 -0.000001  -0.255112 -0.026494 -0.056799
63  -0.000000 -0.000001 0.000002  1.337310 -0.000004 1.570800
64  1.539096 -0.000004 0.000002  -0.000026 0.003538 -0.262661
65  -0.000001 1.196323 0.000001  -1.013118 1.118324 -1.059574
66  -0.000002 0.000000 0.000000  0.000000 -0.000001 1.570800
67  1.196327 -0.000003 0.000003  0.000000 0.000003 -0.391197
68  0.142426 3.859704 -1.191967  -0.667378 -1.423716 -0.301260
69  0.000001 -0.000002 0.000000  0.976757 -0.000005 1.570807
70  3.859709 -0.142400 -1.191970  -0.478196 0.090839 -0.963362
71  -0.000000 1.312567 0.000004  -0.361360 -0.138963 -0.204711
72  -0.000000 0.000001 0.000001  1.078169 0.000003 1.570794
73  1.312573 -0.000009 0.000010  0.000004 -0.001343 -0.437237
74  -0.000001 0.729365 0.000003  -0.404445 1.030434 -0.462982
75  -0.000000 -0.000001 -0.000001  -0.000001 -0.000001 1.570794
76  0.729367 0.000004 -0.000000  0.000002 -0.000004 -0.231830
77  0.348928 0.806044 1.321260  -1.142976 -2.276484 0.650280
78  -0.000000 0.000001 0.000000  0.437032 0.000002 1.570791
79  0.806047 -0.348924 1.321260  -1.473563 -0.631193 -0.380781
80  -0.000002 1.789786 0.000002  0.105694 0.066384 0.343679
81  0.000000 0.000001 -0.000001  0.347279 0.000000 1.570806
82  1.789792 0.000017 0.000000  0.002654 0.043679 0.349581
83  0.000001 1.207000 0.000000  0.184117 0.296141 0.567993
84  -0.000001 -0.000003 -0.000001  0.000001 -0.000001 1.570797
85  1.207004 -0.000011 0.000005  -0.000004 0.000001 0.540445
86  0.000000 0.000000 1.000000  1.570796 -0.000000 0.000000
time 65
0  0.000005 3.335938 -8.640624  -1.570780 -1.391896 -1.570809
1  2.033356 1.000772 -1.937610  1.473119 1.855075 -0.198639
2  6.028144 -0.000001 0.000000  2.170814 1.518064 -0.390330
3  11.692555 0.000001 0.000003  0.000000 -0.000000 -0.306019
4  11.481699 0.000001 0.000002  -1.290505 0.005968 0.200668
5  3.859675 -0.132571 1.193108  0.432210 -0.155861 -0.861350
6  1.312554 -0.000005 0.000004  0.000000 -0.000000 -1.191973
7  0.729361 0.000005 -0.000002  -0.000000 0.000000 -1.063394
8  3.942302 0.050327 0.431044  0.232421 0.000609 -0.853331
9  1.539097 -0.000004 -0.000001  -0.000000 0.000000 -0.973379
10  1.196318 0.000009 0.000001  -0.000000 0.000000 -1.451261
11  3.883658 -0.050323 -0.431043  0.066987 0.050243 -0.694792
12  1.719580 0.000005 0.000000  0.000000 -0.000004 -1.251013
13  1.209181 0.000003 -0.000001  -0.000000 -0.000003 -1.141173
14  3.859840 -0.148936 -1.331280  -0.248855 0.263129 -0.072121
15  1.719424 0.000002 0.000000  0.000000 0.000000 -0.676756
16  1.099661 -0.000002 -0.000000  0.000000 -0.000000 -1.021286
17  0.806019 -0.359837 -1.318334  1.349685 0.343493 -0.771450
18  1.789783 0.000002 -0.000004  -0.000000 -0.000000 0.397500
19  1.207000 0.000003 -0.000002  0.000000 0.000000 0.989033
20  4.124997 -1.447266 -3.542968  -1.564198 -0.011689 -1.581440
21  3.820736 -1.409994 -0.589409  -1.564198 -0.011689 -1.581439
22  0.222809 -3.739062 1.509298  0.024887 2.851473 -1.494016
23  3.048727 6.125613 1.106842  1.596061 0.018247 -0.808184
24  3.527214 5.063568 0.216260  1.596061 0.018246 -0.808184
25  3.352949 5.114329 -0.401207  1.596061 0.018247 -0.808184
26  2.909482 4.772882 -1.012056  1.596061 0.018247 -0.808184
27  1.772479 4.476570 2.356869  1.596061 0.018247 -0.808184
28  0.000006 3.336140 -8.647861  -1.570799 -1.391898 -1.570795
29  2.033350 1.000764 1.937663  1.227517 0.585911 1.190966
30  2.026190 1.001859 1.937675  1.227511 0.585916 1.190961
31  0.000001 -0.000001 0.000004  1.583265 0.000007 1.570794
32  0.000000 6.028147 -0.000001  -0.406019 -0.510559 -0.919662
33  0.000000 0.000010 -0.000005  -0.000002 0.000003 1.570791
34  0.000017 6.028144 -0.000011  -0.547493 0.351798 0.444056
35  0.000001 11.692571 0.000000  -0.000001 -0.000005 -0.634334
36  -0.000001 0.000000 -0.000002  0.000005 0.000000 1.570801
37  11.692578 0.000054 0.000041  0.000004 -0.000001 -0.634325
38  -0.000002 11.481681 0.000001  0.404159 0.484204 0.741727
39  -0.000001 -0.000000 -0.000000  0.000000 -0.000000 1.570789
40  11.481682 -0.000054 0.000007  0.519616 -0.355476 0.545190
41  0.137968 3.859856 1.332471  -1.465452 -1.619428 0.860053
42  0.000000 -0.000000 0.000000  1.933714 0.000004 1.570794
43  3.859863 -0.137941 1.332474  0.357799 -0.048364 -0.605275
44  0.000000 1.719429 0.000001  -0.420867 0.202310 0.066145
45  -0.000000 0.000000 0.000000  1.743430 0.000000 1.570798
46  1.719436 0.000004 -0.000005  0.000189 -0.009098 -0.438590
47  -0.000000 1.099663 0.000002  1.022346 1.907811 1.050319
48  0.000001 0.000001 -0.000000  -0.000002 0.000003 1.570799
49  1.099667 -0.000003 0.000002  -0.000120 0.002600 -0.290970
50  0.046789 3.883684 0.431450  -0.028179 -1.505149 -0.643943
51  -0.000001 -0.000001 0.000001  1.590082 0.000009 1.570787
52  3.883689 -0.046762 0.431451  0.084906 0.001840 -0.672064
53  -0.000001 1.719574 0.000003  -0.720096 0.051523 -0.006475
54  0.000000 -0.000000 -0.000003  1.538381 -0.000002 1.570794
55  1.719578 0.000017 -0.000016  -0.003914 0.016394 -0.719624
56  0.000000 1.209181 -0.000002  -1.502663 1.085646 -1.507497
57  -0.000002 -0.000001 0.000001  -0.000000 -0.000000 1.570805
58  1.209184 -0.000001 -0.000002  -0.000816 0.002971 -0.484091
59  -0.046751 3.942324 -0.431438  -0.326463 -1.473453 -0.660437
60  0.000000 -0.000000 0.000001  1.317660 0.000000 1.570797
61  3.942330 0.046778 -0.431437  -0.160904 0.031174 -0.985455
62  0.000000 1.539092 0.000003  -0.255107 -0.026494 -0.056799
63  -0.000000 0.000000 0.000000  1.337310 -0.000004 1.570800
64  1.539097 0.000004 0.000003  -0.000026 0.003536 -0.262657
65  -0.000002 1.196323 0.000001  -1.013112 1.118329 -1.059568
66  -0.000001 0.000000 -0.000001  0.000000 -0.000001 1.570800
67  1.196326 -0.000003 0.000002  0.000000 0.000004 -0.391192
68  0.142426 3.859704 -1.191969  -0.667373 -1.423718 -0.301272
69  0.000000 0.000001 -0.000000  0.976757 -0.000005 1.570807
70  3.859710 -0.142400 -1.191969  -0.478196 0.090837 -0.963367
71  -0.000000 1.312564 -0.000005  -0.361353 -0.138964 -0.204711
72  0.000000 0.000000 -0.000002  1.078169 0.000003 1.570794
73  1.312567 -0.000018 0.000006  0.000004 -0.001347 -0.437231
74  -0.000000 0.729365 -0.000001  -0.404432 1.030438 -0.462968
75  0.000000 0.000000 -0.000001  -0.000001 -0.000001 1.570795
76  0.729367 0.000006 -0.000000  0.000002 -0.000004 -0.231822
77  0.348928 0.806043 1.321258  -1.142975 -2.276482 0.650279
78  0.000000 0.000000 -0.000000  0.437032 0.000002 1.570791
79  0.806049 -0.348924 1.321261  -1.473562 -0.631191 -0.380782
80  0.000000 1.789783 0.000000  0.105693 0.066384 0.343677
81  0.000001 -0.000000 -0.000001  0.347279 0.000000 1.570806
82  1.789787 0.000010 -0.000000  0.002654 0.043678 0.349579
83  0.000000 1.207000 0.000001  0.184116 0.296141 0.567990
84  -0.000000 -0.000002 0.000001  0.000001 -0.000001 1.570797
85  1.207006 -0.000011 0.000006  -0.000004 0.000001 0.540442
86  0.000000 0.000000 1.000000  1.570796 -0.000000 0.000000
time 66
0  0.000005 3.335938 -8.640624  -1.570780 -1.391896 -1.570809
1  2.033356 1.000772 -1.937610  1.473119 1.855075 -0.198639
2  6.028144 -0.000001 0.000000  2.168774 1.517924 -0.392363
3  11.692555 0.000002 0.000003  -0.000000 -0.000000 -0.306395
4  11.481700 -0.000000 0.000002  -1.290505 0.005927 0.200668
5  3.859675 -0.132571 1.193109  0.432210 -0.155861 -0.861350
6  1.312557 -0.000003 0.000000  0.000000 -0.000000 -1.191973
7  0.729361 0.000006 -0.000001  -0.000000 0.000000 -1.063394
8  3.942302 0.050327 0.431044  0.232421 0.000609 -0.853331
9  1.539097 -0.000003 0.000000  -0.000000 -0.000000 -0.973379
10  1.196318 0.000008 -0.000000  -0.000000 -0.000000 -1.451261
11  3.883660 -0.050322 -0.431042  0.066987 0.050243 -0.694792
12  1.719577 0.000005 0.000001  0.000000 -0.000004 -1.251013
13  1.209183 0.000004 0.000000  -0.000000 -0.000003 -1.141145
14  3.859840 -0.148936 -1.331280  -0.248855 0.263129 -0.072121
15  1.719421 0.000002 0.000000  0.000000 0.000000 -0.676756
16  1.099665 0.000002 -0.000000  0.000000 -0.000000 -1.021287
17  0.806020 -0.359837 -1.318334  1.349685 0.343493 -0.771450
18  1.789784 -0.000000 -0.000005  -0.000000 -0.000000 0.397500
19  1.207000 0.000003 -0.000002  0.000000 0.000000 0.989033
20  4.124996 -1.447266 -3.542967  -1.564198 -0.011689 -1.581440
21  3.820738 -1.409994 -0.589409  -1.564198 -0.011689 -1.581439
22  0.222818 -3.739059 1.509297  0.024887 2.851473 -1.494016
23  3.048727 6.125614 1.106840  1.596061 0.018247 -0.808184
24  3.527214 5.063570 0.216258  1.596061 0.018246 -0.808184
25  3.352950 5.114330 -0.401207  1.596061 0.018247 -0.808184
26  2.909482 4.772884 -1.012057  1.596061 0.018247 -0.808184
27  1.772479 4.476572 2.356867  1.596061 0.018247 -0.808184
28  0.000006 3.336140 -8.647861  -1.570799 -1.391898 -1.570795
29  2.033350 1.000764 1.937663  1.227517 0.585911 1.190966
30  2.026190 1.001859 1.937675  1.227511 0.585916 1.190961
31  0.000001 -0.000001 0.000004  1.583265 0.000007 1.570794
32  0.000000 6.028147 -0.000001  -0.406076 -0.510516 -0.919546
33  -0.000001 0.000009 -0.000007  -0.000002 0.000003 1.570792
34  0.000017 6.028144 -0.000011  -0.547459 0.351856 0.444155
35  0.000000 11.692569 -0.000000  -0.000001 -0.000005 -0.634568
36  -0.000001 0.000000 -0.000001  0.000005 0.000000 1.570801
37  11.692578 0.000054 0.000041  0.000004 -0.000001 -0.634559
38  -0.000002 11.481680 0.000001  0.404386 0.484192 0.741906
39  -0.000000 0.000001 -0.000000  0.000000 -0.000000 1.570789
40  11.481683 -0.000055 0.000007  0.519645 -0.355675 0.545253
41  0.137968 3.859861 1.332472  -1.465457 -1.619429 0.860057
42  0.000000 -0.000001 -0.000000  1.933714 0.000004 1.570794
43  3.859864 -0.137941 1.332473  0.357799 -0.048365 -0.605272
44  0.000000 1.719427 -0.000001  -0.420873 0.202310 0.066145
45  -0.000000 0.000000 0.000000  1.743430 0.000000 1.570798
46  1.719432 0.000002 -0.000007  0.000189 -0.009099 -0.438596
47  -0.000000 1.099659 -0.000005  1.022353 1.907815 1.050326
48  -0.000000 0.000001 -0.000001  -0.000002 0.000003 1.570799
49  1.099663 -0.000004 0.000003  -0.000119 0.002600 -0.290975
50  0.046788 3.883690 0.431449  -0.028183 -1.505149 -0.643941
51  -0.000000 0.000001 -0.000002  1.590082 0.000009 1.570787
52  3.883693 -0.046762 0.431448  0.084907 0.001840 -0.672064
53  -0.000001 1.719576 -0.000001  -0.720099 0.051523 -0.006475
54  -0.000000 -0.000001 0.000000  1.538382 -0.000002 1.570794
55  1.719576 0.000014 -0.000017  -0.003915 0.016394 -0.719627
56  -0.000001 1.209185 0.000003  -1.502664 1.085643 -1.507497
57  -0.000001 -0.000001 -0.000000  -0.000000 -0.000000 1.570805
58  1.209189 0.000001 -0.000003  -0.000816 0.002971 -0.484094
59  -0.046751 3.942328 -0.431436  -0.326468 -1.473452 -0.660432
60  0.000001 0.000001 -0.000003  1.317660 0.000000 1.570797
61  3.942332 0.046778 -0.431437  -0.160904 0.031175 -0.985452
62  -0.000000 1.539093 -0.000001  -0.255114 -0.026494 -0.056799
63  0.000000 0.000000 -0.000002  1.337310 -0.000004 1.570800
64  1.539098 0.000003 0.000002  -0.000026 0.003538 -0.262663
65  0.000003 1.196322 -0.000003  -1.013120 1.118323 -1.059577
66  0.000001 0.000000 -0.000000  0.000000 -0.000001 1.570800
67  1.196326 -0.000010 0.000006  0.000000 0.000003 -0.391199
68  0.142426 3.859708 -1.191969  -0.667377 -1.423717 -0.301266
69  -0.000001 -0.000000 -0.000000  0.976757 -0.000005 1.570807
70  3.859711 -0.142401 -1.191971  -0.478196 0.090838 -0.963364
71  -0.000002 1.312567 -0.000002  -0.361358 -0.138963 -0.204711
72  0.000000 0.000001 0.000001  1.078169 0.000003 1.570794
73  1.312571 -0.000015 0.000007  0.000005 -0.001345 -0.437235
74  -0.000000 0.729363 0.000003  -0.404441 1.030436 -0.462978
75  0.000001 0.000000 0.000001  -0.000001 -0.000001 1.570795
76  0.729366 0.000007 -0.000000  0.000002 -0.000004 -0.231828
77  0.348927 0.806047 1.321259  -1.142974 -2.276480 0.650279
78  -0.000001 -0.000001 0.000000  0.437032 0.000002 1.570791
79  0.806051 -0.348924 1.321260  -1.473562 -0.631189 -0.380781
80  -0.000000 1.789781 0.000003  0.105693 0.066384 0.343676
81  0.000000 0.000002 0.000000  0.347279 0.000000 1.570806
82  1.789788 0.000011 0.000001  0.002654 0.043678 0.349578
83  -0.000001 1.207003 0.000001  0.184116 0.296141 0.567989
84  -0.000000 -0.000002 0.000001  0.000001 -0.000001 1.570797
85  1.207005 -0.000008 0.000003  -0.000004 0.000002 0.540440
86  0.000000 0.000000 1.000000  1.570796 -0.000000 0.000000
time 67
0  0.000005 3.335938 -8.640624  -1.570780 -1.391896 -1.570809
1  2.033356 1.000772 -1.937610  1.473119 1.855075 -0.198639
2  6.028144 -0.000001 0.000000  2.166611 1.517737 -0.394516
3  11.692554 0.000001 0.000002  0.000000 -0.000000 -0.306808
4  11.481699 0.000000 0.000002  -1.290524 0.005866 0.200668
5  3.859676 -0.132571 1.193109  0.432210 -0.155861 -0.861350
6  1.312558 -0.000006 0.000001  0.000000 -0.000000 -1.191973
7  0.729362 0.000005 -0.000002  -0.000000 0.000000 -1.063394
8  3.942303 0.050327 0.431044  0.232421 0.000609 -0.853331
9  1.539101 -0.000002 -0.000000  -0.000000 0.000000 -0.973379
10  1.196319 0.000008 0.000001  -0.000000 0.000000 -1.451261
11  3.883660 -0.050323 -0.431042  0.066987 0.050243 -0.694792
12  1.719575 0.000005 -0.000000  0.000000 -0.000004 -1.251013
13  1.209182 0.000006 0.000000  -0.000000 -0.000003 -1.141145
14  3.859840 -0.148936 -1.331280  -0.248855 0.263129 -0.072121
15  1.719422 0.000002 -0.000001  0.000000 0.000000 -0.676756
16  1.099663 0.000002 0.000000  0.000000 -0.000000 -1.021287
17  0.806020 -0.359838 -1.318333  1.349685 0.343493 -0.771450
18  1.789782 -0.000001 -0.000004  -0.000000 -0.000000 0.397500
19  1.207001 0.000003 -0.000001  0.000000 0.000000 0.989033
20  4.124999 -1.447266 -3.542968  -1.564198 -0.011689 -1.581440
21  3.820739 -1.409994 -0.589408  -1.564198 -0.011689 -1.581439
22  0.222821 -3.739060 1.509297  0.024887 2.851473 -1.494016
23  3.048726 6.125614 1.106840  1.596061 0.018247 -0.808184
24  3.527213 5.063571 0.216259  1.596061 0.018246 -0.808184
25  3.352949 5.114328 -0.401207  1.596061 0.018247 -0.808184
26  2.909481 4.772885 -1.012057  1.596061 0.018247 -0.808184
27  1.772479 4.476573 2.356867  1.596061 0.018247 -0.808184
28  0.000006 3.336140 -8.647861  -1.570799 -1.391898 -1.570795
29  2.033350 1.000764 1.937663  1.227517 0.585911 1.190966
30  2.026190 1.001859 1.937675  1.227511 0.585916 1.190961
31  0.000001 -0.000001 0.000004  1.583265 0.000007 1.570794
32  0.000000 6.028147 -0.000001  -0.406159 -0.510503 -0.919463
33  -0.000000 0.000010 -0.000006  -0.000002 0.000003 1.570792
34  0.000017 6.028144 -0.000011  -0.547461 0.351929 0.444198
35  -0.000000 11.692571 0.000000  -0.000001 -0.000005 -0.634727
36  -0.000002 0.000001 -0.000002  0.000005 0.000000 1.570801
37  11.692577 0.000051 0.000037  0.000004 -0.000001 -0.634718
38  -0.000002 11.481683 0.000000  0.404652 0.484169 0.742060
39  -0.000000 0.000000 -0.000001  0.000000 -0.000000 1.570789
40  11.481683 -0.000054 0.000008  0.519671 -0.355910 0.545274
41  0.137968 3.859858 1.332473  -1.465456 -1.619429 0.860059
42  -0.000001 0.000000 -0.000001  1.933714 0.000004 1.570794
43  3.859860 -0.137941 1.332474  0.357799 -0.048365 -0.605273
44  -0.000001 1.719428 -0.000001  -0.420871 0.202310 0.066145
45  -0.000001 0.000000 -0.000000  1.743430 0.000000 1.570798
46  1.719433 0.000006 -0.000007  0.000189 -0.009099 -0.438594
47  -0.000001 1.099662 0.000001  1.022351 1.907814 1.050323
48  0.000000 0.000001 0.000001  -0.000002 0.000003 1.570799
49  1.099666 0.000003 0.000003  -0.000119 0.002600 -0.290973
50  0.046788 3.883684 0.431449  -0.028170 -1.505149 -0.643955
51  -0.000000 0.000000 -0.000001  1.590082 0.000009 1.570787
52  3.883685 -0.046761 0.431449  0.084907 0.001839 -0.672063
53  0.000001 1.719576 -0.000003  -0.720099 0.051523 -0.006475
54  0.000000 -0.000001 0.000001  1.538382 -0.000002 1.570794
55  1.719577 0.000015 -0.000016  -0.003915 0.016394 -0.719626
56  0.000000 1.209182 0.000001  -1.502663 1.085643 -1.507497
57  -0.000000 0.000000 -0.000000  -0.000000 -0.000000 1.570805
58  1.209187 -0.000002 -0.000003  -0.000816 0.002971 -0.484094
59  -0.046751 3.942326 -0.431437  -0.326465 -1.473452 -0.660433
60  -0.000001 -0.000001 0.000002  1.317660 0.000000 1.570797
61  3.942326 0.046779 -0.431437  -0.160904 0.031175 -0.985451
62  -0.000000 1.539093 0.000005  -0.255114 -0.026494 -0.056799
63  -0.000000 0.000000 0.000003  1.337310 -0.000004 1.570800
64  1.539100 0.000004 0.000002  -0.000026 0.003538 -0.262663
65  -0.000001 1.196325 0.000006  -1.013120 1.118322 -1.059577
66  -0.000002 0.000000 0.000000  0.000000 -0.000001 1.570800
67  1.196328 -0.000002 0.000003  0.000001 0.000004 -0.391199
68  0.142426 3.859705 -1.191969  -0.667381 -1.423716 -0.301260
69  0.000000 -0.000001 -0.000001  0.976757 -0.000005 1.570807
70  3.859706 -0.142400 -1.191971  -0.478196 0.090839 -0.963362
71  -0.000001 1.312565 -0.000003  -0.361360 -0.138963 -0.204711
72  0.000001 0.000000 0.000002  1.078169 0.000003 1.570794
73  1.312571 -0.000017 0.000008  0.000005 -0.001343 -0.437236
74  -0.000000 0.729363 -0.000002  -0.404444 1.030434 -0.462981
75  -0.000002 -0.000000 -0.000000  -0.000001 -0.000001 1.570794
76  0.729367 -0.000001 -0.000003  0.000002 -0.000004 -0.231830
77  0.348927 0.806040 1.321259  -1.142977 -2.276484 0.650280
78  -0.000000 0.000002 0.000000  0.437032 0.000002 1.570791
79  0.806044 -0.348924 1.321260  -1.473563 -0.631194 -0.380781
80  -0.000000 1.789786 0.000000  0.105694 0.066384 0.343680
81  -0.000000 0.000001 -0.000000  0.347279 0.000000 1.570806
82  1.789787 0.000008 -0.000001  0.002654 0.043679 0.349581
83  -0.000000 1.207000 -0.000002  0.184117 0.296140 0.567994
84  0.000000 0.000003 0.000000  0.000001 -0.000001 1.570797
85  1.207003 -0.000011 0.000003  -0.000003 0.000001 0.540446
86  0.000000 0.000000 1.000000  1.570796 -0.000000 0.000000
time 68
0  0.000005 3.335938 -8.640624  -1.570780 -1.391896 -1.570809
1  2.033356 1.000772 -1.937610  1.473119 1.855075 -0.198639
2  6.028144 -0.000001 0.000000  2.164386 1.517550 -0.396743
3  11.692555 0.000002 0.000003  0.000000 -0.000000 -0.307222
4  11.481700 0.000000 0.000001  -1.290524 0.005824 0.200668
5  3.859677 -0.132572 1.193109  0.432210 -0.155861 -0.861350
6  1.312555 -0.000005 0.000002  0.000000 -0.000000 -1.191973
7  0.729364 0.000005 -0.000002  -0.000000 -0.000000 -1.063394
8  3.942304 0.050326 0.431043  0.232421 0.000609 -0.853331
9  1.539100 -0.000002 -0.000000  -0.000000 0.000000 -0.973379
10  1.196318 0.000005 0.000000  -0.000000 -0.000000 -1.451261
11  3.883660 -0.050323 -0.431043  0.066987 0.050243 -0.694792
12  1.719580 0.000003 0.000000  0.000000 -0.000004 -1.251013
13  1.209182 0.000005 0.000000  -0.000000 -0.000003 -1.141173
14  3.859841 -0.148937 -1.331280  -0.248855 0.263129 -0.072121
15  1.719422 0.000002 0.000001  0.000000 0.000000 -0.676756
16  1.099663 0.000003 -0.000002  0.000000 -0.000000 -1.021286
17  0.806020 -0.359838 -1.318334  1.349685 0.343493 -0.771450
18  1.789784 0.000003 -0.000002  -0.000000 -0.000000 0.397500
19  1.207000 0.000003 -0.000001  0.000000 0.000000 0.989033
20  4.125000 -1.447267 -3.542969  -1.564198 -0.011689 -1.581440
21  3.820737 -1.409995 -0.589409  -1.564198 -0.011689 -1.581439
22  0.222824 -3.739063 1.509296  0.024887 2.851473 -1.494016
23  3.048727 6.125607 1.106841  1.596061 0.018247 -0.808184
24  3.527214 5.063566 0.216259  1.596061 0.018246 -0.808184
25  3.352950 5.114325 -0.401207  1.596061 0.018247 -0.808184
26  2.909482 4.772879 -1.012056  1.596061 0.018247 -0.808184
27  1.772478 4.476567 2.356868  1.596061 0.018247 -0.808184
28  0.000006 3.336140 -8.647861  -1.570799 -1.391898 -1.570795
29  2.033350 1.000764 1.937663  1.227517 0.585911 1.190966
30  2.026190 1.001859 1.937675  1.227511 0.585916 1.190961
31  0.000001 -0.000001 0.000004  1.583265 0.000007 1.570794
32  0.000000 6.028147 -0.000001  -0.406235 -0.510488 -0.919381
33  -0.000001 0.000010 -0.000006  -0.000002 0.000003 1.570791
34  0.000017 6.028144 -0.000011  -0.547460 0.351997 0.444243
35  0.000000 11.692571 -0.000000  -0.000001 -0.000005 -0.634881
36  0.000000 0.000002 -0.000002  0.000005 0.000000 1.570801
37  11.692578 0.000055 0.000041  0.000004 -0.000001 -0.634872
38  -0.000000 11.481683 -0.000000  0.404906 0.484178 0.742203
39  -0.000000 -0.000001 -0.000000  0.000000 -0.000000 1.570789
40  11.481684 -0.000053 0.000009  0.519726 -0.356129 0.545280
41  0.137968 3.859859 1.332473  -1.465449 -1.619429 0.860057
42  0.000000 -0.000002 0.000001  1.933714 0.000004 1.570794
43  3.859863 -0.137941 1.332475  0.357799 -0.048365 -0.605271
44  -0.000000 1.719427 0.000001  -0.420875 0.202310 0.066145
45  0.000000 0.000000 0.000002  1.743430 0.000000 1.570798
46  1.719432 0.000002 -0.000006  0.000190 -0.009099 -0.438598
47  0.000000 1.099664 0.000003  1.022356 1.907817 1.050329
48  -0.000002 0.000000 -0.000001  -0.000002 0.000003 1.570799
49  1.099665 0.000002 0.000001  -0.000120 0.002599 -0.290977
50  0.046788 3.883684 0.431450  -0.028175 -1.505149 -0.643944
51  0.000001 0.000002 -0.000000  1.590082 0.000009 1.570787
52  3.883687 -0.046762 0.431450  0.084906 0.001839 -0.672063
53  -0.000001 1.719578 0.000001  -0.720100 0.051523 -0.006475
54  -0.000001 -0.000001 -0.000001  1.538381 -0.000002 1.570794
55  1.719580 0.000018 -0.000018  -0.003915 0.016394 -0.719627
56  0.000000 1.209184 -0.000000  -1.502663 1.085643 -1.507497
57  -0.000002 -0.000002 -0.000001  -0.000000 -0.000000 1.570805
58  1.209188 -0.000003 -0.000003  -0.000817 0.002971 -0.484094
59  -0.046750 3.942326 -0.431436  -0.326468 -1.473452 -0.660428
60  0.000000 -0.000000 -0.000001  1.317660 0.000000 1.570797
61  3.942328 0.046778 -0.431436  -0.160904 0.031175 -0.985452
62  0.000000 1.539090 -0.000001  -0.255112 -0.026494 -0.056799
63  -0.000000 0.000000 0.000001  1.337310 -0.000004 1.570800
64  1.539093 -0.000001 0.000001  -0.000026 0.003537 -0.262661
65  -0.000001 1.196325 0.000000  -1.013118 1.118324 -1.059575
66  0.000001 0.000000 0.000000  0.000000 -0.000001 1.570800
67  1.196328 -0.000006 0.000004  0.000000 0.000003 -0.391198
68  0.142426 3.859704 -1.191968  -0.667378 -1.423717 -0.301262
69  0.000000 -0.000003 -0.000001  0.976757 -0.000005 1.570807
70  3.859709 -0.142400 -1.191969  -0.478196 0.090838 -0.963363
71  -0.000001 1.312562 -0.000000  -0.361358 -0.138963 -0.204711
72  0.000001 0.000000 -0.000001  1.078169 0.000003 1.570794
73  1.312570 -0.000011 0.000009  0.000004 -0.001344 -0.437236
74  0.000002 0.729363 0.000000  -0.404442 1.030435 -0.462978
75  0.000001 0.000000 -0.000001  -0.000001 -0.000001 1.570794
76  0.729366 -0.000001 0.000002  0.000001 -0.000004 -0.231828
77  0.348928 0.806041 1.321259  -1.142976 -2.276484 0.650280
78  0.000000 0.000002 -0.000002  0.437031 0.000002 1.570791
79  0.806045 -0.348924 1.321261  -1.473563 -0.631193 -0.380781
80  0.000003 1.789784 -0.000005  0.105693 0.066384 0.343679
81  -0.000000 0.000003 -0.000002  0.347279 0.000000 1.570806
82  1.789789 0.000007 -0.000005  0.002654 0.043679 0.349581
83  -0.000001 1.207003 -0.000000  0.184117 0.296141 0.567994
84  -0.000000 -0.000001 0.000000  0.000001 -0.000001 1.570797
85  1.207005 -0.000011 0.000007  -0.000004 0.000001 0.540445
86  0.000000 0.000000 1.000000  1.570796 -0.000000 0.000000
time 69
0  0.000005 3.335938 -8.640624  -1.570780 -1.391896 -1.570809
1  2.033356 1.000772 -1.937610  1.473119 1.855075 -0.198639
2  6.028144 -0.000001 0.000000  2.162161 1.517409 -0.398993
3  11.692555 0.000001 0.000003  0.000000 -0.000000 -0.307673
4  11.481697 0.000001 0.000002  -1.290524 0.005804 0.200668
5  3.859679 -0.132571 1.193108  0.432210 -0.155861 -0.861350
6  1.312555 -0.000004 0.000002  0.000000 -0.000000 -1.191973
7  0.729362 0.000002 -0.000002  -0.000000 0.000000 -1.063394
8  3.942305 0.050327 0.431043  0.232421 0.000609 -0.853331
9  1.539099 -0.000003 -0.000002  -0.000000 -0.000000 -0.973379
10  1.196320 0.000008 0.000001  -0.000000 -0.000000 -1.451261
11  3.883659 -0.050322 -0.431043  0.066987 0.050243 -0.694792
12  1.719577 0.000002 -0.000000  0.000000 -0.000004 -1.251013
13  1.209185 0.000002 -0.000000  -0.000000 -0.000003 -1.141145
14  3.859841 -0.148936 -1.331280  -0.248855 0.263129 -0.072121
15  1.719422 0.000002 0.000001  0.000000 0.000000 -0.676756
16  1.099667 0.000002 -0.000000  0.000000 -0.000000 -1.021286
17  0.806022 -0.359837 -1.318335  1.349685 0.343493 -0.771450
18  1.789786 0.000001 -0.000005  -0.000000 -0.000000 0.397500
19  1.207000 0.000003 -0.000004  0.000000 0.000000 0.989033
20  4.125000 -1.447266 -3.542969  -1.564198 -0.011689 -1.581440
21  3.820738 -1.409994 -0.589409  -1.564198 -0.011689 -1.581439
22  0.222813 -3.739062 1.509296  0.024887 2.851473 -1.494016
23  3.048727 6.125610 1.106841  1.596061 0.018247 -0.808184
24  3.527215 5.063566 0.216260  1.596061 0.018246 -0.808184
25  3.352950 5.114328 -0.401206  1.596061 0.018247 -0.808184
26  2.909482 4.772879 -1.012056  1.596061 0.018247 -0.808184
27  1.772479 4.476570 2.356868  1.596061 0.018247 -0.808184
28  0.000006 3.336140 -8.647861  -1.570799 -1.391898 -1.570795
29  2.033350 1.000764 1.937663  1.227517 0.585911 1.190966
30  2.026190 1.001859 1.937675  1.227511 0.585916 1.190961
31  0.000001 -0.000001 0.000004  1.583265 0.000007 1.570794
32  0.000000 6.028147 -0.000001  -0.406264 -0.510421 -0.919246
33  -0.000001 0.000009 -0.000006  -0.000002 0.000003 1.570791
34  0.000017 6.028144 -0.000011  -0.547395 0.352035 0.444386
35  -0.000000 11.692570 0.000000  -0.000001 -0.000005 -0.635200
36  -0.000000 0.000000 -0.000002  0.000005 0.000000 1.570801
37  11.692579 0.000054 0.000041  0.000004 -0.000001 -0.635191
38  0.000001 11.481679 -0.000001  0.405153 0.484194 0.742423
39  -0.000001 -0.000002 0.000001  0.000000 -0.000000 1.570789
40  11.481682 -0.000053 0.000009  0.519789 -0.356341 0.545363
41  0.137968 3.859856 1.332473  -1.465452 -1.619430 0.860060
42  0.000001 0.000001 -0.000001  1.933714 0.000004 1.570794
43  3.859862 -0.137941 1.332474  0.357799 -0.048366 -0.605272
44  0.000001 1.719426 -0.000002  -0.420875 0.202310 0.066145
45  0.000001 -0.000000 0.000001  1.743430 0.000000 1.570799
46  1.719432 0.000005 -0.000004  0.000190 -0.009099 -0.438598
47  0.000001 1.099662 -0.000000  1.022355 1.907817 1.050329
48  0.000001 0.000000 0.000001  -0.000002 0.000003 1.570799
49  1.099665 -0.000003 0.000003  -0.000119 0.002600 -0.290976
50  0.046789 3.883683 0.431450  -0.028160 -1.505149 -0.643961
51  -0.000001 0.000001 0.000000  1.590082 0.000009 1.570787
52  3.883688 -0.046762 0.431451  0.084906 0.001838 -0.672064
53  -0.000001 1.719574 0.000001  -0.720100 0.051523 -0.006475
54  -0.000003 0.000000 -0.000001  1.538382 -0.000002 1.570794
55  1.719579 0.000017 -0.000017  -0.003915 0.016394 -0.719627
56  -0.000003 1.209182 -0.000002  -1.502664 1.085643 -1.507497
57  0.000003 0.000000 0.000000  -0.000000 -0.000000 1.570805
58  1.209185 -0.000001 -0.000005  -0.000816 0.002971 -0.484094
59  -0.046751 3.942323 -0.431436  -0.326454 -1.473453 -0.660443
60  -0.000000 0.000001 -0.000002  1.317660 0.000000 1.570797
61  3.942327 0.046778 -0.431436  -0.160904 0.031173 -0.985453
62  0.000000 1.539092 -0.000003  -0.255111 -0.026494 -0.056799
63  0.000001 0.000001 0.000001  1.337310 -0.000004 1.570800
64  1.539095 -0.000003 0.000002  -0.000026 0.003537 -0.262661
65  0.000002 1.196323 -0.000002  -1.013117 1.118325 -1.059573
66  0.000002 -0.000001 0.000001  0.000000 -0.000001 1.570800
67  1.196326 -0.000011 0.000003  0.000001 0.000003 -0.391196
68  0.142426 3.859703 -1.191968  -0.667377 -1.423717 -0.301265
69  -0.000001 0.000002 -0.000002  0.976757 -0.000005 1.570807
70  3.859708 -0.142400 -1.191970  -0.478196 0.090838 -0.963365
71  -0.000000 1.312569 -0.000000  -0.361359 -0.138963 -0.204711
72  -0.000000 -0.000001 -0.000001  1.078169 0.000003 1.570794
73  1.312572 -0.000012 0.000009  0.000005 -0.001344 -0.437236
74  -0.000001 0.729361 -0.000001  -0.404441 1.030435 -0.462978
75  0.000001 -0.000000 0.000001  -0.000001 -0.000001 1.570795
76  0.729365 0.000004 -0.000000  0.000002 -0.000004 -0.231828
77  0.348928 0.806039 1.321259  -1.142975 -2.276482 0.650279
78  0.000000 0.000001 0.000001  0.437032 0.000002 1.570791
79  0.806045 -0.348924 1.321260  -1.473563 -0.631191 -0.380781
80  -0.000000 1.789784 0.000001  0.105693 0.066384 0.343677
81  -0.000000 0.000000 0.000002  0.347279 0.000000 1.570806
82  1.789789 0.000011 -0.000000  0.002654 0.043678 0.349578
83  -0.000000 1.207000 0.000002  0.184116 0.296141 0.567990
84  -0.000000 0.000002 -0.000000  0.000001 -0.000001 1.570797
85  1.207002 -0.000011 0.000005  -0.000004 0.000001 0.540442
86  0.000000 0.000000 1.000000  1.570796 -0.000000 0.000000
time 70
0  0.000005 3.335938 -8.640624  -1.570780 -1.391896 -1.570809
1  2.033356 1.000772 -1.937610  1.473119 1.855075 -0.198639
2  6.028144 -0.000001 0.000000  2.159998 1.517223 -0.401147
3  11.692555 0.000001 0.000003  -0.000000 -0.000000 -0.308086
4  11.481699 -0.000000 0.000002  -1.290542 0.005763 0.200668
5  3.859677 -0.132572 1.193108  0.432210 -0.155861 -0.861350
6  1.312556 -0.000005 0.000002  0.000000 -0.000000 -1.191973
7  0.729363 0.000007 -0.000003  -0.000000 -0.000000 -1.063394
8  3.942305 0.050326 0.431044  0.232421 0.000609 -0.853331
9  1.539097 -0.000000 -0.000001  -0.000000 -0.000000 -0.973379
10  1.196320 0.000007 0.000001  -0.000000 0.000000 -1.451261
11  3.883659 -0.050323 -0.431042  0.066987 0.050243 -0.694792
12  1.719577 0.000005 0.000000  0.000000 -0.000004 -1.251013
13  1.209182 0.000002 0.000000  -0.000000 -0.000003 -1.141145
14  3.859840 -0.148936 -1.331280  -0.248855 0.263129 -0.072121
15  1.719421 0.000003 0.000001  0.000000 0.000000 -0.676756
16  1.099665 0.000001 -0.000001  0.000000 -0.000000 -1.021287
17  0.806021 -0.359838 -1.318334  1.349685 0.343493 -0.771450
18  1.789786 0.000001 -0.000002  -0.000000 -0.000000 0.397500
19  1.207000 0.000003 -0.000002  0.000000 0.000000 0.989033
20  4.124999 -1.447266 -3.542968  -1.564198 -0.011689 -1.581440
21  3.820739 -1.409994 -0.589409  -1.564198 -0.011689 -1.581439
22  0.222825 -3.739062 1.509297  0.024887 2.851473 -1.494016
23  3.048727 6.125610 1.106840  1.596061 0.018247 -0.808184
24  3.527215 5.063567 0.216259  1.596061 0.018246 -0.808184
25  3.352950 5.114329 -0.401207  1.596061 0.018247 -0.808184
26  2.909482 4.772881 -1.012057  1.596061 0.018247 -0.808184
27  1.772479 4.476570 2.356867  1.596061 0.018247 -0.808184
28  0.000006 3.336140 -8.647861  -1.570799 -1.391898 -1.570795
29  2.033350 1.000764 1.937663  1.227517 0.585911 1.190966
30  2.026190 1.001859 1.937675  1.227511 0.585916 1.190961
31  0.000001 -0.000001 0.000004  1.583265 0.000007 1.570794
32  0.000000 6.028147 -0.000001  -0.406341 -0.510407 -0.919166
33  -0.000000 0.000010 -0.000006  -0.000002 0.000003 1.570791
34  0.000017 6.028144 -0.000011  -0.547396 0.352104 0.444428
35  0.000000 11.692570 -0.000001  -0.000001 -0.000005 -0.635347
36  -0.000001 0.000001 -0.000000  0.000005 0.000000 1.570801
37  11.692577 0.000052 0.000040  0.000004 -0.000001 -0.635339
38  -0.000002 11.481683 0.000002  0.405408 0.484179 0.742549
39  -0.000001 -0.000000 0.000001  0.000000 -0.000000 1.570789
40  11.481682 -0.000053 0.000009  0.519820 -0.356564 0.545360
41  0.137968 3.859858 1.332475  -1.465448 -1.619429 0.860054
42  0.000000 0.000001 -0.000001  1.933714 0.000004 1.570794
43  3.859863 -0.137941 1.332474  0.357798 -0.048365 -0.605271
44  0.000000 1.719428 -0.000002  -0.420873 0.202310 0.066145
45  0.000000 -0.000001 -0.000001  1.743430 0.000000 1.570798
46  1.719432 0.000003 -0.000005  0.000189 -0.009099 -0.438596
47  -0.000000 1.099661 -0.000002  1.022353 1.907815 1.050326
48  -0.000001 -0.000000 -0.000000  -0.000002 0.000003 1.570799
49  1.099665 0.000000 0.000002  -0.000119 0.002600 -0.290975
50  0.046789 3.883689 0.431452  -0.028169 -1.505149 -0.643948
51  0.000000 -0.000001 -0.000000  1.590082 0.000009 1.570787
52  3.883694 -0.046761 0.431449  0.084906 0.001839 -0.672063
53  -0.000000 1.719575 0.000000  -0.720099 0.051524 -0.006475
54  0.000000 0.000001 0.000002  1.538381 -0.000002 1.570794
55  1.719580 0.000016 -0.000018  -0.003915 0.016394 -0.719627
56  -0.000001 1.209185 0.000003  -1.502664 1.085643 -1.507496
57  0.000002 0.000000 0.000001  -0.000000 -0.000000 1.570805
58  1.209187 -0.000004 -0.000004  -0.000817 0.002971 -0.484094
59  -0.046751 3.942330 -0.431435  -0.326467 -1.473452 -0.660426
60  0.000000 0.000001 -0.000001  1.317660 0.000000 1.570797
61  3.942334 0.046779 -0.431438  -0.160904 0.031175 -0.985450
62  0.000001 1.539092 0.000000  -0.255114 -0.026494 -0.056799
63  0.000002 0.000001 -0.000000  1.337310 -0.000004 1.570800
64  1.539096 0.000000 0.000002  -0.000027 0.003538 -0.262664
65  0.000002 1.196324 -0.000001  -1.013121 1.118322 -1.059578
66  -0.000000 0.000001 -0.000000  0.000000 -0.000001 1.570800
67  1.196327 -0.000007 0.000004  0.000001 0.000004 -0.391200
68  0.142426 3.859704 -1.191967  -0.667374 -1.423717 -0.301265
69  -0.000000 -0.000001 0.000001  0.976757 -0.000005 1.570807
70  3.859710 -0.142400 -1.191970  -0.478196 0.090838 -0.963363
71  0.000000 1.312564 0.000002  -0.361360 -0.138963 -0.204711
72  -0.000001 0.000000 0.000002  1.078169 0.000003 1.570794
73  1.312571 -0.000010 0.000010  0.000005 -0.001343 -0.437237
74  -0.000002 0.729364 0.000001  -0.404444 1.030435 -0.462982
75  -0.000002 -0.000000 -0.000000  -0.000001 -0.000001 1.570795
76  0.729366 0.000002 -0.000000  0.000002 -0.000004 -0.231830
77  0.348928 0.806043 1.321260  -1.142975 -2.276483 0.650279
78  -0.000000 0.000001 0.000000  0.437032 0.000002 1.570791
79  0.806049 -0.348924 1.321259  -1.473563 -0.631192 -0.380781
80  0.000002 1.789784 -0.000002  0.105693 0.066384 0.343678
81  -0.000000 -0.000001 0.000000  0.347279 0.000000 1.570806
82  1.789789 0.000009 -0.000003  0.002653 0.043679 0.349580
83  -0.000000 1.206996 -0.000001  0.184117 0.296141 0.567992
84  0.000000 -0.000001 0.000000  0.000001 -0.000001 1.570797
85  1.207003 -0.000011 0.000002  -0.000004 0.000001 0.540443
86  0.000000 0.000000 1.000000  1.570796 -0.000000 0.000000
time 71
0  0.000005 3.335938 -8.640624  -1.570780 -1.391896 -1.570809
1  2.033356 1.000772 -1.937610  1.473119 1.855075 -0.198639
2  6.028144 -0.000001 0.000000  2.157359 1.516989 -0.403785
3  11.692554 0.000002 0.000002  0.000000 -0.000000 -0.308613
4  11.481698 -0.000000 0.000002  -1.290542 0.005742 0.200668
5  3.859679 -0.132571 1.193109  0.432210 -0.155861 -0.861350
6  1.312554 -0.000005 0.000003  0.000000 -0.000000 -1.191973
7  0.729362 0.000002 -0.000002  -0.000000 0.000000 -1.063394
8  3.942306 0.050327 0.431044  0.232421 0.000609 -0.853331
9  1.539097 -0.000003 0.000000  -0.000000 0.000000 -0.973379
10  1.196320 0.000007 0.000001  -0.000000 0.000000 -1.451261
11  3.883662 -0.050322 -0.431042  0.066987 0.050243 -0.694792
12  1.719578 0.000004 -0.000000  0.000000 -0.000004 -1.251013
13  1.209183 0.000003 0.000001  -0.000000 -0.000003 -1.141173
14  3.859843 -0.148936 -1.331280  -0.248855 0.263129 -0.072121
15  1.719419 0.000003 -0.000000  0.000000 0.000000 -0.676756
16  1.099665 0.000000 0.000001  0.000000 -0.000000 -1.021287
17  0.806023 -0.359837 -1.318334  1.349685 0.343493 -0.771450
18  1.789782 0.000001 -0.000001  -0.000000 -0.000000 0.397500
19  1.206998 0.000004 -0.000000  0.000000 0.000000 0.989033
20  4.125000 -1.447266 -3.542968  -1.564198 -0.011689 -1.581440
21  3.820740 -1.409994 -0.589408  -1.564198 -0.011689 -1.581439
22  0.222811 -3.739062 1.509297  0.024887 2.851473 -1.494016
23  3.048726 6.125614 1.106841  1.596061 0.018247 -0.808184
24  3.527213 5.063570 0.216259  1.596061 0.018246 -0.808184
25  3.352950 5.114331 -0.401207  1.596061 0.018247 -0.808184
26  2.909482 4.772886 -1.012056  1.596061 0.018247 -0.808184
27  1.772479 4.476573 2.356867  1.596061 0.018247 -0.808184
28  0.000006 3.336140 -8.647861  -1.570799 -1.391898 -1.570795
29  2.033350 1.000764 1.937663  1.227517 0.585911 1.190966
30  2.026190 1.001859 1.937675  1.227511 0.585916 1.190961
31  0.000001 -0.000001 0.000004  1.583265 0.000007 1.570794
32  0.000000 6.028147 -0.000001  -0.406418 -0.510393 -0.919085
33  -0.000000 0.000009 -0.000006  -0.000002 0.000003 1.570791
34  0.000017 6.028144 -0.000011  -0.547396 0.352173 0.444472
35  -0.000000 11.692572 -0.000000  -0.000001 -0.000005 -0.635516
36  -0.000001 -0.000000 -0.000001  0.000005 0.000000 1.570801
37  11.692579 0.000055 0.000039  0.000004 -0.000001 -0.635507
38  -0.000001 11.481679 -0.000000  0.405711 0.484200 0.742681
39  -0.000001 0.000001 0.000001  0.000000 -0.000000 1.570789
40  11.481685 -0.000052 0.000009  0.519899 -0.356823 0.545323
41  0.137967 3.859859 1.332476  -1.465446 -1.619430 0.860063
42  0.000000 0.000003 0.000000  1.933714 0.000004 1.570794
43  3.859861 -0.137941 1.332475  0.357798 -0.048366 -0.605269
44  0.000000 1.719431 0.000001  -0.420879 0.202310 0.066145
45  0.000001 0.000000 -0.000002  1.743430 0.000000 1.570798
46  1.719433 0.000007 -0.000007  0.000189 -0.009100 -0.438602
47  0.000002 1.099663 -0.000003  1.022360 1.907819 1.050333
48  0.000001 0.000001 -0.000000  -0.000002 0.000003 1.570799
49  1.099665 -0.000003 0.000001  -0.000119 0.002600 -0.290980
50  0.046788 3.883688 0.431453  -0.028164 -1.505149 -0.643953
51  0.000001 -0.000001 -0.000002  1.590082 0.000009 1.570787
52  3.883689 -0.046762 0.431451  0.084906 0.001839 -0.672064
53  -0.000000 1.719576 0.000000  -0.720102 0.051523 -0.006475
54  -0.000001 0.000000 0.000001  1.538381 -0.000002 1.570794
55  1.719581 0.000019 -0.000018  -0.003915 0.016394 -0.719629
56  -0.000002 1.209183 0.000001  -1.502663 1.085641 -1.507497
57  -0.000001 -0.000001 -0.000000  -0.000000 -0.000000 1.570805
58  1.209186 -0.000000 -0.000005  -0.000817 0.002971 -0.484096
59  -0.046751 3.942329 -0.431434  -0.326465 -1.473452 -0.660428
60  -0.000002 -0.000000 -0.000001  1.317660 0.000000 1.570797
61  3.942329 0.046779 -0.431437  -0.160904 0.031175 -0.985452
62  -0.000001 1.539089 0.000002  -0.255113 -0.026494 -0.056799
63  0.000001 -0.000001 -0.000001  1.337310 -0.000004 1.570800
64  1.539095 0.000003 0.000003  -0.000026 0.003538 -0.262663
65  0.000001 1.196321 0.000000  -1.013119 1.118323 -1.059576
66  0.000003 -0.000000 -0.000001  0.000000 -0.000001 1.570800
67  1.196325 -0.000005 0.000003  0.000001 0.000004 -0.391198
68  0.142426 3.859707 -1.191965  -0.667376 -1.423717 -0.301265
69  -0.000001 -0.000002 -0.000000  0.976757 -0.000005 1.570807
70  3.859709 -0.142400 -1.191968  -0.478196 0.090838 -0.963363
71  -0.000001 1.312564 -0.000002  -0.361359 -0.138963 -0.204711
72  0.000001 0.000000 0.000000  1.078169 0.000003 1.570794
73  1.312571 -0.000018 0.000007  0.000004 -0.001344 -0.437237
74  0.000001 0.729365 0.000003  -0.404443 1.030435 -0.462980
75  -0.000002 -0.000000 -0.000001  -0.000001 -0.000001 1.570795
76  0.729367 0.000008 0.000001  0.000002 -0.000005 -0.231829
77  0.348927 0.806042 1.321261  -1.142977 -2.276485 0.650280
78  -0.000002 0.000001 -0.000001  0.437032 0.000002 1.570790
79  0.806044 -0.348924 1.321261  -1.473564 -0.631195 -0.380781
80  -0.000002 1.789784 -0.000001  0.105694 0.066384 0.343680
81  0.000000 0.000001 0.000002  0.347279 0.000000 1.570806
82  1.789790 0.000010 0.000000  0.002654 0.043679 0.349582
83  0.000001 1.206999 0.000001  0.184118 0.296140 0.567996
84  0.000000 -0.000000 0.000000  0.000001 -0.000001 1.570797
85  1.207003 -0.000011 0.000004  -0.000004 0.000001 0.540447
86  0.000000 0.000000 1.000000  1.570796 -0.000000 0.000000
time 72
0  0.000005 3.335938 -8.640624  -1.570780 -1.391896 -1.570809
1  2.033356 1.000772 -1.937610  1.473119 1.855075 -0.198639
2  6.028144 -0.000001 0.000000  2.153302 1.516662 -0.407850
3  11.692554 0.000002 0.000003  0.000000 -0.000000 -0.309402
4  11.481702 -0.000001 0.000002  -1.290542 0.005722 0.200668
5  3.859679 -0.132572 1.193108  0.432210 -0.155861 -0.861350
6  1.312554 -0.000004 0.000003  0.000000 -0.000000 -1.191973
7  0.729362 0.000004 -0.000004  -0.000000 -0.000000 -1.063394
8  3.942306 0.050326 0.431043  0.232421 0.000609 -0.853331
9  1.539100 -0.000008 0.000000  -0.000000 0.000000 -0.973379
10  1.196319 0.000005 0.000000  -0.000000 -0.000000 -1.451261
11  3.883662 -0.050323 -0.431043  0.066987 0.050243 -0.694792
12  1.719576 0.000005 0.000000  0.000000 -0.000004 -1.251013
13  1.209182 0.000001 0.000000  -0.000000 -0.000003 -1.141145
14  3.859842 -0.148937 -1.331280  -0.248855 0.263129 -0.072121
15  1.719422 0.000002 0.000000  0.000000 0.000000 -0.676756
16  1.099664 -0.000000 -0.000001  0.000000 -0.000000 -1.021286
17  0.806023 -0.359838 -1.318334  1.349685 0.343493 -0.771450
18  1.789784 0.000001 -0.000005  -0.000000 -0.000000 0.397500
19  1.207000 0.000003 -0.000002  0.000000 0.000000 0.989033
20  4.125002 -1.447266 -3.542968  -1.564198 -0.011689 -1.581440
21  3.820739 -1.409995 -0.589409  -1.564198 -0.011689 -1.581439
22  0.222822 -3.739062 1.509297  0.024887 2.851473 -1.494016
23  3.048727 6.125612 1.106840  1.596061 0.018247 -0.808184
24  3.527214 5.063568 0.216258  1.596061 0.018246 -0.808183
25  3.352950 5.114328 -0.401208  1.596061 0.018247 -0.808184
26  2.909482 4.772881 -1.012058  1.596061 0.018247 -0.808184
27  1.772478 4.476572 2.356867  1.596061 0.018247 -0.808184
28  0.000006 3.336140 -8.647861  -1.570799 -1.391898 -1.570795
29  2.033350 1.000764 1.937663  1.227517 0.585911 1.190966
30  2.026190 1.001859 1.937675  1.227511 0.585916 1.190961
31  0.000001 -0.000001 0.000004  1.583265 0.000007 1.570794
32  0.000000 6.028147 -0.000001  -0.406523 -0.510344 -0.918925
33  -0.000001 0.000010 -0.000005  -0.000002 0.000003 1.570791
34  0.000017 6.028144 -0.000011  -0.547365 0.352273 0.444591
35  -0.000001 11.692571 -0.000000  -0.000001 -0.000005 -0.635842
36  -0.000000 0.000000 -0.000002  0.000005 0.000000 1.570801
37  11.692579 0.000053 0.000041  0.000004 -0.000001 -0.635832
38  -0.000001 11.481681 0.000000  0.406152 0.484231 0.742907
39  -0.000000 -0.000000 0.000000  0.000000 -0.000000 1.570789
40  11.481683 -0.000053 0.000007  0.520013 -0.357200 0.545304
41  0.137968 3.859857 1.332474  -1.465456 -1.619429 0.860058
42  -0.000001 0.000002 -0.000001  1.933714 0.000004 1.570794
43  3.859861 -0.137941 1.332474  0.357799 -0.048365 -0.605273
44  0.000001 1.719429 -0.000001  -0.420872 0.202310 0.066145
45  -0.000001 -0.000001 0.000003  1.743430 0.000000 1.570798
46  1.719434 0.000005 -0.000004  0.000190 -0.009099 -0.438594
47  -0.000001 1.099664 0.000004  1.022351 1.907815 1.050324
48  0.000001 -0.000000 -0.000001  -0.000002 0.000003 1.570799
49  1.099667 0.000004 0.000002  -0.000119 0.002600 -0.290974
50  0.046789 3.883687 0.431450  -0.028170 -1.505149 -0.643951
51  -0.000000 -0.000001 0.000000  1.590082 0.000009 1.570787
52  3.883690 -0.046761 0.431449  0.084906 0.001839 -0.672064
53  -0.000000 1.719574 -0.000001  -0.720101 0.051523 -0.006475
54  -0.000000 0.000000 -0.000003  1.538381 -0.000002 1.570794
55  1.719581 0.000015 -0.000017  -0.003915 0.016394 -0.719628
56  0.000000 1.209184 -0.000005  -1.502664 1.085642 -1.507497
57  0.000001 -0.000001 0.000000  -0.000000 -0.000000 1.570805
58  1.209187 -0.000005 -0.000002  -0.000816 0.002971 -0.484094
59  -0.046751 3.942328 -0.431436  -0.326466 -1.473452 -0.660431
60  -0.000001 -0.000000 0.000001  1.317660 0.000000 1.570797
61  3.942330 0.046779 -0.431437  -0.160904 0.031175 -0.985452
62  -0.000001 1.539089 0.000002  -0.255113 -0.026494 -0.056799
63  0.000000 -0.000001 0.000002  1.337310 -0.000004 1.570800
64  1.539094 0.000005 0.000003  -0.000026 0.003538 -0.262662
65  0.000000 1.196322 -0.000000  -1.013118 1.118324 -1.059576
66  -0.000003 -0.000000 0.000000  0.000000 -0.000001 1.570800
67  1.196326 -0.000005 0.000003  0.000001 0.000003 -0.391197
68  0.142426 3.859704 -1.191968  -0.667373 -1.423717 -0.301267
69  0.000000 0.000000 0.000001  0.976757 -0.000005 1.570807
70  3.859708 -0.142400 -1.191970  -0.478196 0.090838 -0.963364
71  0.000002 1.312566 0.000001  -0.361360 -0.138963 -0.204711
72  -0.000001 -0.000000 0.000003  1.078169 0.000003 1.570794
73  1.312570 -0.000015 0.000009  0.000005 -0.001344 -0.437236
74  -0.000000 0.729364 0.000004  -0.404445 1.030434 -0.462981
75  0.000000 -0.000000 0.000000  -0.000001 -0.000001 1.570795
76  0.729368 0.000000 0.000002  0.000002 -0.000004 -0.231830
77  0.348928 0.806043 1.321258  -1.142977 -2.276485 0.650280
78  0.000000 0.000000 0.000002  0.437032 0.000002 1.570791
79  0.806047 -0.348924 1.321260  -1.473563 -0.631195 -0.380782
80  0.000002 1.789784 0.000003  0.105694 0.066384 0.343680
81  -0.000001 0.000001 0.000001  0.347279 0.000000 1.570806
82  1.789789 0.000009 0.000000  0.002654 0.043679 0.349582
83  -0.000001 1.207000 0.000000  0.184117 0.296140 0.567995
84  -0.000000 -0.000000 0.000000  0.000001 -0.000001 1.570797
85  1.207004 -0.000011 0.000005  -0.000003 0.000001 0.540446
86  0.000000 0.000000 1.000000  1.570796 -0.000000 0.000000
time 73
0  0.000005 3.335938 -8.640624  -1.570780 -1.391896 -1.570809
1  2.033356 1.000772 -1.937610  1.473119 1.855075 -0.198639
2  6.028144 -0.000001 0.000000  2.147966 1.516241 -0.413198
3  11.692556 0.000000 0.000002  -0.000000 -0.000000 -0.310492
4  11.481700 0.000000 0.000001  -1.290542 0.005701 0.200668
5  3.859677 -0.132572 1.193110  0.432210 -0.155861 -0.861350
6  1.312555 -0.000006 0.000002  0.000000 -0.000000 -1.191973
7  0.729361 0.000006 -0.000001  -0.000000 0.000000 -1.063394
8  3.942306 0.050326 0.431044  0.232421 0.000609 -0.853331
9  1.539097 -0.000004 0.000000  -0.000000 0.000000 -0.973379
10  1.196317 0.000007 0.000002  -0.000000 0.000000 -1.451261
11  3.883662 -0.050323 -0.431042  0.066987 0.050243 -0.694792
12  1.719581 0.000004 -0.000001  0.000000 -0.000004 -1.251013
13  1.209183 0.000004 0.000001  -0.000000 -0.000003 -1.141145
14  3.859843 -0.148937 -1.331279  -0.248855 0.263129 -0.072121
15  1.719425 0.000003 0.000000  0.000000 0.000000 -0.676756
16  1.099663 -0.000000 0.000001  0.000000 -0.000000 -1.021287
17  0.806024 -0.359838 -1.318333  1.349685 0.343493 -0.771450
18  1.789783 0.000002 -0.000004  -0.000000 -0.000000 0.397500
19  1.207000 0.000004 0.000001  0.000000 0.000000 0.989033
20  4.125001 -1.447266 -3.542968  -1.564198 -0.011689 -1.581440
21  3.820742 -1.409995 -0.589408  -1.564198 -0.011689 -1.581439
22  0.222827 -3.739064 1.509298  0.024887 2.851473 -1.494016
23  3.048727 6.125610 1.106841  1.596061 0.018247 -0.808184
24  3.527214 5.063568 0.216259  1.596061 0.018246 -0.808184
25  3.352950 5.114329 -0.401207  1.596061 0.018247 -0.808184
26  2.909482 4.772883 -1.012056  1.596061 0.018247 -0.808184
27  1.772478 4.476570 2.356868  1.596061 0.018247 -0.808184
28  0.000006 3.336140 -8.647861  -1.570799 -1.391898 -1.570795
29  2.033350 1.000764 1.937663  1.227517 0.585911 1.190966
30  2.026190 1.001859 1.937675  1.227511 0.585916 1.190961
31  0.000001 -0.000001 0.000004  1.583265 0.000007 1.570794
32  0.000000 6.028147 -0.000001  -0.406639 -0.510254 -0.918687
33  -0.000001 0.000009 -0.000005  -0.000002 0.000003 1.570791
34  0.000017 6.028144 -0.000011  -0.547293 0.352390 0.444797
35  0.000001 11.692571 0.000000  -0.000001 -0.000005 -0.636364
36  0.000001 0.000002 -0.000001  0.000005 0.000000 1.570801
37  11.692578 0.000052 0.000039  0.000004 -0.000001 -0.636355
38  0.000002 11.481681 0.000001  0.406752 0.484267 0.743253
39  -0.000000 0.000001 0.000000  0.000000 -0.000000 1.570789
40  11.481682 -0.000055 0.000007  0.520162 -0.357714 0.545318
41  0.137968 3.859860 1.332474  -1.465454 -1.619429 0.860058
42  0.000000 -0.000001 -0.000000  1.933714 0.000004 1.570794
43  3.859860 -0.137941 1.332474  0.357799 -0.048365 -0.605274
44  -0.000000 1.719428 0.000001  -0.420872 0.202310 0.066145
45  -0.000001 -0.000000 0.000001  1.743430 0.000000 1.570798
46  1.719428 0.000005 -0.000008  0.000190 -0.009099 -0.438595
47  0.000001 1.099660 -0.000004  1.022352 1.907814 1.050323
48  -0.000001 -0.000001 -0.000000  -0.000002 0.000003 1.570799
49  1.099663 -0.000002 0.000006  -0.000119 0.002599 -0.290974
50  0.046789 3.883688 0.431451  -0.028161 -1.505149 -0.643963
51  -0.000001 -0.000001 -0.000001  1.590082 0.000009 1.570787
52  3.883687 -0.046762 0.431449  0.084906 0.001838 -0.672065
53  0.000002 1.719572 -0.000001  -0.720100 0.051523 -0.006475
54  -0.000001 0.000001 -0.000001  1.538381 -0.000002 1.570794
55  1.719580 0.000018 -0.000014  -0.003915 0.016394 -0.719627
56  -0.000001 1.209183 -0.000005  -1.502664 1.085643 -1.507497
57  0.000001 0.000002 -0.000001  -0.000000 -0.000000 1.570805
58  1.209185 -0.000007 -0.000003  -0.000816 0.002971 -0.484094
59  -0.046750 3.942330 -0.431435  -0.326471 -1.473452 -0.660429
60  -0.000000 0.000001 0.000001  1.317660 0.000000 1.570797
61  3.942328 0.046779 -0.431438  -0.160904 0.031175 -0.985455
62  -0.000001 1.539091 0.000001  -0.255110 -0.026494 -0.056799
63  0.000000 0.000001 -0.000002  1.337310 -0.000004 1.570800
64  1.539097 0.000002 0.000002  -0.000026 0.003537 -0.262660
65  0.000000 1.196322 0.000001  -1.013116 1.118326 -1.059571
66  -0.000000 -0.000000 0.000000  0.000000 -0.000001 1.570800
67  1.196326 -0.000001 0.000003  0.000000 0.000004 -0.391195
68  0.142426 3.859704 -1.191966  -0.667376 -1.423717 -0.301269
69  -0.000000 0.000002 -0.000001  0.976757 -0.000005 1.570807
70  3.859705 -0.142399 -1.191970  -0.478196 0.090838 -0.963368
71  0.000002 1.312566 -0.000000  -0.361356 -0.138964 -0.204711
72  0.000001 -0.000000 0.000003  1.078169 0.000003 1.570794
73  1.312568 -0.000017 0.000010  0.000004 -0.001345 -0.437234
74  0.000003 0.729365 0.000004  -0.404436 1.030437 -0.462973
75  0.000001 0.000000 -0.000001  -0.000001 -0.000001 1.570795
76  0.729368 0.000005 0.000001  0.000002 -0.000004 -0.231824
77  0.348928 0.806045 1.321260  -1.142979 -2.276487 0.650281
78  -0.000002 0.000002 0.000000  0.437032 0.000002 1.570791
79  0.806045 -0.348924 1.321261  -1.473563 -0.631197 -0.380781
80  -0.000001 1.789787 0.000003  0.105694 0.066384 0.343682
81  0.000000 -0.000002 0.000002  0.347279 0.000000 1.570806
82  1.789792 0.000014 0.000000  0.002654 0.043680 0.349584
83  0.000001 1.206995 0.000002  0.184118 0.296140 0.567998
84  -0.000000 0.000001 0.000000  0.000001 -0.000001 1.570797
85  1.207003 -0.000011 0.000005  -0.000003 0.000002 0.540449
86  0.000000 0.000000 1.000000  1.570796 -0.000000 0.000000
time 74
0  0.000005 3.335938 -8.640624  -1.570780 -1.391896 -1.570809
1  2.033356 1.000772 -1.937610  1.473119 1.855075 -0.198639
2  6.028144 -0.000001 0.000000  2.141558 1.515680 -0.419610
3  11.692555 0.000002 0.000003  -0.000000 -0.000000 -0.311771
4  11.481699 0.000000 0.000003  -1.290524 0.005680 0.200668
5  3.859676 -0.132571 1.193108  0.432210 -0.155861 -0.861350
6  1.312557 -0.000004 0.000002  0.000000 -0.000000 -1.191973
7  0.729361 0.000003 -0.000003  0.000000 -0.000000 -1.063394
8  3.942303 0.050327 0.431043  0.232421 0.000609 -0.853331
9  1.539098 -0.000004 -0.000000  -0.000000 0.000000 -0.973379
10  1.196319 0.000007 0.000001  -0.000000 0.000000 -1.451261
11  3.883659 -0.050322 -0.431043  0.066987 0.050243 -0.694792
12  1.719575 0.000008 -0.000001  0.000000 -0.000004 -1.251013
13  1.209183 0.000001 -0.000000  0.000000 -0.000003 -1.141173
14  3.859841 -0.148936 -1.331280  -0.248855 0.263129 -0.072121
15  1.719419 0.000003 0.000001  0.000000 0.000000 -0.676756
16  1.099664 -0.000000 -0.000001  0.000000 -0.000000 -1.021287
17  0.806019 -0.359837 -1.318334  1.349685 0.343493 -0.771450
18  1.789785 -0.000000 -0.000003  -0.000000 -0.000000 0.397500
19  1.206999 0.000004 0.000001  0.000000 0.000000 0.989033
20  4.125000 -1.447266 -3.542969  -1.564198 -0.011689 -1.581440
21  3.820738 -1.409994 -0.589409  -1.564198 -0.011689 -1.581439
22  0.222823 -3.739059 1.509297  0.024887 2.851473 -1.494016
23  3.048726 6.125611 1.106842  1.596061 0.018247 -0.808184
24  3.527215 5.063570 0.216260  1.596061 0.018246 -0.808184
25  3.352950 5.114329 -0.401206  1.596061 0.018247 -0.808184
26  2.909482 4.772884 -1.012056  1.596061 0.018247 -0.808184
27  1.772478 4.476573 2.356869  1.596061 0.018247 -0.808184
28  0.000006 3.336140 -8.647861  -1.570799 -1.391898 -1.570795
29  2.033350 1.000764 1.937663  1.227517 0.585911 1.190966
30  2.026190 1.001859 1.937675  1.227511 0.585916 1.190961
31  0.000001 -0.000001 0.000004  1.583265 0.000007 1.570794
32  0.000000 6.028147 -0.000001  -0.406824 -0.510199 -0.918458
33  -0.000000 0.000010 -0.000006  -0.000002 0.000003 1.570792
34  0.000017 6.028144 -0.000011  -0.547272 0.352559 0.444943
35  -0.000001 11.692570 -0.000001  -0.000001 -0.000005 -0.636814
36  -0.000001 0.000001 -0.000003  0.000005 0.000000 1.570801
37  11.692578 0.000052 0.000041  0.000004 -0.000001 -0.636805
38  -0.000000 11.481683 -0.000002  0.407467 0.484341 0.743571
39  -0.000001 -0.000000 -0.000001  0.000000 -0.000000 1.570789
40  11.481684 -0.000055 0.000008  0.520372 -0.358319 0.545230
41  0.137967 3.859860 1.332471  -1.465450 -1.619430 0.860059
42  0.000000 -0.000001 0.000001  1.933714 0.000004 1.570794
43  3.859862 -0.137940 1.332472  0.357799 -0.048366 -0.605271
44  0.000000 1.719434 0.000001  -0.420876 0.202310 0.066145
45  0.000001 0.000001 -0.000001  1.743430 0.000000 1.570798
46  1.719436 0.000004 -0.000006  0.000189 -0.009100 -0.438599
47  0.000002 1.099662 -0.000001  1.022357 1.907818 1.050331
48  -0.000001 -0.000000 -0.000001  -0.000002 0.000003 1.570799
49  1.099664 -0.000000 0.000004  -0.000120 0.002599 -0.290978
50  0.046787 3.883686 0.431447  -0.028165 -1.505149 -0.643957
51  -0.000000 -0.000001 0.000001  1.590082 0.000009 1.570787
52  3.883687 -0.046761 0.431447  0.084906 0.001839 -0.672064
53  0.000000 1.719574 0.000000  -0.720100 0.051523 -0.006475
54  0.000001 0.000000 0.000002  1.538381 -0.000002 1.570794
55  1.719583 0.000016 -0.000018  -0.003915 0.016393 -0.719628
56  -0.000002 1.209185 0.000004  -1.502664 1.085643 -1.507497
57  -0.000004 -0.000000 0.000001  -0.000000 -0.000000 1.570805
58  1.209187 -0.000002 -0.000005  -0.000817 0.002971 -0.484094
59  -0.046752 3.942330 -0.431438  -0.326462 -1.473452 -0.660437
60  -0.000001 0.000000 -0.000002  1.317660 0.000000 1.570797
61  3.942331 0.046779 -0.431439  -0.160904 0.031174 -0.985454
62  -0.000000 1.539089 -0.000003  -0.255111 -0.026494 -0.056799
63  -0.000001 0.000000 0.000001  1.337310 -0.000004 1.570800
64  1.539095 -0.000001 0.000002  -0.000026 0.003537 -0.262661
65  -0.000001 1.196322 -0.000001  -1.013117 1.118325 -1.059574
66  0.000001 0.000000 -0.000001  0.000000 -0.000001 1.570800
67  1.196326 -0.000008 0.000003  0.000001 0.000004 -0.391196
68  0.142425 3.859704 -1.191970  -0.667376 -1.423717 -0.301269
69  0.000000 0.000001 0.000002  0.976757 -0.000005 1.570807
70  3.859706 -0.142399 -1.191971  -0.478196 0.090838 -0.963366
71  0.000000 1.312566 -0.000000  -0.361358 -0.138963 -0.204711
72  0.000001 0.000001 0.000001  1.078169 0.000003 1.570794
73  1.312570 -0.000014 0.000007  0.000005 -0.001344 -0.437236
74  0.000002 0.729363 -0.000002  -0.404441 1.030435 -0.462978
75  0.000001 0.000000 0.000001  -0.000001 -0.000001 1.570795
76  0.729365 -0.000001 -0.000001  0.000001 -0.000005 -0.231828
77  0.348927 0.806046 1.321257  -1.142977 -2.276485 0.650281
78  0.000000 -0.000000 0.000001  0.437032 0.000002 1.570791
79  0.806048 -0.348924 1.321260  -1.473564 -0.631196 -0.380782
80  0.000000 1.789783 0.000001  0.105694 0.066384 0.343681
81  0.000000 -0.000001 0.000001  0.347279 0.000000 1.570806
82  1.789789 0.000011 -0.000001  0.002654 0.043679 0.349583
83  -0.000001 1.206999 0.000004  0.184118 0.296140 0.567996
84  -0.000000 0.000000 -0.000000  0.000001 -0.000001 1.570797
85  1.207007 -0.000007 0.000007  -0.000004 0.000001 0.540448
86  0.000000 0.000000 1.000000  1.570796 -0.000000 0.000000
time 75
0  0.000005 3.335938 -8.640624  -1.570780 -1.391896 -1.570809
1  2.033356 1.000772 -1.937610  1.473119 1.855075 -0.198639
2  6.028144 -0.000001 0.000000  2.134286 1.515073 -0.426894
3  11.692556 0.000003 0.000003  -0.000000 -0.000000 -0.313312
4  11.481699 -0.000002 0.000002  -1.290415 0.005680 0.200668
5  3.859674 -0.132572 1.193108  0.432210 -0.155861 -0.861350
6  1.312555 -0.000005 0.000001  0.000000 -0.000000 -1.191973
7  0.729360 0.000003 -0.000003  -0.000000 -0.000000 -1.063394
8  3.942302 0.050326 0.431043  0.232421 0.000609 -0.853331
9  1.539100 -0.000003 0.000000  -0.000000 0.000000 -0.973379
10  1.196320 0.000008 0.000001  -0.000000 0.000000 -1.451261
11  3.883657 -0.050323 -0.431043  0.066987 0.050243 -0.694792
12  1.719578 0.000006 -0.000001  0.000000 -0.000004 -1.251013
13  1.209183 0.000002 -0.000000  -0.000000 -0.000003 -1.141145
14  3.859839 -0.148936 -1.331280  -0.248855 0.263129 -0.072121
15  1.719423 0.000002 0.000001  0.000000 0.000000 -0.676756
16  1.099664 -0.000001 -0.000001  0.000000 -0.000000 -1.021287
17  0.806020 -0.359837 -1.318334  1.349685 0.343493 -0.771450
18  1.789785 0.000002 -0.000006  -0.000000 -0.000000 0.397500
19  1.206999 0.000003 0.000000  0.000000 0.000000 0.989033
20  4.124997 -1.447266 -3.542969  -1.564198 -0.011689 -1.581440
21  3.820734 -1.409994 -0.589409  -1.564198 -0.011689 -1.581439
22  0.222809 -3.739060 1.509297  0.024887 2.851473 -1.494016
23  3.048727 6.125609 1.106841  1.596061 0.018247 -0.808184
24  3.527214 5.063566 0.216260  1.596061 0.018246 -0.808184
25  3.352950 5.114326 -0.401207  1.596061 0.018247 -0.808184
26  2.909482 4.772882 -1.012056  1.596061 0.018247 -0.808184
27  1.772479 4.476569 2.356869  1.596061 0.018247 -0.808184
28  0.000006 3.336140 -8.647861  -1.570799 -1.391898 -1.570795
29  2.033350 1.000764 1.937663  1.227517 0.585911 1.190966
30  2.026190 1.001859 1.937675  1.227511 0.585916 1.190961
31  0.000001 -0.000001 0.000004  1.583265 0.000007 1.570794
32  0.000000 6.028147 -0.000001  -0.406966 -0.510072 -0.918138
33  0.000001 0.000009 -0.000005  -0.000002 0.000003 1.570791
34  0.000017 6.028144 -0.000011  -0.547166 0.352707 0.445231
35  0.000001 11.692572 -0.000000  -0.000001 -0.000005 -0.637540
36  0.000001 0.000002 -0.000003  0.000005 0.000000 1.570801
37  11.692578 0.000054 0.000041  0.000004 -0.000001 -0.637531
38  0.000002 11.481684 -0.000001  0.408291 0.484495 0.744065
39  -0.000000 -0.000001 -0.000000  0.000000 -0.000000 1.570789
40  11.481682 -0.000056 0.000007  0.520687 -0.359004 0.545230
41  0.137968 3.859854 1.332472  -1.465452 -1.619430 0.860059
42  0.000001 0.000002 0.000000  1.933714 0.000004 1.570794
43  3.859860 -0.137941 1.332473  0.357798 -0.048366 -0.605270
44  0.000001 1.719429 -0.000000  -0.420877 0.202310 0.066145
45  -0.000001 0.000000 0.000002  1.743430 0.000000 1.570798
46  1.719433 0.000008 -0.000006  0.000190 -0.009100 -0.438599
47  0.000000 1.099663 0.000000  1.022358 1.907818 1.050331
48  -0.000001 0.000001 0.000001  -0.000002 0.000003 1.570799
49  1.099666 -0.000001 0.000003  -0.000119 0.002599 -0.290979
50  0.046789 3.883684 0.431449  -0.028175 -1.505149 -0.643945
51  -0.000000 -0.000002 0.000000  1.590082 0.000009 1.570787
52  3.883687 -0.046762 0.431449  0.084906 0.001839 -0.672062
53  -0.000000 1.719576 0.000001  -0.720101 0.051524 -0.006475
54  -0.000001 -0.000001 0.000001  1.538381 -0.000002 1.570794
55  1.719581 0.000015 -0.000016  -0.003915 0.016394 -0.719628
56  -0.000000 1.209182 0.000002  -1.502664 1.085642 -1.507497
57  -0.000004 -0.000001 0.000000  -0.000000 -0.000000 1.570805
58  1.209186 0.000001 -0.000003  -0.000816 0.002971 -0.484095
59  -0.046750 3.942323 -0.431437  -0.326454 -1.473452 -0.660442
60  0.000001 0.000000 0.000002  1.317660 0.000000 1.570797
61  3.942326 0.046778 -0.431437  -0.160904 0.031173 -0.985451
62  0.000000 1.539091 0.000001  -0.255116 -0.026494 -0.056799
63  -0.000001 -0.000000 -0.000001  1.337310 -0.000004 1.570800
64  1.539098 -0.000003 0.000001  -0.000026 0.003538 -0.262665
65  -0.000002 1.196323 0.000005  -1.013123 1.118320 -1.059581
66  0.000002 0.000001 0.000001  0.000000 -0.000001 1.570800
67  1.196328 -0.000003 0.000004  0.000001 0.000003 -0.391202
68  0.142426 3.859704 -1.191968  -0.667380 -1.423716 -0.301258
69  0.000000 0.000000 0.000002  0.976757 -0.000005 1.570807
70  3.859709 -0.142400 -1.191969  -0.478196 0.090839 -0.963361
71  0.000000 1.312566 0.000003  -0.361363 -0.138964 -0.204711
72  0.000001 -0.000000 -0.000000  1.078169 0.000003 1.570794
73  1.312571 -0.000012 0.000008  0.000004 -0.001342 -0.437240
74  0.000000 0.729363 0.000002  -0.404448 1.030433 -0.462987
75  -0.000000 -0.000000 -0.000000  -0.000001 -0.000001 1.570795
76  0.729368 0.000004 0.000001  0.000002 -0.000005 -0.231833
77  0.348928 0.806044 1.321259  -1.142977 -2.276486 0.650281
78  0.000001 -0.000001 -0.000001  0.437032 0.000002 1.570791
79  0.806048 -0.348924 1.321261  -1.473564 -0.631195 -0.380781
80  -0.000000 1.789784 -0.000001  0.105694 0.066384 0.343681
81  0.000000 -0.000002 -0.000001  0.347279 0.000000 1.570806
82  1.789790 0.000014 -0.000002  0.002654 0.043679 0.349582
83  0.000001 1.206996 -0.000000  0.184118 0.296140 0.567996
84  0.000000 0.000001 0.000000  0.000001 -0.000001 1.570797
85  1.207004 -0.000012 0.000004  -0.000004 0.000001 0.540448
86  0.000000 0.000000 1.000000  1.570796 -0.000000 0.000000
time 76
0  0.000005 3.335938 -8.640624  -1.570780 -1.391896 -1.570809
1  2.033356 1.000772 -1.937610  1.473119 1.855075 -0.198639
2  6.028144 -0.000001 0.000000  2.126394 1.514372 -0.434807
3  11.692555 0.000002 0.000003  -0.000000 -0.000000 -0.315004
4  11.481699 -0.000002 0.000001  -1.290269 0.005680 0.200668
5  3.859677 -0.132571 1.193109  0.432210 -0.155861 -0.861350
6  1.312554 -0.000004 0.000002  0.000000 -0.000000 -1.191973
7  0.729364 0.000002 -0.000003  -0.000000 0.000000 -1.063394
8  3.942306 0.050327 0.431044  0.232421 0.000609 -0.853331
9  1.539101 -0.000003 -0.000000  -0.000000 0.000000 -0.973379
10  1.196319 0.000008 0.000001  -0.000000 0.000000 -1.451261
11  3.883659 -0.050322 -0.431043  0.066987 0.050243 -0.694792
12  1.719579 0.000003 0.000000  0.000000 -0.000004 -1.251013
13  1.209182 0.000003 0.000000  -0.000000 -0.000003 -1.141145
14  3.859841 -0.148936 -1.331280  -0.248855 0.263129 -0.072121
15  1.719420 0.000002 0.000000  0.000000 0.000000 -0.676756
16  1.099665 0.000002 -0.000001  0.000000 -0.000000 -1.021286
17  0.806021 -0.359837 -1.318334  1.349685 0.343493 -0.771450
18  1.789782 0.000002 -0.000001  -0.000000 -0.000000 0.397500
19  1.207002 0.000004 -0.000003  0.000000 0.000000 0.989033
20  4.125000 -1.447265 -3.542969  -1.564198 -0.011689 -1.581440
21  3.820739 -1.409994 -0.589408  -1.564198 -0.011689 -1.581439
22  0.222812 -3.739060 1.509297  0.024887 2.851473 -1.494016
23  3.048727 6.125611 1.106841  1.596061 0.018247 -0.808184
24  3.527214 5.063568 0.216259  1.596061 0.018246 -0.808184
25  3.352950 5.114327 -0.401207  1.596061 0.018247 -0.808184
26  2.909482 4.772881 -1.012056  1.596061 0.018247 -0.808184
27  1.772478 4.476570 2.356868  1.596061 0.018247 -0.808184
28  0.000006 3.336140 -8.647861  -1.570799 -1.391898 -1.570795
29  2.033350 1.000764 1.937663  1.227517 0.585911 1.190966
30  2.026190 1.001859 1.937675  1.227511 0.585916 1.190961
31  0.000001 -0.000001 0.000004  1.583265 0.000007 1.570794
32  0.000000 6.028147 -0.000001  -0.407137 -0.509956 -0.917816
33  0.000000 0.000010 -0.000006  -0.000002 0.000003 1.570792
34  0.000017 6.028144 -0.000011  -0.547077 0.352877 0.445499
35  0.000000 11.692571 0.000000  -0.000001 -0.000005 -0.638261
36  0.000001 -0.000000 -0.000001  0.000005 0.000000 1.570801
37  11.692578 0.000055 0.000042  0.000004 -0.000001 -0.638251
38  0.000000 11.481681 0.000001  0.409199 0.484706 0.744582
39  -0.000000 0.000002 0.000000  0.000000 -0.000000 1.570789
40  11.481678 -0.000053 0.000006  0.521078 -0.359749 0.545187
41  0.137968 3.859859 1.332473  -1.465455 -1.619430 0.860064
42  0.000000 -0.000001 -0.000001  1.933714 0.000004 1.570794
43  3.859858 -0.137941 1.332473  0.357799 -0.048366 -0.605269
44  -0.000001 1.719432 0.000002  -0.420878 0.202310 0.066145
45  -0.000000 -0.000000 0.000004  1.743430 0.000000 1.570798
46  1.719436 0.000009 -0.000009  0.000190 -0.009100 -0.438602
47  -0.000000 1.099663 0.000004  1.022361 1.907820 1.050334
48  0.000003 -0.000001 -0.000001  -0.000002 0.000003 1.570799
49  1.099666 0.000002 0.000001  -0.000119 0.002600 -0.290980
50  0.046788 3.883691 0.431450  -0.028164 -1.505149 -0.643957
51  0.000000 0.000000 0.000000  1.590082 0.000009 1.570787
52  3.883689 -0.046761 0.431449  0.084906 0.001839 -0.672063
53  -0.000000 1.719577 0.000001  -0.720101 0.051523 -0.006475
54  0.000001 0.000000 0.000003  1.538381 -0.000002 1.570794
55  1.719579 0.000013 -0.000017  -0.003915 0.016394 -0.719629
56  -0.000000 1.209181 0.000004  -1.502664 1.085641 -1.507497
57  0.000002 -0.000001 -0.000000  -0.000000 -0.000000 1.570805
58  1.209184 0.000002 -0.000005  -0.000816 0.002971 -0.484096
59  -0.046751 3.942332 -0.431436  -0.326452 -1.473452 -0.660445
60  0.000000 0.000002 0.000003  1.317660 0.000000 1.570797
61  3.942329 0.046779 -0.431438  -0.160904 0.031173 -0.985451
62  0.000002 1.539090 -0.000001  -0.255117 -0.026494 -0.056799
63  0.000001 -0.000000 -0.000001  1.337310 -0.000004 1.570800
64  1.539094 -0.000005 0.000001  -0.000026 0.003538 -0.262666
65  0.000000 1.196320 -0.000003  -1.013124 1.118320 -1.059582
66  -0.000002 -0.000000 -0.000001  0.000000 -0.000001 1.570800
67  1.196323 -0.000009 0.000004  0.000000 0.000004 -0.391203
68  0.142426 3.859708 -1.191967  -0.667377 -1.423717 -0.301264
69  0.000001 -0.000000 -0.000003  0.976757 -0.000005 1.570807
70  3.859706 -0.142400 -1.191970  -0.478196 0.090838 -0.963362
71  -0.000001 1.312566 -0.000002  -0.361363 -0.138963 -0.204711
72  -0.000000 0.000000 0.000000  1.078169 0.000003 1.570794
73  1.312570 -0.000013 0.000008  0.000004 -0.001342 -0.437240
74  -0.000002 0.729365 0.000003  -0.404449 1.030433 -0.462987
75  -0.000000 -0.000000 -0.000001  -0.000001 -0.000001 1.570794
76  0.729367 0.000005 -0.000000  0.000002 -0.000004 -0.231832
77  0.348927 0.806048 1.321260  -1.142980 -2.276489 0.650282
78  -0.000000 0.000000 -0.000000  0.437031 0.000002 1.570790
79  0.806046 -0.348924 1.321260  -1.473564 -0.631199 -0.380781
80  0.000000 1.789783 -0.000000  0.105694 0.066384 0.343683
81  0.000000 -0.000000 0.000002  0.347279 0.000000 1.570806
82  1.789788 0.000009 -0.000002  0.002654 0.043681 0.349585
83  -0.000000 1.206999 0.000001  0.184119 0.296139 0.568000
84  -0.000000 -0.000001 -0.000001  0.000001 -0.000001 1.570797
85  1.207004 -0.000012 0.000005  -0.000004 0.000001 0.540452
86  0.000000 0.000000 1.000000  1.570796 -0.000000 0.000000
time 77
0  0.000005 3.335938 -8.640624  -1.570780 -1.391896 -1.570809
1  2.033356 1.000772 -1.937610  1.473119 1.855075 -0.198639
2  6.028144 -0.000001 0.000000  2.118092 1.513624 -0.443131
3  11.692556 0.000002 0.000003  -0.000000 -0.000000 -0.316808
4  11.481700 -0.000000 0.000002  -1.290088 0.005660 0.200668
5  3.859677 -0.132572 1.193108  0.432210 -0.155861 -0.861350
6  1.312554 -0.000004 0.000002  0.000000 -0.000000 -1.191973
7  0.729364 0.000006 -0.000002  -0.000000 0.000000 -1.063394
8  3.942304 0.050326 0.431044  0.232421 0.000609 -0.853331
9  1.539099 -0.000002 -0.000001  -0.000000 0.000000 -0.973379
10  1.196319 0.000005 0.000002  -0.000000 0.000000 -1.451261
11  3.883659 -0.050323 -0.431043  0.066987 0.050243 -0.694792
12  1.719578 0.000005 -0.000000  0.000000 -0.000004 -1.251013
13  1.209183 0.000005 0.000000  -0.000000 -0.000003 -1.141145
14  3.859842 -0.148937 -1.331280  -0.248855 0.263129 -0.072121
15  1.719422 0.000002 0.000000  0.000000 0.000000 -0.676756
16  1.099666 0.000001 -0.000001  0.000000 -0.000000 -1.021287
17  0.806021 -0.359838 -1.318333  1.349685 0.343493 -0.771450
18  1.789785 -0.000000 -0.000005  -0.000000 -0.000000 0.397500
19  1.206997 0.000002 -0.000000  0.000000 -0.000000 0.989033
20  4.124999 -1.447267 -3.542968  -1.564198 -0.011689 -1.581440
21  3.820738 -1.409995 -0.589408  -1.564198 -0.011689 -1.581439
22  0.222829 -3.739062 1.509297  0.024887 2.851473 -1.494016
23  3.048727 6.125612 1.106840  1.596061 0.018247 -0.808184
24  3.527214 5.063570 0.216259  1.596061 0.018246 -0.808184
25  3.352950 5.114329 -0.401208  1.596061 0.018247 -0.808184
26  2.909482 4.772883 -1.012057  1.596061 0.018247 -0.808184
27  1.772478 4.476573 2.356867  1.596061 0.018247 -0.808184
28  0.000006 3.336140 -8.647861  -1.570799 -1.391898 -1.570795
29  2.033350 1.000764 1.937663  1.227517 0.585911 1.190966
30  2.026190 1.001859 1.937675  1.227511 0.585916 1.190961
31  0.000001 -0.000001 0.000004  1.583265 0.000007 1.570794
32  0.000000 6.028147 -0.000001  -0.407328 -0.509819 -0.917445
33  -0.000001 0.000009 -0.000005  -0.000002 0.000003 1.570792
34  0.000017 6.028144 -0.000011  -0.546971 0.353068 0.445815
35  -0.000000 11.692571 0.000001  -0.000001 -0.000005 -0.639079
36  -0.000001 0.000002 -0.000002  0.000005 0.000000 1.570801
37  11.692580 0.000053 0.000039  0.000004 -0.000001 -0.639070
38  -0.000001 11.481684 -0.000000  0.410177 0.484940 0.745192
39  -0.000000 0.000001 0.000001  0.000000 -0.000000 1.570789
40  11.481681 -0.000052 0.000008  0.521506 -0.360551 0.545190
41  0.137968 3.859859 1.332474  -1.465457 -1.619431 0.860065
42  -0.000000 0.000000 0.000000  1.933714 0.000004 1.570794
43  3.859859 -0.137940 1.332475  0.357799 -0.048366 -0.605269
44  0.000001 1.719427 -0.000002  -0.420879 0.202310 0.066145
45  0.000000 -0.000000 0.000003  1.743430 0.000000 1.570798
46  1.719432 0.000005 -0.000002  0.000189 -0.009100 -0.438602
47  0.000001 1.099662 0.000005  1.022361 1.907820 1.050334
48  -0.000001 -0.000000 0.000001  -0.000002 0.000003 1.570799
49  1.099666 0.000003 0.000003  -0.000120 0.002599 -0.290980
50  0.046789 3.883684 0.431450  -0.028161 -1.505149 -0.643963
51  0.000000 0.000001 0.000001  1.590082 0.000009 1.570787
52  3.883684 -0.046761 0.431450  0.084907 0.001838 -0.672064
53  0.000001 1.719577 0.000001  -0.720102 0.051523 -0.006475
54  0.000000 -0.000000 -0.000001  1.538381 -0.000002 1.570794
55  1.719585 0.000019 -0.000015  -0.003915 0.016394 -0.719629
56  0.000000 1.209182 -0.000000  -1.502664 1.085641 -1.507497
57  0.000000 0.000001 0.000000  -0.000000 -0.000000 1.570805
58  1.209185 0.000003 -0.000003  -0.000816 0.002971 -0.484096
59  -0.046751 3.942328 -0.431435  -0.326452 -1.473453 -0.660446
60  -0.000001 -0.000001 -0.000003  1.317660 0.000000 1.570797
61  3.942327 0.046779 -0.431436  -0.160904 0.031173 -0.985453
62  -0.000002 1.539090 -0.000002  -0.255114 -0.026494 -0.056799
63  -0.000001 0.000001 0.000000  1.337310 -0.000004 1.570800
64  1.539095 -0.000002 0.000000  -0.000026 0.003538 -0.262663
65  -0.000001 1.196323 -0.000001  -1.013121 1.118323 -1.059577
66  -0.000001 -0.000001 0.000001  0.000000 -0.000001 1.570800
67  1.196325 -0.000007 0.000003  0.000000 0.000003 -0.391200
68  0.142426 3.859703 -1.191967  -0.667373 -1.423717 -0.301268
69  -0.000001 0.000000 -0.000000  0.976757 -0.000005 1.570807
70  3.859704 -0.142399 -1.191967  -0.478196 0.090838 -0.963363
71  -0.000002 1.312568 0.000003  -0.361362 -0.138963 -0.204711
72  -0.000001 -0.000000 -0.000003  1.078169 0.000003 1.570794
73  1.312572 -0.000011 0.000010  0.000005 -0.001342 -0.437238
74  -0.000001 0.729364 -0.000002  -0.404448 1.030434 -0.462985
75  -0.000001 -0.000000 -0.000001  -0.000001 -0.000001 1.570795
76  0.729367 0.000001 -0.000001  0.000002 -0.000004 -0.231832
77  0.348927 0.806042 1.321259  -1.142979 -2.276489 0.650282
78  0.000000 -0.000000 0.000001  0.437032 0.000002 1.570790
79  0.806044 -0.348923 1.321261  -1.473564 -0.631198 -0.380781
80  -0.000001 1.789784 -0.000000  0.105694 0.066384 0.343682
81  0.000001 0.000001 -0.000000  0.347279 0.000000 1.570806
82  1.789790 0.000014 -0.000003  0.002654 0.043680 0.349584
83  0.000001 1.206998 -0.000000  0.184119 0.296140 0.567998
84  -0.000001 -0.000001 0.000000  0.000001 -0.000001 1.570797
85  1.207003 -0.000012 0.000004  -0.000004 0.000002 0.540450
86  0.000000 0.000000 1.000000  1.570796 -0.000000 0.000000
time 78
0  0.000005 3.335938 -8.640624  -1.570780 -1.391896 -1.570809
1  2.033356 1.000772 -1.937610  1.473119 1.855075 -0.198639
2  6.028144 -0.000001 0.000000  2.109645 1.512783 -0.451601
3  11.692555 0.000003 0.000003  -0.000000 -0.000000 -0.318726
4  11.481700 0.000000 0.000002  -1.289870 0.005680 0.200668
5  3.859676 -0.132572 1.193109  0.432210 -0.155861 -0.861350
6  1.312553 -0.000006 0.000003  0.000000 -0.000000 -1.191973
7  0.729365 0.000006 -0.000001  -0.000000 0.000000 -1.063394
8  3.942303 0.050326 0.431043  0.232421 0.000609 -0.853331
9  1.539100 -0.000001 -0.000001  -0.000000 0.000000 -0.973379
10  1.196319 0.000007 0.000001  -0.000000 -0.000000 -1.451261
11  3.883660 -0.050323 -0.431042  0.066987 0.050243 -0.694792
12  1.719576 0.000003 0.000000  0.000000 -0.000004 -1.251013
13  1.209183 0.000005 -0.000001  -0.000000 -0.000003 -1.141145
14  3.859841 -0.148936 -1.331280  -0.248855 0.263129 -0.072121
15  1.719425 0.000002 0.000000  0.000000 0.000000 -0.676756
16  1.099659 0.000001 -0.000002  0.000000 -0.000000 -1.021287
17  0.806020 -0.359838 -1.318333  1.349685 0.343493 -0.771450
18  1.789782 0.000002 -0.000003  -0.000000 -0.000000 0.397500
19  1.207001 0.000002 0.000001  0.000000 0.000000 0.989033
20  4.124999 -1.447266 -3.542968  -1.564198 -0.011689 -1.581440
21  3.820737 -1.409994 -0.589408  -1.564198 -0.011689 -1.581439
22  0.222817 -3.739061 1.509297  0.024887 2.851473 -1.494016
23  3.048728 6.125611 1.106841  1.596061 0.018247 -0.808184
24  3.527215 5.063568 0.216260  1.596061 0.018246 -0.808184
25  3.352950 5.114326 -0.401208  1.596061 0.018247 -0.808184
26  2.909482 4.772882 -1.012056  1.596061 0.018247 -0.808184
27  1.772479 4.476570 2.356869  1.596061 0.018247 -0.808184
28  0.000006 3.336140 -8.647861  -1.570799 -1.391898 -1.570795
29  2.033350 1.000764 1.937663  1.227517 0.585911 1.190966
30  2.026190 1.001859 1.937675  1.227511 0.585916 1.190961
31  0.000001 -0.000001 0.000004  1.583265 0.000007 1.570794
32  0.000000 6.028147 -0.000001  -0.407527 -0.509722 -0.917136
33  -0.000000 0.000009 -0.000006  -0.000002 0.000003 1.570792
34  0.000017 6.028144 -0.000011  -0.546908 0.353258 0.446048
35  0.000000 11.692571 0.000000  -0.000001 -0.000005 -0.639779
36  0.000002 0.000002 -0.000002  0.000005 0.000000 1.570801
37  11.692578 0.000053 0.000041  0.000004 -0.000001 -0.639770
38  0.000003 11.481682 0.000000  0.411199 0.485246 0.745718
39  -0.000001 0.000001 -0.000001  0.000000 -0.000000 1.570789
40  11.481683 -0.000056 0.000007  0.522020 -0.361377 0.545057
41  0.137968 3.859858 1.332473  -1.465453 -1.619430 0.860062
42  -0.000001 0.000001 -0.000000  1.933714 0.000004 1.570794
43  3.859858 -0.137941 1.332474  0.357799 -0.048366 -0.605269
44  -0.000001 1.719427 -0.000000  -0.420878 0.202310 0.066145
45  -0.000001 0.000002 0.000000  1.743430 0.000000 1.570798
46  1.719431 0.000009 -0.000007  0.000190 -0.009100 -0.438601
47  -0.000001 1.099662 -0.000001  1.022360 1.907820 1.050333
48  0.000001 0.000000 -0.000001  -0.000002 0.000003 1.570799
49  1.099663 0.000000 0.000003  -0.000119 0.002600 -0.290980
50  0.046788 3.883687 0.431448  -0.028163 -1.505149 -0.643958
51  -0.000000 0.000000 0.000000  1.590082 0.000009 1.570787
52  3.883686 -0.046762 0.431449  0.084906 0.001839 -0.672064
53  0.000001 1.719575 0.000000  -0.720102 0.051523 -0.006475
54  0.000000 -0.000001 0.000002  1.538381 -0.000002 1.570794
55  1.719579 0.000016 -0.000017  -0.003915 0.016394 -0.719629
56  0.000001 1.209180 0.000002  -1.502664 1.085641 -1.507497
57  -0.000000 -0.000000 -0.000001  -0.000000 -0.000000 1.570805
58  1.209183 -0.000006 -0.000003  -0.000816 0.002971 -0.484096
59  -0.046751 3.942328 -0.431436  -0.326462 -1.473452 -0.660432
60  -0.000001 0.000001 -0.000000  1.317660 0.000000 1.570797
61  3.942328 0.046778 -0.431436  -0.160904 0.031174 -0.985450
62  -0.000001 1.539092 0.000001  -0.255117 -0.026494 -0.056799
63  0.000002 0.000000 0.000000  1.337310 -0.000004 1.570800
64  1.539096 0.000001 0.000003  -0.000026 0.003539 -0.262666
65  0.000002 1.196322 0.000002  -1.013125 1.118319 -1.059583
66  0.000000 0.000000 -0.000001  0.000000 -0.000001 1.570800
67  1.196326 -0.000003 0.000004  0.000001 0.000003 -0.391204
68  0.142426 3.859707 -1.191969  -0.667378 -1.423717 -0.301262
69  -0.000000 -0.000001 0.000002  0.976757 -0.000005 1.570807
70  3.859707 -0.142400 -1.191969  -0.478196 0.090839 -0.963362
71  -0.000002 1.312563 0.000003  -0.361365 -0.138963 -0.204711
72  0.000000 -0.000001 0.000002  1.078169 0.000003 1.570794
73  1.312568 -0.000010 0.000007  0.000004 -0.001341 -0.437242
74  0.000001 0.729363 0.000004  -0.404452 1.030432 -0.462991
75  -0.000001 -0.000001 -0.000001  -0.000001 -0.000001 1.570795
76  0.729366 0.000003 0.000001  0.000002 -0.000005 -0.231835
77  0.348927 0.806044 1.321258  -1.142980 -2.276490 0.650282
78  -0.000001 -0.000000 0.000000  0.437032 0.000002 1.570791
79  0.806044 -0.348924 1.321261  -1.473565 -0.631200 -0.380781
80  0.000000 1.789783 0.000000  0.105694 0.066384 0.343684
81  0.000001 -0.000001 0.000001  0.347279 0.000000 1.570806
82  1.789787 0.000007 -0.000000  0.002654 0.043681 0.349585
83  0.000001 1.206996 0.000000  0.184119 0.296139 0.568001
84  0.000000 0.000000 -0.000000  0.000001 -0.000001 1.570797
85  1.207001 -0.000011 0.000004  -0.000004 0.000001 0.540452
86  0.000000 0.000000 1.000000  1.570796 -0.000000 0.000000
time 79
0  0.000005 3.335938 -8.640624  -1.570780 -1.391896 -1.570809
1  2.033356 1.000772 -1.937610  1.473119 1.855075 -0.198639
2  6.028144 -0.000001 0.000000  2.101219 1.511988 -0.460022
3  11.692555 0.000003 0.000003  -0.000000 -0.000000 -0.320681
4  11.481699 -0.000001 0.000003  -1.289634 0.005701 0.200668
5  3.859675 -0.132572 1.193108  0.432210 -0.155861 -0.861350
6  1.312556 -0.000003 0.000002  -0.000000 -0.000000 -1.191973
7  0.729362 0.000004 -0.000002  -0.000000 0.000000 -1.063394
8  3.942304 0.050326 0.431042  0.232421 0.000609 -0.853331
9  1.539098 -0.000003 -0.000001  -0.000000 0.000000 -0.973379
10  1.196319 0.000009 0.000001  -0.000000 -0.000000 -1.451261
11  3.883660 -0.050323 -0.431044  0.066987 0.050243 -0.694792
12  1.719576 0.000005 -0.000000  0.000000 -0.000004 -1.251013
13  1.209182 0.000005 -0.000000  -0.000000 -0.000003 -1.141145
14  3.859842 -0.148937 -1.331280  -0.248855 0.263129 -0.072121
15  1.719422 0.000001 0.000003  0.000000 0.000000 -0.676756
16  1.099664 0.000001 -0.000000  0.000000 -0.000000 -1.021287
17  0.806022 -0.359838 -1.318335  1.349685 0.343493 -0.771450
18  1.789784 0.000000 -0.000004  -0.000000 -0.000000 0.397500
19  1.207000 0.000003 -0.000001  0.000000 0.000000 0.989033
20  4.124997 -1.447267 -3.542969  -1.564198 -0.011689 -1.581440
21  3.820739 -1.409995 -0.589410  -1.564198 -0.011689 -1.581439
22  0.222827 -3.739062 1.509296  0.024887 2.851473 -1.494016
23  3.048727 6.125611 1.106841  1.596061 0.018247 -0.808184
24  3.527214 5.063568 0.216260  1.596061 0.018246 -0.808184
25  3.352950 5.114329 -0.401206  1.596061 0.018247 -0.808184
26  2.909481 4.772882 -1.012056  1.596061 0.018247 -0.808184
27  1.772478 4.476572 2.356869  1.596061 0.018247 -0.808184
28  0.000006 3.336140 -8.647861  -1.570799 -1.391898 -1.570795
29  2.033350 1.000764 1.937663  1.227517 0.585911 1.190966
30  2.026190 1.001859 1.937675  1.227511 0.585916 1.190961
31  0.000001 -0.000001 0.000004  1.583265 0.000007 1.570794
32  0.000000 6.028147 -0.000001  -0.407703 -0.509555 -0.916725
33  0.000000 0.000010 -0.000005  -0.000002 0.000003 1.570792
34  0.000017 6.028144 -0.000011  -0.546768 0.353443 0.446421
35  0.000001 11.692571 0.000001  -0.000001 -0.000005 -0.640708
36  0.000000 0.000001 -0.000002  0.000005 0.000000 1.570801
37  11.692577 0.000051 0.000040  0.000004 -0.000001 -0.640699
38  0.000002 11.481683 -0.000001  0.412229 0.485517 0.746361
39  0.000000 -0.000002 0.000001  0.000000 -0.000000 1.570789
40  11.481683 -0.000053 0.000009  0.522498 -0.362215 0.545051
41  0.137968 3.859855 1.332473  -1.465454 -1.619431 0.860063
42  0.000001 0.000000 0.000001  1.933714 0.000004 1.570794
43  3.859857 -0.137941 1.332474  0.357798 -0.048367 -0.605269
44  0.000001 1.719429 -0.000001  -0.420881 0.202310 0.066145
45  -0.000000 0.000001 0.000000  1.743430 0.000000 1.570798
46  1.719436 0.000005 -0.000004  0.000190 -0.009100 -0.438603
47  -0.000001 1.099664 -0.000003  1.022363 1.907821 1.050337
48  0.000003 0.000000 -0.000000  -0.000002 0.000003 1.570799
49  1.099667 -0.000001 0.000003  -0.000119 0.002600 -0.290981
50  0.046789 3.883686 0.431450  -0.028174 -1.505149 -0.643947
51  0.000000 0.000000 -0.000002  1.590082 0.000009 1.570787
52  3.883687 -0.046762 0.431450  0.084906 0.001839 -0.672065
53  -0.000001 1.719576 0.000000  -0.720101 0.051523 -0.006475
54  -0.000001 0.000000 0.000003  1.538381 -0.000002 1.570794
55  1.719579 0.000017 -0.000016  -0.003915 0.016394 -0.719629
56  -0.000003 1.209182 0.000004  -1.502664 1.085642 -1.507497
57  0.000002 0.000001 -0.000000  -0.000000 -0.000000 1.570805
58  1.209186 -0.000001 -0.000003  -0.000816 0.002971 -0.484095
59  -0.046751 3.942323 -0.431437  -0.326446 -1.473453 -0.660452
60  0.000002 0.000002 -0.000001  1.317660 0.000000 1.570797
61  3.942323 0.046778 -0.431437  -0.160904 0.031173 -0.985454
62  0.000000 1.539096 0.000001  -0.255115 -0.026494 -0.056799
63  0.000000 0.000002 -0.000000  1.337310 -0.000004 1.570800
64  1.539102 0.000003 0.000001  -0.000026 0.003538 -0.262664
65  -0.000002 1.196325 0.000004  -1.013121 1.118322 -1.059579
66  -0.000002 -0.000001 -0.000001  0.000000 -0.000001 1.570800
67  1.196326 -0.000005 0.000002  0.000001 0.000003 -0.391201
68  0.142426 3.859701 -1.191968  -0.667373 -1.423717 -0.301269
69  -0.000001 -0.000001 0.000001  0.976757 -0.000005 1.570807
70  3.859702 -0.142400 -1.191969  -0.478196 0.090837 -0.963365
71  -0.000001 1.312566 0.000004  -0.361364 -0.138963 -0.204711
72  -0.000000 0.000000 -0.000000  1.078169 0.000003 1.570794
73  1.312571 -0.000012 0.000009  0.000005 -0.001342 -0.437240
74  -0.000000 0.729362 -0.000001  -0.404449 1.030433 -0.462987
75  0.000001 0.000000 -0.000001  -0.000001 -0.000001 1.570795
76  0.729366 -0.000000 0.000000  0.000002 -0.000004 -0.231833
77  0.348928 0.806041 1.321260  -1.142980 -2.276490 0.650283
78  0.000000 0.000001 0.000002  0.437032 0.000002 1.570791
79  0.806043 -0.348924 1.321261  -1.473564 -0.631200 -0.380781
80  0.000001 1.789786 0.000001  0.105694 0.066384 0.343684
81  -0.000000 0.000000 0.000001  0.347279 0.000000 1.570806
82  1.789791 0.000010 -0.000003  0.002654 0.043681 0.349586
83  0.000001 1.206998 0.000001  0.184120 0.296139 0.568002
84  0.000000 -0.000003 -0.000001  0.000001 -0.000001 1.570797
85  1.207003 -0.000013 0.000004  -0.000004 0.000001 0.540453
86  0.000000 0.000000 1.000000  1.570796 -0.000000 0.000000
time 80
0  0.000005 3.335938 -8.640624  -1.570780 -1.391896 -1.570809
1  2.033356 1.000772 -1.937610  1.473119 1.855075 -0.198639
2  6.028144 -0.000001 0.000000  2.093060 1.511147 -0.468201
3  11.692555 0.000001 0.000002  -0.000000 -0.000000 -0.322636
4  11.481699 0.000001 0.000003  -1.289434 0.005722 0.200668
5  3.859675 -0.132572 1.193108  0.432210 -0.155861 -0.861350
6  1.312554 -0.000003 0.000002  0.000000 -0.000000 -1.191973
7  0.729364 0.000002 -0.000003  0.000000 0.000000 -1.063394
8  3.942304 0.050326 0.431042  0.232421 0.000609 -0.853331
9  1.539097 -0.000002 0.000000  -0.000000 -0.000000 -0.973379
10  1.196318 0.000011 0.000001  -0.000000 0.000000 -1.451261
11  3.883658 -0.050323 -0.431044  0.066987 0.050243 -0.694792
12  1.719580 0.000005 0.000000  0.000000 -0.000004 -1.251013
13  1.209183 0.000002 -0.000000  -0.000000 -0.000003 -1.141145
14  3.859840 -0.148936 -1.331281  -0.248855 0.263129 -0.072121
15  1.719424 0.000003 0.000001  0.000000 0.000000 -0.676756
16  1.099665 0.000001 -0.000001  0.000000 -0.000000 -1.021287
17  0.806020 -0.359838 -1.318334  1.349685 0.343493 -0.771450
18  1.789783 0.000001 -0.000003  -0.000000 -0.000000 0.397500
19  1.206999 0.000003 -0.000002  0.000000 0.000000 0.989033
20  4.124999 -1.447266 -3.542969  -1.564198 -0.011689 -1.581440
21  3.820737 -1.409995 -0.589410  -1.564198 -0.011689 -1.581439
22  0.222815 -3.739061 1.509296  0.024887 2.851473 -1.494016
23  3.048727 6.125612 1.106841  1.596061 0.018247 -0.808184
24  3.527214 5.063568 0.216259  1.596061 0.018246 -0.808184
25  3.352950 5.114328 -0.401207  1.596061 0.018247 -0.808184
26  2.909482 4.772884 -1.012057  1.596061 0.018247 -0.808184
27  1.772479 4.476573 2.356868  1.596061 0.018247 -0.808184
28  0.000006 3.336140 -8.647861  -1.570799 -1.391898 -1.570795
29  2.033350 1.000764 1.937663  1.227517 0.585911 1.190966
30  2.026190 1.001859 1.937675  1.227511 0.585916 1.190961
31  0.000001 -0.000001 0.000004  1.583265 0.000007 1.570794
32  0.000000 6.028147 -0.000001  -0.407903 -0.509433 -0.916373
33  -0.000001 0.000010 -0.000005  -0.000002 0.000003 1.570792
34  0.000017 6.028144 -0.000011  -0.546679 0.353639 0.446707
35  -0.000000 11.692572 0.000000  -0.000001 -0.000005 -0.641502
36  -0.000001 0.000001 -0.000002  0.000005 0.000000 1.570801
37  11.692577 0.000052 0.000039  0.000004 -0.000001 -0.641493
38  -0.000000 11.481683 0.000000  0.413270 0.485797 0.746930
39  -0.000000 -0.000001 0.000000  0.000000 -0.000000 1.570789
40  11.481682 -0.000054 0.000009  0.522988 -0.363061 0.544960
41  0.137968 3.859858 1.332474  -1.465453 -1.619431 0.860065
42  0.000000 0.000002 0.000001  1.933714 0.000004 1.570794
43  3.859861 -0.137941 1.332474  0.357799 -0.048367 -0.605269
44  -0.000001 1.719430 0.000001  -0.420881 0.202310 0.066145
45  0.000001 -0.000000 -0.000001  1.743430 0.000000 1.570798
46  1.719433 0.000006 -0.000007  0.000190 -0.009100 -0.438604
47  0.000001 1.099662 -0.000004  1.022364 1.907821 1.050337
48  -0.000004 0.000001 -0.000002  -0.000002 0.000003 1.570799
49  1.099666 0.000000 0.000002  -0.000119 0.002600 -0.290982
50  0.046788 3.883689 0.431451  -0.028158 -1.505149 -0.643967
51  -0.000000 0.000001 -0.000001  1.590082 0.000009 1.570787
52  3.883690 -0.046762 0.431451  0.084906 0.001838 -0.672065
53  0.000002 1.719576 -0.000003  -0.720102 0.051523 -0.006475
54  -0.000000 -0.000000 -0.000000  1.538381 -0.000002 1.570794
55  1.719581 0.000014 -0.000014  -0.003915 0.016394 -0.719629
56  0.000002 1.209181 -0.000002  -1.502664 1.085642 -1.507497
57  0.000001 0.000001 -0.000000  -0.000000 -0.000000 1.570805
58  1.209185 -0.000003 -0.000002  -0.000816 0.002971 -0.484095
59  -0.046751 3.942327 -0.431435  -0.326459 -1.473452 -0.660437
60  -0.000000 0.000001 0.000001  1.317660 0.000000 1.570797
61  3.942328 0.046779 -0.431436  -0.160904 0.031174 -0.985452
62  -0.000000 1.539090 0.000001  -0.255117 -0.026494 -0.056799
63  -0.000001 -0.000000 0.000001  1.337310 -0.000004 1.570800
64  1.539095 0.000000 0.000001  -0.000026 0.003539 -0.262667
65  -0.000000 1.196323 0.000000  -1.013125 1.118319 -1.059582
66  -0.000001 -0.000000 -0.000000  0.000000 -0.000001 1.570800
67  1.196327 -0.000008 0.000003  0.000000 0.000004 -0.391204
68  0.142426 3.859707 -1.191967  -0.667372 -1.423717 -0.301271
69  0.000001 -0.000004 -0.000001  0.976757 -0.000005 1.570807
70  3.859708 -0.142400 -1.191968  -0.478196 0.090837 -0.963365
71  0.000000 1.312563 0.000001  -0.361363 -0.138963 -0.204711
72  -0.000001 0.000000 -0.000001  1.078169 0.000003 1.570794
73  1.312571 -0.000014 0.000009  0.000004 -0.001342 -0.437240
74  0.000001 0.729363 -0.000001  -0.404449 1.030434 -0.462987
75  -0.000001 -0.000001 -0.000001  -0.000001 -0.000001 1.570794
76  0.729365 0.000001 0.000001  0.000001 -0.000004 -0.231833
77  0.348927 0.806043 1.321258  -1.142981 -2.276491 0.650283
78  -0.000000 -0.000000 0.000001  0.437032 0.000002 1.570791
79  0.806047 -0.348924 1.321260  -1.473564 -0.631201 -0.380782
80  -0.000002 1.789784 0.000002  0.105694 0.066383 0.343685
81  0.000001 -0.000001 0.000000  0.347279 0.000000 1.570806
82  1.789790 0.000015 -0.000001  0.002654 0.043681 0.349587
83  0.000001 1.206996 0.000000  0.184120 0.296139 0.568003
84  -0.000001 0.000000 0.000000  0.000001 -0.000001 1.570797
85  1.207000 -0.000012 0.000004  -0.000004 0.000002 0.540454
86  0.000000 0.000000 1.000000  1.570796 -0.000000 0.000000
time 81
0  0.000005 3.335938 -8.640624  -1.570780 -1.391896 -1.570809
1  2.033356 1.000772 -1.937610  1.473119 1.855075 -0.198639
2  6.028144 -0.000001 0.000000  2.085314 1.510352 -0.475969
3  11.692554 0.000001 0.000003  0.000000 -0.000000 -0.324515
4  11.481699 -0.000000 0.000002  -1.289253 0.005763 0.200668
5  3.859679 -0.132572 1.193108  0.432210 -0.155861 -0.861350
6  1.312553 -0.000006 0.000003  0.000000 -0.000000 -1.191973
7  0.729364 0.000003 -0.000003  -0.000000 -0.000000 -1.063394
8  3.942307 0.050326 0.431043  0.232421 0.000609 -0.853331
9  1.539096 -0.000001 -0.000000  -0.000000 0.000000 -0.973379
10  1.196319 0.000004 0.000001  -0.000000 0.000000 -1.451261
11  3.883662 -0.050322 -0.431043  0.066987 0.050243 -0.694792
12  1.719578 0.000005 -0.000000  0.000000 -0.000004 -1.251013
13  1.209182 0.000001 -0.000001  -0.000000 -0.000003 -1.141145
14  3.859843 -0.148937 -1.331280  -0.248855 0.263129 -0.072121
15  1.719422 0.000001 -0.000002  0.000000 0.000000 -0.676756
16  1.099663 0.000001 -0.000001  0.000000 -0.000000 -1.021287
17  0.806024 -0.359838 -1.318334  1.349685 0.343493 -0.771450
18  1.789783 -0.000001 -0.000001  -0.000000 -0.000000 0.397500
19  1.206999 0.000003 0.000001  0.000000 0.000000 0.989033
20  4.125000 -1.447266 -3.542968  -1.564198 -0.011689 -1.581440
21  3.820739 -1.409994 -0.589409  -1.564198 -0.011689 -1.581439
22  0.222828 -3.739062 1.509297  0.024887 2.851473 -1.494016
23  3.048726 6.125610 1.106841  1.596061 0.018247 -0.808184
24  3.527214 5.063569 0.216260  1.596061 0.018246 -0.808184
25  3.352949 5.114327 -0.401206  1.596061 0.018247 -0.808184
26  2.909481 4.772881 -1.012056  1.596061 0.018247 -0.808184
27  1.772478 4.476570 2.356869  1.596061 0.018247 -0.808184
28  0.000006 3.336140 -8.647861  -1.570799 -1.391898 -1.570795
29  2.033350 1.000764 1.937663  1.227517 0.585911 1.190966
30  2.026190 1.001859 1.937675  1.227511 0.585916 1.190961
31  0.000001 -0.000001 0.000004  1.583265 0.000007 1.570794
32  0.000000 6.028147 -0.000001  -0.408090 -0.509297 -0.916008
33  -0.000001 0.000010 -0.000006  -0.000002 0.000003 1.570792
34  0.000017 6.028144 -0.000011  -0.546574 0.353826 0.447018
35  -0.000000 11.692572 -0.000000  -0.000001 -0.000005 -0.642310
36  0.000001 0.000001 -0.000001  0.000005 0.000000 1.570801
37  11.692580 0.000054 0.000041  0.000004 -0.000001 -0.642301
38  0.000001 11.481682 0.000000  0.414257 0.486058 0.747475
39  -0.000000 0.000000 -0.000000  0.000000 -0.000000 1.570789
40  11.481681 -0.000052 0.000007  0.523449 -0.363864 0.544880
41  0.137968 3.859859 1.332474  -1.465462 -1.619432 0.860069
42  0.000000 0.000000 0.000001  1.933714 0.000004 1.570794
43  3.859860 -0.137941 1.332475  0.357799 -0.048368 -0.605268
44  0.000000 1.719427 0.000000  -0.420883 0.202310 0.066145
45  0.000000 0.000001 -0.000001  1.743430 0.000000 1.570798
46  1.719434 0.000004 -0.000004  0.000190 -0.009101 -0.438606
47  0.000001 1.099662 -0.000001  1.022365 1.907823 1.050339
48  0.000002 -0.000001 -0.000000  -0.000002 0.000003 1.570799
49  1.099664 0.000000 0.000004  -0.000119 0.002600 -0.290983
50  0.046788 3.883689 0.431451  -0.028145 -1.505149 -0.643982
51  0.000001 -0.000001 -0.000001  1.590082 0.000009 1.570787
52  3.883692 -0.046762 0.431451  0.084907 0.001837 -0.672066
53  0.000002 1.719571 -0.000001  -0.720103 0.051523 -0.006475
54  -0.000000 0.000000 -0.000000  1.538381 -0.000002 1.570794
55  1.719576 0.000013 -0.000014  -0.003914 0.016394 -0.719630
56  0.000001 1.209184 0.000001  -1.502664 1.085641 -1.507497
57  0.000003 0.000001 0.000000  -0.000000 -0.000000 1.570805
58  1.209188 0.000000 -0.000002  -0.000816 0.002971 -0.484096
59  -0.046751 3.942328 -0.431435  -0.326453 -1.473453 -0.660447
60  -0.000000 0.000000 0.000000  1.317660 0.000000 1.570797
61  3.942328 0.046778 -0.431436  -0.160904 0.031173 -0.985454
62  -0.000002 1.539091 0.000004  -0.255116 -0.026494 -0.056799
63  -0.000000 0.000000 0.000002  1.337310 -0.000004 1.570800
64  1.539098 0.000004 0.000000  -0.000026 0.003538 -0.262665
65  0.000000 1.196322 0.000006  -1.013121 1.118322 -1.059578
66  -0.000001 0.000000 0.000000  0.000000 -0.000001 1.570800
67  1.196326 -0.000002 0.000004  0.000001 0.000003 -0.391200
68  0.142426 3.859706 -1.191967  -0.667371 -1.423718 -0.301273
69  0.000002 -0.000001 0.000000  0.976757 -0.000005 1.570807
70  3.859708 -0.142400 -1.191968  -0.478196 0.090837 -0.963366
71  0.000003 1.312566 -0.000002  -0.361362 -0.138963 -0.204711
72  -0.000000 -0.000001 -0.000000  1.078169 0.000003 1.570794
73  1.312572 -0.000015 0.000007  0.000005 -0.001342 -0.437238
74  -0.000002 0.729363 0.000003  -0.404446 1.030434 -0.462984
75  -0.000000 0.000001 -0.000001  -0.000001 -0.000001 1.570794
76  0.729367 0.000006 -0.000000  0.000002 -0.000005 -0.231831
77  0.348928 0.806045 1.321260  -1.142984 -2.276495 0.650285
78  -0.000000 0.000000 0.000002  0.437032 0.000002 1.570791
79  0.806047 -0.348924 1.321262  -1.473564 -0.631205 -0.380782
80  0.000001 1.789783 0.000001  0.105694 0.066383 0.343688
81  0.000000 -0.000000 0.000001  0.347279 0.000000 1.570806
82  1.789786 0.000009 -0.000001  0.002654 0.043682 0.349589
83  0.000001 1.206999 0.000001  0.184121 0.296138 0.568007
84  -0.000000 0.000001 0.000000  0.000001 -0.000001 1.570797
85  1.207006 -0.000012 0.000004  -0.000004 0.000001 0.540458
86  0.000000 0.000000 1.000000  1.570796 -0.000000 0.000000
time 82
0  0.000005 3.335938 -8.640624  -1.570780 -1.391896 -1.570809
1  2.033356 1.000772 -1.937610  1.473119 1.855075 -0.198639
2  6.028144 -0.000001 0.000000  2.078144 1.509558 -0.483156
3  11.692554 0.000001 0.000003  -0.000000 -0.000000 -0.326320
4  11.481697 -0.000001 0.000003  -1.289144 0.005824 0.200668
5  3.859679 -0.132571 1.193108  0.432210 -0.155861 -0.861350
6  1.312555 -0.000002 0.000002  0.000000 -0.000000 -1.191973
7  0.729364 0.000006 -0.000003  -0.000000 0.000000 -1.063394
8  3.942307 0.050327 0.431043  0.232421 0.000609 -0.853331
9  1.539099 -0.000001 -0.000001  -0.000000 -0.000000 -0.973379
10  1.196318 0.000011 0.000000  -0.000000 -0.000000 -1.451261
11  3.883663 -0.050322 -0.431044  0.066987 0.050243 -0.694792
12  1.719576 0.000003 -0.000000  0.000000 -0.000004 -1.251013
13  1.209183 0.000003 -0.000001  -0.000000 -0.000003 -1.141173
14  3.859843 -0.148936 -1.331281  -0.248855 0.263129 -0.072121
15  1.719425 0.000001 0.000000  0.000000 -0.000000 -0.676756
16  1.099664 0.000002 -0.000001  0.000000 -0.000000 -1.021287
17  0.806023 -0.359837 -1.318334  1.349685 0.343493 -0.771450
18  1.789783 0.000001 -0.000006  -0.000000 -0.000000 0.397500
19  1.207000 0.000002 -0.000002  0.000000 0.000000 0.989033
20  4.124999 -1.447266 -3.542969  -1.564198 -0.011689 -1.581440
21  3.820739 -1.409994 -0.589409  -1.564198 -0.011689 -1.581439
22  0.222823 -3.739060 1.509297  0.024887 2.851473 -1.494016
23  3.048727 6.125611 1.106841  1.596061 0.018247 -0.808184
24  3.527214 5.063568 0.216260  1.596061 0.018246 -0.808184
25  3.352951 5.114328 -0.401207  1.596061 0.018247 -0.808184
26  2.909482 4.772882 -1.012055  1.596061 0.018247 -0.808184
27  1.772478 4.476571 2.356869  1.596061 0.018247 -0.808184
28  0.000006 3.336140 -8.647861  -1.570799 -1.391898 -1.570795
29  2.033350 1.000764 1.937663  1.227517 0.585911 1.190966
30  2.026190 1.001859 1.937675  1.227511 0.585916 1.190961
31  0.000001 -0.000001 0.000004  1.583265 0.000007 1.570794
32  0.000000 6.028147 -0.000001  -0.408287 -0.509204 -0.915706
33  0.000000 0.000009 -0.000006  -0.000002 0.000003 1.570792
34  0.000017 6.028144 -0.000011  -0.546514 0.354014 0.447243
35  0.000000 11.692570 -0.000000  -0.000001 -0.000005 -0.642964
36  -0.000001 -0.000001 -0.000002  0.000005 0.000000 1.570801
37  11.692578 0.000055 0.000042  0.000004 -0.000001 -0.642955
38  -0.000001 11.481681 -0.000001  0.415204 0.486269 0.747881
39  -0.000000 0.000001 -0.000001  0.000000 -0.000000 1.570789
40  11.481682 -0.000054 0.000008  0.523851 -0.364641 0.544701
41  0.137967 3.859855 1.332473  -1.465450 -1.619431 0.860063
42  0.000000 -0.000000 -0.000000  1.933714 0.000004 1.570794
43  3.859855 -0.137941 1.332474  0.357798 -0.048368 -0.605273
44  0.000002 1.719428 0.000000  -0.420878 0.202310 0.066145
45  0.000000 0.000000 -0.000001  1.743430 0.000000 1.570798
46  1.719436 0.000006 -0.000005  0.000189 -0.009100 -0.438601
47  0.000001 1.099662 -0.000004  1.022359 1.907819 1.050333
48  -0.000002 -0.000001 -0.000001  -0.000002 0.000003 1.570799
49  1.099664 -0.000003 0.000003  -0.000120 0.002600 -0.290979
50  0.046789 3.883690 0.431451  -0.028146 -1.505149 -0.643974
51  -0.000001 -0.000002 0.000001  1.590082 0.000009 1.570787
52  3.883689 -0.046761 0.431451  0.084906 0.001837 -0.672067
53  -0.000003 1.719575 0.000002  -0.720100 0.051523 -0.006475
54  0.000000 -0.000001 -0.000002  1.538381 -0.000002 1.570794
55  1.719580 0.000017 -0.000018  -0.003915 0.016394 -0.719628
56  0.000000 1.209182 -0.000001  -1.502664 1.085643 -1.507497
57  -0.000001 0.000000 0.000001  -0.000000 -0.000000 1.570805
58  1.209185 -0.000003 -0.000003  -0.000816 0.002971 -0.484093
59  -0.046751 3.942324 -0.431436  -0.326449 -1.473453 -0.660447
60  0.000000 0.000000 0.000000  1.317660 0.000000 1.570797
61  3.942323 0.046779 -0.431437  -0.160905 0.031173 -0.985456
62  0.000001 1.539092 0.000000  -0.255114 -0.026494 -0.056799
63  -0.000000 0.000000 0.000000  1.337310 -0.000004 1.570800
64  1.539095 0.000004 0.000002  -0.000026 0.003538 -0.262664
65  -0.000001 1.196321 0.000000  -1.013121 1.118322 -1.059577
66  -0.000003 0.000000 0.000000  0.000000 -0.000001 1.570800
67  1.196324 -0.000004 0.000004  0.000000 0.000004 -0.391200
68  0.142426 3.859705 -1.191968  -0.667373 -1.423718 -0.301272
69  0.000001 -0.000001 0.000001  0.976757 -0.000005 1.570807
70  3.859705 -0.142400 -1.191970  -0.478197 0.090837 -0.963368
71  0.000001 1.312567 0.000001  -0.361359 -0.138963 -0.204711
72  -0.000000 0.000000 -0.000001  1.078169 0.000003 1.570794
73  1.312573 -0.000011 0.000009  0.000004 -0.001344 -0.437237
74  0.000001 0.729362 0.000001  -0.404442 1.030435 -0.462979
75  0.000001 0.000000 0.000001  -0.000001 -0.000001 1.570795
76  0.729365 0.000007 0.000000  0.000002 -0.000004 -0.231828
77  0.348927 0.806045 1.321259  -1.142981 -2.276490 0.650282
78  -0.000000 -0.000001 0.000000  0.437032 0.000002 1.570790
79  0.806046 -0.348924 1.321260  -1.473564 -0.631201 -0.380783
80  -0.000000 1.789783 0.000001  0.105694 0.066383 0.343684
81  -0.000001 0.000001 0.000000  0.347279 0.000000 1.570806
82  1.789785 0.000010 -0.000002  0.002654 0.043681 0.349586
83  -0.000002 1.207000 0.000003  0.184120 0.296139 0.568002
84  -0.000000 -0.000000 -0.000000  0.000001 -0.000001 1.570797
85  1.207003 -0.000008 0.000007  -0.000004 0.000001 0.540453
86  0.000000 0.000000 1.000000  1.570796 -0.000000 0.000000
time 83
0  0.000005 3.335938 -8.640624  -1.570780 -1.391896 -1.570809
1  2.033356 1.000772 -1.937610  1.473119 1.855075 -0.198639
2  6.028144 -0.000001 0.000000  2.071675 1.508857 -0.489641
3  11.692555 0.000002 0.000002  0.000000 -0.000000 -0.328012
4  11.481699 0.000001 0.000002  -1.289089 0.005907 0.200668
5  3.859677 -0.132572 1.193110  0.432210 -0.155861 -0.861350
6  1.312553 -0.000009 0.000003  0.000000 -0.000000 -1.191973
7  0.729364 0.000004 -0.000002  -0.000000 0.000000 -1.063394
8  3.942305 0.050325 0.431044  0.232421 0.000609 -0.853331
9  1.539101 -0.000001 -0.000001  -0.000000 -0.000000 -0.973379
10  1.196318 0.000006 0.000000  -0.000000 -0.000000 -1.451261
11  3.883659 -0.050323 -0.431042  0.066987 0.050243 -0.694792
12  1.719579 0.000004 0.000000  0.000000 -0.000004 -1.251013
13  1.209183 0.000003 -0.000000  -0.000000 -0.000003 -1.141145
14  3.859840 -0.148937 -1.331279  -0.248855 0.263129 -0.072121
15  1.719421 0.000002 0.000000  0.000000 0.000000 -0.676756
16  1.099666 0.000000 -0.000003  0.000000 -0.000000 -1.021287
17  0.806021 -0.359838 -1.318333  1.349685 0.343493 -0.771450
18  1.789782 0.000002 -0.000004  -0.000000 -0.000000 0.397500
19  1.206998 0.000003 -0.000005  0.000000 0.000000 0.989033
20  4.125000 -1.447266 -3.542967  -1.564198 -0.011689 -1.581440
21  3.820738 -1.409995 -0.589408  -1.564198 -0.011689 -1.581439
22  0.222819 -3.739061 1.509298  0.024887 2.851473 -1.494016
23  3.048726 6.125613 1.106841  1.596061 0.018247 -0.808184
24  3.527214 5.063567 0.216259  1.596061 0.018246 -0.808184
25  3.352949 5.114328 -0.401207  1.596061 0.018247 -0.808184
26  2.909482 4.772882 -1.012056  1.596061 0.018247 -0.808184
27  1.772478 4.476572 2.356869  1.596061 0.018247 -0.808184
28  0.000006 3.336140 -8.647861  -1.570799 -1.391898 -1.570795
29  2.033350 1.000764 1.937663  1.227517 0.585911 1.190966
30  2.026190 1.001859 1.937675  1.227511 0.585916 1.190961
31  0.000001 -0.000001 0.000004  1.583265 0.000007 1.570794
32  0.000000 6.028147 -0.000001  -0.408439 -0.509087 -0.915396
33  0.000000 0.000009 -0.000006  -0.000002 0.000003 1.570792
34  0.000017 6.028144 -0.000011  -0.546421 0.354169 0.447511
35  0.000001 11.692570 0.000000  -0.000001 -0.000005 -0.643662
36  -0.000000 0.000000 -0.000003  0.000005 0.000000 1.570801
37  11.692578 0.000056 0.000043  0.000005 -0.000001 -0.643653
38  0.000000 11.481681 -0.000000  0.416071 0.486420 0.748260
39  -0.000001 0.000001 -0.000000  0.000000 -0.000000 1.570789
40  11.481681 -0.000053 0.000007  0.524176 -0.365362 0.544558
41  0.137968 3.859859 1.332472  -1.465460 -1.619432 0.860067
42  0.000001 -0.000001 -0.000000  1.933714 0.000004 1.570794
43  3.859861 -0.137941 1.332472  0.357799 -0.048368 -0.605268
44  0.000001 1.719428 -0.000001  -0.420884 0.202310 0.066145
45  -0.000000 -0.000001 0.000002  1.743430 0.000000 1.570798
46  1.719434 0.000005 -0.000005  0.000189 -0.009101 -0.438607
47  -0.000001 1.099661 0.000002  1.022368 1.907823 1.050341
48  0.000001 0.000000 0.000000  -0.000002 0.000003 1.570799
49  1.099665 -0.000003 0.000002  -0.000120 0.002599 -0.290985
50  0.046788 3.883686 0.431449  -0.028150 -1.505149 -0.643976
51  0.000000 0.000000 -0.000000  1.590082 0.000009 1.570787
52  3.883687 -0.046761 0.431448  0.084907 0.001838 -0.672068
53  -0.000000 1.719576 -0.000000  -0.720102 0.051523 -0.006475
54  0.000001 0.000000 0.000003  1.538381 -0.000002 1.570794
55  1.719577 0.000017 -0.000015  -0.003915 0.016394 -0.719630
56  0.000002 1.209184 0.000003  -1.502664 1.085641 -1.507497
57  -0.000000 -0.000002 -0.000000  -0.000000 -0.000000 1.570805
58  1.209186 -0.000004 -0.000002  -0.000817 0.002971 -0.484096
59  -0.046751 3.942327 -0.431438  -0.326452 -1.473453 -0.660448
60  -0.000000 0.000001 -0.000001  1.317660 0.000000 1.570797
61  3.942327 0.046779 -0.431438  -0.160904 0.031173 -0.985455
62  0.000001 1.539089 -0.000004  -0.255116 -0.026494 -0.056799
63  -0.000001 0.000000 0.000002  1.337310 -0.000004 1.570800
64  1.539093 -0.000000 0.000002  -0.000026 0.003538 -0.262666
65  0.000000 1.196321 0.000001  -1.013122 1.118321 -1.059579
66  0.000002 0.000001 -0.000000  0.000000 -0.000001 1.570800
67  1.196324 -0.000006 0.000004  0.000000 0.000004 -0.391201
68  0.142426 3.859708 -1.191969  -0.667369 -1.423718 -0.301277
69  0.000000 0.000000 -0.000002  0.976757 -0.000005 1.570807
70  3.859707 -0.142400 -1.191970  -0.478196 0.090837 -0.963367
71  -0.000001 1.312565 -0.000003  -0.361364 -0.138963 -0.204711
72  -0.000000 0.000000 0.000000  1.078169 0.000003 1.570794
73  1.312570 -0.000013 0.000008  0.000004 -0.001342 -0.437241
74  -0.000000 0.729365 0.000002  -0.404448 1.030433 -0.462987
75  0.000001 -0.000001 0.000002  -0.000001 -0.000001 1.570795
76  0.729367 0.000005 0.000001  0.000002 -0.000005 -0.231833
77  0.348927 0.806043 1.321259  -1.142984 -2.276493 0.650284
78  0.000002 -0.000001 0.000000  0.437032 0.000002 1.570790
79  0.806045 -0.348923 1.321260  -1.473564 -0.631204 -0.380782
80  0.000001 1.789782 0.000004  0.105695 0.066384 0.343688
81  0.000001 0.000000 0.000001  0.347279 0.000000 1.570806
82  1.789787 0.000013 0.000002  0.002655 0.043682 0.349589
83  0.000000 1.207000 -0.000000  0.184121 0.296138 0.568007
84  0.000001 0.000000 0.000000  0.000001 -0.000001 1.570797
85  1.207004 -0.000010 0.000003  -0.000003 0.000002 0.540458
86  0.000000 0.000000 1.000000  1.570796 -0.000000 0.000000
time 84
0  0.000005 3.335938 -8.640624  -1.570780 -1.391896 -1.570809
1  2.033356 1.000772 -1.937610  1.473119 1.855075 -0.198639
2  6.028144 -0.000001 0.000000  2.066009 1.508202 -0.495303
3  11.692555 0.000003 0.000003  -0.000000 -0.000000 -0.329478
4  11.481699 0.000000 0.000002  -1.289071 0.005989 0.200668
5  3.859675 -0.132572 1.193109  0.432210 -0.155861 -0.861350
6  1.312557 -0.000002 0.000003  0.000000 -0.000000 -1.191973
7  0.729366 0.000004 -0.000002  -0.000000 0.000000 -1.063394
8  3.942302 0.050326 0.431043  0.232421 0.000609 -0.853331
9  1.539096 -0.000002 0.000001  -0.000000 0.000000 -0.973379
10  1.196320 0.000006 -0.000000  -0.000000 -0.000000 -1.451261
11  3.883660 -0.050323 -0.431043  0.066987 0.050243 -0.694792
12  1.719578 0.000002 -0.000000  0.000000 -0.000004 -1.251013
13  1.209184 0.000003 -0.000000  -0.000000 -0.000003 -1.141145
14  3.859839 -0.148937 -1.331280  -0.248855 0.263129 -0.072121
15  1.719422 0.000002 -0.000001  0.000000 0.000000 -0.676756
16  1.099665 0.000000 -0.000000  0.000000 -0.000000 -1.021287
17  0.806021 -0.359838 -1.318334  1.349685 0.343493 -0.771450
18  1.789784 -0.000001 -0.000004  -0.000000 -0.000000 0.397500
19  1.206999 0.000003 -0.000002  0.000000 0.000000 0.989033
20  4.124998 -1.447267 -3.542968  -1.564198 -0.011689 -1.581440
21  3.820737 -1.409995 -0.589409  -1.564198 -0.011689 -1.581439
22  0.222807 -3.739062 1.509297  0.024887 2.851473 -1.494016
23  3.048727 6.125612 1.106840  1.596061 0.018247 -0.808184
24  3.527214 5.063571 0.216259  1.596061 0.018246 -0.808184
25  3.352951 5.114329 -0.401206  1.596061 0.018247 -0.808184
26  2.909482 4.772883 -1.012057  1.596061 0.018247 -0.808184
27  1.772479 4.476572 2.356868  1.596061 0.018247 -0.808184
28  0.000006 3.336140 -8.647861  -1.570799 -1.391898 -1.570795
29  2.033350 1.000764 1.937663  1.227517 0.585911 1.190966
30  2.026190 1.001859 1.937675  1.227511 0.585916 1.190961
31  0.000001 -0.000001 0.000004  1.583265 0.000007 1.570794
32  0.000000 6.028147 -0.000001  -0.408621 -0.509019 -0.915149
33  -0.000000 0.000009 -0.000005  -0.000002 0.000003 1.570791
34  0.000017 6.028144 -0.000011  -0.546385 0.354338 0.447682
35  0.000000 11.692570 0.000001  -0.000001 -0.000005 -0.644156
36  0.000000 0.000002 -0.000001  0.000005 0.000000 1.570801
37  11.692578 0.000054 0.000043  0.000005 -0.000001 -0.644147
38  -0.000000 11.481683 0.000001  0.416831 0.486529 0.748496
39  -0.000000 -0.000002 -0.000000  0.000000 -0.000000 1.570789
40  11.481682 -0.000053 0.000007  0.524435 -0.365997 0.544346
41  0.137968 3.859856 1.332472  -1.465457 -1.619432 0.860067
42  -0.000000 -0.000002 0.000001  1.933714 0.000004 1.570794
43  3.859860 -0.137941 1.332472  0.357798 -0.048368 -0.605268
44  0.000002 1.719426 -0.000003  -0.420886 0.202310 0.066145
45  -0.000001 0.000002 -0.000001  1.743430 0.000000 1.570798
46  1.719428 0.000003 -0.000003  0.000189 -0.009101 -0.438608
47  -0.000000 1.099661 -0.000002  1.022369 1.907824 1.050342
48  -0.000001 0.000001 0.000002  -0.000002 0.000003 1.570799
49  1.099663 -0.000001 0.000004  -0.000119 0.002600 -0.290985
50  0.046788 3.883686 0.431449  -0.028153 -1.505149 -0.643970
51  -0.000001 -0.000002 0.000002  1.590082 0.000009 1.570787
52  3.883689 -0.046761 0.431448  0.084906 0.001838 -0.672066
53  0.000000 1.719572 0.000001  -0.720102 0.051523 -0.006475
54  0.000000 -0.000000 -0.000002  1.538381 -0.000002 1.570794
55  1.719579 0.000014 -0.000015  -0.003915 0.016394 -0.719630
56  -0.000000 1.209181 -0.000001  -1.502664 1.085641 -1.507497
57  0.000002 0.000001 0.000000  -0.000000 -0.000000 1.570805
58  1.209184 -0.000002 -0.000004  -0.000816 0.002972 -0.484095
59  -0.046750 3.942323 -0.431437  -0.326451 -1.473453 -0.660445
60  0.000001 0.000000 -0.000001  1.317660 0.000000 1.570797
61  3.942325 0.046778 -0.431438  -0.160904 0.031173 -0.985453
62  0.000001 1.539091 0.000000  -0.255118 -0.026494 -0.056799
63  0.000000 -0.000001 0.000002  1.337310 -0.000004 1.570800
64  1.539096 0.000000 0.000003  -0.000026 0.003539 -0.262667
65  0.000001 1.196322 -0.000000  -1.013125 1.118319 -1.059582
66  -0.000001 0.000001 0.000001  0.000000 -0.000001 1.570800
67  1.196329 -0.000008 0.000004  0.000000 0.000003 -0.391204
68  0.142426 3.859704 -1.191969  -0.667378 -1.423717 -0.301263
69  -0.000000 -0.000001 0.000001  0.976757 -0.000005 1.570807
70  3.859708 -0.142400 -1.191972  -0.478196 0.090838 -0.963364
71  -0.000001 1.312568 0.000004  -0.361367 -0.138964 -0.204711
72  -0.000001 -0.000001 0.000000  1.078169 0.000003 1.570794
73  1.312574 -0.000011 0.000009  0.000004 -0.001340 -0.437244
74  -0.000000 0.729362 -0.000000  -0.404455 1.030432 -0.462993
75  -0.000001 -0.000001 -0.000002  -0.000001 -0.000001 1.570795
76  0.729366 0.000003 -0.000001  0.000001 -0.000004 -0.231837
77  0.348928 0.806045 1.321258  -1.142985 -2.276496 0.650285
78  -0.000000 0.000000 -0.000001  0.437032 0.000002 1.570791
79  0.806049 -0.348924 1.321258  -1.473565 -0.631207 -0.380782
80  -0.000003 1.789782 0.000000  0.105694 0.066383 0.343690
81  0.000000 -0.000003 0.000000  0.347279 0.000000 1.570806
82  1.789788 0.000011 -0.000002  0.002654 0.043683 0.349591
83  0.000001 1.206997 0.000001  0.184122 0.296137 0.568010
84  0.000000 0.000002 -0.000000  0.000001 -0.000001 1.570797
85  1.207004 -0.000010 0.000005  -0.000004 0.000001 0.540461
86  0.000000 0.000000 1.000000  1.570796 -0.000000 0.000000
time 85
0  0.000005 3.335938 -8.640624  -1.570780 -1.391896 -1.570809
1  2.033356 1.000772 -1.937610  1.473119 1.855075 -0.198639
2  6.028144 -0.000001 0.000000  2.061230 1.507642 -0.500095
3  11.692555 0.000002 0.000003  -0.000000 -0.000000 -0.330794
4  11.481701 -0.000000 0.000002  -1.289053 0.006071 0.200690
5  3.859680 -0.132572 1.193108  0.432210 -0.155861 -0.861350
6  1.312559 -0.000005 0.000003  0.000000 -0.000000 -1.191973
7  0.729363 0.000006 -0.000003  -0.000000 0.000000 -1.063394
8  3.942307 0.050327 0.431043  0.232421 0.000609 -0.853331
9  1.539100 -0.000001 -0.000000  -0.000000 0.000000 -0.973379
10  1.196320 0.000007 0.000001  -0.000000 0.000000 -1.451261
11  3.883663 -0.050322 -0.431043  0.066987 0.050243 -0.694792
12  1.719578 0.000005 -0.000000  0.000000 -0.000004 -1.251013
13  1.209183 0.000003 -0.000000  -0.000000 -0.000003 -1.141173
14  3.859843 -0.148936 -1.331280  -0.248855 0.263129 -0.072121
15  1.719423 0.000002 0.000001  0.000000 -0.000000 -0.676756
16  1.099663 0.000001 0.000000  0.000000 -0.000000 -1.021287
17  0.806025 -0.359837 -1.318334  1.349685 0.343493 -0.771450
18  1.789783 0.000003 -0.000004  -0.000000 -0.000000 0.397500
19  1.206998 0.000003 -0.000003  0.000000 0.000000 0.989033
20  4.125005 -1.447266 -3.542969  -1.564198 -0.011689 -1.581440
21  3.820740 -1.409994 -0.589409  -1.564198 -0.011689 -1.581439
22  0.222816 -3.739063 1.509297  0.024887 2.851473 -1.494016
23  3.048727 6.125612 1.106841  1.596061 0.018247 -0.808184
24  3.527214 5.063567 0.216259  1.596061 0.018246 -0.808184
25  3.352951 5.114326 -0.401207  1.596061 0.018247 -0.808184
26  2.909482 4.772881 -1.012057  1.596061 0.018247 -0.808184
27  1.772479 4.476570 2.356867  1.596061 0.018247 -0.808184
28  0.000006 3.336140 -8.647861  -1.570799 -1.391898 -1.570795
29  2.033350 1.000764 1.937663  1.227517 0.585911 1.190966
30  2.026190 1.001859 1.937675  1.227511 0.585916 1.190961
31  0.000001 -0.000001 0.000004  1.583265 0.000007 1.570794
32  0.000000 6.028147 -0.000001  -0.408743 -0.508944 -0.914934
33  -0.000000 0.000009 -0.000006  -0.000002 0.000003 1.570792
34  0.000017 6.028144 -0.000011  -0.546331 0.354458 0.447857
35  0.000001 11.692571 -0.000001  -0.000001 -0.000005 -0.644640
36  0.000000 0.000001 -0.000002  0.000005 0.000000 1.570801
37  11.692579 0.000054 0.000043  0.000005 -0.000001 -0.644631
38  -0.000001 11.481683 0.000000  0.417478 0.486636 0.748730
39  -0.000000 -0.000000 0.000000  0.000000 -0.000000 1.570789
40  11.481680 -0.000055 0.000008  0.524672 -0.366536 0.544193
41  0.137967 3.859858 1.332473  -1.465463 -1.619434 0.860071
42  -0.000000 -0.000001 -0.000000  1.933714 0.000004 1.570794
43  3.859864 -0.137941 1.332472  0.357799 -0.048369 -0.605265
44  0.000001 1.719426 -0.000001  -0.420889 0.202310 0.066145
45  0.000000 -0.000000 -0.000003  1.743430 0.000000 1.570799
46  1.719430 0.000007 -0.000005  0.000189 -0.009102 -0.438612
47  -0.000001 1.099662 0.000000  1.022373 1.907827 1.050348
48  0.000000 -0.000001 0.000000  -0.000002 0.000003 1.570799
49  1.099667 0.000004 0.000002  -0.000119 0.002600 -0.290989
50  0.046788 3.883689 0.431449  -0.028150 -1.505149 -0.643976
51  -0.000002 0.000001 -0.000000  1.590082 0.000009 1.570787
52  3.883693 -0.046762 0.431448  0.084906 0.001838 -0.672065
53  -0.000001 1.719575 -0.000000  -0.720105 0.051523 -0.006475
54  -0.000001 0.000000 -0.000002  1.538382 -0.000002 1.570794
55  1.719577 0.000015 -0.000015  -0.003915 0.016394 -0.719633
56  -0.000001 1.209185 -0.000003  -1.502664 1.085639 -1.507498
57  -0.000002 0.000001 -0.000000  -0.000000 -0.000000 1.570805
58  1.209188 -0.000004 -0.000003  -0.000816 0.002971 -0.484098
59  -0.046751 3.942330 -0.431437  -0.326445 -1.473453 -0.660454
60  0.000000 -0.000001 -0.000001  1.317660 0.000000 1.570797
61  3.942332 0.046778 -0.431439  -0.160904 0.031173 -0.985453
62  -0.000000 1.539090 0.000003  -0.255119 -0.026494 -0.056799
63  0.000000 -0.000001 0.000001  1.337310 -0.000004 1.570800
64  1.539098 0.000003 0.000001  -0.000026 0.003539 -0.262668
65  0.000001 1.196321 -0.000002  -1.013127 1.118317 -1.059584
66  0.000001 -0.000000 0.000000  0.000000 -0.000001 1.570800
67  1.196325 -0.000011 0.000002  0.000000 0.000004 -0.391206
68  0.142425 3.859705 -1.191969  -0.667370 -1.423718 -0.301273
69  0.000000 -0.000002 0.000001  0.976757 -0.000005 1.570807
70  3.859709 -0.142400 -1.191971  -0.478196 0.090837 -0.963364
71  0.000001 1.312565 0.000000  -0.361366 -0.138963 -0.204711
72  -0.000001 -0.000000 0.000005  1.078169 0.000003 1.570794
73  1.312571 -0.000013 0.000009  0.000004 -0.001340 -0.437243
74  -0.000001 0.729363 -0.000001  -0.404453 1.030432 -0.462992
75  -0.000000 0.000001 0.000002  -0.000001 -0.000001 1.570794
76  0.729367 -0.000002 -0.000002  0.000002 -0.000004 -0.231835
77  0.348927 0.806042 1.321258  -1.142984 -2.276495 0.650284
78  -0.000000 -0.000000 -0.000003  0.437032 0.000002 1.570791
79  0.806047 -0.348924 1.321259  -1.473565 -0.631206 -0.380782
80  0.000000 1.789782 -0.000003  0.105694 0.066383 0.343689
81  0.000001 0.000001 0.000000  0.347279 0.000000 1.570806
82  1.789785 0.000009 -0.000001  0.002654 0.043682 0.349590
83  0.000002 1.207000 -0.000002  0.184122 0.296138 0.568009
84  0.000000 0.000001 -0.000002  0.000001 -0.000001 1.570797
85  1.207004 -0.000012 0.000003  -0.000003 0.000001 0.540460
86  0.000000 0.000000 1.000000  1.570796 -0.000000 0.000000
time 86
0  0.000005 3.335938 -8.640624  -1.570780 -1.391896 -1.570809
1  2.033356 1.000772 -1.937610  1.473119 1.855075 -0.198639
2  6.028144 -0.000001 0.000000  2.057418 1.507221 -0.503918
3  11.692555 0.000001 0.000003  0.000000 -0.000000 -0.331809
4  11.481698 0.000000 0.000001  -1.289035 0.006174 0.200690
5  3.859677 -0.132571 1.193109  0.432210 -0.155861 -0.861350
6  1.312554 -0.000008 0.000002  0.000000 -0.000000 -1.191973
7  0.729365 0.000005 -0.000002  -0.000000 -0.000000 -1.063394
8  3.942304 0.050326 0.431044  0.232421 0.000609 -0.853331
9  1.539100 0.000003 -0.000001  -0.000000 0.000000 -0.973379
10  1.196319 0.000007 0.000000  -0.000000 0.000000 -1.451261
11  3.883661 -0.050322 -0.431043  0.066987 0.050243 -0.694792
12  1.719579 0.000003 -0.000001  0.000000 -0.000004 -1.251013
13  1.209183 0.000001 -0.000000  -0.000000 -0.000003 -1.141145
14  3.859842 -0.148936 -1.331280  -0.248855 0.263129 -0.072121
15  1.719422 0.000002 0.000001  0.000000 0.000000 -0.676756
16  1.099665 -0.000001 -0.000000  0.000000 -0.000000 -1.021287
17  0.806022 -0.359838 -1.318334  1.349685 0.343493 -0.771450
18  1.789784 0.000000 -0.000003  -0.000000 -0.000000 0.397500
19  1.207000 0.000003 -0.000000  0.000000 -0.000000 0.989033
20  4.125000 -1.447266 -3.542968  -1.564198 -0.011689 -1.581440
21  3.820739 -1.409994 -0.589409  -1.564198 -0.011689 -1.581439
22  0.222822 -3.739062 1.509297  0.024887 2.851473 -1.494016
23  3.048727 6.125613 1.106841  1.596061 0.018247 -0.808184
24  3.527214 5.063569 0.216259  1.596061 0.018246 -0.808184
25  3.352950 5.114329 -0.401208  1.596061 0.018247 -0.808184
26  2.909482 4.772883 -1.012057  1.596061 0.018247 -0.808184
27  1.772478 4.476572 2.356868  1.596061 0.018247 -0.808184
28  0.000006 3.336140 -8.647861  -1.570799 -1.391898 -1.570795
29  2.033350 1.000764 1.937663  1.227517 0.585911 1.190966
30  2.026190 1.001859 1.937675  1.227511 0.585916 1.190961
31  0.000001 -0.000001 0.000004  1.583265 0.000007 1.570794
32  0.000000 6.028147 -0.000001  -0.408831 -0.508872 -0.914747
33  -0.000001 0.000010 -0.000005  -0.000002 0.000003 1.570792
34  0.000017 6.028144 -0.000011  -0.546273 0.354548 0.448021
35  -0.000000 11.692572 0.000001  -0.000001 -0.000005 -0.645038
36  -0.000001 0.000000 -0.000003  0.000005 0.000000 1.570801
37  11.692578 0.000054 0.000041  0.000004 -0.000001 -0.645029
38  -0.000002 11.481681 -0.000001  0.417969 0.486732 0.748882
39  -0.000001 0.000000 0.000001  0.000000 -0.000000 1.570789
40  11.481682 -0.000057 0.000007  0.524867 -0.366941 0.544046
41  0.137968 3.859857 1.332475  -1.465460 -1.619432 0.860066
42  -0.000001 0.000003 -0.000000  1.933714 0.000004 1.570794
43  3.859863 -0.137941 1.332473  0.357799 -0.048368 -0.605267
44  -0.000000 1.719432 -0.000001  -0.420886 0.202310 0.066145
45  -0.000000 0.000002 -0.000004  1.743430 0.000000 1.570798
46  1.719432 0.000004 -0.000005  0.000190 -0.009101 -0.438608
47  -0.000000 1.099664 -0.000004  1.022369 1.907824 1.050342
48  -0.000002 -0.000000 -0.000001  -0.000002 0.000003 1.570799
49  1.099666 -0.000002 0.000001  -0.000119 0.002599 -0.290986
50  0.046789 3.883686 0.431452  -0.028150 -1.505149 -0.643976
51  -0.000000 -0.000001 -0.000000  1.590082 0.000009 1.570787
52  3.883689 -0.046762 0.431450  0.084907 0.001838 -0.672065
53  0.000000 1.719570 -0.000001  -0.720104 0.051523 -0.006475
54  0.000000 -0.000001 -0.000000  1.538382 -0.000002 1.570794
55  1.719578 0.000016 -0.000017  -0.003915 0.016393 -0.719632
56  -0.000001 1.209181 0.000002  -1.502664 1.085639 -1.507497
57  -0.000002 -0.000001 -0.000001  -0.000000 -0.000000 1.570805
58  1.209184 0.000004 -0.000004  -0.000817 0.002971 -0.484098
59  -0.046750 3.942327 -0.431434  -0.326448 -1.473453 -0.660450
60  -0.000001 0.000001 -0.000001  1.317660 0.000000 1.570797
61  3.942329 0.046778 -0.431438  -0.160903 0.031173 -0.985451
62  0.000001 1.539088 -0.000004  -0.255123 -0.026494 -0.056799
63  0.000000 -0.000002 -0.000001  1.337310 -0.000004 1.570800
64  1.539090 -0.000002 0.000002  -0.000026 0.003540 -0.262672
65  -0.000001 1.196320 0.000000  -1.013132 1.118314 -1.059589
66  -0.000001 -0.000000 -0.000001  0.000000 -0.000001 1.570800
67  1.196324 -0.000007 0.000002  0.000000 0.000004 -0.391210
68  0.142426 3.859702 -1.191966  -0.667375 -1.423717 -0.301268
69  -0.000001 0.000002 -0.000004  0.976757 -0.000005 1.570807
70  3.859707 -0.142400 -1.191970  -0.478196 0.090838 -0.963364
71  0.000000 1.312567 -0.000002  -0.361366 -0.138963 -0.204711
72  0.000000 -0.000001 -0.000002  1.078169 0.000003 1.570794
73  1.312571 -0.000012 0.000011  0.000005 -0.001341 -0.437242
74  0.000000 0.729363 -0.000004  -0.404453 1.030432 -0.462991
75  -0.000002 0.000000 -0.000000  -0.000001 -0.000001 1.570795
76  0.729367 0.000001 -0.000001  0.000001 -0.000004 -0.231836
77  0.348927 0.806042 1.321261  -1.142985 -2.276497 0.650285
78  -0.000001 -0.000000 0.000000  0.437032 0.000002 1.570791
79  0.806046 -0.348924 1.321259  -1.473565 -0.631208 -0.380781
80  -0.000001 1.789783 0.000001  0.105694 0.066383 0.343691
81  -0.000001 0.000002 0.000000  0.347279 0.000000 1.570806
82  1.789788 0.000010 -0.000001  0.002655 0.043683 0.349592
83  -0.000001 1.207001 -0.000002  0.184122 0.296137 0.568012
84  0.000001 0.000001 0.000000  0.000001 -0.000001 1.570797
85  1.207002 -0.000012 0.000002  -0.000004 0.000001 0.540462
86  0.000000 0.000000 1.000000  1.570796 -0.000000 0.000000
time 87
0  0.000005 3.335938 -8.640624  -1.570780 -1.391896 -1.570809
1  2.033356 1.000772 -1.937610  1.473119 1.855075 -0.198639
2  6.028144 -0.000001 0.000000  2.054637 1.506847 -0.506701
3  11.692555 0.000002 0.000003  -0.000000 -0.000000 -0.332598
4  11.481700 0.000000 0.000002  -1.289016 0.006277 0.200690
5  3.859677 -0.132572 1.193109  0.432210 -0.155861 -0.861350
6  1.312554 -0.000004 0.000002  0.000000 -0.000000 -1.191973
7  0.729361 0.000000 -0.000002  -0.000000 0.000000 -1.063394
8  3.942305 0.050326 0.431044  0.232421 0.000609 -0.853331
9  1.539098 -0.000003 0.000000  -0.000000 0.000000 -0.973379
10  1.196319 0.000008 -0.000000  -0.000000 -0.000000 -1.451261
11  3.883661 -0.050322 -0.431043  0.066987 0.050243 -0.694792
12  1.719575 0.000001 -0.000000  0.000000 -0.000004 -1.251013
13  1.209183 0.000003 -0.000001  -0.000000 -0.000003 -1.141145
14  3.859843 -0.148936 -1.331280  -0.248855 0.263129 -0.072121
15  1.719422 0.000002 0.000000  0.000000 0.000000 -0.676756
16  1.099663 0.000003 -0.000001  0.000000 -0.000000 -1.021286
17  0.806023 -0.359837 -1.318334  1.349685 0.343493 -0.771450
18  1.789783 0.000001 -0.000005  -0.000000 -0.000000 0.397500
19  1.207000 0.000004 -0.000001  0.000000 0.000000 0.989033
20  4.125000 -1.447266 -3.542969  -1.564198 -0.011689 -1.581440
21  3.820740 -1.409994 -0.589409  -1.564198 -0.011689 -1.581439
22  0.222822 -3.739062 1.509297  0.024887 2.851473 -1.494016
23  3.048727 6.125609 1.106841  1.596061 0.018247 -0.808184
24  3.527214 5.063567 0.216259  1.596061 0.018246 -0.808184
25  3.352950 5.114324 -0.401207  1.596061 0.018247 -0.808184
26  2.909482 4.772880 -1.012056  1.596061 0.018247 -0.808184
27  1.772479 4.476567 2.356869  1.596061 0.018247 -0.808184
28  0.000006 3.336140 -8.647861  -1.570799 -1.391898 -1.570795
29  2.033350 1.000764 1.937663  1.227517 0.585911 1.190966
30  2.026190 1.001859 1.937675  1.227511 0.585916 1.190961
31  0.000001 -0.000001 0.000004  1.583265 0.000007 1.570794
32  0.000000 6.028147 -0.000001  -0.408909 -0.508868 -0.914683
33  -0.000000 0.000009 -0.000006  -0.000002 0.000003 1.570792
34  0.000017 6.028144 -0.000011  -0.546283 0.354615 0.448043
35  0.000000 11.692572 -0.000001  -0.000001 -0.000005 -0.645173
36  -0.000001 0.000001 -0.000002  0.000005 0.000000 1.570801
37  11.692578 0.000053 0.000039  0.000004 -0.000001 -0.645164
38  -0.000002 11.481683 0.000000  0.418346 0.486834 0.748882
39  -0.000000 -0.000001 0.000000  0.000000 -0.000000 1.570789
40  11.481684 -0.000053 0.000007  0.525047 -0.367246 0.543805
41  0.137968 3.859856 1.332473  -1.465457 -1.619433 0.860070
42  0.000000 -0.000001 -0.000001  1.933714 0.000004 1.570794
43  3.859862 -0.137941 1.332473  0.357798 -0.048369 -0.605267
44  0.000001 1.719427 0.000000  -0.420887 0.202310 0.066145
45  0.000001 0.000002 -0.000000  1.743430 0.000000 1.570799
46  1.719434 0.000007 -0.000007  0.000190 -0.009101 -0.438609
47  -0.000000 1.099664 0.000001  1.022370 1.907825 1.050344
48  -0.000001 -0.000001 0.000000  -0.000002 0.000003 1.570799
49  1.099667 0.000005 0.000001  -0.000119 0.002600 -0.290987
50  0.046789 3.883683 0.431450  -0.028142 -1.505149 -0.643982
51  -0.000000 -0.000002 -0.000001  1.590082 0.000009 1.570787
52  3.883688 -0.046762 0.431449  0.084906 0.001837 -0.672067
53  -0.000001 1.719576 -0.000001  -0.720104 0.051523 -0.006475
54  -0.000000 -0.000001 0.000000  1.538381 -0.000002 1.570794
55  1.719584 0.000015 -0.000017  -0.003915 0.016394 -0.719631
56  -0.000000 1.209184 -0.000001  -1.502664 1.085640 -1.507497
57  0.000001 -0.000000 -0.000000  -0.000000 -0.000000 1.570805
58  1.209189 -0.000004 -0.000003  -0.000816 0.002971 -0.484097
59  -0.046750 3.942321 -0.431438  -0.326449 -1.473453 -0.660449
60  0.000001 0.000000 -0.000000  1.317660 0.000000 1.570797
61  3.942325 0.046778 -0.431439  -0.160904 0.031173 -0.985453
62  -0.000000 1.539091 0.000001  -0.255118 -0.026494 -0.056799
63  -0.000000 0.000001 -0.000003  1.337310 -0.000004 1.570800
64  1.539095 0.000002 0.000002  -0.000026 0.003539 -0.262667
65  -0.000001 1.196324 -0.000001  -1.013126 1.118318 -1.059584
66  -0.000000 0.000001 0.000001  0.000000 -0.000001 1.570800
67  1.196328 -0.000003 0.000004  0.000001 0.000003 -0.391205
68  0.142427 3.859704 -1.191968  -0.667371 -1.423718 -0.301271
69  -0.000001 0.000001 -0.000001  0.976757 -0.000005 1.570807
70  3.859709 -0.142400 -1.191971  -0.478196 0.090837 -0.963366
71  -0.000002 1.312568 0.000002  -0.361367 -0.138963 -0.204711
72  0.000001 0.000000 -0.000001  1.078169 0.000003 1.570794
73  1.312572 -0.000013 0.000009  0.000005 -0.001340 -0.437243
74  -0.000001 0.729363 -0.000000  -0.404454 1.030432 -0.462992
75  0.000005 0.000001 0.000002  -0.000001 -0.000001 1.570794
76  0.729367 0.000005 -0.000001  0.000001 -0.000004 -0.231836
77  0.348928 0.806041 1.321258  -1.142985 -2.276496 0.650285
78  0.000001 0.000000 0.000002  0.437032 0.000002 1.570791
79  0.806046 -0.348925 1.321259  -1.473565 -0.631208 -0.380782
80  0.000001 1.789784 0.000002  0.105694 0.066383 0.343690
81  0.000000 -0.000002 0.000000  0.347279 0.000000 1.570806
82  1.789790 0.000011 -0.000002  0.002654 0.043683 0.349591
83  0.000002 1.206998 0.000002  0.184122 0.296137 0.568011
84  0.000000 0.000000 0.000000  0.000001 -0.000001 1.570797
85  1.207005 -0.000011 0.000007  -0.000004 0.000001 0.540462
86  0.000000 0.000000 1.000000  1.570796 -0.000000 0.000000
time 88
0  0.000005 3.335938 -8.640624  -1.570780 -1.391896 -1.570809
1  2.033356 1.000772 -1.937610  1.473119 1.855075 -0.198639
2  6.028144 -0.000001 0.000000  2.052947 1.506660 -0.508419
3  11.692556 0.000002 0.000004  0.000000 -0.000000 -0.333049
4  11.481699 -0.000001 0.000003  -1.288998 0.006400 0.200690
5  3.859679 -0.132572 1.193109  0.432210 -0.155861 -0.861350
6  1.312556 -0.000005 0.000002  0.000000 -0.000000 -1.191973
7  0.729362 0.000005 -0.000001  -0.000000 0.000000 -1.063394
8  3.942305 0.050326 0.431043  0.232421 0.000609 -0.853331
9  1.539097 -0.000000 -0.000000  -0.000000 -0.000000 -0.973379
10  1.196319 0.000008 0.000000  -0.000000 0.000000 -1.451261
11  3.883661 -0.050322 -0.431043  0.066987 0.050243 -0.694792
12  1.719576 0.000005 0.000000  0.000000 -0.000004 -1.251013
13  1.209184 0.000003 -0.000001  -0.000000 -0.000003 -1.141173
14  3.859843 -0.148936 -1.331280  -0.248855 0.263129 -0.072121
15  1.719421 0.000002 0.000001  0.000000 0.000000 -0.676756
16  1.099664 -0.000001 -0.000001  0.000000 -0.000000 -1.021287
17  0.806023 -0.359837 -1.318334  1.349685 0.343493 -0.771450
18  1.789784 0.000002 -0.000004  -0.000000 -0.000000 0.397500
19  1.207001 0.000004 -0.000001  0.000000 0.000000 0.989033
20  4.124999 -1.447266 -3.542969  -1.564198 -0.011689 -1.581440
21  3.820740 -1.409994 -0.589410  -1.564198 -0.011689 -1.581439
22  0.222824 -3.739060 1.509297  0.024887 2.851473 -1.494016
23  3.048726 6.125611 1.106841  1.596061 0.018247 -0.808184
24  3.527214 5.063566 0.216259  1.596061 0.018246 -0.808184
25  3.352950 5.114327 -0.401207  1.596061 0.018247 -0.808184
26  2.909482 4.772882 -1.012057  1.596061 0.018247 -0.808184
27  1.772478 4.476570 2.356868  1.596061 0.018247 -0.808184
28  0.000006 3.336140 -8.647861  -1.570799 -1.391898 -1.570795
29  2.033350 1.000764 1.937663  1.227517 0.585911 1.190966
30  2.026190 1.001859 1.937675  1.227511 0.585916 1.190961
31  0.000001 -0.000001 0.000004  1.583265 0.000007 1.570794
32  0.000000 6.028147 -0.000001  -0.408919 -0.508845 -0.914638
33  -0.000002 0.000009 -0.000006  -0.000002 0.000003 1.570792
34  0.000017 6.028144 -0.000011  -0.546261 0.354628 0.448091
35  -0.000001 11.692571 0.000000  -0.000001 -0.000005 -0.645281
36  -0.000000 0.000002 -0.000003  0.000005 0.000000 1.570801
37  11.692578 0.000053 0.000040  0.000004 -0.000001 -0.645272
38  -0.000000 11.481682 -0.000001  0.418516 0.486935 0.748844
39  -0.000000 0.000000 0.000001  0.000000 -0.000000 1.570789
40  11.481681 -0.000055 0.000008  0.525185 -0.367373 0.543637
41  0.137968 3.859858 1.332474  -1.465456 -1.619433 0.860067
42  -0.000001 0.000002 0.000001  1.933714 0.000004 1.570794
43  3.859862 -0.137941 1.332472  0.357798 -0.048368 -0.605266
44  -0.000002 1.719429 0.000001  -0.420887 0.202310 0.066145
45  -0.000000 -0.000000 0.000001  1.743430 0.000000 1.570798
46  1.719433 0.000007 -0.000006  0.000190 -0.009101 -0.438609
47  0.000001 1.099660 -0.000002  1.022372 1.907826 1.050346
48  0.000001 0.000000 0.000001  -0.000002 0.000003 1.570799
49  1.099664 -0.000004 0.000004  -0.000119 0.002599 -0.290987
50  0.046789 3.883688 0.431451  -0.028152 -1.505149 -0.643972
51  -0.000000 0.000003 0.000000  1.590082 0.000009 1.570787
52  3.883691 -0.046761 0.431449  0.084906 0.001838 -0.672067
53  -0.000001 1.719575 0.000000  -0.720104 0.051523 -0.006475
54  -0.000002 -0.000000 -0.000002  1.538382 -0.000002 1.570794
55  1.719575 0.000015 -0.000016  -0.003915 0.016394 -0.719631
56  -0.000002 1.209183 -0.000002  -1.502664 1.085641 -1.507497
57  -0.000003 0.000000 -0.000001  -0.000000 -0.000000 1.570805
58  1.209186 -0.000001 -0.000002  -0.000816 0.002971 -0.484096
59  -0.046751 3.942325 -0.431435  -0.326454 -1.473452 -0.660443
60  -0.000001 0.000000 -0.000000  1.317660 0.000000 1.570797
61  3.942328 0.046778 -0.431438  -0.160904 0.031173 -0.985452
62  0.000001 1.539089 -0.000000  -0.255119 -0.026494 -0.056799
63  0.000000 0.000001 0.000000  1.337310 -0.000004 1.570800
64  1.539095 -0.000002 0.000003  -0.000026 0.003539 -0.262668
65  0.000002 1.196324 0.000001  -1.013126 1.118318 -1.059584
66  -0.000001 0.000000 -0.000001  0.000000 -0.000001 1.570800
67  1.196327 -0.000003 0.000005  0.000001 0.000003 -0.391205
68  0.142425 3.859706 -1.191967  -0.667375 -1.423717 -0.301268
69  0.000001 -0.000001 -0.000001  0.976757 -0.000005 1.570807
70  3.859710 -0.142400 -1.191972  -0.478196 0.090838 -0.963365
71  0.000000 1.312567 0.000003  -0.361365 -0.138964 -0.204711
72  0.000001 -0.000000 0.000001  1.078169 0.000003 1.570794
73  1.312572 -0.000013 0.000010  0.000004 -0.001341 -0.437241
74  0.000001 0.729363 -0.000000  -0.404449 1.030433 -0.462988
75  0.000000 0.000000 0.000000  -0.000001 -0.000001 1.570795
76  0.729366 0.000000 -0.000001  0.000002 -0.000005 -0.231834
77  0.348927 0.806044 1.321260  -1.142985 -2.276496 0.650285
78  0.000000 0.000000 0.000001  0.437032 0.000002 1.570791
79  0.806048 -0.348924 1.321259  -1.473565 -0.631207 -0.380782
80  0.000000 1.789784 -0.000001  0.105694 0.066383 0.343690
81  0.000001 -0.000002 0.000000  0.347279 0.000000 1.570806
82  1.789789 0.000008 -0.000004  0.002654 0.043683 0.349591
83  0.000001 1.206997 0.000001  0.184122 0.296137 0.568011
84  -0.000001 0.000001 -0.000001  0.000001 -0.000001 1.570797
85  1.206999 -0.000009 0.000006  -0.000004 0.000001 0.540461
86  0.000000 0.000000 1.000000  1.570796 -0.000000 0.000000
time 89
0  0.000005 3.335938 -8.640624  -1.570780 -1.391896 -1.570809
1  2.033356 1.000772 -1.937610  1.473119 1.855075 -0.198639
2  6.028144 -0.000001 0.000000  2.052371 1.506613 -0.509000
3  11.692556 0.000002 0.000003  -0.000000 -0.000000 -0.333237
4  11.481700 0.000003 0.000003  -1.288980 0.006524 0.200690
5  3.859676 -0.132572 1.193110  0.432210 -0.155861 -0.861350
6  1.312556 -0.000003 0.000003  0.000000 -0.000000 -1.191973
7  0.729364 0.000005 -0.000002  -0.000000 0.000000 -1.063394
8  3.942304 0.050326 0.431045  0.232421 0.000609 -0.853331
9  1.539099 -0.000003 0.000000  -0.000000 -0.000000 -0.973379
10  1.196318 0.000011 0.000001  -0.000000 -0.000000 -1.451261
11  3.883659 -0.050323 -0.431042  0.066987 0.050243 -0.694792
12  1.719580 0.000007 -0.000001  0.000000 -0.000004 -1.251013
13  1.209183 0.000003 0.000000  -0.000000 -0.000003 -1.141145
14  3.859839 -0.148937 -1.331280  -0.248855 0.263129 -0.072121
15  1.719423 0.000001 0.000000  0.000000 0.000000 -0.676756
16  1.099663 0.000002 -0.000000  0.000000 -0.000000 -1.021286
17  0.806021 -0.359837 -1.318333  1.349685 0.343493 -0.771450
18  1.789784 0.000001 -0.000003  -0.000000 -0.000000 0.397500
19  1.206999 0.000003 -0.000000  0.000000 0.000000 0.989033
20  4.124998 -1.447266 -3.542968  -1.564198 -0.011689 -1.581440
21  3.820737 -1.409995 -0.589408  -1.564198 -0.011689 -1.581439
22  0.222826 -3.739061 1.509298  0.024887 2.851473 -1.494016
23  3.048728 6.125616 1.106840  1.596061 0.018247 -0.808184
24  3.527214 5.063574 0.216259  1.596061 0.018246 -0.808184
25  3.352950 5.114331 -0.401206  1.596061 0.018247 -0.808184
26  2.909482 4.772885 -1.012057  1.596061 0.018247 -0.808184
27  1.772479 4.476574 2.356868  1.596061 0.018247 -0.808184
28  0.000006 3.336140 -8.647861  -1.570799 -1.391898 -1.570795
29  2.033350 1.000764 1.937663  1.227517 0.585911 1.190966
30  2.026190 1.001859 1.937675  1.227511 0.585916 1.190961
31  0.000001 -0.000001 0.000004  1.583265 0.000007 1.570794
32  0.000000 6.028147 -0.000001  -0.408870 -0.508825 -0.914639
33  -0.000001 0.000010 -0.000006  -0.000002 0.000003 1.570792
34  0.000017 6.028144 -0.000011  -0.546230 0.354591 0.448125
35  -0.000001 11.692571 -0.000001  -0.000001 -0.000005 -0.645324
36  -0.000001 0.000000 -0.000002  0.000005 0.000000 1.570801
37  11.692577 0.000052 0.000039  0.000004 -0.000001 -0.645315
38  -0.000001 11.481680 -0.000000  0.418538 0.486998 0.748750
39  -0.000000 -0.000002 0.000001  0.000000 -0.000000 1.570789
40  11.481683 -0.000056 0.000008  0.525255 -0.367379 0.543508
41  0.137968 3.859852 1.332476  -1.465458 -1.619432 0.860068
42  0.000000 -0.000002 0.000001  1.933714 0.000004 1.570794
43  3.859858 -0.137941 1.332476  0.357799 -0.048368 -0.605267
44  -0.000001 1.719428 0.000003  -0.420886 0.202310 0.066145
45  -0.000001 -0.000001 0.000002  1.743430 0.000000 1.570798
46  1.719432 0.000006 -0.000007  0.000190 -0.009101 -0.438609
47  -0.000001 1.099661 0.000003  1.022369 1.907825 1.050342
48  0.000001 -0.000001 -0.000001  -0.000002 0.000003 1.570799
49  1.099663 0.000002 0.000001  -0.000119 0.002600 -0.290986
50  0.046789 3.883683 0.431453  -0.028147 -1.505149 -0.643978
51  0.000001 -0.000001 -0.000002  1.590082 0.000009 1.570787
52  3.883688 -0.046762 0.431452  0.084907 0.001838 -0.672065
53  0.000002 1.719573 -0.000005  -0.720104 0.051523 -0.006475
54  -0.000001 0.000000 -0.000000  1.538382 -0.000002 1.570794
55  1.719576 0.000015 -0.000015  -0.003915 0.016394 -0.719632
56  -0.000002 1.209182 -0.000000  -1.502664 1.085639 -1.507498
57  -0.000001 -0.000000 0.000000  -0.000000 -0.000000 1.570805
58  1.209184 -0.000002 -0.000004  -0.000816 0.002971 -0.484098
59  -0.046750 3.942322 -0.431435  -0.326445 -1.473453 -0.660450
60  0.000000 0.000001 0.000003  1.317660 0.000000 1.570797
61  3.942326 0.046778 -0.431437  -0.160904 0.031173 -0.985451
62  -0.000001 1.539090 -0.000001  -0.255120 -0.026494 -0.056799
63  -0.000001 -0.000001 0.000001  1.337310 -0.000004 1.570800
64  1.539093 0.000000 0.000000  -0.000026 0.003539 -0.262669
65  -0.000002 1.196321 -0.000001  -1.013128 1.118317 -1.059585
66  0.000002 0.000001 0.000000  0.000000 -0.000001 1.570800
67  1.196325 -0.000006 0.000003  0.000000 0.000003 -0.391207
68  0.142426 3.859704 -1.191966  -0.667375 -1.423717 -0.301266
69  -0.000001 -0.000001 -0.000002  0.976757 -0.000005 1.570807
70  3.859710 -0.142400 -1.191968  -0.478196 0.090838 -0.963363
71  -0.000000 1.312565 -0.000001  -0.361369 -0.138963 -0.204711
72  -0.000001 0.000000 -0.000003  1.078169 0.000003 1.570794
73  1.312570 -0.000014 0.000008  0.000004 -0.001339 -0.437245
74  0.000000 0.729364 -0.000002  -0.404457 1.030431 -0.462996
75  -0.000000 0.000001 -0.000000  -0.000001 -0.000001 1.570795
76  0.729367 0.000005 0.000002  0.000001 -0.000004 -0.231838
77  0.348927 0.806043 1.321260  -1.142985 -2.276497 0.650285
78  0.000000 0.000000 -0.000002  0.437031 0.000002 1.570790
79  0.806049 -0.348923 1.321261  -1.473565 -0.631208 -0.380781
80  0.000001 1.789784 0.000000  0.105694 0.066383 0.343691
81  0.000001 -0.000000 0.000000  0.347279 0.000000 1.570806
82  1.789786 0.000011 0.000000  0.002655 0.043683 0.349592
83  -0.000000 1.206999 -0.000001  0.184122 0.296137 0.568012
84  -0.000000 -0.000002 0.000001  0.000001 -0.000001 1.570797
85  1.207006 -0.000009 0.000003  -0.000004 0.000001 0.540462
86  0.000000 0.000000 1.000000  1.570796 -0.000000 0.000000
time 90
0  0.000005 3.335938 -8.640624  -1.570780 -1.391896 -1.570809
1  2.033356 1.000772 -1.937610  1.473119 1.855075 -0.198639
2  6.028144 -0.000001 0.000000  2.053936 1.506800 -0.507427
3  11.692555 0.000003 0.000003  0.000000 -0.000000 -0.332786
4  11.481699 0.000001 0.000002  -1.288962 0.006647 0.200690
5  3.859677 -0.132573 1.193109  0.432210 -0.155861 -0.861350
6  1.312554 -0.000004 0.000000  0.000000 -0.000000 -1.191973
7  0.729363 0.000004 -0.000003  -0.000000 0.000000 -1.063394
8  3.942304 0.050325 0.431044  0.232421 0.000609 -0.853331
9  1.539101 0.000002 -0.000000  -0.000000 0.000000 -0.973379
10  1.196319 0.000008 0.000000  -0.000000 -0.000000 -1.451261
11  3.883662 -0.050323 -0.431043  0.066987 0.050243 -0.694792
12  1.719577 0.000006 -0.000000  0.000000 -0.000004 -1.251013
13  1.209182 0.000006 -0.000001  -0.000000 -0.000003 -1.141145
14  3.859842 -0.148937 -1.331280  -0.248855 0.263129 -0.072121
15  1.719421 0.000003 0.000000  0.000000 0.000000 -0.676756
16  1.099663 0.000001 -0.000001  0.000000 -0.000000 -1.021286
17  0.806022 -0.359838 -1.318334  1.349685 0.343493 -0.771450
18  1.789783 0.000001 -0.000003  -0.000000 -0.000000 0.397500
19  1.207000 0.000003 -0.000002  0.000000 0.000000 0.989033
20  4.125002 -1.447267 -3.542968  -1.564198 -0.011689 -1.581440
21  3.820739 -1.409995 -0.589408  -1.564198 -0.011689 -1.581439
22  0.222812 -3.739062 1.509298  0.024887 2.851473 -1.494016
23  3.048726 6.125611 1.106841  1.596061 0.018247 -0.808184
24  3.527214 5.063567 0.216259  1.596061 0.018246 -0.808184
25  3.352950 5.114326 -0.401207  1.596061 0.018247 -0.808184
26  2.909482 4.772880 -1.012055  1.596061 0.018247 -0.808184
27  1.772479 4.476569 2.356868  1.596061 0.018247 -0.808184
28  0.000006 3.336140 -8.647861  -1.570799 -1.391898 -1.570795
29  2.033350 1.000764 1.937663  1.227517 0.585911 1.190966
30  2.026190 1.001859 1.937675  1.227511 0.585916 1.190961
31  0.000001 -0.000001 0.000004  1.583265 0.000007 1.570794
32  0.000000 6.028147 -0.000001  -0.408782 -0.508875 -0.914789
33  -0.000000 0.000009 -0.000006  -0.000002 0.000003 1.570792
34  0.000017 6.028144 -0.000011  -0.546266 0.354505 0.448006
35  0.000001 11.692571 0.000000  -0.000001 -0.000005 -0.645003
36  0.000000 0.000001 -0.000000  0.000005 0.000000 1.570801
37  11.692579 0.000053 0.000040  0.000004 -0.000001 -0.644994
38  -0.000000 11.481683 0.000002  0.418219 0.487037 0.748431
39  -0.000001 0.000001 -0.000000  0.000000 -0.000000 1.570789
40  11.481685 -0.000051 0.000009  0.525235 -0.367096 0.543345
41  0.137968 3.859857 1.332473  -1.465457 -1.619432 0.860069
42  0.000000 -0.000002 0.000001  1.933714 0.000004 1.570794
43  3.859859 -0.137941 1.332473  0.357799 -0.048368 -0.605268
44  -0.000001 1.719427 0.000001  -0.420885 0.202310 0.066145
45  -0.000001 -0.000000 -0.000001  1.743430 0.000000 1.570798
46  1.719433 0.000006 -0.000006  0.000190 -0.009101 -0.438608
47  -0.000001 1.099665 -0.000002  1.022369 1.907824 1.050343
48  -0.000001 -0.000001 0.000000  -0.000002 0.000003 1.570799
49  1.099669 0.000001 0.000003  -0.000119 0.002599 -0.290986
50  0.046789 3.883687 0.431450  -0.028138 -1.505149 -0.643987
51  -0.000000 0.000001 -0.000000  1.590082 0.000009 1.570787
52  3.883688 -0.046762 0.431450  0.084907 0.001837 -0.672067
53  0.000000 1.719578 -0.000000  -0.720104 0.051523 -0.006475
54  0.000001 0.000000 0.000001  1.538381 -0.000002 1.570794
55  1.719577 0.000013 -0.000017  -0.003915 0.016394 -0.719632
56  0.000001 1.209181 0.000001  -1.502664 1.085640 -1.507497
57  0.000003 -0.000000 -0.000001  -0.000000 -0.000000 1.570805
58  1.209183 0.000000 -0.000001  -0.000816 0.002971 -0.484097
59  -0.046750 3.942327 -0.431436  -0.326455 -1.473453 -0.660444
60  0.000000 0.000000 -0.000001  1.317660 0.000000 1.570797
61  3.942325 0.046778 -0.431438  -0.160904 0.031174 -0.985454
62  -0.000000 1.539090 -0.000003  -0.255117 -0.026494 -0.056799
63  0.000000 -0.000001 0.000003  1.337310 -0.000004 1.570800
64  1.539094 -0.000003 0.000000  -0.000026 0.003539 -0.262667
65  0.000001 1.196321 0.000003  -1.013124 1.118320 -1.059581
66  0.000002 0.000000 0.000000  0.000000 -0.000001 1.570800
67  1.196325 -0.000004 0.000003  0.000000 0.000004 -0.391203
68  0.142426 3.859705 -1.191967  -0.667374 -1.423717 -0.301270
69  0.000001 0.000001 0.000003  0.976757 -0.000005 1.570807
70  3.859707 -0.142400 -1.191969  -0.478196 0.090838 -0.963366
71  0.000000 1.312568 0.000005  -0.361365 -0.138963 -0.204711
72  0.000001 -0.000000 -0.000001  1.078169 0.000003 1.570794
73  1.312570 -0.000012 0.000009  0.000005 -0.001341 -0.437241
74  0.000002 0.729364 -0.000002  -0.404450 1.030433 -0.462988
75  -0.000002 -0.000001 0.000000  -0.000001 -0.000001 1.570795
76  0.729367 -0.000002 -0.000001  0.000001 -0.000004 -0.231834
77  0.348927 0.806046 1.321259  -1.142986 -2.276497 0.650285
78  -0.000001 0.000001 -0.000002  0.437032 0.000002 1.570791
79  0.806048 -0.348924 1.321260  -1.473565 -0.631208 -0.380782
80  -0.000000 1.789786 -0.000003  0.105694 0.066383 0.343691
81  -0.000000 -0.000003 0.000001  0.347279 0.000000 1.570806
82  1.789787 0.000008 -0.000003  0.002654 0.043683 0.349593
83  0.000000 1.206996 0.000001  0.184123 0.296137 0.568012
84  -0.000000 0.000003 -0.000001  0.000001 -0.000001 1.570797
85  1.207000 -0.000012 0.000004  -0.000003 0.000001 0.540463
86  0.000000 0.000000 1.000000  1.570796 -0.000000 0.000000
time 91
0  0.000005 3.335938 -8.640624  -1.570780 -1.391896 -1.570809
1  2.033356 1.000772 -1.937610  1.473119 1.855075 -0.198639
2  6.028144 -0.000001 0.000000  2.058077 1.507268 -0.503265
3  11.692555 0.000002 0.000002  -0.000000 -0.000000 -0.331621
4  11.481699 0.000001 0.000002  -1.288944 0.006770 0.200690
5  3.859680 -0.132572 1.193110  0.432210 -0.155861 -0.861350
6  1.312555 -0.000006 0.000003  0.000000 -0.000000 -1.191973
7  0.729362 0.000003 -0.000003  -0.000000 0.000000 -1.063394
8  3.942306 0.050326 0.431044  0.232421 0.000609 -0.853331
9  1.539101 -0.000001 0.000001  -0.000000 0.000000 -0.973379
10  1.196319 0.000006 0.000000  -0.000000 -0.000000 -1.451261
11  3.883663 -0.050323 -0.431043  0.066987 0.050243 -0.694792
12  1.719579 0.000004 -0.000000  0.000000 -0.000004 -1.251013
13  1.209182 0.000002 -0.000000  -0.000000 -0.000003 -1.141145
14  3.859843 -0.148936 -1.331280  -0.248855 0.263129 -0.072121
15  1.719420 0.000002 -0.000001  0.000000 0.000000 -0.676756
16  1.099663 -0.000000 -0.000001  0.000000 -0.000000 -1.021287
17  0.806022 -0.359837 -1.318333  1.349685 0.343493 -0.771450
18  1.789782 0.000001 -0.000003  -0.000000 -0.000000 0.397500
19  1.207000 0.000005 -0.000002  0.000000 0.000000 0.989033
20  4.125002 -1.447266 -3.542968  -1.564198 -0.011689 -1.581440
21  3.820740 -1.409994 -0.589408  -1.564198 -0.011689 -1.581439
22  0.222813 -3.739062 1.509297  0.024887 2.851473 -1.494016
23  3.048726 6.125613 1.106840  1.596061 0.018247 -0.808184
24  3.527213 5.063569 0.216258  1.596061 0.018246 -0.808184
25  3.352949 5.114329 -0.401207  1.596061 0.018247 -0.808184
26  2.909482 4.772885 -1.012058  1.596061 0.018247 -0.808184
27  1.772479 4.476573 2.356867  1.596061 0.018247 -0.808184
28  0.000006 3.336140 -8.647861  -1.570799 -1.391898 -1.570795
29  2.033350 1.000764 1.937663  1.227517 0.585911 1.190966
30  2.026190 1.001859 1.937675  1.227511 0.585916 1.190961
31  0.000001 -0.000001 0.000004  1.583265 0.000007 1.570794
32  0.000000 6.028147 -0.000001  -0.408622 -0.508996 -0.915110
33  -0.000001 0.000010 -0.000005  -0.000002 0.000003 1.570792
34  0.000017 6.028144 -0.000011  -0.546362 0.354344 0.447729
35  -0.000001 11.692572 -0.000000  -0.000001 -0.000005 -0.644298
36  -0.000000 0.000001 -0.000003  0.000005 0.000000 1.570801
37  11.692578 0.000054 0.000041  0.000004 -0.000001 -0.644289
38  -0.000002 11.481683 -0.000001  0.417515 0.487047 0.747871
39  -0.000000 0.000002 0.000001  0.000000 -0.000000 1.570789
40  11.481682 -0.000052 0.000008  0.525110 -0.366484 0.543160
41  0.137968 3.859855 1.332475  -1.465460 -1.619433 0.860069
42  -0.000000 -0.000000 -0.000001  1.933714 0.000004 1.570794
43  3.859859 -0.137941 1.332476  0.357799 -0.048369 -0.605267
44  -0.000001 1.719429 -0.000001  -0.420886 0.202310 0.066145
45  0.000000 -0.000001 0.000001  1.743430 0.000000 1.570798
46  1.719432 0.000005 -0.000008  0.000190 -0.009101 -0.438609
47  0.000000 1.099662 0.000002  1.022370 1.907825 1.050344
48  -0.000003 -0.000000 -0.000000  -0.000002 0.000003 1.570799
49  1.099666 0.000004 0.000000  -0.000119 0.002600 -0.290986
50  0.046788 3.883687 0.431452  -0.028158 -1.505149 -0.643965
51  -0.000000 -0.000001 0.000000  1.590082 0.000009 1.570787
52  3.883690 -0.046762 0.431453  0.084906 0.001838 -0.672066
53  -0.000001 1.719577 -0.000000  -0.720102 0.051523 -0.006475
54  0.000000 -0.000001 -0.000001  1.538381 -0.000002 1.570794
55  1.719580 0.000016 -0.000017  -0.003915 0.016394 -0.719630
56  0.000002 1.209180 -0.000003  -1.502664 1.085641 -1.507497
57  0.000000 0.000001 0.000001  -0.000000 -0.000000 1.570805
58  1.209184 0.000000 0.000000  -0.000816 0.002971 -0.484096
59  -0.046751 3.942325 -0.431434  -0.326445 -1.473453 -0.660449
60  -0.000000 -0.000000 0.000001  1.317660 0.000000 1.570797
61  3.942327 0.046778 -0.431435  -0.160904 0.031173 -0.985451
62  0.000000 1.539089 0.000003  -0.255120 -0.026494 -0.056799
63  -0.000000 0.000000 0.000001  1.337310 -0.000004 1.570800
64  1.539093 0.000001 0.000003  -0.000026 0.003539 -0.262669
65  -0.000001 1.196323 0.000001  -1.013128 1.118316 -1.059586
66  -0.000000 0.000000 -0.000000  0.000000 -0.000001 1.570800
67  1.196326 -0.000007 0.000004  0.000001 0.000004 -0.391207
68  0.142426 3.859706 -1.191966  -0.667372 -1.423717 -0.301269
69  -0.000000 -0.000001 -0.000001  0.976757 -0.000005 1.570807
70  3.859710 -0.142400 -1.191967  -0.478196 0.090837 -0.963365
71  -0.000001 1.312565 0.000001  -0.361367 -0.138963 -0.204711
72  0.000000 -0.000000 -0.000001  1.078169 0.000003 1.570794
73  1.312569 -0.000013 0.000008  0.000004 -0.001340 -0.437243
74  -0.000001 0.729362 -0.000001  -0.404453 1.030432 -0.462993
75  0.000003 0.000000 0.000001  -0.000001 -0.000001 1.570795
76  0.729365 0.000002 -0.000001  0.000002 -0.000004 -0.231836
77  0.348927 0.806043 1.321261  -1.142985 -2.276496 0.650285
78  0.000000 -0.000000 0.000000  0.437032 0.000002 1.570790
79  0.806047 -0.348924 1.321262  -1.473565 -0.631207 -0.380782
80  0.000000 1.789781 -0.000002  0.105695 0.066383 0.343690
81  -0.000001 0.000000 0.000001  0.347279 0.000000 1.570806
82  1.789786 0.000011 -0.000003  0.002654 0.043683 0.349592
83  -0.000000 1.206998 0.000000  0.184122 0.296137 0.568011
84  0.000000 -0.000001 0.000001  0.000001 -0.000001 1.570797
85  1.207003 -0.000011 0.000005  -0.000004 0.000001 0.540462
86  0.000000 0.000000 1.000000  1.570796 -0.000000 0.000000
time 92
0  0.000005 3.335938 -8.640624  -1.570780 -1.391896 -1.570809
1  2.033356 1.000772 -1.937610  1.473119 1.855075 -0.198639
2  6.028144 -0.000001 0.000000  2.064135 1.508015 -0.497191
3  11.692555 0.000002 0.000003  -0.000000 -0.000000 -0.330004
4  11.481701 0.000000 0.000003  -1.288926 0.006894 0.200690
5  3.859679 -0.132572 1.193109  0.432210 -0.155861 -0.861350
6  1.312556 -0.000006 0.000003  0.000000 -0.000000 -1.191973
7  0.729364 0.000004 -0.000001  -0.000000 0.000000 -1.063394
8  3.942306 0.050326 0.431043  0.232421 0.000609 -0.853331
9  1.539099 -0.000002 -0.000001  -0.000000 0.000000 -0.973379
10  1.196320 0.000006 0.000000  -0.000000 -0.000000 -1.451261
11  3.883661 -0.050323 -0.431043  0.066987 0.050243 -0.694792
12  1.719577 0.000005 -0.000001  0.000000 -0.000004 -1.251013
13  1.209183 0.000003 -0.000001  -0.000000 -0.000003 -1.141173
14  3.859841 -0.148937 -1.331280  -0.248855 0.263129 -0.072121
15  1.719420 0.000002 0.000001  0.000000 0.000000 -0.676756
16  1.099665 0.000001 -0.000000  0.000000 -0.000000 -1.021287
17  0.806023 -0.359838 -1.318334  1.349685 0.343493 -0.771450
18  1.789784 0.000002 -0.000005  -0.000000 -0.000000 0.397500
19  1.206999 0.000001 -0.000002  0.000000 -0.000000 0.989033
20  4.125002 -1.447267 -3.542969  -1.564198 -0.011689 -1.581440
21  3.820739 -1.409994 -0.589409  -1.564198 -0.011689 -1.581439
22  0.222819 -3.739062 1.509297  0.024887 2.851473 -1.494016
23  3.048728 6.125611 1.106840  1.596061 0.018247 -0.808184
24  3.527214 5.063569 0.216259  1.596061 0.018246 -0.808184
25  3.352950 5.114328 -0.401208  1.596061 0.018247 -0.808184
26  2.909482 4.772884 -1.012057  1.596061 0.018247 -0.808184
27  1.772478 4.476572 2.356868  1.596061 0.018247 -0.808184
28  0.000006 3.336140 -8.647861  -1.570799 -1.391898 -1.570795
29  2.033350 1.000764 1.937663  1.227517 0.585911 1.190966
30  2.026190 1.001859 1.937675  1.227511 0.585916 1.190961
31  0.000001 -0.000001 0.000004  1.583265 0.000007 1.570794
32  0.000000 6.028147 -0.000001  -0.408339 -0.509078 -0.915457
33  -0.000000 0.000010 -0.000006  -0.000002 0.000003 1.570792
34  0.000017 6.028144 -0.000011  -0.546393 0.354085 0.447509
35  0.000001 11.692571 -0.000001  -0.000001 -0.000005 -0.643615
36  -0.000001 0.000001 -0.000003  0.000005 0.000000 1.570801
37  11.692577 0.000053 0.000039  0.000004 -0.000001 -0.643605
38  -0.000001 11.481682 -0.000001  0.416544 0.487013 0.747308
39  -0.000000 0.000002 -0.000000  0.000000 -0.000000 1.570789
40  11.481682 -0.000055 0.000006  0.524888 -0.365651 0.543131
41  0.137968 3.859857 1.332474  -1.465461 -1.619432 0.860068
42  -0.000001 0.000000 0.000000  1.933714 0.000004 1.570794
43  3.859857 -0.137941 1.332474  0.357798 -0.048368 -0.605268
44  -0.000000 1.719430 0.000000  -0.420886 0.202310 0.066145
45  -0.000001 0.000000 0.000002  1.743430 0.000000 1.570798
46  1.719434 0.000006 -0.000006  0.000190 -0.009101 -0.438608
47  -0.000000 1.099661 0.000000  1.022369 1.907825 1.050343
48  -0.000001 0.000000 -0.000001  -0.000002 0.000003 1.570799
49  1.099662 -0.000000 0.000003  -0.000119 0.002599 -0.290986
50  0.046789 3.883688 0.431449  -0.028156 -1.505149 -0.643970
51  0.000001 -0.000000 0.000001  1.590082 0.000009 1.570787
52  3.883688 -0.046762 0.431449  0.084906 0.001838 -0.672066
53  -0.000000 1.719577 0.000004  -0.720101 0.051523 -0.006475
54  -0.000000 0.000000 0.000000  1.538381 -0.000002 1.570794
55  1.719582 0.000018 -0.000016  -0.003915 0.016394 -0.719629
56  -0.000000 1.209181 -0.000001  -1.502664 1.085642 -1.507497
57  0.000000 0.000000 0.000000  -0.000000 -0.000000 1.570805
58  1.209184 -0.000002 -0.000002  -0.000816 0.002971 -0.484095
59  -0.046751 3.942322 -0.431437  -0.326446 -1.473453 -0.660452
60  0.000000 -0.000000 -0.000001  1.317660 0.000000 1.570797
61  3.942321 0.046779 -0.431438  -0.160904 0.031173 -0.985454
62  0.000001 1.539091 -0.000004  -0.255117 -0.026494 -0.056799
63  -0.000002 -0.000001 0.000001  1.337310 -0.000004 1.570800
64  1.539095 -0.000004 0.000003  -0.000026 0.003539 -0.262666
65  -0.000000 1.196321 0.000001  -1.013123 1.118320 -1.059581
66  0.000001 0.000000 0.000000  0.000000 -0.000001 1.570800
67  1.196326 -0.000006 0.000005  0.000001 0.000004 -0.391202
68  0.142426 3.859704 -1.191969  -0.667374 -1.423718 -0.301271
69  -0.000001 0.000002 -0.000001  0.976757 -0.000005 1.570807
70  3.859704 -0.142400 -1.191971  -0.478196 0.090837 -0.963366
71  0.000001 1.312568 -0.000005  -0.361361 -0.138964 -0.204711
72  -0.000001 0.000000 0.000000  1.078169 0.000003 1.570794
73  1.312571 -0.000020 0.000006  0.000004 -0.001343 -0.437238
74  -0.000001 0.729364 -0.000001  -0.404444 1.030434 -0.462982
75  -0.000001 -0.000000 0.000000  -0.000001 -0.000001 1.570795
76  0.729366 0.000001 -0.000002  0.000002 -0.000004 -0.231830
77  0.348928 0.806043 1.321259  -1.142981 -2.276490 0.650282
78  -0.000001 -0.000000 0.000001  0.437032 0.000002 1.570791
79  0.806043 -0.348924 1.321261  -1.473564 -0.631200 -0.380782
80  0.000000 1.789786 -0.000000  0.105694 0.066383 0.343684
81  -0.000001 0.000000 0.000001  0.347279 0.000000 1.570806
82  1.789790 0.000013 -0.000003  0.002654 0.043681 0.349585
83  0.000000 1.207000 0.000002  0.184119 0.296139 0.568001
84  0.000000 -0.000001 0.000000  0.000001 -0.000001 1.570797
85  1.207003 -0.000011 0.000005  -0.000004 0.000001 0.540452
86  0.000000 0.000000 1.000000  1.570796 -0.000000 0.000000
time 93
0  0.000005 3.335938 -8.640624  -1.570780 -1.391896 -1.570809
1  2.033356 1.000772 -1.937610  1.473119 1.855075 -0.198639
2  6.028144 -0.000001 0.000000  2.071593 1.508857 -0.489713
3  11.692556 0.000004 0.000003  0.000000 -0.000000 -0.328012
4  11.481699 0.000000 0.000002  -1.288908 0.006997 0.200690
5  3.859674 -0.132572 1.193110  0.432210 -0.155861 -0.861350
6  1.312553 -0.000007 0.000001  0.000000 -0.000000 -1.191973
7  0.729362 0.000008 -0.000001  -0.000000 0.000000 -1.063394
8  3.942302 0.050326 0.431044  0.232421 0.000609 -0.853331
9  1.539099 0.000001 -0.000001  -0.000000 0.000000 -0.973379
10  1.196319 0.000009 0.000000  -0.000000 -0.000000 -1.451261
11  3.883658 -0.050323 -0.431043  0.066987 0.050243 -0.694792
12  1.719579 0.000003 0.000000  0.000000 -0.000004 -1.251013
13  1.209183 0.000003 -0.000001  -0.000000 -0.000003 -1.141145
14  3.859839 -0.148936 -1.331280  -0.248855 0.263129 -0.072121
15  1.719422 0.000002 0.000000  0.000000 0.000000 -0.676756
16  1.099664 -0.000002 -0.000001  0.000000 -0.000000 -1.021286
17  0.806020 -0.359838 -1.318334  1.349685 0.343493 -0.771450
18  1.789784 0.000003 -0.000005  -0.000000 -0.000000 0.397500
19  1.207003 0.000002 -0.000001  0.000000 0.000000 0.989033
20  4.124998 -1.447266 -3.542968  -1.564198 -0.011689 -1.581440
21  3.820735 -1.409995 -0.589409  -1.564198 -0.011689 -1.581439
22  0.222824 -3.739059 1.509297  0.024887 2.851473 -1.494016
23  3.048727 6.125610 1.106840  1.596061 0.018247 -0.808184
24  3.527214 5.063566 0.216259  1.596061 0.018246 -0.808184
25  3.352950 5.114326 -0.401208  1.596061 0.018247 -0.808184
26  2.909482 4.772882 -1.012056  1.596061 0.018247 -0.808184
27  1.772479 4.476569 2.356868  1.596061 0.018247 -0.808184
28  0.000006 3.336140 -8.647861  -1.570799 -1.391898 -1.570795
29  2.033350 1.000764 1.937663  1.227517 0.585911 1.190966
30  2.026190 1.001859 1.937675  1.227511 0.585916 1.190961
31  0.000001 -0.000001 0.000004  1.583265 0.000007 1.570794
32  0.000000 6.028147 -0.000001  -0.408068 -0.509230 -0.915913
33  -0.000001 0.000009 -0.000006  -0.000002 0.000003 1.570791
34  0.000017 6.028144 -0.000011  -0.546500 0.353821 0.447149
35  -0.000001 11.692571 -0.000001  -0.000001 -0.000005 -0.642641
36  -0.000000 0.000001 -0.000002  0.000005 0.000000 1.570801
37  11.692579 0.000053 0.000040  0.000004 -0.000001 -0.642632
38  0.000000 11.481682 -0.000000  0.415395 0.486975 0.746596
39  -0.000000 -0.000002 0.000001  0.000000 -0.000000 1.570789
40  11.481683 -0.000055 0.000007  0.524628 -0.364664 0.543050
41  0.137968 3.859856 1.332474  -1.465457 -1.619431 0.860066
42  0.000000 -0.000002 0.000002  1.933714 0.000004 1.570794
43  3.859862 -0.137942 1.332474  0.357799 -0.048367 -0.605269
44  0.000001 1.719423 0.000000  -0.420882 0.202310 0.066145
45  -0.000001 -0.000001 -0.000000  1.743430 0.000000 1.570799
46  1.719430 0.000003 -0.000005  0.000190 -0.009101 -0.438605
47  0.000000 1.099661 -0.000003  1.022365 1.907822 1.050338
48  -0.000002 -0.000000 -0.000001  -0.000002 0.000003 1.570799
49  1.099663 0.000000 0.000003  -0.000120 0.002600 -0.290983
50  0.046788 3.883685 0.431450  -0.028158 -1.505149 -0.643965
51  -0.000002 0.000000 -0.000001  1.590082 0.000009 1.570787
52  3.883692 -0.046762 0.431449  0.084906 0.001838 -0.672066
53  0.000000 1.719573 -0.000003  -0.720102 0.051523 -0.006475
54  -0.000000 0.000000 0.000001  1.538381 -0.000002 1.570794
55  1.719575 0.000015 -0.000015  -0.003915 0.016394 -0.719630
56  0.000001 1.209183 0.000001  -1.502664 1.085642 -1.507497
57  -0.000001 0.000000 -0.000000  -0.000000 -0.000000 1.570805
58  1.209185 0.000000 -0.000003  -0.000817 0.002971 -0.484096
59  -0.046750 3.942326 -0.431435  -0.326457 -1.473452 -0.660441
60  0.000001 -0.000000 0.000001  1.317660 0.000000 1.570797
61  3.942332 0.046778 -0.431437  -0.160904 0.031174 -0.985453
62  -0.000002 1.539093 0.000002  -0.255116 -0.026494 -0.056799
63  -0.000000 -0.000000 -0.000001  1.337310 -0.000004 1.570800
64  1.539097 0.000001 -0.000001  -0.000026 0.003538 -0.262666
65  -0.000003 1.196322 0.000004  -1.013122 1.118321 -1.059580
66  -0.000003 -0.000001 -0.000000  0.000000 -0.000001 1.570800
67  1.196325 0.000004 0.000002  0.000000 0.000004 -0.391201
68  0.142426 3.859702 -1.191967  -0.667372 -1.423718 -0.301272
69  0.000001 0.000000 -0.000001  0.976757 -0.000005 1.570807
70  3.859709 -0.142400 -1.191969  -0.478196 0.090837 -0.963367
71  0.000002 1.312566 -0.000000  -0.361362 -0.138964 -0.204711
72  -0.000001 -0.000000 -0.000001  1.078169 0.000003 1.570794
73  1.312569 -0.000015 0.000010  0.000004 -0.001342 -0.437239
74  -0.000000 0.729363 -0.000001  -0.404445 1.030434 -0.462983
75  0.000000 0.000000 -0.000001  -0.000001 -0.000001 1.570795
76  0.729366 0.000004 -0.000000  0.000001 -0.000004 -0.231831
77  0.348928 0.806044 1.321261  -1.142983 -2.276493 0.650284
78  0.000000 -0.000001 -0.000001  0.437032 0.000002 1.570790
79  0.806050 -0.348924 1.321261  -1.473565 -0.631204 -0.380782
80  -0.000001 1.789782 0.000001  0.105694 0.066383 0.343687
81  0.000000 0.000000 0.000001  0.347279 0.000000 1.570806
82  1.789789 0.000013 -0.000001  0.002654 0.043682 0.349589
83  -0.000001 1.206999 0.000001  0.184121 0.296138 0.568006
84  -0.000000 -0.000002 -0.000000  0.000001 -0.000001 1.570797
85  1.207003 -0.000010 0.000005  -0.000004 0.000001 0.540458
86  0.000000 0.000000 1.000000  1.570796 -0.000000 0.000000
time 94
0  0.000005 3.335938 -8.640624  -1.570780 -1.391896 -1.570809
1  2.033356 1.000772 -1.937610  1.473119 1.855075 -0.198639
2  6.028144 -0.000001 0.000000  2.079978 1.509791 -0.481317
3  11.692555 0.000002 0.000002  -0.000000 -0.000000 -0.325869
4  11.481701 -0.000000 0.000003  -1.288889 0.007099 0.200690
5  3.859678 -0.132572 1.193109  0.432210 -0.155861 -0.861350
6  1.312556 -0.000004 0.000001  0.000000 -0.000000 -1.191973
7  0.729363 0.000006 -0.000002  -0.000000 0.000000 -1.063394
8  3.942303 0.050326 0.431043  0.232421 0.000609 -0.853331
9  1.539097 -0.000001 0.000000  -0.000000 0.000000 -0.973379
10  1.196319 0.000008 0.000001  -0.000000 0.000000 -1.451261
11  3.883660 -0.050323 -0.431043  0.066987 0.050243 -0.694792
12  1.719578 0.000005 -0.000000  0.000000 -0.000004 -1.251013
13  1.209183 0.000004 0.000000  -0.000000 -0.000003 -1.141145
14  3.859842 -0.148936 -1.331280  -0.248855 0.263129 -0.072121
15  1.719424 0.000001 0.000001  0.000000 0.000000 -0.676756
16  1.099663 0.000002 0.000001  0.000000 -0.000000 -1.021287
17  0.806022 -0.359838 -1.318334  1.349685 0.343493 -0.771450
18  1.789782 -0.000000 -0.000003  -0.000000 -0.000000 0.397500
19  1.207001 0.000002 0.000002  0.000000 -0.000000 0.989033
20  4.124999 -1.447266 -3.542969  -1.564198 -0.011689 -1.581440
21  3.820738 -1.409994 -0.589409  -1.564198 -0.011689 -1.581439
22  0.222814 -3.739063 1.509298  0.024887 2.851473 -1.494016
23  3.048727 6.125612 1.106841  1.596061 0.018247 -0.808184
24  3.527214 5.063570 0.216259  1.596061 0.018246 -0.808184
25  3.352950 5.114327 -0.401207  1.596061 0.018247 -0.808184
26  2.909482 4.772883 -1.012056  1.596061 0.018247 -0.808184
27  1.772478 4.476573 2.356868  1.596061 0.018247 -0.808184
28  0.000006 3.336140 -8.647861  -1.570799 -1.391898 -1.570795
29  2.033350 1.000764 1.937663  1.227517 0.585911 1.190966
30  2.026190 1.001859 1.937675  1.227511 0.585916 1.190961
31  0.000001 -0.000001 0.000004  1.583265 0.000007 1.570794
32  0.000000 6.028147 -0.000001  -0.407751 -0.509368 -0.916379
33  -0.000000 0.000010 -0.000005  -0.000002 0.000003 1.570791
34  0.000017 6.028144 -0.000011  -0.546583 0.353522 0.446808
35  0.000000 11.692572 0.000000  -0.000001 -0.000005 -0.641683
36  -0.000001 0.000000 -0.000001  0.000005 0.000000 1.570801
37  11.692578 0.000052 0.000040  0.000004 -0.000001 -0.641674
38  -0.000002 11.481682 0.000001  0.414157 0.486929 0.745893
39  -0.000000 0.000001 0.000001  0.000000 -0.000000 1.570789
40  11.481683 -0.000052 0.000008  0.524343 -0.363601 0.543027
41  0.137968 3.859857 1.332473  -1.465456 -1.619432 0.860066
42  0.000001 -0.000001 -0.000000  1.933714 0.000004 1.570794
43  3.859859 -0.137940 1.332473  0.357798 -0.048368 -0.605268
44  0.000001 1.719428 -0.000001  -0.420884 0.202310 0.066145
45  -0.000001 0.000000 -0.000001  1.743430 0.000000 1.570798
46  1.719434 0.000005 -0.000006  0.000190 -0.009101 -0.438606
47  -0.000001 1.099663 0.000002  1.022366 1.907823 1.050340
48  0.000000 0.000000 0.000001  -0.000002 0.000003 1.570799
49  1.099666 0.000003 0.000000  -0.000119 0.002600 -0.290984
50  0.046788 3.883686 0.431449  -0.028154 -1.505149 -0.643968
51  0.000000 0.000001 -0.000001  1.590082 0.000009 1.570787
52  3.883687 -0.046761 0.431448  0.084906 0.001838 -0.672066
53  -0.000000 1.719577 0.000001  -0.720101 0.051523 -0.006475
54  0.000001 -0.000000 -0.000002  1.538381 -0.000002 1.570794
55  1.719577 0.000015 -0.000018  -0.003915 0.016394 -0.719628
56  0.000002 1.209180 -0.000001  -1.502664 1.085642 -1.507497
57  -0.000001 0.000001 -0.000000  -0.000000 -0.000000 1.570805
58  1.209184 -0.000002 -0.000002  -0.000816 0.002971 -0.484095
59  -0.046751 3.942325 -0.431436  -0.326445 -1.473453 -0.660450
60  -0.000001 -0.000001 0.000002  1.317660 0.000000 1.570797
61  3.942326 0.046779 -0.431438  -0.160904 0.031173 -0.985452
62  -0.000001 1.539090 0.000002  -0.255119 -0.026494 -0.056799
63  -0.000001 -0.000001 -0.000000  1.337310 -0.000004 1.570800
64  1.539096 0.000000 0.000002  -0.000026 0.003539 -0.262668
65  -0.000001 1.196320 0.000000  -1.013127 1.118317 -1.059585
66  -0.000003 -0.000000 -0.000000  0.000000 -0.000001 1.570800
67  1.196325 -0.000004 0.000003  0.000001 0.000004 -0.391206
68  0.142426 3.859704 -1.191968  -0.667375 -1.423717 -0.301267
69  -0.000001 0.000002 -0.000002  0.976757 -0.000005 1.570807
70  3.859706 -0.142400 -1.191970  -0.478196 0.090838 -0.963365
71  0.000000 1.312569 -0.000001  -0.361363 -0.138964 -0.204711
72  0.000000 0.000001 -0.000002  1.078169 0.000003 1.570794
73  1.312573 -0.000013 0.000008  0.000004 -0.001342 -0.437239
74  0.000001 0.729364 -0.000002  -0.404447 1.030434 -0.462985
75  -0.000000 -0.000000 0.000000  -0.000001 -0.000001 1.570794
76  0.729365 0.000000 -0.000000  0.000001 -0.000004 -0.231832
77  0.348928 0.806045 1.321259  -1.142981 -2.276491 0.650282
78  0.000000 -0.000002 0.000000  0.437032 0.000002 1.570791
79  0.806047 -0.348924 1.321260  -1.473564 -0.631201 -0.380782
80  0.000002 1.789783 0.000001  0.105694 0.066383 0.343685
81  -0.000001 0.000003 0.000001  0.347279 0.000000 1.570806
82  1.789791 0.000011 0.000000  0.002654 0.043681 0.349586
83  -0.000002 1.207000 0.000003  0.184120 0.296139 0.568003
84  -0.000000 0.000000 0.000001  0.000001 -0.000001 1.570797
85  1.207002 -0.000010 0.000006  -0.000004 0.000001 0.540454
86  0.000000 0.000000 1.000000  1.570796 -0.000000 0.000000
time 95
0  0.000005 3.335938 -8.640624  -1.570780 -1.391896 -1.570809
1  2.033356 1.000772 -1.937610  1.473119 1.855075 -0.198639
2  6.028144 -0.000001 0.000000  2.088816 1.510726 -0.472460
3  11.692555 0.000002 0.000002  -0.000000 -0.000000 -0.323651
4  11.481698 0.000000 0.000003  -1.288871 0.007202 0.200690
5  3.859674 -0.132572 1.193109  0.432210 -0.155861 -0.861350
6  1.312554 -0.000005 0.000001  0.000000 0.000000 -1.191973
7  0.729363 0.000005 -0.000002  -0.000000 0.000000 -1.063394
8  3.942304 0.050326 0.431043  0.232421 0.000609 -0.853331
9  1.539099 -0.000003 -0.000001  -0.000000 0.000000 -0.973379
10  1.196318 0.000007 0.000000  -0.000000 0.000000 -1.451261
11  3.883658 -0.050322 -0.431043  0.066987 0.050243 -0.694792
12  1.719579 0.000004 -0.000000  0.000000 -0.000004 -1.251013
13  1.209183 0.000004 -0.000001  0.000000 -0.000003 -1.141173
14  3.859839 -0.148936 -1.331280  -0.248855 0.263129 -0.072121
15  1.719426 0.000003 0.000000  0.000000 0.000000 -0.676756
16  1.099664 0.000001 -0.000001  0.000000 -0.000000 -1.021287
17  0.806021 -0.359837 -1.318334  1.349685 0.343493 -0.771450
18  1.789784 0.000001 -0.000003  -0.000000 -0.000000 0.397500
19  1.207002 0.000002 -0.000002  0.000000 0.000000 0.989033
20  4.124999 -1.447266 -3.542968  -1.564198 -0.011689 -1.581440
21  3.820737 -1.409994 -0.589408  -1.564198 -0.011689 -1.581439
22  0.222822 -3.739062 1.509298  0.024887 2.851473 -1.494016
23  3.048727 6.125611 1.106841  1.596061 0.018247 -0.808184
24  3.527214 5.063570 0.216260  1.596061 0.018246 -0.808184
25  3.352950 5.114328 -0.401206  1.596061 0.018247 -0.808184
26  2.909482 4.772882 -1.012056  1.596061 0.018247 -0.808184
27  1.772479 4.476571 2.356869  1.596061 0.018247 -0.808184
28  0.000006 3.336140 -8.647861  -1.570799 -1.391898 -1.570795
29  2.033350 1.000764 1.937663  1.227517 0.585911 1.190966
30  2.026190 1.001859 1.937675  1.227511 0.585916 1.190961
31  0.000001 -0.000001 0.000004  1.583265 0.000007 1.570794
32  0.000000 6.028147 -0.000001  -0.407450 -0.509531 -0.916874
33  -0.000001 0.000010 -0.000005  -0.000002 0.000003 1.570792
34  0.000017 6.028144 -0.000011  -0.546694 0.353232 0.446421
35  0.000000 11.692572 0.000000  -0.000001 -0.000005 -0.640632
36  -0.000001 0.000001 -0.000002  0.000005 0.000001 1.570801
37  11.692579 0.000055 0.000040  0.000004 -0.000001 -0.640623
38  -0.000002 11.481682 -0.000000  0.412884 0.486882 0.745133
39  -0.000000 0.000001 0.000000  0.000000 -0.000000 1.570789
40  11.481683 -0.000054 0.000008  0.524052 -0.362509 0.542967
41  0.137968 3.859859 1.332473  -1.465458 -1.619431 0.860063
42  0.000001 -0.000001 0.000001  1.933714 0.000004 1.570794
43  3.859861 -0.137941 1.332474  0.357799 -0.048367 -0.605268
44  0.000001 1.719430 0.000003  -0.420881 0.202310 0.066145
45  -0.000000 -0.000001 -0.000001  1.743430 0.000000 1.570798
46  1.719436 0.000007 -0.000007  0.000189 -0.009101 -0.438604
47  0.000000 1.099662 0.000000  1.022364 1.907822 1.050338
48  0.000000 -0.000001 -0.000000  -0.000002 0.000003 1.570799
49  1.099665 -0.000000 0.000003  -0.000120 0.002599 -0.290983
50  0.046789 3.883690 0.431451  -0.028150 -1.505149 -0.643973
51  -0.000001 -0.000001 -0.000001  1.590082 0.000009 1.570787
52  3.883689 -0.046762 0.431451  0.084907 0.001838 -0.672064
53  -0.000001 1.719576 0.000001  -0.720102 0.051523 -0.006475
54  -0.000002 0.000000 0.000000  1.538381 -0.000002 1.570794
55  1.719581 0.000018 -0.000018  -0.003915 0.016394 -0.719629
56  -0.000000 1.209180 0.000000  -1.502664 1.085641 -1.507497
57  0.000003 -0.000000 0.000000  -0.000000 -0.000000 1.570805
58  1.209183 -0.000004 -0.000001  -0.000816 0.002971 -0.484096
59  -0.046751 3.942327 -0.431437  -0.326450 -1.473453 -0.660450
60  -0.000001 -0.000000 -0.000000  1.317660 0.000000 1.570797
61  3.942327 0.046778 -0.431437  -0.160904 0.031173 -0.985454
62  0.000001 1.539089 -0.000003  -0.255114 -0.026494 -0.056799
63  -0.000000 0.000000 -0.000000  1.337310 -0.000004 1.570800
64  1.539094 -0.000003 0.000002  -0.000026 0.003538 -0.262664
65  -0.000002 1.196324 -0.000000  -1.013120 1.118323 -1.059577
66  0.000004 0.000000 0.000000  0.000000 -0.000001 1.570800
67  1.196326 -0.000004 0.000003  0.000000 0.000004 -0.391200
68  0.142426 3.859707 -1.191968  -0.667376 -1.423717 -0.301267
69  -0.000001 0.000003 0.000001  0.976757 -0.000005 1.570807
70  3.859708 -0.142400 -1.191968  -0.478196 0.090838 -0.963364
71  -0.000002 1.312567 -0.000002  -0.361362 -0.138963 -0.204711
72  -0.000000 0.000001 0.000002  1.078169 0.000003 1.570794
73  1.312568 -0.000015 0.000006  0.000004 -0.001342 -0.437239
74  -0.000001 0.729365 0.000003  -0.404446 1.030434 -0.462984
75  0.000004 -0.000000 -0.000000  -0.000001 -0.000001 1.570795
76  0.729366 0.000003 -0.000001  0.000001 -0.000004 -0.231831
77  0.348928 0.806043 1.321259  -1.142981 -2.276490 0.650283
78  -0.000002 0.000001 0.000001  0.437032 0.000002 1.570790
79  0.806045 -0.348924 1.321261  -1.473564 -0.631200 -0.380781
80  -0.000003 1.789786 -0.000000  0.105694 0.066384 0.343684
81  0.000000 -0.000003 -0.000001  0.347279 0.000000 1.570806
82  1.789788 0.000011 -0.000002  0.002654 0.043681 0.349585
83  0.000000 1.206996 -0.000001  0.184119 0.296139 0.568002
84  0.000001 0.000001 0.000000  0.000001 -0.000001 1.570797
85  1.207000 -0.000013 0.000003  -0.000004 0.000002 0.540453
86  0.000000 0.000000 1.000000  1.570796 -0.000000 0.000000
time 96
0  0.000005 3.335938 -8.640624  -1.570780 -1.391896 -1.570809
1  2.033356 1.000772 -1.937610  1.473119 1.855075 -0.198639
2  6.028144 -0.000001 0.000000  2.097572 1.511614 -0.463676
3  11.692556 0.000002 0.000003  0.000000 -0.000000 -0.321545
4  11.481701 0.000000 0.000002  -1.288871 0.007284 0.200690
5  3.859673 -0.132572 1.193108  0.432210 -0.155861 -0.861350
6  1.312556 -0.000003 0.000001  0.000000 -0.000000 -1.191973
7  0.729362 0.000005 -0.000002  -0.000000 0.000000 -1.063394
8  3.942301 0.050326 0.431042  0.232421 0.000609 -0.853331
9  1.539097 -0.000002 -0.000001  -0.000000 -0.000000 -0.973379
10  1.196318 0.000007 0.000001  -0.000000 0.000000 -1.451261
11  3.883656 -0.050323 -0.431043  0.066987 0.050243 -0.694792
12  1.719578 0.000003 0.000000  0.000000 -0.000004 -1.251013
13  1.209183 0.000003 -0.000001  -0.000000 -0.000003 -1.141145
14  3.859840 -0.148936 -1.331280  -0.248855 0.263129 -0.072121
15  1.719423 0.000002 0.000000  0.000000 0.000000 -0.676756
16  1.099664 0.000000 0.000001  0.000000 -0.000000 -1.021287
17  0.806020 -0.359838 -1.318334  1.349685 0.343493 -0.771450
18  1.789785 0.000003 -0.000005  -0.000000 -0.000000 0.397500
19  1.207002 0.000003 -0.000000  0.000000 0.000000 0.989033
20  4.124997 -1.447266 -3.542969  -1.564198 -0.011689 -1.581440
21  3.820735 -1.409995 -0.589409  -1.564198 -0.011689 -1.581439
22  0.222810 -3.739061 1.509297  0.024887 2.851473 -1.494016
23  3.048727 6.125610 1.106842  1.596061 0.018247 -0.808184
24  3.527214 5.063566 0.216260  1.596061 0.018246 -0.808184
25  3.352949 5.114326 -0.401205  1.596061 0.018247 -0.808184
26  2.909481 4.772881 -1.012056  1.596061 0.018247 -0.808184
27  1.772478 4.476570 2.356869  1.596061 0.018247 -0.808184
28  0.000006 3.336140 -8.647861  -1.570799 -1.391898 -1.570795
29  2.033350 1.000764 1.937663  1.227517 0.585911 1.190966
30  2.026190 1.001859 1.937675  1.227511 0.585916 1.190961
31  0.000001 -0.000001 0.000004  1.583265 0.000007 1.570794
32  0.000000 6.028147 -0.000001  -0.407167 -0.509683 -0.917340
33  0.000001 0.000009 -0.000005  -0.000002 0.000003 1.570792
34  0.000017 6.028144 -0.000011  -0.546798 0.352959 0.446058
35  0.000001 11.692572 -0.000000  -0.000001 -0.000005 -0.639654
36  -0.000001 0.000001 -0.000002  0.000005 0.000000 1.570801
37  11.692579 0.000051 0.000038  0.000004 -0.000001 -0.639645
38  -0.000002 11.481683 0.000000  0.411686 0.486806 0.744428
39  -0.000000 0.000000 0.000000  0.000000 -0.000000 1.570789
40  11.481685 -0.000053 0.000010  0.523746 -0.361487 0.542930
41  0.137968 3.859857 1.332474  -1.465450 -1.619431 0.860063
42  0.000000 -0.000000 -0.000001  1.933714 0.000004 1.570794
43  3.859859 -0.137941 1.332474  0.357798 -0.048368 -0.605269
44  -0.000000 1.719426 0.000000  -0.420880 0.202310 0.066145
45  0.000000 -0.000002 -0.000002  1.743430 0.000000 1.570799
46  1.719431 0.000006 -0.000007  0.000189 -0.009100 -0.438603
47  0.000000 1.099660 -0.000001  1.022362 1.907821 1.050336
48  0.000001 -0.000002 -0.000000  -0.000002 0.000003 1.570799
49  1.099665 0.000002 0.000001  -0.000119 0.002600 -0.290981
50  0.046789 3.883686 0.431451  -0.028165 -1.505149 -0.643954
51  -0.000001 -0.000001 -0.000000  1.590082 0.000009 1.570787
52  3.883689 -0.046762 0.431449  0.084906 0.001839 -0.672064
53  -0.000001 1.719578 0.000001  -0.720101 0.051523 -0.006475
54  -0.000000 0.000001 -0.000002  1.538381 -0.000002 1.570794
55  1.719583 0.000018 -0.000016  -0.003915 0.016394 -0.719628
56  -0.000001 1.209183 -0.000004  -1.502664 1.085642 -1.507497
57  0.000001 0.000001 -0.000000  -0.000000 -0.000000 1.570805
58  1.209186 -0.000002 -0.000004  -0.000816 0.002971 -0.484096
59  -0.046750 3.942323 -0.431435  -0.326448 -1.473453 -0.660443
60  -0.000000 -0.000001 -0.000001  1.317660 0.000000 1.570797
61  3.942324 0.046778 -0.431438  -0.160904 0.031173 -0.985451
62  -0.000000 1.539090 0.000001  -0.255117 -0.026494 -0.056799
63  0.000000 0.000001 0.000002  1.337310 -0.000004 1.570800
64  1.539097 0.000003 0.000001  -0.000026 0.003539 -0.262667
65  0.000000 1.196322 -0.000002  -1.013125 1.118319 -1.059582
66  -0.000004 -0.000000 0.000001  0.000000 -0.000001 1.570800
67  1.196327 -0.000008 0.000003  0.000001 0.000004 -0.391204
68  0.142426 3.859703 -1.191967  -0.667378 -1.423717 -0.301261
69  -0.000002 0.000003 0.000000  0.976757 -0.000005 1.570807
70  3.859704 -0.142400 -1.191970  -0.478196 0.090838 -0.963362
71  -0.000003 1.312569 0.000004  -0.361363 -0.138963 -0.204711
72  0.000000 0.000000 0.000002  1.078169 0.000003 1.570794
73  1.312570 -0.000009 0.000010  0.000004 -0.001342 -0.437240
74  -0.000001 0.729364 0.000001  -0.404449 1.030433 -0.462987
75  -0.000002 -0.000000 0.000001  -0.000001 -0.000001 1.570795
76  0.729366 0.000000 -0.000002  0.000002 -0.000004 -0.231833
77  0.348927 0.806045 1.321260  -1.142979 -2.276489 0.650282
78  0.000000 0.000001 -0.000000  0.437032 0.000002 1.570790
79  0.806047 -0.348924 1.321260  -1.473565 -0.631199 -0.380781
80  0.000000 1.789784 0.000000  0.105694 0.066384 0.343684
81  0.000001 -0.000001 -0.000001  0.347279 0.000000 1.570806
82  1.789788 0.000009 -0.000002  0.002654 0.043681 0.349586
83  0.000001 1.206997 -0.000001  0.184119 0.296139 0.568001
84  -0.000000 -0.000002 -0.000001  0.000001 -0.000001 1.570797
85  1.207003 -0.000010 0.000004  -0.000004 0.000001 0.540453
86  0.000000 0.000000 1.000000  1.570796 -0.000000 0.000000
time 97
0  0.000005 3.335938 -8.640624  -1.570780 -1.391896 -1.570809
1  2.033356 1.000772 -1.937610  1.473119 1.855075 -0.198639
2  6.028144 -0.000001 0.000000  2.105669 1.512409 -0.455569
3  11.692555 0.000001 0.000002  -0.000000 -0.000000 -0.319628
4  11.481699 0.000002 0.000002  -1.288853 0.007346 0.200690
5  3.859677 -0.132572 1.193109  0.432210 -0.155861 -0.861350
6  1.312555 -0.000005 0.000003  0.000000 -0.000000 -1.191973
7  0.729363 0.000007 -0.000003  -0.000000 -0.000000 -1.063394
8  3.942303 0.050326 0.431044  0.232421 0.000609 -0.853331
9  1.539098 -0.000005 0.000000  -0.000000 0.000000 -0.973379
10  1.196319 0.000005 0.000000  -0.000000 0.000000 -1.451261
11  3.883659 -0.050323 -0.431042  0.066987 0.050243 -0.694792
12  1.719576 0.000004 -0.000001  0.000000 -0.000004 -1.251013
13  1.209182 0.000002 -0.000000  -0.000000 -0.000003 -1.141145
14  3.859840 -0.148937 -1.331280  -0.248855 0.263129 -0.072121
15  1.719424 0.000002 -0.000001  0.000000 0.000000 -0.676756
16  1.099663 0.000001 -0.000001  0.000000 -0.000000 -1.021287
17  0.806021 -0.359838 -1.318334  1.349685 0.343493 -0.771450
18  1.789784 -0.000000 -0.000003  -0.000000 -0.000000 0.397500
19  1.207003 0.000003 -0.000001  0.000000 0.000000 0.989033
20  4.124999 -1.447267 -3.542968  -1.564198 -0.011689 -1.581440
21  3.820739 -1.409995 -0.589409  -1.564198 -0.011689 -1.581439
22  0.222819 -3.739063 1.509297  0.024887 2.851473 -1.494016
23  3.048727 6.125609 1.106840  1.596061 0.018247 -0.808184
24  3.527214 5.063563 0.216259  1.596061 0.018246 -0.808184
25  3.352950 5.114323 -0.401207  1.596061 0.018247 -0.808184
26  2.909482 4.772879 -1.012058  1.596061 0.018247 -0.808184
27  1.772479 4.476565 2.356866  1.596061 0.018247 -0.808184
28  0.000006 3.336140 -8.647861  -1.570799 -1.391898 -1.570795
29  2.033350 1.000764 1.937663  1.227517 0.585911 1.190966
30  2.026190 1.001859 1.937675  1.227511 0.585916 1.190961
31  0.000001 -0.000001 0.000004  1.583265 0.000007 1.570794
32  0.000000 6.028147 -0.000001  -0.406920 -0.509822 -0.917758
33  0.000000 0.000009 -0.000006  -0.000002 0.000003 1.570792
34  0.000017 6.028144 -0.000011  -0.546896 0.352719 0.445727
35  0.000001 11.692571 -0.000000  -0.000001 -0.000005 -0.638768
36  -0.000002 0.000001 -0.000001  0.000005 0.000000 1.570801
37  11.692579 0.000054 0.000041  0.000004 -0.000001 -0.638758
38  -0.000002 11.481680 0.000000  0.410603 0.486765 0.743817
39  -0.000001 -0.000001 0.000001  0.000000 -0.000000 1.570789
40  11.481682 -0.000054 0.000008  0.523498 -0.360558 0.542913
41  0.137967 3.859858 1.332474  -1.465457 -1.619431 0.860065
42  0.000000 0.000000 -0.000000  1.933714 0.000004 1.570794
43  3.859861 -0.137941 1.332474  0.357799 -0.048366 -0.605272
44  0.000000 1.719425 -0.000000  -0.420876 0.202310 0.066145
45  -0.000000 0.000001 0.000000  1.743430 0.000000 1.570798
46  1.719427 0.000004 -0.000006  0.000190 -0.009099 -0.438599
47  -0.000001 1.099662 0.000001  1.022358 1.907818 1.050331
48  0.000001 0.000000 0.000000  -0.000002 0.000003 1.570799
49  1.099664 -0.000001 0.000001  -0.000119 0.002600 -0.290978
50  0.046788 3.883690 0.431451  -0.028146 -1.505149 -0.643980
51  -0.000000 0.000002 0.000001  1.590082 0.000009 1.570787
52  3.883693 -0.046761 0.431450  0.084906 0.001837 -0.672066
53  0.000000 1.719576 0.000001  -0.720102 0.051523 -0.006475
54  -0.000001 0.000000 -0.000001  1.538381 -0.000002 1.570794
55  1.719579 0.000016 -0.000016  -0.003915 0.016394 -0.719629
56  0.000000 1.209182 -0.000003  -1.502664 1.085642 -1.507497
57  -0.000001 0.000000 -0.000000  -0.000000 -0.000000 1.570805
58  1.209186 -0.000003 -0.000003  -0.000816 0.002971 -0.484096
59  -0.046751 3.942330 -0.431436  -0.326449 -1.473452 -0.660450
60  -0.000000 -0.000001 0.000001  1.317660 0.000000 1.570797
61  3.942332 0.046778 -0.431438  -0.160904 0.031173 -0.985453
62  -0.000001 1.539088 -0.000001  -0.255115 -0.026495 -0.056799
63  -0.000001 0.000000 0.000000  1.337310 -0.000004 1.570800
64  1.539095 -0.000001 0.000002  -0.000026 0.003538 -0.262664
65  -0.000001 1.196321 0.000001  -1.013121 1.118322 -1.059578
66  0.000002 0.000000 -0.000000  0.000000 -0.000001 1.570800
67  1.196326 -0.000006 0.000003  0.000001 0.000003 -0.391200
68  0.142426 3.859707 -1.191967  -0.667374 -1.423717 -0.301270
69  0.000001 -0.000002 -0.000001  0.976757 -0.000005 1.570807
70  3.859712 -0.142400 -1.191970  -0.478196 0.090838 -0.963366
71  0.000001 1.312567 0.000000  -0.361358 -0.138963 -0.204711
72  0.000000 0.000000 0.000002  1.078169 0.000003 1.570794
73  1.312571 -0.000013 0.000009  0.000005 -0.001344 -0.437235
74  0.000002 0.729363 -0.000000  -0.404441 1.030435 -0.462979
75  0.000001 0.000000 0.000001  -0.000001 -0.000001 1.570795
76  0.729366 0.000000 -0.000001  0.000002 -0.000005 -0.231828
77  0.348928 0.806043 1.321260  -1.142979 -2.276487 0.650281
78  0.000000 -0.000002 0.000000  0.437032 0.000002 1.570790
79  0.806047 -0.348924 1.321260  -1.473563 -0.631198 -0.380782
80  0.000000 1.789781 -0.000000  0.105694 0.066384 0.343682
81  0.000000 -0.000002 -0.000000  0.347279 0.000000 1.570806
82  1.789787 0.000009 -0.000002  0.002654 0.043680 0.349584
83  0.000001 1.206999 0.000002  0.184118 0.296140 0.567998
84  -0.000000 -0.000001 -0.000000  0.000001 -0.000001 1.570797
85  1.207005 -0.000011 0.000006  -0.000004 0.000001 0.540450
86  0.000000 0.000000 1.000000  1.570796 -0.000000 0.000000
time 98
0  0.000005 3.335938 -8.640624  -1.570780 -1.391896 -1.570809
1  2.033356 1.000772 -1.937610  1.473119 1.855075 -0.198639
2  6.028144 -0.000001 0.000000  2.112447 1.513063 -0.448770
3  11.692555 0.000002 0.000003  0.000000 -0.000000 -0.318087
4  11.481699 -0.000001 0.000002  -1.288853 0.007387 0.200690
5  3.859675 -0.132572 1.193108  0.432210 -0.155861 -0.861350
6  1.312555 -0.000006 0.000003  0.000000 -0.000000 -1.191973
7  0.729363 0.000005 -0.000002  -0.000000 0.000000 -1.063394
8  3.942302 0.050326 0.431043  0.232421 0.000609 -0.853331
9  1.539097 -0.000001 -0.000001  -0.000000 -0.000000 -0.973379
10  1.196317 0.000008 -0.000000  -0.000000 -0.000000 -1.451261
11  3.883658 -0.050323 -0.431043  0.066987 0.050243 -0.694792
12  1.719578 0.000006 -0.000000  0.000000 -0.000004 -1.251013
13  1.209182 0.000005 -0.000000  -0.000000 -0.000003 -1.141145
14  3.859839 -0.148936 -1.331280  -0.248855 0.263129 -0.072121
15  1.719424 0.000002 0.000001  0.000000 -0.000000 -0.676756
16  1.099660 0.000001 -0.000001  0.000000 -0.000000 -1.021287
17  0.806019 -0.359838 -1.318334  1.349685 0.343493 -0.771450
18  1.789782 -0.000000 -0.000003  -0.000000 -0.000000 0.397500
19  1.207000 0.000003 0.000001  0.000000 0.000000 0.989033
20  4.124998 -1.447266 -3.542968  -1.564198 -0.011689 -1.581440
21  3.820736 -1.409995 -0.589409  -1.564198 -0.011689 -1.581439
22  0.222816 -3.739060 1.509296  0.024887 2.851473 -1.494016
23  3.048727 6.125614 1.106842  1.596061 0.018247 -0.808184
24  3.527215 5.063569 0.216260  1.596061 0.018246 -0.808184
25  3.352950 5.114329 -0.401205  1.596061 0.018247 -0.808184
26  2.909482 4.772884 -1.012055  1.596061 0.018247 -0.808184
27  1.772479 4.476573 2.356869  1.596061 0.018247 -0.808184
28  0.000006 3.336140 -8.647861  -1.570799 -1.391898 -1.570795
29  2.033350 1.000764 1.937663  1.227517 0.585911 1.190966
30  2.026190 1.001859 1.937675  1.227511 0.585916 1.190961
31  0.000001 -0.000001 0.000004  1.583265 0.000007 1.570794
32  0.000000 6.028147 -0.000001  -0.406714 -0.509920 -0.918076
33  -0.000001 0.000009 -0.000005  -0.000002 0.000003 1.570792
34  0.000017 6.028144 -0.000011  -0.546960 0.352523 0.445487
35  -0.000001 11.692570 0.000000  -0.000001 -0.000005 -0.638105
36  -0.000001 0.000000 -0.000002  0.000005 0.000000 1.570801
37  11.692579 0.000051 0.000038  0.000004 -0.000001 -0.638096
38  -0.000001 11.481682 0.000000  0.409737 0.486698 0.743350
39  -0.000001 -0.000001 0.000000  0.000000 -0.000000 1.570789
40  11.481682 -0.000056 0.000007  0.523265 -0.359821 0.542933
41  0.137967 3.859856 1.332474  -1.465454 -1.619430 0.860057
42  -0.000000 -0.000002 -0.000002  1.933714 0.000004 1.570794
43  3.859862 -0.137941 1.332474  0.357799 -0.048366 -0.605272
44  -0.000002 1.719428 -0.000003  -0.420874 0.202310 0.066145
45  0.000000 -0.000002 -0.000001  1.743430 0.000000 1.570799
46  1.719432 0.000002 -0.000007  0.000189 -0.009099 -0.438597
47  0.000001 1.099661 -0.000000  1.022355 1.907816 1.050328
48  0.000001 -0.000000 -0.000001  -0.000002 0.000003 1.570799
49  1.099666 0.000001 0.000002  -0.000120 0.002599 -0.290976
50  0.046788 3.883684 0.431452  -0.028170 -1.505149 -0.643949
51  -0.000000 -0.000000 -0.000000  1.590082 0.000009 1.570787
52  3.883689 -0.046761 0.431451  0.084906 0.001839 -0.672065
53  -0.000002 1.719573 0.000002  -0.720099 0.051523 -0.006475
54  0.000000 0.000000 -0.000000  1.538381 -0.000002 1.570794
55  1.719579 0.000018 -0.000019  -0.003915 0.016394 -0.719627
56  -0.000000 1.209184 0.000002  -1.502664 1.085643 -1.507497
57  0.000000 -0.000000 -0.000001  -0.000000 -0.000000 1.570805
58  1.209187 0.000001 -0.000002  -0.000816 0.002971 -0.484093
59  -0.046751 3.942323 -0.431434  -0.326452 -1.473453 -0.660445
60  0.000000 0.000002 0.000000  1.317660 0.000000 1.570797
61  3.942327 0.046779 -0.431436  -0.160904 0.031173 -0.985453
62  0.000000 1.539094 0.000002  -0.255114 -0.026494 -0.056799
63  -0.000000 0.000000 0.000001  1.337310 -0.000004 1.570800
64  1.539100 0.000005 0.000003  -0.000026 0.003538 -0.262664
65  0.000001 1.196321 -0.000003  -1.013120 1.118322 -1.059577
66  -0.000001 0.000000 -0.000000  0.000000 -0.000001 1.570800
67  1.196324 -0.000008 0.000003  0.000000 0.000003 -0.391200
68  0.142425 3.859703 -1.191967  -0.667373 -1.423717 -0.301268
69  -0.000001 0.000000 0.000001  0.976757 -0.000005 1.570807
70  3.859709 -0.142399 -1.191969  -0.478196 0.090837 -0.963365
71  -0.000001 1.312568 0.000001  -0.361358 -0.138963 -0.204711
72  0.000001 0.000001 0.000005  1.078169 0.000003 1.570794
73  1.312572 -0.000014 0.000008  0.000005 -0.001344 -0.437235
74  0.000001 0.729365 0.000001  -0.404441 1.030435 -0.462978
75  0.000001 -0.000000 0.000000  -0.000001 -0.000001 1.570795
76  0.729367 -0.000001 -0.000002  0.000002 -0.000004 -0.231828
77  0.348927 0.806043 1.321260  -1.142979 -2.276488 0.650281
78  -0.000001 0.000002 -0.000001  0.437032 0.000002 1.570790
79  0.806049 -0.348924 1.321260  -1.473564 -0.631197 -0.380782
80  0.000001 1.789784 -0.000003  0.105694 0.066384 0.343683
81  -0.000000 -0.000001 0.000001  0.347279 0.000000 1.570806
82  1.789787 0.000007 -0.000002  0.002654 0.043680 0.349584
83  0.000001 1.206995 0.000000  0.184119 0.296140 0.567999
84  -0.000000 -0.000001 0.000001  0.000001 -0.000001 1.570797
85  1.207000 -0.000011 0.000004  -0.000004 0.000001 0.540450
86  0.000000 0.000000 1.000000  1.570796 -0.000000 0.000000
time 99
0  0.000005 3.335938 -8.640624  -1.570780 -1.391896 -1.570809
1  2.033356 1.000772 -1.937610  1.473119 1.855075 -0.198639
2  6.028144 -0.000001 0.000000  2.117124 1.513530 -0.444099
3  11.692554 0.000001 0.000003  -0.000000 -0.000000 -0.317034
4  11.481698 0.000000 0.000002  -1.288835 0.007408 0.200690
5  3.859676 -0.132571 1.193108  0.432210 -0.155861 -0.861350
6  1.312554 -0.000003 0.000001  0.000000 0.000000 -1.191973
7  0.729364 0.000008 -0.000003  -0.000000 0.000000 -1.063394
8  3.942303 0.050327 0.431043  0.232421 0.000609 -0.853331
9  1.539097 -0.000002 -0.000000  -0.000000 0.000000 -0.973379
10  1.196318 0.000009 0.000001  -0.000000 0.000000 -1.451261
11  3.883660 -0.050323 -0.431043  0.066987 0.050243 -0.694792
12  1.719578 0.000007 -0.000000  0.000000 -0.000004 -1.251013
13  1.209183 0.000004 0.000000  -0.000000 -0.000003 -1.141173
14  3.859840 -0.148937 -1.331280  -0.248855 0.263129 -0.072121
15  1.719424 0.000002 0.000001  0.000000 0.000000 -0.676756
16  1.099662 -0.000001 -0.000001  0.000000 -0.000000 -1.021287
17  0.806020 -0.359838 -1.318334  1.349685 0.343493 -0.771450
18  1.789784 0.000001 -0.000004  -0.000000 -0.000000 0.397500
19  1.206999 0.000003 -0.000002  0.000000 0.000000 0.989033
20  4.124999 -1.447266 -3.542969  -1.564198 -0.011689 -1.581440
21  3.820737 -1.409994 -0.589409  -1.564198 -0.011689 -1.581439
22  0.222816 -3.739061 1.509298  0.024887 2.851473 -1.494016
23  3.048726 6.125607 1.106840  1.596061 0.018247 -0.808184
24  3.527214 5.063567 0.216259  1.596061 0.018246 -0.808184
25  3.352950 5.114325 -0.401207  1.596061 0.018247 -0.808184
26  2.909482 4.772878 -1.012056  1.596061 0.018247 -0.808184
27  1.772479 4.476569 2.356868  1.596061 0.018247 -0.808184
28  0.000006 3.336140 -8.647861  -1.570799 -1.391898 -1.570795
29  2.033350 1.000764 1.937663  1.227517 0.585911 1.190966
30  2.026190 1.001859 1.937675  1.227511 0.585916 1.190961
31  0.000001 -0.000001 0.000004  1.583265 0.000007 1.570794
32  0.000000 6.028147 -0.000001  -0.406559 -0.509963 -0.918262
33  -0.000001 0.000009 -0.000006  -0.000002 0.000003 1.570792
34  0.000017 6.028144 -0.000011  -0.546975 0.352382 0.445371
35  -0.000001 11.692570 -0.000001  -0.000001 -0.000005 -0.637733
36  -0.000000 0.000000 -0.000002  0.000005 0.000000 1.570801
37  11.692577 0.000053 0.000040  0.000004 -0.000001 -0.637723
38  0.000001 11.481681 -0.000001  0.409143 0.486675 0.743100
39  -0.000001 0.000003 0.000001  0.000000 -0.000000 1.570789
40  11.481681 -0.000056 0.000007  0.523129 -0.359310 0.543009
41  0.137968 3.859863 1.332475  -1.465453 -1.619429 0.860058
42  0.000001 -0.000003 0.000002  1.933714 0.000004 1.570794
43  3.859860 -0.137941 1.332474  0.357799 -0.048365 -0.605272
44  0.000000 1.719425 0.000004  -0.420874 0.202310 0.066145
45  0.000001 0.000002 0.000001  1.743430 0.000000 1.570798
46  1.719431 0.000003 -0.000008  0.000190 -0.009099 -0.438597
47  0.000001 1.099664 0.000001  1.022355 1.907816 1.050328
48  0.000002 -0.000001 -0.000000  -0.000002 0.000003 1.570799
49  1.099665 0.000001 0.000002  -0.000119 0.002600 -0.290976
50  0.046788 3.883690 0.431451  -0.028172 -1.505149 -0.643948
51  0.000001 0.000001 0.000001  1.590082 0.000009 1.570787
52  3.883684 -0.046762 0.431449  0.084906 0.001839 -0.672064
53  -0.000000 1.719578 0.000002  -0.720099 0.051523 -0.006475
54  -0.000000 -0.000001 0.000000  1.538382 -0.000002 1.570794
55  1.719581 0.000015 -0.000017  -0.003914 0.016394 -0.719626
56  0.000000 1.209181 0.000001  -1.502663 1.085644 -1.507497
57  0.000001 -0.000000 -0.000000  -0.000000 -0.000000 1.570805
58  1.209185 -0.000001 -0.000004  -0.000816 0.002971 -0.484093
59  -0.046751 3.942329 -0.431435  -0.326451 -1.473453 -0.660446
60  -0.000001 0.000001 0.000002  1.317660 0.000000 1.570797
61  3.942324 0.046778 -0.431438  -0.160904 0.031173 -0.985454
62  -0.000001 1.539090 0.000000  -0.255111 -0.026494 -0.056799
63  0.000000 -0.000000 0.000001  1.337310 -0.000004 1.570800
64  1.539095 -0.000001 0.000002  -0.000026 0.003537 -0.262661
65  0.000001 1.196323 0.000002  -1.013116 1.118326 -1.059573
66  -0.000002 -0.000000 -0.000001  0.000000 -0.000001 1.570800
67  1.196328 -0.000006 0.000005  0.000001 0.000003 -0.391195
68  0.142425 3.859710 -1.191967  -0.667373 -1.423718 -0.301269
69  0.000001 0.000002 -0.000002  0.976757 -0.000005 1.570807
70  3.859706 -0.142399 -1.191970  -0.478197 0.090837 -0.963366
71  0.000001 1.312566 -0.000004  -0.361358 -0.138963 -0.204711
72  -0.000001 -0.000001 -0.000000  1.078169 0.000003 1.570794
73  1.312569 -0.000016 0.000007  0.000005 -0.001344 -0.437235
74  -0.000001 0.729363 -0.000000  -0.404440 1.030435 -0.462977
75  0.000000 0.000001 -0.000002  -0.000001 -0.000001 1.570795
76  0.729367 -0.000002 -0.000000  0.000002 -0.000005 -0.231827
77  0.348927 0.806047 1.321261  -1.142977 -2.276485 0.650280
78  0.000000 -0.000002 -0.000001  0.437032 0.000002 1.570791
79  0.806043 -0.348924 1.321260  -1.473563 -0.631195 -0.380782
80  0.000001 1.789780 -0.000000  0.105694 0.066384 0.343680
81  0.000000 0.000000 0.000000  0.347279 0.000000 1.570806
82  1.789786 0.000012 -0.000000  0.002654 0.043679 0.349582
83  -0.000000 1.207001 0.000002  0.184118 0.296140 0.567995
84  -0.000001 -0.000000 0.000000  0.000001 -0.000001 1.570797
85  1.207006 -0.000010 0.000006  -0.000004 0.000001 0.540446
86  0.000000 0.000000 1.000000  1.570796 -0.000000 0.000000
time 100
0  0.000005 3.335938 -8.640624  -1.570780 -1.391896 -1.570809
1  2.033356 1.000772 -1.937610  1.473119 1.855075 -0.198639
2  6.028144 -0.000001 0.000000  2.118874 1.513671 -0.442333
3  11.692555 0.000002 0.000004  0.000000 -0.000000 -0.316658
4  11.481699 0.000001 0.000002  -1.288835 0.007428 0.200690
5  3.859674 -0.132572 1.193107  0.432210 -0.155861 -0.861350
6  1.312556 -0.000005 0.000002  0.000000 -0.000000 -1.191973
7  0.729362 0.000005 -0.000003  -0.000000 -0.000000 -1.063394
8  3.942303 0.050326 0.431043  0.232421 0.000609 -0.853331
9  1.539100 -0.000003 -0.000000  -0.000000 0.000000 -0.973379
10  1.196319 0.000009 0.000001  -0.000000 0.000000 -1.451261
11  3.883658 -0.050323 -0.431043  0.066987 0.050243 -0.694792
12  1.719578 0.000006 -0.000001  0.000000 -0.000004 -1.251013
13  1.209181 0.000004 -0.000000  -0.000000 -0.000003 -1.141145
14  3.859838 -0.148936 -1.331280  -0.248855 0.263129 -0.072121
15  1.719424 0.000002 0.000001  0.000000 0.000000 -0.676756
16  1.099667 0.000002 0.000000  0.000000 -0.000000 -1.021287
17  0.806020 -0.359838 -1.318334  1.349685 0.343493 -0.771450
18  1.789784 0.000002 -0.000002  -0.000000 -0.000000 0.397500
19  1.206998 0.000004 -0.000001  0.000000 0.000000 0.989033
20  4.124995 -1.447267 -3.542969  -1.564198 -0.011689 -1.581440
21  3.820736 -1.409994 -0.589409  -1.564198 -0.011689 -1.581439
22  0.222816 -3.739060 1.509297  0.024887 2.851473 -1.494016
23  3.048727 6.125611 1.106841  1.596061 0.018247 -0.808184
24  3.527214 5.063570 0.216259  1.596061 0.018246 -0.808184
25  3.352950 5.114328 -0.401207  1.596061 0.018247 -0.808184
26  2.909482 4.772882 -1.012056  1.596061 0.018247 -0.808184
27  1.772478 4.476569 2.356867  1.596061 0.018247 -0.808184
28  0.000006 3.336140 -8.647861  -1.570799 -1.391898 -1.570795
29  2.033350 1.000764 1.937663  1.227517 0.585911 1.190966
30  2.026190 1.001859 1.937675  1.227511 0.585916 1.190961
31  0.000001 -0.000001 0.000004  1.583265 0.000007 1.570794
32  0.000000 6.028147 -0.000001  -0.406514 -0.510007 -0.918371
33  0.000000 0.000010 -0.000005  -0.000002 0.000003 1.570792
34  0.000017 6.028144 -0.000011  -0.547012 0.352334 0.445271
35  0.000000 11.692572 0.000000  -0.000001 -0.000005 -0.637501
36  0.000002 0.000001 -0.000002  0.000005 0.000000 1.570801
37  11.692578 0.000053 0.000041  0.000005 -0.000001 -0.637492
38  0.000002 11.481681 -0.000001  0.408929 0.486661 0.742933
39  -0.000000 0.000002 0.000001  0.000000 -0.000000 1.570789
40  11.481680 -0.000055 0.000007  0.523074 -0.359128 0.542961
41  0.137968 3.859862 1.332473  -1.465455 -1.619430 0.860060
42  0.000001 0.000001 0.000001  1.933714 0.000004 1.570794
43  3.859862 -0.137941 1.332474  0.357799 -0.048365 -0.605273
44  0.000001 1.719430 0.000003  -0.420873 0.202310 0.066145
45  -0.000000 -0.000001 0.000001  1.743430 0.000000 1.570798
46  1.719435 0.000007 -0.000008  0.000189 -0.009099 -0.438595
47  -0.000001 1.099661 0.000002  1.022353 1.907815 1.050325
48  0.000000 -0.000000 0.000001  -0.000002 0.000003 1.570799
49  1.099666 0.000001 0.000002  -0.000119 0.002599 -0.290975
50  0.046789 3.883689 0.431449  -0.028156 -1.505149 -0.643967
51  0.000001 0.000000 0.000000  1.590082 0.000009 1.570787
52  3.883690 -0.046761 0.431448  0.084906 0.001838 -0.672064
53  -0.000000 1.719577 0.000002  -0.720099 0.051523 -0.006475
54  0.000001 -0.000001 0.000002  1.538381 -0.000002 1.570794
55  1.719582 0.000017 -0.000017  -0.003915 0.016394 -0.719627
56  0.000002 1.209183 -0.000001  -1.502664 1.085643 -1.507497
57  -0.000001 0.000001 0.000000  -0.000000 -0.000000 1.570805
58  1.209186 -0.000004 -0.000002  -0.000816 0.002971 -0.484094
59  -0.046750 3.942328 -0.431436  -0.326451 -1.473453 -0.660448
60  0.000001 -0.000001 -0.000000  1.317660 0.000000 1.570797
61  3.942327 0.046778 -0.431438  -0.160904 0.031173 -0.985454
62  0.000001 1.539088 -0.000001  -0.255111 -0.026494 -0.056799
63  0.000000 -0.000000 -0.000001  1.337310 -0.000004 1.570800
64  1.539093 -0.000002 0.000003  -0.000026 0.003537 -0.262661
65  0.000001 1.196323 -0.000001  -1.013117 1.118325 -1.059573
66  0.000001 0.000000 -0.000000  0.000000 -0.000001 1.570800
67  1.196326 -0.000003 0.000005  0.000000 0.000003 -0.391196
68  0.142427 3.859707 -1.191967  -0.667371 -1.423718 -0.301273
69  -0.000001 -0.000000 -0.000002  0.976757 -0.000005 1.570807
70  3.859709 -0.142400 -1.191970  -0.478196 0.090837 -0.963366
71  -0.000000 1.312562 -0.000003  -0.361358 -0.138963 -0.204711
72  -0.000002 -0.000000 0.000001  1.078169 0.000003 1.570794
73  1.312568 -0.000017 0.000009  0.000004 -0.001344 -0.437235
74  -0.000001 0.729363 0.000000  -0.404440 1.030435 -0.462976
75  0.000001 -0.000001 0.000000  -0.000001 -0.000001 1.570795
76  0.729367 0.000001 0.000001  0.000001 -0.000004 -0.231827
77  0.348928 0.806046 1.321259  -1.142977 -2.276486 0.650281
78  -0.000001 -0.000001 -0.000001  0.437032 0.000002 1.570791
79  0.806048 -0.348924 1.321259  -1.473563 -0.631195 -0.380781
80  -0.000002 1.789783 -0.000001  0.105694 0.066384 0.343680
81  0.000000 0.000003 -0.000000  0.347279 0.000000 1.570806
82  1.789790 0.000011 -0.000001  0.002654 0.043680 0.349582
83  -0.000000 1.207001 0.000001  0.184118 0.296140 0.567996
84  0.000000 -0.000000 0.000000  0.000001 -0.000001 1.570797
85  1.207005 -0.000010 0.000006  -0.000004 0.000002 0.540447
86  0.000000 0.000000 1.000000  1.570796 -0.000000 0.000000
end
