version 1
nodes
0 "ValveBiped.Bip01_R_Hand" -1
1 "ValveBiped.Weapon_bone" 0
2 "ValveBiped.w_shotgun" 1
3 "ValveBiped.muzzle" 1
end
skeleton
time 0
0  0.312503 -16.719320 0.282627  -0.043130 2.924096 -1.599993
1  5.000021 -1.499927 -5.000005  0.000000 0.000004 0.000014
2  4.107150 1.396066 -0.366367  -1.345231 0.037834 1.552548
3  28.579805 0.623106 -5.976168  -1.605104 0.226160 -0.006796
end
triangles
w_sniper
0  -0.347888 3.835816 8.509539  -0.080675 0.950023 -0.301576  0.558944 0.889039 1 0 1.000000
0  0.809029 3.690505 8.702166  0.499422 0.835680 -0.228509  0.532993 0.891397 1 0 1.000000
0  -0.132480 3.564871 7.905128  0.041626 0.732888 -0.679074  0.554063 0.873450 1 0 1.000000
w_sniper
0  -0.356059 3.903037 9.593069  -0.062808 0.990774 0.120091  0.558542 0.913995 1 0 1.000000
0  0.809029 3.690505 8.702166  0.499422 0.835680 -0.228509  0.532993 0.891397 1 0 1.000000
0  -0.347888 3.835816 8.509539  -0.080675 0.950023 -0.301576  0.558944 0.889039 1 0 1.000000
w_sniper
0  -0.347888 3.835816 8.509539  -0.080675 0.950023 -0.301576  0.558944 0.889039 1 0 1.000000
0  -0.132480 3.564871 7.905128  0.041626 0.732888 -0.679074  0.554063 0.873450 1 0 1.000000
0  -1.409400 3.564871 8.751738  -0.604647 0.744684 -0.282573  0.584629 0.893601 1 0 1.000000
w_sniper
0  -1.185654 3.690505 9.712230  -0.544757 0.799375 0.253455  0.577960 0.917722 1 0 1.000000
0  -0.347888 3.835816 8.509539  -0.080675 0.950023 -0.301576  0.558944 0.889039 1 0 1.000000
0  -1.409400 3.564871 8.751738  -0.604647 0.744684 -0.282573  0.584629 0.893601 1 0 1.000000
w_sniper
0  -0.356059 3.903037 9.593069  -0.062808 0.990774 0.120091  0.558542 0.913995 1 0 1.000000
0  -1.185654 3.690505 9.712230  -0.544757 0.799375 0.253455  0.577960 0.917722 1 0 1.000000
0  -0.244144 3.564871 10.509268  -0.059589 0.734356 0.676144  0.556889 0.935671 1 0 1.000000
w_sniper
0  0.600197 3.690505 9.999662  0.402556 0.811753 0.423092  0.536011 0.921876 1 0 1.000000
0  -0.356059 3.903037 9.593069  -0.062808 0.990774 0.120091  0.558542 0.913995 1 0 1.000000
0  -0.244144 3.564871 10.509268  -0.059589 0.734356 0.676144  0.556889 0.935671 1 0 1.000000
w_sniper
0  0.809029 3.690505 8.702166  0.499422 0.835680 -0.228509  0.532993 0.891397 1 0 1.000000
0  0.600197 3.690505 9.999662  0.402556 0.811753 0.423092  0.536011 0.921876 1 0 1.000000
0  1.331091 3.255489 9.198010  0.083185 0.996040 -0.031368  0.515547 0.904560 1 0 1.000000
w_sniper
0  -0.356059 3.903037 9.593069  -0.062808 0.990774 0.120091  0.558542 0.913995 1 0 1.000000
0  -0.347888 3.835816 8.509539  -0.080675 0.950023 -0.301576  0.558944 0.889039 1 0 1.000000
0  -1.185654 3.690505 9.712230  -0.544757 0.799375 0.253455  0.577960 0.917722 1 0 1.000000
w_sniper
0  -0.356059 3.903037 9.593069  -0.062808 0.990774 0.120091  0.558542 0.913995 1 0 1.000000
0  0.600197 3.690505 9.999662  0.402556 0.811753 0.423092  0.536011 0.921876 1 0 1.000000
0  0.809029 3.690505 8.702166  0.499422 0.835680 -0.228509  0.532993 0.891397 1 0 1.000000
w_sniper
0  1.331091 3.255489 9.198010  0.083185 0.996040 -0.031368  0.515547 0.904560 1 0 1.000000
0  1.029375 3.150873 8.322496  0.589866 0.613425 -0.525136  0.521753 0.880058 1 0 1.000000
0  0.809029 3.690505 8.702166  0.499422 0.835680 -0.228509  0.532993 0.891397 1 0 1.000000
w_sniper
0  1.029375 3.150873 8.322496  0.589866 0.613425 -0.525136  0.521753 0.880058 1 0 1.000000
0  -0.132480 3.564871 7.905128  0.041626 0.732888 -0.679074  0.554063 0.873450 1 0 1.000000
0  0.809029 3.690505 8.702166  0.499422 0.835680 -0.228509  0.532993 0.891397 1 0 1.000000
w_sniper
0  1.029375 3.150873 8.322496  0.589866 0.613425 -0.525136  0.521753 0.880058 1 0 1.000000
0  0.276803 3.150873 7.775720  0.336617 0.567633 -0.751320  0.542596 0.864918 1 0 1.000000
0  -0.132480 3.564871 7.905128  0.041626 0.732888 -0.679074  0.554063 0.873450 1 0 1.000000
w_sniper
0  0.276803 3.150873 7.775720  0.336617 0.567633 -0.751320  0.542596 0.864918 1 0 1.000000
0  -0.653427 3.150873 7.775720  -0.321805 0.611520 -0.722831  0.568357 0.864918 1 0 1.000000
0  -0.132480 3.564871 7.905128  0.041626 0.732888 -0.679074  0.554063 0.873450 1 0 1.000000
w_sniper
0  -0.653427 3.150873 7.775720  -0.321805 0.611520 -0.722831  0.568357 0.864918 1 0 1.000000
0  -1.409400 3.564871 8.751738  -0.604647 0.744684 -0.282573  0.584629 0.893601 1 0 1.000000
0  -0.132480 3.564871 7.905128  0.041626 0.732888 -0.679074  0.554063 0.873450 1 0 1.000000
w_sniper
0  -0.653427 3.150873 7.775720  -0.321805 0.611520 -0.722831  0.568357 0.864918 1 0 1.000000
0  -1.405999 3.150873 8.322496  -0.610528 0.567633 -0.552312  0.589200 0.880058 1 0 1.000000
0  -1.409400 3.564871 8.751738  -0.604647 0.744684 -0.282573  0.584629 0.893601 1 0 1.000000
w_sniper
0  -1.405999 3.150873 8.322496  -0.610528 0.567633 -0.552312  0.589200 0.880058 1 0 1.000000
0  -1.693456 3.150873 9.207197  -0.842730 0.536200 0.047922  0.597158 0.904560 1 0 1.000000
0  -1.409400 3.564871 8.751738  -0.604647 0.744684 -0.282573  0.584629 0.893601 1 0 1.000000
w_sniper
0  -1.693456 3.150873 9.207197  -0.842730 0.536200 0.047922  0.597158 0.904560 1 0 1.000000
0  -1.185654 3.690505 9.712230  -0.544757 0.799375 0.253455  0.577960 0.917722 1 0 1.000000
0  -1.409400 3.564871 8.751738  -0.604647 0.744684 -0.282573  0.584629 0.893601 1 0 1.000000
w_sniper
0  -1.693456 3.150873 9.207197  -0.842730 0.536200 0.047922  0.597158 0.904560 1 0 1.000000
0  -1.405999 3.150873 10.091900  -0.621054 0.606179 0.496828  0.589200 0.929061 1 0 1.000000
0  -1.185654 3.690505 9.712230  -0.544757 0.799375 0.253455  0.577960 0.917722 1 0 1.000000
w_sniper
0  -1.405999 3.150873 10.091900  -0.621054 0.606179 0.496828  0.589200 0.929061 1 0 1.000000
0  -0.244144 3.564871 10.509268  -0.059589 0.734356 0.676144  0.556889 0.935671 1 0 1.000000
0  -1.185654 3.690505 9.712230  -0.544757 0.799375 0.253455  0.577960 0.917722 1 0 1.000000
w_sniper
0  -1.405999 3.150873 10.091900  -0.621054 0.606179 0.496828  0.589200 0.929061 1 0 1.000000
0  -0.653427 3.150873 10.638674  -0.336618 0.567630 0.751322  0.568357 0.944202 1 0 1.000000
0  -0.244144 3.564871 10.509268  -0.059589 0.734356 0.676144  0.556889 0.935671 1 0 1.000000
w_sniper
0  -0.653427 3.150873 10.638674  -0.336618 0.567630 0.751322  0.568357 0.944202 1 0 1.000000
0  0.276803 3.150873 10.638674  0.305995 0.536198 0.786676  0.542596 0.944202 1 0 1.000000
0  -0.244144 3.564871 10.509268  -0.059589 0.734356 0.676144  0.556889 0.935671 1 0 1.000000
w_sniper
0  0.276803 3.150873 10.638674  0.305995 0.536198 0.786676  0.542596 0.944202 1 0 1.000000
0  0.600197 3.690505 9.999662  0.402556 0.811753 0.423092  0.536011 0.921876 1 0 1.000000
0  -0.244144 3.564871 10.509268  -0.059589 0.734356 0.676144  0.556889 0.935671 1 0 1.000000
w_sniper
0  0.276803 3.150873 10.638674  0.305995 0.536198 0.786676  0.542596 0.944202 1 0 1.000000
0  1.029375 3.150873 10.091900  0.038250 0.995919 0.081741  0.521753 0.929061 1 0 1.000000
0  0.600197 3.690505 9.999662  0.402556 0.811753 0.423092  0.536011 0.921876 1 0 1.000000
w_sniper
0  1.029375 3.150873 10.091900  0.038250 0.995919 0.081741  0.521753 0.929061 1 0 1.000000
0  1.331091 3.255489 9.198010  0.083185 0.996040 -0.031368  0.515547 0.904560 1 0 1.000000
0  0.600197 3.690505 9.999662  0.402556 0.811753 0.423092  0.536011 0.921876 1 0 1.000000
w_sniper
0  -0.618467 -13.554490 1.618774  -0.683663 -0.727803 0.053923  0.287023 0.883982 1 0 1.000000
0  -0.684753 -13.614301 0.060913  -0.640866 -0.737627 0.212596  0.312771 0.881713 1 0 1.000000
0  -0.426480 -13.855285 0.012577  -0.322757 -0.875401 0.359863  0.314964 0.887511 1 0 1.000000
w_sniper
0  -0.708410 -15.015515 -2.005146  -0.081760 -0.860888 0.502183  0.354374 0.882704 1 0 1.000000
0  -0.426480 -13.855285 0.012577  -0.322757 -0.875401 0.359863  0.314964 0.887511 1 0 1.000000
0  -0.684753 -13.614301 0.060913  -0.640866 -0.737627 0.212596  0.312771 0.881713 1 0 1.000000
w_sniper
0  0.078173 34.953655 4.010748  -0.552352 0.595480 0.583361  0.137378 0.949308 1 0 1.000000
0  -0.412271 34.953655 3.979849  0.000000 1.000000 -0.000005  0.160781 0.947705 1 0 1.000000
0  0.144814 34.953655 4.624066  -0.581211 0.579896 -0.570889  0.136856 0.977058 1 0 1.000000
w_sniper
0  -0.412271 34.953655 3.979849  0.000000 1.000000 -0.000005  0.160781 0.947705 1 0 1.000000
0  -0.568248 34.953655 4.559642  0.671099 0.580234 -0.461469  0.166054 0.974143 1 0 1.000000
0  0.144814 34.953655 4.624066  -0.581211 0.579896 -0.570889  0.136856 0.977058 1 0 1.000000
w_sniper
0  -0.009213 7.589925 5.544155  -0.283239 0.738381 0.612020  0.240353 0.444773 1 0 1.000000
0  -0.581388 7.589925 5.758132  0.606452 0.761201 0.229759  0.265943 0.454224 1 0 1.000000
0  -0.305912 7.360437 5.795928  0.306810 0.898825 0.313018  0.252434 0.456973 1 0 1.000000
w_sniper
0  -0.581388 7.589925 5.758132  0.606452 0.761201 0.229759  0.265943 0.454224 1 0 1.000000
0  -0.259313 7.404203 6.063879  0.257270 0.881256 -0.396484  0.251075 0.467590 1 0 1.000000
0  -0.305912 7.360437 5.795928  0.306810 0.898825 0.313018  0.252434 0.456973 1 0 1.000000
w_sniper
0  -0.581388 7.589925 5.758132  0.606452 0.761201 0.229759  0.265943 0.454224 1 0 1.000000
0  -0.367411 7.589925 6.330307  0.235634 0.827555 -0.509538  0.256491 0.479814 1 0 1.000000
0  -0.259313 7.404203 6.063879  0.257270 0.881256 -0.396484  0.251075 0.467590 1 0 1.000000
w_sniper
0  -0.367411 7.589925 6.330307  0.235634 0.827555 -0.509538  0.256491 0.479814 1 0 1.000000
0  -0.005242 7.360437 5.953991  -0.429987 0.900082 -0.070447  0.241823 0.463218 1 0 1.000000
0  -0.259313 7.404203 6.063879  0.257270 0.881256 -0.396484  0.251075 0.467590 1 0 1.000000
w_sniper
0  -0.367411 7.589925 6.330307  0.235634 0.827555 -0.509538  0.256491 0.479814 1 0 1.000000
0  0.204764 7.589925 6.116329  -0.585358 0.751292 -0.304823  0.230901 0.470362 1 0 1.000000
0  -0.005242 7.360437 5.953991  -0.429987 0.900082 -0.070447  0.241823 0.463218 1 0 1.000000
w_sniper
0  0.204764 7.589925 6.116329  -0.585358 0.751292 -0.304823  0.230901 0.470362 1 0 1.000000
0  -0.009213 7.589925 5.544155  -0.283239 0.738381 0.612020  0.240353 0.444773 1 0 1.000000
0  -0.005242 7.360437 5.953991  -0.429987 0.900082 -0.070447  0.241823 0.463218 1 0 1.000000
w_sniper
0  -0.009213 7.589925 5.544155  -0.283239 0.738381 0.612020  0.240353 0.444773 1 0 1.000000
0  -0.305912 7.360437 5.795928  0.306810 0.898825 0.313018  0.252434 0.456973 1 0 1.000000
0  -0.005242 7.360437 5.953991  -0.429987 0.900082 -0.070447  0.241823 0.463218 1 0 1.000000
w_sniper
0  -0.777433 7.844819 -1.605279  -0.005860 0.012435 -0.999906  0.174580 0.729238 1 0 1.000000
0  -0.614485 8.889387 -1.587681  -0.004488 0.028741 -0.999577  0.168895 0.763022 1 0 1.000000
0  -0.646217 8.043149 -1.603665  -0.009419 0.014184 -0.999855  0.169982 0.735074 1 0 1.000000
w_sniper
0  -0.777433 7.844819 -1.605279  -0.005860 0.012435 -0.999906  0.174580 0.729238 1 0 1.000000
0  -0.821789 9.011751 -1.583270  -0.006577 0.024260 -0.999684  0.175058 0.767304 1 0 1.000000
0  -0.614485 8.889387 -1.587681  -0.004488 0.028741 -0.999577  0.168895 0.763022 1 0 1.000000
w_sniper
0  -0.821789 9.011751 -1.583270  -0.006577 0.024260 -0.999684  0.175058 0.767304 1 0 1.000000
0  0.270577 8.856547 -1.588521  0.008814 0.023362 -0.999688  0.139518 0.761877 1 0 1.000000
0  -0.614485 8.889387 -1.587681  -0.004488 0.028741 -0.999577  0.168895 0.763022 1 0 1.000000
w_sniper
0  -0.821789 9.011751 -1.583270  -0.006577 0.024260 -0.999684  0.175058 0.767304 1 0 1.000000
0  0.401043 9.055502 -1.582756  0.005300 0.025098 -0.999671  0.134943 0.767737 1 0 1.000000
0  0.270577 8.856547 -1.588521  0.008814 0.023362 -0.999688  0.139518 0.761877 1 0 1.000000
w_sniper
0  0.401043 9.055502 -1.582756  0.005300 0.025098 -0.999671  0.134943 0.767737 1 0 1.000000
0  0.237256 8.010472 -1.604454  0.004081 0.008624 -0.999955  0.140650 0.733927 1 0 1.000000
0  0.270577 8.856547 -1.588521  0.008814 0.023362 -0.999688  0.139518 0.761877 1 0 1.000000
w_sniper
0  0.401043 9.055502 -1.582756  0.005300 0.025098 -0.999671  0.134943 0.767737 1 0 1.000000
0  0.445398 7.888554 -1.604691  0.006257 0.013276 -0.999892  0.134465 0.729671 1 0 1.000000
0  0.237256 8.010472 -1.604454  0.004081 0.008624 -0.999955  0.140650 0.733927 1 0 1.000000
w_sniper
0  0.445398 7.888554 -1.604691  0.006257 0.013276 -0.999892  0.134465 0.729671 1 0 1.000000
0  -0.646217 8.043149 -1.603665  -0.009419 0.014184 -0.999855  0.169982 0.735074 1 0 1.000000
0  0.237256 8.010472 -1.604454  0.004081 0.008624 -0.999955  0.140650 0.733927 1 0 1.000000
w_sniper
0  0.445398 7.888554 -1.604691  0.006257 0.013276 -0.999892  0.134465 0.729671 1 0 1.000000
0  -0.777433 7.844819 -1.605279  -0.005860 0.012435 -0.999906  0.174580 0.729238 1 0 1.000000
0  -0.646217 8.043149 -1.603665  -0.009419 0.014184 -0.999855  0.169982 0.735074 1 0 1.000000
w_sniper
0  -0.546058 8.106524 0.060862  0.000206 -0.018819 0.999823  0.251263 0.737589 1 0 1.000000
0  -0.777335 9.056175 0.078816  0.000235 -0.018832 0.999823  0.225616 0.732369 1 0 1.000000
0  -0.821864 7.889278 0.056830  0.000212 -0.018828 0.999823  0.255826 0.732042 1 0 1.000000
w_sniper
0  -0.546058 8.106524 0.060862  0.000206 -0.018819 0.999823  0.251263 0.737589 1 0 1.000000
0  -0.546058 8.794248 0.073830  0.000230 -0.018830 0.999823  0.231130 0.737328 1 0 1.000000
0  -0.777335 9.056175 0.078816  0.000235 -0.018832 0.999823  0.225616 0.732369 1 0 1.000000
w_sniper
0  0.169669 8.793795 0.073637  0.000235 -0.018811 0.999823  0.231533 0.757491 1 0 1.000000
0  -0.777335 9.056175 0.078816  0.000235 -0.018832 0.999823  0.225616 0.732369 1 0 1.000000
0  -0.546058 8.794248 0.073830  0.000230 -0.018830 0.999823  0.231130 0.737328 1 0 1.000000
w_sniper
0  0.169669 8.793795 0.073637  0.000235 -0.018811 0.999823  0.231533 0.757491 1 0 1.000000
0  0.445473 9.011043 0.077661  0.000230 -0.018809 0.999823  0.226970 0.763038 1 0 1.000000
0  -0.777335 9.056175 0.078816  0.000235 -0.018832 0.999823  0.225616 0.732369 1 0 1.000000
w_sniper
0  0.169669 8.793795 0.073637  0.000235 -0.018811 0.999823  0.231533 0.757491 1 0 1.000000
0  0.400945 7.844129 0.055742  0.000215 -0.018806 0.999823  0.257181 0.762711 1 0 1.000000
0  0.445473 9.011043 0.077661  0.000230 -0.018809 0.999823  0.226970 0.763038 1 0 1.000000
w_sniper
0  0.169669 8.793795 0.073637  0.000235 -0.018811 0.999823  0.231533 0.757491 1 0 1.000000
0  0.169669 8.106058 0.060719  0.000222 -0.018802 0.999823  0.251666 0.757752 1 0 1.000000
0  0.400945 7.844129 0.055742  0.000215 -0.018806 0.999823  0.257181 0.762711 1 0 1.000000
w_sniper
0  0.169669 8.106058 0.060719  0.000222 -0.018802 0.999823  0.251666 0.757752 1 0 1.000000
0  -0.821864 7.889278 0.056830  0.000212 -0.018828 0.999823  0.255826 0.732042 1 0 1.000000
0  0.400945 7.844129 0.055742  0.000215 -0.018806 0.999823  0.257181 0.762711 1 0 1.000000
w_sniper
0  0.169669 8.106058 0.060719  0.000222 -0.018802 0.999823  0.251666 0.757752 1 0 1.000000
0  -0.546058 8.106524 0.060862  0.000206 -0.018819 0.999823  0.251263 0.737589 1 0 1.000000
0  -0.821864 7.889278 0.056830  0.000212 -0.018828 0.999823  0.255826 0.732042 1 0 1.000000
w_sniper
0  0.970946 0.279777 3.045774  0.000000 0.992428 0.122826  0.258863 0.616974 1 0 1.000000
0  -0.642993 0.192960 3.747247  0.000000 0.992428 0.122826  0.289122 0.603823 1 0 1.000000
0  0.266369 0.192960 3.747247  0.000000 0.992428 0.122827  0.272073 0.603823 1 0 1.000000
w_sniper
0  0.970946 0.279777 3.045774  0.000000 0.992428 0.122826  0.258863 0.616974 1 0 1.000000
0  -1.347570 0.279777 3.045774  0.000000 0.992428 0.122826  0.302331 0.616974 1 0 1.000000
0  -0.642993 0.192960 3.747247  0.000000 0.992428 0.122826  0.289122 0.603823 1 0 1.000000
w_sniper
0  -0.642993 -0.344749 3.747247  -0.705544 0.000000 0.708666  0.353891 0.634096 1 0 1.000000
0  -1.347570 0.279777 3.045774  -0.705544 0.000000 0.708666  0.331027 0.648457 1 0 1.000000
0  -1.347570 -0.431567 3.045774  -0.705544 0.000000 0.708667  0.331027 0.632099 1 0 1.000000
w_sniper
0  -0.642993 -0.344749 3.747247  -0.705544 0.000000 0.708666  0.353891 0.634096 1 0 1.000000
0  -0.642993 0.192960 3.747247  -0.705545 0.000000 0.708666  0.353891 0.646461 1 0 1.000000
0  -1.347570 0.279777 3.045774  -0.705544 0.000000 0.708666  0.331027 0.648457 1 0 1.000000
w_sniper
0  -0.642993 1.050479 3.747247  -0.705544 0.000000 0.708666  0.353960 0.651452 1 0 1.000000
0  -1.347570 1.675005 3.045774  -0.705544 0.000000 0.708666  0.331096 0.665814 1 0 1.000000
0  -1.347570 0.963661 3.045774  -0.705544 0.000000 0.708666  0.331096 0.649456 1 0 1.000000
w_sniper
0  -0.642993 1.050479 3.747247  -0.705544 0.000000 0.708666  0.353960 0.651452 1 0 1.000000
0  -0.642993 1.588188 3.747247  -0.705544 0.000000 0.708666  0.353960 0.663818 1 0 1.000000
0  -1.347570 1.675005 3.045774  -0.705544 0.000000 0.708666  0.331096 0.665814 1 0 1.000000
w_sniper
0  -0.642993 -1.739977 3.747247  -0.705544 0.000000 0.708666  0.354098 0.616464 1 0 1.000000
0  -1.347570 -1.115451 3.045774  -0.705544 0.000000 0.708666  0.331234 0.630826 1 0 1.000000
0  -1.347570 -1.826795 3.045774  -0.705544 0.000000 0.708667  0.331234 0.614467 1 0 1.000000
w_sniper
0  -0.642993 -1.739977 3.747247  -0.705544 0.000000 0.708666  0.354098 0.616464 1 0 1.000000
0  -0.642993 -1.202268 3.747247  -0.705544 0.000000 0.708666  0.354098 0.628829 1 0 1.000000
0  -1.347570 -1.115451 3.045774  -0.705544 0.000000 0.708666  0.331234 0.630826 1 0 1.000000
w_sniper
0  -0.642993 -3.135205 3.747247  -0.705544 0.000000 0.708666  0.353960 0.599073 1 0 1.000000
0  -1.347570 -2.510678 3.045774  -0.705544 0.000000 0.708666  0.331096 0.613434 1 0 1.000000
0  -1.347570 -3.222023 3.045774  -0.705544 0.000000 0.708666  0.331096 0.597076 1 0 1.000000
w_sniper
0  -0.642993 -3.135205 3.747247  -0.705544 0.000000 0.708666  0.353960 0.599073 1 0 1.000000
0  -0.642993 -2.597496 3.747247  -0.705544 0.000000 0.708666  0.353960 0.611438 1 0 1.000000
0  -1.347570 -2.510678 3.045774  -0.705544 0.000000 0.708666  0.331096 0.613434 1 0 1.000000
w_sniper
0  -0.642993 -4.530432 3.747247  -0.705544 0.000000 0.708666  0.353960 0.581958 1 0 1.000000
0  -1.347570 -3.905906 3.045774  -0.705544 0.000000 0.708666  0.331096 0.596319 1 0 1.000000
0  -1.347570 -4.617250 3.045774  -0.705544 0.000000 0.708667  0.331096 0.579961 1 0 1.000000
w_sniper
0  -0.642993 -4.530432 3.747247  -0.705544 0.000000 0.708666  0.353960 0.581958 1 0 1.000000
0  -0.642993 -3.992724 3.747247  -0.705544 0.000000 0.708666  0.353960 0.594323 1 0 1.000000
0  -1.347570 -3.905906 3.045774  -0.705544 0.000000 0.708666  0.331096 0.596319 1 0 1.000000
w_sniper
0  -0.576971 5.931045 6.138230  -0.461442 -0.044302 0.886063  0.284664 0.488295 1 0 1.000000
0  0.012687 5.931045 6.325889  -0.302480 -0.071838 0.950445  0.274144 0.488295 1 0 1.000000
0  -0.367411 7.589925 6.330307  -0.860898 0.050131 0.506302  0.278300 0.433379 1 0 1.000000
w_sniper
0  0.200346 5.931045 5.736231  0.461442 -0.044302 -0.886063  0.315055 0.488295 1 0 1.000000
0  -0.009213 7.589925 5.544155  0.860898 0.050131 -0.506302  0.308691 0.433379 1 0 1.000000
0  0.204764 7.589925 6.116329  0.933826 0.077531 -0.349225  0.323887 0.433379 1 0 1.000000
w_sniper
0  0.200346 5.931045 5.736231  0.461442 -0.044302 -0.886063  0.315055 0.488295 1 0 1.000000
0  -0.389312 5.931045 5.548572  0.302480 -0.071838 -0.950445  0.299860 0.488295 1 0 1.000000
0  -0.009213 7.589925 5.544155  0.860898 0.050131 -0.506302  0.308691 0.433379 1 0 1.000000
w_sniper
0  -1.718321 0.941516 5.710110  0.128703 0.819560 -0.558353  0.815756 0.195969 1 0 1.000000
0  -2.098505 -0.711287 7.189998  -0.962039 0.267902 0.052056  0.771545 0.243251 1 0 1.000000
0  -1.717917 0.442326 7.353828  0.068737 0.954589 0.289888  0.767168 0.206930 1 0 1.000000
w_sniper
0  -1.718321 0.941516 5.710110  0.128703 0.819560 -0.558353  0.815756 0.195969 1 0 1.000000
0  -1.915715 -0.024438 5.521628  -0.064145 0.203730 -0.976923  0.822386 0.228887 1 0 1.000000
0  -2.098505 -0.711287 7.189998  -0.962039 0.267902 0.052056  0.771545 0.243251 1 0 1.000000
w_sniper
0  0.012687 5.931045 6.325889  0.886064 -0.044302 0.461442  0.330251 0.488295 1 0 1.000000
0  0.200346 5.931045 5.736231  0.950445 -0.071838 0.302479  0.315055 0.488295 1 0 1.000000
0  0.204764 7.589925 6.116329  0.506303 0.050131 0.860897  0.323887 0.433379 1 0 1.000000
w_sniper
0  -1.764755 -16.106405 4.585111  -0.982019 -0.023336 0.187335  0.863751 0.942683 1 0 1.000000
0  -1.574155 -20.735027 4.663088  -0.982157 -0.089090 0.165621  0.971263 0.944030 1 0 1.000000
0  -1.186164 -19.271170 6.577907  -0.640904 0.017947 0.767411  0.936957 0.987874 1 0 1.000000
w_sniper
0  -1.764755 -16.106405 4.585111  -0.982019 -0.023336 0.187335  0.863751 0.942683 1 0 1.000000
0  -1.186164 -19.271170 6.577907  -0.640904 0.017947 0.767411  0.936957 0.987874 1 0 1.000000
0  -1.442367 -13.955497 6.755466  -0.464788 -0.754061 0.464074  0.814064 0.993142 1 0 1.000000
w_sniper
0  -1.442367 -13.955497 6.755466  -0.464788 -0.754061 0.464074  0.814064 0.993142 1 0 1.000000
0  -1.538309 -13.913511 5.909494  -0.973835 -0.074778 0.214601  0.814418 0.972892 1 0 1.000000
0  -1.764755 -16.106405 4.585111  -0.982019 -0.023336 0.187335  0.863751 0.942683 1 0 1.000000
w_sniper
0  1.068198 -13.957324 6.736329  0.480600 -0.749748 0.454864  0.873643 0.744560 1 0 1.000000
0  0.795464 -19.201599 6.579344  0.718897 -0.056909 0.692783  0.750434 0.739465 1 0 1.000000
0  1.185221 -20.686710 4.592157  0.978860 -0.045650 0.199372  0.717203 0.695438 1 0 1.000000
w_sniper
0  1.068198 -13.957324 6.736329  0.480600 -0.749748 0.454864  0.873643 0.744560 1 0 1.000000
0  1.185221 -20.686710 4.592157  0.978860 -0.045650 0.199372  0.717203 0.695438 1 0 1.000000
0  1.346549 -16.106405 4.585111  0.988556 -0.029756 0.147890  0.823771 0.694594 1 0 1.000000
w_sniper
0  1.130114 -13.919918 5.887637  0.994813 -0.048421 0.089455  0.874411 0.724221 1 0 1.000000
0  1.068198 -13.957324 6.736329  0.480600 -0.749748 0.454864  0.873643 0.744560 1 0 1.000000
0  1.346549 -16.106405 4.585111  0.988556 -0.029756 0.147890  0.823771 0.694594 1 0 1.000000
w_sniper
0  1.310803 -13.832479 7.046677  0.646837 -0.487662 0.586335  0.892135 0.755217 1 0 1.000000
0  1.130114 -13.919918 5.887637  0.981121 -0.041502 -0.188888  0.885812 0.731464 1 0 1.000000
0  1.345763 -9.359796 6.005827  0.965114 -0.002189 -0.261821  0.997993 0.732701 1 0 1.000000
w_sniper
0  -1.538309 -13.913511 5.909494  -0.996931 -0.039101 -0.067821  0.886835 0.833544 1 0 1.000000
0  -1.685555 -13.831440 7.051250  -0.650057 -0.477133 0.591414  0.892812 0.808640 1 0 1.000000
0  -1.549450 -9.469169 5.903031  -0.870397 0.308847 -0.383435  0.992561 0.835874 1 0 1.000000
w_sniper
0  1.068198 -13.957324 6.736329  0.480600 -0.749748 0.454864  0.884831 0.753169 1 0 1.000000
0  1.130114 -13.919918 5.887637  0.994813 -0.048421 0.089455  0.885812 0.731464 1 0 1.000000
0  1.310803 -13.832479 7.046677  0.646837 -0.487662 0.586335  0.892135 0.755217 1 0 1.000000
w_sniper
0  1.310803 -13.832479 7.046677  0.646837 -0.487662 0.586335  0.892135 0.755217 1 0 1.000000
0  -1.442367 -13.955497 6.755466  -0.464788 -0.754061 0.464074  0.884346 0.811598 1 0 1.000000
0  1.068198 -13.957324 6.736329  0.480600 -0.749748 0.454864  0.884831 0.753169 1 0 1.000000
w_sniper
0  1.310803 -13.832479 7.046677  0.646837 -0.487662 0.586335  0.892135 0.755217 1 0 1.000000
0  -1.685555 -13.831440 7.051250  -0.650057 -0.477133 0.591414  0.892812 0.808640 1 0 1.000000
0  -1.442367 -13.955497 6.755466  -0.464788 -0.754061 0.464074  0.884346 0.811598 1 0 1.000000
w_sniper
0  1.346551 5.222467 5.952255  0.998693 0.001061 0.051093  0.133004 0.546028 1 0 1.000000
0  1.310803 -13.832479 7.046677  0.646837 -0.487662 0.586335  0.359011 0.530448 1 0 1.000000
0  1.345763 -9.359796 6.005827  0.965114 -0.002189 -0.261821  0.359003 0.545216 1 0 1.000000
w_sniper
0  1.346551 5.222467 5.952255  0.998693 0.001061 0.051093  0.133004 0.546028 1 0 1.000000
0  1.289146 5.222467 7.061027  0.686234 0.000974 0.727380  0.133013 0.530327 1 0 1.000000
0  1.310803 -13.832479 7.046677  0.646837 -0.487662 0.586335  0.359011 0.530448 1 0 1.000000
w_sniper
0  -1.723175 5.222467 5.952255  -0.717006 0.696619 0.024985  0.357916 0.526662 1 0 1.000000
0  -1.685555 -13.831440 7.051250  -0.650057 -0.477133 0.591414  0.131909 0.511081 1 0 1.000000
0  -1.676534 5.222467 7.043087  -0.565256 0.580186 0.586404  0.357907 0.510960 1 0 1.000000
w_sniper
0  -1.723175 5.222467 5.952255  -0.717006 0.696619 0.024985  0.357916 0.526662 1 0 1.000000
0  -1.549450 -9.469169 5.903031  -0.870397 0.308847 -0.383435  0.131917 0.525850 1 0 1.000000
0  -1.685555 -13.831440 7.051250  -0.650057 -0.477133 0.591414  0.131909 0.511081 1 0 1.000000
w_sniper
0  -1.723175 5.222467 5.952255  0.004436 -0.002740 -0.999986  0.928868 0.200750 1 0 1.000000
0  1.345763 -9.359796 6.005827  0.022872 0.212575 -0.976877  0.986344 0.186636 1 0 1.000000
0  -1.549450 -9.469169 5.903031  -0.870397 0.308847 -0.383435  0.986344 0.200750 1 0 1.000000
w_sniper
0  -1.723175 5.222467 5.952255  0.004436 -0.002740 -0.999986  0.928868 0.200750 1 0 1.000000
0  1.346551 5.222467 5.952255  0.000000 -0.003674 -0.999993  0.928868 0.186636 1 0 1.000000
0  1.345763 -9.359796 6.005827  0.022872 0.212575 -0.976877  0.986344 0.186636 1 0 1.000000
w_sniper
0  -1.685555 -13.831440 7.051250  -0.650057 -0.477133 0.591414  0.892812 0.808640 1 0 1.000000
0  -1.538309 -13.913511 5.909494  -0.996931 -0.039101 -0.067821  0.886835 0.833544 1 0 1.000000
0  -1.442367 -13.955497 6.755466  -0.464788 -0.754061 0.464074  0.884346 0.811598 1 0 1.000000
w_sniper
0  -0.490109 -12.571609 -3.187460  0.001217 0.984939 0.172898  0.351074 0.927814 1 0 1.000000
0  0.090787 -12.378337 -3.555806  0.500425 0.580949 -0.641930  0.341690 0.921390 1 0 1.000000
0  -0.510570 -12.401627 -3.570046  -0.510758 0.608019 -0.607815  0.350892 0.920161 1 0 1.000000
w_sniper
0  -0.490109 -12.571609 -3.187460  0.001217 0.984939 0.172898  0.351074 0.927814 1 0 1.000000
0  0.112511 -12.594125 -3.022643  0.618959 0.736966 0.271609  0.341808 0.930299 1 0 1.000000
0  0.090787 -12.378337 -3.555806  0.500425 0.580949 -0.641930  0.341690 0.921390 1 0 1.000000
w_sniper
0  0.321624 -15.059731 -2.003731  0.017223 -0.860454 0.509237  0.354529 0.900421 1 0 1.000000
0  0.305594 -13.617654 0.059155  0.624758 -0.728309 0.281503  0.312732 0.901963 1 0 1.000000
0  0.045827 -13.817580 0.120286  0.315953 -0.908013 0.275112  0.312972 0.896156 1 0 1.000000
w_sniper
0  0.218889 -13.542809 1.617029  0.090160 -0.981350 0.169772  0.286962 0.899386 1 0 1.000000
0  0.045827 -13.817580 0.120286  0.315953 -0.908013 0.275112  0.312972 0.896156 1 0 1.000000
0  0.305594 -13.617654 0.059155  0.624758 -0.728309 0.281503  0.312732 0.901963 1 0 1.000000
w_sniper
0  0.300063 -19.912611 -0.218195  0.758474 0.336744 0.557961  0.443553 0.900341 1 0 1.000000
0  0.321624 -15.059731 -2.003731  0.908837 0.187137 0.372819  0.354529 0.900421 1 0 1.000000
0  -0.708410 -15.015515 -2.005146  -0.007025 0.149935 0.988671  0.354374 0.882704 1 0 1.000000
w_sniper
0  -0.708410 -15.015515 -2.005146  -0.007025 0.149935 0.988671  0.354374 0.882704 1 0 1.000000
0  -0.676685 -19.912611 -0.218195  0.000013 0.527814 0.849360  0.444307 0.883634 1 0 1.000000
0  0.300063 -19.912611 -0.218195  0.758474 0.336744 0.557961  0.443553 0.900341 1 0 1.000000
w_sniper
0  -0.655015 -21.383091 1.158136  0.000000 0.683348 0.730093  0.478656 0.885338 1 0 1.000000
0  0.300063 -19.912611 -0.218195  0.758474 0.336744 0.557961  0.443553 0.900341 1 0 1.000000
0  -0.676685 -19.912611 -0.218195  0.000013 0.527814 0.849360  0.444307 0.883634 1 0 1.000000
w_sniper
0  -0.655015 -21.383091 1.158136  0.000000 0.683348 0.730093  0.478656 0.885338 1 0 1.000000
0  0.278393 -21.383091 1.158136  0.000000 0.683348 0.730093  0.478036 0.901287 1 0 1.000000
0  0.300063 -19.912611 -0.218195  0.758474 0.336744 0.557961  0.443553 0.900341 1 0 1.000000
w_sniper
0  1.068198 -13.957324 6.736329  0.480600 -0.749748 0.454864  0.884831 0.753169 1 0 1.000000
0  -1.186164 -19.271170 6.577907  -0.640904 0.017947 0.767411  0.758595 0.804935 1 0 1.000000
0  0.795464 -19.201599 6.579344  0.718897 -0.056909 0.692783  0.758874 0.757776 1 0 1.000000
w_sniper
0  1.068198 -13.957324 6.736329  0.480600 -0.749748 0.454864  0.884831 0.753169 1 0 1.000000
0  -1.442367 -13.955497 6.755466  -0.464788 -0.754061 0.464074  0.884346 0.811598 1 0 1.000000
0  -1.186164 -19.271170 6.577907  -0.640904 0.017947 0.767411  0.758595 0.804935 1 0 1.000000
w_sniper
0  -0.730555 -12.781834 -3.327063  -0.937708 -0.128967 -0.322600  0.356093 0.926701 1 0 1.000000
0  -0.490109 -12.571609 -3.187460  -0.880700 0.438723 0.178579  0.351074 0.927814 1 0 1.000000
0  -0.510570 -12.401627 -3.570046  -0.510758 0.608019 -0.607815  0.350892 0.920161 1 0 1.000000
w_sniper
0  -0.655015 -21.857929 0.655524  -0.999947 -0.008497 0.005884  0.503922 0.956750 1 0 1.000000
0  -0.655015 -21.383091 1.158136  -0.999946 -0.008449 0.005989  0.497066 0.965158 1 0 1.000000
0  -0.676685 -19.912611 -0.218195  -0.999962 -0.007455 0.004427  0.473011 0.945357 1 0 1.000000
w_sniper
0  -0.655015 -21.857929 0.655524  -0.999947 -0.008497 0.005884  0.503922 0.956750 1 0 1.000000
0  -0.676685 -19.912611 -0.218195  -0.999962 -0.007455 0.004427  0.473011 0.945357 1 0 1.000000
0  -0.676685 -20.103741 -0.587045  -0.999963 -0.007590 0.003933  0.474976 0.939377 1 0 1.000000
w_sniper
0  -0.730555 -12.781834 -3.327063  -0.937708 -0.128967 -0.322600  0.356093 0.926701 1 0 1.000000
0  -0.676685 -20.103741 -0.587045  -0.999963 -0.007590 0.003933  0.474976 0.939377 1 0 1.000000
0  -0.676685 -19.912611 -0.218195  -0.999962 -0.007455 0.004427  0.473011 0.945357 1 0 1.000000
w_sniper
0  -0.730555 -12.781834 -3.327063  -0.937708 -0.128967 -0.322600  0.356093 0.926701 1 0 1.000000
0  -0.676685 -19.912611 -0.218195  -0.999962 -0.007455 0.004427  0.473011 0.945357 1 0 1.000000
0  -0.708410 -15.015515 -2.005146  -0.996786 0.042104 0.068148  0.390476 0.937110 1 0 1.000000
w_sniper
0  -0.708410 -15.015515 -2.005146  -0.996786 0.042104 0.068148  0.390476 0.937110 1 0 1.000000
0  -0.490109 -12.571609 -3.187460  -0.880700 0.438723 0.178579  0.351074 0.927814 1 0 1.000000
0  -0.730555 -12.781834 -3.327063  -0.937708 -0.128967 -0.322600  0.356093 0.926701 1 0 1.000000
w_sniper
0  -1.685555 -13.831440 7.051250  -0.650057 -0.477133 0.591414  0.628382 0.134041 1 0 1.000000
0  1.289146 5.222467 7.061027  0.686234 0.000974 0.727380  0.963698 0.081605 1 0 1.000000
0  -1.676534 5.222467 7.043087  -0.565256 0.580186 0.586404  0.963698 0.133978 1 0 1.000000
w_sniper
0  -1.685555 -13.831440 7.051250  -0.650057 -0.477133 0.591414  0.628382 0.134041 1 0 1.000000
0  1.310803 -13.832479 7.046677  0.646837 -0.487662 0.586335  0.628382 0.081131 1 0 1.000000
0  1.289146 5.222467 7.061027  0.686234 0.000974 0.727380  0.963698 0.081605 1 0 1.000000
w_sniper
0  -1.723175 5.222467 5.952255  -0.717006 0.696619 0.024985  0.982771 0.131247 1 0 1.000000
0  1.289146 5.222467 7.061027  0.000000 1.000000 -0.000000  0.965884 0.084858 1 0 1.000000
0  1.346551 5.222467 5.952255  0.000000 1.000000 -0.000000  0.982771 0.083672 1 0 1.000000
w_sniper
0  -1.723175 5.222467 5.952255  -0.717006 0.696619 0.024985  0.982771 0.131247 1 0 1.000000
0  -1.676534 5.222467 7.043087  -0.565256 0.580186 0.586404  0.966106 0.130284 1 0 1.000000
0  1.289146 5.222467 7.061027  0.000000 1.000000 -0.000000  0.963698 0.081605 1 0 1.000000
w_sniper
0  -1.893821 4.950562 0.396004  -0.652926 0.140757 -0.744228  0.128659 0.250523 1 0 1.000000
0  -1.026108 5.639939 0.529916  0.017090 0.301596 -0.953283  0.142062 0.239959 1 0 1.000000
0  -0.990076 4.920873 0.546696  0.085945 -0.006623 -0.996278  0.142627 0.250752 1 0 1.000000
w_sniper
0  0.169669 6.304689 1.405194  -0.000068 0.016041 -0.999871  0.193606 0.834832 1 0 1.000000
0  -0.546058 8.106524 1.434149  -0.000151 0.016008 -0.999872  0.211786 0.880607 1 0 1.000000
0  0.169669 8.106058 1.434006  -0.000189 0.015992 -0.999872  0.193606 0.880607 1 0 1.000000
w_sniper
0  0.169669 6.304689 1.405194  -0.000068 0.016041 -0.999871  0.193606 0.834832 1 0 1.000000
0  -0.546058 6.305181 1.405223  -0.000029 0.016056 -0.999871  0.211786 0.834845 1 0 1.000000
0  -0.546058 8.106524 1.434149  -0.000151 0.016008 -0.999872  0.211786 0.880607 1 0 1.000000
w_sniper
0  -0.546058 8.794248 1.447117  0.000633 1.000000 0.000000  0.208171 0.758545 1 0 1.000000
0  0.169669 8.793795 0.073637  0.000633 1.000000 0.000000  0.192528 0.728179 1 0 1.000000
0  -0.546058 8.794248 0.073830  0.000633 1.000000 0.000000  0.208347 0.728267 1 0 1.000000
w_sniper
0  -0.546058 8.794248 1.447117  0.000633 1.000000 0.000000  0.208171 0.758545 1 0 1.000000
0  0.169669 8.793795 1.446924  0.000633 1.000000 0.000000  0.192347 0.758598 1 0 1.000000
0  0.169669 8.793795 0.073637  0.000633 1.000000 0.000000  0.192528 0.728179 1 0 1.000000
w_sniper
0  0.169669 8.106058 1.434006  -0.000652 -1.000000 0.000000  0.193606 0.880607 1 0 1.000000
0  -0.546058 8.106524 0.060862  -0.000652 -1.000000 0.000000  0.211786 0.905488 1 0 1.000000
0  0.169669 8.106058 0.060719  -0.000652 -1.000000 0.000000  0.193606 0.905499 1 0 1.000000
w_sniper
0  0.169669 8.106058 1.434006  -0.000652 -1.000000 0.000000  0.193606 0.880607 1 0 1.000000
0  -0.546058 8.106524 1.434149  -0.000652 -1.000000 0.000000  0.211786 0.880607 1 0 1.000000
0  -0.546058 8.106524 0.060862  -0.000652 -1.000000 0.000000  0.211786 0.905488 1 0 1.000000
w_sniper
0  -0.777335 9.056175 0.078816  -0.674873 0.737633 0.021063  0.247740 0.716193 1 0 1.000000
0  0.401043 9.055502 -1.582756  0.682188 0.730869 -0.021225  0.228411 0.678832 1 0 1.000000
0  -0.821789 9.011751 -1.583270  -0.738425 0.673933 -0.023307  0.247828 0.678956 1 0 1.000000
w_sniper
0  -0.777335 9.056175 0.078816  -0.674873 0.737633 0.021063  0.247740 0.716193 1 0 1.000000
0  0.445473 9.011043 0.077661  0.731540 0.681451 0.021760  0.227476 0.716065 1 0 1.000000
0  0.401043 9.055502 -1.582756  0.682188 0.730869 -0.021225  0.228411 0.678832 1 0 1.000000
w_sniper
0  0.918996 -20.756918 0.516297  0.712148 -0.202573 -0.672168  0.716274 0.599595 1 0 1.000000
0  0.818200 -21.378185 5.868438  0.960806 -0.276959 -0.012050  0.700002 0.724631 1 0 1.000000
0  0.779655 -21.840654 0.506107  0.959599 -0.280858 -0.016993  0.689788 0.599451 1 0 1.000000
w_sniper
0  0.918996 -20.756918 0.516297  0.712148 -0.202573 -0.672168  0.716274 0.599595 1 0 1.000000
0  1.185221 -20.686710 4.592157  0.916136 -0.400867 -0.000738  0.717203 0.695438 1 0 1.000000
0  0.818200 -21.378185 5.868438  0.960806 -0.276959 -0.012050  0.700002 0.724631 1 0 1.000000
w_sniper
0  0.918996 -20.756918 0.516297  0.712148 -0.202573 -0.672168  0.716274 0.599595 1 0 1.000000
0  0.988154 -19.240351 0.172493  0.548061 -0.208708 -0.809982  0.750570 0.591758 1 0 1.000000
0  1.185221 -20.686710 4.592157  0.916136 -0.400867 -0.000738  0.717203 0.695438 1 0 1.000000
w_sniper
0  1.053422 -10.330581 0.711894  0.627477 0.115098 -0.770081  0.678676 0.074169 1 0 1.000000
0  -1.431026 -9.197286 1.399280  -0.602508 0.703071 -0.377724  0.646165 0.007267 1 0 1.000000
0  1.037864 -9.198416 1.396681  0.600636 0.708608 -0.370286  0.647174 0.074002 1 0 1.000000
w_sniper
0  1.053422 -10.330581 0.711894  0.627477 0.115098 -0.770081  0.678676 0.074169 1 0 1.000000
0  -1.411384 -10.334688 0.712114  -0.618318 0.109874 -0.778210  0.678385 0.007267 1 0 1.000000
0  -1.431026 -9.197286 1.399280  -0.602508 0.703071 -0.377724  0.646165 0.007267 1 0 1.000000
w_sniper
0  -0.356548 -9.480289 -0.782439  0.000000 0.066698 0.997773  0.335482 0.824450 1 0 1.000000
0  -0.020074 -11.687414 -0.634900  0.000000 0.066698 0.997773  0.294000 0.817709 1 0 1.000000
0  -0.020074 -9.480289 -0.782439  0.000000 0.066698 0.997773  0.335482 0.817709 1 0 1.000000
w_sniper
0  -0.356548 -9.480289 -0.782439  0.000000 0.066698 0.997773  0.335482 0.824450 1 0 1.000000
0  -0.356548 -11.687414 -0.634900  0.000000 0.066698 0.997773  0.294000 0.824450 1 0 1.000000
0  -0.020074 -11.687414 -0.634900  0.000000 0.066698 0.997773  0.294000 0.817709 1 0 1.000000
w_sniper
0  -0.356548 -9.480289 -0.782439  0.000000 -0.964279 0.264890  0.329210 0.740013 1 0 1.000000
0  -0.020074 -8.669766 2.168102  0.000000 -0.964279 0.264890  0.337697 0.681580 1 0 1.000000
0  -0.356548 -8.669766 2.168102  0.000000 -0.964278 0.264890  0.344214 0.683304 1 0 1.000000
w_sniper
0  -0.356548 -9.480289 -0.782439  0.000000 -0.964279 0.264890  0.329210 0.740013 1 0 1.000000
0  -0.020074 -9.480289 -0.782439  0.000000 -0.964279 0.264890  0.322693 0.738289 1 0 1.000000
0  -0.020074 -8.669766 2.168102  0.000000 -0.964279 0.264890  0.337697 0.681580 1 0 1.000000
w_sniper
0  -0.020074 -11.687414 -0.634900  0.000000 0.914297 -0.405044  0.311496 0.727800 1 0 1.000000
0  -0.356548 -10.902512 1.136846  0.000000 0.914297 -0.405043  0.319648 0.689247 1 0 1.000000
0  -0.020074 -10.902512 1.136846  0.000000 0.914298 -0.405043  0.325908 0.691750 1 0 1.000000
w_sniper
0  -0.020074 -11.687414 -0.634900  0.000000 0.914297 -0.405044  0.311496 0.727800 1 0 1.000000
0  -0.356548 -11.687414 -0.634900  0.000000 0.914297 -0.405044  0.305236 0.725297 1 0 1.000000
0  -0.356548 -10.902512 1.136846  0.000000 0.914297 -0.405043  0.319648 0.689247 1 0 1.000000
w_sniper
0  0.012687 5.931045 6.325889  0.886064 -0.044302 0.461442  0.330251 0.488295 1 0 1.000000
0  0.204764 7.589925 6.116329  0.506303 0.050131 0.860897  0.323887 0.433379 1 0 1.000000
0  -0.367411 7.589925 6.330307  0.349225 0.077531 0.933826  0.334927 0.433379 1 0 1.000000
w_sniper
0  -2.051510 5.835503 0.816621  -0.571600 0.669771 -0.474005  0.139273 0.605550 1 0 1.000000
0  1.674886 5.670104 1.491897  0.576207 0.442070 0.687430  0.205227 0.599853 1 0 1.000000
0  1.674886 5.755725 0.736843  0.571869 0.573446 -0.586623  0.205227 0.605550 1 0 1.000000
w_sniper
0  -2.051510 5.835503 0.816621  -0.571600 0.669771 -0.474005  0.139273 0.605550 1 0 1.000000
0  -2.051510 5.601803 1.520188  -0.576256 0.307417 0.757248  0.139273 0.598903 1 0 1.000000
0  1.674886 5.670104 1.491897  0.576207 0.442070 0.687430  0.205227 0.599853 1 0 1.000000
w_sniper
0  -2.051510 5.173134 0.807265  -0.019020 0.000798 -0.999819  0.139273 0.584978 1 0 1.000000
0  1.674886 5.755725 0.736843  0.571869 0.573446 -0.586623  0.205227 0.577589 1 0 1.000000
0  1.674886 5.173134 0.807265  0.000000 -0.120003 -0.992773  0.205227 0.584978 1 0 1.000000
w_sniper
0  -2.051510 5.173134 0.807265  -0.019020 0.000798 -0.999819  0.139273 0.584978 1 0 1.000000
0  -2.051510 5.835503 0.816621  -0.571600 0.669771 -0.474005  0.139273 0.576160 1 0 1.000000
0  1.674886 5.755725 0.736843  0.571869 0.573446 -0.586623  0.205227 0.577589 1 0 1.000000
w_sniper
0  -2.051510 5.052158 1.235936  -0.591454 -0.741068 0.317805  0.139273 0.590675 1 0 1.000000
0  1.674886 5.173134 0.807265  0.010007 -0.981721 -0.190064  0.205227 0.584978 1 0 1.000000
0  1.674886 5.080450 1.304237  0.589025 -0.693719 0.414492  0.205227 0.591624 1 0 1.000000
w_sniper
0  -2.051510 5.052158 1.235936  -0.591454 -0.741068 0.317805  0.139273 0.590675 1 0 1.000000
0  -2.051510 5.173134 0.807265  0.000000 -0.962409 -0.271604  0.139273 0.584978 1 0 1.000000
0  1.674886 5.173134 0.807265  0.010007 -0.981721 -0.190064  0.205227 0.584978 1 0 1.000000
w_sniper
0  -2.051510 5.601803 1.520188  -0.576256 0.307417 0.757248  0.139273 0.598903 1 0 1.000000
0  1.674886 5.080450 1.304237  0.589025 -0.693719 0.414492  0.205227 0.591624 1 0 1.000000
0  1.674886 5.670104 1.491897  0.576207 0.442070 0.687430  0.205227 0.599853 1 0 1.000000
w_sniper
0  -2.051510 5.601803 1.520188  -0.576256 0.307417 0.757248  0.139273 0.598903 1 0 1.000000
0  -2.051510 5.052158 1.235936  -0.591454 -0.741068 0.317805  0.139273 0.590675 1 0 1.000000
0  1.674886 5.080450 1.304237  0.589025 -0.693719 0.414492  0.205227 0.591624 1 0 1.000000
w_sniper
0  -2.051510 5.961073 7.058936  -0.576975 0.554018 0.600137  0.139341 0.639324 1 0 1.000000
0  1.674886 5.875453 7.081200  0.589720 0.289544 0.753920  0.204940 0.638585 1 0 1.000000
0  1.674886 6.093024 6.692540  0.017128 0.872453 0.488398  0.204940 0.644251 1 0 1.000000
w_sniper
0  -2.051510 5.730866 6.230789  -0.577856 0.152950 -0.801679  0.139341 0.618863 1 0 1.000000
0  1.674886 6.093024 6.692540  0.009930 0.746333 -0.665499  0.204940 0.611514 1 0 1.000000
0  1.674886 5.618045 6.230789  0.571600 -0.138426 -0.808772  0.204940 0.620284 1 0 1.000000
w_sniper
0  -2.051510 5.730866 6.230789  -0.577856 0.152950 -0.801679  0.139341 0.618863 1 0 1.000000
0  -2.051510 5.961073 7.058936  -0.576975 0.554018 0.600137  0.139341 0.611514 1 0 1.000000
0  1.674886 6.093024 6.692540  0.009930 0.746333 -0.665499  0.204940 0.611514 1 0 1.000000
w_sniper
0  -1.717917 0.442326 7.353828  0.982712 -0.093207 0.159968  0.767168 0.206930 1 0 1.000000
0  -2.007497 0.425111 9.209758  0.163297 0.556463 0.814667  0.713925 0.210851 1 0 1.000000
0  -1.821388 0.457843 9.139940  0.618672 0.703111 0.350541  0.715586 0.200984 1 0 1.000000
w_sniper
0  -1.821388 0.457843 9.139940  0.618672 0.703111 0.350541  0.993125 0.184962 1 0 1.000000
0  -1.831575 -0.711287 7.118474  0.993239 -0.018275 -0.114638  0.986689 0.173203 1 0 1.000000
0  -1.717917 0.442326 7.353828  0.982712 -0.093207 0.159968  0.993154 0.174461 1 0 1.000000
w_sniper
0  -2.098505 -0.711287 7.189998  -0.996291 0.070626 0.049160  0.771545 0.243251 1 0 1.000000
0  -2.007497 0.425111 9.209758  -0.974938 0.202028 0.093164  0.713925 0.210851 1 0 1.000000
0  -1.717917 0.442326 7.353828  -0.991794 0.125470 -0.024554  0.767168 0.206930 1 0 1.000000
w_sniper
0  -2.051510 5.257505 6.825236  -0.570932 -0.786365 0.235938  0.139341 0.629457 1 0 1.000000
0  1.674886 5.618045 6.230789  0.571600 -0.138426 -0.808772  0.204940 0.620284 1 0 1.000000
0  1.674886 5.285797 6.893537  0.570042 -0.754242 0.325838  0.204940 0.630401 1 0 1.000000
w_sniper
0  -2.051510 5.257505 6.825236  -0.570932 -0.786365 0.235938  0.139341 0.629457 1 0 1.000000
0  -2.051510 5.730866 6.230789  -0.577856 0.152950 -0.801679  0.139341 0.618863 1 0 1.000000
0  1.674886 5.618045 6.230789  0.571600 -0.138426 -0.808772  0.204940 0.620284 1 0 1.000000
w_sniper
0  -2.051510 5.961073 7.058936  -0.576975 0.554018 0.600137  0.139341 0.639324 1 0 1.000000
0  1.674886 5.285797 6.893537  0.570042 -0.754242 0.325838  0.204940 0.630401 1 0 1.000000
0  1.674886 5.875453 7.081200  0.589720 0.289544 0.753920  0.204940 0.638585 1 0 1.000000
w_sniper
0  -2.051510 5.961073 7.058936  -0.576975 0.554018 0.600137  0.139341 0.639324 1 0 1.000000
0  -2.051510 5.257505 6.825236  -0.570932 -0.786365 0.235938  0.139341 0.629457 1 0 1.000000
0  1.674886 5.285797 6.893537  0.570042 -0.754242 0.325838  0.204940 0.630401 1 0 1.000000
w_sniper
0  1.656439 -1.613992 5.863081  0.000000 -0.996383 0.084970  0.650891 0.246669 1 0 1.000000
0  1.908165 -1.538667 6.746364  0.601889 0.000000 0.798580  0.659427 0.269629 1 0 1.000000
0  1.656439 -1.538667 6.746364  0.000000 0.000000 1.000000  0.651013 0.269655 1 0 1.000000
w_sniper
0  1.656439 -1.613992 5.863081  0.286675 -0.958028 0.000000  0.650891 0.246669 1 0 1.000000
0  1.908165 -1.538667 5.863081  1.000000 0.000000 0.000000  0.659406 0.246637 1 0 1.000000
0  1.908165 -1.538667 6.746364  0.601889 0.000000 0.798580  0.659427 0.269629 1 0 1.000000
w_sniper
0  1.656439 -1.463342 5.863081  0.000000 0.000000 -1.000000  0.661367 0.240081 1 0 1.000000
0  1.908165 -1.538667 5.863081  0.000000 0.000000 -1.000000  0.659406 0.246637 1 0 1.000000
0  1.656439 -1.613992 5.863081  0.000000 0.000000 -1.000000  0.657445 0.240081 1 0 1.000000
w_sniper
0  1.656439 -1.463342 5.863081  0.237363 0.971302 0.015185  0.667921 0.246645 1 0 1.000000
0  1.908165 -1.538667 6.746364  0.601889 0.000000 0.798580  0.659427 0.269629 1 0 1.000000
0  1.908165 -1.538667 5.863081  1.000000 0.000000 0.000000  0.659406 0.246637 1 0 1.000000
w_sniper
0  1.656439 -1.463342 5.863081  0.237363 0.971302 0.015185  0.667921 0.246645 1 0 1.000000
0  1.656439 -1.538667 6.746364  0.000000 0.000000 1.000000  0.667921 0.269631 1 0 1.000000
0  1.908165 -1.538667 6.746364  0.601889 0.000000 0.798580  0.659427 0.269629 1 0 1.000000
w_sniper
0  1.656439 -1.175121 5.863081  0.000000 -0.996383 0.084970  0.671147 0.245683 1 0 1.000000
0  1.908165 -1.099795 6.746364  0.601889 0.000000 0.798580  0.679654 0.268690 1 0 1.000000
0  1.656439 -1.099795 6.746364  0.000000 0.000000 1.000000  0.671100 0.268669 1 0 1.000000
w_sniper
0  1.656439 -1.175121 5.863081  0.286677 -0.958027 0.000000  0.671147 0.245683 1 0 1.000000
0  1.908165 -1.099795 5.863081  1.000000 0.000000 0.000000  0.679662 0.245696 1 0 1.000000
0  1.908165 -1.099795 6.746364  0.601889 0.000000 0.798580  0.679654 0.268690 1 0 1.000000
w_sniper
0  1.656439 -1.024470 5.863081  0.000000 0.000000 -1.000000  0.681623 0.241062 1 0 1.000000
0  1.908165 -1.099795 5.863081  0.000000 0.000000 -1.000000  0.679662 0.245696 1 0 1.000000
0  1.656439 -1.175121 5.863081  0.000000 0.000000 -1.000000  0.677701 0.241062 1 0 1.000000
w_sniper
0  1.656439 -1.024470 5.863081  0.237364 0.971302 0.015186  0.688177 0.245696 1 0 1.000000
0  1.908165 -1.099795 6.746364  0.601889 0.000000 0.798580  0.679654 0.268690 1 0 1.000000
0  1.908165 -1.099795 5.863081  1.000000 0.000000 0.000000  0.679662 0.245696 1 0 1.000000
w_sniper
0  1.656439 -1.024470 5.863081  0.237364 0.971302 0.015186  0.688177 0.245696 1 0 1.000000
0  1.656439 -1.099795 6.746364  0.000000 0.000000 1.000000  0.688177 0.268682 1 0 1.000000
0  1.908165 -1.099795 6.746364  0.601889 0.000000 0.798580  0.679654 0.268690 1 0 1.000000
w_sniper
0  -0.517051 -18.680632 6.455145  0.000000 -1.000000 0.000000  0.823053 0.822599 1 0 1.000000
0  0.140429 -18.680632 6.930540  0.000000 -1.000000 0.000000  0.813501 0.832937 1 0 1.000000
0  -0.517051 -18.680632 6.930540  0.000000 -1.000000 0.000000  0.813501 0.822698 1 0 1.000000
w_sniper
0  -0.517051 -18.680632 6.455145  0.000000 -1.000000 0.000000  0.823053 0.822599 1 0 1.000000
0  0.140429 -18.680632 6.455145  0.000000 -1.000000 0.000000  0.823053 0.832937 1 0 1.000000
0  0.140429 -18.680632 6.930540  0.000000 -1.000000 0.000000  0.813501 0.832937 1 0 1.000000
w_sniper
0  -0.517051 -16.666779 6.930540  0.000000 0.000000 1.000000  0.782289 0.822747 1 0 1.000000
0  0.140429 -18.680632 6.930540  0.000000 0.000000 1.000000  0.813501 0.832937 1 0 1.000000
0  0.140429 -16.666779 6.930540  0.000000 0.000000 1.000000  0.782272 0.832923 1 0 1.000000
w_sniper
0  -0.517051 -16.666779 6.930540  0.000000 0.000000 1.000000  0.782289 0.822747 1 0 1.000000
0  -0.517051 -18.680632 6.930540  0.000000 0.000000 1.000000  0.813501 0.822698 1 0 1.000000
0  0.140429 -18.680632 6.930540  0.000000 0.000000 1.000000  0.813501 0.832937 1 0 1.000000
w_sniper
0  0.140429 -16.666779 6.455145  1.000000 0.000000 0.000000  0.782289 0.840305 1 0 1.000000
0  0.140429 -18.680632 6.930540  1.000000 0.000000 0.000000  0.813501 0.832937 1 0 1.000000
0  0.140429 -18.680632 6.455145  1.000000 0.000000 0.000000  0.813501 0.840305 1 0 1.000000
w_sniper
0  0.140429 -16.666779 6.455145  1.000000 0.000000 0.000000  0.782289 0.840305 1 0 1.000000
0  0.140429 -16.666779 6.930540  1.000000 0.000000 0.000000  0.782272 0.832923 1 0 1.000000
0  0.140429 -18.680632 6.930540  1.000000 0.000000 0.000000  0.813501 0.832937 1 0 1.000000
w_sniper
0  -0.517051 -16.666779 6.455145  -1.000000 0.000000 0.000000  0.782289 0.815380 1 0 1.000000
0  -0.517051 -18.680632 6.930540  -1.000000 0.000000 0.000000  0.813501 0.822698 1 0 1.000000
0  -0.517051 -16.666779 6.930540  -1.000000 0.000000 0.000000  0.782289 0.822747 1 0 1.000000
w_sniper
0  -0.517051 -16.666779 6.455145  -1.000000 0.000000 0.000000  0.782289 0.815380 1 0 1.000000
0  -0.517051 -18.680632 6.455145  -1.000000 0.000000 0.000000  0.813501 0.815380 1 0 1.000000
0  -0.517051 -18.680632 6.930540  -1.000000 0.000000 0.000000  0.813501 0.822698 1 0 1.000000
w_sniper
0  -0.517051 -16.666779 6.455145  0.000000 1.000000 0.000000  0.772915 0.822699 1 0 1.000000
0  0.140429 -16.666779 6.930540  0.000000 1.000000 0.000000  0.782272 0.832923 1 0 1.000000
0  0.140429 -16.666779 6.455145  0.000000 1.000000 0.000000  0.772863 0.832845 1 0 1.000000
w_sniper
0  -0.517051 -16.666779 6.455145  0.000000 1.000000 0.000000  0.772915 0.822699 1 0 1.000000
0  -0.517051 -16.666779 6.930540  0.000000 1.000000 0.000000  0.782289 0.822747 1 0 1.000000
0  0.140429 -16.666779 6.930540  0.000000 1.000000 0.000000  0.782272 0.832923 1 0 1.000000
w_sniper
0  0.996578 -13.752525 4.368003  0.000000 -1.000000 0.000000  0.894866 0.596473 1 0 1.000000
0  1.355124 -13.752525 4.160080  0.000000 -1.000000 0.000000  0.887478 0.600741 1 0 1.000000
0  1.355124 -13.752525 4.575926  0.000000 -1.000000 0.000000  0.887485 0.592171 1 0 1.000000
w_sniper
0  0.996578 -10.533219 4.575926  0.437431 0.048718 0.897931  0.821128 0.584780 1 0 1.000000
0  1.355124 -13.752525 4.575926  0.514393 -0.046459 0.856295  0.887485 0.592171 1 0 1.000000
0  1.355124 -10.533220 4.368003  0.559786 0.053407 0.826914  0.821128 0.596456 1 0 1.000000
w_sniper
0  0.996578 -10.533219 4.575926  0.437431 0.048718 0.897931  0.821128 0.584780 1 0 1.000000
0  0.996578 -13.752525 4.368003  -0.500875 -0.055784 0.863720  0.887485 0.584780 1 0 1.000000
0  1.355124 -13.752525 4.575926  0.514393 -0.046459 0.856295  0.887485 0.592171 1 0 1.000000
w_sniper
0  1.355124 -10.533220 4.368003  0.559786 0.053407 0.826914  0.821128 0.596456 1 0 1.000000
0  1.355124 -13.752525 4.575926  0.514393 -0.046459 0.856295  0.887485 0.592171 1 0 1.000000
0  1.355124 -13.752525 4.160080  1.000000 0.000000 0.000000  0.887478 0.600741 1 0 1.000000
w_sniper
0  0.996578 -10.533219 4.160080  -0.500877 -0.055784 -0.863719  0.821128 0.608132 1 0 1.000000
0  1.355124 -13.752525 4.160080  -0.500877 -0.055784 -0.863719  0.887478 0.600741 1 0 1.000000
0  0.996578 -13.752525 4.368003  -0.500877 -0.055784 -0.863719  0.887485 0.608132 1 0 1.000000
w_sniper
0  0.996578 -10.533219 4.160080  0.398315 0.607928 -0.686854  0.821128 0.608132 1 0 1.000000
0  1.355124 -10.533220 4.368003  0.403241 0.594884 -0.695349  0.821128 0.596456 1 0 1.000000
0  1.355124 -13.752525 4.160080  0.500878 0.055784 -0.863718  0.887478 0.600741 1 0 1.000000
w_sniper
0  0.996578 -10.533219 4.160080  0.398315 0.607928 -0.686854  0.813738 0.600738 1 0 1.000000
0  0.996578 -10.533219 4.575926  0.000003 1.000000 0.000000  0.813738 0.592171 1 0 1.000000
0  1.355124 -10.533220 4.368003  0.403241 0.594884 -0.695349  0.821128 0.596456 1 0 1.000000
w_sniper
0  -1.232782 3.863770 5.471194  0.049951 -0.399411 -0.915410  0.216155 0.474220 1 0 1.000000
0  -1.143971 3.666215 6.124029  0.311901 -0.896795 -0.313810  0.218094 0.487185 1 0 1.000000
0  -1.395697 3.666215 6.124029  0.000000 -0.957136 -0.289640  0.214162 0.487185 1 0 1.000000
w_sniper
0  -1.232598 4.315740 5.467898  -0.883062 0.115864 -0.454727  0.216200 0.464154 1 0 1.000000
0  -1.143971 3.666215 6.124029  0.311901 -0.896795 -0.313810  0.228161 0.474220 1 0 1.000000
0  -1.232782 3.863770 5.471194  0.049951 -0.399411 -0.915410  0.216155 0.474220 1 0 1.000000
w_sniper
0  -1.232598 4.315740 5.467898  0.962943 0.245095 0.112558  0.216200 0.464154 1 0 1.000000
0  -1.309569 4.315740 6.126390  0.962943 0.245095 0.112558  0.228161 0.464154 1 0 1.000000
0  -1.143971 3.666215 6.124029  0.962943 0.245095 0.112558  0.228161 0.474220 1 0 1.000000
w_sniper
0  -1.232598 4.315740 5.467898  -0.883062 0.115864 -0.454727  0.216200 0.464154 1 0 1.000000
0  -1.395697 3.666215 6.124029  -0.983107 0.081121 -0.164073  0.204126 0.474220 1 0 1.000000
0  -1.309569 4.315740 6.126390  -0.984680 0.130989 -0.115098  0.204126 0.464154 1 0 1.000000
w_sniper
0  -1.232598 4.315740 5.467898  -0.883062 0.115864 -0.454727  0.216200 0.464154 1 0 1.000000
0  -1.232782 3.863770 5.471194  0.049951 -0.399411 -0.915410  0.216155 0.474220 1 0 1.000000
0  -1.395697 3.666215 6.124029  -0.983107 0.081121 -0.164073  0.204126 0.474220 1 0 1.000000
w_sniper
0  0.839540 3.863770 5.471194  -0.049951 -0.399410 -0.915411  0.171593 0.473460 1 0 1.000000
0  1.002456 3.666215 6.124029  0.320598 -0.881467 -0.346746  0.173546 0.486042 1 0 1.000000
0  0.750730 3.666215 6.124029  0.000000 -0.957136 -0.289638  0.169730 0.486042 1 0 1.000000
w_sniper
0  0.839357 4.315740 5.467898  -0.939176 0.234547 -0.250873  0.171574 0.463394 1 0 1.000000
0  1.002456 3.666215 6.124029  0.320598 -0.881467 -0.346746  0.183612 0.473460 1 0 1.000000
0  0.839540 3.863770 5.471194  -0.049951 -0.399410 -0.915411  0.171593 0.473460 1 0 1.000000
w_sniper
0  0.839357 4.315740 5.467898  0.984680 0.130989 -0.115098  0.171574 0.463394 1 0 1.000000
0  0.916328 4.315740 6.126390  0.984680 0.130989 -0.115098  0.183612 0.463394 1 0 1.000000
0  1.002456 3.666215 6.124029  0.984680 0.130989 -0.115098  0.183612 0.473460 1 0 1.000000
w_sniper
0  0.839357 4.315740 5.467898  -0.939176 0.234547 -0.250873  0.171574 0.463394 1 0 1.000000
0  0.750730 3.666215 6.124029  -0.987876 0.154068 0.019079  0.159578 0.473460 1 0 1.000000
0  0.916328 4.315740 6.126390  -0.962943 0.245095 0.112558  0.159578 0.463394 1 0 1.000000
w_sniper
0  0.839357 4.315740 5.467898  -0.939176 0.234547 -0.250873  0.171574 0.463394 1 0 1.000000
0  0.839540 3.863770 5.471194  -0.049951 -0.399410 -0.915411  0.171593 0.473460 1 0 1.000000
0  0.750730 3.666215 6.124029  -0.987876 0.154068 0.019079  0.159578 0.473460 1 0 1.000000
w_sniper
0  -0.389312 5.931045 5.548572  -0.886063 -0.044302 -0.461442  0.299860 0.488295 1 0 1.000000
0  -0.581388 7.589925 5.758132  -0.506302 0.050131 -0.860898  0.293496 0.433379 1 0 1.000000
0  -0.009213 7.589925 5.544155  -0.349225 0.077531 -0.933826  0.308691 0.433379 1 0 1.000000
w_sniper
0  -0.389312 5.931045 5.548572  -0.886063 -0.044302 -0.461442  0.299860 0.488295 1 0 1.000000
0  -0.576971 5.931045 6.138230  -0.950445 -0.071838 -0.302480  0.284664 0.488295 1 0 1.000000
0  -0.581388 7.589925 5.758132  -0.506302 0.050131 -0.860898  0.293496 0.433379 1 0 1.000000
w_sniper
0  -0.576971 5.931045 6.138230  -0.461442 -0.044302 0.886063  0.284664 0.488295 1 0 1.000000
0  -0.367411 7.589925 6.330307  -0.860898 0.050131 0.506302  0.278300 0.433379 1 0 1.000000
0  -0.581388 7.589925 5.758132  -0.933826 0.077531 0.349224  0.293496 0.433379 1 0 1.000000
w_sniper
0  1.053422 -10.330581 0.711894  0.627477 0.115098 -0.770081  0.678676 0.074169 1 0 1.000000
0  -1.431016 -13.446127 1.529843  -0.726445 -0.062194 -0.684404  0.765358 0.007242 1 0 1.000000
0  -1.411384 -10.334688 0.712114  -0.618318 0.109874 -0.778210  0.678385 0.007267 1 0 1.000000
w_sniper
0  1.053422 -10.330581 0.711894  0.627477 0.115098 -0.770081  0.678676 0.074169 1 0 1.000000
0  1.059194 -13.413585 1.539814  0.724439 -0.065564 -0.686214  0.765358 0.073014 1 0 1.000000
0  -1.431016 -13.446127 1.529843  -0.726445 -0.062194 -0.684404  0.765358 0.007242 1 0 1.000000
w_sniper
0  -1.431016 -13.446127 1.529843  -0.726445 -0.062194 -0.684404  0.765358 0.007242 1 0 1.000000
0  1.059194 -13.413585 1.539814  0.724439 -0.065564 -0.686214  0.765358 0.073014 1 0 1.000000
0  1.057255 -15.831991 1.509799  0.710645 0.133188 -0.690829  0.831675 0.073061 1 0 1.000000
w_sniper
0  -1.431016 -13.446127 1.529843  -0.726445 -0.062194 -0.684404  0.765358 0.007242 1 0 1.000000
0  1.057255 -15.831991 1.509799  0.710645 0.133188 -0.690829  0.831675 0.073061 1 0 1.000000
0  -1.441380 -15.810800 1.529714  -0.717675 0.143681 -0.681394  0.831675 0.007195 1 0 1.000000
w_sniper
0  1.057255 -15.831991 1.509799  0.710645 0.133188 -0.690829  0.831675 0.073061 1 0 1.000000
0  -1.364073 -19.249195 0.163934  -0.619529 0.047790 -0.783518  0.926779 0.008596 1 0 1.000000
0  -1.441380 -15.810800 1.529714  -0.717675 0.143681 -0.681394  0.831675 0.007195 1 0 1.000000
w_sniper
0  1.057255 -15.831991 1.509799  0.710645 0.133188 -0.690829  0.831675 0.073061 1 0 1.000000
0  0.988154 -19.240351 0.172493  0.667285 0.249878 -0.701635  0.926779 0.071663 1 0 1.000000
0  -1.364073 -19.249195 0.163934  -0.619529 0.047790 -0.783518  0.926779 0.008596 1 0 1.000000
w_sniper
0  -1.549450 -9.469169 5.903031  -0.870397 0.308847 -0.383435  0.538325 0.071934 1 0 1.000000
0  1.345763 -9.359796 6.005827  0.022872 0.212575 -0.976877  0.535619 0.005419 1 0 1.000000
0  1.056282 -9.469709 5.860844  0.323483 0.875420 -0.359165  0.540001 0.012606 1 0 1.000000
w_sniper
0  -1.431026 -9.197286 1.399280  -0.602508 0.703071 -0.377724  0.643602 0.069454 1 0 1.000000
0  1.056282 -9.469709 5.860844  0.323483 0.875420 -0.359165  0.540001 0.012606 1 0 1.000000
0  1.037864 -9.198416 1.396681  0.600636 0.708608 -0.370286  0.643726 0.012832 1 0 1.000000
w_sniper
0  -1.431026 -9.197286 1.399280  -0.602508 0.703071 -0.377724  0.643602 0.069454 1 0 1.000000
0  -1.549450 -9.469169 5.903031  -0.870397 0.308847 -0.383435  0.538325 0.071934 1 0 1.000000
0  1.056282 -9.469709 5.860844  0.323483 0.875420 -0.359165  0.540001 0.012606 1 0 1.000000
w_sniper
0  0.259040 -4.848518 7.830390  0.308721 -0.043357 -0.950164  0.415011 0.659837 1 0 1.000000
0  -0.716628 3.276116 7.494364  -0.251943 -0.512029 -0.821188  0.416183 0.826596 1 0 1.000000
0  0.391050 3.276116 7.510950  0.278855 -0.512030 -0.812444  0.398120 0.822728 1 0 1.000000
w_sniper
0  0.259040 -4.848518 7.830390  0.308721 -0.043357 -0.950164  0.415011 0.659837 1 0 1.000000
0  -0.635664 -4.848518 7.830390  -0.308731 -0.043357 -0.950161  0.432823 0.662501 1 0 1.000000
0  -0.716628 3.276116 7.494364  -0.251943 -0.512029 -0.821188  0.416183 0.826596 1 0 1.000000
w_sniper
0  -0.635664 -4.848518 7.830390  -0.308731 -0.043357 -0.950161  0.432823 0.662501 1 0 1.000000
0  -1.622508 3.276116 8.132022  -0.686509 -0.512029 -0.516267  0.440053 0.829760 1 0 1.000000
0  -0.716628 3.276116 7.494364  -0.251943 -0.512029 -0.821188  0.416183 0.826596 1 0 1.000000
w_sniper
0  -0.635664 -4.848518 7.830390  -0.308731 -0.043357 -0.950161  0.432823 0.662501 1 0 1.000000
0  -1.359494 -4.848518 8.356283  -0.808646 -0.012820 -0.588156  0.450963 0.664045 1 0 1.000000
0  -1.622508 3.276116 8.132022  -0.686509 -0.512029 -0.516267  0.440053 0.829760 1 0 1.000000
w_sniper
0  -1.359494 -4.848518 8.356283  -0.808646 -0.012820 -0.588156  0.450963 0.664045 1 0 1.000000
0  -1.980573 3.276116 9.180361  -0.858851 -0.512029 -0.014149  0.462255 0.830752 1 0 1.000000
0  -1.622508 3.276116 8.132022  -0.686509 -0.512029 -0.516267  0.440053 0.829760 1 0 1.000000
w_sniper
0  -1.359494 -4.848518 8.356283  -0.808646 -0.012820 -0.588156  0.450963 0.664045 1 0 1.000000
0  -1.635971 -4.848518 9.207197  -0.999060 -0.043357 0.000006  0.469108 0.665072 1 0 1.000000
0  -1.980573 3.276116 9.180361  -0.858851 -0.512029 -0.014149  0.462255 0.830752 1 0 1.000000
w_sniper
0  -1.635971 -4.848518 9.207197  -0.999060 -0.043357 0.000006  0.469108 0.665072 1 0 1.000000
0  -1.654056 3.276116 10.238951  -0.703142 -0.512029 0.493374  0.484903 0.831336 1 0 1.000000
0  -1.980573 3.276116 9.180361  -0.858851 -0.512029 -0.014149  0.462255 0.830752 1 0 1.000000
w_sniper
0  -1.635971 -4.848518 9.207197  -0.999060 -0.043357 0.000006  0.469108 0.665072 1 0 1.000000
0  -1.359494 -4.848518 10.058110  -0.808253 -0.043357 0.587237  0.487258 0.665566 1 0 1.000000
0  -1.654056 3.276116 10.238951  -0.703142 -0.512029 0.493374  0.484903 0.831336 1 0 1.000000
w_sniper
0  -1.359494 -4.848518 10.058110  -0.808253 -0.043357 0.587237  0.487258 0.665566 1 0 1.000000
0  -0.767675 3.276116 10.903446  -0.278856 -0.512030 0.812443  0.507510 0.831331 1 0 1.000000
0  -1.654056 3.276116 10.238951  -0.703142 -0.512029 0.493374  0.484903 0.831336 1 0 1.000000
w_sniper
0  -1.359494 -4.848518 10.058110  -0.808253 -0.043357 0.587237  0.487258 0.665566 1 0 1.000000
0  -0.635664 -4.848518 10.584004  -0.308721 -0.043357 0.950164  0.505412 0.665527 1 0 1.000000
0  -0.767675 3.276116 10.903446  -0.278856 -0.512030 0.812443  0.507510 0.831331 1 0 1.000000
w_sniper
0  -0.635664 -4.848518 10.584004  -0.308721 -0.043357 0.950164  0.505412 0.665527 1 0 1.000000
0  0.340004 3.276116 10.920033  0.251943 -0.512030 0.821188  0.530085 0.830674 1 0 1.000000
0  -0.767675 3.276116 10.903446  -0.278856 -0.512030 0.812443  0.507510 0.831331 1 0 1.000000
w_sniper
0  -0.635664 -4.848518 10.584004  -0.308721 -0.043357 0.950164  0.505412 0.665527 1 0 1.000000
0  0.259040 -4.848518 10.584004  0.308732 -0.043357 0.950160  0.523567 0.664984 1 0 1.000000
0  0.340004 3.276116 10.920033  0.251943 -0.512030 0.821188  0.530085 0.830674 1 0 1.000000
w_sniper
0  0.259040 -4.848518 10.584004  0.308732 -0.043357 0.950160  0.523567 0.664984 1 0 1.000000
0  1.245884 3.276116 10.282373  0.686509 -0.512029 0.516267  0.552686 0.829366 1 0 1.000000
0  0.340004 3.276116 10.920033  0.251943 -0.512030 0.821188  0.530085 0.830674 1 0 1.000000
w_sniper
0  0.259040 -4.848518 10.584004  0.308732 -0.043357 0.950160  0.523567 0.664984 1 0 1.000000
0  0.982871 -4.848518 10.058110  0.808260 -0.043357 0.587227  0.541708 0.663843 1 0 1.000000
0  1.245884 3.276116 10.282373  0.686509 -0.512029 0.516267  0.552686 0.829366 1 0 1.000000
w_sniper
0  0.982871 -4.848518 10.058110  0.808260 -0.043357 0.587227  0.541708 0.663843 1 0 1.000000
0  1.603948 3.276116 9.234035  0.858851 -0.512029 0.014149  0.574834 0.827892 1 0 1.000000
0  1.245884 3.276116 10.282373  0.686509 -0.512029 0.516267  0.552686 0.829366 1 0 1.000000
w_sniper
0  0.982871 -4.848518 10.058110  0.808260 -0.043357 0.587227  0.541708 0.663843 1 0 1.000000
0  1.259348 -4.848518 9.207197  0.999060 -0.043357 -0.000006  0.559888 0.662326 1 0 1.000000
0  1.603948 3.276116 9.234035  0.858851 -0.512029 0.014149  0.574834 0.827892 1 0 1.000000
w_sniper
0  1.259348 -4.848518 9.207197  0.999060 -0.043357 -0.000006  0.559888 0.662326 1 0 1.000000
0  1.277432 3.276116 8.175445  0.703142 -0.512030 -0.493373  0.594728 0.824602 1 0 1.000000
0  1.603948 3.276116 9.234035  0.858851 -0.512029 0.014149  0.574834 0.827892 1 0 1.000000
w_sniper
0  1.259348 -4.848518 9.207197  0.999060 -0.043357 -0.000006  0.559888 0.662326 1 0 1.000000
0  0.982871 -4.848518 8.356283  0.808639 -0.012819 -0.588165  0.578040 0.660327 1 0 1.000000
0  1.277432 3.276116 8.175445  0.703142 -0.512030 -0.493373  0.594728 0.824602 1 0 1.000000
w_sniper
0  0.982871 -4.848518 8.356283  0.808639 -0.012819 -0.588165  0.578040 0.660327 1 0 1.000000
0  0.391050 3.276116 7.510950  0.278855 -0.512030 -0.812444  0.617484 0.821739 1 0 1.000000
0  1.277432 3.276116 8.175445  0.703142 -0.512030 -0.493373  0.594728 0.824602 1 0 1.000000
w_sniper
0  0.982871 -4.848518 8.356283  0.808639 -0.012819 -0.588165  0.578040 0.660327 1 0 1.000000
0  0.259040 -4.848518 7.830390  0.308721 -0.043357 -0.950164  0.595249 0.656480 1 0 1.000000
0  0.391050 3.276116 7.510950  0.278855 -0.512030 -0.812444  0.617484 0.821739 1 0 1.000000
w_sniper
0  0.259040 -4.848518 7.830390  0.303468 0.091600 -0.948429  0.595249 0.656480 1 0 1.000000
0  0.544812 -8.429597 7.749736  0.805590 0.025470 -0.591926  0.544140 0.586632 1 0 1.000000
0  0.080320 -9.603428 7.315581  0.306412 0.072188 -0.949158  0.550465 0.585623 1 0 1.000000
w_sniper
0  0.259040 -4.848518 7.830390  0.303468 0.091600 -0.948429  0.595249 0.656480 1 0 1.000000
0  0.982871 -4.848518 8.356283  0.808761 -0.011166 -0.588031  0.578040 0.660327 1 0 1.000000
0  0.544812 -8.429597 7.749736  0.805590 0.025470 -0.591926  0.544140 0.586632 1 0 1.000000
w_sniper
0  0.982871 -4.848518 8.356283  0.808761 -0.011166 -0.588031  0.578040 0.660327 1 0 1.000000
0  0.685785 -7.839821 8.314186  0.994075 -0.099589 0.043555  0.536443 0.587330 1 0 1.000000
0  0.544812 -8.429597 7.749736  0.805590 0.025470 -0.591926  0.544140 0.586632 1 0 1.000000
w_sniper
0  0.982871 -4.848518 8.356283  0.808761 -0.011166 -0.588031  0.578040 0.660327 1 0 1.000000
0  1.259348 -4.848518 9.207197  0.981286 -0.192504 -0.004422  0.559888 0.662326 1 0 1.000000
0  0.685785 -7.839821 8.314186  0.994075 -0.099589 0.043555  0.536443 0.587330 1 0 1.000000
w_sniper
0  1.259348 -4.848518 9.207197  0.981286 -0.192504 -0.004422  0.559888 0.662326 1 0 1.000000
0  0.495449 -7.800017 8.819122  0.793937 -0.164160 0.585419  0.526436 0.587344 1 0 1.000000
0  0.685785 -7.839821 8.314186  0.994075 -0.099589 0.043555  0.536443 0.587330 1 0 1.000000
w_sniper
0  1.259348 -4.848518 9.207197  0.981286 -0.192504 -0.004422  0.559888 0.662326 1 0 1.000000
0  0.982871 -4.848518 10.058110  0.759876 -0.356984 0.543277  0.541708 0.663843 1 0 1.000000
0  0.495449 -7.800017 8.819122  0.793937 -0.164160 0.585419  0.526436 0.587344 1 0 1.000000
w_sniper
0  0.982871 -4.848518 10.058110  0.759876 -0.356984 0.543277  0.541708 0.663843 1 0 1.000000
0  0.044805 -7.801844 9.116421  0.262703 -0.210718 0.941586  0.514790 0.587416 1 0 1.000000
0  0.495449 -7.800017 8.819122  0.793937 -0.164160 0.585419  0.526436 0.587344 1 0 1.000000
w_sniper
0  0.982871 -4.848518 10.058110  0.759876 -0.356984 0.543277  0.541708 0.663843 1 0 1.000000
0  0.259040 -4.848518 10.584004  0.279677 -0.445999 0.850215  0.523567 0.664984 1 0 1.000000
0  0.044805 -7.801844 9.116421  0.262703 -0.210718 0.941586  0.514790 0.587416 1 0 1.000000
w_sniper
0  0.259040 -4.848518 10.584004  0.279677 -0.445999 0.850215  0.523567 0.664984 1 0 1.000000
0  -0.495986 -7.803800 9.092250  -0.347601 -0.207229 0.914456  0.502526 0.587808 1 0 1.000000
0  0.044805 -7.801844 9.116421  0.262703 -0.210718 0.941586  0.514790 0.587416 1 0 1.000000
w_sniper
0  0.259040 -4.848518 10.584004  0.279677 -0.445999 0.850215  0.523567 0.664984 1 0 1.000000
0  -0.635664 -4.848518 10.584004  -0.279533 -0.445816 0.850358  0.505412 0.665527 1 0 1.000000
0  -0.495986 -7.803800 9.092250  -0.347601 -0.207229 0.914456  0.502526 0.587808 1 0 1.000000
w_sniper
0  -0.635664 -4.848518 10.584004  -0.279533 -0.445816 0.850358  0.505412 0.665527 1 0 1.000000
0  -0.919810 -7.806572 8.753787  -0.828353 -0.150571 0.539592  0.490763 0.588460 1 0 1.000000
0  -0.495986 -7.803800 9.092250  -0.347601 -0.207229 0.914456  0.502526 0.587808 1 0 1.000000
w_sniper
0  -0.635664 -4.848518 10.584004  -0.279533 -0.445816 0.850358  0.505412 0.665527 1 0 1.000000
0  -1.359494 -4.848518 10.058110  -0.759805 -0.355806 0.544149  0.487258 0.665566 1 0 1.000000
0  -0.919810 -7.806572 8.753787  -0.828353 -0.150571 0.539592  0.490763 0.588460 1 0 1.000000
w_sniper
0  -1.359494 -4.848518 10.058110  -0.759805 -0.355806 0.544149  0.487258 0.665566 1 0 1.000000
0  -1.062543 -7.841526 8.225775  -0.997376 -0.065420 -0.030996  0.480430 0.589051 1 0 1.000000
0  -0.919810 -7.806572 8.753787  -0.828353 -0.150571 0.539592  0.490763 0.588460 1 0 1.000000
w_sniper
0  -1.359494 -4.848518 10.058110  -0.759805 -0.355806 0.544149  0.487258 0.665566 1 0 1.000000
0  -1.635971 -4.848518 9.207197  -0.982256 -0.187530 -0.002181  0.469108 0.665072 1 0 1.000000
0  -1.062543 -7.841526 8.225775  -0.997376 -0.065420 -0.030996  0.480430 0.589051 1 0 1.000000
w_sniper
0  -1.635971 -4.848518 9.207197  -0.982256 -0.187530 -0.002181  0.469108 0.665072 1 0 1.000000
0  -0.862324 -8.229712 7.691413  -0.720925 0.088224 -0.687374  0.471965 0.589257 1 0 1.000000
0  -1.062543 -7.841526 8.225775  -0.997376 -0.065420 -0.030996  0.480430 0.589051 1 0 1.000000
w_sniper
0  -1.635971 -4.848518 9.207197  -0.982256 -0.187530 -0.002181  0.469108 0.665072 1 0 1.000000
0  -1.359494 -4.848518 8.356283  -0.806556 -0.005907 -0.591127  0.450963 0.664045 1 0 1.000000
0  -0.862324 -8.229712 7.691413  -0.720925 0.088224 -0.687374  0.471965 0.589257 1 0 1.000000
w_sniper
0  -1.359494 -4.848518 8.356283  -0.806556 -0.005907 -0.591127  0.450963 0.664045 1 0 1.000000
0  -0.449135 -9.672955 7.318247  -0.295742 0.057496 -0.953536  0.465206 0.588836 1 0 1.000000
0  -0.862324 -8.229712 7.691413  -0.720925 0.088224 -0.687374  0.471965 0.589257 1 0 1.000000
w_sniper
0  -1.359494 -4.848518 8.356283  -0.806556 -0.005907 -0.591127  0.450963 0.664045 1 0 1.000000
0  -0.635664 -4.848518 7.830390  -0.304115 0.090388 -0.948338  0.432823 0.662501 1 0 1.000000
0  -0.449135 -9.672955 7.318247  -0.295742 0.057496 -0.953536  0.465206 0.588836 1 0 1.000000
w_sniper
0  -0.635664 -4.848518 7.830390  -0.304115 0.090388 -0.948338  0.432823 0.662501 1 0 1.000000
0  0.080320 -9.603428 7.315581  0.306412 0.072188 -0.949158  0.459035 0.588415 1 0 1.000000
0  -0.449135 -9.672955 7.318247  -0.295742 0.057496 -0.953536  0.465206 0.588836 1 0 1.000000
w_sniper
0  -0.635664 -4.848518 7.830390  -0.304115 0.090388 -0.948338  0.432823 0.662501 1 0 1.000000
0  0.259040 -4.848518 7.830390  0.303468 0.091600 -0.948429  0.415011 0.659837 1 0 1.000000
0  0.080320 -9.603428 7.315581  0.306412 0.072188 -0.949158  0.459035 0.588415 1 0 1.000000
w_sniper
0  1.721881 -0.212353 5.541136  0.888318 0.220284 -0.402946  0.861135 0.233462 1 0 1.000000
0  2.368175 -11.288040 7.189998  0.997772 0.061900 0.024871  0.905510 0.542004 1 0 1.000000
0  2.368175 -10.789105 5.178510  0.998022 0.060681 0.016422  0.849713 0.527911 1 0 1.000000
w_sniper
0  1.721881 -0.212353 5.541136  0.888318 0.220284 -0.402946  0.861135 0.233462 1 0 1.000000
0  1.510643 0.391900 7.606472  0.987271 0.148633 0.056600  0.912356 0.215297 1 0 1.000000
0  2.368175 -11.288040 7.189998  0.997772 0.061900 0.024871  0.905510 0.542004 1 0 1.000000
w_sniper
0  1.412751 -0.441833 9.061460  -0.996259 0.052912 -0.068332  0.964017 0.239990 1 0 1.000000
0  1.221905 -10.992914 9.314880  -0.885691 -0.090948 0.455280  0.979838 0.533843 1 0 1.000000
0  1.579579 -10.992914 9.386404  -0.240674 0.028214 0.970196  0.970192 0.532950 1 0 1.000000
w_sniper
0  1.510643 0.391900 7.606472  0.997043 0.037179 0.067260  0.912356 0.215297 1 0 1.000000
0  1.579579 -10.992914 9.386404  0.971970 0.037110 0.232156  0.970192 0.532950 1 0 1.000000
0  2.368175 -11.288040 7.189998  0.973700 0.037071 0.224799  0.905510 0.542004 1 0 1.000000
w_sniper
0  1.510643 0.391900 7.606472  0.997043 0.037179 0.067260  0.912356 0.215297 1 0 1.000000
0  1.412751 -0.441833 9.061460  0.981821 0.044916 0.184415  0.964017 0.239990 1 0 1.000000
0  1.579579 -10.992914 9.386404  0.971970 0.037110 0.232156  0.970192 0.532950 1 0 1.000000
w_sniper
0  1.412751 -0.441833 9.061460  -0.996259 0.052912 -0.068332  0.985272 0.140797 1 0 1.000000
0  2.010501 -11.288040 7.118474  -0.982283 -0.019837 -0.186350  0.927343 0.150889 1 0 1.000000
0  1.221905 -10.992914 9.314880  -0.885691 -0.090948 0.455280  0.928779 0.139487 1 0 1.000000
w_sniper
0  1.412751 -0.441833 9.061460  -0.996259 0.052912 -0.068332  0.985272 0.140797 1 0 1.000000
0  1.474983 -0.326100 5.463425  -0.984431 -0.027205 -0.173652  0.986475 0.159602 1 0 1.000000
0  2.010501 -11.288040 7.118474  -0.982283 -0.019837 -0.186350  0.927343 0.150889 1 0 1.000000
w_sniper
0  1.474983 -0.326100 5.463425  0.163366 0.039731 -0.985765  0.853632 0.232762 1 0 1.000000
0  2.368175 -10.789105 5.178510  0.223313 0.045602 -0.973679  0.849713 0.527911 1 0 1.000000
0  2.010501 -10.789105 5.106986  -0.687746 -0.007278 -0.725914  0.841395 0.527608 1 0 1.000000
w_sniper
0  1.474983 -0.326100 5.463425  0.163366 0.039731 -0.985765  0.853632 0.232762 1 0 1.000000
0  1.721881 -0.212353 5.541136  0.247492 0.033243 -0.968320  0.861135 0.233462 1 0 1.000000
0  2.368175 -10.789105 5.178510  0.223313 0.045602 -0.973679  0.849713 0.527911 1 0 1.000000
w_sniper
0  1.474983 -0.326100 5.463425  0.163366 0.039731 -0.985765  0.986475 0.159602 1 0 1.000000
0  2.010501 -10.789105 5.106986  -0.687746 -0.007278 -0.725914  0.930057 0.161606 1 0 1.000000
0  2.010501 -11.288040 7.118474  -0.998632 -0.050451 -0.013747  0.927343 0.150889 1 0 1.000000
w_sniper
0  1.227669 0.440769 7.321357  -0.827036 0.536726 0.167146  0.989940 0.149948 1 0 1.000000
0  1.341846 0.941316 5.706745  -0.997706 0.013833 -0.066264  0.992644 0.158732 1 0 1.000000
0  1.474983 -0.326100 5.463425  -0.995477 -0.094985 0.002090  0.986475 0.159602 1 0 1.000000
w_sniper
0  1.861953 -12.520943 7.259192  -0.048190 -0.968753 -0.243300  0.911701 0.580461 1 0 1.000000
0  2.368175 -10.789105 5.178510  0.920417 -0.379893 -0.092267  0.849713 0.527911 1 0 1.000000
0  2.368175 -11.288040 7.189998  0.919000 -0.382662 -0.094917  0.905510 0.542004 1 0 1.000000
w_sniper
0  1.861953 -12.520943 7.259192  -0.048190 -0.968753 -0.243300  0.911701 0.580461 1 0 1.000000
0  1.875772 -12.020748 5.311630  -0.230256 -0.781845 -0.579396  0.854451 0.567257 1 0 1.000000
0  2.368175 -10.789105 5.178510  0.920417 -0.379893 -0.092267  0.849713 0.527911 1 0 1.000000
w_sniper
0  1.333690 -12.127944 9.170764  -0.268726 -0.790947 0.549718  0.969658 0.565175 1 0 1.000000
0  1.579579 -10.992914 9.386404  0.435823 -0.268562 0.859030  0.970192 0.532950 1 0 1.000000
0  1.221905 -10.992914 9.314880  -0.222095 -0.133826 0.965797  0.979838 0.533843 1 0 1.000000
w_sniper
0  1.333690 -12.127944 9.170764  -0.268726 -0.790947 0.549718  0.969658 0.565175 1 0 1.000000
0  2.368175 -11.288040 7.189998  0.889995 -0.312020 0.332494  0.905510 0.542004 1 0 1.000000
0  1.579579 -10.992914 9.386404  0.435823 -0.268562 0.859030  0.970192 0.532950 1 0 1.000000
w_sniper
0  1.333690 -12.127944 9.170764  -0.268726 -0.790947 0.549718  0.969658 0.565175 1 0 1.000000
0  1.861953 -12.520943 7.259192  -0.138507 -0.990319 -0.009162  0.911701 0.580461 1 0 1.000000
0  2.368175 -11.288040 7.189998  0.889995 -0.312020 0.332494  0.905510 0.542004 1 0 1.000000
w_sniper
0  1.861953 -12.520943 7.259192  -0.138507 -0.990319 -0.009162  0.920749 0.150126 1 0 1.000000
0  1.221905 -10.992914 9.314880  -0.955246 -0.002453 -0.295804  0.928779 0.139487 1 0 1.000000
0  2.010501 -11.288040 7.118474  -0.941071 0.054180 -0.333842  0.927343 0.150889 1 0 1.000000
w_sniper
0  1.861953 -12.520943 7.259192  -0.138507 -0.990319 -0.009162  0.920749 0.150126 1 0 1.000000
0  1.333690 -12.127944 9.170764  -0.268726 -0.790947 0.549718  0.922746 0.140526 1 0 1.000000
0  1.221905 -10.992914 9.314880  -0.955246 -0.002453 -0.295804  0.928779 0.139487 1 0 1.000000
w_sniper
0  1.875772 -12.020748 5.311630  -0.230256 -0.781845 -0.579396  0.854451 0.567257 1 0 1.000000
0  2.010501 -10.789105 5.106986  -0.465277 -0.092185 -0.880352  0.841395 0.527608 1 0 1.000000
0  2.368175 -10.789105 5.178510  0.219480 -0.181912 -0.958508  0.849713 0.527911 1 0 1.000000
w_sniper
0  1.861953 -12.520943 7.259192  -0.048190 -0.968753 -0.243300  0.920749 0.150126 1 0 1.000000
0  2.010501 -10.789105 5.106986  -0.465277 -0.092185 -0.880352  0.930057 0.161606 1 0 1.000000
0  1.875772 -12.020748 5.311630  -0.230256 -0.781845 -0.579396  0.923462 0.160844 1 0 1.000000
w_sniper
0  1.861953 -12.520943 7.259192  -0.048190 -0.968753 -0.243300  0.920749 0.150126 1 0 1.000000
0  2.010501 -11.288040 7.118474  -0.991938 0.122997 0.030509  0.927343 0.150889 1 0 1.000000
0  2.010501 -10.789105 5.106986  -0.465277 -0.092185 -0.880352  0.930057 0.161606 1 0 1.000000
w_sniper
0  1.510643 0.391900 7.606472  0.987271 0.148633 0.056600  0.912356 0.215297 1 0 1.000000
0  1.721881 -0.212353 5.541136  0.888318 0.220284 -0.402946  0.861135 0.233462 1 0 1.000000
0  1.341846 0.941316 5.706745  0.932610 0.335323 -0.133409  0.861831 0.200202 1 0 1.000000
w_sniper
0  1.227669 0.440769 7.321357  -0.827036 0.536726 0.167146  0.910933 0.208488 1 0 1.000000
0  1.510643 0.391900 7.606472  -0.123880 0.950241 0.285824  0.912356 0.215297 1 0 1.000000
0  1.341846 0.941316 5.706745  -0.997706 0.013833 -0.066264  0.861831 0.200202 1 0 1.000000
w_sniper
0  1.510643 0.391900 7.606472  0.997043 0.037179 0.067260  0.912356 0.215297 1 0 1.000000
0  1.613439 0.481576 9.267301  0.251530 0.655310 0.712251  0.964402 0.209604 1 0 1.000000
0  1.412751 -0.441833 9.061460  0.981821 0.044916 0.184415  0.964017 0.239990 1 0 1.000000
w_sniper
0  1.227669 0.440769 7.321357  -0.827036 0.536726 0.167146  0.989940 0.149948 1 0 1.000000
0  1.412751 -0.441833 9.061460  0.981821 0.044916 0.184415  0.985272 0.140797 1 0 1.000000
0  1.613439 0.481576 9.267301  0.251530 0.655310 0.712251  0.990149 0.139661 1 0 1.000000
w_sniper
0  1.227669 0.440769 7.321357  -0.827036 0.536726 0.167146  0.989940 0.149948 1 0 1.000000
0  1.474983 -0.326100 5.463425  -0.995477 -0.094985 0.002090  0.986475 0.159602 1 0 1.000000
0  1.412751 -0.441833 9.061460  0.981821 0.044916 0.184415  0.985272 0.140797 1 0 1.000000
w_sniper
0  1.341846 0.941316 5.706745  0.932610 0.335323 -0.133409  0.861831 0.200202 1 0 1.000000
0  1.721881 -0.212353 5.541136  0.888318 0.220284 -0.402946  0.861135 0.233462 1 0 1.000000
0  1.474983 -0.326100 5.463425  0.220651 0.217163 -0.950870  0.853632 0.232762 1 0 1.000000
w_sniper
0  1.227669 0.440769 7.321357  -0.827036 0.536726 0.167146  0.910933 0.208488 1 0 1.000000
0  1.613439 0.481576 9.267301  0.251530 0.655310 0.712251  0.964402 0.209604 1 0 1.000000
0  1.510643 0.391900 7.606472  0.233949 0.969936 -0.067022  0.912356 0.215297 1 0 1.000000
w_sniper
0  -0.708410 -15.015515 -2.005146  -0.996786 0.042104 0.068148  0.390476 0.937110 1 0 1.000000
0  -0.483748 -12.268156 -1.425861  -0.994976 0.098205 -0.019458  0.351139 0.955451 1 0 1.000000
0  -0.490109 -12.571609 -3.187460  -0.880700 0.438723 0.178579  0.351074 0.927814 1 0 1.000000
w_sniper
0  -0.708410 -15.015515 -2.005146  -0.996786 0.042104 0.068148  0.390476 0.937110 1 0 1.000000
0  -0.684753 -13.614301 0.060913  -0.990687 0.135879 0.008759  0.379910 0.971591 1 0 1.000000
0  -0.483748 -12.268156 -1.425861  -0.994976 0.098205 -0.019458  0.351139 0.955451 1 0 1.000000
w_sniper
0  -0.618467 -13.554490 1.618774  -0.994807 0.101688 -0.004205  0.384402 0.994081 1 0 1.000000
0  -0.483748 -12.268156 -1.425861  -0.994976 0.098205 -0.019458  0.351139 0.955451 1 0 1.000000
0  -0.684753 -13.614301 0.060913  -0.990687 0.135879 0.008759  0.379910 0.971591 1 0 1.000000
w_sniper
0  -0.618467 -13.554490 1.618774  -0.994807 0.101688 -0.004205  0.384402 0.994081 1 0 1.000000
0  -0.451700 -11.361319 1.087178  -0.995988 0.089481 0.001067  0.351207 0.997034 1 0 1.000000
0  -0.483748 -12.268156 -1.425861  -0.994976 0.098205 -0.019458  0.351139 0.955451 1 0 1.000000
w_sniper
0  -1.138726 -21.349533 6.874988  -0.605802 0.004854 0.795601  0.986399 0.993379 1 0 1.000000
0  -1.574155 -20.735027 4.663088  -0.982157 -0.089090 0.165621  0.971263 0.944030 1 0 1.000000
0  -1.194829 -21.378185 5.868438  -0.909392 -0.411912 0.057743  0.987526 0.973179 1 0 1.000000
w_sniper
0  -1.574155 -20.735027 4.663088  -0.982157 -0.089090 0.165621  0.971263 0.944030 1 0 1.000000
0  -1.138726 -21.349533 6.874988  -0.605802 0.004854 0.795601  0.986399 0.993379 1 0 1.000000
0  -1.186164 -19.271170 6.577907  -0.640904 0.017947 0.767411  0.936957 0.987874 1 0 1.000000
w_sniper
0  -1.386465 -24.252104 0.422960  -0.598196 -0.786730 -0.152376  0.600344 0.298247 1 0 1.000000
0  0.640492 -24.139143 0.130933  0.286042 -0.609504 -0.739382  0.640639 0.291323 1 0 1.000000
0  1.003880 -24.246361 0.418347  0.729567 -0.660905 -0.175888  0.647639 0.298314 1 0 1.000000
w_sniper
0  -1.386465 -24.252104 0.422960  -0.598196 -0.786730 -0.152376  0.681746 0.487428 1 0 1.000000
0  -1.008718 -22.086090 -0.136354  -0.798437 -0.019407 -0.601765  0.640930 0.473644 1 0 1.000000
0  -1.008718 -24.072100 0.098123  -0.260734 -0.350139 -0.899678  0.680592 0.476437 1 0 1.000000
w_sniper
0  -1.386465 -24.252104 0.422960  -0.598196 -0.786730 -0.152376  0.681746 0.487428 1 0 1.000000
0  -1.420911 -21.740082 0.591526  -0.981611 -0.039884 -0.186677  0.633886 0.490591 1 0 1.000000
0  -1.008718 -22.086090 -0.136354  -0.798437 -0.019407 -0.601765  0.640930 0.473644 1 0 1.000000
w_sniper
0  1.054972 -21.755817 0.605612  0.795648 -0.012442 -0.605631  0.636911 0.811619 1 0 1.000000
0  0.640492 -24.139143 0.130933  0.286042 -0.609504 -0.739382  0.683932 0.825026 1 0 1.000000
0  0.632096 -22.086090 -0.136354  0.785981 -0.007929 -0.618199  0.644338 0.828670 1 0 1.000000
w_sniper
0  1.054972 -21.755817 0.605612  0.795648 -0.012442 -0.605631  0.636911 0.811619 1 0 1.000000
0  1.003880 -24.246361 0.418347  0.729567 -0.660905 -0.175888  0.684850 0.814015 1 0 1.000000
0  0.640492 -24.139143 0.130933  0.286042 -0.609504 -0.739382  0.683932 0.825026 1 0 1.000000
w_sniper
0  1.294697 -23.308949 6.795108  0.740775 -0.646220 0.183446  0.653665 0.433872 1 0 1.000000
0  0.795164 -23.406439 7.328915  0.342231 -0.729615 0.592064  0.643845 0.443561 1 0 1.000000
0  -1.127860 -23.390535 7.382255  -0.226991 -0.736098 0.637680  0.605985 0.444430 1 0 1.000000
w_sniper
0  1.294697 -23.308949 6.795108  0.740775 -0.646220 0.183446  0.653665 0.433872 1 0 1.000000
0  -1.127860 -23.390535 7.382255  -0.226991 -0.736098 0.637680  0.605985 0.444430 1 0 1.000000
0  -1.703837 -23.279558 6.812216  -0.722318 -0.658966 0.209810  0.594284 0.433896 1 0 1.000000
w_sniper
0  1.294697 -23.308949 6.795108  0.740775 -0.646220 0.183446  0.653665 0.433872 1 0 1.000000
0  -1.703837 -23.279558 6.812216  -0.722318 -0.658966 0.209810  0.594284 0.433896 1 0 1.000000
0  -1.514316 -22.787739 3.672461  -0.747626 -0.664094 0.005898  0.597359 0.370890 1 0 1.000000
w_sniper
0  1.294697 -23.308949 6.795108  0.740775 -0.646220 0.183446  0.653665 0.433872 1 0 1.000000
0  -1.514316 -22.787739 3.672461  -0.747626 -0.664094 0.005898  0.597359 0.370890 1 0 1.000000
0  1.140895 -22.779850 3.750810  0.729836 -0.683591 0.006454  0.651151 0.370918 1 0 1.000000
w_sniper
0  1.140895 -22.779850 3.750810  0.729836 -0.683591 0.006454  0.651151 0.370918 1 0 1.000000
0  -1.514316 -22.787739 3.672461  -0.747626 -0.664094 0.005898  0.597359 0.370890 1 0 1.000000
0  -1.388992 -23.424047 1.620393  -0.724644 -0.629608 0.280153  0.600286 0.328134 1 0 1.000000
w_sniper
0  1.140895 -22.779850 3.750810  0.729836 -0.683591 0.006454  0.651151 0.370918 1 0 1.000000
0  -1.388992 -23.424047 1.620393  -0.724644 -0.629608 0.280153  0.600286 0.328134 1 0 1.000000
0  1.036715 -23.370554 1.704825  0.731857 -0.629564 0.260833  0.649239 0.328520 1 0 1.000000
w_sniper
0  -1.386465 -24.252104 0.422960  -0.598196 -0.786730 -0.152376  0.600344 0.298247 1 0 1.000000
0  1.036715 -23.370554 1.704825  0.731857 -0.629564 0.260833  0.649239 0.328520 1 0 1.000000
0  -1.388992 -23.424047 1.620393  -0.724644 -0.629608 0.280153  0.600286 0.328134 1 0 1.000000
w_sniper
0  -1.386465 -24.252104 0.422960  -0.598196 -0.786730 -0.152376  0.600344 0.298247 1 0 1.000000
0  1.003880 -24.246361 0.418347  0.729567 -0.660905 -0.175888  0.647639 0.298314 1 0 1.000000
0  1.036715 -23.370554 1.704825  0.731857 -0.629564 0.260833  0.649239 0.328520 1 0 1.000000
w_sniper
0  -1.125900 -21.209824 7.464750  -0.403990 -0.033978 0.914132  0.625231 0.632605 1 0 1.000000
0  -1.740740 -21.256790 6.849543  -0.928969 -0.022990 0.369442  0.625426 0.615566 1 0 1.000000
0  -1.703837 -23.279558 6.812216  -0.722318 -0.658966 0.209810  0.664737 0.614792 1 0 1.000000
w_sniper
0  -1.125900 -21.209824 7.464750  -0.403990 -0.033978 0.914132  0.625231 0.632605 1 0 1.000000
0  -1.703837 -23.279558 6.812216  -0.722318 -0.658966 0.209810  0.664737 0.614792 1 0 1.000000
0  -1.127860 -23.390535 7.382255  -0.226991 -0.736098 0.637680  0.666981 0.630271 1 0 1.000000
w_sniper
0  -1.127860 -23.390535 7.382255  -0.226991 -0.736098 0.637680  0.666981 0.630271 1 0 1.000000
0  0.380109 -21.206995 7.562179  0.211266 -0.038106 0.976686  0.625386 0.662546 1 0 1.000000
0  -1.125900 -21.209824 7.464750  -0.403990 -0.033978 0.914132  0.625231 0.632605 1 0 1.000000
w_sniper
0  -1.127860 -23.390535 7.382255  -0.226991 -0.736098 0.637680  0.666981 0.630271 1 0 1.000000
0  0.795164 -23.406439 7.328915  0.342231 -0.729615 0.592064  0.667233 0.670613 1 0 1.000000
0  0.380109 -21.206995 7.562179  0.211266 -0.038106 0.976686  0.625386 0.662546 1 0 1.000000
w_sniper
0  0.795164 -23.406439 7.328915  0.342231 -0.729615 0.592064  0.667233 0.670613 1 0 1.000000
0  1.266803 -21.220839 7.054655  0.547915 -0.014342 0.836411  0.625819 0.682816 1 0 1.000000
0  0.380109 -21.206995 7.562179  0.211266 -0.038106 0.976686  0.625386 0.662546 1 0 1.000000
w_sniper
0  0.795164 -23.406439 7.328915  0.342231 -0.729615 0.592064  0.667233 0.670613 1 0 1.000000
0  1.294697 -23.308949 6.795108  0.740775 -0.646220 0.183446  0.665398 0.686691 1 0 1.000000
0  1.266803 -21.220839 7.054655  0.547915 -0.014342 0.836411  0.625819 0.682816 1 0 1.000000
w_sniper
0  1.054972 -21.755817 0.605612  0.998714 -0.036698 -0.034967  0.636911 0.811619 1 0 1.000000
0  1.036715 -23.370554 1.704825  0.731857 -0.629564 0.260833  0.667866 0.789769 1 0 1.000000
0  1.003880 -24.246361 0.418347  0.729567 -0.660905 -0.175888  0.684850 0.814015 1 0 1.000000
w_sniper
0  1.287284 -21.316006 4.595887  0.998334 -0.044646 -0.036546  0.627966 0.731858 1 0 1.000000
0  1.036715 -23.370554 1.704825  0.731857 -0.629564 0.260833  0.667866 0.789769 1 0 1.000000
0  1.054972 -21.755817 0.605612  0.998714 -0.036698 -0.034967  0.636911 0.811619 1 0 1.000000
w_sniper
0  1.287284 -21.316006 4.595887  0.998334 -0.044646 -0.036546  0.627966 0.731858 1 0 1.000000
0  1.140895 -22.779850 3.750810  0.729836 -0.683591 0.006454  0.655111 0.749306 1 0 1.000000
0  1.036715 -23.370554 1.704825  0.731857 -0.629564 0.260833  0.667866 0.789769 1 0 1.000000
w_sniper
0  1.287284 -21.316006 4.595887  0.998334 -0.044646 -0.036546  0.627966 0.731858 1 0 1.000000
0  1.294697 -23.308949 6.795108  0.740775 -0.646220 0.183446  0.665398 0.686691 1 0 1.000000
0  1.140895 -22.779850 3.750810  0.729836 -0.683591 0.006454  0.655111 0.749306 1 0 1.000000
w_sniper
0  1.294697 -23.308949 6.795108  0.740775 -0.646220 0.183446  0.665398 0.686691 1 0 1.000000
0  1.287284 -21.316006 4.595887  0.998334 -0.044646 -0.036546  0.627966 0.731858 1 0 1.000000
0  1.266803 -21.220839 7.054655  0.999893 0.012381 0.007850  0.625819 0.682816 1 0 1.000000
w_sniper
0  -1.386465 -24.252104 0.422960  -0.598196 -0.786730 -0.152376  0.681746 0.487428 1 0 1.000000
0  -1.388992 -23.424047 1.620393  -0.724644 -0.629608 0.280153  0.665287 0.512038 1 0 1.000000
0  -1.420911 -21.740082 0.591526  -0.981611 -0.039884 -0.186677  0.633886 0.490591 1 0 1.000000
w_sniper
0  -1.514316 -22.787739 3.672461  -0.747626 -0.664094 0.005898  0.653377 0.552773 1 0 1.000000
0  -1.420911 -21.740082 0.591526  -0.981611 -0.039884 -0.186677  0.633886 0.490591 1 0 1.000000
0  -1.388992 -23.424047 1.620393  -0.724644 -0.629608 0.280153  0.665287 0.512038 1 0 1.000000
w_sniper
0  -1.514316 -22.787739 3.672461  -0.747626 -0.664094 0.005898  0.653377 0.552773 1 0 1.000000
0  -1.566538 -21.318825 3.712912  -0.998227 -0.029785 -0.051537  0.626375 0.553056 1 0 1.000000
0  -1.420911 -21.740082 0.591526  -0.981611 -0.039884 -0.186677  0.633886 0.490591 1 0 1.000000
w_sniper
0  -1.703837 -23.279558 6.812216  -0.722318 -0.658966 0.209810  0.664737 0.614792 1 0 1.000000
0  -1.566538 -21.318825 3.712912  -0.998227 -0.029785 -0.051537  0.626375 0.553056 1 0 1.000000
0  -1.514316 -22.787739 3.672461  -0.747626 -0.664094 0.005898  0.653377 0.552773 1 0 1.000000
w_sniper
0  -1.703837 -23.279558 6.812216  -0.722318 -0.658966 0.209810  0.664737 0.614792 1 0 1.000000
0  -1.740740 -21.256790 6.849543  -0.928969 -0.022990 0.369442  0.625426 0.615566 1 0 1.000000
0  -1.566538 -21.318825 3.712912  -0.998227 -0.029785 -0.051537  0.626375 0.553056 1 0 1.000000
w_sniper
0  -1.138726 -21.349533 6.874988  -0.605802 0.004854 0.795601  0.708065 0.803742 1 0 1.000000
0  0.795464 -19.201599 6.579344  0.510034 0.111277 0.852926  0.758874 0.757776 1 0 1.000000
0  -1.186164 -19.271170 6.577907  -0.640904 0.017947 0.767411  0.758595 0.804935 1 0 1.000000
w_sniper
0  -1.138726 -21.349533 6.874988  -0.605802 0.004854 0.795601  0.708065 0.803742 1 0 1.000000
0  0.811155 -21.351004 6.836124  0.661611 -0.022509 0.749509  0.708407 0.756616 1 0 1.000000
0  0.795464 -19.201599 6.579344  0.510034 0.111277 0.852926  0.758874 0.757776 1 0 1.000000
w_sniper
0  -1.008718 -22.086090 -0.136354  0.006419 -0.124025 -0.992258  0.606497 0.250472 1 0 1.000000
0  0.640492 -24.139143 0.130933  -0.024041 -0.203930 -0.978690  0.640639 0.291323 1 0 1.000000
0  -1.008718 -24.072100 0.098123  -0.260734 -0.350139 -0.899678  0.607622 0.291002 1 0 1.000000
w_sniper
0  -1.008718 -22.086090 -0.136354  0.006419 -0.124025 -0.992258  0.606497 0.250472 1 0 1.000000
0  0.632096 -22.086090 -0.136354  0.000000 -0.129100 -0.991632  0.639794 0.249548 1 0 1.000000
0  0.640492 -24.139143 0.130933  -0.024041 -0.203930 -0.978690  0.640639 0.291323 1 0 1.000000
w_sniper
0  -0.241492 5.899217 7.201804  -0.709112 0.678120 0.193164  0.218242 0.406057 1 0 1.000000
0  -0.170542 5.376386 7.224143  0.027575 -0.746111 0.665250  0.233429 0.407755 1 0 1.000000
0  -0.188214 5.809733 7.710896  -0.010458 0.134065 0.990917  0.218842 0.420474 1 0 1.000000
w_sniper
0  -0.135071 5.899150 7.201833  0.688063 0.699057 0.194651  0.215111 0.406062 1 0 1.000000
0  -0.241492 5.899217 7.201804  -0.709112 0.678120 0.193164  0.218242 0.406057 1 0 1.000000
0  -0.188214 5.809733 7.710896  -0.010458 0.134065 0.990917  0.218842 0.420474 1 0 1.000000
w_sniper
0  -0.170542 5.376386 7.224143  0.027575 -0.746111 0.665250  0.199945 0.407786 1 0 1.000000
0  -0.135071 5.899150 7.201833  0.688063 0.699057 0.194651  0.215111 0.406062 1 0 1.000000
0  -0.188214 5.809733 7.710896  -0.010458 0.134065 0.990917  0.218842 0.420474 1 0 1.000000
w_sniper
0  0.535143 6.385671 5.021275  -0.392922 0.876076 -0.279469  0.175746 0.373719 1 0 1.000000
0  0.534865 4.978185 3.141188  -0.253964 -0.910031 0.327636  0.165583 0.362639 1 0 1.000000
0  0.555044 5.312419 5.398270  -0.263196 -0.920692 -0.288190  0.179589 0.368737 1 0 1.000000
w_sniper
0  0.535143 6.385671 5.021275  -0.392922 0.876076 -0.279469  0.175746 0.373719 1 0 1.000000
0  0.484500 6.093054 3.381643  -0.835555 0.538949 -0.106687  0.164069 0.370367 1 0 1.000000
0  0.534865 4.978185 3.141188  -0.253964 -0.910031 0.327636  0.165583 0.362639 1 0 1.000000
w_sniper
0  0.484500 6.093054 3.381643  0.024671 -0.230874 0.972671  0.164069 0.370367 1 0 1.000000
0  -0.935784 4.973580 3.151948  0.251841 -0.916312 0.311366  0.156962 0.360914 1 0 1.000000
0  0.534865 4.978185 3.141188  -0.253964 -0.910031 0.327636  0.165583 0.362639 1 0 1.000000
w_sniper
0  0.484500 6.093054 3.381643  0.024671 -0.230874 0.972671  0.164069 0.370367 1 0 1.000000
0  -0.880331 6.034632 3.435430  0.049141 -0.260202 0.964303  0.155379 0.368651 1 0 1.000000
0  -0.935784 4.973580 3.151948  0.251841 -0.916312 0.311366  0.156962 0.360914 1 0 1.000000
w_sniper
0  -1.080587 6.160234 7.300578  0.328331 0.662245 0.673520  0.290944 0.399190 1 0 1.000000
0  -0.987630 5.080005 7.280584  0.155702 -0.016248 0.987671  0.287909 0.419283 1 0 1.000000
0  -0.906438 6.056993 7.174410  0.416192 0.603007 0.680563  0.287070 0.397621 1 0 1.000000
w_sniper
0  -0.879307 6.353483 5.002995  0.006362 0.651112 -0.758955  0.286201 0.351967 1 0 1.000000
0  -1.080587 6.160234 7.300578  0.328331 0.662245 0.673520  0.290944 0.399190 1 0 1.000000
0  -0.906438 6.056993 7.174410  0.416192 0.603007 0.680563  0.287070 0.397621 1 0 1.000000
w_sniper
0  0.639581 6.351847 0.977077  -0.053370 0.496053 -0.866651  0.255455 0.262260 1 0 1.000000
0  1.513161 5.652647 0.481544  -0.077645 0.510083 -0.856613  0.238350 0.241874 1 0 1.000000
0  0.591613 5.604495 0.568972  -0.055990 0.496233 -0.866382  0.257297 0.244624 1 0 1.000000
w_sniper
0  0.639581 6.351847 0.977077  -0.053370 0.496053 -0.866651  0.255455 0.262260 1 0 1.000000
0  1.513161 6.433024 0.978505  -0.048478 0.536519 -0.842495  0.236756 0.260827 1 0 1.000000
0  1.513161 5.652647 0.481544  -0.077645 0.510083 -0.856613  0.238350 0.241874 1 0 1.000000
w_sniper
0  -0.961372 6.344171 1.019292  0.051356 0.552701 -0.831796  0.288785 0.262450 1 0 1.000000
0  0.591613 5.604495 0.568972  -0.055990 0.496233 -0.866382  0.257297 0.244624 1 0 1.000000
0  -1.026108 5.639939 0.529916  0.017090 0.301596 -0.953283  0.289386 0.244276 1 0 1.000000
w_sniper
0  -0.961372 6.344171 1.019292  0.051356 0.552701 -0.831796  0.288785 0.262450 1 0 1.000000
0  0.639581 6.351847 0.977077  -0.053370 0.496053 -0.866651  0.255455 0.262260 1 0 1.000000
0  0.591613 5.604495 0.568972  -0.055990 0.496233 -0.866382  0.257297 0.244624 1 0 1.000000
w_sniper
0  -1.889785 6.433024 0.978505  -0.841859 0.262125 -0.471766  0.308563 0.261122 1 0 1.000000
0  -1.026108 5.639939 0.529916  0.017090 0.301596 -0.953283  0.289386 0.244276 1 0 1.000000
0  -1.893821 4.950562 0.396004  -0.652926 0.140757 -0.744228  0.307225 0.242087 1 0 1.000000
w_sniper
0  -1.889785 6.433024 0.978505  -0.841859 0.262125 -0.471766  0.308563 0.261122 1 0 1.000000
0  -0.961372 6.344171 1.019292  0.051356 0.552701 -0.831796  0.288785 0.262450 1 0 1.000000
0  -1.026108 5.639939 0.529916  0.017090 0.301596 -0.953283  0.289386 0.244276 1 0 1.000000
w_sniper
0  -0.939830 6.630862 3.250236  0.151962 0.293045 0.943945  0.289239 0.308365 1 0 1.000000
0  0.484500 6.093054 3.381643  -0.107567 0.203235 0.973204  0.260051 0.318324 1 0 1.000000
0  0.628552 6.636109 3.289355  -0.155173 0.205569 0.966262  0.254139 0.309340 1 0 1.000000
w_sniper
0  -0.939830 6.630862 3.250236  0.151962 0.293045 0.943945  0.289239 0.308365 1 0 1.000000
0  -0.880331 6.034632 3.435430  0.121243 0.274643 0.953872  0.284348 0.319448 1 0 1.000000
0  0.484500 6.093054 3.381643  -0.107567 0.203235 0.973204  0.260051 0.318324 1 0 1.000000
w_sniper
0  -1.699369 6.700474 3.453738  0.214471 0.237768 0.947348  0.304691 0.312782 1 0 1.000000
0  -0.880331 6.034632 3.435430  0.121243 0.274643 0.953872  0.284348 0.319448 1 0 1.000000
0  -0.939830 6.630862 3.250236  0.151962 0.293045 0.943945  0.289239 0.308365 1 0 1.000000
w_sniper
0  -1.699369 6.700474 3.453738  0.214471 0.237768 0.947348  0.304691 0.312782 1 0 1.000000
0  -1.542143 6.029256 3.543821  0.158014 0.167612 0.973107  0.297560 0.324005 1 0 1.000000
0  -0.880331 6.034632 3.435430  0.121243 0.274643 0.953872  0.284348 0.319448 1 0 1.000000
w_sniper
0  1.218104 6.404529 4.951697  -0.007036 0.998791 -0.048657  0.242977 0.350810 1 0 1.000000
0  0.484500 6.093054 3.381643  -0.835555 0.538949 -0.106687  0.260051 0.318324 1 0 1.000000
0  0.535143 6.385671 5.021275  -0.392922 0.876076 -0.279469  0.256567 0.352080 1 0 1.000000
w_sniper
0  1.218104 6.404529 4.951697  -0.007036 0.998791 -0.048657  0.242977 0.350810 1 0 1.000000
0  1.165519 6.029256 3.543821  0.151230 0.953729 -0.259867  0.246223 0.323829 1 0 1.000000
0  0.484500 6.093054 3.381643  -0.835555 0.538949 -0.106687  0.260051 0.318324 1 0 1.000000
w_sniper
0  -0.880331 6.034632 3.435430  0.835824 0.528713 -0.147856  0.155379 0.368651 1 0 1.000000
0  -0.905808 5.326705 5.382483  0.270169 -0.918134 -0.289895  0.141725 0.361103 1 0 1.000000
0  -0.935784 4.973580 3.151948  0.251841 -0.916312 0.311366  0.156962 0.360914 1 0 1.000000
w_sniper
0  -0.880331 6.034632 3.435430  0.835824 0.528713 -0.147856  0.155379 0.368651 1 0 1.000000
0  -0.879307 6.353483 5.002995  0.561216 0.826461 -0.044709  0.143287 0.367232 1 0 1.000000
0  -0.905808 5.326705 5.382483  0.270169 -0.918134 -0.289895  0.141725 0.361103 1 0 1.000000
w_sniper
0  1.529179 6.168274 7.298589  0.597655 0.574816 0.558923  0.236724 0.400043 1 0 1.000000
0  0.535143 6.385671 5.021275  -0.392922 0.876076 -0.279469  0.256567 0.352080 1 0 1.000000
0  0.616486 6.097877 7.239222  -0.092619 0.674570 0.732378  0.255604 0.398691 1 0 1.000000
w_sniper
0  1.529179 6.168274 7.298589  0.597655 0.574816 0.558923  0.236724 0.400043 1 0 1.000000
0  1.218104 6.404529 4.951697  -0.007036 0.998791 -0.048657  0.242977 0.350810 1 0 1.000000
0  0.535143 6.385671 5.021275  -0.392922 0.876076 -0.279469  0.256567 0.352080 1 0 1.000000
w_sniper
0  0.616486 6.097877 7.239222  -0.092619 0.674570 0.732378  0.255604 0.398691 1 0 1.000000
0  -0.879307 6.353483 5.002995  0.006362 0.651112 -0.758955  0.286201 0.351967 1 0 1.000000
0  -0.906438 6.056993 7.174410  0.416192 0.603007 0.680563  0.287070 0.397621 1 0 1.000000
w_sniper
0  0.616486 6.097877 7.239222  -0.092619 0.674570 0.732378  0.255604 0.398691 1 0 1.000000
0  0.535143 6.385671 5.021275  -0.392922 0.876076 -0.279469  0.256567 0.352080 1 0 1.000000
0  -0.879307 6.353483 5.002995  0.006362 0.651112 -0.758955  0.286201 0.351967 1 0 1.000000
w_sniper
0  -1.889785 5.016603 7.332746  0.063605 -0.990073 -0.125336  0.128535 0.357466 1 0 1.000000
0  -0.905808 5.326705 5.382483  0.270169 -0.918134 -0.289895  0.143362 0.327929 1 0 1.000000
0  -0.987630 5.080005 7.280584  0.028083 -0.991365 -0.128091  0.142179 0.356586 1 0 1.000000
w_sniper
0  -1.889785 5.016603 7.332746  0.063605 -0.990073 -0.125336  0.128535 0.357466 1 0 1.000000
0  -1.585704 5.289132 5.309521  0.057277 -0.998137 0.021035  0.133250 0.326997 1 0 1.000000
0  -0.905808 5.326705 5.382483  0.270169 -0.918134 -0.289895  0.143362 0.327929 1 0 1.000000
w_sniper
0  -0.987630 5.080005 7.280584  0.028083 -0.991365 -0.128091  0.142179 0.356586 1 0 1.000000
0  0.555044 5.312419 5.398270  -0.263196 -0.920692 -0.288190  0.165390 0.328027 1 0 1.000000
0  0.624629 5.063059 7.280835  -0.028050 -0.991086 -0.130239  0.166580 0.356718 1 0 1.000000
w_sniper
0  -0.987630 5.080005 7.280584  0.028083 -0.991365 -0.128091  0.142179 0.356586 1 0 1.000000
0  -0.905808 5.326705 5.382483  0.270169 -0.918134 -0.289895  0.143362 0.327929 1 0 1.000000
0  0.555044 5.312419 5.398270  -0.263196 -0.920692 -0.288190  0.165390 0.328027 1 0 1.000000
w_sniper
0  -1.585704 5.289132 5.309521  0.057277 -0.998137 0.021035  0.133250 0.326997 1 0 1.000000
0  -0.935784 4.973580 3.151948  0.251841 -0.916312 0.311366  0.142843 0.294162 1 0 1.000000
0  -0.905808 5.326705 5.382483  0.270169 -0.918134 -0.289895  0.143362 0.327929 1 0 1.000000
w_sniper
0  -1.585704 5.289132 5.309521  0.057277 -0.998137 0.021035  0.133250 0.326997 1 0 1.000000
0  -1.614619 4.920754 3.180118  0.080433 -0.993990 0.074265  0.132544 0.294728 1 0 1.000000
0  -0.935784 4.973580 3.151948  0.251841 -0.916312 0.311366  0.142843 0.294162 1 0 1.000000
w_sniper
0  -0.879307 6.353483 5.002995  0.006362 0.651112 -0.758955  0.143287 0.367232 1 0 1.000000
0  0.555044 5.312419 5.398270  -0.263196 -0.920692 -0.288190  0.133166 0.363271 1 0 1.000000
0  -0.905808 5.326705 5.382483  0.270169 -0.918134 -0.289895  0.141725 0.361103 1 0 1.000000
w_sniper
0  -0.879307 6.353483 5.002995  0.006362 0.651112 -0.758955  0.143287 0.367232 1 0 1.000000
0  0.535143 6.385671 5.021275  -0.392922 0.876076 -0.279469  0.134733 0.369364 1 0 1.000000
0  0.555044 5.312419 5.398270  -0.263196 -0.920692 -0.288190  0.133166 0.363271 1 0 1.000000
w_sniper
0  1.322745 6.700474 3.453738  -0.069992 0.990292 -0.120092  0.239600 0.312466 1 0 1.000000
0  0.639581 6.351847 0.977077  -0.110069 0.989952 -0.088772  0.255455 0.262260 1 0 1.000000
0  0.628552 6.636109 3.289355  -0.061375 0.993366 -0.097244  0.254139 0.309340 1 0 1.000000
w_sniper
0  1.322745 6.700474 3.453738  -0.069992 0.990292 -0.120092  0.239600 0.312466 1 0 1.000000
0  1.513161 6.433024 0.978505  -0.091738 0.989242 -0.113945  0.236756 0.260827 1 0 1.000000
0  0.639581 6.351847 0.977077  -0.110069 0.989952 -0.088772  0.255455 0.262260 1 0 1.000000
w_sniper
0  0.163405 8.284810 2.950069  0.596886 0.474993 0.646613  0.192863 0.793889 1 0 1.000000
0  -0.546058 8.794248 1.447117  0.000635 0.947164 0.320749  0.208171 0.758545 1 0 1.000000
0  -0.540053 8.285094 2.950314  0.000519 0.593485 0.804845  0.208445 0.793366 1 0 1.000000
w_sniper
0  0.163405 8.284810 2.950069  0.596886 0.474993 0.646613  0.192863 0.793889 1 0 1.000000
0  0.169669 8.793795 1.446924  0.873643 0.460365 0.157520  0.192347 0.758598 1 0 1.000000
0  -0.546058 8.794248 1.447117  0.000635 0.947164 0.320749  0.208171 0.758545 1 0 1.000000
w_sniper
0  0.619089 4.931023 0.520941  -0.033129 -0.999297 0.017528  0.166518 0.254597 1 0 1.000000
0  -0.935784 4.973580 3.151948  0.251841 -0.916312 0.311366  0.142843 0.294162 1 0 1.000000
0  -0.990076 4.920873 0.546696  -0.016079 -0.999659 0.020559  0.142171 0.254683 1 0 1.000000
w_sniper
0  0.619089 4.931023 0.520941  -0.033129 -0.999297 0.017528  0.166518 0.254597 1 0 1.000000
0  0.534865 4.978185 3.141188  -0.253964 -0.910031 0.327636  0.165539 0.294223 1 0 1.000000
0  -0.935784 4.973580 3.151948  0.251841 -0.916312 0.311366  0.142843 0.294162 1 0 1.000000
w_sniper
0  1.513161 4.868737 0.481544  -0.068843 -0.997504 0.015726  0.180021 0.253802 1 0 1.000000
0  0.534865 4.978185 3.141188  -0.253964 -0.910031 0.327636  0.165539 0.294223 1 0 1.000000
0  0.619089 4.931023 0.520941  -0.033129 -0.999297 0.017528  0.166518 0.254597 1 0 1.000000
w_sniper
0  1.513161 4.868737 0.481544  -0.068843 -0.997504 0.015726  0.180021 0.253802 1 0 1.000000
0  1.223336 4.931580 3.208762  -0.076265 -0.992808 0.092277  0.175712 0.295037 1 0 1.000000
0  0.534865 4.978185 3.141188  -0.253964 -0.910031 0.327636  0.165539 0.294223 1 0 1.000000
w_sniper
0  1.513161 5.652647 0.481544  -0.066261 0.027642 -0.997419  0.181399 0.239791 1 0 1.000000
0  0.619089 4.931023 0.520941  -0.046535 0.053096 -0.997505  0.166518 0.254597 1 0 1.000000
0  0.591613 5.604495 0.568972  -0.051033 0.056365 -0.997105  0.167125 0.240139 1 0 1.000000
w_sniper
0  1.513161 5.652647 0.481544  -0.066261 0.027642 -0.997419  0.181399 0.239791 1 0 1.000000
0  1.513161 4.868737 0.481544  -0.044021 0.000000 -0.999031  0.181399 0.251774 1 0 1.000000
0  0.619089 4.931023 0.520941  -0.046535 0.053096 -0.997505  0.166518 0.254597 1 0 1.000000
w_sniper
0  0.591613 5.604495 0.568972  -0.051033 0.056365 -0.997105  0.167125 0.240139 1 0 1.000000
0  -0.990076 4.920873 0.546696  0.085945 -0.006623 -0.996278  0.142627 0.250752 1 0 1.000000
0  -1.026108 5.639939 0.529916  0.017090 0.301596 -0.953283  0.142062 0.239959 1 0 1.000000
w_sniper
0  0.591613 5.604495 0.568972  -0.051033 0.056365 -0.997105  0.167125 0.240139 1 0 1.000000
0  0.619089 4.931023 0.520941  -0.046535 0.053096 -0.997505  0.167568 0.250847 1 0 1.000000
0  -0.990076 4.920873 0.546696  0.085945 -0.006623 -0.996278  0.142627 0.250752 1 0 1.000000
w_sniper
0  -1.699369 6.700474 3.453738  -0.983673 -0.042090 0.174972  0.310916 0.311291 1 0 1.000000
0  -1.614619 4.920754 3.180118  -0.987121 -0.006924 0.159824  0.351489 0.305192 1 0 1.000000
0  -1.542143 6.029256 3.543821  -0.727407 -0.134805 0.672835  0.326414 0.313305 1 0 1.000000
w_sniper
0  1.322745 6.700474 3.453738  -0.225912 0.198564 0.953696  0.239600 0.312466 1 0 1.000000
0  0.484500 6.093054 3.381643  -0.107567 0.203235 0.973204  0.260051 0.318324 1 0 1.000000
0  1.165519 6.029256 3.543821  -0.212071 0.178622 0.960792  0.246223 0.323829 1 0 1.000000
w_sniper
0  1.322745 6.700474 3.453738  -0.225912 0.198564 0.953696  0.239600 0.312466 1 0 1.000000
0  0.628552 6.636109 3.289355  -0.155173 0.205569 0.966262  0.254139 0.309340 1 0 1.000000
0  0.484500 6.093054 3.381643  -0.107567 0.203235 0.973204  0.260051 0.318324 1 0 1.000000
w_sniper
0  1.223336 4.931580 3.208762  0.997386 0.062033 0.037048  0.194453 0.306773 1 0 1.000000
0  1.322745 6.700474 3.453738  0.784121 -0.149465 0.602340  0.234504 0.312389 1 0 1.000000
0  1.165519 6.029256 3.543821  0.949032 -0.022559 0.314370  0.219083 0.314393 1 0 1.000000
w_sniper
0  -1.645625 6.429368 4.977603  0.067328 0.996275 -0.053873  0.301506 0.351065 1 0 1.000000
0  -0.880331 6.034632 3.435430  0.835824 0.528713 -0.147856  0.284348 0.319448 1 0 1.000000
0  -1.542143 6.029256 3.543821  -0.052341 0.960894 -0.271926  0.297560 0.324005 1 0 1.000000
w_sniper
0  -1.645625 6.429368 4.977603  0.067328 0.996275 -0.053873  0.301506 0.351065 1 0 1.000000
0  -0.879307 6.353483 5.002995  0.561216 0.826461 -0.044709  0.286201 0.351967 1 0 1.000000
0  -0.880331 6.034632 3.435430  0.835824 0.528713 -0.147856  0.284348 0.319448 1 0 1.000000
w_sniper
0  -1.080587 6.160234 7.300578  0.328331 0.662245 0.673520  0.290944 0.399190 1 0 1.000000
0  -1.645625 6.429368 4.977603  0.067328 0.996275 -0.053873  0.301506 0.351065 1 0 1.000000
0  -1.900386 6.133117 7.309675  -0.634538 0.531172 0.561443  0.307807 0.400063 1 0 1.000000
w_sniper
0  -1.080587 6.160234 7.300578  0.328331 0.662245 0.673520  0.290944 0.399190 1 0 1.000000
0  -0.879307 6.353483 5.002995  0.561216 0.826461 -0.044709  0.286201 0.351967 1 0 1.000000
0  -1.645625 6.429368 4.977603  0.067328 0.996275 -0.053873  0.301506 0.351065 1 0 1.000000
w_sniper
0  1.218104 6.404529 4.951697  0.997517 0.015818 -0.068627  0.227595 0.346308 1 0 1.000000
0  1.223336 4.931580 3.208762  0.997386 0.062033 0.037048  0.194453 0.306773 1 0 1.000000
0  1.165519 6.029256 3.543821  0.949032 -0.022559 0.314370  0.219083 0.314393 1 0 1.000000
w_sniper
0  1.218104 6.404529 4.951697  0.997517 0.015818 -0.068627  0.227595 0.346308 1 0 1.000000
0  1.252768 5.284485 5.334783  0.996301 0.006303 -0.085697  0.201885 0.355383 1 0 1.000000
0  1.223336 4.931580 3.208762  0.997386 0.062033 0.037048  0.194453 0.306773 1 0 1.000000
w_sniper
0  -1.585704 5.289132 5.309521  -0.992693 -0.063059 -0.102884  0.343245 0.353839 1 0 1.000000
0  -1.542143 6.029256 3.543821  -0.999614 0.023489 -0.014815  0.326414 0.313305 1 0 1.000000
0  -1.614619 4.920754 3.180118  -0.997918 0.064459 0.002400  0.351489 0.305192 1 0 1.000000
w_sniper
0  -1.585704 5.289132 5.309521  -0.992693 -0.063059 -0.102884  0.343245 0.353839 1 0 1.000000
0  -1.645625 6.429368 4.977603  -0.994004 -0.062472 -0.089737  0.317034 0.345973 1 0 1.000000
0  -1.542143 6.029256 3.543821  -0.999614 0.023489 -0.014815  0.326414 0.313305 1 0 1.000000
w_sniper
0  1.513161 5.016603 7.332746  -0.045866 -0.990614 -0.128766  0.180020 0.357466 1 0 1.000000
0  0.555044 5.312419 5.398270  -0.263196 -0.920692 -0.288190  0.165390 0.328027 1 0 1.000000
0  1.252768 5.284485 5.334783  -0.044168 -0.998931 0.013638  0.175722 0.327425 1 0 1.000000
w_sniper
0  1.513161 5.016603 7.332746  -0.045866 -0.990614 -0.128766  0.180020 0.357466 1 0 1.000000
0  0.624629 5.063059 7.280835  -0.028050 -0.991086 -0.130239  0.166580 0.356718 1 0 1.000000
0  0.555044 5.312419 5.398270  -0.263196 -0.920692 -0.288190  0.165390 0.328027 1 0 1.000000
w_sniper
0  1.252768 5.284485 5.334783  -0.044168 -0.998931 0.013638  0.175722 0.327425 1 0 1.000000
0  0.534865 4.978185 3.141188  -0.253964 -0.910031 0.327636  0.165539 0.294223 1 0 1.000000
0  1.223336 4.931580 3.208762  -0.076265 -0.992808 0.092277  0.175712 0.295037 1 0 1.000000
w_sniper
0  1.252768 5.284485 5.334783  -0.044168 -0.998931 0.013638  0.175722 0.327425 1 0 1.000000
0  0.555044 5.312419 5.398270  -0.263196 -0.920692 -0.288190  0.165390 0.328027 1 0 1.000000
0  0.534865 4.978185 3.141188  -0.253964 -0.910031 0.327636  0.165539 0.294223 1 0 1.000000
w_sniper
0  -1.889785 6.433024 0.978505  0.091528 0.988012 -0.124317  0.308563 0.261122 1 0 1.000000
0  -0.939830 6.630862 3.250236  0.068759 0.991011 -0.114759  0.289239 0.308365 1 0 1.000000
0  -0.961372 6.344171 1.019292  0.080422 0.991695 -0.100370  0.288785 0.262450 1 0 1.000000
w_sniper
0  -1.889785 6.433024 0.978505  0.091528 0.988012 -0.124317  0.308563 0.261122 1 0 1.000000
0  -1.699369 6.700474 3.453738  0.060934 0.991854 -0.111858  0.304691 0.312782 1 0 1.000000
0  -0.939830 6.630862 3.250236  0.068759 0.991011 -0.114759  0.289239 0.308365 1 0 1.000000
w_sniper
0  -1.893821 4.950562 0.396004  -0.015968 -0.999776 0.013901  0.128659 0.250523 1 0 1.000000
0  -0.935784 4.973580 3.151948  0.251841 -0.916312 0.311366  0.142843 0.294162 1 0 1.000000
0  -1.614619 4.920754 3.180118  0.080433 -0.993990 0.074265  0.132544 0.294728 1 0 1.000000
w_sniper
0  -1.893821 4.950562 0.396004  -0.015968 -0.999776 0.013901  0.128659 0.250523 1 0 1.000000
0  -0.990076 4.920873 0.546696  -0.016079 -0.999659 0.020559  0.142627 0.250752 1 0 1.000000
0  -0.935784 4.973580 3.151948  0.251841 -0.916312 0.311366  0.142843 0.294162 1 0 1.000000
w_sniper
0  -2.251183 -12.022690 5.305550  0.238887 -0.784705 -0.571988  0.923142 0.162664 1 0 1.000000
0  -2.387123 -11.288040 7.118474  0.994041 0.104093 0.032356  0.927251 0.172867 1 0 1.000000
0  -2.272613 -12.519090 7.373013  0.007915 -0.972353 -0.233380  0.920337 0.173925 1 0 1.000000
w_sniper
0  -2.251183 -12.022690 5.305550  0.238887 -0.784705 -0.571988  0.923142 0.162664 1 0 1.000000
0  -2.387123 -10.789105 5.106986  0.993080 0.113988 0.028274  0.930057 0.161606 1 0 1.000000
0  -2.387123 -11.288040 7.118474  0.994041 0.104093 0.032356  0.927251 0.172867 1 0 1.000000
w_sniper
0  -2.744797 -10.789105 5.178510  -0.686899 -0.330317 -0.647349  0.827116 0.524463 1 0 1.000000
0  -2.387123 -10.789105 5.106986  -0.219569 -0.188577 -0.957198  0.836546 0.524963 1 0 1.000000
0  -2.251183 -12.022690 5.305550  0.238887 -0.784705 -0.571988  0.826753 0.560584 1 0 1.000000
w_sniper
0  -2.387123 -11.288040 7.118474  0.934553 0.038174 -0.353772  0.927251 0.172867 1 0 1.000000
0  -1.609436 -12.101891 9.189946  0.191081 -0.943537 0.270604  0.922672 0.184574 1 0 1.000000
0  -2.272613 -12.519090 7.373013  0.104187 -0.990187 0.093139  0.920337 0.173925 1 0 1.000000
w_sniper
0  -1.956201 -10.992914 9.386404  -0.865702 -0.323791 0.381732  0.706368 0.528743 1 0 1.000000
0  -2.272613 -12.519090 7.373013  0.104187 -0.990187 0.093139  0.764751 0.575002 1 0 1.000000
0  -1.609436 -12.101891 9.189946  0.191081 -0.943537 0.270604  0.703907 0.560820 1 0 1.000000
w_sniper
0  -1.956201 -10.992914 9.386404  -0.865702 -0.323791 0.381732  0.706368 0.528743 1 0 1.000000
0  -2.744797 -11.288040 7.189998  -0.896046 -0.274430 0.348985  0.771113 0.538223 1 0 1.000000
0  -2.272613 -12.519090 7.373013  0.104187 -0.990187 0.093139  0.764751 0.575002 1 0 1.000000
w_sniper
0  -2.744797 -11.288040 7.189998  -0.923114 -0.372165 -0.096713  0.771113 0.538223 1 0 1.000000
0  -2.251183 -12.022690 5.305550  0.238887 -0.784705 -0.571988  0.826753 0.560584 1 0 1.000000
0  -2.272613 -12.519090 7.373013  0.007915 -0.972353 -0.233380  0.764751 0.575002 1 0 1.000000
w_sniper
0  -2.744797 -11.288040 7.189998  -0.923114 -0.372165 -0.096713  0.771113 0.538223 1 0 1.000000
0  -2.744797 -10.789105 5.178510  -0.686899 -0.330317 -0.647349  0.827116 0.524463 1 0 1.000000
0  -2.251183 -12.022690 5.305550  0.238887 -0.784705 -0.571988  0.826753 0.560584 1 0 1.000000
w_sniper
0  -1.831575 -0.711287 7.118474  0.990751 -0.120708 -0.061987  0.986689 0.173203 1 0 1.000000
0  -1.718321 0.941516 5.710110  0.128703 0.819560 -0.558353  0.995959 0.165230 1 0 1.000000
0  -1.717917 0.442326 7.353828  0.068737 0.954589 0.289888  0.993154 0.174461 1 0 1.000000
w_sniper
0  -1.831575 -0.711287 7.118474  0.990751 -0.120708 -0.061987  0.986689 0.173203 1 0 1.000000
0  -1.915715 -0.024438 5.521628  -0.064145 0.203730 -0.976923  0.989494 0.163972 1 0 1.000000
0  -1.718321 0.941516 5.710110  0.128703 0.819560 -0.558353  0.995959 0.165230 1 0 1.000000
w_sniper
0  -2.387123 -11.288040 7.118474  0.998837 -0.044457 -0.018661  0.927251 0.172867 1 0 1.000000
0  -1.915715 -0.024438 5.521628  0.995414 -0.051409 -0.080674  0.989494 0.163972 1 0 1.000000
0  -1.831575 -0.711287 7.118474  0.995938 -0.052146 -0.073400  0.986689 0.173203 1 0 1.000000
w_sniper
0  -2.387123 -11.288040 7.118474  0.998837 -0.044457 -0.018661  0.927251 0.172867 1 0 1.000000
0  -2.387123 -10.789105 5.106986  0.663159 -0.010862 -0.748399  0.930057 0.161606 1 0 1.000000
0  -1.915715 -0.024438 5.521628  0.995414 -0.051409 -0.080674  0.989494 0.163972 1 0 1.000000
w_sniper
0  -2.387123 -10.789105 5.106986  0.663159 -0.010862 -0.748399  0.836546 0.524963 1 0 1.000000
0  -2.744797 -10.789105 5.178510  -0.222996 0.047104 -0.973681  0.827116 0.524463 1 0 1.000000
0  -1.915715 -0.024438 5.521628  0.995414 -0.051409 -0.080674  0.822386 0.228887 1 0 1.000000
w_sniper
0  -1.609436 -12.101891 9.189946  0.191081 -0.943537 0.270604  0.922672 0.184574 1 0 1.000000
0  -1.831575 -0.711287 7.118474  0.993239 -0.018275 -0.114638  0.986689 0.173203 1 0 1.000000
0  -1.821388 0.457843 9.139940  0.618672 0.703111 0.350541  0.993125 0.184962 1 0 1.000000
w_sniper
0  -1.609436 -12.101891 9.189946  0.191081 -0.943537 0.270604  0.922672 0.184574 1 0 1.000000
0  -2.387123 -11.288040 7.118474  0.934553 0.038174 -0.353772  0.927251 0.172867 1 0 1.000000
0  -1.831575 -0.711287 7.118474  0.993239 -0.018275 -0.114638  0.986689 0.173203 1 0 1.000000
w_sniper
0  -2.744797 -11.288040 7.189998  -0.975511 0.024355 0.218596  0.771113 0.538223 1 0 1.000000
0  -2.007497 0.425111 9.209758  -0.974938 0.202028 0.093164  0.713925 0.210851 1 0 1.000000
0  -2.098505 -0.711287 7.189998  -0.996291 0.070626 0.049160  0.771545 0.243251 1 0 1.000000
w_sniper
0  -2.744797 -11.288040 7.189998  -0.975511 0.024355 0.218596  0.771113 0.538223 1 0 1.000000
0  -1.956201 -10.992914 9.386404  -0.973650 0.023286 0.226856  0.706368 0.528743 1 0 1.000000
0  -2.007497 0.425111 9.209758  -0.974938 0.202028 0.093164  0.713925 0.210851 1 0 1.000000
w_sniper
0  -1.956201 -10.992914 9.386404  0.532854 -0.029720 0.845685  0.706368 0.528743 1 0 1.000000
0  -1.821388 0.457843 9.139940  0.618672 0.703111 0.350541  0.707493 0.212298 1 0 1.000000
0  -2.007497 0.425111 9.209758  0.163297 0.556463 0.814667  0.713925 0.210851 1 0 1.000000
w_sniper
0  -1.956201 -10.992914 9.386404  0.532854 -0.029720 0.845685  0.706368 0.528743 1 0 1.000000
0  -1.609436 -12.101891 9.189946  0.557013 -0.007395 0.830471  0.703907 0.560820 1 0 1.000000
0  -1.821388 0.457843 9.139940  0.618672 0.703111 0.350541  0.707493 0.212298 1 0 1.000000
w_sniper
0  -2.744797 -10.789105 5.178510  -0.998017 0.062479 0.007633  0.827116 0.524463 1 0 1.000000
0  -2.098505 -0.711287 7.189998  -0.994634 0.077572 -0.068453  0.771545 0.243251 1 0 1.000000
0  -1.915715 -0.024438 5.521628  -0.993789 0.079360 -0.078009  0.822386 0.228887 1 0 1.000000
w_sniper
0  -2.744797 -10.789105 5.178510  -0.998017 0.062479 0.007633  0.827116 0.524463 1 0 1.000000
0  -2.744797 -11.288040 7.189998  -0.998020 0.060730 0.016396  0.771113 0.538223 1 0 1.000000
0  -2.098505 -0.711287 7.189998  -0.994634 0.077572 -0.068453  0.771545 0.243251 1 0 1.000000
w_sniper
0  -0.862356 2.074663 0.402928  0.000000 0.000000 -1.000000  0.459921 0.108115 1 0 1.000000
0  0.485732 -5.540449 0.402928  0.000000 0.000000 -1.000000  0.266554 0.142220 1 0 1.000000
0  -0.862356 -5.540449 0.402928  0.000000 0.000000 -1.000000  0.266587 0.107931 1 0 1.000000
w_sniper
0  -0.862356 2.074663 0.402928  0.000000 0.000000 -1.000000  0.459921 0.108115 1 0 1.000000
0  0.485732 2.074663 0.402928  0.000000 0.000000 -1.000000  0.459888 0.142404 1 0 1.000000
0  0.485732 -5.540449 0.402928  0.000000 0.000000 -1.000000  0.266554 0.142220 1 0 1.000000
w_sniper
0  -1.596739 -5.172896 3.058646  -0.016730 0.006188 0.999841  0.576944 0.206184 1 0 1.000000
0  1.220115 2.442216 3.058647  -0.036465 0.058236 0.997637  0.666804 0.172942 1 0 1.000000
0  -1.596739 4.861102 2.783232  -0.024923 0.084395 0.996121  0.695233 0.206184 1 0 1.000000
w_sniper
0  -1.596739 -5.172896 3.058646  -0.016730 0.006188 0.999841  0.576944 0.206184 1 0 1.000000
0  1.220115 -5.172896 3.058646  0.000000 -0.000000 1.000000  0.576944 0.172942 1 0 1.000000
0  1.220115 2.442216 3.058647  -0.036465 0.058236 0.997637  0.666804 0.172942 1 0 1.000000
w_sniper
0  0.485732 -5.540449 0.402928  0.341231 0.019273 -0.939782  0.266554 0.142220 1 0 1.000000
0  1.220115 4.884541 0.744709  0.648723 -0.078758 -0.756939  0.531314 0.161902 1 0 1.000000
0  1.219657 -8.831532 0.598494  0.633846 0.095742 -0.767511  0.182478 0.161235 1 0 1.000000
w_sniper
0  0.485732 -5.540449 0.402928  0.341231 0.019273 -0.939782  0.266554 0.142220 1 0 1.000000
0  0.485732 2.074663 0.402928  0.454852 -0.010562 -0.890504  0.459888 0.142404 1 0 1.000000
0  1.220115 4.884541 0.744709  0.648723 -0.078758 -0.756939  0.531314 0.161902 1 0 1.000000
w_sniper
0  -1.596739 4.893818 0.743973  -0.648804 -0.078702 -0.756875  0.531619 0.088764 1 0 1.000000
0  -0.862356 -5.540449 0.402928  -0.343253 0.019093 -0.939049  0.266587 0.107931 1 0 1.000000
0  -1.596719 -8.819246 0.601352  -0.634493 0.095694 -0.766982  0.182867 0.088740 1 0 1.000000
w_sniper
0  -1.596739 4.893818 0.743973  -0.648804 -0.078702 -0.756875  0.531619 0.088764 1 0 1.000000
0  -0.862356 2.074663 0.402928  -0.454137 -0.010530 -0.890869  0.459921 0.108115 1 0 1.000000
0  -0.862356 -5.540449 0.402928  -0.343253 0.019093 -0.939049  0.266587 0.107931 1 0 1.000000
w_sniper
0  -1.596739 4.893818 0.743973  -0.648804 -0.078702 -0.756875  0.531619 0.088764 1 0 1.000000
0  -0.862356 4.903157 0.027145  -0.694744 -0.094725 -0.712993  0.533018 0.109705 1 0 1.000000
0  -0.862356 2.074663 0.402928  -0.454137 -0.010530 -0.890869  0.459921 0.108115 1 0 1.000000
w_sniper
0  1.219657 -8.831532 0.598494  0.633846 0.095742 -0.767511  0.182478 0.161235 1 0 1.000000
0  0.485733 -8.854107 -0.092379  0.679616 0.108445 -0.725508  0.180761 0.140598 1 0 1.000000
0  0.485732 -5.540449 0.402928  0.341231 0.019273 -0.939782  0.266554 0.142220 1 0 1.000000
w_sniper
0  -1.596738 -8.301468 2.501843  0.000000 -0.175220 0.984529  0.540103 0.206184 1 0 1.000000
0  1.220115 -5.172896 3.058646  0.000000 -0.175220 0.984529  0.576944 0.172942 1 0 1.000000
0  -1.596739 -5.172896 3.058646  0.000000 -0.175220 0.984529  0.576944 0.206184 1 0 1.000000
w_sniper
0  -1.596738 -8.301468 2.501843  0.000000 -0.175220 0.984529  0.540103 0.206184 1 0 1.000000
0  1.220116 -8.301468 2.501843  0.000000 -0.175220 0.984529  0.540103 0.172942 1 0 1.000000
0  1.220115 -5.172896 3.058646  0.000000 -0.175220 0.984529  0.576944 0.172942 1 0 1.000000
w_sniper
0  0.485733 -8.854107 -0.092379  0.000000 0.147832 -0.989012  0.180761 0.140598 1 0 1.000000
0  -0.862356 -5.540449 0.402928  0.000000 0.147832 -0.989012  0.266587 0.107931 1 0 1.000000
0  0.485732 -5.540449 0.402928  0.000000 0.147832 -0.989012  0.266554 0.142220 1 0 1.000000
w_sniper
0  0.485733 -8.854107 -0.092379  0.000000 0.147832 -0.989012  0.180761 0.140598 1 0 1.000000
0  -0.862355 -8.854107 -0.092379  0.000000 0.147832 -0.989012  0.180781 0.109523 1 0 1.000000
0  -0.862356 -5.540449 0.402928  0.000000 0.147832 -0.989012  0.266587 0.107931 1 0 1.000000
w_sniper
0  -1.596719 -8.819246 0.601352  -0.634493 0.095694 -0.766982  0.182867 0.088740 1 0 1.000000
0  -0.862356 -5.540449 0.402928  -0.343253 0.019093 -0.939049  0.266587 0.107931 1 0 1.000000
0  -0.862355 -8.854107 -0.092379  -0.679939 0.108400 -0.725212  0.180781 0.109523 1 0 1.000000
w_sniper
0  1.220115 4.884541 0.744709  0.648723 -0.078758 -0.756939  0.531314 0.161902 1 0 1.000000
0  0.485732 2.074663 0.402928  0.454852 -0.010562 -0.890504  0.459888 0.142404 1 0 1.000000
0  0.485732 4.903157 0.027145  0.694494 -0.094757 -0.713231  0.532989 0.140952 1 0 1.000000
w_sniper
0  -1.596739 4.861102 2.783232  -0.024923 0.084395 0.996121  0.695233 0.206184 1 0 1.000000
0  1.220115 2.442216 3.058647  -0.036465 0.058236 0.997637  0.666804 0.172942 1 0 1.000000
0  1.220115 4.903157 2.682864  0.032951 0.150867 0.988005  0.695896 0.172942 1 0 1.000000
w_sniper
0  -1.596719 -8.819246 0.601352  -1.000000 0.000001 -0.000008  0.182867 0.088740 1 0 1.000000
0  -1.596739 4.861102 2.783232  -0.729362 0.684040 0.010973  0.528605 0.036667 1 0 1.000000
0  -1.596739 4.893818 0.743973  -0.557948 0.829836 0.008137  0.531619 0.088764 1 0 1.000000
w_sniper
0  -1.596719 -8.819246 0.601352  -1.000000 0.000001 -0.000008  0.182867 0.088740 1 0 1.000000
0  -1.596739 -5.172896 3.058646  -1.000000 0.000000 -0.000008  0.277078 0.030511 1 0 1.000000
0  -1.596739 4.861102 2.783232  -0.729362 0.684040 0.010973  0.528605 0.036667 1 0 1.000000
w_sniper
0  -1.596719 -8.819246 0.601352  -1.000000 0.000001 -0.000008  0.182867 0.088740 1 0 1.000000
0  -1.596738 -8.301468 2.501843  -1.000000 0.000002 -0.000011  0.198908 0.039689 1 0 1.000000
0  -1.596739 -5.172896 3.058646  -1.000000 0.000000 -0.000008  0.277078 0.030511 1 0 1.000000
w_sniper
0  0.811155 -21.351004 6.836124  0.661611 -0.022509 0.749509  0.701046 0.744825 1 0 1.000000
0  1.185221 -20.686710 4.592157  0.989745 -0.063067 0.128166  0.717203 0.695438 1 0 1.000000
0  0.795464 -19.201599 6.579344  0.510034 0.111277 0.852926  0.750434 0.739465 1 0 1.000000
w_sniper
0  0.811155 -21.351004 6.836124  0.661611 -0.022509 0.749509  0.701046 0.744825 1 0 1.000000
0  0.818200 -21.378185 5.868438  0.977261 -0.178886 0.113849  0.700002 0.724631 1 0 1.000000
0  1.185221 -20.686710 4.592157  0.989745 -0.063067 0.128166  0.717203 0.695438 1 0 1.000000
w_sniper
0  -0.862356 4.903157 0.027145  0.000000 -0.131699 -0.991290  0.533018 0.109705 1 0 1.000000
0  0.485732 2.074663 0.402928  0.000000 -0.131699 -0.991290  0.459888 0.142404 1 0 1.000000
0  -0.862356 2.074663 0.402928  0.000000 -0.131699 -0.991290  0.459921 0.108115 1 0 1.000000
w_sniper
0  -0.862356 4.903157 0.027145  0.000000 -0.131699 -0.991290  0.533018 0.109705 1 0 1.000000
0  0.485732 4.903157 0.027145  0.000000 -0.131699 -0.991290  0.532989 0.140952 1 0 1.000000
0  0.485732 2.074663 0.402928  0.000000 -0.131699 -0.991290  0.459888 0.142404 1 0 1.000000
w_sniper
0  0.266369 -1.739977 3.747247  0.000000 -0.992428 0.122828  0.254747 0.632458 1 0 1.000000
0  -1.347570 -1.826795 3.045774  0.000000 -0.992428 0.122828  0.224488 0.619306 1 0 1.000000
0  0.970946 -1.826795 3.045774  0.000000 -0.992428 0.122828  0.267956 0.619306 1 0 1.000000
w_sniper
0  0.266369 -1.739977 3.747247  0.000000 -0.992428 0.122828  0.254747 0.632458 1 0 1.000000
0  -0.642993 -1.739977 3.747247  0.000000 -0.992428 0.122827  0.237698 0.632458 1 0 1.000000
0  -1.347570 -1.826795 3.045774  0.000000 -0.992428 0.122828  0.224488 0.619306 1 0 1.000000
w_sniper
0  0.970946 -4.617250 3.045774  0.705544 0.000000 0.708666  0.307663 0.665573 1 0 1.000000
0  0.266369 -3.992724 3.747247  0.705544 0.000000 0.708666  0.330526 0.651211 1 0 1.000000
0  0.266369 -4.530432 3.747247  0.705544 0.000000 0.708666  0.330526 0.663576 1 0 1.000000
w_sniper
0  0.970946 -4.617250 3.045774  0.705544 0.000000 0.708666  0.307663 0.665573 1 0 1.000000
0  0.970946 -3.905906 3.045774  0.705544 0.000000 0.708666  0.307663 0.649214 1 0 1.000000
0  0.266369 -3.992724 3.747247  0.705544 0.000000 0.708666  0.330526 0.651211 1 0 1.000000
w_sniper
0  -0.642993 -4.530432 3.747247  0.000000 -0.992428 0.122829  0.237698 0.661413 1 0 1.000000
0  0.970946 -4.617250 3.045774  0.000000 -0.992428 0.122829  0.267956 0.648262 1 0 1.000000
0  0.266369 -4.530432 3.747247  0.000000 -0.992428 0.122829  0.254747 0.661413 1 0 1.000000
w_sniper
0  -0.642993 -4.530432 3.747247  0.000000 -0.992428 0.122828  0.237698 0.661413 1 0 1.000000
0  -1.347570 -4.617250 3.045774  0.000000 -0.992428 0.122828  0.224488 0.648262 1 0 1.000000
0  0.970946 -4.617250 3.045774  0.000000 -0.992428 0.122828  0.267956 0.648262 1 0 1.000000
w_sniper
0  0.266369 -0.344749 3.747247  0.000000 -0.992428 0.122828  0.254747 0.617876 1 0 1.000000
0  -1.347570 -0.431567 3.045774  0.000000 -0.992428 0.122828  0.224488 0.604725 1 0 1.000000
0  0.970946 -0.431567 3.045774  0.000000 -0.992428 0.122828  0.267956 0.604725 1 0 1.000000
w_sniper
0  0.266369 -0.344749 3.747247  0.000000 -0.992428 0.122828  0.254747 0.617876 1 0 1.000000
0  -0.642993 -0.344749 3.747247  0.000000 -0.992428 0.122828  0.237698 0.617876 1 0 1.000000
0  -1.347570 -0.431567 3.045774  0.000000 -0.992428 0.122828  0.224488 0.604725 1 0 1.000000
w_sniper
0  0.970946 -3.222023 3.045774  0.705544 0.000000 0.708666  0.307663 0.648285 1 0 1.000000
0  0.266369 -2.597496 3.747247  0.705544 0.000000 0.708666  0.330526 0.633923 1 0 1.000000
0  0.266369 -3.135205 3.747247  0.705544 0.000000 0.708666  0.330526 0.646288 1 0 1.000000
w_sniper
0  0.970946 -3.222023 3.045774  0.705544 0.000000 0.708666  0.307663 0.648285 1 0 1.000000
0  0.970946 -2.510678 3.045774  0.705544 0.000000 0.708667  0.307663 0.631926 1 0 1.000000
0  0.266369 -2.597496 3.747247  0.705544 0.000000 0.708666  0.330526 0.633923 1 0 1.000000
w_sniper
0  -0.163317 36.458893 3.606431  0.024737 0.609938 -0.792063  0.000243 0.000197 1 0 1.000000
0  0.577783 6.928737 3.898931  0.830975 0.100499 -0.547156  0.011516 0.642632 1 0 1.000000
0  -0.238979 6.928485 3.528603  0.025756 0.802603 -0.595957  0.000243 0.642632 1 0 1.000000
w_sniper
0  -0.163317 36.458893 3.606431  0.024737 0.609938 -0.792063  0.000243 0.000197 1 0 1.000000
0  0.388532 36.457268 3.938042  0.649932 0.619355 -0.440440  0.011516 0.000197 1 0 1.000000
0  0.577783 6.928737 3.898931  0.830975 0.100499 -0.547156  0.011516 0.642632 1 0 1.000000
w_sniper
0  0.388532 36.457268 3.938042  0.649932 0.619355 -0.440440  0.011516 0.000197 1 0 1.000000
0  0.592200 6.928485 4.533149  0.910328 0.004035 0.413868  0.027236 0.642632 1 0 1.000000
0  0.577783 6.928737 3.898931  0.830975 0.100499 -0.547156  0.011516 0.642632 1 0 1.000000
w_sniper
0  0.388532 36.457268 3.938042  0.649932 0.619355 -0.440440  0.011516 0.000197 1 0 1.000000
0  0.494800 36.458893 4.581060  0.734425 0.601177 0.314970  0.028542 0.000197 1 0 1.000000
0  0.592200 6.928485 4.533149  0.910328 0.004035 0.413868  0.027236 0.642632 1 0 1.000000
w_sniper
0  0.494800 36.458893 4.581060  0.734425 0.601177 0.314970  0.028542 0.000197 1 0 1.000000
0  -0.137646 6.928485 5.137035  0.062880 0.001085 0.998020  0.049781 0.642632 1 0 1.000000
0  0.592200 6.928485 4.533149  0.910328 0.004035 0.413868  0.027236 0.642632 1 0 1.000000
w_sniper
0  0.494800 36.458893 4.581060  0.734425 0.601177 0.314970  0.028542 0.000197 1 0 1.000000
0  -0.213310 36.458893 5.059209  -0.027468 0.593773 0.804164  0.051087 0.000197 1 0 1.000000
0  -0.137646 6.928485 5.137035  0.062880 0.001085 0.998020  0.049781 0.642632 1 0 1.000000
w_sniper
0  -0.213310 36.458893 5.059209  -0.027468 0.593773 0.804164  0.051087 0.000197 1 0 1.000000
0  -0.937511 6.928485 4.629522  -0.477655 0.848246 0.228744  0.072326 0.642632 1 0 1.000000
0  -0.137646 6.928485 5.137035  0.062880 0.001085 0.998020  0.049781 0.642632 1 0 1.000000
w_sniper
0  -0.213310 36.458893 5.059209  -0.027468 0.593773 0.804164  0.051087 0.000197 1 0 1.000000
0  -0.886875 36.458893 4.533514  -0.752651 0.602624 0.265256  0.073632 0.000197 1 0 1.000000
0  -0.937511 6.928485 4.629522  -0.477655 0.848246 0.228744  0.072326 0.642632 1 0 1.000000
w_sniper
0  -0.886875 36.458893 4.533514  -0.752651 0.602624 0.265256  0.073632 0.000197 1 0 1.000000
0  -0.837700 6.928737 3.738297  -0.777161 0.100499 -0.621225  0.090422 0.642632 1 0 1.000000
0  -0.937511 6.928485 4.629522  -0.477655 0.848246 0.228744  0.072326 0.642632 1 0 1.000000
w_sniper
0  -0.886875 36.458893 4.533514  -0.752651 0.602624 0.265256  0.073632 0.000197 1 0 1.000000
0  -0.742024 36.457268 3.906201  -0.620803 0.619479 -0.480467  0.090422 0.000197 1 0 1.000000
0  -0.837700 6.928737 3.738297  -0.777161 0.100499 -0.621225  0.090422 0.642632 1 0 1.000000
w_sniper
0  -0.742024 36.457268 3.906201  -0.620803 0.619479 -0.480467  0.090422 0.000197 1 0 1.000000
0  -0.238979 6.928485 3.528603  0.025756 0.802603 -0.595957  0.106142 0.642632 1 0 1.000000
0  -0.837700 6.928737 3.738297  -0.777161 0.100499 -0.621225  0.090422 0.642632 1 0 1.000000
w_sniper
0  -0.742024 36.457268 3.906201  -0.620803 0.619479 -0.480467  0.090422 0.000197 1 0 1.000000
0  -0.163317 36.458893 3.606431  0.024737 0.609938 -0.792063  0.107448 0.000197 1 0 1.000000
0  -0.238979 6.928485 3.528603  0.025756 0.802603 -0.595957  0.106142 0.642632 1 0 1.000000
w_sniper
0  -0.521440 36.463081 4.624066  0.712837 -0.040262 -0.700173  0.180844 0.878486 1 0 1.000000
0  0.144814 34.953655 4.624066  -0.581211 0.579896 -0.570889  0.169942 0.928953 1 0 1.000000
0  -0.568248 34.953655 4.559642  0.671099 0.580234 -0.461469  0.180844 0.928953 1 0 1.000000
w_sniper
0  -0.521440 36.463081 4.624066  0.712837 -0.040262 -0.700173  0.180844 0.878486 1 0 1.000000
0  0.191621 36.463081 4.559642  -0.823471 -0.035633 -0.566239  0.168064 0.878486 1 0 1.000000
0  0.144814 34.953655 4.624066  -0.581211 0.579896 -0.570889  0.169942 0.928953 1 0 1.000000
w_sniper
0  0.191621 36.463081 4.559642  -0.823471 -0.035633 -0.566239  0.168064 0.878486 1 0 1.000000
0  0.078173 34.953655 4.010748  -0.552352 0.595480 0.583361  0.154495 0.928953 1 0 1.000000
0  0.144814 34.953655 4.624066  -0.581211 0.579896 -0.570889  0.169942 0.928953 1 0 1.000000
w_sniper
0  0.191621 36.463081 4.559642  -0.823471 -0.035633 -0.566239  0.168064 0.878486 1 0 1.000000
0  0.035645 36.463081 3.979849  -0.581867 -0.021082 0.813011  0.153232 0.878486 1 0 1.000000
0  0.078173 34.953655 4.010748  -0.552352 0.595480 0.583361  0.154495 0.928953 1 0 1.000000
w_sniper
0  0.035645 36.463081 3.979849  -0.581867 -0.021082 0.813011  0.153232 0.878486 1 0 1.000000
0  -0.412271 34.953655 3.979849  0.581868 0.021082 0.813010  0.142504 0.928953 1 0 1.000000
0  0.078173 34.953655 4.010748  -0.552352 0.595480 0.583361  0.154495 0.928953 1 0 1.000000
w_sniper
0  0.035645 36.463081 3.979849  -0.581867 -0.021082 0.813011  0.153232 0.878486 1 0 1.000000
0  -0.454800 36.463081 4.010748  0.687310 -0.026060 0.725896  0.141240 0.878486 1 0 1.000000
0  -0.412271 34.953655 3.979849  0.581868 0.021082 0.813010  0.142504 0.928953 1 0 1.000000
w_sniper
0  -0.454800 36.463081 4.010748  0.687310 -0.026060 0.725896  0.141240 0.878486 1 0 1.000000
0  -0.568248 34.953655 4.559642  0.671099 0.580234 -0.461469  0.127672 0.928953 1 0 1.000000
0  -0.412271 34.953655 3.979849  0.581868 0.021082 0.813010  0.142504 0.928953 1 0 1.000000
w_sniper
0  -0.454800 36.463081 4.010748  0.687310 -0.026060 0.725896  0.141240 0.878486 1 0 1.000000
0  -0.521440 36.463081 4.624066  0.712837 -0.040262 -0.700173  0.125793 0.878486 1 0 1.000000
0  -0.568248 34.953655 4.559642  0.671099 0.580234 -0.461469  0.127672 0.928953 1 0 1.000000
w_sniper
0  -0.243938 -6.921454 3.449861  0.006303 0.001665 -0.999979  0.106142 0.943989 1 0 1.000000
0  -0.559589 4.569729 3.517162  -0.357872 -0.100307 -0.928367  0.101694 0.693957 1 0 1.000000
0  0.334573 4.569692 3.700870  0.332670 -0.798564 -0.501624  0.112966 0.693957 1 0 1.000000
w_sniper
0  -0.243938 -6.921454 3.449861  0.006303 0.001665 -0.999979  0.106142 0.943989 1 0 1.000000
0  -0.950912 4.569692 4.030808  -0.977688 0.000525 -0.210064  0.085974 0.693957 1 0 1.000000
0  -0.559589 4.569729 3.517162  -0.357872 -0.100307 -0.928367  0.101694 0.693957 1 0 1.000000
w_sniper
0  -0.243938 -6.921454 3.449861  0.006303 0.001665 -0.999979  0.106142 0.943989 1 0 1.000000
0  -0.879395 -6.921497 3.830716  -0.825900 0.004677 -0.563797  0.090422 0.943989 1 0 1.000000
0  -0.950912 4.569692 4.030808  -0.977688 0.000525 -0.210064  0.085974 0.693957 1 0 1.000000
w_sniper
0  -0.879395 -6.921497 3.830716  -0.825900 0.004677 -0.563797  0.090422 0.943989 1 0 1.000000
0  -1.010863 -6.921454 4.658573  -0.912127 -0.006346 0.409858  0.072326 0.943989 1 0 1.000000
0  -0.950912 4.569692 4.030808  -0.977688 0.000525 -0.210064  0.085974 0.693957 1 0 1.000000
w_sniper
0  -1.010863 -6.921454 4.658573  -0.912127 -0.006346 0.409858  0.072326 0.943989 1 0 1.000000
0  -0.711197 4.569692 4.964768  -0.637332 0.021922 0.770278  0.063429 0.693957 1 0 1.000000
0  -0.950912 4.569692 4.030808  -0.977688 0.000525 -0.210064  0.085974 0.693957 1 0 1.000000
w_sniper
0  -1.010863 -6.921454 4.658573  -0.912127 -0.006346 0.409858  0.072326 0.943989 1 0 1.000000
0  -0.132684 -6.921454 5.215775  -0.010950 -0.005937 0.999922  0.049781 0.943989 1 0 1.000000
0  -0.711197 4.569692 4.964768  -0.637332 0.021922 0.770278  0.063429 0.693957 1 0 1.000000
w_sniper
0  -0.132684 -6.921454 5.215775  -0.010950 -0.005937 0.999922  0.049781 0.943989 1 0 1.000000
0  0.251126 4.569692 5.025395  0.256366 -0.843720 0.471608  0.040884 0.693957 1 0 1.000000
0  -0.711197 4.569692 4.964768  -0.637332 0.021922 0.770278  0.063429 0.693957 1 0 1.000000
w_sniper
0  -0.132684 -6.921454 5.215775  -0.010950 -0.005937 0.999922  0.049781 0.943989 1 0 1.000000
0  0.502773 -6.921497 4.834920  0.827537 -0.006034 0.561379  0.034060 0.943989 1 0 1.000000
0  0.251126 4.569692 5.025395  0.256366 -0.843720 0.471608  0.040884 0.693957 1 0 1.000000
w_sniper
0  0.502773 -6.921497 4.834920  0.827537 -0.006034 0.561379  0.034060 0.943989 1 0 1.000000
0  0.702154 4.569729 4.231765  0.995244 -0.086043 -0.045664  0.022788 0.693957 1 0 1.000000
0  0.251126 4.569692 5.025395  0.256366 -0.843720 0.471608  0.040884 0.693957 1 0 1.000000
w_sniper
0  0.502773 -6.921497 4.834920  0.827537 -0.006034 0.561379  0.034060 0.943989 1 0 1.000000
0  0.634240 -6.921454 4.007064  0.911377 -0.010078 -0.411449  0.015964 0.943989 1 0 1.000000
0  0.702154 4.569729 4.231765  0.995244 -0.086043 -0.045664  0.022788 0.693957 1 0 1.000000
w_sniper
0  0.634240 -6.921454 4.007064  0.911377 -0.010078 -0.411449  0.015964 0.943989 1 0 1.000000
0  0.334573 4.569692 3.700870  0.332670 -0.798564 -0.501624  0.007067 0.693957 1 0 1.000000
0  0.702154 4.569729 4.231765  0.995244 -0.086043 -0.045664  0.022788 0.693957 1 0 1.000000
w_sniper
0  0.634240 -6.921454 4.007064  0.911377 -0.010078 -0.411449  0.015964 0.943989 1 0 1.000000
0  -0.243938 -6.921454 3.449861  0.006303 0.001665 -0.999979  0.000243 0.943989 1 0 1.000000
0  0.334573 4.569692 3.700870  0.332670 -0.798564 -0.501624  0.007067 0.693957 1 0 1.000000
w_sniper
0  0.266369 1.050479 3.747247  0.000000 -0.992428 0.122828  0.254747 0.602616 1 0 1.000000
0  -1.347570 0.963661 3.045774  0.000000 -0.992428 0.122828  0.224488 0.589465 1 0 1.000000
0  0.970946 0.963661 3.045774  0.000000 -0.992428 0.122828  0.267956 0.589465 1 0 1.000000
w_sniper
0  0.266369 1.050479 3.747247  0.000000 -0.992428 0.122828  0.254747 0.602616 1 0 1.000000
0  -0.642993 1.050479 3.747247  0.000000 -0.992428 0.122828  0.237698 0.602616 1 0 1.000000
0  -1.347570 0.963661 3.045774  0.000000 -0.992428 0.122828  0.224488 0.589465 1 0 1.000000
w_sniper
0  0.970946 0.963661 3.045774  0.705544 0.000000 0.708666  0.307663 0.597112 1 0 1.000000
0  0.266369 1.588188 3.747247  0.705544 0.000000 0.708666  0.330526 0.582750 1 0 1.000000
0  0.266369 1.050479 3.747247  0.705544 0.000000 0.708666  0.330526 0.595116 1 0 1.000000
w_sniper
0  0.970946 0.963661 3.045774  0.705544 0.000000 0.708666  0.307663 0.597112 1 0 1.000000
0  0.970946 1.675005 3.045774  0.705544 0.000000 0.708666  0.307663 0.580754 1 0 1.000000
0  0.266369 1.588188 3.747247  0.705544 0.000000 0.708666  0.330526 0.582750 1 0 1.000000
w_sniper
0  0.970946 1.675005 3.045774  0.000000 0.992428 0.122827  0.258863 0.603041 1 0 1.000000
0  -0.642993 1.588188 3.747247  0.000000 0.992428 0.122827  0.289122 0.589889 1 0 1.000000
0  0.266369 1.588188 3.747247  0.000000 0.992428 0.122827  0.272073 0.589889 1 0 1.000000
w_sniper
0  0.970946 1.675005 3.045774  0.000000 0.992428 0.122827  0.258863 0.603041 1 0 1.000000
0  -1.347570 1.675005 3.045774  0.000000 0.992428 0.122827  0.302331 0.603041 1 0 1.000000
0  -0.642993 1.588188 3.747247  0.000000 0.992428 0.122827  0.289122 0.589889 1 0 1.000000
w_sniper
0  0.266369 -3.135205 3.747247  0.000000 -0.992428 0.122828  0.254747 0.647024 1 0 1.000000
0  -1.347570 -3.222023 3.045774  0.000000 -0.992428 0.122828  0.224488 0.633873 1 0 1.000000
0  0.970946 -3.222023 3.045774  0.000000 -0.992428 0.122828  0.267956 0.633873 1 0 1.000000
w_sniper
0  0.266369 -3.135205 3.747247  0.000000 -0.992428 0.122828  0.254747 0.647024 1 0 1.000000
0  -0.642993 -3.135205 3.747247  0.000000 -0.992428 0.122827  0.237698 0.647024 1 0 1.000000
0  -1.347570 -3.222023 3.045774  0.000000 -0.992428 0.122828  0.224488 0.633873 1 0 1.000000
w_sniper
0  0.970946 -0.431567 3.045774  0.705544 0.000000 0.708666  0.307663 0.614503 1 0 1.000000
0  0.266369 0.192960 3.747247  0.705544 0.000000 0.708666  0.330526 0.600141 1 0 1.000000
0  0.266369 -0.344749 3.747247  0.705544 0.000000 0.708666  0.330526 0.612506 1 0 1.000000
w_sniper
0  0.970946 -0.431567 3.045774  0.705544 0.000000 0.708666  0.307663 0.614503 1 0 1.000000
0  0.970946 0.279777 3.045774  0.705544 0.000000 0.708666  0.307663 0.598144 1 0 1.000000
0  0.266369 0.192960 3.747247  0.705544 0.000000 0.708666  0.330526 0.600141 1 0 1.000000
w_sniper
0  0.970946 -2.510678 3.045774  0.000000 0.992428 0.122828  0.258863 0.646110 1 0 1.000000
0  -0.642993 -2.597496 3.747247  0.000000 0.992428 0.122828  0.289122 0.632959 1 0 1.000000
0  0.266369 -2.597496 3.747247  0.000000 0.992428 0.122828  0.272073 0.632959 1 0 1.000000
w_sniper
0  0.970946 -2.510678 3.045774  0.000000 0.992428 0.122828  0.258863 0.646110 1 0 1.000000
0  -1.347570 -2.510678 3.045774  0.000000 0.992428 0.122828  0.302331 0.646110 1 0 1.000000
0  -0.642993 -2.597496 3.747247  0.000000 0.992428 0.122828  0.289122 0.632959 1 0 1.000000
w_sniper
0  -0.618467 -13.554490 1.618774  0.014097 -0.983754 0.178967  0.287023 0.883982 1 0 1.000000
0  0.045827 -13.817580 0.120286  0.315953 -0.908013 0.275112  0.312972 0.896156 1 0 1.000000
0  0.218889 -13.542809 1.617029  0.090160 -0.981350 0.169772  0.286962 0.899386 1 0 1.000000
w_sniper
0  -0.618467 -13.554490 1.618774  0.035470 -0.981519 0.188050  0.287023 0.883982 1 0 1.000000
0  -0.426480 -13.855285 0.012577  -0.322757 -0.875401 0.359863  0.314964 0.887511 1 0 1.000000
0  0.045827 -13.817580 0.120286  0.315953 -0.908013 0.275112  0.312972 0.896156 1 0 1.000000
w_sniper
0  0.321624 -15.059731 -2.003731  0.017223 -0.860454 0.509237  0.354529 0.900421 1 0 1.000000
0  0.045827 -13.817580 0.120286  0.315953 -0.908013 0.275112  0.312972 0.896156 1 0 1.000000
0  -0.426480 -13.855285 0.012577  -0.322757 -0.875401 0.359863  0.314964 0.887511 1 0 1.000000
w_sniper
0  0.321624 -15.059731 -2.003731  0.017223 -0.860454 0.509237  0.354529 0.900421 1 0 1.000000
0  -0.426480 -13.855285 0.012577  -0.322757 -0.875401 0.359863  0.314964 0.887511 1 0 1.000000
0  -0.708410 -15.015515 -2.005146  -0.081760 -0.860888 0.502183  0.354374 0.882704 1 0 1.000000
w_sniper
0  0.970946 -1.115451 3.045774  0.000000 0.992428 0.122826  0.258863 0.631903 1 0 1.000000
0  -0.642993 -1.202268 3.747247  0.000000 0.992428 0.122826  0.289122 0.618752 1 0 1.000000
0  0.266369 -1.202268 3.747247  0.000000 0.992428 0.122826  0.272073 0.618752 1 0 1.000000
w_sniper
0  0.970946 -1.115451 3.045774  0.000000 0.992428 0.122826  0.258863 0.631903 1 0 1.000000
0  -1.347570 -1.115451 3.045774  0.000000 0.992428 0.122826  0.302331 0.631903 1 0 1.000000
0  -0.642993 -1.202268 3.747247  0.000000 0.992428 0.122826  0.289122 0.618752 1 0 1.000000
w_sniper
0  0.970946 -1.826795 3.045774  0.705544 0.000000 0.708666  0.307663 0.631205 1 0 1.000000
0  0.266369 -1.202268 3.747247  0.705544 0.000000 0.708666  0.330526 0.616843 1 0 1.000000
0  0.266369 -1.739977 3.747247  0.705544 0.000000 0.708666  0.330526 0.629208 1 0 1.000000
w_sniper
0  0.970946 -1.826795 3.045774  0.705544 0.000000 0.708666  0.307663 0.631205 1 0 1.000000
0  0.970946 -1.115451 3.045774  0.705544 0.000000 0.708666  0.307663 0.614846 1 0 1.000000
0  0.266369 -1.202268 3.747247  0.705544 0.000000 0.708666  0.330526 0.616843 1 0 1.000000
w_sniper
0  0.458696 -9.495691 3.313106  0.535499 -0.067280 -0.841852  0.112966 1.000000 1 0 1.000000
0  -0.958180 -9.495691 3.402370  -0.635171 -0.067280 -0.769436  0.094870 1.000000 1 0 1.000000
0  -0.112379 -6.921497 3.127553  0.061601 0.067280 -0.995831  0.108518 0.943989 1 0 1.000000
w_sniper
0  -0.958180 -9.495691 3.402370  -0.635171 -0.067280 -0.769436  0.094870 1.000000 1 0 1.000000
0  -1.311123 -6.921497 3.888156  -0.928056 0.067280 -0.366314  0.085974 0.943989 1 0 1.000000
0  -0.112379 -6.921497 3.127553  0.061601 0.067280 -0.995831  0.108518 0.943989 1 0 1.000000
w_sniper
0  -0.958180 -9.495691 3.402370  -0.635171 -0.067280 -0.769436  0.094870 1.000000 1 0 1.000000
0  -1.311122 -9.495691 4.777482  -0.928055 -0.067281 0.366315  0.072326 1.000000 1 0 1.000000
0  -1.311123 -6.921497 3.888156  -0.928056 0.067280 -0.366314  0.085974 0.943989 1 0 1.000000
w_sniper
0  -1.311122 -9.495691 4.777482  -0.928055 -0.067281 0.366315  0.072326 1.000000 1 0 1.000000
0  -0.958179 -6.921497 5.263267  -0.635170 0.067280 0.769436  0.063429 0.943989 1 0 1.000000
0  -1.311123 -6.921497 3.888156  -0.928056 0.067280 -0.366314  0.085974 0.943989 1 0 1.000000
w_sniper
0  -1.311122 -9.495691 4.777482  -0.928055 -0.067281 0.366315  0.072326 1.000000 1 0 1.000000
0  -0.112378 -9.495691 5.538084  0.061601 -0.067280 0.995831  0.049781 1.000000 1 0 1.000000
0  -0.958179 -6.921497 5.263267  -0.635170 0.067280 0.769436  0.063429 0.943989 1 0 1.000000
w_sniper
0  -0.112378 -9.495691 5.538084  0.061601 -0.067280 0.995831  0.049781 1.000000 1 0 1.000000
0  0.458695 -6.921497 5.352530  0.535499 0.067280 0.841852  0.040884 0.943989 1 0 1.000000
0  -0.958179 -6.921497 5.263267  -0.635170 0.067280 0.769436  0.063429 0.943989 1 0 1.000000
w_sniper
0  -0.112378 -9.495691 5.538084  0.061601 -0.067280 0.995831  0.049781 1.000000 1 0 1.000000
0  0.981428 -9.495691 4.633049  0.966127 -0.067280 0.249143  0.027236 1.000000 1 0 1.000000
0  0.458695 -6.921497 5.352530  0.535499 0.067280 0.841852  0.040884 0.943989 1 0 1.000000
w_sniper
0  0.981428 -9.495691 4.633049  0.966127 -0.067280 0.249143  0.027236 1.000000 1 0 1.000000
0  0.981428 -6.921497 4.032586  0.966127 0.067281 -0.249143  0.018340 0.943989 1 0 1.000000
0  0.458695 -6.921497 5.352530  0.535499 0.067280 0.841852  0.040884 0.943989 1 0 1.000000
w_sniper
0  0.981428 -9.495691 4.633049  0.966127 -0.067280 0.249143  0.027236 1.000000 1 0 1.000000
0  0.458696 -9.495691 3.313106  0.535499 -0.067280 -0.841852  0.004692 1.000000 1 0 1.000000
0  0.981428 -6.921497 4.032586  0.966127 0.067281 -0.249143  0.018340 0.943989 1 0 1.000000
w_sniper
0  0.458696 -9.495691 3.313106  0.535499 -0.067280 -0.841852  0.004692 1.000000 1 0 1.000000
0  -0.112379 -6.921497 3.127553  0.061601 0.067280 -0.995831  0.000243 0.943989 1 0 1.000000
0  0.981428 -6.921497 4.032586  0.966127 0.067281 -0.249143  0.018340 0.943989 1 0 1.000000
w_sniper
0  0.970946 -3.905906 3.045774  0.000000 0.992428 0.122827  0.258863 0.661132 1 0 1.000000
0  -0.642993 -3.992724 3.747247  0.000000 0.992428 0.122827  0.289122 0.647981 1 0 1.000000
0  0.266369 -3.992724 3.747247  0.000000 0.992428 0.122826  0.272073 0.647981 1 0 1.000000
w_sniper
0  0.970946 -3.905906 3.045774  0.000000 0.992428 0.122827  0.258863 0.661132 1 0 1.000000
0  -1.347570 -3.905906 3.045774  0.000000 0.992428 0.122827  0.302331 0.661132 1 0 1.000000
0  -0.642993 -3.992724 3.747247  0.000000 0.992428 0.122827  0.289122 0.647981 1 0 1.000000
w_sniper
0  0.640492 -24.139143 0.130933  -0.024041 -0.203930 -0.978690  0.640639 0.291323 1 0 1.000000
0  -1.386465 -24.252104 0.422960  -0.598196 -0.786730 -0.152376  0.600344 0.298247 1 0 1.000000
0  -1.008718 -24.072100 0.098123  -0.260734 -0.350139 -0.899678  0.607622 0.291002 1 0 1.000000
w_sniper
0  -1.364073 -19.249195 0.163934  -0.619529 0.047790 -0.783518  0.926779 0.008596 1 0 1.000000
0  0.988154 -19.240351 0.172493  0.548061 -0.208708 -0.809982  0.926779 0.071663 1 0 1.000000
0  0.918996 -20.756918 0.516297  0.712148 -0.202573 -0.672168  0.967685 0.069671 1 0 1.000000
w_sniper
0  -1.364073 -19.249195 0.163934  -0.619529 0.047790 -0.783518  0.926779 0.008596 1 0 1.000000
0  0.918996 -20.756918 0.516297  0.712148 -0.202573 -0.672168  0.967685 0.069671 1 0 1.000000
0  -1.196298 -21.837875 0.589720  -0.725793 -0.172742 -0.665871  0.999129 0.014224 1 0 1.000000
w_sniper
0  0.779655 -21.840654 0.506107  -0.042252 0.014825 -0.998997  0.999164 0.066028 1 0 1.000000
0  -1.196298 -21.837875 0.589720  -0.725793 -0.172742 -0.665871  0.999129 0.014224 1 0 1.000000
0  0.918996 -20.756918 0.516297  0.712148 -0.202573 -0.672168  0.967685 0.069671 1 0 1.000000
w_sniper
0  1.130114 -13.919918 5.887637  0.981121 -0.041502 -0.188888  0.885812 0.731464 1 0 1.000000
0  1.056282 -9.469709 5.860844  0.447196 0.002034 -0.894434  0.990815 0.728678 1 0 1.000000
0  1.345763 -9.359796 6.005827  0.965114 -0.002189 -0.261821  0.997993 0.732701 1 0 1.000000
w_sniper
0  0.080320 -9.603428 7.315581  0.306412 0.072188 -0.949158  0.568483 0.541623 1 0 1.000000
0  0.747964 -13.085580 7.610888  0.400111 -0.853897 -0.332824  0.563952 0.469404 1 0 1.000000
0  0.182723 -13.085580 7.186117  0.190763 -0.849119 -0.492550  0.578265 0.472485 1 0 1.000000
w_sniper
0  0.080320 -9.603428 7.315581  0.306412 0.072188 -0.949158  0.568483 0.541623 1 0 1.000000
0  0.544812 -8.429597 7.749736  0.805590 0.025470 -0.591926  0.553274 0.563775 1 0 1.000000
0  0.747964 -13.085580 7.610888  0.400111 -0.853897 -0.332824  0.563952 0.469404 1 0 1.000000
w_sniper
0  0.544812 -8.429597 7.749736  0.805590 0.025470 -0.591926  0.553274 0.563775 1 0 1.000000
0  0.955580 -13.085581 8.286775  0.533296 -0.839026 0.107841  0.549751 0.467349 1 0 1.000000
0  0.747964 -13.085580 7.610888  0.400111 -0.853897 -0.332824  0.563952 0.469404 1 0 1.000000
w_sniper
0  0.544812 -8.429597 7.749736  0.805590 0.025470 -0.591926  0.553274 0.563775 1 0 1.000000
0  0.685785 -7.839821 8.314186  0.994075 -0.099589 0.043555  0.540958 0.574662 1 0 1.000000
0  0.955580 -13.085581 8.286775  0.533296 -0.839026 0.107841  0.549751 0.467349 1 0 1.000000
w_sniper
0  0.685785 -7.839821 8.314186  0.994075 -0.099589 0.043555  0.540958 0.574662 1 0 1.000000
0  0.726268 -13.085580 8.955612  0.490883 -0.833497 0.253609  0.535521 0.466569 1 0 1.000000
0  0.955580 -13.085581 8.286775  0.533296 -0.839026 0.107841  0.549751 0.467349 1 0 1.000000
w_sniper
0  0.685785 -7.839821 8.314186  0.994075 -0.099589 0.043555  0.540958 0.574662 1 0 1.000000
0  0.495449 -7.800017 8.819122  0.793937 -0.164160 0.585419  0.529904 0.574815 1 0 1.000000
0  0.726268 -13.085580 8.955612  0.490883 -0.833497 0.253609  0.535521 0.466569 1 0 1.000000
w_sniper
0  0.495449 -7.800017 8.819122  0.793937 -0.164160 0.585419  0.529904 0.574815 1 0 1.000000
0  0.147618 -13.085580 9.361927  0.060789 -0.839569 0.539841  0.521408 0.466163 1 0 1.000000
0  0.726268 -13.085580 8.955612  0.490883 -0.833497 0.253609  0.535521 0.466569 1 0 1.000000
w_sniper
0  0.495449 -7.800017 8.819122  0.793937 -0.164160 0.585419  0.529904 0.574815 1 0 1.000000
0  0.044805 -7.801844 9.116421  0.262703 -0.210718 0.941586  0.518807 0.574361 1 0 1.000000
0  0.147618 -13.085580 9.361927  0.060789 -0.839569 0.539841  0.521408 0.466163 1 0 1.000000
w_sniper
0  0.044805 -7.801844 9.116421  0.262703 -0.210718 0.941586  0.518807 0.574361 1 0 1.000000
0  -0.559345 -13.085579 9.350520  -0.114464 -0.856091 0.503990  0.507323 0.466050 1 0 1.000000
0  0.147618 -13.085580 9.361927  0.060789 -0.839569 0.539841  0.521408 0.466163 1 0 1.000000
w_sniper
0  0.044805 -7.801844 9.116421  0.262703 -0.210718 0.941586  0.518807 0.574361 1 0 1.000000
0  -0.495986 -7.803800 9.092250  -0.347601 -0.207229 0.914456  0.507603 0.574212 1 0 1.000000
0  -0.559345 -13.085579 9.350520  -0.114464 -0.856091 0.503990  0.507323 0.466050 1 0 1.000000
w_sniper
0  -0.495986 -7.803800 9.092250  -0.347601 -0.207229 0.914456  0.507603 0.574212 1 0 1.000000
0  -1.124586 -13.085580 8.925751  -0.400852 -0.856950 0.323966  0.493239 0.466236 1 0 1.000000
0  -0.559345 -13.085579 9.350520  -0.114464 -0.856091 0.503990  0.507323 0.466050 1 0 1.000000
w_sniper
0  -0.495986 -7.803800 9.092250  -0.347601 -0.207229 0.914456  0.507603 0.574212 1 0 1.000000
0  -0.919810 -7.806572 8.753787  -0.828353 -0.150571 0.539592  0.496397 0.574326 1 0 1.000000
0  -1.124586 -13.085580 8.925751  -0.400852 -0.856950 0.323966  0.493239 0.466236 1 0 1.000000
w_sniper
0  -0.919810 -7.806572 8.753787  -0.828353 -0.150571 0.539592  0.496397 0.574326 1 0 1.000000
0  -1.332202 -13.085581 8.249864  -0.581302 -0.813530 0.015990  0.479129 0.466715 1 0 1.000000
0  -1.124586 -13.085580 8.925751  -0.400852 -0.856950 0.323966  0.493239 0.466236 1 0 1.000000
w_sniper
0  -0.919810 -7.806572 8.753787  -0.828353 -0.150571 0.539592  0.496397 0.574326 1 0 1.000000
0  -1.062543 -7.841526 8.225775  -0.997376 -0.065420 -0.030996  0.485252 0.574093 1 0 1.000000
0  -1.332202 -13.085581 8.249864  -0.581302 -0.813530 0.015990  0.479129 0.466715 1 0 1.000000
w_sniper
0  -1.062543 -7.841526 8.225775  -0.997376 -0.065420 -0.030996  0.485252 0.574093 1 0 1.000000
0  -1.102891 -13.085580 7.581027  -0.366771 -0.839255 -0.401409  0.464904 0.467568 1 0 1.000000
0  -1.332202 -13.085581 8.249864  -0.581302 -0.813530 0.015990  0.479129 0.466715 1 0 1.000000
w_sniper
0  -1.062543 -7.841526 8.225775  -0.997376 -0.065420 -0.030996  0.485252 0.574093 1 0 1.000000
0  -0.862324 -8.229712 7.691413  -0.720925 0.088224 -0.687374  0.473482 0.566963 1 0 1.000000
0  -1.102891 -13.085580 7.581027  -0.366771 -0.839255 -0.401409  0.464904 0.467568 1 0 1.000000
w_sniper
0  -0.862324 -8.229712 7.691413  -0.720925 0.088224 -0.687374  0.473482 0.566963 1 0 1.000000
0  -0.524241 -13.085580 7.174711  -0.228145 -0.845736 -0.482370  0.450713 0.469695 1 0 1.000000
0  -1.102891 -13.085580 7.581027  -0.366771 -0.839255 -0.401409  0.464904 0.467568 1 0 1.000000
w_sniper
0  -0.862324 -8.229712 7.691413  -0.720925 0.088224 -0.687374  0.473482 0.566963 1 0 1.000000
0  -0.449135 -9.672955 7.318247  -0.295742 0.057496 -0.953536  0.458349 0.538799 1 0 1.000000
0  -0.524241 -13.085580 7.174711  -0.228145 -0.845736 -0.482370  0.450713 0.469695 1 0 1.000000
w_sniper
0  -0.449135 -9.672955 7.318247  -0.295742 0.057496 -0.953536  0.458349 0.538799 1 0 1.000000
0  0.182723 -13.085580 7.186117  0.190763 -0.849119 -0.492550  0.436417 0.472852 1 0 1.000000
0  -0.524241 -13.085580 7.174711  -0.228145 -0.845736 -0.482370  0.450713 0.469695 1 0 1.000000
w_sniper
0  -0.449135 -9.672955 7.318247  -0.295742 0.057496 -0.953536  0.458349 0.538799 1 0 1.000000
0  0.080320 -9.603428 7.315581  0.306412 0.072188 -0.949158  0.446556 0.541937 1 0 1.000000
0  0.182723 -13.085580 7.186117  0.190763 -0.849119 -0.492550  0.436417 0.472852 1 0 1.000000
w_sniper
0  0.391050 3.276116 7.510950  0.278855 -0.512030 -0.812444  0.398120 0.822728 1 0 1.000000
0  -0.786862 3.436646 7.284685  -0.279478 0.464956 -0.840064  0.418275 0.827503 1 0 1.000000
0  0.457476 3.436646 7.300034  0.267676 0.464956 -0.843899  0.394581 0.822490 1 0 1.000000
w_sniper
0  0.391050 3.276116 7.510950  0.278855 -0.512030 -0.812444  0.398120 0.822728 1 0 1.000000
0  -0.716628 3.276116 7.494364  -0.251943 -0.512029 -0.821188  0.416183 0.826596 1 0 1.000000
0  -0.786862 3.436646 7.284685  -0.279478 0.464956 -0.840064  0.418275 0.827503 1 0 1.000000
w_sniper
0  -0.716628 3.276116 7.494364  -0.251943 -0.512029 -0.821188  0.416183 0.826596 1 0 1.000000
0  -1.802573 3.436646 8.003671  -0.719881 0.464957 -0.515351  0.438706 0.838556 1 0 1.000000
0  -0.786862 3.436646 7.284685  -0.279478 0.464956 -0.840064  0.418275 0.827503 1 0 1.000000
w_sniper
0  -0.716628 3.276116 7.494364  -0.251943 -0.512029 -0.821188  0.416183 0.826596 1 0 1.000000
0  -1.622508 3.276116 8.132022  -0.686509 -0.512029 -0.516267  0.440053 0.829760 1 0 1.000000
0  -1.802573 3.436646 8.003671  -0.719881 0.464957 -0.515351  0.438706 0.838556 1 0 1.000000
w_sniper
0  -1.622508 3.276116 8.132022  -0.686509 -0.512029 -0.516267  0.440053 0.829760 1 0 1.000000
0  -2.201692 3.436646 9.182363  -0.885311 0.464958 0.006204  0.461964 0.838360 1 0 1.000000
0  -1.802573 3.436646 8.003671  -0.719881 0.464957 -0.515351  0.438706 0.838556 1 0 1.000000
w_sniper
0  -1.622508 3.276116 8.132022  -0.686509 -0.512029 -0.516267  0.440053 0.829760 1 0 1.000000
0  -1.980573 3.276116 9.180361  -0.858851 -0.512029 -0.014149  0.462255 0.830752 1 0 1.000000
0  -2.201692 3.436646 9.182363  -0.885311 0.464958 0.006204  0.461964 0.838360 1 0 1.000000
w_sniper
0  -1.980573 3.276116 9.180361  -0.858851 -0.512029 -0.014149  0.462255 0.830752 1 0 1.000000
0  -1.831768 3.436646 10.370541  -0.712583 0.464958 0.525394  0.484802 0.839072 1 0 1.000000
0  -2.201692 3.436646 9.182363  -0.885311 0.464958 0.006204  0.461964 0.838360 1 0 1.000000
w_sniper
0  -1.980573 3.276116 9.180361  -0.858851 -0.512029 -0.014149  0.462255 0.830752 1 0 1.000000
0  -1.654056 3.276116 10.238951  -0.703142 -0.512029 0.493374  0.484903 0.831336 1 0 1.000000
0  -1.831768 3.436646 10.370541  -0.712583 0.464958 0.525394  0.484802 0.839072 1 0 1.000000
w_sniper
0  -1.654056 3.276116 10.238951  -0.703142 -0.512029 0.493374  0.484903 0.831336 1 0 1.000000
0  -0.834099 3.436646 11.114363  -0.267674 0.464955 0.843901  0.507619 0.839100 1 0 1.000000
0  -1.831768 3.436646 10.370541  -0.712583 0.464958 0.525394  0.484802 0.839072 1 0 1.000000
w_sniper
0  -1.654056 3.276116 10.238951  -0.703142 -0.512029 0.493374  0.484903 0.831336 1 0 1.000000
0  -0.767675 3.276116 10.903446  -0.278856 -0.512030 0.812443  0.507510 0.831331 1 0 1.000000
0  -0.834099 3.436646 11.114363  -0.267674 0.464955 0.843901  0.507619 0.839100 1 0 1.000000
w_sniper
0  -0.767675 3.276116 10.903446  -0.278856 -0.512030 0.812443  0.507510 0.831331 1 0 1.000000
0  0.410236 3.436646 11.129711  0.279476 0.464957 0.840064  0.530420 0.838444 1 0 1.000000
0  -0.834099 3.436646 11.114363  -0.267674 0.464955 0.843901  0.507619 0.839100 1 0 1.000000
w_sniper
0  -0.767675 3.276116 10.903446  -0.278856 -0.512030 0.812443  0.507510 0.831331 1 0 1.000000
0  0.340004 3.276116 10.920033  0.251943 -0.512030 0.821188  0.530085 0.830674 1 0 1.000000
0  0.410236 3.436646 11.129711  0.279476 0.464957 0.840064  0.530420 0.838444 1 0 1.000000
w_sniper
0  0.340004 3.276116 10.920033  0.251943 -0.512030 0.821188  0.530085 0.830674 1 0 1.000000
0  1.425949 3.436646 10.410725  0.628262 0.437679 0.643214  0.553194 0.836951 1 0 1.000000
0  0.410236 3.436646 11.129711  0.279476 0.464957 0.840064  0.530420 0.838444 1 0 1.000000
w_sniper
0  0.340004 3.276116 10.920033  0.251943 -0.512030 0.821188  0.530085 0.830674 1 0 1.000000
0  1.245884 3.276116 10.282373  0.686509 -0.512029 0.516267  0.552686 0.829366 1 0 1.000000
0  1.425949 3.436646 10.410725  0.628262 0.437679 0.643214  0.553194 0.836951 1 0 1.000000
w_sniper
0  1.245884 3.276116 10.282373  0.686509 -0.512029 0.516267  0.552686 0.829366 1 0 1.000000
0  1.825068 3.436646 9.232032  0.905775 0.413853 -0.091094  0.576556 0.836339 1 0 1.000000
0  1.425949 3.436646 10.410725  0.628262 0.437679 0.643214  0.553194 0.836951 1 0 1.000000
w_sniper
0  1.245884 3.276116 10.282373  0.686509 -0.512029 0.516267  0.552686 0.829366 1 0 1.000000
0  1.603948 3.276116 9.234035  0.858851 -0.512029 0.014149  0.574834 0.827892 1 0 1.000000
0  1.825068 3.436646 9.232032  0.905775 0.413853 -0.091094  0.576556 0.836339 1 0 1.000000
w_sniper
0  1.603948 3.276116 9.234035  0.858851 -0.512029 0.014149  0.574834 0.827892 1 0 1.000000
0  1.455144 3.436646 8.043854  0.712588 0.464957 -0.525389  0.599847 0.828291 1 0 1.000000
0  1.825068 3.436646 9.232032  0.905775 0.413853 -0.091094  0.576556 0.836339 1 0 1.000000
w_sniper
0  1.603948 3.276116 9.234035  0.858851 -0.512029 0.014149  0.574834 0.827892 1 0 1.000000
0  1.277432 3.276116 8.175445  0.703142 -0.512030 -0.493373  0.594728 0.824602 1 0 1.000000
0  1.455144 3.436646 8.043854  0.712588 0.464957 -0.525389  0.599847 0.828291 1 0 1.000000
w_sniper
0  1.277432 3.276116 8.175445  0.703142 -0.512030 -0.493373  0.594728 0.824602 1 0 1.000000
0  0.457476 3.436646 7.300034  0.267676 0.464956 -0.843899  0.621449 0.820910 1 0 1.000000
0  1.455144 3.436646 8.043854  0.712588 0.464957 -0.525389  0.599847 0.828291 1 0 1.000000
w_sniper
0  1.277432 3.276116 8.175445  0.703142 -0.512030 -0.493373  0.594728 0.824602 1 0 1.000000
0  0.391050 3.276116 7.510950  0.278855 -0.512030 -0.812444  0.617484 0.821739 1 0 1.000000
0  0.457476 3.436646 7.300034  0.267676 0.464956 -0.843899  0.621449 0.820910 1 0 1.000000
w_sniper
0  0.360439 4.569720 3.467961  0.426723 -0.608187 -0.669340  0.112966 0.693957 1 0 1.000000
0  -0.559589 4.569729 3.517162  -0.399774 -0.095835 -0.911590  0.101694 0.693957 1 0 1.000000
0  -0.125042 6.928546 3.328550  0.047569 0.614049 -0.787833  0.108518 0.642632 1 0 1.000000
w_sniper
0  -0.559589 4.569729 3.517162  -0.399774 -0.095835 -0.911590  0.101694 0.693957 1 0 1.000000
0  -0.837700 6.928737 3.738297  -0.742192 0.109440 -0.661191  0.090422 0.642632 1 0 1.000000
0  -0.125042 6.928546 3.328550  0.047569 0.614049 -0.787833  0.108518 0.642632 1 0 1.000000
w_sniper
0  -0.559589 4.569729 3.517162  -0.399774 -0.095835 -0.911590  0.101694 0.693957 1 0 1.000000
0  -1.180415 4.569720 4.078181  -0.769447 -0.607933 -0.195881  0.083598 0.693957 1 0 1.000000
0  -0.837700 6.928737 3.738297  -0.742192 0.109440 -0.661191  0.090422 0.642632 1 0 1.000000
w_sniper
0  -1.180415 4.569720 4.078181  -0.769447 -0.607933 -0.195881  0.083598 0.693957 1 0 1.000000
0  -1.162981 6.928546 4.582982  -0.964895 0.071158 0.252814  0.074701 0.642632 1 0 1.000000
0  -0.837700 6.928737 3.738297  -0.742192 0.109440 -0.661191  0.090422 0.642632 1 0 1.000000
w_sniper
0  -1.180415 4.569720 4.078181  -0.769447 -0.607933 -0.195881  0.083598 0.693957 1 0 1.000000
0  -0.737064 4.569720 5.197676  -0.535632 -0.056483 0.842560  0.061053 0.693957 1 0 1.000000
0  -1.162981 6.928546 4.582982  -0.964895 0.071158 0.252814  0.074701 0.642632 1 0 1.000000
w_sniper
0  -0.737064 4.569720 5.197676  -0.535632 -0.056483 0.842560  0.061053 0.693957 1 0 1.000000
0  -0.251582 6.928546 5.337087  -0.061802 0.072335 0.995464  0.052157 0.642632 1 0 1.000000
0  -1.162981 6.928546 4.582982  -0.964895 0.071158 0.252814  0.074701 0.642632 1 0 1.000000
w_sniper
0  -0.737064 4.569720 5.197676  -0.535632 -0.056483 0.842560  0.061053 0.693957 1 0 1.000000
0  0.464643 4.569720 5.121967  0.632663 -0.055319 0.772449  0.038509 0.693957 1 0 1.000000
0  -0.251582 6.928546 5.337087  -0.061802 0.072335 0.995464  0.052157 0.642632 1 0 1.000000
w_sniper
0  0.464643 4.569720 5.121967  0.632663 -0.055319 0.772449  0.038509 0.693957 1 0 1.000000
0  0.747253 6.928546 4.703329  0.733505 0.613844 0.291833  0.029612 0.642632 1 0 1.000000
0  -0.251582 6.928546 5.337087  -0.061802 0.072335 0.995464  0.052157 0.642632 1 0 1.000000
w_sniper
0  0.464643 4.569720 5.121967  0.632663 -0.055319 0.772449  0.038509 0.693957 1 0 1.000000
0  0.702154 4.569729 4.231765  0.990511 -0.095835 -0.098512  0.022788 0.693957 1 0 1.000000
0  0.747253 6.928546 4.703329  0.733505 0.613844 0.291833  0.029612 0.642632 1 0 1.000000
w_sniper
0  0.702154 4.569729 4.231765  0.990511 -0.095835 -0.098512  0.022788 0.693957 1 0 1.000000
0  0.577783 6.928737 3.898931  0.858180 0.109441 -0.501548  0.011516 0.642632 1 0 1.000000
0  0.747253 6.928546 4.703329  0.733505 0.613844 0.291833  0.029612 0.642632 1 0 1.000000
w_sniper
0  0.702154 4.569729 4.231765  0.990511 -0.095835 -0.098512  0.022788 0.693957 1 0 1.000000
0  0.360439 4.569720 3.467961  0.426723 -0.608187 -0.669340  0.004692 0.693957 1 0 1.000000
0  0.577783 6.928737 3.898931  0.858180 0.109441 -0.501548  0.011516 0.642632 1 0 1.000000
w_sniper
0  0.360439 4.569720 3.467961  0.426723 -0.608187 -0.669340  0.004692 0.693957 1 0 1.000000
0  -0.125042 6.928546 3.328550  0.047569 0.614049 -0.787833  0.000243 0.642632 1 0 1.000000
0  0.577783 6.928737 3.898931  0.858180 0.109441 -0.501548  0.011516 0.642632 1 0 1.000000
w_sniper
0  -1.072600 -12.888187 8.419159  0.321983 -0.946743 -0.002239  0.447722 0.387996 1 0 1.000000
0  -0.501042 -13.103247 8.041635  -0.237155 -0.964202 -0.118622  0.470008 0.375414 1 0 1.000000
0  -0.189598 -13.129058 8.269120  -0.028410 -0.996689 0.076183  0.482819 0.384780 1 0 1.000000
w_sniper
0  -0.501042 -13.103247 8.041635  -0.237155 -0.964202 -0.118622  0.470008 0.375414 1 0 1.000000
0  0.089721 -12.850747 7.404335  -0.072773 -0.951542 0.298783  0.494806 0.347953 1 0 1.000000
0  -0.070691 -13.078733 7.906167  0.111163 -0.933447 -0.341057  0.487732 0.369574 1 0 1.000000
w_sniper
0  0.089721 -12.850747 7.404335  -0.072773 -0.951542 0.298783  0.494806 0.347953 1 0 1.000000
0  0.414906 -13.051182 8.228353  0.417702 -0.907076 -0.052318  0.506161 0.382991 1 0 1.000000
0  -0.070691 -13.078733 7.906167  0.111163 -0.933447 -0.341057  0.487732 0.369574 1 0 1.000000
w_sniper
0  -0.152825 -13.036542 8.870730  0.003207 -0.930470 0.366355  0.483996 0.409015 1 0 1.000000
0  -1.072600 -12.888187 8.419159  0.321983 -0.946743 -0.002239  0.447722 0.387996 1 0 1.000000
0  -0.189598 -13.129058 8.269120  -0.028410 -0.996689 0.076183  0.482819 0.384780 1 0 1.000000
w_sniper
0  -0.189598 -13.129058 8.269120  -0.028410 -0.996689 0.076183  0.482819 0.384780 1 0 1.000000
0  -0.070691 -13.078733 7.906167  0.111163 -0.933447 -0.341057  0.487732 0.369574 1 0 1.000000
0  0.414906 -13.051182 8.228353  0.417702 -0.907076 -0.052318  0.506161 0.382991 1 0 1.000000
w_sniper
0  -0.189598 -13.129058 8.269120  -0.028410 -0.996689 0.076183  0.482819 0.384780 1 0 1.000000
0  0.414906 -13.051182 8.228353  0.417702 -0.907076 -0.052318  0.506161 0.382991 1 0 1.000000
0  -0.152825 -13.036542 8.870730  0.003207 -0.930470 0.366355  0.483996 0.409015 1 0 1.000000
w_sniper
0  0.089721 -12.850747 7.404335  -0.072773 -0.951542 0.298783  0.494806 0.347953 1 0 1.000000
0  0.557322 -12.814538 7.728610  -0.266400 -0.951699 0.152645  0.515083 0.361321 1 0 1.000000
0  0.414906 -13.051182 8.228353  0.417702 -0.907076 -0.052318  0.506161 0.382991 1 0 1.000000
w_sniper
0  0.557322 -12.814538 7.728610  -0.266400 -0.951699 0.152645  0.515083 0.361321 1 0 1.000000
0  0.721290 -12.823093 8.550955  -0.351337 -0.931417 -0.095001  0.519073 0.395867 1 0 1.000000
0  0.414906 -13.051182 8.228353  0.417702 -0.907076 -0.052318  0.506161 0.382991 1 0 1.000000
w_sniper
0  0.721290 -12.823093 8.550955  -0.351337 -0.931417 -0.095001  0.519073 0.395867 1 0 1.000000
0  -0.152825 -13.036542 8.870730  0.003207 -0.930470 0.366355  0.483996 0.409015 1 0 1.000000
0  0.414906 -13.051182 8.228353  0.417702 -0.907076 -0.052318  0.506161 0.382991 1 0 1.000000
w_sniper
0  0.721290 -12.823093 8.550955  -0.351337 -0.931417 -0.095001  0.519073 0.395867 1 0 1.000000
0  -0.176033 -12.823092 9.220742  -0.027825 -0.923586 -0.382379  0.483472 0.422613 1 0 1.000000
0  -0.152825 -13.036542 8.870730  0.003207 -0.930470 0.366355  0.483996 0.409015 1 0 1.000000
w_sniper
0  -0.176033 -12.823092 9.220742  -0.027825 -0.923586 -0.382379  0.483472 0.422613 1 0 1.000000
0  -1.072600 -12.888187 8.419159  0.321983 -0.946743 -0.002239  0.447722 0.387996 1 0 1.000000
0  -0.152825 -13.036542 8.870730  0.003207 -0.930470 0.366355  0.483996 0.409015 1 0 1.000000
w_sniper
0  -0.176033 -12.823092 9.220742  -0.027825 -0.923586 -0.382379  0.483472 0.422613 1 0 1.000000
0  -0.933944 -12.814538 8.808028  0.344725 -0.921120 -0.180841  0.450637 0.408143 1 0 1.000000
0  -1.072600 -12.888187 8.419159  0.321983 -0.946743 -0.002239  0.447722 0.387996 1 0 1.000000
w_sniper
0  -1.072600 -12.888187 8.419159  0.321983 -0.946743 -0.002239  0.447722 0.387996 1 0 1.000000
0  -0.758065 -12.823092 7.505011  0.241393 -0.923295 0.298757  0.460094 0.354424 1 0 1.000000
0  -0.501042 -13.103247 8.041635  -0.237155 -0.964202 -0.118622  0.470008 0.375414 1 0 1.000000
w_sniper
0  -0.758065 -12.823092 7.505011  0.241393 -0.923295 0.298757  0.460094 0.354424 1 0 1.000000
0  0.089721 -12.850747 7.404335  -0.072773 -0.951542 0.298783  0.494806 0.347953 1 0 1.000000
0  -0.501042 -13.103247 8.041635  -0.237155 -0.964202 -0.118622  0.470008 0.375414 1 0 1.000000
w_sniper
0  0.270577 8.856547 -1.588521  0.543993 0.501111 -0.673023  0.139518 0.761877 1 0 1.000000
0  0.042769 8.244636 -1.911454  0.526748 -0.470004 -0.708260  0.147239 0.741328 1 0 1.000000
0  0.026833 8.671423 -1.903399  0.333757 0.417105 -0.845358  0.147450 0.755454 1 0 1.000000
w_sniper
0  0.270577 8.856547 -1.588521  0.543993 0.501111 -0.673023  0.139518 0.761877 1 0 1.000000
0  0.237256 8.010472 -1.604454  0.499999 -0.534375 -0.681502  0.140650 0.733927 1 0 1.000000
0  0.042769 8.244636 -1.911454  0.526748 -0.470004 -0.708260  0.147239 0.741328 1 0 1.000000
w_sniper
0  0.237256 8.010472 -1.604454  0.499999 -0.534375 -0.681502  0.140650 0.733927 1 0 1.000000
0  -0.402575 8.228886 -1.911978  -0.343123 -0.386701 -0.855996  0.162061 0.741117 1 0 1.000000
0  0.042769 8.244636 -1.911454  0.526748 -0.470004 -0.708260  0.147239 0.741328 1 0 1.000000
w_sniper
0  0.237256 8.010472 -1.604454  0.499999 -0.534375 -0.681502  0.140650 0.733927 1 0 1.000000
0  -0.646217 8.043149 -1.603665  -0.551915 -0.478560 -0.682913  0.169982 0.735074 1 0 1.000000
0  -0.402575 8.228886 -1.911978  -0.343123 -0.386701 -0.855996  0.162061 0.741117 1 0 1.000000
w_sniper
0  -0.646217 8.043149 -1.603665  -0.551915 -0.478560 -0.682913  0.169982 0.735074 1 0 1.000000
0  -0.420150 8.655918 -1.902745  -0.393061 0.360846 -0.845750  0.162291 0.755253 1 0 1.000000
0  -0.402575 8.228886 -1.911978  -0.343123 -0.386701 -0.855996  0.162061 0.741117 1 0 1.000000
w_sniper
0  -0.646217 8.043149 -1.603665  -0.551915 -0.478560 -0.682913  0.169982 0.735074 1 0 1.000000
0  -0.614485 8.889387 -1.587681  -0.490768 0.555063 -0.671604  0.168895 0.763022 1 0 1.000000
0  -0.420150 8.655918 -1.902745  -0.393061 0.360846 -0.845750  0.162291 0.755253 1 0 1.000000
w_sniper
0  -0.614485 8.889387 -1.587681  -0.490768 0.555063 -0.671604  0.168895 0.763022 1 0 1.000000
0  0.026833 8.671423 -1.903399  0.333757 0.417105 -0.845358  0.147450 0.755454 1 0 1.000000
0  -0.420150 8.655918 -1.902745  -0.393061 0.360846 -0.845750  0.162291 0.755253 1 0 1.000000
w_sniper
0  -0.614485 8.889387 -1.587681  -0.490768 0.555063 -0.671604  0.168895 0.763022 1 0 1.000000
0  0.270577 8.856547 -1.588521  0.543993 0.501111 -0.673023  0.139518 0.761877 1 0 1.000000
0  0.026833 8.671423 -1.903399  0.333757 0.417105 -0.845358  0.147450 0.755454 1 0 1.000000
w_sniper
0  -0.950912 4.569692 4.030808  -0.000147 -1.000000 -0.000097  0.173463 0.034219 1 0 1.000000
0  -0.711197 4.569692 4.964768  -0.000205 -1.000000 0.000102  0.169530 0.049894 1 0 1.000000
0  -0.737064 4.569720 5.197676  -0.000057 -1.000000 0.000107  0.169827 0.053895 1 0 1.000000
w_sniper
0  -0.711197 4.569692 4.964768  -0.000205 -1.000000 0.000102  0.169530 0.049894 1 0 1.000000
0  0.464643 4.569720 5.121967  0.000088 -1.000000 0.000079  0.149693 0.052517 1 0 1.000000
0  -0.737064 4.569720 5.197676  -0.000057 -1.000000 0.000107  0.169827 0.053895 1 0 1.000000
w_sniper
0  -0.711197 4.569692 4.964768  -0.000205 -1.000000 0.000102  0.169530 0.049894 1 0 1.000000
0  0.251126 4.569692 5.025395  0.256366 -0.843720 0.471608  0.153407 0.050998 1 0 1.000000
0  0.464643 4.569720 5.121967  0.000088 -1.000000 0.000079  0.149693 0.052517 1 0 1.000000
w_sniper
0  0.251126 4.569692 5.025395  0.256366 -0.843720 0.471608  0.153407 0.050998 1 0 1.000000
0  0.702154 4.569729 4.231765  0.995244 -0.086043 -0.045664  0.144494 0.039350 1 0 1.000000
0  0.464643 4.569720 5.121967  0.000088 -1.000000 0.000079  0.149693 0.052517 1 0 1.000000
w_sniper
0  0.702154 4.569729 4.231765  0.990511 -0.095835 -0.098512  0.144494 0.039350 1 0 1.000000
0  0.334573 4.569692 3.700870  0.332670 -0.798564 -0.501624  0.151887 0.028807 1 0 1.000000
0  0.360439 4.569720 3.467961  0.426723 -0.608187 -0.669340  0.151591 0.024805 1 0 1.000000
w_sniper
0  0.334573 4.569692 3.700870  0.332670 -0.798564 -0.501624  0.151887 0.028807 1 0 1.000000
0  -0.559589 4.569729 3.517162  -0.357872 -0.100307 -0.928367  0.165719 0.023929 1 0 1.000000
0  0.360439 4.569720 3.467961  0.426723 -0.608187 -0.669340  0.151591 0.024805 1 0 1.000000
w_sniper
0  -0.559589 4.569729 3.517162  -0.399774 -0.095835 -0.911590  0.165719 0.023929 1 0 1.000000
0  -0.950912 4.569692 4.030808  -0.000147 -1.000000 -0.000097  0.173463 0.034219 1 0 1.000000
0  -1.180415 4.569720 4.078181  -0.769447 -0.607933 -0.195881  0.177360 0.035173 1 0 1.000000
w_sniper
0  -0.950912 4.569692 4.030808  -0.000147 -1.000000 -0.000097  0.173463 0.034219 1 0 1.000000
0  -0.737064 4.569720 5.197676  -0.000057 -1.000000 0.000107  0.169827 0.053895 1 0 1.000000
0  -1.180415 4.569720 4.078181  -0.769447 -0.607933 -0.195881  0.177360 0.035173 1 0 1.000000
w_sniper
0  -0.937511 6.928485 4.629522  -0.477655 0.848246 0.228744  0.177082 0.045951 1 0 1.000000
0  -0.837700 6.928737 3.738297  -0.777161 0.100499 -0.621225  0.177554 0.026935 1 0 1.000000
0  -1.162981 6.928546 4.582982  0.000234 1.000000 0.000107  0.182137 0.044714 1 0 1.000000
w_sniper
0  -0.837700 6.928737 3.738297  -0.742192 0.109440 -0.661191  0.177554 0.026935 1 0 1.000000
0  -0.238979 6.928485 3.528603  0.025756 0.802603 -0.595957  0.161758 0.021508 1 0 1.000000
0  -0.125042 6.928546 3.328550  0.047569 0.614049 -0.787833  0.159020 0.017083 1 0 1.000000
w_sniper
0  -0.238979 6.928485 3.528603  0.025756 0.802603 -0.595957  0.161758 0.021508 1 0 1.000000
0  0.577783 6.928737 3.898931  0.830975 0.100499 -0.547156  0.143526 0.026935 1 0 1.000000
0  -0.125042 6.928546 3.328550  0.047569 0.614049 -0.787833  0.159020 0.017083 1 0 1.000000
w_sniper
0  0.577783 6.928737 3.898931  0.858180 0.109441 -0.501548  0.143526 0.026935 1 0 1.000000
0  0.592200 6.928485 4.533149  -0.000574 1.000000 0.000153  0.143246 0.043635 1 0 1.000000
0  0.747253 6.928546 4.703329  0.733505 0.613844 0.291833  0.139884 0.047607 1 0 1.000000
w_sniper
0  0.592200 6.928485 4.533149  -0.000574 1.000000 0.000153  0.143246 0.043635 1 0 1.000000
0  -0.251582 6.928546 5.337087  0.000038 1.000000 -0.000263  0.162061 0.061510 1 0 1.000000
0  0.747253 6.928546 4.703329  0.733505 0.613844 0.291833  0.139884 0.047607 1 0 1.000000
w_sniper
0  0.592200 6.928485 4.533149  -0.000574 1.000000 0.000153  0.143246 0.043635 1 0 1.000000
0  -0.137646 6.928485 5.137035  -0.000235 1.000000 -0.000448  0.159322 0.057085 1 0 1.000000
0  -0.251582 6.928546 5.337087  0.000038 1.000000 -0.000263  0.162061 0.061510 1 0 1.000000
w_sniper
0  -0.137646 6.928485 5.137035  -0.000235 1.000000 -0.000448  0.159322 0.057085 1 0 1.000000
0  -1.162981 6.928546 4.582982  0.000234 1.000000 0.000107  0.182137 0.044714 1 0 1.000000
0  -0.251582 6.928546 5.337087  0.000038 1.000000 -0.000263  0.162061 0.061510 1 0 1.000000
w_sniper
0  -0.137646 6.928485 5.137035  -0.000235 1.000000 -0.000448  0.159322 0.057085 1 0 1.000000
0  -0.937511 6.928485 4.629522  -0.477655 0.848246 0.228744  0.177082 0.045951 1 0 1.000000
0  -1.162981 6.928546 4.582982  0.000234 1.000000 0.000107  0.182137 0.044714 1 0 1.000000
w_sniper
0  -1.332202 -13.085581 8.249864  -0.581302 -0.813530 0.015990  0.422467 0.384736 1 0 1.000000
0  -1.102891 -13.085580 7.581027  -0.366771 -0.839255 -0.401409  0.433997 0.349231 1 0 1.000000
0  -0.758065 -12.823092 7.505011  0.241393 -0.923295 0.298757  0.460094 0.354424 1 0 1.000000
w_sniper
0  -1.102891 -13.085580 7.581027  -0.366771 -0.839255 -0.401409  0.433997 0.349231 1 0 1.000000
0  -0.524241 -13.085580 7.174711  -0.228145 -0.845736 -0.482370  0.464196 0.327286 1 0 1.000000
0  -0.758065 -12.823092 7.505011  0.241393 -0.923295 0.298757  0.460094 0.354424 1 0 1.000000
w_sniper
0  -0.524241 -13.085580 7.174711  -0.228145 -0.845736 -0.482370  0.464196 0.327286 1 0 1.000000
0  0.089721 -12.850747 7.404335  -0.072773 -0.951542 0.298783  0.494806 0.347953 1 0 1.000000
0  -0.758065 -12.823092 7.505011  0.241393 -0.923295 0.298757  0.460094 0.354424 1 0 1.000000
w_sniper
0  -0.524241 -13.085580 7.174711  -0.228145 -0.845736 -0.482370  0.464196 0.327286 1 0 1.000000
0  0.182723 -13.085580 7.186117  0.190763 -0.849119 -0.492550  0.501528 0.327293 1 0 1.000000
0  0.089721 -12.850747 7.404335  -0.072773 -0.951542 0.298783  0.494806 0.347953 1 0 1.000000
w_sniper
0  0.182723 -13.085580 7.186117  0.190763 -0.849119 -0.492550  0.501528 0.327293 1 0 1.000000
0  0.557322 -12.814538 7.728610  -0.266400 -0.951699 0.152645  0.515083 0.361321 1 0 1.000000
0  0.089721 -12.850747 7.404335  -0.072773 -0.951542 0.298783  0.494806 0.347953 1 0 1.000000
w_sniper
0  0.182723 -13.085580 7.186117  0.190763 -0.849119 -0.492550  0.501528 0.327293 1 0 1.000000
0  0.747964 -13.085580 7.610888  0.400111 -0.853897 -0.332824  0.531718 0.349244 1 0 1.000000
0  0.557322 -12.814538 7.728610  -0.266400 -0.951699 0.152645  0.515083 0.361321 1 0 1.000000
w_sniper
0  0.747964 -13.085580 7.610888  0.400111 -0.853897 -0.332824  0.531718 0.349244 1 0 1.000000
0  0.721290 -12.823093 8.550955  -0.351337 -0.931417 -0.095001  0.519073 0.395867 1 0 1.000000
0  0.557322 -12.814538 7.728610  -0.266400 -0.951699 0.152645  0.515083 0.361321 1 0 1.000000
w_sniper
0  0.747964 -13.085580 7.610888  0.400111 -0.853897 -0.332824  0.531718 0.349244 1 0 1.000000
0  0.955580 -13.085581 8.286775  0.533296 -0.839026 0.107841  0.543247 0.384739 1 0 1.000000
0  0.721290 -12.823093 8.550955  -0.351337 -0.931417 -0.095001  0.519073 0.395867 1 0 1.000000
w_sniper
0  0.955580 -13.085581 8.286775  0.533296 -0.839026 0.107841  0.543247 0.384739 1 0 1.000000
0  0.726268 -13.085580 8.955612  0.490883 -0.833497 0.253609  0.531718 0.420231 1 0 1.000000
0  0.721290 -12.823093 8.550955  -0.351337 -0.931417 -0.095001  0.519073 0.395867 1 0 1.000000
w_sniper
0  0.726268 -13.085580 8.955612  0.490883 -0.833497 0.253609  0.531718 0.420231 1 0 1.000000
0  -0.176033 -12.823092 9.220742  -0.027825 -0.923586 -0.382379  0.483472 0.422613 1 0 1.000000
0  0.721290 -12.823093 8.550955  -0.351337 -0.931417 -0.095001  0.519073 0.395867 1 0 1.000000
w_sniper
0  0.726268 -13.085580 8.955612  0.490883 -0.833497 0.253609  0.531718 0.420231 1 0 1.000000
0  0.147618 -13.085580 9.361927  0.060789 -0.839569 0.539841  0.501526 0.442168 1 0 1.000000
0  -0.176033 -12.823092 9.220742  -0.027825 -0.923586 -0.382379  0.483472 0.422613 1 0 1.000000
w_sniper
0  0.147618 -13.085580 9.361927  0.060789 -0.839569 0.539841  0.501526 0.442168 1 0 1.000000
0  -0.559345 -13.085579 9.350520  -0.114464 -0.856091 0.503990  0.464209 0.442162 1 0 1.000000
0  -0.176033 -12.823092 9.220742  -0.027825 -0.923586 -0.382379  0.483472 0.422613 1 0 1.000000
w_sniper
0  -0.559345 -13.085579 9.350520  -0.114464 -0.856091 0.503990  0.464209 0.442162 1 0 1.000000
0  -0.933944 -12.814538 8.808028  0.344725 -0.921120 -0.180841  0.450637 0.408143 1 0 1.000000
0  -0.176033 -12.823092 9.220742  -0.027825 -0.923586 -0.382379  0.483472 0.422613 1 0 1.000000
w_sniper
0  -0.559345 -13.085579 9.350520  -0.114464 -0.856091 0.503990  0.464209 0.442162 1 0 1.000000
0  -1.124586 -13.085580 8.925751  -0.400852 -0.856950 0.323966  0.434013 0.420232 1 0 1.000000
0  -0.933944 -12.814538 8.808028  0.344725 -0.921120 -0.180841  0.450637 0.408143 1 0 1.000000
w_sniper
0  -1.124586 -13.085580 8.925751  -0.400852 -0.856950 0.323966  0.434013 0.420232 1 0 1.000000
0  -1.072600 -12.888187 8.419159  0.321983 -0.946743 -0.002239  0.447722 0.387996 1 0 1.000000
0  -0.933944 -12.814538 8.808028  0.344725 -0.921120 -0.180841  0.450637 0.408143 1 0 1.000000
w_sniper
0  -1.124586 -13.085580 8.925751  -0.400852 -0.856950 0.323966  0.434013 0.420232 1 0 1.000000
0  -1.332202 -13.085581 8.249864  -0.581302 -0.813530 0.015990  0.422467 0.384736 1 0 1.000000
0  -1.072600 -12.888187 8.419159  0.321983 -0.946743 -0.002239  0.447722 0.387996 1 0 1.000000
w_sniper
0  -1.332202 -13.085581 8.249864  -0.581302 -0.813530 0.015990  0.422467 0.384736 1 0 1.000000
0  -0.758065 -12.823092 7.505011  0.241393 -0.923295 0.298757  0.460094 0.354424 1 0 1.000000
0  -1.072600 -12.888187 8.419159  0.321983 -0.946743 -0.002239  0.447722 0.387996 1 0 1.000000
w_sniper
0  -1.802573 3.436646 8.003671  -0.719881 0.464957 -0.515351  0.600159 0.872096 1 0 1.000000
0  -2.201692 3.436646 9.182363  -0.885311 0.464958 0.006204  0.610705 0.904560 1 0 1.000000
0  -1.693456 3.150873 9.207197  0.491720 0.870749 -0.002720  0.597158 0.904560 1 0 1.000000
w_sniper
0  -2.201692 3.436646 9.182363  -0.885311 0.464958 0.006204  0.610705 0.904560 1 0 1.000000
0  -1.405999 3.150873 10.091900  0.396211 0.870749 -0.291227  0.589200 0.929061 1 0 1.000000
0  -1.693456 3.150873 9.207197  0.491720 0.870749 -0.002720  0.597158 0.904560 1 0 1.000000
w_sniper
0  -2.201692 3.436646 9.182363  -0.885311 0.464958 0.006204  0.610705 0.904560 1 0 1.000000
0  -1.831768 3.436646 10.370541  -0.712583 0.464958 0.525394  0.600159 0.937023 1 0 1.000000
0  -1.405999 3.150873 10.091900  0.396211 0.870749 -0.291227  0.589200 0.929061 1 0 1.000000
w_sniper
0  -1.831768 3.436646 10.370541  -0.712583 0.464958 0.525394  0.600159 0.937023 1 0 1.000000
0  -0.653427 3.150873 10.638674  0.149363 0.870750 -0.468493  0.568357 0.944202 1 0 1.000000
0  -1.405999 3.150873 10.091900  0.396211 0.870749 -0.291227  0.589200 0.929061 1 0 1.000000
w_sniper
0  -1.831768 3.436646 10.370541  -0.712583 0.464958 0.525394  0.600159 0.937023 1 0 1.000000
0  -0.834099 3.436646 11.114363  -0.267674 0.464955 0.843901  0.572543 0.957085 1 0 1.000000
0  -0.653427 3.150873 10.638674  0.149363 0.870750 -0.468493  0.568357 0.944202 1 0 1.000000
w_sniper
0  -0.834099 3.436646 11.114363  -0.267674 0.464955 0.843901  0.572543 0.957085 1 0 1.000000
0  0.276803 3.150873 10.638674  -0.154537 0.870750 -0.466811  0.542596 0.944202 1 0 1.000000
0  -0.653427 3.150873 10.638674  0.149363 0.870750 -0.468493  0.568357 0.944202 1 0 1.000000
w_sniper
0  -0.834099 3.436646 11.114363  -0.267674 0.464955 0.843901  0.572543 0.957085 1 0 1.000000
0  0.410236 3.436646 11.129711  0.279476 0.464957 0.840064  0.538410 0.957085 1 0 1.000000
0  0.276803 3.150873 10.638674  -0.154537 0.870750 -0.466811  0.542596 0.944202 1 0 1.000000
w_sniper
0  0.410236 3.436646 11.129711  0.279476 0.464957 0.840064  0.538410 0.957085 1 0 1.000000
0  1.029375 3.150873 10.091900  0.038250 0.995919 0.081741  0.521753 0.929061 1 0 1.000000
0  0.276803 3.150873 10.638674  -0.154537 0.870750 -0.466811  0.542596 0.944202 1 0 1.000000
w_sniper
0  0.410236 3.436646 11.129711  0.279476 0.464957 0.840064  0.538410 0.957085 1 0 1.000000
0  1.425949 3.436646 10.410725  0.628262 0.437679 0.643214  0.510794 0.937023 1 0 1.000000
0  1.029375 3.150873 10.091900  0.038250 0.995919 0.081741  0.521753 0.929061 1 0 1.000000
w_sniper
0  1.425949 3.436646 10.410725  0.628262 0.437679 0.643214  0.510794 0.937023 1 0 1.000000
0  1.331091 3.255489 9.198010  0.083185 0.996040 -0.031368  0.515547 0.904560 1 0 1.000000
0  1.029375 3.150873 10.091900  0.038250 0.995919 0.081741  0.521753 0.929061 1 0 1.000000
w_sniper
0  1.425949 3.436646 10.410725  0.628262 0.437679 0.643214  0.510794 0.937023 1 0 1.000000
0  1.825068 3.436646 9.232032  0.905775 0.413853 -0.091094  0.500248 0.904560 1 0 1.000000
0  1.331091 3.255489 9.198010  0.083185 0.996040 -0.031368  0.515547 0.904560 1 0 1.000000
w_sniper
0  1.825068 3.436646 9.232032  0.905775 0.413853 -0.091094  0.500248 0.904560 1 0 1.000000
0  1.029375 3.150873 8.322496  -0.379443 0.882659 0.277375  0.521753 0.880058 1 0 1.000000
0  1.331091 3.255489 9.198010  0.083185 0.996040 -0.031368  0.515547 0.904560 1 0 1.000000
w_sniper
0  1.825068 3.436646 9.232032  0.905775 0.413853 -0.091094  0.500248 0.904560 1 0 1.000000
0  1.455144 3.436646 8.043854  0.712588 0.464957 -0.525389  0.510794 0.872096 1 0 1.000000
0  1.029375 3.150873 8.322496  -0.379443 0.882659 0.277375  0.521753 0.880058 1 0 1.000000
w_sniper
0  1.455144 3.436646 8.043854  0.712588 0.464957 -0.525389  0.510794 0.872096 1 0 1.000000
0  0.276803 3.150873 7.775720  -0.149362 0.870749 0.468494  0.542596 0.864918 1 0 1.000000
0  1.029375 3.150873 8.322496  -0.379443 0.882659 0.277375  0.521753 0.880058 1 0 1.000000
w_sniper
0  1.455144 3.436646 8.043854  0.712588 0.464957 -0.525389  0.510794 0.872096 1 0 1.000000
0  0.457476 3.436646 7.300034  0.267676 0.464956 -0.843899  0.538410 0.852035 1 0 1.000000
0  0.276803 3.150873 7.775720  -0.149362 0.870749 0.468494  0.542596 0.864918 1 0 1.000000
w_sniper
0  0.457476 3.436646 7.300034  0.267676 0.464956 -0.843899  0.538410 0.852035 1 0 1.000000
0  -0.653427 3.150873 7.775720  0.154537 0.870749 0.466813  0.568357 0.864918 1 0 1.000000
0  0.276803 3.150873 7.775720  -0.149362 0.870749 0.468494  0.542596 0.864918 1 0 1.000000
w_sniper
0  0.457476 3.436646 7.300034  0.267676 0.464956 -0.843899  0.538410 0.852035 1 0 1.000000
0  -0.786862 3.436646 7.284685  -0.279478 0.464956 -0.840064  0.572543 0.852035 1 0 1.000000
0  -0.653427 3.150873 7.775720  0.154537 0.870749 0.466813  0.568357 0.864918 1 0 1.000000
w_sniper
0  -0.786862 3.436646 7.284685  -0.279478 0.464956 -0.840064  0.572543 0.852035 1 0 1.000000
0  -1.405999 3.150873 8.322496  0.399409 0.870749 0.286825  0.589200 0.880058 1 0 1.000000
0  -0.653427 3.150873 7.775720  0.154537 0.870749 0.466813  0.568357 0.864918 1 0 1.000000
w_sniper
0  -0.786862 3.436646 7.284685  -0.279478 0.464956 -0.840064  0.572543 0.852035 1 0 1.000000
0  -1.802573 3.436646 8.003671  -0.719881 0.464957 -0.515351  0.600159 0.872096 1 0 1.000000
0  -1.405999 3.150873 8.322496  0.399409 0.870749 0.286825  0.589200 0.880058 1 0 1.000000
w_sniper
0  -1.802573 3.436646 8.003671  -0.719881 0.464957 -0.515351  0.600159 0.872096 1 0 1.000000
0  -1.693456 3.150873 9.207197  0.491720 0.870749 -0.002720  0.597158 0.904560 1 0 1.000000
0  -1.405999 3.150873 8.322496  0.399409 0.870749 0.286825  0.589200 0.880058 1 0 1.000000
w_sniper
0  -1.464677 5.406050 7.332798  0.981977 -0.158070 -0.103608  0.394443 0.234672 1 0 1.000000
0  -1.363903 4.716304 10.386324  0.405076 -0.869210 -0.283528  0.399527 0.311863 1 0 1.000000
0  -1.509971 4.737796 10.517469  -0.149600 -0.987894 -0.041039  0.395167 0.313163 1 0 1.000000
w_sniper
0  -1.509971 4.737796 10.517469  -0.149600 -0.987894 -0.041039  0.395167 0.313163 1 0 1.000000
0  -1.363903 4.716304 10.386324  0.405076 -0.869210 -0.283528  0.399527 0.311863 1 0 1.000000
0  -0.803407 4.752409 11.077186  0.014377 -0.999897 0.000293  0.400100 0.336620 1 0 1.000000
w_sniper
0  -1.509971 4.737796 10.517469  -0.149600 -0.987894 -0.041039  0.395167 0.313163 1 0 1.000000
0  -0.803407 4.752409 11.077186  0.014377 -0.999897 0.000293  0.400100 0.336620 1 0 1.000000
0  -0.699708 4.752410 11.422725  -0.332743 -0.416078 0.846263  0.395176 0.342620 1 0 1.000000
w_sniper
0  0.336037 4.752410 11.233740  0.368036 -0.609904 0.701831  0.398513 0.368955 1 0 1.000000
0  -0.699708 4.752410 11.422725  -0.332743 -0.416078 0.846263  0.395176 0.342620 1 0 1.000000
0  -0.803407 4.752409 11.077186  0.014377 -0.999897 0.000293  0.400100 0.336620 1 0 1.000000
w_sniper
0  0.336037 4.752410 11.233740  -0.352199 -0.382119 -0.854366  0.398513 0.368955 1 0 1.000000
0  1.007315 4.737375 10.312451  -0.437779 -0.813728 -0.382355  0.399506 0.399813 1 0 1.000000
0  1.117104 4.716740 10.582204  0.036824 -0.996571 -0.074088  0.395168 0.394903 1 0 1.000000
w_sniper
0  1.043196 5.415455 7.332746  0.177686 -0.960450 -0.214389  0.395554 0.475163 1 0 1.000000
0  1.117104 4.716740 10.582204  0.036824 -0.996571 -0.074088  0.395168 0.394903 1 0 1.000000
0  1.007315 4.737375 10.312451  -0.437779 -0.813728 -0.382355  0.399506 0.399813 1 0 1.000000
w_sniper
0  1.043196 5.415455 7.332746  0.177686 -0.960450 -0.214389  0.395554 0.475163 1 0 1.000000
0  1.171330 5.415455 7.332746  0.180587 -0.960289 -0.212680  0.392381 0.474721 1 0 1.000000
0  1.117104 4.716740 10.582204  0.036824 -0.996571 -0.074088  0.395168 0.394903 1 0 1.000000
w_sniper
0  -1.311123 -6.921497 3.888156  -0.000032 1.000000 -0.000031  0.190715 0.027233 1 0 1.000000
0  -0.958179 -6.921497 5.263267  -0.000079 1.000000 0.000099  0.181492 0.063997 1 0 1.000000
0  -1.010863 -6.921454 4.658573  -0.000289 1.000000 0.000079  0.182716 0.048085 1 0 1.000000
w_sniper
0  -0.958179 -6.921497 5.263267  -0.000079 1.000000 0.000099  0.181492 0.063997 1 0 1.000000
0  -0.132684 -6.921454 5.215775  -0.000012 1.000000 0.000299  0.159189 0.062833 1 0 1.000000
0  -1.010863 -6.921454 4.658573  -0.000289 1.000000 0.000079  0.182716 0.048085 1 0 1.000000
w_sniper
0  -0.958179 -6.921497 5.263267  -0.000079 1.000000 0.000099  0.181492 0.063997 1 0 1.000000
0  0.458695 -6.921497 5.352530  0.000051 1.000000 0.000047  0.143677 0.066586 1 0 1.000000
0  -0.132684 -6.921454 5.215775  -0.000012 1.000000 0.000299  0.159189 0.062833 1 0 1.000000
w_sniper
0  0.458695 -6.921497 5.352530  0.000051 1.000000 0.000047  0.143677 0.066586 1 0 1.000000
0  0.502773 -6.921497 4.834920  -0.000521 1.000000 -0.000045  0.140757 0.053832 1 0 1.000000
0  -0.132684 -6.921454 5.215775  -0.000012 1.000000 0.000299  0.159189 0.062833 1 0 1.000000
w_sniper
0  0.458695 -6.921497 5.352530  0.000051 1.000000 0.000047  0.143677 0.066586 1 0 1.000000
0  0.634240 -6.921454 4.007064  0.000127 1.000000 -0.000119  0.138890 0.030451 1 0 1.000000
0  0.502773 -6.921497 4.834920  -0.000521 1.000000 -0.000045  0.140757 0.053832 1 0 1.000000
w_sniper
0  0.458695 -6.921497 5.352530  0.000051 1.000000 0.000047  0.143677 0.066586 1 0 1.000000
0  0.981428 -6.921497 4.032586  0.000119 1.000000 -0.000024  0.129529 0.031422 1 0 1.000000
0  0.634240 -6.921454 4.007064  0.000127 1.000000 -0.000119  0.138890 0.030451 1 0 1.000000
w_sniper
0  0.981428 -6.921497 4.032586  0.000119 1.000000 -0.000024  0.129529 0.031422 1 0 1.000000
0  -0.243938 -6.921454 3.449861  -0.000079 1.000000 -0.000167  0.162417 0.015703 1 0 1.000000
0  0.634240 -6.921454 4.007064  0.000127 1.000000 -0.000119  0.138890 0.030451 1 0 1.000000
w_sniper
0  0.981428 -6.921497 4.032586  0.000119 1.000000 -0.000024  0.129529 0.031422 1 0 1.000000
0  -0.112379 -6.921497 3.127553  0.000010 1.000000 -0.000115  0.158600 0.007101 1 0 1.000000
0  -0.243938 -6.921454 3.449861  -0.000079 1.000000 -0.000167  0.162417 0.015703 1 0 1.000000
w_sniper
0  -0.112379 -6.921497 3.127553  0.000010 1.000000 -0.000115  0.158600 0.007101 1 0 1.000000
0  -0.879395 -6.921497 3.830716  -0.000012 1.000000 -0.000029  0.180849 0.024704 1 0 1.000000
0  -0.243938 -6.921454 3.449861  -0.000079 1.000000 -0.000167  0.162417 0.015703 1 0 1.000000
w_sniper
0  -0.112379 -6.921497 3.127553  0.000010 1.000000 -0.000115  0.158600 0.007101 1 0 1.000000
0  -1.311123 -6.921497 3.888156  -0.000032 1.000000 -0.000031  0.190715 0.027233 1 0 1.000000
0  -0.879395 -6.921497 3.830716  -0.000012 1.000000 -0.000029  0.180849 0.024704 1 0 1.000000
w_sniper
0  -1.311123 -6.921497 3.888156  -0.000032 1.000000 -0.000031  0.190715 0.027233 1 0 1.000000
0  -1.010863 -6.921454 4.658573  -0.000289 1.000000 0.000079  0.182716 0.048085 1 0 1.000000
0  -0.879395 -6.921497 3.830716  -0.000012 1.000000 -0.000029  0.180849 0.024704 1 0 1.000000
w_sniper
0  -0.886875 36.458893 4.533514  -0.752651 0.602624 0.265256  0.181692 0.974614 1 0 1.000000
0  -0.213310 36.458893 5.059209  -0.027468 0.593773 0.804164  0.150408 0.997671 1 0 1.000000
0  -0.521440 36.463081 4.624066  -0.011890 0.999865 0.011354  0.163509 0.977058 1 0 1.000000
w_sniper
0  -0.213310 36.458893 5.059209  -0.027468 0.593773 0.804164  0.150408 0.997671 1 0 1.000000
0  0.191621 36.463081 4.559642  0.011207 0.999903 0.008281  0.134311 0.974143 1 0 1.000000
0  -0.521440 36.463081 4.624066  -0.011890 0.999865 0.011354  0.163509 0.977058 1 0 1.000000
w_sniper
0  -0.213310 36.458893 5.059209  -0.027468 0.593773 0.804164  0.150408 0.997671 1 0 1.000000
0  0.494800 36.458893 4.581060  0.734425 0.601177 0.314970  0.118812 0.975043 1 0 1.000000
0  0.191621 36.463081 4.559642  0.011207 0.999903 0.008281  0.134311 0.974143 1 0 1.000000
w_sniper
0  0.494800 36.458893 4.581060  0.734425 0.601177 0.314970  0.118812 0.975043 1 0 1.000000
0  0.035645 36.463081 3.979849  0.010816 0.999865 -0.012364  0.139584 0.947705 1 0 1.000000
0  0.191621 36.463081 4.559642  0.011207 0.999903 0.008281  0.134311 0.974143 1 0 1.000000
w_sniper
0  0.494800 36.458893 4.581060  0.734425 0.601177 0.314970  0.118812 0.975043 1 0 1.000000
0  0.388532 36.457268 3.938042  0.649932 0.619355 -0.440440  0.122062 0.944182 1 0 1.000000
0  0.035645 36.463081 3.979849  0.010816 0.999865 -0.012364  0.139584 0.947705 1 0 1.000000
w_sniper
0  0.388532 36.457268 3.938042  0.649932 0.619355 -0.440440  0.122062 0.944182 1 0 1.000000
0  -0.163317 36.458893 3.606431  0.024737 0.609938 -0.792063  0.149957 0.931555 1 0 1.000000
0  0.035645 36.463081 3.979849  0.010816 0.999865 -0.012364  0.139584 0.947705 1 0 1.000000
w_sniper
0  -0.163317 36.458893 3.606431  0.024737 0.609938 -0.792063  0.149957 0.931555 1 0 1.000000
0  -0.454800 36.463081 4.010748  -0.013202 0.999853 -0.010982  0.162987 0.949308 1 0 1.000000
0  0.035645 36.463081 3.979849  0.010816 0.999865 -0.012364  0.139584 0.947705 1 0 1.000000
w_sniper
0  -0.163317 36.458893 3.606431  0.024737 0.609938 -0.792063  0.149957 0.931555 1 0 1.000000
0  -0.742024 36.457268 3.906201  -0.620803 0.619479 -0.480467  0.178303 0.944182 1 0 1.000000
0  -0.454800 36.463081 4.010748  -0.013202 0.999853 -0.010982  0.162987 0.949308 1 0 1.000000
w_sniper
0  -0.742024 36.457268 3.906201  -0.620803 0.619479 -0.480467  0.178303 0.944182 1 0 1.000000
0  -0.521440 36.463081 4.624066  -0.011890 0.999865 0.011354  0.163509 0.977058 1 0 1.000000
0  -0.454800 36.463081 4.010748  -0.013202 0.999853 -0.010982  0.162987 0.949308 1 0 1.000000
w_sniper
0  -0.742024 36.457268 3.906201  -0.620803 0.619479 -0.480467  0.178303 0.944182 1 0 1.000000
0  -0.886875 36.458893 4.533514  -0.752651 0.602624 0.265256  0.181692 0.974614 1 0 1.000000
0  -0.521440 36.463081 4.624066  -0.011890 0.999865 0.011354  0.163509 0.977058 1 0 1.000000
w_sniper
0  -1.596739 4.893818 0.743973  -0.557948 0.829836 0.008137  0.546267 0.092477 1 0 1.000000
0  0.485732 4.903157 0.027145  0.002827 0.999771 0.021237  0.532989 0.140952 1 0 1.000000
0  -0.862356 4.903157 0.027145  0.000000 0.999915 0.013027  0.533018 0.109705 1 0 1.000000
w_sniper
0  -1.596739 4.893818 0.743973  -0.557948 0.829836 0.008137  0.546267 0.092477 1 0 1.000000
0  1.220115 4.884541 0.744709  0.003293 0.999994 0.001013  0.546267 0.158557 1 0 1.000000
0  0.485732 4.903157 0.027145  0.002827 0.999771 0.021237  0.532989 0.140952 1 0 1.000000
w_sniper
0  -1.596739 4.893818 0.743973  -0.557948 0.829836 0.008137  0.546267 0.092477 1 0 1.000000
0  1.220115 4.903157 2.682864  -0.003721 0.999993 0.000588  0.595318 0.158557 1 0 1.000000
0  1.220115 4.884541 0.744709  0.003293 0.999994 0.001013  0.546267 0.158557 1 0 1.000000
w_sniper
0  -1.596739 4.893818 0.743973  -0.557948 0.829836 0.008137  0.546267 0.092477 1 0 1.000000
0  -1.596739 4.861102 2.783232  -0.729362 0.684040 0.010973  0.595318 0.092477 1 0 1.000000
0  1.220115 4.903157 2.682864  -0.003721 0.999993 0.000588  0.595318 0.158557 1 0 1.000000
w_sniper
0  1.185221 -20.686710 4.592157  0.997630 -0.016049 -0.066915  0.717203 0.695438 1 0 1.000000
0  0.988154 -19.240351 0.172493  0.667285 0.249878 -0.701635  0.750570 0.591758 1 0 1.000000
0  1.057255 -15.831991 1.509799  0.710645 0.133188 -0.690829  0.830169 0.622721 1 0 1.000000
w_sniper
0  1.185221 -20.686710 4.592157  0.997630 -0.016049 -0.066915  0.717203 0.695438 1 0 1.000000
0  1.057255 -15.831991 1.509799  0.710645 0.133188 -0.690829  0.830169 0.622721 1 0 1.000000
0  1.346549 -16.106405 4.585111  0.998120 0.020882 -0.057619  0.823771 0.694594 1 0 1.000000
w_sniper
0  1.059194 -13.413585 1.539814  0.724439 -0.065564 -0.686214  0.885473 0.623385 1 0 1.000000
0  1.346549 -16.106405 4.585111  0.998120 0.020882 -0.057619  0.823771 0.694594 1 0 1.000000
0  1.057255 -15.831991 1.509799  0.710645 0.133188 -0.690829  0.830169 0.622721 1 0 1.000000
w_sniper
0  1.059194 -13.413585 1.539814  0.724439 -0.065564 -0.686214  0.885473 0.623385 1 0 1.000000
0  1.130114 -13.919918 5.887637  0.999072 0.034479 -0.025809  0.874411 0.724221 1 0 1.000000
0  1.346549 -16.106405 4.585111  0.998120 0.020882 -0.057619  0.823771 0.694594 1 0 1.000000
w_sniper
0  1.053422 -10.330581 0.711894  0.627477 0.115098 -0.770081  0.957805 0.604120 1 0 1.000000
0  1.130114 -13.919918 5.887637  0.999072 0.034479 -0.025809  0.874411 0.724221 1 0 1.000000
0  1.059194 -13.413585 1.539814  0.724439 -0.065564 -0.686214  0.885473 0.623385 1 0 1.000000
w_sniper
0  1.053422 -10.330581 0.711894  0.627477 0.115098 -0.770081  0.957805 0.604120 1 0 1.000000
0  1.056282 -9.469709 5.860844  0.323483 0.875420 -0.359165  0.976396 0.724053 1 0 1.000000
0  1.130114 -13.919918 5.887637  0.999072 0.034479 -0.025809  0.874411 0.724221 1 0 1.000000
w_sniper
0  1.053422 -10.330581 0.711894  0.627477 0.115098 -0.770081  0.957805 0.604120 1 0 1.000000
0  1.037864 -9.198416 1.396681  0.600636 0.708608 -0.370286  0.982833 0.620931 1 0 1.000000
0  1.056282 -9.469709 5.860844  0.323483 0.875420 -0.359165  0.976396 0.724053 1 0 1.000000
w_sniper
0  1.220116 -8.301468 2.501843  0.788724 -0.592618 0.163455  0.198745 0.210334 1 0 1.000000
0  1.219657 -8.831532 0.598494  0.510150 -0.847588 0.146087  0.182478 0.161235 1 0 1.000000
0  1.220115 -5.172896 3.058646  1.000000 0.000006 -0.000196  0.276898 0.219661 1 0 1.000000
w_sniper
0  1.219657 -8.831532 0.598494  0.510150 -0.847588 0.146087  0.182478 0.161235 1 0 1.000000
0  1.220115 2.442216 3.058647  1.000000 -0.000024 -0.000039  0.468294 0.220098 1 0 1.000000
0  1.220115 -5.172896 3.058646  1.000000 0.000006 -0.000196  0.276898 0.219661 1 0 1.000000
w_sniper
0  1.219657 -8.831532 0.598494  0.510150 -0.847588 0.146087  0.182478 0.161235 1 0 1.000000
0  1.220115 4.884541 0.744709  1.000000 -0.000016 -0.000017  0.531314 0.161902 1 0 1.000000
0  1.220115 2.442216 3.058647  1.000000 -0.000024 -0.000039  0.468294 0.220098 1 0 1.000000
w_sniper
0  1.220115 4.884541 0.744709  1.000000 -0.000016 -0.000017  0.531314 0.161902 1 0 1.000000
0  1.220115 4.903157 2.682864  1.000000 -0.000000 0.000000  0.529839 0.213839 1 0 1.000000
0  1.220115 2.442216 3.058647  1.000000 -0.000024 -0.000039  0.468294 0.220098 1 0 1.000000
w_sniper
0  -1.431026 -9.197286 1.399280  -0.602508 0.703071 -0.377724  0.702863 0.870836 1 0 1.000000
0  -1.538309 -13.913511 5.909494  -0.996931 -0.039101 -0.067821  0.814418 0.972892 1 0 1.000000
0  -1.549450 -9.469169 5.903031  -0.870397 0.308847 -0.383435  0.713257 0.973716 1 0 1.000000
w_sniper
0  -1.196298 -21.837875 0.589720  -0.725793 -0.172742 -0.665871  0.997772 0.849252 1 0 1.000000
0  -1.194829 -21.378185 5.868438  -0.957391 -0.288499 -0.013101  0.987526 0.973179 1 0 1.000000
0  -1.574155 -20.735027 4.663088  -0.964972 -0.258312 -0.045863  0.971263 0.944030 1 0 1.000000
w_sniper
0  -1.196298 -21.837875 0.589720  -0.725793 -0.172742 -0.665871  0.997772 0.849252 1 0 1.000000
0  -1.574155 -20.735027 4.663088  -0.964972 -0.258312 -0.045863  0.971263 0.944030 1 0 1.000000
0  -1.364073 -19.249195 0.163934  -0.619529 0.047790 -0.783518  0.937257 0.840157 1 0 1.000000
w_sniper
0  -1.764755 -16.106405 4.585111  -0.998071 0.015298 -0.060167  0.863751 0.942683 1 0 1.000000
0  -1.364073 -19.249195 0.163934  -0.619529 0.047790 -0.783518  0.937257 0.840157 1 0 1.000000
0  -1.574155 -20.735027 4.663088  -0.964972 -0.258312 -0.045863  0.971263 0.944030 1 0 1.000000
w_sniper
0  -1.764755 -16.106405 4.585111  -0.998071 0.015298 -0.060167  0.863751 0.942683 1 0 1.000000
0  -1.441380 -15.810800 1.529714  -0.717675 0.143681 -0.681394  0.857683 0.871259 1 0 1.000000
0  -1.364073 -19.249195 0.163934  -0.619529 0.047790 -0.783518  0.937257 0.840157 1 0 1.000000
w_sniper
0  -1.538309 -13.913511 5.909494  -0.996931 -0.039101 -0.067821  0.814418 0.972892 1 0 1.000000
0  -1.441380 -15.810800 1.529714  -0.717675 0.143681 -0.681394  0.857683 0.871259 1 0 1.000000
0  -1.764755 -16.106405 4.585111  -0.998071 0.015298 -0.060167  0.863751 0.942683 1 0 1.000000
w_sniper
0  -1.538309 -13.913511 5.909494  -0.996931 -0.039101 -0.067821  0.814418 0.972892 1 0 1.000000
0  -1.431016 -13.446127 1.529843  -0.726445 -0.062194 -0.684404  0.802442 0.871029 1 0 1.000000
0  -1.441380 -15.810800 1.529714  -0.717675 0.143681 -0.681394  0.857683 0.871259 1 0 1.000000
w_sniper
0  -1.431026 -9.197286 1.399280  -0.602508 0.703071 -0.377724  0.702863 0.870836 1 0 1.000000
0  -1.431016 -13.446127 1.529843  -0.726445 -0.062194 -0.684404  0.802442 0.871029 1 0 1.000000
0  -1.538309 -13.913511 5.909494  -0.996931 -0.039101 -0.067821  0.814418 0.972892 1 0 1.000000
w_sniper
0  -1.431026 -9.197286 1.399280  -0.602508 0.703071 -0.377724  0.702863 0.870836 1 0 1.000000
0  -1.411384 -10.334688 0.712114  -0.618318 0.109874 -0.778210  0.729247 0.855742 1 0 1.000000
0  -1.431016 -13.446127 1.529843  -0.726445 -0.062194 -0.684404  0.802442 0.871029 1 0 1.000000
w_sniper
0  -1.596719 -8.819246 0.601352  -0.006889 -0.989971 0.141102  0.167768 0.092451 1 0 1.000000
0  1.220116 -8.301468 2.501843  0.788724 -0.592618 0.163455  0.119303 0.157934 1 0 1.000000
0  -1.596738 -8.301468 2.501843  0.000000 -0.964833 0.262864  0.119303 0.092451 1 0 1.000000
w_sniper
0  -1.596719 -8.819246 0.601352  -0.006889 -0.989971 0.141102  0.167768 0.092451 1 0 1.000000
0  1.219657 -8.831532 0.598494  0.510150 -0.847588 0.146087  0.167768 0.157934 1 0 1.000000
0  1.220116 -8.301468 2.501843  0.788724 -0.592618 0.163455  0.119303 0.157934 1 0 1.000000
w_sniper
0  1.219657 -8.831532 0.598494  0.510150 -0.847588 0.146087  0.167768 0.157934 1 0 1.000000
0  -1.596719 -8.819246 0.601352  -0.006889 -0.989971 0.141102  0.167768 0.092451 1 0 1.000000
0  -0.862355 -8.854107 -0.092379  -0.003732 -0.999030 0.043888  0.180781 0.109523 1 0 1.000000
w_sniper
0  1.219657 -8.831532 0.598494  0.510150 -0.847588 0.146087  0.167768 0.157934 1 0 1.000000
0  -0.862355 -8.854107 -0.092379  -0.003732 -0.999030 0.043888  0.180781 0.109523 1 0 1.000000
0  0.485733 -8.854107 -0.092379  0.000000 -0.999467 0.032659  0.180761 0.140598 1 0 1.000000
w_sniper
0  -0.005242 7.360437 5.953991  -0.429987 0.900082 -0.070447  0.241823 0.463218 1 0 1.000000
0  -0.305912 7.360437 5.795928  0.306810 0.898825 0.313018  0.252434 0.456973 1 0 1.000000
0  -0.259313 7.404203 6.063879  0.257270 0.881256 -0.396484  0.251075 0.467590 1 0 1.000000
w_sniper
0  -1.547954 5.660901 7.332746  -0.953753 -0.291558 -0.073134  0.386410 0.233977 1 0 1.000000
0  -1.464677 5.406050 7.332798  -0.947605 -0.309662 -0.078455  0.394443 0.234672 1 0 1.000000
0  -1.509971 4.737796 10.517469  -0.944886 -0.044500 0.324361  0.395167 0.313163 1 0 1.000000
w_sniper
0  -1.547954 5.660901 7.332746  -0.953753 -0.291558 -0.073134  0.386410 0.233977 1 0 1.000000
0  -1.509971 4.737796 10.517469  -0.944886 -0.044500 0.324361  0.395167 0.313163 1 0 1.000000
0  -1.493728 4.962184 10.582204  -0.910790 -0.001225 0.412867  0.389214 0.314778 1 0 1.000000
w_sniper
0  -1.493728 4.962184 10.582204  -0.910790 -0.001225 0.412867  0.389214 0.314778 1 0 1.000000
0  -1.509971 4.737796 10.517469  -0.944886 -0.044500 0.324361  0.395167 0.313163 1 0 1.000000
0  -0.699708 4.752410 11.422725  -0.332743 -0.416078 0.846263  0.395176 0.342620 1 0 1.000000
w_sniper
0  -1.493728 4.962184 10.582204  -0.910790 -0.001225 0.412867  0.389214 0.314778 1 0 1.000000
0  -0.699708 4.752410 11.422725  -0.332743 -0.416078 0.846263  0.395176 0.342620 1 0 1.000000
0  -0.712662 4.997854 11.233740  -0.384131 0.606555 0.696085  0.385869 0.340722 1 0 1.000000
w_sniper
0  -0.699708 4.752410 11.422725  -0.332743 -0.416078 0.846263  0.395176 0.342620 1 0 1.000000
0  0.323084 4.997854 11.422725  0.328694 0.419084 0.846362  0.389207 0.367061 1 0 1.000000
0  -0.712662 4.997854 11.233740  -0.384131 0.606555 0.696085  0.385869 0.340722 1 0 1.000000
w_sniper
0  0.323084 4.997854 11.422725  0.328694 0.419084 0.846362  0.389207 0.367061 1 0 1.000000
0  -0.699708 4.752410 11.422725  -0.332743 -0.416078 0.846263  0.395176 0.342620 1 0 1.000000
0  0.336037 4.752410 11.233740  0.368036 -0.609904 0.701831  0.398513 0.368955 1 0 1.000000
w_sniper
0  1.117104 4.716740 10.582204  0.897512 -0.001038 0.440990  0.395168 0.394903 1 0 1.000000
0  0.323084 4.997854 11.422725  0.328694 0.419084 0.846362  0.389207 0.367061 1 0 1.000000
0  0.336037 4.752410 11.233740  0.368036 -0.609904 0.701831  0.398513 0.368955 1 0 1.000000
w_sniper
0  1.117104 4.716740 10.582204  0.897512 -0.001038 0.440990  0.395168 0.394903 1 0 1.000000
0  1.133347 4.983241 10.517470  0.955042 0.021236 0.295708  0.389215 0.396518 1 0 1.000000
0  0.323084 4.997854 11.422725  0.328694 0.419084 0.846362  0.389207 0.367061 1 0 1.000000
w_sniper
0  1.171330 5.415455 7.332746  0.947153 0.316169 0.054205  0.392381 0.474721 1 0 1.000000
0  1.133347 4.983241 10.517470  0.955042 0.021236 0.295708  0.389215 0.396518 1 0 1.000000
0  1.117104 4.716740 10.582204  0.897512 -0.001038 0.440990  0.395168 0.394903 1 0 1.000000
w_sniper
0  1.171330 5.415455 7.332746  0.947153 0.316169 0.054205  0.392381 0.474721 1 0 1.000000
0  1.088053 5.651495 7.332798  0.941537 0.332170 0.056310  0.384457 0.475292 1 0 1.000000
0  1.133347 4.983241 10.517470  0.955042 0.021236 0.295708  0.389215 0.396518 1 0 1.000000
w_sniper
0  -0.020074 -12.256008 -1.103029  0.997160 -0.064464 0.038954  0.284401 0.757034 1 0 1.000000
0  -0.020074 -10.902512 1.136846  0.894727 -0.382245 0.230980  0.306918 0.800499 1 0 1.000000
0  -0.244390 -11.365623 1.136846  0.870296 -0.421543 0.254727  0.298253 0.799990 1 0 1.000000
w_sniper
0  -0.020074 -12.256008 -1.103029  0.997160 -0.064464 0.038954  0.284401 0.757034 1 0 1.000000
0  -0.020074 -11.687414 -0.634900  1.000000 -0.000000 0.000000  0.294135 0.766397 1 0 1.000000
0  -0.020074 -10.902512 1.136846  0.894727 -0.382245 0.230980  0.306918 0.800499 1 0 1.000000
w_sniper
0  -0.020074 -8.326776 -1.267931  0.619212 0.469928 -0.629082  0.358519 0.757479 1 0 1.000000
0  -0.020074 -11.687414 -0.634900  1.000000 -0.000000 0.000000  0.294135 0.766397 1 0 1.000000
0  -0.020074 -12.256008 -1.103029  0.997160 -0.064464 0.038954  0.284401 0.757034 1 0 1.000000
w_sniper
0  -0.020074 -8.326776 -1.267931  0.619212 0.469928 -0.629082  0.358519 0.757479 1 0 1.000000
0  -0.020074 -9.480289 -0.782439  0.999919 0.010603 0.007086  0.335659 0.766002 1 0 1.000000
0  -0.020074 -11.687414 -0.634900  1.000000 -0.000000 0.000000  0.294135 0.766397 1 0 1.000000
w_sniper
0  -0.020074 -9.480289 -0.782439  0.999919 0.010603 0.007086  0.335659 0.766002 1 0 1.000000
0  -0.020074 -8.326776 -1.267931  0.619212 0.469928 -0.629082  0.358519 0.757479 1 0 1.000000
0  -0.132232 -7.464679 2.168102  0.989890 0.139096 -0.027750  0.372659 0.821971 1 0 1.000000
w_sniper
0  -0.020074 -9.480289 -0.782439  0.999919 0.010603 0.007086  0.335659 0.766002 1 0 1.000000
0  -0.132232 -7.464679 2.168102  0.989890 0.139096 -0.027750  0.372659 0.821971 1 0 1.000000
0  -0.020074 -8.669766 2.168102  0.995375 0.092640 -0.025448  0.350066 0.821602 1 0 1.000000
w_sniper
0  0.112511 -12.594125 -3.022643  0.618959 0.736966 0.271609  0.341808 0.930299 1 0 1.000000
0  0.297767 -12.757568 -3.344174  0.826029 0.478889 0.297221  0.337590 0.926403 1 0 1.000000
0  0.090787 -12.378337 -3.555806  0.500425 0.580949 -0.641930  0.341690 0.921390 1 0 1.000000
w_sniper
0  0.112511 -12.594125 -3.022643  0.618959 0.736966 0.271609  0.341808 0.930299 1 0 1.000000
0  0.321624 -15.059731 -2.003731  0.908837 0.187137 0.372819  0.302329 0.938697 1 0 1.000000
0  0.297767 -12.757568 -3.344174  0.826029 0.478889 0.297221  0.337590 0.926403 1 0 1.000000
w_sniper
0  0.321624 -15.059731 -2.003731  0.908837 0.187137 0.372819  0.302329 0.938697 1 0 1.000000
0  0.300063 -20.103741 -0.587045  0.999973 -0.006944 0.002241  0.218137 0.939923 1 0 1.000000
0  0.297767 -12.757568 -3.344174  0.826029 0.478889 0.297221  0.337590 0.926403 1 0 1.000000
w_sniper
0  0.321624 -15.059731 -2.003731  0.908837 0.187137 0.372819  0.302329 0.938697 1 0 1.000000
0  0.300063 -19.912611 -0.218195  0.758474 0.336744 0.557961  0.220062 0.945876 1 0 1.000000
0  0.300063 -20.103741 -0.587045  0.999973 -0.006944 0.002241  0.218137 0.939923 1 0 1.000000
w_sniper
0  0.278393 -21.383091 1.158136  0.999944 -0.008742 0.006008  0.196129 0.965828 1 0 1.000000
0  0.300063 -20.103741 -0.587045  0.999973 -0.006944 0.002241  0.218137 0.939923 1 0 1.000000
0  0.300063 -19.912611 -0.218195  0.758474 0.336744 0.557961  0.220062 0.945876 1 0 1.000000
w_sniper
0  0.278393 -21.383091 1.158136  0.999944 -0.008742 0.006008  0.196129 0.965828 1 0 1.000000
0  0.278393 -21.857929 0.655524  0.999944 -0.008599 0.006113  0.189231 0.957464 1 0 1.000000
0  0.300063 -20.103741 -0.587045  0.999973 -0.006944 0.002241  0.218137 0.939923 1 0 1.000000
w_sniper
0  -1.893821 4.950562 0.396004  -0.652926 0.140757 -0.744228  0.350609 0.243508 1 0 1.000000
0  -1.699369 6.700474 3.453738  -0.983673 -0.042090 0.174972  0.310916 0.311291 1 0 1.000000
0  -1.889785 6.433024 0.978505  -0.841859 0.262125 -0.471766  0.316792 0.254831 1 0 1.000000
w_sniper
0  -1.893821 4.950562 0.396004  -0.652926 0.140757 -0.744228  0.350609 0.243508 1 0 1.000000
0  -1.614619 4.920754 3.180118  -0.987121 -0.006924 0.159824  0.351489 0.305192 1 0 1.000000
0  -1.699369 6.700474 3.453738  -0.983673 -0.042090 0.174972  0.310916 0.311291 1 0 1.000000
w_sniper
0  -0.939830 6.630862 3.250236  0.068759 0.991011 -0.114759  0.289239 0.308365 1 0 1.000000
0  0.628552 6.636109 3.289355  -0.061375 0.993366 -0.097244  0.254139 0.309340 1 0 1.000000
0  0.163382 6.599695 2.991928  -0.029276 0.988220 -0.150216  0.265083 0.303579 1 0 1.000000
w_sniper
0  0.628552 6.636109 3.289355  -0.061375 0.993366 -0.097244  0.254139 0.309340 1 0 1.000000
0  0.169669 6.304689 1.405194  -0.059038 0.998179 -0.012401  0.265316 0.270701 1 0 1.000000
0  0.163382 6.599695 2.991928  -0.029276 0.988220 -0.150216  0.265083 0.303579 1 0 1.000000
w_sniper
0  0.628552 6.636109 3.289355  -0.061375 0.993366 -0.097244  0.254139 0.309340 1 0 1.000000
0  0.639581 6.351847 0.977077  -0.110069 0.989952 -0.088772  0.255455 0.262260 1 0 1.000000
0  0.169669 6.304689 1.405194  -0.059038 0.998179 -0.012401  0.265316 0.270701 1 0 1.000000
w_sniper
0  0.639581 6.351847 0.977077  -0.110069 0.989952 -0.088772  0.255455 0.262260 1 0 1.000000
0  -0.546058 6.305181 1.405223  0.069684 0.997255 -0.025019  0.280045 0.270510 1 0 1.000000
0  0.169669 6.304689 1.405194  -0.059038 0.998179 -0.012401  0.265316 0.270701 1 0 1.000000
w_sniper
0  0.639581 6.351847 0.977077  -0.110069 0.989952 -0.088772  0.255455 0.262260 1 0 1.000000
0  -0.961372 6.344171 1.019292  0.080422 0.991695 -0.100370  0.288785 0.262450 1 0 1.000000
0  -0.546058 6.305181 1.405223  0.069684 0.997255 -0.025019  0.280045 0.270510 1 0 1.000000
w_sniper
0  -0.961372 6.344171 1.019292  0.080422 0.991695 -0.100370  0.288785 0.262450 1 0 1.000000
0  -0.540036 6.600046 2.992078  0.041841 0.989315 -0.139661  0.279498 0.303379 1 0 1.000000
0  -0.546058 6.305181 1.405223  0.069684 0.997255 -0.025019  0.280045 0.270510 1 0 1.000000
w_sniper
0  -0.961372 6.344171 1.019292  0.080422 0.991695 -0.100370  0.288785 0.262450 1 0 1.000000
0  -0.939830 6.630862 3.250236  0.068759 0.991011 -0.114759  0.289239 0.308365 1 0 1.000000
0  -0.540036 6.600046 2.992078  0.041841 0.989315 -0.139661  0.279498 0.303379 1 0 1.000000
w_sniper
0  -0.939830 6.630862 3.250236  0.068759 0.991011 -0.114759  0.289239 0.308365 1 0 1.000000
0  0.163382 6.599695 2.991928  -0.029276 0.988220 -0.150216  0.265083 0.303579 1 0 1.000000
0  -0.540036 6.600046 2.992078  0.041841 0.989315 -0.139661  0.279498 0.303379 1 0 1.000000
w_sniper
0  -0.420150 8.655918 -1.902745  -0.393061 0.360846 -0.845750  0.162291 0.755253 1 0 1.000000
0  0.042769 8.244636 -1.911454  -0.000889 0.020171 -0.999796  0.147239 0.741328 1 0 1.000000
0  -0.402575 8.228886 -1.911978  -0.343123 -0.386701 -0.855996  0.162061 0.741117 1 0 1.000000
w_sniper
0  -0.420150 8.655918 -1.902745  -0.393061 0.360846 -0.845750  0.162291 0.755253 1 0 1.000000
0  0.026833 8.671423 -1.903399  0.333757 0.417105 -0.845358  0.147450 0.755454 1 0 1.000000
0  0.042769 8.244636 -1.911454  -0.000889 0.020171 -0.999796  0.147239 0.741328 1 0 1.000000
w_sniper
0  1.513161 4.868737 0.481544  0.995769 -0.037188 0.084024  0.193148 0.244941 1 0 1.000000
0  1.322745 6.700474 3.453738  0.993916 -0.055712 0.095010  0.234504 0.312389 1 0 1.000000
0  1.223336 4.931580 3.208762  0.991430 -0.074955 0.106996  0.194453 0.306773 1 0 1.000000
w_sniper
0  1.513161 4.868737 0.481544  0.995769 -0.037188 0.084024  0.193148 0.244941 1 0 1.000000
0  1.513161 6.433024 0.978505  0.997237 -0.017776 0.072133  0.228657 0.256207 1 0 1.000000
0  1.322745 6.700474 3.453738  0.993916 -0.055712 0.095010  0.234504 0.312389 1 0 1.000000
w_sniper
0  1.513161 4.868737 0.481544  0.995769 -0.037188 0.084024  0.193148 0.244941 1 0 1.000000
0  1.513161 5.652647 0.481544  0.997237 -0.017841 0.072110  0.210943 0.244927 1 0 1.000000
0  1.513161 6.433024 0.978505  0.997237 -0.017776 0.072133  0.228657 0.256207 1 0 1.000000
w_sniper
0  -0.540036 6.600046 2.992078  0.000258 0.024819 0.999692  0.209624 0.830565 1 0 1.000000
0  0.163382 6.599695 2.991928  0.000225 0.024833 0.999692  0.194139 0.831153 1 0 1.000000
0  0.163405 8.284810 2.950069  0.596886 0.474993 0.646613  0.192863 0.793889 1 0 1.000000
w_sniper
0  -0.540036 6.600046 2.992078  0.000258 0.024819 0.999692  0.209624 0.830565 1 0 1.000000
0  0.163405 8.284810 2.950069  0.596886 0.474993 0.646613  0.192863 0.793889 1 0 1.000000
0  -0.540053 8.285094 2.950314  0.000519 0.593485 0.804845  0.208445 0.793366 1 0 1.000000
w_sniper
0  -1.889785 5.016603 7.332746  -0.718234 -0.051278 0.693909  0.349103 0.399987 1 0 1.000000
0  -1.645625 6.429368 4.977603  -0.994004 -0.062472 -0.089737  0.317034 0.345973 1 0 1.000000
0  -1.585704 5.289132 5.309521  -0.992693 -0.063059 -0.102884  0.343245 0.353839 1 0 1.000000
w_sniper
0  -1.889785 5.016603 7.332746  -0.718234 -0.051278 0.693909  0.349103 0.399987 1 0 1.000000
0  -1.900386 6.133117 7.309675  -0.634538 0.531172 0.561443  0.324618 0.398838 1 0 1.000000
0  -1.645625 6.429368 4.977603  -0.994004 -0.062472 -0.089737  0.317034 0.345973 1 0 1.000000
w_sniper
0  0.169669 8.793795 1.446924  0.873643 0.460365 0.157520  0.159673 0.782876 1 0 1.000000
0  0.169669 8.106058 0.060719  1.000000 0.000000 0.000000  0.129089 0.798144 1 0 1.000000
0  0.169669 8.793795 0.073637  1.000000 0.000000 0.000000  0.129335 0.782933 1 0 1.000000
w_sniper
0  0.169669 8.793795 1.446924  0.873643 0.460365 0.157520  0.159673 0.782876 1 0 1.000000
0  0.169669 8.106058 1.434006  0.999996 -0.000018 0.002716  0.159427 0.798108 1 0 1.000000
0  0.169669 8.106058 0.060719  1.000000 0.000000 0.000000  0.129089 0.798144 1 0 1.000000
w_sniper
0  0.169669 8.793795 1.446924  0.873643 0.460365 0.157520  0.159673 0.782876 1 0 1.000000
0  0.163405 8.284810 2.950069  0.596886 0.474993 0.646613  0.192863 0.793889 1 0 1.000000
0  0.169669 8.106058 1.434006  0.999996 -0.000018 0.002716  0.159427 0.798108 1 0 1.000000
w_sniper
0  0.163382 6.599695 2.991928  0.999992 0.000005 0.004040  0.194139 0.831153 1 0 1.000000
0  0.169669 8.106058 1.434006  0.999996 -0.000018 0.002716  0.159427 0.798108 1 0 1.000000
0  0.163405 8.284810 2.950069  0.596886 0.474993 0.646613  0.192863 0.793889 1 0 1.000000
w_sniper
0  0.163382 6.599695 2.991928  0.999992 0.000005 0.004040  0.194139 0.831153 1 0 1.000000
0  0.169669 6.304689 1.405194  0.999992 -0.000064 0.003974  0.158982 0.837967 1 0 1.000000
0  0.169669 8.106058 1.434006  0.999996 -0.000018 0.002716  0.159427 0.798108 1 0 1.000000
w_sniper
0  1.529179 6.168274 7.298589  0.597655 0.574816 0.558923  0.221199 0.398965 1 0 1.000000
0  1.252768 5.284485 5.334783  0.996301 0.006303 -0.085697  0.201885 0.355383 1 0 1.000000
0  1.218104 6.404529 4.951697  0.997517 0.015818 -0.068627  0.227595 0.346308 1 0 1.000000
w_sniper
0  1.529179 6.168274 7.298589  0.597655 0.574816 0.558923  0.221199 0.398965 1 0 1.000000
0  1.513161 5.016603 7.332746  0.717447 -0.025536 0.696145  0.196505 0.400648 1 0 1.000000
0  1.252768 5.284485 5.334783  0.996301 0.006303 -0.085697  0.201885 0.355383 1 0 1.000000
w_sniper
0  -0.546058 8.106524 1.434149  -0.999997 -0.000046 0.002635  0.242177 0.795577 1 0 1.000000
0  -0.546058 8.794248 0.073830  -1.000000 0.000000 0.000000  0.271757 0.779602 1 0 1.000000
0  -0.546058 8.106524 0.060862  -1.000000 0.000000 0.000000  0.272485 0.794788 1 0 1.000000
w_sniper
0  -0.546058 8.106524 1.434149  -0.999997 -0.000046 0.002635  0.242177 0.795577 1 0 1.000000
0  -0.546058 8.794248 1.447117  -0.999998 -0.000034 0.001781  0.241325 0.780518 1 0 1.000000
0  -0.546058 8.794248 0.073830  -1.000000 0.000000 0.000000  0.271757 0.779602 1 0 1.000000
w_sniper
0  -0.540053 8.285094 2.950314  -0.999992 -0.000014 0.003901  0.208445 0.793366 1 0 1.000000
0  -0.546058 8.794248 1.447117  -0.999998 -0.000034 0.001781  0.241325 0.780518 1 0 1.000000
0  -0.546058 8.106524 1.434149  -0.999997 -0.000046 0.002635  0.242177 0.795577 1 0 1.000000
w_sniper
0  -0.546058 6.305181 1.405223  -0.999993 0.000014 0.003868  0.244815 0.835224 1 0 1.000000
0  -0.540053 8.285094 2.950314  -0.999992 -0.000014 0.003901  0.208445 0.793366 1 0 1.000000
0  -0.546058 8.106524 1.434149  -0.999997 -0.000046 0.002635  0.242177 0.795577 1 0 1.000000
w_sniper
0  -0.546058 6.305181 1.405223  -0.999993 0.000014 0.003868  0.244815 0.835224 1 0 1.000000
0  -0.540036 6.600046 2.992078  -0.999993 0.000084 0.003779  0.209624 0.830565 1 0 1.000000
0  -0.540053 8.285094 2.950314  -0.999992 -0.000014 0.003901  0.208445 0.793366 1 0 1.000000
w_sniper
0  0.445473 9.011043 0.077661  0.731540 0.681451 0.021760  0.227476 0.716065 1 0 1.000000
0  0.445398 7.888554 -1.604691  0.731107 -0.681916 -0.021769  0.202661 0.678336 1 0 1.000000
0  0.401043 9.055502 -1.582756  0.682188 0.730869 -0.021225  0.228411 0.678832 1 0 1.000000
w_sniper
0  0.445473 9.011043 0.077661  0.731540 0.681451 0.021760  0.227476 0.716065 1 0 1.000000
0  0.400945 7.844129 0.055742  0.681654 -0.731366 0.021234  0.201781 0.715580 1 0 1.000000
0  0.445398 7.888554 -1.604691  0.731107 -0.681916 -0.021769  0.202661 0.678336 1 0 1.000000
w_sniper
0  0.400945 7.844129 0.055742  0.681654 -0.731366 0.021234  0.201781 0.715580 1 0 1.000000
0  -0.777433 7.844819 -1.605279  -0.675390 -0.737160 -0.021052  0.175735 0.678334 1 0 1.000000
0  0.445398 7.888554 -1.604691  0.731107 -0.681916 -0.021769  0.202661 0.678336 1 0 1.000000
w_sniper
0  0.400945 7.844129 0.055742  0.681654 -0.731366 0.021234  0.201781 0.715580 1 0 1.000000
0  -0.821864 7.889278 0.056830  -0.737066 -0.675473 0.021702  0.174922 0.715598 1 0 1.000000
0  -0.777433 7.844819 -1.605279  -0.675390 -0.737160 -0.021052  0.175735 0.678334 1 0 1.000000
w_sniper
0  -0.821864 7.889278 0.056830  -0.737066 -0.675473 0.021702  0.174922 0.715598 1 0 1.000000
0  -0.821789 9.011751 -1.583270  -0.738425 0.673933 -0.023307  0.149917 0.678830 1 0 1.000000
0  -0.777433 7.844819 -1.605279  -0.675390 -0.737160 -0.021052  0.175735 0.678334 1 0 1.000000
w_sniper
0  -0.821864 7.889278 0.056830  -0.737066 -0.675473 0.021702  0.174922 0.715598 1 0 1.000000
0  -0.777335 9.056175 0.078816  -0.674873 0.737633 0.021063  0.149134 0.716084 1 0 1.000000
0  -0.821789 9.011751 -1.583270  -0.738425 0.673933 -0.023307  0.149917 0.678830 1 0 1.000000
w_sniper
0  -0.020074 -8.326776 -1.267931  0.619212 0.469928 -0.629082  0.371394 0.751492 1 0 1.000000
0  -0.356548 -8.308581 -1.280668  0.061087 0.590763 -0.804529  0.364761 0.750289 1 0 1.000000
0  -0.132232 -7.464679 2.168102  0.989890 0.139096 -0.027750  0.381587 0.687094 1 0 1.000000
w_sniper
0  -1.419820 5.660901 7.332746  0.177180 0.960833 0.213088  0.383405 0.234610 1 0 1.000000
0  -1.547954 5.660901 7.332746  0.180516 0.959902 0.214482  0.386410 0.233977 1 0 1.000000
0  -1.493728 4.962184 10.582204  0.027498 0.994151 0.104437  0.389214 0.314778 1 0 1.000000
w_sniper
0  -1.419820 5.660901 7.332746  0.177180 0.960833 0.213088  0.383405 0.234610 1 0 1.000000
0  -1.493728 4.962184 10.582204  0.027498 0.994151 0.104437  0.389214 0.314778 1 0 1.000000
0  -1.383939 4.982820 10.312450  0.741531 0.670875 0.007665  0.384929 0.309804 1 0 1.000000
w_sniper
0  -0.712662 4.997854 11.233740  0.335016 0.388941 -0.858190  0.385869 0.340722 1 0 1.000000
0  -1.383939 4.982820 10.312450  0.741531 0.670875 0.007665  0.384929 0.309804 1 0 1.000000
0  -1.493728 4.962184 10.582204  0.027498 0.994151 0.104437  0.389214 0.314778 1 0 1.000000
w_sniper
0  -0.712662 4.997854 11.233740  -0.384131 0.606555 0.696085  0.385869 0.340722 1 0 1.000000
0  0.323084 4.997854 11.422725  0.328694 0.419084 0.846362  0.389207 0.367061 1 0 1.000000
0  0.426783 4.997854 11.077186  0.014378 0.999897 -0.000291  0.384282 0.373067 1 0 1.000000
w_sniper
0  1.133347 4.983241 10.517470  -0.164032 0.986454 -0.001528  0.389215 0.396518 1 0 1.000000
0  0.426783 4.997854 11.077186  0.014378 0.999897 -0.000291  0.384282 0.373067 1 0 1.000000
0  0.323084 4.997854 11.422725  0.328694 0.419084 0.846362  0.389207 0.367061 1 0 1.000000
w_sniper
0  1.133347 4.983241 10.517470  -0.164032 0.986454 -0.001528  0.389215 0.396518 1 0 1.000000
0  0.987278 4.961749 10.386325  -0.702714 0.698508 -0.135200  0.384900 0.397872 1 0 1.000000
0  0.426783 4.997854 11.077186  0.014378 0.999897 -0.000291  0.384282 0.373067 1 0 1.000000
w_sniper
0  1.088053 5.651495 7.332798  -0.988826 0.145636 0.031824  0.384457 0.475292 1 0 1.000000
0  0.987278 4.961749 10.386325  -0.702714 0.698508 -0.135200  0.384900 0.397872 1 0 1.000000
0  1.133347 4.983241 10.517470  -0.164032 0.986454 -0.001528  0.389215 0.396518 1 0 1.000000
w_sniper
0  0.624629 5.063059 7.280835  -0.075197 0.028993 0.996747  0.256651 0.419738 1 0 1.000000
0  0.616486 6.097877 7.239222  -0.092619 0.674570 0.732378  0.255604 0.398691 1 0 1.000000
0  -0.135071 5.899150 7.201833  -0.022546 -0.096257 0.995101  0.271161 0.401459 1 0 1.000000
w_sniper
0  0.616486 6.097877 7.239222  -0.092619 0.674570 0.732378  0.255604 0.398691 1 0 1.000000
0  -0.241492 5.899217 7.201804  -0.038176 0.001174 0.999270  0.273403 0.401391 1 0 1.000000
0  -0.135071 5.899150 7.201833  -0.022546 -0.096257 0.995101  0.271161 0.401459 1 0 1.000000
w_sniper
0  0.616486 6.097877 7.239222  -0.092619 0.674570 0.732378  0.255604 0.398691 1 0 1.000000
0  -0.906438 6.056993 7.174410  0.416192 0.603007 0.680563  0.287070 0.397621 1 0 1.000000
0  -0.241492 5.899217 7.201804  -0.038176 0.001174 0.999270  0.273403 0.401391 1 0 1.000000
w_sniper
0  -0.906438 6.056993 7.174410  0.416192 0.603007 0.680563  0.287070 0.397621 1 0 1.000000
0  -0.170542 5.376386 7.224143  -0.014439 0.111855 0.993620  0.271939 0.411885 1 0 1.000000
0  -0.241492 5.899217 7.201804  -0.038176 0.001174 0.999270  0.273403 0.401391 1 0 1.000000
w_sniper
0  -0.906438 6.056993 7.174410  0.416192 0.603007 0.680563  0.287070 0.397621 1 0 1.000000
0  -0.987630 5.080005 7.280584  0.026516 0.120673 0.992338  0.287909 0.419283 1 0 1.000000
0  -0.170542 5.376386 7.224143  -0.014439 0.111855 0.993620  0.271939 0.411885 1 0 1.000000
w_sniper
0  -0.987630 5.080005 7.280584  0.026516 0.120673 0.992338  0.287909 0.419283 1 0 1.000000
0  0.624629 5.063059 7.280835  -0.075197 0.028993 0.996747  0.256651 0.419738 1 0 1.000000
0  -0.170542 5.376386 7.224143  -0.014439 0.111855 0.993620  0.271939 0.411885 1 0 1.000000
w_sniper
0  0.624629 5.063059 7.280835  -0.075197 0.028993 0.996747  0.256651 0.419738 1 0 1.000000
0  -0.135071 5.899150 7.201833  -0.022546 -0.096257 0.995101  0.271161 0.401459 1 0 1.000000
0  -0.170542 5.376386 7.224143  -0.014439 0.111855 0.993620  0.271939 0.411885 1 0 1.000000
w_sniper
0  -1.420911 -21.740082 0.591526  -0.015519 0.964120 -0.265013  0.527345 0.336742 1 0 1.000000
0  0.632096 -22.086090 -0.136354  0.006648 0.910271 -0.413959  0.559606 0.348933 1 0 1.000000
0  -1.008718 -22.086090 -0.136354  0.000000 0.903148 -0.429329  0.534176 0.348985 1 0 1.000000
w_sniper
0  -1.420911 -21.740082 0.591526  -0.015519 0.964120 -0.265013  0.527345 0.336742 1 0 1.000000
0  1.054972 -21.755817 0.605612  0.004242 0.972211 -0.234069  0.566386 0.336464 1 0 1.000000
0  0.632096 -22.086090 -0.136354  0.006648 0.910271 -0.413959  0.559606 0.348933 1 0 1.000000
w_sniper
0  -1.566538 -21.318825 3.712912  0.016024 0.996588 -0.080970  0.525407 0.288199 1 0 1.000000
0  1.054972 -21.755817 0.605612  0.004242 0.972211 -0.234069  0.566386 0.336464 1 0 1.000000
0  -1.420911 -21.740082 0.591526  -0.015519 0.964120 -0.265013  0.527345 0.336742 1 0 1.000000
w_sniper
0  -1.566538 -21.318825 3.712912  0.016024 0.996588 -0.080970  0.525407 0.288199 1 0 1.000000
0  1.287284 -21.316006 4.595887  0.014305 0.997914 -0.062948  0.569238 0.274737 1 0 1.000000
0  1.054972 -21.755817 0.605612  0.004242 0.972211 -0.234069  0.566386 0.336464 1 0 1.000000
w_sniper
0  -1.740740 -21.256790 6.849543  -0.002026 0.999331 -0.036504  0.523124 0.240561 1 0 1.000000
0  1.287284 -21.316006 4.595887  0.014305 0.997914 -0.062948  0.569238 0.274737 1 0 1.000000
0  -1.566538 -21.318825 3.712912  0.016024 0.996588 -0.080970  0.525407 0.288199 1 0 1.000000
w_sniper
0  -1.740740 -21.256790 6.849543  -0.002026 0.999331 -0.036504  0.523124 0.240561 1 0 1.000000
0  1.266803 -21.220839 7.054655  -0.004269 0.999283 -0.037631  0.568681 0.237797 1 0 1.000000
0  1.287284 -21.316006 4.595887  0.014305 0.997914 -0.062948  0.569238 0.274737 1 0 1.000000
w_sniper
0  -1.125900 -21.209824 7.464750  -0.006534 0.997869 -0.064929  0.532500 0.231982 1 0 1.000000
0  1.266803 -21.220839 7.054655  -0.004269 0.999283 -0.037631  0.568681 0.237797 1 0 1.000000
0  -1.740740 -21.256790 6.849543  -0.002026 0.999331 -0.036504  0.523124 0.240561 1 0 1.000000
w_sniper
0  1.266803 -21.220839 7.054655  -0.004269 0.999283 -0.037631  0.568681 0.237797 1 0 1.000000
0  -1.125900 -21.209824 7.464750  -0.006534 0.997869 -0.064929  0.532500 0.231982 1 0 1.000000
0  0.380109 -21.206995 7.562179  -0.000102 0.999623 -0.027450  0.555458 0.229617 1 0 1.000000
w_sniper
0  0.278393 -21.857929 0.655524  0.000000 -0.578023 -0.816020  0.473223 0.854367 1 0 1.000000
0  -0.655015 -21.857929 0.655524  0.000000 -0.578023 -0.816021  0.473223 0.871366 1 0 1.000000
0  -0.676685 -20.103741 -0.587045  -0.000306 -0.468595 -0.883413  0.435125 0.871761 1 0 1.000000
w_sniper
0  0.278393 -21.857929 0.655524  0.000000 -0.578023 -0.816020  0.473223 0.854367 1 0 1.000000
0  -0.676685 -20.103741 -0.587045  -0.000306 -0.468595 -0.883413  0.435125 0.871761 1 0 1.000000
0  0.300063 -20.103741 -0.587045  -0.000005 -0.468663 -0.883377  0.435125 0.853972 1 0 1.000000
w_sniper
0  0.297767 -12.757568 -3.344174  0.005285 -0.434866 -0.900480  0.292296 0.853258 1 0 1.000000
0  0.300063 -20.103741 -0.587045  -0.000005 -0.468663 -0.883377  0.435125 0.853972 1 0 1.000000
0  -0.676685 -20.103741 -0.587045  -0.000306 -0.468595 -0.883413  0.435125 0.871761 1 0 1.000000
w_sniper
0  0.297767 -12.757568 -3.344174  0.005285 -0.434866 -0.900480  0.292296 0.853258 1 0 1.000000
0  -0.676685 -20.103741 -0.587045  -0.000306 -0.468595 -0.883413  0.435125 0.871761 1 0 1.000000
0  -0.730555 -12.781834 -3.327063  -0.937708 -0.128967 -0.322600  0.292814 0.872624 1 0 1.000000
w_sniper
0  0.297767 -12.757568 -3.344174  0.005285 -0.434866 -0.900480  0.292296 0.853258 1 0 1.000000
0  -0.730555 -12.781834 -3.327063  -0.937708 -0.128967 -0.322600  0.292814 0.872624 1 0 1.000000
0  -0.510570 -12.401627 -3.570046  -0.510758 0.608019 -0.607815  0.285477 0.868372 1 0 1.000000
w_sniper
0  0.297767 -12.757568 -3.344174  0.005285 -0.434866 -0.900480  0.292296 0.853258 1 0 1.000000
0  -0.510570 -12.401627 -3.570046  -0.510758 0.608019 -0.607815  0.285477 0.868372 1 0 1.000000
0  0.090787 -12.378337 -3.555806  0.500425 0.580949 -0.641930  0.285477 0.857463 1 0 1.000000
w_sniper
0  0.073852 -11.378466 1.092483  0.995872 0.090037 0.011487  0.344002 0.997152 1 0 1.000000
0  0.218889 -13.542809 1.617029  0.995916 0.086476 0.025958  0.310717 0.995542 1 0 1.000000
0  0.305594 -13.617654 0.059155  0.996546 0.082979 -0.003301  0.314289 0.972806 1 0 1.000000
w_sniper
0  0.073852 -11.378466 1.092483  0.995872 0.090037 0.011487  0.344002 0.997152 1 0 1.000000
0  0.305594 -13.617654 0.059155  0.996546 0.082979 -0.003301  0.314289 0.972806 1 0 1.000000
0  0.112511 -12.594125 -3.022643  0.618959 0.736966 0.271609  0.341808 0.930299 1 0 1.000000
w_sniper
0  0.321624 -15.059731 -2.003731  0.908837 0.187137 0.372819  0.302329 0.938697 1 0 1.000000
0  0.112511 -12.594125 -3.022643  0.618959 0.736966 0.271609  0.341808 0.930299 1 0 1.000000
0  0.305594 -13.617654 0.059155  0.996546 0.082979 -0.003301  0.314289 0.972806 1 0 1.000000
w_sniper
0  -0.356548 -8.308581 -1.280668  0.061087 0.590763 -0.804529  0.358545 0.750721 1 0 1.000000
0  -0.020074 -12.256008 -1.103029  0.044092 -0.806615 -0.589430  0.284401 0.757034 1 0 1.000000
0  -0.356548 -12.274430 -1.102016  -0.549733 -0.712568 -0.435936  0.284381 0.750810 1 0 1.000000
w_sniper
0  -0.356548 -8.308581 -1.280668  0.061087 0.590763 -0.804529  0.358545 0.750721 1 0 1.000000
0  -0.020074 -8.326776 -1.267931  0.619212 0.469928 -0.629082  0.358519 0.757479 1 0 1.000000
0  -0.020074 -12.256008 -1.103029  0.044092 -0.806615 -0.589430  0.284401 0.757034 1 0 1.000000
w_sniper
0  -0.356548 -11.687414 -0.634900  -0.998411 -0.039406 0.040286  0.294175 0.741556 1 0 1.000000
0  -0.244390 -11.365623 1.136846  -0.952316 -0.278073 0.125576  0.299028 0.708095 1 0 1.000000
0  -0.356548 -10.902512 1.136846  -0.966662 -0.234110 0.103713  0.307703 0.707771 1 0 1.000000
w_sniper
0  -0.356548 -11.687414 -0.634900  -0.998411 -0.039406 0.040286  0.294175 0.741556 1 0 1.000000
0  -0.356548 -12.274430 -1.102016  -0.549733 -0.712568 -0.435936  0.284381 0.750810 1 0 1.000000
0  -0.244390 -11.365623 1.136846  -0.952316 -0.278073 0.125576  0.299028 0.708095 1 0 1.000000
w_sniper
0  -0.356548 -8.308581 -1.280668  -0.999336 0.036233 0.003795  0.358545 0.750721 1 0 1.000000
0  -0.356548 -12.274430 -1.102016  -0.549733 -0.712568 -0.435936  0.284381 0.750810 1 0 1.000000
0  -0.356548 -11.687414 -0.634900  -0.998411 -0.039406 0.040286  0.294175 0.741556 1 0 1.000000
w_sniper
0  -0.356548 -8.308581 -1.280668  -0.999336 0.036233 0.003795  0.358545 0.750721 1 0 1.000000
0  -0.356548 -11.687414 -0.634900  -0.998411 -0.039406 0.040286  0.294175 0.741556 1 0 1.000000
0  -0.356548 -9.480289 -0.782439  -1.000000 -0.000000 0.000000  0.335701 0.741957 1 0 1.000000
w_sniper
0  -0.356548 -8.308581 -1.280668  -0.999336 0.036233 0.003795  0.358545 0.750721 1 0 1.000000
0  -0.356548 -9.480289 -0.782439  -1.000000 -0.000000 0.000000  0.335701 0.741957 1 0 1.000000
0  -0.356548 -8.669766 2.168102  -0.989114 0.146350 0.015327  0.350641 0.686487 1 0 1.000000
w_sniper
0  -0.356548 -8.308581 -1.280668  -0.999336 0.036233 0.003795  0.358545 0.750721 1 0 1.000000
0  -0.356548 -8.669766 2.168102  -0.989114 0.146350 0.015327  0.350641 0.686487 1 0 1.000000
0  -0.132232 -7.464679 2.168102  -0.982933 0.182964 0.019162  0.373238 0.686332 1 0 1.000000
w_sniper
0  -0.490109 -12.571609 -3.187460  0.001217 0.984939 0.172898  0.351074 0.927814 1 0 1.000000
0  -0.483748 -12.268156 -1.425861  -0.182252 0.945153 -0.271053  0.351139 0.955451 1 0 1.000000
0  0.112511 -12.594125 -3.022643  0.618959 0.736966 0.271609  0.341808 0.930299 1 0 1.000000
w_sniper
0  -0.483748 -12.268156 -1.425861  -0.182252 0.945153 -0.271053  0.351139 0.955451 1 0 1.000000
0  0.073852 -11.378466 1.092483  -0.003192 0.943106 -0.332478  0.344002 0.997152 1 0 1.000000
0  0.112511 -12.594125 -3.022643  0.618959 0.736966 0.271609  0.341808 0.930299 1 0 1.000000
w_sniper
0  -0.451700 -11.361319 1.087178  0.034095 0.939945 -0.339618  0.351207 0.997034 1 0 1.000000
0  0.073852 -11.378466 1.092483  -0.003192 0.943106 -0.332478  0.344002 0.997152 1 0 1.000000
0  -0.483748 -12.268156 -1.425861  -0.182252 0.945153 -0.271053  0.351139 0.955451 1 0 1.000000
w_sniper
0  0.822576 -10.961666 8.885839  0.687657 0.610513 0.392939  0.652654 0.870594 1 0 1.000000
0  0.904787 -11.711428 7.029442  0.998819 -0.008805 0.047789  0.642362 0.844607 1 0 1.000000
0  0.904787 -10.961666 7.029442  0.999021 0.000000 0.044242  0.652842 0.844691 1 0 1.000000
w_sniper
0  0.822576 -10.961666 8.885839  0.687657 0.610513 0.392939  0.652654 0.870594 1 0 1.000000
0  0.795365 -11.711429 8.887927  0.868350 -0.030136 0.495036  0.642159 0.870685 1 0 1.000000
0  0.904787 -11.711428 7.029442  0.998819 -0.008805 0.047789  0.642362 0.844607 1 0 1.000000
w_sniper
0  0.822576 -10.961666 8.885839  0.687657 0.610513 0.392939  0.652654 0.870594 1 0 1.000000
0  -0.117129 -11.711429 9.518566  0.059190 -0.605951 0.793297  0.642105 0.886114 1 0 1.000000
0  0.795365 -11.711429 8.887927  0.868350 -0.030136 0.495036  0.642159 0.870685 1 0 1.000000
w_sniper
0  0.822576 -10.961666 8.885839  0.687657 0.610513 0.392939  0.652654 0.870594 1 0 1.000000
0  -0.259494 -10.961666 9.518566  -0.059190 0.605951 0.793297  0.652611 0.888119 1 0 1.000000
0  -0.117129 -11.711429 9.518566  0.059190 -0.605951 0.793297  0.642105 0.886114 1 0 1.000000
w_sniper
0  -0.259494 -10.961666 9.518566  -0.059190 0.605951 0.793297  0.652611 0.888119 1 0 1.000000
0  -1.199198 -11.711429 8.885839  -0.687657 -0.610513 0.392939  0.642062 0.903640 1 0 1.000000
0  -0.117129 -11.711429 9.518566  0.059190 -0.605951 0.793297  0.642105 0.886114 1 0 1.000000
w_sniper
0  -0.259494 -10.961666 9.518566  -0.059190 0.605951 0.793297  0.652611 0.888119 1 0 1.000000
0  -1.171987 -10.961666 8.887927  -0.868349 0.030136 0.495036  0.652556 0.903548 1 0 1.000000
0  -1.199198 -11.711429 8.885839  -0.687657 -0.610513 0.392939  0.642062 0.903640 1 0 1.000000
w_sniper
0  -1.199198 -11.711429 8.885839  -0.687657 -0.610513 0.392939  0.642062 0.903640 1 0 1.000000
0  -1.171987 -10.961666 8.887927  -0.868349 0.030136 0.495036  0.652556 0.903548 1 0 1.000000
0  -1.281409 -10.961666 7.029442  -0.998819 0.008805 0.047789  0.652354 0.929627 1 0 1.000000
w_sniper
0  -1.199198 -11.711429 8.885839  -0.687657 -0.610513 0.392939  0.642062 0.903640 1 0 1.000000
0  -1.281409 -10.961666 7.029442  -0.998819 0.008805 0.047789  0.652354 0.929627 1 0 1.000000
0  -1.281409 -11.711428 7.029442  -0.999021 0.000000 0.044242  0.641873 0.929544 1 0 1.000000
w_sniper
0  -1.171987 -10.961666 8.887927  0.000000 1.000000 0.000000  0.627144 0.959074 1 0 1.000000
0  0.904787 -10.961666 7.029442  0.000000 1.000000 -0.000000  0.601752 0.936011 1 0 1.000000
0  -1.281409 -10.961666 7.029442  0.000000 1.000000 -0.000001  0.629110 0.936011 1 0 1.000000
w_sniper
0  -1.171987 -10.961666 8.887927  0.000000 1.000000 0.000000  0.627144 0.959074 1 0 1.000000
0  0.822576 -10.961666 8.885839  0.687657 0.610513 0.392939  0.603678 0.958950 1 0 1.000000
0  0.904787 -10.961666 7.029442  0.000000 1.000000 -0.000000  0.601752 0.936011 1 0 1.000000
w_sniper
0  0.822576 -10.961666 8.885839  0.687657 0.610513 0.392939  0.603678 0.958950 1 0 1.000000
0  -1.171987 -10.961666 8.887927  0.000000 1.000000 0.000000  0.627144 0.959074 1 0 1.000000
0  -0.259494 -10.961666 9.518566  -0.059190 0.605951 0.793297  0.616322 0.966031 1 0 1.000000
w_sniper
0  0.795365 -11.711429 8.887927  0.000000 -1.000000 0.000000  0.655370 0.991222 1 0 1.000000
0  -1.281409 -11.711428 7.029442  0.000000 -1.000000 -0.000001  0.629997 0.968138 1 0 1.000000
0  0.904787 -11.711428 7.029442  0.000000 -1.000000 0.000000  0.657356 0.968161 1 0 1.000000
w_sniper
0  0.795365 -11.711429 8.887927  0.000000 -1.000000 0.000000  0.655370 0.991222 1 0 1.000000
0  -1.199198 -11.711429 8.885839  -0.687657 -0.610513 0.392939  0.631905 0.991079 1 0 1.000000
0  -1.281409 -11.711428 7.029442  0.000000 -1.000000 -0.000001  0.629997 0.968138 1 0 1.000000
w_sniper
0  -1.199198 -11.711429 8.885839  -0.687657 -0.610513 0.392939  0.631905 0.991079 1 0 1.000000
0  0.795365 -11.711429 8.887927  0.000000 -1.000000 0.000000  0.655370 0.991222 1 0 1.000000
0  -0.117129 -11.711429 9.518566  0.059190 -0.605951 0.793297  0.644543 0.998170 1 0 1.000000
w_sniper
0  0.822576 -8.084327 8.885839  0.687657 0.610513 0.392939  0.639864 0.870138 1 0 1.000000
0  0.904787 -8.834089 7.029442  0.998819 -0.008805 0.047789  0.629112 0.844318 1 0 1.000000
0  0.904787 -8.084327 7.029442  0.999021 0.000000 0.044242  0.639592 0.844206 1 0 1.000000
w_sniper
0  0.822576 -8.084327 8.885839  0.687657 0.610513 0.392939  0.639864 0.870138 1 0 1.000000
0  0.795365 -8.834089 8.887927  0.868350 -0.030136 0.495036  0.629371 0.870366 1 0 1.000000
0  0.904787 -8.834089 7.029442  0.998819 -0.008805 0.047789  0.629112 0.844318 1 0 1.000000
w_sniper
0  0.822576 -8.084327 8.885839  0.687657 0.610513 0.392939  0.639864 0.870138 1 0 1.000000
0  -0.117129 -8.834089 9.518566  0.059190 -0.605951 0.793297  0.629454 0.885770 1 0 1.000000
0  0.795365 -8.834089 8.887927  0.868350 -0.030136 0.495036  0.629371 0.870366 1 0 1.000000
w_sniper
0  0.822576 -8.084327 8.885839  0.687657 0.610513 0.392939  0.639864 0.870138 1 0 1.000000
0  -0.259494 -8.084327 9.518566  -0.059190 0.605952 0.793296  0.639972 0.887688 1 0 1.000000
0  -0.117129 -8.834089 9.518566  0.059190 -0.605951 0.793297  0.629454 0.885770 1 0 1.000000
w_sniper
0  -0.259494 -8.084327 9.518566  -0.059190 0.605952 0.793296  0.639972 0.887688 1 0 1.000000
0  -1.199198 -8.834089 8.885839  -0.687657 -0.610513 0.392939  0.629561 0.903320 1 0 1.000000
0  -0.117129 -8.834089 9.518566  0.059190 -0.605951 0.793297  0.629454 0.885770 1 0 1.000000
w_sniper
0  -0.259494 -8.084327 9.518566  -0.059190 0.605952 0.793296  0.639972 0.887688 1 0 1.000000
0  -1.171987 -8.084327 8.887927  -0.868350 0.030136 0.495036  0.640055 0.903092 1 0 1.000000
0  -1.199198 -8.834089 8.885839  -0.687657 -0.610513 0.392939  0.629561 0.903320 1 0 1.000000
w_sniper
0  -1.199198 -8.834089 8.885839  -0.687657 -0.610513 0.392939  0.629561 0.903320 1 0 1.000000
0  -1.171987 -8.084327 8.887927  -0.868350 0.030136 0.495036  0.640055 0.903092 1 0 1.000000
0  -1.281409 -8.084327 7.029442  -0.998819 0.008805 0.047789  0.640314 0.929139 1 0 1.000000
w_sniper
0  -1.199198 -8.834089 8.885839  -0.687657 -0.610513 0.392939  0.629561 0.903320 1 0 1.000000
0  -1.281409 -8.084327 7.029442  -0.998819 0.008805 0.047789  0.640314 0.929139 1 0 1.000000
0  -1.281409 -8.834089 7.029442  -0.999021 0.000000 0.044242  0.629834 0.929252 1 0 1.000000
w_sniper
0  -1.171987 -8.084327 8.887927  0.000000 1.000000 -0.000001  0.656047 0.959420 1 0 1.000000
0  0.904787 -8.084327 7.029442  0.000000 1.000000 0.000000  0.630712 0.936295 1 0 1.000000
0  -1.281409 -8.084327 7.029442  0.000000 1.000000 -0.000001  0.658070 0.936362 1 0 1.000000
w_sniper
0  -1.171987 -8.084327 8.887927  0.000000 1.000000 -0.000001  0.656047 0.959420 1 0 1.000000
0  0.822576 -8.084327 8.885839  0.687657 0.610513 0.392939  0.632582 0.959239 1 0 1.000000
0  0.904787 -8.084327 7.029442  0.000000 1.000000 0.000000  0.630712 0.936295 1 0 1.000000
w_sniper
0  0.822576 -8.084327 8.885839  0.687657 0.610513 0.392939  0.632582 0.959239 1 0 1.000000
0  -1.171987 -8.084327 8.887927  0.000000 1.000000 -0.000001  0.656047 0.959420 1 0 1.000000
0  -0.259494 -8.084327 9.518566  -0.059190 0.605952 0.793296  0.645208 0.966351 1 0 1.000000
w_sniper
0  0.795365 -8.834089 8.887927  0.000000 -1.000000 0.000000  0.626140 0.991394 1 0 1.000000
0  -1.281409 -8.834089 7.029442  0.000000 -1.000000 0.000000  0.601110 0.967939 1 0 1.000000
0  0.904787 -8.834089 7.029442  0.000000 -1.000000 0.000000  0.628466 0.968365 1 0 1.000000
w_sniper
0  0.795365 -8.834089 8.887927  0.000000 -1.000000 0.000000  0.626140 0.991394 1 0 1.000000
0  -1.199198 -8.834089 8.885839  -0.687657 -0.610513 0.392939  0.602680 0.990906 1 0 1.000000
0  -1.281409 -8.834089 7.029442  0.000000 -1.000000 0.000000  0.601110 0.967939 1 0 1.000000
w_sniper
0  -1.199198 -8.834089 8.885839  -0.687657 -0.610513 0.392939  0.602680 0.990906 1 0 1.000000
0  0.795365 -8.834089 8.887927  0.000000 -1.000000 0.000000  0.626140 0.991394 1 0 1.000000
0  -0.117129 -8.834089 9.518566  0.059190 -0.605951 0.793297  0.615212 0.998182 1 0 1.000000
w_sniper
0  1.674886 5.670104 1.491897  0.576207 0.442070 0.687430  0.168526 0.670231 1 0 1.000000
0  1.674886 5.173134 0.807265  1.000000 -0.000000 0.000000  0.155672 0.653038 1 0 1.000000
0  1.674886 5.755725 0.736843  0.571869 0.573446 -0.586623  0.168776 0.653542 1 0 1.000000
w_sniper
0  1.674886 5.670104 1.491897  0.576207 0.442070 0.687430  0.168526 0.670231 1 0 1.000000
0  1.674886 5.080450 1.304237  0.589025 -0.693719 0.414492  0.154404 0.665909 1 0 1.000000
0  1.674886 5.173134 0.807265  1.000000 -0.000000 0.000000  0.155672 0.653038 1 0 1.000000
w_sniper
0  -0.356548 -12.274430 -1.102016  -0.549733 -0.712568 -0.435936  0.278531 0.754148 1 0 1.000000
0  -0.020074 -12.256008 -1.103029  0.044092 -0.806615 -0.589430  0.271795 0.753877 1 0 1.000000
0  -0.244390 -11.365623 1.136846  -0.952316 -0.278073 0.125576  0.278533 0.705894 1 0 1.000000
w_sniper
0  -1.900386 6.133117 7.309675  -0.634538 0.531172 0.561443  0.307807 0.400063 1 0 1.000000
0  -1.889785 5.016603 7.332746  -0.718234 -0.051278 0.693909  0.306188 0.422738 1 0 1.000000
0  -1.464677 5.406050 7.332798  0.042729 -0.022262 0.998839  0.298479 0.413895 1 0 1.000000
w_sniper
0  -1.889785 5.016603 7.332746  -0.718234 -0.051278 0.693909  0.306188 0.422738 1 0 1.000000
0  -0.987630 5.080005 7.280584  0.155702 -0.016248 0.987671  0.287909 0.419283 1 0 1.000000
0  -1.464677 5.406050 7.332798  0.042729 -0.022262 0.998839  0.298479 0.413895 1 0 1.000000
w_sniper
0  -0.987630 5.080005 7.280584  0.155702 -0.016248 0.987671  0.287909 0.419283 1 0 1.000000
0  -1.419820 5.660901 7.332746  0.058305 0.022188 0.998052  0.297877 0.408764 1 0 1.000000
0  -1.464677 5.406050 7.332798  0.042729 -0.022262 0.998839  0.298479 0.413895 1 0 1.000000
w_sniper
0  -0.987630 5.080005 7.280584  0.155702 -0.016248 0.987671  0.287909 0.419283 1 0 1.000000
0  -1.080587 6.160234 7.300578  0.328331 0.662245 0.673520  0.290944 0.399190 1 0 1.000000
0  -1.419820 5.660901 7.332746  0.058305 0.022188 0.998052  0.297877 0.408764 1 0 1.000000
w_sniper
0  -1.080587 6.160234 7.300578  0.328331 0.662245 0.673520  0.290944 0.399190 1 0 1.000000
0  -1.547954 5.660901 7.332746  -0.062073 0.004972 0.998059  0.300398 0.408979 1 0 1.000000
0  -1.419820 5.660901 7.332746  0.058305 0.022188 0.998052  0.297877 0.408764 1 0 1.000000
w_sniper
0  -1.080587 6.160234 7.300578  0.328331 0.662245 0.673520  0.290944 0.399190 1 0 1.000000
0  -1.900386 6.133117 7.309675  -0.634538 0.531172 0.561443  0.307807 0.400063 1 0 1.000000
0  -1.547954 5.660901 7.332746  -0.062073 0.004972 0.998059  0.300398 0.408979 1 0 1.000000
w_sniper
0  -1.900386 6.133117 7.309675  -0.634538 0.531172 0.561443  0.307807 0.400063 1 0 1.000000
0  -1.464677 5.406050 7.332798  0.042729 -0.022262 0.998839  0.298479 0.413895 1 0 1.000000
0  -1.547954 5.660901 7.332746  -0.062073 0.004972 0.998059  0.300398 0.408979 1 0 1.000000
w_sniper
0  0.624629 5.063059 7.280835  -0.075197 0.028993 0.996747  0.256651 0.419738 1 0 1.000000
0  1.513161 5.016603 7.332746  0.717447 -0.025536 0.696145  0.238693 0.423259 1 0 1.000000
0  1.171330 5.415455 7.332746  -0.020846 -0.034538 0.999186  0.244623 0.414421 1 0 1.000000
w_sniper
0  1.513161 5.016603 7.332746  0.717447 -0.025536 0.696145  0.238693 0.423259 1 0 1.000000
0  1.088053 5.651495 7.332798  -0.067630 0.055158 0.996185  0.245921 0.409245 1 0 1.000000
0  1.171330 5.415455 7.332746  -0.020846 -0.034538 0.999186  0.244623 0.414421 1 0 1.000000
w_sniper
0  1.513161 5.016603 7.332746  0.717447 -0.025536 0.696145  0.238693 0.423259 1 0 1.000000
0  1.529179 6.168274 7.298589  0.597655 0.574816 0.558923  0.236724 0.400043 1 0 1.000000
0  1.088053 5.651495 7.332798  -0.067630 0.055158 0.996185  0.245921 0.409245 1 0 1.000000
w_sniper
0  1.529179 6.168274 7.298589  0.597655 0.574816 0.558923  0.236724 0.400043 1 0 1.000000
0  0.616486 6.097877 7.239222  -0.092619 0.674570 0.732378  0.255604 0.398691 1 0 1.000000
0  1.088053 5.651495 7.332798  -0.067630 0.055158 0.996185  0.245921 0.409245 1 0 1.000000
w_sniper
0  0.616486 6.097877 7.239222  -0.092619 0.674570 0.732378  0.255604 0.398691 1 0 1.000000
0  1.043196 5.415455 7.332746  -0.079974 -0.054821 0.995288  0.247152 0.414227 1 0 1.000000
0  1.088053 5.651495 7.332798  -0.067630 0.055158 0.996185  0.245921 0.409245 1 0 1.000000
w_sniper
0  0.616486 6.097877 7.239222  -0.092619 0.674570 0.732378  0.255604 0.398691 1 0 1.000000
0  0.624629 5.063059 7.280835  -0.075197 0.028993 0.996747  0.256651 0.419738 1 0 1.000000
0  1.043196 5.415455 7.332746  -0.079974 -0.054821 0.995288  0.247152 0.414227 1 0 1.000000
w_sniper
0  0.624629 5.063059 7.280835  -0.075197 0.028993 0.996747  0.256651 0.419738 1 0 1.000000
0  1.171330 5.415455 7.332746  -0.020846 -0.034538 0.999186  0.244623 0.414421 1 0 1.000000
0  1.043196 5.415455 7.332746  -0.079974 -0.054821 0.995288  0.247152 0.414227 1 0 1.000000
w_sniper
0  -1.464677 5.406050 7.332798  0.981977 -0.158070 -0.103608  0.370881 0.235437 1 0 1.000000
0  -1.419820 5.660901 7.332746  0.983565 -0.173130 -0.051243  0.377221 0.235437 1 0 1.000000
0  -1.383939 4.982820 10.312450  0.741531 0.670875 0.007665  0.377221 0.314463 1 0 1.000000
w_sniper
0  -1.464677 5.406050 7.332798  0.981977 -0.158070 -0.103608  0.370881 0.235437 1 0 1.000000
0  -1.383939 4.982820 10.312450  0.741531 0.670875 0.007665  0.377221 0.314463 1 0 1.000000
0  -1.363903 4.716304 10.386324  0.405076 -0.869210 -0.283528  0.370881 0.316440 1 0 1.000000
w_sniper
0  -0.712662 4.997854 11.233740  0.335016 0.388941 -0.858190  0.377221 0.344966 1 0 1.000000
0  -1.363903 4.716304 10.386324  0.405076 -0.869210 -0.283528  0.370881 0.316440 1 0 1.000000
0  -1.383939 4.982820 10.312450  0.741531 0.670875 0.007665  0.377221 0.314463 1 0 1.000000
w_sniper
0  -0.712662 4.997854 11.233740  0.335016 0.388941 -0.858190  0.377221 0.344966 1 0 1.000000
0  -0.803407 4.752409 11.077186  0.584325 0.271708 -0.764682  0.370881 0.339372 1 0 1.000000
0  -1.363903 4.716304 10.386324  0.405076 -0.869210 -0.283528  0.370881 0.316440 1 0 1.000000
w_sniper
0  -0.712662 4.997854 11.233740  0.335016 0.388941 -0.858190  0.377221 0.344966 1 0 1.000000
0  0.336037 4.752410 11.233740  -0.352199 -0.382119 -0.854366  0.370881 0.366540 1 0 1.000000
0  -0.803407 4.752409 11.077186  0.584325 0.271708 -0.764682  0.370881 0.339372 1 0 1.000000
w_sniper
0  0.336037 4.752410 11.233740  -0.352199 -0.382119 -0.854366  0.370881 0.366540 1 0 1.000000
0  -0.712662 4.997854 11.233740  0.335016 0.388941 -0.858190  0.377221 0.344966 1 0 1.000000
0  0.426783 4.997854 11.077186  -0.584738 -0.271420 -0.764469  0.377221 0.372134 1 0 1.000000
w_sniper
0  0.987278 4.961749 10.386325  -0.702714 0.698508 -0.135200  0.377221 0.395067 1 0 1.000000
0  0.336037 4.752410 11.233740  -0.352199 -0.382119 -0.854366  0.370881 0.366540 1 0 1.000000
0  0.426783 4.997854 11.077186  -0.584738 -0.271420 -0.764469  0.377221 0.372134 1 0 1.000000
w_sniper
0  0.987278 4.961749 10.386325  -0.702714 0.698508 -0.135200  0.377221 0.395067 1 0 1.000000
0  1.007315 4.737375 10.312451  -0.437779 -0.813728 -0.382355  0.370881 0.397044 1 0 1.000000
0  0.336037 4.752410 11.233740  -0.352199 -0.382119 -0.854366  0.370881 0.366540 1 0 1.000000
w_sniper
0  1.088053 5.651495 7.332798  -0.988826 0.145636 0.031824  0.377221 0.476070 1 0 1.000000
0  1.007315 4.737375 10.312451  -0.437779 -0.813728 -0.382355  0.370881 0.397044 1 0 1.000000
0  0.987278 4.961749 10.386325  -0.702714 0.698508 -0.135200  0.377221 0.395067 1 0 1.000000
w_sniper
0  1.088053 5.651495 7.332798  -0.988826 0.145636 0.031824  0.377221 0.476070 1 0 1.000000
0  1.043196 5.415455 7.332746  -0.981957 0.186604 0.030640  0.370881 0.476070 1 0 1.000000
0  1.007315 4.737375 10.312451  -0.437779 -0.813728 -0.382355  0.370881 0.397044 1 0 1.000000
w_sniper
0  -2.051510 5.961073 7.058936  -0.576975 0.554018 0.600137  0.183373 0.667975 1 0 1.000000
0  -2.051510 5.730866 6.230789  -0.577856 0.152950 -0.801679  0.186920 0.651501 1 0 1.000000
0  -2.051510 5.257505 6.825236  -0.570932 -0.786365 0.235938  0.198608 0.663570 1 0 1.000000
w_sniper
0  -2.051510 5.601803 1.520188  -0.576256 0.307417 0.757248  0.137964 0.671063 1 0 1.000000
0  -2.051510 5.173134 0.807265  -1.000000 -0.000000 0.000000  0.149057 0.652983 1 0 1.000000
0  -2.051510 5.052158 1.235936  -0.591454 -0.741068 0.317805  0.151099 0.664092 1 0 1.000000
w_sniper
0  -2.051510 5.601803 1.520188  -0.576256 0.307417 0.757248  0.137964 0.671063 1 0 1.000000
0  -2.051510 5.835503 0.816621  -0.571600 0.669771 -0.474005  0.133675 0.655239 1 0 1.000000
0  -2.051510 5.173134 0.807265  -1.000000 -0.000000 0.000000  0.149057 0.652983 1 0 1.000000
w_sniper
0  1.674886 5.285797 6.893537  0.570042 -0.754242 0.325838  0.201913 0.665387 1 0 1.000000
0  1.674886 6.093024 6.692540  1.000000 0.000000 0.000000  0.222392 0.660467 1 0 1.000000
0  1.674886 5.875453 7.081200  0.589720 0.289544 0.753920  0.216035 0.669709 1 0 1.000000
w_sniper
0  1.674886 5.285797 6.893537  0.570042 -0.754242 0.325838  0.201913 0.665387 1 0 1.000000
0  1.674886 5.618045 6.230789  0.571600 -0.138426 -0.808772  0.209998 0.651254 1 0 1.000000
0  1.674886 6.093024 6.692540  1.000000 0.000000 0.000000  0.222392 0.660467 1 0 1.000000
end
