// Created by Crowbar 0.74
version 1
nodes
  0 "ValveBiped.Bip01_Spine4" -1
  1 "ValveBiped.Bip01_L_Clavicle" 0
  2 "ValveBiped.Bip01_L_UpperArm" 1
  3 "ValveBiped.Bip01_L_Forearm" 2
  4 "ValveBiped.Bip01_L_Hand" 3
  5 "ValveBiped.Bip01_L_Finger4" 4
  6 "ValveBiped.Bip01_L_Finger41" 5
  7 "ValveBiped.Bip01_L_Finger42" 6
  8 "ValveBiped.Bip01_L_Finger3" 4
  9 "ValveBiped.Bip01_L_Finger31" 8
  10 "ValveBiped.Bip01_L_Finger32" 9
  11 "ValveBiped.Bip01_L_Finger2" 4
  12 "ValveBiped.Bip01_L_Finger21" 11
  13 "ValveBiped.Bip01_L_Finger22" 12
  14 "ValveBiped.Bip01_L_Finger1" 4
  15 "ValveBiped.Bip01_L_Finger11" 14
  16 "ValveBiped.Bip01_L_Finger12" 15
  17 "ValveBiped.Bip01_L_Finger0" 4
  18 "ValveBiped.Bip01_L_Finger01" 17
  19 "ValveBiped.Bip01_L_Finger02" 18
  20 "ValveBiped.Bip01_R_Clavicle" 0
  21 "ValveBiped.Bip01_R_UpperArm" 20
  22 "ValveBiped.Bip01_R_Forearm" 21
  23 "ValveBiped.Bip01_R_Hand" 22
  24 "ValveBiped.Bip01_R_Finger4" 23
  25 "ValveBiped.Bip01_R_Finger41" 24
  26 "ValveBiped.Bip01_R_Finger42" 25
  27 "ValveBiped.Bip01_R_Finger3" 23
  28 "ValveBiped.Bip01_R_Finger31" 27
  29 "ValveBiped.Bip01_R_Finger32" 28
  30 "ValveBiped.Bip01_R_Finger2" 23
  31 "ValveBiped.Bip01_R_Finger21" 30
  32 "ValveBiped.Bip01_R_Finger22" 31
  33 "ValveBiped.Bip01_R_Finger1" 23
  34 "ValveBiped.Bip01_R_Finger11" 33
  35 "ValveBiped.Bip01_R_Finger12" 34
  36 "ValveBiped.Bip01_R_Finger0" 23
  37 "ValveBiped.Bip01_R_Finger01" 36
  38 "ValveBiped.Bip01_R_Finger02" 37
  39 "ValveBiped.square" 23
  40 "ValveBiped.clip" 23
end
skeleton
  time 0
    0 0.000005 3.335938 -8.640625 -1.570781 -1.391896 -1.570809
    1 2.033349 1.000767 1.937660 2.722229 -0.811304 1.711776
    2 6.028141 0.000000 0.000000 -1.705742 0.125767 -1.522852
    3 11.692554 0.000001 0.000002 0.000000 0.000000 -1.161440
    4 10.844936 -7.847895 10.547164 2.014045 -0.452476 -0.463935
    5 3.859709 -0.142404 -1.191975 -0.593060 -0.089489 -0.938466
    6 1.312555 -0.000002 0.000001 0.000000 0.000000 -0.551440
    7 0.729363 -0.000002 -0.000002 0.000000 0.000000 -0.773366
    8 3.942335 0.046767 -0.431443 -0.327726 -0.141498 -0.952235
    9 1.539097 0.000000 0.000000 0.000000 0.000000 -0.607132
    10 1.196326 -0.000002 -0.000001 0.000000 0.000000 -1.531210
    11 3.883696 -0.046765 0.431443 0.088260 -0.232467 -0.610129
    12 1.719570 -0.000004 -0.000001 0.000000 0.005516 -0.798444
    13 1.209171 -0.000002 0.000000 0.000000 0.003084 -0.942879
    14 3.859865 -0.137947 1.332466 -0.014269 -0.155908 -0.678745
    15 1.719429 0.000002 -0.000001 0.000000 0.004072 -0.677168
    16 1.099665 0.000000 0.000000 0.000000 0.002596 -0.911910
    17 0.806053 -0.348925 1.321258 -1.202255 -0.290289 -0.951653
    18 1.789780 -0.000002 0.000002 0.000000 0.000000 0.228523
    19 1.207006 0.000000 0.000000 0.000000 0.000000 -0.322285
    20 2.033356 1.000772 -1.937610 -1.668474 1.286518 2.942953
    21 6.028144 0.000000 0.000000 2.118877 1.513671 -0.442333
    22 11.692554 0.000001 0.000003 0.000000 0.000000 -0.316658
    23 11.481697 0.000001 0.000002 -1.288835 0.007428 0.200690
    24 3.859678 -0.132570 1.193109 0.432210 -0.155861 -0.861350
    25 1.312557 -0.000002 0.000001 0.000000 0.000000 -1.191994
    26 0.729365 0.000002 -0.000002 0.000000 0.000000 -1.063371
    27 3.942305 0.050327 0.431044 0.232421 0.000609 -0.853331
    28 1.539099 -0.000002 0.000000 0.000000 0.000000 -0.973379
    29 1.196321 0.000008 0.000000 0.000000 0.000000 -1.451289
    30 3.883661 -0.050323 -0.431042 0.066987 0.050243 -0.694792
    31 1.719578 0.000004 0.000000 0.000000 -0.000004 -1.251013
    32 1.209185 0.000002 0.000000 0.000000 0.000000 -1.141170
    33 3.859838 -0.148937 -1.331282 -0.248855 0.263129 -0.072121
    34 1.719423 0.000002 0.000000 0.000000 0.000000 -0.676756
    35 1.099667 0.000002 0.000000 0.000000 0.000000 -1.021287
    36 0.806021 -0.359837 -1.318334 1.349685 0.343493 -0.771450
    37 1.789782 0.000000 -0.000004 0.000000 0.000000 0.397500
    38 1.206999 0.000003 0.000002 0.000000 0.000000 0.989033
    39 4.127902 -1.449149 -3.542003 -1.564198 -0.011689 -1.581440
    40 3.820738 -1.409994 -0.589409 -1.564198 0.066846 -1.581440
  time 1
    0 0.000005 3.335938 -8.640625 -1.570781 -1.391896 -1.570809
    1 2.033349 1.000767 1.937660 2.722229 -0.811304 1.711776
    2 6.028141 0.000000 0.000000 -2.130091 0.627601 -1.365437
    3 11.692554 0.000001 0.000002 0.000000 0.000000 -1.541510
    4 11.481674 0.000001 -0.000032 1.572187 -0.028078 0.044379
    5 3.859709 -0.142404 -1.191975 -0.593060 -0.089489 -0.938466
    6 1.312555 -0.000002 0.000001 0.000000 0.000000 -0.551440
    7 0.729363 -0.000002 -0.000002 0.000000 0.000000 -0.773366
    8 3.942335 0.046767 -0.431443 -0.327726 -0.141498 -0.952235
    9 1.539097 0.000000 0.000000 0.000000 0.000000 -0.607132
    10 1.196326 -0.000002 -0.000001 0.000000 0.000000 -1.531174
    11 3.883696 -0.046765 0.431443 0.088260 -0.232467 -0.610129
    12 1.719570 -0.000004 -0.000001 0.000000 0.005516 -0.798444
    13 1.209171 -0.000002 0.000000 0.000000 0.003084 -0.942879
    14 3.859865 -0.137947 1.332466 -0.014269 -0.155908 -0.678745
    15 1.719429 0.000002 -0.000001 0.000000 0.004072 -0.677168
    16 1.099665 0.000000 0.000000 0.000000 0.002596 -0.911910
    17 0.806053 -0.348925 1.321258 -1.202255 -0.290289 -0.951653
    18 1.789780 -0.000002 0.000002 0.000000 0.000000 0.228523
    19 1.207006 0.000000 0.000000 0.000000 0.000000 -0.322285
    20 2.033356 1.000772 -1.937610 -1.668474 1.286518 2.942953
    21 6.028144 0.000000 0.000000 2.118877 1.513671 -0.442333
    22 11.692554 0.000001 0.000003 0.000000 0.000000 -0.316658
    23 11.481697 0.000001 0.000002 -1.288835 0.007428 0.200690
    24 3.859678 -0.132570 1.193109 0.432210 -0.155861 -0.861350
    25 1.312557 -0.000002 0.000001 0.000000 0.000000 -1.191994
    26 0.729365 0.000002 -0.000002 0.000000 0.000000 -1.063371
    27 3.942305 0.050327 0.431044 0.232421 0.000609 -0.853331
    28 1.539099 -0.000002 0.000000 0.000000 0.000000 -0.973379
    29 1.196321 0.000008 0.000000 0.000000 0.000000 -1.451289
    30 3.883661 -0.050323 -0.431042 0.066987 0.050243 -0.694792
    31 1.719578 0.000004 0.000000 0.000000 -0.000004 -1.251013
    32 1.209185 0.000002 0.000000 0.000000 0.000000 -1.141170
    33 3.859838 -0.148937 -1.331282 -0.248855 0.263129 -0.072121
    34 1.719423 0.000002 0.000000 0.000000 0.000000 -0.676756
    35 1.099667 0.000002 0.000000 0.000000 0.000000 -1.021287
    36 0.806021 -0.359837 -1.318334 1.349685 0.343493 -0.771450
    37 1.789782 0.000000 -0.000004 0.000000 0.000000 0.397500
    38 1.206999 0.000003 0.000002 0.000000 0.000000 0.989033
    39 4.127902 -1.449149 -3.542003 -1.564198 -0.011689 -1.581440
    40 3.820738 -1.409994 -0.589409 -1.564198 0.066846 -1.581440
  time 2
    0 0.000005 3.335938 -8.640625 -1.570781 -1.391896 -1.570809
    1 2.033349 1.000767 1.937660 2.722229 -0.811304 1.711776
    2 6.028141 0.000000 0.000000 -2.129873 0.627542 -1.365551
    3 11.692554 0.000001 0.000002 0.000000 0.000000 -1.541122
    4 11.481674 0.000001 -0.000032 1.569280 -0.028078 0.044379
    5 3.859709 -0.142404 -1.191975 -0.593060 -0.089501 -0.938466
    6 1.312555 -0.000002 0.000001 0.000000 0.000000 -0.551440
    7 0.729363 -0.000002 -0.000002 0.000000 0.000000 -0.773366
    8 3.942335 0.046767 -0.431443 -0.327726 -0.141498 -0.952235
    9 1.539097 0.000000 0.000000 0.000000 0.000000 -0.607132
    10 1.196326 -0.000002 -0.000001 0.000000 0.000000 -1.531174
    11 3.883696 -0.046765 0.431443 0.088260 -0.232467 -0.610129
    12 1.719570 -0.000004 -0.000001 0.000000 0.005516 -0.798444
    13 1.209171 -0.000002 0.000000 0.000000 0.003084 -0.942879
    14 3.859865 -0.137947 1.332466 -0.014269 -0.155908 -0.678745
    15 1.719429 0.000002 -0.000001 0.000000 0.004072 -0.677168
    16 1.099665 0.000000 0.000000 0.000000 0.002596 -0.911910
    17 0.806053 -0.348925 1.321258 -1.202255 -0.290289 -0.951653
    18 1.789780 -0.000002 0.000002 0.000000 0.000000 0.228523
    19 1.207006 0.000000 0.000000 0.000000 0.000000 -0.322285
    20 2.033356 1.000772 -1.937610 -1.668474 1.286518 2.942953
    21 6.028144 0.000000 0.000000 1.893013 1.487498 -0.671105
    22 11.692554 0.000001 0.000003 0.000000 0.000000 -0.421661
    23 11.481697 0.000001 0.000002 -1.208906 0.014440 0.207621
    24 3.859678 -0.132570 1.193109 0.432210 -0.155861 -0.861350
    25 1.312557 -0.000002 0.000001 0.000000 0.000000 -1.191994
    26 0.729365 0.000002 -0.000002 0.000000 0.000000 -1.063371
    27 3.942305 0.050327 0.431044 0.232421 0.000609 -0.853331
    28 1.539099 -0.000002 0.000000 0.000000 0.000000 -0.973379
    29 1.196321 0.000008 0.000000 0.000000 0.000000 -1.451289
    30 3.883661 -0.050323 -0.431042 0.066987 0.050243 -0.694792
    31 1.719578 0.000004 0.000000 0.000000 -0.000004 -1.251013
    32 1.209185 0.000002 0.000000 0.000000 0.000000 -1.141170
    33 3.859838 -0.148937 -1.331282 -0.248855 0.263129 -0.072121
    34 1.719423 0.000002 0.000000 0.000000 0.000000 -0.676756
    35 1.099667 0.000002 0.000000 0.000000 0.000000 -1.021287
    36 0.806021 -0.359837 -1.318334 1.349685 0.343493 -0.771450
    37 1.789782 0.000000 -0.000004 0.000000 0.000000 0.397500
    38 1.206999 0.000003 0.000002 0.000000 0.000000 0.989033
    39 4.127902 -1.449149 -3.542003 -1.564198 -0.011689 -1.581440
    40 3.820738 -1.409994 -0.589409 -1.564198 0.066846 -1.581440
  time 3
    0 0.000005 3.335938 -8.640625 -1.570781 -1.391896 -1.570809
    1 2.033349 1.000767 1.937660 2.722229 -0.811304 1.711776
    2 6.028141 0.000000 0.000000 -2.129251 0.627363 -1.365866
    3 11.692554 0.000001 0.000002 0.000000 0.000000 -1.540105
    4 11.481674 0.000001 -0.000032 1.564542 -0.028078 0.044379
    5 3.859709 -0.142404 -1.191975 -0.593060 -0.089489 -0.938466
    6 1.312555 -0.000002 0.000001 0.000000 0.000000 -0.551440
    7 0.729363 -0.000002 -0.000002 0.000000 0.000000 -0.773366
    8 3.942335 0.046767 -0.431443 -0.327726 -0.141498 -0.952235
    9 1.539097 0.000000 0.000000 0.000000 0.000000 -0.607132
    10 1.196326 -0.000002 -0.000001 0.000000 0.000000 -1.531174
    11 3.883696 -0.046765 0.431443 0.088260 -0.232467 -0.610129
    12 1.719570 -0.000004 -0.000001 0.000000 0.005516 -0.798444
    13 1.209171 -0.000002 0.000000 0.000000 0.003084 -0.942879
    14 3.859865 -0.137947 1.332466 -0.014269 -0.155908 -0.678745
    15 1.719429 0.000002 -0.000001 0.000000 0.004072 -0.677168
    16 1.099665 0.000000 0.000000 0.000000 0.002596 -0.911910
    17 0.806053 -0.348925 1.321258 -1.202255 -0.290289 -0.951653
    18 1.789780 -0.000002 0.000002 0.000000 0.000000 0.228523
    19 1.207006 0.000000 0.000000 0.000000 0.000000 -0.322285
    20 2.033356 1.000772 -1.937610 -1.668474 1.286518 2.942953
    21 6.028144 0.000000 0.000000 1.661441 1.445576 -0.914033
    22 11.692554 0.000001 0.000003 0.000000 0.000000 -0.558771
    23 11.481697 0.000001 0.000002 -1.138636 0.020507 0.220932
    24 3.859678 -0.132570 1.193109 0.432210 -0.155861 -0.861350
    25 1.312557 -0.000002 0.000001 0.000000 0.000000 -1.191994
    26 0.729365 0.000002 -0.000002 0.000000 0.000000 -1.063371
    27 3.942305 0.050327 0.431044 0.232421 0.000609 -0.853331
    28 1.539099 -0.000002 0.000000 0.000000 0.000000 -0.973401
    29 1.196321 0.000008 0.000000 0.000000 0.000000 -1.451289
    30 3.883661 -0.050323 -0.431042 0.066987 0.050243 -0.694792
    31 1.719578 0.000004 0.000000 0.000000 -0.000004 -1.251013
    32 1.209185 0.000002 0.000000 0.000000 0.000000 -1.141170
    33 3.859838 -0.148937 -1.331282 -0.248855 0.263129 -0.072121
    34 1.719423 0.000002 0.000000 0.000000 0.000000 -0.676756
    35 1.099667 0.000002 0.000000 0.000000 0.000000 -1.021287
    36 0.806021 -0.359837 -1.318334 1.349685 0.343493 -0.771450
    37 1.789782 0.000000 -0.000004 0.000000 0.000000 0.397500
    38 1.206999 0.000003 0.000002 0.000000 0.000000 0.989033
    39 4.127902 -1.449149 -3.542003 -1.564198 -0.011689 -1.581440
    40 3.820738 -1.409994 -0.589409 -1.564198 0.066846 -1.581440
  time 4
    0 0.000005 3.335938 -8.640625 -1.570781 -1.391896 -1.570809
    1 2.033349 1.000767 1.937660 2.722229 -0.811304 1.711776
    2 6.028141 0.000000 0.000000 -2.128209 0.627096 -1.366381
    3 11.692554 0.000001 0.000002 0.000000 0.000000 -1.538507
    4 11.481674 0.000001 -0.000032 1.558210 -0.028078 0.044379
    5 3.859709 -0.142404 -1.191975 -0.593060 -0.089489 -0.938466
    6 1.312555 -0.000002 0.000001 0.000000 0.000000 -0.551440
    7 0.729363 -0.000002 -0.000002 0.000000 0.000000 -0.773366
    8 3.942335 0.046767 -0.431443 -0.327726 -0.141498 -0.952235
    9 1.539097 0.000000 0.000000 0.000000 0.000000 -0.607132
    10 1.196326 -0.000002 -0.000001 0.000000 0.000000 -1.531210
    11 3.883696 -0.046765 0.431443 0.088260 -0.232467 -0.610129
    12 1.719570 -0.000004 -0.000001 0.000000 0.005516 -0.798444
    13 1.209171 -0.000002 0.000000 0.000000 0.003084 -0.942879
    14 3.859865 -0.137947 1.332466 -0.014269 -0.155908 -0.678745
    15 1.719429 0.000002 -0.000001 0.000000 0.004072 -0.677168
    16 1.099665 0.000000 0.000000 0.000000 0.002596 -0.911910
    17 0.806053 -0.348925 1.321258 -1.202255 -0.290289 -0.951653
    18 1.789780 -0.000002 0.000002 0.000000 0.000000 0.228523
    19 1.207006 0.000000 0.000000 0.000000 0.000000 -0.322285
    20 2.033356 1.000772 -1.937610 -1.668474 1.286518 2.942953
    21 6.028144 0.000000 0.000000 1.532614 1.421039 -1.054917
    22 11.692554 0.000001 0.000003 0.000000 0.000000 -0.638623
    23 11.481697 0.000001 0.000002 -1.094496 0.024249 0.231822
    24 3.859678 -0.132570 1.193109 0.432210 -0.155861 -0.861350
    25 1.312557 -0.000002 0.000001 0.000000 0.000000 -1.191994
    26 0.729365 0.000002 -0.000002 0.000000 0.000000 -1.063371
    27 3.942305 0.050327 0.431044 0.232421 0.000609 -0.853331
    28 1.539099 -0.000002 0.000000 0.000000 0.000000 -0.973379
    29 1.196321 0.000008 0.000000 0.000000 0.000000 -1.451289
    30 3.883661 -0.050323 -0.431042 0.066987 0.050243 -0.694792
    31 1.719578 0.000004 0.000000 0.000000 -0.000004 -1.251040
    32 1.209185 0.000002 0.000000 0.000000 0.000000 -1.141170
    33 3.859838 -0.148937 -1.331282 -0.248855 0.263129 -0.072121
    34 1.719423 0.000002 0.000000 0.000000 0.000000 -0.676756
    35 1.099667 0.000002 0.000000 0.000000 0.000000 -1.021287
    36 0.806021 -0.359837 -1.318334 1.349685 0.343493 -0.771450
    37 1.789782 0.000000 -0.000004 0.000000 0.000000 0.397500
    38 1.206999 0.000003 0.000002 0.000000 0.000000 0.989033
    39 4.127902 -1.449149 -3.542003 -1.564198 -0.011689 -1.581440
    40 3.820738 -1.409994 -0.589409 -1.564198 0.066846 -1.581440
  time 5
    0 0.000005 3.335938 -8.640625 -1.570781 -1.391896 -1.570809
    1 2.033349 1.000767 1.937660 2.722229 -0.811304 1.711776
    2 6.028141 0.000000 0.000000 -2.126798 0.626738 -1.367154
    3 11.692554 0.000001 0.000002 0.000000 0.000000 -1.536617
    4 11.481674 0.000001 -0.000032 1.550525 -0.028078 0.044379
    5 3.859709 -0.142404 -1.191975 -0.593060 -0.089489 -0.938466
    6 1.312555 -0.000002 0.000001 0.000000 0.000000 -0.551440
    7 0.729363 -0.000002 -0.000002 0.000000 0.000000 -0.773366
    8 3.942335 0.046767 -0.431443 -0.327726 -0.141498 -0.952235
    9 1.539097 0.000000 0.000000 0.000000 0.000000 -0.607132
    10 1.196326 -0.000002 -0.000001 0.000000 0.000000 -1.531174
    11 3.883696 -0.046765 0.431443 0.088260 -0.232467 -0.610129
    12 1.719570 -0.000004 -0.000001 0.000000 0.005516 -0.798444
    13 1.209171 -0.000002 0.000000 0.000000 0.003084 -0.942879
    14 3.859865 -0.137947 1.332466 -0.014269 -0.155908 -0.678745
    15 1.719429 0.000002 -0.000001 0.000000 0.004072 -0.677168
    16 1.099665 0.000000 0.000000 0.000000 0.002596 -0.911910
    17 0.806053 -0.348925 1.321258 -1.202255 -0.290289 -0.951653
    18 1.789780 -0.000002 0.000002 0.000000 0.000000 0.228523
    19 1.207006 0.000000 0.000000 0.000000 0.000000 -0.322285
    20 2.033356 1.000772 -1.937610 -1.668474 1.286518 2.942953
    21 6.028144 0.000000 0.000000 1.445425 1.405289 -1.152413
    22 11.692554 0.000001 0.000003 0.000000 0.000000 -0.681932
    23 11.481697 0.000001 0.000002 -1.072671 0.026079 0.237851
    24 3.859678 -0.132570 1.193109 0.432210 -0.155861 -0.861350
    25 1.312557 -0.000002 0.000001 0.000000 0.000000 -1.191994
    26 0.729365 0.000002 -0.000002 0.000000 0.000000 -1.063371
    27 3.942305 0.050327 0.431044 0.232421 0.000609 -0.853331
    28 1.539099 -0.000002 0.000000 0.000000 0.000000 -0.973379
    29 1.196321 0.000008 0.000000 0.000000 0.000000 -1.451289
    30 3.883661 -0.050323 -0.431042 0.066987 0.050243 -0.694792
    31 1.719578 0.000004 0.000000 0.000000 -0.000004 -1.251013
    32 1.209185 0.000002 0.000000 0.000000 0.000000 -1.141170
    33 3.859838 -0.148937 -1.331282 -0.248855 0.263129 -0.072121
    34 1.719423 0.000002 0.000000 0.000000 0.000000 -0.676756
    35 1.099667 0.000002 0.000000 0.000000 0.000000 -1.021287
    36 0.806021 -0.359837 -1.318334 1.349685 0.343493 -0.771450
    37 1.789782 0.000000 -0.000004 0.000000 0.000000 0.397500
    38 1.206999 0.000003 0.000002 0.000000 0.000000 0.989033
    39 4.127902 -1.449149 -3.542003 -1.564198 -0.011689 -1.581440
    40 3.820738 -1.409994 -0.589409 -1.564198 0.066846 -1.581440
  time 6
    0 0.000005 3.335938 -8.640625 -1.570781 -1.391896 -1.570809
    1 2.033349 1.000767 1.937660 2.722229 -0.811304 1.711776
    2 6.028141 0.000000 0.000000 -2.125085 0.626352 -1.368127
    3 11.692554 0.000001 0.000002 0.000000 0.000000 -1.534874
    4 11.481674 0.000001 -0.000032 1.541764 -0.028078 0.044379
    5 3.859709 -0.142404 -1.191975 -0.593060 -0.089489 -0.938466
    6 1.312555 -0.000002 0.000001 0.000000 0.000000 -0.551440
    7 0.729363 -0.000002 -0.000002 0.000000 0.000000 -0.773366
    8 3.942335 0.046767 -0.431443 -0.327726 -0.141498 -0.952235
    9 1.539097 0.000000 0.000000 0.000000 0.000000 -0.607132
    10 1.196326 -0.000002 -0.000001 0.000000 0.000000 -1.531174
    11 3.883696 -0.046765 0.431443 0.088260 -0.232467 -0.610129
    12 1.719570 -0.000004 -0.000001 0.000000 0.005516 -0.798444
    13 1.209171 -0.000002 0.000000 0.000000 0.003084 -0.942879
    14 3.859865 -0.137947 1.332466 -0.014269 -0.155908 -0.678745
    15 1.719429 0.000002 -0.000001 0.000000 0.004072 -0.677168
    16 1.099665 0.000000 0.000000 0.000000 0.002596 -0.911910
    17 0.806053 -0.348925 1.321258 -1.202255 -0.290289 -0.951653
    18 1.789780 -0.000002 0.000002 0.000000 0.000000 0.228523
    19 1.207006 0.000000 0.000000 0.000000 0.000000 -0.322285
    20 2.033356 1.000772 -1.937610 -1.668474 1.286518 2.942953
    21 6.028144 0.000000 0.000000 1.384627 1.392951 -1.221451
    22 11.692554 0.000001 0.000003 0.000000 0.000000 -0.704414
    23 11.481697 0.000001 0.000002 -1.070473 0.026367 0.240975
    24 3.859678 -0.132570 1.193109 0.432210 -0.155861 -0.861350
    25 1.312557 -0.000002 0.000001 0.000000 0.000000 -1.191994
    26 0.729365 0.000002 -0.000002 0.000000 0.000000 -1.063396
    27 3.942305 0.050327 0.431044 0.232421 0.000609 -0.853331
    28 1.539099 -0.000002 0.000000 0.000000 0.000000 -0.973379
    29 1.196321 0.000008 0.000000 0.000000 0.000000 -1.451289
    30 3.883661 -0.050323 -0.431042 0.066987 0.050243 -0.694792
    31 1.719578 0.000004 0.000000 0.000000 -0.000004 -1.251013
    32 1.209185 0.000002 0.000000 0.000000 0.000000 -1.141170
    33 3.859838 -0.148937 -1.331282 -0.248855 0.263129 -0.072121
    34 1.719423 0.000002 0.000000 0.000000 0.000000 -0.676756
    35 1.099667 0.000002 0.000000 0.000000 0.000000 -1.021287
    36 0.806021 -0.359837 -1.318334 1.349685 0.343493 -0.771450
    37 1.789782 0.000000 -0.000004 0.000000 0.000000 0.397500
    38 1.206999 0.000003 0.000002 0.000000 0.000000 0.989033
    39 4.127902 -1.449149 -3.542003 -1.564198 -0.011689 -1.581440
    40 3.820738 -1.409994 -0.589409 -1.564198 0.066846 -1.581440
  time 7
    0 0.000005 3.335938 -8.640625 -1.570781 -1.391896 -1.570809
    1 2.033349 1.000767 1.937660 2.722229 -0.811304 1.711776
    2 6.028141 0.000000 0.000000 -2.123220 0.626114 -1.369415
    3 11.692554 0.000001 0.000002 0.000000 0.000000 -1.533759
    4 11.481674 0.000001 -0.000032 1.532247 -0.028078 0.044379
    5 3.859709 -0.142404 -1.191975 -0.593060 -0.089489 -0.938466
    6 1.312555 -0.000002 0.000001 0.000000 0.000000 -0.551440
    7 0.729363 -0.000002 -0.000002 0.000000 0.000000 -0.773366
    8 3.942335 0.046767 -0.431443 -0.327726 -0.141498 -0.952235
    9 1.539097 0.000000 0.000000 0.000000 0.000000 -0.607132
    10 1.196326 -0.000002 -0.000001 0.000000 0.000000 -1.531174
    11 3.883696 -0.046765 0.431443 0.088260 -0.232467 -0.610129
    12 1.719570 -0.000004 -0.000001 0.000000 0.005516 -0.798444
    13 1.209171 -0.000002 0.000000 0.000000 0.003084 -0.942879
    14 3.859865 -0.137947 1.332466 -0.014269 -0.155908 -0.678745
    15 1.719429 0.000002 -0.000001 0.000000 0.004072 -0.677168
    16 1.099665 0.000000 0.000000 0.000000 0.002596 -0.911910
    17 0.806053 -0.348925 1.321258 -1.202255 -0.290289 -0.951653
    18 1.789780 -0.000002 0.000002 0.000000 0.000000 0.228523
    19 1.207006 0.000000 0.000000 0.000000 0.000000 -0.322285
    20 2.033356 1.000772 -1.937610 -1.668474 1.286518 2.942953
    21 6.028144 0.000000 0.000000 1.340930 1.381921 -1.271856
    22 11.692554 0.000001 0.000003 0.000000 0.000000 -0.720430
    23 11.481697 0.000001 0.000002 -1.100742 0.026018 0.242889
    24 3.859678 -0.132570 1.193109 0.432210 -0.155861 -0.861350
    25 1.312557 -0.000002 0.000001 0.000000 0.000000 -1.191994
    26 0.729365 0.000002 -0.000002 0.000000 0.000000 -1.063371
    27 3.942305 0.050327 0.431044 0.232421 0.000609 -0.853331
    28 1.539099 -0.000002 0.000000 0.000000 0.000000 -0.973379
    29 1.196321 0.000008 0.000000 0.000000 0.000000 -1.451289
    30 3.883661 -0.050323 -0.431042 0.066987 0.050243 -0.694792
    31 1.719578 0.000004 0.000000 0.000000 -0.000004 -1.251013
    32 1.209185 0.000002 0.000000 0.000000 0.000000 -1.141170
    33 3.859838 -0.148937 -1.331282 -0.248855 0.263129 -0.072121
    34 1.719423 0.000002 0.000000 0.000000 0.000000 -0.676756
    35 1.099667 0.000002 0.000000 0.000000 0.000000 -1.021287
    36 0.806021 -0.359837 -1.318334 1.349685 0.343493 -0.771450
    37 1.789782 0.000000 -0.000004 0.000000 0.000000 0.397500
    38 1.206999 0.000003 0.000002 0.000000 0.000000 0.989033
    39 4.127902 -1.449149 -3.542003 -1.564198 -0.011689 -1.581440
    40 3.820738 -1.409994 -0.589409 -1.564198 0.066846 -1.581440
  time 8
    0 0.000005 3.335938 -8.640625 -1.570781 -1.391896 -1.570809
    1 2.033349 1.000767 1.937660 2.722229 -0.811304 1.711776
    2 6.028141 0.000000 0.000000 -2.121322 0.626143 -1.370988
    3 11.692554 0.000001 0.000002 0.000000 0.000000 -1.533808
    4 11.481674 0.000001 -0.000032 1.522251 -0.028078 0.044379
    5 3.859709 -0.142404 -1.191975 -0.593060 -0.089489 -0.938466
    6 1.312555 -0.000002 0.000001 0.000000 0.000000 -0.551440
    7 0.729363 -0.000002 -0.000002 0.000000 0.000000 -0.773366
    8 3.942335 0.046767 -0.431443 -0.327726 -0.141498 -0.952235
    9 1.539097 0.000000 0.000000 0.000000 0.000000 -0.607132
    10 1.196326 -0.000002 -0.000001 0.000000 0.000000 -1.531174
    11 3.883696 -0.046765 0.431443 0.088260 -0.232467 -0.610129
    12 1.719570 -0.000004 -0.000001 0.000000 0.005516 -0.798444
    13 1.209171 -0.000002 0.000000 0.000000 0.003084 -0.942879
    14 3.859865 -0.137947 1.332466 -0.014269 -0.155908 -0.678745
    15 1.719429 0.000002 -0.000001 0.000000 0.004072 -0.677168
    16 1.099665 0.000000 0.000000 0.000000 0.002596 -0.911910
    17 0.806053 -0.348925 1.321258 -1.202255 -0.290289 -0.951653
    18 1.789780 -0.000002 0.000002 0.000000 0.000000 0.228523
    19 1.207006 0.000000 0.000000 0.000000 0.000000 -0.322285
    20 2.033356 1.000772 -1.937610 -1.668474 1.286518 2.942953
    21 6.028144 0.000000 0.000000 1.306606 1.372527 -1.311929
    22 11.692554 0.000001 0.000003 0.000000 0.000000 -0.732686
    23 11.481697 0.000001 0.000002 -1.148314 0.025154 0.244693
    24 3.859678 -0.132570 1.193109 0.432210 -0.155861 -0.861350
    25 1.312557 -0.000002 0.000001 0.000000 0.000000 -1.191994
    26 0.729365 0.000002 -0.000002 0.000000 0.000000 -1.063371
    27 3.942305 0.050327 0.431044 0.232421 0.000609 -0.853331
    28 1.539099 -0.000002 0.000000 0.000000 0.000000 -0.973401
    29 1.196321 0.000008 0.000000 0.000000 0.000000 -1.451289
    30 3.883661 -0.050323 -0.431042 0.066987 0.050243 -0.694792
    31 1.719578 0.000004 0.000000 0.000000 -0.000004 -1.251040
    32 1.209185 0.000002 0.000000 0.000000 0.000000 -1.141170
    33 3.859838 -0.148937 -1.331282 -0.248855 0.263129 -0.072121
    34 1.719423 0.000002 0.000000 0.000000 0.000000 -0.676756
    35 1.099667 0.000002 0.000000 0.000000 0.000000 -1.021287
    36 0.806021 -0.359837 -1.318334 1.349685 0.343493 -0.771450
    37 1.789782 0.000000 -0.000004 0.000000 0.000000 0.397500
    38 1.206999 0.000003 0.000002 0.000000 0.000000 0.989033
    39 4.127902 -1.449149 -3.542003 -1.564198 -0.011689 -1.581440
    40 3.809019 -1.374837 -0.437060 -1.564198 0.066846 -1.581440
  time 9
    0 0.000005 3.335938 -8.640625 -1.570781 -1.391896 -1.570809
    1 2.033349 1.000767 1.937660 2.722229 -0.811304 1.711776
    2 6.028141 0.000000 0.000000 -2.119558 0.626560 -1.372877
    3 11.692554 0.000001 0.000002 0.000000 0.000000 -1.535649
    4 11.481674 0.000001 -0.000032 1.512177 -0.028078 0.044379
    5 3.859709 -0.142404 -1.191975 -0.593060 -0.089489 -0.938466
    6 1.312555 -0.000002 0.000001 0.000000 0.000000 -0.551440
    7 0.729363 -0.000002 -0.000002 0.000000 0.000000 -0.773366
    8 3.942335 0.046767 -0.431443 -0.327726 -0.141498 -0.952235
    9 1.539097 0.000000 0.000000 0.000000 0.000000 -0.607132
    10 1.196326 -0.000002 -0.000001 0.000000 0.000000 -1.531210
    11 3.883696 -0.046765 0.431443 0.088260 -0.232467 -0.610129
    12 1.719570 -0.000004 -0.000001 0.000000 0.005516 -0.798444
    13 1.209171 -0.000002 0.000000 0.000000 0.003084 -0.942879
    14 3.859865 -0.137947 1.332466 -0.014269 -0.155908 -0.678745
    15 1.719429 0.000002 -0.000001 0.000000 0.004072 -0.677168
    16 1.099665 0.000000 0.000000 0.000000 0.002596 -0.911910
    17 0.806053 -0.348925 1.321258 -1.202255 -0.290289 -0.951653
    18 1.789780 -0.000002 0.000002 0.000000 0.000000 0.228523
    19 1.207006 0.000000 0.000000 0.000000 0.000000 -0.322285
    20 2.033356 1.000772 -1.937610 -1.668474 1.286518 2.942953
    21 6.028144 0.000000 0.000000 1.280770 1.365002 -1.342395
    22 11.692554 0.000001 0.000003 0.000000 0.000000 -0.741445
    23 11.481697 0.000001 0.000002 -1.164947 0.023982 0.248037
    24 3.859678 -0.132570 1.193109 0.432210 -0.155861 -0.861350
    25 1.312557 -0.000002 0.000001 0.000000 0.000000 -1.191994
    26 0.729365 0.000002 -0.000002 0.000000 0.000000 -1.063371
    27 3.942305 0.050327 0.431044 0.232421 0.000609 -0.853331
    28 1.539099 -0.000002 0.000000 0.000000 0.000000 -0.973379
    29 1.196321 0.000008 0.000000 0.000000 0.000000 -1.451289
    30 3.883661 -0.050323 -0.431042 0.066987 0.050243 -0.694792
    31 1.719578 0.000004 0.000000 0.000000 -0.000004 -1.251013
    32 1.209185 0.000002 0.000000 0.000000 0.000000 -1.141170
    33 3.859838 -0.148937 -1.331282 -0.248855 0.263129 -0.072121
    34 1.719423 0.000002 0.000000 0.000000 0.000000 -0.676756
    35 1.099667 0.000002 0.000000 0.000000 0.000000 -1.021287
    36 0.806021 -0.359837 -1.318334 1.349685 0.343493 -0.771450
    37 1.789782 0.000000 -0.000004 0.000000 0.000000 0.397500
    38 1.206999 0.000003 0.000002 0.000000 0.000000 0.989033
    39 4.127902 -1.449149 -3.542003 -1.564198 -0.011689 -1.581440
    40 3.434007 -1.441245 1.566907 -1.564198 0.066846 -1.581440
  time 10
    0 0.000005 3.335938 -8.640625 -1.570781 -1.391896 -1.570809
    1 2.033349 1.000767 1.937660 2.722229 -0.811304 1.711776
    2 6.028141 0.000000 0.000000 -2.118079 0.627482 -1.375081
    3 11.692554 0.000001 0.000002 0.000000 0.000000 -1.539669
    4 11.481674 0.000001 -0.000032 1.502341 -0.028078 0.044379
    5 3.859709 -0.142404 -1.191975 -0.593060 -0.089489 -0.938466
    6 1.312555 -0.000002 0.000001 0.000000 0.000000 -0.551440
    7 0.729363 -0.000002 -0.000002 0.000000 0.000000 -0.773366
    8 3.942335 0.046767 -0.431443 -0.327726 -0.141498 -0.952235
    9 1.539097 0.000000 0.000000 0.000000 0.000000 -0.607132
    10 1.196326 -0.000002 -0.000001 0.000000 0.000000 -1.531210
    11 3.883696 -0.046765 0.431443 0.088260 -0.232467 -0.610129
    12 1.719570 -0.000004 -0.000001 0.000000 0.005516 -0.798444
    13 1.209171 -0.000002 0.000000 0.000000 0.003084 -0.942879
    14 3.859865 -0.137947 1.332466 -0.014269 -0.155908 -0.678745
    15 1.719429 0.000002 -0.000001 0.000000 0.004072 -0.677168
    16 1.099665 0.000000 0.000000 0.000000 0.002596 -0.911910
    17 0.806053 -0.348925 1.321258 -1.202255 -0.290289 -0.951653
    18 1.789780 -0.000002 0.000002 0.000000 0.000000 0.228523
    19 1.207006 0.000000 0.000000 0.000000 0.000000 -0.322285
    20 2.033356 1.000772 -1.937610 -1.668474 1.286518 2.942953
    21 6.028144 0.000000 0.000000 1.262929 1.359534 -1.363568
    22 11.692554 0.000001 0.000003 0.000000 0.000000 -0.747085
    23 11.481697 0.000001 0.000002 -1.149458 0.023139 0.252922
    24 3.859678 -0.132570 1.193109 0.432210 -0.155861 -0.861350
    25 1.312557 -0.000002 0.000001 0.000000 0.000000 -1.191994
    26 0.729365 0.000002 -0.000002 0.000000 0.000000 -1.063371
    27 3.942305 0.050327 0.431044 0.232421 0.000609 -0.853331
    28 1.539099 -0.000002 0.000000 0.000000 0.000000 -0.973379
    29 1.196321 0.000008 0.000000 0.000000 0.000000 -1.451289
    30 3.883661 -0.050323 -0.431042 0.066987 0.050243 -0.694792
    31 1.719578 0.000004 0.000000 0.000000 -0.000004 -1.251013
    32 1.209185 0.000002 0.000000 0.000000 0.000000 -1.141170
    33 3.859838 -0.148937 -1.331282 -0.248855 0.263129 -0.072121
    34 1.719423 0.000002 0.000000 0.000000 0.000000 -0.676756
    35 1.099667 0.000002 0.000000 0.000000 0.000000 -1.021287
    36 0.806021 -0.359837 -1.318334 1.349685 0.343493 -0.771450
    37 1.789782 0.000000 -0.000004 0.000000 0.000000 0.397500
    38 1.206999 0.000003 0.000002 0.000000 0.000000 0.989033
    39 4.127902 -1.449149 -3.542003 -1.564198 -0.011689 -1.581440
    40 3.008213 -1.480309 6.070951 -1.564198 0.066846 -1.581440
  time 11
    0 0.000005 3.335938 -8.640625 -1.570781 -1.391896 -1.570809
    1 2.033349 1.000767 1.937660 2.722229 -0.811304 1.711776
    2 6.028141 0.000000 0.000000 -2.117004 0.628911 -1.377541
    3 11.692554 0.000001 0.000002 0.000000 0.000000 -1.546112
    4 11.481674 0.000001 -0.000032 1.492983 -0.028078 0.044379
    5 3.859709 -0.142404 -1.191975 -0.593060 -0.089489 -0.938466
    6 1.312555 -0.000002 0.000001 0.000000 0.000000 -0.551440
    7 0.729363 -0.000002 -0.000002 0.000000 0.000000 -0.773366
    8 3.942335 0.046767 -0.431443 -0.327726 -0.141498 -0.952235
    9 1.539097 0.000000 0.000000 0.000000 0.000000 -0.607132
    10 1.196326 -0.000002 -0.000001 0.000000 0.000000 -1.531174
    11 3.883696 -0.046765 0.431443 0.088260 -0.232467 -0.610129
    12 1.719570 -0.000004 -0.000001 0.000000 0.005516 -0.798444
    13 1.209171 -0.000002 0.000000 0.000000 0.003084 -0.942879
    14 3.859865 -0.137947 1.332466 -0.014269 -0.155908 -0.678745
    15 1.719429 0.000002 -0.000001 0.000000 0.004072 -0.677168
    16 1.099665 0.000000 0.000000 0.000000 0.002596 -0.911910
    17 0.806053 -0.348925 1.321258 -1.202255 -0.290289 -0.951653
    18 1.789780 -0.000002 0.000002 0.000000 0.000000 0.228523
    19 1.207006 0.000000 0.000000 0.000000 0.000000 -0.322285
    20 2.033356 1.000772 -1.937610 -1.668474 1.286518 2.942953
    21 6.028144 0.000000 0.000000 1.252689 1.356356 -1.375789
    22 11.692554 0.000001 0.000003 0.000000 0.000000 -0.749979
    23 11.481697 0.000001 0.000002 -1.106280 0.022645 0.257696
    24 3.859678 -0.132570 1.193109 0.432210 -0.155861 -0.861350
    25 1.312557 -0.000002 0.000001 0.000000 0.000000 -1.191994
    26 0.729365 0.000002 -0.000002 0.000000 0.000000 -1.063371
    27 3.942305 0.050327 0.431044 0.232421 0.000609 -0.853331
    28 1.539099 -0.000002 0.000000 0.000000 0.000000 -0.973379
    29 1.196321 0.000008 0.000000 0.000000 0.000000 -1.451289
    30 3.883661 -0.050323 -0.431042 0.066987 0.050243 -0.694792
    31 1.719578 0.000004 0.000000 0.000000 -0.000004 -1.251013
    32 1.209185 0.000002 0.000000 0.000000 0.000000 -1.141170
    33 3.859838 -0.148937 -1.331282 -0.248855 0.263129 -0.072121
    34 1.719423 0.000002 0.000000 0.000000 0.000000 -0.676756
    35 1.099667 0.000002 0.000000 0.000000 0.000000 -1.021287
    36 0.806021 -0.359837 -1.318334 1.349685 0.343493 -0.771450
    37 1.789782 0.000000 -0.000004 0.000000 0.000000 0.397500
    38 1.206999 0.000003 0.000002 0.000000 0.000000 0.989033
    39 4.127902 -1.449149 -3.542003 -1.564198 -0.011689 -1.581440
    40 1.680048 -0.398245 13.485239 -1.564198 0.066846 -1.581440
  time 12
    0 0.000005 3.335938 -8.640625 -1.570781 -1.391896 -1.570809
    1 2.033349 1.000767 1.937660 2.722229 -0.811304 1.711776
    2 6.028141 0.000000 0.000000 -2.116349 0.630786 -1.380145
    3 11.692554 0.000001 0.000002 0.000000 0.000000 -1.554928
    4 11.481674 0.000001 -0.000032 1.484342 -0.028078 0.044379
    5 3.859709 -0.142404 -1.191975 -0.593060 -0.089489 -0.938466
    6 1.312555 -0.000002 0.000001 0.000000 0.000000 -0.551440
    7 0.729363 -0.000002 -0.000002 0.000000 0.000000 -0.773366
    8 3.942335 0.046767 -0.431443 -0.327726 -0.141498 -0.952235
    9 1.539097 0.000000 0.000000 0.000000 0.000000 -0.607132
    10 1.196326 -0.000002 -0.000001 0.000000 0.000000 -1.531174
    11 3.883696 -0.046765 0.431443 0.088260 -0.232467 -0.610129
    12 1.719570 -0.000004 -0.000001 0.000000 0.005516 -0.798444
    13 1.209171 -0.000002 0.000000 0.000000 0.003084 -0.942879
    14 3.859865 -0.137947 1.332466 -0.014269 -0.155908 -0.678745
    15 1.719429 0.000002 -0.000001 0.000000 0.004072 -0.677168
    16 1.099665 0.000000 0.000000 0.000000 0.002596 -0.911910
    17 0.806053 -0.348925 1.321258 -1.202255 -0.290289 -0.951653
    18 1.789780 -0.000002 0.000002 0.000000 0.000000 0.228523
    19 1.207006 0.000000 0.000000 0.000000 0.000000 -0.322285
    20 2.033356 1.000772 -1.937610 -1.668474 1.286518 2.942953
    21 6.028144 0.000000 0.000000 1.249311 1.355468 -1.379781
    22 11.692554 0.000001 0.000003 0.000000 0.000000 -0.750619
    23 11.481697 0.000001 0.000002 -1.088667 0.022460 0.260402
    24 3.859678 -0.132570 1.193109 0.432210 -0.155861 -0.861350
    25 1.312557 -0.000002 0.000001 0.000000 0.000000 -1.191994
    26 0.729365 0.000002 -0.000002 0.000000 0.000000 -1.063371
    27 3.942305 0.050327 0.431044 0.232421 0.000609 -0.853331
    28 1.539099 -0.000002 0.000000 0.000000 0.000000 -0.973379
    29 1.196321 0.000008 0.000000 0.000000 0.000000 -1.451289
    30 3.883661 -0.050323 -0.431042 0.066987 0.050243 -0.694792
    31 1.719578 0.000004 0.000000 0.000000 -0.000004 -1.251013
    32 1.209185 0.000002 0.000000 0.000000 0.000000 -1.141170
    33 3.859838 -0.148937 -1.331282 -0.248855 0.263129 -0.072121
    34 1.719423 0.000002 0.000000 0.000000 0.000000 -0.676756
    35 1.099667 0.000002 0.000000 0.000000 0.000000 -1.021287
    36 0.806021 -0.359837 -1.318334 1.349685 0.343493 -0.771450
    37 1.789782 0.000000 -0.000004 0.000000 0.000000 0.397500
    38 1.206999 0.000003 0.000002 0.000000 0.000000 0.989033
    39 4.127902 -1.449149 -3.542003 -1.564198 -0.011689 -1.581440
    40 -2.347419 -0.019327 16.887687 -1.564198 0.066846 -1.581440
  time 13
    0 0.000005 3.335938 -8.640625 -1.570781 -1.391896 -1.570809
    1 2.033349 1.000767 1.937660 2.722229 -0.811304 1.711776
    2 6.028141 0.000000 0.000000 -2.116164 0.633017 -1.382721
    3 11.692554 0.000001 0.000002 0.000000 0.000000 -1.566021
    4 11.481674 0.000001 -0.000032 1.476616 -0.028078 0.044379
    5 3.859709 -0.142404 -1.191975 -0.593060 -0.089489 -0.938466
    6 1.312555 -0.000002 0.000001 0.000000 0.000000 -0.551440
    7 0.729363 -0.000002 -0.000002 0.000000 0.000000 -0.773366
    8 3.942335 0.046767 -0.431443 -0.327726 -0.141498 -0.952235
    9 1.539097 0.000000 0.000000 0.000000 0.000000 -0.607132
    10 1.196326 -0.000002 -0.000001 0.000000 0.000000 -1.531210
    11 3.883696 -0.046765 0.431443 0.088260 -0.232467 -0.610129
    12 1.719570 -0.000004 -0.000001 0.000000 0.005516 -0.798444
    13 1.209171 -0.000002 0.000000 0.000000 0.003084 -0.942879
    14 3.859865 -0.137947 1.332466 -0.014269 -0.155908 -0.678745
    15 1.719429 0.000002 -0.000001 0.000000 0.004072 -0.677168
    16 1.099665 0.000000 0.000000 0.000000 0.002596 -0.911910
    17 0.806053 -0.348925 1.321258 -1.202255 -0.290289 -0.951653
    18 1.789780 -0.000002 0.000002 0.000000 0.000000 0.228523
    19 1.207006 0.000000 0.000000 0.000000 0.000000 -0.322285
    20 2.033356 1.000772 -1.937610 -1.668474 1.286518 2.942953
    21 6.028144 0.000000 0.000000 1.251680 1.356823 -1.376853
    22 11.692554 0.000001 0.000003 0.000000 0.000000 -0.749340
    23 11.481697 0.000001 0.000002 -1.095912 0.022481 0.262536
    24 3.859678 -0.132570 1.193109 0.432210 -0.155861 -0.861350
    25 1.312557 -0.000002 0.000001 0.000000 0.000000 -1.191994
    26 0.729365 0.000002 -0.000002 0.000000 0.000000 -1.063371
    27 3.942305 0.050327 0.431044 0.232421 0.000609 -0.853331
    28 1.539099 -0.000002 0.000000 0.000000 0.000000 -0.973401
    29 1.196321 0.000008 0.000000 0.000000 0.000000 -1.451289
    30 3.883661 -0.050323 -0.431042 0.066987 0.050243 -0.694792
    31 1.719578 0.000004 0.000000 0.000000 -0.000004 -1.251013
    32 1.209185 0.000002 0.000000 0.000000 0.000000 -1.141170
    33 3.859838 -0.148937 -1.331282 -0.248855 0.263129 -0.072121
    34 1.719423 0.000002 0.000000 0.000000 0.000000 -0.676756
    35 1.099667 0.000002 0.000000 0.000000 0.000000 -1.021287
    36 0.806021 -0.359837 -1.318334 1.349685 0.343493 -0.771450
    37 1.789782 0.000000 -0.000004 0.000000 0.000000 0.397500
    38 1.206999 0.000003 0.000002 0.000000 0.000000 0.989033
    39 4.127902 -1.449149 -3.542003 -1.564198 -0.011689 -1.581440
    40 -6.175661 -0.238083 17.079099 -1.564198 0.066846 -1.581440
  time 14
    0 0.000005 3.335938 -8.640625 -1.570781 -1.391896 -1.570809
    1 2.033349 1.000767 1.937660 2.722229 -0.811304 1.711776
    2 6.028141 0.000000 0.000000 -2.116383 0.635338 -1.385125
    3 11.692554 0.000001 0.000002 0.000000 0.000000 -1.579003
    4 11.481674 0.000001 -0.000032 1.469966 -0.028078 0.044379
    5 3.859709 -0.142404 -1.191975 -0.593060 -0.089489 -0.938466
    6 1.312555 -0.000002 0.000001 0.000000 0.000000 -0.551440
    7 0.729363 -0.000002 -0.000002 0.000000 0.000000 -0.773366
    8 3.942335 0.046767 -0.431443 -0.327726 -0.141498 -0.952235
    9 1.539097 0.000000 0.000000 0.000000 0.000000 -0.607132
    10 1.196326 -0.000002 -0.000001 0.000000 0.000000 -1.531210
    11 3.883696 -0.046765 0.431443 0.088260 -0.232467 -0.610129
    12 1.719570 -0.000004 -0.000001 0.000000 0.005516 -0.798444
    13 1.209171 -0.000002 0.000000 0.000000 0.003084 -0.942879
    14 3.859865 -0.137947 1.332466 -0.014269 -0.155908 -0.678745
    15 1.719429 0.000002 -0.000001 0.000000 0.004072 -0.677168
    16 1.099665 0.000000 0.000000 0.000000 0.002596 -0.911910
    17 0.806053 -0.348925 1.321258 -1.202255 -0.290289 -0.951653
    18 1.789780 -0.000002 0.000002 0.000000 0.000000 0.228523
    19 1.207006 0.000000 0.000000 0.000000 0.000000 -0.322285
    20 2.033356 1.000772 -1.937610 -1.668474 1.286518 2.942953
    21 6.028144 0.000000 0.000000 1.258149 1.360001 -1.368916
    22 11.692554 0.000001 0.000003 0.000000 0.000000 -0.746370
    23 11.481697 0.000001 0.000002 -1.105082 0.022645 0.265771
    24 3.859678 -0.132570 1.193109 0.432210 -0.155861 -0.861350
    25 1.312557 -0.000002 0.000001 0.000000 0.000000 -1.191994
    26 0.729365 0.000002 -0.000002 0.000000 0.000000 -1.063371
    27 3.942305 0.050327 0.431044 0.232421 0.000609 -0.853331
    28 1.539099 -0.000002 0.000000 0.000000 0.000000 -0.973379
    29 1.196321 0.000008 0.000000 0.000000 0.000000 -1.451289
    30 3.883661 -0.050323 -0.431042 0.066987 0.050243 -0.694792
    31 1.719578 0.000004 0.000000 0.000000 -0.000004 -1.251013
    32 1.209185 0.000002 0.000000 0.000000 0.000000 -1.141170
    33 3.859838 -0.148937 -1.331282 -0.248855 0.263129 -0.072121
    34 1.719423 0.000002 0.000000 0.000000 0.000000 -0.676756
    35 1.099667 0.000002 0.000000 0.000000 0.000000 -1.021287
    36 0.806021 -0.359837 -1.318334 1.349685 0.343493 -0.771450
    37 1.789782 0.000000 -0.000004 0.000000 0.000000 0.397500
    38 1.206999 0.000003 0.000002 0.000000 0.000000 0.989033
    39 4.127902 -1.449149 -3.542003 -1.564198 -0.011689 -1.581440
    40 -7.570235 -0.495904 16.165009 -1.564198 0.066846 -1.581440
  time 15
    0 0.000005 3.335938 -8.640625 -1.570781 -1.391896 -1.570809
    1 2.033349 1.000767 1.937660 2.722229 -0.811304 1.711776
    2 6.028141 0.000000 0.000000 -2.116954 0.637511 -1.387070
    3 11.692554 0.000001 0.000002 0.000000 0.000000 -1.593439
    4 11.481674 0.000001 -0.000032 1.464471 -0.028078 0.044379
    5 3.859709 -0.142404 -1.191975 -0.593060 -0.089489 -0.938466
    6 1.312555 -0.000002 0.000001 0.000000 0.000000 -0.551440
    7 0.729363 -0.000002 -0.000002 0.000000 0.000000 -0.773366
    8 3.942335 0.046767 -0.431443 -0.327726 -0.141498 -0.952235
    9 1.539097 0.000000 0.000000 0.000000 0.000000 -0.607132
    10 1.196326 -0.000002 -0.000001 0.000000 0.000000 -1.531174
    11 3.883696 -0.046765 0.431443 0.088260 -0.232467 -0.610129
    12 1.719570 -0.000004 -0.000001 0.000000 0.005516 -0.798444
    13 1.209171 -0.000002 0.000000 0.000000 0.003084 -0.942879
    14 3.859865 -0.137947 1.332466 -0.014269 -0.155908 -0.678745
    15 1.719429 0.000002 -0.000001 0.000000 0.004072 -0.677168
    16 1.099665 0.000000 0.000000 0.000000 0.002596 -0.911910
    17 0.806053 -0.348925 1.321258 -1.202255 -0.290289 -0.951653
    18 1.789780 -0.000002 0.000002 0.000000 0.000000 0.228523
    19 1.207006 0.000000 0.000000 0.000000 0.000000 -0.322285
    20 2.033356 1.000772 -1.937610 -1.668474 1.286518 2.942953
    21 6.028144 0.000000 0.000000 1.266905 1.364535 -1.358196
    22 11.692554 0.000001 0.000003 0.000000 0.000000 -0.741896
    23 11.481697 0.000001 0.000002 -1.116848 0.023715 0.267663
    24 3.859678 -0.132570 1.193109 0.432210 -0.155861 -0.861350
    25 1.312557 -0.000002 0.000001 0.000000 0.000000 -1.191994
    26 0.729365 0.000002 -0.000002 0.000000 0.000000 -1.063371
    27 3.942305 0.050327 0.431044 0.232421 0.000609 -0.853331
    28 1.539099 -0.000002 0.000000 0.000000 0.000000 -0.973379
    29 1.196321 0.000008 0.000000 0.000000 0.000000 -1.451289
    30 3.883661 -0.050323 -0.431042 0.066987 0.050243 -0.694792
    31 1.719578 0.000004 0.000000 0.000000 -0.000004 -1.251013
    32 1.209185 0.000002 0.000000 0.000000 0.000000 -1.141170
    33 3.859838 -0.148937 -1.331282 -0.248855 0.263129 -0.072121
    34 1.719423 0.000002 0.000000 0.000000 0.000000 -0.676756
    35 1.099667 0.000002 0.000000 0.000000 0.000000 -1.021287
    36 0.806021 -0.359837 -1.318334 1.349685 0.343493 -0.771450
    37 1.789782 0.000000 -0.000004 0.000000 0.000000 0.397500
    38 1.206999 0.000003 0.000002 0.000000 0.000000 0.989033
    39 4.127902 -1.449149 -3.542003 -1.564198 -0.011689 -1.581440
    40 -6.449107 -0.730286 14.567304 -1.564198 0.066846 -1.581440
  time 16
    0 0.000005 3.335938 -8.640625 -1.570781 -1.391896 -1.570809
    1 2.033349 1.000767 1.937660 2.722229 -0.811304 1.711776
    2 6.028141 0.000000 0.000000 -2.118399 0.642421 -1.391420
    3 11.692554 0.000001 0.000002 0.000000 0.000000 -1.629721
    4 11.481674 0.000001 -0.000032 1.460250 -0.028078 0.044379
    5 3.859709 -0.142404 -1.191975 -0.593060 -0.089489 -0.938466
    6 1.312555 -0.000002 0.000001 0.000000 0.000000 -0.551440
    7 0.729363 -0.000002 -0.000002 0.000000 0.000000 -0.773366
    8 3.942335 0.046767 -0.431443 -0.327726 -0.141498 -0.952235
    9 1.539097 0.000000 0.000000 0.000000 0.000000 -0.607132
    10 1.196326 -0.000002 -0.000001 0.000000 0.000000 -1.531174
    11 3.883696 -0.046765 0.431443 0.088260 -0.232467 -0.610129
    12 1.719570 -0.000004 -0.000001 0.000000 0.005516 -0.798444
    13 1.209171 -0.000002 0.000000 0.000000 0.003084 -0.942879
    14 3.859865 -0.137947 1.332466 -0.014269 -0.155908 -0.678745
    15 1.719429 0.000002 -0.000001 0.000000 0.004072 -0.677168
    16 1.099665 0.000000 0.000000 0.000000 0.002596 -0.911910
    17 0.806053 -0.348925 1.321258 -1.202255 -0.290289 -0.951653
    18 1.789780 -0.000002 0.000002 0.000000 0.000000 0.228523
    19 1.207006 0.000000 0.000000 0.000000 0.000000 -0.322285
    20 2.033356 1.000772 -1.937610 -1.668474 1.286518 2.942953
    21 6.028144 0.000000 0.000000 1.276197 1.370050 -1.346726
    22 11.692554 0.000001 0.000003 0.000000 0.000000 -0.736032
    23 11.481697 0.000001 0.000002 -1.114015 0.024887 0.267355
    24 3.859678 -0.132570 1.193109 0.432210 -0.155861 -0.861350
    25 1.312557 -0.000002 0.000001 0.000000 0.000000 -1.191994
    26 0.729365 0.000002 -0.000002 0.000000 0.000000 -1.063371
    27 3.942305 0.050327 0.431044 0.232421 0.000609 -0.853331
    28 1.539099 -0.000002 0.000000 0.000000 0.000000 -0.973379
    29 1.196321 0.000008 0.000000 0.000000 0.000000 -1.451289
    30 3.883661 -0.050323 -0.431042 0.066987 0.050243 -0.694792
    31 1.719578 0.000004 0.000000 0.000000 -0.000004 -1.251013
    32 1.209185 0.000002 0.000000 0.000000 0.000000 -1.141170
    33 3.859838 -0.148937 -1.331282 -0.248855 0.263129 -0.072121
    34 1.719423 0.000002 0.000000 0.000000 0.000000 -0.676756
    35 1.099667 0.000002 0.000000 0.000000 0.000000 -1.021287
    36 0.806021 -0.359837 -1.318334 1.349685 0.343493 -0.771450
    37 1.789782 0.000000 -0.000004 0.000000 0.000000 0.397500
    38 1.206999 0.000003 0.000002 0.000000 0.000000 0.989033
    39 4.127902 -1.449149 -3.542003 -1.564198 -0.011689 -1.581440
    40 -3.714648 -1.003732 12.243014 -1.564198 0.066846 -1.581440
  time 17
    0 0.000005 3.335938 -8.640625 -1.570781 -1.391896 -1.570809
    1 2.033349 1.000767 1.937660 2.722229 -0.811304 1.711776
    2 6.028141 0.000000 0.000000 -1.971976 0.143176 -1.164440
    3 11.692554 0.000001 0.000002 0.000000 0.000000 -1.647693
    4 11.481674 0.000001 -0.000032 1.457343 -0.028078 0.044379
    5 3.859709 -0.142404 -1.191975 -0.593060 -0.089489 -0.938466
    6 1.312555 -0.000002 0.000001 0.000000 0.000000 -0.551440
    7 0.729363 -0.000002 -0.000002 0.000000 0.000000 -0.773366
    8 3.942335 0.046767 -0.431443 -0.327726 -0.141498 -0.952235
    9 1.539097 0.000000 0.000000 0.000000 0.000000 -0.607132
    10 1.196326 -0.000002 -0.000001 0.000000 0.000000 -1.531210
    11 3.883696 -0.046765 0.431443 0.088260 -0.232467 -0.610129
    12 1.719570 -0.000004 -0.000001 0.000000 0.005516 -0.798444
    13 1.209171 -0.000002 0.000000 0.000000 0.003084 -0.942879
    14 3.859865 -0.137947 1.332466 -0.014269 -0.155908 -0.678745
    15 1.719429 0.000002 -0.000001 0.000000 0.004072 -0.677168
    16 1.099665 0.000000 0.000000 0.000000 0.002596 -0.911910
    17 0.806053 -0.348925 1.321258 -1.202255 -0.290289 -0.951653
    18 1.789780 -0.000002 0.000002 0.000000 0.000000 0.228523
    19 1.207006 0.000000 0.000000 0.000000 0.000000 -0.322285
    20 2.033356 1.000772 -1.937610 -1.668474 1.286518 2.942953
    21 6.028144 0.000000 0.000000 1.284602 1.376266 -1.336200
    22 11.692554 0.000001 0.000003 0.000000 0.000000 -0.728851
    23 11.481697 0.000001 0.000002 -1.088831 0.026162 0.264473
    24 3.859678 -0.132570 1.193109 0.432210 -0.155861 -0.861350
    25 1.312557 -0.000002 0.000001 0.000000 0.000000 -1.191994
    26 0.729365 0.000002 -0.000002 0.000000 0.000000 -1.063371
    27 3.942305 0.050327 0.431044 0.232421 0.000609 -0.853331
    28 1.539099 -0.000002 0.000000 0.000000 0.000000 -0.973379
    29 1.196321 0.000008 0.000000 0.000000 0.000000 -1.451289
    30 3.883661 -0.050323 -0.431042 0.066987 0.050243 -0.694792
    31 1.719578 0.000004 0.000000 0.000000 -0.000004 -1.251013
    32 1.209185 0.000002 0.000000 0.000000 0.000000 -1.141170
    33 3.859838 -0.148937 -1.331282 -0.248855 0.263129 -0.072121
    34 1.719423 0.000002 0.000000 0.000000 0.000000 -0.676756
    35 1.099667 0.000002 0.000000 0.000000 0.000000 -1.021287
    36 0.806021 -0.359837 -1.318334 1.349685 0.343493 -0.771450
    37 1.789782 0.000000 -0.000004 0.000000 0.000000 0.397500
    38 1.206999 0.000003 0.000002 0.000000 0.000000 0.989033
    39 4.127902 -1.449149 -3.542003 -1.564198 -0.011689 -1.581440
    40 -0.468456 -1.265458 9.500743 -1.564198 0.066846 -1.581440
  time 18
    0 0.000005 3.335938 -8.640625 -1.570781 -1.391896 -1.570809
    1 2.033349 1.000767 1.937660 2.722229 -0.811304 1.711776
    2 6.028141 0.000000 0.000000 -1.984072 -0.395618 -0.967536
    3 11.692554 0.000001 0.000002 0.000000 0.000000 -1.138818
    4 11.481674 0.000001 -0.000032 1.455750 -0.028078 0.044379
    5 3.859709 -0.142404 -1.191975 -0.593060 -0.089489 -0.938466
    6 1.312555 -0.000002 0.000001 0.000000 0.000000 -0.551440
    7 0.729363 -0.000002 -0.000002 0.000000 0.000000 -0.773366
    8 3.942335 0.046767 -0.431443 -0.327726 -0.141498 -0.952235
    9 1.539097 0.000000 0.000000 0.000000 0.000000 -0.607132
    10 1.196326 -0.000002 -0.000001 0.000000 0.000000 -1.531210
    11 3.883696 -0.046765 0.431443 0.088260 -0.232467 -0.610129
    12 1.719570 -0.000004 -0.000001 0.000000 0.005516 -0.798444
    13 1.209171 -0.000002 0.000000 0.000000 0.003084 -0.942879
    14 3.859865 -0.137947 1.332466 -0.014269 -0.155908 -0.678745
    15 1.719429 0.000002 -0.000001 0.000000 0.004072 -0.677168
    16 1.099665 0.000000 0.000000 0.000000 0.002596 -0.911910
    17 0.806053 -0.348925 1.321258 -1.202255 -0.290289 -0.951653
    18 1.789780 -0.000002 0.000002 0.000000 0.000000 0.228523
    19 1.207006 0.000000 0.000000 0.000000 0.000000 -0.322285
    20 2.033356 1.000772 -1.937610 -1.668474 1.286518 2.942953
    21 6.028144 0.000000 0.000000 1.291010 1.383089 -1.327876
    22 11.692554 0.000001 0.000003 0.000000 0.000000 -0.720542
    23 11.481697 0.000001 0.000002 -1.053060 0.025627 0.256068
    24 3.859678 -0.132570 1.193109 0.432210 -0.155861 -0.861350
    25 1.312557 -0.000002 0.000001 0.000000 0.000000 -1.191994
    26 0.729365 0.000002 -0.000002 0.000000 0.000000 -1.063371
    27 3.942305 0.050327 0.431044 0.232421 0.000609 -0.853331
    28 1.539099 -0.000002 0.000000 0.000000 0.000000 -0.973379
    29 1.196321 0.000008 0.000000 0.000000 0.000000 -1.451289
    30 3.883661 -0.050323 -0.431042 0.066987 0.050243 -0.694792
    31 1.719578 0.000004 0.000000 0.000000 -0.000004 -1.251013
    32 1.209185 0.000002 0.000000 0.000000 0.000000 -1.141170
    33 3.859838 -0.148937 -1.331282 -0.248855 0.263129 -0.072121
    34 1.719423 0.000002 0.000000 0.000000 0.000000 -0.676756
    35 1.099667 0.000002 0.000000 0.000000 0.000000 -1.021287
    36 0.806021 -0.359837 -1.318334 1.349685 0.343493 -0.771450
    37 1.789782 0.000000 -0.000004 0.000000 0.000000 0.397500
    38 1.206999 0.000003 0.000002 0.000000 0.000000 0.989033
    39 4.127902 -1.449149 -3.542003 -1.564198 -0.011689 -1.581440
    40 2.156625 -1.437339 6.469400 -1.564198 0.066846 -1.581440
  time 19
    0 0.000005 3.335938 -8.640625 -1.570781 -1.391896 -1.570809
    1 2.033349 1.000767 1.937660 2.722229 -0.811304 1.711776
    2 6.028141 0.000000 0.000000 -1.992875 -0.555357 -0.944243
    3 11.692554 0.000001 0.000002 0.000000 0.000000 -1.083789
    4 11.481674 0.000001 -0.000032 1.467816 -0.037390 0.040285
    5 3.859709 -0.142404 -1.191975 -0.593060 -0.089489 -0.938466
    6 1.312555 -0.000002 0.000001 0.000000 0.000000 -0.551440
    7 0.729363 -0.000002 -0.000002 0.000000 0.000000 -0.773366
    8 3.942335 0.046767 -0.431443 -0.327726 -0.141498 -0.952235
    9 1.539097 0.000000 0.000000 0.000000 0.000000 -0.607132
    10 1.196326 -0.000002 -0.000001 0.000000 0.000000 -1.531210
    11 3.883696 -0.046765 0.431443 0.088260 -0.232467 -0.610129
    12 1.719570 -0.000004 -0.000001 0.000000 0.005516 -0.798444
    13 1.209171 -0.000002 0.000000 0.000000 0.003084 -0.942879
    14 3.859865 -0.137947 1.332466 -0.014269 -0.155908 -0.678745
    15 1.719429 0.000002 -0.000001 0.000000 0.004072 -0.677168
    16 1.099665 0.000000 0.000000 0.000000 0.002596 -0.911910
    17 0.806053 -0.348925 1.321258 -1.202255 -0.290289 -0.951653
    18 1.789780 -0.000002 0.000002 0.000000 0.000000 0.228523
    19 1.207006 0.000000 0.000000 0.000000 0.000000 -0.322285
    20 2.033356 1.000772 -1.937610 -1.668474 1.286518 2.942953
    21 6.028144 0.000000 0.000000 1.294780 1.390240 -1.322479
    22 11.692554 0.000001 0.000003 0.000000 0.000000 -0.711294
    23 11.481697 0.000001 0.000002 -1.016691 0.023694 0.252504
    24 3.859678 -0.132570 1.193109 0.432210 -0.155861 -0.861350
    25 1.312557 -0.000002 0.000001 0.000000 0.000000 -1.191994
    26 0.729365 0.000002 -0.000002 0.000000 0.000000 -1.063371
    27 3.942305 0.050327 0.431044 0.232421 0.000609 -0.853331
    28 1.539099 -0.000002 0.000000 0.000000 0.000000 -0.973379
    29 1.196321 0.000008 0.000000 0.000000 0.000000 -1.451289
    30 3.883661 -0.050323 -0.431042 0.066987 0.050243 -0.694792
    31 1.719578 0.000004 0.000000 0.000000 -0.000004 -1.251013
    32 1.209185 0.000002 0.000000 0.000000 0.000000 -1.141170
    33 3.859838 -0.148937 -1.331282 -0.248855 0.263129 -0.072121
    34 1.719423 0.000002 0.000000 0.000000 0.000000 -0.676756
    35 1.099667 0.000002 0.000000 0.000000 0.000000 -1.021287
    36 0.806021 -0.359837 -1.318334 1.349685 0.343493 -0.771450
    37 1.789782 0.000000 -0.000004 0.000000 0.000000 0.397500
    38 1.206999 0.000003 0.000002 0.000000 0.000000 0.989033
    39 4.127902 -1.449149 -3.542003 -1.564198 -0.011689 -1.581440
    40 3.367599 -1.304522 1.844259 -1.564198 0.066846 -1.581440
  time 20
    0 0.000005 3.335938 -8.640625 -1.570781 -1.391896 -1.570809
    1 2.033349 1.000767 1.937660 2.722229 -0.811304 1.711776
    2 6.028141 0.000000 0.000000 -2.012429 -0.619545 -0.909017
    3 11.692554 0.000001 0.000002 0.000000 0.000000 -1.103505
    4 11.481674 0.000001 -0.000032 1.696908 -0.097397 0.079207
    5 3.859709 -0.142404 -1.191975 -0.593060 -0.089489 -0.938466
    6 1.312555 -0.000002 0.000001 0.000000 0.000000 -0.551440
    7 0.729363 -0.000002 -0.000002 0.000000 0.000000 -0.773366
    8 3.942335 0.046767 -0.431443 -0.327726 -0.141498 -0.952235
    9 1.539097 0.000000 0.000000 0.000000 0.000000 -0.607132
    10 1.196326 -0.000002 -0.000001 0.000000 0.000000 -1.531174
    11 3.883696 -0.046765 0.431443 0.088260 -0.232467 -0.610129
    12 1.719570 -0.000004 -0.000001 0.000000 0.005516 -0.798444
    13 1.209171 -0.000002 0.000000 0.000000 0.003084 -0.942879
    14 3.859865 -0.137947 1.332466 -0.014269 -0.155908 -0.678745
    15 1.719429 0.000002 -0.000001 0.000000 0.004072 -0.677168
    16 1.099665 0.000000 0.000000 0.000000 0.002596 -0.911910
    17 0.806053 -0.348925 1.321258 -1.200781 -0.293273 -0.952888
    18 1.789780 -0.000002 0.000002 0.000000 0.000000 0.228523
    19 1.207006 0.000000 0.000000 0.000000 0.000000 -0.322285
    20 2.033356 1.000772 -1.937610 -1.668474 1.286518 2.942953
    21 6.028144 0.000000 0.000000 1.296779 1.396456 -1.319261
    22 11.692554 0.000001 0.000003 0.000000 0.000000 -0.703474
    23 11.481697 0.000001 0.000002 -1.000204 0.019869 0.251360
    24 3.859678 -0.132570 1.193109 0.432210 -0.155861 -0.861350
    25 1.312557 -0.000002 0.000001 0.000000 0.000000 -1.191994
    26 0.729365 0.000002 -0.000002 0.000000 0.000000 -1.063371
    27 3.942305 0.050327 0.431044 0.232421 0.000609 -0.853331
    28 1.539099 -0.000002 0.000000 0.000000 0.000000 -0.973379
    29 1.196321 0.000008 0.000000 0.000000 0.000000 -1.451289
    30 3.883661 -0.050323 -0.431042 0.066987 0.050243 -0.694792
    31 1.719578 0.000004 0.000000 0.000000 -0.000004 -1.251013
    32 1.209185 0.000002 0.000000 0.000000 0.000000 -1.141170
    33 3.859838 -0.148937 -1.331282 -0.248855 0.263129 -0.072121
    34 1.719423 0.000002 0.000000 0.000000 0.000000 -0.676756
    35 1.099667 0.000002 0.000000 0.000000 0.000000 -1.021287
    36 0.806021 -0.359837 -1.318334 1.349685 0.343493 -0.771450
    37 1.789782 0.000000 -0.000004 0.000000 0.000000 0.397500
    38 1.206999 0.000003 0.000002 0.000000 0.000000 0.989033
    39 4.127902 -1.449149 -3.542003 -1.564198 -0.011689 -1.581440
    40 3.723079 -1.316241 0.019985 -1.564198 0.066846 -1.581440
  time 21
    0 0.000005 3.335938 -8.640625 -1.570781 -1.391896 -1.570809
    1 2.033349 1.000767 1.937660 2.722229 -0.811304 1.711776
    2 6.028141 0.000000 0.000000 -2.037561 -0.633263 -0.859941
    3 11.692554 0.000001 0.000002 0.000000 0.000000 -1.142161
    4 11.481674 0.000001 -0.000032 1.719845 -0.029624 0.162045
    5 3.859709 -0.142404 -1.191975 -0.593060 -0.089489 -0.938466
    6 1.312555 -0.000002 0.000001 0.000000 0.000000 -0.551440
    7 0.729363 -0.000002 -0.000002 0.000000 0.000000 -0.773366
    8 3.942335 0.046767 -0.431443 -0.327726 -0.141498 -0.952235
    9 1.539097 0.000000 0.000000 0.000000 0.000000 -0.607132
    10 1.196326 -0.000002 -0.000001 0.000000 0.000000 -1.531174
    11 3.883696 -0.046765 0.431443 0.088260 -0.232467 -0.610129
    12 1.719570 -0.000004 -0.000001 0.000000 0.005516 -0.798444
    13 1.209171 -0.000002 0.000000 0.000000 0.003084 -0.942879
    14 3.859865 -0.137947 1.332466 -0.014269 -0.155908 -0.678745
    15 1.719429 0.000002 -0.000001 0.000000 0.004072 -0.677168
    16 1.099665 0.000000 0.000000 0.000000 0.002596 -0.911910
    17 0.806053 -0.348925 1.321258 -1.183883 -0.326507 -0.967174
    18 1.789780 -0.000002 0.000002 0.000000 0.000000 0.228523
    19 1.207006 0.000000 0.000000 0.000000 0.000000 -0.322285
    20 2.033356 1.000772 -1.937610 -1.668474 1.286518 2.942953
    21 6.028144 0.000000 0.000000 1.297355 1.401083 -1.317857
    22 11.692554 0.000001 0.000003 0.000000 0.000000 -0.698173
    23 11.481697 0.000001 0.000002 -1.003073 0.013680 0.251602
    24 3.859678 -0.132570 1.193109 0.432210 -0.155861 -0.861350
    25 1.312557 -0.000002 0.000001 0.000000 0.000000 -1.191994
    26 0.729365 0.000002 -0.000002 0.000000 0.000000 -1.063371
    27 3.942305 0.050327 0.431044 0.232421 0.000609 -0.853331
    28 1.539099 -0.000002 0.000000 0.000000 0.000000 -0.973379
    29 1.196321 0.000008 0.000000 0.000000 0.000000 -1.451289
    30 3.883661 -0.050323 -0.431042 0.066987 0.050243 -0.694792
    31 1.719578 0.000004 0.000000 0.000000 -0.000004 -1.251013
    32 1.209185 0.000002 0.000000 0.000000 0.000000 -1.141170
    33 3.859838 -0.148937 -1.331282 -0.248855 0.263129 -0.072121
    34 1.719423 0.000002 0.000000 0.000000 0.000000 -0.676756
    35 1.099667 0.000002 0.000000 0.000000 0.000000 -1.021287
    36 0.806021 -0.359837 -1.318334 1.349685 0.343493 -0.771450
    37 1.789782 0.000000 -0.000004 0.000000 0.000000 0.397500
    38 1.206999 0.000003 0.000002 0.000000 0.000000 0.989033
    39 4.127902 -1.449149 -3.542003 -1.564198 -0.011689 -1.581440
    40 3.801206 -1.343586 -0.358933 -1.564198 0.066846 -1.581440
  time 22
    0 0.000005 3.335938 -8.640625 -1.570781 -1.391896 -1.570809
    1 2.033349 1.000767 1.937660 2.722229 -0.811304 1.711776
    2 6.028141 0.000000 0.000000 -2.037141 -0.644333 -0.862259
    3 11.692554 0.000001 0.000002 0.000000 0.000000 -1.110577
    4 11.481674 0.000001 -0.000032 1.618898 -0.043107 0.160277
    5 3.859709 -0.142404 -1.191975 -0.593060 -0.089489 -0.938466
    6 1.312555 -0.000002 0.000001 0.000000 0.000000 -0.551440
    7 0.729363 -0.000002 -0.000002 0.000000 0.000000 -0.773366
    8 3.942335 0.046767 -0.431443 -0.327726 -0.141498 -0.952235
    9 1.539097 0.000000 0.000000 0.000000 0.000000 -0.607132
    10 1.196326 -0.000002 -0.000001 0.000000 0.000000 -1.531210
    11 3.883696 -0.046765 0.431443 0.088260 -0.232467 -0.610129
    12 1.719570 -0.000004 -0.000001 0.000000 0.005516 -0.798444
    13 1.209171 -0.000002 0.000000 0.000000 0.003084 -0.942879
    14 3.859865 -0.137947 1.332466 -0.014269 -0.155908 -0.678745
    15 1.719429 0.000002 -0.000001 0.000000 0.004072 -0.677168
    16 1.099665 0.000000 0.000000 0.000000 0.002596 -0.911910
    17 0.806053 -0.348925 1.321258 -1.162646 -0.366104 -0.985342
    18 1.789780 -0.000002 0.000002 0.000000 0.000000 0.228523
    19 1.207006 0.000000 0.000000 0.000000 0.000000 -0.322285
    20 2.033356 1.000772 -1.937610 -1.668474 1.286518 2.942953
    21 6.028144 0.000000 0.000000 1.296490 1.404167 -1.318293
    22 11.692554 0.000001 0.000003 0.000000 0.000000 -0.695391
    23 11.481697 0.000001 0.000002 -1.006596 0.006544 0.253142
    24 3.859678 -0.132570 1.193109 0.432210 -0.155861 -0.861350
    25 1.312557 -0.000002 0.000001 0.000000 0.000000 -1.191994
    26 0.729365 0.000002 -0.000002 0.000000 0.000000 -1.063371
    27 3.942305 0.050327 0.431044 0.232421 0.000609 -0.853331
    28 1.539099 -0.000002 0.000000 0.000000 0.000000 -0.973379
    29 1.196321 0.000008 0.000000 0.000000 0.000000 -1.451289
    30 3.883661 -0.050323 -0.431042 0.066987 0.050243 -0.694792
    31 1.719578 0.000004 0.000000 0.000000 -0.000004 -1.251013
    32 1.209185 0.000002 0.000000 0.000000 0.000000 -1.141170
    33 3.859838 -0.148937 -1.331282 -0.248855 0.263129 -0.072121
    34 1.719423 0.000002 0.000000 0.000000 0.000000 -0.676756
    35 1.099667 0.000002 0.000000 0.000000 0.000000 -1.021287
    36 0.806021 -0.359837 -1.318334 1.349685 0.343493 -0.771450
    37 1.789782 0.000000 -0.000004 0.000000 0.000000 0.397500
    38 1.206999 0.000003 0.000002 0.000000 0.000000 0.989033
    39 4.127902 -1.449149 -3.542003 -1.564198 -0.011689 -1.581440
    40 3.832457 -1.370930 -0.511281 -1.564198 0.066846 -1.581440
  time 23
    0 0.000005 3.335938 -8.640625 -1.570781 -1.391896 -1.570809
    1 2.033349 1.000767 1.937660 2.722229 -0.811304 1.711776
    2 6.028141 0.000000 0.000000 -2.027280 -0.639899 -0.881488
    3 11.692554 0.000001 0.000002 0.000000 0.000000 -1.073859
    4 11.481674 0.000001 -0.000032 1.445317 -0.066153 0.157269
    5 3.859709 -0.142404 -1.191975 -0.593492 -0.089909 -0.939712
    6 1.312555 -0.000002 0.000001 0.000000 0.000000 -0.553298
    7 0.729363 -0.000002 -0.000002 0.000000 0.000000 -0.777059
    8 3.942335 0.046767 -0.431443 -0.327894 -0.141798 -0.954488
    9 1.539097 0.000000 0.000000 0.000000 0.000000 -0.607132
    10 1.196326 -0.000002 -0.000001 0.000000 0.000000 -1.537148
    11 3.883696 -0.046765 0.431443 0.088260 -0.232467 -0.610129
    12 1.719570 -0.000004 -0.000001 0.000000 0.005516 -0.799433
    13 1.209171 -0.000002 0.000000 0.000000 0.003084 -0.946151
    14 3.859865 -0.137947 1.332466 -0.014341 -0.155321 -0.680327
    15 1.719429 0.000002 -0.000001 0.000000 0.004072 -0.677168
    16 1.099665 0.000000 0.000000 0.000000 0.002596 -0.915031
    17 0.806053 -0.348925 1.321258 -1.153682 -0.378628 -0.993911
    18 1.789780 -0.000002 0.000002 0.000000 0.000000 0.226366
    19 1.207006 0.000000 0.000000 0.000000 0.000000 -0.324909
    20 2.033356 1.000772 -1.937610 -1.668474 1.286518 2.942953
    21 6.028144 0.000000 0.000000 1.293359 1.405756 -1.321511
    22 11.692554 0.000001 0.000003 0.000000 0.000000 -0.694978
    23 11.481697 0.000001 0.000002 -1.010445 0.002082 0.255452
    24 3.859678 -0.132570 1.193109 0.432210 -0.155861 -0.861350
    25 1.312557 -0.000002 0.000001 0.000000 0.000000 -1.191994
    26 0.729365 0.000002 -0.000002 0.000000 0.000000 -1.063371
    27 3.942305 0.050327 0.431044 0.232421 0.000609 -0.853331
    28 1.539099 -0.000002 0.000000 0.000000 0.000000 -0.973379
    29 1.196321 0.000008 0.000000 0.000000 0.000000 -1.451289
    30 3.883661 -0.050323 -0.431042 0.066987 0.050243 -0.694792
    31 1.719578 0.000004 0.000000 0.000000 -0.000004 -1.251013
    32 1.209185 0.000002 0.000000 0.000000 0.000000 -1.141170
    33 3.859838 -0.148937 -1.331282 -0.248855 0.263129 -0.072121
    34 1.719423 0.000002 0.000000 0.000000 0.000000 -0.676756
    35 1.099667 0.000002 0.000000 0.000000 0.000000 -1.021287
    36 0.806021 -0.359837 -1.318334 1.349685 0.343493 -0.771450
    37 1.789782 0.000000 -0.000004 0.000000 0.000000 0.397500
    38 1.206999 0.000003 0.000002 0.000000 0.000000 0.989033
    39 4.127902 -1.449149 -3.542003 -1.564198 -0.011689 -1.581440
    40 3.832457 -1.394369 -0.573783 -1.564198 0.066846 -1.581440
  time 24
    0 0.000005 3.335938 -8.640625 -1.570781 -1.391896 -1.570809
    1 2.033349 1.000767 1.937660 2.722229 -0.811304 1.711776
    2 6.028141 0.000000 0.000000 -2.015335 -0.638381 -0.905125
    3 11.692554 0.000001 0.000002 0.000000 0.000000 -1.015051
    4 11.481674 0.000001 -0.000032 1.224945 -0.095371 0.153485
    5 3.859709 -0.142404 -1.191975 -0.595721 -0.092054 -0.946268
    6 1.312555 -0.000002 0.000001 0.000000 0.000000 -0.563005
    7 0.729363 -0.000002 -0.000002 0.000000 0.000000 -0.796504
    8 3.942335 0.046767 -0.431443 -0.328732 -0.143391 -0.966341
    9 1.539097 0.000000 0.000000 0.000000 0.000000 -0.607132
    10 1.196326 -0.000002 -0.000001 0.000000 0.000000 -1.568556
    11 3.883696 -0.046765 0.431443 0.088260 -0.232467 -0.610129
    12 1.719570 -0.000004 -0.000001 0.000000 0.005516 -0.804663
    13 1.209171 -0.000002 0.000000 0.000000 0.003084 -0.963352
    14 3.859865 -0.137947 1.332466 -0.014688 -0.152217 -0.688692
    15 1.719429 0.000002 -0.000001 0.000000 0.004072 -0.677168
    16 1.099665 0.000000 0.000000 0.000000 0.002596 -0.931472
    17 0.806053 -0.348925 1.321258 -1.148049 -0.370011 -1.002983
    18 1.789780 -0.000002 0.000002 0.000000 0.000000 0.214992
    19 1.207006 0.000000 0.000000 0.000000 0.000000 -0.338642
    20 2.033356 1.000772 -1.937610 -1.668474 1.286518 2.942953
    21 6.028144 0.000000 0.000000 1.288167 1.405990 -1.327246
    22 11.692554 0.000001 0.000003 0.000000 0.000000 -0.696482
    23 11.481697 0.000001 0.000002 -1.014694 0.001033 0.257498
    24 3.859678 -0.132570 1.193109 0.432210 -0.155861 -0.861350
    25 1.312557 -0.000002 0.000001 0.000000 0.000000 -1.191994
    26 0.729365 0.000002 -0.000002 0.000000 0.000000 -1.063371
    27 3.942305 0.050327 0.431044 0.232421 0.000609 -0.853331
    28 1.539099 -0.000002 0.000000 0.000000 0.000000 -0.973379
    29 1.196321 0.000008 0.000000 0.000000 0.000000 -1.451289
    30 3.883661 -0.050323 -0.431042 0.066987 0.050243 -0.694792
    31 1.719578 0.000004 0.000000 0.000000 -0.000004 -1.251013
    32 1.209185 0.000002 0.000000 0.000000 0.000000 -1.141170
    33 3.859838 -0.148937 -1.331282 -0.248855 0.263129 -0.072121
    34 1.719423 0.000002 0.000000 0.000000 0.000000 -0.676756
    35 1.099667 0.000002 0.000000 0.000000 0.000000 -1.021287
    36 0.806021 -0.359837 -1.318334 1.349685 0.343493 -0.771450
    37 1.789782 0.000000 -0.000004 0.000000 0.000000 0.397500
    38 1.206999 0.000003 0.000002 0.000000 0.000000 0.989033
    39 4.127902 -1.449149 -3.542003 -1.564198 -0.011689 -1.581440
    40 3.820738 -1.409994 -0.589409 -1.564198 0.066846 -1.581440
  time 25
    0 0.000005 3.335938 -8.640625 -1.570781 -1.391896 -1.570809
    1 2.033349 1.000767 1.937660 2.722229 -0.811304 1.711776
    2 6.028141 0.000000 0.000000 -2.005356 -0.645166 -0.925471
    3 11.692554 0.000001 0.000002 0.000000 0.000000 -0.952174
    4 11.481674 0.000001 -0.000032 0.974907 -0.128569 0.149159
    5 3.859709 -0.142404 -1.191975 -0.597926 -0.094211 -0.953003
    6 1.312555 -0.000002 0.000001 0.000000 0.000000 -0.572941
    7 0.729363 -0.000002 -0.000002 0.000000 0.000000 -0.816351
    8 3.942335 0.046767 -0.431443 -0.329476 -0.145093 -0.978433
    9 1.539097 0.000000 0.000000 0.000000 0.000000 -0.607132
    10 1.196326 -0.000002 -0.000001 0.000000 0.000000 -1.600643
    11 3.883696 -0.046765 0.431443 0.088260 -0.232467 -0.610129
    12 1.719570 -0.000004 -0.000001 0.000000 0.005516 -0.810014
    13 1.209171 -0.000002 0.000000 0.000000 0.003084 -0.980902
    14 3.859865 -0.137947 1.332466 -0.015072 -0.149065 -0.697225
    15 1.719429 0.000002 -0.000001 0.000000 0.004072 -0.677168
    16 1.099665 0.000000 0.000000 0.000000 0.002596 -0.948279
    17 0.806053 -0.348925 1.321258 -1.145077 -0.356288 -1.009695
    18 1.789780 -0.000002 0.000002 0.000000 0.000000 0.203367
    19 1.207006 0.000000 0.000000 0.000000 0.000000 -0.352681
    20 2.033356 1.000772 -1.937610 -1.668474 1.286518 2.942953
    21 6.028144 0.000000 0.000000 1.281656 1.405149 -1.334627
    22 11.692554 0.000001 0.000003 0.000000 0.000000 -0.699452
    23 11.481697 0.000001 0.000002 -1.012824 0.002267 0.258158
    24 3.859678 -0.132570 1.193109 0.432210 -0.155861 -0.861350
    25 1.312557 -0.000002 0.000001 0.000000 0.000000 -1.191994
    26 0.729365 0.000002 -0.000002 0.000000 0.000000 -1.063371
    27 3.942305 0.050327 0.431044 0.232421 0.000609 -0.853331
    28 1.539099 -0.000002 0.000000 0.000000 0.000000 -0.973379
    29 1.196321 0.000008 0.000000 0.000000 0.000000 -1.451289
    30 3.883661 -0.050323 -0.431042 0.066987 0.050243 -0.694792
    31 1.719578 0.000004 0.000000 0.000000 -0.000004 -1.251013
    32 1.209185 0.000002 0.000000 0.000000 0.000000 -1.141170
    33 3.859838 -0.148937 -1.331282 -0.248855 0.263129 -0.072121
    34 1.719423 0.000002 0.000000 0.000000 0.000000 -0.676756
    35 1.099667 0.000002 0.000000 0.000000 0.000000 -1.021287
    36 0.806021 -0.359837 -1.318334 1.349685 0.343493 -0.771450
    37 1.789782 0.000000 -0.000004 0.000000 0.000000 0.397500
    38 1.206999 0.000003 0.000002 0.000000 0.000000 0.989033
    39 4.127902 -1.449149 -3.542003 -1.564198 -0.011689 -1.581440
    40 3.820738 -1.409994 -0.589409 -1.564198 0.066846 -1.581440
  time 26
    0 0.000005 3.335938 -8.640625 -1.570781 -1.391896 -1.570809
    1 2.033349 1.000767 1.937660 2.722229 -0.811304 1.711776
    2 6.028141 0.000000 0.000000 -2.005138 -0.685071 -0.930536
    3 11.692554 0.000001 0.000002 0.000000 0.000000 -0.932459
    4 11.481674 0.000001 -0.000032 0.710254 -0.163815 0.144476
    5 3.859709 -0.142404 -1.191975 -0.598082 -0.094379 -0.953483
    6 1.312555 -0.000002 0.000001 0.000000 0.000000 -0.573660
    7 0.729363 -0.000002 -0.000002 0.000000 0.000000 -0.817804
    8 3.942335 0.046767 -0.431443 -0.329523 -0.145225 -0.979308
    9 1.539097 0.000000 0.000000 0.000000 0.000000 -0.607132
    10 1.196326 -0.000002 -0.000001 0.000000 0.000000 -1.602968
    11 3.883696 -0.046765 0.431443 0.088260 -0.232467 -0.610129
    12 1.719570 -0.000004 -0.000001 0.000000 0.005516 -0.810407
    13 1.209171 -0.000002 0.000000 0.000000 0.003084 -0.982188
    14 3.859865 -0.137947 1.332466 -0.015108 -0.148838 -0.697836
    15 1.719429 0.000002 -0.000001 0.000000 0.004072 -0.677168
    16 1.099665 0.000000 0.000000 0.000000 0.002596 -0.949506
    17 0.806053 -0.348925 1.321258 -1.146886 -0.351818 -1.008496
    18 1.789780 -0.000002 0.000002 0.000000 0.000000 0.202528
    19 1.207006 0.000000 0.000000 0.000000 0.000000 -0.353709
    20 2.033356 1.000772 -1.937610 -1.668474 1.286518 2.942953
    21 6.028144 0.000000 0.000000 1.274466 1.403513 -1.342927
    22 11.692554 0.000001 0.000003 0.000000 0.000000 -0.703361
    23 11.481697 0.000001 0.000002 -1.009410 0.004323 0.257234
    24 3.859678 -0.132570 1.193109 0.432210 -0.155861 -0.861350
    25 1.312557 -0.000002 0.000001 0.000000 0.000000 -1.191994
    26 0.729365 0.000002 -0.000002 0.000000 0.000000 -1.063371
    27 3.942305 0.050327 0.431044 0.232421 0.000609 -0.853331
    28 1.539099 -0.000002 0.000000 0.000000 0.000000 -0.973379
    29 1.196321 0.000008 0.000000 0.000000 0.000000 -1.451289
    30 3.883661 -0.050323 -0.431042 0.066987 0.050243 -0.694792
    31 1.719578 0.000004 0.000000 0.000000 -0.000004 -1.251013
    32 1.209185 0.000002 0.000000 0.000000 0.000000 -1.141170
    33 3.859838 -0.148937 -1.331282 -0.248855 0.263129 -0.072121
    34 1.719423 0.000002 0.000000 0.000000 0.000000 -0.676756
    35 1.099667 0.000002 0.000000 0.000000 0.000000 -1.021287
    36 0.806021 -0.359837 -1.318334 1.349685 0.343493 -0.771450
    37 1.789782 0.000000 -0.000004 0.000000 0.000000 0.397500
    38 1.206999 0.000003 0.000002 0.000000 0.000000 0.989033
    39 4.127902 -1.449149 -3.542003 -1.564198 -0.011689 -1.581440
    40 3.820738 -1.409994 -0.589409 -1.564198 0.066846 -1.581440
  time 27
    0 0.000005 3.335938 -8.640625 -1.570781 -1.391896 -1.570809
    1 2.033349 1.000767 1.937660 2.722229 -0.811304 1.711776
    2 6.028141 0.000000 0.000000 -2.015688 -0.777945 -0.925871
    3 11.692554 0.000001 0.000002 0.000000 0.000000 -0.883291
    4 11.481674 0.000001 -0.000032 0.451814 -0.198427 0.139591
    5 3.859709 -0.142404 -1.191975 -0.594067 -0.090460 -0.941366
    6 1.312555 -0.000002 0.000001 0.000000 0.000000 -0.555743
    7 0.729363 -0.000002 -0.000002 0.000000 0.000000 -0.781977
    8 3.942335 0.046767 -0.431443 -0.328121 -0.142193 -0.957508
    9 1.539097 0.000000 0.000000 0.000000 0.000000 -0.607132
    10 1.196326 -0.000002 -0.000001 0.000000 0.000000 -1.545090
    11 3.883696 -0.046765 0.431443 0.088260 -0.232467 -0.610129
    12 1.719570 -0.000004 -0.000001 0.000000 0.005516 -0.800761
    13 1.209171 -0.000002 0.000000 0.000000 0.003084 -0.950498
    14 3.859865 -0.137947 1.332466 -0.014425 -0.154530 -0.682436
    15 1.719429 0.000002 -0.000001 0.000000 0.004072 -0.677168
    16 1.099665 0.000000 0.000000 0.000000 0.002596 -0.919184
    17 0.806053 -0.348925 1.321258 -1.155384 -0.370957 -0.993540
    18 1.789780 -0.000002 0.000002 0.000000 0.000000 0.223490
    19 1.207006 0.000000 0.000000 0.000000 0.000000 -0.328364
    20 2.033356 1.000772 -1.937610 -1.668474 1.286518 2.942953
    21 6.028144 0.000000 0.000000 1.267193 1.401410 -1.351396
    22 11.692554 0.000001 0.000003 0.000000 0.000000 -0.707647
    23 11.481697 0.000001 0.000002 -1.005688 0.006853 0.256178
    24 3.859678 -0.132570 1.193109 0.432210 -0.155861 -0.861350
    25 1.312557 -0.000002 0.000001 0.000000 0.000000 -1.191994
    26 0.729365 0.000002 -0.000002 0.000000 0.000000 -1.063371
    27 3.942305 0.050327 0.431044 0.232421 0.000609 -0.853331
    28 1.539099 -0.000002 0.000000 0.000000 0.000000 -0.973379
    29 1.196321 0.000008 0.000000 0.000000 0.000000 -1.451289
    30 3.883661 -0.050323 -0.431042 0.066987 0.050243 -0.694792
    31 1.719578 0.000004 0.000000 0.000000 -0.000004 -1.251013
    32 1.209185 0.000002 0.000000 0.000000 0.000000 -1.141170
    33 3.859838 -0.148937 -1.331282 -0.248855 0.263129 -0.072121
    34 1.719423 0.000002 0.000000 0.000000 0.000000 -0.676756
    35 1.099667 0.000002 0.000000 0.000000 0.000000 -1.021287
    36 0.806021 -0.359837 -1.318334 1.349685 0.343493 -0.771450
    37 1.789782 0.000000 -0.000004 0.000000 0.000000 0.397500
    38 1.206999 0.000003 0.000002 0.000000 0.000000 0.989033
    39 4.127902 -1.449149 -3.542003 -1.564198 -0.011689 -1.581440
    40 3.820738 -1.409994 -0.589409 -1.564198 0.066846 -1.581440
  time 28
    0 0.000005 3.335938 -8.640625 -1.570781 -1.391896 -1.570809
    1 2.033349 1.000767 1.937660 2.722229 -0.811304 1.711776
    2 6.028141 0.000000 0.000000 -2.028002 -0.881591 -0.928075
    3 11.692554 0.000001 0.000002 0.000000 0.000000 -0.812615
    4 11.481674 0.000001 -0.000032 0.268317 -0.223487 0.134815
    5 3.859709 -0.142404 -1.191975 -0.574676 -0.072639 -0.890444
    6 1.312555 -0.000002 0.000001 0.000000 0.000000 -0.479101
    7 0.729363 -0.000002 -0.000002 0.000000 0.000000 -0.628678
    8 3.942335 0.046767 -0.431443 -0.318617 -0.131503 -0.863609
    9 1.539097 0.000000 0.000000 0.000000 0.000000 -0.607132
    10 1.196326 -0.000002 -0.000001 0.000000 0.000000 -1.297442
    11 3.883696 -0.046765 0.431443 0.088260 -0.232467 -0.610129
    12 1.719570 -0.000004 -0.000001 0.000000 0.005516 -0.759481
    13 1.209171 -0.000002 0.000000 0.000000 0.003084 -0.814882
    14 3.859865 -0.137947 1.332466 -0.012495 -0.179027 -0.616401
    15 1.719429 0.000002 -0.000001 0.000000 0.004072 -0.677168
    16 1.099665 0.000000 0.000000 0.000000 0.002596 -0.789460
    17 0.806053 -0.348925 1.321258 -1.183248 -0.464677 -0.930441
    18 1.789780 -0.000002 0.000002 0.000000 0.000000 0.313218
    19 1.207006 0.000000 0.000000 0.000000 0.000000 -0.219986
    20 2.033356 1.000772 -1.937610 -1.668474 1.286518 2.942953
    21 6.028144 0.000000 0.000000 1.260436 1.399026 -1.359358
    22 11.692554 0.000001 0.000003 0.000000 0.000000 -0.711971
    23 11.481697 0.000001 0.000002 -1.001584 0.009814 0.255100
    24 3.859678 -0.132570 1.193109 0.432210 -0.155861 -0.861350
    25 1.312557 -0.000002 0.000001 0.000000 0.000000 -1.191994
    26 0.729365 0.000002 -0.000002 0.000000 0.000000 -1.063371
    27 3.942305 0.050327 0.431044 0.232421 0.000609 -0.853331
    28 1.539099 -0.000002 0.000000 0.000000 0.000000 -0.973379
    29 1.196321 0.000008 0.000000 0.000000 0.000000 -1.451289
    30 3.883661 -0.050323 -0.431042 0.066987 0.050243 -0.694792
    31 1.719578 0.000004 0.000000 0.000000 -0.000004 -1.251013
    32 1.209185 0.000002 0.000000 0.000000 0.000000 -1.141170
    33 3.859838 -0.148937 -1.331282 -0.248855 0.263129 -0.072121
    34 1.719423 0.000002 0.000000 0.000000 0.000000 -0.676756
    35 1.099667 0.000002 0.000000 0.000000 0.000000 -1.021287
    36 0.806021 -0.359837 -1.318334 1.349685 0.343493 -0.771450
    37 1.789782 0.000000 -0.000004 0.000000 0.000000 0.397500
    38 1.206999 0.000003 0.000002 0.000000 0.000000 0.989033
    39 4.127902 -1.449149 -3.542003 -1.564198 -0.011689 -1.581440
    40 3.820738 -1.409994 -0.589409 -1.564198 0.066846 -1.581440
  time 29
    0 0.000005 3.335938 -8.640625 -1.570781 -1.391896 -1.570809
    1 2.033349 1.000767 1.937660 2.722229 -0.811304 1.711776
    2 6.028141 0.000000 0.000000 -2.016310 -0.925424 -0.960296
    3 11.692554 0.000001 0.000002 0.000000 0.000000 -0.810726
    4 11.481674 0.000001 -0.000032 0.283330 -0.222708 0.130535
    5 3.859709 -0.142404 -1.191975 -0.537212 -0.039453 -0.811765
    6 1.312555 -0.000002 0.000001 0.000000 0.000000 -0.355289
    7 0.729363 -0.000002 -0.000002 0.000000 0.000000 -0.381042
    8 3.942335 0.046767 -0.431443 -0.292839 -0.118775 -0.711237
    9 1.539097 0.000000 0.000000 0.000000 0.000000 -0.607132
    10 1.196326 -0.000002 -0.000001 0.000000 0.000000 -0.897408
    11 3.883696 -0.046765 0.431443 0.088260 -0.232467 -0.610129
    12 1.719570 -0.000004 -0.000001 0.000000 0.005516 -0.692813
    13 1.209171 -0.000002 0.000000 0.000000 0.003084 -0.595812
    14 3.859865 -0.137947 1.332466 -0.012879 -0.218696 -0.509151
    15 1.719429 0.000002 -0.000001 0.000000 0.004072 -0.677168
    16 1.099665 0.000000 0.000000 0.000000 0.002596 -0.579939
    17 0.806053 -0.348925 1.321258 -1.220712 -0.616546 -0.819212
    18 1.789780 -0.000002 0.000002 0.000000 0.000000 0.460113
    19 1.207006 0.000000 0.000000 0.000000 0.000000 -0.049110
    20 2.033356 1.000772 -1.937610 -1.668474 1.286518 2.942953
    21 6.028144 0.000000 0.000000 1.281409 1.394399 -1.336756
    22 11.692554 0.000001 0.000003 0.000000 0.000000 -0.725956
    23 11.481697 0.000001 0.000002 -0.987022 0.075884 0.214397
    24 3.859678 -0.132570 1.193109 0.432210 -0.155861 -0.861350
    25 1.312557 -0.000002 0.000001 0.000000 0.000000 -1.191994
    26 0.729365 0.000002 -0.000002 0.000000 0.000000 -1.063371
    27 3.942305 0.050327 0.431044 0.232421 0.000609 -0.853331
    28 1.539099 -0.000002 0.000000 0.000000 0.000000 -0.973379
    29 1.196321 0.000008 0.000000 0.000000 0.000000 -1.451289
    30 3.883661 -0.050323 -0.431042 0.066987 0.050243 -0.694792
    31 1.719578 0.000004 0.000000 0.000000 -0.000004 -1.251013
    32 1.209185 0.000002 0.000000 0.000000 0.000000 -1.141170
    33 3.859838 -0.148937 -1.331282 -0.248855 0.263129 -0.072121
    34 1.719423 0.000002 0.000000 0.000000 0.000000 -0.676756
    35 1.099667 0.000002 0.000000 0.000000 0.000000 -1.021287
    36 0.806021 -0.359837 -1.318334 1.349685 0.343493 -0.771450
    37 1.789782 0.000000 -0.000004 0.000000 0.000000 0.397500
    38 1.206999 0.000003 0.000002 0.000000 0.000000 0.989033
    39 4.198216 -1.449149 -3.542003 -1.564198 -0.011689 -1.581440
    40 3.820738 -1.409994 -0.589409 -1.564198 0.066846 -1.581440
  time 30
    0 0.000005 3.335938 -8.640625 -1.570781 -1.391896 -1.570809
    1 2.033349 1.000767 1.937660 2.722229 -0.811304 1.711776
    2 6.028141 0.000000 0.000000 -1.980292 -0.927299 -1.021505
    3 11.692554 0.000001 0.000002 0.000000 0.000000 -0.863139
    4 11.481674 0.000001 -0.000032 0.316660 -0.219064 0.125542
    5 3.859709 -0.142404 -1.191975 -0.517497 -0.021345 -0.775811
    6 1.312555 -0.000002 0.000001 0.000000 0.000000 -0.296204
    7 0.729363 -0.000002 -0.000002 0.000000 0.000000 -0.262869
    8 3.942335 0.046767 -0.431443 -0.276576 -0.113358 -0.638742
    9 1.539097 0.000000 0.000000 0.000000 0.000000 -0.607132
    10 1.196326 -0.000002 -0.000001 0.000000 0.000000 -0.706530
    11 3.883696 -0.046765 0.431443 0.088260 -0.232467 -0.610129
    12 1.719570 -0.000004 -0.000001 0.000000 0.005516 -0.660990
    13 1.209171 -0.000002 0.000000 0.000000 0.003084 -0.491278
    14 3.859865 -0.137947 1.332466 -0.014592 -0.237560 -0.457605
    15 1.719429 0.000002 -0.000001 0.000000 0.004072 -0.677168
    16 1.099665 0.000000 0.000000 0.000000 0.002596 -0.479934
    17 0.806053 -0.348925 1.321258 -1.235620 -0.686524 -0.764430
    18 1.789780 -0.000002 0.000002 0.000000 0.000000 0.522337
    19 1.207006 0.000000 0.000000 0.000000 0.000000 0.046759
    20 2.033356 1.000772 -1.937610 -1.668474 1.286518 2.942953
    21 6.028144 0.000000 0.000000 1.338828 1.386641 -1.273598
    22 11.692554 0.000001 0.000003 0.000000 0.000000 -0.760844
    23 11.481697 0.000001 0.000002 -0.977870 0.152956 0.164322
    24 3.859678 -0.132570 1.193109 0.432210 -0.155861 -0.861350
    25 1.312557 -0.000002 0.000001 0.000000 0.000000 -1.191994
    26 0.729365 0.000002 -0.000002 0.000000 0.000000 -1.063371
    27 3.942305 0.050327 0.431044 0.232421 0.000609 -0.853331
    28 1.539099 -0.000002 0.000000 0.000000 0.000000 -0.973379
    29 1.196321 0.000008 0.000000 0.000000 0.000000 -1.451289
    30 3.883661 -0.050323 -0.431042 0.066987 0.050243 -0.694792
    31 1.719578 0.000004 0.000000 0.000000 -0.000004 -1.251013
    32 1.209185 0.000002 0.000000 0.000000 0.000000 -1.141170
    33 3.859838 -0.148937 -1.331282 -0.248855 0.263129 -0.072121
    34 1.719423 0.000002 0.000000 0.000000 0.000000 -0.676756
    35 1.099667 0.000002 0.000000 0.000000 0.000000 -1.021287
    36 0.806021 -0.359837 -1.318334 1.349685 0.343493 -0.771450
    37 1.789782 0.000000 -0.000004 0.000000 0.000000 0.397500
    38 1.206999 0.000003 0.000002 0.000000 0.000000 0.989033
    39 5.256842 -1.460868 -3.534190 -1.564198 -0.011689 -1.581440
    40 3.820738 -1.409994 -0.589409 -1.564198 0.066846 -1.581440
  time 31
    0 0.000005 3.335938 -8.640625 -1.570781 -1.391896 -1.570809
    1 2.033349 1.000767 1.937660 2.722229 -0.811304 1.711776
    2 6.028141 0.000000 0.000000 -1.958688 -0.884299 -1.048318
    3 11.692554 0.000001 0.000002 0.000000 0.000000 -0.896467
    4 11.481674 0.000001 -0.000032 0.367512 -0.212581 0.119820
    5 3.859709 -0.142404 -1.191975 -0.517497 -0.021345 -0.775811
    6 1.312555 -0.000002 0.000001 0.000000 0.000000 -0.296204
    7 0.729363 -0.000002 -0.000002 0.000000 0.000000 -0.262869
    8 3.942335 0.046767 -0.431443 -0.276576 -0.113358 -0.638742
    9 1.539097 0.000000 0.000000 0.000000 0.000000 -0.607132
    10 1.196326 -0.000002 -0.000001 0.000000 0.000000 -0.706530
    11 3.883696 -0.046765 0.431443 0.088260 -0.232467 -0.610129
    12 1.719570 -0.000004 -0.000001 0.000000 0.005516 -0.660990
    13 1.209171 -0.000002 0.000000 0.000000 0.003084 -0.491278
    14 3.859865 -0.137947 1.332466 -0.014592 -0.237560 -0.457605
    15 1.719429 0.000002 -0.000001 0.000000 0.004072 -0.677168
    16 1.099665 0.000000 0.000000 0.000000 0.002596 -0.479934
    17 0.806053 -0.348925 1.321258 -1.235620 -0.686524 -0.764430
    18 1.789780 -0.000002 0.000002 0.000000 0.000000 0.522337
    19 1.207006 0.000000 0.000000 0.000000 0.000000 0.046759
    20 2.033356 1.000772 -1.937610 -1.668474 1.286518 2.942953
    21 6.028144 0.000000 0.000000 1.399337 1.373976 -1.206859
    22 11.692554 0.000001 0.000003 0.000000 0.000000 -0.819042
    23 11.481697 0.000001 0.000002 -0.969990 0.096674 0.275627
    24 3.859678 -0.132570 1.193109 0.432210 -0.155861 -0.861350
    25 1.312557 -0.000002 0.000001 0.000000 0.000000 -1.191994
    26 0.729365 0.000002 -0.000002 0.000000 0.000000 -1.063371
    27 3.942305 0.050327 0.431044 0.232421 0.000609 -0.853331
    28 1.539099 -0.000002 0.000000 0.000000 0.000000 -0.973379
    29 1.196321 0.000008 0.000000 0.000000 0.000000 -1.451289
    30 3.883661 -0.050323 -0.431042 0.066987 0.050243 -0.694792
    31 1.719578 0.000004 0.000000 0.000000 -0.000004 -1.251013
    32 1.209185 0.000002 0.000000 0.000000 0.000000 -1.141170
    33 3.859838 -0.148937 -1.331282 -0.248855 0.263129 -0.072121
    34 1.719423 0.000002 0.000000 0.000000 0.000000 -0.676756
    35 1.099667 0.000002 0.000000 0.000000 0.000000 -1.021287
    36 0.806021 -0.359837 -1.318334 1.349685 0.343493 -0.771450
    37 1.789782 0.000000 -0.000004 0.000000 0.000000 0.397500
    38 1.206999 0.000003 0.000002 0.000000 0.000000 0.989033
    39 6.104525 -1.468680 -3.530283 -1.564198 -0.011689 -1.581440
    40 3.820738 -1.409994 -0.589409 -1.564198 0.066846 -1.581440
  time 32
    0 0.000005 3.335938 -8.640625 -1.570781 -1.391896 -1.570809
    1 2.033349 1.000767 1.937660 2.722229 -0.811304 1.711776
    2 6.028141 0.000000 0.000000 -1.949432 -0.758424 -1.043425
    3 11.692554 0.000001 0.000002 0.000000 0.000000 -0.968741
    4 11.481674 0.000001 -0.000032 0.436761 -0.203101 0.113369
    5 3.859709 -0.142404 -1.191975 -0.517497 -0.021345 -0.775811
    6 1.312555 -0.000002 0.000001 0.000000 0.000000 -0.296204
    7 0.729363 -0.000002 -0.000002 0.000000 0.000000 -0.262869
    8 3.942335 0.046767 -0.431443 -0.276576 -0.113358 -0.638742
    9 1.539097 0.000000 0.000000 0.000000 0.000000 -0.607132
    10 1.196326 -0.000002 -0.000001 0.000000 0.000000 -0.706530
    11 3.883696 -0.046765 0.431443 0.088260 -0.232467 -0.610129
    12 1.719570 -0.000004 -0.000001 0.000000 0.005516 -0.660990
    13 1.209171 -0.000002 0.000000 0.000000 0.003084 -0.491278
    14 3.859865 -0.137947 1.332466 -0.014592 -0.237560 -0.457605
    15 1.719429 0.000002 -0.000001 0.000000 0.004072 -0.677168
    16 1.099665 0.000000 0.000000 0.000000 0.002596 -0.479934
    17 0.806053 -0.348925 1.321258 -1.235620 -0.686524 -0.764430
    18 1.789780 -0.000002 0.000002 0.000000 0.000000 0.522337
    19 1.207006 0.000000 0.000000 0.000000 0.000000 0.046759
    20 2.033356 1.000772 -1.937610 -1.668474 1.286518 2.942953
    21 6.028144 0.000000 0.000000 1.433805 1.350280 -1.169618
    22 11.692554 0.000001 0.000003 0.000000 0.000000 -0.907428
    23 11.481697 0.000001 0.000002 -0.991343 0.114173 0.259896
    24 3.859678 -0.132570 1.193109 0.432210 -0.155861 -0.861350
    25 1.312557 -0.000002 0.000001 0.000000 0.000000 -1.191994
    26 0.729365 0.000002 -0.000002 0.000000 0.000000 -1.063371
    27 3.942305 0.050327 0.431044 0.232421 0.000609 -0.853331
    28 1.539099 -0.000002 0.000000 0.000000 0.000000 -0.973379
    29 1.196321 0.000008 0.000000 0.000000 0.000000 -1.451289
    30 3.883661 -0.050323 -0.431042 0.066987 0.050243 -0.694792
    31 1.719578 0.000004 0.000000 0.000000 -0.000004 -1.251013
    32 1.209185 0.000002 0.000000 0.000000 0.000000 -1.141170
    33 3.859838 -0.148937 -1.331282 -0.248855 0.263129 -0.072121
    34 1.719423 0.000002 0.000000 0.000000 0.000000 -0.676756
    35 1.099667 0.000002 0.000000 0.000000 0.000000 -1.021287
    36 0.806021 -0.359837 -1.318334 1.349685 0.343493 -0.771450
    37 1.789782 0.000000 -0.000004 0.000000 0.000000 0.397500
    38 1.206999 0.000003 0.000002 0.000000 0.000000 0.989033
    39 6.104525 -1.468680 -3.530283 -1.564198 -0.011689 -1.581440
    40 3.820738 -1.409994 -0.589409 -1.564198 0.066846 -1.581440
  time 33
    0 0.000005 3.335938 -8.640625 -1.570781 -1.391896 -1.570809
    1 2.033349 1.000767 1.937660 2.722229 -0.811304 1.711776
    2 6.028141 0.000000 0.000000 -1.942544 -0.624514 -1.044255
    3 11.692554 0.000001 0.000002 0.000000 0.000000 -1.024642
    4 11.481674 0.000001 -0.000032 0.524846 -0.190529 0.106205
    5 3.859709 -0.142404 -1.191975 -0.517497 -0.021345 -0.775811
    6 1.312555 -0.000002 0.000001 0.000000 0.000000 -0.296204
    7 0.729363 -0.000002 -0.000002 0.000000 0.000000 -0.262869
    8 3.942335 0.046767 -0.431443 -0.276576 -0.113358 -0.638742
    9 1.539097 0.000000 0.000000 0.000000 0.000000 -0.607132
    10 1.196326 -0.000002 -0.000001 0.000000 0.000000 -0.706530
    11 3.883696 -0.046765 0.431443 0.088260 -0.232467 -0.610129
    12 1.719570 -0.000004 -0.000001 0.000000 0.005516 -0.660990
    13 1.209171 -0.000002 0.000000 0.000000 0.003084 -0.491278
    14 3.859865 -0.137947 1.332466 -0.014592 -0.237560 -0.457605
    15 1.719429 0.000002 -0.000001 0.000000 0.004072 -0.677168
    16 1.099665 0.000000 0.000000 0.000000 0.002596 -0.479934
    17 0.806053 -0.348925 1.321258 -1.235620 -0.686524 -0.764430
    18 1.789780 -0.000002 0.000002 0.000000 0.000000 0.522337
    19 1.207006 0.000000 0.000000 0.000000 0.000000 0.046759
    20 2.033356 1.000772 -1.937610 -1.668474 1.286518 2.942953
    21 6.028144 0.000000 0.000000 1.436793 1.349018 -1.166302
    22 11.692554 0.000001 0.000003 0.000000 0.000000 -0.931263
    23 11.481697 0.000001 0.000002 -1.021666 0.121391 0.285902
    24 3.859678 -0.132570 1.193109 0.432210 -0.155861 -0.861350
    25 1.312557 -0.000002 0.000001 0.000000 0.000000 -1.191994
    26 0.729365 0.000002 -0.000002 0.000000 0.000000 -1.063371
    27 3.942305 0.050327 0.431044 0.232421 0.000609 -0.853331
    28 1.539099 -0.000002 0.000000 0.000000 0.000000 -0.973379
    29 1.196321 0.000008 0.000000 0.000000 0.000000 -1.451289
    30 3.883661 -0.050323 -0.431042 0.066987 0.050243 -0.694792
    31 1.719578 0.000004 0.000000 0.000000 -0.000004 -1.251013
    32 1.209185 0.000002 0.000000 0.000000 0.000000 -1.141170
    33 3.859838 -0.148937 -1.331282 -0.248855 0.263129 -0.072121
    34 1.719423 0.000002 0.000000 0.000000 0.000000 -0.676756
    35 1.099667 0.000002 0.000000 0.000000 0.000000 -1.021287
    36 0.806021 -0.359837 -1.318334 1.349685 0.343493 -0.771450
    37 1.789782 0.000000 -0.000004 0.000000 0.000000 0.397500
    38 1.206999 0.000003 0.000002 0.000000 0.000000 0.989033
    39 6.104525 -1.468680 -3.530283 -1.564198 -0.011689 -1.581440
    40 3.820738 -1.409994 -0.589409 -1.564198 0.066846 -1.581440
  time 34
    0 0.000005 3.335938 -8.640625 -1.570781 -1.391896 -1.570809
    1 2.033349 1.000767 1.937660 2.722229 -0.811304 1.711776
    2 6.028141 0.000000 0.000000 -1.918857 -0.536372 -1.087521
    3 11.692554 0.000001 0.000002 0.000000 0.000000 -1.071679
    4 11.481674 0.000001 -0.000032 0.631368 -0.174865 0.098420
    5 3.859709 -0.142404 -1.191975 -0.517497 -0.021345 -0.775811
    6 1.312555 -0.000002 0.000001 0.000000 0.000000 -0.296204
    7 0.729363 -0.000002 -0.000002 0.000000 0.000000 -0.262869
    8 3.942335 0.046767 -0.431443 -0.276576 -0.113358 -0.638742
    9 1.539097 0.000000 0.000000 0.000000 0.000000 -0.607132
    10 1.196326 -0.000002 -0.000001 0.000000 0.000000 -0.706530
    11 3.883696 -0.046765 0.431443 0.088260 -0.232467 -0.610129
    12 1.719570 -0.000004 -0.000001 0.000000 0.005516 -0.660990
    13 1.209171 -0.000002 0.000000 0.000000 0.003084 -0.491278
    14 3.859865 -0.137947 1.332466 -0.014592 -0.237560 -0.457605
    15 1.719429 0.000002 -0.000001 0.000000 0.004072 -0.677168
    16 1.099665 0.000000 0.000000 0.000000 0.002596 -0.479934
    17 0.806053 -0.348925 1.321258 -1.235620 -0.686524 -0.764430
    18 1.789780 -0.000002 0.000002 0.000000 0.000000 0.522337
    19 1.207006 0.000000 0.000000 0.000000 0.000000 0.046759
    20 2.033356 1.000772 -1.937610 -1.668474 1.286518 2.942953
    21 6.028144 0.000000 0.000000 1.424040 1.352150 -1.180676
    22 11.692554 0.000001 0.000003 0.000000 0.000000 -0.922767
    23 11.481697 0.000001 0.000002 -1.027985 0.101609 0.329553
    24 3.859678 -0.132570 1.193109 0.432210 -0.155861 -0.861350
    25 1.312557 -0.000002 0.000001 0.000000 0.000000 -1.191994
    26 0.729365 0.000002 -0.000002 0.000000 0.000000 -1.063371
    27 3.942305 0.050327 0.431044 0.232421 0.000609 -0.853331
    28 1.539099 -0.000002 0.000000 0.000000 0.000000 -0.973379
    29 1.196321 0.000008 0.000000 0.000000 0.000000 -1.451289
    30 3.883661 -0.050323 -0.431042 0.066987 0.050243 -0.694792
    31 1.719578 0.000004 0.000000 0.000000 -0.000004 -1.251013
    32 1.209185 0.000002 0.000000 0.000000 0.000000 -1.141170
    33 3.859838 -0.148937 -1.331282 -0.248855 0.263129 -0.072121
    34 1.719423 0.000002 0.000000 0.000000 0.000000 -0.676756
    35 1.099667 0.000002 0.000000 0.000000 0.000000 -1.021287
    36 0.806021 -0.359837 -1.318334 1.349685 0.343493 -0.771450
    37 1.789782 0.000000 -0.000004 0.000000 0.000000 0.397500
    38 1.206999 0.000003 0.000002 0.000000 0.000000 0.989033
    39 6.104525 -1.468680 -3.530283 -1.564198 -0.011689 -1.581440
    40 3.820738 -1.409994 -0.589409 -1.564198 0.066846 -1.581440
  time 35
    0 0.000005 3.335938 -8.640625 -1.570781 -1.391896 -1.570809
    1 2.033349 1.000767 1.937660 2.722229 -0.811304 1.711776
    2 6.028141 0.000000 0.000000 -1.888484 -0.447277 -1.148187
    3 11.692554 0.000001 0.000002 0.000000 0.000000 -1.041258
    4 11.481674 0.000001 -0.000032 0.754655 -0.156349 0.090140
    5 3.859709 -0.142404 -1.191975 -0.517497 -0.021345 -0.775811
    6 1.312555 -0.000002 0.000001 0.000000 0.000000 -0.296204
    7 0.729363 -0.000002 -0.000002 0.000000 0.000000 -0.262869
    8 3.942335 0.046767 -0.431443 -0.276576 -0.113370 -0.638742
    9 1.539097 0.000000 0.000000 0.000000 0.000000 -0.607132
    10 1.196326 -0.000002 -0.000001 0.000000 0.000000 -0.706530
    11 3.883696 -0.046765 0.431443 0.088260 -0.232467 -0.610129
    12 1.719570 -0.000004 -0.000001 0.000000 0.005516 -0.660990
    13 1.209171 -0.000002 0.000000 0.000000 0.003084 -0.491278
    14 3.859865 -0.137947 1.332466 -0.014592 -0.237560 -0.457605
    15 1.719429 0.000002 -0.000001 0.000000 0.004072 -0.677168
    16 1.099665 0.000000 0.000000 0.000000 0.002596 -0.479934
    17 0.806053 -0.348925 1.321258 -1.235620 -0.686524 -0.764430
    18 1.789780 -0.000002 0.000002 0.000000 0.000000 0.522337
    19 1.207006 0.000000 0.000000 0.000000 0.000000 0.046759
    20 2.033356 1.000772 -1.937610 -1.668474 1.286518 2.942953
    21 6.028144 0.000000 0.000000 1.412956 1.352243 -1.193332
    22 11.692554 0.000001 0.000003 0.000000 0.000000 -0.902728
    23 11.481697 0.000001 0.000002 -1.015656 0.058714 0.372874
    24 3.859678 -0.132570 1.193109 0.432210 -0.155861 -0.861350
    25 1.312557 -0.000002 0.000001 0.000000 0.000000 -1.191994
    26 0.729365 0.000002 -0.000002 0.000000 0.000000 -1.063371
    27 3.942305 0.050327 0.431044 0.232421 0.000609 -0.853331
    28 1.539099 -0.000002 0.000000 0.000000 0.000000 -0.973401
    29 1.196321 0.000008 0.000000 0.000000 0.000000 -1.451289
    30 3.883661 -0.050323 -0.431042 0.066987 0.050243 -0.694792
    31 1.719578 0.000004 0.000000 0.000000 -0.000004 -1.251040
    32 1.209185 0.000002 0.000000 0.000000 0.000000 -1.141170
    33 3.859838 -0.148937 -1.331282 -0.248855 0.263129 -0.072121
    34 1.719423 0.000002 0.000000 0.000000 0.000000 -0.676756
    35 1.099667 0.000002 0.000000 0.000000 0.000000 -1.021287
    36 0.806021 -0.359837 -1.318334 1.349685 0.343493 -0.771450
    37 1.789782 0.000000 -0.000004 0.000000 0.000000 0.397500
    38 1.206999 0.000003 0.000002 0.000000 0.000000 0.989033
    39 6.104525 -1.468680 -3.530283 -1.564198 -0.011689 -1.581440
    40 3.820738 -1.409994 -0.589409 -1.564198 0.066846 -1.581440
  time 36
    0 0.000005 3.335938 -8.640625 -1.570781 -1.391896 -1.570809
    1 2.033349 1.000767 1.937660 2.722229 -0.811304 1.711776
    2 6.028141 0.000000 0.000000 -1.865956 -0.381275 -1.195260
    3 11.692554 0.000001 0.000002 0.000000 0.000000 -0.901311
    4 11.481674 0.000001 -0.000032 0.891123 -0.135508 0.081596
    5 3.859709 -0.142404 -1.191975 -0.517497 -0.021345 -0.775811
    6 1.312555 -0.000002 0.000001 0.000000 0.000000 -0.296204
    7 0.729363 -0.000002 -0.000002 0.000000 0.000000 -0.262869
    8 3.942335 0.046767 -0.431443 -0.276576 -0.113358 -0.638742
    9 1.539097 0.000000 0.000000 0.000000 0.000000 -0.607132
    10 1.196326 -0.000002 -0.000001 0.000000 0.000000 -0.706530
    11 3.883696 -0.046765 0.431443 0.088260 -0.232467 -0.610129
    12 1.719570 -0.000004 -0.000001 0.000000 0.005516 -0.660990
    13 1.209171 -0.000002 0.000000 0.000000 0.003084 -0.491278
    14 3.859865 -0.137947 1.332466 -0.014592 -0.237560 -0.457605
    15 1.719429 0.000002 -0.000001 0.000000 0.004072 -0.677168
    16 1.099665 0.000000 0.000000 0.000000 0.002596 -0.479934
    17 0.806053 -0.348925 1.321258 -1.235620 -0.686524 -0.764430
    18 1.789780 -0.000002 0.000002 0.000000 0.000000 0.522337
    19 1.207006 0.000000 0.000000 0.000000 0.000000 0.046759
    20 2.033356 1.000772 -1.937610 -1.668474 1.286518 2.942953
    21 6.028144 0.000000 0.000000 1.411596 1.349813 -1.195099
    22 11.692554 0.000001 0.000003 0.000000 0.000000 -0.875246
    23 11.481697 0.000001 0.000002 -1.013169 0.013330 0.397054
    24 3.859678 -0.132570 1.193109 0.432210 -0.155861 -0.861350
    25 1.312557 -0.000002 0.000001 0.000000 0.000000 -1.191994
    26 0.729365 0.000002 -0.000002 0.000000 0.000000 -1.063371
    27 3.942305 0.050327 0.431044 0.232421 0.000609 -0.853331
    28 1.539099 -0.000002 0.000000 0.000000 0.000000 -0.973379
    29 1.196321 0.000008 0.000000 0.000000 0.000000 -1.451289
    30 3.883661 -0.050323 -0.431042 0.066987 0.050243 -0.694792
    31 1.719578 0.000004 0.000000 0.000000 -0.000004 -1.251013
    32 1.209185 0.000002 0.000000 0.000000 0.000000 -1.141170
    33 3.859838 -0.148937 -1.331282 -0.248855 0.263129 -0.072121
    34 1.719423 0.000002 0.000000 0.000000 0.000000 -0.676756
    35 1.099667 0.000002 0.000000 0.000000 0.000000 -1.021287
    36 0.806021 -0.359837 -1.318334 1.349685 0.343493 -0.771450
    37 1.789782 0.000000 -0.000004 0.000000 0.000000 0.397500
    38 1.206999 0.000003 0.000002 0.000000 0.000000 0.989033
    39 6.104525 -1.468680 -3.530283 -1.564198 -0.011689 -1.581440
    40 3.820738 -1.409994 -0.589409 -1.564198 0.066846 -1.581440
  time 37
    0 0.000005 3.335938 -8.640625 -1.570781 -1.391896 -1.570809
    1 2.033349 1.000767 1.937660 2.722229 -0.811304 1.711776
    2 6.028141 0.000000 0.000000 -1.849342 -0.355237 -1.227767
    3 11.692554 0.000001 0.000002 0.000000 0.000000 -0.725470
    4 11.481674 0.000001 -0.000032 1.034838 -0.113276 0.073113
    5 3.859709 -0.142404 -1.191975 -0.517497 -0.021345 -0.775811
    6 1.312555 -0.000002 0.000001 0.000000 0.000000 -0.296204
    7 0.729363 -0.000002 -0.000002 0.000000 0.000000 -0.262869
    8 3.942335 0.046767 -0.431443 -0.276576 -0.113358 -0.638742
    9 1.539097 0.000000 0.000000 0.000000 0.000000 -0.607132
    10 1.196326 -0.000002 -0.000001 0.000000 0.000000 -0.706530
    11 3.883696 -0.046765 0.431443 0.088260 -0.232467 -0.610129
    12 1.719570 -0.000004 -0.000001 0.000000 0.005516 -0.660990
    13 1.209171 -0.000002 0.000000 0.000000 0.003084 -0.491278
    14 3.859865 -0.137947 1.332466 -0.014592 -0.237560 -0.457605
    15 1.719429 0.000002 -0.000001 0.000000 0.004072 -0.677168
    16 1.099665 0.000000 0.000000 0.000000 0.002596 -0.479934
    17 0.806053 -0.348925 1.321258 -1.235620 -0.686524 -0.764430
    18 1.789780 -0.000002 0.000002 0.000000 0.000000 0.522337
    19 1.207006 0.000000 0.000000 0.000000 0.000000 0.046759
    20 2.033356 1.000772 -1.937610 -1.668474 1.286518 2.942953
    21 6.028144 0.000000 0.000000 1.420970 1.347383 -1.184572
    22 11.692554 0.000001 0.000003 0.000000 0.000000 -0.840133
    23 11.481697 0.000001 0.000002 -1.021721 -0.011490 0.384711
    24 3.859678 -0.132570 1.193109 0.432210 -0.155861 -0.861350
    25 1.312557 -0.000002 0.000001 0.000000 0.000000 -1.191994
    26 0.729365 0.000002 -0.000002 0.000000 0.000000 -1.063371
    27 3.942305 0.050327 0.431044 0.232421 0.000609 -0.853331
    28 1.539099 -0.000002 0.000000 0.000000 0.000000 -0.973379
    29 1.196321 0.000008 0.000000 0.000000 0.000000 -1.451289
    30 3.883661 -0.050323 -0.431042 0.066987 0.050243 -0.694792
    31 1.719578 0.000004 0.000000 0.000000 -0.000004 -1.251013
    32 1.209185 0.000002 0.000000 0.000000 0.000000 -1.141170
    33 3.859838 -0.148937 -1.331282 -0.248855 0.263129 -0.072121
    34 1.719423 0.000002 0.000000 0.000000 0.000000 -0.676756
    35 1.099667 0.000002 0.000000 0.000000 0.000000 -1.021287
    36 0.806021 -0.359837 -1.318334 1.349685 0.343493 -0.771450
    37 1.789782 0.000000 -0.000004 0.000000 0.000000 0.397500
    38 1.206999 0.000003 0.000002 0.000000 0.000000 0.989033
    39 6.104525 -1.468680 -3.530283 -1.564198 -0.011689 -1.581440
    40 3.820738 -1.409994 -0.589409 -1.564198 0.066846 -1.581440
  time 38
    0 0.000005 3.335938 -8.640625 -1.570781 -1.391896 -1.570809
    1 2.033349 1.000767 1.937660 2.722229 -0.811304 1.711776
    2 6.028141 0.000000 0.000000 -1.827973 -0.302714 -1.271578
    3 11.692554 0.000001 0.000002 0.000000 0.000000 -0.698391
    4 11.481674 0.000001 -0.000032 1.177558 -0.090961 0.065065
    5 3.859709 -0.142404 -1.191975 -0.517497 -0.021345 -0.775811
    6 1.312555 -0.000002 0.000001 0.000000 0.000000 -0.296204
    7 0.729363 -0.000002 -0.000002 0.000000 0.000000 -0.262869
    8 3.942335 0.046767 -0.431443 -0.276576 -0.113358 -0.638742
    9 1.539097 0.000000 0.000000 0.000000 0.000000 -0.607132
    10 1.196326 -0.000002 -0.000001 0.000000 0.000000 -0.706530
    11 3.883696 -0.046765 0.431443 0.088260 -0.232467 -0.610129
    12 1.719570 -0.000004 -0.000001 0.000000 0.005516 -0.660990
    13 1.209171 -0.000002 0.000000 0.000000 0.003084 -0.491278
    14 3.859865 -0.137947 1.332466 -0.014592 -0.237560 -0.457605
    15 1.719429 0.000002 -0.000001 0.000000 0.004072 -0.677168
    16 1.099665 0.000000 0.000000 0.000000 0.002596 -0.479934
    17 0.806053 -0.348925 1.321258 -1.235620 -0.686524 -0.764430
    18 1.789780 -0.000002 0.000002 0.000000 0.000000 0.522337
    19 1.207006 0.000000 0.000000 0.000000 0.000000 0.046759
    20 2.033356 1.000772 -1.937610 -1.668474 1.286518 2.942953
    21 6.028144 0.000000 0.000000 1.441449 1.348831 -1.160979
    22 11.692554 0.000001 0.000003 0.000000 0.000000 -0.795131
    23 11.481697 0.000001 0.000002 -1.036138 -0.007275 0.345878
    24 3.859678 -0.132570 1.193109 0.432210 -0.155861 -0.861350
    25 1.312557 -0.000002 0.000001 0.000000 0.000000 -1.191994
    26 0.729365 0.000002 -0.000002 0.000000 0.000000 -1.063371
    27 3.942305 0.050327 0.431044 0.232421 0.000609 -0.853331
    28 1.539099 -0.000002 0.000000 0.000000 0.000000 -0.973379
    29 1.196321 0.000008 0.000000 0.000000 0.000000 -1.451289
    30 3.883661 -0.050323 -0.431042 0.066987 0.050243 -0.694792
    31 1.719578 0.000004 0.000000 0.000000 -0.000004 -1.251013
    32 1.209185 0.000002 0.000000 0.000000 0.000000 -1.141170
    33 3.859838 -0.148937 -1.331282 -0.248855 0.263129 -0.072121
    34 1.719423 0.000002 0.000000 0.000000 0.000000 -0.676756
    35 1.099667 0.000002 0.000000 0.000000 0.000000 -1.021287
    36 0.806021 -0.359837 -1.318334 1.349685 0.343493 -0.771450
    37 1.789782 0.000000 -0.000004 0.000000 0.000000 0.397500
    38 1.206999 0.000003 0.000002 0.000000 0.000000 0.989033
    39 6.104525 -1.468680 -3.530283 -1.564198 -0.011689 -1.581440
    40 3.820738 -1.409994 -0.589409 -1.564198 0.066846 -1.581440
  time 39
    0 0.000005 3.335938 -8.640625 -1.570781 -1.391896 -1.570809
    1 2.033349 1.000767 1.937660 2.722229 -0.811304 1.711776
    2 6.028141 0.000000 0.000000 -1.799246 -0.212280 -1.332787
    3 11.692554 0.000001 0.000002 0.000000 0.000000 -0.755455
    4 11.481674 0.000001 -0.000032 1.309566 -0.070132 0.057917
    5 3.859709 -0.142404 -1.191975 -0.517497 -0.021345 -0.775811
    6 1.312555 -0.000002 0.000001 0.000000 0.000000 -0.296204
    7 0.729363 -0.000002 -0.000002 0.000000 0.000000 -0.262869
    8 3.942335 0.046767 -0.431443 -0.276576 -0.113358 -0.638742
    9 1.539097 0.000000 0.000000 0.000000 0.000000 -0.607132
    10 1.196326 -0.000002 -0.000001 0.000000 0.000000 -0.706530
    11 3.883696 -0.046765 0.431443 0.088260 -0.232467 -0.610129
    12 1.719570 -0.000004 -0.000001 0.000000 0.005516 -0.660990
    13 1.209171 -0.000002 0.000000 0.000000 0.003084 -0.491278
    14 3.859865 -0.137947 1.332466 -0.014592 -0.237560 -0.457605
    15 1.719429 0.000002 -0.000001 0.000000 0.004072 -0.677168
    16 1.099665 0.000000 0.000000 0.000000 0.002596 -0.479934
    17 0.806053 -0.348925 1.321258 -1.235620 -0.686524 -0.764430
    18 1.789780 -0.000002 0.000002 0.000000 0.000000 0.522337
    19 1.207006 0.000000 0.000000 0.000000 0.000000 0.046759
    20 2.033356 1.000772 -1.937610 -1.668474 1.286518 2.942953
    21 6.028144 0.000000 0.000000 1.475381 1.360001 -1.121511
    22 11.692554 0.000001 0.000003 0.000000 0.000000 -0.735242
    23 11.481697 0.000001 0.000002 -1.083964 0.002411 0.290478
    24 3.859678 -0.132570 1.193109 0.432210 -0.155861 -0.861350
    25 1.312557 -0.000002 0.000001 0.000000 0.000000 -1.191994
    26 0.729365 0.000002 -0.000002 0.000000 0.000000 -1.063371
    27 3.942305 0.050327 0.431044 0.232421 0.000609 -0.853331
    28 1.539099 -0.000002 0.000000 0.000000 0.000000 -0.973379
    29 1.196321 0.000008 0.000000 0.000000 0.000000 -1.451289
    30 3.883661 -0.050323 -0.431042 0.066987 0.050243 -0.694792
    31 1.719578 0.000004 0.000000 0.000000 -0.000004 -1.251013
    32 1.209185 0.000002 0.000000 0.000000 0.000000 -1.141170
    33 3.859838 -0.148937 -1.331282 -0.248855 0.263129 -0.072121
    34 1.719423 0.000002 0.000000 0.000000 0.000000 -0.676756
    35 1.099667 0.000002 0.000000 0.000000 0.000000 -1.021287
    36 0.806021 -0.359837 -1.318334 1.349685 0.343493 -0.771450
    37 1.789782 0.000000 -0.000004 0.000000 0.000000 0.397500
    38 1.206999 0.000003 0.000002 0.000000 0.000000 0.989033
    39 6.104525 -1.468680 -3.530283 -1.564198 -0.011689 -1.581440
    40 3.820738 -1.409994 -0.589409 -1.564198 0.066846 -1.581440
  time 40
    0 0.000005 3.335938 -8.640625 -1.570781 -1.391896 -1.570809
    1 2.033349 1.000767 1.937660 2.722229 -0.811304 1.711776
    2 6.028141 0.000000 0.000000 -1.762590 -0.078281 -1.411966
    3 11.692554 0.000001 0.000002 0.000000 0.000000 -0.898792
    4 11.481674 0.000001 -0.000032 1.421304 -0.052395 0.052055
    5 3.859709 -0.142404 -1.191975 -0.517497 -0.021345 -0.775811
    6 1.312555 -0.000002 0.000001 0.000000 0.000000 -0.296204
    7 0.729363 -0.000002 -0.000002 0.000000 0.000000 -0.262869
    8 3.942335 0.046767 -0.431443 -0.276576 -0.113358 -0.638742
    9 1.539097 0.000000 0.000000 0.000000 0.000000 -0.607132
    10 1.196326 -0.000002 -0.000001 0.000000 0.000000 -0.706530
    11 3.883696 -0.046765 0.431443 0.088260 -0.232467 -0.610129
    12 1.719570 -0.000004 -0.000001 0.000000 0.005516 -0.660990
    13 1.209171 -0.000002 0.000000 0.000000 0.003084 -0.491278
    14 3.859865 -0.137947 1.332466 -0.014592 -0.237560 -0.457605
    15 1.719429 0.000002 -0.000001 0.000000 0.004072 -0.677168
    16 1.099665 0.000000 0.000000 0.000000 0.002596 -0.479934
    17 0.806053 -0.348925 1.321258 -1.235620 -0.686524 -0.764430
    18 1.789780 -0.000002 0.000002 0.000000 0.000000 0.522337
    19 1.207006 0.000000 0.000000 0.000000 0.000000 0.046759
    20 2.033356 1.000772 -1.937610 -1.668474 1.286518 2.942953
    21 6.028144 0.000000 0.000000 1.528968 1.389819 -1.059732
    22 11.692554 0.000001 0.000003 0.000000 0.000000 -0.645127
    23 11.481697 0.000001 0.000002 -1.190585 0.009711 0.245309
    24 3.859678 -0.132570 1.193109 0.432210 -0.155861 -0.861350
    25 1.312557 -0.000002 0.000001 0.000000 0.000000 -1.191994
    26 0.729365 0.000002 -0.000002 0.000000 0.000000 -1.063371
    27 3.942305 0.050327 0.431044 0.232421 0.000609 -0.853331
    28 1.539099 -0.000002 0.000000 0.000000 0.000000 -0.973379
    29 1.196321 0.000008 0.000000 0.000000 0.000000 -1.451289
    30 3.883661 -0.050323 -0.431042 0.066987 0.050243 -0.694792
    31 1.719578 0.000004 0.000000 0.000000 -0.000004 -1.251013
    32 1.209185 0.000002 0.000000 0.000000 0.000000 -1.141170
    33 3.859838 -0.148937 -1.331282 -0.248855 0.263129 -0.072121
    34 1.719423 0.000002 0.000000 0.000000 0.000000 -0.676756
    35 1.099667 0.000002 0.000000 0.000000 0.000000 -1.021287
    36 0.806021 -0.359837 -1.318334 1.349685 0.343493 -0.771450
    37 1.789782 0.000000 -0.000004 0.000000 0.000000 0.397500
    38 1.206999 0.000003 0.000002 0.000000 0.000000 0.989033
    39 6.104525 -1.468680 -3.530283 -1.564198 -0.011689 -1.581440
    40 3.820738 -1.409994 -0.589409 -1.564198 0.066846 -1.581440
  time 41
    0 0.000005 3.335938 -8.640625 -1.570781 -1.391896 -1.570809
    1 2.033349 1.000767 1.937660 2.722229 -0.811304 1.711776
    2 6.028141 0.000000 0.000000 -1.728186 0.049349 -1.481960
    3 11.692554 0.000001 0.000002 0.000000 0.000000 -1.058309
    4 11.481674 0.000001 -0.000032 1.505049 -0.039008 0.047775
    5 3.859709 -0.142404 -1.191975 -0.517497 -0.021345 -0.775811
    6 1.312555 -0.000002 0.000001 0.000000 0.000000 -0.296204
    7 0.729363 -0.000002 -0.000002 0.000000 0.000000 -0.262869
    8 3.942335 0.046767 -0.431443 -0.276576 -0.113358 -0.638742
    9 1.539097 0.000000 0.000000 0.000000 0.000000 -0.607132
    10 1.196326 -0.000002 -0.000001 0.000000 0.000000 -0.706530
    11 3.883696 -0.046765 0.431443 0.088260 -0.232467 -0.610129
    12 1.719570 -0.000004 -0.000001 0.000000 0.005516 -0.660990
    13 1.209171 -0.000002 0.000000 0.000000 0.003084 -0.491278
    14 3.859865 -0.137947 1.332466 -0.014592 -0.237560 -0.457605
    15 1.719429 0.000002 -0.000001 0.000000 0.004072 -0.677168
    16 1.099665 0.000000 0.000000 0.000000 0.002596 -0.479934
    17 0.806053 -0.348925 1.321258 -1.235620 -0.686524 -0.764430
    18 1.789780 -0.000002 0.000002 0.000000 0.000000 0.522337
    19 1.207006 0.000000 0.000000 0.000000 0.000000 0.046759
    20 2.033356 1.000772 -1.937610 -1.668474 1.286518 2.942953
    21 6.028144 0.000000 0.000000 1.617043 1.430620 -0.961971
    22 11.692554 0.000001 0.000003 0.000000 0.000000 -0.531589
    23 11.481697 0.000001 0.000002 -1.258040 0.009978 0.218753
    24 3.859678 -0.132570 1.193109 0.432210 -0.155861 -0.861350
    25 1.312557 -0.000002 0.000001 0.000000 0.000000 -1.191994
    26 0.729365 0.000002 -0.000002 0.000000 0.000000 -1.063371
    27 3.942305 0.050327 0.431044 0.232421 0.000609 -0.853331
    28 1.539099 -0.000002 0.000000 0.000000 0.000000 -0.973379
    29 1.196321 0.000008 0.000000 0.000000 0.000000 -1.451289
    30 3.883661 -0.050323 -0.431042 0.066987 0.050243 -0.694792
    31 1.719578 0.000004 0.000000 0.000000 -0.000004 -1.251013
    32 1.209185 0.000002 0.000000 0.000000 0.000000 -1.141170
    33 3.859838 -0.148937 -1.331282 -0.248855 0.263129 -0.072121
    34 1.719423 0.000002 0.000000 0.000000 0.000000 -0.676756
    35 1.099667 0.000002 0.000000 0.000000 0.000000 -1.021287
    36 0.806021 -0.359837 -1.318334 1.349685 0.343493 -0.771450
    37 1.789782 0.000000 -0.000004 0.000000 0.000000 0.397500
    38 1.206999 0.000003 0.000002 0.000000 0.000000 0.989033
    39 6.104525 -1.468680 -3.530283 -1.564198 -0.011689 -1.581440
    40 3.820738 -1.409994 -0.589409 -1.564198 0.066846 -1.581440
  time 42
    0 0.000005 3.335938 -8.640625 -1.570781 -1.391896 -1.570809
    1 2.033349 1.000767 1.937660 2.722229 -0.811304 1.711776
    2 6.028141 0.000000 0.000000 -1.710278 0.110859 -1.514925
    3 11.692554 0.000001 0.000002 0.000000 0.000000 -1.140417
    4 11.481674 0.000001 -0.000032 1.556219 -0.030810 0.045216
    5 3.859709 -0.142404 -1.191975 -0.517497 -0.021345 -0.775811
    6 1.312555 -0.000002 0.000001 0.000000 0.000000 -0.296204
    7 0.729363 -0.000002 -0.000002 0.000000 0.000000 -0.262869
    8 3.942335 0.046767 -0.431443 -0.276576 -0.113358 -0.638742
    9 1.539097 0.000000 0.000000 0.000000 0.000000 -0.607132
    10 1.196326 -0.000002 -0.000001 0.000000 0.000000 -0.706530
    11 3.883696 -0.046765 0.431443 0.088260 -0.232467 -0.610129
    12 1.719570 -0.000004 -0.000001 0.000000 0.005516 -0.660990
    13 1.209171 -0.000002 0.000000 0.000000 0.003084 -0.491278
    14 3.859865 -0.137947 1.332466 -0.014592 -0.237560 -0.457605
    15 1.719429 0.000002 -0.000001 0.000000 0.004072 -0.677168
    16 1.099665 0.000000 0.000000 0.000000 0.002596 -0.479934
    17 0.806053 -0.348925 1.321258 -1.235620 -0.686524 -0.764430
    18 1.789780 -0.000002 0.000002 0.000000 0.000000 0.522337
    19 1.207006 0.000000 0.000000 0.000000 0.000000 0.046759
    20 2.033356 1.000772 -1.937610 -1.668474 1.286518 2.942953
    21 6.028144 0.000000 0.000000 1.792906 1.476328 -0.775473
    22 11.692554 0.000001 0.000003 0.000000 0.000000 -0.412150
    23 11.481697 0.000001 0.000002 -1.282916 0.007984 0.202692
    24 3.859678 -0.132570 1.193109 0.432210 -0.155861 -0.861350
    25 1.312557 -0.000002 0.000001 0.000000 0.000000 -1.191994
    26 0.729365 0.000002 -0.000002 0.000000 0.000000 -1.063371
    27 3.942305 0.050327 0.431044 0.232421 0.000609 -0.853331
    28 1.539099 -0.000002 0.000000 0.000000 0.000000 -0.973379
    29 1.196321 0.000008 0.000000 0.000000 0.000000 -1.451289
    30 3.883661 -0.050323 -0.431042 0.066987 0.050243 -0.694792
    31 1.719578 0.000004 0.000000 0.000000 -0.000004 -1.251013
    32 1.209185 0.000002 0.000000 0.000000 0.000000 -1.141170
    33 3.859838 -0.148937 -1.331282 -0.248855 0.263129 -0.072121
    34 1.719423 0.000002 0.000000 0.000000 0.000000 -0.676756
    35 1.099667 0.000002 0.000000 0.000000 0.000000 -1.021287
    36 0.806021 -0.359837 -1.318334 1.349685 0.343493 -0.771450
    37 1.789782 0.000000 -0.000004 0.000000 0.000000 0.397500
    38 1.206999 0.000003 0.000002 0.000000 0.000000 0.989033
    39 6.104525 -1.468680 -3.530283 -1.564198 -0.011689 -1.581440
    40 3.820738 -1.409994 -0.589409 -1.564198 0.066846 -1.581440
  time 43
    0 0.000005 3.335938 -8.640625 -1.570781 -1.391896 -1.570809
    1 2.033349 1.000767 1.937660 2.722229 -0.811304 1.711776
    2 6.028141 0.000000 0.000000 -1.705742 0.125767 -1.522852
    3 11.692554 0.000001 0.000002 0.000000 0.000000 -1.161440
    4 11.481674 0.000001 -0.000032 1.573183 -0.028078 0.044379
    5 3.859709 -0.142404 -1.191975 -0.517497 -0.021345 -0.775811
    6 1.312555 -0.000002 0.000001 0.000000 0.000000 -0.296204
    7 0.729363 -0.000002 -0.000002 0.000000 0.000000 -0.262869
    8 3.942335 0.046767 -0.431443 -0.276576 -0.113358 -0.638742
    9 1.539097 0.000000 0.000000 0.000000 0.000000 -0.607132
    10 1.196326 -0.000002 -0.000001 0.000000 0.000000 -0.706530
    11 3.883696 -0.046765 0.431443 0.088260 -0.232467 -0.610129
    12 1.719570 -0.000004 -0.000001 0.000000 0.005516 -0.660990
    13 1.209171 -0.000002 0.000000 0.000000 0.003084 -0.491278
    14 3.859865 -0.137947 1.332466 -0.014592 -0.237560 -0.457605
    15 1.719429 0.000002 -0.000001 0.000000 0.004072 -0.677168
    16 1.099665 0.000000 0.000000 0.000000 0.002596 -0.479934
    17 0.806053 -0.348925 1.321258 -1.235620 -0.686524 -0.764430
    18 1.789780 -0.000002 0.000002 0.000000 0.000000 0.522337
    19 1.207006 0.000000 0.000000 0.000000 0.000000 0.046759
    20 2.033356 1.000772 -1.937610 -1.668474 1.286518 2.942953
    21 6.028144 0.000000 0.000000 2.118877 1.513671 -0.442333
    22 11.692554 0.000001 0.000003 0.000000 0.000000 -0.316658
    23 11.481697 0.000001 0.000002 -1.288835 0.007428 0.200690
    24 3.859678 -0.132570 1.193109 0.432210 -0.155861 -0.861350
    25 1.312557 -0.000002 0.000001 0.000000 0.000000 -1.191994
    26 0.729365 0.000002 -0.000002 0.000000 0.000000 -1.063371
    27 3.942305 0.050327 0.431044 0.232421 0.000609 -0.853331
    28 1.539099 -0.000002 0.000000 0.000000 0.000000 -0.973379
    29 1.196321 0.000008 0.000000 0.000000 0.000000 -1.451289
    30 3.883661 -0.050323 -0.431042 0.066987 0.050243 -0.694792
    31 1.719578 0.000004 0.000000 0.000000 -0.000004 -1.251013
    32 1.209185 0.000002 0.000000 0.000000 0.000000 -1.141170
    33 3.859838 -0.148937 -1.331282 -0.248855 0.263129 -0.072121
    34 1.719423 0.000002 0.000000 0.000000 0.000000 -0.676756
    35 1.099667 0.000002 0.000000 0.000000 0.000000 -1.021287
    36 0.806021 -0.359837 -1.318334 1.349685 0.343493 -0.771450
    37 1.789782 0.000000 -0.000004 0.000000 0.000000 0.397500
    38 1.206999 0.000003 0.000002 0.000000 0.000000 0.989033
    39 6.104525 -1.468680 -3.530283 -1.564198 -0.011689 -1.581440
    40 3.820738 -1.409994 -0.589409 -1.564198 0.066846 -1.581440
end
