// Created by Crowbar 0.74
version 1
nodes
  0 "ValveBiped.Bip01_Spine4" -1
  1 "ValveBiped.Bip01_L_Clavicle" 0
  2 "ValveBiped.Bip01_L_UpperArm" 1
  3 "ValveBiped.Bip01_L_Forearm" 2
  4 "ValveBiped.Bip01_L_Hand" 3
  5 "ValveBiped.Bip01_L_Finger4" 4
  6 "ValveBiped.Bip01_L_Finger41" 5
  7 "ValveBiped.Bip01_L_Finger42" 6
  8 "ValveBiped.Bip01_L_Finger3" 4
  9 "ValveBiped.Bip01_L_Finger31" 8
  10 "ValveBiped.Bip01_L_Finger32" 9
  11 "ValveBiped.Bip01_L_Finger2" 4
  12 "ValveBiped.Bip01_L_Finger21" 11
  13 "ValveBiped.Bip01_L_Finger22" 12
  14 "ValveBiped.Bip01_L_Finger1" 4
  15 "ValveBiped.Bip01_L_Finger11" 14
  16 "ValveBiped.Bip01_L_Finger12" 15
  17 "ValveBiped.Bip01_L_Finger0" 4
  18 "ValveBiped.Bip01_L_Finger01" 17
  19 "ValveBiped.Bip01_L_Finger02" 18
  20 "ValveBiped.Bip01_R_Clavicle" 0
  21 "ValveBiped.Bip01_R_UpperArm" 20
  22 "ValveBiped.Bip01_R_Forearm" 21
  23 "ValveBiped.Bip01_R_Hand" 22
  24 "ValveBiped.Bip01_R_Finger4" 23
  25 "ValveBiped.Bip01_R_Finger41" 24
  26 "ValveBiped.Bip01_R_Finger42" 25
  27 "ValveBiped.Bip01_R_Finger3" 23
  28 "ValveBiped.Bip01_R_Finger31" 27
  29 "ValveBiped.Bip01_R_Finger32" 28
  30 "ValveBiped.Bip01_R_Finger2" 23
  31 "ValveBiped.Bip01_R_Finger21" 30
  32 "ValveBiped.Bip01_R_Finger22" 31
  33 "ValveBiped.Bip01_R_Finger1" 23
  34 "ValveBiped.Bip01_R_Finger11" 33
  35 "ValveBiped.Bip01_R_Finger12" 34
  36 "ValveBiped.Bip01_R_Finger0" 23
  37 "ValveBiped.Bip01_R_Finger01" 36
  38 "ValveBiped.Bip01_R_Finger02" 37
  39 "ValveBiped.Grenade_body" 23
  40 "ValveBiped.Pin" 39
end
skeleton
  time 0
    0 -0.999512 -0.744141 -9.226563 -1.570781 -1.391896 -1.570809
    1 2.033349 1.000767 1.937660 1.596637 -1.286515 2.942961
    2 6.028141 0.000000 0.000000 -1.318349 -0.439806 -1.001475
    3 11.692554 0.000001 0.000002 0.000000 0.000000 -1.224224
    4 11.481674 0.000001 -0.000032 1.573183 -0.028074 0.044379
    5 3.859709 -0.142404 -1.191975 -0.476786 0.134335 -0.965120
    6 1.312555 -0.000002 0.000001 0.000000 0.000000 -0.279231
    7 0.729363 -0.000002 -0.000002 0.000000 0.000000 -0.096893
    8 3.942335 0.046767 -0.431443 -0.145117 0.087360 -0.742146
    9 1.539097 0.000000 0.000000 0.000000 0.000000 -0.308866
    10 1.196326 -0.000002 -0.000001 0.000000 0.000000 -0.520567
    11 3.883696 -0.046765 0.431443 0.085902 0.021830 -0.587867
    12 1.719570 -0.000004 -0.000001 0.000000 0.005516 -0.366478
    13 1.209171 -0.000002 0.000000 0.000000 0.003084 -0.216400
    14 3.859865 -0.137947 1.332466 0.354449 -0.042750 -0.531718
    15 1.719429 0.000002 -0.000001 0.000000 0.004074 -0.363009
    16 1.099665 0.000000 0.000000 0.000000 0.002596 -0.244331
    17 0.806053 -0.348925 1.321258 -1.166385 -0.626631 -0.921968
    18 1.789780 -0.000002 0.000002 0.000000 0.000000 0.189118
    19 1.207006 0.000000 0.000000 0.000000 0.000000 0.306017
    20 2.033356 1.000772 -1.937610 -1.668474 1.286518 2.942953
    21 6.028144 0.000000 0.000000 1.461948 0.408041 -1.206717
    22 11.692554 0.000001 0.000003 0.000000 0.000000 -1.156593
    23 11.481697 0.000001 0.000002 -1.839830 0.008434 0.043643
    24 3.859678 -0.132570 1.193109 0.456540 -0.189262 -0.850634
    25 1.312557 -0.000002 0.000001 0.000000 0.000000 -0.517222
    26 0.729365 0.000002 -0.000002 0.000000 0.000000 -0.174086
    27 3.942305 0.050327 0.431044 0.157532 -0.053196 -0.914516
    28 1.539099 -0.000002 0.000000 0.000000 0.000000 -0.247824
    29 1.196321 0.000008 0.000000 0.000000 0.000000 -0.751741
    30 3.883661 -0.050323 -0.431042 -0.079403 -0.041030 -0.763903
    31 1.719578 0.000004 0.000000 0.000000 -0.007973 -0.582418
    32 1.209185 0.000002 0.000000 0.000001 -0.004461 -0.471628
    33 3.859838 -0.148937 -1.331282 -0.350878 -0.029425 -0.716187
    34 1.719423 0.000002 0.000000 0.000001 -0.006611 -0.578953
    35 1.099667 0.000002 0.000000 0.000000 -0.004211 -0.597741
    36 0.806021 -0.359837 -1.318334 1.096783 0.367532 -1.416967
    37 1.789782 0.000000 -0.000004 0.000000 0.000000 0.265284
    38 1.206999 0.000003 0.000002 0.000000 0.000000 0.310702
    39 3.483999 -2.623365 0.559219 0.000000 0.000000 0.000000
    40 0.732945 -1.020114 -3.703744 0.215978 0.000000 0.000000
  time 1
    0 -0.999512 -0.744141 -9.226563 -1.570781 -1.391896 -1.570809
    1 2.033349 1.000767 1.937660 1.596637 -1.286515 2.942961
    2 6.028141 0.000000 0.000000 -1.320051 -0.440720 -0.999378
    3 11.692554 0.000001 0.000002 0.000000 0.000000 -1.239398
    4 11.481674 0.000001 -0.000032 1.572690 -0.028559 0.042449
    5 3.859709 -0.142404 -1.191975 -0.476786 0.134335 -0.965120
    6 1.312555 -0.000002 0.000001 0.000000 0.000000 -0.279231
    7 0.729363 -0.000002 -0.000002 0.000000 0.000000 -0.096893
    8 3.942335 0.046767 -0.431443 -0.145117 0.087360 -0.742146
    9 1.539097 0.000000 0.000000 0.000000 0.000000 -0.308866
    10 1.196326 -0.000002 -0.000001 0.000000 0.000000 -0.520567
    11 3.883696 -0.046765 0.431443 0.085902 0.021830 -0.587867
    12 1.719570 -0.000004 -0.000001 0.000000 0.005516 -0.366478
    13 1.209171 -0.000002 0.000000 0.000000 0.003084 -0.216400
    14 3.859865 -0.137947 1.332466 0.354449 -0.042750 -0.531718
    15 1.719429 0.000002 -0.000001 0.000000 0.004074 -0.363009
    16 1.099665 0.000000 0.000000 0.000000 0.002596 -0.244331
    17 0.806053 -0.348925 1.321258 -1.166385 -0.626631 -0.921968
    18 1.789780 -0.000002 0.000002 0.000000 0.000000 0.189118
    19 1.207006 0.000000 0.000000 0.000000 0.000000 0.306017
    20 2.033356 1.000772 -1.937610 -1.668474 1.286518 2.942953
    21 6.028144 0.000000 0.000000 1.462230 0.408893 -1.206410
    22 11.692554 0.000001 0.000003 0.000000 0.000000 -1.173034
    23 11.481697 0.000001 0.000002 -1.837150 0.008434 0.043643
    24 3.859678 -0.132570 1.193109 0.456540 -0.189262 -0.850634
    25 1.312557 -0.000002 0.000001 0.000000 0.000000 -0.517222
    26 0.729365 0.000002 -0.000002 0.000000 0.000000 -0.174086
    27 3.942305 0.050327 0.431044 0.157532 -0.053196 -0.914516
    28 1.539099 -0.000002 0.000000 0.000000 0.000000 -0.247824
    29 1.196321 0.000008 0.000000 0.000000 0.000000 -0.751741
    30 3.883661 -0.050323 -0.431042 -0.079403 -0.041030 -0.763903
    31 1.719578 0.000004 0.000000 0.000000 -0.007973 -0.582418
    32 1.209185 0.000002 0.000000 0.000001 -0.004461 -0.471628
    33 3.859838 -0.148937 -1.331282 -0.350878 -0.029425 -0.716187
    34 1.719423 0.000002 0.000000 0.000001 -0.006611 -0.578953
    35 1.099667 0.000002 0.000000 0.000000 -0.004211 -0.597741
    36 0.806021 -0.359837 -1.318334 1.096783 0.367532 -1.416967
    37 1.789782 0.000000 -0.000004 0.000000 0.000000 0.265284
    38 1.206999 0.000003 0.000002 0.000000 0.000000 0.310702
    39 3.483999 -2.623365 0.559219 0.000000 0.000000 0.000000
    40 0.732945 -1.020114 -3.703744 0.215978 0.000000 0.000000
  time 2
    0 -0.999512 -0.744141 -9.226563 -1.570781 -1.391896 -1.570809
    1 2.033349 1.000767 1.937660 1.596637 -1.286515 2.942961
    2 6.028141 0.000000 0.000000 -1.324892 -0.444715 -0.993581
    3 11.692554 0.000001 0.000002 0.000000 0.000000 -1.280321
    4 11.481674 0.000001 -0.000032 1.571479 -0.029878 0.037104
    5 3.859709 -0.142404 -1.191975 -0.476786 0.134335 -0.965120
    6 1.312555 -0.000002 0.000001 0.000000 0.000000 -0.279231
    7 0.729363 -0.000002 -0.000002 0.000000 0.000000 -0.096893
    8 3.942335 0.046767 -0.431443 -0.145117 0.087360 -0.742146
    9 1.539097 0.000000 0.000000 0.000000 0.000000 -0.308866
    10 1.196326 -0.000002 -0.000001 0.000000 0.000000 -0.520567
    11 3.883696 -0.046765 0.431443 0.085902 0.021830 -0.587867
    12 1.719570 -0.000004 -0.000001 0.000000 0.005516 -0.366478
    13 1.209171 -0.000002 0.000000 0.000000 0.003084 -0.216400
    14 3.859865 -0.137947 1.332466 0.354449 -0.042750 -0.531718
    15 1.719429 0.000002 -0.000001 0.000000 0.004074 -0.363009
    16 1.099665 0.000000 0.000000 0.000000 0.002596 -0.244331
    17 0.806053 -0.348925 1.321258 -1.166385 -0.626631 -0.921968
    18 1.789780 -0.000002 0.000002 0.000000 0.000000 0.189118
    19 1.207006 0.000000 0.000000 0.000000 0.000000 0.306017
    20 2.033356 1.000772 -1.937610 -1.668474 1.286518 2.942953
    21 6.028144 0.000000 0.000000 1.462418 0.411450 -1.206204
    22 11.692554 0.000001 0.000003 0.000000 0.000000 -1.214183
    23 11.481697 0.000001 0.000002 -1.830176 0.008434 0.043643
    24 3.859678 -0.132570 1.193109 0.456540 -0.189262 -0.850634
    25 1.312557 -0.000002 0.000001 0.000000 0.000000 -0.517222
    26 0.729365 0.000002 -0.000002 0.000000 0.000000 -0.174086
    27 3.942305 0.050327 0.431044 0.157532 -0.053196 -0.914516
    28 1.539099 -0.000002 0.000000 0.000000 0.000000 -0.247824
    29 1.196321 0.000008 0.000000 0.000000 0.000000 -0.751741
    30 3.883661 -0.050323 -0.431042 -0.079403 -0.041030 -0.763903
    31 1.719578 0.000004 0.000000 0.000000 -0.007973 -0.582418
    32 1.209185 0.000002 0.000000 0.000001 -0.004461 -0.471628
    33 3.859838 -0.148937 -1.331282 -0.350878 -0.029425 -0.716187
    34 1.719423 0.000002 0.000000 0.000001 -0.006611 -0.578953
    35 1.099667 0.000002 0.000000 0.000000 -0.004211 -0.597741
    36 0.806021 -0.359837 -1.318334 1.096783 0.367532 -1.416967
    37 1.789782 0.000000 -0.000004 0.000000 0.000000 0.265284
    38 1.206999 0.000003 0.000002 0.000000 0.000000 0.310702
    39 3.483999 -2.623365 0.559219 0.000000 0.000000 0.000000
    40 0.732945 -1.020114 -3.703744 0.215978 0.000000 0.000000
  time 3
    0 -0.999512 -0.744141 -9.226563 -1.570781 -1.391896 -1.570809
    1 2.033349 1.000767 1.937660 1.596637 -1.286515 2.942961
    2 6.028141 0.000000 0.000000 -1.332563 -0.454873 -0.984831
    3 11.692554 0.000001 0.000002 0.000000 0.000000 -1.338456
    4 11.481674 0.000001 -0.000032 1.569949 -0.031855 0.029029
    5 3.859709 -0.142404 -1.191975 -0.476786 0.134335 -0.965120
    6 1.312555 -0.000002 0.000001 0.000000 0.000000 -0.279231
    7 0.729363 -0.000002 -0.000002 0.000000 0.000000 -0.096893
    8 3.942335 0.046767 -0.431443 -0.145117 0.087360 -0.742146
    9 1.539097 0.000000 0.000000 0.000000 0.000000 -0.308866
    10 1.196326 -0.000002 -0.000001 0.000000 0.000000 -0.520567
    11 3.883696 -0.046765 0.431443 0.085902 0.021830 -0.587867
    12 1.719570 -0.000004 -0.000001 0.000000 0.005516 -0.366478
    13 1.209171 -0.000002 0.000000 0.000000 0.003084 -0.216400
    14 3.859865 -0.137947 1.332466 0.354449 -0.042750 -0.531718
    15 1.719429 0.000002 -0.000001 0.000000 0.004074 -0.363009
    16 1.099665 0.000000 0.000000 0.000000 0.002596 -0.244331
    17 0.806053 -0.348925 1.321258 -1.166385 -0.626631 -0.921968
    18 1.789780 -0.000002 0.000002 0.000000 0.000000 0.189118
    19 1.207006 0.000000 0.000000 0.000000 0.000000 0.306017
    20 2.033356 1.000772 -1.937610 -1.668474 1.286518 2.942953
    21 6.028144 0.000000 0.000000 1.462371 0.419165 -1.206666
    22 11.692554 0.000001 0.000003 0.000000 0.000000 -1.275215
    23 11.481697 0.000001 0.000002 -1.820249 0.008434 0.043643
    24 3.859678 -0.132570 1.193109 0.456540 -0.189262 -0.850634
    25 1.312557 -0.000002 0.000001 0.000000 0.000000 -0.517222
    26 0.729365 0.000002 -0.000002 0.000000 0.000000 -0.174086
    27 3.942305 0.050327 0.431044 0.157532 -0.053196 -0.914530
    28 1.539099 -0.000002 0.000000 0.000000 0.000000 -0.247824
    29 1.196321 0.000008 0.000000 0.000000 0.000000 -0.751741
    30 3.883661 -0.050323 -0.431042 -0.079403 -0.041030 -0.763903
    31 1.719578 0.000004 0.000000 0.000000 -0.007973 -0.582418
    32 1.209185 0.000002 0.000000 0.000001 -0.004461 -0.471628
    33 3.859838 -0.148937 -1.331282 -0.350878 -0.029425 -0.716187
    34 1.719423 0.000002 0.000000 0.000001 -0.006611 -0.578953
    35 1.099667 0.000002 0.000000 0.000000 -0.004211 -0.597741
    36 0.806021 -0.359837 -1.318334 1.096783 0.367532 -1.416967
    37 1.789782 0.000000 -0.000004 0.000000 0.000000 0.265284
    38 1.206999 0.000003 0.000002 0.000000 0.000000 0.310702
    39 3.483999 -2.623365 0.559219 0.000000 0.000000 0.000000
    40 0.732945 -1.020114 -3.703744 0.215978 0.000000 0.000000
  time 4
    0 -0.999512 -0.744141 -9.226563 -1.570781 -1.391896 -1.570809
    1 2.033349 1.000767 1.937660 1.596637 -1.286515 2.942961
    2 6.028141 0.000000 0.000000 -1.342905 -0.474816 -0.973600
    3 11.692554 0.000001 0.000002 0.000000 0.000000 -1.404606
    4 11.481674 0.000001 -0.000032 1.568498 -0.034293 0.018910
    5 3.859709 -0.142404 -1.191975 -0.476786 0.134335 -0.965120
    6 1.312555 -0.000002 0.000001 0.000000 0.000000 -0.279231
    7 0.729363 -0.000002 -0.000002 0.000000 0.000000 -0.096893
    8 3.942335 0.046767 -0.431443 -0.145117 0.087360 -0.742146
    9 1.539097 0.000000 0.000000 0.000000 0.000000 -0.308866
    10 1.196326 -0.000002 -0.000001 0.000000 0.000000 -0.520567
    11 3.883696 -0.046765 0.431443 0.085902 0.021830 -0.587867
    12 1.719570 -0.000004 -0.000001 0.000000 0.005516 -0.366478
    13 1.209171 -0.000002 0.000000 0.000000 0.003084 -0.216400
    14 3.859865 -0.137947 1.332466 0.354449 -0.042750 -0.531718
    15 1.719429 0.000002 -0.000001 0.000000 0.004074 -0.363009
    16 1.099665 0.000000 0.000000 0.000000 0.002596 -0.244331
    17 0.806053 -0.348925 1.321258 -1.166385 -0.626631 -0.921968
    18 1.789780 -0.000002 0.000002 0.000000 0.000000 0.189118
    19 1.207006 0.000000 0.000000 0.000000 0.000000 0.306017
    20 2.033356 1.000772 -1.937610 -1.668474 1.286518 2.942953
    21 6.028144 0.000000 0.000000 1.461665 0.437151 -1.208513
    22 11.692554 0.000001 0.000003 0.000000 0.000000 -1.348481
    23 11.481697 0.000001 0.000002 -1.808616 0.008434 0.043643
    24 3.859678 -0.132570 1.193109 0.456540 -0.189262 -0.850634
    25 1.312557 -0.000002 0.000001 0.000000 0.000000 -0.517222
    26 0.729365 0.000002 -0.000002 0.000000 0.000000 -0.174086
    27 3.942305 0.050327 0.431044 0.157532 -0.053196 -0.914530
    28 1.539099 -0.000002 0.000000 0.000000 0.000000 -0.247824
    29 1.196321 0.000008 0.000000 0.000000 0.000000 -0.751741
    30 3.883661 -0.050323 -0.431042 -0.079403 -0.041030 -0.763903
    31 1.719578 0.000004 0.000000 0.000000 -0.007973 -0.582418
    32 1.209185 0.000002 0.000000 0.000001 -0.004461 -0.471628
    33 3.859838 -0.148937 -1.331282 -0.350878 -0.029425 -0.716187
    34 1.719423 0.000002 0.000000 0.000001 -0.006611 -0.578953
    35 1.099667 0.000002 0.000000 0.000000 -0.004211 -0.597741
    36 0.806021 -0.359837 -1.318334 1.096783 0.367532 -1.416967
    37 1.789782 0.000000 -0.000004 0.000000 0.000000 0.265284
    38 1.206999 0.000003 0.000002 0.000000 0.000000 0.310702
    39 3.483999 -2.623365 0.559219 0.000000 0.000000 0.000000
    40 0.732945 -1.020114 -3.703744 0.215978 0.000000 0.000000
  time 5
    0 -0.999512 -0.744141 -9.226563 -1.570781 -1.391896 -1.570809
    1 2.033349 1.000767 1.937660 1.596637 -1.286515 2.942961
    2 6.028141 0.000000 0.000000 -1.355992 -0.507558 -0.959738
    3 11.692554 0.000001 0.000002 0.000000 0.000000 -1.470234
    4 11.481674 0.000001 -0.000032 1.567500 -0.037016 0.007405
    5 3.859709 -0.142404 -1.191975 -0.476786 0.134335 -0.965120
    6 1.312555 -0.000002 0.000001 0.000000 0.000000 -0.279231
    7 0.729363 -0.000002 -0.000002 0.000000 0.000000 -0.096893
    8 3.942335 0.046767 -0.431443 -0.145117 0.087360 -0.742146
    9 1.539097 0.000000 0.000000 0.000000 0.000000 -0.308866
    10 1.196326 -0.000002 -0.000001 0.000000 0.000000 -0.520567
    11 3.883696 -0.046765 0.431443 0.085902 0.021830 -0.587867
    12 1.719570 -0.000004 -0.000001 0.000000 0.005516 -0.366478
    13 1.209171 -0.000002 0.000000 0.000000 0.003084 -0.216400
    14 3.859865 -0.137947 1.332466 0.354449 -0.042750 -0.531718
    15 1.719429 0.000002 -0.000001 0.000000 0.004074 -0.363009
    16 1.099665 0.000000 0.000000 0.000000 0.002596 -0.244331
    17 0.806053 -0.348925 1.321258 -1.166385 -0.626631 -0.921968
    18 1.789780 -0.000002 0.000002 0.000000 0.000000 0.189118
    19 1.207006 0.000000 0.000000 0.000000 0.000000 0.306017
    20 2.033356 1.000772 -1.937610 -1.668474 1.286518 2.942953
    21 6.028144 0.000000 0.000000 1.459690 0.470906 -1.212874
    22 11.692554 0.000001 0.000003 0.000000 0.000000 -1.424471
    23 11.481697 0.000001 0.000002 -1.796466 0.008434 0.043643
    24 3.859678 -0.132570 1.193109 0.456540 -0.189262 -0.850634
    25 1.312557 -0.000002 0.000001 0.000000 0.000000 -0.517222
    26 0.729365 0.000002 -0.000002 0.000000 0.000000 -0.174086
    27 3.942305 0.050327 0.431044 0.157532 -0.053196 -0.914530
    28 1.539099 -0.000002 0.000000 0.000000 0.000000 -0.247824
    29 1.196321 0.000008 0.000000 0.000000 0.000000 -0.751741
    30 3.883661 -0.050323 -0.431042 -0.079403 -0.041030 -0.763903
    31 1.719578 0.000004 0.000000 0.000000 -0.007973 -0.582418
    32 1.209185 0.000002 0.000000 0.000001 -0.004461 -0.471628
    33 3.859838 -0.148937 -1.331282 -0.350878 -0.029425 -0.716187
    34 1.719423 0.000002 0.000000 0.000001 -0.006611 -0.578953
    35 1.099667 0.000002 0.000000 0.000000 -0.004211 -0.597741
    36 0.806021 -0.359837 -1.318334 1.096783 0.367532 -1.416967
    37 1.789782 0.000000 -0.000004 0.000000 0.000000 0.265284
    38 1.206999 0.000003 0.000002 0.000000 0.000000 0.310702
    39 3.483999 -2.623365 0.559219 0.000000 0.000000 0.000000
    40 0.732945 -1.020114 -3.703744 0.215978 0.000000 0.000000
  time 6
    0 -0.999512 -0.744141 -9.226563 -1.570781 -1.391896 -1.570809
    1 2.033349 1.000767 1.937660 1.596637 -1.286515 2.942961
    2 6.028141 0.000000 0.000000 -1.372244 -0.554656 -0.942260
    3 11.692554 0.000001 0.000002 0.000000 0.000000 -1.528322
    4 11.481674 0.000001 -0.000032 1.567327 -0.039827 -0.004772
    5 3.859709 -0.142404 -1.191975 -0.476786 0.134335 -0.965120
    6 1.312555 -0.000002 0.000001 0.000000 0.000000 -0.279231
    7 0.729363 -0.000002 -0.000002 0.000000 0.000000 -0.096893
    8 3.942335 0.046767 -0.431443 -0.145117 0.087360 -0.742146
    9 1.539097 0.000000 0.000000 0.000000 0.000000 -0.308866
    10 1.196326 -0.000002 -0.000001 0.000000 0.000000 -0.520567
    11 3.883696 -0.046765 0.431443 0.085902 0.021830 -0.587867
    12 1.719570 -0.000004 -0.000001 0.000000 0.005516 -0.366478
    13 1.209171 -0.000002 0.000000 0.000000 0.003084 -0.216400
    14 3.859865 -0.137947 1.332466 0.354449 -0.042750 -0.531718
    15 1.719429 0.000002 -0.000001 0.000000 0.004074 -0.363009
    16 1.099665 0.000000 0.000000 0.000000 0.002596 -0.244331
    17 0.806053 -0.348925 1.321258 -1.166385 -0.626631 -0.921968
    18 1.789780 -0.000002 0.000002 0.000000 0.000000 0.189118
    19 1.207006 0.000000 0.000000 0.000000 0.000000 0.306017
    20 2.033356 1.000772 -1.937610 -1.668474 1.286518 2.942953
    21 6.028144 0.000000 0.000000 1.455458 0.525035 -1.221236
    22 11.692554 0.000001 0.000003 0.000000 0.000000 -1.492624
    23 11.481697 0.000001 0.000002 -1.784894 0.008434 0.043643
    24 3.859678 -0.132570 1.193109 0.456552 -0.189262 -0.850634
    25 1.312557 -0.000002 0.000001 0.000000 0.000000 -0.517222
    26 0.729365 0.000002 -0.000002 0.000000 0.000000 -0.174086
    27 3.942305 0.050327 0.431044 0.157532 -0.053196 -0.914544
    28 1.539099 -0.000002 0.000000 0.000000 0.000000 -0.247824
    29 1.196321 0.000008 0.000000 0.000000 0.000000 -0.751741
    30 3.883661 -0.050323 -0.431042 -0.079403 -0.041030 -0.763903
    31 1.719578 0.000004 0.000000 0.000000 -0.007973 -0.582418
    32 1.209185 0.000002 0.000000 0.000001 -0.004461 -0.471628
    33 3.859838 -0.148937 -1.331282 -0.350878 -0.029425 -0.716187
    34 1.719423 0.000002 0.000000 0.000001 -0.006611 -0.578953
    35 1.099667 0.000002 0.000000 0.000000 -0.004211 -0.597741
    36 0.806021 -0.359837 -1.318334 1.096783 0.367532 -1.416967
    37 1.789782 0.000000 -0.000004 0.000000 0.000000 0.265284
    38 1.206999 0.000003 0.000002 0.000000 0.000000 0.310702
    39 3.483999 -2.623365 0.559219 0.000000 0.000000 0.000000
    40 0.732945 -1.020114 -3.703744 0.215978 0.000000 0.000000
  time 7
    0 -0.999512 -0.744141 -9.226563 -1.570781 -1.391896 -1.570809
    1 2.033349 1.000767 1.937660 1.596637 -1.286515 2.942961
    2 6.028141 0.000000 0.000000 -1.392557 -0.615840 -0.919177
    3 11.692554 0.000001 0.000002 0.000000 0.000000 -1.573512
    4 11.481674 0.000001 -0.000032 1.568365 -0.042538 -0.016949
    5 3.859709 -0.142404 -1.191975 -0.476786 0.134335 -0.965120
    6 1.312555 -0.000002 0.000001 0.000000 0.000000 -0.279231
    7 0.729363 -0.000002 -0.000002 0.000000 0.000000 -0.096893
    8 3.942335 0.046767 -0.431443 -0.145117 0.087360 -0.742146
    9 1.539097 0.000000 0.000000 0.000000 0.000000 -0.308866
    10 1.196326 -0.000002 -0.000001 0.000000 0.000000 -0.520567
    11 3.883696 -0.046765 0.431443 0.085902 0.021830 -0.587867
    12 1.719570 -0.000004 -0.000001 0.000000 0.005516 -0.366478
    13 1.209171 -0.000002 0.000000 0.000000 0.003084 -0.216400
    14 3.859865 -0.137947 1.332466 0.354449 -0.042750 -0.531718
    15 1.719429 0.000002 -0.000001 0.000000 0.004074 -0.363009
    16 1.099665 0.000000 0.000000 0.000000 0.002596 -0.244331
    17 0.806053 -0.348925 1.321258 -1.166385 -0.626631 -0.921968
    18 1.789780 -0.000002 0.000002 0.000000 0.000000 0.189118
    19 1.207006 0.000000 0.000000 0.000000 0.000000 0.306017
    20 2.033356 1.000772 -1.937610 -1.668474 1.286518 2.942953
    21 6.028144 0.000000 0.000000 1.447181 0.600942 -1.235908
    22 11.692554 0.000001 0.000003 0.000000 0.000000 -1.542854
    23 11.481697 0.000001 0.000002 -1.775027 0.008434 0.043643
    24 3.859678 -0.132570 1.193109 0.456552 -0.189262 -0.850634
    25 1.312557 -0.000002 0.000001 0.000000 0.000000 -0.517222
    26 0.729365 0.000002 -0.000002 0.000000 0.000000 -0.174086
    27 3.942305 0.050327 0.431044 0.157532 -0.053196 -0.914544
    28 1.539099 -0.000002 0.000000 0.000000 0.000000 -0.247824
    29 1.196321 0.000008 0.000000 0.000000 0.000000 -0.751741
    30 3.883661 -0.050323 -0.431042 -0.079403 -0.041030 -0.763903
    31 1.719578 0.000004 0.000000 0.000000 -0.007973 -0.582418
    32 1.209185 0.000002 0.000000 0.000001 -0.004461 -0.471628
    33 3.859838 -0.148937 -1.331282 -0.350878 -0.029425 -0.716187
    34 1.719423 0.000002 0.000000 0.000001 -0.006611 -0.578953
    35 1.099667 0.000002 0.000000 0.000000 -0.004211 -0.597741
    36 0.806021 -0.359837 -1.318334 1.096783 0.367532 -1.416967
    37 1.789782 0.000000 -0.000004 0.000000 0.000000 0.265284
    38 1.206999 0.000003 0.000002 0.000000 0.000000 0.310702
    39 3.483999 -2.623365 0.559219 0.000000 0.000000 0.000000
    40 0.732945 -1.020114 -3.703744 0.215978 0.000000 0.000000
  time 8
    0 -0.999512 -0.744141 -9.226563 -1.570781 -1.391896 -1.570809
    1 2.033349 1.000767 1.937660 1.596637 -1.286515 2.942961
    2 6.028141 0.000000 0.000000 -1.418468 -0.688604 -0.887666
    3 11.692554 0.000001 0.000002 0.000000 0.000000 -1.602485
    4 11.481674 0.000001 -0.000032 1.570947 -0.044964 -0.028454
    5 3.859709 -0.142404 -1.191975 -0.472615 0.132681 -0.979022
    6 1.312555 -0.000002 0.000001 0.000000 0.000000 -0.352091
    7 0.729363 -0.000002 -0.000002 0.000000 0.000000 -0.169758
    8 3.942335 0.046767 -0.431443 -0.144529 0.086868 -0.740619
    9 1.539097 0.000000 0.000000 0.000000 0.000000 -0.361085
    10 1.196326 -0.000002 -0.000001 0.000000 0.000000 -0.567345
    11 3.883696 -0.046765 0.431443 0.086250 0.020799 -0.575806
    12 1.719570 -0.000004 -0.000001 0.000000 0.005516 -0.409981
    13 1.209171 -0.000002 0.000000 0.000000 0.003084 -0.293617
    14 3.859865 -0.137947 1.332466 0.328143 -0.071681 -0.524132
    15 1.719429 0.000002 -0.000001 0.008833 0.004074 -0.410323
    16 1.099665 0.000000 0.000000 0.000000 0.002596 -0.270200
    17 0.806053 -0.348925 1.321258 -1.181582 -0.609104 -0.901833
    18 1.789780 -0.000002 0.000002 0.000000 0.000000 0.191287
    19 1.207006 0.000000 0.000000 0.000000 0.000000 0.323335
    20 2.033356 1.000772 -1.937610 -1.668474 1.286518 2.942953
    21 6.028144 0.000000 0.000000 1.431944 0.694580 -1.260532
    22 11.692554 0.000001 0.000003 0.000000 0.000000 -1.567467
    23 11.481697 0.000001 0.000002 -1.768114 0.008434 0.043643
    24 3.859678 -0.132570 1.193109 0.456552 -0.189262 -0.850634
    25 1.312557 -0.000002 0.000001 0.000000 0.000000 -0.517222
    26 0.729365 0.000002 -0.000002 0.000000 0.000000 -0.174086
    27 3.942305 0.050327 0.431044 0.157532 -0.053196 -0.914544
    28 1.539099 -0.000002 0.000000 0.000000 0.000000 -0.247824
    29 1.196321 0.000008 0.000000 0.000000 0.000000 -0.751741
    30 3.883661 -0.050323 -0.431042 -0.079403 -0.041030 -0.763903
    31 1.719578 0.000004 0.000000 0.000000 -0.007973 -0.582418
    32 1.209185 0.000002 0.000000 0.000001 -0.004461 -0.471628
    33 3.859838 -0.148937 -1.331282 -0.350878 -0.029425 -0.716187
    34 1.719423 0.000002 0.000000 0.000001 -0.006611 -0.578953
    35 1.099667 0.000002 0.000000 0.000000 -0.004211 -0.597741
    36 0.806021 -0.359837 -1.318334 1.096783 0.367532 -1.416967
    37 1.789782 0.000000 -0.000004 0.000000 0.000000 0.265284
    38 1.206999 0.000003 0.000002 0.000000 0.000000 0.310702
    39 3.483999 -2.623365 0.559219 0.000000 0.000000 0.000000
    40 0.732945 -1.020114 -3.703744 0.215978 0.000000 0.000000
  time 9
    0 -0.999512 -0.744141 -9.226563 -1.570781 -1.391896 -1.570809
    1 2.033349 1.000767 1.937660 1.596637 -1.286515 2.942961
    2 6.028141 0.000000 0.000000 -1.452217 -0.768207 -0.844196
    3 11.692554 0.000001 0.000002 0.000000 0.000000 -1.614198
    4 11.481674 0.000001 -0.000032 1.575379 -0.046941 -0.038587
    5 3.859709 -0.142404 -1.191975 -0.454674 0.133940 -1.016965
    6 1.312555 -0.000002 0.000001 0.000000 0.000000 -0.540003
    7 0.729363 -0.000002 -0.000002 0.000000 0.000000 -0.357661
    8 3.942335 0.046767 -0.431443 -0.143870 0.084244 -0.747864
    9 1.539097 0.000000 0.000000 0.000000 0.000000 -0.495719
    10 1.196326 -0.000002 -0.000001 0.000000 0.000000 -0.687953
    11 3.883696 -0.046765 0.431443 0.086753 0.019217 -0.557608
    12 1.719570 -0.000004 -0.000001 0.000000 0.005516 -0.522177
    13 1.209171 -0.000002 0.000000 0.000000 0.003084 -0.492766
    14 3.859865 -0.137947 1.332466 0.267081 -0.140364 -0.506898
    15 1.719429 0.000002 -0.000001 0.023562 0.004074 -0.518444
    16 1.099665 0.000000 0.000000 0.000000 0.002596 -0.330029
    17 0.806053 -0.348925 1.321258 -1.216721 -0.562714 -0.852409
    18 1.789780 -0.000002 0.000002 0.000000 0.000000 0.196896
    19 1.207006 0.000000 0.000000 0.000000 0.000000 0.367965
    20 2.033356 1.000772 -1.937610 -1.668474 1.286518 2.942953
    21 6.028144 0.000000 0.000000 1.405373 0.795378 -1.300599
    22 11.692554 0.000001 0.000003 0.000000 0.000000 -1.563835
    23 11.481697 0.000001 0.000002 -1.765587 0.008434 0.043643
    24 3.859678 -0.132570 1.193109 0.456552 -0.189262 -0.850634
    25 1.312557 -0.000002 0.000001 0.000000 0.000000 -0.517222
    26 0.729365 0.000002 -0.000002 0.000000 0.000000 -0.174086
    27 3.942305 0.050327 0.431044 0.157532 -0.053196 -0.914544
    28 1.539099 -0.000002 0.000000 0.000000 0.000000 -0.247824
    29 1.196321 0.000008 0.000000 0.000000 0.000000 -0.751741
    30 3.883661 -0.050323 -0.431042 -0.079403 -0.041030 -0.763903
    31 1.719578 0.000004 0.000000 0.000000 -0.007973 -0.582418
    32 1.209185 0.000002 0.000000 0.000001 -0.004461 -0.471628
    33 3.859838 -0.148937 -1.331282 -0.350878 -0.029425 -0.716187
    34 1.719423 0.000002 0.000000 0.000001 -0.006611 -0.578953
    35 1.099667 0.000002 0.000000 0.000000 -0.004211 -0.597741
    36 0.806021 -0.359837 -1.318334 1.096783 0.367532 -1.416967
    37 1.789782 0.000000 -0.000004 0.000000 0.000000 0.265284
    38 1.206999 0.000003 0.000002 0.000000 0.000000 0.310702
    39 3.483999 -2.623365 0.559219 0.000000 0.000000 0.000000
    40 0.732945 -1.020114 -3.703744 0.215978 0.000000 0.000000
  time 10
    0 -0.999512 -0.744141 -9.226563 -1.570781 -1.391896 -1.570809
    1 2.033349 1.000767 1.937660 1.596637 -1.286515 2.942961
    2 6.028141 0.000000 0.000000 -1.496392 -0.848453 -0.785558
    3 11.692554 0.000001 0.000002 0.000000 0.000000 -1.609693
    4 11.481674 0.000001 -0.000032 1.582034 -0.048284 -0.046676
    5 3.859709 -0.142404 -1.191975 -0.407599 0.140459 -1.068511
    6 1.312555 -0.000002 0.000001 0.000000 0.000000 -0.796969
    7 0.729363 -0.000002 -0.000002 0.000000 0.000000 -0.614649
    8 3.942335 0.046767 -0.431443 -0.144589 0.077520 -0.781520
    9 1.539097 0.000000 0.000000 0.000000 0.000000 -0.679816
    10 1.196326 -0.000002 -0.000001 0.000000 0.000000 -0.852859
    11 3.883696 -0.046765 0.431443 0.086681 0.019457 -0.560390
    12 1.719570 -0.000004 -0.000001 0.000000 0.005516 -0.675599
    13 1.209171 -0.000002 0.000000 0.000000 0.003084 -0.765090
    14 3.859865 -0.137947 1.332466 0.197834 -0.221572 -0.488501
    15 1.719429 0.000002 -0.000001 0.026498 0.004074 -0.636513
    16 1.099665 0.000000 0.000000 0.000000 0.002596 -0.397021
    17 0.806053 -0.348925 1.321258 -1.255886 -0.496823 -0.790077
    18 1.789780 -0.000002 0.000002 0.000000 0.000000 0.204566
    19 1.207006 0.000000 0.000000 0.000000 0.000000 0.429015
    20 2.033356 1.000772 -1.937610 -1.668474 1.286518 2.942953
    21 6.028144 0.000000 0.000000 1.362718 0.887609 -1.362468
    22 11.692554 0.000001 0.000003 0.000000 0.000000 -1.536019
    23 11.481697 0.000001 0.000002 -1.769058 0.008434 0.043643
    24 3.859678 -0.132570 1.193109 0.456552 -0.189262 -0.850634
    25 1.312557 -0.000002 0.000001 0.000000 0.000000 -0.517222
    26 0.729365 0.000002 -0.000002 0.000000 0.000000 -0.174086
    27 3.942305 0.050327 0.431044 0.157532 -0.053196 -0.914557
    28 1.539099 -0.000002 0.000000 0.000000 0.000000 -0.247824
    29 1.196321 0.000008 0.000000 0.000000 0.000000 -0.751741
    30 3.883661 -0.050323 -0.431042 -0.079403 -0.041030 -0.763903
    31 1.719578 0.000004 0.000000 0.000000 -0.007973 -0.582418
    32 1.209185 0.000002 0.000000 0.000001 -0.004461 -0.471628
    33 3.859838 -0.148937 -1.331282 -0.350878 -0.029425 -0.716187
    34 1.719423 0.000002 0.000000 0.000001 -0.006611 -0.578953
    35 1.099667 0.000002 0.000000 0.000000 -0.004211 -0.597741
    36 0.806021 -0.359837 -1.318334 1.096783 0.367532 -1.416967
    37 1.789782 0.000000 -0.000004 0.000000 0.000000 0.265284
    38 1.206999 0.000003 0.000002 0.000000 0.000000 0.310702
    39 3.483999 -2.623365 0.559219 0.000000 0.000000 0.000000
    40 0.732945 -1.020114 -3.703744 0.215978 0.000000 0.000000
  time 11
    0 -0.999512 -0.744141 -9.226563 -1.570781 -1.391896 -1.570809
    1 2.033349 1.000767 1.937660 1.596637 -1.286515 2.942961
    2 6.028141 0.000000 0.000000 -1.552624 -0.922368 -0.710513
    3 11.692554 0.000001 0.000002 0.000000 0.000000 -1.592101
    4 11.481674 0.000001 -0.000032 1.655502 -0.048807 -0.052021
    5 3.859709 -0.142404 -1.191975 -0.326235 0.135701 -1.116341
    6 1.312555 -0.000002 0.000001 0.000000 0.000000 -1.076951
    7 0.729363 -0.000002 -0.000002 0.000000 0.000000 -0.894631
    8 3.942335 0.046767 -0.431443 -0.147561 0.063822 -0.859048
    9 1.539097 0.000000 0.000000 0.000000 0.000000 -0.880420
    10 1.196326 -0.000002 -0.000001 0.000000 0.000000 -1.032560
    11 3.883696 -0.046765 0.431443 0.085195 0.023819 -0.611198
    12 1.719570 -0.000004 -0.000001 0.000000 0.005516 -0.842732
    13 1.209171 -0.000002 0.000000 0.000000 0.003084 -1.061749
    14 3.859865 -0.137947 1.332466 0.145294 -0.288158 -0.477236
    15 1.719429 0.000002 -0.000001 0.000000 0.004074 -0.713716
    16 1.099665 0.000000 0.000000 0.000000 0.002596 -0.444430
    17 0.806053 -0.348925 1.321258 -1.287885 -0.422436 -0.728033
    18 1.789780 -0.000002 0.000002 0.000000 0.000000 0.212931
    19 1.207006 0.000000 0.000000 0.000000 0.000000 0.495541
    20 2.033356 1.000772 -1.937610 -1.668474 1.286518 2.942953
    21 6.028144 0.000000 0.000000 1.303274 0.954651 -1.447474
    22 11.692554 0.000001 0.000003 0.000000 0.000000 -1.493149
    23 11.481697 0.000001 0.000002 -1.780630 0.008434 0.043643
    24 3.859678 -0.132570 1.193109 0.456552 -0.189262 -0.850634
    25 1.312557 -0.000002 0.000001 0.000000 0.000000 -0.517222
    26 0.729365 0.000002 -0.000002 0.000000 0.000000 -0.174086
    27 3.942305 0.050327 0.431044 0.157532 -0.053196 -0.914557
    28 1.539099 -0.000002 0.000000 0.000000 0.000000 -0.247824
    29 1.196321 0.000008 0.000000 0.000000 0.000000 -0.751741
    30 3.883661 -0.050323 -0.431042 -0.079403 -0.041030 -0.763903
    31 1.719578 0.000004 0.000000 0.000000 -0.007973 -0.582418
    32 1.209185 0.000002 0.000000 0.000001 -0.004461 -0.471628
    33 3.859838 -0.148937 -1.331282 -0.350878 -0.029425 -0.716187
    34 1.719423 0.000002 0.000000 0.000001 -0.006611 -0.578953
    35 1.099667 0.000002 0.000000 0.000000 -0.004211 -0.597741
    36 0.806021 -0.359837 -1.318334 1.096783 0.367532 -1.416967
    37 1.789782 0.000000 -0.000004 0.000000 0.000000 0.265284
    38 1.206999 0.000003 0.000002 0.000000 0.000000 0.310702
    39 3.483999 -2.623365 0.559219 0.000000 0.000000 0.000000
    40 0.732945 -1.020114 -3.703744 0.215978 0.000000 0.000000
  time 12
    0 -0.999512 -0.744141 -9.226563 -1.570781 -1.391896 -1.570809
    1 2.033349 1.000767 1.937660 1.596637 -1.286515 2.942961
    2 6.028141 0.000000 0.000000 -1.619114 -0.983619 -0.622546
    3 11.692554 0.000001 0.000002 0.000000 0.000000 -1.565831
    4 11.481674 0.000001 -0.000032 1.721917 -0.048334 -0.053951
    5 3.859709 -0.142404 -1.191975 -0.236435 0.105153 -1.151672
    6 1.312555 -0.000002 0.000001 0.000000 0.000000 -1.333952
    7 0.729363 -0.000002 -0.000002 0.000000 0.000000 -1.151584
    8 3.942335 0.046767 -0.431443 -0.154369 0.028108 -1.066298
    9 1.539097 0.000000 0.000000 0.000000 0.000000 -1.064517
    10 1.196326 -0.000002 -0.000001 0.000000 0.000000 -1.197494
    11 3.883696 -0.046765 0.431443 0.078016 0.038872 -0.794707
    12 1.719570 -0.000004 -0.000001 0.000000 0.005516 -0.996154
    13 1.209171 -0.000002 0.000000 0.000000 0.003084 -1.334073
    14 3.859865 -0.137947 1.332466 0.132482 -0.313110 -0.480747
    15 1.719429 0.000002 -0.000001 -0.235617 0.004074 -0.562115
    16 1.099665 0.000000 0.000000 0.000000 0.002596 -0.387745
    17 0.806053 -0.348925 1.321258 -1.308259 -0.352327 -0.675469
    18 1.789780 -0.000002 0.000002 0.000000 0.000000 0.220601
    19 1.207006 0.000000 0.000000 0.000000 0.000000 0.556591
    20 2.033356 1.000772 -1.937610 -1.668474 1.286518 2.942953
    21 6.028144 0.000000 0.000000 1.238752 0.984272 -1.541355
    22 11.692554 0.000001 0.000003 0.000000 0.000000 -1.445309
    23 11.481697 0.000001 0.000002 -1.802952 0.008434 0.043643
    24 3.859678 -0.132570 1.193109 0.456552 -0.189262 -0.850634
    25 1.312557 -0.000002 0.000001 0.000000 0.000000 -0.517222
    26 0.729365 0.000002 -0.000002 0.000000 0.000000 -0.174086
    27 3.942305 0.050327 0.431044 0.157532 -0.053196 -0.914557
    28 1.539099 -0.000002 0.000000 0.000000 0.000000 -0.247824
    29 1.196321 0.000008 0.000000 0.000000 0.000000 -0.751741
    30 3.883661 -0.050323 -0.431042 -0.079403 -0.041030 -0.763903
    31 1.719578 0.000004 0.000000 0.000000 -0.007973 -0.582418
    32 1.209185 0.000002 0.000000 0.000001 -0.004461 -0.471628
    33 3.859838 -0.148937 -1.331282 -0.350878 -0.029425 -0.716187
    34 1.719423 0.000002 0.000000 0.000001 -0.006611 -0.578953
    35 1.099667 0.000002 0.000000 0.000000 -0.004211 -0.597741
    36 0.806021 -0.359837 -1.318334 1.096783 0.367532 -1.416967
    37 1.789782 0.000000 -0.000004 0.000000 0.000000 0.265284
    38 1.206999 0.000003 0.000002 0.000000 0.000000 0.310702
    39 3.483999 -2.623365 0.559219 0.000000 0.000000 0.000000
    40 0.732945 -1.020114 -3.703744 0.215978 0.000000 0.000000
  time 13
    0 -0.999512 -0.744141 -9.226563 -1.570781 -1.391896 -1.570809
    1 2.033349 1.000767 1.937660 1.596637 -1.286515 2.942961
    2 6.028141 0.000000 0.000000 -1.688217 -1.027840 -0.532290
    3 11.692554 0.000001 0.000002 0.000000 0.000000 -1.535814
    4 11.481674 0.000001 -0.000032 1.561311 0.033264 -0.004586
    5 3.859709 -0.142404 -1.191975 -0.173048 0.067042 -1.176276
    6 1.312555 -0.000002 0.000001 0.000000 0.000000 -1.521864
    7 0.729363 -0.000002 -0.000002 0.000000 0.000000 -1.339522
    8 3.942335 0.046767 -0.431443 -0.154045 -0.019710 -1.340658
    9 1.539097 0.000000 0.000000 0.000000 0.000000 -1.199152
    10 1.196326 -0.000002 -0.000001 0.000000 0.000000 -1.318102
    11 3.883696 -0.046765 0.431443 0.063862 0.056945 -1.047993
    12 1.719570 -0.000004 -0.000001 0.000000 0.005516 -1.108350
    13 1.209171 -0.000002 0.000000 0.000000 0.003084 -1.533221
    14 3.859865 -0.137947 1.332466 0.294227 -0.159827 -0.555016
    15 1.719429 0.000002 -0.000001 -0.117809 0.004074 -0.891490
    16 1.099665 0.000000 0.000000 0.000000 0.002596 -1.284405
    17 0.806053 -0.348925 1.321258 -1.318134 -0.300208 -0.639215
    18 1.789780 -0.000002 0.000002 0.000000 0.000000 0.226210
    19 1.207006 0.000000 0.000000 0.000000 0.000000 0.601234
    20 2.033356 1.000772 -1.937610 -1.668474 1.286518 2.942953
    21 6.028144 0.000000 0.000000 1.179449 0.992072 -1.630003
    22 11.692554 0.000001 0.000003 0.000000 0.000000 -1.394935
    23 11.481697 0.000001 0.000002 -1.839830 0.008434 0.043643
    24 3.859678 -0.132570 1.193109 0.456552 -0.189250 -0.850647
    25 1.312557 -0.000002 0.000001 0.000000 0.000000 -0.517222
    26 0.729365 0.000002 -0.000002 0.000000 0.000000 -0.174086
    27 3.942305 0.050327 0.431044 0.157532 -0.053196 -0.914557
    28 1.539099 -0.000002 0.000000 0.000000 0.000000 -0.247824
    29 1.196321 0.000008 0.000000 0.000000 0.000000 -0.751741
    30 3.883661 -0.050323 -0.431042 -0.079403 -0.041030 -0.763903
    31 1.719578 0.000004 0.000000 0.000000 -0.007973 -0.582418
    32 1.209185 0.000002 0.000000 0.000001 -0.004461 -0.471628
    33 3.859838 -0.148937 -1.331282 -0.350878 -0.029425 -0.716187
    34 1.719423 0.000002 0.000000 0.000001 -0.006611 -0.578953
    35 1.099667 0.000002 0.000000 0.000000 -0.004211 -0.597741
    36 0.806021 -0.359837 -1.318334 1.096783 0.367532 -1.416967
    37 1.789782 0.000000 -0.000004 0.000000 0.000000 0.265284
    38 1.206999 0.000003 0.000002 0.000000 0.000000 0.310702
    39 3.483999 -2.623365 0.559219 0.000000 0.000000 0.000000
    40 0.732945 -1.020114 -3.703744 0.215978 0.000000 0.000000
  time 14
    0 -0.999512 -0.744141 -9.226563 -1.570781 -1.391896 -1.570809
    1 2.033349 1.000767 1.937660 1.596637 -1.286515 2.942961
    2 6.028141 0.000000 0.000000 -1.746666 -1.053302 -0.456581
    3 11.692554 0.000001 0.000002 0.000000 0.000000 -1.506841
    4 11.481674 0.000001 -0.000032 1.434737 0.178029 0.044865
    5 3.859709 -0.142404 -1.191975 -0.150661 0.051689 -1.186547
    6 1.312555 -0.000002 0.000001 0.000000 0.000000 -1.594724
    7 0.729363 -0.000002 -0.000002 0.000000 0.000000 -1.412387
    8 3.942335 0.046767 -0.431443 -0.149515 -0.042961 -1.477766
    9 1.539097 0.000000 0.000000 0.000000 0.000000 -1.251339
    10 1.196326 -0.000002 -0.000001 0.000000 0.000000 -1.364852
    11 3.883696 -0.046765 0.431443 0.055102 0.064555 -1.175956
    12 1.719570 -0.000004 -0.000001 0.000000 0.005516 -1.151853
    13 1.209171 -0.000002 0.000000 0.000000 0.003084 -1.610439
    14 3.859865 -0.137947 1.332466 0.452423 -0.008678 -0.623784
    15 1.719429 0.000002 -0.000001 0.000000 0.004074 -1.148408
    16 1.099665 0.000000 0.000000 0.000000 0.002596 -1.932937
    17 0.806053 -0.348925 1.321258 -1.320891 -0.279841 -0.625577
    18 1.789780 -0.000002 0.000002 0.000000 0.000000 0.228379
    19 1.207006 0.000000 0.000000 0.000000 0.000000 0.618551
    20 2.033356 1.000772 -1.937610 -1.668474 1.286518 2.942953
    21 6.028144 0.000000 0.000000 1.122921 0.998763 -1.714906
    22 11.692554 0.000001 0.000003 0.000000 0.000000 -1.339735
    23 11.481697 0.000001 0.000002 -1.895588 0.024360 -0.032792
    24 3.859678 -0.132570 1.193109 0.456552 -0.189250 -0.850647
    25 1.312557 -0.000002 0.000001 0.000000 0.000000 -0.517222
    26 0.729365 0.000002 -0.000002 0.000000 0.000000 -0.174086
    27 3.942305 0.050327 0.431044 0.157532 -0.053196 -0.914571
    28 1.539099 -0.000002 0.000000 0.000000 0.000000 -0.247824
    29 1.196321 0.000008 0.000000 0.000000 0.000000 -0.751741
    30 3.883661 -0.050323 -0.431042 -0.079403 -0.041030 -0.763903
    31 1.719578 0.000004 0.000000 0.000000 -0.007973 -0.582418
    32 1.209185 0.000002 0.000000 0.000001 -0.004461 -0.471628
    33 3.859838 -0.148937 -1.331282 -0.350878 -0.029425 -0.716187
    34 1.719423 0.000002 0.000000 0.000001 -0.006611 -0.578953
    35 1.099667 0.000002 0.000000 0.000000 -0.004211 -0.597741
    36 0.806021 -0.359837 -1.318334 1.096783 0.367532 -1.416967
    37 1.789782 0.000000 -0.000004 0.000000 0.000000 0.265284
    38 1.206999 0.000003 0.000002 0.000000 0.000000 0.310702
    39 3.483999 -2.623365 0.559219 0.000000 0.000000 0.000000
    40 0.732945 -1.020114 -3.703744 0.215978 0.000000 0.000000
  time 15
    0 -0.999512 -0.744141 -9.226563 -1.570781 -1.391896 -1.570809
    1 2.033349 1.000767 1.937660 1.596637 -1.286515 2.942961
    2 6.028141 0.000000 0.000000 -1.805738 -1.061699 -0.379611
    3 11.692554 0.000001 0.000002 0.000000 0.000000 -1.471230
    4 11.481674 0.000001 -0.000032 1.473375 0.176412 0.044865
    5 3.859709 -0.142404 -1.191975 -0.150661 0.051689 -1.186547
    6 1.312555 -0.000002 0.000001 0.000000 0.000000 -1.594759
    7 0.729363 -0.000002 -0.000002 0.000000 0.000000 -1.412387
    8 3.942335 0.046767 -0.431443 -0.149515 -0.042961 -1.477746
    9 1.539097 0.000000 0.000000 0.000000 0.000000 -1.251339
    10 1.196326 -0.000002 -0.000001 0.000000 0.000000 -1.364852
    11 3.883696 -0.046765 0.431443 0.055102 0.064555 -1.175938
    12 1.719570 -0.000004 -0.000001 0.000000 0.005516 -1.151853
    13 1.209171 -0.000002 0.000000 0.000000 0.003084 -1.610439
    14 3.859865 -0.137947 1.332466 0.452423 -0.008678 -0.623784
    15 1.719429 0.000002 -0.000001 0.000000 0.004074 -1.148384
    16 1.099665 0.000000 0.000000 0.000000 0.002596 -1.932885
    17 0.806053 -0.348925 1.321258 -1.320891 -0.279841 -0.625577
    18 1.789780 -0.000002 0.000002 0.000000 0.000000 0.228379
    19 1.207006 0.000000 0.000000 0.000000 0.000000 0.618551
    20 2.033356 1.000772 -1.937610 -1.668474 1.286518 2.942953
    21 6.028144 0.000000 0.000000 1.072836 1.006776 -1.789652
    22 11.692554 0.000001 0.000003 0.000000 0.000000 -1.281045
    23 11.481697 0.000001 0.000002 -1.967211 0.019038 -0.122878
    24 3.859678 -0.132570 1.193109 0.456552 -0.189250 -0.850647
    25 1.312557 -0.000002 0.000001 0.000000 0.000000 -0.517222
    26 0.729365 0.000002 -0.000002 0.000000 0.000000 -0.174086
    27 3.942305 0.050327 0.431044 0.157544 -0.053196 -0.914571
    28 1.539099 -0.000002 0.000000 0.000000 0.000000 -0.247837
    29 1.196321 0.000008 0.000000 0.000000 0.000000 -0.751741
    30 3.883661 -0.050323 -0.431042 -0.079403 -0.041030 -0.763903
    31 1.719578 0.000004 0.000000 0.000000 -0.007973 -0.582418
    32 1.209185 0.000002 0.000000 0.000001 -0.004461 -0.471628
    33 3.859838 -0.148937 -1.331282 -0.350878 -0.029425 -0.716187
    34 1.719423 0.000002 0.000000 0.000001 -0.006611 -0.578953
    35 1.099667 0.000002 0.000000 0.000000 -0.004211 -0.597741
    36 0.806021 -0.359837 -1.318334 1.096783 0.367532 -1.416967
    37 1.789782 0.000000 -0.000004 0.000000 0.000000 0.265284
    38 1.206999 0.000003 0.000002 0.000000 0.000000 0.310702
    39 3.483999 -2.623365 0.559219 0.000000 0.000000 0.000000
    40 0.732945 -1.020114 -3.703744 0.215978 0.000000 0.000000
  time 16
    0 -0.999512 -0.744141 -9.226563 -1.570781 -1.391896 -1.570809
    1 2.033349 1.000767 1.937660 1.596637 -1.286515 2.942961
    2 6.028141 0.000000 0.000000 -1.858686 -1.056349 -0.309528
    3 11.692554 0.000001 0.000002 0.000000 0.000000 -1.428410
    4 11.481674 0.000001 -0.000032 1.500659 0.145942 0.044793
    5 3.859709 -0.142404 -1.191975 -0.150661 0.051689 -1.186547
    6 1.312555 -0.000002 0.000001 0.000000 0.000000 -1.594759
    7 0.729363 -0.000002 -0.000002 0.000000 0.000000 -1.412387
    8 3.942335 0.046767 -0.431443 -0.149515 -0.042961 -1.477746
    9 1.539097 0.000000 0.000000 0.000000 0.000000 -1.251339
    10 1.196326 -0.000002 -0.000001 0.000000 0.000000 -1.364852
    11 3.883696 -0.046765 0.431443 0.055102 0.064555 -1.175938
    12 1.719570 -0.000004 -0.000001 0.000000 0.005516 -1.151853
    13 1.209171 -0.000002 0.000000 0.000000 0.003084 -1.610439
    14 3.859865 -0.137947 1.332466 0.452423 -0.008678 -0.623784
    15 1.719429 0.000002 -0.000001 0.000000 0.004074 -1.148408
    16 1.099665 0.000000 0.000000 0.000000 0.002596 -1.932885
    17 0.806053 -0.348925 1.321258 -1.320891 -0.279841 -0.625577
    18 1.789780 -0.000002 0.000002 0.000000 0.000000 0.228379
    19 1.207006 0.000000 0.000000 0.000000 0.000000 0.618551
    20 2.033356 1.000772 -1.937610 -1.668474 1.286518 2.942953
    21 6.028144 0.000000 0.000000 1.034790 1.019648 -1.843929
    22 11.692554 0.000001 0.000003 0.000000 0.000000 -1.222165
    23 11.481697 0.000001 0.000002 -2.053300 0.062392 -0.163402
    24 3.859678 -0.132570 1.193109 0.456552 -0.189250 -0.850647
    25 1.312557 -0.000002 0.000001 0.000000 0.000000 -0.517222
    26 0.729365 0.000002 -0.000002 0.000000 0.000000 -0.174086
    27 3.942305 0.050327 0.431044 0.157544 -0.053196 -0.914571
    28 1.539099 -0.000002 0.000000 0.000000 0.000000 -0.247824
    29 1.196321 0.000008 0.000000 0.000000 0.000000 -0.751741
    30 3.883661 -0.050323 -0.431042 -0.079403 -0.041030 -0.763903
    31 1.719578 0.000004 0.000000 0.000000 -0.007973 -0.582418
    32 1.209185 0.000002 0.000000 0.000001 -0.004461 -0.471628
    33 3.859838 -0.148937 -1.331282 -0.350878 -0.029425 -0.716187
    34 1.719423 0.000002 0.000000 0.000001 -0.006611 -0.578953
    35 1.099667 0.000002 0.000000 0.000000 -0.004211 -0.597741
    36 0.806021 -0.359837 -1.318334 1.096783 0.367532 -1.416967
    37 1.789782 0.000000 -0.000004 0.000000 0.000000 0.265284
    38 1.206999 0.000003 0.000002 0.000000 0.000000 0.310702
    39 3.483999 -2.623365 0.559219 0.000000 0.000000 0.000000
    40 0.732945 -1.020114 -3.703744 0.215978 0.000000 0.000000
  time 17
    0 -0.999512 -0.744141 -9.226563 -1.570781 -1.391896 -1.570809
    1 2.033349 1.000767 1.937660 1.596637 -1.286515 2.942961
    2 6.028141 0.000000 0.000000 -1.874937 -1.042873 -0.286830
    3 11.692554 0.000001 0.000002 0.000000 0.000000 -1.394126
    4 11.481674 0.000001 -0.000032 1.520384 0.217180 0.044965
    5 3.859709 -0.142404 -1.191975 -0.150661 0.051689 -1.186547
    6 1.312555 -0.000002 0.000001 0.000000 0.000000 -1.594759
    7 0.729363 -0.000002 -0.000002 0.000000 0.000000 -1.412387
    8 3.942335 0.046767 -0.431443 -0.149515 -0.042961 -1.477746
    9 1.539097 0.000000 0.000000 0.000000 0.000000 -1.251339
    10 1.196326 -0.000002 -0.000001 0.000000 0.000000 -1.364852
    11 3.883696 -0.046765 0.431443 0.055102 0.064555 -1.175938
    12 1.719570 -0.000004 -0.000001 0.000000 0.005516 -1.151853
    13 1.209171 -0.000002 0.000000 0.000000 0.003084 -1.610439
    14 3.859865 -0.137947 1.332466 0.452423 -0.008678 -0.623784
    15 1.719429 0.000002 -0.000001 0.000000 0.004074 -1.148384
    16 1.099665 0.000000 0.000000 0.000000 0.002596 -1.932937
    17 0.806053 -0.348925 1.321258 -1.320891 -0.279841 -0.625577
    18 1.789780 -0.000002 0.000002 0.000000 0.000000 0.228379
    19 1.207006 0.000000 0.000000 0.000000 0.000000 0.618551
    20 2.033356 1.000772 -1.937610 -1.668474 1.286518 2.942953
    21 6.028144 0.000000 0.000000 1.020682 1.042705 -1.857113
    22 11.692554 0.000001 0.000003 0.000000 0.000000 -1.170405
    23 11.481697 0.000001 0.000002 -2.102389 -0.025977 -0.084554
    24 3.859678 -0.132570 1.193109 0.456552 -0.189250 -0.850647
    25 1.312557 -0.000002 0.000001 0.000000 0.000000 -0.517222
    26 0.729365 0.000002 -0.000002 0.000000 0.000000 -0.174086
    27 3.942305 0.050327 0.431044 0.157544 -0.053196 -0.914585
    28 1.539099 -0.000002 0.000000 0.000000 0.000000 -0.247824
    29 1.196321 0.000008 0.000000 0.000000 0.000000 -0.751741
    30 3.883661 -0.050323 -0.431042 -0.079403 -0.041030 -0.763903
    31 1.719578 0.000004 0.000000 0.000000 -0.007973 -0.582418
    32 1.209185 0.000002 0.000000 0.000001 -0.004461 -0.471628
    33 3.859838 -0.148937 -1.331282 -0.350878 -0.029425 -0.716187
    34 1.719423 0.000002 0.000000 0.000001 -0.006611 -0.578953
    35 1.099667 0.000002 0.000000 0.000000 -0.004211 -0.597741
    36 0.806021 -0.359837 -1.318334 1.096783 0.367532 -1.416967
    37 1.789782 0.000000 -0.000004 0.000000 0.000000 0.265284
    38 1.206999 0.000003 0.000002 0.000000 0.000000 0.310702
    39 3.483999 -2.623365 0.559219 0.000000 0.000000 0.000000
    40 0.732945 -1.020114 -3.703744 0.215978 0.000000 0.000000
  time 18
    0 -0.999512 -0.744141 -9.226563 -1.570781 -1.391896 -1.570809
    1 2.033349 1.000767 1.937660 1.596637 -1.286515 2.942961
    2 6.028141 0.000000 0.000000 -1.840817 -1.011858 -0.329744
    3 11.692554 0.000001 0.000002 0.000000 0.000000 -1.390949
    4 11.481674 0.000001 -0.000032 1.535424 0.300905 0.045179
    5 3.859709 -0.142404 -1.191975 -0.150661 0.051689 -1.186547
    6 1.312555 -0.000002 0.000001 0.000000 0.000000 -1.594724
    7 0.729363 -0.000002 -0.000002 0.000000 0.000000 -1.412423
    8 3.942335 0.046767 -0.431443 -0.149515 -0.042961 -1.477746
    9 1.539097 0.000000 0.000000 0.000000 0.000000 -1.251339
    10 1.196326 -0.000002 -0.000001 0.000000 0.000000 -1.364880
    11 3.883696 -0.046765 0.431443 0.055102 0.064555 -1.175956
    12 1.719570 -0.000004 -0.000001 0.000000 0.005516 -1.151853
    13 1.209171 -0.000002 0.000000 0.000000 0.003084 -1.610481
    14 3.859865 -0.137947 1.332466 0.452423 -0.008678 -0.623784
    15 1.719429 0.000002 -0.000001 0.000000 0.004074 -1.148384
    16 1.099665 0.000000 0.000000 0.000000 0.002596 -1.932937
    17 0.806053 -0.348925 1.321258 -1.320891 -0.279841 -0.625577
    18 1.789780 -0.000002 0.000002 0.000000 0.000000 0.228379
    19 1.207006 0.000000 0.000000 0.000000 0.000000 0.618551
    20 2.033356 1.000772 -1.937610 -1.668474 1.286518 2.942953
    21 6.028144 0.000000 0.000000 1.064465 1.083621 -1.776929
    22 11.692554 0.000001 0.000003 0.000000 0.000000 -1.138527
    23 11.481697 0.000001 0.000002 -2.140241 -0.131351 -0.052672
    24 3.859678 -0.132570 1.193109 0.456552 -0.189250 -0.850647
    25 1.312557 -0.000002 0.000001 0.000000 0.000000 -0.517222
    26 0.729365 0.000002 -0.000002 0.000000 0.000000 -0.174086
    27 3.942305 0.050327 0.431044 0.157544 -0.053184 -0.914585
    28 1.539099 -0.000002 0.000000 0.000000 0.000000 -0.247824
    29 1.196321 0.000008 0.000000 0.000000 0.000000 -0.751741
    30 3.883661 -0.050323 -0.431042 -0.079403 -0.041030 -0.763903
    31 1.719578 0.000004 0.000000 0.000000 -0.007973 -0.582418
    32 1.209185 0.000002 0.000000 0.000001 -0.004461 -0.471628
    33 3.859838 -0.148937 -1.331282 -0.350878 -0.029425 -0.716187
    34 1.719423 0.000002 0.000000 0.000001 -0.006611 -0.578953
    35 1.099667 0.000002 0.000000 0.000000 -0.004211 -0.597741
    36 0.806021 -0.359837 -1.318334 1.096783 0.367532 -1.416967
    37 1.789782 0.000000 -0.000004 0.000000 0.000000 0.265284
    38 1.206999 0.000003 0.000002 0.000000 0.000000 0.310702
    39 3.483999 -2.623365 0.559219 0.000000 0.000000 0.000000
    40 0.732945 -1.020114 -3.703744 0.215978 0.000000 0.000000
  time 19
    0 -0.999512 -0.744141 -9.226563 -1.570781 -1.391896 -1.570809
    1 2.033349 1.000767 1.937660 1.596637 -1.286515 2.942961
    2 6.028141 0.000000 0.000000 -1.774003 -0.955482 -0.416235
    3 11.692554 0.000001 0.000002 0.000000 0.000000 -1.417172
    4 11.481674 0.000001 -0.000032 1.546724 0.070425 0.044607
    5 3.859709 -0.142404 -1.191975 -0.150661 0.051689 -1.186547
    6 1.312555 -0.000002 0.000001 0.000000 0.000000 -1.594724
    7 0.729363 -0.000002 -0.000002 0.000000 0.000000 -1.412387
    8 3.942335 0.046767 -0.431443 -0.149515 -0.042961 -1.477746
    9 1.539097 0.000000 0.000000 0.000000 0.000000 -1.251339
    10 1.196326 -0.000002 -0.000001 0.000000 0.000000 -1.364852
    11 3.883696 -0.046765 0.431443 0.055102 0.064555 -1.175938
    12 1.719570 -0.000004 -0.000001 0.000000 0.005516 -1.151853
    13 1.209171 -0.000002 0.000000 0.000000 0.003084 -1.610439
    14 3.859865 -0.137947 1.332466 0.452423 -0.008678 -0.623784
    15 1.719429 0.000002 -0.000001 0.000000 0.004074 -1.148384
    16 1.099665 0.000000 0.000000 0.000000 0.002596 -1.932937
    17 0.806053 -0.348925 1.321258 -1.320891 -0.279841 -0.625577
    18 1.789780 -0.000002 0.000002 0.000000 0.000000 0.228379
    19 1.207006 0.000000 0.000000 0.000000 0.000000 0.618551
    20 2.033356 1.000772 -1.937610 -1.668474 1.286518 2.942953
    21 6.028144 0.000000 0.000000 1.282394 1.141372 -1.449218
    22 11.692554 0.000001 0.000003 0.000000 0.000000 -1.137715
    23 11.481697 0.000001 0.000002 -2.245119 -0.187429 0.153304
    24 3.859678 -0.132570 1.193109 0.456552 -0.189250 -0.850647
    25 1.312557 -0.000002 0.000001 0.000000 0.000000 -0.517222
    26 0.729365 0.000002 -0.000002 0.000000 0.000000 -0.174086
    27 3.942305 0.050327 0.431044 0.157544 -0.053184 -0.914585
    28 1.539099 -0.000002 0.000000 0.000000 0.000000 -0.247824
    29 1.196321 0.000008 0.000000 0.000000 0.000000 -0.751741
    30 3.883661 -0.050323 -0.431042 -0.079403 -0.041030 -0.763903
    31 1.719578 0.000004 0.000000 0.000000 -0.007973 -0.582418
    32 1.209185 0.000002 0.000000 0.000001 -0.004461 -0.471628
    33 3.859838 -0.148937 -1.331282 -0.350878 -0.029425 -0.716187
    34 1.719423 0.000002 0.000000 0.000001 -0.006611 -0.578953
    35 1.099667 0.000002 0.000000 0.000000 -0.004211 -0.597741
    36 0.806021 -0.359837 -1.318334 1.096783 0.367532 -1.416967
    37 1.789782 0.000000 -0.000004 0.000000 0.000000 0.265284
    38 1.206999 0.000003 0.000002 0.000000 0.000000 0.310702
    39 3.483999 -2.623365 0.559219 0.000000 0.000000 0.000000
    40 1.881418 -1.438096 -6.703836 1.040617 0.157076 0.157070
  time 20
    0 -0.999512 -0.744141 -9.226563 -1.570781 -1.391896 -1.570809
    1 2.033349 1.000767 1.937660 1.596637 -1.286515 2.942961
    2 6.028141 0.000000 0.000000 -1.723428 -0.905608 -0.482852
    3 11.692554 0.000001 0.000002 0.000000 0.000000 -1.426039
    4 11.481674 0.000001 -0.000032 1.554430 -0.250967 0.043850
    5 3.859709 -0.142404 -1.191975 -0.150661 0.051689 -1.186547
    6 1.312555 -0.000002 0.000001 0.000000 0.000000 -1.594759
    7 0.729363 -0.000002 -0.000002 0.000000 0.000000 -1.412387
    8 3.942335 0.046767 -0.431443 -0.149515 -0.042961 -1.477746
    9 1.539097 0.000000 0.000000 0.000000 0.000000 -1.251339
    10 1.196326 -0.000002 -0.000001 0.000000 0.000000 -1.364852
    11 3.883696 -0.046765 0.431443 0.055102 0.064555 -1.175938
    12 1.719570 -0.000004 -0.000001 0.000000 0.005516 -1.151877
    13 1.209171 -0.000002 0.000000 0.000000 0.003084 -1.610439
    14 3.859865 -0.137947 1.332466 0.452423 -0.008678 -0.623784
    15 1.719429 0.000002 -0.000001 0.000000 0.004074 -1.148408
    16 1.099665 0.000000 0.000000 0.000000 0.002596 -1.932885
    17 0.806053 -0.348925 1.321258 -1.320891 -0.279841 -0.625577
    18 1.789780 -0.000002 0.000002 0.000000 0.000000 0.228379
    19 1.207006 0.000000 0.000000 0.000000 0.000000 0.618551
    20 2.033356 1.000772 -1.937610 -1.668474 1.286518 2.942953
    21 6.028144 0.000000 0.000000 1.613190 1.154073 -0.987713
    22 11.692554 0.000001 0.000003 0.000000 0.000000 -1.114344
    23 11.481697 0.000001 0.000002 -2.345032 -0.089157 -0.016088
    24 3.859678 -0.132570 1.193109 0.456552 -0.189250 -0.850647
    25 1.312557 -0.000002 0.000001 0.000000 0.000000 -0.517222
    26 0.729365 0.000002 -0.000002 0.000000 0.000000 -0.174086
    27 3.942305 0.050327 0.431044 0.157544 -0.053184 -0.914585
    28 1.539099 -0.000002 0.000000 0.000000 0.000000 -0.247824
    29 1.196321 0.000008 0.000000 0.000000 0.000000 -0.751741
    30 3.883661 -0.050323 -0.431042 -0.079403 -0.041030 -0.763903
    31 1.719578 0.000004 0.000000 0.000000 -0.007973 -0.582418
    32 1.209185 0.000002 0.000000 0.000001 -0.004461 -0.471628
    33 3.859838 -0.148937 -1.331282 -0.350878 -0.029425 -0.716187
    34 1.719423 0.000002 0.000000 0.000001 -0.006611 -0.578953
    35 1.099667 0.000002 0.000000 0.000000 -0.004211 -0.597741
    36 0.806021 -0.359837 -1.318334 1.096783 0.367532 -1.416967
    37 1.789782 0.000000 -0.000004 0.000000 0.000000 0.265284
    38 1.206999 0.000003 0.000002 0.000000 0.000000 0.310702
    39 3.483999 -2.623365 0.559219 0.000000 0.000000 0.000000
    40 2.568939 -1.820920 -10.668800 1.109354 0.222516 0.193072
  time 21
    0 -0.999512 -0.744141 -9.226563 -1.570781 -1.391896 -1.570809
    1 2.033349 1.000767 1.937660 1.596637 -1.286515 2.942961
    2 6.028141 0.000000 0.000000 -1.717124 -0.891387 -0.491131
    3 11.692554 0.000001 0.000002 0.000000 0.000000 -1.403420
    4 11.481674 0.000001 -0.000032 1.600161 -0.186196 0.044007
    5 3.859709 -0.142404 -1.191975 -0.150661 0.051689 -1.186547
    6 1.312555 -0.000002 0.000001 0.000000 0.000000 -1.594759
    7 0.729363 -0.000002 -0.000002 0.000000 0.000000 -1.412387
    8 3.942335 0.046767 -0.431443 -0.149515 -0.042961 -1.477746
    9 1.539097 0.000000 0.000000 0.000000 0.000000 -1.251339
    10 1.196326 -0.000002 -0.000001 0.000000 0.000000 -1.364852
    11 3.883696 -0.046765 0.431443 0.055102 0.064555 -1.175938
    12 1.719570 -0.000004 -0.000001 0.000000 0.005516 -1.151853
    13 1.209171 -0.000002 0.000000 0.000000 0.003084 -1.610439
    14 3.859865 -0.137947 1.332466 0.452423 -0.008678 -0.623784
    15 1.719429 0.000002 -0.000001 0.000000 0.004074 -1.148384
    16 1.099665 0.000000 0.000000 0.000000 0.002596 -1.932885
    17 0.806053 -0.348925 1.321258 -1.320891 -0.279841 -0.625577
    18 1.789780 -0.000002 0.000002 0.000000 0.000000 0.228379
    19 1.207006 0.000000 0.000000 0.000000 0.000000 0.618551
    20 2.033356 1.000772 -1.937610 -1.668474 1.286518 2.942953
    21 6.028144 0.000000 0.000000 1.806006 1.143716 -0.718536
    22 11.692554 0.000001 0.000003 0.000000 0.000000 -1.053887
    23 11.481697 0.000001 0.000002 -1.824147 0.231546 -0.015019
    24 3.859678 -0.132570 1.193109 0.456552 -0.189250 -0.850647
    25 1.312557 -0.000002 0.000001 0.000000 0.000000 -0.517222
    26 0.729365 0.000002 -0.000002 0.000000 0.000000 -0.174086
    27 3.942305 0.050327 0.431044 0.157544 -0.053184 -0.914599
    28 1.539099 -0.000002 0.000000 0.000000 0.000000 -0.247837
    29 1.196321 0.000008 0.000000 0.000000 0.000000 -0.751741
    30 3.883661 -0.050323 -0.431042 -0.079403 -0.041030 -0.763903
    31 1.719578 0.000004 0.000000 0.000000 -0.007973 -0.582418
    32 1.209185 0.000002 0.000000 0.000001 -0.004461 -0.471628
    33 3.859838 -0.148937 -1.331282 -0.350878 -0.029425 -0.716187
    34 1.719423 0.000002 0.000000 0.000001 -0.006611 -0.578953
    35 1.099667 0.000002 0.000000 0.000000 -0.004211 -0.597741
    36 0.806021 -0.359837 -1.318334 1.096783 0.367532 -1.416967
    37 1.789782 0.000000 -0.000004 0.000000 0.000000 0.265284
    38 1.206999 0.000003 0.000002 0.000000 0.000000 0.310702
    39 3.483999 -2.623365 0.559219 0.000000 0.000000 0.000000
    40 -1.552281 -8.254710 -9.235163 1.001345 0.431969 0.196344
  time 22
    0 -0.999512 -0.744141 -9.226563 -1.570781 -1.391896 -1.570809
    1 2.033349 1.000767 1.937660 1.596637 -1.286515 2.942961
    2 6.028141 0.000000 0.000000 -1.739356 -0.897177 -0.461352
    3 11.692554 0.000001 0.000002 0.000000 0.000000 -1.379711
    4 11.481674 0.000001 -0.000032 1.726761 -0.127233 0.044150
    5 3.859709 -0.142404 -1.191975 -0.150661 0.051689 -1.186547
    6 1.312555 -0.000002 0.000001 0.000000 0.000000 -1.594759
    7 0.729363 -0.000002 -0.000002 0.000000 0.000000 -1.412387
    8 3.942335 0.046767 -0.431443 -0.149515 -0.042961 -1.477746
    9 1.539097 0.000000 0.000000 0.000000 0.000000 -1.251339
    10 1.196326 -0.000002 -0.000001 0.000000 0.000000 -1.364852
    11 3.883696 -0.046765 0.431443 0.055102 0.064555 -1.175938
    12 1.719570 -0.000004 -0.000001 0.000000 0.005516 -1.151853
    13 1.209171 -0.000002 0.000000 0.000000 0.003084 -1.610439
    14 3.859865 -0.137947 1.332466 0.452423 -0.008678 -0.623784
    15 1.719429 0.000002 -0.000001 0.000000 0.004074 -1.148384
    16 1.099665 0.000000 0.000000 0.000000 0.002596 -1.932885
    17 0.806053 -0.348925 1.321258 -1.320891 -0.279829 -0.625577
    18 1.789780 -0.000002 0.000002 0.000000 0.000000 0.228379
    19 1.207006 0.000000 0.000000 0.000000 0.000000 0.618551
    20 2.033356 1.000772 -1.937610 -1.668474 1.286518 2.942953
    21 6.028144 0.000000 0.000000 1.913184 1.144143 -0.568685
    22 11.692554 0.000001 0.000003 0.000000 0.000000 -0.980334
    23 11.481697 0.000001 0.000002 -1.364927 0.455258 -0.016913
    24 3.859678 -0.132570 1.193109 0.456552 -0.189250 -0.850647
    25 1.312557 -0.000002 0.000001 0.000000 0.000000 -0.517222
    26 0.729365 0.000002 -0.000002 0.000000 0.000000 -0.174086
    27 3.942305 0.050327 0.431044 0.157544 -0.053184 -0.914599
    28 1.539099 -0.000002 0.000000 0.000000 0.000000 -0.247824
    29 1.196321 0.000008 0.000000 0.000000 0.000000 -0.751741
    30 3.883661 -0.050323 -0.431042 -0.079403 -0.041030 -0.763903
    31 1.719578 0.000004 0.000000 0.000000 -0.007973 -0.582418
    32 1.209185 0.000002 0.000000 0.000001 -0.004461 -0.471628
    33 3.859838 -0.148937 -1.331282 -0.350878 -0.029425 -0.716187
    34 1.719423 0.000002 0.000000 0.000001 -0.006611 -0.578953
    35 1.099667 0.000002 0.000000 0.000000 -0.004211 -0.597741
    36 0.806021 -0.359837 -1.318334 1.096783 0.367532 -1.416967
    37 1.789782 0.000000 -0.000004 0.000000 0.000000 0.265284
    38 1.206999 0.000003 0.000002 0.000000 0.000000 0.310702
    39 3.483999 -2.623365 0.559219 0.000000 0.000000 0.000000
    40 -5.150047 -11.965761 -4.586584 1.295907 0.353424 -0.215974
  time 23
    0 -0.999512 -0.744141 -9.226563 -1.570781 -1.391896 -1.570809
    1 2.033349 1.000767 1.937660 1.596637 -1.286515 2.942961
    2 6.028141 0.000000 0.000000 -1.734993 -0.888170 -0.467107
    3 11.692554 0.000001 0.000002 0.000000 0.000000 -1.366671
    4 11.481674 0.000001 -0.000032 1.867496 -0.074650 0.044264
    5 3.859709 -0.142404 -1.191975 -0.150661 0.051689 -1.186547
    6 1.312555 -0.000002 0.000001 0.000000 0.000000 -1.594724
    7 0.729363 -0.000002 -0.000002 0.000000 0.000000 -1.412387
    8 3.942335 0.046767 -0.431443 -0.149515 -0.042961 -1.477766
    9 1.539097 0.000000 0.000000 0.000000 0.000000 -1.251339
    10 1.196326 -0.000002 -0.000001 0.000000 0.000000 -1.364852
    11 3.883696 -0.046765 0.431443 0.055102 0.064555 -1.175956
    12 1.719570 -0.000004 -0.000001 0.000000 0.005516 -1.151853
    13 1.209171 -0.000002 0.000000 0.000000 0.003084 -1.610439
    14 3.859865 -0.137947 1.332466 0.452423 -0.008678 -0.623784
    15 1.719429 0.000002 -0.000001 0.000000 0.004074 -1.148408
    16 1.099665 0.000000 0.000000 0.000000 0.002596 -1.932885
    17 0.806053 -0.348925 1.321258 -1.320891 -0.279841 -0.625577
    18 1.789780 -0.000002 0.000002 0.000000 0.000000 0.228379
    19 1.207006 0.000000 0.000000 0.000000 0.000000 0.618551
    20 2.033356 1.000772 -1.937610 -1.668474 1.286518 2.942953
    21 6.028144 0.000000 0.000000 1.979588 1.159614 -0.480037
    22 11.692554 0.000001 0.000003 0.000000 0.000000 -0.903483
    23 11.481697 0.000001 0.000002 -1.271134 0.448296 -0.014134
    24 3.859678 -0.132570 1.193109 0.456552 -0.189250 -0.850647
    25 1.312557 -0.000002 0.000001 0.000000 0.000000 -0.517222
    26 0.729365 0.000002 -0.000002 0.000000 0.000000 -0.174086
    27 3.942305 0.050327 0.431044 0.157544 -0.053184 -0.914599
    28 1.539099 -0.000002 0.000000 0.000000 0.000000 -0.247824
    29 1.196321 0.000008 0.000000 0.000000 0.000000 -0.751741
    30 3.883661 -0.050323 -0.431042 -0.079403 -0.041030 -0.763903
    31 1.719578 0.000004 0.000000 0.000000 -0.007973 -0.582418
    32 1.209185 0.000002 0.000000 0.000001 -0.004461 -0.471628
    33 3.859838 -0.148937 -1.331282 -0.350878 -0.029425 -0.716187
    34 1.719423 0.000002 0.000000 0.000001 -0.006611 -0.578953
    35 1.099667 0.000002 0.000000 0.000000 -0.004211 -0.597741
    36 0.806021 -0.359837 -1.318334 1.096783 0.367532 -1.416967
    37 1.789782 0.000000 -0.000004 0.000000 0.000000 0.265284
    38 1.206999 0.000003 0.000002 0.000000 0.000000 0.310702
    39 3.483999 -2.623365 0.559219 0.000000 0.000000 0.000000
    40 -6.017261 -12.532184 -3.676400 1.295867 0.353424 -0.215974
  time 24
    0 -0.999512 -0.744141 -9.226563 -1.570781 -1.391896 -1.570809
    1 2.033349 1.000767 1.937660 1.596637 -1.286515 2.942961
    2 6.028141 0.000000 0.000000 -1.694198 -0.855767 -0.521637
    3 11.692554 0.000001 0.000002 0.000000 0.000000 -1.362593
    4 11.481674 0.000001 -0.000032 1.944598 -0.028945 0.044365
    5 3.859709 -0.142404 -1.191975 -0.150661 0.051689 -1.186547
    6 1.312555 -0.000002 0.000001 0.000000 0.000000 -1.594724
    7 0.729363 -0.000002 -0.000002 0.000000 0.000000 -1.412387
    8 3.942335 0.046767 -0.431443 -0.149515 -0.042961 -1.477746
    9 1.539097 0.000000 0.000000 0.000000 0.000000 -1.251339
    10 1.196326 -0.000002 -0.000001 0.000000 0.000000 -1.364852
    11 3.883696 -0.046765 0.431443 0.055102 0.064555 -1.175938
    12 1.719570 -0.000004 -0.000001 0.000000 0.005516 -1.151853
    13 1.209171 -0.000002 0.000000 0.000000 0.003084 -1.610439
    14 3.859865 -0.137947 1.332466 0.452423 -0.008678 -0.623784
    15 1.719429 0.000002 -0.000001 0.000000 0.004074 -1.148384
    16 1.099665 0.000000 0.000000 0.000000 0.002596 -1.932937
    17 0.806053 -0.348925 1.321258 -1.320891 -0.279841 -0.625577
    18 1.789780 -0.000002 0.000002 0.000000 0.000000 0.228379
    19 1.207006 0.000000 0.000000 0.000000 0.000000 0.618551
    20 2.033356 1.000772 -1.937610 -1.668474 1.286518 2.942953
    21 6.028144 0.000000 0.000000 2.028356 1.187573 -0.421810
    22 11.692554 0.000001 0.000003 0.000000 0.000000 -0.827206
    23 11.481697 0.000001 0.000002 -1.274118 0.386936 -0.009614
    24 3.859678 -0.132570 1.193109 0.456552 -0.189250 -0.850647
    25 1.312557 -0.000002 0.000001 0.000000 0.000000 -0.517222
    26 0.729365 0.000002 -0.000002 0.000000 0.000000 -0.174086
    27 3.942305 0.050327 0.431044 0.157544 -0.053184 -0.914599
    28 1.539099 -0.000002 0.000000 0.000000 0.000000 -0.247824
    29 1.196321 0.000008 0.000000 0.000000 0.000000 -0.751741
    30 3.883661 -0.050323 -0.431042 -0.079403 -0.041030 -0.763903
    31 1.719578 0.000004 0.000000 0.000000 -0.007973 -0.582418
    32 1.209185 0.000002 0.000000 0.000001 -0.004461 -0.471628
    33 3.859838 -0.148937 -1.331282 -0.350878 -0.029425 -0.716187
    34 1.719423 0.000002 0.000000 0.000001 -0.006611 -0.578953
    35 1.099667 0.000002 0.000000 0.000000 -0.004211 -0.597741
    36 0.806021 -0.359837 -1.318334 1.096783 0.367532 -1.416967
    37 1.789782 0.000000 -0.000004 0.000000 0.000000 0.265284
    38 1.206999 0.000003 0.000002 0.000000 0.000000 0.310702
    39 3.483999 -2.623365 0.559219 0.000000 0.000000 0.000000
    40 -6.329770 -12.918915 -2.867781 1.295907 0.353424 -0.215974
  time 25
    0 -0.999512 -0.744141 -9.226563 -1.570781 -1.391896 -1.570809
    1 2.033349 1.000767 1.937660 1.596637 -1.286515 2.942961
    2 6.028141 0.000000 0.000000 -1.653067 -0.820316 -0.576702
    3 11.692554 0.000001 0.000002 0.000000 0.000000 -1.359937
    4 11.481674 0.000001 -0.000032 1.990157 0.009311 0.044465
    5 3.859709 -0.142404 -1.191975 -0.150661 0.051689 -1.186547
    6 1.312555 -0.000002 0.000001 0.000000 0.000000 -1.594759
    7 0.729363 -0.000002 -0.000002 0.000000 0.000000 -1.412387
    8 3.942335 0.046767 -0.431443 -0.149515 -0.042961 -1.477746
    9 1.539097 0.000000 0.000000 0.000000 0.000000 -1.251339
    10 1.196326 -0.000002 -0.000001 0.000000 0.000000 -1.364852
    11 3.883696 -0.046765 0.431443 0.055102 0.064555 -1.175938
    12 1.719570 -0.000004 -0.000001 0.000000 0.005516 -1.151877
    13 1.209171 -0.000002 0.000000 0.000000 0.003084 -1.610439
    14 3.859865 -0.137947 1.332466 0.452423 -0.008678 -0.623784
    15 1.719429 0.000002 -0.000001 0.000000 0.004074 -1.148384
    16 1.099665 0.000000 0.000000 0.000000 0.002596 -1.932885
    17 0.806053 -0.348925 1.321258 -1.320891 -0.279841 -0.625577
    18 1.789780 -0.000002 0.000002 0.000000 0.000000 0.228379
    19 1.207006 0.000000 0.000000 0.000000 0.000000 0.618551
    20 2.033356 1.000772 -1.937610 -1.668474 1.286518 2.942953
    21 6.028144 0.000000 0.000000 2.069788 1.224099 -0.379795
    22 11.692554 0.000001 0.000003 0.000000 0.000000 -0.753892
    23 11.481697 0.000001 0.000002 -1.336332 0.301389 -0.004667
    24 3.859678 -0.132570 1.193109 0.456552 -0.189250 -0.850647
    25 1.312557 -0.000002 0.000001 0.000000 0.000000 -0.517222
    26 0.729365 0.000002 -0.000002 0.000000 0.000000 -0.174086
    27 3.942305 0.050327 0.431044 0.157544 -0.053184 -0.914613
    28 1.539099 -0.000002 0.000000 0.000000 0.000000 -0.247824
    29 1.196321 0.000008 0.000000 0.000000 0.000000 -0.751741
    30 3.883661 -0.050323 -0.431042 -0.079403 -0.041030 -0.763903
    31 1.719578 0.000004 0.000000 0.000000 -0.007973 -0.582418
    32 1.209185 0.000002 0.000000 0.000001 -0.004461 -0.471628
    33 3.859838 -0.148937 -1.331282 -0.350878 -0.029425 -0.716187
    34 1.719423 0.000002 0.000000 0.000001 -0.006611 -0.578953
    35 1.099667 0.000002 0.000000 0.000000 -0.004211 -0.597741
    36 0.806021 -0.359837 -1.318334 1.096783 0.367532 -1.416967
    37 1.789782 0.000000 -0.000004 0.000000 0.000000 0.265284
    38 1.206999 0.000003 0.000002 0.000000 0.000000 0.310702
    39 3.483999 -2.623365 0.559219 0.000000 0.000000 0.000000
    40 -6.306332 -12.864226 -2.762309 1.295907 0.353424 -0.215974
  time 26
    0 -0.999512 -0.744141 -9.226563 -1.570781 -1.391896 -1.570809
    1 2.033349 1.000767 1.937660 1.596637 -1.286515 2.942961
    2 6.028141 0.000000 0.000000 -1.612271 -0.782055 -0.631210
    3 11.692554 0.000001 0.000002 0.000000 0.000000 -1.357851
    4 11.481674 0.000001 -0.000032 2.009296 0.039632 0.044536
    5 3.859709 -0.142404 -1.191975 -0.150661 0.051689 -1.186547
    6 1.312555 -0.000002 0.000001 0.000000 0.000000 -1.594759
    7 0.729363 -0.000002 -0.000002 0.000000 0.000000 -1.412387
    8 3.942335 0.046767 -0.431443 -0.149515 -0.042961 -1.477746
    9 1.539097 0.000000 0.000000 0.000000 0.000000 -1.251370
    10 1.196326 -0.000002 -0.000001 0.000000 0.000000 -1.364852
    11 3.883696 -0.046765 0.431443 0.055102 0.064555 -1.175938
    12 1.719570 -0.000004 -0.000001 0.000000 0.005516 -1.151877
    13 1.209171 -0.000002 0.000000 0.000000 0.003084 -1.610439
    14 3.859865 -0.137947 1.332466 0.452423 -0.008678 -0.623784
    15 1.719429 0.000002 -0.000001 0.000000 0.004074 -1.148408
    16 1.099665 0.000000 0.000000 0.000000 0.002596 -1.932885
    17 0.806053 -0.348925 1.321258 -1.320891 -0.279841 -0.625577
    18 1.789780 -0.000002 0.000002 0.000000 0.000000 0.228379
    19 1.207006 0.000000 0.000000 0.000000 0.000000 0.618551
    20 2.033356 1.000772 -1.937610 -1.668474 1.286518 2.942953
    21 6.028144 0.000000 0.000000 2.107034 1.265228 -0.348706
    22 11.692554 0.000001 0.000003 0.000000 0.000000 -0.686504
    23 11.481697 0.000001 0.000002 -1.436093 0.226625 0.000158
    24 3.859678 -0.132570 1.193109 0.456552 -0.189250 -0.850659
    25 1.312557 -0.000002 0.000001 0.000000 0.000000 -0.517222
    26 0.729365 0.000002 -0.000002 0.000000 0.000000 -0.174086
    27 3.942305 0.050327 0.431044 0.157544 -0.053184 -0.914613
    28 1.539099 -0.000002 0.000000 0.000000 0.000000 -0.247824
    29 1.196321 0.000008 0.000000 0.000000 0.000000 -0.751741
    30 3.883661 -0.050323 -0.431042 -0.079403 -0.041030 -0.763903
    31 1.719578 0.000004 0.000000 0.000000 -0.007973 -0.582418
    32 1.209185 0.000002 0.000000 0.000001 -0.004461 -0.471628
    33 3.859838 -0.148937 -1.331282 -0.350878 -0.029425 -0.716187
    34 1.719423 0.000002 0.000000 0.000001 -0.006611 -0.578953
    35 1.099667 0.000002 0.000000 0.000000 -0.004211 -0.597741
    36 0.806021 -0.359837 -1.318334 1.096783 0.367532 -1.416967
    37 1.789782 0.000000 -0.000004 0.000000 0.000000 0.265284
    38 1.206999 0.000003 0.000002 0.000000 0.000000 0.310702
    39 3.483999 -2.623365 0.559219 0.000000 0.000000 0.000000
    40 -6.232111 -12.539997 -3.078725 1.295907 0.353424 -0.215974
  time 27
    0 -0.999512 -0.744141 -9.226563 -1.570781 -1.391896 -1.570809
    1 2.033349 1.000767 1.937660 1.596637 -1.286515 2.942961
    2 6.028141 0.000000 0.000000 -1.572422 -0.741492 -0.684200
    3 11.692554 0.000001 0.000002 0.000000 0.000000 -1.355290
    4 11.481674 0.000001 -0.000032 2.006568 0.061620 0.044593
    5 3.859709 -0.142404 -1.191975 -0.150661 0.051689 -1.186547
    6 1.312555 -0.000002 0.000001 0.000000 0.000000 -1.594724
    7 0.729363 -0.000002 -0.000002 0.000000 0.000000 -1.412387
    8 3.942335 0.046767 -0.431443 -0.149515 -0.042961 -1.477746
    9 1.539097 0.000000 0.000000 0.000000 0.000000 -1.251339
    10 1.196326 -0.000002 -0.000001 0.000000 0.000000 -1.364852
    11 3.883696 -0.046765 0.431443 0.055102 0.064555 -1.175956
    12 1.719570 -0.000004 -0.000001 0.000000 0.005516 -1.151853
    13 1.209171 -0.000002 0.000000 0.000000 0.003084 -1.610439
    14 3.859865 -0.137947 1.332466 0.452423 -0.008678 -0.623784
    15 1.719429 0.000002 -0.000001 0.000000 0.004074 -1.148384
    16 1.099665 0.000000 0.000000 0.000000 0.002596 -1.932885
    17 0.806053 -0.348925 1.321258 -1.320891 -0.279841 -0.625577
    18 1.789780 -0.000002 0.000002 0.000000 0.000000 0.228379
    19 1.207006 0.000000 0.000000 0.000000 0.000000 0.618551
    20 2.033356 1.000772 -1.937610 -1.668474 1.286518 2.942953
    21 6.028144 0.000000 0.000000 2.137744 1.306613 -0.329776
    22 11.692554 0.000001 0.000003 0.000000 0.000000 -0.631160
    23 11.481697 0.000001 0.000002 -1.557050 0.212220 0.004830
    24 3.859678 -0.132570 1.193109 0.456552 -0.189250 -0.850659
    25 1.312557 -0.000002 0.000001 0.000000 0.000000 -0.517222
    26 0.729365 0.000002 -0.000002 0.000000 0.000000 -0.174086
    27 3.942305 0.050327 0.431044 0.157544 -0.053184 -0.914613
    28 1.539099 -0.000002 0.000000 0.000000 0.000000 -0.247824
    29 1.196321 0.000008 0.000000 0.000000 0.000000 -0.751741
    30 3.883661 -0.050323 -0.431042 -0.079403 -0.041030 -0.763903
    31 1.719578 0.000004 0.000000 0.000000 -0.007973 -0.582418
    32 1.209185 0.000002 0.000000 0.000001 -0.004461 -0.471628
    33 3.859838 -0.148937 -1.331282 -0.350878 -0.029425 -0.716187
    34 1.719423 0.000002 0.000000 0.000001 -0.006611 -0.578953
    35 1.099667 0.000002 0.000000 0.000000 -0.004211 -0.597741
    36 0.806021 -0.359837 -1.318334 1.096783 0.367532 -1.416967
    37 1.789782 0.000000 -0.000004 0.000000 0.000000 0.265284
    38 1.206999 0.000003 0.000002 0.000000 0.000000 0.310702
    39 3.483999 -2.623365 0.559219 0.000000 0.000000 0.000000
    40 -6.794628 -12.293896 -3.320920 1.295867 0.353424 -0.215974
  time 28
    0 -0.999512 -0.744141 -9.226563 -1.570781 -1.391896 -1.570809
    1 2.033349 1.000767 1.937660 1.596637 -1.286515 2.942961
    2 6.028141 0.000000 0.000000 -1.534048 -0.699405 -0.734794
    3 11.692554 0.000001 0.000002 0.000000 0.000000 -1.351117
    4 11.481674 0.000001 -0.000032 1.986151 0.075089 0.044622
    5 3.859709 -0.142404 -1.191975 -0.150661 0.051689 -1.186547
    6 1.312555 -0.000002 0.000001 0.000000 0.000000 -1.594724
    7 0.729363 -0.000002 -0.000002 0.000000 0.000000 -1.412423
    8 3.942335 0.046767 -0.431443 -0.149515 -0.042961 -1.477766
    9 1.539097 0.000000 0.000000 0.000000 0.000000 -1.251339
    10 1.196326 -0.000002 -0.000001 0.000000 0.000000 -1.364852
    11 3.883696 -0.046765 0.431443 0.055102 0.064555 -1.175956
    12 1.719570 -0.000004 -0.000001 0.000000 0.005516 -1.151853
    13 1.209171 -0.000002 0.000000 0.000000 0.003084 -1.610439
    14 3.859865 -0.137947 1.332466 0.452423 -0.008678 -0.623784
    15 1.719429 0.000002 -0.000001 0.000000 0.004074 -1.148384
    16 1.099665 0.000000 0.000000 0.000000 0.002596 -1.932885
    17 0.806053 -0.348925 1.321258 -1.320891 -0.279841 -0.625577
    18 1.789780 -0.000002 0.000002 0.000000 0.000000 0.228379
    19 1.207006 0.000000 0.000000 0.000000 0.000000 0.618551
    20 2.033356 1.000772 -1.937610 -1.668474 1.286518 2.942953
    21 6.028144 0.000000 0.000000 2.147055 1.342414 -0.336958
    22 11.692554 0.000001 0.000003 0.000000 0.000000 -0.599808
    23 11.481697 0.000001 0.000002 -1.678372 0.216901 0.009716
    24 3.859678 -0.132570 1.193109 0.456552 -0.189250 -0.850659
    25 1.312557 -0.000002 0.000001 0.000000 0.000000 -0.517222
    26 0.729365 0.000002 -0.000002 0.000000 0.000000 -0.174086
    27 3.942305 0.050327 0.431044 0.157544 -0.053184 -0.914627
    28 1.539099 -0.000002 0.000000 0.000000 0.000000 -0.247824
    29 1.196321 0.000008 0.000000 0.000000 0.000000 -0.751741
    30 3.883661 -0.050323 -0.431042 -0.079403 -0.041030 -0.763903
    31 1.719578 0.000004 0.000000 0.000000 -0.007973 -0.582418
    32 1.209185 0.000002 0.000000 0.000001 -0.004461 -0.471628
    33 3.859838 -0.148937 -1.331282 -0.350878 -0.029425 -0.716187
    34 1.719423 0.000002 0.000000 0.000001 -0.006611 -0.578953
    35 1.099667 0.000002 0.000000 0.000000 -0.004211 -0.597741
    36 0.806021 -0.359837 -1.318334 1.096783 0.367532 -1.416967
    37 1.789782 0.000000 -0.000004 0.000000 0.000000 0.265284
    38 1.206999 0.000003 0.000002 0.000000 0.000000 0.310702
    39 3.483999 -2.623365 0.559219 0.000000 0.000000 0.000000
    40 -7.509494 -11.903259 -3.375609 1.295867 0.353424 -0.215974
  time 29
    0 -0.999512 -0.744141 -9.226563 -1.570781 -1.391896 -1.570809
    1 2.033349 1.000767 1.937660 1.596637 -1.286515 2.942961
    2 6.028141 0.000000 0.000000 -1.497578 -0.656979 -0.782243
    3 11.692554 0.000001 0.000002 0.000000 0.000000 -1.344384
    4 11.481674 0.000001 -0.000032 1.951865 0.080139 0.044636
    5 3.859709 -0.142404 -1.191975 -0.150661 0.051689 -1.186547
    6 1.312555 -0.000002 0.000001 0.000000 0.000000 -1.594724
    7 0.729363 -0.000002 -0.000002 0.000000 0.000000 -1.412387
    8 3.942335 0.046767 -0.431443 -0.149515 -0.042961 -1.477746
    9 1.539097 0.000000 0.000000 0.000000 0.000000 -1.251339
    10 1.196326 -0.000002 -0.000001 0.000000 0.000000 -1.364852
    11 3.883696 -0.046765 0.431443 0.055102 0.064555 -1.175938
    12 1.719570 -0.000004 -0.000001 0.000000 0.005516 -1.151853
    13 1.209171 -0.000002 0.000000 0.000000 0.003084 -1.610439
    14 3.859865 -0.137947 1.332466 0.452423 -0.008678 -0.623784
    15 1.719429 0.000002 -0.000001 0.000000 0.004074 -1.148384
    16 1.099665 0.000000 0.000000 0.000000 0.002596 -1.932885
    17 0.806053 -0.348925 1.321258 -1.320891 -0.279841 -0.625577
    18 1.789780 -0.000002 0.000002 0.000000 0.000000 0.228379
    19 1.207006 0.000000 0.000000 0.000000 0.000000 0.618551
    20 2.033356 1.000772 -1.937610 -1.668474 1.286518 2.942953
    21 6.028144 0.000000 0.000000 2.123588 1.366154 -0.377794
    22 11.692554 0.000001 0.000003 0.000000 0.000000 -0.591205
    23 11.481697 0.000001 0.000002 -1.771342 0.204057 0.014724
    24 3.859678 -0.132570 1.193109 0.456552 -0.189250 -0.850659
    25 1.312557 -0.000002 0.000001 0.000000 0.000000 -0.517222
    26 0.729365 0.000002 -0.000002 0.000000 0.000000 -0.174086
    27 3.942305 0.050327 0.431044 0.157544 -0.053184 -0.914627
    28 1.539099 -0.000002 0.000000 0.000000 0.000000 -0.247837
    29 1.196321 0.000008 0.000000 0.000000 0.000000 -0.751741
    30 3.883661 -0.050323 -0.431042 -0.079403 -0.041030 -0.763903
    31 1.719578 0.000004 0.000000 0.000000 -0.007973 -0.582418
    32 1.209185 0.000002 0.000000 0.000001 -0.004461 -0.471628
    33 3.859838 -0.148937 -1.331282 -0.350878 -0.029425 -0.716187
    34 1.719423 0.000002 0.000000 0.000001 -0.006611 -0.578953
    35 1.099667 0.000002 0.000000 0.000000 -0.004211 -0.597741
    36 0.806021 -0.359837 -1.318334 1.096783 0.367532 -1.416967
    37 1.789782 0.000000 -0.000004 0.000000 0.000000 0.265284
    38 1.206999 0.000003 0.000002 0.000000 0.000000 0.310702
    39 3.483999 -2.623365 0.559219 0.000000 0.000000 0.000000
    40 -7.833722 -11.688408 -3.270137 1.295867 0.353424 -0.215974
  time 30
    0 -0.999512 -0.744141 -9.226563 -1.570781 -1.391896 -1.570809
    1 2.033349 1.000767 1.937660 1.596637 -1.286515 2.942961
    2 6.028141 0.000000 0.000000 -1.463422 -0.615468 -0.825926
    3 11.692554 0.000001 0.000002 0.000000 0.000000 -1.334426
    4 11.481674 0.000001 -0.000032 1.907292 0.077328 0.044622
    5 3.859709 -0.142404 -1.191975 -0.150661 0.051689 -1.186547
    6 1.312555 -0.000002 0.000001 0.000000 0.000000 -1.594724
    7 0.729363 -0.000002 -0.000002 0.000000 0.000000 -1.412423
    8 3.942335 0.046767 -0.431443 -0.149515 -0.042961 -1.477746
    9 1.539097 0.000000 0.000000 0.000000 0.000000 -1.251339
    10 1.196326 -0.000002 -0.000001 0.000000 0.000000 -1.364852
    11 3.883696 -0.046765 0.431443 0.055102 0.064555 -1.175938
    12 1.719570 -0.000004 -0.000001 0.000000 0.005516 -1.151853
    13 1.209171 -0.000002 0.000000 0.000000 0.003084 -1.610439
    14 3.859865 -0.137947 1.332466 0.452423 -0.008678 -0.623784
    15 1.719429 0.000002 -0.000001 0.000000 0.004074 -1.148384
    16 1.099665 0.000000 0.000000 0.000000 0.002596 -1.932937
    17 0.806053 -0.348925 1.321258 -1.320891 -0.279841 -0.625577
    18 1.789780 -0.000002 0.000002 0.000000 0.000000 0.228379
    19 1.207006 0.000000 0.000000 0.000000 0.000000 0.618551
    20 2.033356 1.000772 -1.937610 -1.668474 1.286518 2.942953
    21 6.028144 0.000000 0.000000 2.074914 1.378642 -0.442126
    22 11.692554 0.000001 0.000003 0.000000 0.000000 -0.593500
    23 11.481697 0.000001 0.000002 -1.808981 0.169406 0.019671
    24 3.859678 -0.132570 1.193109 0.456552 -0.189250 -0.850659
    25 1.312557 -0.000002 0.000001 0.000000 0.000000 -0.517222
    26 0.729365 0.000002 -0.000002 0.000000 0.000000 -0.174086
    27 3.942305 0.050327 0.431044 0.157544 -0.053184 -0.914627
    28 1.539099 -0.000002 0.000000 0.000000 0.000000 -0.247824
    29 1.196321 0.000008 0.000000 0.000000 0.000000 -0.751741
    30 3.883661 -0.050323 -0.431042 -0.079403 -0.041030 -0.763903
    31 1.719578 0.000004 0.000000 0.000000 -0.007973 -0.582418
    32 1.209185 0.000002 0.000000 0.000001 -0.004461 -0.471628
    33 3.859838 -0.148937 -1.331282 -0.350878 -0.029425 -0.716187
    34 1.719423 0.000002 0.000000 0.000001 -0.006611 -0.578953
    35 1.099667 0.000002 0.000000 0.000000 -0.004211 -0.597741
    36 0.806021 -0.359837 -1.318334 1.096783 0.367532 -1.416967
    37 1.789782 0.000000 -0.000004 0.000000 0.000000 0.265284
    38 1.206999 0.000003 0.000002 0.000000 0.000000 0.310702
    39 3.483999 -2.623365 0.559219 0.000000 0.000000 0.000000
    40 -7.689187 -11.922791 -2.543553 1.295867 0.353424 -0.215974
  time 31
    0 -0.999512 -0.744141 -9.226563 -1.570781 -1.391896 -1.570809
    1 2.033349 1.000767 1.937660 1.596637 -1.286515 2.942961
    2 6.028141 0.000000 0.000000 -1.431963 -0.576326 -0.865417
    3 11.692554 0.000001 0.000002 0.000000 0.000000 -1.321054
    4 11.481674 0.000001 -0.000032 1.855811 0.067689 0.044607
    5 3.859709 -0.142404 -1.191975 -0.150661 0.051689 -1.186547
    6 1.312555 -0.000002 0.000001 0.000000 0.000000 -1.594759
    7 0.729363 -0.000002 -0.000002 0.000000 0.000000 -1.412387
    8 3.942335 0.046767 -0.431443 -0.149515 -0.042961 -1.477746
    9 1.539097 0.000000 0.000000 0.000000 0.000000 -1.251339
    10 1.196326 -0.000002 -0.000001 0.000000 0.000000 -1.364852
    11 3.883696 -0.046765 0.431443 0.055102 0.064555 -1.175938
    12 1.719570 -0.000004 -0.000001 0.000000 0.005516 -1.151853
    13 1.209171 -0.000002 0.000000 0.000000 0.003084 -1.610439
    14 3.859865 -0.137947 1.332466 0.452423 -0.008678 -0.623784
    15 1.719429 0.000002 -0.000001 0.000000 0.004074 -1.148384
    16 1.099665 0.000000 0.000000 0.000000 0.002596 -1.932885
    17 0.806053 -0.348925 1.321258 -1.320891 -0.279841 -0.625577
    18 1.789780 -0.000002 0.000002 0.000000 0.000000 0.228379
    19 1.207006 0.000000 0.000000 0.000000 0.000000 0.618551
    20 2.033356 1.000772 -1.937610 -1.668474 1.286518 2.942953
    21 6.028144 0.000000 0.000000 2.010062 1.382307 -0.520873
    22 11.692554 0.000001 0.000003 0.000000 0.000000 -0.606834
    23 11.481697 0.000001 0.000002 -1.825517 0.117810 0.024344
    24 3.859678 -0.132570 1.193109 0.456552 -0.189250 -0.850659
    25 1.312557 -0.000002 0.000001 0.000000 0.000000 -0.517222
    26 0.729365 0.000002 -0.000002 0.000000 0.000000 -0.174086
    27 3.942305 0.050327 0.431044 0.157544 -0.053184 -0.914627
    28 1.539099 -0.000002 0.000000 0.000000 0.000000 -0.247824
    29 1.196321 0.000008 0.000000 0.000000 0.000000 -0.751741
    30 3.883661 -0.050323 -0.431042 -0.079403 -0.041030 -0.763903
    31 1.719578 0.000004 0.000000 0.000000 -0.007973 -0.582418
    32 1.209185 0.000002 0.000000 0.000001 -0.004461 -0.471628
    33 3.859838 -0.148937 -1.331282 -0.350878 -0.029425 -0.716187
    34 1.719423 0.000002 0.000000 0.000001 -0.006611 -0.578953
    35 1.099667 0.000002 0.000000 0.000000 -0.004211 -0.597741
    36 0.806021 -0.359837 -1.318334 1.096783 0.367532 -1.416967
    37 1.789782 0.000000 -0.000004 0.000000 0.000000 0.265284
    38 1.206999 0.000003 0.000002 0.000000 0.000000 0.310702
    39 3.483999 -2.623365 0.559219 0.000000 0.000000 0.000000
    40 -7.321988 -12.211862 -1.691964 1.295867 0.353424 -0.215974
  time 32
    0 -0.999512 -0.744141 -9.226563 -1.570781 -1.391896 -1.570809
    1 2.033349 1.000767 1.937660 1.596637 -1.286515 2.942961
    2 6.028141 0.000000 0.000000 -1.403571 -0.540808 -0.900330
    3 11.692554 0.000001 0.000002 0.000000 0.000000 -1.304552
    4 11.481674 0.000001 -0.000032 1.800709 0.052827 0.044565
    5 3.859709 -0.142404 -1.191975 -0.150661 0.051689 -1.186547
    6 1.312555 -0.000002 0.000001 0.000000 0.000000 -1.594759
    7 0.729363 -0.000002 -0.000002 0.000000 0.000000 -1.412387
    8 3.942335 0.046767 -0.431443 -0.149515 -0.042961 -1.477746
    9 1.539097 0.000000 0.000000 0.000000 0.000000 -1.251339
    10 1.196326 -0.000002 -0.000001 0.000000 0.000000 -1.364852
    11 3.883696 -0.046765 0.431443 0.055102 0.064555 -1.175938
    12 1.719570 -0.000004 -0.000001 0.000000 0.005516 -1.151853
    13 1.209171 -0.000002 0.000000 0.000000 0.003084 -1.610439
    14 3.859865 -0.137947 1.332466 0.452423 -0.008678 -0.623784
    15 1.719429 0.000002 -0.000001 0.000000 0.004074 -1.148408
    16 1.099665 0.000000 0.000000 0.000000 0.002596 -1.932885
    17 0.806053 -0.348925 1.321258 -1.320891 -0.279841 -0.625577
    18 1.789780 -0.000002 0.000002 0.000000 0.000000 0.228379
    19 1.207006 0.000000 0.000000 0.000000 0.000000 0.618551
    20 2.033356 1.000772 -1.937610 -1.668474 1.286518 2.942953
    21 6.028144 0.000000 0.000000 1.944269 1.379963 -0.598286
    22 11.692554 0.000001 0.000003 0.000000 0.000000 -0.627910
    23 11.481697 0.000001 0.000002 -1.834439 0.079797 0.028741
    24 3.859678 -0.132570 1.193109 0.456552 -0.189250 -0.850659
    25 1.312557 -0.000002 0.000001 0.000000 0.000000 -0.517222
    26 0.729365 0.000002 -0.000002 0.000000 0.000000 -0.174086
    27 3.942305 0.050327 0.431044 0.157544 -0.053184 -0.914641
    28 1.539099 -0.000002 0.000000 0.000000 0.000000 -0.247837
    29 1.196321 0.000008 0.000000 0.000000 0.000000 -0.751741
    30 3.883661 -0.050323 -0.431042 -0.079403 -0.041030 -0.763903
    31 1.719578 0.000004 0.000000 0.000000 -0.007973 -0.582418
    32 1.209185 0.000002 0.000000 0.000001 -0.004461 -0.471628
    33 3.859838 -0.148937 -1.331282 -0.350878 -0.029425 -0.716187
    34 1.719423 0.000002 0.000000 0.000001 -0.006611 -0.578953
    35 1.099667 0.000002 0.000000 0.000000 -0.004211 -0.597741
    36 0.806021 -0.359837 -1.318334 1.096783 0.367532 -1.416967
    37 1.789782 0.000000 -0.000004 0.000000 0.000000 0.265284
    38 1.206999 0.000003 0.000002 0.000000 0.000000 0.310702
    39 3.483999 -2.623365 0.559219 0.000000 0.000000 0.000000
    40 -7.169639 -12.454057 -0.750529 1.295867 0.353424 -0.215974
  time 33
    0 -0.999512 -0.744141 -9.226563 -1.570781 -1.391896 -1.570809
    1 2.033349 1.000767 1.937660 1.596637 -1.286515 2.942961
    2 6.028141 0.000000 0.000000 -1.378643 -0.510030 -0.930430
    3 11.692554 0.000001 0.000002 0.000000 0.000000 -1.286058
    4 11.481674 0.000001 -0.000032 1.745169 0.034806 0.044522
    5 3.859709 -0.142404 -1.191975 -0.150661 0.051689 -1.186547
    6 1.312555 -0.000002 0.000001 0.000000 0.000000 -1.594724
    7 0.729363 -0.000002 -0.000002 0.000000 0.000000 -1.412387
    8 3.942335 0.046767 -0.431443 -0.149515 -0.042961 -1.477746
    9 1.539097 0.000000 0.000000 0.000000 0.000000 -1.251339
    10 1.196326 -0.000002 -0.000001 0.000000 0.000000 -1.364852
    11 3.883696 -0.046765 0.431443 0.055102 0.064555 -1.175938
    12 1.719570 -0.000004 -0.000001 0.000000 0.005516 -1.151853
    13 1.209171 -0.000002 0.000000 0.000000 0.003084 -1.610439
    14 3.859865 -0.137947 1.332466 0.452423 -0.008678 -0.623784
    15 1.719429 0.000002 -0.000001 0.000000 0.004074 -1.148384
    16 1.099665 0.000000 0.000000 0.000000 0.002596 -1.932885
    17 0.806053 -0.348925 1.321258 -1.320891 -0.279841 -0.625577
    18 1.789780 -0.000002 0.000002 0.000000 0.000000 0.228379
    19 1.207006 0.000000 0.000000 0.000000 0.000000 0.618551
    20 2.033356 1.000772 -1.937610 -1.668474 1.286518 2.942953
    21 6.028144 0.000000 0.000000 1.891174 1.376127 -0.660617
    22 11.692554 0.000001 0.000003 0.000000 0.000000 -0.649656
    23 11.481697 0.000001 0.000002 -1.839220 0.055430 0.032772
    24 3.859678 -0.132570 1.193109 0.456552 -0.189250 -0.850659
    25 1.312557 -0.000002 0.000001 0.000000 0.000000 -0.517222
    26 0.729365 0.000002 -0.000002 0.000000 0.000000 -0.174086
    27 3.942305 0.050327 0.431044 0.157544 -0.053184 -0.914641
    28 1.539099 -0.000002 0.000000 0.000000 0.000000 -0.247837
    29 1.196321 0.000008 0.000000 0.000000 0.000000 -0.751741
    30 3.883661 -0.050323 -0.431042 -0.079403 -0.041030 -0.763903
    31 1.719578 0.000004 0.000000 0.000000 -0.007973 -0.582418
    32 1.209185 0.000002 0.000000 0.000001 -0.004461 -0.471628
    33 3.859838 -0.148937 -1.331282 -0.350878 -0.029425 -0.716187
    34 1.719423 0.000002 0.000000 0.000001 -0.006611 -0.578953
    35 1.099667 0.000002 0.000000 0.000000 -0.004211 -0.597741
    36 0.806021 -0.359837 -1.318334 1.096783 0.367532 -1.416967
    37 1.789782 0.000000 -0.000004 0.000000 0.000000 0.265284
    38 1.206999 0.000003 0.000002 0.000000 0.000000 0.310702
    39 3.483999 -2.623365 0.559219 0.000000 0.000000 0.000000
    40 -7.150108 -12.731409 0.011213 1.295907 0.353424 -0.215974
  time 34
    0 -0.999512 -0.744141 -9.226563 -1.570781 -1.391896 -1.570809
    1 2.033349 1.000767 1.937660 1.596637 -1.286515 2.942961
    2 6.028141 0.000000 0.000000 -1.357574 -0.484601 -0.955523
    3 11.692554 0.000001 0.000002 0.000000 0.000000 -1.267186
    4 11.481674 0.000001 -0.000032 1.692356 0.015915 0.044479
    5 3.859709 -0.142404 -1.191975 -0.150661 0.051689 -1.186547
    6 1.312555 -0.000002 0.000001 0.000000 0.000000 -1.594759
    7 0.729363 -0.000002 -0.000002 0.000000 0.000000 -1.412387
    8 3.942335 0.046767 -0.431443 -0.149515 -0.042961 -1.477746
    9 1.539097 0.000000 0.000000 0.000000 0.000000 -1.251339
    10 1.196326 -0.000002 -0.000001 0.000000 0.000000 -1.364852
    11 3.883696 -0.046765 0.431443 0.055102 0.064555 -1.175938
    12 1.719570 -0.000004 -0.000001 0.000000 0.005516 -1.151853
    13 1.209171 -0.000002 0.000000 0.000000 0.003084 -1.610439
    14 3.859865 -0.137947 1.332466 0.452423 -0.008678 -0.623784
    15 1.719429 0.000002 -0.000001 0.000000 0.004074 -1.148384
    16 1.099665 0.000000 0.000000 0.000000 0.002596 -1.932885
    17 0.806053 -0.348925 1.321258 -1.320891 -0.279841 -0.625577
    18 1.789780 -0.000002 0.000002 0.000000 0.000000 0.228379
    19 1.207006 0.000000 0.000000 0.000000 0.000000 0.618551
    20 2.033356 1.000772 -1.937610 -1.668474 1.286518 2.942953
    21 6.028144 0.000000 0.000000 1.856091 1.375317 -0.702530
    22 11.692554 0.000001 0.000003 0.000000 0.000000 -0.664519
    23 11.481697 0.000001 0.000002 -1.841383 0.036964 0.036375
    24 3.859678 -0.132570 1.193109 0.456552 -0.189250 -0.850659
    25 1.312557 -0.000002 0.000001 0.000000 0.000000 -0.517222
    26 0.729365 0.000002 -0.000002 0.000000 0.000000 -0.174086
    27 3.942305 0.050327 0.431044 0.157544 -0.053184 -0.914641
    28 1.539099 -0.000002 0.000000 0.000000 0.000000 -0.247837
    29 1.196321 0.000008 0.000000 0.000000 0.000000 -0.751741
    30 3.883661 -0.050323 -0.431042 -0.079403 -0.041030 -0.763903
    31 1.719578 0.000004 0.000000 0.000000 -0.007973 -0.582418
    32 1.209185 0.000002 0.000000 0.000001 -0.004461 -0.471628
    33 3.859838 -0.148937 -1.331282 -0.350878 -0.029425 -0.716187
    34 1.719423 0.000002 0.000000 0.000001 -0.006611 -0.578953
    35 1.099667 0.000002 0.000000 0.000000 -0.004211 -0.597741
    36 0.806021 -0.359837 -1.318334 1.096783 0.367532 -1.416967
    37 1.789782 0.000000 -0.000004 0.000000 0.000000 0.265284
    38 1.206999 0.000003 0.000002 0.000000 0.000000 0.310702
    39 3.483999 -2.623365 0.559219 0.000000 0.000000 0.000000
    40 -11.400237 -12.770473 0.815925 1.295867 0.353424 -0.215974
  time 35
    0 -0.999512 -0.744141 -9.226563 -1.570781 -1.391896 -1.570809
    1 2.033349 1.000767 1.937660 1.596637 -1.286515 2.942961
    2 6.028141 0.000000 0.000000 -1.340724 -0.464929 -0.975354
    3 11.692554 0.000001 0.000002 0.000000 0.000000 -1.249830
    4 11.481674 0.000001 -0.000032 1.645440 -0.001571 0.044436
    5 3.859709 -0.142404 -1.191975 -0.150661 0.051689 -1.186547
    6 1.312555 -0.000002 0.000001 0.000000 0.000000 -1.594724
    7 0.729363 -0.000002 -0.000002 0.000000 0.000000 -1.412387
    8 3.942335 0.046767 -0.431443 -0.149515 -0.042961 -1.477746
    9 1.539097 0.000000 0.000000 0.000000 0.000000 -1.251339
    10 1.196326 -0.000002 -0.000001 0.000000 0.000000 -1.364852
    11 3.883696 -0.046765 0.431443 0.055102 0.064555 -1.175938
    12 1.719570 -0.000004 -0.000001 0.000000 0.005516 -1.151853
    13 1.209171 -0.000002 0.000000 0.000000 0.003084 -1.610439
    14 3.859865 -0.137947 1.332466 0.452423 -0.008678 -0.623784
    15 1.719429 0.000002 -0.000001 0.000000 0.004074 -1.148384
    16 1.099665 0.000000 0.000000 0.000000 0.002596 -1.932937
    17 0.806053 -0.348925 1.321258 -1.320891 -0.279841 -0.625577
    18 1.789780 -0.000002 0.000002 0.000000 0.000000 0.228379
    19 1.207006 0.000000 0.000000 0.000000 0.000000 0.618551
    20 2.033356 1.000772 -1.937610 -1.668474 1.286518 2.942953
    21 6.028144 0.000000 0.000000 1.833753 1.377576 -0.729925
    22 11.692554 0.000001 0.000003 0.000000 0.000000 -0.672262
    23 11.481697 0.000001 0.000002 -1.841839 0.023659 0.039368
    24 3.859678 -0.132570 1.193109 0.456552 -0.189250 -0.850659
    25 1.312557 -0.000002 0.000001 0.000000 0.000000 -0.517222
    26 0.729365 0.000002 -0.000002 0.000000 0.000000 -0.174086
    27 3.942305 0.050327 0.431044 0.157544 -0.053184 -0.914641
    28 1.539099 -0.000002 0.000000 0.000000 0.000000 -0.247824
    29 1.196321 0.000008 0.000000 0.000000 0.000000 -0.751741
    30 3.883661 -0.050323 -0.431042 -0.079403 -0.041030 -0.763903
    31 1.719578 0.000004 0.000000 0.000000 -0.007973 -0.582418
    32 1.209185 0.000002 0.000000 0.000001 -0.004461 -0.471628
    33 3.859838 -0.148937 -1.331282 -0.350878 -0.029425 -0.716187
    34 1.719423 0.000002 0.000000 0.000001 -0.006611 -0.578953
    35 1.099667 0.000002 0.000000 0.000000 -0.004211 -0.597741
    36 0.806021 -0.359837 -1.318334 1.096783 0.367532 -1.416967
    37 1.789782 0.000000 -0.000004 0.000000 0.000000 0.265284
    38 1.206999 0.000003 0.000002 0.000000 0.000000 0.310702
    39 3.483999 -2.623365 0.559219 0.000000 0.000000 0.000000
    40 -16.076161 -12.762660 1.526884 1.295867 0.353424 -0.215974
  time 36
    0 -0.999512 -0.744141 -9.226563 -1.570781 -1.391896 -1.570809
    1 2.033349 1.000767 1.937660 1.596637 -1.286515 2.942961
    2 6.028141 0.000000 0.000000 -1.328404 -0.450945 -0.989773
    3 11.692554 0.000001 0.000002 0.000000 0.000000 -1.236031
    4 11.481674 0.000001 -0.000032 1.607668 -0.015675 0.044407
    5 3.859709 -0.142404 -1.191975 -0.150661 0.051689 -1.186547
    6 1.312555 -0.000002 0.000001 0.000000 0.000000 -1.594759
    7 0.729363 -0.000002 -0.000002 0.000000 0.000000 -1.412387
    8 3.942335 0.046767 -0.431443 -0.149515 -0.042961 -1.477746
    9 1.539097 0.000000 0.000000 0.000000 0.000000 -1.251339
    10 1.196326 -0.000002 -0.000001 0.000000 0.000000 -1.364852
    11 3.883696 -0.046765 0.431443 0.055102 0.064555 -1.175938
    12 1.719570 -0.000004 -0.000001 0.000000 0.005516 -1.151853
    13 1.209171 -0.000002 0.000000 0.000000 0.003084 -1.610439
    14 3.859865 -0.137947 1.332466 0.452423 -0.008678 -0.623784
    15 1.719429 0.000002 -0.000001 0.000000 0.004074 -1.148384
    16 1.099665 0.000000 0.000000 0.000000 0.002596 -1.932885
    17 0.806053 -0.348925 1.321258 -1.320891 -0.279841 -0.625577
    18 1.789780 -0.000002 0.000002 0.000000 0.000000 0.228379
    19 1.207006 0.000000 0.000000 0.000000 0.000000 0.618551
    20 2.033356 1.000772 -1.937610 -1.668474 1.286518 2.942953
    21 6.028144 0.000000 0.000000 1.818845 1.381284 -0.748701
    22 11.692554 0.000001 0.000003 0.000000 0.000000 -0.674556
    23 11.481697 0.000001 0.000002 -1.841291 0.014856 0.041658
    24 3.859678 -0.132570 1.193109 0.456552 -0.189250 -0.850659
    25 1.312557 -0.000002 0.000001 0.000000 0.000000 -0.517222
    26 0.729365 0.000002 -0.000002 0.000000 0.000000 -0.174086
    27 3.942305 0.050327 0.431044 0.157544 -0.053184 -0.914655
    28 1.539099 -0.000002 0.000000 0.000000 0.000000 -0.247824
    29 1.196321 0.000008 0.000000 0.000000 0.000000 -0.751741
    30 3.883661 -0.050323 -0.431042 -0.079403 -0.041030 -0.763903
    31 1.719578 0.000004 0.000000 0.000000 -0.007973 -0.582418
    32 1.209185 0.000002 0.000000 0.000001 -0.004461 -0.471628
    33 3.859838 -0.148937 -1.331282 -0.350878 -0.029425 -0.716187
    34 1.719423 0.000002 0.000000 0.000001 -0.006611 -0.578953
    35 1.099667 0.000002 0.000000 0.000000 -0.004211 -0.597741
    36 0.806021 -0.359837 -1.318334 1.096783 0.367532 -1.416967
    37 1.789782 0.000000 -0.000004 0.000000 0.000000 0.265284
    38 1.206999 0.000003 0.000002 0.000000 0.000000 0.310702
    39 3.483999 -2.623365 0.559219 0.000000 0.000000 0.000000
    40 -20.396606 -12.723596 2.101120 1.295867 0.353424 -0.215974
  time 37
    0 -0.999512 -0.744141 -9.226563 -1.570781 -1.391896 -1.570809
    1 2.033349 1.000767 1.937660 1.596637 -1.286515 2.942961
    2 6.028141 0.000000 0.000000 -1.320890 -0.442616 -0.998523
    3 11.692554 0.000001 0.000002 0.000000 0.000000 -1.227211
    4 11.481674 0.000001 -0.000032 1.582406 -0.024866 0.044379
    5 3.859709 -0.142404 -1.191975 -0.150661 0.051689 -1.186547
    6 1.312555 -0.000002 0.000001 0.000000 0.000000 -1.594759
    7 0.729363 -0.000002 -0.000002 0.000000 0.000000 -1.412387
    8 3.942335 0.046767 -0.431443 -0.149515 -0.042961 -1.477746
    9 1.539097 0.000000 0.000000 0.000000 0.000000 -1.251339
    10 1.196326 -0.000002 -0.000001 0.000000 0.000000 -1.364852
    11 3.883696 -0.046765 0.431443 0.055102 0.064555 -1.175938
    12 1.719570 -0.000004 -0.000001 0.000000 0.005516 -1.151853
    13 1.209171 -0.000002 0.000000 0.000000 0.003084 -1.610439
    14 3.859865 -0.137947 1.332466 0.452423 -0.008678 -0.623784
    15 1.719429 0.000002 -0.000001 0.000000 0.004074 -1.148384
    16 1.099665 0.000000 0.000000 0.000000 0.002596 -1.932885
    17 0.806053 -0.348925 1.321258 -1.320891 -0.279841 -0.625577
    18 1.789780 -0.000002 0.000002 0.000000 0.000000 0.228379
    19 1.207006 0.000000 0.000000 0.000000 0.000000 0.618551
    20 2.033356 1.000772 -1.937610 -1.668474 1.286518 2.942953
    21 6.028144 0.000000 0.000000 1.806571 1.384864 -0.764194
    22 11.692554 0.000001 0.000003 0.000000 0.000000 -0.673313
    23 11.481697 0.000001 0.000002 -1.840378 0.009955 0.043124
    24 3.859678 -0.132570 1.193109 0.456552 -0.189250 -0.850659
    25 1.312557 -0.000002 0.000001 0.000000 0.000000 -0.517222
    26 0.729365 0.000002 -0.000002 0.000000 0.000000 -0.174086
    27 3.942305 0.050327 0.431044 0.157544 -0.053172 -0.914655
    28 1.539099 -0.000002 0.000000 0.000000 0.000000 -0.247837
    29 1.196321 0.000008 0.000000 0.000000 0.000000 -0.751741
    30 3.883661 -0.050323 -0.431042 -0.079403 -0.041030 -0.763903
    31 1.719578 0.000004 0.000000 0.000000 -0.007973 -0.582418
    32 1.209185 0.000002 0.000000 0.000001 -0.004461 -0.471628
    33 3.859838 -0.148937 -1.331282 -0.350878 -0.029425 -0.716187
    34 1.719423 0.000002 0.000000 0.000001 -0.006611 -0.578953
    35 1.099667 0.000002 0.000000 0.000000 -0.004211 -0.597741
    36 0.806021 -0.359837 -1.318334 1.096783 0.367532 -1.416967
    37 1.789782 0.000000 -0.000004 0.000000 0.000000 0.265284
    38 1.206999 0.000003 0.000002 0.000000 0.000000 0.310702
    39 3.483999 -2.623365 0.559219 0.000000 0.000000 0.000000
    40 -23.568577 -12.684533 2.480038 1.295867 0.353424 -0.215974
  time 38
    0 -0.999512 -0.744141 -9.226563 -1.570781 -1.391896 -1.570809
    1 2.033349 1.000767 1.937660 1.596637 -1.286515 2.942961
    2 6.028141 0.000000 0.000000 -1.318349 -0.439806 -1.001475
    3 11.692554 0.000001 0.000002 0.000000 0.000000 -1.224224
    4 11.481674 0.000001 -0.000032 1.573183 -0.028074 0.044379
    5 3.859709 -0.142404 -1.191975 -0.150661 0.051689 -1.186547
    6 1.312555 -0.000002 0.000001 0.000000 0.000000 -1.594759
    7 0.729363 -0.000002 -0.000002 0.000000 0.000000 -1.412387
    8 3.942335 0.046767 -0.431443 -0.149515 -0.042961 -1.477746
    9 1.539097 0.000000 0.000000 0.000000 0.000000 -1.251339
    10 1.196326 -0.000002 -0.000001 0.000000 0.000000 -1.364852
    11 3.883696 -0.046765 0.431443 0.055102 0.064555 -1.175938
    12 1.719570 -0.000004 -0.000001 0.000000 0.005516 -1.151853
    13 1.209171 -0.000002 0.000000 0.000000 0.003084 -1.610439
    14 3.859865 -0.137947 1.332466 0.452423 -0.008678 -0.623784
    15 1.719429 0.000002 -0.000001 0.000000 0.004074 -1.148384
    16 1.099665 0.000000 0.000000 0.000000 0.002596 -1.932885
    17 0.806053 -0.348925 1.321258 -1.320891 -0.279841 -0.625577
    18 1.789780 -0.000002 0.000002 0.000000 0.000000 0.228379
    19 1.207006 0.000000 0.000000 0.000000 0.000000 0.618551
    20 2.033356 1.000772 -1.937610 -1.668474 1.286518 2.942953
    21 6.028144 0.000000 0.000000 1.792697 1.386825 -0.781175
    22 11.692554 0.000001 0.000003 0.000000 0.000000 -0.670207
    23 11.481697 0.000001 0.000002 -1.839830 0.008434 0.043643
    24 3.859678 -0.132570 1.193109 0.456552 -0.189250 -0.850659
    25 1.312557 -0.000002 0.000001 0.000000 0.000000 -0.517222
    26 0.729365 0.000002 -0.000002 0.000000 0.000000 -0.174086
    27 3.942305 0.050327 0.431044 0.157544 -0.053172 -0.914655
    28 1.539099 -0.000002 0.000000 0.000000 0.000000 -0.247824
    29 1.196321 0.000008 0.000000 0.000000 0.000000 -0.751741
    30 3.883661 -0.050323 -0.431042 -0.079403 -0.041030 -0.763903
    31 1.719578 0.000004 0.000000 0.000000 -0.007973 -0.582418
    32 1.209185 0.000002 0.000000 0.000001 -0.004461 -0.471628
    33 3.859838 -0.148937 -1.331282 -0.350878 -0.029425 -0.716187
    34 1.719423 0.000002 0.000000 0.000001 -0.006611 -0.578953
    35 1.099667 0.000002 0.000000 0.000000 -0.004211 -0.597741
    36 0.806021 -0.359837 -1.318334 1.096783 0.367532 -1.416967
    37 1.789782 0.000000 -0.000004 0.000000 0.000000 0.265284
    38 1.206999 0.000003 0.000002 0.000000 0.000000 0.310702
    39 3.483999 -2.623365 0.559219 0.000000 0.000000 0.000000
    40 -24.799084 -12.668907 2.616761 1.295867 0.353424 -0.215974
end
