// Created by Crowbar 0.74
version 1
nodes
  0 "ValveBiped.Bip01_Spine4" -1
  1 "ValveBiped.Bip01_L_Clavicle" 0
  2 "ValveBiped.Bip01_L_UpperArm" 1
  3 "ValveBiped.Bip01_L_Forearm" 2
  4 "ValveBiped.Bip01_L_Hand" 3
  5 "ValveBiped.Bip01_L_Finger4" 4
  6 "ValveBiped.Bip01_L_Finger41" 5
  7 "ValveBiped.Bip01_L_Finger42" 6
  8 "ValveBiped.Bip01_L_Finger3" 4
  9 "ValveBiped.Bip01_L_Finger31" 8
  10 "ValveBiped.Bip01_L_Finger32" 9
  11 "ValveBiped.Bip01_L_Finger2" 4
  12 "ValveBiped.Bip01_L_Finger21" 11
  13 "ValveBiped.Bip01_L_Finger22" 12
  14 "ValveBiped.Bip01_L_Finger1" 4
  15 "ValveBiped.Bip01_L_Finger11" 14
  16 "ValveBiped.Bip01_L_Finger12" 15
  17 "ValveBiped.Bip01_L_Finger0" 4
  18 "ValveBiped.Bip01_L_Finger01" 17
  19 "ValveBiped.Bip01_L_Finger02" 18
  20 "ValveBiped.Bip01_R_Clavicle" 0
  21 "ValveBiped.Bip01_R_UpperArm" 20
  22 "ValveBiped.Bip01_R_Forearm" 21
  23 "ValveBiped.Bip01_R_Hand" 22
  24 "ValveBiped.Bip01_R_Finger4" 23
  25 "ValveBiped.Bip01_R_Finger41" 24
  26 "ValveBiped.Bip01_R_Finger42" 25
  27 "ValveBiped.Bip01_R_Finger3" 23
  28 "ValveBiped.Bip01_R_Finger31" 27
  29 "ValveBiped.Bip01_R_Finger32" 28
  30 "ValveBiped.Bip01_R_Finger2" 23
  31 "ValveBiped.Bip01_R_Finger21" 30
  32 "ValveBiped.Bip01_R_Finger22" 31
  33 "ValveBiped.Bip01_R_Finger1" 23
  34 "ValveBiped.Bip01_R_Finger11" 33
  35 "ValveBiped.Bip01_R_Finger12" 34
  36 "ValveBiped.Bip01_R_Finger0" 23
  37 "ValveBiped.Bip01_R_Finger01" 36
  38 "ValveBiped.Bip01_R_Finger02" 37
  39 "ValveBiped.Grenade_body" 23
  40 "ValveBiped.Pin" 39
end
skeleton
  time 0
    0 -0.999512 -0.744141 -9.226563 -1.570781 -1.391896 -1.570809
    1 2.033349 1.000767 1.937660 1.596637 -1.286515 2.942961
    2 6.028141 0.000000 0.000000 -1.578696 -0.408157 -1.282402
    3 11.692554 0.000001 0.000002 0.000000 0.000000 -1.224249
    4 11.481674 0.000001 -0.000032 1.573168 -0.028074 0.044378
    5 3.859709 -0.142404 -1.191975 -0.476793 0.134331 -0.965122
    6 1.312555 -0.000002 0.000001 0.000000 0.000000 -0.279217
    7 0.729363 -0.000002 -0.000002 0.000000 0.000000 -0.096880
    8 3.942335 0.046767 -0.431443 -0.145073 0.087435 -0.741654
    9 1.539097 0.000000 0.000000 0.000000 0.000000 -0.309339
    10 1.196326 -0.000002 -0.000001 0.000000 0.000000 -0.521230
    11 3.883696 -0.046765 0.431443 0.085902 0.021830 -0.587867
    12 1.719570 -0.000004 -0.000001 0.000000 0.005516 -0.366478
    13 1.209171 -0.000002 0.000000 0.000000 0.003084 -0.216400
    14 3.859865 -0.137947 1.332466 0.354449 -0.042750 -0.531718
    15 1.719429 0.000002 -0.000001 0.000000 0.004074 -0.363009
    16 1.099665 0.000000 0.000000 0.000000 0.002596 -0.244331
    17 0.806053 -0.348925 1.321258 -1.166382 -0.626621 -0.921969
    18 1.789780 -0.000002 0.000002 0.000000 0.000000 0.189105
    19 1.207006 0.000000 0.000000 0.000000 0.000000 0.306015
    20 2.033356 1.000772 -1.937610 -1.668474 1.286518 2.942953
    21 6.028144 0.000000 0.000000 1.792697 1.386825 -0.781175
    22 11.692554 0.000001 0.000003 0.000000 0.000000 -0.670207
    23 11.481697 0.000001 0.000002 -1.839830 0.008434 0.043643
    24 3.859678 -0.132570 1.193109 0.455258 -0.194140 -0.840956
    25 1.312557 -0.000002 0.000001 0.000000 0.000000 -0.517222
    26 0.729365 0.000002 -0.000002 0.000000 0.000000 -0.174086
    27 3.942305 0.050327 0.431044 0.155567 -0.059716 -0.874006
    28 1.539099 -0.000002 0.000000 0.000000 0.000000 -0.247824
    29 1.196321 0.000008 0.000000 0.000000 0.000000 -0.751741
    30 3.883661 -0.050323 -0.431042 -0.079403 -0.041030 -0.763903
    31 1.719578 0.000004 0.000000 0.000000 -0.007973 -0.582418
    32 1.209185 0.000002 0.000000 0.000001 -0.004461 -0.471628
    33 3.859838 -0.148937 -1.331282 -0.350881 -0.029424 -0.716187
    34 1.719423 0.000002 0.000000 0.000001 -0.006611 -0.578953
    35 1.099667 0.000002 0.000000 0.000000 -0.004211 -0.597741
    36 0.806021 -0.359837 -1.318334 1.096823 0.367421 -1.417088
    37 1.789782 0.000000 -0.000004 0.000000 0.000000 0.265284
    38 1.206999 0.000003 0.000002 0.000000 0.000000 0.310702
    39 3.483999 -2.623365 0.559219 0.000000 0.000000 0.000000
    40 -29.453125 -11.093750 6.648438 0.000000 0.000000 0.000000
  time 1
    0 -0.999512 -0.744141 -9.226563 -1.570781 -1.391896 -1.570809
    1 2.033349 1.000767 1.937660 1.596637 -1.286515 2.942961
    2 6.028141 0.000000 0.000000 -1.578696 -0.408157 -1.282402
    3 11.692554 0.000001 0.000002 0.000000 0.000000 -1.224249
    4 11.481674 0.000001 -0.000032 1.573168 -0.028074 0.044378
    5 3.859709 -0.142404 -1.191975 -0.476793 0.134331 -0.965122
    6 1.312555 -0.000002 0.000001 0.000000 0.000000 -0.279217
    7 0.729363 -0.000002 -0.000002 0.000000 0.000000 -0.096880
    8 3.942335 0.046767 -0.431443 -0.145073 0.087435 -0.741654
    9 1.539097 0.000000 0.000000 0.000000 0.000000 -0.309339
    10 1.196326 -0.000002 -0.000001 0.000000 0.000000 -0.521230
    11 3.883696 -0.046765 0.431443 0.085902 0.021830 -0.587867
    12 1.719570 -0.000004 -0.000001 0.000000 0.005516 -0.366478
    13 1.209171 -0.000002 0.000000 0.000000 0.003084 -0.216400
    14 3.859865 -0.137947 1.332466 0.354449 -0.042750 -0.531718
    15 1.719429 0.000002 -0.000001 0.000000 0.004074 -0.363009
    16 1.099665 0.000000 0.000000 0.000000 0.002596 -0.244331
    17 0.806053 -0.348925 1.321258 -1.166382 -0.626621 -0.921969
    18 1.789780 -0.000002 0.000002 0.000000 0.000000 0.189105
    19 1.207006 0.000000 0.000000 0.000000 0.000000 0.306015
    20 2.033356 1.000772 -1.937610 -1.668474 1.286518 2.942953
    21 6.028144 0.000000 0.000000 1.792744 1.386825 -0.781175
    22 11.692554 0.000001 0.000003 0.000000 0.000000 -0.670207
    23 11.481697 0.000001 0.000002 -1.839982 0.008434 0.043643
    24 3.859678 -0.132570 1.193109 0.455258 -0.194140 -0.840969
    25 1.312557 -0.000002 0.000001 0.000000 0.000000 -0.517222
    26 0.729365 0.000002 -0.000002 0.000000 0.000000 -0.174086
    27 3.942305 0.050327 0.431044 0.155567 -0.059716 -0.874006
    28 1.539099 -0.000002 0.000000 0.000000 0.000000 -0.247824
    29 1.196321 0.000008 0.000000 0.000000 0.000000 -0.751741
    30 3.883661 -0.050323 -0.431042 -0.079403 -0.041030 -0.763903
    31 1.719578 0.000004 0.000000 0.000000 -0.007973 -0.582418
    32 1.209185 0.000002 0.000000 0.000001 -0.004461 -0.471628
    33 3.859838 -0.148937 -1.331282 -0.350881 -0.029424 -0.716187
    34 1.719423 0.000002 0.000000 0.000001 -0.006611 -0.578953
    35 1.099667 0.000002 0.000000 0.000000 -0.004211 -0.597741
    36 0.806021 -0.359837 -1.318334 1.096823 0.367421 -1.417088
    37 1.789782 0.000000 -0.000004 0.000000 0.000000 0.265284
    38 1.206999 0.000003 0.000002 0.000000 0.000000 0.310702
    39 3.483999 -2.623365 0.559219 0.000000 0.000000 0.000000
    40 -29.453125 -11.093750 6.648438 0.000000 0.000000 0.000000
  time 2
    0 -0.999512 -0.744141 -9.226563 -1.570781 -1.391896 -1.570809
    1 2.033349 1.000767 1.937660 1.596637 -1.286515 2.942961
    2 6.028141 0.000000 0.000000 -1.578696 -0.408157 -1.282402
    3 11.692554 0.000001 0.000002 0.000000 0.000000 -1.224249
    4 11.481674 0.000001 -0.000032 1.573168 -0.028074 0.044378
    5 3.859709 -0.142404 -1.191975 -0.476793 0.134331 -0.965122
    6 1.312555 -0.000002 0.000001 0.000000 0.000000 -0.279217
    7 0.729363 -0.000002 -0.000002 0.000000 0.000000 -0.096880
    8 3.942335 0.046767 -0.431443 -0.145073 0.087435 -0.741654
    9 1.539097 0.000000 0.000000 0.000000 0.000000 -0.309339
    10 1.196326 -0.000002 -0.000001 0.000000 0.000000 -0.521230
    11 3.883696 -0.046765 0.431443 0.085902 0.021830 -0.587867
    12 1.719570 -0.000004 -0.000001 0.000000 0.005516 -0.366478
    13 1.209171 -0.000002 0.000000 0.000000 0.003084 -0.216400
    14 3.859865 -0.137947 1.332466 0.354449 -0.042750 -0.531718
    15 1.719429 0.000002 -0.000001 0.000000 0.004074 -0.363009
    16 1.099665 0.000000 0.000000 0.000000 0.002596 -0.244331
    17 0.806053 -0.348925 1.321258 -1.166382 -0.626621 -0.921969
    18 1.789780 -0.000002 0.000002 0.000000 0.000000 0.189105
    19 1.207006 0.000000 0.000000 0.000000 0.000000 0.306015
    20 2.033356 1.000772 -1.937610 -1.668474 1.286518 2.942953
    21 6.028144 0.000000 0.000000 1.792744 1.386867 -0.781123
    22 11.692554 0.000001 0.000003 0.000000 0.000000 -0.670111
    23 11.481697 0.000001 0.000002 -1.840317 0.008434 0.043643
    24 3.859678 -0.132570 1.193109 0.455258 -0.194140 -0.840969
    25 1.312557 -0.000002 0.000001 0.000000 0.000000 -0.517222
    26 0.729365 0.000002 -0.000002 0.000000 0.000000 -0.174086
    27 3.942305 0.050327 0.431044 0.155567 -0.059716 -0.874006
    28 1.539099 -0.000002 0.000000 0.000000 0.000000 -0.247824
    29 1.196321 0.000008 0.000000 0.000000 0.000000 -0.751741
    30 3.883661 -0.050323 -0.431042 -0.079403 -0.041030 -0.763903
    31 1.719578 0.000004 0.000000 0.000000 -0.007973 -0.582418
    32 1.209185 0.000002 0.000000 0.000001 -0.004461 -0.471628
    33 3.859838 -0.148937 -1.331282 -0.350881 -0.029424 -0.716187
    34 1.719423 0.000002 0.000000 0.000001 -0.006611 -0.578953
    35 1.099667 0.000002 0.000000 0.000000 -0.004211 -0.597741
    36 0.806021 -0.359837 -1.318334 1.096823 0.367421 -1.417088
    37 1.789782 0.000000 -0.000004 0.000000 0.000000 0.265284
    38 1.206999 0.000003 0.000002 0.000000 0.000000 0.310702
    39 3.483999 -2.623365 0.559219 0.000000 0.000000 0.000000
    40 -29.453125 -11.093750 6.648438 0.000000 0.000000 0.000000
  time 3
    0 -0.999512 -0.744141 -9.226563 -1.570781 -1.391896 -1.570809
    1 2.033349 1.000767 1.937660 1.596637 -1.286515 2.942961
    2 6.028141 0.000000 0.000000 -1.578696 -0.408157 -1.282402
    3 11.692554 0.000001 0.000002 0.000000 0.000000 -1.224249
    4 11.481674 0.000001 -0.000032 1.573168 -0.028074 0.044378
    5 3.859709 -0.142404 -1.191975 -0.476793 0.134331 -0.965122
    6 1.312555 -0.000002 0.000001 0.000000 0.000000 -0.279217
    7 0.729363 -0.000002 -0.000002 0.000000 0.000000 -0.096880
    8 3.942335 0.046767 -0.431443 -0.145073 0.087435 -0.741654
    9 1.539097 0.000000 0.000000 0.000000 0.000000 -0.309339
    10 1.196326 -0.000002 -0.000001 0.000000 0.000000 -0.521230
    11 3.883696 -0.046765 0.431443 0.085902 0.021830 -0.587867
    12 1.719570 -0.000004 -0.000001 0.000000 0.005516 -0.366478
    13 1.209171 -0.000002 0.000000 0.000000 0.003084 -0.216400
    14 3.859865 -0.137947 1.332466 0.354449 -0.042750 -0.531718
    15 1.719429 0.000002 -0.000001 0.000000 0.004074 -0.363009
    16 1.099665 0.000000 0.000000 0.000000 0.002596 -0.244331
    17 0.806053 -0.348925 1.321258 -1.166382 -0.626621 -0.921969
    18 1.789780 -0.000002 0.000002 0.000000 0.000000 0.189105
    19 1.207006 0.000000 0.000000 0.000000 0.000000 0.306015
    20 2.033356 1.000772 -1.937610 -1.668474 1.286518 2.942953
    21 6.028144 0.000000 0.000000 1.792838 1.386910 -0.781072
    22 11.692554 0.000001 0.000003 0.000000 0.000000 -0.670016
    23 11.481697 0.000001 0.000002 -1.840895 0.008434 0.043643
    24 3.859678 -0.132570 1.193109 0.455258 -0.194140 -0.840969
    25 1.312557 -0.000002 0.000001 0.000000 0.000000 -0.517222
    26 0.729365 0.000002 -0.000002 0.000000 0.000000 -0.174086
    27 3.942305 0.050327 0.431044 0.155567 -0.059716 -0.874006
    28 1.539099 -0.000002 0.000000 0.000000 0.000000 -0.247824
    29 1.196321 0.000008 0.000000 0.000000 0.000000 -0.751741
    30 3.883661 -0.050323 -0.431042 -0.079403 -0.041030 -0.763903
    31 1.719578 0.000004 0.000000 0.000000 -0.007973 -0.582418
    32 1.209185 0.000002 0.000000 0.000001 -0.004461 -0.471628
    33 3.859838 -0.148937 -1.331282 -0.350881 -0.029424 -0.716187
    34 1.719423 0.000002 0.000000 0.000001 -0.006611 -0.578953
    35 1.099667 0.000002 0.000000 0.000000 -0.004211 -0.597741
    36 0.806021 -0.359837 -1.318334 1.096823 0.367421 -1.417088
    37 1.789782 0.000000 -0.000004 0.000000 0.000000 0.265284
    38 1.206999 0.000003 0.000002 0.000000 0.000000 0.310702
    39 3.483999 -2.623365 0.559219 0.000000 0.000000 0.000000
    40 -29.453125 -11.093750 6.648438 0.000000 0.000000 0.000000
  time 4
    0 -0.999512 -0.744141 -9.226563 -1.570781 -1.391896 -1.570809
    1 2.033349 1.000767 1.937660 1.596637 -1.286515 2.942961
    2 6.028141 0.000000 0.000000 -1.578696 -0.408157 -1.282402
    3 11.692554 0.000001 0.000002 0.000000 0.000000 -1.224249
    4 11.481674 0.000001 -0.000032 1.573168 -0.028074 0.044378
    5 3.859709 -0.142404 -1.191975 -0.476793 0.134331 -0.965122
    6 1.312555 -0.000002 0.000001 0.000000 0.000000 -0.279217
    7 0.729363 -0.000002 -0.000002 0.000000 0.000000 -0.096880
    8 3.942335 0.046767 -0.431443 -0.145073 0.087435 -0.741654
    9 1.539097 0.000000 0.000000 0.000000 0.000000 -0.309339
    10 1.196326 -0.000002 -0.000001 0.000000 0.000000 -0.521230
    11 3.883696 -0.046765 0.431443 0.085902 0.021830 -0.587867
    12 1.719570 -0.000004 -0.000001 0.000000 0.005516 -0.366478
    13 1.209171 -0.000002 0.000000 0.000000 0.003084 -0.216400
    14 3.859865 -0.137947 1.332466 0.354449 -0.042750 -0.531718
    15 1.719429 0.000002 -0.000001 0.000000 0.004074 -0.363009
    16 1.099665 0.000000 0.000000 0.000000 0.002596 -0.244331
    17 0.806053 -0.348925 1.321258 -1.166382 -0.626621 -0.921969
    18 1.789780 -0.000002 0.000002 0.000000 0.000000 0.189105
    19 1.207006 0.000000 0.000000 0.000000 0.000000 0.306015
    20 2.033356 1.000772 -1.937610 -1.668474 1.286518 2.942953
    21 6.028144 0.000000 0.000000 1.792932 1.386995 -0.780969
    22 11.692554 0.000001 0.000003 0.000000 0.000000 -0.669872
    23 11.481697 0.000001 0.000002 -1.841687 0.008434 0.043643
    24 3.859678 -0.132570 1.193109 0.455258 -0.194140 -0.840969
    25 1.312557 -0.000002 0.000001 0.000000 0.000000 -0.517222
    26 0.729365 0.000002 -0.000002 0.000000 0.000000 -0.174086
    27 3.942305 0.050327 0.431044 0.155567 -0.059716 -0.874020
    28 1.539099 -0.000002 0.000000 0.000000 0.000000 -0.247824
    29 1.196321 0.000008 0.000000 0.000000 0.000000 -0.751741
    30 3.883661 -0.050323 -0.431042 -0.079403 -0.041030 -0.763903
    31 1.719578 0.000004 0.000000 0.000000 -0.007973 -0.582418
    32 1.209185 0.000002 0.000000 0.000001 -0.004461 -0.471628
    33 3.859838 -0.148937 -1.331282 -0.350881 -0.029424 -0.716187
    34 1.719423 0.000002 0.000000 0.000001 -0.006611 -0.578953
    35 1.099667 0.000002 0.000000 0.000000 -0.004211 -0.597741
    36 0.806021 -0.359837 -1.318334 1.096823 0.367421 -1.417088
    37 1.789782 0.000000 -0.000004 0.000000 0.000000 0.265284
    38 1.206999 0.000003 0.000002 0.000000 0.000000 0.310702
    39 3.483999 -2.623365 0.559219 0.000000 0.000000 0.000000
    40 -29.453125 -11.093750 6.648438 0.000000 0.000000 0.000000
  time 5
    0 -0.999512 -0.744141 -9.226563 -1.570781 -1.391896 -1.570809
    1 2.033349 1.000767 1.937660 1.596637 -1.286515 2.942961
    2 6.028141 0.000000 0.000000 -1.578696 -0.408157 -1.282402
    3 11.692554 0.000001 0.000002 0.000000 0.000000 -1.224249
    4 11.481674 0.000001 -0.000032 1.573168 -0.028074 0.044378
    5 3.859709 -0.142404 -1.191975 -0.476793 0.134331 -0.965122
    6 1.312555 -0.000002 0.000001 0.000000 0.000000 -0.279217
    7 0.729363 -0.000002 -0.000002 0.000000 0.000000 -0.096880
    8 3.942335 0.046767 -0.431443 -0.145073 0.087435 -0.741654
    9 1.539097 0.000000 0.000000 0.000000 0.000000 -0.309339
    10 1.196326 -0.000002 -0.000001 0.000000 0.000000 -0.521230
    11 3.883696 -0.046765 0.431443 0.085902 0.021830 -0.587867
    12 1.719570 -0.000004 -0.000001 0.000000 0.005516 -0.366478
    13 1.209171 -0.000002 0.000000 0.000000 0.003084 -0.216400
    14 3.859865 -0.137947 1.332466 0.354449 -0.042750 -0.531718
    15 1.719429 0.000002 -0.000001 0.000000 0.004074 -0.363009
    16 1.099665 0.000000 0.000000 0.000000 0.002596 -0.244331
    17 0.806053 -0.348925 1.321258 -1.166382 -0.626621 -0.921969
    18 1.789780 -0.000002 0.000002 0.000000 0.000000 0.189105
    19 1.207006 0.000000 0.000000 0.000000 0.000000 0.306015
    20 2.033356 1.000772 -1.937610 -1.668474 1.286518 2.942953
    21 6.028144 0.000000 0.000000 1.793026 1.387081 -0.780918
    22 11.692554 0.000001 0.000003 0.000000 0.000000 -0.669681
    23 11.481697 0.000001 0.000002 -1.842601 0.008434 0.043643
    24 3.859678 -0.132570 1.193109 0.455258 -0.194140 -0.840969
    25 1.312557 -0.000002 0.000001 0.000000 0.000000 -0.517222
    26 0.729365 0.000002 -0.000002 0.000000 0.000000 -0.174086
    27 3.942305 0.050327 0.431044 0.155567 -0.059716 -0.874020
    28 1.539099 -0.000002 0.000000 0.000000 0.000000 -0.247837
    29 1.196321 0.000008 0.000000 0.000000 0.000000 -0.751741
    30 3.883661 -0.050323 -0.431042 -0.079403 -0.041030 -0.763903
    31 1.719578 0.000004 0.000000 0.000000 -0.007973 -0.582418
    32 1.209185 0.000002 0.000000 0.000001 -0.004461 -0.471628
    33 3.859838 -0.148937 -1.331282 -0.350881 -0.029424 -0.716187
    34 1.719423 0.000002 0.000000 0.000001 -0.006611 -0.578953
    35 1.099667 0.000002 0.000000 0.000000 -0.004211 -0.597741
    36 0.806021 -0.359837 -1.318334 1.096823 0.367421 -1.417088
    37 1.789782 0.000000 -0.000004 0.000000 0.000000 0.265284
    38 1.206999 0.000003 0.000002 0.000000 0.000000 0.310702
    39 3.483999 -2.623365 0.559219 0.000000 0.000000 0.000000
    40 -29.453125 -11.093750 6.648438 0.000000 0.000000 0.000000
  time 6
    0 -0.999512 -0.744141 -9.226563 -1.570781 -1.391896 -1.570809
    1 2.033349 1.000767 1.937660 1.596637 -1.286515 2.942961
    2 6.028141 0.000000 0.000000 -1.578696 -0.408157 -1.282402
    3 11.692554 0.000001 0.000002 0.000000 0.000000 -1.224249
    4 11.481674 0.000001 -0.000032 1.573168 -0.028074 0.044378
    5 3.859709 -0.142404 -1.191975 -0.476793 0.134331 -0.965122
    6 1.312555 -0.000002 0.000001 0.000000 0.000000 -0.279217
    7 0.729363 -0.000002 -0.000002 0.000000 0.000000 -0.096880
    8 3.942335 0.046767 -0.431443 -0.145073 0.087435 -0.741654
    9 1.539097 0.000000 0.000000 0.000000 0.000000 -0.309339
    10 1.196326 -0.000002 -0.000001 0.000000 0.000000 -0.521230
    11 3.883696 -0.046765 0.431443 0.085902 0.021830 -0.587867
    12 1.719570 -0.000004 -0.000001 0.000000 0.005516 -0.366478
    13 1.209171 -0.000002 0.000000 0.000000 0.003084 -0.216400
    14 3.859865 -0.137947 1.332466 0.354449 -0.042750 -0.531718
    15 1.719429 0.000002 -0.000001 0.000000 0.004074 -0.363009
    16 1.099665 0.000000 0.000000 0.000000 0.002596 -0.244331
    17 0.806053 -0.348925 1.321258 -1.166382 -0.626621 -0.921969
    18 1.789780 -0.000002 0.000002 0.000000 0.000000 0.189105
    19 1.207006 0.000000 0.000000 0.000000 0.000000 0.306015
    20 2.033356 1.000772 -1.937610 -1.668474 1.286518 2.942953
    21 6.028144 0.000000 0.000000 1.793121 1.387166 -0.780764
    22 11.692554 0.000001 0.000003 0.000000 0.000000 -0.669490
    23 11.481697 0.000001 0.000002 -1.843636 0.008434 0.043643
    24 3.859678 -0.132570 1.193109 0.455258 -0.194140 -0.840969
    25 1.312557 -0.000002 0.000001 0.000000 0.000000 -0.517222
    26 0.729365 0.000002 -0.000002 0.000000 0.000000 -0.174086
    27 3.942305 0.050327 0.431044 0.155567 -0.059704 -0.874020
    28 1.539099 -0.000002 0.000000 0.000000 0.000000 -0.247824
    29 1.196321 0.000008 0.000000 0.000000 0.000000 -0.751741
    30 3.883661 -0.050323 -0.431042 -0.079403 -0.041030 -0.763903
    31 1.719578 0.000004 0.000000 0.000000 -0.007973 -0.582418
    32 1.209185 0.000002 0.000000 0.000001 -0.004461 -0.471628
    33 3.859838 -0.148937 -1.331282 -0.350881 -0.029424 -0.716187
    34 1.719423 0.000002 0.000000 0.000001 -0.006611 -0.578953
    35 1.099667 0.000002 0.000000 0.000000 -0.004211 -0.597741
    36 0.806021 -0.359837 -1.318334 1.096823 0.367421 -1.417088
    37 1.789782 0.000000 -0.000004 0.000000 0.000000 0.265284
    38 1.206999 0.000003 0.000002 0.000000 0.000000 0.310702
    39 3.483999 -2.623365 0.559219 0.000000 0.000000 0.000000
    40 -29.453125 -11.093750 6.648438 0.000000 0.000000 0.000000
  time 7
    0 -0.999512 -0.744141 -9.226563 -1.570781 -1.391896 -1.570809
    1 2.033349 1.000767 1.937660 1.596637 -1.286515 2.942961
    2 6.028141 0.000000 0.000000 -1.578696 -0.408157 -1.282402
    3 11.692554 0.000001 0.000002 0.000000 0.000000 -1.224249
    4 11.481674 0.000001 -0.000032 1.573168 -0.028074 0.044378
    5 3.859709 -0.142404 -1.191975 -0.476793 0.134331 -0.965122
    6 1.312555 -0.000002 0.000001 0.000000 0.000000 -0.279217
    7 0.729363 -0.000002 -0.000002 0.000000 0.000000 -0.096880
    8 3.942335 0.046767 -0.431443 -0.145073 0.087435 -0.741654
    9 1.539097 0.000000 0.000000 0.000000 0.000000 -0.309339
    10 1.196326 -0.000002 -0.000001 0.000000 0.000000 -0.521230
    11 3.883696 -0.046765 0.431443 0.085902 0.021830 -0.587867
    12 1.719570 -0.000004 -0.000001 0.000000 0.005516 -0.366478
    13 1.209171 -0.000002 0.000000 0.000000 0.003084 -0.216400
    14 3.859865 -0.137947 1.332466 0.354449 -0.042750 -0.531718
    15 1.719429 0.000002 -0.000001 0.000000 0.004074 -0.363009
    16 1.099665 0.000000 0.000000 0.000000 0.002596 -0.244331
    17 0.806053 -0.348925 1.321258 -1.166382 -0.626621 -0.921969
    18 1.789780 -0.000002 0.000002 0.000000 0.000000 0.189105
    19 1.207006 0.000000 0.000000 0.000000 0.000000 0.306015
    20 2.033356 1.000772 -1.937610 -1.668474 1.286518 2.942953
    21 6.028144 0.000000 0.000000 1.793262 1.387251 -0.780662
    22 11.692554 0.000001 0.000003 0.000000 0.000000 -0.669299
    23 11.481697 0.000001 0.000002 -1.844702 0.008434 0.043643
    24 3.859678 -0.132570 1.193109 0.455258 -0.194140 -0.840969
    25 1.312557 -0.000002 0.000001 0.000000 0.000000 -0.517222
    26 0.729365 0.000002 -0.000002 0.000000 0.000000 -0.174086
    27 3.942305 0.050327 0.431044 0.155567 -0.059704 -0.874034
    28 1.539099 -0.000002 0.000000 0.000000 0.000000 -0.247824
    29 1.196321 0.000008 0.000000 0.000000 0.000000 -0.751741
    30 3.883661 -0.050323 -0.431042 -0.079403 -0.041030 -0.763903
    31 1.719578 0.000004 0.000000 0.000000 -0.007973 -0.582418
    32 1.209185 0.000002 0.000000 0.000001 -0.004461 -0.471628
    33 3.859838 -0.148937 -1.331282 -0.350881 -0.029424 -0.716187
    34 1.719423 0.000002 0.000000 0.000001 -0.006611 -0.578953
    35 1.099667 0.000002 0.000000 0.000000 -0.004211 -0.597741
    36 0.806021 -0.359837 -1.318334 1.096823 0.367421 -1.417088
    37 1.789782 0.000000 -0.000004 0.000000 0.000000 0.265284
    38 1.206999 0.000003 0.000002 0.000000 0.000000 0.310702
    39 3.483999 -2.623365 0.559219 0.000000 0.000000 0.000000
    40 -29.453125 -11.093750 6.648438 0.000000 0.000000 0.000000
  time 8
    0 -0.999512 -0.744141 -9.226563 -1.570781 -1.391896 -1.570809
    1 2.033349 1.000767 1.937660 1.596637 -1.286515 2.942961
    2 6.028141 0.000000 0.000000 -1.578696 -0.408157 -1.282402
    3 11.692554 0.000001 0.000002 0.000000 0.000000 -1.224249
    4 11.481674 0.000001 -0.000032 1.573168 -0.028074 0.044378
    5 3.859709 -0.142404 -1.191975 -0.476793 0.134331 -0.965122
    6 1.312555 -0.000002 0.000001 0.000000 0.000000 -0.279217
    7 0.729363 -0.000002 -0.000002 0.000000 0.000000 -0.096880
    8 3.942335 0.046767 -0.431443 -0.145073 0.087435 -0.741654
    9 1.539097 0.000000 0.000000 0.000000 0.000000 -0.309339
    10 1.196326 -0.000002 -0.000001 0.000000 0.000000 -0.521230
    11 3.883696 -0.046765 0.431443 0.085902 0.021830 -0.587867
    12 1.719570 -0.000004 -0.000001 0.000000 0.005516 -0.366478
    13 1.209171 -0.000002 0.000000 0.000000 0.003084 -0.216400
    14 3.859865 -0.137947 1.332466 0.354449 -0.042750 -0.531718
    15 1.719429 0.000002 -0.000001 0.000000 0.004074 -0.363009
    16 1.099665 0.000000 0.000000 0.000000 0.002596 -0.244331
    17 0.806053 -0.348925 1.321258 -1.166382 -0.626621 -0.921969
    18 1.789780 -0.000002 0.000002 0.000000 0.000000 0.189105
    19 1.207006 0.000000 0.000000 0.000000 0.000000 0.306015
    20 2.033356 1.000772 -1.937610 -1.668474 1.286518 2.942953
    21 6.028144 0.000000 0.000000 1.793356 1.387336 -0.780508
    22 11.692554 0.000001 0.000003 0.000000 0.000000 -0.669060
    23 11.481697 0.000001 0.000002 -1.845798 0.008434 0.043643
    24 3.859678 -0.132570 1.193109 0.455258 -0.194140 -0.840969
    25 1.312557 -0.000002 0.000001 0.000000 0.000000 -0.517222
    26 0.729365 0.000002 -0.000002 0.000000 0.000000 -0.174086
    27 3.942305 0.050327 0.431044 0.155567 -0.059704 -0.874034
    28 1.539099 -0.000002 0.000000 0.000000 0.000000 -0.247837
    29 1.196321 0.000008 0.000000 0.000000 0.000000 -0.751741
    30 3.883661 -0.050323 -0.431042 -0.079403 -0.041030 -0.763903
    31 1.719578 0.000004 0.000000 0.000000 -0.007973 -0.582418
    32 1.209185 0.000002 0.000000 0.000001 -0.004461 -0.471628
    33 3.859838 -0.148937 -1.331282 -0.350881 -0.029424 -0.716187
    34 1.719423 0.000002 0.000000 0.000001 -0.006611 -0.578953
    35 1.099667 0.000002 0.000000 0.000000 -0.004211 -0.597741
    36 0.806021 -0.359837 -1.318334 1.096823 0.367421 -1.417088
    37 1.789782 0.000000 -0.000004 0.000000 0.000000 0.265284
    38 1.206999 0.000003 0.000002 0.000000 0.000000 0.310702
    39 3.483999 -2.623365 0.559219 0.000000 0.000000 0.000000
    40 -29.453125 -11.093750 6.648438 0.000000 0.000000 0.000000
  time 9
    0 -0.999512 -0.744141 -9.226563 -1.570781 -1.391896 -1.570809
    1 2.033349 1.000767 1.937660 1.596637 -1.286515 2.942961
    2 6.028141 0.000000 0.000000 -1.578696 -0.408157 -1.282402
    3 11.692554 0.000001 0.000002 0.000000 0.000000 -1.224249
    4 11.481674 0.000001 -0.000032 1.573168 -0.028074 0.044378
    5 3.859709 -0.142404 -1.191975 -0.476793 0.134331 -0.965122
    6 1.312555 -0.000002 0.000001 0.000000 0.000000 -0.279217
    7 0.729363 -0.000002 -0.000002 0.000000 0.000000 -0.096880
    8 3.942335 0.046767 -0.431443 -0.145073 0.087435 -0.741654
    9 1.539097 0.000000 0.000000 0.000000 0.000000 -0.309339
    10 1.196326 -0.000002 -0.000001 0.000000 0.000000 -0.521230
    11 3.883696 -0.046765 0.431443 0.085902 0.021830 -0.587867
    12 1.719570 -0.000004 -0.000001 0.000000 0.005516 -0.366478
    13 1.209171 -0.000002 0.000000 0.000000 0.003084 -0.216400
    14 3.859865 -0.137947 1.332466 0.354449 -0.042750 -0.531718
    15 1.719429 0.000002 -0.000001 0.000000 0.004074 -0.363009
    16 1.099665 0.000000 0.000000 0.000000 0.002596 -0.244331
    17 0.806053 -0.348925 1.321258 -1.166382 -0.626621 -0.921969
    18 1.789780 -0.000002 0.000002 0.000000 0.000000 0.189105
    19 1.207006 0.000000 0.000000 0.000000 0.000000 0.306015
    20 2.033356 1.000772 -1.937610 -1.668474 1.286518 2.942953
    21 6.028144 0.000000 0.000000 1.793497 1.387464 -0.780405
    22 11.692554 0.000001 0.000003 0.000000 0.000000 -0.668869
    23 11.481697 0.000001 0.000002 -1.846864 0.008434 0.043643
    24 3.859678 -0.132570 1.193109 0.455258 -0.194140 -0.840969
    25 1.312557 -0.000002 0.000001 0.000000 0.000000 -0.517222
    26 0.729365 0.000002 -0.000002 0.000000 0.000000 -0.174086
    27 3.942305 0.050327 0.431044 0.155567 -0.059704 -0.874034
    28 1.539099 -0.000002 0.000000 0.000000 0.000000 -0.247837
    29 1.196321 0.000008 0.000000 0.000000 0.000000 -0.751741
    30 3.883661 -0.050323 -0.431042 -0.079403 -0.041030 -0.763903
    31 1.719578 0.000004 0.000000 0.000000 -0.007973 -0.582418
    32 1.209185 0.000002 0.000000 0.000001 -0.004461 -0.471628
    33 3.859838 -0.148937 -1.331282 -0.350881 -0.029424 -0.716187
    34 1.719423 0.000002 0.000000 0.000001 -0.006611 -0.578953
    35 1.099667 0.000002 0.000000 0.000000 -0.004211 -0.597741
    36 0.806021 -0.359837 -1.318334 1.096823 0.367421 -1.417088
    37 1.789782 0.000000 -0.000004 0.000000 0.000000 0.265284
    38 1.206999 0.000003 0.000002 0.000000 0.000000 0.310702
    39 3.483999 -2.623365 0.559219 0.000000 0.000000 0.000000
    40 -29.453125 -11.093750 6.648438 0.000000 0.000000 0.000000
  time 10
    0 -0.999512 -0.744141 -9.226563 -1.570781 -1.391896 -1.570809
    1 2.033349 1.000767 1.937660 1.596637 -1.286515 2.942961
    2 6.028141 0.000000 0.000000 -1.578696 -0.408157 -1.282402
    3 11.692554 0.000001 0.000002 0.000000 0.000000 -1.224249
    4 11.481674 0.000001 -0.000032 1.573168 -0.028074 0.044378
    5 3.859709 -0.142404 -1.191975 -0.476793 0.134331 -0.965122
    6 1.312555 -0.000002 0.000001 0.000000 0.000000 -0.279217
    7 0.729363 -0.000002 -0.000002 0.000000 0.000000 -0.096880
    8 3.942335 0.046767 -0.431443 -0.145073 0.087435 -0.741654
    9 1.539097 0.000000 0.000000 0.000000 0.000000 -0.309339
    10 1.196326 -0.000002 -0.000001 0.000000 0.000000 -0.521230
    11 3.883696 -0.046765 0.431443 0.085902 0.021830 -0.587867
    12 1.719570 -0.000004 -0.000001 0.000000 0.005516 -0.366478
    13 1.209171 -0.000002 0.000000 0.000000 0.003084 -0.216400
    14 3.859865 -0.137947 1.332466 0.354449 -0.042750 -0.531718
    15 1.719429 0.000002 -0.000001 0.000000 0.004074 -0.363009
    16 1.099665 0.000000 0.000000 0.000000 0.002596 -0.244331
    17 0.806053 -0.348925 1.321258 -1.166382 -0.626621 -0.921969
    18 1.789780 -0.000002 0.000002 0.000000 0.000000 0.189105
    19 1.207006 0.000000 0.000000 0.000000 0.000000 0.306015
    20 2.033356 1.000772 -1.937610 -1.668474 1.286518 2.942953
    21 6.028144 0.000000 0.000000 1.793638 1.387549 -0.780251
    22 11.692554 0.000001 0.000003 0.000000 0.000000 -0.668630
    23 11.481697 0.000001 0.000002 -1.847838 0.008434 0.043643
    24 3.859678 -0.132570 1.193109 0.455258 -0.194140 -0.840969
    25 1.312557 -0.000002 0.000001 0.000000 0.000000 -0.517222
    26 0.729365 0.000002 -0.000002 0.000000 0.000000 -0.174086
    27 3.942305 0.050327 0.431044 0.155567 -0.059704 -0.874034
    28 1.539099 -0.000002 0.000000 0.000000 0.000000 -0.247824
    29 1.196321 0.000008 0.000000 0.000000 0.000000 -0.751741
    30 3.883661 -0.050323 -0.431042 -0.079403 -0.041030 -0.763903
    31 1.719578 0.000004 0.000000 0.000000 -0.007973 -0.582418
    32 1.209185 0.000002 0.000000 0.000001 -0.004461 -0.471628
    33 3.859838 -0.148937 -1.331282 -0.350881 -0.029424 -0.716187
    34 1.719423 0.000002 0.000000 0.000001 -0.006611 -0.578953
    35 1.099667 0.000002 0.000000 0.000000 -0.004211 -0.597741
    36 0.806021 -0.359837 -1.318334 1.096823 0.367421 -1.417088
    37 1.789782 0.000000 -0.000004 0.000000 0.000000 0.265284
    38 1.206999 0.000003 0.000002 0.000000 0.000000 0.310702
    39 3.483999 -2.623365 0.559219 0.000000 0.000000 0.000000
    40 -29.453125 -11.093750 6.648438 0.000000 0.000000 0.000000
  time 11
    0 -0.999512 -0.744141 -9.226563 -1.570781 -1.391896 -1.570809
    1 2.033349 1.000767 1.937660 1.596637 -1.286515 2.942961
    2 6.028141 0.000000 0.000000 -1.578696 -0.408157 -1.282402
    3 11.692554 0.000001 0.000002 0.000000 0.000000 -1.224249
    4 11.481674 0.000001 -0.000032 1.573168 -0.028074 0.044378
    5 3.859709 -0.142404 -1.191975 -0.476793 0.134331 -0.965122
    6 1.312555 -0.000002 0.000001 0.000000 0.000000 -0.279217
    7 0.729363 -0.000002 -0.000002 0.000000 0.000000 -0.096880
    8 3.942335 0.046767 -0.431443 -0.145073 0.087435 -0.741654
    9 1.539097 0.000000 0.000000 0.000000 0.000000 -0.309339
    10 1.196326 -0.000002 -0.000001 0.000000 0.000000 -0.521230
    11 3.883696 -0.046765 0.431443 0.085902 0.021830 -0.587867
    12 1.719570 -0.000004 -0.000001 0.000000 0.005516 -0.366478
    13 1.209171 -0.000002 0.000000 0.000000 0.003084 -0.216400
    14 3.859865 -0.137947 1.332466 0.354449 -0.042750 -0.531718
    15 1.719429 0.000002 -0.000001 0.000000 0.004074 -0.363009
    16 1.099665 0.000000 0.000000 0.000000 0.002596 -0.244331
    17 0.806053 -0.348925 1.321258 -1.166382 -0.626621 -0.921969
    18 1.789780 -0.000002 0.000002 0.000000 0.000000 0.189105
    19 1.207006 0.000000 0.000000 0.000000 0.000000 0.306015
    20 2.033356 1.000772 -1.937610 -1.668474 1.286518 2.942953
    21 6.028144 0.000000 0.000000 1.793732 1.387677 -0.780149
    22 11.692554 0.000001 0.000003 0.000000 0.000000 -0.668391
    23 11.481697 0.000001 0.000002 -1.848722 0.008434 0.043643
    24 3.859678 -0.132570 1.193109 0.455258 -0.194140 -0.840969
    25 1.312557 -0.000002 0.000001 0.000000 0.000000 -0.517222
    26 0.729365 0.000002 -0.000002 0.000000 0.000000 -0.174086
    27 3.942305 0.050327 0.431044 0.155567 -0.059704 -0.874048
    28 1.539099 -0.000002 0.000000 0.000000 0.000000 -0.247837
    29 1.196321 0.000008 0.000000 0.000000 0.000000 -0.751741
    30 3.883661 -0.050323 -0.431042 -0.079403 -0.041030 -0.763903
    31 1.719578 0.000004 0.000000 0.000000 -0.007973 -0.582418
    32 1.209185 0.000002 0.000000 0.000001 -0.004461 -0.471628
    33 3.859838 -0.148937 -1.331282 -0.350881 -0.029424 -0.716187
    34 1.719423 0.000002 0.000000 0.000001 -0.006611 -0.578953
    35 1.099667 0.000002 0.000000 0.000000 -0.004211 -0.597741
    36 0.806021 -0.359837 -1.318334 1.096823 0.367421 -1.417088
    37 1.789782 0.000000 -0.000004 0.000000 0.000000 0.265284
    38 1.206999 0.000003 0.000002 0.000000 0.000000 0.310702
    39 3.483999 -2.623365 0.559219 0.000000 0.000000 0.000000
    40 -29.453125 -11.093750 6.648438 0.000000 0.000000 0.000000
  time 12
    0 -0.999512 -0.744141 -9.226563 -1.570781 -1.391896 -1.570809
    1 2.033349 1.000767 1.937660 1.596637 -1.286515 2.942961
    2 6.028141 0.000000 0.000000 -1.578696 -0.408157 -1.282402
    3 11.692554 0.000001 0.000002 0.000000 0.000000 -1.224249
    4 11.481674 0.000001 -0.000032 1.573168 -0.028074 0.044378
    5 3.859709 -0.142404 -1.191975 -0.476793 0.134331 -0.965122
    6 1.312555 -0.000002 0.000001 0.000000 0.000000 -0.279217
    7 0.729363 -0.000002 -0.000002 0.000000 0.000000 -0.096880
    8 3.942335 0.046767 -0.431443 -0.145073 0.087435 -0.741654
    9 1.539097 0.000000 0.000000 0.000000 0.000000 -0.309339
    10 1.196326 -0.000002 -0.000001 0.000000 0.000000 -0.521230
    11 3.883696 -0.046765 0.431443 0.085902 0.021830 -0.587867
    12 1.719570 -0.000004 -0.000001 0.000000 0.005516 -0.366478
    13 1.209171 -0.000002 0.000000 0.000000 0.003084 -0.216400
    14 3.859865 -0.137947 1.332466 0.354449 -0.042750 -0.531718
    15 1.719429 0.000002 -0.000001 0.000000 0.004074 -0.363009
    16 1.099665 0.000000 0.000000 0.000000 0.002596 -0.244331
    17 0.806053 -0.348925 1.321258 -1.166382 -0.626621 -0.921969
    18 1.789780 -0.000002 0.000002 0.000000 0.000000 0.189105
    19 1.207006 0.000000 0.000000 0.000000 0.000000 0.306015
    20 2.033356 1.000772 -1.937610 -1.668474 1.286518 2.942953
    21 6.028144 0.000000 0.000000 1.793873 1.387762 -0.779995
    22 11.692554 0.000001 0.000003 0.000000 0.000000 -0.668200
    23 11.481697 0.000001 0.000002 -1.849452 0.008434 0.043643
    24 3.859678 -0.132570 1.193109 0.455258 -0.194140 -0.840969
    25 1.312557 -0.000002 0.000001 0.000000 0.000000 -0.517222
    26 0.729365 0.000002 -0.000002 0.000000 0.000000 -0.174086
    27 3.942305 0.050327 0.431044 0.155567 -0.059704 -0.874048
    28 1.539099 -0.000002 0.000000 0.000000 0.000000 -0.247824
    29 1.196321 0.000008 0.000000 0.000000 0.000000 -0.751741
    30 3.883661 -0.050323 -0.431042 -0.079403 -0.041030 -0.763903
    31 1.719578 0.000004 0.000000 0.000000 -0.007973 -0.582418
    32 1.209185 0.000002 0.000000 0.000001 -0.004461 -0.471628
    33 3.859838 -0.148937 -1.331282 -0.350881 -0.029424 -0.716187
    34 1.719423 0.000002 0.000000 0.000001 -0.006611 -0.578953
    35 1.099667 0.000002 0.000000 0.000000 -0.004211 -0.597741
    36 0.806021 -0.359837 -1.318334 1.096823 0.367421 -1.417088
    37 1.789782 0.000000 -0.000004 0.000000 0.000000 0.265284
    38 1.206999 0.000003 0.000002 0.000000 0.000000 0.310702
    39 3.483999 -2.623365 0.559219 0.000000 0.000000 0.000000
    40 -29.453125 -11.093750 6.648438 0.000000 0.000000 0.000000
  time 13
    0 -0.999512 -0.744141 -9.226563 -1.570781 -1.391896 -1.570809
    1 2.033349 1.000767 1.937660 1.596637 -1.286515 2.942961
    2 6.028141 0.000000 0.000000 -1.578696 -0.408157 -1.282402
    3 11.692554 0.000001 0.000002 0.000000 0.000000 -1.224249
    4 11.481674 0.000001 -0.000032 1.573168 -0.028074 0.044378
    5 3.859709 -0.142404 -1.191975 -0.476793 0.134331 -0.965122
    6 1.312555 -0.000002 0.000001 0.000000 0.000000 -0.279217
    7 0.729363 -0.000002 -0.000002 0.000000 0.000000 -0.096880
    8 3.942335 0.046767 -0.431443 -0.145073 0.087435 -0.741654
    9 1.539097 0.000000 0.000000 0.000000 0.000000 -0.309339
    10 1.196326 -0.000002 -0.000001 0.000000 0.000000 -0.521230
    11 3.883696 -0.046765 0.431443 0.085902 0.021830 -0.587867
    12 1.719570 -0.000004 -0.000001 0.000000 0.005516 -0.366478
    13 1.209171 -0.000002 0.000000 0.000000 0.003084 -0.216400
    14 3.859865 -0.137947 1.332466 0.354449 -0.042750 -0.531718
    15 1.719429 0.000002 -0.000001 0.000000 0.004074 -0.363009
    16 1.099665 0.000000 0.000000 0.000000 0.002596 -0.244331
    17 0.806053 -0.348925 1.321258 -1.166382 -0.626621 -0.921969
    18 1.789780 -0.000002 0.000002 0.000000 0.000000 0.189105
    19 1.207006 0.000000 0.000000 0.000000 0.000000 0.306015
    20 2.033356 1.000772 -1.937610 -1.668474 1.286518 2.942953
    21 6.028144 0.000000 0.000000 1.793967 1.387848 -0.779892
    22 11.692554 0.000001 0.000003 0.000000 0.000000 -0.668008
    23 11.481697 0.000001 0.000002 -1.850031 0.008434 0.043643
    24 3.859678 -0.132570 1.193109 0.455258 -0.194140 -0.840969
    25 1.312557 -0.000002 0.000001 0.000000 0.000000 -0.517222
    26 0.729365 0.000002 -0.000002 0.000000 0.000000 -0.174086
    27 3.942305 0.050327 0.431044 0.155567 -0.059704 -0.874048
    28 1.539099 -0.000002 0.000000 0.000000 0.000000 -0.247837
    29 1.196321 0.000008 0.000000 0.000000 0.000000 -0.751741
    30 3.883661 -0.050323 -0.431042 -0.079403 -0.041030 -0.763903
    31 1.719578 0.000004 0.000000 0.000000 -0.007973 -0.582418
    32 1.209185 0.000002 0.000000 0.000001 -0.004461 -0.471628
    33 3.859838 -0.148937 -1.331282 -0.350881 -0.029424 -0.716187
    34 1.719423 0.000002 0.000000 0.000001 -0.006611 -0.578953
    35 1.099667 0.000002 0.000000 0.000000 -0.004211 -0.597741
    36 0.806021 -0.359837 -1.318334 1.096823 0.367421 -1.417088
    37 1.789782 0.000000 -0.000004 0.000000 0.000000 0.265284
    38 1.206999 0.000003 0.000002 0.000000 0.000000 0.310702
    39 3.483999 -2.623365 0.559219 0.000000 0.000000 0.000000
    40 -29.453125 -11.093750 6.648438 0.000000 0.000000 0.000000
  time 14
    0 -0.999512 -0.744141 -9.226563 -1.570781 -1.391896 -1.570809
    1 2.033349 1.000767 1.937660 1.596637 -1.286515 2.942961
    2 6.028141 0.000000 0.000000 -1.578696 -0.408157 -1.282402
    3 11.692554 0.000001 0.000002 0.000000 0.000000 -1.224249
    4 11.481674 0.000001 -0.000032 1.573168 -0.028074 0.044378
    5 3.859709 -0.142404 -1.191975 -0.476793 0.134331 -0.965122
    6 1.312555 -0.000002 0.000001 0.000000 0.000000 -0.279217
    7 0.729363 -0.000002 -0.000002 0.000000 0.000000 -0.096880
    8 3.942335 0.046767 -0.431443 -0.145073 0.087435 -0.741654
    9 1.539097 0.000000 0.000000 0.000000 0.000000 -0.309339
    10 1.196326 -0.000002 -0.000001 0.000000 0.000000 -0.521230
    11 3.883696 -0.046765 0.431443 0.085902 0.021830 -0.587867
    12 1.719570 -0.000004 -0.000001 0.000000 0.005516 -0.366478
    13 1.209171 -0.000002 0.000000 0.000000 0.003084 -0.216400
    14 3.859865 -0.137947 1.332466 0.354449 -0.042750 -0.531718
    15 1.719429 0.000002 -0.000001 0.000000 0.004074 -0.363009
    16 1.099665 0.000000 0.000000 0.000000 0.002596 -0.244331
    17 0.806053 -0.348925 1.321258 -1.166382 -0.626621 -0.921969
    18 1.789780 -0.000002 0.000002 0.000000 0.000000 0.189105
    19 1.207006 0.000000 0.000000 0.000000 0.000000 0.306015
    20 2.033356 1.000772 -1.937610 -1.668474 1.286518 2.942953
    21 6.028144 0.000000 0.000000 1.794061 1.387933 -0.779790
    22 11.692554 0.000001 0.000003 0.000000 0.000000 -0.667865
    23 11.481697 0.000001 0.000002 -1.850488 0.008434 0.043643
    24 3.859678 -0.132570 1.193109 0.455258 -0.194140 -0.840981
    25 1.312557 -0.000002 0.000001 0.000000 0.000000 -0.517222
    26 0.729365 0.000002 -0.000002 0.000000 0.000000 -0.174086
    27 3.942305 0.050327 0.431044 0.155567 -0.059704 -0.874048
    28 1.539099 -0.000002 0.000000 0.000000 0.000000 -0.247837
    29 1.196321 0.000008 0.000000 0.000000 0.000000 -0.751741
    30 3.883661 -0.050323 -0.431042 -0.079403 -0.041030 -0.763903
    31 1.719578 0.000004 0.000000 0.000000 -0.007973 -0.582418
    32 1.209185 0.000002 0.000000 0.000001 -0.004461 -0.471628
    33 3.859838 -0.148937 -1.331282 -0.350881 -0.029424 -0.716187
    34 1.719423 0.000002 0.000000 0.000001 -0.006611 -0.578953
    35 1.099667 0.000002 0.000000 0.000000 -0.004211 -0.597741
    36 0.806021 -0.359837 -1.318334 1.096823 0.367421 -1.417088
    37 1.789782 0.000000 -0.000004 0.000000 0.000000 0.265284
    38 1.206999 0.000003 0.000002 0.000000 0.000000 0.310702
    39 3.483999 -2.623365 0.559219 0.000000 0.000000 0.000000
    40 -29.453125 -11.093750 6.648438 0.000000 0.000000 0.000000
  time 15
    0 -0.999512 -0.744141 -9.226563 -1.570781 -1.391896 -1.570809
    1 2.033349 1.000767 1.937660 1.596637 -1.286515 2.942961
    2 6.028141 0.000000 0.000000 -1.578696 -0.408157 -1.282402
    3 11.692554 0.000001 0.000002 0.000000 0.000000 -1.224249
    4 11.481674 0.000001 -0.000032 1.573168 -0.028074 0.044378
    5 3.859709 -0.142404 -1.191975 -0.476793 0.134331 -0.965122
    6 1.312555 -0.000002 0.000001 0.000000 0.000000 -0.279217
    7 0.729363 -0.000002 -0.000002 0.000000 0.000000 -0.096880
    8 3.942335 0.046767 -0.431443 -0.145073 0.087435 -0.741654
    9 1.539097 0.000000 0.000000 0.000000 0.000000 -0.309339
    10 1.196326 -0.000002 -0.000001 0.000000 0.000000 -0.521230
    11 3.883696 -0.046765 0.431443 0.085902 0.021830 -0.587867
    12 1.719570 -0.000004 -0.000001 0.000000 0.005516 -0.366478
    13 1.209171 -0.000002 0.000000 0.000000 0.003084 -0.216400
    14 3.859865 -0.137947 1.332466 0.354449 -0.042750 -0.531718
    15 1.719429 0.000002 -0.000001 0.000000 0.004074 -0.363009
    16 1.099665 0.000000 0.000000 0.000000 0.002596 -0.244331
    17 0.806053 -0.348925 1.321258 -1.166382 -0.626621 -0.921969
    18 1.789780 -0.000002 0.000002 0.000000 0.000000 0.189105
    19 1.207006 0.000000 0.000000 0.000000 0.000000 0.306015
    20 2.033356 1.000772 -1.937610 -1.668474 1.286518 2.942953
    21 6.028144 0.000000 0.000000 1.794155 1.387976 -0.779738
    22 11.692554 0.000001 0.000003 0.000000 0.000000 -0.667722
    23 11.481697 0.000001 0.000002 -1.850792 0.008434 0.043643
    24 3.859678 -0.132570 1.193109 0.455258 -0.194140 -0.840981
    25 1.312557 -0.000002 0.000001 0.000000 0.000000 -0.517222
    26 0.729365 0.000002 -0.000002 0.000000 0.000000 -0.174086
    27 3.942305 0.050327 0.431044 0.155579 -0.059704 -0.874062
    28 1.539099 -0.000002 0.000000 0.000000 0.000000 -0.247837
    29 1.196321 0.000008 0.000000 0.000000 0.000000 -0.751741
    30 3.883661 -0.050323 -0.431042 -0.079403 -0.041030 -0.763903
    31 1.719578 0.000004 0.000000 0.000000 -0.007973 -0.582418
    32 1.209185 0.000002 0.000000 0.000001 -0.004461 -0.471628
    33 3.859838 -0.148937 -1.331282 -0.350881 -0.029424 -0.716187
    34 1.719423 0.000002 0.000000 0.000001 -0.006611 -0.578953
    35 1.099667 0.000002 0.000000 0.000000 -0.004211 -0.597741
    36 0.806021 -0.359837 -1.318334 1.096823 0.367421 -1.417088
    37 1.789782 0.000000 -0.000004 0.000000 0.000000 0.265284
    38 1.206999 0.000003 0.000002 0.000000 0.000000 0.310702
    39 3.483999 -2.623365 0.559219 0.000000 0.000000 0.000000
    40 -29.453125 -11.093750 6.648438 0.000000 0.000000 0.000000
  time 16
    0 -0.999512 -0.744141 -9.226563 -1.570781 -1.391896 -1.570809
    1 2.033349 1.000767 1.937660 1.596637 -1.286515 2.942961
    2 6.028141 0.000000 0.000000 -1.578696 -0.408157 -1.282402
    3 11.692554 0.000001 0.000002 0.000000 0.000000 -1.224249
    4 11.481674 0.000001 -0.000032 1.573168 -0.028074 0.044378
    5 3.859709 -0.142404 -1.191975 -0.476793 0.134331 -0.965122
    6 1.312555 -0.000002 0.000001 0.000000 0.000000 -0.279217
    7 0.729363 -0.000002 -0.000002 0.000000 0.000000 -0.096880
    8 3.942335 0.046767 -0.431443 -0.145073 0.087435 -0.741654
    9 1.539097 0.000000 0.000000 0.000000 0.000000 -0.309339
    10 1.196326 -0.000002 -0.000001 0.000000 0.000000 -0.521230
    11 3.883696 -0.046765 0.431443 0.085902 0.021830 -0.587867
    12 1.719570 -0.000004 -0.000001 0.000000 0.005516 -0.366478
    13 1.209171 -0.000002 0.000000 0.000000 0.003084 -0.216400
    14 3.859865 -0.137947 1.332466 0.354449 -0.042750 -0.531718
    15 1.719429 0.000002 -0.000001 0.000000 0.004074 -0.363009
    16 1.099665 0.000000 0.000000 0.000000 0.002596 -0.244331
    17 0.806053 -0.348925 1.321258 -1.166382 -0.626621 -0.921969
    18 1.789780 -0.000002 0.000002 0.000000 0.000000 0.189105
    19 1.207006 0.000000 0.000000 0.000000 0.000000 0.306015
    20 2.033356 1.000772 -1.937610 -1.668474 1.286518 2.942953
    21 6.028144 0.000000 0.000000 1.794202 1.388018 -0.779687
    22 11.692554 0.000001 0.000003 0.000000 0.000000 -0.667626
    23 11.481697 0.000001 0.000002 -1.850914 0.008434 0.043643
    24 3.859678 -0.132570 1.193109 0.455258 -0.194140 -0.840981
    25 1.312557 -0.000002 0.000001 0.000000 0.000000 -0.517222
    26 0.729365 0.000002 -0.000002 0.000000 0.000000 -0.174086
    27 3.942305 0.050327 0.431044 0.155579 -0.059704 -0.874062
    28 1.539099 -0.000002 0.000000 0.000000 0.000000 -0.247824
    29 1.196321 0.000008 0.000000 0.000000 0.000000 -0.751741
    30 3.883661 -0.050323 -0.431042 -0.079403 -0.041030 -0.763903
    31 1.719578 0.000004 0.000000 0.000000 -0.007973 -0.582418
    32 1.209185 0.000002 0.000000 0.000001 -0.004461 -0.471628
    33 3.859838 -0.148937 -1.331282 -0.350881 -0.029424 -0.716187
    34 1.719423 0.000002 0.000000 0.000001 -0.006611 -0.578953
    35 1.099667 0.000002 0.000000 0.000000 -0.004211 -0.597741
    36 0.806021 -0.359837 -1.318334 1.096823 0.367421 -1.417088
    37 1.789782 0.000000 -0.000004 0.000000 0.000000 0.265284
    38 1.206999 0.000003 0.000002 0.000000 0.000000 0.310702
    39 3.483999 -2.623365 0.559219 0.000000 0.000000 0.000000
    40 -29.453125 -11.093750 6.648438 0.000000 0.000000 0.000000
  time 17
    0 -0.999512 -0.744141 -9.226563 -1.570781 -1.391896 -1.570809
    1 2.033349 1.000767 1.937660 1.596637 -1.286515 2.942961
    2 6.028141 0.000000 0.000000 -1.578696 -0.408157 -1.282402
    3 11.692554 0.000001 0.000002 0.000000 0.000000 -1.224249
    4 11.481674 0.000001 -0.000032 1.573168 -0.028074 0.044378
    5 3.859709 -0.142404 -1.191975 -0.476793 0.134331 -0.965122
    6 1.312555 -0.000002 0.000001 0.000000 0.000000 -0.279217
    7 0.729363 -0.000002 -0.000002 0.000000 0.000000 -0.096880
    8 3.942335 0.046767 -0.431443 -0.145073 0.087435 -0.741654
    9 1.539097 0.000000 0.000000 0.000000 0.000000 -0.309339
    10 1.196326 -0.000002 -0.000001 0.000000 0.000000 -0.521230
    11 3.883696 -0.046765 0.431443 0.085902 0.021830 -0.587867
    12 1.719570 -0.000004 -0.000001 0.000000 0.005516 -0.366478
    13 1.209171 -0.000002 0.000000 0.000000 0.003084 -0.216400
    14 3.859865 -0.137947 1.332466 0.354449 -0.042750 -0.531718
    15 1.719429 0.000002 -0.000001 0.000000 0.004074 -0.363009
    16 1.099665 0.000000 0.000000 0.000000 0.002596 -0.244331
    17 0.806053 -0.348925 1.321258 -1.166382 -0.626621 -0.921969
    18 1.789780 -0.000002 0.000002 0.000000 0.000000 0.189105
    19 1.207006 0.000000 0.000000 0.000000 0.000000 0.306015
    20 2.033356 1.000772 -1.937610 -1.668474 1.286518 2.942953
    21 6.028144 0.000000 0.000000 1.794249 1.388061 -0.779636
    22 11.692554 0.000001 0.000003 0.000000 0.000000 -0.667578
    23 11.481697 0.000001 0.000002 -1.850731 0.008434 0.043643
    24 3.859678 -0.132570 1.193109 0.455258 -0.194140 -0.840981
    25 1.312557 -0.000002 0.000001 0.000000 0.000000 -0.517222
    26 0.729365 0.000002 -0.000002 0.000000 0.000000 -0.174086
    27 3.942305 0.050327 0.431044 0.155579 -0.059704 -0.874062
    28 1.539099 -0.000002 0.000000 0.000000 0.000000 -0.247837
    29 1.196321 0.000008 0.000000 0.000000 0.000000 -0.751741
    30 3.883661 -0.050323 -0.431042 -0.079403 -0.041030 -0.763903
    31 1.719578 0.000004 0.000000 0.000000 -0.007973 -0.582418
    32 1.209185 0.000002 0.000000 0.000001 -0.004461 -0.471628
    33 3.859838 -0.148937 -1.331282 -0.350881 -0.029424 -0.716187
    34 1.719423 0.000002 0.000000 0.000001 -0.006611 -0.578953
    35 1.099667 0.000002 0.000000 0.000000 -0.004211 -0.597741
    36 0.806021 -0.359837 -1.318334 1.096823 0.367421 -1.417088
    37 1.789782 0.000000 -0.000004 0.000000 0.000000 0.265284
    38 1.206999 0.000003 0.000002 0.000000 0.000000 0.310702
    39 3.483999 -2.623365 0.559219 0.000000 0.000000 0.000000
    40 -29.453125 -11.093750 6.648438 0.000000 0.000000 0.000000
  time 18
    0 -0.999512 -0.744141 -9.226563 -1.570781 -1.391896 -1.570809
    1 2.033349 1.000767 1.937660 1.596637 -1.286515 2.942961
    2 6.028141 0.000000 0.000000 -1.578696 -0.408157 -1.282402
    3 11.692554 0.000001 0.000002 0.000000 0.000000 -1.224249
    4 11.481674 0.000001 -0.000032 1.573168 -0.028074 0.044378
    5 3.859709 -0.142404 -1.191975 -0.476793 0.134331 -0.965122
    6 1.312555 -0.000002 0.000001 0.000000 0.000000 -0.279217
    7 0.729363 -0.000002 -0.000002 0.000000 0.000000 -0.096880
    8 3.942335 0.046767 -0.431443 -0.145073 0.087435 -0.741654
    9 1.539097 0.000000 0.000000 0.000000 0.000000 -0.309339
    10 1.196326 -0.000002 -0.000001 0.000000 0.000000 -0.521230
    11 3.883696 -0.046765 0.431443 0.085902 0.021830 -0.587867
    12 1.719570 -0.000004 -0.000001 0.000000 0.005516 -0.366478
    13 1.209171 -0.000002 0.000000 0.000000 0.003084 -0.216400
    14 3.859865 -0.137947 1.332466 0.354449 -0.042750 -0.531718
    15 1.719429 0.000002 -0.000001 0.000000 0.004074 -0.363009
    16 1.099665 0.000000 0.000000 0.000000 0.002596 -0.244331
    17 0.806053 -0.348925 1.321258 -1.166382 -0.626621 -0.921969
    18 1.789780 -0.000002 0.000002 0.000000 0.000000 0.189105
    19 1.207006 0.000000 0.000000 0.000000 0.000000 0.306015
    20 2.033356 1.000772 -1.937610 -1.668474 1.286518 2.942953
    21 6.028144 0.000000 0.000000 1.794249 1.388061 -0.779636
    22 11.692554 0.000001 0.000003 0.000000 0.000000 -0.667530
    23 11.481697 0.000001 0.000002 -1.849909 0.008434 0.043643
    24 3.859678 -0.132570 1.193109 0.455258 -0.194140 -0.840981
    25 1.312557 -0.000002 0.000001 0.000000 0.000000 -0.517222
    26 0.729365 0.000002 -0.000002 0.000000 0.000000 -0.174086
    27 3.942305 0.050327 0.431044 0.155579 -0.059704 -0.874076
    28 1.539099 -0.000002 0.000000 0.000000 0.000000 -0.247824
    29 1.196321 0.000008 0.000000 0.000000 0.000000 -0.751741
    30 3.883661 -0.050323 -0.431042 -0.079403 -0.041030 -0.763903
    31 1.719578 0.000004 0.000000 0.000000 -0.007973 -0.582418
    32 1.209185 0.000002 0.000000 0.000001 -0.004461 -0.471628
    33 3.859838 -0.148937 -1.331282 -0.350881 -0.029424 -0.716187
    34 1.719423 0.000002 0.000000 0.000001 -0.006611 -0.578953
    35 1.099667 0.000002 0.000000 0.000000 -0.004211 -0.597741
    36 0.806021 -0.359837 -1.318334 1.096823 0.367421 -1.417088
    37 1.789782 0.000000 -0.000004 0.000000 0.000000 0.265284
    38 1.206999 0.000003 0.000002 0.000000 0.000000 0.310702
    39 3.483999 -2.623365 0.559219 0.000000 0.000000 0.000000
    40 -29.453125 -11.093750 6.648438 0.000000 0.000000 0.000000
  time 19
    0 -0.999512 -0.744141 -9.226563 -1.570781 -1.391896 -1.570809
    1 2.033349 1.000767 1.937660 1.596637 -1.286515 2.942961
    2 6.028141 0.000000 0.000000 -1.578696 -0.408157 -1.282402
    3 11.692554 0.000001 0.000002 0.000000 0.000000 -1.224249
    4 11.481674 0.000001 -0.000032 1.573168 -0.028074 0.044378
    5 3.859709 -0.142404 -1.191975 -0.476793 0.134331 -0.965122
    6 1.312555 -0.000002 0.000001 0.000000 0.000000 -0.279217
    7 0.729363 -0.000002 -0.000002 0.000000 0.000000 -0.096880
    8 3.942335 0.046767 -0.431443 -0.145073 0.087435 -0.741654
    9 1.539097 0.000000 0.000000 0.000000 0.000000 -0.309339
    10 1.196326 -0.000002 -0.000001 0.000000 0.000000 -0.521230
    11 3.883696 -0.046765 0.431443 0.085902 0.021830 -0.587867
    12 1.719570 -0.000004 -0.000001 0.000000 0.005516 -0.366478
    13 1.209171 -0.000002 0.000000 0.000000 0.003084 -0.216400
    14 3.859865 -0.137947 1.332466 0.354449 -0.042750 -0.531718
    15 1.719429 0.000002 -0.000001 0.000000 0.004074 -0.363009
    16 1.099665 0.000000 0.000000 0.000000 0.002596 -0.244331
    17 0.806053 -0.348925 1.321258 -1.166382 -0.626621 -0.921969
    18 1.789780 -0.000002 0.000002 0.000000 0.000000 0.189105
    19 1.207006 0.000000 0.000000 0.000000 0.000000 0.306015
    20 2.033356 1.000772 -1.937610 -1.668474 1.286518 2.942953
    21 6.028144 0.000000 0.000000 1.794108 1.387933 -0.779790
    22 11.692554 0.000001 0.000003 0.000000 0.000000 -0.667817
    23 11.481697 0.000001 0.000002 -1.848661 0.008434 0.043643
    24 3.859678 -0.132570 1.193109 0.455258 -0.194140 -0.840981
    25 1.312557 -0.000002 0.000001 0.000000 0.000000 -0.517222
    26 0.729365 0.000002 -0.000002 0.000000 0.000000 -0.174086
    27 3.942305 0.050327 0.431044 0.155567 -0.059704 -0.874076
    28 1.539099 -0.000002 0.000000 0.000000 0.000000 -0.247837
    29 1.196321 0.000008 0.000000 0.000000 0.000000 -0.751741
    30 3.883661 -0.050323 -0.431042 -0.079403 -0.041030 -0.763903
    31 1.719578 0.000004 0.000000 0.000000 -0.007973 -0.582418
    32 1.209185 0.000002 0.000000 0.000001 -0.004461 -0.471628
    33 3.859838 -0.148937 -1.331282 -0.350881 -0.029424 -0.716187
    34 1.719423 0.000002 0.000000 0.000001 -0.006611 -0.578953
    35 1.099667 0.000002 0.000000 0.000000 -0.004211 -0.597741
    36 0.806021 -0.359837 -1.318334 1.096823 0.367421 -1.417088
    37 1.789782 0.000000 -0.000004 0.000000 0.000000 0.265284
    38 1.206999 0.000003 0.000002 0.000000 0.000000 0.310702
    39 3.483999 -2.623365 0.559219 0.000000 0.000000 0.000000
    40 -29.453125 -11.093750 6.648438 0.000000 0.000000 0.000000
  time 20
    0 -0.999512 -0.744141 -9.226563 -1.570781 -1.391896 -1.570809
    1 2.033349 1.000767 1.937660 1.596637 -1.286515 2.942961
    2 6.028141 0.000000 0.000000 -1.578696 -0.408157 -1.282402
    3 11.692554 0.000001 0.000002 0.000000 0.000000 -1.224249
    4 11.481674 0.000001 -0.000032 1.573168 -0.028074 0.044378
    5 3.859709 -0.142404 -1.191975 -0.476793 0.134331 -0.965122
    6 1.312555 -0.000002 0.000001 0.000000 0.000000 -0.279217
    7 0.729363 -0.000002 -0.000002 0.000000 0.000000 -0.096880
    8 3.942335 0.046767 -0.431443 -0.145073 0.087435 -0.741654
    9 1.539097 0.000000 0.000000 0.000000 0.000000 -0.309339
    10 1.196326 -0.000002 -0.000001 0.000000 0.000000 -0.521230
    11 3.883696 -0.046765 0.431443 0.085902 0.021830 -0.587867
    12 1.719570 -0.000004 -0.000001 0.000000 0.005516 -0.366478
    13 1.209171 -0.000002 0.000000 0.000000 0.003084 -0.216400
    14 3.859865 -0.137947 1.332466 0.354449 -0.042750 -0.531718
    15 1.719429 0.000002 -0.000001 0.000000 0.004074 -0.363009
    16 1.099665 0.000000 0.000000 0.000000 0.002596 -0.244331
    17 0.806053 -0.348925 1.321258 -1.166382 -0.626621 -0.921969
    18 1.789780 -0.000002 0.000002 0.000000 0.000000 0.189105
    19 1.207006 0.000000 0.000000 0.000000 0.000000 0.306015
    20 2.033356 1.000772 -1.937610 -1.668474 1.286518 2.942953
    21 6.028144 0.000000 0.000000 1.793497 1.387464 -0.780405
    22 11.692554 0.000001 0.000003 0.000000 0.000000 -0.668821
    23 11.481697 0.000001 0.000002 -1.847199 0.008434 0.043643
    24 3.859678 -0.132570 1.193109 0.455258 -0.194140 -0.840981
    25 1.312557 -0.000002 0.000001 0.000000 0.000000 -0.517222
    26 0.729365 0.000002 -0.000002 0.000000 0.000000 -0.174086
    27 3.942305 0.050327 0.431044 0.155579 -0.059704 -0.874076
    28 1.539099 -0.000002 0.000000 0.000000 0.000000 -0.247824
    29 1.196321 0.000008 0.000000 0.000000 0.000000 -0.751741
    30 3.883661 -0.050323 -0.431042 -0.079403 -0.041030 -0.763903
    31 1.719578 0.000004 0.000000 0.000000 -0.007973 -0.582418
    32 1.209185 0.000002 0.000000 0.000001 -0.004461 -0.471628
    33 3.859838 -0.148937 -1.331282 -0.350881 -0.029424 -0.716187
    34 1.719423 0.000002 0.000000 0.000001 -0.006611 -0.578953
    35 1.099667 0.000002 0.000000 0.000000 -0.004211 -0.597741
    36 0.806021 -0.359837 -1.318334 1.096823 0.367421 -1.417088
    37 1.789782 0.000000 -0.000004 0.000000 0.000000 0.265284
    38 1.206999 0.000003 0.000002 0.000000 0.000000 0.310702
    39 3.483999 -2.623365 0.559219 0.000000 0.000000 0.000000
    40 -29.453125 -11.093750 6.648438 0.000000 0.000000 0.000000
  time 21
    0 -0.999512 -0.744141 -9.226563 -1.570781 -1.391896 -1.570809
    1 2.033349 1.000767 1.937660 1.596637 -1.286515 2.942961
    2 6.028141 0.000000 0.000000 -1.578696 -0.408157 -1.282402
    3 11.692554 0.000001 0.000002 0.000000 0.000000 -1.224249
    4 11.481674 0.000001 -0.000032 1.573168 -0.028074 0.044378
    5 3.859709 -0.142404 -1.191975 -0.476793 0.134331 -0.965122
    6 1.312555 -0.000002 0.000001 0.000000 0.000000 -0.279217
    7 0.729363 -0.000002 -0.000002 0.000000 0.000000 -0.096880
    8 3.942335 0.046767 -0.431443 -0.145073 0.087435 -0.741654
    9 1.539097 0.000000 0.000000 0.000000 0.000000 -0.309339
    10 1.196326 -0.000002 -0.000001 0.000000 0.000000 -0.521230
    11 3.883696 -0.046765 0.431443 0.085902 0.021830 -0.587867
    12 1.719570 -0.000004 -0.000001 0.000000 0.005516 -0.366478
    13 1.209171 -0.000002 0.000000 0.000000 0.003084 -0.216400
    14 3.859865 -0.137947 1.332466 0.354449 -0.042750 -0.531718
    15 1.719429 0.000002 -0.000001 0.000000 0.004074 -0.363009
    16 1.099665 0.000000 0.000000 0.000000 0.002596 -0.244331
    17 0.806053 -0.348925 1.321258 -1.166382 -0.626621 -0.921969
    18 1.789780 -0.000002 0.000002 0.000000 0.000000 0.189105
    19 1.207006 0.000000 0.000000 0.000000 0.000000 0.306015
    20 2.033356 1.000772 -1.937610 -1.668474 1.286518 2.942953
    21 6.028144 0.000000 0.000000 1.792462 1.386697 -0.781431
    22 11.692554 0.000001 0.000003 0.000000 0.000000 -0.670398
    23 11.481697 0.000001 0.000002 -1.845615 0.008434 0.043643
    24 3.859678 -0.132570 1.193109 0.455258 -0.194140 -0.840981
    25 1.312557 -0.000002 0.000001 0.000000 0.000000 -0.517222
    26 0.729365 0.000002 -0.000002 0.000000 0.000000 -0.174086
    27 3.942305 0.050327 0.431044 0.155579 -0.059704 -0.874076
    28 1.539099 -0.000002 0.000000 0.000000 0.000000 -0.247824
    29 1.196321 0.000008 0.000000 0.000000 0.000000 -0.751741
    30 3.883661 -0.050323 -0.431042 -0.079403 -0.041030 -0.763903
    31 1.719578 0.000004 0.000000 0.000000 -0.007973 -0.582418
    32 1.209185 0.000002 0.000000 0.000001 -0.004461 -0.471628
    33 3.859838 -0.148937 -1.331282 -0.350881 -0.029424 -0.716187
    34 1.719423 0.000002 0.000000 0.000001 -0.006611 -0.578953
    35 1.099667 0.000002 0.000000 0.000000 -0.004211 -0.597741
    36 0.806021 -0.359837 -1.318334 1.096823 0.367421 -1.417088
    37 1.789782 0.000000 -0.000004 0.000000 0.000000 0.265284
    38 1.206999 0.000003 0.000002 0.000000 0.000000 0.310702
    39 3.483999 -2.623365 0.559219 0.000000 0.000000 0.000000
    40 -29.453125 -11.093750 6.648438 0.000000 0.000000 0.000000
  time 22
    0 -0.999512 -0.744141 -9.226563 -1.570781 -1.391896 -1.570809
    1 2.033349 1.000767 1.937660 1.596637 -1.286515 2.942961
    2 6.028141 0.000000 0.000000 -1.578696 -0.408157 -1.282402
    3 11.692554 0.000001 0.000002 0.000000 0.000000 -1.224249
    4 11.481674 0.000001 -0.000032 1.573168 -0.028074 0.044378
    5 3.859709 -0.142404 -1.191975 -0.476793 0.134331 -0.965122
    6 1.312555 -0.000002 0.000001 0.000000 0.000000 -0.279217
    7 0.729363 -0.000002 -0.000002 0.000000 0.000000 -0.096880
    8 3.942335 0.046767 -0.431443 -0.145073 0.087435 -0.741654
    9 1.539097 0.000000 0.000000 0.000000 0.000000 -0.309339
    10 1.196326 -0.000002 -0.000001 0.000000 0.000000 -0.521230
    11 3.883696 -0.046765 0.431443 0.085902 0.021830 -0.587867
    12 1.719570 -0.000004 -0.000001 0.000000 0.005516 -0.366478
    13 1.209171 -0.000002 0.000000 0.000000 0.003084 -0.216400
    14 3.859865 -0.137947 1.332466 0.354449 -0.042750 -0.531718
    15 1.719429 0.000002 -0.000001 0.000000 0.004074 -0.363009
    16 1.099665 0.000000 0.000000 0.000000 0.002596 -0.244331
    17 0.806053 -0.348925 1.321258 -1.166382 -0.626621 -0.921969
    18 1.789780 -0.000002 0.000002 0.000000 0.000000 0.189105
    19 1.207006 0.000000 0.000000 0.000000 0.000000 0.306015
    20 2.033356 1.000772 -1.937610 -1.668474 1.286518 2.942953
    21 6.028144 0.000000 0.000000 1.791145 1.385802 -0.782868
    22 11.692554 0.000001 0.000003 0.000000 0.000000 -0.672071
    23 11.481697 0.000001 0.000002 -1.843941 0.008434 0.043643
    24 3.859678 -0.132570 1.193109 0.455258 -0.194140 -0.840981
    25 1.312557 -0.000002 0.000001 0.000000 0.000000 -0.517222
    26 0.729365 0.000002 -0.000002 0.000000 0.000000 -0.174086
    27 3.942305 0.050327 0.431044 0.155579 -0.059704 -0.874090
    28 1.539099 -0.000002 0.000000 0.000000 0.000000 -0.247837
    29 1.196321 0.000008 0.000000 0.000000 0.000000 -0.751741
    30 3.883661 -0.050323 -0.431042 -0.079403 -0.041030 -0.763903
    31 1.719578 0.000004 0.000000 0.000000 -0.007973 -0.582418
    32 1.209185 0.000002 0.000000 0.000001 -0.004461 -0.471628
    33 3.859838 -0.148937 -1.331282 -0.350881 -0.029424 -0.716187
    34 1.719423 0.000002 0.000000 0.000001 -0.006611 -0.578953
    35 1.099667 0.000002 0.000000 0.000000 -0.004211 -0.597741
    36 0.806021 -0.359837 -1.318334 1.096823 0.367421 -1.417088
    37 1.789782 0.000000 -0.000004 0.000000 0.000000 0.265284
    38 1.206999 0.000003 0.000002 0.000000 0.000000 0.310702
    39 3.483999 -2.623365 0.559219 0.000000 0.000000 0.000000
    40 -29.453125 -11.093750 6.648438 0.000000 0.000000 0.000000
  time 23
    0 -0.999512 -0.744141 -9.226563 -1.570781 -1.391896 -1.570809
    1 2.033349 1.000767 1.937660 1.596637 -1.286515 2.942961
    2 6.028141 0.000000 0.000000 -1.578696 -0.408157 -1.282402
    3 11.692554 0.000001 0.000002 0.000000 0.000000 -1.224249
    4 11.481674 0.000001 -0.000032 1.573168 -0.028074 0.044378
    5 3.859709 -0.142404 -1.191975 -0.476793 0.134331 -0.965122
    6 1.312555 -0.000002 0.000001 0.000000 0.000000 -0.279217
    7 0.729363 -0.000002 -0.000002 0.000000 0.000000 -0.096880
    8 3.942335 0.046767 -0.431443 -0.145073 0.087435 -0.741654
    9 1.539097 0.000000 0.000000 0.000000 0.000000 -0.309339
    10 1.196326 -0.000002 -0.000001 0.000000 0.000000 -0.521230
    11 3.883696 -0.046765 0.431443 0.085902 0.021830 -0.587867
    12 1.719570 -0.000004 -0.000001 0.000000 0.005516 -0.366478
    13 1.209171 -0.000002 0.000000 0.000000 0.003084 -0.216400
    14 3.859865 -0.137947 1.332466 0.354449 -0.042750 -0.531718
    15 1.719429 0.000002 -0.000001 0.000000 0.004074 -0.363009
    16 1.099665 0.000000 0.000000 0.000000 0.002596 -0.244331
    17 0.806053 -0.348925 1.321258 -1.166382 -0.626621 -0.921969
    18 1.789780 -0.000002 0.000002 0.000000 0.000000 0.189105
    19 1.207006 0.000000 0.000000 0.000000 0.000000 0.306015
    20 2.033356 1.000772 -1.937610 -1.668474 1.286518 2.942953
    21 6.028144 0.000000 0.000000 1.789687 1.384907 -0.784407
    22 11.692554 0.000001 0.000003 0.000000 0.000000 -0.673648
    23 11.481697 0.000001 0.000002 -1.842205 0.008434 0.043643
    24 3.859678 -0.132570 1.193109 0.455258 -0.194140 -0.840981
    25 1.312557 -0.000002 0.000001 0.000000 0.000000 -0.517222
    26 0.729365 0.000002 -0.000002 0.000000 0.000000 -0.174086
    27 3.942305 0.050327 0.431044 0.155579 -0.059704 -0.874090
    28 1.539099 -0.000002 0.000000 0.000000 0.000000 -0.247824
    29 1.196321 0.000008 0.000000 0.000000 0.000000 -0.751741
    30 3.883661 -0.050323 -0.431042 -0.079403 -0.041030 -0.763903
    31 1.719578 0.000004 0.000000 0.000000 -0.007973 -0.582418
    32 1.209185 0.000002 0.000000 0.000001 -0.004461 -0.471628
    33 3.859838 -0.148937 -1.331282 -0.350881 -0.029424 -0.716187
    34 1.719423 0.000002 0.000000 0.000001 -0.006611 -0.578953
    35 1.099667 0.000002 0.000000 0.000000 -0.004211 -0.597741
    36 0.806021 -0.359837 -1.318334 1.096823 0.367421 -1.417088
    37 1.789782 0.000000 -0.000004 0.000000 0.000000 0.265284
    38 1.206999 0.000003 0.000002 0.000000 0.000000 0.310702
    39 3.483999 -2.623365 0.559219 0.000000 0.000000 0.000000
    40 -29.453125 -11.093750 6.648438 0.000000 0.000000 0.000000
  time 24
    0 -0.999512 -0.744141 -9.226563 -1.570781 -1.391896 -1.570809
    1 2.033349 1.000767 1.937660 1.596637 -1.286515 2.942961
    2 6.028141 0.000000 0.000000 -1.578696 -0.408157 -1.282402
    3 11.692554 0.000001 0.000002 0.000000 0.000000 -1.224249
    4 11.481674 0.000001 -0.000032 1.573168 -0.028074 0.044378
    5 3.859709 -0.142404 -1.191975 -0.476793 0.134331 -0.965122
    6 1.312555 -0.000002 0.000001 0.000000 0.000000 -0.279217
    7 0.729363 -0.000002 -0.000002 0.000000 0.000000 -0.096880
    8 3.942335 0.046767 -0.431443 -0.145073 0.087435 -0.741654
    9 1.539097 0.000000 0.000000 0.000000 0.000000 -0.309339
    10 1.196326 -0.000002 -0.000001 0.000000 0.000000 -0.521230
    11 3.883696 -0.046765 0.431443 0.085902 0.021830 -0.587867
    12 1.719570 -0.000004 -0.000001 0.000000 0.005516 -0.366478
    13 1.209171 -0.000002 0.000000 0.000000 0.003084 -0.216400
    14 3.859865 -0.137947 1.332466 0.354449 -0.042750 -0.531718
    15 1.719429 0.000002 -0.000001 0.000000 0.004074 -0.363009
    16 1.099665 0.000000 0.000000 0.000000 0.002596 -0.244331
    17 0.806053 -0.348925 1.321258 -1.166382 -0.626621 -0.921969
    18 1.789780 -0.000002 0.000002 0.000000 0.000000 0.189105
    19 1.207006 0.000000 0.000000 0.000000 0.000000 0.306015
    20 2.033356 1.000772 -1.937610 -1.668474 1.286518 2.942953
    21 6.028144 0.000000 0.000000 1.788324 1.384140 -0.785843
    22 11.692554 0.000001 0.000003 0.000000 0.000000 -0.674890
    23 11.481697 0.000001 0.000002 -1.840499 0.008434 0.043643
    24 3.859678 -0.132570 1.193109 0.455258 -0.194140 -0.840981
    25 1.312557 -0.000002 0.000001 0.000000 0.000000 -0.517222
    26 0.729365 0.000002 -0.000002 0.000000 0.000000 -0.174086
    27 3.942305 0.050327 0.431044 0.155579 -0.059692 -0.874090
    28 1.539099 -0.000002 0.000000 0.000000 0.000000 -0.247824
    29 1.196321 0.000008 0.000000 0.000000 0.000000 -0.751741
    30 3.883661 -0.050323 -0.431042 -0.079403 -0.041030 -0.763903
    31 1.719578 0.000004 0.000000 0.000000 -0.007973 -0.582418
    32 1.209185 0.000002 0.000000 0.000001 -0.004461 -0.471628
    33 3.859838 -0.148937 -1.331282 -0.350881 -0.029424 -0.716187
    34 1.719423 0.000002 0.000000 0.000001 -0.006611 -0.578953
    35 1.099667 0.000002 0.000000 0.000000 -0.004211 -0.597741
    36 0.806021 -0.359837 -1.318334 1.096823 0.367421 -1.417088
    37 1.789782 0.000000 -0.000004 0.000000 0.000000 0.265284
    38 1.206999 0.000003 0.000002 0.000000 0.000000 0.310702
    39 3.483999 -2.623365 0.559219 0.000000 0.000000 0.000000
    40 -29.453125 -11.093750 6.648438 0.000000 0.000000 0.000000
  time 25
    0 -0.999512 -0.744141 -9.226563 -1.570781 -1.391896 -1.570809
    1 2.033349 1.000767 1.937660 1.596637 -1.286515 2.942961
    2 6.028141 0.000000 0.000000 -1.578696 -0.408157 -1.282402
    3 11.692554 0.000001 0.000002 0.000000 0.000000 -1.224249
    4 11.481674 0.000001 -0.000032 1.573168 -0.028074 0.044378
    5 3.859709 -0.142404 -1.191975 -0.476793 0.134331 -0.965122
    6 1.312555 -0.000002 0.000001 0.000000 0.000000 -0.279217
    7 0.729363 -0.000002 -0.000002 0.000000 0.000000 -0.096880
    8 3.942335 0.046767 -0.431443 -0.145073 0.087435 -0.741654
    9 1.539097 0.000000 0.000000 0.000000 0.000000 -0.309339
    10 1.196326 -0.000002 -0.000001 0.000000 0.000000 -0.521230
    11 3.883696 -0.046765 0.431443 0.085902 0.021830 -0.587867
    12 1.719570 -0.000004 -0.000001 0.000000 0.005516 -0.366478
    13 1.209171 -0.000002 0.000000 0.000000 0.003084 -0.216400
    14 3.859865 -0.137947 1.332466 0.354449 -0.042750 -0.531718
    15 1.719429 0.000002 -0.000001 0.000000 0.004074 -0.363009
    16 1.099665 0.000000 0.000000 0.000000 0.002596 -0.244331
    17 0.806053 -0.348925 1.321258 -1.166382 -0.626621 -0.921969
    18 1.789780 -0.000002 0.000002 0.000000 0.000000 0.189105
    19 1.207006 0.000000 0.000000 0.000000 0.000000 0.306015
    20 2.033356 1.000772 -1.937610 -1.668474 1.286518 2.942953
    21 6.028144 0.000000 0.000000 1.787148 1.383500 -0.787177
    22 11.692554 0.000001 0.000003 0.000000 0.000000 -0.675799
    23 11.481697 0.000001 0.000002 -1.838825 0.008434 0.043643
    24 3.859678 -0.132570 1.193109 0.455258 -0.194140 -0.840981
    25 1.312557 -0.000002 0.000001 0.000000 0.000000 -0.517222
    26 0.729365 0.000002 -0.000002 0.000000 0.000000 -0.174086
    27 3.942305 0.050327 0.431044 0.155579 -0.059692 -0.874104
    28 1.539099 -0.000002 0.000000 0.000000 0.000000 -0.247824
    29 1.196321 0.000008 0.000000 0.000000 0.000000 -0.751741
    30 3.883661 -0.050323 -0.431042 -0.079403 -0.041030 -0.763903
    31 1.719578 0.000004 0.000000 0.000000 -0.007973 -0.582418
    32 1.209185 0.000002 0.000000 0.000001 -0.004461 -0.471628
    33 3.859838 -0.148937 -1.331282 -0.350881 -0.029424 -0.716187
    34 1.719423 0.000002 0.000000 0.000001 -0.006611 -0.578953
    35 1.099667 0.000002 0.000000 0.000000 -0.004211 -0.597741
    36 0.806021 -0.359837 -1.318334 1.096823 0.367421 -1.417088
    37 1.789782 0.000000 -0.000004 0.000000 0.000000 0.265284
    38 1.206999 0.000003 0.000002 0.000000 0.000000 0.310702
    39 3.483999 -2.623365 0.559219 0.000000 0.000000 0.000000
    40 -29.453125 -11.093750 6.648438 0.000000 0.000000 0.000000
  time 26
    0 -0.999512 -0.744141 -9.226563 -1.570781 -1.391896 -1.570809
    1 2.033349 1.000767 1.937660 1.596637 -1.286515 2.942961
    2 6.028141 0.000000 0.000000 -1.578696 -0.408157 -1.282402
    3 11.692554 0.000001 0.000002 0.000000 0.000000 -1.224249
    4 11.481674 0.000001 -0.000032 1.573168 -0.028074 0.044378
    5 3.859709 -0.142404 -1.191975 -0.476793 0.134331 -0.965122
    6 1.312555 -0.000002 0.000001 0.000000 0.000000 -0.279217
    7 0.729363 -0.000002 -0.000002 0.000000 0.000000 -0.096880
    8 3.942335 0.046767 -0.431443 -0.145073 0.087435 -0.741654
    9 1.539097 0.000000 0.000000 0.000000 0.000000 -0.309339
    10 1.196326 -0.000002 -0.000001 0.000000 0.000000 -0.521230
    11 3.883696 -0.046765 0.431443 0.085902 0.021830 -0.587867
    12 1.719570 -0.000004 -0.000001 0.000000 0.005516 -0.366478
    13 1.209171 -0.000002 0.000000 0.000000 0.003084 -0.216400
    14 3.859865 -0.137947 1.332466 0.354449 -0.042750 -0.531718
    15 1.719429 0.000002 -0.000001 0.000000 0.004074 -0.363009
    16 1.099665 0.000000 0.000000 0.000000 0.002596 -0.244331
    17 0.806053 -0.348925 1.321258 -1.166382 -0.626621 -0.921969
    18 1.789780 -0.000002 0.000002 0.000000 0.000000 0.189105
    19 1.207006 0.000000 0.000000 0.000000 0.000000 0.306015
    20 2.033356 1.000772 -1.937610 -1.668474 1.286518 2.942953
    21 6.028144 0.000000 0.000000 1.786160 1.383074 -0.788254
    22 11.692554 0.000001 0.000003 0.000000 0.000000 -0.676276
    23 11.481697 0.000001 0.000002 -1.837241 0.008434 0.043643
    24 3.859678 -0.132570 1.193109 0.455258 -0.194128 -0.840981
    25 1.312557 -0.000002 0.000001 0.000000 0.000000 -0.517222
    26 0.729365 0.000002 -0.000002 0.000000 0.000000 -0.174086
    27 3.942305 0.050327 0.431044 0.155579 -0.059692 -0.874104
    28 1.539099 -0.000002 0.000000 0.000000 0.000000 -0.247837
    29 1.196321 0.000008 0.000000 0.000000 0.000000 -0.751741
    30 3.883661 -0.050323 -0.431042 -0.079403 -0.041030 -0.763903
    31 1.719578 0.000004 0.000000 0.000000 -0.007973 -0.582418
    32 1.209185 0.000002 0.000000 0.000001 -0.004461 -0.471628
    33 3.859838 -0.148937 -1.331282 -0.350881 -0.029424 -0.716187
    34 1.719423 0.000002 0.000000 0.000001 -0.006611 -0.578953
    35 1.099667 0.000002 0.000000 0.000000 -0.004211 -0.597741
    36 0.806021 -0.359837 -1.318334 1.096823 0.367421 -1.417088
    37 1.789782 0.000000 -0.000004 0.000000 0.000000 0.265284
    38 1.206999 0.000003 0.000002 0.000000 0.000000 0.310702
    39 3.483999 -2.623365 0.559219 0.000000 0.000000 0.000000
    40 -29.453125 -11.093750 6.648438 0.000000 0.000000 0.000000
  time 27
    0 -0.999512 -0.744141 -9.226563 -1.570781 -1.391896 -1.570809
    1 2.033349 1.000767 1.937660 1.596637 -1.286515 2.942961
    2 6.028141 0.000000 0.000000 -1.578696 -0.408157 -1.282402
    3 11.692554 0.000001 0.000002 0.000000 0.000000 -1.224249
    4 11.481674 0.000001 -0.000032 1.573168 -0.028074 0.044378
    5 3.859709 -0.142404 -1.191975 -0.476793 0.134331 -0.965122
    6 1.312555 -0.000002 0.000001 0.000000 0.000000 -0.279217
    7 0.729363 -0.000002 -0.000002 0.000000 0.000000 -0.096880
    8 3.942335 0.046767 -0.431443 -0.145073 0.087435 -0.741654
    9 1.539097 0.000000 0.000000 0.000000 0.000000 -0.309339
    10 1.196326 -0.000002 -0.000001 0.000000 0.000000 -0.521230
    11 3.883696 -0.046765 0.431443 0.085902 0.021830 -0.587867
    12 1.719570 -0.000004 -0.000001 0.000000 0.005516 -0.366478
    13 1.209171 -0.000002 0.000000 0.000000 0.003084 -0.216400
    14 3.859865 -0.137947 1.332466 0.354449 -0.042750 -0.531718
    15 1.719429 0.000002 -0.000001 0.000000 0.004074 -0.363009
    16 1.099665 0.000000 0.000000 0.000000 0.002596 -0.244331
    17 0.806053 -0.348925 1.321258 -1.166382 -0.626621 -0.921969
    18 1.789780 -0.000002 0.000002 0.000000 0.000000 0.189105
    19 1.207006 0.000000 0.000000 0.000000 0.000000 0.306015
    20 2.033356 1.000772 -1.937610 -1.668474 1.286518 2.942953
    21 6.028144 0.000000 0.000000 1.785455 1.382818 -0.789075
    22 11.692554 0.000001 0.000003 0.000000 0.000000 -0.676420
    23 11.481697 0.000001 0.000002 -1.835749 0.008434 0.043643
    24 3.859678 -0.132570 1.193109 0.455258 -0.194128 -0.840981
    25 1.312557 -0.000002 0.000001 0.000000 0.000000 -0.517222
    26 0.729365 0.000002 -0.000002 0.000000 0.000000 -0.174086
    27 3.942305 0.050327 0.431044 0.155579 -0.059692 -0.874104
    28 1.539099 -0.000002 0.000000 0.000000 0.000000 -0.247837
    29 1.196321 0.000008 0.000000 0.000000 0.000000 -0.751741
    30 3.883661 -0.050323 -0.431042 -0.079403 -0.041030 -0.763903
    31 1.719578 0.000004 0.000000 0.000000 -0.007973 -0.582418
    32 1.209185 0.000002 0.000000 0.000001 -0.004461 -0.471628
    33 3.859838 -0.148937 -1.331282 -0.350881 -0.029424 -0.716187
    34 1.719423 0.000002 0.000000 0.000001 -0.006611 -0.578953
    35 1.099667 0.000002 0.000000 0.000000 -0.004211 -0.597741
    36 0.806021 -0.359837 -1.318334 1.096823 0.367421 -1.417088
    37 1.789782 0.000000 -0.000004 0.000000 0.000000 0.265284
    38 1.206999 0.000003 0.000002 0.000000 0.000000 0.310702
    39 3.483999 -2.623365 0.559219 0.000000 0.000000 0.000000
    40 -29.453125 -11.093750 6.648438 0.000000 0.000000 0.000000
  time 28
    0 -0.999512 -0.744141 -9.226563 -1.570781 -1.391896 -1.570809
    1 2.033349 1.000767 1.937660 1.596637 -1.286515 2.942961
    2 6.028141 0.000000 0.000000 -1.578696 -0.408157 -1.282402
    3 11.692554 0.000001 0.000002 0.000000 0.000000 -1.224249
    4 11.481674 0.000001 -0.000032 1.573168 -0.028074 0.044378
    5 3.859709 -0.142404 -1.191975 -0.476793 0.134331 -0.965122
    6 1.312555 -0.000002 0.000001 0.000000 0.000000 -0.279217
    7 0.729363 -0.000002 -0.000002 0.000000 0.000000 -0.096880
    8 3.942335 0.046767 -0.431443 -0.145073 0.087435 -0.741654
    9 1.539097 0.000000 0.000000 0.000000 0.000000 -0.309339
    10 1.196326 -0.000002 -0.000001 0.000000 0.000000 -0.521230
    11 3.883696 -0.046765 0.431443 0.085902 0.021830 -0.587867
    12 1.719570 -0.000004 -0.000001 0.000000 0.005516 -0.366478
    13 1.209171 -0.000002 0.000000 0.000000 0.003084 -0.216400
    14 3.859865 -0.137947 1.332466 0.354449 -0.042750 -0.531718
    15 1.719429 0.000002 -0.000001 0.000000 0.004074 -0.363009
    16 1.099665 0.000000 0.000000 0.000000 0.002596 -0.244331
    17 0.806053 -0.348925 1.321258 -1.166382 -0.626621 -0.921969
    18 1.789780 -0.000002 0.000002 0.000000 0.000000 0.189105
    19 1.207006 0.000000 0.000000 0.000000 0.000000 0.306015
    20 2.033356 1.000772 -1.937610 -1.668474 1.286518 2.942953
    21 6.028144 0.000000 0.000000 1.784844 1.382605 -0.789742
    22 11.692554 0.000001 0.000003 0.000000 0.000000 -0.676515
    23 11.481697 0.000001 0.000002 -1.834409 0.008434 0.043643
    24 3.859678 -0.132570 1.193109 0.455258 -0.194128 -0.840994
    25 1.312557 -0.000002 0.000001 0.000000 0.000000 -0.517222
    26 0.729365 0.000002 -0.000002 0.000000 0.000000 -0.174086
    27 3.942305 0.050327 0.431044 0.155579 -0.059692 -0.874104
    28 1.539099 -0.000002 0.000000 0.000000 0.000000 -0.247837
    29 1.196321 0.000008 0.000000 0.000000 0.000000 -0.751741
    30 3.883661 -0.050323 -0.431042 -0.079403 -0.041030 -0.763903
    31 1.719578 0.000004 0.000000 0.000000 -0.007973 -0.582418
    32 1.209185 0.000002 0.000000 0.000001 -0.004461 -0.471628
    33 3.859838 -0.148937 -1.331282 -0.350881 -0.029424 -0.716187
    34 1.719423 0.000002 0.000000 0.000001 -0.006611 -0.578953
    35 1.099667 0.000002 0.000000 0.000000 -0.004211 -0.597741
    36 0.806021 -0.359837 -1.318334 1.096823 0.367421 -1.417088
    37 1.789782 0.000000 -0.000004 0.000000 0.000000 0.265284
    38 1.206999 0.000003 0.000002 0.000000 0.000000 0.310702
    39 3.483999 -2.623365 0.559219 0.000000 0.000000 0.000000
    40 -29.453125 -11.093750 6.648438 0.000000 0.000000 0.000000
  time 29
    0 -0.999512 -0.744141 -9.226563 -1.570781 -1.391896 -1.570809
    1 2.033349 1.000767 1.937660 1.596637 -1.286515 2.942961
    2 6.028141 0.000000 0.000000 -1.578696 -0.408157 -1.282402
    3 11.692554 0.000001 0.000002 0.000000 0.000000 -1.224249
    4 11.481674 0.000001 -0.000032 1.573168 -0.028074 0.044378
    5 3.859709 -0.142404 -1.191975 -0.476793 0.134331 -0.965122
    6 1.312555 -0.000002 0.000001 0.000000 0.000000 -0.279217
    7 0.729363 -0.000002 -0.000002 0.000000 0.000000 -0.096880
    8 3.942335 0.046767 -0.431443 -0.145073 0.087435 -0.741654
    9 1.539097 0.000000 0.000000 0.000000 0.000000 -0.309339
    10 1.196326 -0.000002 -0.000001 0.000000 0.000000 -0.521230
    11 3.883696 -0.046765 0.431443 0.085902 0.021830 -0.587867
    12 1.719570 -0.000004 -0.000001 0.000000 0.005516 -0.366478
    13 1.209171 -0.000002 0.000000 0.000000 0.003084 -0.216400
    14 3.859865 -0.137947 1.332466 0.354449 -0.042750 -0.531718
    15 1.719429 0.000002 -0.000001 0.000000 0.004074 -0.363009
    16 1.099665 0.000000 0.000000 0.000000 0.002596 -0.244331
    17 0.806053 -0.348925 1.321258 -1.166382 -0.626621 -0.921969
    18 1.789780 -0.000002 0.000002 0.000000 0.000000 0.189105
    19 1.207006 0.000000 0.000000 0.000000 0.000000 0.306015
    20 2.033356 1.000772 -1.937610 -1.668474 1.286518 2.942953
    21 6.028144 0.000000 0.000000 1.784420 1.382435 -0.790204
    22 11.692554 0.000001 0.000003 0.000000 0.000000 -0.676659
    23 11.481697 0.000001 0.000002 -1.833252 0.008434 0.043643
    24 3.859678 -0.132570 1.193109 0.455258 -0.194128 -0.840994
    25 1.312557 -0.000002 0.000001 0.000000 0.000000 -0.517222
    26 0.729365 0.000002 -0.000002 0.000000 0.000000 -0.174086
    27 3.942305 0.050327 0.431044 0.155579 -0.059692 -0.874118
    28 1.539099 -0.000002 0.000000 0.000000 0.000000 -0.247824
    29 1.196321 0.000008 0.000000 0.000000 0.000000 -0.751741
    30 3.883661 -0.050323 -0.431042 -0.079403 -0.041030 -0.763903
    31 1.719578 0.000004 0.000000 0.000000 -0.007973 -0.582418
    32 1.209185 0.000002 0.000000 0.000001 -0.004461 -0.471628
    33 3.859838 -0.148937 -1.331282 -0.350881 -0.029424 -0.716187
    34 1.719423 0.000002 0.000000 0.000001 -0.006611 -0.578953
    35 1.099667 0.000002 0.000000 0.000000 -0.004211 -0.597741
    36 0.806021 -0.359837 -1.318334 1.096823 0.367421 -1.417088
    37 1.789782 0.000000 -0.000004 0.000000 0.000000 0.265284
    38 1.206999 0.000003 0.000002 0.000000 0.000000 0.310702
    39 3.483999 -2.623365 0.559219 0.000000 0.000000 0.000000
    40 -29.453125 -11.093750 6.648438 0.000000 0.000000 0.000000
  time 30
    0 -0.999512 -0.744141 -9.226563 -1.570781 -1.391896 -1.570809
    1 2.033349 1.000767 1.937660 1.596637 -1.286515 2.942961
    2 6.028141 0.000000 0.000000 -1.578696 -0.408157 -1.282402
    3 11.692554 0.000001 0.000002 0.000000 0.000000 -1.224249
    4 11.481674 0.000001 -0.000032 1.573168 -0.028074 0.044378
    5 3.859709 -0.142404 -1.191975 -0.476793 0.134331 -0.965122
    6 1.312555 -0.000002 0.000001 0.000000 0.000000 -0.279217
    7 0.729363 -0.000002 -0.000002 0.000000 0.000000 -0.096880
    8 3.942335 0.046767 -0.431443 -0.145073 0.087435 -0.741654
    9 1.539097 0.000000 0.000000 0.000000 0.000000 -0.309339
    10 1.196326 -0.000002 -0.000001 0.000000 0.000000 -0.521230
    11 3.883696 -0.046765 0.431443 0.085902 0.021830 -0.587867
    12 1.719570 -0.000004 -0.000001 0.000000 0.005516 -0.366478
    13 1.209171 -0.000002 0.000000 0.000000 0.003084 -0.216400
    14 3.859865 -0.137947 1.332466 0.354449 -0.042750 -0.531718
    15 1.719429 0.000002 -0.000001 0.000000 0.004074 -0.363009
    16 1.099665 0.000000 0.000000 0.000000 0.002596 -0.244331
    17 0.806053 -0.348925 1.321258 -1.166382 -0.626621 -0.921969
    18 1.789780 -0.000002 0.000002 0.000000 0.000000 0.189105
    19 1.207006 0.000000 0.000000 0.000000 0.000000 0.306015
    20 2.033356 1.000772 -1.937610 -1.668474 1.286518 2.942953
    21 6.028144 0.000000 0.000000 1.784279 1.382392 -0.790358
    22 11.692554 0.000001 0.000003 0.000000 0.000000 -0.676659
    23 11.481697 0.000001 0.000002 -1.832399 0.008434 0.043643
    24 3.859678 -0.132570 1.193109 0.455258 -0.194128 -0.840994
    25 1.312557 -0.000002 0.000001 0.000000 0.000000 -0.517222
    26 0.729365 0.000002 -0.000002 0.000000 0.000000 -0.174086
    27 3.942305 0.050327 0.431044 0.155579 -0.059692 -0.874118
    28 1.539099 -0.000002 0.000000 0.000000 0.000000 -0.247824
    29 1.196321 0.000008 0.000000 0.000000 0.000000 -0.751741
    30 3.883661 -0.050323 -0.431042 -0.079403 -0.041030 -0.763903
    31 1.719578 0.000004 0.000000 0.000000 -0.007973 -0.582418
    32 1.209185 0.000002 0.000000 0.000001 -0.004461 -0.471628
    33 3.859838 -0.148937 -1.331282 -0.350881 -0.029424 -0.716187
    34 1.719423 0.000002 0.000000 0.000001 -0.006611 -0.578953
    35 1.099667 0.000002 0.000000 0.000000 -0.004211 -0.597741
    36 0.806021 -0.359837 -1.318334 1.096823 0.367421 -1.417088
    37 1.789782 0.000000 -0.000004 0.000000 0.000000 0.265284
    38 1.206999 0.000003 0.000002 0.000000 0.000000 0.310702
    39 3.483999 -2.623365 0.559219 0.000000 0.000000 0.000000
    40 -29.453125 -11.093750 6.648438 0.000000 0.000000 0.000000
  time 31
    0 -0.999512 -0.744141 -9.226563 -1.570781 -1.391896 -1.570809
    1 2.033349 1.000767 1.937660 1.596637 -1.286515 2.942961
    2 6.028141 0.000000 0.000000 -1.578696 -0.408157 -1.282402
    3 11.692554 0.000001 0.000002 0.000000 0.000000 -1.224249
    4 11.481674 0.000001 -0.000032 1.573168 -0.028074 0.044378
    5 3.859709 -0.142404 -1.191975 -0.476793 0.134331 -0.965122
    6 1.312555 -0.000002 0.000001 0.000000 0.000000 -0.279217
    7 0.729363 -0.000002 -0.000002 0.000000 0.000000 -0.096880
    8 3.942335 0.046767 -0.431443 -0.145073 0.087435 -0.741654
    9 1.539097 0.000000 0.000000 0.000000 0.000000 -0.309339
    10 1.196326 -0.000002 -0.000001 0.000000 0.000000 -0.521230
    11 3.883696 -0.046765 0.431443 0.085902 0.021830 -0.587867
    12 1.719570 -0.000004 -0.000001 0.000000 0.005516 -0.366478
    13 1.209171 -0.000002 0.000000 0.000000 0.003084 -0.216400
    14 3.859865 -0.137947 1.332466 0.354449 -0.042750 -0.531718
    15 1.719429 0.000002 -0.000001 0.000000 0.004074 -0.363009
    16 1.099665 0.000000 0.000000 0.000000 0.002596 -0.244331
    17 0.806053 -0.348925 1.321258 -1.166382 -0.626621 -0.921969
    18 1.789780 -0.000002 0.000002 0.000000 0.000000 0.189105
    19 1.207006 0.000000 0.000000 0.000000 0.000000 0.306015
    20 2.033356 1.000772 -1.937610 -1.668474 1.286518 2.942953
    21 6.028144 0.000000 0.000000 1.784091 1.382520 -0.790614
    22 11.692554 0.000001 0.000003 0.000000 0.000000 -0.676563
    23 11.481697 0.000001 0.000002 -1.831881 0.008434 0.043643
    24 3.859678 -0.132570 1.193109 0.455258 -0.194128 -0.840994
    25 1.312557 -0.000002 0.000001 0.000000 0.000000 -0.517222
    26 0.729365 0.000002 -0.000002 0.000000 0.000000 -0.174086
    27 3.942305 0.050327 0.431044 0.155579 -0.059692 -0.874118
    28 1.539099 -0.000002 0.000000 0.000000 0.000000 -0.247837
    29 1.196321 0.000008 0.000000 0.000000 0.000000 -0.751741
    30 3.883661 -0.050323 -0.431042 -0.079403 -0.041030 -0.763903
    31 1.719578 0.000004 0.000000 0.000000 -0.007973 -0.582418
    32 1.209185 0.000002 0.000000 0.000001 -0.004461 -0.471628
    33 3.859838 -0.148937 -1.331282 -0.350881 -0.029424 -0.716187
    34 1.719423 0.000002 0.000000 0.000001 -0.006611 -0.578953
    35 1.099667 0.000002 0.000000 0.000000 -0.004211 -0.597741
    36 0.806021 -0.359837 -1.318334 1.096823 0.367421 -1.417088
    37 1.789782 0.000000 -0.000004 0.000000 0.000000 0.265284
    38 1.206999 0.000003 0.000002 0.000000 0.000000 0.310702
    39 3.483999 -2.623365 0.559219 0.000000 0.000000 0.000000
    40 -29.453125 -11.093750 6.648438 0.000000 0.000000 0.000000
  time 32
    0 -0.999512 -0.744141 -9.226563 -1.570781 -1.391896 -1.570809
    1 2.033349 1.000767 1.937660 1.596637 -1.286515 2.942961
    2 6.028141 0.000000 0.000000 -1.578696 -0.408157 -1.282402
    3 11.692554 0.000001 0.000002 0.000000 0.000000 -1.224249
    4 11.481674 0.000001 -0.000032 1.573168 -0.028074 0.044378
    5 3.859709 -0.142404 -1.191975 -0.476793 0.134331 -0.965122
    6 1.312555 -0.000002 0.000001 0.000000 0.000000 -0.279217
    7 0.729363 -0.000002 -0.000002 0.000000 0.000000 -0.096880
    8 3.942335 0.046767 -0.431443 -0.145073 0.087435 -0.741654
    9 1.539097 0.000000 0.000000 0.000000 0.000000 -0.309339
    10 1.196326 -0.000002 -0.000001 0.000000 0.000000 -0.521230
    11 3.883696 -0.046765 0.431443 0.085902 0.021830 -0.587867
    12 1.719570 -0.000004 -0.000001 0.000000 0.005516 -0.366478
    13 1.209171 -0.000002 0.000000 0.000000 0.003084 -0.216400
    14 3.859865 -0.137947 1.332466 0.354449 -0.042750 -0.531718
    15 1.719429 0.000002 -0.000001 0.000000 0.004074 -0.363009
    16 1.099665 0.000000 0.000000 0.000000 0.002596 -0.244331
    17 0.806053 -0.348925 1.321258 -1.166382 -0.626621 -0.921969
    18 1.789780 -0.000002 0.000002 0.000000 0.000000 0.189105
    19 1.207006 0.000000 0.000000 0.000000 0.000000 0.306015
    20 2.033356 1.000772 -1.937610 -1.668474 1.286518 2.942953
    21 6.028144 0.000000 0.000000 1.783480 1.382733 -0.791384
    22 11.692554 0.000001 0.000003 0.000000 0.000000 -0.676324
    23 11.481697 0.000001 0.000002 -1.831516 0.008434 0.043643
    24 3.859678 -0.132570 1.193109 0.455258 -0.194128 -0.840994
    25 1.312557 -0.000002 0.000001 0.000000 0.000000 -0.517222
    26 0.729365 0.000002 -0.000002 0.000000 0.000000 -0.174086
    27 3.942305 0.050327 0.431044 0.155579 -0.059692 -0.874118
    28 1.539099 -0.000002 0.000000 0.000000 0.000000 -0.247824
    29 1.196321 0.000008 0.000000 0.000000 0.000000 -0.751741
    30 3.883661 -0.050323 -0.431042 -0.079403 -0.041030 -0.763903
    31 1.719578 0.000004 0.000000 0.000000 -0.007973 -0.582418
    32 1.209185 0.000002 0.000000 0.000001 -0.004461 -0.471628
    33 3.859838 -0.148937 -1.331282 -0.350881 -0.029424 -0.716187
    34 1.719423 0.000002 0.000000 0.000001 -0.006611 -0.578953
    35 1.099667 0.000002 0.000000 0.000000 -0.004211 -0.597741
    36 0.806021 -0.359837 -1.318334 1.096823 0.367421 -1.417088
    37 1.789782 0.000000 -0.000004 0.000000 0.000000 0.265284
    38 1.206999 0.000003 0.000002 0.000000 0.000000 0.310702
    39 3.483999 -2.623365 0.559219 0.000000 0.000000 0.000000
    40 -29.453125 -11.093750 6.648438 0.000000 0.000000 0.000000
  time 33
    0 -0.999512 -0.744141 -9.226563 -1.570781 -1.391896 -1.570809
    1 2.033349 1.000767 1.937660 1.596637 -1.286515 2.942961
    2 6.028141 0.000000 0.000000 -1.578696 -0.408157 -1.282402
    3 11.692554 0.000001 0.000002 0.000000 0.000000 -1.224249
    4 11.481674 0.000001 -0.000032 1.573168 -0.028074 0.044378
    5 3.859709 -0.142404 -1.191975 -0.476793 0.134331 -0.965122
    6 1.312555 -0.000002 0.000001 0.000000 0.000000 -0.279217
    7 0.729363 -0.000002 -0.000002 0.000000 0.000000 -0.096880
    8 3.942335 0.046767 -0.431443 -0.145073 0.087435 -0.741654
    9 1.539097 0.000000 0.000000 0.000000 0.000000 -0.309339
    10 1.196326 -0.000002 -0.000001 0.000000 0.000000 -0.521230
    11 3.883696 -0.046765 0.431443 0.085902 0.021830 -0.587867
    12 1.719570 -0.000004 -0.000001 0.000000 0.005516 -0.366478
    13 1.209171 -0.000002 0.000000 0.000000 0.003084 -0.216400
    14 3.859865 -0.137947 1.332466 0.354449 -0.042750 -0.531718
    15 1.719429 0.000002 -0.000001 0.000000 0.004074 -0.363009
    16 1.099665 0.000000 0.000000 0.000000 0.002596 -0.244331
    17 0.806053 -0.348925 1.321258 -1.166382 -0.626621 -0.921969
    18 1.789780 -0.000002 0.000002 0.000000 0.000000 0.189105
    19 1.207006 0.000000 0.000000 0.000000 0.000000 0.306015
    20 2.033356 1.000772 -1.937610 -1.668474 1.286518 2.942953
    21 6.028144 0.000000 0.000000 1.782586 1.383117 -0.792564
    22 11.692554 0.000001 0.000003 0.000000 0.000000 -0.676038
    23 11.481697 0.000001 0.000002 -1.831272 0.008434 0.043643
    24 3.859678 -0.132570 1.193109 0.455258 -0.194128 -0.840994
    25 1.312557 -0.000002 0.000001 0.000000 0.000000 -0.517222
    26 0.729365 0.000002 -0.000002 0.000000 0.000000 -0.174086
    27 3.942305 0.050327 0.431044 0.155579 -0.059692 -0.874132
    28 1.539099 -0.000002 0.000000 0.000000 0.000000 -0.247824
    29 1.196321 0.000008 0.000000 0.000000 0.000000 -0.751741
    30 3.883661 -0.050323 -0.431042 -0.079403 -0.041030 -0.763903
    31 1.719578 0.000004 0.000000 0.000000 -0.007973 -0.582418
    32 1.209185 0.000002 0.000000 0.000001 -0.004461 -0.471628
    33 3.859838 -0.148937 -1.331282 -0.350881 -0.029424 -0.716187
    34 1.719423 0.000002 0.000000 0.000001 -0.006611 -0.578953
    35 1.099667 0.000002 0.000000 0.000000 -0.004211 -0.597741
    36 0.806021 -0.359837 -1.318334 1.096823 0.367421 -1.417088
    37 1.789782 0.000000 -0.000004 0.000000 0.000000 0.265284
    38 1.206999 0.000003 0.000002 0.000000 0.000000 0.310702
    39 3.483999 -2.623365 0.559219 0.000000 0.000000 0.000000
    40 -29.453125 -11.093750 6.648438 0.000000 0.000000 0.000000
  time 34
    0 -0.999512 -0.744141 -9.226563 -1.570781 -1.391896 -1.570809
    1 2.033349 1.000767 1.937660 1.596637 -1.286515 2.942961
    2 6.028141 0.000000 0.000000 -1.578696 -0.408157 -1.282402
    3 11.692554 0.000001 0.000002 0.000000 0.000000 -1.224249
    4 11.481674 0.000001 -0.000032 1.573168 -0.028074 0.044378
    5 3.859709 -0.142404 -1.191975 -0.476793 0.134331 -0.965122
    6 1.312555 -0.000002 0.000001 0.000000 0.000000 -0.279217
    7 0.729363 -0.000002 -0.000002 0.000000 0.000000 -0.096880
    8 3.942335 0.046767 -0.431443 -0.145073 0.087435 -0.741654
    9 1.539097 0.000000 0.000000 0.000000 0.000000 -0.309339
    10 1.196326 -0.000002 -0.000001 0.000000 0.000000 -0.521230
    11 3.883696 -0.046765 0.431443 0.085902 0.021830 -0.587867
    12 1.719570 -0.000004 -0.000001 0.000000 0.005516 -0.366478
    13 1.209171 -0.000002 0.000000 0.000000 0.003084 -0.216400
    14 3.859865 -0.137947 1.332466 0.354449 -0.042750 -0.531718
    15 1.719429 0.000002 -0.000001 0.000000 0.004074 -0.363009
    16 1.099665 0.000000 0.000000 0.000000 0.002596 -0.244331
    17 0.806053 -0.348925 1.321258 -1.166382 -0.626621 -0.921969
    18 1.789780 -0.000002 0.000002 0.000000 0.000000 0.189105
    19 1.207006 0.000000 0.000000 0.000000 0.000000 0.306015
    20 2.033356 1.000772 -1.937610 -1.668474 1.286518 2.942953
    21 6.028144 0.000000 0.000000 1.781411 1.383543 -0.794000
    22 11.692554 0.000001 0.000003 0.000000 0.000000 -0.675703
    23 11.481697 0.000001 0.000002 -1.831090 0.008434 0.043643
    24 3.859678 -0.132570 1.193109 0.455258 -0.194128 -0.840994
    25 1.312557 -0.000002 0.000001 0.000000 0.000000 -0.517222
    26 0.729365 0.000002 -0.000002 0.000000 0.000000 -0.174086
    27 3.942305 0.050327 0.431044 0.155579 -0.059692 -0.874132
    28 1.539099 -0.000002 0.000000 0.000000 0.000000 -0.247824
    29 1.196321 0.000008 0.000000 0.000000 0.000000 -0.751741
    30 3.883661 -0.050323 -0.431042 -0.079403 -0.041030 -0.763903
    31 1.719578 0.000004 0.000000 0.000000 -0.007973 -0.582418
    32 1.209185 0.000002 0.000000 0.000001 -0.004461 -0.471628
    33 3.859838 -0.148937 -1.331282 -0.350881 -0.029424 -0.716187
    34 1.719423 0.000002 0.000000 0.000001 -0.006611 -0.578953
    35 1.099667 0.000002 0.000000 0.000000 -0.004211 -0.597741
    36 0.806021 -0.359837 -1.318334 1.096823 0.367421 -1.417088
    37 1.789782 0.000000 -0.000004 0.000000 0.000000 0.265284
    38 1.206999 0.000003 0.000002 0.000000 0.000000 0.310702
    39 3.483999 -2.623365 0.559219 0.000000 0.000000 0.000000
    40 -29.453125 -11.093750 6.648438 0.000000 0.000000 0.000000
  time 35
    0 -0.999512 -0.744141 -9.226563 -1.570781 -1.391896 -1.570809
    1 2.033349 1.000767 1.937660 1.596637 -1.286515 2.942961
    2 6.028141 0.000000 0.000000 -1.578696 -0.408157 -1.282402
    3 11.692554 0.000001 0.000002 0.000000 0.000000 -1.224249
    4 11.481674 0.000001 -0.000032 1.573168 -0.028074 0.044378
    5 3.859709 -0.142404 -1.191975 -0.476793 0.134331 -0.965122
    6 1.312555 -0.000002 0.000001 0.000000 0.000000 -0.279217
    7 0.729363 -0.000002 -0.000002 0.000000 0.000000 -0.096880
    8 3.942335 0.046767 -0.431443 -0.145073 0.087435 -0.741654
    9 1.539097 0.000000 0.000000 0.000000 0.000000 -0.309339
    10 1.196326 -0.000002 -0.000001 0.000000 0.000000 -0.521230
    11 3.883696 -0.046765 0.431443 0.085902 0.021830 -0.587867
    12 1.719570 -0.000004 -0.000001 0.000000 0.005516 -0.366478
    13 1.209171 -0.000002 0.000000 0.000000 0.003084 -0.216400
    14 3.859865 -0.137947 1.332466 0.354449 -0.042750 -0.531718
    15 1.719429 0.000002 -0.000001 0.000000 0.004074 -0.363009
    16 1.099665 0.000000 0.000000 0.000000 0.002596 -0.244331
    17 0.806053 -0.348925 1.321258 -1.166382 -0.626621 -0.921969
    18 1.789780 -0.000002 0.000002 0.000000 0.000000 0.189105
    19 1.207006 0.000000 0.000000 0.000000 0.000000 0.306015
    20 2.033356 1.000772 -1.937610 -1.668474 1.286518 2.942953
    21 6.028144 0.000000 0.000000 1.780235 1.384054 -0.795539
    22 11.692554 0.000001 0.000003 0.000000 0.000000 -0.675225
    23 11.481697 0.000001 0.000002 -1.830968 0.008434 0.043643
    24 3.859678 -0.132570 1.193109 0.455258 -0.194128 -0.840994
    25 1.312557 -0.000002 0.000001 0.000000 0.000000 -0.517222
    26 0.729365 0.000002 -0.000002 0.000000 0.000000 -0.174086
    27 3.942305 0.050327 0.431044 0.155579 -0.059692 -0.874132
    28 1.539099 -0.000002 0.000000 0.000000 0.000000 -0.247824
    29 1.196321 0.000008 0.000000 0.000000 0.000000 -0.751741
    30 3.883661 -0.050323 -0.431042 -0.079403 -0.041030 -0.763903
    31 1.719578 0.000004 0.000000 0.000000 -0.007973 -0.582418
    32 1.209185 0.000002 0.000000 0.000001 -0.004461 -0.471628
    33 3.859838 -0.148937 -1.331282 -0.350881 -0.029424 -0.716187
    34 1.719423 0.000002 0.000000 0.000001 -0.006611 -0.578953
    35 1.099667 0.000002 0.000000 0.000000 -0.004211 -0.597741
    36 0.806021 -0.359837 -1.318334 1.096823 0.367421 -1.417088
    37 1.789782 0.000000 -0.000004 0.000000 0.000000 0.265284
    38 1.206999 0.000003 0.000002 0.000000 0.000000 0.310702
    39 3.483999 -2.623365 0.559219 0.000000 0.000000 0.000000
    40 -29.453125 -11.093750 6.648438 0.000000 0.000000 0.000000
  time 36
    0 -0.999512 -0.744141 -9.226563 -1.570781 -1.391896 -1.570809
    1 2.033349 1.000767 1.937660 1.596637 -1.286515 2.942961
    2 6.028141 0.000000 0.000000 -1.578696 -0.408157 -1.282402
    3 11.692554 0.000001 0.000002 0.000000 0.000000 -1.224249
    4 11.481674 0.000001 -0.000032 1.573168 -0.028074 0.044378
    5 3.859709 -0.142404 -1.191975 -0.476793 0.134331 -0.965122
    6 1.312555 -0.000002 0.000001 0.000000 0.000000 -0.279217
    7 0.729363 -0.000002 -0.000002 0.000000 0.000000 -0.096880
    8 3.942335 0.046767 -0.431443 -0.145073 0.087435 -0.741654
    9 1.539097 0.000000 0.000000 0.000000 0.000000 -0.309339
    10 1.196326 -0.000002 -0.000001 0.000000 0.000000 -0.521230
    11 3.883696 -0.046765 0.431443 0.085902 0.021830 -0.587867
    12 1.719570 -0.000004 -0.000001 0.000000 0.005516 -0.366478
    13 1.209171 -0.000002 0.000000 0.000000 0.003084 -0.216400
    14 3.859865 -0.137947 1.332466 0.354449 -0.042750 -0.531718
    15 1.719429 0.000002 -0.000001 0.000000 0.004074 -0.363009
    16 1.099665 0.000000 0.000000 0.000000 0.002596 -0.244331
    17 0.806053 -0.348925 1.321258 -1.166382 -0.626621 -0.921969
    18 1.789780 -0.000002 0.000002 0.000000 0.000000 0.189105
    19 1.207006 0.000000 0.000000 0.000000 0.000000 0.306015
    20 2.033356 1.000772 -1.937610 -1.668474 1.286518 2.942953
    21 6.028144 0.000000 0.000000 1.779294 1.384822 -0.796822
    22 11.692554 0.000001 0.000003 0.000000 0.000000 -0.674221
    23 11.481697 0.000001 0.000002 -1.830937 0.008434 0.043643
    24 3.859678 -0.132570 1.193109 0.455258 -0.194128 -0.840994
    25 1.312557 -0.000002 0.000001 0.000000 0.000000 -0.517222
    26 0.729365 0.000002 -0.000002 0.000000 0.000000 -0.174086
    27 3.942305 0.050327 0.431044 0.155579 -0.059692 -0.874146
    28 1.539099 -0.000002 0.000000 0.000000 0.000000 -0.247824
    29 1.196321 0.000008 0.000000 0.000000 0.000000 -0.751741
    30 3.883661 -0.050323 -0.431042 -0.079403 -0.041030 -0.763903
    31 1.719578 0.000004 0.000000 0.000000 -0.007973 -0.582418
    32 1.209185 0.000002 0.000000 0.000001 -0.004461 -0.471628
    33 3.859838 -0.148937 -1.331282 -0.350881 -0.029424 -0.716187
    34 1.719423 0.000002 0.000000 0.000001 -0.006611 -0.578953
    35 1.099667 0.000002 0.000000 0.000000 -0.004211 -0.597741
    36 0.806021 -0.359837 -1.318334 1.096823 0.367421 -1.417088
    37 1.789782 0.000000 -0.000004 0.000000 0.000000 0.265284
    38 1.206999 0.000003 0.000002 0.000000 0.000000 0.310702
    39 3.483999 -2.623365 0.559219 0.000000 0.000000 0.000000
    40 -29.453125 -11.093750 6.648438 0.000000 0.000000 0.000000
  time 37
    0 -0.999512 -0.744141 -9.226563 -1.570781 -1.391896 -1.570809
    1 2.033349 1.000767 1.937660 1.596637 -1.286515 2.942961
    2 6.028141 0.000000 0.000000 -1.578696 -0.408157 -1.282402
    3 11.692554 0.000001 0.000002 0.000000 0.000000 -1.224249
    4 11.481674 0.000001 -0.000032 1.573168 -0.028074 0.044378
    5 3.859709 -0.142404 -1.191975 -0.476793 0.134331 -0.965122
    6 1.312555 -0.000002 0.000001 0.000000 0.000000 -0.279217
    7 0.729363 -0.000002 -0.000002 0.000000 0.000000 -0.096880
    8 3.942335 0.046767 -0.431443 -0.145073 0.087435 -0.741654
    9 1.539097 0.000000 0.000000 0.000000 0.000000 -0.309339
    10 1.196326 -0.000002 -0.000001 0.000000 0.000000 -0.521230
    11 3.883696 -0.046765 0.431443 0.085902 0.021830 -0.587867
    12 1.719570 -0.000004 -0.000001 0.000000 0.005516 -0.366478
    13 1.209171 -0.000002 0.000000 0.000000 0.003084 -0.216400
    14 3.859865 -0.137947 1.332466 0.354449 -0.042750 -0.531718
    15 1.719429 0.000002 -0.000001 0.000000 0.004074 -0.363009
    16 1.099665 0.000000 0.000000 0.000000 0.002596 -0.244331
    17 0.806053 -0.348925 1.321258 -1.166382 -0.626621 -0.921969
    18 1.789780 -0.000002 0.000002 0.000000 0.000000 0.189105
    19 1.207006 0.000000 0.000000 0.000000 0.000000 0.306015
    20 2.033356 1.000772 -1.937610 -1.668474 1.286518 2.942953
    21 6.028144 0.000000 0.000000 1.778589 1.385674 -0.797848
    22 11.692554 0.000001 0.000003 0.000000 0.000000 -0.673074
    23 11.481697 0.000001 0.000002 -1.830968 0.008434 0.043643
    24 3.859678 -0.132570 1.193109 0.455258 -0.194128 -0.840994
    25 1.312557 -0.000002 0.000001 0.000000 0.000000 -0.517222
    26 0.729365 0.000002 -0.000002 0.000000 0.000000 -0.174086
    27 3.942305 0.050327 0.431044 0.155579 -0.059692 -0.874146
    28 1.539099 -0.000002 0.000000 0.000000 0.000000 -0.247824
    29 1.196321 0.000008 0.000000 0.000000 0.000000 -0.751741
    30 3.883661 -0.050323 -0.431042 -0.079403 -0.041030 -0.763903
    31 1.719578 0.000004 0.000000 0.000000 -0.007973 -0.582418
    32 1.209185 0.000002 0.000000 0.000001 -0.004461 -0.471628
    33 3.859838 -0.148937 -1.331282 -0.350881 -0.029424 -0.716187
    34 1.719423 0.000002 0.000000 0.000001 -0.006611 -0.578953
    35 1.099667 0.000002 0.000000 0.000000 -0.004211 -0.597741
    36 0.806021 -0.359837 -1.318334 1.096823 0.367421 -1.417088
    37 1.789782 0.000000 -0.000004 0.000000 0.000000 0.265284
    38 1.206999 0.000003 0.000002 0.000000 0.000000 0.310702
    39 3.483999 -2.623365 0.559219 0.000000 0.000000 0.000000
    40 -29.453125 -11.093750 6.648438 0.000000 0.000000 0.000000
  time 38
    0 -0.999512 -0.744141 -9.226563 -1.570781 -1.391896 -1.570809
    1 2.033349 1.000767 1.937660 1.596637 -1.286515 2.942961
    2 6.028141 0.000000 0.000000 -1.578696 -0.408157 -1.282402
    3 11.692554 0.000001 0.000002 0.000000 0.000000 -1.224249
    4 11.481674 0.000001 -0.000032 1.573168 -0.028074 0.044378
    5 3.859709 -0.142404 -1.191975 -0.476793 0.134331 -0.965122
    6 1.312555 -0.000002 0.000001 0.000000 0.000000 -0.279217
    7 0.729363 -0.000002 -0.000002 0.000000 0.000000 -0.096880
    8 3.942335 0.046767 -0.431443 -0.145073 0.087435 -0.741654
    9 1.539097 0.000000 0.000000 0.000000 0.000000 -0.309339
    10 1.196326 -0.000002 -0.000001 0.000000 0.000000 -0.521230
    11 3.883696 -0.046765 0.431443 0.085902 0.021830 -0.587867
    12 1.719570 -0.000004 -0.000001 0.000000 0.005516 -0.366478
    13 1.209171 -0.000002 0.000000 0.000000 0.003084 -0.216400
    14 3.859865 -0.137947 1.332466 0.354449 -0.042750 -0.531718
    15 1.719429 0.000002 -0.000001 0.000000 0.004074 -0.363009
    16 1.099665 0.000000 0.000000 0.000000 0.002596 -0.244331
    17 0.806053 -0.348925 1.321258 -1.166382 -0.626621 -0.921969
    18 1.789780 -0.000002 0.000002 0.000000 0.000000 0.189105
    19 1.207006 0.000000 0.000000 0.000000 0.000000 0.306015
    20 2.033356 1.000772 -1.937610 -1.668474 1.286518 2.942953
    21 6.028144 0.000000 0.000000 1.778024 1.386399 -0.798668
    22 11.692554 0.000001 0.000003 0.000000 0.000000 -0.672023
    23 11.481697 0.000001 0.000002 -1.831090 0.008434 0.043643
    24 3.859678 -0.132570 1.193109 0.455258 -0.194128 -0.840994
    25 1.312557 -0.000002 0.000001 0.000000 0.000000 -0.517222
    26 0.729365 0.000002 -0.000002 0.000000 0.000000 -0.174086
    27 3.942305 0.050327 0.431044 0.155579 -0.059692 -0.874146
    28 1.539099 -0.000002 0.000000 0.000000 0.000000 -0.247837
    29 1.196321 0.000008 0.000000 0.000000 0.000000 -0.751741
    30 3.883661 -0.050323 -0.431042 -0.079403 -0.041030 -0.763903
    31 1.719578 0.000004 0.000000 0.000000 -0.007973 -0.582418
    32 1.209185 0.000002 0.000000 0.000001 -0.004461 -0.471628
    33 3.859838 -0.148937 -1.331282 -0.350881 -0.029424 -0.716187
    34 1.719423 0.000002 0.000000 0.000001 -0.006611 -0.578953
    35 1.099667 0.000002 0.000000 0.000000 -0.004211 -0.597741
    36 0.806021 -0.359837 -1.318334 1.096823 0.367421 -1.417088
    37 1.789782 0.000000 -0.000004 0.000000 0.000000 0.265284
    38 1.206999 0.000003 0.000002 0.000000 0.000000 0.310702
    39 3.483999 -2.623365 0.559219 0.000000 0.000000 0.000000
    40 -29.453125 -11.093750 6.648438 0.000000 0.000000 0.000000
  time 39
    0 -0.999512 -0.744141 -9.226563 -1.570781 -1.391896 -1.570809
    1 2.033349 1.000767 1.937660 1.596637 -1.286515 2.942961
    2 6.028141 0.000000 0.000000 -1.578696 -0.408157 -1.282402
    3 11.692554 0.000001 0.000002 0.000000 0.000000 -1.224249
    4 11.481674 0.000001 -0.000032 1.573168 -0.028074 0.044378
    5 3.859709 -0.142404 -1.191975 -0.476793 0.134331 -0.965122
    6 1.312555 -0.000002 0.000001 0.000000 0.000000 -0.279217
    7 0.729363 -0.000002 -0.000002 0.000000 0.000000 -0.096880
    8 3.942335 0.046767 -0.431443 -0.145073 0.087435 -0.741654
    9 1.539097 0.000000 0.000000 0.000000 0.000000 -0.309339
    10 1.196326 -0.000002 -0.000001 0.000000 0.000000 -0.521230
    11 3.883696 -0.046765 0.431443 0.085902 0.021830 -0.587867
    12 1.719570 -0.000004 -0.000001 0.000000 0.005516 -0.366478
    13 1.209171 -0.000002 0.000000 0.000000 0.003084 -0.216400
    14 3.859865 -0.137947 1.332466 0.354449 -0.042750 -0.531718
    15 1.719429 0.000002 -0.000001 0.000000 0.004074 -0.363009
    16 1.099665 0.000000 0.000000 0.000000 0.002596 -0.244331
    17 0.806053 -0.348925 1.321258 -1.166382 -0.626621 -0.921969
    18 1.789780 -0.000002 0.000002 0.000000 0.000000 0.189105
    19 1.207006 0.000000 0.000000 0.000000 0.000000 0.306015
    20 2.033356 1.000772 -1.937610 -1.668474 1.286518 2.942953
    21 6.028144 0.000000 0.000000 1.777648 1.387038 -0.799181
    22 11.692554 0.000001 0.000003 0.000000 0.000000 -0.671163
    23 11.481697 0.000001 0.000002 -1.831212 0.008434 0.043643
    24 3.859678 -0.132570 1.193109 0.455258 -0.194128 -0.840994
    25 1.312557 -0.000002 0.000001 0.000000 0.000000 -0.517222
    26 0.729365 0.000002 -0.000002 0.000000 0.000000 -0.174086
    27 3.942305 0.050327 0.431044 0.155579 -0.059692 -0.874146
    28 1.539099 -0.000002 0.000000 0.000000 0.000000 -0.247824
    29 1.196321 0.000008 0.000000 0.000000 0.000000 -0.751741
    30 3.883661 -0.050323 -0.431042 -0.079403 -0.041030 -0.763903
    31 1.719578 0.000004 0.000000 0.000000 -0.007973 -0.582418
    32 1.209185 0.000002 0.000000 0.000001 -0.004461 -0.471628
    33 3.859838 -0.148937 -1.331282 -0.350881 -0.029424 -0.716187
    34 1.719423 0.000002 0.000000 0.000001 -0.006611 -0.578953
    35 1.099667 0.000002 0.000000 0.000000 -0.004211 -0.597741
    36 0.806021 -0.359837 -1.318334 1.096823 0.367421 -1.417088
    37 1.789782 0.000000 -0.000004 0.000000 0.000000 0.265284
    38 1.206999 0.000003 0.000002 0.000000 0.000000 0.310702
    39 3.483999 -2.623365 0.559219 0.000000 0.000000 0.000000
    40 -29.453125 -11.093750 6.648438 0.000000 0.000000 0.000000
  time 40
    0 -0.999512 -0.744141 -9.226563 -1.570781 -1.391896 -1.570809
    1 2.033349 1.000767 1.937660 1.596637 -1.286515 2.942961
    2 6.028141 0.000000 0.000000 -1.578696 -0.408157 -1.282402
    3 11.692554 0.000001 0.000002 0.000000 0.000000 -1.224249
    4 11.481674 0.000001 -0.000032 1.573168 -0.028074 0.044378
    5 3.859709 -0.142404 -1.191975 -0.476793 0.134331 -0.965122
    6 1.312555 -0.000002 0.000001 0.000000 0.000000 -0.279217
    7 0.729363 -0.000002 -0.000002 0.000000 0.000000 -0.096880
    8 3.942335 0.046767 -0.431443 -0.145073 0.087435 -0.741654
    9 1.539097 0.000000 0.000000 0.000000 0.000000 -0.309339
    10 1.196326 -0.000002 -0.000001 0.000000 0.000000 -0.521230
    11 3.883696 -0.046765 0.431443 0.085902 0.021830 -0.587867
    12 1.719570 -0.000004 -0.000001 0.000000 0.005516 -0.366478
    13 1.209171 -0.000002 0.000000 0.000000 0.003084 -0.216400
    14 3.859865 -0.137947 1.332466 0.354449 -0.042750 -0.531718
    15 1.719429 0.000002 -0.000001 0.000000 0.004074 -0.363009
    16 1.099665 0.000000 0.000000 0.000000 0.002596 -0.244331
    17 0.806053 -0.348925 1.321258 -1.166382 -0.626621 -0.921969
    18 1.789780 -0.000002 0.000002 0.000000 0.000000 0.189105
    19 1.207006 0.000000 0.000000 0.000000 0.000000 0.306015
    20 2.033356 1.000772 -1.937610 -1.668474 1.286518 2.942953
    21 6.028144 0.000000 0.000000 1.777601 1.387507 -0.799387
    22 11.692554 0.000001 0.000003 0.000000 0.000000 -0.670446
    23 11.481697 0.000001 0.000002 -1.831425 0.008434 0.043643
    24 3.859678 -0.132570 1.193109 0.455258 -0.194128 -0.840994
    25 1.312557 -0.000002 0.000001 0.000000 0.000000 -0.517222
    26 0.729365 0.000002 -0.000002 0.000000 0.000000 -0.174086
    27 3.942305 0.050327 0.431044 0.155579 -0.059692 -0.874160
    28 1.539099 -0.000002 0.000000 0.000000 0.000000 -0.247824
    29 1.196321 0.000008 0.000000 0.000000 0.000000 -0.751741
    30 3.883661 -0.050323 -0.431042 -0.079403 -0.041030 -0.763903
    31 1.719578 0.000004 0.000000 0.000000 -0.007973 -0.582418
    32 1.209185 0.000002 0.000000 0.000001 -0.004461 -0.471628
    33 3.859838 -0.148937 -1.331282 -0.350881 -0.029424 -0.716187
    34 1.719423 0.000002 0.000000 0.000001 -0.006611 -0.578953
    35 1.099667 0.000002 0.000000 0.000000 -0.004211 -0.597741
    36 0.806021 -0.359837 -1.318334 1.096823 0.367421 -1.417088
    37 1.789782 0.000000 -0.000004 0.000000 0.000000 0.265284
    38 1.206999 0.000003 0.000002 0.000000 0.000000 0.310702
    39 3.483999 -2.623365 0.559219 0.000000 0.000000 0.000000
    40 -29.453125 -11.093750 6.648438 0.000000 0.000000 0.000000
  time 41
    0 -0.999512 -0.744141 -9.226563 -1.570781 -1.391896 -1.570809
    1 2.033349 1.000767 1.937660 1.596637 -1.286515 2.942961
    2 6.028141 0.000000 0.000000 -1.578696 -0.408157 -1.282402
    3 11.692554 0.000001 0.000002 0.000000 0.000000 -1.224249
    4 11.481674 0.000001 -0.000032 1.573168 -0.028074 0.044378
    5 3.859709 -0.142404 -1.191975 -0.476793 0.134331 -0.965122
    6 1.312555 -0.000002 0.000001 0.000000 0.000000 -0.279217
    7 0.729363 -0.000002 -0.000002 0.000000 0.000000 -0.096880
    8 3.942335 0.046767 -0.431443 -0.145073 0.087435 -0.741654
    9 1.539097 0.000000 0.000000 0.000000 0.000000 -0.309339
    10 1.196326 -0.000002 -0.000001 0.000000 0.000000 -0.521230
    11 3.883696 -0.046765 0.431443 0.085902 0.021830 -0.587867
    12 1.719570 -0.000004 -0.000001 0.000000 0.005516 -0.366478
    13 1.209171 -0.000002 0.000000 0.000000 0.003084 -0.216400
    14 3.859865 -0.137947 1.332466 0.354449 -0.042750 -0.531718
    15 1.719429 0.000002 -0.000001 0.000000 0.004074 -0.363009
    16 1.099665 0.000000 0.000000 0.000000 0.002596 -0.244331
    17 0.806053 -0.348925 1.321258 -1.166382 -0.626621 -0.921969
    18 1.789780 -0.000002 0.000002 0.000000 0.000000 0.189105
    19 1.207006 0.000000 0.000000 0.000000 0.000000 0.306015
    20 2.033356 1.000772 -1.937610 -1.668474 1.286518 2.942953
    21 6.028144 0.000000 0.000000 1.777836 1.387848 -0.799130
    22 11.692554 0.000001 0.000003 0.000000 0.000000 -0.669872
    23 11.481697 0.000001 0.000002 -1.831668 0.008434 0.043643
    24 3.859678 -0.132570 1.193109 0.455258 -0.194128 -0.841006
    25 1.312557 -0.000002 0.000001 0.000000 0.000000 -0.517222
    26 0.729365 0.000002 -0.000002 0.000000 0.000000 -0.174086
    27 3.942305 0.050327 0.431044 0.155579 -0.059692 -0.874160
    28 1.539099 -0.000002 0.000000 0.000000 0.000000 -0.247824
    29 1.196321 0.000008 0.000000 0.000000 0.000000 -0.751741
    30 3.883661 -0.050323 -0.431042 -0.079403 -0.041030 -0.763903
    31 1.719578 0.000004 0.000000 0.000000 -0.007973 -0.582418
    32 1.209185 0.000002 0.000000 0.000001 -0.004461 -0.471628
    33 3.859838 -0.148937 -1.331282 -0.350881 -0.029424 -0.716187
    34 1.719423 0.000002 0.000000 0.000001 -0.006611 -0.578953
    35 1.099667 0.000002 0.000000 0.000000 -0.004211 -0.597741
    36 0.806021 -0.359837 -1.318334 1.096823 0.367421 -1.417088
    37 1.789782 0.000000 -0.000004 0.000000 0.000000 0.265284
    38 1.206999 0.000003 0.000002 0.000000 0.000000 0.310702
    39 3.483999 -2.623365 0.559219 0.000000 0.000000 0.000000
    40 -29.453125 -11.093750 6.648438 0.000000 0.000000 0.000000
  time 42
    0 -0.999512 -0.744141 -9.226563 -1.570781 -1.391896 -1.570809
    1 2.033349 1.000767 1.937660 1.596637 -1.286515 2.942961
    2 6.028141 0.000000 0.000000 -1.578696 -0.408157 -1.282402
    3 11.692554 0.000001 0.000002 0.000000 0.000000 -1.224249
    4 11.481674 0.000001 -0.000032 1.573168 -0.028074 0.044378
    5 3.859709 -0.142404 -1.191975 -0.476793 0.134331 -0.965122
    6 1.312555 -0.000002 0.000001 0.000000 0.000000 -0.279217
    7 0.729363 -0.000002 -0.000002 0.000000 0.000000 -0.096880
    8 3.942335 0.046767 -0.431443 -0.145073 0.087435 -0.741654
    9 1.539097 0.000000 0.000000 0.000000 0.000000 -0.309339
    10 1.196326 -0.000002 -0.000001 0.000000 0.000000 -0.521230
    11 3.883696 -0.046765 0.431443 0.085902 0.021830 -0.587867
    12 1.719570 -0.000004 -0.000001 0.000000 0.005516 -0.366478
    13 1.209171 -0.000002 0.000000 0.000000 0.003084 -0.216400
    14 3.859865 -0.137947 1.332466 0.354449 -0.042750 -0.531718
    15 1.719429 0.000002 -0.000001 0.000000 0.004074 -0.363009
    16 1.099665 0.000000 0.000000 0.000000 0.002596 -0.244331
    17 0.806053 -0.348925 1.321258 -1.166382 -0.626621 -0.921969
    18 1.789780 -0.000002 0.000002 0.000000 0.000000 0.189105
    19 1.207006 0.000000 0.000000 0.000000 0.000000 0.306015
    20 2.033356 1.000772 -1.937610 -1.668474 1.286518 2.942953
    21 6.028144 0.000000 0.000000 1.778213 1.388103 -0.798771
    22 11.692554 0.000001 0.000003 0.000000 0.000000 -0.669394
    23 11.481697 0.000001 0.000002 -1.831942 0.008434 0.043643
    24 3.859678 -0.132570 1.193109 0.455258 -0.194128 -0.841006
    25 1.312557 -0.000002 0.000001 0.000000 0.000000 -0.517222
    26 0.729365 0.000002 -0.000002 0.000000 0.000000 -0.174086
    27 3.942305 0.050327 0.431044 0.155579 -0.059692 -0.874160
    28 1.539099 -0.000002 0.000000 0.000000 0.000000 -0.247837
    29 1.196321 0.000008 0.000000 0.000000 0.000000 -0.751741
    30 3.883661 -0.050323 -0.431042 -0.079403 -0.041030 -0.763903
    31 1.719578 0.000004 0.000000 0.000000 -0.007973 -0.582418
    32 1.209185 0.000002 0.000000 0.000001 -0.004461 -0.471628
    33 3.859838 -0.148937 -1.331282 -0.350881 -0.029424 -0.716187
    34 1.719423 0.000002 0.000000 0.000001 -0.006611 -0.578953
    35 1.099667 0.000002 0.000000 0.000000 -0.004211 -0.597741
    36 0.806021 -0.359837 -1.318334 1.096823 0.367421 -1.417088
    37 1.789782 0.000000 -0.000004 0.000000 0.000000 0.265284
    38 1.206999 0.000003 0.000002 0.000000 0.000000 0.310702
    39 3.483999 -2.623365 0.559219 0.000000 0.000000 0.000000
    40 -29.453125 -11.093750 6.648438 0.000000 0.000000 0.000000
  time 43
    0 -0.999512 -0.744141 -9.226563 -1.570781 -1.391896 -1.570809
    1 2.033349 1.000767 1.937660 1.596637 -1.286515 2.942961
    2 6.028141 0.000000 0.000000 -1.578696 -0.408157 -1.282402
    3 11.692554 0.000001 0.000002 0.000000 0.000000 -1.224249
    4 11.481674 0.000001 -0.000032 1.573168 -0.028074 0.044378
    5 3.859709 -0.142404 -1.191975 -0.476793 0.134331 -0.965122
    6 1.312555 -0.000002 0.000001 0.000000 0.000000 -0.279217
    7 0.729363 -0.000002 -0.000002 0.000000 0.000000 -0.096880
    8 3.942335 0.046767 -0.431443 -0.145073 0.087435 -0.741654
    9 1.539097 0.000000 0.000000 0.000000 0.000000 -0.309339
    10 1.196326 -0.000002 -0.000001 0.000000 0.000000 -0.521230
    11 3.883696 -0.046765 0.431443 0.085902 0.021830 -0.587867
    12 1.719570 -0.000004 -0.000001 0.000000 0.005516 -0.366478
    13 1.209171 -0.000002 0.000000 0.000000 0.003084 -0.216400
    14 3.859865 -0.137947 1.332466 0.354449 -0.042750 -0.531718
    15 1.719429 0.000002 -0.000001 0.000000 0.004074 -0.363009
    16 1.099665 0.000000 0.000000 0.000000 0.002596 -0.244331
    17 0.806053 -0.348925 1.321258 -1.166382 -0.626621 -0.921969
    18 1.789780 -0.000002 0.000002 0.000000 0.000000 0.189105
    19 1.207006 0.000000 0.000000 0.000000 0.000000 0.306015
    20 2.033356 1.000772 -1.937610 -1.668474 1.286518 2.942953
    21 6.028144 0.000000 0.000000 1.778542 1.388317 -0.798412
    22 11.692554 0.000001 0.000003 0.000000 0.000000 -0.669012
    23 11.481697 0.000001 0.000002 -1.832216 0.008434 0.043643
    24 3.859678 -0.132570 1.193109 0.455258 -0.194128 -0.841006
    25 1.312557 -0.000002 0.000001 0.000000 0.000000 -0.517222
    26 0.729365 0.000002 -0.000002 0.000000 0.000000 -0.174086
    27 3.942305 0.050327 0.431044 0.155579 -0.059692 -0.874160
    28 1.539099 -0.000002 0.000000 0.000000 0.000000 -0.247837
    29 1.196321 0.000008 0.000000 0.000000 0.000000 -0.751741
    30 3.883661 -0.050323 -0.431042 -0.079403 -0.041030 -0.763903
    31 1.719578 0.000004 0.000000 0.000000 -0.007973 -0.582418
    32 1.209185 0.000002 0.000000 0.000001 -0.004461 -0.471628
    33 3.859838 -0.148937 -1.331282 -0.350881 -0.029424 -0.716187
    34 1.719423 0.000002 0.000000 0.000001 -0.006611 -0.578953
    35 1.099667 0.000002 0.000000 0.000000 -0.004211 -0.597741
    36 0.806021 -0.359837 -1.318334 1.096823 0.367421 -1.417088
    37 1.789782 0.000000 -0.000004 0.000000 0.000000 0.265284
    38 1.206999 0.000003 0.000002 0.000000 0.000000 0.310702
    39 3.483999 -2.623365 0.559219 0.000000 0.000000 0.000000
    40 -29.453125 -11.093750 6.648438 0.000000 0.000000 0.000000
  time 44
    0 -0.999512 -0.744141 -9.226563 -1.570781 -1.391896 -1.570809
    1 2.033349 1.000767 1.937660 1.596637 -1.286515 2.942961
    2 6.028141 0.000000 0.000000 -1.578696 -0.408157 -1.282402
    3 11.692554 0.000001 0.000002 0.000000 0.000000 -1.224249
    4 11.481674 0.000001 -0.000032 1.573168 -0.028074 0.044378
    5 3.859709 -0.142404 -1.191975 -0.476793 0.134331 -0.965122
    6 1.312555 -0.000002 0.000001 0.000000 0.000000 -0.279217
    7 0.729363 -0.000002 -0.000002 0.000000 0.000000 -0.096880
    8 3.942335 0.046767 -0.431443 -0.145073 0.087435 -0.741654
    9 1.539097 0.000000 0.000000 0.000000 0.000000 -0.309339
    10 1.196326 -0.000002 -0.000001 0.000000 0.000000 -0.521230
    11 3.883696 -0.046765 0.431443 0.085902 0.021830 -0.587867
    12 1.719570 -0.000004 -0.000001 0.000000 0.005516 -0.366478
    13 1.209171 -0.000002 0.000000 0.000000 0.003084 -0.216400
    14 3.859865 -0.137947 1.332466 0.354449 -0.042750 -0.531718
    15 1.719429 0.000002 -0.000001 0.000000 0.004074 -0.363009
    16 1.099665 0.000000 0.000000 0.000000 0.002596 -0.244331
    17 0.806053 -0.348925 1.321258 -1.166382 -0.626621 -0.921969
    18 1.789780 -0.000002 0.000002 0.000000 0.000000 0.189105
    19 1.207006 0.000000 0.000000 0.000000 0.000000 0.306015
    20 2.033356 1.000772 -1.937610 -1.668474 1.286518 2.942953
    21 6.028144 0.000000 0.000000 1.778824 1.388444 -0.798104
    22 11.692554 0.000001 0.000003 0.000000 0.000000 -0.668773
    23 11.481697 0.000001 0.000002 -1.832551 0.008434 0.043643
    24 3.859678 -0.132570 1.193109 0.455258 -0.194128 -0.841006
    25 1.312557 -0.000002 0.000001 0.000000 0.000000 -0.517222
    26 0.729365 0.000002 -0.000002 0.000000 0.000000 -0.174086
    27 3.942305 0.050327 0.431044 0.155579 -0.059692 -0.874174
    28 1.539099 -0.000002 0.000000 0.000000 0.000000 -0.247837
    29 1.196321 0.000008 0.000000 0.000000 0.000000 -0.751741
    30 3.883661 -0.050323 -0.431042 -0.079403 -0.041030 -0.763903
    31 1.719578 0.000004 0.000000 0.000000 -0.007973 -0.582418
    32 1.209185 0.000002 0.000000 0.000001 -0.004461 -0.471628
    33 3.859838 -0.148937 -1.331282 -0.350881 -0.029424 -0.716187
    34 1.719423 0.000002 0.000000 0.000001 -0.006611 -0.578953
    35 1.099667 0.000002 0.000000 0.000000 -0.004211 -0.597741
    36 0.806021 -0.359837 -1.318334 1.096823 0.367421 -1.417088
    37 1.789782 0.000000 -0.000004 0.000000 0.000000 0.265284
    38 1.206999 0.000003 0.000002 0.000000 0.000000 0.310702
    39 3.483999 -2.623365 0.559219 0.000000 0.000000 0.000000
    40 -29.453125 -11.093750 6.648438 0.000000 0.000000 0.000000
  time 45
    0 -0.999512 -0.744141 -9.226563 -1.570781 -1.391896 -1.570809
    1 2.033349 1.000767 1.937660 1.596637 -1.286515 2.942961
    2 6.028141 0.000000 0.000000 -1.578696 -0.408157 -1.282402
    3 11.692554 0.000001 0.000002 0.000000 0.000000 -1.224249
    4 11.481674 0.000001 -0.000032 1.573168 -0.028074 0.044378
    5 3.859709 -0.142404 -1.191975 -0.476793 0.134331 -0.965122
    6 1.312555 -0.000002 0.000001 0.000000 0.000000 -0.279217
    7 0.729363 -0.000002 -0.000002 0.000000 0.000000 -0.096880
    8 3.942335 0.046767 -0.431443 -0.145073 0.087435 -0.741654
    9 1.539097 0.000000 0.000000 0.000000 0.000000 -0.309339
    10 1.196326 -0.000002 -0.000001 0.000000 0.000000 -0.521230
    11 3.883696 -0.046765 0.431443 0.085902 0.021830 -0.587867
    12 1.719570 -0.000004 -0.000001 0.000000 0.005516 -0.366478
    13 1.209171 -0.000002 0.000000 0.000000 0.003084 -0.216400
    14 3.859865 -0.137947 1.332466 0.354449 -0.042750 -0.531718
    15 1.719429 0.000002 -0.000001 0.000000 0.004074 -0.363009
    16 1.099665 0.000000 0.000000 0.000000 0.002596 -0.244331
    17 0.806053 -0.348925 1.321258 -1.166382 -0.626621 -0.921969
    18 1.789780 -0.000002 0.000002 0.000000 0.000000 0.189105
    19 1.207006 0.000000 0.000000 0.000000 0.000000 0.306015
    20 2.033356 1.000772 -1.937610 -1.668474 1.286518 2.942953
    21 6.028144 0.000000 0.000000 1.779012 1.388444 -0.797899
    22 11.692554 0.000001 0.000003 0.000000 0.000000 -0.668725
    23 11.481697 0.000001 0.000002 -1.832886 0.008434 0.043643
    24 3.859678 -0.132570 1.193109 0.455258 -0.194128 -0.841006
    25 1.312557 -0.000002 0.000001 0.000000 0.000000 -0.517222
    26 0.729365 0.000002 -0.000002 0.000000 0.000000 -0.174086
    27 3.942305 0.050327 0.431044 0.155579 -0.059680 -0.874174
    28 1.539099 -0.000002 0.000000 0.000000 0.000000 -0.247824
    29 1.196321 0.000008 0.000000 0.000000 0.000000 -0.751741
    30 3.883661 -0.050323 -0.431042 -0.079403 -0.041030 -0.763903
    31 1.719578 0.000004 0.000000 0.000000 -0.007973 -0.582418
    32 1.209185 0.000002 0.000000 0.000001 -0.004461 -0.471628
    33 3.859838 -0.148937 -1.331282 -0.350881 -0.029424 -0.716187
    34 1.719423 0.000002 0.000000 0.000001 -0.006611 -0.578953
    35 1.099667 0.000002 0.000000 0.000000 -0.004211 -0.597741
    36 0.806021 -0.359837 -1.318334 1.096823 0.367421 -1.417088
    37 1.789782 0.000000 -0.000004 0.000000 0.000000 0.265284
    38 1.206999 0.000003 0.000002 0.000000 0.000000 0.310702
    39 3.483999 -2.623365 0.559219 0.000000 0.000000 0.000000
    40 -29.453125 -11.093750 6.648438 0.000000 0.000000 0.000000
  time 46
    0 -0.999512 -0.744141 -9.226563 -1.570781 -1.391896 -1.570809
    1 2.033349 1.000767 1.937660 1.596637 -1.286515 2.942961
    2 6.028141 0.000000 0.000000 -1.578696 -0.408157 -1.282402
    3 11.692554 0.000001 0.000002 0.000000 0.000000 -1.224249
    4 11.481674 0.000001 -0.000032 1.573168 -0.028074 0.044378
    5 3.859709 -0.142404 -1.191975 -0.476793 0.134331 -0.965122
    6 1.312555 -0.000002 0.000001 0.000000 0.000000 -0.279217
    7 0.729363 -0.000002 -0.000002 0.000000 0.000000 -0.096880
    8 3.942335 0.046767 -0.431443 -0.145073 0.087435 -0.741654
    9 1.539097 0.000000 0.000000 0.000000 0.000000 -0.309339
    10 1.196326 -0.000002 -0.000001 0.000000 0.000000 -0.521230
    11 3.883696 -0.046765 0.431443 0.085902 0.021830 -0.587867
    12 1.719570 -0.000004 -0.000001 0.000000 0.005516 -0.366478
    13 1.209171 -0.000002 0.000000 0.000000 0.003084 -0.216400
    14 3.859865 -0.137947 1.332466 0.354449 -0.042750 -0.531718
    15 1.719429 0.000002 -0.000001 0.000000 0.004074 -0.363009
    16 1.099665 0.000000 0.000000 0.000000 0.002596 -0.244331
    17 0.806053 -0.348925 1.321258 -1.166382 -0.626621 -0.921969
    18 1.789780 -0.000002 0.000002 0.000000 0.000000 0.189105
    19 1.207006 0.000000 0.000000 0.000000 0.000000 0.306015
    20 2.033356 1.000772 -1.937610 -1.668474 1.286518 2.942953
    21 6.028144 0.000000 0.000000 1.779200 1.388444 -0.797642
    22 11.692554 0.000001 0.000003 0.000000 0.000000 -0.668725
    23 11.481697 0.000001 0.000002 -1.833191 0.008434 0.043643
    24 3.859678 -0.132570 1.193109 0.455258 -0.194128 -0.841006
    25 1.312557 -0.000002 0.000001 0.000000 0.000000 -0.517222
    26 0.729365 0.000002 -0.000002 0.000000 0.000000 -0.174086
    27 3.942305 0.050327 0.431044 0.155579 -0.059680 -0.874174
    28 1.539099 -0.000002 0.000000 0.000000 0.000000 -0.247837
    29 1.196321 0.000008 0.000000 0.000000 0.000000 -0.751741
    30 3.883661 -0.050323 -0.431042 -0.079403 -0.041030 -0.763903
    31 1.719578 0.000004 0.000000 0.000000 -0.007973 -0.582418
    32 1.209185 0.000002 0.000000 0.000001 -0.004461 -0.471628
    33 3.859838 -0.148937 -1.331282 -0.350881 -0.029424 -0.716187
    34 1.719423 0.000002 0.000000 0.000001 -0.006611 -0.578953
    35 1.099667 0.000002 0.000000 0.000000 -0.004211 -0.597741
    36 0.806021 -0.359837 -1.318334 1.096823 0.367421 -1.417088
    37 1.789782 0.000000 -0.000004 0.000000 0.000000 0.265284
    38 1.206999 0.000003 0.000002 0.000000 0.000000 0.310702
    39 3.483999 -2.623365 0.559219 0.000000 0.000000 0.000000
    40 -29.453125 -11.093750 6.648438 0.000000 0.000000 0.000000
  time 47
    0 -0.999512 -0.744141 -9.226563 -1.570781 -1.391896 -1.570809
    1 2.033349 1.000767 1.937660 1.596637 -1.286515 2.942961
    2 6.028141 0.000000 0.000000 -1.578696 -0.408157 -1.282402
    3 11.692554 0.000001 0.000002 0.000000 0.000000 -1.224249
    4 11.481674 0.000001 -0.000032 1.573168 -0.028074 0.044378
    5 3.859709 -0.142404 -1.191975 -0.476793 0.134331 -0.965122
    6 1.312555 -0.000002 0.000001 0.000000 0.000000 -0.279217
    7 0.729363 -0.000002 -0.000002 0.000000 0.000000 -0.096880
    8 3.942335 0.046767 -0.431443 -0.145073 0.087435 -0.741654
    9 1.539097 0.000000 0.000000 0.000000 0.000000 -0.309339
    10 1.196326 -0.000002 -0.000001 0.000000 0.000000 -0.521230
    11 3.883696 -0.046765 0.431443 0.085902 0.021830 -0.587867
    12 1.719570 -0.000004 -0.000001 0.000000 0.005516 -0.366478
    13 1.209171 -0.000002 0.000000 0.000000 0.003084 -0.216400
    14 3.859865 -0.137947 1.332466 0.354449 -0.042750 -0.531718
    15 1.719429 0.000002 -0.000001 0.000000 0.004074 -0.363009
    16 1.099665 0.000000 0.000000 0.000000 0.002596 -0.244331
    17 0.806053 -0.348925 1.321258 -1.166382 -0.626621 -0.921969
    18 1.789780 -0.000002 0.000002 0.000000 0.000000 0.189105
    19 1.207006 0.000000 0.000000 0.000000 0.000000 0.306015
    20 2.033356 1.000772 -1.937610 -1.668474 1.286518 2.942953
    21 6.028144 0.000000 0.000000 1.779388 1.388444 -0.797386
    22 11.692554 0.000001 0.000003 0.000000 0.000000 -0.668773
    23 11.481697 0.000001 0.000002 -1.833526 0.008434 0.043643
    24 3.859678 -0.132570 1.193109 0.455258 -0.194128 -0.841006
    25 1.312557 -0.000002 0.000001 0.000000 0.000000 -0.517222
    26 0.729365 0.000002 -0.000002 0.000000 0.000000 -0.174086
    27 3.942305 0.050327 0.431044 0.155579 -0.059680 -0.874188
    28 1.539099 -0.000002 0.000000 0.000000 0.000000 -0.247824
    29 1.196321 0.000008 0.000000 0.000000 0.000000 -0.751741
    30 3.883661 -0.050323 -0.431042 -0.079403 -0.041030 -0.763903
    31 1.719578 0.000004 0.000000 0.000000 -0.007973 -0.582418
    32 1.209185 0.000002 0.000000 0.000001 -0.004461 -0.471628
    33 3.859838 -0.148937 -1.331282 -0.350881 -0.029424 -0.716187
    34 1.719423 0.000002 0.000000 0.000001 -0.006611 -0.578953
    35 1.099667 0.000002 0.000000 0.000000 -0.004211 -0.597741
    36 0.806021 -0.359837 -1.318334 1.096823 0.367421 -1.417088
    37 1.789782 0.000000 -0.000004 0.000000 0.000000 0.265284
    38 1.206999 0.000003 0.000002 0.000000 0.000000 0.310702
    39 3.483999 -2.623365 0.559219 0.000000 0.000000 0.000000
    40 -29.453125 -11.093750 6.648438 0.000000 0.000000 0.000000
  time 48
    0 -0.999512 -0.744141 -9.226563 -1.570781 -1.391896 -1.570809
    1 2.033349 1.000767 1.937660 1.596637 -1.286515 2.942961
    2 6.028141 0.000000 0.000000 -1.578696 -0.408157 -1.282402
    3 11.692554 0.000001 0.000002 0.000000 0.000000 -1.224249
    4 11.481674 0.000001 -0.000032 1.573168 -0.028074 0.044378
    5 3.859709 -0.142404 -1.191975 -0.476793 0.134331 -0.965122
    6 1.312555 -0.000002 0.000001 0.000000 0.000000 -0.279217
    7 0.729363 -0.000002 -0.000002 0.000000 0.000000 -0.096880
    8 3.942335 0.046767 -0.431443 -0.145073 0.087435 -0.741654
    9 1.539097 0.000000 0.000000 0.000000 0.000000 -0.309339
    10 1.196326 -0.000002 -0.000001 0.000000 0.000000 -0.521230
    11 3.883696 -0.046765 0.431443 0.085902 0.021830 -0.587867
    12 1.719570 -0.000004 -0.000001 0.000000 0.005516 -0.366478
    13 1.209171 -0.000002 0.000000 0.000000 0.003084 -0.216400
    14 3.859865 -0.137947 1.332466 0.354449 -0.042750 -0.531718
    15 1.719429 0.000002 -0.000001 0.000000 0.004074 -0.363009
    16 1.099665 0.000000 0.000000 0.000000 0.002596 -0.244331
    17 0.806053 -0.348925 1.321258 -1.166382 -0.626621 -0.921969
    18 1.789780 -0.000002 0.000002 0.000000 0.000000 0.189105
    19 1.207006 0.000000 0.000000 0.000000 0.000000 0.306015
    20 2.033356 1.000772 -1.937610 -1.668474 1.286518 2.942953
    21 6.028144 0.000000 0.000000 1.779623 1.388444 -0.797129
    22 11.692554 0.000001 0.000003 0.000000 0.000000 -0.668821
    23 11.481697 0.000001 0.000002 -1.833861 0.008434 0.043643
    24 3.859678 -0.132570 1.193109 0.455258 -0.194128 -0.841006
    25 1.312557 -0.000002 0.000001 0.000000 0.000000 -0.517222
    26 0.729365 0.000002 -0.000002 0.000000 0.000000 -0.174086
    27 3.942305 0.050327 0.431044 0.155579 -0.059680 -0.874188
    28 1.539099 -0.000002 0.000000 0.000000 0.000000 -0.247837
    29 1.196321 0.000008 0.000000 0.000000 0.000000 -0.751741
    30 3.883661 -0.050323 -0.431042 -0.079403 -0.041030 -0.763903
    31 1.719578 0.000004 0.000000 0.000000 -0.007973 -0.582418
    32 1.209185 0.000002 0.000000 0.000001 -0.004461 -0.471628
    33 3.859838 -0.148937 -1.331282 -0.350881 -0.029424 -0.716187
    34 1.719423 0.000002 0.000000 0.000001 -0.006611 -0.578953
    35 1.099667 0.000002 0.000000 0.000000 -0.004211 -0.597741
    36 0.806021 -0.359837 -1.318334 1.096823 0.367421 -1.417088
    37 1.789782 0.000000 -0.000004 0.000000 0.000000 0.265284
    38 1.206999 0.000003 0.000002 0.000000 0.000000 0.310702
    39 3.483999 -2.623365 0.559219 0.000000 0.000000 0.000000
    40 -29.453125 -11.093750 6.648438 0.000000 0.000000 0.000000
  time 49
    0 -0.999512 -0.744141 -9.226563 -1.570781 -1.391896 -1.570809
    1 2.033349 1.000767 1.937660 1.596637 -1.286515 2.942961
    2 6.028141 0.000000 0.000000 -1.578696 -0.408157 -1.282402
    3 11.692554 0.000001 0.000002 0.000000 0.000000 -1.224249
    4 11.481674 0.000001 -0.000032 1.573168 -0.028074 0.044378
    5 3.859709 -0.142404 -1.191975 -0.476793 0.134331 -0.965122
    6 1.312555 -0.000002 0.000001 0.000000 0.000000 -0.279217
    7 0.729363 -0.000002 -0.000002 0.000000 0.000000 -0.096880
    8 3.942335 0.046767 -0.431443 -0.145073 0.087435 -0.741654
    9 1.539097 0.000000 0.000000 0.000000 0.000000 -0.309339
    10 1.196326 -0.000002 -0.000001 0.000000 0.000000 -0.521230
    11 3.883696 -0.046765 0.431443 0.085902 0.021830 -0.587867
    12 1.719570 -0.000004 -0.000001 0.000000 0.005516 -0.366478
    13 1.209171 -0.000002 0.000000 0.000000 0.003084 -0.216400
    14 3.859865 -0.137947 1.332466 0.354449 -0.042750 -0.531718
    15 1.719429 0.000002 -0.000001 0.000000 0.004074 -0.363009
    16 1.099665 0.000000 0.000000 0.000000 0.002596 -0.244331
    17 0.806053 -0.348925 1.321258 -1.166382 -0.626621 -0.921969
    18 1.789780 -0.000002 0.000002 0.000000 0.000000 0.189105
    19 1.207006 0.000000 0.000000 0.000000 0.000000 0.306015
    20 2.033356 1.000772 -1.937610 -1.668474 1.286518 2.942953
    21 6.028144 0.000000 0.000000 1.779859 1.388402 -0.796822
    22 11.692554 0.000001 0.000003 0.000000 0.000000 -0.668916
    23 11.481697 0.000001 0.000002 -1.834165 0.008434 0.043643
    24 3.859678 -0.132570 1.193109 0.455258 -0.194128 -0.841006
    25 1.312557 -0.000002 0.000001 0.000000 0.000000 -0.517222
    26 0.729365 0.000002 -0.000002 0.000000 0.000000 -0.174086
    27 3.942305 0.050327 0.431044 0.155579 -0.059680 -0.874188
    28 1.539099 -0.000002 0.000000 0.000000 0.000000 -0.247824
    29 1.196321 0.000008 0.000000 0.000000 0.000000 -0.751741
    30 3.883661 -0.050323 -0.431042 -0.079403 -0.041030 -0.763903
    31 1.719578 0.000004 0.000000 0.000000 -0.007973 -0.582418
    32 1.209185 0.000002 0.000000 0.000001 -0.004461 -0.471628
    33 3.859838 -0.148937 -1.331282 -0.350881 -0.029424 -0.716187
    34 1.719423 0.000002 0.000000 0.000001 -0.006611 -0.578953
    35 1.099667 0.000002 0.000000 0.000000 -0.004211 -0.597741
    36 0.806021 -0.359837 -1.318334 1.096823 0.367421 -1.417088
    37 1.789782 0.000000 -0.000004 0.000000 0.000000 0.265284
    38 1.206999 0.000003 0.000002 0.000000 0.000000 0.310702
    39 3.483999 -2.623365 0.559219 0.000000 0.000000 0.000000
    40 -29.453125 -11.093750 6.648438 0.000000 0.000000 0.000000
  time 50
    0 -0.999512 -0.744141 -9.226563 -1.570781 -1.391896 -1.570809
    1 2.033349 1.000767 1.937660 1.596637 -1.286515 2.942961
    2 6.028141 0.000000 0.000000 -1.578696 -0.408157 -1.282402
    3 11.692554 0.000001 0.000002 0.000000 0.000000 -1.224249
    4 11.481674 0.000001 -0.000032 1.573168 -0.028074 0.044378
    5 3.859709 -0.142404 -1.191975 -0.476793 0.134331 -0.965122
    6 1.312555 -0.000002 0.000001 0.000000 0.000000 -0.279217
    7 0.729363 -0.000002 -0.000002 0.000000 0.000000 -0.096880
    8 3.942335 0.046767 -0.431443 -0.145073 0.087435 -0.741654
    9 1.539097 0.000000 0.000000 0.000000 0.000000 -0.309339
    10 1.196326 -0.000002 -0.000001 0.000000 0.000000 -0.521230
    11 3.883696 -0.046765 0.431443 0.085902 0.021830 -0.587867
    12 1.719570 -0.000004 -0.000001 0.000000 0.005516 -0.366478
    13 1.209171 -0.000002 0.000000 0.000000 0.003084 -0.216400
    14 3.859865 -0.137947 1.332466 0.354449 -0.042750 -0.531718
    15 1.719429 0.000002 -0.000001 0.000000 0.004074 -0.363009
    16 1.099665 0.000000 0.000000 0.000000 0.002596 -0.244331
    17 0.806053 -0.348925 1.321258 -1.166382 -0.626621 -0.921969
    18 1.789780 -0.000002 0.000002 0.000000 0.000000 0.189105
    19 1.207006 0.000000 0.000000 0.000000 0.000000 0.306015
    20 2.033356 1.000772 -1.937610 -1.668474 1.286518 2.942953
    21 6.028144 0.000000 0.000000 1.780141 1.388359 -0.796514
    22 11.692554 0.000001 0.000003 0.000000 0.000000 -0.668964
    23 11.481697 0.000001 0.000002 -1.834500 0.008434 0.043643
    24 3.859678 -0.132570 1.193109 0.455258 -0.194128 -0.841006
    25 1.312557 -0.000002 0.000001 0.000000 0.000000 -0.517222
    26 0.729365 0.000002 -0.000002 0.000000 0.000000 -0.174086
    27 3.942305 0.050327 0.431044 0.155579 -0.059680 -0.874188
    28 1.539099 -0.000002 0.000000 0.000000 0.000000 -0.247824
    29 1.196321 0.000008 0.000000 0.000000 0.000000 -0.751741
    30 3.883661 -0.050323 -0.431042 -0.079403 -0.041030 -0.763903
    31 1.719578 0.000004 0.000000 0.000000 -0.007973 -0.582418
    32 1.209185 0.000002 0.000000 0.000001 -0.004461 -0.471628
    33 3.859838 -0.148937 -1.331282 -0.350881 -0.029424 -0.716187
    34 1.719423 0.000002 0.000000 0.000001 -0.006611 -0.578953
    35 1.099667 0.000002 0.000000 0.000000 -0.004211 -0.597741
    36 0.806021 -0.359837 -1.318334 1.096823 0.367421 -1.417088
    37 1.789782 0.000000 -0.000004 0.000000 0.000000 0.265284
    38 1.206999 0.000003 0.000002 0.000000 0.000000 0.310702
    39 3.483999 -2.623365 0.559219 0.000000 0.000000 0.000000
    40 -29.453125 -11.093750 6.648438 0.000000 0.000000 0.000000
  time 51
    0 -0.999512 -0.744141 -9.226563 -1.570781 -1.391896 -1.570809
    1 2.033349 1.000767 1.937660 1.596637 -1.286515 2.942961
    2 6.028141 0.000000 0.000000 -1.578696 -0.408157 -1.282402
    3 11.692554 0.000001 0.000002 0.000000 0.000000 -1.224249
    4 11.481674 0.000001 -0.000032 1.573168 -0.028074 0.044378
    5 3.859709 -0.142404 -1.191975 -0.476793 0.134331 -0.965122
    6 1.312555 -0.000002 0.000001 0.000000 0.000000 -0.279217
    7 0.729363 -0.000002 -0.000002 0.000000 0.000000 -0.096880
    8 3.942335 0.046767 -0.431443 -0.145073 0.087435 -0.741654
    9 1.539097 0.000000 0.000000 0.000000 0.000000 -0.309339
    10 1.196326 -0.000002 -0.000001 0.000000 0.000000 -0.521230
    11 3.883696 -0.046765 0.431443 0.085902 0.021830 -0.587867
    12 1.719570 -0.000004 -0.000001 0.000000 0.005516 -0.366478
    13 1.209171 -0.000002 0.000000 0.000000 0.003084 -0.216400
    14 3.859865 -0.137947 1.332466 0.354449 -0.042750 -0.531718
    15 1.719429 0.000002 -0.000001 0.000000 0.004074 -0.363009
    16 1.099665 0.000000 0.000000 0.000000 0.002596 -0.244331
    17 0.806053 -0.348925 1.321258 -1.166382 -0.626621 -0.921969
    18 1.789780 -0.000002 0.000002 0.000000 0.000000 0.189105
    19 1.207006 0.000000 0.000000 0.000000 0.000000 0.306015
    20 2.033356 1.000772 -1.937610 -1.668474 1.286518 2.942953
    21 6.028144 0.000000 0.000000 1.780987 1.388274 -0.795436
    22 11.692554 0.000001 0.000003 0.000000 0.000000 -0.669060
    23 11.481697 0.000001 0.000002 -1.835079 0.008434 0.043643
    24 3.859678 -0.132570 1.193109 0.455258 -0.194128 -0.841006
    25 1.312557 -0.000002 0.000001 0.000000 0.000000 -0.517222
    26 0.729365 0.000002 -0.000002 0.000000 0.000000 -0.174086
    27 3.942305 0.050327 0.431044 0.155579 -0.059680 -0.874202
    28 1.539099 -0.000002 0.000000 0.000000 0.000000 -0.247824
    29 1.196321 0.000008 0.000000 0.000000 0.000000 -0.751741
    30 3.883661 -0.050323 -0.431042 -0.079403 -0.041030 -0.763903
    31 1.719578 0.000004 0.000000 0.000000 -0.007973 -0.582418
    32 1.209185 0.000002 0.000000 0.000001 -0.004461 -0.471628
    33 3.859838 -0.148937 -1.331282 -0.350881 -0.029424 -0.716187
    34 1.719423 0.000002 0.000000 0.000001 -0.006611 -0.578953
    35 1.099667 0.000002 0.000000 0.000000 -0.004211 -0.597741
    36 0.806021 -0.359837 -1.318334 1.096823 0.367421 -1.417088
    37 1.789782 0.000000 -0.000004 0.000000 0.000000 0.265284
    38 1.206999 0.000003 0.000002 0.000000 0.000000 0.310702
    39 3.483999 -2.623365 0.559219 0.000000 0.000000 0.000000
    40 -29.453125 -11.093750 6.648438 0.000000 0.000000 0.000000
  time 52
    0 -0.999512 -0.744141 -9.226563 -1.570781 -1.391896 -1.570809
    1 2.033349 1.000767 1.937660 1.596637 -1.286515 2.942961
    2 6.028141 0.000000 0.000000 -1.578696 -0.408157 -1.282402
    3 11.692554 0.000001 0.000002 0.000000 0.000000 -1.224249
    4 11.481674 0.000001 -0.000032 1.573168 -0.028074 0.044378
    5 3.859709 -0.142404 -1.191975 -0.476793 0.134331 -0.965122
    6 1.312555 -0.000002 0.000001 0.000000 0.000000 -0.279217
    7 0.729363 -0.000002 -0.000002 0.000000 0.000000 -0.096880
    8 3.942335 0.046767 -0.431443 -0.145073 0.087435 -0.741654
    9 1.539097 0.000000 0.000000 0.000000 0.000000 -0.309339
    10 1.196326 -0.000002 -0.000001 0.000000 0.000000 -0.521230
    11 3.883696 -0.046765 0.431443 0.085902 0.021830 -0.587867
    12 1.719570 -0.000004 -0.000001 0.000000 0.005516 -0.366478
    13 1.209171 -0.000002 0.000000 0.000000 0.003084 -0.216400
    14 3.859865 -0.137947 1.332466 0.354449 -0.042750 -0.531718
    15 1.719429 0.000002 -0.000001 0.000000 0.004074 -0.363009
    16 1.099665 0.000000 0.000000 0.000000 0.002596 -0.244331
    17 0.806053 -0.348925 1.321258 -1.166382 -0.626621 -0.921969
    18 1.789780 -0.000002 0.000002 0.000000 0.000000 0.189105
    19 1.207006 0.000000 0.000000 0.000000 0.000000 0.306015
    20 2.033356 1.000772 -1.937610 -1.668474 1.286518 2.942953
    21 6.028144 0.000000 0.000000 1.782492 1.388018 -0.793641
    22 11.692554 0.000001 0.000003 0.000000 0.000000 -0.669203
    23 11.481697 0.000001 0.000002 -1.835871 0.008434 0.043643
    24 3.859678 -0.132570 1.193109 0.455258 -0.194116 -0.841006
    25 1.312557 -0.000002 0.000001 0.000000 0.000000 -0.517222
    26 0.729365 0.000002 -0.000002 0.000000 0.000000 -0.174086
    27 3.942305 0.050327 0.431044 0.155579 -0.059680 -0.874202
    28 1.539099 -0.000002 0.000000 0.000000 0.000000 -0.247824
    29 1.196321 0.000008 0.000000 0.000000 0.000000 -0.751741
    30 3.883661 -0.050323 -0.431042 -0.079403 -0.041030 -0.763903
    31 1.719578 0.000004 0.000000 0.000000 -0.007973 -0.582418
    32 1.209185 0.000002 0.000000 0.000001 -0.004461 -0.471628
    33 3.859838 -0.148937 -1.331282 -0.350881 -0.029424 -0.716187
    34 1.719423 0.000002 0.000000 0.000001 -0.006611 -0.578953
    35 1.099667 0.000002 0.000000 0.000000 -0.004211 -0.597741
    36 0.806021 -0.359837 -1.318334 1.096823 0.367421 -1.417088
    37 1.789782 0.000000 -0.000004 0.000000 0.000000 0.265284
    38 1.206999 0.000003 0.000002 0.000000 0.000000 0.310702
    39 3.483999 -2.623365 0.559219 0.000000 0.000000 0.000000
    40 -29.453125 -11.093750 6.648438 0.000000 0.000000 0.000000
  time 53
    0 -0.999512 -0.744141 -9.226563 -1.570781 -1.391896 -1.570809
    1 2.033349 1.000767 1.937660 1.596637 -1.286515 2.942961
    2 6.028141 0.000000 0.000000 -1.578696 -0.408157 -1.282402
    3 11.692554 0.000001 0.000002 0.000000 0.000000 -1.224249
    4 11.481674 0.000001 -0.000032 1.573168 -0.028074 0.044378
    5 3.859709 -0.142404 -1.191975 -0.476793 0.134331 -0.965122
    6 1.312555 -0.000002 0.000001 0.000000 0.000000 -0.279217
    7 0.729363 -0.000002 -0.000002 0.000000 0.000000 -0.096880
    8 3.942335 0.046767 -0.431443 -0.145073 0.087435 -0.741654
    9 1.539097 0.000000 0.000000 0.000000 0.000000 -0.309339
    10 1.196326 -0.000002 -0.000001 0.000000 0.000000 -0.521230
    11 3.883696 -0.046765 0.431443 0.085902 0.021830 -0.587867
    12 1.719570 -0.000004 -0.000001 0.000000 0.005516 -0.366478
    13 1.209171 -0.000002 0.000000 0.000000 0.003084 -0.216400
    14 3.859865 -0.137947 1.332466 0.354449 -0.042750 -0.531718
    15 1.719429 0.000002 -0.000001 0.000000 0.004074 -0.363009
    16 1.099665 0.000000 0.000000 0.000000 0.002596 -0.244331
    17 0.806053 -0.348925 1.321258 -1.166382 -0.626621 -0.921969
    18 1.789780 -0.000002 0.000002 0.000000 0.000000 0.189105
    19 1.207006 0.000000 0.000000 0.000000 0.000000 0.306015
    20 2.033356 1.000772 -1.937610 -1.668474 1.286518 2.942953
    21 6.028144 0.000000 0.000000 1.784232 1.387635 -0.791486
    22 11.692554 0.000001 0.000003 0.000000 0.000000 -0.669347
    23 11.481697 0.000001 0.000002 -1.836906 0.008434 0.043643
    24 3.859678 -0.132570 1.193109 0.455258 -0.194116 -0.841006
    25 1.312557 -0.000002 0.000001 0.000000 0.000000 -0.517222
    26 0.729365 0.000002 -0.000002 0.000000 0.000000 -0.174086
    27 3.942305 0.050327 0.431044 0.155579 -0.059680 -0.874202
    28 1.539099 -0.000002 0.000000 0.000000 0.000000 -0.247824
    29 1.196321 0.000008 0.000000 0.000000 0.000000 -0.751741
    30 3.883661 -0.050323 -0.431042 -0.079403 -0.041030 -0.763903
    31 1.719578 0.000004 0.000000 0.000000 -0.007973 -0.582418
    32 1.209185 0.000002 0.000000 0.000001 -0.004461 -0.471628
    33 3.859838 -0.148937 -1.331282 -0.350881 -0.029424 -0.716187
    34 1.719423 0.000002 0.000000 0.000001 -0.006611 -0.578953
    35 1.099667 0.000002 0.000000 0.000000 -0.004211 -0.597741
    36 0.806021 -0.359837 -1.318334 1.096823 0.367421 -1.417088
    37 1.789782 0.000000 -0.000004 0.000000 0.000000 0.265284
    38 1.206999 0.000003 0.000002 0.000000 0.000000 0.310702
    39 3.483999 -2.623365 0.559219 0.000000 0.000000 0.000000
    40 -29.453125 -11.093750 6.648438 0.000000 0.000000 0.000000
  time 54
    0 -0.999512 -0.744141 -9.226563 -1.570781 -1.391896 -1.570809
    1 2.033349 1.000767 1.937660 1.596637 -1.286515 2.942961
    2 6.028141 0.000000 0.000000 -1.578696 -0.408157 -1.282402
    3 11.692554 0.000001 0.000002 0.000000 0.000000 -1.224249
    4 11.481674 0.000001 -0.000032 1.573168 -0.028074 0.044378
    5 3.859709 -0.142404 -1.191975 -0.476793 0.134331 -0.965122
    6 1.312555 -0.000002 0.000001 0.000000 0.000000 -0.279217
    7 0.729363 -0.000002 -0.000002 0.000000 0.000000 -0.096880
    8 3.942335 0.046767 -0.431443 -0.145073 0.087435 -0.741654
    9 1.539097 0.000000 0.000000 0.000000 0.000000 -0.309339
    10 1.196326 -0.000002 -0.000001 0.000000 0.000000 -0.521230
    11 3.883696 -0.046765 0.431443 0.085902 0.021830 -0.587867
    12 1.719570 -0.000004 -0.000001 0.000000 0.005516 -0.366478
    13 1.209171 -0.000002 0.000000 0.000000 0.003084 -0.216400
    14 3.859865 -0.137947 1.332466 0.354449 -0.042750 -0.531718
    15 1.719429 0.000002 -0.000001 0.000000 0.004074 -0.363009
    16 1.099665 0.000000 0.000000 0.000000 0.002596 -0.244331
    17 0.806053 -0.348925 1.321258 -1.166382 -0.626621 -0.921969
    18 1.789780 -0.000002 0.000002 0.000000 0.000000 0.189105
    19 1.207006 0.000000 0.000000 0.000000 0.000000 0.306015
    20 2.033356 1.000772 -1.937610 -1.668474 1.286518 2.942953
    21 6.028144 0.000000 0.000000 1.786066 1.387251 -0.789229
    22 11.692554 0.000001 0.000003 0.000000 0.000000 -0.669490
    23 11.481697 0.000001 0.000002 -1.838063 0.008434 0.043643
    24 3.859678 -0.132570 1.193109 0.455258 -0.194116 -0.841006
    25 1.312557 -0.000002 0.000001 0.000000 0.000000 -0.517222
    26 0.729365 0.000002 -0.000002 0.000000 0.000000 -0.174086
    27 3.942305 0.050327 0.431044 0.155579 -0.059680 -0.874202
    28 1.539099 -0.000002 0.000000 0.000000 0.000000 -0.247824
    29 1.196321 0.000008 0.000000 0.000000 0.000000 -0.751741
    30 3.883661 -0.050323 -0.431042 -0.079403 -0.041030 -0.763903
    31 1.719578 0.000004 0.000000 0.000000 -0.007973 -0.582418
    32 1.209185 0.000002 0.000000 0.000001 -0.004461 -0.471628
    33 3.859838 -0.148937 -1.331282 -0.350881 -0.029424 -0.716187
    34 1.719423 0.000002 0.000000 0.000001 -0.006611 -0.578953
    35 1.099667 0.000002 0.000000 0.000000 -0.004211 -0.597741
    36 0.806021 -0.359837 -1.318334 1.096823 0.367421 -1.417088
    37 1.789782 0.000000 -0.000004 0.000000 0.000000 0.265284
    38 1.206999 0.000003 0.000002 0.000000 0.000000 0.310702
    39 3.483999 -2.623365 0.559219 0.000000 0.000000 0.000000
    40 -29.453125 -11.093750 6.648438 0.000000 0.000000 0.000000
  time 55
    0 -0.999512 -0.744141 -9.226563 -1.570781 -1.391896 -1.570809
    1 2.033349 1.000767 1.937660 1.596637 -1.286515 2.942961
    2 6.028141 0.000000 0.000000 -1.578696 -0.408157 -1.282402
    3 11.692554 0.000001 0.000002 0.000000 0.000000 -1.224249
    4 11.481674 0.000001 -0.000032 1.573168 -0.028074 0.044378
    5 3.859709 -0.142404 -1.191975 -0.476793 0.134331 -0.965122
    6 1.312555 -0.000002 0.000001 0.000000 0.000000 -0.279217
    7 0.729363 -0.000002 -0.000002 0.000000 0.000000 -0.096880
    8 3.942335 0.046767 -0.431443 -0.145073 0.087435 -0.741654
    9 1.539097 0.000000 0.000000 0.000000 0.000000 -0.309339
    10 1.196326 -0.000002 -0.000001 0.000000 0.000000 -0.521230
    11 3.883696 -0.046765 0.431443 0.085902 0.021830 -0.587867
    12 1.719570 -0.000004 -0.000001 0.000000 0.005516 -0.366478
    13 1.209171 -0.000002 0.000000 0.000000 0.003084 -0.216400
    14 3.859865 -0.137947 1.332466 0.354449 -0.042750 -0.531718
    15 1.719429 0.000002 -0.000001 0.000000 0.004074 -0.363009
    16 1.099665 0.000000 0.000000 0.000000 0.002596 -0.244331
    17 0.806053 -0.348925 1.321258 -1.166382 -0.626621 -0.921969
    18 1.789780 -0.000002 0.000002 0.000000 0.000000 0.189105
    19 1.207006 0.000000 0.000000 0.000000 0.000000 0.306015
    20 2.033356 1.000772 -1.937610 -1.668474 1.286518 2.942953
    21 6.028144 0.000000 0.000000 1.787853 1.386825 -0.787023
    22 11.692554 0.000001 0.000003 0.000000 0.000000 -0.669633
    23 11.481697 0.000001 0.000002 -1.839342 0.008434 0.043643
    24 3.859678 -0.132570 1.193109 0.455258 -0.194116 -0.841018
    25 1.312557 -0.000002 0.000001 0.000000 0.000000 -0.517222
    26 0.729365 0.000002 -0.000002 0.000000 0.000000 -0.174086
    27 3.942305 0.050327 0.431044 0.155579 -0.059680 -0.874216
    28 1.539099 -0.000002 0.000000 0.000000 0.000000 -0.247824
    29 1.196321 0.000008 0.000000 0.000000 0.000000 -0.751741
    30 3.883661 -0.050323 -0.431042 -0.079403 -0.041030 -0.763903
    31 1.719578 0.000004 0.000000 0.000000 -0.007973 -0.582418
    32 1.209185 0.000002 0.000000 0.000001 -0.004461 -0.471628
    33 3.859838 -0.148937 -1.331282 -0.350881 -0.029424 -0.716187
    34 1.719423 0.000002 0.000000 0.000001 -0.006611 -0.578953
    35 1.099667 0.000002 0.000000 0.000000 -0.004211 -0.597741
    36 0.806021 -0.359837 -1.318334 1.096823 0.367421 -1.417088
    37 1.789782 0.000000 -0.000004 0.000000 0.000000 0.265284
    38 1.206999 0.000003 0.000002 0.000000 0.000000 0.310702
    39 3.483999 -2.623365 0.559219 0.000000 0.000000 0.000000
    40 -29.453125 -11.093750 6.648438 0.000000 0.000000 0.000000
  time 56
    0 -0.999512 -0.744141 -9.226563 -1.570781 -1.391896 -1.570809
    1 2.033349 1.000767 1.937660 1.596637 -1.286515 2.942961
    2 6.028141 0.000000 0.000000 -1.578696 -0.408157 -1.282402
    3 11.692554 0.000001 0.000002 0.000000 0.000000 -1.224249
    4 11.481674 0.000001 -0.000032 1.573168 -0.028074 0.044378
    5 3.859709 -0.142404 -1.191975 -0.476793 0.134331 -0.965122
    6 1.312555 -0.000002 0.000001 0.000000 0.000000 -0.279217
    7 0.729363 -0.000002 -0.000002 0.000000 0.000000 -0.096880
    8 3.942335 0.046767 -0.431443 -0.145073 0.087435 -0.741654
    9 1.539097 0.000000 0.000000 0.000000 0.000000 -0.309339
    10 1.196326 -0.000002 -0.000001 0.000000 0.000000 -0.521230
    11 3.883696 -0.046765 0.431443 0.085902 0.021830 -0.587867
    12 1.719570 -0.000004 -0.000001 0.000000 0.005516 -0.366478
    13 1.209171 -0.000002 0.000000 0.000000 0.003084 -0.216400
    14 3.859865 -0.137947 1.332466 0.354449 -0.042750 -0.531718
    15 1.719429 0.000002 -0.000001 0.000000 0.004074 -0.363009
    16 1.099665 0.000000 0.000000 0.000000 0.002596 -0.244331
    17 0.806053 -0.348925 1.321258 -1.166382 -0.626621 -0.921969
    18 1.789780 -0.000002 0.000002 0.000000 0.000000 0.189105
    19 1.207006 0.000000 0.000000 0.000000 0.000000 0.306015
    20 2.033356 1.000772 -1.937610 -1.668474 1.286518 2.942953
    21 6.028144 0.000000 0.000000 1.789546 1.386441 -0.784868
    22 11.692554 0.000001 0.000003 0.000000 0.000000 -0.669681
    23 11.481697 0.000001 0.000002 -1.840652 0.008434 0.043643
    24 3.859678 -0.132570 1.193109 0.455258 -0.194116 -0.841018
    25 1.312557 -0.000002 0.000001 0.000000 0.000000 -0.517222
    26 0.729365 0.000002 -0.000002 0.000000 0.000000 -0.174086
    27 3.942305 0.050327 0.431044 0.155579 -0.059680 -0.874216
    28 1.539099 -0.000002 0.000000 0.000000 0.000000 -0.247824
    29 1.196321 0.000008 0.000000 0.000000 0.000000 -0.751741
    30 3.883661 -0.050323 -0.431042 -0.079403 -0.041030 -0.763903
    31 1.719578 0.000004 0.000000 0.000000 -0.007973 -0.582418
    32 1.209185 0.000002 0.000000 0.000001 -0.004461 -0.471628
    33 3.859838 -0.148937 -1.331282 -0.350881 -0.029424 -0.716187
    34 1.719423 0.000002 0.000000 0.000001 -0.006611 -0.578953
    35 1.099667 0.000002 0.000000 0.000000 -0.004211 -0.597741
    36 0.806021 -0.359837 -1.318334 1.096823 0.367421 -1.417088
    37 1.789782 0.000000 -0.000004 0.000000 0.000000 0.265284
    38 1.206999 0.000003 0.000002 0.000000 0.000000 0.310702
    39 3.483999 -2.623365 0.559219 0.000000 0.000000 0.000000
    40 -29.453125 -11.093750 6.648438 0.000000 0.000000 0.000000
  time 57
    0 -0.999512 -0.744141 -9.226563 -1.570781 -1.391896 -1.570809
    1 2.033349 1.000767 1.937660 1.596637 -1.286515 2.942961
    2 6.028141 0.000000 0.000000 -1.578696 -0.408157 -1.282402
    3 11.692554 0.000001 0.000002 0.000000 0.000000 -1.224249
    4 11.481674 0.000001 -0.000032 1.573168 -0.028074 0.044378
    5 3.859709 -0.142404 -1.191975 -0.476793 0.134331 -0.965122
    6 1.312555 -0.000002 0.000001 0.000000 0.000000 -0.279217
    7 0.729363 -0.000002 -0.000002 0.000000 0.000000 -0.096880
    8 3.942335 0.046767 -0.431443 -0.145073 0.087435 -0.741654
    9 1.539097 0.000000 0.000000 0.000000 0.000000 -0.309339
    10 1.196326 -0.000002 -0.000001 0.000000 0.000000 -0.521230
    11 3.883696 -0.046765 0.431443 0.085902 0.021830 -0.587867
    12 1.719570 -0.000004 -0.000001 0.000000 0.005516 -0.366478
    13 1.209171 -0.000002 0.000000 0.000000 0.003084 -0.216400
    14 3.859865 -0.137947 1.332466 0.354449 -0.042750 -0.531718
    15 1.719429 0.000002 -0.000001 0.000000 0.004074 -0.363009
    16 1.099665 0.000000 0.000000 0.000000 0.002596 -0.244331
    17 0.806053 -0.348925 1.321258 -1.166382 -0.626621 -0.921969
    18 1.789780 -0.000002 0.000002 0.000000 0.000000 0.189105
    19 1.207006 0.000000 0.000000 0.000000 0.000000 0.306015
    20 2.033356 1.000772 -1.937610 -1.668474 1.286518 2.942953
    21 6.028144 0.000000 0.000000 1.791098 1.386143 -0.783022
    22 11.692554 0.000001 0.000003 0.000000 0.000000 -0.669681
    23 11.481697 0.000001 0.000002 -1.841870 0.008434 0.043643
    24 3.859678 -0.132570 1.193109 0.455258 -0.194116 -0.841018
    25 1.312557 -0.000002 0.000001 0.000000 0.000000 -0.517222
    26 0.729365 0.000002 -0.000002 0.000000 0.000000 -0.174086
    27 3.942305 0.050327 0.431044 0.155579 -0.059680 -0.874216
    28 1.539099 -0.000002 0.000000 0.000000 0.000000 -0.247837
    29 1.196321 0.000008 0.000000 0.000000 0.000000 -0.751741
    30 3.883661 -0.050323 -0.431042 -0.079403 -0.041030 -0.763903
    31 1.719578 0.000004 0.000000 0.000000 -0.007973 -0.582418
    32 1.209185 0.000002 0.000000 0.000001 -0.004461 -0.471628
    33 3.859838 -0.148937 -1.331282 -0.350881 -0.029424 -0.716187
    34 1.719423 0.000002 0.000000 0.000001 -0.006611 -0.578953
    35 1.099667 0.000002 0.000000 0.000000 -0.004211 -0.597741
    36 0.806021 -0.359837 -1.318334 1.096823 0.367421 -1.417088
    37 1.789782 0.000000 -0.000004 0.000000 0.000000 0.265284
    38 1.206999 0.000003 0.000002 0.000000 0.000000 0.310702
    39 3.483999 -2.623365 0.559219 0.000000 0.000000 0.000000
    40 -29.453125 -11.093750 6.648438 0.000000 0.000000 0.000000
  time 58
    0 -0.999512 -0.744141 -9.226563 -1.570781 -1.391896 -1.570809
    1 2.033349 1.000767 1.937660 1.596637 -1.286515 2.942961
    2 6.028141 0.000000 0.000000 -1.578696 -0.408157 -1.282402
    3 11.692554 0.000001 0.000002 0.000000 0.000000 -1.224249
    4 11.481674 0.000001 -0.000032 1.573168 -0.028074 0.044378
    5 3.859709 -0.142404 -1.191975 -0.476793 0.134331 -0.965122
    6 1.312555 -0.000002 0.000001 0.000000 0.000000 -0.279217
    7 0.729363 -0.000002 -0.000002 0.000000 0.000000 -0.096880
    8 3.942335 0.046767 -0.431443 -0.145073 0.087435 -0.741654
    9 1.539097 0.000000 0.000000 0.000000 0.000000 -0.309339
    10 1.196326 -0.000002 -0.000001 0.000000 0.000000 -0.521230
    11 3.883696 -0.046765 0.431443 0.085902 0.021830 -0.587867
    12 1.719570 -0.000004 -0.000001 0.000000 0.005516 -0.366478
    13 1.209171 -0.000002 0.000000 0.000000 0.003084 -0.216400
    14 3.859865 -0.137947 1.332466 0.354449 -0.042750 -0.531718
    15 1.719429 0.000002 -0.000001 0.000000 0.004074 -0.363009
    16 1.099665 0.000000 0.000000 0.000000 0.002596 -0.244331
    17 0.806053 -0.348925 1.321258 -1.166382 -0.626621 -0.921969
    18 1.789780 -0.000002 0.000002 0.000000 0.000000 0.189105
    19 1.207006 0.000000 0.000000 0.000000 0.000000 0.306015
    20 2.033356 1.000772 -1.937610 -1.668474 1.286518 2.942953
    21 6.028144 0.000000 0.000000 1.792321 1.386015 -0.781482
    22 11.692554 0.000001 0.000003 0.000000 0.000000 -0.669586
    23 11.481697 0.000001 0.000002 -1.843027 0.008434 0.043643
    24 3.859678 -0.132570 1.193109 0.455258 -0.194116 -0.841018
    25 1.312557 -0.000002 0.000001 0.000000 0.000000 -0.517222
    26 0.729365 0.000002 -0.000002 0.000000 0.000000 -0.174086
    27 3.942305 0.050327 0.431044 0.155579 -0.059680 -0.874230
    28 1.539099 -0.000002 0.000000 0.000000 0.000000 -0.247837
    29 1.196321 0.000008 0.000000 0.000000 0.000000 -0.751741
    30 3.883661 -0.050323 -0.431042 -0.079403 -0.041030 -0.763903
    31 1.719578 0.000004 0.000000 0.000000 -0.007973 -0.582418
    32 1.209185 0.000002 0.000000 0.000001 -0.004461 -0.471628
    33 3.859838 -0.148937 -1.331282 -0.350881 -0.029424 -0.716187
    34 1.719423 0.000002 0.000000 0.000001 -0.006611 -0.578953
    35 1.099667 0.000002 0.000000 0.000000 -0.004211 -0.597741
    36 0.806021 -0.359837 -1.318334 1.096823 0.367421 -1.417088
    37 1.789782 0.000000 -0.000004 0.000000 0.000000 0.265284
    38 1.206999 0.000003 0.000002 0.000000 0.000000 0.310702
    39 3.483999 -2.623365 0.559219 0.000000 0.000000 0.000000
    40 -29.453125 -11.093750 6.648438 0.000000 0.000000 0.000000
  time 59
    0 -0.999512 -0.744141 -9.226563 -1.570781 -1.391896 -1.570809
    1 2.033349 1.000767 1.937660 1.596637 -1.286515 2.942961
    2 6.028141 0.000000 0.000000 -1.578696 -0.408157 -1.282402
    3 11.692554 0.000001 0.000002 0.000000 0.000000 -1.224249
    4 11.481674 0.000001 -0.000032 1.573168 -0.028074 0.044378
    5 3.859709 -0.142404 -1.191975 -0.476793 0.134331 -0.965122
    6 1.312555 -0.000002 0.000001 0.000000 0.000000 -0.279217
    7 0.729363 -0.000002 -0.000002 0.000000 0.000000 -0.096880
    8 3.942335 0.046767 -0.431443 -0.145073 0.087435 -0.741654
    9 1.539097 0.000000 0.000000 0.000000 0.000000 -0.309339
    10 1.196326 -0.000002 -0.000001 0.000000 0.000000 -0.521230
    11 3.883696 -0.046765 0.431443 0.085902 0.021830 -0.587867
    12 1.719570 -0.000004 -0.000001 0.000000 0.005516 -0.366478
    13 1.209171 -0.000002 0.000000 0.000000 0.003084 -0.216400
    14 3.859865 -0.137947 1.332466 0.354449 -0.042750 -0.531718
    15 1.719429 0.000002 -0.000001 0.000000 0.004074 -0.363009
    16 1.099665 0.000000 0.000000 0.000000 0.002596 -0.244331
    17 0.806053 -0.348925 1.321258 -1.166382 -0.626621 -0.921969
    18 1.789780 -0.000002 0.000002 0.000000 0.000000 0.189105
    19 1.207006 0.000000 0.000000 0.000000 0.000000 0.306015
    20 2.033356 1.000772 -1.937610 -1.668474 1.286518 2.942953
    21 6.028144 0.000000 0.000000 1.793215 1.386015 -0.780456
    22 11.692554 0.000001 0.000003 0.000000 0.000000 -0.669394
    23 11.481697 0.000001 0.000002 -1.844032 0.008434 0.043643
    24 3.859678 -0.132570 1.193109 0.455258 -0.194116 -0.841018
    25 1.312557 -0.000002 0.000001 0.000000 0.000000 -0.517222
    26 0.729365 0.000002 -0.000002 0.000000 0.000000 -0.174086
    27 3.942305 0.050327 0.431044 0.155579 -0.059680 -0.874230
    28 1.539099 -0.000002 0.000000 0.000000 0.000000 -0.247837
    29 1.196321 0.000008 0.000000 0.000000 0.000000 -0.751741
    30 3.883661 -0.050323 -0.431042 -0.079403 -0.041030 -0.763903
    31 1.719578 0.000004 0.000000 0.000000 -0.007973 -0.582418
    32 1.209185 0.000002 0.000000 0.000001 -0.004461 -0.471628
    33 3.859838 -0.148937 -1.331282 -0.350881 -0.029424 -0.716187
    34 1.719423 0.000002 0.000000 0.000001 -0.006611 -0.578953
    35 1.099667 0.000002 0.000000 0.000000 -0.004211 -0.597741
    36 0.806021 -0.359837 -1.318334 1.096823 0.367421 -1.417088
    37 1.789782 0.000000 -0.000004 0.000000 0.000000 0.265284
    38 1.206999 0.000003 0.000002 0.000000 0.000000 0.310702
    39 3.483999 -2.623365 0.559219 0.000000 0.000000 0.000000
    40 -29.453125 -11.093750 6.648438 0.000000 0.000000 0.000000
  time 60
    0 -0.999512 -0.744141 -9.226563 -1.570781 -1.391896 -1.570809
    1 2.033349 1.000767 1.937660 1.596637 -1.286515 2.942961
    2 6.028141 0.000000 0.000000 -1.578696 -0.408157 -1.282402
    3 11.692554 0.000001 0.000002 0.000000 0.000000 -1.224249
    4 11.481674 0.000001 -0.000032 1.573168 -0.028074 0.044378
    5 3.859709 -0.142404 -1.191975 -0.476793 0.134331 -0.965122
    6 1.312555 -0.000002 0.000001 0.000000 0.000000 -0.279217
    7 0.729363 -0.000002 -0.000002 0.000000 0.000000 -0.096880
    8 3.942335 0.046767 -0.431443 -0.145073 0.087435 -0.741654
    9 1.539097 0.000000 0.000000 0.000000 0.000000 -0.309339
    10 1.196326 -0.000002 -0.000001 0.000000 0.000000 -0.521230
    11 3.883696 -0.046765 0.431443 0.085902 0.021830 -0.587867
    12 1.719570 -0.000004 -0.000001 0.000000 0.005516 -0.366478
    13 1.209171 -0.000002 0.000000 0.000000 0.003084 -0.216400
    14 3.859865 -0.137947 1.332466 0.354449 -0.042750 -0.531718
    15 1.719429 0.000002 -0.000001 0.000000 0.004074 -0.363009
    16 1.099665 0.000000 0.000000 0.000000 0.002596 -0.244331
    17 0.806053 -0.348925 1.321258 -1.166382 -0.626621 -0.921969
    18 1.789780 -0.000002 0.000002 0.000000 0.000000 0.189105
    19 1.207006 0.000000 0.000000 0.000000 0.000000 0.306015
    20 2.033356 1.000772 -1.937610 -1.668474 1.286518 2.942953
    21 6.028144 0.000000 0.000000 1.793638 1.386186 -0.779943
    22 11.692554 0.000001 0.000003 0.000000 0.000000 -0.669060
    23 11.481697 0.000001 0.000002 -1.844915 0.008434 0.043643
    24 3.859678 -0.132570 1.193109 0.455258 -0.194116 -0.841018
    25 1.312557 -0.000002 0.000001 0.000000 0.000000 -0.517222
    26 0.729365 0.000002 -0.000002 0.000000 0.000000 -0.174086
    27 3.942305 0.050327 0.431044 0.155579 -0.059680 -0.874230
    28 1.539099 -0.000002 0.000000 0.000000 0.000000 -0.247824
    29 1.196321 0.000008 0.000000 0.000000 0.000000 -0.751741
    30 3.883661 -0.050323 -0.431042 -0.079403 -0.041030 -0.763903
    31 1.719578 0.000004 0.000000 0.000000 -0.007973 -0.582418
    32 1.209185 0.000002 0.000000 0.000001 -0.004461 -0.471628
    33 3.859838 -0.148937 -1.331282 -0.350881 -0.029424 -0.716187
    34 1.719423 0.000002 0.000000 0.000001 -0.006611 -0.578953
    35 1.099667 0.000002 0.000000 0.000000 -0.004211 -0.597741
    36 0.806021 -0.359837 -1.318334 1.096823 0.367421 -1.417088
    37 1.789782 0.000000 -0.000004 0.000000 0.000000 0.265284
    38 1.206999 0.000003 0.000002 0.000000 0.000000 0.310702
    39 3.483999 -2.623365 0.559219 0.000000 0.000000 0.000000
    40 -29.453125 -11.093750 6.648438 0.000000 0.000000 0.000000
  time 61
    0 -0.999512 -0.744141 -9.226563 -1.570781 -1.391896 -1.570809
    1 2.033349 1.000767 1.937660 1.596637 -1.286515 2.942961
    2 6.028141 0.000000 0.000000 -1.578696 -0.408157 -1.282402
    3 11.692554 0.000001 0.000002 0.000000 0.000000 -1.224249
    4 11.481674 0.000001 -0.000032 1.573168 -0.028074 0.044378
    5 3.859709 -0.142404 -1.191975 -0.476793 0.134331 -0.965122
    6 1.312555 -0.000002 0.000001 0.000000 0.000000 -0.279217
    7 0.729363 -0.000002 -0.000002 0.000000 0.000000 -0.096880
    8 3.942335 0.046767 -0.431443 -0.145073 0.087435 -0.741654
    9 1.539097 0.000000 0.000000 0.000000 0.000000 -0.309339
    10 1.196326 -0.000002 -0.000001 0.000000 0.000000 -0.521230
    11 3.883696 -0.046765 0.431443 0.085902 0.021830 -0.587867
    12 1.719570 -0.000004 -0.000001 0.000000 0.005516 -0.366478
    13 1.209171 -0.000002 0.000000 0.000000 0.003084 -0.216400
    14 3.859865 -0.137947 1.332466 0.354449 -0.042750 -0.531718
    15 1.719429 0.000002 -0.000001 0.000000 0.004074 -0.363009
    16 1.099665 0.000000 0.000000 0.000000 0.002596 -0.244331
    17 0.806053 -0.348925 1.321258 -1.166382 -0.626621 -0.921969
    18 1.789780 -0.000002 0.000002 0.000000 0.000000 0.189105
    19 1.207006 0.000000 0.000000 0.000000 0.000000 0.306015
    20 2.033356 1.000772 -1.937610 -1.668474 1.286518 2.942953
    21 6.028144 0.000000 0.000000 1.793685 1.386356 -0.779943
    22 11.692554 0.000001 0.000003 0.000000 0.000000 -0.668821
    23 11.481697 0.000001 0.000002 -1.845676 0.008434 0.043643
    24 3.859678 -0.132570 1.193109 0.455258 -0.194116 -0.841018
    25 1.312557 -0.000002 0.000001 0.000000 0.000000 -0.517222
    26 0.729365 0.000002 -0.000002 0.000000 0.000000 -0.174086
    27 3.942305 0.050327 0.431044 0.155579 -0.059680 -0.874230
    28 1.539099 -0.000002 0.000000 0.000000 0.000000 -0.247824
    29 1.196321 0.000008 0.000000 0.000000 0.000000 -0.751741
    30 3.883661 -0.050323 -0.431042 -0.079403 -0.041030 -0.763903
    31 1.719578 0.000004 0.000000 0.000000 -0.007973 -0.582418
    32 1.209185 0.000002 0.000000 0.000001 -0.004461 -0.471628
    33 3.859838 -0.148937 -1.331282 -0.350881 -0.029424 -0.716187
    34 1.719423 0.000002 0.000000 0.000001 -0.006611 -0.578953
    35 1.099667 0.000002 0.000000 0.000000 -0.004211 -0.597741
    36 0.806021 -0.359837 -1.318334 1.096823 0.367421 -1.417088
    37 1.789782 0.000000 -0.000004 0.000000 0.000000 0.265284
    38 1.206999 0.000003 0.000002 0.000000 0.000000 0.310702
    39 3.483999 -2.623365 0.559219 0.000000 0.000000 0.000000
    40 -29.453125 -11.093750 6.648438 0.000000 0.000000 0.000000
  time 62
    0 -0.999512 -0.744141 -9.226563 -1.570781 -1.391896 -1.570809
    1 2.033349 1.000767 1.937660 1.596637 -1.286515 2.942961
    2 6.028141 0.000000 0.000000 -1.578696 -0.408157 -1.282402
    3 11.692554 0.000001 0.000002 0.000000 0.000000 -1.224249
    4 11.481674 0.000001 -0.000032 1.573168 -0.028074 0.044378
    5 3.859709 -0.142404 -1.191975 -0.476793 0.134331 -0.965122
    6 1.312555 -0.000002 0.000001 0.000000 0.000000 -0.279217
    7 0.729363 -0.000002 -0.000002 0.000000 0.000000 -0.096880
    8 3.942335 0.046767 -0.431443 -0.145073 0.087435 -0.741654
    9 1.539097 0.000000 0.000000 0.000000 0.000000 -0.309339
    10 1.196326 -0.000002 -0.000001 0.000000 0.000000 -0.521230
    11 3.883696 -0.046765 0.431443 0.085902 0.021830 -0.587867
    12 1.719570 -0.000004 -0.000001 0.000000 0.005516 -0.366478
    13 1.209171 -0.000002 0.000000 0.000000 0.003084 -0.216400
    14 3.859865 -0.137947 1.332466 0.354449 -0.042750 -0.531718
    15 1.719429 0.000002 -0.000001 0.000000 0.004074 -0.363009
    16 1.099665 0.000000 0.000000 0.000000 0.002596 -0.244331
    17 0.806053 -0.348925 1.321258 -1.166382 -0.626621 -0.921969
    18 1.789780 -0.000002 0.000002 0.000000 0.000000 0.189105
    19 1.207006 0.000000 0.000000 0.000000 0.000000 0.306015
    20 2.033356 1.000772 -1.937610 -1.668474 1.286518 2.942953
    21 6.028144 0.000000 0.000000 1.793262 1.386441 -0.780456
    22 11.692554 0.000001 0.000003 0.000000 0.000000 -0.668821
    23 11.481697 0.000001 0.000002 -1.846285 0.008434 0.043643
    24 3.859678 -0.132570 1.193109 0.455258 -0.194116 -0.841018
    25 1.312557 -0.000002 0.000001 0.000000 0.000000 -0.517222
    26 0.729365 0.000002 -0.000002 0.000000 0.000000 -0.174086
    27 3.942305 0.050327 0.431044 0.155579 -0.059680 -0.874244
    28 1.539099 -0.000002 0.000000 0.000000 0.000000 -0.247837
    29 1.196321 0.000008 0.000000 0.000000 0.000000 -0.751741
    30 3.883661 -0.050323 -0.431042 -0.079403 -0.041030 -0.763903
    31 1.719578 0.000004 0.000000 0.000000 -0.007973 -0.582418
    32 1.209185 0.000002 0.000000 0.000001 -0.004461 -0.471628
    33 3.859838 -0.148937 -1.331282 -0.350881 -0.029424 -0.716187
    34 1.719423 0.000002 0.000000 0.000001 -0.006611 -0.578953
    35 1.099667 0.000002 0.000000 0.000000 -0.004211 -0.597741
    36 0.806021 -0.359837 -1.318334 1.096823 0.367421 -1.417088
    37 1.789782 0.000000 -0.000004 0.000000 0.000000 0.265284
    38 1.206999 0.000003 0.000002 0.000000 0.000000 0.310702
    39 3.483999 -2.623365 0.559219 0.000000 0.000000 0.000000
    40 -29.453125 -11.093750 6.648438 0.000000 0.000000 0.000000
  time 63
    0 -0.999512 -0.744141 -9.226563 -1.570781 -1.391896 -1.570809
    1 2.033349 1.000767 1.937660 1.596637 -1.286515 2.942961
    2 6.028141 0.000000 0.000000 -1.578696 -0.408157 -1.282402
    3 11.692554 0.000001 0.000002 0.000000 0.000000 -1.224249
    4 11.481674 0.000001 -0.000032 1.573168 -0.028074 0.044378
    5 3.859709 -0.142404 -1.191975 -0.476793 0.134331 -0.965122
    6 1.312555 -0.000002 0.000001 0.000000 0.000000 -0.279217
    7 0.729363 -0.000002 -0.000002 0.000000 0.000000 -0.096880
    8 3.942335 0.046767 -0.431443 -0.145073 0.087435 -0.741654
    9 1.539097 0.000000 0.000000 0.000000 0.000000 -0.309339
    10 1.196326 -0.000002 -0.000001 0.000000 0.000000 -0.521230
    11 3.883696 -0.046765 0.431443 0.085902 0.021830 -0.587867
    12 1.719570 -0.000004 -0.000001 0.000000 0.005516 -0.366478
    13 1.209171 -0.000002 0.000000 0.000000 0.003084 -0.216400
    14 3.859865 -0.137947 1.332466 0.354449 -0.042750 -0.531718
    15 1.719429 0.000002 -0.000001 0.000000 0.004074 -0.363009
    16 1.099665 0.000000 0.000000 0.000000 0.002596 -0.244331
    17 0.806053 -0.348925 1.321258 -1.166382 -0.626621 -0.921969
    18 1.789780 -0.000002 0.000002 0.000000 0.000000 0.189105
    19 1.207006 0.000000 0.000000 0.000000 0.000000 0.306015
    20 2.033356 1.000772 -1.937610 -1.668474 1.286518 2.942953
    21 6.028144 0.000000 0.000000 1.792462 1.386441 -0.781431
    22 11.692554 0.000001 0.000003 0.000000 0.000000 -0.669060
    23 11.481697 0.000001 0.000002 -1.846742 0.008434 0.043643
    24 3.859678 -0.132570 1.193109 0.455258 -0.194116 -0.841018
    25 1.312557 -0.000002 0.000001 0.000000 0.000000 -0.517222
    26 0.729365 0.000002 -0.000002 0.000000 0.000000 -0.174086
    27 3.942305 0.050327 0.431044 0.155579 -0.059680 -0.874244
    28 1.539099 -0.000002 0.000000 0.000000 0.000000 -0.247824
    29 1.196321 0.000008 0.000000 0.000000 0.000000 -0.751741
    30 3.883661 -0.050323 -0.431042 -0.079403 -0.041030 -0.763903
    31 1.719578 0.000004 0.000000 0.000000 -0.007973 -0.582418
    32 1.209185 0.000002 0.000000 0.000001 -0.004461 -0.471628
    33 3.859838 -0.148937 -1.331282 -0.350881 -0.029424 -0.716187
    34 1.719423 0.000002 0.000000 0.000001 -0.006611 -0.578953
    35 1.099667 0.000002 0.000000 0.000000 -0.004211 -0.597741
    36 0.806021 -0.359837 -1.318334 1.096823 0.367421 -1.417088
    37 1.789782 0.000000 -0.000004 0.000000 0.000000 0.265284
    38 1.206999 0.000003 0.000002 0.000000 0.000000 0.310702
    39 3.483999 -2.623365 0.559219 0.000000 0.000000 0.000000
    40 -29.453125 -11.093750 6.648438 0.000000 0.000000 0.000000
  time 64
    0 -0.999512 -0.744141 -9.226563 -1.570781 -1.391896 -1.570809
    1 2.033349 1.000767 1.937660 1.596637 -1.286515 2.942961
    2 6.028141 0.000000 0.000000 -1.578696 -0.408157 -1.282402
    3 11.692554 0.000001 0.000002 0.000000 0.000000 -1.224249
    4 11.481674 0.000001 -0.000032 1.573168 -0.028074 0.044378
    5 3.859709 -0.142404 -1.191975 -0.476793 0.134331 -0.965122
    6 1.312555 -0.000002 0.000001 0.000000 0.000000 -0.279217
    7 0.729363 -0.000002 -0.000002 0.000000 0.000000 -0.096880
    8 3.942335 0.046767 -0.431443 -0.145073 0.087435 -0.741654
    9 1.539097 0.000000 0.000000 0.000000 0.000000 -0.309339
    10 1.196326 -0.000002 -0.000001 0.000000 0.000000 -0.521230
    11 3.883696 -0.046765 0.431443 0.085902 0.021830 -0.587867
    12 1.719570 -0.000004 -0.000001 0.000000 0.005516 -0.366478
    13 1.209171 -0.000002 0.000000 0.000000 0.003084 -0.216400
    14 3.859865 -0.137947 1.332466 0.354449 -0.042750 -0.531718
    15 1.719429 0.000002 -0.000001 0.000000 0.004074 -0.363009
    16 1.099665 0.000000 0.000000 0.000000 0.002596 -0.244331
    17 0.806053 -0.348925 1.321258 -1.166382 -0.626621 -0.921969
    18 1.789780 -0.000002 0.000002 0.000000 0.000000 0.189105
    19 1.207006 0.000000 0.000000 0.000000 0.000000 0.306015
    20 2.033356 1.000772 -1.937610 -1.668474 1.286518 2.942953
    21 6.028144 0.000000 0.000000 1.791333 1.386399 -0.782765
    22 11.692554 0.000001 0.000003 0.000000 0.000000 -0.669490
    23 11.481697 0.000001 0.000002 -1.847138 0.008434 0.043643
    24 3.859678 -0.132570 1.193109 0.455258 -0.194116 -0.841018
    25 1.312557 -0.000002 0.000001 0.000000 0.000000 -0.517222
    26 0.729365 0.000002 -0.000002 0.000000 0.000000 -0.174086
    27 3.942305 0.050327 0.431044 0.155579 -0.059668 -0.874244
    28 1.539099 -0.000002 0.000000 0.000000 0.000000 -0.247837
    29 1.196321 0.000008 0.000000 0.000000 0.000000 -0.751741
    30 3.883661 -0.050323 -0.431042 -0.079403 -0.041030 -0.763903
    31 1.719578 0.000004 0.000000 0.000000 -0.007973 -0.582418
    32 1.209185 0.000002 0.000000 0.000001 -0.004461 -0.471628
    33 3.859838 -0.148937 -1.331282 -0.350881 -0.029424 -0.716187
    34 1.719423 0.000002 0.000000 0.000001 -0.006611 -0.578953
    35 1.099667 0.000002 0.000000 0.000000 -0.004211 -0.597741
    36 0.806021 -0.359837 -1.318334 1.096823 0.367421 -1.417088
    37 1.789782 0.000000 -0.000004 0.000000 0.000000 0.265284
    38 1.206999 0.000003 0.000002 0.000000 0.000000 0.310702
    39 3.483999 -2.623365 0.559219 0.000000 0.000000 0.000000
    40 -29.453125 -11.093750 6.648438 0.000000 0.000000 0.000000
  time 65
    0 -0.999512 -0.744141 -9.226563 -1.570781 -1.391896 -1.570809
    1 2.033349 1.000767 1.937660 1.596637 -1.286515 2.942961
    2 6.028141 0.000000 0.000000 -1.578696 -0.408157 -1.282402
    3 11.692554 0.000001 0.000002 0.000000 0.000000 -1.224249
    4 11.481674 0.000001 -0.000032 1.573168 -0.028074 0.044378
    5 3.859709 -0.142404 -1.191975 -0.476793 0.134331 -0.965122
    6 1.312555 -0.000002 0.000001 0.000000 0.000000 -0.279217
    7 0.729363 -0.000002 -0.000002 0.000000 0.000000 -0.096880
    8 3.942335 0.046767 -0.431443 -0.145073 0.087435 -0.741654
    9 1.539097 0.000000 0.000000 0.000000 0.000000 -0.309339
    10 1.196326 -0.000002 -0.000001 0.000000 0.000000 -0.521230
    11 3.883696 -0.046765 0.431443 0.085902 0.021830 -0.587867
    12 1.719570 -0.000004 -0.000001 0.000000 0.005516 -0.366478
    13 1.209171 -0.000002 0.000000 0.000000 0.003084 -0.216400
    14 3.859865 -0.137947 1.332466 0.354449 -0.042750 -0.531718
    15 1.719429 0.000002 -0.000001 0.000000 0.004074 -0.363009
    16 1.099665 0.000000 0.000000 0.000000 0.002596 -0.244331
    17 0.806053 -0.348925 1.321258 -1.166382 -0.626621 -0.921969
    18 1.789780 -0.000002 0.000002 0.000000 0.000000 0.189105
    19 1.207006 0.000000 0.000000 0.000000 0.000000 0.306015
    20 2.033356 1.000772 -1.937610 -1.668474 1.286518 2.942953
    21 6.028144 0.000000 0.000000 1.789970 1.386356 -0.784407
    22 11.692554 0.000001 0.000003 0.000000 0.000000 -0.670016
    23 11.481697 0.000001 0.000002 -1.847290 0.008434 0.043643
    24 3.859678 -0.132570 1.193109 0.455258 -0.194116 -0.841018
    25 1.312557 -0.000002 0.000001 0.000000 0.000000 -0.517222
    26 0.729365 0.000002 -0.000002 0.000000 0.000000 -0.174086
    27 3.942305 0.050327 0.431044 0.155579 -0.059668 -0.874258
    28 1.539099 -0.000002 0.000000 0.000000 0.000000 -0.247837
    29 1.196321 0.000008 0.000000 0.000000 0.000000 -0.751741
    30 3.883661 -0.050323 -0.431042 -0.079403 -0.041030 -0.763903
    31 1.719578 0.000004 0.000000 0.000000 -0.007973 -0.582418
    32 1.209185 0.000002 0.000000 0.000001 -0.004461 -0.471628
    33 3.859838 -0.148937 -1.331282 -0.350881 -0.029424 -0.716187
    34 1.719423 0.000002 0.000000 0.000001 -0.006611 -0.578953
    35 1.099667 0.000002 0.000000 0.000000 -0.004211 -0.597741
    36 0.806021 -0.359837 -1.318334 1.096823 0.367421 -1.417088
    37 1.789782 0.000000 -0.000004 0.000000 0.000000 0.265284
    38 1.206999 0.000003 0.000002 0.000000 0.000000 0.310702
    39 3.483999 -2.623365 0.559219 0.000000 0.000000 0.000000
    40 -29.453125 -11.093750 6.648438 0.000000 0.000000 0.000000
  time 66
    0 -0.999512 -0.744141 -9.226563 -1.570781 -1.391896 -1.570809
    1 2.033349 1.000767 1.937660 1.596637 -1.286515 2.942961
    2 6.028141 0.000000 0.000000 -1.578696 -0.408157 -1.282402
    3 11.692554 0.000001 0.000002 0.000000 0.000000 -1.224249
    4 11.481674 0.000001 -0.000032 1.573168 -0.028074 0.044378
    5 3.859709 -0.142404 -1.191975 -0.476793 0.134331 -0.965122
    6 1.312555 -0.000002 0.000001 0.000000 0.000000 -0.279217
    7 0.729363 -0.000002 -0.000002 0.000000 0.000000 -0.096880
    8 3.942335 0.046767 -0.431443 -0.145073 0.087435 -0.741654
    9 1.539097 0.000000 0.000000 0.000000 0.000000 -0.309339
    10 1.196326 -0.000002 -0.000001 0.000000 0.000000 -0.521230
    11 3.883696 -0.046765 0.431443 0.085902 0.021830 -0.587867
    12 1.719570 -0.000004 -0.000001 0.000000 0.005516 -0.366478
    13 1.209171 -0.000002 0.000000 0.000000 0.003084 -0.216400
    14 3.859865 -0.137947 1.332466 0.354449 -0.042750 -0.531718
    15 1.719429 0.000002 -0.000001 0.000000 0.004074 -0.363009
    16 1.099665 0.000000 0.000000 0.000000 0.002596 -0.244331
    17 0.806053 -0.348925 1.321258 -1.166382 -0.626621 -0.921969
    18 1.789780 -0.000002 0.000002 0.000000 0.000000 0.189105
    19 1.207006 0.000000 0.000000 0.000000 0.000000 0.306015
    20 2.033356 1.000772 -1.937610 -1.668474 1.286518 2.942953
    21 6.028144 0.000000 0.000000 1.788418 1.386228 -0.786202
    22 11.692554 0.000001 0.000003 0.000000 0.000000 -0.670589
    23 11.481697 0.000001 0.000002 -1.846894 0.008434 0.043643
    24 3.859678 -0.132570 1.193109 0.455258 -0.194116 -0.841018
    25 1.312557 -0.000002 0.000001 0.000000 0.000000 -0.517222
    26 0.729365 0.000002 -0.000002 0.000000 0.000000 -0.174086
    27 3.942305 0.050327 0.431044 0.155579 -0.059668 -0.874258
    28 1.539099 -0.000002 0.000000 0.000000 0.000000 -0.247824
    29 1.196321 0.000008 0.000000 0.000000 0.000000 -0.751741
    30 3.883661 -0.050323 -0.431042 -0.079403 -0.041030 -0.763903
    31 1.719578 0.000004 0.000000 0.000000 -0.007973 -0.582418
    32 1.209185 0.000002 0.000000 0.000001 -0.004461 -0.471628
    33 3.859838 -0.148937 -1.331282 -0.350881 -0.029424 -0.716187
    34 1.719423 0.000002 0.000000 0.000001 -0.006611 -0.578953
    35 1.099667 0.000002 0.000000 0.000000 -0.004211 -0.597741
    36 0.806021 -0.359837 -1.318334 1.096823 0.367421 -1.417088
    37 1.789782 0.000000 -0.000004 0.000000 0.000000 0.265284
    38 1.206999 0.000003 0.000002 0.000000 0.000000 0.310702
    39 3.483999 -2.623365 0.559219 0.000000 0.000000 0.000000
    40 -29.453125 -11.093750 6.648438 0.000000 0.000000 0.000000
  time 67
    0 -0.999512 -0.744141 -9.226563 -1.570781 -1.391896 -1.570809
    1 2.033349 1.000767 1.937660 1.596637 -1.286515 2.942961
    2 6.028141 0.000000 0.000000 -1.578696 -0.408157 -1.282402
    3 11.692554 0.000001 0.000002 0.000000 0.000000 -1.224249
    4 11.481674 0.000001 -0.000032 1.573168 -0.028074 0.044378
    5 3.859709 -0.142404 -1.191975 -0.476793 0.134331 -0.965122
    6 1.312555 -0.000002 0.000001 0.000000 0.000000 -0.279217
    7 0.729363 -0.000002 -0.000002 0.000000 0.000000 -0.096880
    8 3.942335 0.046767 -0.431443 -0.145073 0.087435 -0.741654
    9 1.539097 0.000000 0.000000 0.000000 0.000000 -0.309339
    10 1.196326 -0.000002 -0.000001 0.000000 0.000000 -0.521230
    11 3.883696 -0.046765 0.431443 0.085902 0.021830 -0.587867
    12 1.719570 -0.000004 -0.000001 0.000000 0.005516 -0.366478
    13 1.209171 -0.000002 0.000000 0.000000 0.003084 -0.216400
    14 3.859865 -0.137947 1.332466 0.354449 -0.042750 -0.531718
    15 1.719429 0.000002 -0.000001 0.000000 0.004074 -0.363009
    16 1.099665 0.000000 0.000000 0.000000 0.002596 -0.244331
    17 0.806053 -0.348925 1.321258 -1.166382 -0.626621 -0.921969
    18 1.789780 -0.000002 0.000002 0.000000 0.000000 0.189105
    19 1.207006 0.000000 0.000000 0.000000 0.000000 0.306015
    20 2.033356 1.000772 -1.937610 -1.668474 1.286518 2.942953
    21 6.028144 0.000000 0.000000 1.786819 1.386186 -0.788100
    22 11.692554 0.000001 0.000003 0.000000 0.000000 -0.671163
    23 11.481697 0.000001 0.000002 -1.846255 0.008434 0.043643
    24 3.859678 -0.132570 1.193109 0.455258 -0.194116 -0.841018
    25 1.312557 -0.000002 0.000001 0.000000 0.000000 -0.517222
    26 0.729365 0.000002 -0.000002 0.000000 0.000000 -0.174086
    27 3.942305 0.050327 0.431044 0.155579 -0.059668 -0.874258
    28 1.539099 -0.000002 0.000000 0.000000 0.000000 -0.247837
    29 1.196321 0.000008 0.000000 0.000000 0.000000 -0.751741
    30 3.883661 -0.050323 -0.431042 -0.079403 -0.041030 -0.763903
    31 1.719578 0.000004 0.000000 0.000000 -0.007973 -0.582418
    32 1.209185 0.000002 0.000000 0.000001 -0.004461 -0.471628
    33 3.859838 -0.148937 -1.331282 -0.350881 -0.029424 -0.716187
    34 1.719423 0.000002 0.000000 0.000001 -0.006611 -0.578953
    35 1.099667 0.000002 0.000000 0.000000 -0.004211 -0.597741
    36 0.806021 -0.359837 -1.318334 1.096823 0.367421 -1.417088
    37 1.789782 0.000000 -0.000004 0.000000 0.000000 0.265284
    38 1.206999 0.000003 0.000002 0.000000 0.000000 0.310702
    39 3.483999 -2.623365 0.559219 0.000000 0.000000 0.000000
    40 -29.453125 -11.093750 6.648438 0.000000 0.000000 0.000000
  time 68
    0 -0.999512 -0.744141 -9.226563 -1.570781 -1.391896 -1.570809
    1 2.033349 1.000767 1.937660 1.596637 -1.286515 2.942961
    2 6.028141 0.000000 0.000000 -1.578696 -0.408157 -1.282402
    3 11.692554 0.000001 0.000002 0.000000 0.000000 -1.224249
    4 11.481674 0.000001 -0.000032 1.573168 -0.028074 0.044378
    5 3.859709 -0.142404 -1.191975 -0.476793 0.134331 -0.965122
    6 1.312555 -0.000002 0.000001 0.000000 0.000000 -0.279217
    7 0.729363 -0.000002 -0.000002 0.000000 0.000000 -0.096880
    8 3.942335 0.046767 -0.431443 -0.145073 0.087435 -0.741654
    9 1.539097 0.000000 0.000000 0.000000 0.000000 -0.309339
    10 1.196326 -0.000002 -0.000001 0.000000 0.000000 -0.521230
    11 3.883696 -0.046765 0.431443 0.085902 0.021830 -0.587867
    12 1.719570 -0.000004 -0.000001 0.000000 0.005516 -0.366478
    13 1.209171 -0.000002 0.000000 0.000000 0.003084 -0.216400
    14 3.859865 -0.137947 1.332466 0.354449 -0.042750 -0.531718
    15 1.719429 0.000002 -0.000001 0.000000 0.004074 -0.363009
    16 1.099665 0.000000 0.000000 0.000000 0.002596 -0.244331
    17 0.806053 -0.348925 1.321258 -1.166382 -0.626621 -0.921969
    18 1.789780 -0.000002 0.000002 0.000000 0.000000 0.189105
    19 1.207006 0.000000 0.000000 0.000000 0.000000 0.306015
    20 2.033356 1.000772 -1.937610 -1.668474 1.286518 2.942953
    21 6.028144 0.000000 0.000000 1.785220 1.386100 -0.789998
    22 11.692554 0.000001 0.000003 0.000000 0.000000 -0.671688
    23 11.481697 0.000001 0.000002 -1.845494 0.008434 0.043643
    24 3.859678 -0.132570 1.193109 0.455258 -0.194116 -0.841031
    25 1.312557 -0.000002 0.000001 0.000000 0.000000 -0.517222
    26 0.729365 0.000002 -0.000002 0.000000 0.000000 -0.174086
    27 3.942305 0.050327 0.431044 0.155579 -0.059668 -0.874258
    28 1.539099 -0.000002 0.000000 0.000000 0.000000 -0.247837
    29 1.196321 0.000008 0.000000 0.000000 0.000000 -0.751741
    30 3.883661 -0.050323 -0.431042 -0.079403 -0.041030 -0.763903
    31 1.719578 0.000004 0.000000 0.000000 -0.007973 -0.582418
    32 1.209185 0.000002 0.000000 0.000001 -0.004461 -0.471628
    33 3.859838 -0.148937 -1.331282 -0.350881 -0.029424 -0.716187
    34 1.719423 0.000002 0.000000 0.000001 -0.006611 -0.578953
    35 1.099667 0.000002 0.000000 0.000000 -0.004211 -0.597741
    36 0.806021 -0.359837 -1.318334 1.096823 0.367421 -1.417088
    37 1.789782 0.000000 -0.000004 0.000000 0.000000 0.265284
    38 1.206999 0.000003 0.000002 0.000000 0.000000 0.310702
    39 3.483999 -2.623365 0.559219 0.000000 0.000000 0.000000
    40 -29.453125 -11.093750 6.648438 0.000000 0.000000 0.000000
  time 69
    0 -0.999512 -0.744141 -9.226563 -1.570781 -1.391896 -1.570809
    1 2.033349 1.000767 1.937660 1.596637 -1.286515 2.942961
    2 6.028141 0.000000 0.000000 -1.578696 -0.408157 -1.282402
    3 11.692554 0.000001 0.000002 0.000000 0.000000 -1.224249
    4 11.481674 0.000001 -0.000032 1.573168 -0.028074 0.044378
    5 3.859709 -0.142404 -1.191975 -0.476793 0.134331 -0.965122
    6 1.312555 -0.000002 0.000001 0.000000 0.000000 -0.279217
    7 0.729363 -0.000002 -0.000002 0.000000 0.000000 -0.096880
    8 3.942335 0.046767 -0.431443 -0.145073 0.087435 -0.741654
    9 1.539097 0.000000 0.000000 0.000000 0.000000 -0.309339
    10 1.196326 -0.000002 -0.000001 0.000000 0.000000 -0.521230
    11 3.883696 -0.046765 0.431443 0.085902 0.021830 -0.587867
    12 1.719570 -0.000004 -0.000001 0.000000 0.005516 -0.366478
    13 1.209171 -0.000002 0.000000 0.000000 0.003084 -0.216400
    14 3.859865 -0.137947 1.332466 0.354449 -0.042750 -0.531718
    15 1.719429 0.000002 -0.000001 0.000000 0.004074 -0.363009
    16 1.099665 0.000000 0.000000 0.000000 0.002596 -0.244331
    17 0.806053 -0.348925 1.321258 -1.166382 -0.626621 -0.921969
    18 1.789780 -0.000002 0.000002 0.000000 0.000000 0.189105
    19 1.207006 0.000000 0.000000 0.000000 0.000000 0.306015
    20 2.033356 1.000772 -1.937610 -1.668474 1.286518 2.942953
    21 6.028144 0.000000 0.000000 1.783621 1.386100 -0.791897
    22 11.692554 0.000001 0.000003 0.000000 0.000000 -0.672119
    23 11.481697 0.000001 0.000002 -1.844641 0.008434 0.043643
    24 3.859678 -0.132570 1.193109 0.455258 -0.194116 -0.841031
    25 1.312557 -0.000002 0.000001 0.000000 0.000000 -0.517222
    26 0.729365 0.000002 -0.000002 0.000000 0.000000 -0.174086
    27 3.942305 0.050327 0.431044 0.155579 -0.059668 -0.874272
    28 1.539099 -0.000002 0.000000 0.000000 0.000000 -0.247824
    29 1.196321 0.000008 0.000000 0.000000 0.000000 -0.751741
    30 3.883661 -0.050323 -0.431042 -0.079403 -0.041030 -0.763903
    31 1.719578 0.000004 0.000000 0.000000 -0.007973 -0.582418
    32 1.209185 0.000002 0.000000 0.000001 -0.004461 -0.471628
    33 3.859838 -0.148937 -1.331282 -0.350881 -0.029424 -0.716187
    34 1.719423 0.000002 0.000000 0.000001 -0.006611 -0.578953
    35 1.099667 0.000002 0.000000 0.000000 -0.004211 -0.597741
    36 0.806021 -0.359837 -1.318334 1.096823 0.367421 -1.417088
    37 1.789782 0.000000 -0.000004 0.000000 0.000000 0.265284
    38 1.206999 0.000003 0.000002 0.000000 0.000000 0.310702
    39 3.483999 -2.623365 0.559219 0.000000 0.000000 0.000000
    40 -29.453125 -11.093750 6.648438 0.000000 0.000000 0.000000
  time 70
    0 -0.999512 -0.744141 -9.226563 -1.570781 -1.391896 -1.570809
    1 2.033349 1.000767 1.937660 1.596637 -1.286515 2.942961
    2 6.028141 0.000000 0.000000 -1.578696 -0.408157 -1.282402
    3 11.692554 0.000001 0.000002 0.000000 0.000000 -1.224249
    4 11.481674 0.000001 -0.000032 1.573168 -0.028074 0.044378
    5 3.859709 -0.142404 -1.191975 -0.476793 0.134331 -0.965122
    6 1.312555 -0.000002 0.000001 0.000000 0.000000 -0.279217
    7 0.729363 -0.000002 -0.000002 0.000000 0.000000 -0.096880
    8 3.942335 0.046767 -0.431443 -0.145073 0.087435 -0.741654
    9 1.539097 0.000000 0.000000 0.000000 0.000000 -0.309339
    10 1.196326 -0.000002 -0.000001 0.000000 0.000000 -0.521230
    11 3.883696 -0.046765 0.431443 0.085902 0.021830 -0.587867
    12 1.719570 -0.000004 -0.000001 0.000000 0.005516 -0.366478
    13 1.209171 -0.000002 0.000000 0.000000 0.003084 -0.216400
    14 3.859865 -0.137947 1.332466 0.354449 -0.042750 -0.531718
    15 1.719429 0.000002 -0.000001 0.000000 0.004074 -0.363009
    16 1.099665 0.000000 0.000000 0.000000 0.002596 -0.244331
    17 0.806053 -0.348925 1.321258 -1.166382 -0.626621 -0.921969
    18 1.789780 -0.000002 0.000002 0.000000 0.000000 0.189105
    19 1.207006 0.000000 0.000000 0.000000 0.000000 0.306015
    20 2.033356 1.000772 -1.937610 -1.668474 1.286518 2.942953
    21 6.028144 0.000000 0.000000 1.782163 1.386100 -0.793590
    22 11.692554 0.000001 0.000003 0.000000 0.000000 -0.672501
    23 11.481697 0.000001 0.000002 -1.843727 0.008434 0.043643
    24 3.859678 -0.132570 1.193109 0.455258 -0.194116 -0.841031
    25 1.312557 -0.000002 0.000001 0.000000 0.000000 -0.517222
    26 0.729365 0.000002 -0.000002 0.000000 0.000000 -0.174086
    27 3.942305 0.050327 0.431044 0.155579 -0.059668 -0.874272
    28 1.539099 -0.000002 0.000000 0.000000 0.000000 -0.247824
    29 1.196321 0.000008 0.000000 0.000000 0.000000 -0.751741
    30 3.883661 -0.050323 -0.431042 -0.079403 -0.041030 -0.763903
    31 1.719578 0.000004 0.000000 0.000000 -0.007973 -0.582418
    32 1.209185 0.000002 0.000000 0.000001 -0.004461 -0.471628
    33 3.859838 -0.148937 -1.331282 -0.350881 -0.029424 -0.716187
    34 1.719423 0.000002 0.000000 0.000001 -0.006611 -0.578953
    35 1.099667 0.000002 0.000000 0.000000 -0.004211 -0.597741
    36 0.806021 -0.359837 -1.318334 1.096823 0.367421 -1.417088
    37 1.789782 0.000000 -0.000004 0.000000 0.000000 0.265284
    38 1.206999 0.000003 0.000002 0.000000 0.000000 0.310702
    39 3.483999 -2.623365 0.559219 0.000000 0.000000 0.000000
    40 -29.453125 -11.093750 6.648438 0.000000 0.000000 0.000000
  time 71
    0 -0.999512 -0.744141 -9.226563 -1.570781 -1.391896 -1.570809
    1 2.033349 1.000767 1.937660 1.596637 -1.286515 2.942961
    2 6.028141 0.000000 0.000000 -1.578696 -0.408157 -1.282402
    3 11.692554 0.000001 0.000002 0.000000 0.000000 -1.224249
    4 11.481674 0.000001 -0.000032 1.573168 -0.028074 0.044378
    5 3.859709 -0.142404 -1.191975 -0.476793 0.134331 -0.965122
    6 1.312555 -0.000002 0.000001 0.000000 0.000000 -0.279217
    7 0.729363 -0.000002 -0.000002 0.000000 0.000000 -0.096880
    8 3.942335 0.046767 -0.431443 -0.145073 0.087435 -0.741654
    9 1.539097 0.000000 0.000000 0.000000 0.000000 -0.309339
    10 1.196326 -0.000002 -0.000001 0.000000 0.000000 -0.521230
    11 3.883696 -0.046765 0.431443 0.085902 0.021830 -0.587867
    12 1.719570 -0.000004 -0.000001 0.000000 0.005516 -0.366478
    13 1.209171 -0.000002 0.000000 0.000000 0.003084 -0.216400
    14 3.859865 -0.137947 1.332466 0.354449 -0.042750 -0.531718
    15 1.719429 0.000002 -0.000001 0.000000 0.004074 -0.363009
    16 1.099665 0.000000 0.000000 0.000000 0.002596 -0.244331
    17 0.806053 -0.348925 1.321258 -1.166382 -0.626621 -0.921969
    18 1.789780 -0.000002 0.000002 0.000000 0.000000 0.189105
    19 1.207006 0.000000 0.000000 0.000000 0.000000 0.306015
    20 2.033356 1.000772 -1.937610 -1.668474 1.286518 2.942953
    21 6.028144 0.000000 0.000000 1.780893 1.386143 -0.795180
    22 11.692554 0.000001 0.000003 0.000000 0.000000 -0.672740
    23 11.481697 0.000001 0.000002 -1.842814 0.008434 0.043643
    24 3.859678 -0.132570 1.193109 0.455258 -0.194116 -0.841031
    25 1.312557 -0.000002 0.000001 0.000000 0.000000 -0.517222
    26 0.729365 0.000002 -0.000002 0.000000 0.000000 -0.174086
    27 3.942305 0.050327 0.431044 0.155579 -0.059668 -0.874272
    28 1.539099 -0.000002 0.000000 0.000000 0.000000 -0.247824
    29 1.196321 0.000008 0.000000 0.000000 0.000000 -0.751741
    30 3.883661 -0.050323 -0.431042 -0.079403 -0.041030 -0.763903
    31 1.719578 0.000004 0.000000 0.000000 -0.007973 -0.582418
    32 1.209185 0.000002 0.000000 0.000001 -0.004461 -0.471628
    33 3.859838 -0.148937 -1.331282 -0.350881 -0.029424 -0.716187
    34 1.719423 0.000002 0.000000 0.000001 -0.006611 -0.578953
    35 1.099667 0.000002 0.000000 0.000000 -0.004211 -0.597741
    36 0.806021 -0.359837 -1.318334 1.096823 0.367421 -1.417088
    37 1.789782 0.000000 -0.000004 0.000000 0.000000 0.265284
    38 1.206999 0.000003 0.000002 0.000000 0.000000 0.310702
    39 3.483999 -2.623365 0.559219 0.000000 0.000000 0.000000
    40 -29.453125 -11.093750 6.648438 0.000000 0.000000 0.000000
  time 72
    0 -0.999512 -0.744141 -9.226563 -1.570781 -1.391896 -1.570809
    1 2.033349 1.000767 1.937660 1.596637 -1.286515 2.942961
    2 6.028141 0.000000 0.000000 -1.578696 -0.408157 -1.282402
    3 11.692554 0.000001 0.000002 0.000000 0.000000 -1.224249
    4 11.481674 0.000001 -0.000032 1.573168 -0.028074 0.044378
    5 3.859709 -0.142404 -1.191975 -0.476793 0.134331 -0.965122
    6 1.312555 -0.000002 0.000001 0.000000 0.000000 -0.279217
    7 0.729363 -0.000002 -0.000002 0.000000 0.000000 -0.096880
    8 3.942335 0.046767 -0.431443 -0.145073 0.087435 -0.741654
    9 1.539097 0.000000 0.000000 0.000000 0.000000 -0.309339
    10 1.196326 -0.000002 -0.000001 0.000000 0.000000 -0.521230
    11 3.883696 -0.046765 0.431443 0.085902 0.021830 -0.587867
    12 1.719570 -0.000004 -0.000001 0.000000 0.005516 -0.366478
    13 1.209171 -0.000002 0.000000 0.000000 0.003084 -0.216400
    14 3.859865 -0.137947 1.332466 0.354449 -0.042750 -0.531718
    15 1.719429 0.000002 -0.000001 0.000000 0.004074 -0.363009
    16 1.099665 0.000000 0.000000 0.000000 0.002596 -0.244331
    17 0.806053 -0.348925 1.321258 -1.166382 -0.626621 -0.921969
    18 1.789780 -0.000002 0.000002 0.000000 0.000000 0.189105
    19 1.207006 0.000000 0.000000 0.000000 0.000000 0.306015
    20 2.033356 1.000772 -1.937610 -1.668474 1.286518 2.942953
    21 6.028144 0.000000 0.000000 1.779718 1.386186 -0.796565
    22 11.692554 0.000001 0.000003 0.000000 0.000000 -0.673027
    23 11.481697 0.000001 0.000002 -1.841870 0.008434 0.043643
    24 3.859678 -0.132570 1.193109 0.455258 -0.194116 -0.841031
    25 1.312557 -0.000002 0.000001 0.000000 0.000000 -0.517222
    26 0.729365 0.000002 -0.000002 0.000000 0.000000 -0.174086
    27 3.942305 0.050327 0.431044 0.155579 -0.059668 -0.874272
    28 1.539099 -0.000002 0.000000 0.000000 0.000000 -0.247837
    29 1.196321 0.000008 0.000000 0.000000 0.000000 -0.751741
    30 3.883661 -0.050323 -0.431042 -0.079403 -0.041030 -0.763903
    31 1.719578 0.000004 0.000000 0.000000 -0.007973 -0.582418
    32 1.209185 0.000002 0.000000 0.000001 -0.004461 -0.471628
    33 3.859838 -0.148937 -1.331282 -0.350881 -0.029424 -0.716187
    34 1.719423 0.000002 0.000000 0.000001 -0.006611 -0.578953
    35 1.099667 0.000002 0.000000 0.000000 -0.004211 -0.597741
    36 0.806021 -0.359837 -1.318334 1.096823 0.367421 -1.417088
    37 1.789782 0.000000 -0.000004 0.000000 0.000000 0.265284
    38 1.206999 0.000003 0.000002 0.000000 0.000000 0.310702
    39 3.483999 -2.623365 0.559219 0.000000 0.000000 0.000000
    40 -29.453125 -11.093750 6.648438 0.000000 0.000000 0.000000
  time 73
    0 -0.999512 -0.744141 -9.226563 -1.570781 -1.391896 -1.570809
    1 2.033349 1.000767 1.937660 1.596637 -1.286515 2.942961
    2 6.028141 0.000000 0.000000 -1.578696 -0.408157 -1.282402
    3 11.692554 0.000001 0.000002 0.000000 0.000000 -1.224249
    4 11.481674 0.000001 -0.000032 1.573168 -0.028074 0.044378
    5 3.859709 -0.142404 -1.191975 -0.476793 0.134331 -0.965122
    6 1.312555 -0.000002 0.000001 0.000000 0.000000 -0.279217
    7 0.729363 -0.000002 -0.000002 0.000000 0.000000 -0.096880
    8 3.942335 0.046767 -0.431443 -0.145073 0.087435 -0.741654
    9 1.539097 0.000000 0.000000 0.000000 0.000000 -0.309339
    10 1.196326 -0.000002 -0.000001 0.000000 0.000000 -0.521230
    11 3.883696 -0.046765 0.431443 0.085902 0.021830 -0.587867
    12 1.719570 -0.000004 -0.000001 0.000000 0.005516 -0.366478
    13 1.209171 -0.000002 0.000000 0.000000 0.003084 -0.216400
    14 3.859865 -0.137947 1.332466 0.354449 -0.042750 -0.531718
    15 1.719429 0.000002 -0.000001 0.000000 0.004074 -0.363009
    16 1.099665 0.000000 0.000000 0.000000 0.002596 -0.244331
    17 0.806053 -0.348925 1.321258 -1.166382 -0.626621 -0.921969
    18 1.789780 -0.000002 0.000002 0.000000 0.000000 0.189105
    19 1.207006 0.000000 0.000000 0.000000 0.000000 0.306015
    20 2.033356 1.000772 -1.937610 -1.668474 1.286518 2.942953
    21 6.028144 0.000000 0.000000 1.778730 1.386143 -0.797745
    22 11.692554 0.000001 0.000003 0.000000 0.000000 -0.673457
    23 11.481697 0.000001 0.000002 -1.840956 0.008434 0.043643
    24 3.859678 -0.132570 1.193109 0.455258 -0.194116 -0.841031
    25 1.312557 -0.000002 0.000001 0.000000 0.000000 -0.517222
    26 0.729365 0.000002 -0.000002 0.000000 0.000000 -0.174086
    27 3.942305 0.050327 0.431044 0.155579 -0.059668 -0.874286
    28 1.539099 -0.000002 0.000000 0.000000 0.000000 -0.247824
    29 1.196321 0.000008 0.000000 0.000000 0.000000 -0.751741
    30 3.883661 -0.050323 -0.431042 -0.079403 -0.041030 -0.763903
    31 1.719578 0.000004 0.000000 0.000000 -0.007973 -0.582418
    32 1.209185 0.000002 0.000000 0.000001 -0.004461 -0.471628
    33 3.859838 -0.148937 -1.331282 -0.350881 -0.029424 -0.716187
    34 1.719423 0.000002 0.000000 0.000001 -0.006611 -0.578953
    35 1.099667 0.000002 0.000000 0.000000 -0.004211 -0.597741
    36 0.806021 -0.359837 -1.318334 1.096823 0.367421 -1.417088
    37 1.789782 0.000000 -0.000004 0.000000 0.000000 0.265284
    38 1.206999 0.000003 0.000002 0.000000 0.000000 0.310702
    39 3.483999 -2.623365 0.559219 0.000000 0.000000 0.000000
    40 -29.453125 -11.093750 6.648438 0.000000 0.000000 0.000000
  time 74
    0 -0.999512 -0.744141 -9.226563 -1.570781 -1.391896 -1.570809
    1 2.033349 1.000767 1.937660 1.596637 -1.286515 2.942961
    2 6.028141 0.000000 0.000000 -1.578696 -0.408157 -1.282402
    3 11.692554 0.000001 0.000002 0.000000 0.000000 -1.224249
    4 11.481674 0.000001 -0.000032 1.573168 -0.028074 0.044378
    5 3.859709 -0.142404 -1.191975 -0.476793 0.134331 -0.965122
    6 1.312555 -0.000002 0.000001 0.000000 0.000000 -0.279217
    7 0.729363 -0.000002 -0.000002 0.000000 0.000000 -0.096880
    8 3.942335 0.046767 -0.431443 -0.145073 0.087435 -0.741654
    9 1.539097 0.000000 0.000000 0.000000 0.000000 -0.309339
    10 1.196326 -0.000002 -0.000001 0.000000 0.000000 -0.521230
    11 3.883696 -0.046765 0.431443 0.085902 0.021830 -0.587867
    12 1.719570 -0.000004 -0.000001 0.000000 0.005516 -0.366478
    13 1.209171 -0.000002 0.000000 0.000000 0.003084 -0.216400
    14 3.859865 -0.137947 1.332466 0.354449 -0.042750 -0.531718
    15 1.719429 0.000002 -0.000001 0.000000 0.004074 -0.363009
    16 1.099665 0.000000 0.000000 0.000000 0.002596 -0.244331
    17 0.806053 -0.348925 1.321258 -1.166382 -0.626621 -0.921969
    18 1.789780 -0.000002 0.000002 0.000000 0.000000 0.189105
    19 1.207006 0.000000 0.000000 0.000000 0.000000 0.306015
    20 2.033356 1.000772 -1.937610 -1.668474 1.286518 2.942953
    21 6.028144 0.000000 0.000000 1.777883 1.385972 -0.798720
    22 11.692554 0.000001 0.000003 0.000000 0.000000 -0.673935
    23 11.481697 0.000001 0.000002 -1.840073 0.008434 0.043643
    24 3.859678 -0.132570 1.193109 0.455258 -0.194116 -0.841031
    25 1.312557 -0.000002 0.000001 0.000000 0.000000 -0.517222
    26 0.729365 0.000002 -0.000002 0.000000 0.000000 -0.174086
    27 3.942305 0.050327 0.431044 0.155579 -0.059668 -0.874286
    28 1.539099 -0.000002 0.000000 0.000000 0.000000 -0.247824
    29 1.196321 0.000008 0.000000 0.000000 0.000000 -0.751741
    30 3.883661 -0.050323 -0.431042 -0.079403 -0.041030 -0.763903
    31 1.719578 0.000004 0.000000 0.000000 -0.007973 -0.582418
    32 1.209185 0.000002 0.000000 0.000001 -0.004461 -0.471628
    33 3.859838 -0.148937 -1.331282 -0.350881 -0.029424 -0.716187
    34 1.719423 0.000002 0.000000 0.000001 -0.006611 -0.578953
    35 1.099667 0.000002 0.000000 0.000000 -0.004211 -0.597741
    36 0.806021 -0.359837 -1.318334 1.096823 0.367421 -1.417088
    37 1.789782 0.000000 -0.000004 0.000000 0.000000 0.265284
    38 1.206999 0.000003 0.000002 0.000000 0.000000 0.310702
    39 3.483999 -2.623365 0.559219 0.000000 0.000000 0.000000
    40 -29.453125 -11.093750 6.648438 0.000000 0.000000 0.000000
  time 75
    0 -0.999512 -0.744141 -9.226563 -1.570781 -1.391896 -1.570809
    1 2.033349 1.000767 1.937660 1.596637 -1.286515 2.942961
    2 6.028141 0.000000 0.000000 -1.578696 -0.408157 -1.282402
    3 11.692554 0.000001 0.000002 0.000000 0.000000 -1.224249
    4 11.481674 0.000001 -0.000032 1.573168 -0.028074 0.044378
    5 3.859709 -0.142404 -1.191975 -0.476793 0.134331 -0.965122
    6 1.312555 -0.000002 0.000001 0.000000 0.000000 -0.279217
    7 0.729363 -0.000002 -0.000002 0.000000 0.000000 -0.096880
    8 3.942335 0.046767 -0.431443 -0.145073 0.087435 -0.741654
    9 1.539097 0.000000 0.000000 0.000000 0.000000 -0.309339
    10 1.196326 -0.000002 -0.000001 0.000000 0.000000 -0.521230
    11 3.883696 -0.046765 0.431443 0.085902 0.021830 -0.587867
    12 1.719570 -0.000004 -0.000001 0.000000 0.005516 -0.366478
    13 1.209171 -0.000002 0.000000 0.000000 0.003084 -0.216400
    14 3.859865 -0.137947 1.332466 0.354449 -0.042750 -0.531718
    15 1.719429 0.000002 -0.000001 0.000000 0.004074 -0.363009
    16 1.099665 0.000000 0.000000 0.000000 0.002596 -0.244331
    17 0.806053 -0.348925 1.321258 -1.166382 -0.626621 -0.921969
    18 1.789780 -0.000002 0.000002 0.000000 0.000000 0.189105
    19 1.207006 0.000000 0.000000 0.000000 0.000000 0.306015
    20 2.033356 1.000772 -1.937610 -1.668474 1.286518 2.942953
    21 6.028144 0.000000 0.000000 1.777319 1.385802 -0.799335
    22 11.692554 0.000001 0.000003 0.000000 0.000000 -0.674508
    23 11.481697 0.000001 0.000002 -1.839220 0.008434 0.043643
    24 3.859678 -0.132570 1.193109 0.455258 -0.194116 -0.841031
    25 1.312557 -0.000002 0.000001 0.000000 0.000000 -0.517222
    26 0.729365 0.000002 -0.000002 0.000000 0.000000 -0.174086
    27 3.942305 0.050327 0.431044 0.155579 -0.059668 -0.874286
    28 1.539099 -0.000002 0.000000 0.000000 0.000000 -0.247837
    29 1.196321 0.000008 0.000000 0.000000 0.000000 -0.751741
    30 3.883661 -0.050323 -0.431042 -0.079403 -0.041030 -0.763903
    31 1.719578 0.000004 0.000000 0.000000 -0.007973 -0.582418
    32 1.209185 0.000002 0.000000 0.000001 -0.004461 -0.471628
    33 3.859838 -0.148937 -1.331282 -0.350881 -0.029424 -0.716187
    34 1.719423 0.000002 0.000000 0.000001 -0.006611 -0.578953
    35 1.099667 0.000002 0.000000 0.000000 -0.004211 -0.597741
    36 0.806021 -0.359837 -1.318334 1.096823 0.367421 -1.417088
    37 1.789782 0.000000 -0.000004 0.000000 0.000000 0.265284
    38 1.206999 0.000003 0.000002 0.000000 0.000000 0.310702
    39 3.483999 -2.623365 0.559219 0.000000 0.000000 0.000000
    40 -29.453125 -11.093750 6.648438 0.000000 0.000000 0.000000
  time 76
    0 -0.999512 -0.744141 -9.226563 -1.570781 -1.391896 -1.570809
    1 2.033349 1.000767 1.937660 1.596637 -1.286515 2.942961
    2 6.028141 0.000000 0.000000 -1.578696 -0.408157 -1.282402
    3 11.692554 0.000001 0.000002 0.000000 0.000000 -1.224249
    4 11.481674 0.000001 -0.000032 1.573168 -0.028074 0.044378
    5 3.859709 -0.142404 -1.191975 -0.476793 0.134331 -0.965122
    6 1.312555 -0.000002 0.000001 0.000000 0.000000 -0.279217
    7 0.729363 -0.000002 -0.000002 0.000000 0.000000 -0.096880
    8 3.942335 0.046767 -0.431443 -0.145073 0.087435 -0.741654
    9 1.539097 0.000000 0.000000 0.000000 0.000000 -0.309339
    10 1.196326 -0.000002 -0.000001 0.000000 0.000000 -0.521230
    11 3.883696 -0.046765 0.431443 0.085902 0.021830 -0.587867
    12 1.719570 -0.000004 -0.000001 0.000000 0.005516 -0.366478
    13 1.209171 -0.000002 0.000000 0.000000 0.003084 -0.216400
    14 3.859865 -0.137947 1.332466 0.354449 -0.042750 -0.531718
    15 1.719429 0.000002 -0.000001 0.000000 0.004074 -0.363009
    16 1.099665 0.000000 0.000000 0.000000 0.002596 -0.244331
    17 0.806053 -0.348925 1.321258 -1.166382 -0.626621 -0.921969
    18 1.789780 -0.000002 0.000002 0.000000 0.000000 0.189105
    19 1.207006 0.000000 0.000000 0.000000 0.000000 0.306015
    20 2.033356 1.000772 -1.937610 -1.668474 1.286518 2.942953
    21 6.028144 0.000000 0.000000 1.776943 1.385589 -0.799797
    22 11.692554 0.000001 0.000003 0.000000 0.000000 -0.675034
    23 11.481697 0.000001 0.000002 -1.838429 0.008434 0.043643
    24 3.859678 -0.132570 1.193109 0.455258 -0.194116 -0.841031
    25 1.312557 -0.000002 0.000001 0.000000 0.000000 -0.517222
    26 0.729365 0.000002 -0.000002 0.000000 0.000000 -0.174086
    27 3.942305 0.050327 0.431044 0.155591 -0.059668 -0.874300
    28 1.539099 -0.000002 0.000000 0.000000 0.000000 -0.247824
    29 1.196321 0.000008 0.000000 0.000000 0.000000 -0.751741
    30 3.883661 -0.050323 -0.431042 -0.079403 -0.041030 -0.763903
    31 1.719578 0.000004 0.000000 0.000000 -0.007973 -0.582418
    32 1.209185 0.000002 0.000000 0.000001 -0.004461 -0.471628
    33 3.859838 -0.148937 -1.331282 -0.350881 -0.029424 -0.716187
    34 1.719423 0.000002 0.000000 0.000001 -0.006611 -0.578953
    35 1.099667 0.000002 0.000000 0.000000 -0.004211 -0.597741
    36 0.806021 -0.359837 -1.318334 1.096823 0.367421 -1.417088
    37 1.789782 0.000000 -0.000004 0.000000 0.000000 0.265284
    38 1.206999 0.000003 0.000002 0.000000 0.000000 0.310702
    39 3.483999 -2.623365 0.559219 0.000000 0.000000 0.000000
    40 -29.453125 -11.093750 6.648438 0.000000 0.000000 0.000000
  time 77
    0 -0.999512 -0.744141 -9.226563 -1.570781 -1.391896 -1.570809
    1 2.033349 1.000767 1.937660 1.596637 -1.286515 2.942961
    2 6.028141 0.000000 0.000000 -1.578696 -0.408157 -1.282402
    3 11.692554 0.000001 0.000002 0.000000 0.000000 -1.224249
    4 11.481674 0.000001 -0.000032 1.573168 -0.028074 0.044378
    5 3.859709 -0.142404 -1.191975 -0.476793 0.134331 -0.965122
    6 1.312555 -0.000002 0.000001 0.000000 0.000000 -0.279217
    7 0.729363 -0.000002 -0.000002 0.000000 0.000000 -0.096880
    8 3.942335 0.046767 -0.431443 -0.145073 0.087435 -0.741654
    9 1.539097 0.000000 0.000000 0.000000 0.000000 -0.309339
    10 1.196326 -0.000002 -0.000001 0.000000 0.000000 -0.521230
    11 3.883696 -0.046765 0.431443 0.085902 0.021830 -0.587867
    12 1.719570 -0.000004 -0.000001 0.000000 0.005516 -0.366478
    13 1.209171 -0.000002 0.000000 0.000000 0.003084 -0.216400
    14 3.859865 -0.137947 1.332466 0.354449 -0.042750 -0.531718
    15 1.719429 0.000002 -0.000001 0.000000 0.004074 -0.363009
    16 1.099665 0.000000 0.000000 0.000000 0.002596 -0.244331
    17 0.806053 -0.348925 1.321258 -1.166382 -0.626621 -0.921969
    18 1.789780 -0.000002 0.000002 0.000000 0.000000 0.189105
    19 1.207006 0.000000 0.000000 0.000000 0.000000 0.306015
    20 2.033356 1.000772 -1.937610 -1.668474 1.286518 2.942953
    21 6.028144 0.000000 0.000000 1.776426 1.385333 -0.800361
    22 11.692554 0.000001 0.000003 0.000000 0.000000 -0.675512
    23 11.481697 0.000001 0.000002 -1.837667 0.008434 0.043643
    24 3.859678 -0.132570 1.193109 0.455258 -0.194116 -0.841031
    25 1.312557 -0.000002 0.000001 0.000000 0.000000 -0.517222
    26 0.729365 0.000002 -0.000002 0.000000 0.000000 -0.174086
    27 3.942305 0.050327 0.431044 0.155591 -0.059668 -0.874300
    28 1.539099 -0.000002 0.000000 0.000000 0.000000 -0.247837
    29 1.196321 0.000008 0.000000 0.000000 0.000000 -0.751741
    30 3.883661 -0.050323 -0.431042 -0.079403 -0.041030 -0.763903
    31 1.719578 0.000004 0.000000 0.000000 -0.007973 -0.582418
    32 1.209185 0.000002 0.000000 0.000001 -0.004461 -0.471628
    33 3.859838 -0.148937 -1.331282 -0.350881 -0.029424 -0.716187
    34 1.719423 0.000002 0.000000 0.000001 -0.006611 -0.578953
    35 1.099667 0.000002 0.000000 0.000000 -0.004211 -0.597741
    36 0.806021 -0.359837 -1.318334 1.096823 0.367421 -1.417088
    37 1.789782 0.000000 -0.000004 0.000000 0.000000 0.265284
    38 1.206999 0.000003 0.000002 0.000000 0.000000 0.310702
    39 3.483999 -2.623365 0.559219 0.000000 0.000000 0.000000
    40 -29.453125 -11.093750 6.648438 0.000000 0.000000 0.000000
  time 78
    0 -0.999512 -0.744141 -9.226563 -1.570781 -1.391896 -1.570809
    1 2.033349 1.000767 1.937660 1.596637 -1.286515 2.942961
    2 6.028141 0.000000 0.000000 -1.578696 -0.408157 -1.282402
    3 11.692554 0.000001 0.000002 0.000000 0.000000 -1.224249
    4 11.481674 0.000001 -0.000032 1.573168 -0.028074 0.044378
    5 3.859709 -0.142404 -1.191975 -0.476793 0.134331 -0.965122
    6 1.312555 -0.000002 0.000001 0.000000 0.000000 -0.279217
    7 0.729363 -0.000002 -0.000002 0.000000 0.000000 -0.096880
    8 3.942335 0.046767 -0.431443 -0.145073 0.087435 -0.741654
    9 1.539097 0.000000 0.000000 0.000000 0.000000 -0.309339
    10 1.196326 -0.000002 -0.000001 0.000000 0.000000 -0.521230
    11 3.883696 -0.046765 0.431443 0.085902 0.021830 -0.587867
    12 1.719570 -0.000004 -0.000001 0.000000 0.005516 -0.366478
    13 1.209171 -0.000002 0.000000 0.000000 0.003084 -0.216400
    14 3.859865 -0.137947 1.332466 0.354449 -0.042750 -0.531718
    15 1.719429 0.000002 -0.000001 0.000000 0.004074 -0.363009
    16 1.099665 0.000000 0.000000 0.000000 0.002596 -0.244331
    17 0.806053 -0.348925 1.321258 -1.166382 -0.626621 -0.921969
    18 1.789780 -0.000002 0.000002 0.000000 0.000000 0.189105
    19 1.207006 0.000000 0.000000 0.000000 0.000000 0.306015
    20 2.033356 1.000772 -1.937610 -1.668474 1.286518 2.942953
    21 6.028144 0.000000 0.000000 1.775767 1.385077 -0.801028
    22 11.692554 0.000001 0.000003 0.000000 0.000000 -0.675942
    23 11.481697 0.000001 0.000002 -1.837028 0.008434 0.043643
    24 3.859678 -0.132570 1.193109 0.455258 -0.194104 -0.841031
    25 1.312557 -0.000002 0.000001 0.000000 0.000000 -0.517222
    26 0.729365 0.000002 -0.000002 0.000000 0.000000 -0.174086
    27 3.942305 0.050327 0.431044 0.155591 -0.059668 -0.874300
    28 1.539099 -0.000002 0.000000 0.000000 0.000000 -0.247824
    29 1.196321 0.000008 0.000000 0.000000 0.000000 -0.751741
    30 3.883661 -0.050323 -0.431042 -0.079403 -0.041030 -0.763903
    31 1.719578 0.000004 0.000000 0.000000 -0.007973 -0.582418
    32 1.209185 0.000002 0.000000 0.000001 -0.004461 -0.471628
    33 3.859838 -0.148937 -1.331282 -0.350881 -0.029424 -0.716187
    34 1.719423 0.000002 0.000000 0.000001 -0.006611 -0.578953
    35 1.099667 0.000002 0.000000 0.000000 -0.004211 -0.597741
    36 0.806021 -0.359837 -1.318334 1.096823 0.367421 -1.417088
    37 1.789782 0.000000 -0.000004 0.000000 0.000000 0.265284
    38 1.206999 0.000003 0.000002 0.000000 0.000000 0.310702
    39 3.483999 -2.623365 0.559219 0.000000 0.000000 0.000000
    40 -29.453125 -11.093750 6.648438 0.000000 0.000000 0.000000
  time 79
    0 -0.999512 -0.744141 -9.226563 -1.570781 -1.391896 -1.570809
    1 2.033349 1.000767 1.937660 1.596637 -1.286515 2.942961
    2 6.028141 0.000000 0.000000 -1.578696 -0.408157 -1.282402
    3 11.692554 0.000001 0.000002 0.000000 0.000000 -1.224249
    4 11.481674 0.000001 -0.000032 1.573168 -0.028074 0.044378
    5 3.859709 -0.142404 -1.191975 -0.476793 0.134331 -0.965122
    6 1.312555 -0.000002 0.000001 0.000000 0.000000 -0.279217
    7 0.729363 -0.000002 -0.000002 0.000000 0.000000 -0.096880
    8 3.942335 0.046767 -0.431443 -0.145073 0.087435 -0.741654
    9 1.539097 0.000000 0.000000 0.000000 0.000000 -0.309339
    10 1.196326 -0.000002 -0.000001 0.000000 0.000000 -0.521230
    11 3.883696 -0.046765 0.431443 0.085902 0.021830 -0.587867
    12 1.719570 -0.000004 -0.000001 0.000000 0.005516 -0.366478
    13 1.209171 -0.000002 0.000000 0.000000 0.003084 -0.216400
    14 3.859865 -0.137947 1.332466 0.354449 -0.042750 -0.531718
    15 1.719429 0.000002 -0.000001 0.000000 0.004074 -0.363009
    16 1.099665 0.000000 0.000000 0.000000 0.002596 -0.244331
    17 0.806053 -0.348925 1.321258 -1.166382 -0.626621 -0.921969
    18 1.789780 -0.000002 0.000002 0.000000 0.000000 0.189105
    19 1.207006 0.000000 0.000000 0.000000 0.000000 0.306015
    20 2.033356 1.000772 -1.937610 -1.668474 1.286518 2.942953
    21 6.028144 0.000000 0.000000 1.775156 1.384822 -0.801798
    22 11.692554 0.000001 0.000003 0.000000 0.000000 -0.676276
    23 11.481697 0.000001 0.000002 -1.836449 0.008434 0.043643
    24 3.859678 -0.132570 1.193109 0.455258 -0.194104 -0.841031
    25 1.312557 -0.000002 0.000001 0.000000 0.000000 -0.517222
    26 0.729365 0.000002 -0.000002 0.000000 0.000000 -0.174086
    27 3.942305 0.050327 0.431044 0.155591 -0.059668 -0.874300
    28 1.539099 -0.000002 0.000000 0.000000 0.000000 -0.247824
    29 1.196321 0.000008 0.000000 0.000000 0.000000 -0.751741
    30 3.883661 -0.050323 -0.431042 -0.079403 -0.041030 -0.763903
    31 1.719578 0.000004 0.000000 0.000000 -0.007973 -0.582418
    32 1.209185 0.000002 0.000000 0.000001 -0.004461 -0.471628
    33 3.859838 -0.148937 -1.331282 -0.350881 -0.029424 -0.716187
    34 1.719423 0.000002 0.000000 0.000001 -0.006611 -0.578953
    35 1.099667 0.000002 0.000000 0.000000 -0.004211 -0.597741
    36 0.806021 -0.359837 -1.318334 1.096823 0.367421 -1.417088
    37 1.789782 0.000000 -0.000004 0.000000 0.000000 0.265284
    38 1.206999 0.000003 0.000002 0.000000 0.000000 0.310702
    39 3.483999 -2.623365 0.559219 0.000000 0.000000 0.000000
    40 -29.453125 -11.093750 6.648438 0.000000 0.000000 0.000000
  time 80
    0 -0.999512 -0.744141 -9.226563 -1.570781 -1.391896 -1.570809
    1 2.033349 1.000767 1.937660 1.596637 -1.286515 2.942961
    2 6.028141 0.000000 0.000000 -1.578696 -0.408157 -1.282402
    3 11.692554 0.000001 0.000002 0.000000 0.000000 -1.224249
    4 11.481674 0.000001 -0.000032 1.573168 -0.028074 0.044378
    5 3.859709 -0.142404 -1.191975 -0.476793 0.134331 -0.965122
    6 1.312555 -0.000002 0.000001 0.000000 0.000000 -0.279217
    7 0.729363 -0.000002 -0.000002 0.000000 0.000000 -0.096880
    8 3.942335 0.046767 -0.431443 -0.145073 0.087435 -0.741654
    9 1.539097 0.000000 0.000000 0.000000 0.000000 -0.309339
    10 1.196326 -0.000002 -0.000001 0.000000 0.000000 -0.521230
    11 3.883696 -0.046765 0.431443 0.085902 0.021830 -0.587867
    12 1.719570 -0.000004 -0.000001 0.000000 0.005516 -0.366478
    13 1.209171 -0.000002 0.000000 0.000000 0.003084 -0.216400
    14 3.859865 -0.137947 1.332466 0.354449 -0.042750 -0.531718
    15 1.719429 0.000002 -0.000001 0.000000 0.004074 -0.363009
    16 1.099665 0.000000 0.000000 0.000000 0.002596 -0.244331
    17 0.806053 -0.348925 1.321258 -1.166382 -0.626621 -0.921969
    18 1.789780 -0.000002 0.000002 0.000000 0.000000 0.189105
    19 1.207006 0.000000 0.000000 0.000000 0.000000 0.306015
    20 2.033356 1.000772 -1.937610 -1.668474 1.286518 2.942953
    21 6.028144 0.000000 0.000000 1.774497 1.384609 -0.802465
    22 11.692554 0.000001 0.000003 0.000000 0.000000 -0.676515
    23 11.481697 0.000001 0.000002 -1.835993 0.008434 0.043643
    24 3.859678 -0.132570 1.193109 0.455258 -0.194104 -0.841031
    25 1.312557 -0.000002 0.000001 0.000000 0.000000 -0.517222
    26 0.729365 0.000002 -0.000002 0.000000 0.000000 -0.174086
    27 3.942305 0.050327 0.431044 0.155591 -0.059668 -0.874314
    28 1.539099 -0.000002 0.000000 0.000000 0.000000 -0.247837
    29 1.196321 0.000008 0.000000 0.000000 0.000000 -0.751741
    30 3.883661 -0.050323 -0.431042 -0.079403 -0.041030 -0.763903
    31 1.719578 0.000004 0.000000 0.000000 -0.007973 -0.582418
    32 1.209185 0.000002 0.000000 0.000001 -0.004461 -0.471628
    33 3.859838 -0.148937 -1.331282 -0.350881 -0.029424 -0.716187
    34 1.719423 0.000002 0.000000 0.000001 -0.006611 -0.578953
    35 1.099667 0.000002 0.000000 0.000000 -0.004211 -0.597741
    36 0.806021 -0.359837 -1.318334 1.096823 0.367421 -1.417088
    37 1.789782 0.000000 -0.000004 0.000000 0.000000 0.265284
    38 1.206999 0.000003 0.000002 0.000000 0.000000 0.310702
    39 3.483999 -2.623365 0.559219 0.000000 0.000000 0.000000
    40 -29.453125 -11.093750 6.648438 0.000000 0.000000 0.000000
  time 81
    0 -0.999512 -0.744141 -9.226563 -1.570781 -1.391896 -1.570809
    1 2.033349 1.000767 1.937660 1.596637 -1.286515 2.942961
    2 6.028141 0.000000 0.000000 -1.578696 -0.408157 -1.282402
    3 11.692554 0.000001 0.000002 0.000000 0.000000 -1.224249
    4 11.481674 0.000001 -0.000032 1.573168 -0.028074 0.044378
    5 3.859709 -0.142404 -1.191975 -0.476793 0.134331 -0.965122
    6 1.312555 -0.000002 0.000001 0.000000 0.000000 -0.279217
    7 0.729363 -0.000002 -0.000002 0.000000 0.000000 -0.096880
    8 3.942335 0.046767 -0.431443 -0.145073 0.087435 -0.741654
    9 1.539097 0.000000 0.000000 0.000000 0.000000 -0.309339
    10 1.196326 -0.000002 -0.000001 0.000000 0.000000 -0.521230
    11 3.883696 -0.046765 0.431443 0.085902 0.021830 -0.587867
    12 1.719570 -0.000004 -0.000001 0.000000 0.005516 -0.366478
    13 1.209171 -0.000002 0.000000 0.000000 0.003084 -0.216400
    14 3.859865 -0.137947 1.332466 0.354449 -0.042750 -0.531718
    15 1.719429 0.000002 -0.000001 0.000000 0.004074 -0.363009
    16 1.099665 0.000000 0.000000 0.000000 0.002596 -0.244331
    17 0.806053 -0.348925 1.321258 -1.166382 -0.626621 -0.921969
    18 1.789780 -0.000002 0.000002 0.000000 0.000000 0.189105
    19 1.207006 0.000000 0.000000 0.000000 0.000000 0.306015
    20 2.033356 1.000772 -1.937610 -1.668474 1.286518 2.942953
    21 6.028144 0.000000 0.000000 1.773933 1.384395 -0.803132
    22 11.692554 0.000001 0.000003 0.000000 0.000000 -0.676659
    23 11.481697 0.000001 0.000002 -1.835688 0.008434 0.043643
    24 3.859678 -0.132570 1.193109 0.455258 -0.194104 -0.841043
    25 1.312557 -0.000002 0.000001 0.000000 0.000000 -0.517222
    26 0.729365 0.000002 -0.000002 0.000000 0.000000 -0.174086
    27 3.942305 0.050327 0.431044 0.155591 -0.059668 -0.874314
    28 1.539099 -0.000002 0.000000 0.000000 0.000000 -0.247837
    29 1.196321 0.000008 0.000000 0.000000 0.000000 -0.751741
    30 3.883661 -0.050323 -0.431042 -0.079403 -0.041030 -0.763903
    31 1.719578 0.000004 0.000000 0.000000 -0.007973 -0.582418
    32 1.209185 0.000002 0.000000 0.000001 -0.004461 -0.471628
    33 3.859838 -0.148937 -1.331282 -0.350881 -0.029424 -0.716187
    34 1.719423 0.000002 0.000000 0.000001 -0.006611 -0.578953
    35 1.099667 0.000002 0.000000 0.000000 -0.004211 -0.597741
    36 0.806021 -0.359837 -1.318334 1.096823 0.367421 -1.417088
    37 1.789782 0.000000 -0.000004 0.000000 0.000000 0.265284
    38 1.206999 0.000003 0.000002 0.000000 0.000000 0.310702
    39 3.483999 -2.623365 0.559219 0.000000 0.000000 0.000000
    40 -29.453125 -11.093750 6.648438 0.000000 0.000000 0.000000
  time 82
    0 -0.999512 -0.744141 -9.226563 -1.570781 -1.391896 -1.570809
    1 2.033349 1.000767 1.937660 1.596637 -1.286515 2.942961
    2 6.028141 0.000000 0.000000 -1.578696 -0.408157 -1.282402
    3 11.692554 0.000001 0.000002 0.000000 0.000000 -1.224249
    4 11.481674 0.000001 -0.000032 1.573168 -0.028074 0.044378
    5 3.859709 -0.142404 -1.191975 -0.476793 0.134331 -0.965122
    6 1.312555 -0.000002 0.000001 0.000000 0.000000 -0.279217
    7 0.729363 -0.000002 -0.000002 0.000000 0.000000 -0.096880
    8 3.942335 0.046767 -0.431443 -0.145073 0.087435 -0.741654
    9 1.539097 0.000000 0.000000 0.000000 0.000000 -0.309339
    10 1.196326 -0.000002 -0.000001 0.000000 0.000000 -0.521230
    11 3.883696 -0.046765 0.431443 0.085902 0.021830 -0.587867
    12 1.719570 -0.000004 -0.000001 0.000000 0.005516 -0.366478
    13 1.209171 -0.000002 0.000000 0.000000 0.003084 -0.216400
    14 3.859865 -0.137947 1.332466 0.354449 -0.042750 -0.531718
    15 1.719429 0.000002 -0.000001 0.000000 0.004074 -0.363009
    16 1.099665 0.000000 0.000000 0.000000 0.002596 -0.244331
    17 0.806053 -0.348925 1.321258 -1.166382 -0.626621 -0.921969
    18 1.789780 -0.000002 0.000002 0.000000 0.000000 0.189105
    19 1.207006 0.000000 0.000000 0.000000 0.000000 0.306015
    20 2.033356 1.000772 -1.937610 -1.668474 1.286518 2.942953
    21 6.028144 0.000000 0.000000 1.773463 1.384225 -0.803645
    22 11.692554 0.000001 0.000003 0.000000 0.000000 -0.676707
    23 11.481697 0.000001 0.000002 -1.835536 0.008434 0.043643
    24 3.859678 -0.132570 1.193109 0.455258 -0.194104 -0.841043
    25 1.312557 -0.000002 0.000001 0.000000 0.000000 -0.517222
    26 0.729365 0.000002 -0.000002 0.000000 0.000000 -0.174086
    27 3.942305 0.050327 0.431044 0.155591 -0.059668 -0.874314
    28 1.539099 -0.000002 0.000000 0.000000 0.000000 -0.247837
    29 1.196321 0.000008 0.000000 0.000000 0.000000 -0.751741
    30 3.883661 -0.050323 -0.431042 -0.079403 -0.041030 -0.763903
    31 1.719578 0.000004 0.000000 0.000000 -0.007973 -0.582418
    32 1.209185 0.000002 0.000000 0.000001 -0.004461 -0.471628
    33 3.859838 -0.148937 -1.331282 -0.350881 -0.029424 -0.716187
    34 1.719423 0.000002 0.000000 0.000001 -0.006611 -0.578953
    35 1.099667 0.000002 0.000000 0.000000 -0.004211 -0.597741
    36 0.806021 -0.359837 -1.318334 1.096823 0.367421 -1.417088
    37 1.789782 0.000000 -0.000004 0.000000 0.000000 0.265284
    38 1.206999 0.000003 0.000002 0.000000 0.000000 0.310702
    39 3.483999 -2.623365 0.559219 0.000000 0.000000 0.000000
    40 -29.453125 -11.093750 6.648438 0.000000 0.000000 0.000000
  time 83
    0 -0.999512 -0.744141 -9.226563 -1.570781 -1.391896 -1.570809
    1 2.033349 1.000767 1.937660 1.596637 -1.286515 2.942961
    2 6.028141 0.000000 0.000000 -1.578696 -0.408157 -1.282402
    3 11.692554 0.000001 0.000002 0.000000 0.000000 -1.224249
    4 11.481674 0.000001 -0.000032 1.573168 -0.028074 0.044378
    5 3.859709 -0.142404 -1.191975 -0.476793 0.134331 -0.965122
    6 1.312555 -0.000002 0.000001 0.000000 0.000000 -0.279217
    7 0.729363 -0.000002 -0.000002 0.000000 0.000000 -0.096880
    8 3.942335 0.046767 -0.431443 -0.145073 0.087435 -0.741654
    9 1.539097 0.000000 0.000000 0.000000 0.000000 -0.309339
    10 1.196326 -0.000002 -0.000001 0.000000 0.000000 -0.521230
    11 3.883696 -0.046765 0.431443 0.085902 0.021830 -0.587867
    12 1.719570 -0.000004 -0.000001 0.000000 0.005516 -0.366478
    13 1.209171 -0.000002 0.000000 0.000000 0.003084 -0.216400
    14 3.859865 -0.137947 1.332466 0.354449 -0.042750 -0.531718
    15 1.719429 0.000002 -0.000001 0.000000 0.004074 -0.363009
    16 1.099665 0.000000 0.000000 0.000000 0.002596 -0.244331
    17 0.806053 -0.348925 1.321258 -1.166382 -0.626621 -0.921969
    18 1.789780 -0.000002 0.000002 0.000000 0.000000 0.189105
    19 1.207006 0.000000 0.000000 0.000000 0.000000 0.306015
    20 2.033356 1.000772 -1.937610 -1.668474 1.286518 2.942953
    21 6.028144 0.000000 0.000000 1.773181 1.384054 -0.803952
    22 11.692554 0.000001 0.000003 0.000000 0.000000 -0.676707
    23 11.481697 0.000001 0.000002 -1.835505 0.008434 0.043643
    24 3.859678 -0.132570 1.193109 0.455258 -0.194104 -0.841043
    25 1.312557 -0.000002 0.000001 0.000000 0.000000 -0.517222
    26 0.729365 0.000002 -0.000002 0.000000 0.000000 -0.174086
    27 3.942305 0.050327 0.431044 0.155591 -0.059656 -0.874314
    28 1.539099 -0.000002 0.000000 0.000000 0.000000 -0.247824
    29 1.196321 0.000008 0.000000 0.000000 0.000000 -0.751741
    30 3.883661 -0.050323 -0.431042 -0.079403 -0.041030 -0.763903
    31 1.719578 0.000004 0.000000 0.000000 -0.007973 -0.582418
    32 1.209185 0.000002 0.000000 0.000001 -0.004461 -0.471628
    33 3.859838 -0.148937 -1.331282 -0.350881 -0.029424 -0.716187
    34 1.719423 0.000002 0.000000 0.000001 -0.006611 -0.578953
    35 1.099667 0.000002 0.000000 0.000000 -0.004211 -0.597741
    36 0.806021 -0.359837 -1.318334 1.096823 0.367421 -1.417088
    37 1.789782 0.000000 -0.000004 0.000000 0.000000 0.265284
    38 1.206999 0.000003 0.000002 0.000000 0.000000 0.310702
    39 3.483999 -2.623365 0.559219 0.000000 0.000000 0.000000
    40 -29.453125 -11.093750 6.648438 0.000000 0.000000 0.000000
  time 84
    0 -0.999512 -0.744141 -9.226563 -1.570781 -1.391896 -1.570809
    1 2.033349 1.000767 1.937660 1.596637 -1.286515 2.942961
    2 6.028141 0.000000 0.000000 -1.578696 -0.408157 -1.282402
    3 11.692554 0.000001 0.000002 0.000000 0.000000 -1.224249
    4 11.481674 0.000001 -0.000032 1.573168 -0.028074 0.044378
    5 3.859709 -0.142404 -1.191975 -0.476793 0.134331 -0.965122
    6 1.312555 -0.000002 0.000001 0.000000 0.000000 -0.279217
    7 0.729363 -0.000002 -0.000002 0.000000 0.000000 -0.096880
    8 3.942335 0.046767 -0.431443 -0.145073 0.087435 -0.741654
    9 1.539097 0.000000 0.000000 0.000000 0.000000 -0.309339
    10 1.196326 -0.000002 -0.000001 0.000000 0.000000 -0.521230
    11 3.883696 -0.046765 0.431443 0.085902 0.021830 -0.587867
    12 1.719570 -0.000004 -0.000001 0.000000 0.005516 -0.366478
    13 1.209171 -0.000002 0.000000 0.000000 0.003084 -0.216400
    14 3.859865 -0.137947 1.332466 0.354449 -0.042750 -0.531718
    15 1.719429 0.000002 -0.000001 0.000000 0.004074 -0.363009
    16 1.099665 0.000000 0.000000 0.000000 0.002596 -0.244331
    17 0.806053 -0.348925 1.321258 -1.166382 -0.626621 -0.921969
    18 1.789780 -0.000002 0.000002 0.000000 0.000000 0.189105
    19 1.207006 0.000000 0.000000 0.000000 0.000000 0.306015
    20 2.033356 1.000772 -1.937610 -1.668474 1.286518 2.942953
    21 6.028144 0.000000 0.000000 1.773087 1.383969 -0.804055
    22 11.692554 0.000001 0.000003 0.000000 0.000000 -0.676563
    23 11.481697 0.000001 0.000002 -1.835566 0.008434 0.043643
    24 3.859678 -0.132570 1.193109 0.455258 -0.194104 -0.841043
    25 1.312557 -0.000002 0.000001 0.000000 0.000000 -0.517222
    26 0.729365 0.000002 -0.000002 0.000000 0.000000 -0.174086
    27 3.942305 0.050327 0.431044 0.155591 -0.059656 -0.874327
    28 1.539099 -0.000002 0.000000 0.000000 0.000000 -0.247837
    29 1.196321 0.000008 0.000000 0.000000 0.000000 -0.751741
    30 3.883661 -0.050323 -0.431042 -0.079403 -0.041030 -0.763903
    31 1.719578 0.000004 0.000000 0.000000 -0.007973 -0.582418
    32 1.209185 0.000002 0.000000 0.000001 -0.004461 -0.471628
    33 3.859838 -0.148937 -1.331282 -0.350881 -0.029424 -0.716187
    34 1.719423 0.000002 0.000000 0.000001 -0.006611 -0.578953
    35 1.099667 0.000002 0.000000 0.000000 -0.004211 -0.597741
    36 0.806021 -0.359837 -1.318334 1.096823 0.367421 -1.417088
    37 1.789782 0.000000 -0.000004 0.000000 0.000000 0.265284
    38 1.206999 0.000003 0.000002 0.000000 0.000000 0.310702
    39 3.483999 -2.623365 0.559219 0.000000 0.000000 0.000000
    40 -29.453125 -11.093750 6.648438 0.000000 0.000000 0.000000
  time 85
    0 -0.999512 -0.744141 -9.226563 -1.570781 -1.391896 -1.570809
    1 2.033349 1.000767 1.937660 1.596637 -1.286515 2.942961
    2 6.028141 0.000000 0.000000 -1.578696 -0.408157 -1.282402
    3 11.692554 0.000001 0.000002 0.000000 0.000000 -1.224249
    4 11.481674 0.000001 -0.000032 1.573168 -0.028074 0.044378
    5 3.859709 -0.142404 -1.191975 -0.476793 0.134331 -0.965122
    6 1.312555 -0.000002 0.000001 0.000000 0.000000 -0.279217
    7 0.729363 -0.000002 -0.000002 0.000000 0.000000 -0.096880
    8 3.942335 0.046767 -0.431443 -0.145073 0.087435 -0.741654
    9 1.539097 0.000000 0.000000 0.000000 0.000000 -0.309339
    10 1.196326 -0.000002 -0.000001 0.000000 0.000000 -0.521230
    11 3.883696 -0.046765 0.431443 0.085902 0.021830 -0.587867
    12 1.719570 -0.000004 -0.000001 0.000000 0.005516 -0.366478
    13 1.209171 -0.000002 0.000000 0.000000 0.003084 -0.216400
    14 3.859865 -0.137947 1.332466 0.354449 -0.042750 -0.531718
    15 1.719429 0.000002 -0.000001 0.000000 0.004074 -0.363009
    16 1.099665 0.000000 0.000000 0.000000 0.002596 -0.244331
    17 0.806053 -0.348925 1.321258 -1.166382 -0.626621 -0.921969
    18 1.789780 -0.000002 0.000002 0.000000 0.000000 0.189105
    19 1.207006 0.000000 0.000000 0.000000 0.000000 0.306015
    20 2.033356 1.000772 -1.937610 -1.668474 1.286518 2.942953
    21 6.028144 0.000000 0.000000 1.773275 1.383927 -0.803850
    22 11.692554 0.000001 0.000003 0.000000 0.000000 -0.676324
    23 11.481697 0.000001 0.000002 -1.835688 0.008434 0.043643
    24 3.859678 -0.132570 1.193109 0.455258 -0.194104 -0.841043
    25 1.312557 -0.000002 0.000001 0.000000 0.000000 -0.517222
    26 0.729365 0.000002 -0.000002 0.000000 0.000000 -0.174086
    27 3.942305 0.050327 0.431044 0.155591 -0.059656 -0.874327
    28 1.539099 -0.000002 0.000000 0.000000 0.000000 -0.247824
    29 1.196321 0.000008 0.000000 0.000000 0.000000 -0.751741
    30 3.883661 -0.050323 -0.431042 -0.079403 -0.041030 -0.763903
    31 1.719578 0.000004 0.000000 0.000000 -0.007973 -0.582418
    32 1.209185 0.000002 0.000000 0.000001 -0.004461 -0.471628
    33 3.859838 -0.148937 -1.331282 -0.350881 -0.029424 -0.716187
    34 1.719423 0.000002 0.000000 0.000001 -0.006611 -0.578953
    35 1.099667 0.000002 0.000000 0.000000 -0.004211 -0.597741
    36 0.806021 -0.359837 -1.318334 1.096823 0.367421 -1.417088
    37 1.789782 0.000000 -0.000004 0.000000 0.000000 0.265284
    38 1.206999 0.000003 0.000002 0.000000 0.000000 0.310702
    39 3.483999 -2.623365 0.559219 0.000000 0.000000 0.000000
    40 -29.453125 -11.093750 6.648438 0.000000 0.000000 0.000000
  time 86
    0 -0.999512 -0.744141 -9.226563 -1.570781 -1.391896 -1.570809
    1 2.033349 1.000767 1.937660 1.596637 -1.286515 2.942961
    2 6.028141 0.000000 0.000000 -1.578696 -0.408157 -1.282402
    3 11.692554 0.000001 0.000002 0.000000 0.000000 -1.224249
    4 11.481674 0.000001 -0.000032 1.573168 -0.028074 0.044378
    5 3.859709 -0.142404 -1.191975 -0.476793 0.134331 -0.965122
    6 1.312555 -0.000002 0.000001 0.000000 0.000000 -0.279217
    7 0.729363 -0.000002 -0.000002 0.000000 0.000000 -0.096880
    8 3.942335 0.046767 -0.431443 -0.145073 0.087435 -0.741654
    9 1.539097 0.000000 0.000000 0.000000 0.000000 -0.309339
    10 1.196326 -0.000002 -0.000001 0.000000 0.000000 -0.521230
    11 3.883696 -0.046765 0.431443 0.085902 0.021830 -0.587867
    12 1.719570 -0.000004 -0.000001 0.000000 0.005516 -0.366478
    13 1.209171 -0.000002 0.000000 0.000000 0.003084 -0.216400
    14 3.859865 -0.137947 1.332466 0.354449 -0.042750 -0.531718
    15 1.719429 0.000002 -0.000001 0.000000 0.004074 -0.363009
    16 1.099665 0.000000 0.000000 0.000000 0.002596 -0.244331
    17 0.806053 -0.348925 1.321258 -1.166382 -0.626621 -0.921969
    18 1.789780 -0.000002 0.000002 0.000000 0.000000 0.189105
    19 1.207006 0.000000 0.000000 0.000000 0.000000 0.306015
    20 2.033356 1.000772 -1.937610 -1.668474 1.286518 2.942953
    21 6.028144 0.000000 0.000000 1.773745 1.383969 -0.803234
    22 11.692554 0.000001 0.000003 0.000000 0.000000 -0.675942
    23 11.481697 0.000001 0.000002 -1.835901 0.008434 0.043643
    24 3.859678 -0.132570 1.193109 0.455258 -0.194104 -0.841043
    25 1.312557 -0.000002 0.000001 0.000000 0.000000 -0.517222
    26 0.729365 0.000002 -0.000002 0.000000 0.000000 -0.174086
    27 3.942305 0.050327 0.431044 0.155591 -0.059656 -0.874327
    28 1.539099 -0.000002 0.000000 0.000000 0.000000 -0.247824
    29 1.196321 0.000008 0.000000 0.000000 0.000000 -0.751741
    30 3.883661 -0.050323 -0.431042 -0.079403 -0.041030 -0.763903
    31 1.719578 0.000004 0.000000 0.000000 -0.007973 -0.582418
    32 1.209185 0.000002 0.000000 0.000001 -0.004461 -0.471628
    33 3.859838 -0.148937 -1.331282 -0.350881 -0.029424 -0.716187
    34 1.719423 0.000002 0.000000 0.000001 -0.006611 -0.578953
    35 1.099667 0.000002 0.000000 0.000000 -0.004211 -0.597741
    36 0.806021 -0.359837 -1.318334 1.096823 0.367421 -1.417088
    37 1.789782 0.000000 -0.000004 0.000000 0.000000 0.265284
    38 1.206999 0.000003 0.000002 0.000000 0.000000 0.310702
    39 3.483999 -2.623365 0.559219 0.000000 0.000000 0.000000
    40 -29.453125 -11.093750 6.648438 0.000000 0.000000 0.000000
  time 87
    0 -0.999512 -0.744141 -9.226563 -1.570781 -1.391896 -1.570809
    1 2.033349 1.000767 1.937660 1.596637 -1.286515 2.942961
    2 6.028141 0.000000 0.000000 -1.578696 -0.408157 -1.282402
    3 11.692554 0.000001 0.000002 0.000000 0.000000 -1.224249
    4 11.481674 0.000001 -0.000032 1.573168 -0.028074 0.044378
    5 3.859709 -0.142404 -1.191975 -0.476793 0.134331 -0.965122
    6 1.312555 -0.000002 0.000001 0.000000 0.000000 -0.279217
    7 0.729363 -0.000002 -0.000002 0.000000 0.000000 -0.096880
    8 3.942335 0.046767 -0.431443 -0.145073 0.087435 -0.741654
    9 1.539097 0.000000 0.000000 0.000000 0.000000 -0.309339
    10 1.196326 -0.000002 -0.000001 0.000000 0.000000 -0.521230
    11 3.883696 -0.046765 0.431443 0.085902 0.021830 -0.587867
    12 1.719570 -0.000004 -0.000001 0.000000 0.005516 -0.366478
    13 1.209171 -0.000002 0.000000 0.000000 0.003084 -0.216400
    14 3.859865 -0.137947 1.332466 0.354449 -0.042750 -0.531718
    15 1.719429 0.000002 -0.000001 0.000000 0.004074 -0.363009
    16 1.099665 0.000000 0.000000 0.000000 0.002596 -0.244331
    17 0.806053 -0.348925 1.321258 -1.166382 -0.626621 -0.921969
    18 1.789780 -0.000002 0.000002 0.000000 0.000000 0.189105
    19 1.207006 0.000000 0.000000 0.000000 0.000000 0.306015
    20 2.033356 1.000772 -1.937610 -1.668474 1.286518 2.942953
    21 6.028144 0.000000 0.000000 1.774591 1.384097 -0.802311
    22 11.692554 0.000001 0.000003 0.000000 0.000000 -0.675512
    23 11.481697 0.000001 0.000002 -1.836145 0.008434 0.043643
    24 3.859678 -0.132570 1.193109 0.455258 -0.194104 -0.841043
    25 1.312557 -0.000002 0.000001 0.000000 0.000000 -0.517222
    26 0.729365 0.000002 -0.000002 0.000000 0.000000 -0.174086
    27 3.942305 0.050327 0.431044 0.155591 -0.059656 -0.874341
    28 1.539099 -0.000002 0.000000 0.000000 0.000000 -0.247837
    29 1.196321 0.000008 0.000000 0.000000 0.000000 -0.751741
    30 3.883661 -0.050323 -0.431042 -0.079403 -0.041030 -0.763903
    31 1.719578 0.000004 0.000000 0.000000 -0.007973 -0.582418
    32 1.209185 0.000002 0.000000 0.000001 -0.004461 -0.471628
    33 3.859838 -0.148937 -1.331282 -0.350881 -0.029424 -0.716187
    34 1.719423 0.000002 0.000000 0.000001 -0.006611 -0.578953
    35 1.099667 0.000002 0.000000 0.000000 -0.004211 -0.597741
    36 0.806021 -0.359837 -1.318334 1.096823 0.367421 -1.417088
    37 1.789782 0.000000 -0.000004 0.000000 0.000000 0.265284
    38 1.206999 0.000003 0.000002 0.000000 0.000000 0.310702
    39 3.483999 -2.623365 0.559219 0.000000 0.000000 0.000000
    40 -29.453125 -11.093750 6.648438 0.000000 0.000000 0.000000
  time 88
    0 -0.999512 -0.744141 -9.226563 -1.570781 -1.391896 -1.570809
    1 2.033349 1.000767 1.937660 1.596637 -1.286515 2.942961
    2 6.028141 0.000000 0.000000 -1.578696 -0.408157 -1.282402
    3 11.692554 0.000001 0.000002 0.000000 0.000000 -1.224249
    4 11.481674 0.000001 -0.000032 1.573168 -0.028074 0.044378
    5 3.859709 -0.142404 -1.191975 -0.476793 0.134331 -0.965122
    6 1.312555 -0.000002 0.000001 0.000000 0.000000 -0.279217
    7 0.729363 -0.000002 -0.000002 0.000000 0.000000 -0.096880
    8 3.942335 0.046767 -0.431443 -0.145073 0.087435 -0.741654
    9 1.539097 0.000000 0.000000 0.000000 0.000000 -0.309339
    10 1.196326 -0.000002 -0.000001 0.000000 0.000000 -0.521230
    11 3.883696 -0.046765 0.431443 0.085902 0.021830 -0.587867
    12 1.719570 -0.000004 -0.000001 0.000000 0.005516 -0.366478
    13 1.209171 -0.000002 0.000000 0.000000 0.003084 -0.216400
    14 3.859865 -0.137947 1.332466 0.354449 -0.042750 -0.531718
    15 1.719429 0.000002 -0.000001 0.000000 0.004074 -0.363009
    16 1.099665 0.000000 0.000000 0.000000 0.002596 -0.244331
    17 0.806053 -0.348925 1.321258 -1.166382 -0.626621 -0.921969
    18 1.789780 -0.000002 0.000002 0.000000 0.000000 0.189105
    19 1.207006 0.000000 0.000000 0.000000 0.000000 0.306015
    20 2.033356 1.000772 -1.937610 -1.668474 1.286518 2.942953
    21 6.028144 0.000000 0.000000 1.775767 1.384225 -0.800926
    22 11.692554 0.000001 0.000003 0.000000 0.000000 -0.675034
    23 11.481697 0.000001 0.000002 -1.836449 0.008434 0.043643
    24 3.859678 -0.132570 1.193109 0.455258 -0.194104 -0.841043
    25 1.312557 -0.000002 0.000001 0.000000 0.000000 -0.517222
    26 0.729365 0.000002 -0.000002 0.000000 0.000000 -0.174086
    27 3.942305 0.050327 0.431044 0.155591 -0.059656 -0.874341
    28 1.539099 -0.000002 0.000000 0.000000 0.000000 -0.247824
    29 1.196321 0.000008 0.000000 0.000000 0.000000 -0.751741
    30 3.883661 -0.050323 -0.431042 -0.079403 -0.041030 -0.763903
    31 1.719578 0.000004 0.000000 0.000000 -0.007973 -0.582418
    32 1.209185 0.000002 0.000000 0.000001 -0.004461 -0.471628
    33 3.859838 -0.148937 -1.331282 -0.350881 -0.029424 -0.716187
    34 1.719423 0.000002 0.000000 0.000001 -0.006611 -0.578953
    35 1.099667 0.000002 0.000000 0.000000 -0.004211 -0.597741
    36 0.806021 -0.359837 -1.318334 1.096823 0.367421 -1.417088
    37 1.789782 0.000000 -0.000004 0.000000 0.000000 0.265284
    38 1.206999 0.000003 0.000002 0.000000 0.000000 0.310702
    39 3.483999 -2.623365 0.559219 0.000000 0.000000 0.000000
    40 -29.453125 -11.093750 6.648438 0.000000 0.000000 0.000000
  time 89
    0 -0.999512 -0.744141 -9.226563 -1.570781 -1.391896 -1.570809
    1 2.033349 1.000767 1.937660 1.596637 -1.286515 2.942961
    2 6.028141 0.000000 0.000000 -1.578696 -0.408157 -1.282402
    3 11.692554 0.000001 0.000002 0.000000 0.000000 -1.224249
    4 11.481674 0.000001 -0.000032 1.573168 -0.028074 0.044378
    5 3.859709 -0.142404 -1.191975 -0.476793 0.134331 -0.965122
    6 1.312555 -0.000002 0.000001 0.000000 0.000000 -0.279217
    7 0.729363 -0.000002 -0.000002 0.000000 0.000000 -0.096880
    8 3.942335 0.046767 -0.431443 -0.145073 0.087435 -0.741654
    9 1.539097 0.000000 0.000000 0.000000 0.000000 -0.309339
    10 1.196326 -0.000002 -0.000001 0.000000 0.000000 -0.521230
    11 3.883696 -0.046765 0.431443 0.085902 0.021830 -0.587867
    12 1.719570 -0.000004 -0.000001 0.000000 0.005516 -0.366478
    13 1.209171 -0.000002 0.000000 0.000000 0.003084 -0.216400
    14 3.859865 -0.137947 1.332466 0.354449 -0.042750 -0.531718
    15 1.719429 0.000002 -0.000001 0.000000 0.004074 -0.363009
    16 1.099665 0.000000 0.000000 0.000000 0.002596 -0.244331
    17 0.806053 -0.348925 1.321258 -1.166382 -0.626621 -0.921969
    18 1.789780 -0.000002 0.000002 0.000000 0.000000 0.189105
    19 1.207006 0.000000 0.000000 0.000000 0.000000 0.306015
    20 2.033356 1.000772 -1.937610 -1.668474 1.286518 2.942953
    21 6.028144 0.000000 0.000000 1.777319 1.384438 -0.799079
    22 11.692554 0.000001 0.000003 0.000000 0.000000 -0.674508
    23 11.481697 0.000001 0.000002 -1.836784 0.008434 0.043643
    24 3.859678 -0.132570 1.193109 0.455258 -0.194104 -0.841043
    25 1.312557 -0.000002 0.000001 0.000000 0.000000 -0.517222
    26 0.729365 0.000002 -0.000002 0.000000 0.000000 -0.174086
    27 3.942305 0.050327 0.431044 0.155591 -0.059656 -0.874341
    28 1.539099 -0.000002 0.000000 0.000000 0.000000 -0.247824
    29 1.196321 0.000008 0.000000 0.000000 0.000000 -0.751741
    30 3.883661 -0.050323 -0.431042 -0.079403 -0.041030 -0.763903
    31 1.719578 0.000004 0.000000 0.000000 -0.007973 -0.582418
    32 1.209185 0.000002 0.000000 0.000001 -0.004461 -0.471628
    33 3.859838 -0.148937 -1.331282 -0.350881 -0.029424 -0.716187
    34 1.719423 0.000002 0.000000 0.000001 -0.006611 -0.578953
    35 1.099667 0.000002 0.000000 0.000000 -0.004211 -0.597741
    36 0.806021 -0.359837 -1.318334 1.096823 0.367421 -1.417088
    37 1.789782 0.000000 -0.000004 0.000000 0.000000 0.265284
    38 1.206999 0.000003 0.000002 0.000000 0.000000 0.310702
    39 3.483999 -2.623365 0.559219 0.000000 0.000000 0.000000
    40 -29.453125 -11.093750 6.648438 0.000000 0.000000 0.000000
  time 90
    0 -0.999512 -0.744141 -9.226563 -1.570781 -1.391896 -1.570809
    1 2.033349 1.000767 1.937660 1.596637 -1.286515 2.942961
    2 6.028141 0.000000 0.000000 -1.578696 -0.408157 -1.282402
    3 11.692554 0.000001 0.000002 0.000000 0.000000 -1.224249
    4 11.481674 0.000001 -0.000032 1.573168 -0.028074 0.044378
    5 3.859709 -0.142404 -1.191975 -0.476793 0.134331 -0.965122
    6 1.312555 -0.000002 0.000001 0.000000 0.000000 -0.279217
    7 0.729363 -0.000002 -0.000002 0.000000 0.000000 -0.096880
    8 3.942335 0.046767 -0.431443 -0.145073 0.087435 -0.741654
    9 1.539097 0.000000 0.000000 0.000000 0.000000 -0.309339
    10 1.196326 -0.000002 -0.000001 0.000000 0.000000 -0.521230
    11 3.883696 -0.046765 0.431443 0.085902 0.021830 -0.587867
    12 1.719570 -0.000004 -0.000001 0.000000 0.005516 -0.366478
    13 1.209171 -0.000002 0.000000 0.000000 0.003084 -0.216400
    14 3.859865 -0.137947 1.332466 0.354449 -0.042750 -0.531718
    15 1.719429 0.000002 -0.000001 0.000000 0.004074 -0.363009
    16 1.099665 0.000000 0.000000 0.000000 0.002596 -0.244331
    17 0.806053 -0.348925 1.321258 -1.166382 -0.626621 -0.921969
    18 1.789780 -0.000002 0.000002 0.000000 0.000000 0.189105
    19 1.207006 0.000000 0.000000 0.000000 0.000000 0.306015
    20 2.033356 1.000772 -1.937610 -1.668474 1.286518 2.942953
    21 6.028144 0.000000 0.000000 1.779294 1.384736 -0.796822
    22 11.692554 0.000001 0.000003 0.000000 0.000000 -0.673982
    23 11.481697 0.000001 0.000002 -1.837150 0.008434 0.043643
    24 3.859678 -0.132570 1.193109 0.455258 -0.194104 -0.841043
    25 1.312557 -0.000002 0.000001 0.000000 0.000000 -0.517222
    26 0.729365 0.000002 -0.000002 0.000000 0.000000 -0.174086
    27 3.942305 0.050327 0.431044 0.155591 -0.059656 -0.874341
    28 1.539099 -0.000002 0.000000 0.000000 0.000000 -0.247824
    29 1.196321 0.000008 0.000000 0.000000 0.000000 -0.751741
    30 3.883661 -0.050323 -0.431042 -0.079403 -0.041030 -0.763903
    31 1.719578 0.000004 0.000000 0.000000 -0.007973 -0.582418
    32 1.209185 0.000002 0.000000 0.000001 -0.004461 -0.471628
    33 3.859838 -0.148937 -1.331282 -0.350881 -0.029424 -0.716187
    34 1.719423 0.000002 0.000000 0.000001 -0.006611 -0.578953
    35 1.099667 0.000002 0.000000 0.000000 -0.004211 -0.597741
    36 0.806021 -0.359837 -1.318334 1.096823 0.367421 -1.417088
    37 1.789782 0.000000 -0.000004 0.000000 0.000000 0.265284
    38 1.206999 0.000003 0.000002 0.000000 0.000000 0.310702
    39 3.483999 -2.623365 0.559219 0.000000 0.000000 0.000000
    40 -29.453125 -11.093750 6.648438 0.000000 0.000000 0.000000
  time 91
    0 -0.999512 -0.744141 -9.226563 -1.570781 -1.391896 -1.570809
    1 2.033349 1.000767 1.937660 1.596637 -1.286515 2.942961
    2 6.028141 0.000000 0.000000 -1.578696 -0.408157 -1.282402
    3 11.692554 0.000001 0.000002 0.000000 0.000000 -1.224249
    4 11.481674 0.000001 -0.000032 1.573168 -0.028074 0.044378
    5 3.859709 -0.142404 -1.191975 -0.476793 0.134331 -0.965122
    6 1.312555 -0.000002 0.000001 0.000000 0.000000 -0.279217
    7 0.729363 -0.000002 -0.000002 0.000000 0.000000 -0.096880
    8 3.942335 0.046767 -0.431443 -0.145073 0.087435 -0.741654
    9 1.539097 0.000000 0.000000 0.000000 0.000000 -0.309339
    10 1.196326 -0.000002 -0.000001 0.000000 0.000000 -0.521230
    11 3.883696 -0.046765 0.431443 0.085902 0.021830 -0.587867
    12 1.719570 -0.000004 -0.000001 0.000000 0.005516 -0.366478
    13 1.209171 -0.000002 0.000000 0.000000 0.003084 -0.216400
    14 3.859865 -0.137947 1.332466 0.354449 -0.042750 -0.531718
    15 1.719429 0.000002 -0.000001 0.000000 0.004074 -0.363009
    16 1.099665 0.000000 0.000000 0.000000 0.002596 -0.244331
    17 0.806053 -0.348925 1.321258 -1.166382 -0.626621 -0.921969
    18 1.789780 -0.000002 0.000002 0.000000 0.000000 0.189105
    19 1.207006 0.000000 0.000000 0.000000 0.000000 0.306015
    20 2.033356 1.000772 -1.937610 -1.668474 1.286518 2.942953
    21 6.028144 0.000000 0.000000 1.781363 1.385035 -0.794359
    22 11.692554 0.000001 0.000003 0.000000 0.000000 -0.673409
    23 11.481697 0.000001 0.000002 -1.837546 0.008434 0.043643
    24 3.859678 -0.132570 1.193109 0.455258 -0.194104 -0.841043
    25 1.312557 -0.000002 0.000001 0.000000 0.000000 -0.517222
    26 0.729365 0.000002 -0.000002 0.000000 0.000000 -0.174086
    27 3.942305 0.050327 0.431044 0.155591 -0.059656 -0.874355
    28 1.539099 -0.000002 0.000000 0.000000 0.000000 -0.247837
    29 1.196321 0.000008 0.000000 0.000000 0.000000 -0.751741
    30 3.883661 -0.050323 -0.431042 -0.079403 -0.041030 -0.763903
    31 1.719578 0.000004 0.000000 0.000000 -0.007973 -0.582418
    32 1.209185 0.000002 0.000000 0.000001 -0.004461 -0.471628
    33 3.859838 -0.148937 -1.331282 -0.350881 -0.029424 -0.716187
    34 1.719423 0.000002 0.000000 0.000001 -0.006611 -0.578953
    35 1.099667 0.000002 0.000000 0.000000 -0.004211 -0.597741
    36 0.806021 -0.359837 -1.318334 1.096823 0.367421 -1.417088
    37 1.789782 0.000000 -0.000004 0.000000 0.000000 0.265284
    38 1.206999 0.000003 0.000002 0.000000 0.000000 0.310702
    39 3.483999 -2.623365 0.559219 0.000000 0.000000 0.000000
    40 -29.453125 -11.093750 6.648438 0.000000 0.000000 0.000000
  time 92
    0 -0.999512 -0.744141 -9.226563 -1.570781 -1.391896 -1.570809
    1 2.033349 1.000767 1.937660 1.596637 -1.286515 2.942961
    2 6.028141 0.000000 0.000000 -1.578696 -0.408157 -1.282402
    3 11.692554 0.000001 0.000002 0.000000 0.000000 -1.224249
    4 11.481674 0.000001 -0.000032 1.573168 -0.028074 0.044378
    5 3.859709 -0.142404 -1.191975 -0.476793 0.134331 -0.965122
    6 1.312555 -0.000002 0.000001 0.000000 0.000000 -0.279217
    7 0.729363 -0.000002 -0.000002 0.000000 0.000000 -0.096880
    8 3.942335 0.046767 -0.431443 -0.145073 0.087435 -0.741654
    9 1.539097 0.000000 0.000000 0.000000 0.000000 -0.309339
    10 1.196326 -0.000002 -0.000001 0.000000 0.000000 -0.521230
    11 3.883696 -0.046765 0.431443 0.085902 0.021830 -0.587867
    12 1.719570 -0.000004 -0.000001 0.000000 0.005516 -0.366478
    13 1.209171 -0.000002 0.000000 0.000000 0.003084 -0.216400
    14 3.859865 -0.137947 1.332466 0.354449 -0.042750 -0.531718
    15 1.719429 0.000002 -0.000001 0.000000 0.004074 -0.363009
    16 1.099665 0.000000 0.000000 0.000000 0.002596 -0.244331
    17 0.806053 -0.348925 1.321258 -1.166382 -0.626621 -0.921969
    18 1.789780 -0.000002 0.000002 0.000000 0.000000 0.189105
    19 1.207006 0.000000 0.000000 0.000000 0.000000 0.306015
    20 2.033356 1.000772 -1.937610 -1.668474 1.286518 2.942953
    21 6.028144 0.000000 0.000000 1.783386 1.385376 -0.792051
    22 11.692554 0.000001 0.000003 0.000000 0.000000 -0.672883
    23 11.481697 0.000001 0.000002 -1.837911 0.008434 0.043643
    24 3.859678 -0.132570 1.193109 0.455258 -0.194104 -0.841043
    25 1.312557 -0.000002 0.000001 0.000000 0.000000 -0.517222
    26 0.729365 0.000002 -0.000002 0.000000 0.000000 -0.174086
    27 3.942305 0.050327 0.431044 0.155591 -0.059656 -0.874355
    28 1.539099 -0.000002 0.000000 0.000000 0.000000 -0.247824
    29 1.196321 0.000008 0.000000 0.000000 0.000000 -0.751741
    30 3.883661 -0.050323 -0.431042 -0.079403 -0.041030 -0.763903
    31 1.719578 0.000004 0.000000 0.000000 -0.007973 -0.582418
    32 1.209185 0.000002 0.000000 0.000001 -0.004461 -0.471628
    33 3.859838 -0.148937 -1.331282 -0.350881 -0.029424 -0.716187
    34 1.719423 0.000002 0.000000 0.000001 -0.006611 -0.578953
    35 1.099667 0.000002 0.000000 0.000000 -0.004211 -0.597741
    36 0.806021 -0.359837 -1.318334 1.096823 0.367421 -1.417088
    37 1.789782 0.000000 -0.000004 0.000000 0.000000 0.265284
    38 1.206999 0.000003 0.000002 0.000000 0.000000 0.310702
    39 3.483999 -2.623365 0.559219 0.000000 0.000000 0.000000
    40 -29.453125 -11.093750 6.648438 0.000000 0.000000 0.000000
  time 93
    0 -0.999512 -0.744141 -9.226563 -1.570781 -1.391896 -1.570809
    1 2.033349 1.000767 1.937660 1.596637 -1.286515 2.942961
    2 6.028141 0.000000 0.000000 -1.578696 -0.408157 -1.282402
    3 11.692554 0.000001 0.000002 0.000000 0.000000 -1.224249
    4 11.481674 0.000001 -0.000032 1.573168 -0.028074 0.044378
    5 3.859709 -0.142404 -1.191975 -0.476793 0.134331 -0.965122
    6 1.312555 -0.000002 0.000001 0.000000 0.000000 -0.279217
    7 0.729363 -0.000002 -0.000002 0.000000 0.000000 -0.096880
    8 3.942335 0.046767 -0.431443 -0.145073 0.087435 -0.741654
    9 1.539097 0.000000 0.000000 0.000000 0.000000 -0.309339
    10 1.196326 -0.000002 -0.000001 0.000000 0.000000 -0.521230
    11 3.883696 -0.046765 0.431443 0.085902 0.021830 -0.587867
    12 1.719570 -0.000004 -0.000001 0.000000 0.005516 -0.366478
    13 1.209171 -0.000002 0.000000 0.000000 0.003084 -0.216400
    14 3.859865 -0.137947 1.332466 0.354449 -0.042750 -0.531718
    15 1.719429 0.000002 -0.000001 0.000000 0.004074 -0.363009
    16 1.099665 0.000000 0.000000 0.000000 0.002596 -0.244331
    17 0.806053 -0.348925 1.321258 -1.166382 -0.626621 -0.921969
    18 1.789780 -0.000002 0.000002 0.000000 0.000000 0.189105
    19 1.207006 0.000000 0.000000 0.000000 0.000000 0.306015
    20 2.033356 1.000772 -1.937610 -1.668474 1.286518 2.942953
    21 6.028144 0.000000 0.000000 1.785267 1.385631 -0.789845
    22 11.692554 0.000001 0.000003 0.000000 0.000000 -0.672357
    23 11.481697 0.000001 0.000002 -1.838276 0.008434 0.043643
    24 3.859678 -0.132570 1.193109 0.455258 -0.194104 -0.841043
    25 1.312557 -0.000002 0.000001 0.000000 0.000000 -0.517222
    26 0.729365 0.000002 -0.000002 0.000000 0.000000 -0.174086
    27 3.942305 0.050327 0.431044 0.155591 -0.059656 -0.874355
    28 1.539099 -0.000002 0.000000 0.000000 0.000000 -0.247824
    29 1.196321 0.000008 0.000000 0.000000 0.000000 -0.751741
    30 3.883661 -0.050323 -0.431042 -0.079403 -0.041030 -0.763903
    31 1.719578 0.000004 0.000000 0.000000 -0.007973 -0.582418
    32 1.209185 0.000002 0.000000 0.000001 -0.004461 -0.471628
    33 3.859838 -0.148937 -1.331282 -0.350881 -0.029424 -0.716187
    34 1.719423 0.000002 0.000000 0.000001 -0.006611 -0.578953
    35 1.099667 0.000002 0.000000 0.000000 -0.004211 -0.597741
    36 0.806021 -0.359837 -1.318334 1.096823 0.367421 -1.417088
    37 1.789782 0.000000 -0.000004 0.000000 0.000000 0.265284
    38 1.206999 0.000003 0.000002 0.000000 0.000000 0.310702
    39 3.483999 -2.623365 0.559219 0.000000 0.000000 0.000000
    40 -29.453125 -11.093750 6.648438 0.000000 0.000000 0.000000
  time 94
    0 -0.999512 -0.744141 -9.226563 -1.570781 -1.391896 -1.570809
    1 2.033349 1.000767 1.937660 1.596637 -1.286515 2.942961
    2 6.028141 0.000000 0.000000 -1.578696 -0.408157 -1.282402
    3 11.692554 0.000001 0.000002 0.000000 0.000000 -1.224249
    4 11.481674 0.000001 -0.000032 1.573168 -0.028074 0.044378
    5 3.859709 -0.142404 -1.191975 -0.476793 0.134331 -0.965122
    6 1.312555 -0.000002 0.000001 0.000000 0.000000 -0.279217
    7 0.729363 -0.000002 -0.000002 0.000000 0.000000 -0.096880
    8 3.942335 0.046767 -0.431443 -0.145073 0.087435 -0.741654
    9 1.539097 0.000000 0.000000 0.000000 0.000000 -0.309339
    10 1.196326 -0.000002 -0.000001 0.000000 0.000000 -0.521230
    11 3.883696 -0.046765 0.431443 0.085902 0.021830 -0.587867
    12 1.719570 -0.000004 -0.000001 0.000000 0.005516 -0.366478
    13 1.209171 -0.000002 0.000000 0.000000 0.003084 -0.216400
    14 3.859865 -0.137947 1.332466 0.354449 -0.042750 -0.531718
    15 1.719429 0.000002 -0.000001 0.000000 0.004074 -0.363009
    16 1.099665 0.000000 0.000000 0.000000 0.002596 -0.244331
    17 0.806053 -0.348925 1.321258 -1.166382 -0.626621 -0.921969
    18 1.789780 -0.000002 0.000002 0.000000 0.000000 0.189105
    19 1.207006 0.000000 0.000000 0.000000 0.000000 0.306015
    20 2.033356 1.000772 -1.937610 -1.668474 1.286518 2.942953
    21 6.028144 0.000000 0.000000 1.787007 1.385930 -0.787844
    22 11.692554 0.000001 0.000003 0.000000 0.000000 -0.671880
    23 11.481697 0.000001 0.000002 -1.838642 0.008434 0.043643
    24 3.859678 -0.132570 1.193109 0.455270 -0.194104 -0.841043
    25 1.312557 -0.000002 0.000001 0.000000 0.000000 -0.517222
    26 0.729365 0.000002 -0.000002 0.000000 0.000000 -0.174086
    27 3.942305 0.050327 0.431044 0.155591 -0.059656 -0.874355
    28 1.539099 -0.000002 0.000000 0.000000 0.000000 -0.247824
    29 1.196321 0.000008 0.000000 0.000000 0.000000 -0.751741
    30 3.883661 -0.050323 -0.431042 -0.079403 -0.041030 -0.763903
    31 1.719578 0.000004 0.000000 0.000000 -0.007973 -0.582418
    32 1.209185 0.000002 0.000000 0.000001 -0.004461 -0.471628
    33 3.859838 -0.148937 -1.331282 -0.350881 -0.029424 -0.716187
    34 1.719423 0.000002 0.000000 0.000001 -0.006611 -0.578953
    35 1.099667 0.000002 0.000000 0.000000 -0.004211 -0.597741
    36 0.806021 -0.359837 -1.318334 1.096823 0.367421 -1.417088
    37 1.789782 0.000000 -0.000004 0.000000 0.000000 0.265284
    38 1.206999 0.000003 0.000002 0.000000 0.000000 0.310702
    39 3.483999 -2.623365 0.559219 0.000000 0.000000 0.000000
    40 -29.453125 -11.093750 6.648438 0.000000 0.000000 0.000000
  time 95
    0 -0.999512 -0.744141 -9.226563 -1.570781 -1.391896 -1.570809
    1 2.033349 1.000767 1.937660 1.596637 -1.286515 2.942961
    2 6.028141 0.000000 0.000000 -1.578696 -0.408157 -1.282402
    3 11.692554 0.000001 0.000002 0.000000 0.000000 -1.224249
    4 11.481674 0.000001 -0.000032 1.573168 -0.028074 0.044378
    5 3.859709 -0.142404 -1.191975 -0.476793 0.134331 -0.965122
    6 1.312555 -0.000002 0.000001 0.000000 0.000000 -0.279217
    7 0.729363 -0.000002 -0.000002 0.000000 0.000000 -0.096880
    8 3.942335 0.046767 -0.431443 -0.145073 0.087435 -0.741654
    9 1.539097 0.000000 0.000000 0.000000 0.000000 -0.309339
    10 1.196326 -0.000002 -0.000001 0.000000 0.000000 -0.521230
    11 3.883696 -0.046765 0.431443 0.085902 0.021830 -0.587867
    12 1.719570 -0.000004 -0.000001 0.000000 0.005516 -0.366478
    13 1.209171 -0.000002 0.000000 0.000000 0.003084 -0.216400
    14 3.859865 -0.137947 1.332466 0.354449 -0.042750 -0.531718
    15 1.719429 0.000002 -0.000001 0.000000 0.004074 -0.363009
    16 1.099665 0.000000 0.000000 0.000000 0.002596 -0.244331
    17 0.806053 -0.348925 1.321258 -1.166382 -0.626621 -0.921969
    18 1.789780 -0.000002 0.000002 0.000000 0.000000 0.189105
    19 1.207006 0.000000 0.000000 0.000000 0.000000 0.306015
    20 2.033356 1.000772 -1.937610 -1.668474 1.286518 2.942953
    21 6.028144 0.000000 0.000000 1.788559 1.386143 -0.785997
    22 11.692554 0.000001 0.000003 0.000000 0.000000 -0.671449
    23 11.481697 0.000001 0.000002 -1.838946 0.008434 0.043643
    24 3.859678 -0.132570 1.193109 0.455258 -0.194104 -0.841043
    25 1.312557 -0.000002 0.000001 0.000000 0.000000 -0.517222
    26 0.729365 0.000002 -0.000002 0.000000 0.000000 -0.174086
    27 3.942305 0.050327 0.431044 0.155591 -0.059656 -0.874369
    28 1.539099 -0.000002 0.000000 0.000000 0.000000 -0.247837
    29 1.196321 0.000008 0.000000 0.000000 0.000000 -0.751741
    30 3.883661 -0.050323 -0.431042 -0.079403 -0.041030 -0.763903
    31 1.719578 0.000004 0.000000 0.000000 -0.007973 -0.582418
    32 1.209185 0.000002 0.000000 0.000001 -0.004461 -0.471628
    33 3.859838 -0.148937 -1.331282 -0.350881 -0.029424 -0.716187
    34 1.719423 0.000002 0.000000 0.000001 -0.006611 -0.578953
    35 1.099667 0.000002 0.000000 0.000000 -0.004211 -0.597741
    36 0.806021 -0.359837 -1.318334 1.096823 0.367421 -1.417088
    37 1.789782 0.000000 -0.000004 0.000000 0.000000 0.265284
    38 1.206999 0.000003 0.000002 0.000000 0.000000 0.310702
    39 3.483999 -2.623365 0.559219 0.000000 0.000000 0.000000
    40 -29.453125 -11.093750 6.648438 0.000000 0.000000 0.000000
  time 96
    0 -0.999512 -0.744141 -9.226563 -1.570781 -1.391896 -1.570809
    1 2.033349 1.000767 1.937660 1.596637 -1.286515 2.942961
    2 6.028141 0.000000 0.000000 -1.578696 -0.408157 -1.282402
    3 11.692554 0.000001 0.000002 0.000000 0.000000 -1.224249
    4 11.481674 0.000001 -0.000032 1.573168 -0.028074 0.044378
    5 3.859709 -0.142404 -1.191975 -0.476793 0.134331 -0.965122
    6 1.312555 -0.000002 0.000001 0.000000 0.000000 -0.279217
    7 0.729363 -0.000002 -0.000002 0.000000 0.000000 -0.096880
    8 3.942335 0.046767 -0.431443 -0.145073 0.087435 -0.741654
    9 1.539097 0.000000 0.000000 0.000000 0.000000 -0.309339
    10 1.196326 -0.000002 -0.000001 0.000000 0.000000 -0.521230
    11 3.883696 -0.046765 0.431443 0.085902 0.021830 -0.587867
    12 1.719570 -0.000004 -0.000001 0.000000 0.005516 -0.366478
    13 1.209171 -0.000002 0.000000 0.000000 0.003084 -0.216400
    14 3.859865 -0.137947 1.332466 0.354449 -0.042750 -0.531718
    15 1.719429 0.000002 -0.000001 0.000000 0.004074 -0.363009
    16 1.099665 0.000000 0.000000 0.000000 0.002596 -0.244331
    17 0.806053 -0.348925 1.321258 -1.166382 -0.626621 -0.921969
    18 1.789780 -0.000002 0.000002 0.000000 0.000000 0.189105
    19 1.207006 0.000000 0.000000 0.000000 0.000000 0.306015
    20 2.033356 1.000772 -1.937610 -1.668474 1.286518 2.942953
    21 6.028144 0.000000 0.000000 1.789970 1.386399 -0.784407
    22 11.692554 0.000001 0.000003 0.000000 0.000000 -0.671067
    23 11.481697 0.000001 0.000002 -1.839251 0.008434 0.043643
    24 3.859678 -0.132570 1.193109 0.455270 -0.194104 -0.841056
    25 1.312557 -0.000002 0.000001 0.000000 0.000000 -0.517222
    26 0.729365 0.000002 -0.000002 0.000000 0.000000 -0.174086
    27 3.942305 0.050327 0.431044 0.155591 -0.059656 -0.874369
    28 1.539099 -0.000002 0.000000 0.000000 0.000000 -0.247837
    29 1.196321 0.000008 0.000000 0.000000 0.000000 -0.751741
    30 3.883661 -0.050323 -0.431042 -0.079403 -0.041030 -0.763903
    31 1.719578 0.000004 0.000000 0.000000 -0.007973 -0.582418
    32 1.209185 0.000002 0.000000 0.000001 -0.004461 -0.471628
    33 3.859838 -0.148937 -1.331282 -0.350881 -0.029424 -0.716187
    34 1.719423 0.000002 0.000000 0.000001 -0.006611 -0.578953
    35 1.099667 0.000002 0.000000 0.000000 -0.004211 -0.597741
    36 0.806021 -0.359837 -1.318334 1.096823 0.367421 -1.417088
    37 1.789782 0.000000 -0.000004 0.000000 0.000000 0.265284
    38 1.206999 0.000003 0.000002 0.000000 0.000000 0.310702
    39 3.483999 -2.623365 0.559219 0.000000 0.000000 0.000000
    40 -29.453125 -11.093750 6.648438 0.000000 0.000000 0.000000
  time 97
    0 -0.999512 -0.744141 -9.226563 -1.570781 -1.391896 -1.570809
    1 2.033349 1.000767 1.937660 1.596637 -1.286515 2.942961
    2 6.028141 0.000000 0.000000 -1.578696 -0.408157 -1.282402
    3 11.692554 0.000001 0.000002 0.000000 0.000000 -1.224249
    4 11.481674 0.000001 -0.000032 1.573168 -0.028074 0.044378
    5 3.859709 -0.142404 -1.191975 -0.476793 0.134331 -0.965122
    6 1.312555 -0.000002 0.000001 0.000000 0.000000 -0.279217
    7 0.729363 -0.000002 -0.000002 0.000000 0.000000 -0.096880
    8 3.942335 0.046767 -0.431443 -0.145073 0.087435 -0.741654
    9 1.539097 0.000000 0.000000 0.000000 0.000000 -0.309339
    10 1.196326 -0.000002 -0.000001 0.000000 0.000000 -0.521230
    11 3.883696 -0.046765 0.431443 0.085902 0.021830 -0.587867
    12 1.719570 -0.000004 -0.000001 0.000000 0.005516 -0.366478
    13 1.209171 -0.000002 0.000000 0.000000 0.003084 -0.216400
    14 3.859865 -0.137947 1.332466 0.354449 -0.042750 -0.531718
    15 1.719429 0.000002 -0.000001 0.000000 0.004074 -0.363009
    16 1.099665 0.000000 0.000000 0.000000 0.002596 -0.244331
    17 0.806053 -0.348925 1.321258 -1.166382 -0.626621 -0.921969
    18 1.789780 -0.000002 0.000002 0.000000 0.000000 0.189105
    19 1.207006 0.000000 0.000000 0.000000 0.000000 0.306015
    20 2.033356 1.000772 -1.937610 -1.668474 1.286518 2.942953
    21 6.028144 0.000000 0.000000 1.791098 1.386569 -0.783073
    22 11.692554 0.000001 0.000003 0.000000 0.000000 -0.670733
    23 11.481697 0.000001 0.000002 -1.839495 0.008434 0.043643
    24 3.859678 -0.132570 1.193109 0.455270 -0.194104 -0.841056
    25 1.312557 -0.000002 0.000001 0.000000 0.000000 -0.517222
    26 0.729365 0.000002 -0.000002 0.000000 0.000000 -0.174086
    27 3.942305 0.050327 0.431044 0.155591 -0.059656 -0.874369
    28 1.539099 -0.000002 0.000000 0.000000 0.000000 -0.247824
    29 1.196321 0.000008 0.000000 0.000000 0.000000 -0.751741
    30 3.883661 -0.050323 -0.431042 -0.079403 -0.041030 -0.763903
    31 1.719578 0.000004 0.000000 0.000000 -0.007973 -0.582418
    32 1.209185 0.000002 0.000000 0.000001 -0.004461 -0.471628
    33 3.859838 -0.148937 -1.331282 -0.350881 -0.029424 -0.716187
    34 1.719423 0.000002 0.000000 0.000001 -0.006611 -0.578953
    35 1.099667 0.000002 0.000000 0.000000 -0.004211 -0.597741
    36 0.806021 -0.359837 -1.318334 1.096823 0.367421 -1.417088
    37 1.789782 0.000000 -0.000004 0.000000 0.000000 0.265284
    38 1.206999 0.000003 0.000002 0.000000 0.000000 0.310702
    39 3.483999 -2.623365 0.559219 0.000000 0.000000 0.000000
    40 -29.453125 -11.093750 6.648438 0.000000 0.000000 0.000000
  time 98
    0 -0.999512 -0.744141 -9.226563 -1.570781 -1.391896 -1.570809
    1 2.033349 1.000767 1.937660 1.596637 -1.286515 2.942961
    2 6.028141 0.000000 0.000000 -1.578696 -0.408157 -1.282402
    3 11.692554 0.000001 0.000002 0.000000 0.000000 -1.224249
    4 11.481674 0.000001 -0.000032 1.573168 -0.028074 0.044378
    5 3.859709 -0.142404 -1.191975 -0.476793 0.134331 -0.965122
    6 1.312555 -0.000002 0.000001 0.000000 0.000000 -0.279217
    7 0.729363 -0.000002 -0.000002 0.000000 0.000000 -0.096880
    8 3.942335 0.046767 -0.431443 -0.145073 0.087435 -0.741654
    9 1.539097 0.000000 0.000000 0.000000 0.000000 -0.309339
    10 1.196326 -0.000002 -0.000001 0.000000 0.000000 -0.521230
    11 3.883696 -0.046765 0.431443 0.085902 0.021830 -0.587867
    12 1.719570 -0.000004 -0.000001 0.000000 0.005516 -0.366478
    13 1.209171 -0.000002 0.000000 0.000000 0.003084 -0.216400
    14 3.859865 -0.137947 1.332466 0.354449 -0.042750 -0.531718
    15 1.719429 0.000002 -0.000001 0.000000 0.004074 -0.363009
    16 1.099665 0.000000 0.000000 0.000000 0.002596 -0.244331
    17 0.806053 -0.348925 1.321258 -1.166382 -0.626621 -0.921969
    18 1.789780 -0.000002 0.000002 0.000000 0.000000 0.189105
    19 1.207006 0.000000 0.000000 0.000000 0.000000 0.306015
    20 2.033356 1.000772 -1.937610 -1.668474 1.286518 2.942953
    21 6.028144 0.000000 0.000000 1.791945 1.386697 -0.782047
    22 11.692554 0.000001 0.000003 0.000000 0.000000 -0.670446
    23 11.481697 0.000001 0.000002 -1.839677 0.008434 0.043643
    24 3.859678 -0.132570 1.193109 0.455270 -0.194104 -0.841056
    25 1.312557 -0.000002 0.000001 0.000000 0.000000 -0.517222
    26 0.729365 0.000002 -0.000002 0.000000 0.000000 -0.174086
    27 3.942305 0.050327 0.431044 0.155591 -0.059656 -0.874383
    28 1.539099 -0.000002 0.000000 0.000000 0.000000 -0.247837
    29 1.196321 0.000008 0.000000 0.000000 0.000000 -0.751741
    30 3.883661 -0.050323 -0.431042 -0.079403 -0.041030 -0.763903
    31 1.719578 0.000004 0.000000 0.000000 -0.007973 -0.582418
    32 1.209185 0.000002 0.000000 0.000001 -0.004461 -0.471628
    33 3.859838 -0.148937 -1.331282 -0.350881 -0.029424 -0.716187
    34 1.719423 0.000002 0.000000 0.000001 -0.006611 -0.578953
    35 1.099667 0.000002 0.000000 0.000000 -0.004211 -0.597741
    36 0.806021 -0.359837 -1.318334 1.096823 0.367421 -1.417088
    37 1.789782 0.000000 -0.000004 0.000000 0.000000 0.265284
    38 1.206999 0.000003 0.000002 0.000000 0.000000 0.310702
    39 3.483999 -2.623365 0.559219 0.000000 0.000000 0.000000
    40 -29.453125 -11.093750 6.648438 0.000000 0.000000 0.000000
  time 99
    0 -0.999512 -0.744141 -9.226563 -1.570781 -1.391896 -1.570809
    1 2.033349 1.000767 1.937660 1.596637 -1.286515 2.942961
    2 6.028141 0.000000 0.000000 -1.578696 -0.408157 -1.282402
    3 11.692554 0.000001 0.000002 0.000000 0.000000 -1.224249
    4 11.481674 0.000001 -0.000032 1.573168 -0.028074 0.044378
    5 3.859709 -0.142404 -1.191975 -0.476793 0.134331 -0.965122
    6 1.312555 -0.000002 0.000001 0.000000 0.000000 -0.279217
    7 0.729363 -0.000002 -0.000002 0.000000 0.000000 -0.096880
    8 3.942335 0.046767 -0.431443 -0.145073 0.087435 -0.741654
    9 1.539097 0.000000 0.000000 0.000000 0.000000 -0.309339
    10 1.196326 -0.000002 -0.000001 0.000000 0.000000 -0.521230
    11 3.883696 -0.046765 0.431443 0.085902 0.021830 -0.587867
    12 1.719570 -0.000004 -0.000001 0.000000 0.005516 -0.366478
    13 1.209171 -0.000002 0.000000 0.000000 0.003084 -0.216400
    14 3.859865 -0.137947 1.332466 0.354449 -0.042750 -0.531718
    15 1.719429 0.000002 -0.000001 0.000000 0.004074 -0.363009
    16 1.099665 0.000000 0.000000 0.000000 0.002596 -0.244331
    17 0.806053 -0.348925 1.321258 -1.166382 -0.626621 -0.921969
    18 1.789780 -0.000002 0.000002 0.000000 0.000000 0.189105
    19 1.207006 0.000000 0.000000 0.000000 0.000000 0.306015
    20 2.033356 1.000772 -1.937610 -1.668474 1.286518 2.942953
    21 6.028144 0.000000 0.000000 1.792509 1.386782 -0.781431
    22 11.692554 0.000001 0.000003 0.000000 0.000000 -0.670302
    23 11.481697 0.000001 0.000002 -1.839799 0.008434 0.043643
    24 3.859678 -0.132570 1.193109 0.455270 -0.194104 -0.841056
    25 1.312557 -0.000002 0.000001 0.000000 0.000000 -0.517222
    26 0.729365 0.000002 -0.000002 0.000000 0.000000 -0.174086
    27 3.942305 0.050327 0.431044 0.155591 -0.059656 -0.874383
    28 1.539099 -0.000002 0.000000 0.000000 0.000000 -0.247824
    29 1.196321 0.000008 0.000000 0.000000 0.000000 -0.751741
    30 3.883661 -0.050323 -0.431042 -0.079403 -0.041030 -0.763903
    31 1.719578 0.000004 0.000000 0.000000 -0.007973 -0.582418
    32 1.209185 0.000002 0.000000 0.000001 -0.004461 -0.471628
    33 3.859838 -0.148937 -1.331282 -0.350881 -0.029424 -0.716187
    34 1.719423 0.000002 0.000000 0.000001 -0.006611 -0.578953
    35 1.099667 0.000002 0.000000 0.000000 -0.004211 -0.597741
    36 0.806021 -0.359837 -1.318334 1.096823 0.367421 -1.417088
    37 1.789782 0.000000 -0.000004 0.000000 0.000000 0.265284
    38 1.206999 0.000003 0.000002 0.000000 0.000000 0.310702
    39 3.483999 -2.623365 0.559219 0.000000 0.000000 0.000000
    40 -29.453125 -11.093750 6.648438 0.000000 0.000000 0.000000
  time 100
    0 -0.999512 -0.744141 -9.226563 -1.570781 -1.391896 -1.570809
    1 2.033349 1.000767 1.937660 1.596637 -1.286515 2.942961
    2 6.028141 0.000000 0.000000 -1.578696 -0.408157 -1.282402
    3 11.692554 0.000001 0.000002 0.000000 0.000000 -1.224249
    4 11.481674 0.000001 -0.000032 1.573168 -0.028074 0.044378
    5 3.859709 -0.142404 -1.191975 -0.476793 0.134331 -0.965122
    6 1.312555 -0.000002 0.000001 0.000000 0.000000 -0.279217
    7 0.729363 -0.000002 -0.000002 0.000000 0.000000 -0.096880
    8 3.942335 0.046767 -0.431443 -0.145073 0.087435 -0.741654
    9 1.539097 0.000000 0.000000 0.000000 0.000000 -0.309339
    10 1.196326 -0.000002 -0.000001 0.000000 0.000000 -0.521230
    11 3.883696 -0.046765 0.431443 0.085902 0.021830 -0.587867
    12 1.719570 -0.000004 -0.000001 0.000000 0.005516 -0.366478
    13 1.209171 -0.000002 0.000000 0.000000 0.003084 -0.216400
    14 3.859865 -0.137947 1.332466 0.354449 -0.042750 -0.531718
    15 1.719429 0.000002 -0.000001 0.000000 0.004074 -0.363009
    16 1.099665 0.000000 0.000000 0.000000 0.002596 -0.244331
    17 0.806053 -0.348925 1.321258 -1.166382 -0.626621 -0.921969
    18 1.789780 -0.000002 0.000002 0.000000 0.000000 0.189105
    19 1.207006 0.000000 0.000000 0.000000 0.000000 0.306015
    20 2.033356 1.000772 -1.937610 -1.668474 1.286518 2.942953
    21 6.028144 0.000000 0.000000 1.792697 1.386825 -0.781175
    22 11.692554 0.000001 0.000003 0.000000 0.000000 -0.670207
    23 11.481697 0.000001 0.000002 -1.839830 0.008434 0.043643
    24 3.859678 -0.132570 1.193109 0.455258 -0.194140 -0.840956
    25 1.312557 -0.000002 0.000001 0.000000 0.000000 -0.517222
    26 0.729365 0.000002 -0.000002 0.000000 0.000000 -0.174086
    27 3.942305 0.050327 0.431044 0.155567 -0.059716 -0.874006
    28 1.539099 -0.000002 0.000000 0.000000 0.000000 -0.247824
    29 1.196321 0.000008 0.000000 0.000000 0.000000 -0.751741
    30 3.883661 -0.050323 -0.431042 -0.079403 -0.041030 -0.763903
    31 1.719578 0.000004 0.000000 0.000000 -0.007973 -0.582418
    32 1.209185 0.000002 0.000000 0.000001 -0.004461 -0.471628
    33 3.859838 -0.148937 -1.331282 -0.350881 -0.029424 -0.716187
    34 1.719423 0.000002 0.000000 0.000001 -0.006611 -0.578953
    35 1.099667 0.000002 0.000000 0.000000 -0.004211 -0.597741
    36 0.806021 -0.359837 -1.318334 1.096823 0.367421 -1.417088
    37 1.789782 0.000000 -0.000004 0.000000 0.000000 0.265284
    38 1.206999 0.000003 0.000002 0.000000 0.000000 0.310702
    39 3.483999 -2.623365 0.559219 0.000000 0.000000 0.000000
    40 -29.453125 -11.093750 6.648438 0.000000 0.000000 0.000000
end
