version 1
nodes
0 "ValveBiped" -1
1 "ValveBiped.Bip01" 0
2 "ValveBiped.Bip01_Spine" 1
3 "ValveBiped.Bip01_Spine1" 2
4 "ValveBiped.Bip01_Spine2" 3
5 "ValveBiped.Bip01_Spine4" 4
6 "ValveBiped.Bip01_L_Clavicle" 5
7 "ValveBiped.Bip01_L_UpperArm" 6
8 "ValveBiped.Bip01_L_Forearm" 7
9 "ValveBiped.Bip01_L_Hand" 8
10 "ValveBiped.Bip01_L_Finger4" 9
11 "ValveBiped.Bip01_L_Finger41" 10
12 "ValveBiped.Bip01_L_Finger42" 11
13 "ValveBiped.Bip01_L_Finger3" 9
14 "ValveBiped.Bip01_L_Finger31" 13
15 "ValveBiped.Bip01_L_Finger32" 14
16 "ValveBiped.Bip01_L_Finger2" 9
17 "ValveBiped.Bip01_L_Finger21" 16
18 "ValveBiped.Bip01_L_Finger22" 17
19 "ValveBiped.Bip01_L_Finger1" 9
20 "ValveBiped.Bip01_L_Finger11" 19
21 "ValveBiped.Bip01_L_Finger12" 20
22 "ValveBiped.Bip01_L_Finger0" 9
23 "ValveBiped.Bip01_L_Finger01" 22
24 "ValveBiped.Bip01_L_Finger02" 23
25 "ValveBiped.Bip01_R_Clavicle" 5
26 "ValveBiped.Bip01_R_UpperArm" 25
27 "ValveBiped.Bip01_R_Forearm" 26
28 "ValveBiped.Bip01_R_Hand" 27
29 "ValveBiped.Bip01_R_Finger4" 28
30 "ValveBiped.Bip01_R_Finger41" 29
31 "ValveBiped.Bip01_R_Finger42" 30
32 "ValveBiped.Bip01_R_Finger3" 28
33 "ValveBiped.Bip01_R_Finger31" 32
34 "ValveBiped.Bip01_R_Finger32" 33
35 "ValveBiped.Bip01_R_Finger2" 28
36 "ValveBiped.Bip01_R_Finger21" 35
37 "ValveBiped.Bip01_R_Finger22" 36
38 "ValveBiped.Bip01_R_Finger1" 28
39 "ValveBiped.Bip01_R_Finger11" 38
40 "ValveBiped.Bip01_R_Finger12" 39
41 "ValveBiped.Bip01_R_Finger0" 28
42 "ValveBiped.Bip01_R_Finger01" 41
43 "ValveBiped.Bip01_R_Finger02" 42
44 "ValveBiped.Grenade_body" 28
end
skeleton
time 0
0  0.000000 0.000000 0.000000  1.570796 -0.000000 0.000000
1  -0.000005 38.566914 4.614095  0.000000 -0.000000 0.000000
2  0.000005 3.345127 -2.981901  1.570796 0.086299 1.570796
3  4.018335 0.000025 -0.000000  -0.000000 -0.000000 -0.029240
4  3.518569 0.000013 -0.000001  0.000000 -0.000000 0.100335
5  8.942636 0.000043 -0.000002  0.000000 0.000000 0.194108
6  2.033355 1.000753 1.937660  -1.544954 -1.855078 -0.198641
7  6.028149 0.000008 -0.000006  -1.578698 -0.408152 -1.282403
8  11.692558 -0.000074 -0.000001  -0.000001 -0.000001 -1.224261
9  11.481677 0.000032 -0.000046  1.573181 -0.028074 0.044391
10  3.859716 -0.142419 -1.191941  -0.476792 0.134326 -0.965124
11  1.312562 -0.000006 0.000010  -0.000009 -0.000023 -0.279218
12  0.729363 -0.000000 -0.000012  0.000005 0.000014 -0.096882
13  3.942331 0.046764 -0.431414  -0.145083 0.087409 -0.741649
14  1.539096 -0.000006 -0.000023  0.000001 0.000013 -0.309342
15  1.196323 -0.000004 -0.000007  -0.000009 -0.000020 -0.521233
16  3.883689 -0.046770 0.431476  0.085898 0.021816 -0.587869
17  1.719576 0.000002 -0.000002  0.000006 0.005535 -0.366476
18  1.209184 -0.000000 0.000017  -0.000013 0.003018 -0.216403
19  3.859851 -0.137939 1.332503  0.354444 -0.042764 -0.531719
20  1.719432 -0.000004 -0.000002  0.000009 0.004097 -0.363011
21  1.099667 0.000001 0.000024  -0.000001 0.002582 -0.244329
22  0.806038 -0.348912 1.321266  -1.166380 -0.626631 -0.921976
23  1.789785 -0.000002 0.000007  0.000002 -0.000008 0.189100
24  1.207001 0.000009 -0.000005  -0.000001 0.000002 0.306020
25  2.033363 1.000758 -1.937611  1.473129 1.855072 -0.198637
26  6.028144 -0.000007 -0.000019  1.601029 1.377997 -1.538095
27  11.692558 -0.000027 0.000018  -0.000004 -0.000005 -0.324208
28  11.481703 -0.000009 -0.000031  -1.839859 0.008437 0.043622
29  3.859679 -0.132573 1.193092  0.455133 -0.194544 -0.840200
30  1.312565 -0.000003 -0.000012  -0.000008 0.000005 -0.517226
31  0.729366 -0.000000 -0.000009  0.000013 0.000020 -0.174086
32  3.942298 0.050326 0.431029  0.155406 -0.060214 -0.870819
33  1.539100 0.000003 -0.000011  -0.000006 -0.000024 -0.247831
34  1.196325 -0.000003 -0.000037  -0.000022 0.000067 -0.751745
35  3.883656 -0.050328 -0.431055  -0.079396 -0.041011 -0.763905
36  1.719576 -0.000001 0.000028  0.000000 -0.008011 -0.582420
37  1.209185 -0.000000 -0.000016  -0.000014 -0.004386 -0.471633
38  3.859822 -0.148933 -1.331297  -0.350879 -0.029415 -0.716186
39  1.719426 -0.000008 0.000007  -0.000002 -0.006630 -0.578959
40  1.099668 -0.000001 -0.000020  -0.000009 -0.004184 -0.597740
41  0.806009 -0.359831 -1.318337  1.077475 0.370921 -1.447502
42  1.789786 0.000010 0.000014  0.000003 -0.000010 0.265292
43  1.207003 -0.000001 -0.000001  -0.000000 0.000000 0.310702
44  3.484002 -2.623373 0.559198  0.000000 -0.000000 0.000000
end
triangles
combine_gun002
0  -1.059321 -32.182426 23.477659  0.328529 -0.504888 0.798221  0.300179 0.570584 1 28 1.000000
0  -0.321968 -32.389988 23.042892  0.328529 -0.504888 0.798221  0.275671 0.579463 1 28 1.000000
0  -0.711567 -31.829697 23.557642  0.328529 -0.504888 0.798221  0.289469 0.558441 1 28 1.000000
combine_gun002
0  -5.732418 -22.219702 24.630299  0.000000 0.998664 -0.051683  0.378346 0.257225 1 28 1.000000
0  -6.844202 -22.265692 27.512693  0.000000 0.999901 0.014035  0.339928 0.268641 1 28 1.000000
0  -5.814276 -22.265692 27.512693  0.000000 0.999901 0.014035  0.339928 0.257420 1 28 1.000000
combine_gun002
0  -5.732418 -22.219702 24.630299  0.000000 0.998664 -0.051683  0.378346 0.257225 1 28 1.000000
0  -6.926060 -22.219702 24.630299  0.000000 0.998664 -0.051680  0.378346 0.268836 1 28 1.000000
0  -6.844202 -22.265692 27.512693  0.000000 0.999901 0.014035  0.339928 0.268641 1 28 1.000000
combine_gun002
0  -5.732418 -22.219702 24.630299  0.000000 0.998664 -0.051683  0.378346 0.257225 1 28 1.000000
0  -6.533836 -24.032618 9.498892  0.000000 0.992899 -0.118960  0.580879 0.200995 1 28 1.000000
0  -6.926060 -22.219702 24.630299  0.000000 0.998664 -0.051680  0.378346 0.183429 1 28 1.000000
combine_gun002
0  -5.732418 -22.219702 24.630299  0.000000 0.998664 -0.051683  0.378346 0.257225 1 28 1.000000
0  -6.124642 -24.032618 9.498892  0.000000 0.992899 -0.118960  0.580879 0.239660 1 28 1.000000
0  -6.533836 -24.032618 9.498892  0.000000 0.992899 -0.118960  0.580879 0.200995 1 28 1.000000
combine_gun002
0  -12.578435 -32.296070 13.703389  0.132328 -0.989665 -0.055242  0.696403 0.342651 1 28 1.000000
0  -12.727969 -31.959820 11.529213  0.132352 -0.989654 -0.055387  0.647594 0.332884 1 28 1.000000
0  -12.379431 -32.027145 11.485713  0.132338 -0.989660 -0.055320  0.648285 0.327351 1 28 1.000000
combine_gun002
0  -12.578435 -32.296070 13.703389  0.132328 -0.989665 -0.055242  0.696403 0.342651 1 28 1.000000
0  -12.379431 -32.027145 11.485713  0.132338 -0.989660 -0.055320  0.648285 0.327351 1 28 1.000000
0  -12.229897 -32.363388 13.659890  0.132368 -0.989659 -0.055257  0.697094 0.337118 1 28 1.000000
combine_gun002
0  -12.578435 -32.296070 13.703389  0.132328 -0.989665 -0.055242  0.696403 0.342651 1 28 1.000000
0  -12.229897 -32.363388 13.659890  0.132368 -0.989659 -0.055257  0.697094 0.337118 1 28 1.000000
0  -9.864855 -31.932678 22.002407  0.132537 -0.989637 -0.055259  0.892415 0.319722 1 28 1.000000
combine_gun002
0  -12.578435 -32.296070 13.703389  0.132328 -0.989665 -0.055242  0.696403 0.342651 1 28 1.000000
0  -9.864855 -31.932678 22.002407  0.132537 -0.989637 -0.055259  0.892415 0.319722 1 28 1.000000
0  -9.833485 -32.225872 23.431839  0.132710 -0.989608 -0.055358  0.924207 0.328297 1 28 1.000000
combine_gun002
0  -9.833485 -32.225872 23.431839  0.132710 -0.989608 -0.055358  0.924207 0.328297 1 28 1.000000
0  -10.602210 -32.140247 21.567636  0.132537 -0.989638 -0.055236  0.879392 0.334099 1 28 1.000000
0  -12.578435 -32.296070 13.703389  0.132328 -0.989665 -0.055242  0.696403 0.342651 1 28 1.000000
combine_gun002
0  -9.833485 -32.225872 23.431839  0.132710 -0.989608 -0.055358  0.924207 0.328297 1 28 1.000000
0  -10.570839 -32.433437 22.997072  0.132670 -0.989613 -0.055362  0.911184 0.342674 1 28 1.000000
0  -10.602210 -32.140247 21.567636  0.132537 -0.989638 -0.055236  0.879392 0.334099 1 28 1.000000
combine_gun002
0  -11.678464 -31.626480 13.699107  0.690773 0.710944 -0.131875  0.311110 0.749721 1 28 1.000000
0  -11.956586 -31.416267 11.521656  0.709380 0.704464 -0.022596  0.308295 0.718043 1 28 1.000000
0  -12.107346 -31.263344 11.556330  0.709379 0.704465 -0.022595  0.311422 0.717775 1 28 1.000000
combine_gun002
0  -11.678464 -31.626480 13.699107  0.690773 0.710944 -0.131875  0.311110 0.749721 1 28 1.000000
0  -12.107346 -31.263344 11.556330  0.709379 0.704465 -0.022595  0.311422 0.717775 1 28 1.000000
0  -11.829226 -31.473564 13.733781  0.690739 0.710948 -0.132031  0.314236 0.749453 1 28 1.000000
combine_gun002
0  -9.163391 -31.092926 22.240383  0.704192 0.707574 -0.058751  0.321807 0.875431 1 28 1.000000
0  -11.678464 -31.626480 13.699107  0.690773 0.710944 -0.131875  0.311110 0.749721 1 28 1.000000
0  -11.829226 -31.473564 13.733781  0.690739 0.710948 -0.132031  0.314236 0.749453 1 28 1.000000
combine_gun002
0  -9.163391 -31.092926 22.240383  0.704192 0.707574 -0.058751  0.321807 0.875431 1 28 1.000000
0  -11.829226 -31.473564 13.733781  0.690739 0.710948 -0.132031  0.314236 0.749453 1 28 1.000000
0  -9.314152 -30.940006 22.275057  0.704179 0.707580 -0.058837  0.324934 0.875163 1 28 1.000000
combine_gun002
0  -9.282782 -31.233196 23.704491  0.720531 0.682224 0.124118  0.326708 0.895827 1 28 1.000000
0  -9.163391 -31.092926 22.240383  0.704192 0.707574 -0.058751  0.321807 0.875431 1 28 1.000000
0  -9.314152 -30.940006 22.275057  0.704179 0.707580 -0.058837  0.324934 0.875163 1 28 1.000000
combine_gun002
0  -9.282782 -31.233196 23.704491  0.720531 0.682224 0.124118  0.326708 0.895827 1 28 1.000000
0  -9.132021 -31.386112 23.669815  0.720531 0.682224 0.124118  0.323581 0.896095 1 28 1.000000
0  -9.163391 -31.092926 22.240383  0.704192 0.707574 -0.058751  0.321807 0.875431 1 28 1.000000
combine_gun002
0  -9.833485 -32.225872 23.431839  -0.030107 -0.249168 0.967992  0.298264 0.385029 1 28 1.000000
0  -9.282782 -31.233196 23.704491  -0.030102 -0.249172 0.967991  0.257434 0.367640 1 28 1.000000
0  -10.181240 -31.873138 23.511818  -0.030108 -0.249167 0.967992  0.299969 0.366033 1 28 1.000000
combine_gun002
0  -9.833485 -32.225872 23.431839  -0.030107 -0.249168 0.967992  0.298264 0.385029 1 28 1.000000
0  -9.132021 -31.386112 23.669815  -0.030100 -0.249174 0.967991  0.256695 0.375875 1 28 1.000000
0  -9.282782 -31.233196 23.704491  -0.030102 -0.249172 0.967991  0.257434 0.367640 1 28 1.000000
combine_gun002
0  -12.229897 -32.363388 13.659890  0.795072 -0.581529 -0.172294  0.697094 0.337118 1 28 1.000000
0  -12.379431 -32.027145 11.485713  0.805093 -0.573568 -0.151149  0.648285 0.327351 1 28 1.000000
0  -11.956586 -31.416267 11.521656  0.805085 -0.573577 -0.151156  0.650931 0.311832 1 28 1.000000
combine_gun002
0  -12.229897 -32.363388 13.659890  0.795072 -0.581529 -0.172294  0.697094 0.337118 1 28 1.000000
0  -11.956586 -31.416267 11.521656  0.805085 -0.573577 -0.151156  0.650931 0.311832 1 28 1.000000
0  -11.678464 -31.626480 13.699107  0.794988 -0.581673 -0.172192  0.700389 0.317639 1 28 1.000000
combine_gun002
0  -9.864855 -31.932678 22.002407  0.782059 -0.600194 -0.167781  0.892415 0.319722 1 28 1.000000
0  -12.229897 -32.363388 13.659890  0.795072 -0.581529 -0.172294  0.697094 0.337118 1 28 1.000000
0  -11.678464 -31.626480 13.699107  0.794988 -0.581673 -0.172192  0.700389 0.317639 1 28 1.000000
combine_gun002
0  -9.864855 -31.932678 22.002407  0.782059 -0.600194 -0.167781  0.892415 0.319722 1 28 1.000000
0  -11.678464 -31.626480 13.699107  0.794988 -0.581673 -0.172192  0.700389 0.317639 1 28 1.000000
0  -9.163391 -31.092926 22.240383  0.782087 -0.600159 -0.167777  0.900783 0.296923 1 28 1.000000
combine_gun002
0  -9.163391 -31.092926 22.240383  0.782087 -0.600159 -0.167777  0.900783 0.296923 1 28 1.000000
0  -9.833485 -32.225872 23.431839  0.779131 -0.610492 -0.142317  0.924207 0.328297 1 28 1.000000
0  -9.864855 -31.932678 22.002407  0.782059 -0.600194 -0.167781  0.892415 0.319722 1 28 1.000000
combine_gun002
0  -9.163391 -31.092926 22.240383  0.782087 -0.600159 -0.167777  0.900783 0.296923 1 28 1.000000
0  -9.132021 -31.386112 23.669815  0.779132 -0.610491 -0.142317  0.932575 0.305498 1 28 1.000000
0  -9.833485 -32.225872 23.431839  0.779131 -0.610492 -0.142317  0.924207 0.328297 1 28 1.000000
combine_gun002
0  -12.379431 -32.027145 11.485713  -0.098768 0.126440 -0.987045  0.142499 0.622245 1 28 1.000000
0  -12.727969 -31.959820 11.529213  -0.098778 0.126442 -0.987044  0.153354 0.619377 1 28 1.000000
0  -12.727186 -31.674412 11.565696  -0.098770 0.126441 -0.987045  0.152968 0.610373 1 28 1.000000
combine_gun002
0  -12.107346 -31.263344 11.556330  -0.098760 0.126439 -0.987046  0.132989 0.598728 1 28 1.000000
0  -12.379431 -32.027145 11.485713  -0.098768 0.126440 -0.987045  0.142499 0.622245 1 28 1.000000
0  -12.727186 -31.674412 11.565696  -0.098770 0.126441 -0.987045  0.152968 0.610373 1 28 1.000000
combine_gun002
0  -12.107346 -31.263344 11.556330  -0.098760 0.126439 -0.987046  0.132989 0.598728 1 28 1.000000
0  -11.956586 -31.416267 11.521656  -0.098756 0.126438 -0.987046  0.128450 0.603875 1 28 1.000000
0  -12.379431 -32.027145 11.485713  -0.098768 0.126440 -0.987045  0.142499 0.622245 1 28 1.000000
combine_gun002
0  -9.314152 -30.940006 22.275057  -0.591209 0.792665 0.148844  0.141668 0.221796 1 28 1.000000
0  -12.577652 -32.010658 13.739869  -0.573926 0.806760 0.140521  0.314942 0.250757 1 28 1.000000
0  -10.212610 -31.579948 22.082386  -0.773481 0.610414 0.170649  0.149124 0.240837 1 28 1.000000
combine_gun002
0  -9.314152 -30.940006 22.275057  -0.591209 0.792665 0.148844  0.141668 0.221796 1 28 1.000000
0  -11.829226 -31.473564 13.733781  -0.573900 0.806782 0.140504  0.311849 0.234400 1 28 1.000000
0  -12.577652 -32.010658 13.739869  -0.573926 0.806760 0.140521  0.314942 0.250757 1 28 1.000000
combine_gun002
0  -11.829226 -31.473564 13.733781  -0.573900 0.806782 0.140504  0.311849 0.234400 1 28 1.000000
0  -12.727186 -31.674412 11.565696  -0.561288 0.812555 0.157195  0.356104 0.241355 1 28 1.000000
0  -12.577652 -32.010658 13.739869  -0.573926 0.806760 0.140521  0.314942 0.250757 1 28 1.000000
combine_gun002
0  -11.829226 -31.473564 13.733781  -0.573900 0.806782 0.140504  0.311849 0.234400 1 28 1.000000
0  -12.107346 -31.263344 11.556330  -0.561301 0.812546 0.157197  0.353639 0.228331 1 28 1.000000
0  -12.727186 -31.674412 11.565696  -0.561288 0.812555 0.157195  0.356104 0.241355 1 28 1.000000
combine_gun002
0  -10.181240 -31.873138 23.511818  -0.744628 0.650463 0.149760  0.122360 0.248861 1 28 1.000000
0  -9.282782 -31.233196 23.704491  -0.595779 0.784095 0.173901  0.114904 0.229820 1 28 1.000000
0  -9.314152 -30.940006 22.275057  -0.591209 0.792665 0.148844  0.141668 0.221796 1 28 1.000000
combine_gun002
0  -10.181240 -31.873138 23.511818  -0.744628 0.650463 0.149760  0.122360 0.248861 1 28 1.000000
0  -9.314152 -30.940006 22.275057  -0.591209 0.792665 0.148844  0.141668 0.221796 1 28 1.000000
0  -10.212610 -31.579948 22.082386  -0.773481 0.610414 0.170649  0.149124 0.240837 1 28 1.000000
combine_gun002
0  -10.212610 -31.579948 22.082386  -0.773481 0.610414 0.170649  0.149124 0.240837 1 28 1.000000
0  -10.570839 -32.433437 22.997072  -0.863242 0.490432 0.119539  0.133798 0.260466 1 28 1.000000
0  -10.181240 -31.873138 23.511818  -0.744628 0.650463 0.149760  0.122360 0.248861 1 28 1.000000
combine_gun002
0  -10.212610 -31.579948 22.082386  -0.773481 0.610414 0.170649  0.149124 0.240837 1 28 1.000000
0  -10.602210 -32.140247 21.567636  -0.904850 0.385306 0.181070  0.160563 0.252442 1 28 1.000000
0  -10.570839 -32.433437 22.997072  -0.863242 0.490432 0.119539  0.133798 0.260466 1 28 1.000000
combine_gun002
0  -12.577652 -32.010658 13.739869  -0.978415 0.135686 0.155865  0.314942 0.250757 1 28 1.000000
0  -10.602210 -32.140247 21.567636  -0.904850 0.385306 0.181070  0.160563 0.252442 1 28 1.000000
0  -10.212610 -31.579948 22.082386  -0.773481 0.610414 0.170649  0.149124 0.240837 1 28 1.000000
combine_gun002
0  -12.577652 -32.010658 13.739869  -0.978415 0.135686 0.155865  0.314942 0.250757 1 28 1.000000
0  -12.578435 -32.296070 13.703389  -0.978419 0.135689 0.155838  0.315758 0.255182 1 28 1.000000
0  -10.602210 -32.140247 21.567636  -0.904850 0.385306 0.181070  0.160563 0.252442 1 28 1.000000
combine_gun002
0  -12.727186 -31.674412 11.565696  -0.997688 -0.005923 0.067703  0.356104 0.241355 1 28 1.000000
0  -12.578435 -32.296070 13.703389  -0.978419 0.135689 0.155838  0.315758 0.255182 1 28 1.000000
0  -12.577652 -32.010658 13.739869  -0.978415 0.135686 0.155865  0.314942 0.250757 1 28 1.000000
combine_gun002
0  -12.727186 -31.674412 11.565696  -0.997688 -0.005923 0.067703  0.356104 0.241355 1 28 1.000000
0  -12.727969 -31.959820 11.529213  -0.997688 -0.005924 0.067702  0.356920 0.245780 1 28 1.000000
0  -12.578435 -32.296070 13.703389  -0.978419 0.135689 0.155838  0.315758 0.255182 1 28 1.000000
combine_gun002
0  -10.181240 -31.873138 23.511818  -0.328534 -0.504889 0.798218  0.299969 0.366033 1 28 1.000000
0  -10.570839 -32.433437 22.997072  -0.328534 -0.504889 0.798218  0.327724 0.376376 1 28 1.000000
0  -9.833485 -32.225872 23.431839  -0.328534 -0.504889 0.798218  0.298264 0.385029 1 28 1.000000
combine_gun002
0  -0.290598 -32.096798 21.613459  -0.132712 -0.989611 -0.055303  0.699705 0.295855 1 28 1.000000
0  -0.321968 -32.389988 23.042892  -0.132711 -0.989606 -0.055382  0.668595 0.306416 1 28 1.000000
0  -1.059321 -32.182426 23.477659  -0.132671 -0.989613 -0.055354  0.654713 0.292928 1 28 1.000000
combine_gun002
0  -0.290598 -32.096798 21.613459  -0.132712 -0.989611 -0.055303  0.699705 0.295855 1 28 1.000000
0  -1.059321 -32.182426 23.477659  -0.132671 -0.989613 -0.055354  0.654713 0.292928 1 28 1.000000
0  -1.027952 -31.889236 22.048227  -0.132702 -0.989609 -0.055358  0.685824 0.282366 1 28 1.000000
combine_gun002
0  -0.290598 -32.096798 21.613459  -0.132712 -0.989611 -0.055303  0.699705 0.295855 1 28 1.000000
0  -1.027952 -31.889236 22.048227  -0.132702 -0.989609 -0.055358  0.685824 0.282366 1 28 1.000000
0  1.337091 -32.319946 13.705710  -0.132324 -0.989665 -0.055254  0.881420 0.287261 1 28 1.000000
combine_gun002
0  1.337091 -32.319946 13.705710  -0.132324 -0.989665 -0.055254  0.881420 0.287261 1 28 1.000000
0  1.685628 -32.252628 13.749209  -0.132328 -0.989664 -0.055266  0.882459 0.292726 1 28 1.000000
0  -0.290598 -32.096798 21.613459  -0.132712 -0.989611 -0.055303  0.699705 0.295855 1 28 1.000000
combine_gun002
0  1.337091 -32.319946 13.705710  -0.132324 -0.989665 -0.055254  0.881420 0.287261 1 28 1.000000
0  1.835161 -31.916378 11.575036  -0.132343 -0.989662 -0.055270  0.930439 0.279895 1 28 1.000000
0  1.685628 -32.252628 13.749209  -0.132328 -0.989664 -0.055266  0.882459 0.292726 1 28 1.000000
combine_gun002
0  1.337091 -32.319946 13.705710  -0.132324 -0.989665 -0.055254  0.881420 0.287261 1 28 1.000000
0  1.486623 -31.983696 11.531536  -0.132359 -0.989656 -0.055333  0.929400 0.274430 1 28 1.000000
0  1.835161 -31.916378 11.575036  -0.132343 -0.989662 -0.055270  0.930439 0.279895 1 28 1.000000
combine_gun002
0  -0.711567 -31.829697 23.557642  0.030104 -0.249174 0.967991  0.289469 0.558441 1 28 1.000000
0  -1.760787 -31.342670 23.715639  0.030105 -0.249169 0.967992  0.324027 0.543438 1 28 1.000000
0  -1.059321 -32.182426 23.477659  0.030104 -0.249175 0.967990  0.300179 0.570584 1 28 1.000000
combine_gun002
0  -0.711567 -31.829697 23.557642  0.030104 -0.249174 0.967991  0.289469 0.558441 1 28 1.000000
0  -1.610026 -31.189754 23.750311  0.030105 -0.249167 0.967993  0.319384 0.538173 1 28 1.000000
0  -1.760787 -31.342670 23.715639  0.030105 -0.249169 0.967992  0.324027 0.543438 1 28 1.000000
combine_gun002
0  0.785657 -31.583035 13.744929  -0.795004 -0.581635 -0.172248  0.876899 0.268073 1 28 1.000000
0  1.063779 -31.372818 11.567477  -0.805076 -0.573593 -0.151137  0.925777 0.259144 1 28 1.000000
0  1.486623 -31.983696 11.531536  -0.805082 -0.573586 -0.151136  0.929400 0.274430 1 28 1.000000
combine_gun002
0  0.785657 -31.583035 13.744929  -0.795004 -0.581635 -0.172248  0.876899 0.268073 1 28 1.000000
0  1.486623 -31.983696 11.531536  -0.805082 -0.573586 -0.151136  0.929400 0.274430 1 28 1.000000
0  1.337091 -32.319946 13.705710  -0.794984 -0.581699 -0.172124  0.881420 0.287261 1 28 1.000000
combine_gun002
0  -1.729416 -31.049477 22.286205  -0.782080 -0.600173 -0.167760  0.676040 0.260197 1 28 1.000000
0  0.785657 -31.583035 13.744929  -0.795004 -0.581635 -0.172248  0.876899 0.268073 1 28 1.000000
0  1.337091 -32.319946 13.705710  -0.794984 -0.581699 -0.172124  0.881420 0.287261 1 28 1.000000
combine_gun002
0  -1.729416 -31.049477 22.286205  -0.782080 -0.600173 -0.167760  0.676040 0.260197 1 28 1.000000
0  1.337091 -32.319946 13.705710  -0.794984 -0.581699 -0.172124  0.881420 0.287261 1 28 1.000000
0  -1.027952 -31.889236 22.048227  -0.782085 -0.600168 -0.167752  0.685824 0.282366 1 28 1.000000
combine_gun002
0  -1.027952 -31.889236 22.048227  -0.782085 -0.600168 -0.167752  0.685824 0.282366 1 28 1.000000
0  -1.760787 -31.342670 23.715639  -0.779131 -0.610492 -0.142316  0.644929 0.270758 1 28 1.000000
0  -1.729416 -31.049477 22.286205  -0.782080 -0.600173 -0.167760  0.676040 0.260197 1 28 1.000000
combine_gun002
0  -1.027952 -31.889236 22.048227  -0.782085 -0.600168 -0.167752  0.685824 0.282366 1 28 1.000000
0  -1.059321 -32.182426 23.477659  -0.779130 -0.610494 -0.142314  0.654713 0.292928 1 28 1.000000
0  -1.760787 -31.342670 23.715639  -0.779131 -0.610492 -0.142316  0.644929 0.270758 1 28 1.000000
combine_gun002
0  -6.641695 -36.104263 46.300079  -0.840901 -0.541189 0.000000  0.180450 0.612349 1 28 1.000000
0  -5.684477 -37.591591 64.204384  -0.840901 -0.541189 0.000000  0.203790 0.913492 1 28 1.000000
0  -6.641695 -36.104263 66.311920  -0.840901 -0.541189 0.000000  0.180450 0.946943 1 28 1.000000
combine_gun002
0  -6.641695 -36.104263 46.300079  -0.840901 -0.541189 0.000000  0.180450 0.612349 1 28 1.000000
0  -5.684477 -37.591591 46.300079  -0.840901 -0.541189 0.000000  0.203790 0.614136 1 28 1.000000
0  -5.684477 -37.591591 64.204384  -0.840901 -0.541189 0.000000  0.203790 0.913492 1 28 1.000000
combine_gun002
0  -3.736454 -36.104263 46.300079  1.000000 -0.000000 0.000000  0.288945 0.611850 1 28 1.000000
0  -3.736454 -27.141497 67.602867  1.000000 -0.000000 0.000000  0.438887 0.967979 1 28 1.000000
0  -3.736454 -36.104263 66.311920  1.000000 -0.000000 0.000000  0.288945 0.947375 1 28 1.000000
combine_gun002
0  -3.736454 -36.104263 46.300079  1.000000 -0.000000 0.000000  0.288945 0.611850 1 28 1.000000
0  -3.736454 -29.145330 43.941494  1.000000 0.000000 0.000000  0.405364 0.571497 1 28 1.000000
0  -3.736454 -27.141497 67.602867  1.000000 -0.000000 0.000000  0.438887 0.967979 1 28 1.000000
combine_gun002
0  -5.684477 -27.658003 43.941494  0.000000 0.996433 -0.084386  0.936505 0.604988 1 28 1.000000
0  -4.693672 -25.654167 67.602867  -0.000000 0.999097 -0.042486  0.951438 0.247659 1 28 1.000000
0  -4.693672 -27.658003 43.941494  0.000000 0.996433 -0.084386  0.951438 0.604988 1 28 1.000000
combine_gun002
0  -5.684477 -27.658003 43.941494  0.000000 0.996433 -0.084386  0.936505 0.604988 1 28 1.000000
0  -5.684477 -25.654167 67.602867  0.000000 0.999101 -0.042389  0.936506 0.247659 1 28 1.000000
0  -4.693672 -25.654167 67.602867  -0.000000 0.999097 -0.042486  0.951438 0.247659 1 28 1.000000
combine_gun002
0  -5.684477 -25.654167 67.602867  0.000000 0.999101 -0.042389  0.936506 0.247659 1 28 1.000000
0  -5.017259 -25.654167 69.460556  0.000000 1.000000 0.000000  0.946561 0.219671 1 28 1.000000
0  -4.693672 -25.654167 67.602867  -0.000000 0.999097 -0.042486  0.951438 0.247659 1 28 1.000000
combine_gun002
0  -5.684477 -25.654167 67.602867  0.000000 0.999101 -0.042389  0.936506 0.247659 1 28 1.000000
0  -5.360891 -25.654167 69.460556  0.000000 1.000000 0.000000  0.941382 0.219671 1 28 1.000000
0  -5.017259 -25.654167 69.460556  0.000000 1.000000 0.000000  0.946561 0.219671 1 28 1.000000
combine_gun002
0  -4.693672 -25.654167 67.602867  0.873847 0.468667 0.129397  0.465332 0.968945 1 28 1.000000
0  -5.017259 -25.654167 69.460556  0.875431 0.379226 0.299679  0.465860 1.000476 1 28 1.000000
0  -4.685275 -27.141497 69.460556  0.875347 0.379352 0.299765  0.440436 1.000254 1 28 1.000000
combine_gun002
0  -4.693672 -25.654167 67.602867  0.873847 0.468667 0.129397  0.465332 0.968945 1 28 1.000000
0  -4.685275 -27.141497 69.460556  0.875347 0.379352 0.299765  0.440436 1.000254 1 28 1.000000
0  -3.736454 -27.141497 67.602867  0.873849 0.468665 0.129387  0.438887 0.967979 1 28 1.000000
combine_gun002
0  -3.736454 -29.145330 43.941494  0.840019 0.540622 -0.045784  0.405364 0.571497 1 28 1.000000
0  -4.693672 -25.654167 67.602867  0.873847 0.468667 0.129397  0.465332 0.968945 1 28 1.000000
0  -3.736454 -27.141497 67.602867  0.873849 0.468665 0.129387  0.438887 0.967979 1 28 1.000000
combine_gun002
0  -3.736454 -29.145330 43.941494  0.840019 0.540622 -0.045784  0.405364 0.571497 1 28 1.000000
0  -4.693672 -27.658003 43.941494  0.840019 0.540622 -0.045784  0.431809 0.572463 1 28 1.000000
0  -4.693672 -25.654167 67.602867  0.873847 0.468667 0.129397  0.465332 0.968945 1 28 1.000000
combine_gun002
0  -3.736454 -36.104263 46.300079  -0.000001 -0.162668 -0.986681  0.136701 0.292120 1 28 1.000000
0  -4.693672 -37.591591 46.300079  0.000000 0.000000 -1.000000  0.102991 0.292120 1 28 1.000000
0  -5.684477 -37.591591 46.300079  0.000000 0.000000 -1.000000  0.102991 0.292120 1 28 1.000000
combine_gun002
0  -3.736454 -36.104263 46.300079  -0.000001 -0.162668 -0.986681  0.136701 0.292120 1 28 1.000000
0  -5.684477 -37.591591 46.300079  0.000000 0.000000 -1.000000  0.102991 0.292120 1 28 1.000000
0  -6.641695 -36.104263 46.300079  0.000000 -0.162689 -0.986677  0.136701 0.292120 1 28 1.000000
combine_gun002
0  -6.641695 -36.104263 46.300079  0.000000 -0.162689 -0.986677  0.136701 0.292120 1 28 1.000000
0  -3.736454 -29.145330 43.941494  0.000014 -0.162701 -0.986675  0.294423 0.255369 1 28 1.000000
0  -3.736454 -36.104263 46.300079  -0.000001 -0.162668 -0.986681  0.136701 0.292120 1 28 1.000000
combine_gun002
0  -6.641695 -36.104263 46.300079  0.000000 -0.162689 -0.986677  0.136701 0.292120 1 28 1.000000
0  -6.641695 -29.145330 43.941494  -0.000002 -0.162689 -0.986677  0.294423 0.255369 1 28 1.000000
0  -3.736454 -29.145330 43.941494  0.000014 -0.162701 -0.986675  0.294423 0.255369 1 28 1.000000
combine_gun002
0  -6.641695 -29.145330 43.941494  -0.000002 -0.162689 -0.986677  0.294423 0.255369 1 28 1.000000
0  -4.693672 -27.658003 43.941494  0.000000 0.000000 -1.000000  0.328133 0.255369 1 28 1.000000
0  -3.736454 -29.145330 43.941494  0.000014 -0.162701 -0.986675  0.294423 0.255369 1 28 1.000000
combine_gun002
0  -6.641695 -29.145330 43.941494  -0.000002 -0.162689 -0.986677  0.294423 0.255369 1 28 1.000000
0  -5.684477 -27.658003 43.941494  0.000000 0.000000 -1.000000  0.328133 0.255369 1 28 1.000000
0  -4.693672 -27.658003 43.941494  0.000000 0.000000 -1.000000  0.328133 0.255369 1 28 1.000000
combine_gun002
0  -6.641695 -36.104263 46.300079  -1.000000 -0.000000 0.000000  0.180450 0.612349 1 28 1.000000
0  -6.641695 -27.141497 67.602867  -1.000000 -0.000000 0.000000  0.030567 0.967133 1 28 1.000000
0  -6.641695 -29.145330 43.941494  -1.000000 0.000000 0.000000  0.064077 0.571832 1 28 1.000000
combine_gun002
0  -6.641695 -36.104263 46.300079  -1.000000 -0.000000 0.000000  0.180450 0.612349 1 28 1.000000
0  -6.641695 -36.104263 66.311920  -1.000000 -0.000000 0.000000  0.180450 0.946943 1 28 1.000000
0  -6.641695 -27.141497 67.602867  -1.000000 -0.000000 0.000000  0.030567 0.967133 1 28 1.000000
combine_gun002
0  -5.535927 -37.946709 64.101227  -1.000000 0.000002 0.000000  0.076590 0.654985 1 28 1.000000
0  -5.535927 -37.526520 62.270573  -1.000000 0.000002 0.000000  0.089303 0.599600 1 28 1.000000
0  -5.535927 -37.922615 62.874336  -1.000000 0.000002 0.000000  0.077318 0.617866 1 28 1.000000
combine_gun002
0  -5.535927 -37.946709 64.101227  -1.000000 -0.000003 0.000000  0.076590 0.654985 1 28 1.000000
0  -5.535927 -37.562614 64.108772  -1.000000 -0.000003 0.000000  0.088210 0.655213 1 28 1.000000
0  -5.535927 -37.526520 62.270573  -1.000000 -0.000003 0.000000  0.089303 0.599600 1 28 1.000000
combine_gun002
0  -5.535927 -37.946709 64.101227  0.000000 -0.019641 0.999807  0.073799 0.609929 1 28 1.000000
0  -4.782966 -37.562614 64.108772  0.000000 -0.019641 0.999807  0.102558 0.624602 1 28 1.000000
0  -5.535927 -37.562614 64.108772  0.000000 -0.019641 0.999807  0.073799 0.624602 1 28 1.000000
combine_gun002
0  -5.535927 -37.946709 64.101227  0.000000 -0.019641 0.999807  0.073799 0.609929 1 28 1.000000
0  -4.782966 -37.946709 64.101227  0.000000 -0.019641 0.999807  0.102558 0.609929 1 28 1.000000
0  -4.782966 -37.562614 64.108772  0.000000 -0.019641 0.999807  0.102558 0.624602 1 28 1.000000
combine_gun002
0  -4.782966 -37.946709 64.101227  1.000000 0.000000 0.000000  0.076590 0.654985 1 28 1.000000
0  -4.782966 -37.526520 62.270573  1.000000 0.000000 0.000000  0.089303 0.599600 1 28 1.000000
0  -4.782966 -37.562614 64.108772  1.000000 0.000000 0.000000  0.088210 0.655213 1 28 1.000000
combine_gun002
0  -4.782966 -37.946709 64.101227  1.000000 0.000000 0.000000  0.076590 0.654985 1 28 1.000000
0  -4.782966 -37.922615 62.874336  1.000000 0.000000 0.000000  0.077318 0.617866 1 28 1.000000
0  -4.782966 -37.526520 62.270573  1.000000 0.000000 0.000000  0.089303 0.599600 1 28 1.000000
combine_gun002
0  -5.535927 -37.946709 64.101227  0.000000 -0.999807 -0.019635  0.969246 0.669367 1 28 1.000000
0  -4.782966 -37.922615 62.874336  0.000000 -0.999807 -0.019635  0.984891 0.644582 1 28 1.000000
0  -4.782966 -37.946709 64.101227  0.000000 -0.999807 -0.019635  0.984891 0.669367 1 28 1.000000
combine_gun002
0  -5.535927 -37.946709 64.101227  0.000000 -0.999807 -0.019635  0.969246 0.669367 1 28 1.000000
0  -5.535927 -37.922615 62.874336  0.000000 -0.999807 -0.019635  0.969246 0.644582 1 28 1.000000
0  -4.782966 -37.922615 62.874336  0.000000 -0.999807 -0.019635  0.984891 0.644582 1 28 1.000000
combine_gun002
0  -5.535927 -37.922615 62.874336  0.000000 -0.836128 -0.548535  0.969246 0.644582 1 28 1.000000
0  -5.535927 -37.526520 62.270573  0.000000 -0.836128 -0.548535  0.969246 0.630358 1 28 1.000000
0  -5.277181 -37.526520 62.270573  0.000000 -0.836128 -0.548535  0.974622 0.630358 1 28 1.000000
combine_gun002
0  -5.535927 -37.922615 62.874336  -0.000006 -0.836130 -0.548531  0.969246 0.644582 1 28 1.000000
0  -5.277181 -37.526520 62.270573  -0.000016 -0.836126 -0.548538  0.974622 0.630358 1 28 1.000000
0  -5.277181 -37.777908 62.653763  -0.000008 -0.836130 -0.548532  0.974622 0.639386 1 28 1.000000
combine_gun002
0  -5.535927 -37.922615 62.874336  -0.000006 -0.836130 -0.548531  0.969246 0.644582 1 28 1.000000
0  -5.277181 -37.777908 62.653763  -0.000008 -0.836130 -0.548532  0.974622 0.639386 1 28 1.000000
0  -5.041712 -37.777908 62.653763  0.000016 -0.836128 -0.548534  0.979515 0.639386 1 28 1.000000
combine_gun002
0  -5.041712 -37.777908 62.653763  0.000016 -0.836128 -0.548534  0.979515 0.639386 1 28 1.000000
0  -4.782966 -37.922615 62.874336  0.000009 -0.836129 -0.548532  0.984891 0.644582 1 28 1.000000
0  -5.535927 -37.922615 62.874336  -0.000006 -0.836130 -0.548531  0.969246 0.644582 1 28 1.000000
combine_gun002
0  -5.041712 -37.777908 62.653763  0.000016 -0.836128 -0.548534  0.979515 0.639386 1 28 1.000000
0  -5.041712 -37.526520 62.270573  0.000007 -0.836128 -0.548534  0.979515 0.630358 1 28 1.000000
0  -4.782966 -37.922615 62.874336  0.000009 -0.836129 -0.548532  0.984891 0.644582 1 28 1.000000
combine_gun002
0  -5.041712 -37.526520 62.270573  0.000007 -0.836128 -0.548534  0.979515 0.630358 1 28 1.000000
0  -4.782966 -37.526520 62.270573  0.000000 -0.836129 -0.548533  0.984891 0.630358 1 28 1.000000
0  -4.782966 -37.922615 62.874336  0.000009 -0.836129 -0.548532  0.984891 0.644582 1 28 1.000000
combine_gun002
0  -5.041712 -37.777908 62.653763  1.000000 0.000000 0.000000  0.081697 0.611193 1 28 1.000000
0  -5.041712 -37.487782 60.297874  1.000000 0.000000 0.000000  0.090474 0.539918 1 28 1.000000
0  -5.041712 -37.526520 62.270573  1.000000 0.000000 0.000000  0.089303 0.599600 1 28 1.000000
combine_gun002
0  -5.041712 -37.777908 62.653763  1.000000 0.000000 0.000000  0.081697 0.611193 1 28 1.000000
0  -5.041712 -37.743557 60.904392  1.000000 0.000000 0.000000  0.082736 0.558267 1 28 1.000000
0  -5.041712 -37.487782 60.297874  1.000000 0.000000 0.000000  0.090474 0.539918 1 28 1.000000
combine_gun002
0  -5.277181 -37.526520 62.270573  -1.000000 0.000004 0.000000  0.089303 0.599600 1 28 1.000000
0  -5.277181 -37.743557 60.904392  -1.000000 -0.000001 0.000000  0.082736 0.558267 1 28 1.000000
0  -5.277181 -37.777908 62.653763  -1.000000 0.000004 0.000000  0.081697 0.611193 1 28 1.000000
combine_gun002
0  -5.277181 -37.526520 62.270573  -1.000000 0.000004 0.000000  0.089303 0.599600 1 28 1.000000
0  -5.277181 -37.487782 60.297874  -1.000000 -0.000001 0.000000  0.090474 0.539918 1 28 1.000000
0  -5.277181 -37.743557 60.904392  -1.000000 -0.000001 0.000000  0.082736 0.558267 1 28 1.000000
combine_gun002
0  -5.499217 -37.007114 49.363548  0.000000 -1.000000 -0.000000  0.590618 0.298296 1 28 1.000000
0  -6.850136 -37.007114 56.258282  0.000000 -1.000000 -0.000000  0.562803 0.433802 1 28 1.000000
0  -7.407476 -37.007114 49.363548  0.000000 -1.000000 -0.000000  0.551327 0.298296 1 28 1.000000
combine_gun002
0  -5.499217 -37.007114 49.363548  0.000000 -1.000000 -0.000000  0.590618 0.298296 1 28 1.000000
0  -5.321367 -37.007114 56.258282  0.000000 -1.000000 0.000000  0.594280 0.433802 1 28 1.000000
0  -6.850136 -37.007114 56.258282  0.000000 -1.000000 -0.000000  0.562803 0.433802 1 28 1.000000
combine_gun002
0  -6.850136 -29.625906 56.258282  0.000000 0.000000 1.000000  0.829764 0.222442 1 28 1.000000
0  -5.321367 -37.007114 56.258282  0.000000 0.000000 1.000000  0.868522 0.035887 1 28 1.000000
0  -5.321367 -29.625906 56.258282  0.000000 0.000000 1.000000  0.868522 0.222442 1 28 1.000000
combine_gun002
0  -6.850136 -29.625906 56.258282  0.000000 0.000000 1.000000  0.829764 0.222442 1 28 1.000000
0  -6.850136 -37.007114 56.258282  0.000000 0.000000 1.000000  0.829764 0.035887 1 28 1.000000
0  -5.321367 -37.007114 56.258282  0.000000 0.000000 1.000000  0.868522 0.035887 1 28 1.000000
combine_gun002
0  -7.407476 -37.007114 49.363548  0.000000 -0.822231 -0.569153  0.551327 0.298296 1 28 1.000000
0  -5.499217 -35.535141 47.237049  0.000000 -0.822232 -0.569153  0.590618 0.247466 1 28 1.000000
0  -5.499217 -37.007114 49.363548  0.000000 -0.822231 -0.569154  0.590618 0.298296 1 28 1.000000
combine_gun002
0  -7.407476 -37.007114 49.363548  0.000000 -0.822231 -0.569153  0.551327 0.298296 1 28 1.000000
0  -7.407476 -35.535141 47.237049  0.000000 -0.822232 -0.569152  0.551327 0.247466 1 28 1.000000
0  -5.499217 -35.535141 47.237049  0.000000 -0.822232 -0.569153  0.590618 0.247466 1 28 1.000000
combine_gun002
0  -7.407476 -31.097879 47.960659  0.000000 0.160950 -0.986963  0.615502 0.909739 1 28 1.000000
0  -5.499217 -35.535141 47.237049  0.000000 0.160950 -0.986963  0.545171 0.939591 1 28 1.000000
0  -7.407476 -35.535141 47.237049  0.000000 0.160950 -0.986963  0.545171 0.909739 1 28 1.000000
combine_gun002
0  -7.407476 -31.097879 47.960659  0.000000 0.160950 -0.986963  0.615502 0.909739 1 28 1.000000
0  -5.499217 -31.097879 47.960659  0.000000 0.160950 -0.986963  0.615502 0.939591 1 28 1.000000
0  -5.499217 -35.535141 47.237049  0.000000 0.160950 -0.986963  0.545171 0.939591 1 28 1.000000
combine_gun002
0  1.767359 -31.039698 62.667595  0.052336 0.111868 -0.992344  0.024710 0.943004 1 28 1.000000
0  -2.160648 -40.483906 61.395786  0.052353 0.111859 -0.992344  0.039663 0.633159 1 28 1.000000
0  1.571036 -30.962532 62.665939  0.052336 0.111868 -0.992344  0.018366 0.942567 1 28 1.000000
combine_gun002
0  1.767359 -31.039698 62.667595  0.052336 0.111868 -0.992344  0.024710 0.943004 1 28 1.000000
0  -1.964324 -40.561069 61.397446  0.052353 0.111859 -0.992344  0.046007 0.633596 1 28 1.000000
0  -2.160648 -40.483906 61.395786  0.052353 0.111859 -0.992344  0.039663 0.633159 1 28 1.000000
combine_gun002
0  1.571036 -30.962532 62.665939  0.365779 0.930693 0.004022  0.611369 0.513251 1 28 1.000000
0  2.811107 -31.456244 64.132896  0.365784 0.930691 0.004020  0.561159 0.559661 1 28 1.000000
0  1.767359 -31.039698 62.667595  0.365778 0.930694 0.004023  0.611369 0.520523 1 28 1.000000
combine_gun002
0  1.571036 -30.962532 62.665939  0.365779 0.930693 0.004022  0.611369 0.513251 1 28 1.000000
0  2.614781 -31.379076 64.131248  0.365787 0.930690 0.004016  0.561159 0.552389 1 28 1.000000
0  2.811107 -31.456244 64.132896  0.365784 0.930691 0.004020  0.561159 0.559661 1 28 1.000000
combine_gun002
0  2.599458 -31.380596 65.875587  0.365775 0.930695 0.004022  0.501020 0.552389 1 28 1.000000
0  2.811107 -31.456244 64.132896  0.365784 0.930691 0.004020  0.561159 0.559661 1 28 1.000000
0  2.614781 -31.379076 64.131248  0.365787 0.930690 0.004016  0.561159 0.552389 1 28 1.000000
combine_gun002
0  2.599458 -31.380596 65.875587  0.365775 0.930695 0.004022  0.501020 0.552389 1 28 1.000000
0  2.795784 -31.457762 65.877251  0.365775 0.930695 0.004021  0.501020 0.559661 1 28 1.000000
0  2.811107 -31.456244 64.132896  0.365784 0.930691 0.004020  0.561159 0.559661 1 28 1.000000
combine_gun002
0  2.614781 -31.379076 64.131248  -0.764349 0.218646 0.606601  0.441381 0.626736 1 28 1.000000
0  -2.160648 -40.483906 61.395786  -0.764345 0.218646 0.606606  0.598464 0.571201 1 28 1.000000
0  -1.116902 -40.900455 62.861088  -0.764344 0.218646 0.606607  0.600540 0.598513 1 28 1.000000
combine_gun002
0  2.614781 -31.379076 64.131248  -0.764349 0.218646 0.606601  0.441381 0.626736 1 28 1.000000
0  1.571036 -30.962532 62.665939  -0.764350 0.218646 0.606600  0.439305 0.599425 1 28 1.000000
0  -2.160648 -40.483906 61.395786  -0.764345 0.218646 0.606606  0.598464 0.571201 1 28 1.000000
combine_gun002
0  2.795784 -31.457762 65.877251  0.930660 -0.365801 0.007857  0.613981 0.702844 1 28 1.000000
0  -0.920578 -40.977623 62.862747  0.930661 -0.365798 0.007857  0.447109 0.682078 1 28 1.000000
0  2.811107 -31.456244 64.132896  0.930660 -0.365801 0.007857  0.609901 0.677085 1 28 1.000000
combine_gun002
0  2.795784 -31.457762 65.877251  0.930660 -0.365801 0.007857  0.613981 0.702844 1 28 1.000000
0  -0.946697 -40.980209 65.836090  0.930661 -0.365798 0.007857  0.454063 0.725985 1 28 1.000000
0  -0.920578 -40.977623 62.862747  0.930661 -0.365798 0.007857  0.447109 0.682078 1 28 1.000000
combine_gun002
0  2.614781 -31.379076 64.131248  -0.930661 0.365799 -0.007857  0.441381 0.626736 1 28 1.000000
0  -1.143023 -40.903042 65.834419  -0.930661 0.365799 -0.007858  0.602705 0.642579 1 28 1.000000
0  2.599458 -31.380596 65.875587  -0.930661 0.365798 -0.007857  0.442651 0.652588 1 28 1.000000
combine_gun002
0  2.614781 -31.379076 64.131248  -0.930661 0.365799 -0.007857  0.441381 0.626736 1 28 1.000000
0  -1.116902 -40.900455 62.861088  -0.930661 0.365799 -0.007858  0.600540 0.598513 1 28 1.000000
0  -1.143023 -40.903042 65.834419  -0.930661 0.365799 -0.007858  0.602705 0.642579 1 28 1.000000
combine_gun002
0  -0.920578 -40.977623 62.862747  0.764344 -0.218647 -0.606607  0.447109 0.682078 1 28 1.000000
0  1.767359 -31.039698 62.667595  0.764346 -0.218646 -0.606605  0.606316 0.649721 1 28 1.000000
0  2.811107 -31.456244 64.132896  0.764346 -0.218646 -0.606605  0.609901 0.677085 1 28 1.000000
combine_gun002
0  -0.920578 -40.977623 62.862747  0.764344 -0.218647 -0.606607  0.447109 0.682078 1 28 1.000000
0  -1.964324 -40.561069 61.397446  0.764344 -0.218647 -0.606607  0.443523 0.654714 1 28 1.000000
0  1.767359 -31.039698 62.667595  0.764346 -0.218646 -0.606605  0.606316 0.649721 1 28 1.000000
combine_gun002
0  2.599458 -31.380596 65.875587  -0.008823 -0.000860 0.999961  0.979671 0.384425 1 28 1.000000
0  -0.946697 -40.980209 65.836090  -0.008804 -0.000848 0.999961  0.975785 0.572551 1 28 1.000000
0  2.795784 -31.457762 65.877251  -0.008823 -0.000860 0.999961  0.975785 0.384425 1 28 1.000000
combine_gun002
0  2.599458 -31.380596 65.875587  -0.008823 -0.000860 0.999961  0.979671 0.384425 1 28 1.000000
0  -1.143023 -40.903042 65.834419  -0.008804 -0.000848 0.999961  0.979671 0.572551 1 28 1.000000
0  -0.946697 -40.980209 65.836090  -0.008804 -0.000848 0.999961  0.975785 0.572551 1 28 1.000000
combine_gun002
0  -0.920578 -40.977623 62.862747  -0.365784 -0.930691 -0.004013  0.603530 0.559661 1 28 1.000000
0  -0.946697 -40.980209 65.836090  -0.365780 -0.930693 -0.004023  0.501020 0.559661 1 28 1.000000
0  -1.143023 -40.903042 65.834419  -0.365780 -0.930693 -0.004023  0.501020 0.552389 1 28 1.000000
combine_gun002
0  -0.920578 -40.977623 62.862747  -0.365784 -0.930691 -0.004013  0.603530 0.559661 1 28 1.000000
0  -1.143023 -40.903042 65.834419  -0.365780 -0.930693 -0.004023  0.501020 0.552389 1 28 1.000000
0  -1.116902 -40.900455 62.861088  -0.365783 -0.930691 -0.004009  0.603530 0.552389 1 28 1.000000
combine_gun002
0  -1.116902 -40.900455 62.861088  -0.365783 -0.930691 -0.004009  0.603530 0.552389 1 28 1.000000
0  -1.964324 -40.561069 61.397446  -0.365777 -0.930694 -0.004025  0.653740 0.520523 1 28 1.000000
0  -0.920578 -40.977623 62.862747  -0.365784 -0.930691 -0.004013  0.603530 0.559661 1 28 1.000000
combine_gun002
0  -1.116902 -40.900455 62.861088  -0.365783 -0.930691 -0.004009  0.603530 0.552389 1 28 1.000000
0  -2.160648 -40.483906 61.395786  -0.365776 -0.930694 -0.004026  0.653740 0.513251 1 28 1.000000
0  -1.964324 -40.561069 61.397446  -0.365777 -0.930694 -0.004025  0.653740 0.520523 1 28 1.000000
combine_gun002
0  -1.098507 -23.625372 68.050049  -0.500008 0.000000 0.866021  0.076380 0.586784 1 28 1.000000
0  -1.408650 -25.902456 67.870987  -0.500008 0.000000 0.866021  0.081739 0.632797 1 28 1.000000
0  -1.098507 -25.902456 68.050049  -0.500008 0.000000 0.866021  0.076380 0.632797 1 28 1.000000
combine_gun002
0  -1.098507 -23.625372 68.050049  -0.500008 0.000000 0.866021  0.076380 0.586784 1 28 1.000000
0  -1.408650 -23.625374 67.870987  -0.500008 0.000000 0.866021  0.081739 0.586784 1 28 1.000000
0  -1.408650 -25.902456 67.870987  -0.500008 0.000000 0.866021  0.081739 0.632797 1 28 1.000000
combine_gun002
0  -1.408650 -23.625374 67.870987  -1.000000 0.000000 0.000000  0.081739 0.586784 1 28 1.000000
0  -1.408650 -25.902456 67.512871  -1.000000 0.000000 0.000000  0.087097 0.632797 1 28 1.000000
0  -1.408650 -25.902456 67.870987  -1.000000 0.000000 0.000000  0.081739 0.632797 1 28 1.000000
combine_gun002
0  -1.408650 -23.625374 67.870987  -1.000000 0.000000 0.000000  0.081739 0.586784 1 28 1.000000
0  -1.408650 -23.625374 67.512871  -1.000000 0.000000 0.000000  0.087097 0.586784 1 28 1.000000
0  -1.408650 -25.902456 67.512871  -1.000000 0.000000 0.000000  0.087097 0.632797 1 28 1.000000
combine_gun002
0  -0.788364 -23.625374 67.512871  1.000000 0.000000 0.000000  0.097815 0.586784 1 28 1.000000
0  -0.788364 -25.902456 67.870987  1.000000 0.000000 0.000000  0.103173 0.632797 1 28 1.000000
0  -0.788364 -25.902456 67.512871  1.000000 0.000000 0.000000  0.097815 0.632797 1 28 1.000000
combine_gun002
0  -0.788364 -23.625374 67.512871  1.000000 0.000000 0.000000  0.097815 0.586784 1 28 1.000000
0  -0.788364 -23.625374 67.870987  1.000000 0.000000 0.000000  0.103173 0.586784 1 28 1.000000
0  -0.788364 -25.902456 67.870987  1.000000 0.000000 0.000000  0.103173 0.632797 1 28 1.000000
combine_gun002
0  -1.408650 -23.625374 67.512871  -0.500008 0.000000 -0.866021  0.087097 0.586784 1 28 1.000000
0  -1.098507 -25.902456 67.333809  -0.500008 0.000000 -0.866021  0.092456 0.632797 1 28 1.000000
0  -1.408650 -25.902456 67.512871  -0.500008 0.000000 -0.866021  0.087097 0.632797 1 28 1.000000
combine_gun002
0  -1.408650 -23.625374 67.512871  -0.500008 0.000000 -0.866021  0.087097 0.586784 1 28 1.000000
0  -1.098507 -23.625374 67.333809  -0.500008 0.000000 -0.866021  0.092456 0.586784 1 28 1.000000
0  -1.098507 -25.902456 67.333809  -0.500008 0.000000 -0.866021  0.092456 0.632797 1 28 1.000000
combine_gun002
0  -1.098507 -23.625374 67.333809  0.500008 0.000000 -0.866021  0.092456 0.586784 1 28 1.000000
0  -0.788364 -25.902456 67.512871  0.500008 0.000000 -0.866021  0.097815 0.632797 1 28 1.000000
0  -1.098507 -25.902456 67.333809  0.500008 0.000000 -0.866021  0.092456 0.632797 1 28 1.000000
combine_gun002
0  -1.098507 -23.625374 67.333809  0.500008 0.000000 -0.866021  0.092456 0.586784 1 28 1.000000
0  -0.788364 -23.625374 67.512871  0.500008 0.000000 -0.866021  0.097815 0.586784 1 28 1.000000
0  -0.788364 -25.902456 67.512871  0.500008 0.000000 -0.866021  0.097815 0.632797 1 28 1.000000
combine_gun002
0  -0.788364 -23.625374 67.870987  0.500008 0.000000 0.866021  0.103173 0.586784 1 28 1.000000
0  -1.098507 -25.902456 68.050049  0.500008 0.000000 0.866021  0.108532 0.632797 1 28 1.000000
0  -0.788364 -25.902456 67.870987  0.500008 0.000000 0.866021  0.103173 0.632797 1 28 1.000000
combine_gun002
0  -0.788364 -23.625374 67.870987  0.500008 0.000000 0.866021  0.103173 0.586784 1 28 1.000000
0  -1.098507 -23.625372 68.050049  0.500008 0.000000 0.866021  0.108532 0.586784 1 28 1.000000
0  -1.098507 -25.902456 68.050049  0.500008 0.000000 0.866021  0.108532 0.632797 1 28 1.000000
combine_gun002
0  -1.110988 -23.814775 66.911026  -0.499983 0.000000 0.866035  0.824545 0.431573 1 28 1.000000
0  -1.352055 -25.584694 66.771843  -0.500019 0.000000 0.866014  0.831761 0.493537 1 28 1.000000
0  -1.110988 -25.584694 66.911026  -0.500024 0.000000 0.866012  0.824545 0.493537 1 28 1.000000
combine_gun002
0  -1.110988 -23.814775 66.911026  -0.499983 0.000000 0.866035  0.824545 0.431573 1 28 1.000000
0  -1.352055 -23.814775 66.771843  -0.499978 0.000000 0.866038  0.831761 0.431573 1 28 1.000000
0  -1.352055 -25.584694 66.771843  -0.500019 0.000000 0.866014  0.831761 0.493537 1 28 1.000000
combine_gun002
0  -1.352055 -23.814775 66.771843  -1.000000 0.000000 0.000000  0.831761 0.431573 1 28 1.000000
0  -1.352055 -25.584694 66.493484  -1.000000 0.000000 0.000000  0.838978 0.493537 1 28 1.000000
0  -1.352055 -25.584694 66.771843  -1.000000 0.000000 0.000000  0.831761 0.493537 1 28 1.000000
combine_gun002
0  -1.352055 -23.814775 66.771843  -1.000000 0.000000 0.000000  0.831761 0.431573 1 28 1.000000
0  -1.352055 -23.814775 66.493484  -1.000000 0.000000 0.000000  0.838978 0.431573 1 28 1.000000
0  -1.352055 -25.584694 66.493484  -1.000000 0.000000 0.000000  0.838978 0.493537 1 28 1.000000
combine_gun002
0  -0.869922 -23.814775 66.493484  1.000000 0.000000 0.000000  0.853410 0.431573 1 28 1.000000
0  -0.869922 -25.584694 66.771843  1.000000 0.000000 0.000000  0.860626 0.493537 1 28 1.000000
0  -0.869922 -25.584694 66.493484  1.000000 0.000000 0.000000  0.853410 0.493537 1 28 1.000000
combine_gun002
0  -0.869922 -23.814775 66.493484  1.000000 0.000000 0.000000  0.853410 0.431573 1 28 1.000000
0  -0.869922 -23.814775 66.771843  1.000000 0.000000 0.000000  0.860626 0.431573 1 28 1.000000
0  -0.869922 -25.584694 66.771843  1.000000 0.000000 0.000000  0.860626 0.493537 1 28 1.000000
combine_gun002
0  -1.352055 -23.814775 66.493484  -0.499983 0.000000 -0.866035  0.838978 0.431573 1 28 1.000000
0  -1.110988 -25.584694 66.354301  -0.500019 0.000000 -0.866014  0.846193 0.493537 1 28 1.000000
0  -1.352055 -25.584694 66.493484  -0.500024 0.000000 -0.866012  0.838978 0.493537 1 28 1.000000
combine_gun002
0  -1.352055 -23.814775 66.493484  -0.499983 0.000000 -0.866035  0.838978 0.431573 1 28 1.000000
0  -1.110988 -23.814777 66.354301  -0.499979 0.000000 -0.866038  0.846193 0.431573 1 28 1.000000
0  -1.110988 -25.584694 66.354301  -0.500019 0.000000 -0.866014  0.846193 0.493537 1 28 1.000000
combine_gun002
0  -1.110988 -23.814777 66.354301  0.500002 0.000000 -0.866024  0.846193 0.431573 1 28 1.000000
0  -0.869922 -25.584694 66.493484  0.500003 0.000000 -0.866024  0.853410 0.493537 1 28 1.000000
0  -1.110988 -25.584694 66.354301  0.500003 0.000000 -0.866024  0.846193 0.493537 1 28 1.000000
combine_gun002
0  -1.110988 -23.814777 66.354301  0.500002 0.000000 -0.866024  0.846193 0.431573 1 28 1.000000
0  -0.869922 -23.814775 66.493484  0.500002 0.000000 -0.866024  0.853410 0.431573 1 28 1.000000
0  -0.869922 -25.584694 66.493484  0.500003 0.000000 -0.866024  0.853410 0.493537 1 28 1.000000
combine_gun002
0  -0.869922 -23.814775 66.771843  0.500021 0.000000 0.866013  0.860626 0.431573 1 28 1.000000
0  -1.110988 -25.584694 66.911026  0.499984 0.000000 0.866035  0.867842 0.493537 1 28 1.000000
0  -0.869922 -25.584694 66.771843  0.499979 0.000000 0.866038  0.860626 0.493537 1 28 1.000000
combine_gun002
0  -0.869922 -23.814775 66.771843  0.500021 0.000000 0.866013  0.860626 0.431573 1 28 1.000000
0  -1.110988 -23.814775 66.911026  0.500025 0.000000 0.866011  0.867842 0.431573 1 28 1.000000
0  -1.110988 -25.584694 66.911026  0.499984 0.000000 0.866035  0.867842 0.493537 1 28 1.000000
combine_gun002
0  -1.142987 -23.062050 66.430511  0.055341 -0.193853 -0.979468  0.164751 0.005146 1 28 1.000000
0  -1.023417 -24.231215 66.668686  0.054999 -0.193909 -0.979477  0.195173 0.005146 1 28 1.000000
0  -1.231160 -24.225206 66.688614  0.055007 -0.193911 -0.979476  0.198092 0.005146 1 28 1.000000
combine_gun002
0  -1.142987 -23.062050 66.430511  0.055341 -0.193853 -0.979468  0.164751 0.005146 1 28 1.000000
0  -0.952949 -23.066837 66.474991  0.055355 -0.193860 -0.979466  0.162061 0.005146 1 28 1.000000
0  -1.023417 -24.231215 66.668686  0.054999 -0.193909 -0.979477  0.195173 0.005146 1 28 1.000000
combine_gun002
0  -1.033185 -22.974651 66.567261  -0.818092 0.182443 0.545381  0.160715 0.005146 1 28 1.000000
0  -1.231160 -24.225206 66.688614  -0.818287 0.182442 0.545088  0.198092 0.005146 1 28 1.000000
0  -1.108624 -24.249126 66.879311  -0.818308 0.182442 0.545056  0.196931 0.005146 1 28 1.000000
combine_gun002
0  -1.033185 -22.974651 66.567261  -0.818092 0.182443 0.545381  0.160715 0.005146 1 28 1.000000
0  -1.142987 -23.062050 66.430511  -0.818146 0.182444 0.545300  0.164751 0.005146 1 28 1.000000
0  -1.231160 -24.225206 66.688614  -0.818287 0.182442 0.545088  0.198092 0.005146 1 28 1.000000
combine_gun002
0  -0.999957 -22.831612 66.134109  0.287613 -0.769285 -0.570508  0.156283 0.005146 1 28 1.000000
0  -0.952949 -23.066837 66.474991  0.287592 -0.769295 -0.570505  0.162061 0.005146 1 28 1.000000
0  -1.142987 -23.062050 66.430511  0.287465 -0.769316 -0.570540  0.164751 0.005146 1 28 1.000000
combine_gun002
0  -0.999957 -22.831612 66.134109  0.287613 -0.769285 -0.570508  0.156283 0.005146 1 28 1.000000
0  -0.804773 -22.797892 66.244827  0.287763 -0.769235 -0.570499  0.152457 0.005146 1 28 1.000000
0  -0.952949 -23.066837 66.474991  0.287592 -0.769295 -0.570505  0.162061 0.005146 1 28 1.000000
combine_gun002
0  -0.857624 -22.635717 66.235718  -0.793835 0.592979 0.134915  0.148776 0.005146 1 28 1.000000
0  -1.142987 -23.062050 66.430511  -0.793819 0.592991 0.134953  0.164751 0.005146 1 28 1.000000
0  -1.033185 -22.974651 66.567261  -0.793780 0.593030 0.135014  0.160715 0.005146 1 28 1.000000
combine_gun002
0  -0.857624 -22.635717 66.235718  -0.793835 0.592979 0.134915  0.148776 0.005146 1 28 1.000000
0  -0.999957 -22.831612 66.134109  -0.793867 0.592946 0.134874  0.156283 0.005146 1 28 1.000000
0  -1.142987 -23.062050 66.430511  -0.793819 0.592991 0.134953  0.164751 0.005146 1 28 1.000000
combine_gun002
0  -0.753404 -22.948074 65.841248  0.095154 -0.928938 0.357798  0.155830 0.005146 1 28 1.000000
0  -0.804773 -22.797892 66.244827  0.095140 -0.928944 0.357786  0.152457 0.005146 1 28 1.000000
0  -0.999957 -22.831612 66.134109  0.094994 -0.928966 0.357769  0.156283 0.005146 1 28 1.000000
combine_gun002
0  -0.753404 -22.948074 65.841248  0.095154 -0.928938 0.357798  0.155830 0.005146 1 28 1.000000
0  -0.629822 -22.853951 65.977692  0.095316 -0.928902 0.357849  0.151404 0.005146 1 28 1.000000
0  -0.804773 -22.797892 66.244827  0.095140 -0.928944 0.357786  0.152457 0.005146 1 28 1.000000
combine_gun002
0  -0.603484 -22.713995 65.870514  -0.566076 0.566928 -0.598457  0.147158 0.005146 1 28 1.000000
0  -0.999957 -22.831612 66.134109  -0.566079 0.566907 -0.598473  0.156283 0.005146 1 28 1.000000
0  -0.857624 -22.635717 66.235718  -0.566050 0.567066 -0.598350  0.148776 0.005146 1 28 1.000000
combine_gun002
0  -0.603484 -22.713995 65.870514  -0.566076 0.566928 -0.598457  0.147158 0.005146 1 28 1.000000
0  -0.753404 -22.948074 65.841248  -0.566094 0.566807 -0.598554  0.155830 0.005146 1 28 1.000000
0  -0.999957 -22.831612 66.134109  -0.566079 0.566907 -0.598473  0.156283 0.005146 1 28 1.000000
combine_gun002
0  -0.258816 -23.058496 65.740387  -0.170286 0.129598 -0.976835  0.151530 0.005146 1 28 1.000000
0  -0.753404 -22.948074 65.841248  -0.170257 0.129649 -0.976834  0.155830 0.005146 1 28 1.000000
0  -0.603484 -22.713995 65.870514  -0.170223 0.129723 -0.976830  0.147158 0.005146 1 28 1.000000
combine_gun002
0  -0.258816 -23.058496 65.740387  -0.170286 0.129598 -0.976835  0.151530 0.005146 1 28 1.000000
0  -0.395566 -23.269663 65.760536  -0.170348 0.129465 -0.976842  0.159375 0.005146 1 28 1.000000
0  -0.753404 -22.948074 65.841248  -0.170257 0.129649 -0.976834  0.155830 0.005146 1 28 1.000000
combine_gun002
0  0.040763 -23.150618 65.946167  0.449085 -0.400998 -0.798450  0.149620 0.005146 1 28 1.000000
0  -0.395566 -23.269663 65.760536  0.449084 -0.400963 -0.798468  0.159375 0.005146 1 28 1.000000
0  -0.258816 -23.058496 65.740387  0.449084 -0.400963 -0.798469  0.151530 0.005146 1 28 1.000000
combine_gun002
0  0.040763 -23.150618 65.946167  0.449085 -0.400998 -0.798450  0.149620 0.005146 1 28 1.000000
0  -0.082557 -23.335892 65.978836  0.449080 -0.400997 -0.798454  0.156553 0.005146 1 28 1.000000
0  -0.395566 -23.269663 65.760536  0.449084 -0.400963 -0.798468  0.159375 0.005146 1 28 1.000000
combine_gun002
0  -1.390193 -27.919283 71.248718  -0.558604 0.727260 0.398817  0.302180 0.005146 1 28 1.000000
0  -0.494467 -27.303673 71.380882  -0.558585 0.727175 0.398998  0.271933 0.005146 1 28 1.000000
0  -0.710495 -27.268351 71.311508  -0.558648 0.727220 0.398828  0.274167 0.005146 1 28 1.000000
combine_gun002
0  -1.390193 -27.919283 71.248718  -0.558604 0.727260 0.398817  0.302180 0.005146 1 28 1.000000
0  -1.377548 -27.933681 71.590134  -0.558596 0.727264 0.398819  0.302389 0.005146 1 28 1.000000
0  -0.494467 -27.303673 71.380882  -0.558585 0.727175 0.398998  0.271933 0.005146 1 28 1.000000
combine_gun002
0  0.306328 -23.300526 67.098648  -0.896949 -0.416063 0.149578  0.149807 0.005146 1 28 1.000000
0  0.089777 -23.158901 66.500626  -0.867406 -0.384576 0.315767  0.149120 0.005146 1 28 1.000000
0  0.137308 -23.324488 66.428680  -0.867384 -0.384555 0.315850  0.152976 0.005146 1 28 1.000000
combine_gun002
0  0.137308 -23.324488 66.428680  -0.867384 -0.384555 0.315850  0.152976 0.005146 1 28 1.000000
0  0.089777 -23.158901 66.500626  -0.867406 -0.384576 0.315767  0.149120 0.005146 1 28 1.000000
0  -0.093895 -23.189766 66.068878  -0.722603 -0.415561 0.552408  0.152698 0.005146 1 28 1.000000
combine_gun002
0  0.137308 -23.324488 66.428680  -0.867384 -0.384555 0.315850  0.152976 0.005146 1 28 1.000000
0  -0.093895 -23.189766 66.068878  -0.722603 -0.415561 0.552408  0.152698 0.005146 1 28 1.000000
0  -0.082557 -23.335892 65.978836  -0.722604 -0.415557 0.552409  0.156553 0.005146 1 28 1.000000
combine_gun002
0  -0.082557 -23.335892 65.978836  -0.722604 -0.415557 0.552409  0.156553 0.005146 1 28 1.000000
0  -0.093895 -23.189766 66.068878  -0.722603 -0.415561 0.552408  0.152698 0.005146 1 28 1.000000
0  -0.354140 -23.137272 65.878967  -0.465797 -0.518763 0.716881  0.155114 0.005146 1 28 1.000000
combine_gun002
0  -0.082557 -23.335892 65.978836  -0.722604 -0.415557 0.552409  0.156553 0.005146 1 28 1.000000
0  -0.354140 -23.137272 65.878967  -0.465797 -0.518763 0.716881  0.155114 0.005146 1 28 1.000000
0  -0.395566 -23.269663 65.760536  -0.465789 -0.518754 0.716892  0.159375 0.005146 1 28 1.000000
combine_gun002
0  -0.395566 -23.269663 65.760536  -0.465789 -0.518754 0.716892  0.159375 0.005146 1 28 1.000000
0  -0.354140 -23.137272 65.878967  -0.465797 -0.518763 0.716881  0.155114 0.005146 1 28 1.000000
0  -0.629822 -22.853951 65.977692  -0.344498 -0.579825 0.738325  0.151404 0.005146 1 28 1.000000
combine_gun002
0  -0.395566 -23.269663 65.760536  -0.465789 -0.518754 0.716892  0.159375 0.005146 1 28 1.000000
0  -0.629822 -22.853951 65.977692  -0.344498 -0.579825 0.738325  0.151404 0.005146 1 28 1.000000
0  -0.753404 -22.948074 65.841248  -0.344505 -0.579834 0.738315  0.155830 0.005146 1 28 1.000000
combine_gun002
0  -1.390193 -27.919283 71.248718  -0.487606 0.572755 -0.658933  0.302180 0.005146 1 28 1.000000
0  -0.710495 -27.268351 71.311508  -0.563426 0.435710 -0.701931  0.274167 0.005146 1 28 1.000000
0  -0.574180 -27.314945 71.170128  -0.563416 0.435702 -0.701944  0.273426 0.005146 1 28 1.000000
combine_gun002
0  -0.574180 -27.314945 71.170128  -0.563416 0.435702 -0.701944  0.273426 0.005146 1 28 1.000000
0  -0.710495 -27.268351 71.311508  -0.563426 0.435710 -0.701931  0.274167 0.005146 1 28 1.000000
0  -0.417893 -26.582253 71.325409  -0.595467 0.302775 -0.744141  0.250930 0.005146 1 28 1.000000
combine_gun002
0  -0.574180 -27.314945 71.170128  -0.563416 0.435702 -0.701944  0.273426 0.005146 1 28 1.000000
0  -0.417893 -26.582253 71.325409  -0.595467 0.302775 -0.744141  0.250930 0.005146 1 28 1.000000
0  -0.296230 -26.671318 71.191406  -0.595284 0.302727 -0.744308  0.251577 0.005146 1 28 1.000000
combine_gun002
0  -0.296230 -26.671318 71.191406  -0.595284 0.302727 -0.744308  0.251577 0.005146 1 28 1.000000
0  -0.417893 -26.582253 71.325409  -0.595467 0.302775 -0.744141  0.250930 0.005146 1 28 1.000000
0  0.023931 -25.885971 71.281456  -0.675997 0.154246 -0.720580  0.225197 0.005146 1 28 1.000000
combine_gun002
0  -0.296230 -26.671318 71.191406  -0.595284 0.302727 -0.744308  0.251577 0.005146 1 28 1.000000
0  0.023931 -25.885971 71.281456  -0.675997 0.154246 -0.720580  0.225197 0.005146 1 28 1.000000
0  0.131378 -26.005901 71.157875  -0.675725 0.154146 -0.720856  0.226906 0.005146 1 28 1.000000
combine_gun002
0  0.131378 -26.005901 71.157875  -0.675725 0.154146 -0.720856  0.226906 0.005146 1 28 1.000000
0  0.023931 -25.885971 71.281456  -0.675997 0.154246 -0.720580  0.225197 0.005146 1 28 1.000000
0  0.195392 -25.195938 71.063690  -0.793094 -0.090328 -0.602364  0.203650 0.005146 1 28 1.000000
combine_gun002
0  0.131378 -26.005901 71.157875  -0.675725 0.154146 -0.720856  0.226906 0.005146 1 28 1.000000
0  0.195392 -25.195938 71.063690  -0.793094 -0.090328 -0.602364  0.203650 0.005146 1 28 1.000000
0  0.292810 -25.338205 70.955147  -0.793082 -0.090308 -0.602383  0.206122 0.005146 1 28 1.000000
combine_gun002
0  0.292810 -25.338205 70.955147  -0.793082 -0.090308 -0.602383  0.206122 0.005146 1 28 1.000000
0  0.195392 -25.195938 71.063690  -0.793094 -0.090328 -0.602364  0.203650 0.005146 1 28 1.000000
0  0.313305 -24.534489 70.683784  -0.848270 -0.239154 -0.472487  0.183684 0.005146 1 28 1.000000
combine_gun002
0  0.292810 -25.338205 70.955147  -0.793082 -0.090308 -0.602383  0.206122 0.005146 1 28 1.000000
0  0.313305 -24.534489 70.683784  -0.848270 -0.239154 -0.472487  0.183684 0.005146 1 28 1.000000
0  0.407583 -24.693153 70.595215  -0.848262 -0.239140 -0.472508  0.186655 0.005146 1 28 1.000000
combine_gun002
0  0.407583 -24.693153 70.595215  -0.848262 -0.239140 -0.472508  0.186655 0.005146 1 28 1.000000
0  0.313305 -24.534489 70.683784  -0.848270 -0.239154 -0.472487  0.183684 0.005146 1 28 1.000000
0  0.373831 -23.947609 70.076996  -0.883264 -0.368753 -0.289597  0.166624 0.005146 1 28 1.000000
combine_gun002
0  0.407583 -24.693153 70.595215  -0.848262 -0.239140 -0.472508  0.186655 0.005146 1 28 1.000000
0  0.373831 -23.947609 70.076996  -0.883264 -0.368753 -0.289597  0.166624 0.005146 1 28 1.000000
0  0.468545 -24.117510 70.009056  -0.883264 -0.368733 -0.289621  0.169898 0.005146 1 28 1.000000
combine_gun002
0  0.468545 -24.117510 70.009056  -0.883264 -0.368733 -0.289621  0.169898 0.005146 1 28 1.000000
0  0.373831 -23.947609 70.076996  -0.883264 -0.368753 -0.289597  0.166624 0.005146 1 28 1.000000
0  0.379151 -23.487175 68.996201  -0.893083 -0.430369 -0.131089  0.153866 0.005146 1 28 1.000000
combine_gun002
0  0.468545 -24.117510 70.009056  -0.883264 -0.368733 -0.289621  0.169898 0.005146 1 28 1.000000
0  0.379151 -23.487175 68.996201  -0.893083 -0.430369 -0.131089  0.153866 0.005146 1 28 1.000000
0  0.473255 -23.663486 68.944046  -0.893057 -0.430412 -0.131126  0.157324 0.005146 1 28 1.000000
combine_gun002
0  0.473255 -23.663486 68.944046  -0.893057 -0.430412 -0.131126  0.157324 0.005146 1 28 1.000000
0  0.379151 -23.487175 68.996201  -0.893083 -0.430369 -0.131089  0.153866 0.005146 1 28 1.000000
0  0.331358 -23.205093 67.998260  -0.899983 -0.435909 -0.003799  0.146807 0.005146 1 28 1.000000
combine_gun002
0  0.473255 -23.663486 68.944046  -0.893057 -0.430412 -0.131126  0.157324 0.005146 1 28 1.000000
0  0.331358 -23.205093 67.998260  -0.899983 -0.435909 -0.003799  0.146807 0.005146 1 28 1.000000
0  0.419618 -23.383280 67.951515  -0.900006 -0.435861 -0.003806  0.150404 0.005146 1 28 1.000000
combine_gun002
0  0.419618 -23.383280 67.951515  -0.900006 -0.435861 -0.003806  0.150404 0.005146 1 28 1.000000
0  0.331358 -23.205093 67.998260  -0.899983 -0.435909 -0.003799  0.146807 0.005146 1 28 1.000000
0  0.233330 -23.125160 67.153687  -0.896959 -0.416074 0.149487  0.146061 0.005146 1 28 1.000000
combine_gun002
0  0.419618 -23.383280 67.951515  -0.900006 -0.435861 -0.003806  0.150404 0.005146 1 28 1.000000
0  0.233330 -23.125160 67.153687  -0.896959 -0.416074 0.149487  0.146061 0.005146 1 28 1.000000
0  0.306328 -23.300526 67.098648  -0.896949 -0.416063 0.149578  0.149807 0.005146 1 28 1.000000
combine_gun002
0  0.306328 -23.300526 67.098648  -0.896949 -0.416063 0.149578  0.149807 0.005146 1 28 1.000000
0  0.233330 -23.125160 67.153687  -0.896959 -0.416074 0.149487  0.146061 0.005146 1 28 1.000000
0  0.089777 -23.158901 66.500626  -0.867406 -0.384576 0.315767  0.149120 0.005146 1 28 1.000000
combine_gun002
0  -1.377548 -27.933681 71.590134  0.573536 -0.812990 -0.100518  0.302389 0.005146 1 28 1.000000
0  -0.574180 -27.314945 71.170128  0.573540 -0.812980 -0.100572  0.273426 0.005146 1 28 1.000000
0  -0.494467 -27.303673 71.380882  0.573546 -0.812976 -0.100576  0.271933 0.005146 1 28 1.000000
combine_gun002
0  -1.377548 -27.933681 71.590134  0.573536 -0.812990 -0.100518  0.302389 0.005146 1 28 1.000000
0  -1.390193 -27.919283 71.248718  0.573526 -0.812997 -0.100514  0.302180 0.005146 1 28 1.000000
0  -0.574180 -27.314945 71.170128  0.573540 -0.812980 -0.100572  0.273426 0.005146 1 28 1.000000
combine_gun002
0  -0.801807 -22.931362 67.732742  0.762200 -0.164713 0.626036  0.156088 0.005146 1 28 1.000000
0  -1.198454 -24.453434 67.815201  0.762254 -0.164734 0.625965  0.203891 0.005146 1 28 1.000000
0  -1.003707 -24.453173 67.554993  0.762269 -0.164736 0.625946  0.200993 0.005146 1 28 1.000000
combine_gun002
0  -0.801807 -22.931362 67.732742  0.762200 -0.164713 0.626036  0.156088 0.005146 1 28 1.000000
0  -1.014347 -23.040968 67.939560  0.762213 -0.164719 0.626019  0.162261 0.005146 1 28 1.000000
0  -1.198454 -24.453434 67.815201  0.762254 -0.164734 0.625965  0.203891 0.005146 1 28 1.000000
combine_gun002
0  -1.107142 -22.838936 67.745079  0.062488 0.120668 -0.990724  0.158075 0.005146 1 28 1.000000
0  -1.003707 -24.453173 67.554993  0.062583 0.120672 -0.990718  0.200993 0.005146 1 28 1.000000
0  -1.325699 -24.431717 67.516930  0.062557 0.120674 -0.990719  0.205182 0.005146 1 28 1.000000
combine_gun002
0  -1.107142 -22.838936 67.745079  0.062488 0.120668 -0.990724  0.158075 0.005146 1 28 1.000000
0  -0.801807 -22.931362 67.732742  0.062507 0.120666 -0.990723  0.156088 0.005146 1 28 1.000000
0  -1.003707 -24.453173 67.554993  0.062583 0.120672 -0.990718  0.200993 0.005146 1 28 1.000000
combine_gun002
0  -1.377548 -27.933681 71.590134  0.756331 -0.417922 -0.503293  0.302389 0.005146 1 28 1.000000
0  -0.603920 -26.858088 71.859818  0.756325 -0.417763 -0.503435  0.261287 0.005146 1 28 1.000000
0  -0.326494 -26.916794 72.014877  0.756331 -0.417796 -0.503399  0.258786 0.005146 1 28 1.000000
combine_gun002
0  -1.377548 -27.933681 71.590134  0.756331 -0.417922 -0.503293  0.302389 0.005146 1 28 1.000000
0  -1.390193 -27.919283 71.248718  0.756328 -0.417804 -0.503397  0.302180 0.005146 1 28 1.000000
0  -0.603920 -26.858088 71.859818  0.756325 -0.417763 -0.503435  0.261287 0.005146 1 28 1.000000
combine_gun002
0  -8.401721 -25.140800 70.045959  0.490357 0.551407 -0.674908  0.846787 0.365171 1 28 1.000000
0  -8.065741 -24.532543 70.787018  0.490357 0.551407 -0.674907  0.861970 0.349842 1 28 1.000000
0  -7.723743 -25.140802 70.538544  0.490350 0.551409 -0.674911  0.861970 0.365171 1 28 1.000000
combine_gun002
0  -8.401721 -25.140800 70.045959  0.490357 0.551407 -0.674908  0.846787 0.365171 1 28 1.000000
0  -8.532352 -24.532543 70.447998  0.490365 0.551405 -0.674903  0.846787 0.349842 1 28 1.000000
0  -8.065741 -24.532543 70.787018  0.490357 0.551407 -0.674907  0.861970 0.349842 1 28 1.000000
combine_gun002
0  -8.032242 -27.050566 70.762680  0.587781 0.000000 0.809020  0.027600 0.503984 1 28 1.000000
0  -8.065741 -24.532543 70.787018  0.587781 0.000000 0.809020  0.005485 0.606337 1 28 1.000000
0  -8.303234 -26.233437 70.959564  0.587782 0.000000 0.809020  0.007311 0.534590 1 28 1.000000
combine_gun002
0  -8.032242 -27.050566 70.762680  0.587781 0.000000 0.809020  0.027600 0.503984 1 28 1.000000
0  -7.723743 -25.140802 70.538544  0.587780 0.000000 0.809020  0.027659 0.584961 1 28 1.000000
0  -8.065741 -24.532543 70.787018  0.587781 0.000000 0.809020  0.005485 0.606337 1 28 1.000000
combine_gun002
0  -8.303234 -26.233437 70.959564  -0.580032 0.161975 0.798328  0.883333 0.468756 1 28 1.000000
0  -8.532352 -24.532543 70.447998  -0.580028 0.161976 0.798331  0.869046 0.428419 1 28 1.000000
0  -8.623066 -26.233437 70.727188  -0.580033 0.161975 0.798327  0.869046 0.468756 1 28 1.000000
combine_gun002
0  -8.303234 -26.233437 70.959564  -0.580032 0.161975 0.798328  0.883333 0.468756 1 28 1.000000
0  -8.065741 -24.532543 70.787018  -0.580027 0.161976 0.798331  0.883333 0.428419 1 28 1.000000
0  -8.532352 -24.532543 70.447998  -0.580028 0.161976 0.798331  0.869046 0.428419 1 28 1.000000
combine_gun002
0  -8.623066 -26.233437 70.727188  -0.951058 -0.000000 -0.309012  0.209503 0.005146 1 28 1.000000
0  -8.401721 -25.140800 70.045959  -0.951057 -0.000001 -0.309017  0.264674 0.005146 1 28 1.000000
0  -8.519556 -27.050566 70.408615  -0.951058 0.000000 -0.309011  0.168245 0.005146 1 28 1.000000
combine_gun002
0  -8.623066 -26.233437 70.727188  -0.951058 -0.000000 -0.309012  0.209503 0.005146 1 28 1.000000
0  -8.532352 -24.532543 70.447998  -0.951056 -0.000001 -0.309018  0.295386 0.005146 1 28 1.000000
0  -8.401721 -25.140800 70.045959  -0.951057 -0.000001 -0.309017  0.264674 0.005146 1 28 1.000000
combine_gun002
0  -8.032242 -27.050566 71.908417  -0.587789 -0.000000 0.809015  0.687817 0.561215 1 28 1.000000
0  -8.065741 -24.532543 71.884079  -0.587796 -0.000000 0.809010  0.601191 0.605166 1 28 1.000000
0  -8.303234 -26.233438 71.711533  -0.587782 0.000000 0.809019  0.653914 0.564512 1 28 1.000000
combine_gun002
0  -8.032242 -27.050566 71.908417  -0.587789 -0.000000 0.809015  0.687817 0.561215 1 28 1.000000
0  -7.723743 -25.140802 72.132561  -0.587800 -0.000000 0.809006  0.629552 0.608626 1 28 1.000000
0  -8.065741 -24.532543 71.884079  -0.587796 -0.000000 0.809010  0.601191 0.605166 1 28 1.000000
combine_gun002
0  -8.303234 -26.233438 71.711533  -0.938500 0.161972 -0.304931  0.911907 0.468756 1 28 1.000000
0  -7.887511 -24.532543 71.335548  -0.938497 0.161976 -0.304939  0.897620 0.428419 1 28 1.000000
0  -8.181068 -26.233437 71.335548  -0.938501 0.161971 -0.304928  0.897620 0.468756 1 28 1.000000
combine_gun002
0  -8.303234 -26.233438 71.711533  -0.938500 0.161972 -0.304931  0.911907 0.468756 1 28 1.000000
0  -8.065741 -24.532543 71.884079  -0.938496 0.161976 -0.304941  0.911907 0.428419 1 28 1.000000
0  -7.887511 -24.532543 71.335548  -0.938497 0.161976 -0.304939  0.897620 0.428419 1 28 1.000000
combine_gun002
0  -8.181068 -26.233437 71.335548  0.000000 0.000000 -1.000000  0.066381 0.548875 1 28 1.000000
0  -7.464778 -25.140802 71.335548  0.000000 0.000000 -1.000000  0.099218 0.598969 1 28 1.000000
0  -7.846104 -27.050566 71.335548  0.000000 0.000000 -1.000000  0.081737 0.511413 1 28 1.000000
combine_gun002
0  -8.181068 -26.233437 71.335548  0.000000 0.000000 -1.000000  0.066381 0.548875 1 28 1.000000
0  -7.887511 -24.532543 71.335548  0.000000 0.000000 -1.000000  0.079837 0.626855 1 28 1.000000
0  -7.464778 -25.140802 71.335548  0.000000 0.000000 -1.000000  0.099218 0.598969 1 28 1.000000
combine_gun002
0  -9.121911 -27.050566 72.262482  -0.951058 -0.000000 -0.309012  0.764131 0.393997 1 28 1.000000
0  -9.109116 -24.532543 72.223099  -0.951055 -0.000000 -0.309022  0.746265 0.487786 1 28 1.000000
0  -9.018402 -26.233438 71.943909  -0.951061 -0.000001 -0.309003  0.746323 0.422348 1 28 1.000000
combine_gun002
0  -9.121911 -27.050566 72.262482  -0.951058 -0.000000 -0.309012  0.764131 0.393997 1 28 1.000000
0  -9.239747 -25.140802 72.625137  -0.951053 0.000000 -0.309028  0.765998 0.467806 1 28 1.000000
0  -9.109116 -24.532543 72.223099  -0.951055 -0.000000 -0.309022  0.746265 0.487786 1 28 1.000000
combine_gun002
0  -9.018402 -26.233438 71.943909  0.000000 0.161976 -0.986795  0.797611 0.468756 1 28 1.000000
0  -8.532352 -24.532543 72.223099  0.000000 0.161975 -0.986795  0.783325 0.428419 1 28 1.000000
0  -8.623066 -26.233438 71.943909  0.000000 0.161976 -0.986795  0.783324 0.468756 1 28 1.000000
combine_gun002
0  -9.018402 -26.233438 71.943909  0.000000 0.161976 -0.986795  0.797611 0.468756 1 28 1.000000
0  -9.109116 -24.532543 72.223099  0.000000 0.161975 -0.986795  0.797612 0.428419 1 28 1.000000
0  -8.532352 -24.532543 72.223099  0.000000 0.161975 -0.986795  0.783325 0.428419 1 28 1.000000
combine_gun002
0  -8.623066 -26.233438 71.943909  0.951056 0.000000 -0.309019  0.734060 0.419948 1 28 1.000000
0  -8.401721 -25.140802 72.625137  0.951057 0.000001 -0.309016  0.715474 0.465959 1 28 1.000000
0  -8.519556 -27.050566 72.262482  0.951056 0.000000 -0.309020  0.715528 0.391992 1 28 1.000000
combine_gun002
0  -8.623066 -26.233438 71.943909  0.951056 0.000000 -0.309019  0.734060 0.419948 1 28 1.000000
0  -8.532352 -24.532543 72.223099  0.951057 0.000001 -0.309015  0.735728 0.485485 1 28 1.000000
0  -8.401721 -25.140802 72.625137  0.951057 0.000001 -0.309016  0.715474 0.465959 1 28 1.000000
combine_gun002
0  -9.795364 -27.050566 71.335548  0.000012 0.000000 -1.000000  0.366515 0.652828 1 28 1.000000
0  -9.753957 -24.532543 71.335548  0.000005 0.000000 -1.000000  0.368801 0.791926 1 28 1.000000
0  -9.460400 -26.233437 71.335548  0.000019 0.000000 -1.000000  0.385019 0.697966 1 28 1.000000
combine_gun002
0  -9.795364 -27.050566 71.335548  0.000012 0.000000 -1.000000  0.366515 0.652828 1 28 1.000000
0  -10.176690 -25.140802 71.335548  0.000000 0.000000 -1.000000  0.345449 0.758325 1 28 1.000000
0  -9.753957 -24.532543 71.335548  0.000005 0.000000 -1.000000  0.368801 0.791926 1 28 1.000000
combine_gun002
0  -9.460400 -26.233437 71.335548  0.938496 0.161977 -0.304940  0.826185 0.468756 1 28 1.000000
0  -9.575727 -24.532543 71.884079  0.938499 0.161974 -0.304933  0.811899 0.428419 1 28 1.000000
0  -9.338234 -26.233438 71.711533  0.938495 0.161978 -0.304942  0.811898 0.468756 1 28 1.000000
combine_gun002
0  -9.460400 -26.233437 71.335548  0.938496 0.161977 -0.304940  0.826185 0.468756 1 28 1.000000
0  -9.753957 -24.532543 71.335548  0.938500 0.161973 -0.304932  0.826185 0.428419 1 28 1.000000
0  -9.575727 -24.532543 71.884079  0.938499 0.161974 -0.304933  0.811899 0.428419 1 28 1.000000
combine_gun002
0  -9.338234 -26.233438 71.711533  0.587794 -0.000002 0.809011  0.391769 0.697966 1 28 1.000000
0  -9.917725 -25.140802 72.132561  0.587780 0.000001 0.809021  0.359755 0.758325 1 28 1.000000
0  -9.609226 -27.050566 71.908417  0.587797 -0.000003 0.809009  0.376799 0.652828 1 28 1.000000
combine_gun002
0  -9.338234 -26.233438 71.711533  0.587794 -0.000002 0.809011  0.391769 0.697966 1 28 1.000000
0  -9.575727 -24.532543 71.884079  0.587776 0.000002 0.809023  0.378647 0.791926 1 28 1.000000
0  -9.917725 -25.140802 72.132561  0.587780 0.000001 0.809021  0.359755 0.758325 1 28 1.000000
combine_gun002
0  -9.121911 -27.050566 70.408615  0.951057 0.000000 -0.309014  0.168245 0.005146 1 28 1.000000
0  -9.109116 -24.532543 70.447998  0.951056 0.000000 -0.309019  0.295386 0.005146 1 28 1.000000
0  -9.018402 -26.233437 70.727188  0.951059 0.000001 -0.309009  0.209503 0.005146 1 28 1.000000
combine_gun002
0  -9.121911 -27.050566 70.408615  0.951057 0.000000 -0.309014  0.168245 0.005146 1 28 1.000000
0  -9.239747 -25.140800 70.045959  0.951055 0.000000 -0.309022  0.264674 0.005146 1 28 1.000000
0  -9.109116 -24.532543 70.447998  0.951056 0.000000 -0.309019  0.295386 0.005146 1 28 1.000000
combine_gun002
0  -9.018402 -26.233437 70.727188  0.580032 0.161975 0.798328  0.854760 0.468756 1 28 1.000000
0  -9.575727 -24.532543 70.787018  0.580027 0.161976 0.798331  0.840472 0.428419 1 28 1.000000
0  -9.338234 -26.233437 70.959564  0.580033 0.161975 0.798327  0.840473 0.468756 1 28 1.000000
combine_gun002
0  -9.018402 -26.233437 70.727188  0.580032 0.161975 0.798328  0.854760 0.468756 1 28 1.000000
0  -9.109116 -24.532543 70.447998  0.580026 0.161976 0.798332  0.854759 0.428419 1 28 1.000000
0  -9.575727 -24.532543 70.787018  0.580027 0.161976 0.798331  0.840472 0.428419 1 28 1.000000
combine_gun002
0  -9.338234 -26.233437 70.959564  -0.587777 0.000000 0.809023  0.891082 0.668548 1 28 1.000000
0  -9.917725 -25.140802 70.538544  -0.587786 0.000000 0.809016  0.842977 0.649389 1 28 1.000000
0  -9.609226 -27.050566 70.762680  -0.587775 0.000000 0.809025  0.920157 0.649067 1 28 1.000000
combine_gun002
0  -9.338234 -26.233437 70.959564  -0.587777 0.000000 0.809023  0.891082 0.668548 1 28 1.000000
0  -9.575727 -24.532543 70.787018  -0.587789 0.000000 0.809015  0.822707 0.670622 1 28 1.000000
0  -9.917725 -25.140802 70.538544  -0.587786 0.000000 0.809016  0.842977 0.649389 1 28 1.000000
combine_gun002
0  -7.464778 -25.140802 71.335548  0.793404 0.551410 0.257792  0.877154 0.365171 1 28 1.000000
0  -8.065741 -24.532543 71.884079  0.793405 0.551410 0.257792  0.892337 0.349842 1 28 1.000000
0  -7.723743 -25.140802 72.132561  0.793398 0.551418 0.257794  0.892337 0.365171 1 28 1.000000
combine_gun002
0  -7.464778 -25.140802 71.335548  0.793404 0.551410 0.257792  0.877154 0.365171 1 28 1.000000
0  -7.887511 -24.532543 71.335548  0.793412 0.551400 0.257789  0.877154 0.349842 1 28 1.000000
0  -8.065741 -24.532543 71.884079  0.793405 0.551410 0.257792  0.892337 0.349842 1 28 1.000000
combine_gun002
0  -8.401721 -25.140802 72.625137  0.000000 0.551402 0.834239  0.767199 0.365171 1 28 1.000000
0  -9.109116 -24.532543 72.223099  0.000000 0.551402 0.834239  0.782383 0.349842 1 28 1.000000
0  -9.239747 -25.140802 72.625137  0.000000 0.551402 0.834239  0.782382 0.365171 1 28 1.000000
combine_gun002
0  -8.401721 -25.140802 72.625137  0.000000 0.551402 0.834239  0.767199 0.365171 1 28 1.000000
0  -8.532352 -24.532543 72.223099  0.000000 0.551403 0.834239  0.767199 0.349842 1 28 1.000000
0  -9.109116 -24.532543 72.223099  0.000000 0.551402 0.834239  0.782383 0.349842 1 28 1.000000
combine_gun002
0  -9.917725 -25.140802 72.132561  -0.793404 0.551409 0.257794  0.786054 0.365171 1 28 1.000000
0  -9.753957 -24.532543 71.335548  -0.793404 0.551409 0.257795  0.801238 0.349842 1 28 1.000000
0  -10.176690 -25.140802 71.335548  -0.793409 0.551405 0.257789  0.801238 0.365171 1 28 1.000000
combine_gun002
0  -9.917725 -25.140802 72.132561  -0.793404 0.551409 0.257794  0.786054 0.365171 1 28 1.000000
0  -9.575727 -24.532543 71.884079  -0.793399 0.551414 0.257801  0.786055 0.349842 1 28 1.000000
0  -9.753957 -24.532543 71.335548  -0.793404 0.551409 0.257795  0.801238 0.349842 1 28 1.000000
combine_gun002
0  -9.917725 -25.140802 70.538544  -0.490357 0.551407 -0.674908  0.816421 0.365171 1 28 1.000000
0  -9.109116 -24.532543 70.447998  -0.490356 0.551407 -0.674908  0.831603 0.349842 1 28 1.000000
0  -9.239747 -25.140800 70.045959  -0.490362 0.551405 -0.674906  0.831604 0.365171 1 28 1.000000
combine_gun002
0  -9.917725 -25.140802 70.538544  -0.490357 0.551407 -0.674908  0.816421 0.365171 1 28 1.000000
0  -9.575727 -24.532543 70.787018  -0.490350 0.551410 -0.674911  0.816420 0.349842 1 28 1.000000
0  -9.109116 -24.532543 70.447998  -0.490356 0.551407 -0.674908  0.831603 0.349842 1 28 1.000000
combine_gun002
0  -9.033318 -34.952057 71.989815  0.000000 0.000000 -1.000000  0.791534 0.505261 1 28 1.000000
0  -8.608149 -34.821865 71.989815  0.000000 0.000000 -1.000000  0.778379 0.499658 1 28 1.000000
0  -8.608149 -34.952057 71.989815  0.000000 0.000000 -1.000000  0.778379 0.505261 1 28 1.000000
combine_gun002
0  -9.033318 -34.952057 71.989815  0.000000 0.000000 -1.000000  0.791534 0.505261 1 28 1.000000
0  -9.033318 -34.821865 71.989815  0.000000 0.000000 -1.000000  0.791534 0.499658 1 28 1.000000
0  -8.608149 -34.821865 71.989815  0.000000 0.000000 -1.000000  0.778379 0.499658 1 28 1.000000
combine_gun002
0  -8.608149 -34.952057 71.989815  -0.587777 0.000000 -0.809023  0.909923 0.505261 1 28 1.000000
0  -8.264181 -34.821865 71.739914  -0.587787 0.000000 -0.809015  0.896768 0.499658 1 28 1.000000
0  -8.264181 -34.952057 71.739914  -0.587791 0.000000 -0.809013  0.896768 0.505261 1 28 1.000000
combine_gun002
0  -8.608149 -34.952057 71.989815  -0.587777 0.000000 -0.809023  0.909923 0.505261 1 28 1.000000
0  -8.608149 -34.821865 71.989815  -0.587774 0.000000 -0.809025  0.909923 0.499658 1 28 1.000000
0  -8.264181 -34.821865 71.739914  -0.587787 0.000000 -0.809015  0.896768 0.499658 1 28 1.000000
combine_gun002
0  -8.264181 -34.952057 71.739914  -0.951058 0.000000 -0.309014  0.896768 0.505261 1 28 1.000000
0  -8.132796 -34.821865 71.335548  -0.951058 0.000000 -0.309014  0.883614 0.499658 1 28 1.000000
0  -8.132796 -34.952057 71.335548  -0.951058 0.000000 -0.309014  0.883614 0.505261 1 28 1.000000
combine_gun002
0  -8.264181 -34.952057 71.739914  -0.951058 0.000000 -0.309014  0.896768 0.505261 1 28 1.000000
0  -8.264181 -34.821865 71.739914  -0.951058 0.000000 -0.309014  0.896768 0.499658 1 28 1.000000
0  -8.132796 -34.821865 71.335548  -0.951058 0.000000 -0.309014  0.883614 0.499658 1 28 1.000000
combine_gun002
0  -8.132796 -34.952057 71.335548  -0.951058 0.000000 0.309014  0.883614 0.505261 1 28 1.000000
0  -8.264181 -34.821865 70.931190  -0.951058 0.000000 0.309014  0.870459 0.499658 1 28 1.000000
0  -8.264181 -34.952057 70.931190  -0.951058 0.000000 0.309014  0.870459 0.505261 1 28 1.000000
combine_gun002
0  -8.132796 -34.952057 71.335548  -0.951058 0.000000 0.309014  0.883614 0.505261 1 28 1.000000
0  -8.132796 -34.821865 71.335548  -0.951058 0.000000 0.309014  0.883614 0.499658 1 28 1.000000
0  -8.264181 -34.821865 70.931190  -0.951058 0.000000 0.309014  0.870459 0.499658 1 28 1.000000
combine_gun002
0  -8.264181 -34.952057 70.931190  -0.587777 0.000000 0.809023  0.870459 0.505261 1 28 1.000000
0  -8.608149 -34.821865 70.681282  -0.587787 0.000000 0.809015  0.857305 0.499658 1 28 1.000000
0  -8.608149 -34.952057 70.681282  -0.587791 0.000000 0.809013  0.857305 0.505261 1 28 1.000000
combine_gun002
0  -8.264181 -34.952057 70.931190  -0.587777 0.000000 0.809023  0.870459 0.505261 1 28 1.000000
0  -8.264181 -34.821865 70.931190  -0.587774 0.000000 0.809025  0.870459 0.499658 1 28 1.000000
0  -8.608149 -34.821865 70.681282  -0.587787 0.000000 0.809015  0.857305 0.499658 1 28 1.000000
combine_gun002
0  -8.608149 -34.952057 70.681282  0.000000 0.000000 1.000000  0.857305 0.505261 1 28 1.000000
0  -9.033318 -34.821865 70.681282  0.000000 0.000000 1.000000  0.844150 0.499658 1 28 1.000000
0  -9.033318 -34.952057 70.681282  0.000000 0.000000 1.000000  0.844150 0.505261 1 28 1.000000
combine_gun002
0  -8.608149 -34.952057 70.681282  0.000000 0.000000 1.000000  0.857305 0.505261 1 28 1.000000
0  -8.608149 -34.821865 70.681282  0.000000 0.000000 1.000000  0.857305 0.499658 1 28 1.000000
0  -9.033318 -34.821865 70.681282  0.000000 0.000000 1.000000  0.844150 0.499658 1 28 1.000000
combine_gun002
0  -9.033318 -34.952057 70.681282  0.587777 0.000000 0.809023  0.844150 0.505261 1 28 1.000000
0  -9.377287 -34.821865 70.931190  0.587787 0.000000 0.809015  0.830997 0.499658 1 28 1.000000
0  -9.377287 -34.952057 70.931190  0.587791 0.000000 0.809013  0.830997 0.505261 1 28 1.000000
combine_gun002
0  -9.033318 -34.952057 70.681282  0.587777 0.000000 0.809023  0.844150 0.505261 1 28 1.000000
0  -9.033318 -34.821865 70.681282  0.587774 0.000000 0.809025  0.844150 0.499658 1 28 1.000000
0  -9.377287 -34.821865 70.931190  0.587787 0.000000 0.809015  0.830997 0.499658 1 28 1.000000
combine_gun002
0  -9.377287 -34.952057 70.931190  0.951058 0.000000 0.309014  0.830997 0.505261 1 28 1.000000
0  -9.508672 -34.821865 71.335548  0.951058 0.000000 0.309014  0.817842 0.499658 1 28 1.000000
0  -9.508672 -34.952057 71.335548  0.951058 0.000000 0.309014  0.817842 0.505261 1 28 1.000000
combine_gun002
0  -9.377287 -34.952057 70.931190  0.951058 0.000000 0.309014  0.830997 0.505261 1 28 1.000000
0  -9.377287 -34.821865 70.931190  0.951058 0.000000 0.309014  0.830997 0.499658 1 28 1.000000
0  -9.508672 -34.821865 71.335548  0.951058 0.000000 0.309014  0.817842 0.499658 1 28 1.000000
combine_gun002
0  -9.508672 -34.952057 71.335548  0.951058 0.000000 -0.309014  0.817842 0.505261 1 28 1.000000
0  -9.377287 -34.821865 71.739914  0.951058 0.000000 -0.309014  0.804687 0.499658 1 28 1.000000
0  -9.377287 -34.952057 71.739914  0.951058 0.000000 -0.309014  0.804687 0.505261 1 28 1.000000
combine_gun002
0  -9.508672 -34.952057 71.335548  0.951058 0.000000 -0.309014  0.817842 0.505261 1 28 1.000000
0  -9.508672 -34.821865 71.335548  0.951058 0.000000 -0.309014  0.817842 0.499658 1 28 1.000000
0  -9.377287 -34.821865 71.739914  0.951058 0.000000 -0.309014  0.804687 0.499658 1 28 1.000000
combine_gun002
0  -9.377287 -34.952057 71.739914  0.587777 0.000000 -0.809023  0.804687 0.505261 1 28 1.000000
0  -9.033318 -34.821865 71.989815  0.587787 0.000000 -0.809015  0.791534 0.499658 1 28 1.000000
0  -9.033318 -34.952057 71.989815  0.587791 0.000000 -0.809013  0.791534 0.505261 1 28 1.000000
combine_gun002
0  -9.377287 -34.952057 71.739914  0.587777 0.000000 -0.809023  0.804687 0.505261 1 28 1.000000
0  -9.377287 -34.821865 71.739914  0.587774 0.000000 -0.809025  0.804687 0.499658 1 28 1.000000
0  -9.033318 -34.821865 71.989815  0.587787 0.000000 -0.809015  0.791534 0.499658 1 28 1.000000
combine_gun002
0  -9.535446 -34.952057 71.854813  0.000000 -1.000000 0.000006  0.346317 0.765575 1 28 1.000000
0  -9.377287 -34.952057 71.739914  0.000000 -1.000000 0.000012  0.351437 0.761856 1 28 1.000000
0  -9.033318 -34.952057 71.989815  0.000000 -1.000000 -0.000005  0.362568 0.769944 1 28 1.000000
combine_gun002
0  -9.704167 -34.952057 71.335548  0.000000 -1.000000 0.000000  0.340857 0.748769 1 28 1.000000
0  -9.377287 -34.952057 71.739914  0.000000 -1.000000 0.000012  0.351437 0.761856 1 28 1.000000
0  -9.535446 -34.952057 71.854813  0.000000 -1.000000 0.000006  0.346317 0.765575 1 28 1.000000
combine_gun002
0  -9.704167 -34.952057 71.335548  0.000000 -1.000000 0.000000  0.340857 0.748769 1 28 1.000000
0  -9.508672 -34.952057 71.335548  0.000000 -1.000000 0.000000  0.347184 0.748769 1 28 1.000000
0  -9.377287 -34.952057 71.739914  0.000000 -1.000000 0.000012  0.351437 0.761856 1 28 1.000000
combine_gun002
0  -9.535446 -34.952057 70.816284  0.000000 -1.000000 0.000000  0.346317 0.731964 1 28 1.000000
0  -9.508672 -34.952057 71.335548  0.000000 -1.000000 0.000000  0.347184 0.748769 1 28 1.000000
0  -9.704167 -34.952057 71.335548  0.000000 -1.000000 0.000000  0.340857 0.748769 1 28 1.000000
combine_gun002
0  -9.535446 -34.952057 70.816284  0.000000 -1.000000 0.000000  0.346317 0.731964 1 28 1.000000
0  -9.377287 -34.952057 70.931190  0.000000 -1.000000 0.000000  0.351437 0.735683 1 28 1.000000
0  -9.508672 -34.952057 71.335548  0.000000 -1.000000 0.000000  0.347184 0.748769 1 28 1.000000
combine_gun002
0  -9.093730 -34.952057 70.495354  0.000000 -1.000000 0.000000  0.360613 0.721577 1 28 1.000000
0  -9.377287 -34.952057 70.931190  0.000000 -1.000000 0.000000  0.351437 0.735683 1 28 1.000000
0  -9.535446 -34.952057 70.816284  0.000000 -1.000000 0.000000  0.346317 0.731964 1 28 1.000000
combine_gun002
0  -9.093730 -34.952057 70.495354  0.000000 -1.000000 0.000000  0.360613 0.721577 1 28 1.000000
0  -9.033318 -34.952057 70.681282  0.000000 -1.000000 0.000000  0.362568 0.727595 1 28 1.000000
0  -9.377287 -34.952057 70.931190  0.000000 -1.000000 0.000000  0.351437 0.735683 1 28 1.000000
combine_gun002
0  -8.547738 -34.952057 70.495354  0.000000 -1.000000 -0.000009  0.378284 0.721577 1 28 1.000000
0  -9.033318 -34.952057 70.681282  0.000000 -1.000000 0.000000  0.362568 0.727595 1 28 1.000000
0  -9.093730 -34.952057 70.495354  0.000000 -1.000000 0.000000  0.360613 0.721577 1 28 1.000000
combine_gun002
0  -8.547738 -34.952057 70.495354  0.000000 -1.000000 -0.000009  0.378284 0.721577 1 28 1.000000
0  -8.608149 -34.952057 70.681282  0.000000 -1.000000 -0.000005  0.376329 0.727595 1 28 1.000000
0  -9.033318 -34.952057 70.681282  0.000000 -1.000000 0.000000  0.362568 0.727595 1 28 1.000000
combine_gun002
0  -8.106022 -34.952057 70.816284  0.000000 -1.000000 0.000001  0.392580 0.731964 1 28 1.000000
0  -8.608149 -34.952057 70.681282  0.000000 -1.000000 -0.000005  0.376329 0.727595 1 28 1.000000
0  -8.547738 -34.952057 70.495354  0.000000 -1.000000 -0.000009  0.378284 0.721577 1 28 1.000000
combine_gun002
0  -8.106022 -34.952057 70.816284  0.000000 -1.000000 0.000001  0.392580 0.731964 1 28 1.000000
0  -8.264181 -34.952057 70.931190  0.000000 -1.000000 0.000009  0.387461 0.735683 1 28 1.000000
0  -8.608149 -34.952057 70.681282  0.000000 -1.000000 -0.000005  0.376329 0.727595 1 28 1.000000
combine_gun002
0  -7.937301 -34.952057 71.335548  0.000000 -1.000000 0.000003  0.398039 0.748769 1 28 1.000000
0  -8.264181 -34.952057 70.931190  0.000000 -1.000000 0.000009  0.387461 0.735683 1 28 1.000000
0  -8.106022 -34.952057 70.816284  0.000000 -1.000000 0.000001  0.392580 0.731964 1 28 1.000000
combine_gun002
0  -7.937301 -34.952057 71.335548  0.000000 -1.000000 0.000003  0.398039 0.748769 1 28 1.000000
0  -8.132796 -34.952057 71.335548  0.000000 -1.000000 0.000006  0.391712 0.748769 1 28 1.000000
0  -8.264181 -34.952057 70.931190  0.000000 -1.000000 0.000009  0.387461 0.735683 1 28 1.000000
combine_gun002
0  -8.106022 -34.952057 71.854813  0.000000 -1.000000 0.000000  0.392580 0.765575 1 28 1.000000
0  -8.132796 -34.952057 71.335548  0.000000 -1.000000 0.000006  0.391712 0.748769 1 28 1.000000
0  -7.937301 -34.952057 71.335548  0.000000 -1.000000 0.000003  0.398039 0.748769 1 28 1.000000
combine_gun002
0  -8.106022 -34.952057 71.854813  0.000000 -1.000000 0.000000  0.392580 0.765575 1 28 1.000000
0  -8.264181 -34.952057 71.739914  0.000000 -1.000000 0.000000  0.387461 0.761856 1 28 1.000000
0  -8.132796 -34.952057 71.335548  0.000000 -1.000000 0.000006  0.391712 0.748769 1 28 1.000000
combine_gun002
0  -8.547738 -34.952057 72.175743  0.000000 -1.000000 0.000000  0.378284 0.775961 1 28 1.000000
0  -8.264181 -34.952057 71.739914  0.000000 -1.000000 0.000000  0.387461 0.761856 1 28 1.000000
0  -8.106022 -34.952057 71.854813  0.000000 -1.000000 0.000000  0.392580 0.765575 1 28 1.000000
combine_gun002
0  -8.547738 -34.952057 72.175743  0.000000 -1.000000 0.000000  0.378284 0.775961 1 28 1.000000
0  -8.608149 -34.952057 71.989815  0.000000 -1.000000 0.000000  0.376329 0.769944 1 28 1.000000
0  -8.264181 -34.952057 71.739914  0.000000 -1.000000 0.000000  0.387461 0.761856 1 28 1.000000
combine_gun002
0  -9.093730 -34.952057 72.175743  0.000000 -1.000000 -0.000009  0.360613 0.775961 1 28 1.000000
0  -8.608149 -34.952057 71.989815  0.000000 -1.000000 0.000000  0.376329 0.769944 1 28 1.000000
0  -8.547738 -34.952057 72.175743  0.000000 -1.000000 0.000000  0.378284 0.775961 1 28 1.000000
combine_gun002
0  -9.093730 -34.952057 72.175743  0.000000 -1.000000 -0.000009  0.360613 0.775961 1 28 1.000000
0  -9.033318 -34.952057 71.989815  0.000000 -1.000000 -0.000005  0.362568 0.769944 1 28 1.000000
0  -8.608149 -34.952057 71.989815  0.000000 -1.000000 0.000000  0.376329 0.769944 1 28 1.000000
combine_gun002
0  -9.535446 -34.952057 71.854813  0.000000 -1.000000 0.000006  0.346317 0.765575 1 28 1.000000
0  -9.033318 -34.952057 71.989815  0.000000 -1.000000 -0.000005  0.362568 0.769944 1 28 1.000000
0  -9.093730 -34.952057 72.175743  0.000000 -1.000000 -0.000009  0.360613 0.775961 1 28 1.000000
combine_gun002
0  -9.121911 -34.671112 72.262482  0.000000 -0.149184 0.988810  0.922882 0.605364 1 28 1.000000
0  -8.547738 -34.952057 72.175743  0.000000 -0.294998 0.955498  0.907699 0.612444 1 28 1.000000
0  -8.519556 -34.671112 72.262482  -0.000000 -0.149127 0.988818  0.907699 0.605364 1 28 1.000000
combine_gun002
0  -9.121911 -34.671112 72.262482  0.000000 -0.149184 0.988810  0.922882 0.605364 1 28 1.000000
0  -9.093730 -34.952057 72.175743  0.000000 -0.295001 0.955497  0.922883 0.612444 1 28 1.000000
0  -8.547738 -34.952057 72.175743  0.000000 -0.294998 0.955498  0.907699 0.612444 1 28 1.000000
combine_gun002
0  -8.519556 -34.671112 72.262482  0.581213 -0.149178 0.799961  0.907520 0.605364 1 28 1.000000
0  -8.547738 -34.952057 72.175743  0.561652 -0.294991 0.772999  0.907520 0.612444 1 28 1.000000
0  -8.106022 -34.952057 71.854813  0.561638 -0.294986 0.773011  0.892337 0.612444 1 28 1.000000
combine_gun002
0  -8.519556 -34.671112 72.262482  0.581213 -0.149178 0.799961  0.907520 0.605364 1 28 1.000000
0  -8.106022 -34.952057 71.854813  0.561638 -0.294986 0.773011  0.892337 0.612444 1 28 1.000000
0  -8.032242 -34.671112 71.908417  0.581202 -0.149222 0.799960  0.892337 0.605364 1 28 1.000000
combine_gun002
0  -8.032242 -27.050566 71.908417  0.577674 0.184765 0.795082  0.892337 0.413303 1 28 1.000000
0  -8.519556 -34.671112 72.262482  0.581213 -0.149178 0.799961  0.907520 0.605364 1 28 1.000000
0  -8.032242 -34.671112 71.908417  0.581202 -0.149222 0.799960  0.892337 0.605364 1 28 1.000000
combine_gun002
0  -8.032242 -27.050566 71.908417  0.577674 0.184765 0.795082  0.892337 0.413303 1 28 1.000000
0  -8.519556 -27.050566 72.262482  0.577674 0.184791 0.795076  0.907520 0.413303 1 28 1.000000
0  -8.519556 -34.671112 72.262482  0.581213 -0.149178 0.799961  0.907520 0.605364 1 28 1.000000
combine_gun002
0  -8.032242 -27.050566 71.908417  0.577674 0.184765 0.795082  0.892337 0.413303 1 28 1.000000
0  -8.623066 -26.233438 71.943909  0.547645 0.363238 0.753753  0.907519 0.392709 1 28 1.000000
0  -8.519556 -27.050566 72.262482  0.577674 0.184791 0.795076  0.907520 0.413303 1 28 1.000000
combine_gun002
0  -8.032242 -27.050566 71.908417  0.577674 0.184765 0.795082  0.892337 0.413303 1 28 1.000000
0  -8.303234 -26.233438 71.711533  0.547644 0.363236 0.753754  0.892337 0.392709 1 28 1.000000
0  -8.623066 -26.233438 71.943909  0.547645 0.363238 0.753753  0.907519 0.392709 1 28 1.000000
combine_gun002
0  -8.519556 -34.671112 70.408615  -0.000000 -0.149131 -0.988817  0.846788 0.605364 1 28 1.000000
0  -8.547738 -34.952057 70.495354  0.000000 -0.294993 -0.955499  0.846787 0.612444 1 28 1.000000
0  -9.093730 -34.952057 70.495354  0.000000 -0.294998 -0.955498  0.831603 0.612444 1 28 1.000000
combine_gun002
0  -8.519556 -34.671112 70.408615  -0.000000 -0.149131 -0.988817  0.846788 0.605364 1 28 1.000000
0  -9.093730 -34.952057 70.495354  0.000000 -0.294998 -0.955498  0.831603 0.612444 1 28 1.000000
0  -9.121911 -34.671112 70.408615  0.000000 -0.149180 -0.988810  0.831604 0.605364 1 28 1.000000
combine_gun002
0  -9.121911 -27.050566 70.408615  0.000000 0.184765 -0.982783  0.831604 0.413303 1 28 1.000000
0  -8.519556 -34.671112 70.408615  -0.000000 -0.149131 -0.988817  0.846788 0.605364 1 28 1.000000
0  -9.121911 -34.671112 70.408615  0.000000 -0.149180 -0.988810  0.831604 0.605364 1 28 1.000000
combine_gun002
0  -9.121911 -27.050566 70.408615  0.000000 0.184765 -0.982783  0.831604 0.413303 1 28 1.000000
0  -8.519556 -27.050566 70.408615  -0.000000 0.184791 -0.982778  0.846788 0.413303 1 28 1.000000
0  -8.519556 -34.671112 70.408615  -0.000000 -0.149131 -0.988817  0.846788 0.605364 1 28 1.000000
combine_gun002
0  -9.121911 -27.050566 70.408615  0.000000 0.184765 -0.982783  0.831604 0.413303 1 28 1.000000
0  -8.623066 -26.233437 70.727188  0.000000 0.363238 -0.931696  0.846788 0.392709 1 28 1.000000
0  -8.519556 -27.050566 70.408615  -0.000000 0.184791 -0.982778  0.846788 0.413303 1 28 1.000000
combine_gun002
0  -9.121911 -27.050566 70.408615  0.000000 0.184765 -0.982783  0.831604 0.413303 1 28 1.000000
0  -9.018402 -26.233437 70.727188  0.000000 0.363237 -0.931697  0.831605 0.392709 1 28 1.000000
0  -8.623066 -26.233437 70.727188  0.000000 0.363238 -0.931696  0.846788 0.392709 1 28 1.000000
combine_gun002
0  -7.846104 -34.671112 71.335548  0.940415 -0.149176 -0.305560  0.877154 0.605364 1 28 1.000000
0  -7.937301 -34.952057 71.335548  0.908736 -0.294983 -0.295269  0.877154 0.612444 1 28 1.000000
0  -8.106022 -34.952057 70.816284  0.908735 -0.294985 -0.295269  0.861970 0.612444 1 28 1.000000
combine_gun002
0  -7.846104 -34.671112 71.335548  0.940415 -0.149176 -0.305560  0.877154 0.605364 1 28 1.000000
0  -8.106022 -34.952057 70.816284  0.908735 -0.294985 -0.295269  0.861970 0.612444 1 28 1.000000
0  -8.032242 -34.671112 70.762680  0.940408 -0.149223 -0.305557  0.861970 0.605364 1 28 1.000000
combine_gun002
0  -8.032242 -27.050566 70.762680  0.934681 0.184764 -0.303701  0.861970 0.413303 1 28 1.000000
0  -7.846104 -34.671112 71.335548  0.940415 -0.149176 -0.305560  0.877154 0.605364 1 28 1.000000
0  -8.032242 -34.671112 70.762680  0.940408 -0.149223 -0.305557  0.861970 0.605364 1 28 1.000000
combine_gun002
0  -8.032242 -27.050566 70.762680  0.934681 0.184764 -0.303701  0.861970 0.413303 1 28 1.000000
0  -7.846104 -27.050566 71.335548  0.934676 0.184792 -0.303699  0.877154 0.413303 1 28 1.000000
0  -7.846104 -34.671112 71.335548  0.940415 -0.149176 -0.305560  0.877154 0.605364 1 28 1.000000
combine_gun002
0  -8.032242 -27.050566 70.762680  0.934681 0.184764 -0.303701  0.861970 0.413303 1 28 1.000000
0  -8.181068 -26.233437 71.335548  0.886098 0.363232 -0.287910  0.877154 0.392709 1 28 1.000000
0  -7.846104 -27.050566 71.335548  0.934676 0.184792 -0.303699  0.877154 0.413303 1 28 1.000000
combine_gun002
0  -8.032242 -27.050566 70.762680  0.934681 0.184764 -0.303701  0.861970 0.413303 1 28 1.000000
0  -8.303234 -26.233437 70.959564  0.886101 0.363227 -0.287909  0.861970 0.392709 1 28 1.000000
0  -8.181068 -26.233437 71.335548  0.886098 0.363232 -0.287910  0.877154 0.392709 1 28 1.000000
combine_gun002
0  -9.121911 -34.671112 70.408615  -0.581222 -0.149178 -0.799954  0.831604 0.605364 1 28 1.000000
0  -9.093730 -34.952057 70.495354  -0.561636 -0.294992 -0.773010  0.831603 0.612444 1 28 1.000000
0  -9.535446 -34.952057 70.816284  -0.561648 -0.294984 -0.773004  0.816420 0.612444 1 28 1.000000
combine_gun002
0  -9.121911 -34.671112 70.408615  -0.581222 -0.149178 -0.799954  0.831604 0.605364 1 28 1.000000
0  -9.535446 -34.952057 70.816284  -0.561648 -0.294984 -0.773004  0.816420 0.612444 1 28 1.000000
0  -9.609226 -34.671112 70.762680  -0.581228 -0.149221 -0.799942  0.816421 0.605364 1 28 1.000000
combine_gun002
0  -9.609226 -27.050566 70.762680  -0.585188 -0.094006 -0.805430  0.816421 0.413303 1 28 1.000000
0  -9.121911 -34.671112 70.408615  -0.581222 -0.149178 -0.799954  0.831604 0.605364 1 28 1.000000
0  -9.609226 -34.671112 70.762680  -0.581228 -0.149221 -0.799942  0.816421 0.605364 1 28 1.000000
combine_gun002
0  -9.609226 -27.050566 70.762680  -0.585188 -0.094006 -0.805430  0.816421 0.413303 1 28 1.000000
0  -9.121911 -27.050566 70.408615  -0.585201 -0.093767 -0.805449  0.831604 0.413303 1 28 1.000000
0  -9.121911 -34.671112 70.408615  -0.581222 -0.149178 -0.799954  0.831604 0.605364 1 28 1.000000
combine_gun002
0  -9.609226 -27.050566 70.762680  -0.585188 -0.094006 -0.805430  0.816421 0.413303 1 28 1.000000
0  -9.239747 -25.140800 70.045959  -0.577473 -0.186564 -0.794807  0.831604 0.365171 1 28 1.000000
0  -9.121911 -27.050566 70.408615  -0.585201 -0.093767 -0.805449  0.831604 0.413303 1 28 1.000000
combine_gun002
0  -9.609226 -27.050566 70.762680  -0.585188 -0.094006 -0.805430  0.816421 0.413303 1 28 1.000000
0  -9.917725 -25.140802 70.538544  -0.577473 -0.186564 -0.794808  0.816421 0.365171 1 28 1.000000
0  -9.239747 -25.140800 70.045959  -0.577473 -0.186564 -0.794807  0.831604 0.365171 1 28 1.000000
combine_gun002
0  -9.609226 -34.671112 71.908417  -0.581221 -0.149176 0.799955  0.786054 0.605364 1 28 1.000000
0  -9.535446 -34.952057 71.854813  -0.561654 -0.294980 0.773002  0.786055 0.612444 1 28 1.000000
0  -9.093730 -34.952057 72.175743  -0.561641 -0.294987 0.773008  0.770872 0.612444 1 28 1.000000
combine_gun002
0  -9.609226 -34.671112 71.908417  -0.581221 -0.149176 0.799955  0.786054 0.605364 1 28 1.000000
0  -9.093730 -34.952057 72.175743  -0.561641 -0.294987 0.773008  0.770872 0.612444 1 28 1.000000
0  -9.121911 -34.671112 72.262482  -0.581202 -0.149224 0.799960  0.770871 0.605364 1 28 1.000000
combine_gun002
0  -9.121911 -27.050566 72.262482  -0.577669 0.184763 0.795085  0.770871 0.413303 1 28 1.000000
0  -9.609226 -34.671112 71.908417  -0.581221 -0.149176 0.799955  0.786054 0.605364 1 28 1.000000
0  -9.121911 -34.671112 72.262482  -0.581202 -0.149224 0.799960  0.770871 0.605364 1 28 1.000000
combine_gun002
0  -9.121911 -27.050566 72.262482  -0.577669 0.184763 0.795085  0.770871 0.413303 1 28 1.000000
0  -9.609226 -27.050566 71.908417  -0.577663 0.184790 0.795084  0.786054 0.413303 1 28 1.000000
0  -9.609226 -34.671112 71.908417  -0.581221 -0.149176 0.799955  0.786054 0.605364 1 28 1.000000
combine_gun002
0  -9.121911 -27.050566 72.262482  -0.577669 0.184763 0.795085  0.770871 0.413303 1 28 1.000000
0  -9.338234 -26.233438 71.711533  -0.547645 0.363238 0.753753  0.786054 0.392709 1 28 1.000000
0  -9.609226 -27.050566 71.908417  -0.577663 0.184790 0.795084  0.786054 0.413303 1 28 1.000000
combine_gun002
0  -9.121911 -27.050566 72.262482  -0.577669 0.184763 0.795085  0.770871 0.413303 1 28 1.000000
0  -9.018402 -26.233438 71.943909  -0.547644 0.363238 0.753753  0.770870 0.392709 1 28 1.000000
0  -9.338234 -26.233438 71.711533  -0.547645 0.363238 0.753753  0.786054 0.392709 1 28 1.000000
combine_gun002
0  -9.795364 -34.671112 71.335548  -0.940415 -0.149177 0.305560  0.801238 0.605364 1 28 1.000000
0  -9.704167 -34.952057 71.335548  -0.908734 -0.294983 0.295274  0.801238 0.612444 1 28 1.000000
0  -9.535446 -34.952057 71.854813  -0.908734 -0.294988 0.295270  0.786055 0.612444 1 28 1.000000
combine_gun002
0  -9.795364 -34.671112 71.335548  -0.940415 -0.149177 0.305560  0.801238 0.605364 1 28 1.000000
0  -9.535446 -34.952057 71.854813  -0.908734 -0.294988 0.295270  0.786055 0.612444 1 28 1.000000
0  -9.609226 -34.671112 71.908417  -0.940415 -0.149175 0.305559  0.786054 0.605364 1 28 1.000000
combine_gun002
0  -9.609226 -27.050566 71.908417  -0.946836 -0.094098 0.307647  0.786054 0.413303 1 28 1.000000
0  -9.795364 -34.671112 71.335548  -0.940415 -0.149177 0.305560  0.801238 0.605364 1 28 1.000000
0  -9.609226 -34.671112 71.908417  -0.940415 -0.149175 0.305559  0.786054 0.605364 1 28 1.000000
combine_gun002
0  -9.609226 -27.050566 71.908417  -0.946836 -0.094098 0.307647  0.786054 0.413303 1 28 1.000000
0  -9.795364 -27.050566 71.335548  -0.946854 -0.093905 0.307652  0.801238 0.413303 1 28 1.000000
0  -9.795364 -34.671112 71.335548  -0.940415 -0.149177 0.305560  0.801238 0.605364 1 28 1.000000
combine_gun002
0  -9.609226 -27.050566 71.908417  -0.946836 -0.094098 0.307647  0.786054 0.413303 1 28 1.000000
0  -10.176690 -25.140802 71.335548  -0.934359 -0.186563 0.303589  0.801238 0.365171 1 28 1.000000
0  -9.795364 -27.050566 71.335548  -0.946854 -0.093905 0.307652  0.801238 0.413303 1 28 1.000000
combine_gun002
0  -9.609226 -27.050566 71.908417  -0.946836 -0.094098 0.307647  0.786054 0.413303 1 28 1.000000
0  -9.917725 -25.140802 72.132561  -0.934359 -0.186564 0.303589  0.786054 0.365171 1 28 1.000000
0  -10.176690 -25.140802 71.335548  -0.934359 -0.186563 0.303589  0.801238 0.365171 1 28 1.000000
combine_gun002
0  -9.609226 -34.671112 70.762680  -0.940412 -0.149177 -0.305566  0.816421 0.605364 1 28 1.000000
0  -9.535446 -34.952057 70.816284  -0.908736 -0.294983 -0.295269  0.816420 0.612444 1 28 1.000000
0  -9.704167 -34.952057 71.335548  -0.908733 -0.294987 -0.295274  0.801238 0.612444 1 28 1.000000
combine_gun002
0  -9.609226 -34.671112 70.762680  -0.940412 -0.149177 -0.305566  0.816421 0.605364 1 28 1.000000
0  -9.704167 -34.952057 71.335548  -0.908733 -0.294987 -0.295274  0.801238 0.612444 1 28 1.000000
0  -9.795364 -34.671112 71.335548  -0.940413 -0.149173 -0.305565  0.801238 0.605364 1 28 1.000000
combine_gun002
0  -9.795364 -27.050566 71.335548  -0.934682 0.184763 -0.303699  0.801238 0.413303 1 28 1.000000
0  -9.609226 -34.671112 70.762680  -0.940412 -0.149177 -0.305566  0.816421 0.605364 1 28 1.000000
0  -9.795364 -34.671112 71.335548  -0.940413 -0.149173 -0.305565  0.801238 0.605364 1 28 1.000000
combine_gun002
0  -9.795364 -27.050566 71.335548  -0.934682 0.184763 -0.303699  0.801238 0.413303 1 28 1.000000
0  -9.609226 -27.050566 70.762680  -0.934696 0.184690 -0.303700  0.816421 0.413303 1 28 1.000000
0  -9.609226 -34.671112 70.762680  -0.940412 -0.149177 -0.305566  0.816421 0.605364 1 28 1.000000
combine_gun002
0  -9.795364 -27.050566 71.335548  -0.934682 0.184763 -0.303699  0.801238 0.413303 1 28 1.000000
0  -9.338234 -26.233437 70.959564  -0.886097 0.363233 -0.287912  0.816421 0.392709 1 28 1.000000
0  -9.609226 -27.050566 70.762680  -0.934696 0.184690 -0.303700  0.816421 0.413303 1 28 1.000000
combine_gun002
0  -9.795364 -27.050566 71.335548  -0.934682 0.184763 -0.303699  0.801238 0.413303 1 28 1.000000
0  -9.460400 -26.233437 71.335548  -0.886100 0.363229 -0.287910  0.801238 0.392709 1 28 1.000000
0  -9.338234 -26.233437 70.959564  -0.886097 0.363233 -0.287912  0.816421 0.392709 1 28 1.000000
combine_gun002
0  -8.032242 -34.671112 71.908417  0.940408 -0.149225 0.305558  0.892337 0.605364 1 28 1.000000
0  -8.106022 -34.952057 71.854813  0.908739 -0.294978 0.295264  0.892337 0.612444 1 28 1.000000
0  -7.937301 -34.952057 71.335548  0.908735 -0.294986 0.295269  0.877154 0.612444 1 28 1.000000
combine_gun002
0  -8.032242 -34.671112 71.908417  0.940408 -0.149225 0.305558  0.892337 0.605364 1 28 1.000000
0  -7.937301 -34.952057 71.335548  0.908735 -0.294986 0.295269  0.877154 0.612444 1 28 1.000000
0  -7.846104 -34.671112 71.335548  0.940414 -0.149174 0.305563  0.877154 0.605364 1 28 1.000000
combine_gun002
0  -7.846104 -27.050566 71.335548  0.946858 -0.093871 0.307649  0.877154 0.413303 1 28 1.000000
0  -8.032242 -34.671112 71.908417  0.940408 -0.149225 0.305558  0.892337 0.605364 1 28 1.000000
0  -7.846104 -34.671112 71.335548  0.940414 -0.149174 0.305563  0.877154 0.605364 1 28 1.000000
combine_gun002
0  -7.846104 -27.050566 71.335548  0.946858 -0.093871 0.307649  0.877154 0.413303 1 28 1.000000
0  -8.032242 -27.050566 71.908417  0.946842 -0.094044 0.307645  0.892337 0.413303 1 28 1.000000
0  -8.032242 -34.671112 71.908417  0.940408 -0.149225 0.305558  0.892337 0.605364 1 28 1.000000
combine_gun002
0  -7.846104 -27.050566 71.335548  0.946858 -0.093871 0.307649  0.877154 0.413303 1 28 1.000000
0  -7.723743 -25.140802 72.132561  0.934360 -0.186563 0.303588  0.892337 0.365171 1 28 1.000000
0  -8.032242 -27.050566 71.908417  0.946842 -0.094044 0.307645  0.892337 0.413303 1 28 1.000000
combine_gun002
0  -7.846104 -27.050566 71.335548  0.946858 -0.093871 0.307649  0.877154 0.413303 1 28 1.000000
0  -7.464778 -25.140802 71.335548  0.934360 -0.186563 0.303588  0.877154 0.365171 1 28 1.000000
0  -7.723743 -25.140802 72.132561  0.934360 -0.186563 0.303588  0.892337 0.365171 1 28 1.000000
combine_gun002
0  -1.220365 -31.682865 63.637596  1.000000 -0.000000 0.000000  0.369542 0.429962 1 28 1.000000
0  -1.220365 -37.048370 64.014160  1.000000 -0.000000 0.000000  0.255870 0.437939 1 28 1.000000
0  -1.220365 -37.048370 62.738762  1.000000 0.000000 0.000000  0.255870 0.410919 1 28 1.000000
combine_gun002
0  -1.220365 -31.682865 63.637596  1.000000 -0.000000 0.000000  0.369542 0.429962 1 28 1.000000
0  -1.220365 -31.682865 64.245110  1.000000 -0.000000 0.000000  0.369542 0.442832 1 28 1.000000
0  -1.220365 -37.048370 64.014160  1.000000 -0.000000 0.000000  0.255870 0.437939 1 28 1.000000
combine_gun002
0  -1.773284 -31.682865 63.637596  -1.000000 -0.000000 0.000000  0.369542 0.429962 1 28 1.000000
0  -1.773284 -37.048370 64.014160  -1.000000 -0.000000 0.000000  0.255870 0.437939 1 28 1.000000
0  -1.773284 -31.682865 64.245110  -1.000000 -0.000000 0.000000  0.369542 0.442832 1 28 1.000000
combine_gun002
0  -1.773284 -31.682865 63.637596  -1.000000 -0.000000 0.000000  0.369542 0.429962 1 28 1.000000
0  -1.773284 -37.048370 62.738762  -1.000000 0.000000 0.000000  0.255870 0.410919 1 28 1.000000
0  -1.773284 -37.048370 64.014160  -1.000000 -0.000000 0.000000  0.255870 0.437939 1 28 1.000000
combine_gun002
0  -1.773284 -31.682865 63.637596  0.000000 0.165219 -0.986257  0.864500 0.833515 1 28 1.000000
0  -1.220365 -37.048370 62.738762  0.000000 0.165218 -0.986257  0.874798 0.933162 1 28 1.000000
0  -1.773284 -37.048370 62.738762  0.000000 0.165218 -0.986257  0.864500 0.933162 1 28 1.000000
combine_gun002
0  -1.773284 -31.682865 63.637596  0.000000 0.165219 -0.986257  0.864500 0.833515 1 28 1.000000
0  -1.220365 -31.682865 63.637596  0.000000 0.165219 -0.986257  0.874798 0.833515 1 28 1.000000
0  -1.220365 -37.048370 62.738762  0.000000 0.165218 -0.986257  0.874798 0.933162 1 28 1.000000
combine_gun002
0  -1.773284 -31.682865 63.637596  0.000000 1.000000 0.000000  0.085113 0.604325 1 28 1.000000
0  -1.220365 -31.682865 64.245110  0.000000 1.000000 0.000000  0.106066 0.627347 1 28 1.000000
0  -1.220365 -31.682865 63.637596  0.000000 1.000000 0.000000  0.106066 0.604325 1 28 1.000000
combine_gun002
0  -1.773284 -31.682865 63.637596  0.000000 1.000000 0.000000  0.085113 0.604325 1 28 1.000000
0  -1.773284 -31.682865 64.245110  0.000000 1.000000 0.000000  0.085113 0.627347 1 28 1.000000
0  -1.220365 -31.682865 64.245110  0.000000 1.000000 0.000000  0.106066 0.627347 1 28 1.000000
combine_gun002
0  -1.980020 -24.466972 72.460869  0.000000 1.000000 0.000000  0.657620 0.673483 1 28 1.000000
0  -9.371344 -24.466972 70.771500  0.000000 1.000000 0.000000  0.820291 0.627523 1 28 1.000000
0  -9.371344 -24.466972 72.027618  0.000000 1.000000 0.000000  0.820291 0.661696 1 28 1.000000
combine_gun002
0  -1.980020 -24.466972 72.460869  0.000000 1.000000 0.000000  0.657620 0.673483 1 28 1.000000
0  -1.980020 -24.466972 70.338257  0.000000 1.000000 0.000000  0.657620 0.615736 1 28 1.000000
0  -9.371344 -24.466972 70.771500  0.000000 1.000000 0.000000  0.820291 0.627523 1 28 1.000000
combine_gun002
0  -9.371344 -25.009249 72.027618  0.000000 -1.000000 0.000000  0.650432 0.731321 1 28 1.000000
0  -1.980020 -25.009249 70.338257  0.000000 -1.000000 0.000000  0.807820 0.686213 1 28 1.000000
0  -1.980020 -25.009249 72.460869  0.000000 -1.000000 0.000000  0.807820 0.742889 1 28 1.000000
combine_gun002
0  -9.371344 -25.009249 72.027618  0.000000 -1.000000 0.000000  0.650432 0.731321 1 28 1.000000
0  -9.371344 -25.009249 70.771500  0.000000 -1.000000 0.000000  0.650432 0.697781 1 28 1.000000
0  -1.980020 -25.009249 70.338257  0.000000 -1.000000 0.000000  0.807820 0.686213 1 28 1.000000
combine_gun002
0  -9.371344 -24.466972 72.027618  -1.000000 0.000000 0.000000  0.355694 0.565449 1 28 1.000000
0  -9.371344 -25.009249 70.771500  -1.000000 0.000000 0.000000  0.373150 0.525012 1 28 1.000000
0  -9.371344 -25.009249 72.027618  -1.000000 0.000000 0.000000  0.373150 0.565449 1 28 1.000000
combine_gun002
0  -9.371344 -24.466972 72.027618  -1.000000 0.000000 0.000000  0.355694 0.565449 1 28 1.000000
0  -9.371344 -24.466972 70.771500  -1.000000 0.000000 0.000000  0.355694 0.525012 1 28 1.000000
0  -9.371344 -25.009249 70.771500  -1.000000 0.000000 0.000000  0.373150 0.525012 1 28 1.000000
combine_gun002
0  -9.371344 -24.466972 70.771500  -0.058515 0.000000 -0.998286  0.986519 0.552929 1 28 1.000000
0  -1.980020 -25.009249 70.338257  -0.058515 0.000000 -0.998286  0.967230 0.342765 1 28 1.000000
0  -9.371344 -25.009249 70.771500  -0.058515 0.000000 -0.998286  0.967230 0.552929 1 28 1.000000
combine_gun002
0  -9.371344 -24.466972 70.771500  -0.058514 0.000000 -0.998287  0.986519 0.552929 1 28 1.000000
0  -1.980020 -24.466972 70.338257  -0.058514 0.000000 -0.998287  0.986519 0.342765 1 28 1.000000
0  -1.980020 -25.009249 70.338257  -0.058514 0.000000 -0.998287  0.967230 0.342765 1 28 1.000000
combine_gun002
0  -1.980020 -25.009249 72.460869  -0.058516 0.000000 0.998286  0.967230 0.343094 1 28 1.000000
0  -9.371344 -24.466972 72.027618  -0.058516 0.000000 0.998286  0.986519 0.553124 1 28 1.000000
0  -9.371344 -25.009249 72.027618  -0.058517 0.000000 0.998286  0.967230 0.553124 1 28 1.000000
combine_gun002
0  -1.980020 -25.009249 72.460869  -0.058516 0.000000 0.998286  0.967230 0.343094 1 28 1.000000
0  -1.980020 -24.466972 72.460869  -0.058515 0.000000 0.998286  0.986519 0.343094 1 28 1.000000
0  -9.371344 -24.466972 72.027618  -0.058516 0.000000 0.998286  0.986519 0.553124 1 28 1.000000
combine_gun002
0  -0.848020 -23.877306 72.717422  0.809016 0.000000 0.587787  0.787319 0.190553 1 28 1.000000
0  -0.267426 -25.752970 71.918304  0.809015 0.000000 0.587787  0.760321 0.246015 1 28 1.000000
0  -0.267426 -23.877308 71.918304  0.809016 0.000000 0.587786  0.760321 0.190553 1 28 1.000000
combine_gun002
0  -0.848020 -23.877306 72.717422  0.809016 0.000000 0.587787  0.787319 0.190553 1 28 1.000000
0  -0.848020 -25.752970 72.717422  0.809015 0.000000 0.587788  0.787319 0.246015 1 28 1.000000
0  -0.267426 -25.752970 71.918304  0.809015 0.000000 0.587787  0.760321 0.246015 1 28 1.000000
combine_gun002
0  -2.726857 -23.877306 72.717422  -0.309023 0.000000 0.951055  0.633567 0.190553 1 28 1.000000
0  -1.787439 -25.752970 73.022659  -0.309017 0.000000 0.951057  0.611903 0.246015 1 28 1.000000
0  -1.787439 -23.877306 73.022659  -0.309027 0.000000 0.951053  0.611903 0.190553 1 28 1.000000
combine_gun002
0  -2.726857 -23.877306 72.717422  -0.309023 0.000000 0.951055  0.633567 0.190553 1 28 1.000000
0  -2.726857 -25.752970 72.717422  -0.309012 0.000000 0.951058  0.633567 0.246015 1 28 1.000000
0  -1.787439 -25.752970 73.022659  -0.309017 0.000000 0.951057  0.611903 0.246015 1 28 1.000000
combine_gun002
0  -2.726857 -23.877306 72.717422  -1.000000 0.000000 0.000000  0.641670 0.428086 1 28 1.000000
0  -2.726857 -25.752968 70.131424  -1.000000 0.000000 0.000000  0.683199 0.370829 1 28 1.000000
0  -2.726857 -25.752970 72.717422  -1.000000 0.000000 0.000000  0.683199 0.428086 1 28 1.000000
combine_gun002
0  -2.726857 -23.877306 72.717422  -1.000000 0.000000 0.000000  0.641670 0.428086 1 28 1.000000
0  -2.726857 -23.877306 70.131424  -1.000000 0.000000 0.000000  0.641670 0.370829 1 28 1.000000
0  -2.726857 -25.752968 70.131424  -1.000000 0.000000 0.000000  0.683199 0.370829 1 28 1.000000
combine_gun002
0  -1.787439 -25.752968 69.826187  -0.309012 0.000000 -0.951058  0.680764 0.246015 1 28 1.000000
0  -2.726857 -23.877306 70.131424  -0.309013 0.000000 -0.951058  0.659100 0.190553 1 28 1.000000
0  -1.787439 -23.877306 69.826187  -0.309013 0.000000 -0.951058  0.680764 0.190553 1 28 1.000000
combine_gun002
0  -1.787439 -25.752968 69.826187  -0.309012 0.000000 -0.951058  0.680764 0.246015 1 28 1.000000
0  -2.726857 -25.752968 70.131424  -0.309012 0.000000 -0.951058  0.659100 0.246015 1 28 1.000000
0  -2.726857 -23.877306 70.131424  -0.309013 0.000000 -0.951058  0.659100 0.190553 1 28 1.000000
combine_gun002
0  -0.848020 -23.877306 70.131424  0.309013 0.000000 -0.951058  0.704826 0.190553 1 28 1.000000
0  -1.787439 -25.752968 69.826187  0.309013 0.000000 -0.951058  0.680764 0.246015 1 28 1.000000
0  -1.787439 -23.877306 69.826187  0.309013 0.000000 -0.951058  0.680764 0.190553 1 28 1.000000
combine_gun002
0  -0.848020 -23.877306 70.131424  0.309013 0.000000 -0.951058  0.704826 0.190553 1 28 1.000000
0  -0.848020 -25.752968 70.131424  0.309013 0.000000 -0.951058  0.704826 0.246015 1 28 1.000000
0  -1.787439 -25.752968 69.826187  0.309013 0.000000 -0.951058  0.680764 0.246015 1 28 1.000000
combine_gun002
0  -0.267426 -25.752970 71.918304  1.000000 0.000000 0.000000  0.760321 0.246015 1 28 1.000000
0  -0.267426 -23.877306 70.930542  1.000000 0.000000 0.000000  0.731824 0.190553 1 28 1.000000
0  -0.267426 -23.877308 71.918304  1.000000 0.000000 0.000000  0.760321 0.190553 1 28 1.000000
combine_gun002
0  -0.267426 -25.752970 71.918304  1.000000 0.000000 0.000000  0.760321 0.246015 1 28 1.000000
0  -0.267426 -25.752970 70.930542  1.000000 0.000000 0.000000  0.731824 0.246015 1 28 1.000000
0  -0.267426 -23.877306 70.930542  1.000000 0.000000 0.000000  0.731824 0.190553 1 28 1.000000
combine_gun002
0  -0.848020 -23.877306 72.717422  0.309022 0.000000 0.951055  0.787319 0.190553 1 28 1.000000
0  -1.787439 -25.752970 73.022659  0.309017 0.000000 0.951057  0.811381 0.246015 1 28 1.000000
0  -0.848020 -25.752970 72.717422  0.309013 0.000000 0.951058  0.787319 0.246015 1 28 1.000000
combine_gun002
0  -0.848020 -23.877306 72.717422  0.309022 0.000000 0.951055  0.787319 0.190553 1 28 1.000000
0  -1.787439 -23.877306 73.022659  0.309027 0.000000 0.951053  0.811381 0.190553 1 28 1.000000
0  -1.787439 -25.752970 73.022659  0.309017 0.000000 0.951057  0.811381 0.246015 1 28 1.000000
combine_gun002
0  -0.848020 -23.877306 70.131424  0.809016 0.000000 -0.587787  0.704826 0.190553 1 28 1.000000
0  -0.267426 -25.752970 70.930542  0.809016 0.000000 -0.587786  0.731824 0.246015 1 28 1.000000
0  -0.848020 -25.752968 70.131424  0.809017 0.000000 -0.587786  0.704826 0.246015 1 28 1.000000
combine_gun002
0  -0.848020 -23.877306 70.131424  0.809016 0.000000 -0.587787  0.704826 0.190553 1 28 1.000000
0  -0.267426 -23.877306 70.930542  0.809016 0.000000 -0.587787  0.731824 0.190553 1 28 1.000000
0  -0.267426 -25.752970 70.930542  0.809016 0.000000 -0.587786  0.731824 0.246015 1 28 1.000000
combine_gun002
0  -1.868801 -36.477509 71.127243  0.000000 -1.000000 0.000000  0.802239 0.999937 1 28 1.000000
0  -1.127266 -36.477509 65.498535  0.000000 -1.000000 0.000000  0.822035 0.849666 1 28 1.000000
0  -1.127266 -36.477509 71.127243  0.000000 -1.000000 0.000000  0.822035 0.999937 1 28 1.000000
combine_gun002
0  -1.868801 -36.477509 71.127243  0.000000 -1.000000 0.000000  0.802239 0.999937 1 28 1.000000
0  -1.868801 -36.477509 65.498535  0.000000 -1.000000 0.000000  0.802239 0.849666 1 28 1.000000
0  -1.127266 -36.477509 65.498535  0.000000 -1.000000 0.000000  0.822035 0.849666 1 28 1.000000
combine_gun002
0  -1.868801 -25.647106 67.461060  -1.000000 0.000000 0.000000  0.492089 0.912903 1 28 1.000000
0  -1.868801 -36.477509 71.127243  -1.000000 -0.000000 0.000000  0.680917 0.976607 1 28 1.000000
0  -1.868801 -25.647106 72.219482  -1.000000 0.000000 0.000000  0.492089 0.995522 1 28 1.000000
combine_gun002
0  -1.868801 -25.647106 67.461060  -1.000000 0.000000 0.000000  0.492089 0.912903 1 28 1.000000
0  -1.868801 -36.477509 65.498535  -1.000000 -0.000000 0.000000  0.680917 0.878877 1 28 1.000000
0  -1.868801 -36.477509 71.127243  -1.000000 -0.000000 0.000000  0.680917 0.976607 1 28 1.000000
combine_gun002
0  -1.868801 -25.647106 72.219482  0.000000 -0.100340 0.994953  0.900349 0.983864 1 28 1.000000
0  -1.127266 -36.477509 71.127243  0.000000 -0.100340 0.994953  0.914809 0.771676 1 28 1.000000
0  -1.127266 -25.647106 72.219482  0.000000 -0.100340 0.994953  0.914809 0.983864 1 28 1.000000
combine_gun002
0  -1.868801 -25.647106 72.219482  0.000000 -0.100340 0.994953  0.900349 0.983864 1 28 1.000000
0  -1.868801 -36.477509 71.127243  0.000000 -0.100340 0.994953  0.900349 0.771676 1 28 1.000000
0  -1.127266 -36.477509 71.127243  0.000000 -0.100340 0.994953  0.914809 0.771676 1 28 1.000000
combine_gun002
0  -1.127266 -25.647106 72.219482  1.000000 0.000000 0.000000  0.458752 0.728632 1 28 1.000000
0  -1.127266 -36.477509 65.498535  1.000000 0.000000 0.000000  0.662863 0.795760 1 28 1.000000
0  -1.127266 -25.647106 67.461060  1.000000 0.000000 0.000000  0.477424 0.806404 1 28 1.000000
combine_gun002
0  -1.127266 -25.647106 72.219482  1.000000 0.000000 0.000000  0.458752 0.728632 1 28 1.000000
0  -1.127266 -36.477509 71.127243  1.000000 0.000000 0.000000  0.640777 0.703763 1 28 1.000000
0  -1.127266 -36.477509 65.498535  1.000000 0.000000 0.000000  0.662863 0.795760 1 28 1.000000
combine_gun002
0  -1.868801 -25.647106 72.219482  0.000000 1.000000 0.000000  0.250437 0.421952 1 28 1.000000
0  -1.127266 -25.647106 67.461060  0.000000 1.000000 0.000000  0.367654 0.440220 1 28 1.000000
0  -1.868801 -25.647106 67.461060  0.000000 1.000000 0.000000  0.367654 0.421952 1 28 1.000000
combine_gun002
0  -1.868801 -25.647106 72.219482  0.000000 1.000000 0.000000  0.250437 0.421952 1 28 1.000000
0  -1.127266 -25.647106 72.219482  0.000000 1.000000 0.000000  0.250437 0.440220 1 28 1.000000
0  -1.127266 -25.647106 67.461060  0.000000 1.000000 0.000000  0.367654 0.440220 1 28 1.000000
combine_gun002
0  -2.068907 -24.911526 69.875931  0.000000 -0.121561 0.992584  0.896447 0.994777 1 28 1.000000
0  -0.475636 -37.377880 68.349182  0.000000 -0.121561 0.992584  0.927515 0.750147 1 28 1.000000
0  -0.927160 -24.911526 69.875931  0.000000 -0.121561 0.992584  0.918711 0.994777 1 28 1.000000
combine_gun002
0  -2.068907 -24.911526 69.875931  0.000000 -0.121561 0.992584  0.896447 0.994777 1 28 1.000000
0  -2.520431 -37.377880 68.349182  0.000000 -0.121561 0.992584  0.887642 0.750147 1 28 1.000000
0  -0.475636 -37.377880 68.349182  0.000000 -0.121561 0.992584  0.927515 0.750147 1 28 1.000000
combine_gun002
0  -0.843380 -24.032473 64.900604  0.000000 0.138081 -0.990421  0.881818 0.691428 1 28 1.000000
0  -2.349574 -37.377880 63.040039  0.000000 0.138081 -0.990421  0.853768 0.939387 1 28 1.000000
0  -2.152687 -24.032473 64.900604  0.000000 0.138081 -0.990421  0.857435 0.691428 1 28 1.000000
combine_gun002
0  -0.843380 -24.032473 64.900604  0.000000 0.138081 -0.990421  0.881818 0.691428 1 28 1.000000
0  -0.646492 -37.377880 63.040039  0.000000 0.138081 -0.990421  0.885485 0.939387 1 28 1.000000
0  -2.349574 -37.377880 63.040039  0.000000 0.138081 -0.990421  0.853768 0.939387 1 28 1.000000
combine_gun002
0  -2.665610 -24.032473 65.987846  -0.990768 0.013097 0.134932  0.463977 0.886053 1 28 1.000000
0  -2.520431 -37.377880 68.349182  -0.990756 0.013113 0.135019  0.696648 0.927343 1 28 1.000000
0  -2.068907 -24.911526 69.875931  -0.990770 0.013098 0.134920  0.479274 0.954511 1 28 1.000000
combine_gun002
0  -2.665610 -24.032473 65.987846  -0.990768 0.013097 0.134932  0.463977 0.886053 1 28 1.000000
0  -3.016761 -37.377880 64.127281  -0.990764 0.013099 0.134964  0.696672 0.853252 1 28 1.000000
0  -2.520431 -37.377880 68.349182  -0.990756 0.013113 0.135019  0.696648 0.927343 1 28 1.000000
combine_gun002
0  -2.665610 -24.032473 65.987846  -0.875783 0.084247 -0.475296  0.463977 0.886053 1 28 1.000000
0  -2.349574 -37.377880 63.040039  -0.875773 0.084254 -0.475313  0.696639 0.835432 1 28 1.000000
0  -3.016761 -37.377880 64.127281  -0.875783 0.084247 -0.475296  0.696672 0.853252 1 28 1.000000
combine_gun002
0  -2.665610 -24.032473 65.987846  -0.875783 0.084247 -0.475296  0.463977 0.886053 1 28 1.000000
0  -2.152687 -24.032473 64.900604  -0.875790 0.084239 -0.475285  0.463952 0.867989 1 28 1.000000
0  -2.349574 -37.377880 63.040039  -0.875773 0.084254 -0.475313  0.696639 0.835432 1 28 1.000000
combine_gun002
0  -3.016761 -37.377880 64.127281  0.000000 -1.000000 -0.000001  0.771592 0.813057 1 28 1.000000
0  -2.349574 -37.377880 63.040039  0.000000 -1.000000 -0.000004  0.789403 0.784030 1 28 1.000000
0  -0.646492 -37.377880 63.040039  0.000000 -1.000000 0.000000  0.834871 0.784030 1 28 1.000000
combine_gun002
0  -3.016761 -37.377880 64.127281  0.000000 -1.000000 -0.000001  0.771592 0.813057 1 28 1.000000
0  -0.646492 -37.377880 63.040039  0.000000 -1.000000 0.000000  0.834871 0.784030 1 28 1.000000
0  0.020694 -37.377880 64.127281  0.000000 -1.000000 0.000000  0.852682 0.813057 1 28 1.000000
combine_gun002
0  0.020694 -37.377880 64.127281  0.000000 -1.000000 0.000000  0.852682 0.813057 1 28 1.000000
0  -2.520431 -37.377880 68.349182  0.000000 -1.000000 -0.000001  0.784841 0.925770 1 28 1.000000
0  -3.016761 -37.377880 64.127281  0.000000 -1.000000 -0.000001  0.771592 0.813057 1 28 1.000000
combine_gun002
0  0.020694 -37.377880 64.127281  0.000000 -1.000000 0.000000  0.852682 0.813057 1 28 1.000000
0  -0.475636 -37.377880 68.349182  0.000000 -1.000000 -0.000002  0.839432 0.925770 1 28 1.000000
0  -2.520431 -37.377880 68.349182  0.000000 -1.000000 -0.000001  0.784841 0.925770 1 28 1.000000
combine_gun002
0  -0.646492 -37.377880 63.040039  0.875773 0.084252 -0.475313  0.687482 0.833103 1 28 1.000000
0  -0.330456 -24.032473 65.987846  0.875783 0.084242 -0.475297  0.457029 0.838032 1 28 1.000000
0  0.020694 -37.377880 64.127281  0.875783 0.084249 -0.475295  0.683486 0.816321 1 28 1.000000
combine_gun002
0  -0.646492 -37.377880 63.040039  0.875773 0.084252 -0.475313  0.687482 0.833103 1 28 1.000000
0  -0.843380 -24.032473 64.900604  0.875790 0.084244 -0.475284  0.461087 0.855042 1 28 1.000000
0  -0.330456 -24.032473 65.987846  0.875783 0.084242 -0.475297  0.457029 0.838032 1 28 1.000000
combine_gun002
0  -0.927160 -24.911526 69.875931  0.990771 0.013119 0.134911  0.455957 0.770133 1 28 1.000000
0  0.020694 -37.377880 64.127281  0.990761 0.013084 0.134984  0.683486 0.816321 1 28 1.000000
0  -0.330456 -24.032473 65.987846  0.990769 0.013110 0.134928  0.457029 0.838032 1 28 1.000000
combine_gun002
0  -0.927160 -24.911526 69.875931  0.990771 0.013119 0.134911  0.455957 0.770133 1 28 1.000000
0  -0.475636 -37.377880 68.349182  0.990763 0.013088 0.134974  0.666718 0.746582 1 28 1.000000
0  0.020694 -37.377880 64.127281  0.990761 0.013084 0.134984  0.683486 0.816321 1 28 1.000000
combine_gun002
0  -2.082640 -35.372906 60.365784  0.000000 0.000000 -1.000000  0.968436 0.752772 1 28 1.000000
0  -3.266696 -34.804562 60.365784  0.000000 0.000000 -1.000000  0.949357 0.792517 1 28 1.000000
0  -2.082640 -34.804562 60.365784  0.000000 0.000000 -1.000000  0.949357 0.752772 1 28 1.000000
combine_gun002
0  -2.082640 -35.372906 60.365784  0.000000 0.000000 -1.000000  0.968436 0.752772 1 28 1.000000
0  -3.266696 -35.372906 60.365784  0.000000 0.000000 -1.000000  0.968436 0.792517 1 28 1.000000
0  -3.266696 -34.804562 60.365784  0.000000 0.000000 -1.000000  0.949357 0.792517 1 28 1.000000
combine_gun002
0  -3.266696 -35.372906 61.786816  0.000000 -1.000000 0.000000  0.589903 0.722433 1 28 1.000000
0  -3.266696 -35.372906 60.365784  0.000000 -1.000000 0.000000  0.614120 0.719446 1 28 1.000000
0  -2.082640 -35.372906 60.365784  0.000000 -1.000000 0.000000  0.616608 0.739624 1 28 1.000000
combine_gun002
0  -3.266696 -35.372906 61.786816  0.000000 -1.000000 0.000000  0.589903 0.722433 1 28 1.000000
0  -2.082640 -35.372906 60.365784  0.000000 -1.000000 0.000000  0.616608 0.739624 1 28 1.000000
0  -1.845255 -35.372906 61.786816  0.000000 -1.000000 0.000000  0.592891 0.746655 1 28 1.000000
combine_gun002
0  -1.845255 -35.372906 61.786816  0.000000 -1.000000 0.000000  0.592891 0.746655 1 28 1.000000
0  -3.266696 -35.372906 65.044052  0.000000 -1.000000 0.000000  0.534395 0.729279 1 28 1.000000
0  -3.266696 -35.372906 61.786816  0.000000 -1.000000 0.000000  0.589903 0.722433 1 28 1.000000
combine_gun002
0  -1.845255 -35.372906 61.786816  0.000000 -1.000000 0.000000  0.592891 0.746655 1 28 1.000000
0  -1.845255 -35.372906 65.044052  0.000000 -1.000000 0.000000  0.537383 0.753502 1 28 1.000000
0  -3.266696 -35.372906 65.044052  0.000000 -1.000000 0.000000  0.534395 0.729279 1 28 1.000000
combine_gun002
0  -8.626616 -24.311169 47.997055  0.000000 0.707106 0.707108  0.786184 0.442213 1 28 1.000000
0  -4.905903 -24.752304 48.438190  0.000000 0.707106 0.707108  0.798238 0.542718 1 28 1.000000
0  -4.905903 -24.311169 47.997055  0.000000 0.707106 0.707108  0.786184 0.542718 1 28 1.000000
combine_gun002
0  -8.626616 -24.311169 47.997055  0.000000 0.707106 0.707108  0.786184 0.442213 1 28 1.000000
0  -8.626616 -24.752304 48.438190  0.000000 0.707106 0.707108  0.798238 0.442213 1 28 1.000000
0  -4.905903 -24.752304 48.438190  0.000000 0.707106 0.707108  0.798238 0.542718 1 28 1.000000
combine_gun002
0  -8.626616 -25.957506 48.438190  0.000000 -0.707106 0.707108  0.822344 0.442213 1 28 1.000000
0  -4.905903 -26.398642 47.997055  0.000000 -0.707106 0.707108  0.834398 0.542718 1 28 1.000000
0  -4.905903 -25.957506 48.438190  0.000000 -0.707106 0.707108  0.822344 0.542718 1 28 1.000000
combine_gun002
0  -8.626616 -25.957506 48.438190  0.000000 -0.707106 0.707108  0.822344 0.442213 1 28 1.000000
0  -8.626616 -26.398642 47.997055  0.000000 -0.707106 0.707108  0.834398 0.442213 1 28 1.000000
0  -4.905903 -26.398642 47.997055  0.000000 -0.707106 0.707108  0.834398 0.542718 1 28 1.000000
combine_gun002
0  -8.626616 -26.560108 47.394455  0.000000 -0.965926 -0.258818  0.846451 0.442213 1 28 1.000000
0  -4.905903 -26.398640 46.791851  0.000000 -0.965925 -0.258823  0.858504 0.542718 1 28 1.000000
0  -4.905903 -26.560108 47.394455  0.000000 -0.965925 -0.258823  0.846451 0.542718 1 28 1.000000
combine_gun002
0  -8.626616 -26.560108 47.394455  0.000000 -0.965926 -0.258818  0.846451 0.442213 1 28 1.000000
0  -8.626616 -26.398640 46.791851  0.000000 -0.965926 -0.258817  0.858504 0.442213 1 28 1.000000
0  -4.905903 -26.398640 46.791851  0.000000 -0.965925 -0.258823  0.858504 0.542718 1 28 1.000000
combine_gun002
0  -8.626616 -24.149702 47.394455  0.000000 0.965926 0.258819  0.774131 0.442213 1 28 1.000000
0  -4.905903 -24.311169 47.997055  0.000000 0.965926 0.258819  0.786184 0.542718 1 28 1.000000
0  -4.905903 -24.149702 47.394455  0.000000 0.965926 0.258819  0.774131 0.542718 1 28 1.000000
combine_gun002
0  -8.626616 -24.149702 47.394455  0.000000 0.965926 0.258819  0.774131 0.442213 1 28 1.000000
0  -8.626616 -24.311169 47.997055  0.000000 0.965926 0.258819  0.786184 0.442213 1 28 1.000000
0  -4.905903 -24.311169 47.997055  0.000000 0.965926 0.258819  0.786184 0.542718 1 28 1.000000
combine_gun002
0  -8.626616 -25.354906 48.599655  0.000000 -0.258817 0.965926  0.810291 0.442213 1 28 1.000000
0  -4.905903 -25.957506 48.438190  0.000000 -0.258816 0.965927  0.822344 0.542718 1 28 1.000000
0  -4.905903 -25.354906 48.599655  0.000000 -0.258816 0.965927  0.810291 0.542718 1 28 1.000000
combine_gun002
0  -8.626616 -25.354906 48.599655  0.000000 -0.258817 0.965926  0.810291 0.442213 1 28 1.000000
0  -8.626616 -25.957506 48.438190  0.000000 -0.258817 0.965926  0.822344 0.442213 1 28 1.000000
0  -4.905903 -25.957506 48.438190  0.000000 -0.258816 0.965927  0.822344 0.542718 1 28 1.000000
combine_gun002
0  -8.626616 -24.311169 46.791851  0.000000 0.965926 -0.258817  0.906717 0.442213 1 28 1.000000
0  -4.905903 -24.149702 47.394455  0.000000 0.965926 -0.258817  0.918771 0.542718 1 28 1.000000
0  -4.905903 -24.311169 46.791851  0.000000 0.965926 -0.258817  0.906717 0.542718 1 28 1.000000
combine_gun002
0  -8.626616 -24.311169 46.791851  0.000000 0.965926 -0.258817  0.906717 0.442213 1 28 1.000000
0  -8.626616 -24.149702 47.394455  0.000000 0.965926 -0.258817  0.918771 0.442213 1 28 1.000000
0  -4.905903 -24.149702 47.394455  0.000000 0.965926 -0.258817  0.918771 0.542718 1 28 1.000000
combine_gun002
0  -8.626616 -26.398640 46.791851  0.000000 -0.707106 -0.707107  0.858504 0.442213 1 28 1.000000
0  -4.905903 -25.957506 46.350716  0.000000 -0.707109 -0.707105  0.870557 0.542718 1 28 1.000000
0  -4.905903 -26.398640 46.791851  0.000000 -0.707109 -0.707104  0.858504 0.542718 1 28 1.000000
combine_gun002
0  -8.626616 -26.398640 46.791851  0.000000 -0.707106 -0.707107  0.858504 0.442213 1 28 1.000000
0  -8.626616 -25.957506 46.350716  0.000000 -0.707106 -0.707108  0.870557 0.442213 1 28 1.000000
0  -4.905903 -25.957506 46.350716  0.000000 -0.707109 -0.707105  0.870557 0.542718 1 28 1.000000
combine_gun002
0  -8.626616 -26.398642 47.997055  0.000000 -0.965925 0.258824  0.834398 0.442213 1 28 1.000000
0  -4.905903 -26.560108 47.394455  0.000000 -0.965927 0.258814  0.846451 0.542718 1 28 1.000000
0  -4.905903 -26.398642 47.997055  0.000000 -0.965927 0.258813  0.834398 0.542718 1 28 1.000000
combine_gun002
0  -8.626616 -26.398642 47.997055  0.000000 -0.965925 0.258824  0.834398 0.442213 1 28 1.000000
0  -8.626616 -26.560108 47.394455  0.000000 -0.965924 0.258825  0.846451 0.442213 1 28 1.000000
0  -4.905903 -26.560108 47.394455  0.000000 -0.965927 0.258814  0.846451 0.542718 1 28 1.000000
combine_gun002
0  -8.626616 -24.752302 46.350716  0.000000 0.707109 -0.707105  0.894664 0.442213 1 28 1.000000
0  -4.905903 -24.311169 46.791851  0.000000 0.707106 -0.707107  0.906717 0.542718 1 28 1.000000
0  -4.905903 -24.752302 46.350716  0.000000 0.707106 -0.707108  0.894664 0.542718 1 28 1.000000
combine_gun002
0  -8.626616 -24.752302 46.350716  0.000000 0.707109 -0.707105  0.894664 0.442213 1 28 1.000000
0  -8.626616 -24.311169 46.791851  0.000000 0.707109 -0.707104  0.906717 0.442213 1 28 1.000000
0  -4.905903 -24.311169 46.791851  0.000000 0.707106 -0.707107  0.906717 0.542718 1 28 1.000000
combine_gun002
0  -8.626616 -24.752304 48.438190  0.000000 0.258816 0.965927  0.798238 0.442213 1 28 1.000000
0  -4.905903 -25.354906 48.599655  0.000000 0.258817 0.965926  0.810291 0.542718 1 28 1.000000
0  -4.905903 -24.752304 48.438190  0.000000 0.258817 0.965926  0.798238 0.542718 1 28 1.000000
combine_gun002
0  -8.626616 -24.752304 48.438190  0.000000 0.258816 0.965927  0.798238 0.442213 1 28 1.000000
0  -8.626616 -25.354906 48.599655  0.000000 0.258816 0.965927  0.810291 0.442213 1 28 1.000000
0  -4.905903 -25.354906 48.599655  0.000000 0.258817 0.965926  0.810291 0.542718 1 28 1.000000
combine_gun002
0  -8.626616 -25.957506 46.350716  0.000000 -0.258816 -0.965927  0.870557 0.442213 1 28 1.000000
0  -4.905903 -25.354904 46.189251  0.000000 -0.258816 -0.965927  0.882611 0.542718 1 28 1.000000
0  -4.905903 -25.957506 46.350716  0.000000 -0.258816 -0.965927  0.870557 0.542718 1 28 1.000000
combine_gun002
0  -8.626616 -25.957506 46.350716  0.000000 -0.258816 -0.965927  0.870557 0.442213 1 28 1.000000
0  -8.626616 -25.354904 46.189251  0.000000 -0.258816 -0.965927  0.882611 0.442213 1 28 1.000000
0  -4.905903 -25.354904 46.189251  0.000000 -0.258816 -0.965927  0.882611 0.542718 1 28 1.000000
combine_gun002
0  -8.626616 -25.354904 46.189251  0.000000 0.258816 -0.965927  0.882611 0.442213 1 28 1.000000
0  -4.905903 -24.752302 46.350716  0.000000 0.258817 -0.965926  0.894664 0.542718 1 28 1.000000
0  -4.905903 -25.354904 46.189251  0.000000 0.258817 -0.965926  0.882611 0.542718 1 28 1.000000
combine_gun002
0  -8.626616 -25.354904 46.189251  0.000000 0.258816 -0.965927  0.882611 0.442213 1 28 1.000000
0  -8.626616 -24.752302 46.350716  0.000000 0.258816 -0.965927  0.894664 0.442213 1 28 1.000000
0  -4.905903 -24.752302 46.350716  0.000000 0.258817 -0.965926  0.894664 0.542718 1 28 1.000000
combine_gun002
0  -6.821362 -27.614109 46.009495  0.000000 -0.939971 0.341255  0.974773 0.704768 1 28 1.000000
0  -7.942274 -25.847097 50.876640  0.000000 -0.939971 0.341255  0.952831 0.806126 1 28 1.000000
0  -7.942274 -27.614109 46.009495  0.000000 -0.939971 0.341256  0.952831 0.704768 1 28 1.000000
combine_gun002
0  -6.821362 -27.614109 46.009495  0.000000 -0.939971 0.341255  0.974773 0.704768 1 28 1.000000
0  -6.821362 -25.847097 50.876640  0.000000 -0.939971 0.341254  0.974773 0.806126 1 28 1.000000
0  -7.942274 -25.847097 50.876640  0.000000 -0.939971 0.341255  0.952831 0.806126 1 28 1.000000
combine_gun002
0  -7.942274 -23.918888 45.904598  -1.000000 -0.000025 0.000000  0.104643 0.037219 1 28 1.000000
0  -7.942795 -23.047327 38.260609  -1.000000 -0.000335 0.000030  0.262696 0.017811 1 28 1.000000
0  -7.942221 -24.846672 37.330109  -1.000000 -0.000228 0.000019  0.282275 0.054881 1 28 1.000000
combine_gun002
0  -7.942274 -23.918888 45.904598  -1.000000 -0.000025 0.000000  0.104643 0.037219 1 28 1.000000
0  -7.942221 -24.846672 37.330109  -1.000000 -0.000228 0.000019  0.282275 0.054881 1 28 1.000000
0  -7.942274 -27.298941 44.156662  -1.000000 0.000002 -0.000004  0.141422 0.106854 1 28 1.000000
combine_gun002
0  -7.942274 -27.298941 44.156662  -1.000000 0.000002 -0.000004  0.141422 0.106854 1 28 1.000000
0  -7.942274 -25.847097 50.876640  -1.000000 0.000000 0.000000  0.002081 0.078015 1 28 1.000000
0  -7.942274 -23.918888 45.904598  -1.000000 -0.000025 0.000000  0.104643 0.037219 1 28 1.000000
combine_gun002
0  -7.942274 -27.298941 44.156662  -1.000000 0.000002 -0.000004  0.141422 0.106854 1 28 1.000000
0  -7.942274 -27.614109 46.009495  -1.000000 0.000000 0.000000  0.103130 0.113709 1 28 1.000000
0  -7.942274 -25.847097 50.876640  -1.000000 0.000000 0.000000  0.002081 0.078015 1 28 1.000000
combine_gun002
0  -6.821309 -24.846672 37.330109  0.000000 0.459347 -0.888257  0.978972 0.717523 1 28 1.000000
0  -7.942795 -23.047327 38.260609  0.000000 0.459347 -0.888257  0.941257 0.738535 1 28 1.000000
0  -6.821883 -23.047327 38.260609  0.000000 0.459347 -0.888257  0.941257 0.717535 1 28 1.000000
combine_gun002
0  -6.821309 -24.846672 37.330109  0.000000 0.459347 -0.888257  0.978972 0.717523 1 28 1.000000
0  -7.942221 -24.846672 37.330109  0.000000 0.459346 -0.888257  0.978972 0.738523 1 28 1.000000
0  -7.942795 -23.047327 38.260609  0.000000 0.459347 -0.888257  0.941257 0.738535 1 28 1.000000
combine_gun002
0  -7.942274 -27.298941 44.156662  0.000000 -0.967239 -0.253869  0.092666 0.221013 1 28 1.000000
0  -7.942221 -24.846672 37.330109  0.000000 -0.941120 -0.338074  0.193382 0.217057 1 28 1.000000
0  -6.821309 -24.846672 37.330109  0.000000 -0.941120 -0.338074  0.194015 0.233163 1 28 1.000000
combine_gun002
0  -7.942274 -27.298941 44.156662  0.000000 -0.967239 -0.253869  0.092666 0.221013 1 28 1.000000
0  -6.821309 -24.846672 37.330109  0.000000 -0.941120 -0.338074  0.194015 0.233163 1 28 1.000000
0  -6.821362 -27.298941 44.156662  0.000000 -0.967238 -0.253870  0.093299 0.237119 1 28 1.000000
combine_gun002
0  -6.821362 -27.298941 44.156662  0.000000 -0.967238 -0.253870  0.093299 0.237119 1 28 1.000000
0  -7.942274 -27.614109 46.009495  0.000000 -0.985839 -0.167692  0.065756 0.222071 1 28 1.000000
0  -7.942274 -27.298941 44.156662  0.000000 -0.967239 -0.253869  0.092666 0.221013 1 28 1.000000
combine_gun002
0  -6.821362 -27.298941 44.156662  0.000000 -0.967238 -0.253870  0.093299 0.237119 1 28 1.000000
0  -6.821362 -27.614109 46.009495  0.000000 -0.985839 -0.167692  0.066389 0.238176 1 28 1.000000
0  -7.942274 -27.614109 46.009495  0.000000 -0.985839 -0.167692  0.065756 0.222071 1 28 1.000000
combine_gun002
0  -5.625108 -24.287525 48.385777  0.000000 0.820924 0.571038  0.162498 0.031102 1 28 1.000000
0  -6.385156 -23.178452 46.791374  0.000000 0.820924 0.571038  0.192935 0.058692 1 28 1.000000
0  -6.385156 -24.287525 48.385777  0.000000 0.820924 0.571038  0.162498 0.031102 1 28 1.000000
combine_gun002
0  -5.625108 -24.287525 48.385777  0.000000 0.820924 0.571038  0.162498 0.031102 1 28 1.000000
0  -5.625108 -23.178452 46.791374  0.000000 0.820924 0.571038  0.192935 0.058692 1 28 1.000000
0  -6.385156 -23.178452 46.791374  0.000000 0.820924 0.571038  0.192935 0.058692 1 28 1.000000
combine_gun002
0  -7.470887 -22.514088 27.882843  -0.997768 0.005717 -0.066525  0.481361 0.020805 1 28 1.000000
0  -7.185869 -23.824583 15.988985  -0.999672 0.007641 -0.024428  0.751801 0.025638 1 28 1.000000
0  -7.185869 -24.295176 15.663467  -0.999672 0.007626 -0.024429  0.758623 0.035318 1 28 1.000000
combine_gun002
0  -7.470887 -22.514088 27.882843  -0.997768 0.005717 -0.066525  0.481361 0.020805 1 28 1.000000
0  -7.185869 -24.295176 15.663467  -0.999672 0.007626 -0.024429  0.758623 0.035318 1 28 1.000000
0  -7.470887 -23.907570 27.624363  -0.997771 0.005736 -0.066477  0.486958 0.049596 1 28 1.000000
combine_gun002
0  -8.353085 -23.359488 35.728889  -0.998549 0.047305 0.025754  0.315184 0.023953 1 28 1.000000
0  -7.470887 -22.514088 27.882843  -0.997768 0.005717 -0.066525  0.481361 0.020805 1 28 1.000000
0  -7.470887 -23.907570 27.624363  -0.997771 0.005736 -0.066477  0.486958 0.049596 1 28 1.000000
combine_gun002
0  -8.353085 -23.359488 35.728889  -0.998549 0.047305 0.025754  0.315184 0.023953 1 28 1.000000
0  -7.470887 -23.907570 27.624363  -0.997771 0.005736 -0.066477  0.486958 0.049596 1 28 1.000000
0  -8.353085 -25.330605 35.872082  -0.998549 0.047300 0.025738  0.312572 0.064770 1 28 1.000000
combine_gun002
0  -8.353085 -25.330605 35.872082  -0.998549 0.047300 0.025738  0.312572 0.064770 1 28 1.000000
0  -6.385156 -23.178452 46.791374  -0.983092 0.090088 0.159419  0.086029 0.021540 1 28 1.000000
0  -8.353085 -23.359488 35.728889  -0.998549 0.047305 0.025754  0.315184 0.023953 1 28 1.000000
combine_gun002
0  -8.353085 -25.330605 35.872082  -0.998549 0.047300 0.025738  0.312572 0.064770 1 28 1.000000
0  -6.385156 -24.287525 48.385777  -0.983093 0.090086 0.159414  0.053227 0.044778 1 28 1.000000
0  -6.385156 -23.178452 46.791374  -0.983092 0.090088 0.159419  0.086029 0.021540 1 28 1.000000
combine_gun002
0  -4.824291 -24.295176 15.663467  0.000000 0.568882 -0.822419  0.956992 0.724566 1 28 1.000000
0  -7.185869 -23.824583 15.988985  0.000000 0.568884 -0.822418  0.946577 0.768809 1 28 1.000000
0  -4.824291 -23.824583 15.988985  0.000000 0.568882 -0.822419  0.946577 0.724566 1 28 1.000000
combine_gun002
0  -4.824291 -24.295176 15.663467  0.000000 0.568882 -0.822419  0.956992 0.724566 1 28 1.000000
0  -7.185869 -24.295176 15.663467  0.000000 0.568884 -0.822418  0.956992 0.768809 1 28 1.000000
0  -7.185869 -23.824583 15.988985  0.000000 0.568884 -0.822418  0.946577 0.768809 1 28 1.000000
combine_gun002
0  -7.470887 -23.907570 27.624363  -0.000000 -0.997600 -0.069238  0.333743 0.218325 1 28 1.000000
0  -7.185869 -24.295176 15.663467  0.000000 -0.999475 0.032389  0.504671 0.215711 1 28 1.000000
0  -4.824291 -24.295176 15.663467  0.000000 -0.999475 0.032389  0.506004 0.249642 1 28 1.000000
combine_gun002
0  -7.470887 -23.907570 27.624363  -0.000000 -0.997600 -0.069238  0.333743 0.218325 1 28 1.000000
0  -4.824291 -24.295176 15.663467  0.000000 -0.999475 0.032389  0.506004 0.249642 1 28 1.000000
0  -4.539273 -23.907570 27.624363  0.000000 -0.997595 -0.069317  0.335398 0.260447 1 28 1.000000
combine_gun002
0  -8.353085 -25.330605 35.872082  -0.000000 -0.999039 -0.043831  0.213435 0.210356 1 28 1.000000
0  -7.470887 -23.907570 27.624363  -0.000000 -0.997600 -0.069238  0.333743 0.218325 1 28 1.000000
0  -4.539273 -23.907570 27.624363  0.000000 -0.997595 -0.069317  0.335398 0.260447 1 28 1.000000
combine_gun002
0  -8.353085 -25.330605 35.872082  -0.000000 -0.999039 -0.043831  0.213435 0.210356 1 28 1.000000
0  -4.539273 -23.907570 27.624363  0.000000 -0.997595 -0.069317  0.335398 0.260447 1 28 1.000000
0  -3.657075 -25.330605 35.872082  -0.000000 -0.999046 -0.043682  0.216086 0.277830 1 28 1.000000
combine_gun002
0  -3.657075 -25.330605 35.872082  -0.000000 -0.999046 -0.043682  0.216086 0.277830 1 28 1.000000
0  -6.385156 -24.287525 48.385777  0.000000 -0.996544 0.083067  0.036662 0.245621 1 28 1.000000
0  -8.353085 -25.330605 35.872082  -0.000000 -0.999039 -0.043831  0.213435 0.210356 1 28 1.000000
combine_gun002
0  -3.657075 -25.330605 35.872082  -0.000000 -0.999046 -0.043682  0.216086 0.277830 1 28 1.000000
0  -5.625108 -24.287525 48.385777  0.000000 -0.996544 0.083066  0.037091 0.256541 1 28 1.000000
0  -6.385156 -24.287525 48.385777  0.000000 -0.996544 0.083067  0.036662 0.245621 1 28 1.000000
combine_gun002
0  -5.821722 -24.988813 50.917046  0.000000 0.686701 0.726940  0.967731 0.691627 1 28 1.000000
0  -6.188543 -23.063580 49.098381  0.000000 0.686702 0.726939  0.946245 0.698499 1 28 1.000000
0  -6.188543 -24.988813 50.917046  0.000000 0.686700 0.726941  0.967731 0.698499 1 28 1.000000
combine_gun002
0  -5.821722 -24.988813 50.917046  0.000000 0.686701 0.726940  0.967731 0.691627 1 28 1.000000
0  -5.821722 -23.063580 49.098381  0.000000 0.686702 0.726939  0.946245 0.691627 1 28 1.000000
0  -6.188543 -23.063580 49.098381  0.000000 0.686702 0.726939  0.946245 0.698499 1 28 1.000000
combine_gun002
0  -6.712521 -21.631506 26.429045  -0.999566 0.001097 -0.029445  0.511230 0.002028 1 28 1.000000
0  -6.574963 -23.921610 13.095560  -0.999943 0.002030 -0.010513  0.811653 0.026925 1 28 1.000000
0  -6.574963 -24.697193 12.752995  -0.999943 0.002002 -0.010507  0.818881 0.042913 1 28 1.000000
combine_gun002
0  -6.712521 -21.631506 26.429045  -0.999566 0.001097 -0.029445  0.511230 0.002028 1 28 1.000000
0  -6.574963 -24.697193 12.752995  -0.999943 0.002002 -0.010507  0.818881 0.042913 1 28 1.000000
0  -6.712521 -23.957188 26.199087  -0.999568 0.001709 -0.029342  0.516403 0.050116 1 28 1.000000
combine_gun002
0  -7.138295 -22.916538 35.034645  -0.999896 0.012389 0.007407  0.329373 0.014260 1 28 1.000000
0  -6.712521 -21.631506 26.429045  -0.999566 0.001097 -0.029445  0.511230 0.002028 1 28 1.000000
0  -6.712521 -23.957188 26.199087  -0.999568 0.001709 -0.029342  0.516403 0.050116 1 28 1.000000
combine_gun002
0  -7.138295 -22.916538 35.034645  -0.999896 0.012389 0.007407  0.329373 0.014260 1 28 1.000000
0  -6.712521 -23.957188 26.199087  -0.999568 0.001709 -0.029342  0.516403 0.050116 1 28 1.000000
0  -7.138295 -26.227247 35.275154  -0.999896 0.012386 0.007353  0.324985 0.082816 1 28 1.000000
combine_gun002
0  -7.138295 -26.227247 35.275154  -0.999896 0.012386 0.007353  0.324985 0.082816 1 28 1.000000
0  -6.188543 -23.063580 49.098381  -0.997714 0.024751 0.062886  0.038244 0.019512 1 28 1.000000
0  -7.138295 -22.916538 35.034645  -0.999896 0.012389 0.007407  0.329373 0.014260 1 28 1.000000
combine_gun002
0  -7.138295 -26.227247 35.275154  -0.999896 0.012386 0.007353  0.324985 0.082816 1 28 1.000000
0  -6.188543 -24.988813 50.917046  -0.997714 0.024721 0.062893  0.000946 0.059680 1 28 1.000000
0  -6.188543 -23.063580 49.098381  -0.997714 0.024751 0.062886  0.038244 0.019512 1 28 1.000000
combine_gun002
0  -5.435197 -24.697193 12.752995  0.000000 0.404032 -0.914745  0.983538 0.736011 1 28 1.000000
0  -6.574963 -23.921610 13.095560  0.000000 0.404032 -0.914745  0.967674 0.757364 1 28 1.000000
0  -5.435197 -23.921610 13.095560  0.000000 0.404031 -0.914745  0.967674 0.736011 1 28 1.000000
combine_gun002
0  -5.435197 -24.697193 12.752995  0.000000 0.404032 -0.914745  0.983538 0.736011 1 28 1.000000
0  -6.574963 -24.697193 12.752995  0.000000 0.404032 -0.914745  0.983538 0.757364 1 28 1.000000
0  -6.574963 -23.921610 13.095560  0.000000 0.404032 -0.914745  0.967674 0.757364 1 28 1.000000
combine_gun002
0  -6.712521 -23.957188 26.199087  -0.000000 -0.995488 -0.094888  0.354516 0.228422 1 28 1.000000
0  -6.574963 -24.697193 12.752995  0.000000 -0.998489 0.054952  0.546195 0.222870 1 28 1.000000
0  -5.435197 -24.697193 12.752995  0.000000 -0.998489 0.054952  0.546838 0.239247 1 28 1.000000
combine_gun002
0  -6.712521 -23.957188 26.199087  -0.000000 -0.995488 -0.094888  0.354516 0.228422 1 28 1.000000
0  -5.435197 -24.697193 12.752995  0.000000 -0.998489 0.054952  0.546838 0.239247 1 28 1.000000
0  -5.297639 -23.957188 26.199087  0.000000 -0.995492 -0.094841  0.355315 0.248751 1 28 1.000000
combine_gun002
0  -7.138295 -26.227247 35.275154  -0.000000 -0.996539 -0.083126  0.221576 0.227518 1 28 1.000000
0  -6.712521 -23.957188 26.199087  -0.000000 -0.995488 -0.094888  0.354516 0.228422 1 28 1.000000
0  -5.297639 -23.957188 26.199087  0.000000 -0.995492 -0.094841  0.355315 0.248751 1 28 1.000000
combine_gun002
0  -7.138295 -26.227247 35.275154  -0.000000 -0.996539 -0.083126  0.221576 0.227518 1 28 1.000000
0  -5.297639 -23.957188 26.199087  0.000000 -0.995492 -0.094841  0.355315 0.248751 1 28 1.000000
0  -4.871865 -26.227247 35.275154  0.000000 -0.996487 -0.083747  0.222855 0.260083 1 28 1.000000
combine_gun002
0  -4.871865 -26.227247 35.275154  0.000000 -0.996487 -0.083747  0.222855 0.260083 1 28 1.000000
0  -6.188543 -24.988813 50.917046  0.000000 -0.996880 0.078927  -0.000319 0.249903 1 28 1.000000
0  -7.138295 -26.227247 35.275154  -0.000000 -0.996539 -0.083126  0.221576 0.227518 1 28 1.000000
combine_gun002
0  -4.871865 -26.227247 35.275154  0.000000 -0.996487 -0.083747  0.222855 0.260083 1 28 1.000000
0  -5.821722 -24.988813 50.917046  0.000000 -0.996880 0.078927  -0.000112 0.255174 1 28 1.000000
0  -6.188543 -24.988813 50.917046  0.000000 -0.996880 0.078927  -0.000319 0.249903 1 28 1.000000
combine_gun002
0  -5.814276 -22.265692 27.512693  0.000000 0.999901 0.014035  0.339928 0.172013 1 28 1.000000
0  -6.803280 -22.502443 47.110352  0.000000 0.999927 0.012080  0.078685 0.190699 1 28 1.000000
0  -5.855303 -22.502443 47.110352  0.000000 0.999927 0.012080  0.078685 0.164550 1 28 1.000000
combine_gun002
0  -5.814276 -22.265692 27.512693  0.000000 0.999901 0.014035  0.339928 0.172013 1 28 1.000000
0  -6.844202 -22.265692 27.512693  0.000000 0.999901 0.014035  0.339928 0.183235 1 28 1.000000
0  -6.803280 -22.502443 47.110352  0.000000 0.999927 0.012080  0.078685 0.190699 1 28 1.000000
combine_gun002
0  -6.401234 -27.902992 41.517262  0.000000 -1.000000 0.000000  0.989235 0.338161 1 28 1.000000
0  -5.280322 -27.902992 53.602882  0.000000 -1.000000 0.000000  0.964138 0.605785 1 28 1.000000
0  -6.401234 -27.902992 53.602882  0.000000 -1.000000 0.000000  0.989235 0.605785 1 28 1.000000
combine_gun002
0  -6.401234 -27.902992 41.517262  0.000000 -1.000000 0.000000  0.989235 0.338161 1 28 1.000000
0  -5.280322 -27.902992 41.517262  0.000000 -1.000000 0.000000  0.964138 0.338161 1 28 1.000000
0  -5.280322 -27.902992 53.602882  0.000000 -1.000000 0.000000  0.964138 0.605785 1 28 1.000000
combine_gun002
0  -5.280322 -24.097725 41.517262  0.000000 1.000000 0.000000  0.967702 0.316512 1 28 1.000000
0  -6.401234 -24.097725 39.374859  0.000000 1.000000 0.000000  0.990692 0.273054 1 28 1.000000
0  -6.401234 -24.097725 41.517262  0.000000 1.000000 0.000000  0.990692 0.316512 1 28 1.000000
combine_gun002
0  -5.280322 -24.097725 41.517262  0.000000 1.000000 0.000000  0.967702 0.316512 1 28 1.000000
0  -5.280322 -24.097725 39.374859  0.000000 1.000000 0.000000  0.967702 0.273054 1 28 1.000000
0  -6.401234 -24.097725 39.374859  0.000000 1.000000 0.000000  0.990692 0.273054 1 28 1.000000
combine_gun002
0  -6.401234 -27.902992 41.517262  0.000000 -0.769240 -0.638960  0.959314 0.302680 1 28 1.000000
0  -5.279748 -26.123430 39.374859  0.000000 -0.769240 -0.638960  0.994677 0.214862 1 28 1.000000
0  -5.280322 -27.902992 41.517262  0.000000 -0.769240 -0.638960  0.994658 0.302680 1 28 1.000000
combine_gun002
0  -6.401234 -27.902992 41.517262  0.000000 -0.769240 -0.638960  0.959314 0.302680 1 28 1.000000
0  -6.400660 -26.123430 39.374859  0.000000 -0.769240 -0.638960  0.959333 0.214862 1 28 1.000000
0  -5.279748 -26.123430 39.374859  0.000000 -0.769240 -0.638960  0.994677 0.214862 1 28 1.000000
combine_gun002
0  -6.401234 -24.097725 51.207684  0.000000 0.532700 0.846304  0.917148 0.092029 1 28 1.000000
0  -5.280322 -27.902992 53.602882  0.000000 0.532700 0.846304  0.892369 0.187486 1 28 1.000000
0  -5.280322 -24.097725 51.207684  0.000000 0.532700 0.846304  0.892369 0.092029 1 28 1.000000
combine_gun002
0  -6.401234 -24.097725 51.207684  0.000000 0.532700 0.846304  0.917148 0.092029 1 28 1.000000
0  -6.401234 -27.902992 53.602882  0.000000 0.532700 0.846304  0.917148 0.187486 1 28 1.000000
0  -5.280322 -27.902992 53.602882  0.000000 0.532700 0.846304  0.892369 0.187486 1 28 1.000000
combine_gun002
0  -5.280322 -27.902992 41.517262  1.000000 0.000042 0.000075  0.488840 0.499778 1 28 1.000000
0  -5.279748 -26.123430 39.374859  1.000000 -0.000094 -0.000164  0.454227 0.471027 1 28 1.000000
0  -5.280322 -24.097725 39.374859  1.000000 0.000093 0.000164  0.454227 0.438299 1 28 1.000000
combine_gun002
0  -5.280322 -27.902992 41.517262  1.000000 0.000042 0.000075  0.488840 0.499778 1 28 1.000000
0  -5.280322 -24.097725 39.374859  1.000000 0.000093 0.000164  0.454227 0.438299 1 28 1.000000
0  -5.280322 -24.097725 41.517262  1.000000 -0.000000 0.000000  0.488840 0.438299 1 28 1.000000
combine_gun002
0  -5.280322 -24.097725 41.517262  1.000000 -0.000000 0.000000  0.488840 0.438299 1 28 1.000000
0  -5.280322 -27.902992 53.602882  1.000000 -0.000000 0.000000  0.684098 0.499778 1 28 1.000000
0  -5.280322 -27.902992 41.517262  1.000000 0.000042 0.000075  0.488840 0.499778 1 28 1.000000
combine_gun002
0  -5.280322 -24.097725 41.517262  1.000000 -0.000000 0.000000  0.488840 0.438299 1 28 1.000000
0  -5.280322 -24.097725 51.207684  1.000000 -0.000000 0.000000  0.645400 0.438299 1 28 1.000000
0  -5.280322 -27.902992 53.602882  1.000000 -0.000000 0.000000  0.684098 0.499778 1 28 1.000000
combine_gun002
0  -6.401234 -24.097725 39.374859  0.000000 0.000000 -1.000000  0.154427 0.532182 1 28 1.000000
0  -5.279748 -26.123430 39.374859  0.000000 0.000000 -1.000000  0.182793 0.583416 1 28 1.000000
0  -6.400660 -26.123430 39.374859  0.000000 0.000000 -1.000000  0.154443 0.583416 1 28 1.000000
combine_gun002
0  -6.401234 -24.097725 39.374859  0.000000 0.000000 -1.000000  0.154427 0.532182 1 28 1.000000
0  -5.280322 -24.097725 39.374859  0.000000 0.000000 -1.000000  0.182777 0.532182 1 28 1.000000
0  -5.279748 -26.123430 39.374859  0.000000 0.000000 -1.000000  0.182793 0.583416 1 28 1.000000
combine_gun002
0  -6.401234 -24.097725 41.517262  0.000000 1.000000 0.000000  0.547763 0.210188 1 28 1.000000
0  -5.280322 -24.097725 51.207684  0.000000 1.000000 0.000000  0.351195 0.187198 1 28 1.000000
0  -5.280322 -24.097725 41.517262  0.000000 1.000000 0.000000  0.547763 0.187198 1 28 1.000000
combine_gun002
0  -6.401234 -24.097725 41.517262  0.000000 1.000000 0.000000  0.547763 0.210188 1 28 1.000000
0  -6.401234 -24.097725 51.207684  0.000000 1.000000 0.000000  0.351195 0.210188 1 28 1.000000
0  -5.280322 -24.097725 51.207684  0.000000 1.000000 0.000000  0.351195 0.187198 1 28 1.000000
combine_gun002
0  -8.961308 -32.189369 38.899143  -0.413347 -0.554679 0.722133  0.629562 0.082196 1 28 1.000000
0  -9.617778 -33.512276 37.507244  -0.413347 -0.554680 0.722132  0.665030 0.099581 1 28 1.000000
0  -8.160064 -33.005543 38.730862  -0.413347 -0.554679 0.722133  0.627834 0.104251 1 28 1.000000
combine_gun002
0  -8.961308 -32.189369 38.899143  -0.413347 -0.554679 0.722133  0.629562 0.082196 1 28 1.000000
0  -9.761354 -33.366028 37.537399  -0.413347 -0.554681 0.722131  0.665339 0.095629 1 28 1.000000
0  -9.617778 -33.512276 37.507244  -0.413347 -0.554680 0.722132  0.665030 0.099581 1 28 1.000000
combine_gun002
0  -11.980193 -30.819721 12.190948  0.679754 0.730790 -0.062288  0.566889 0.038812 1 28 1.000000
0  -12.279285 -30.439064 9.576382  0.663335 0.748072 0.019382  0.609922 0.037229 1 28 1.000000
0  -12.626647 -30.185394 9.833624  0.663339 0.748068 0.019387  0.606752 0.029806 1 28 1.000000
combine_gun002
0  -11.980193 -30.819721 12.190948  0.679754 0.730790 -0.062288  0.566889 0.038812 1 28 1.000000
0  -12.626647 -30.185394 9.833624  0.663339 0.748068 0.019387  0.606752 0.029806 1 28 1.000000
0  -12.327553 -30.465893 12.263905  0.679778 0.730767 -0.062303  0.566885 0.030695 1 28 1.000000
combine_gun002
0  -6.571794 -30.850266 38.089336  0.713415 0.700740 -0.001802  0.145849 0.040486 1 28 1.000000
0  -11.980193 -30.819721 12.190948  0.679754 0.730790 -0.062288  0.566889 0.038812 1 28 1.000000
0  -12.327553 -30.465893 12.263905  0.679778 0.730767 -0.062303  0.566885 0.030695 1 28 1.000000
combine_gun002
0  -6.571794 -30.850266 38.089336  0.713415 0.700740 -0.001802  0.145849 0.040486 1 28 1.000000
0  -12.327553 -30.465893 12.263905  0.679778 0.730767 -0.062303  0.566885 0.030695 1 28 1.000000
0  -6.919155 -30.496433 38.162292  0.713415 0.700739 -0.001798  0.145845 0.032368 1 28 1.000000
combine_gun002
0  -6.919155 -30.803333 39.650730  0.720851 0.678811 0.139964  0.121350 0.032335 1 28 1.000000
0  -6.571794 -30.850266 38.089336  0.713415 0.700740 -0.001802  0.145849 0.040486 1 28 1.000000
0  -6.919155 -30.496433 38.162292  0.713415 0.700739 -0.001798  0.145845 0.032368 1 28 1.000000
combine_gun002
0  -6.919155 -30.803333 39.650730  0.720851 0.678811 0.139964  0.121350 0.032335 1 28 1.000000
0  -6.571794 -31.157166 39.577774  0.720851 0.678811 0.139964  0.121353 0.040453 1 28 1.000000
0  -6.571794 -30.850266 38.089336  0.713415 0.700740 -0.001802  0.145849 0.040486 1 28 1.000000
combine_gun002
0  -8.160064 -33.005543 38.730862  -0.128506 -0.319713 0.938760  0.627834 0.104251 1 28 1.000000
0  -6.919155 -30.803333 39.650730  -0.128509 -0.319715 0.938759  0.580338 0.087111 1 28 1.000000
0  -8.961308 -32.189369 38.899143  -0.128506 -0.319712 0.938760  0.629562 0.082196 1 28 1.000000
combine_gun002
0  -8.160064 -33.005543 38.730862  -0.128506 -0.319713 0.938760  0.627834 0.104251 1 28 1.000000
0  -6.571794 -31.157166 39.577774  -0.128510 -0.319716 0.938758  0.579588 0.096673 1 28 1.000000
0  -6.919155 -30.803333 39.650730  -0.128509 -0.319715 0.938759  0.580338 0.087111 1 28 1.000000
combine_gun002
0  -12.327553 -30.465893 12.263905  -0.558261 0.813599 0.162483  0.387602 0.303727 1 28 1.000000
0  -12.626647 -30.185394 9.833624  -0.534173 0.821020 0.201460  0.421294 0.298835 1 28 1.000000
0  -14.066221 -30.838318 9.171512  -0.534244 0.820963 0.201501  0.434080 0.316216 1 28 1.000000
combine_gun002
0  -12.327553 -30.465893 12.263905  -0.558261 0.813599 0.162483  0.387602 0.303727 1 28 1.000000
0  -14.066221 -30.838318 9.171512  -0.534244 0.820963 0.201501  0.434080 0.316216 1 28 1.000000
0  -14.066221 -31.658268 12.018048  -0.558252 0.813610 0.162459  0.395629 0.330225 1 28 1.000000
combine_gun002
0  -6.919155 -30.496433 38.162292  -0.587880 0.796245 0.142799  0.022178 0.305177 1 28 1.000000
0  -12.327553 -30.465893 12.263905  -0.558261 0.813599 0.162483  0.387602 0.303727 1 28 1.000000
0  -14.066221 -31.658268 12.018048  -0.558252 0.813610 0.162459  0.395629 0.330225 1 28 1.000000
combine_gun002
0  -6.919155 -30.496433 38.162292  -0.587880 0.796245 0.142799  0.022178 0.305177 1 28 1.000000
0  -14.066221 -31.658268 12.018048  -0.558252 0.813610 0.162459  0.395629 0.330225 1 28 1.000000
0  -8.961308 -31.882469 37.410709  -0.587882 0.796246 0.142783  0.037891 0.335374 1 28 1.000000
combine_gun002
0  -8.961308 -32.189369 38.899143  -0.594351 0.787637 0.162403  0.017752 0.341313 1 28 1.000000
0  -6.919155 -30.496433 38.162292  -0.587880 0.796245 0.142799  0.022178 0.305177 1 28 1.000000
0  -8.961308 -31.882469 37.410709  -0.587882 0.796246 0.142783  0.037891 0.335374 1 28 1.000000
combine_gun002
0  -8.961308 -32.189369 38.899143  -0.594351 0.787637 0.162403  0.017752 0.341313 1 28 1.000000
0  -6.919155 -30.803333 39.650730  -0.594352 0.787637 0.162403  0.002039 0.311116 1 28 1.000000
0  -6.919155 -30.496433 38.162292  -0.587880 0.796245 0.142799  0.022178 0.305177 1 28 1.000000
combine_gun002
0  -13.264977 -31.423443 8.578142  -0.000002 0.712034 -0.702145  0.126665 0.764110 1 28 1.000000
0  -13.927598 -31.408646 8.593151  -0.000005 0.712022 -0.702157  0.135650 0.754933 1 28 1.000000
0  -14.071174 -31.303791 8.699478  -0.000001 0.712034 -0.702145  0.135615 0.750960 1 28 1.000000
combine_gun002
0  -13.264977 -31.423443 8.578142  -0.000002 0.712034 -0.702145  0.126665 0.764110 1 28 1.000000
0  -14.071174 -31.303791 8.699478  -0.000001 0.712034 -0.702145  0.135615 0.750960 1 28 1.000000
0  -14.066221 -30.838318 9.171512  -0.000002 0.712035 -0.702144  0.126471 0.741935 1 28 1.000000
combine_gun002
0  -12.626647 -30.185394 9.833624  -0.000002 0.712034 -0.702145  0.093597 0.748493 1 28 1.000000
0  -13.264977 -31.423443 8.578142  -0.000002 0.712034 -0.702145  0.126665 0.764110 1 28 1.000000
0  -14.066221 -30.838318 9.171512  -0.000002 0.712035 -0.702144  0.126471 0.741935 1 28 1.000000
combine_gun002
0  -12.626647 -30.185394 9.833624  -0.000002 0.712034 -0.702145  0.093597 0.748493 1 28 1.000000
0  -12.279285 -30.439064 9.576382  -0.000002 0.712034 -0.702145  0.093682 0.758106 1 28 1.000000
0  -13.264977 -31.423443 8.578142  -0.000002 0.712034 -0.702145  0.126665 0.764110 1 28 1.000000
combine_gun002
0  -9.617778 -33.205372 36.018806  -0.715401 -0.698462 -0.018778  0.177460 0.036922 1 28 1.000000
0  -9.617778 -33.512276 37.507244  -0.720849 -0.678812 -0.139968  0.152965 0.036888 1 28 1.000000
0  -9.761354 -33.366028 37.537399  -0.720849 -0.678812 -0.139967  0.152963 0.033533 1 28 1.000000
combine_gun002
0  -9.617778 -33.205372 36.018806  -0.715401 -0.698462 -0.018778  0.177460 0.036922 1 28 1.000000
0  -9.761354 -33.366028 37.537399  -0.720849 -0.678812 -0.139967  0.152963 0.033533 1 28 1.000000
0  -9.761354 -33.059124 36.048965  -0.715401 -0.698462 -0.018780  0.177459 0.033567 1 28 1.000000
combine_gun002
0  -9.761354 -33.059124 36.048965  -0.715401 -0.698462 -0.018780  0.177459 0.033567 1 28 1.000000
0  -13.927598 -32.453804 11.854018  -0.708212 -0.703636 -0.057727  0.571021 0.035668 1 28 1.000000
0  -9.617778 -33.205372 36.018806  -0.715401 -0.698462 -0.018778  0.177460 0.036922 1 28 1.000000
combine_gun002
0  -9.761354 -33.059124 36.048965  -0.715401 -0.698462 -0.018780  0.177459 0.033567 1 28 1.000000
0  -14.071174 -32.307549 11.884173  -0.708227 -0.703621 -0.057722  0.571019 0.032313 1 28 1.000000
0  -13.927598 -32.453804 11.854018  -0.708212 -0.703636 -0.057727  0.571021 0.035668 1 28 1.000000
combine_gun002
0  -14.071174 -32.307549 11.884173  -0.708227 -0.703621 -0.057722  0.571019 0.032313 1 28 1.000000
0  -13.927598 -31.408646 8.593151  -0.698973 -0.681544 -0.216644  0.625488 0.031556 1 28 1.000000
0  -13.927598 -32.453804 11.854018  -0.708212 -0.703636 -0.057727  0.571021 0.035668 1 28 1.000000
combine_gun002
0  -14.071174 -32.307549 11.884173  -0.708227 -0.703621 -0.057722  0.571019 0.032313 1 28 1.000000
0  -14.071174 -31.303791 8.699478  -0.698981 -0.681536 -0.216643  0.624178 0.028488 1 28 1.000000
0  -13.927598 -31.408646 8.593151  -0.698973 -0.681544 -0.216644  0.625488 0.031556 1 28 1.000000
combine_gun002
0  -10.290174 -31.050381 37.600910  0.000000 0.707114 0.707100  0.456113 0.261106 1 28 1.000000
0  -0.696369 -31.491514 38.042049  0.000000 0.707109 0.707104  0.463983 0.430301 1 28 1.000000
0  -0.696369 -31.050381 37.600910  0.000000 0.707109 0.707105  0.456113 0.430301 1 28 1.000000
combine_gun002
0  -10.290174 -31.050381 37.600910  0.000000 0.707114 0.707100  0.456113 0.261106 1 28 1.000000
0  -10.290174 -31.491514 38.042049  0.000000 0.707114 0.707099  0.463983 0.261106 1 28 1.000000
0  -0.696369 -31.491514 38.042049  0.000000 0.707109 0.707104  0.463983 0.430301 1 28 1.000000
combine_gun002
0  -10.290174 -32.696716 38.042049  0.000000 -0.707109 0.707104  0.479721 0.261106 1 28 1.000000
0  -0.696369 -33.137852 37.600910  0.000000 -0.707114 0.707100  0.487591 0.430301 1 28 1.000000
0  -0.696369 -32.696716 38.042049  0.000000 -0.707114 0.707099  0.479721 0.430301 1 28 1.000000
combine_gun002
0  -10.290174 -32.696716 38.042049  0.000000 -0.707109 0.707104  0.479721 0.261106 1 28 1.000000
0  -10.290174 -33.137852 37.600910  0.000000 -0.707109 0.707105  0.487591 0.261106 1 28 1.000000
0  -0.696369 -33.137852 37.600910  0.000000 -0.707114 0.707100  0.487591 0.430301 1 28 1.000000
combine_gun002
0  -10.290174 -33.299316 36.998310  0.000000 -0.965928 -0.258810  0.495460 0.261106 1 28 1.000000
0  -0.696369 -33.137852 36.395710  0.000000 -0.965924 -0.258827  0.503330 0.430301 1 28 1.000000
0  -0.696369 -33.299316 36.998310  0.000000 -0.965923 -0.258828  0.495460 0.430301 1 28 1.000000
combine_gun002
0  -10.290174 -33.299316 36.998310  0.000000 -0.965928 -0.258810  0.495460 0.261106 1 28 1.000000
0  -10.290174 -33.137852 36.395710  0.000000 -0.965928 -0.258809  0.503330 0.261106 1 28 1.000000
0  -0.696369 -33.137852 36.395710  0.000000 -0.965924 -0.258827  0.503330 0.430301 1 28 1.000000
combine_gun002
0  -10.290174 -30.888914 36.998310  0.000000 0.965926 0.258819  0.448244 0.261106 1 28 1.000000
0  -0.696369 -31.050381 37.600910  0.000000 0.965926 0.258819  0.456113 0.430301 1 28 1.000000
0  -0.696369 -30.888914 36.998310  0.000000 0.965926 0.258819  0.448244 0.430301 1 28 1.000000
combine_gun002
0  -10.290174 -30.888914 36.998310  0.000000 0.965926 0.258819  0.448244 0.261106 1 28 1.000000
0  -10.290174 -31.050381 37.600910  0.000000 0.965926 0.258819  0.456113 0.261106 1 28 1.000000
0  -0.696369 -31.050381 37.600910  0.000000 0.965926 0.258819  0.456113 0.430301 1 28 1.000000
combine_gun002
0  -10.290174 -32.094116 38.203514  0.000000 -0.258816 0.965927  0.471852 0.261106 1 28 1.000000
0  -0.696369 -32.696716 38.042049  0.000000 -0.258816 0.965927  0.479721 0.430301 1 28 1.000000
0  -0.696369 -32.094116 38.203514  0.000000 -0.258816 0.965927  0.471852 0.430301 1 28 1.000000
combine_gun002
0  -10.290174 -32.094116 38.203514  0.000000 -0.258816 0.965927  0.471852 0.261106 1 28 1.000000
0  -10.290174 -32.696716 38.042049  0.000000 -0.258816 0.965927  0.479721 0.261106 1 28 1.000000
0  -0.696369 -32.696716 38.042049  0.000000 -0.258816 0.965927  0.479721 0.430301 1 28 1.000000
combine_gun002
0  -10.290174 -31.050381 36.395710  0.000000 0.965926 -0.258819  0.534807 0.261106 1 28 1.000000
0  -0.696369 -30.888914 36.998310  0.000000 0.965926 -0.258819  0.542676 0.430301 1 28 1.000000
0  -0.696369 -31.050381 36.395710  0.000000 0.965926 -0.258819  0.534807 0.430301 1 28 1.000000
combine_gun002
0  -10.290174 -31.050381 36.395710  0.000000 0.965926 -0.258819  0.534807 0.261106 1 28 1.000000
0  -10.290174 -30.888914 36.998310  0.000000 0.965926 -0.258819  0.542676 0.261106 1 28 1.000000
0  -0.696369 -30.888914 36.998310  0.000000 0.965926 -0.258819  0.542676 0.430301 1 28 1.000000
combine_gun002
0  -10.290174 -33.137852 36.395710  0.000000 -0.707108 -0.707106  0.503330 0.261106 1 28 1.000000
0  -0.696369 -32.696716 35.954578  0.000000 -0.707103 -0.707111  0.511199 0.430301 1 28 1.000000
0  -0.696369 -33.137852 36.395710  0.000000 -0.707103 -0.707111  0.503330 0.430301 1 28 1.000000
combine_gun002
0  -10.290174 -33.137852 36.395710  0.000000 -0.707108 -0.707106  0.503330 0.261106 1 28 1.000000
0  -10.290174 -32.696716 35.954578  0.000000 -0.707108 -0.707106  0.511199 0.261106 1 28 1.000000
0  -0.696369 -32.696716 35.954578  0.000000 -0.707103 -0.707111  0.511199 0.430301 1 28 1.000000
combine_gun002
0  -10.290174 -33.137852 37.600910  0.000000 -0.965924 0.258827  0.487591 0.261106 1 28 1.000000
0  -0.696369 -33.299316 36.998310  0.000000 -0.965928 0.258810  0.495460 0.430301 1 28 1.000000
0  -0.696369 -33.137852 37.600910  0.000000 -0.965928 0.258809  0.487591 0.430301 1 28 1.000000
combine_gun002
0  -10.290174 -33.137852 37.600910  0.000000 -0.965924 0.258827  0.487591 0.261106 1 28 1.000000
0  -10.290174 -33.299316 36.998310  0.000000 -0.965923 0.258828  0.495460 0.261106 1 28 1.000000
0  -0.696369 -33.299316 36.998310  0.000000 -0.965928 0.258810  0.495460 0.430301 1 28 1.000000
combine_gun002
0  -10.290174 -31.491514 35.954578  0.000000 0.707103 -0.707111  0.526938 0.261106 1 28 1.000000
0  -0.696369 -31.050381 36.395710  0.000000 0.707108 -0.707106  0.534807 0.430301 1 28 1.000000
0  -0.696369 -31.491514 35.954578  0.000000 0.707108 -0.707106  0.526938 0.430301 1 28 1.000000
combine_gun002
0  -10.290174 -31.491514 35.954578  0.000000 0.707103 -0.707111  0.526938 0.261106 1 28 1.000000
0  -10.290174 -31.050381 36.395710  0.000000 0.707103 -0.707111  0.534807 0.261106 1 28 1.000000
0  -0.696369 -31.050381 36.395710  0.000000 0.707108 -0.707106  0.534807 0.430301 1 28 1.000000
combine_gun002
0  -10.290174 -31.491514 38.042049  0.000000 0.258818 0.965926  0.463983 0.261106 1 28 1.000000
0  -0.696369 -32.094116 38.203514  0.000000 0.258814 0.965927  0.471852 0.430301 1 28 1.000000
0  -0.696369 -31.491514 38.042049  0.000000 0.258813 0.965927  0.463983 0.430301 1 28 1.000000
combine_gun002
0  -10.290174 -31.491514 38.042049  0.000000 0.258818 0.965926  0.463983 0.261106 1 28 1.000000
0  -10.290174 -32.094116 38.203514  0.000000 0.258818 0.965926  0.471852 0.261106 1 28 1.000000
0  -0.696369 -32.094116 38.203514  0.000000 0.258814 0.965927  0.471852 0.430301 1 28 1.000000
combine_gun002
0  -10.290174 -32.696716 35.954578  0.000000 -0.258822 -0.965925  0.511199 0.261106 1 28 1.000000
0  -0.696369 -32.094116 35.793110  0.000000 -0.258822 -0.965925  0.519068 0.430301 1 28 1.000000
0  -0.696369 -32.696716 35.954578  0.000000 -0.258822 -0.965925  0.511199 0.430301 1 28 1.000000
combine_gun002
0  -10.290174 -32.696716 35.954578  0.000000 -0.258822 -0.965925  0.511199 0.261106 1 28 1.000000
0  -10.290174 -32.094116 35.793110  0.000000 -0.258822 -0.965925  0.519068 0.261106 1 28 1.000000
0  -0.696369 -32.094116 35.793110  0.000000 -0.258822 -0.965925  0.519068 0.430301 1 28 1.000000
combine_gun002
0  -10.290174 -32.094116 35.793110  0.000000 0.258819 -0.965926  0.519068 0.261106 1 28 1.000000
0  -0.696369 -31.491514 35.954578  0.000000 0.258824 -0.965925  0.526938 0.430301 1 28 1.000000
0  -0.696369 -32.094116 35.793110  0.000000 0.258824 -0.965925  0.519068 0.430301 1 28 1.000000
combine_gun002
0  -10.290174 -32.094116 35.793110  0.000000 0.258819 -0.965926  0.519068 0.261106 1 28 1.000000
0  -10.290174 -31.491514 35.954578  0.000000 0.258819 -0.965926  0.526938 0.261106 1 28 1.000000
0  -0.696369 -31.491514 35.954578  0.000000 0.258824 -0.965925  0.526938 0.430301 1 28 1.000000
combine_gun002
0  -2.789972 -33.005543 38.730862  0.413350 -0.554678 0.722132  0.718904 0.139780 1 28 1.000000
0  -1.188682 -33.366028 37.537399  0.413335 -0.554680 0.722138  0.680234 0.130889 1 28 1.000000
0  -1.988728 -32.189369 38.899143  0.413352 -0.554677 0.722131  0.717122 0.117038 1 28 1.000000
combine_gun002
0  -2.789972 -33.005543 38.730862  0.413350 -0.554678 0.722132  0.718904 0.139780 1 28 1.000000
0  -1.332257 -33.512276 37.507244  0.413328 -0.554682 0.722141  0.680554 0.134964 1 28 1.000000
0  -1.188682 -33.366028 37.537399  0.413335 -0.554680 0.722138  0.680234 0.130889 1 28 1.000000
combine_gun002
0  -1.988728 -32.189369 38.899143  0.128511 -0.319712 0.938759  0.717122 0.117038 1 28 1.000000
0  -4.378241 -31.157166 39.577774  0.128502 -0.319714 0.938760  0.768647 0.131965 1 28 1.000000
0  -2.789972 -33.005543 38.730862  0.128513 -0.319712 0.938759  0.718904 0.139780 1 28 1.000000
combine_gun002
0  -1.988728 -32.189369 38.899143  0.128511 -0.319712 0.938759  0.717122 0.117038 1 28 1.000000
0  -4.030881 -30.803333 39.650730  0.128498 -0.319715 0.938760  0.767875 0.122107 1 28 1.000000
0  -4.378241 -31.157166 39.577774  0.128502 -0.319714 0.938760  0.768647 0.131965 1 28 1.000000
combine_gun002
0  1.030157 -30.819721 12.190948  -0.789314 -0.588902 -0.173720  0.057583 0.438953 1 28 1.000000
0  1.329251 -30.439064 9.576382  -0.789260 -0.586247 -0.182710  0.020420 0.443297 1 28 1.000000
0  2.314941 -31.423443 8.578142  -0.789284 -0.586210 -0.182725  0.004927 0.425951 1 28 1.000000
combine_gun002
0  1.030157 -30.819721 12.190948  -0.789314 -0.588902 -0.173720  0.057583 0.438953 1 28 1.000000
0  2.314941 -31.423443 8.578142  -0.789284 -0.586210 -0.182725  0.004927 0.425951 1 28 1.000000
0  2.314941 -32.474445 11.849761  -0.789315 -0.588899 -0.173722  0.050969 0.411636 1 28 1.000000
combine_gun002
0  -4.378241 -30.850266 38.089336  -0.784921 -0.602280 -0.145453  0.428720 0.453818 1 28 1.000000
0  1.030157 -30.819721 12.190948  -0.789314 -0.588902 -0.173720  0.057583 0.438953 1 28 1.000000
0  2.314941 -32.474445 11.849761  -0.789315 -0.588899 -0.173722  0.050969 0.411636 1 28 1.000000
combine_gun002
0  -4.378241 -30.850266 38.089336  -0.784921 -0.602280 -0.145453  0.428720 0.453818 1 28 1.000000
0  2.314941 -32.474445 11.849761  -0.789315 -0.588899 -0.173722  0.050969 0.411636 1 28 1.000000
0  -2.789972 -32.698643 37.242428  -0.784916 -0.602248 -0.145617  0.414492 0.422394 1 28 1.000000
combine_gun002
0  -2.789972 -32.698643 37.242428  -0.784916 -0.602248 -0.145617  0.414492 0.422394 1 28 1.000000
0  -4.378241 -31.157166 39.577774  -0.780252 -0.612579 -0.126307  0.449476 0.448676 1 28 1.000000
0  -4.378241 -30.850266 38.089336  -0.784921 -0.602280 -0.145453  0.428720 0.453818 1 28 1.000000
combine_gun002
0  -2.789972 -32.698643 37.242428  -0.784916 -0.602248 -0.145617  0.414492 0.422394 1 28 1.000000
0  -2.789972 -33.005543 38.730862  -0.780252 -0.612579 -0.126304  0.435248 0.417252 1 28 1.000000
0  -4.378241 -31.157166 39.577774  -0.780252 -0.612579 -0.126307  0.449476 0.448676 1 28 1.000000
combine_gun002
0  -1.188682 -33.059124 36.048965  0.715407 -0.698456 -0.018779  0.564868 0.039004 1 28 1.000000
0  -1.188682 -33.366028 37.537399  0.720848 -0.678813 -0.139968  0.590182 0.038721 1 28 1.000000
0  -1.332257 -33.512276 37.507244  0.720848 -0.678813 -0.139968  0.590215 0.042188 1 28 1.000000
combine_gun002
0  -1.188682 -33.059124 36.048965  0.715407 -0.698456 -0.018779  0.564868 0.039004 1 28 1.000000
0  -1.332257 -33.512276 37.507244  0.720848 -0.678813 -0.139968  0.590215 0.042188 1 28 1.000000
0  -1.332257 -33.205372 36.018806  0.715407 -0.698456 -0.018775  0.564901 0.042471 1 28 1.000000
combine_gun002
0  -1.332257 -33.205372 36.018806  0.715407 -0.698456 -0.018775  0.564901 0.042471 1 28 1.000000
0  3.121138 -32.307549 11.884173  0.708210 -0.703638 -0.057722  0.158140 0.041701 1 28 1.000000
0  -1.188682 -33.059124 36.048965  0.715407 -0.698456 -0.018779  0.564868 0.039004 1 28 1.000000
combine_gun002
0  -1.332257 -33.205372 36.018806  0.715407 -0.698456 -0.018775  0.564901 0.042471 1 28 1.000000
0  2.977562 -32.453804 11.854018  0.708229 -0.703619 -0.057713  0.158173 0.045169 1 28 1.000000
0  3.121138 -32.307549 11.884173  0.708210 -0.703638 -0.057722  0.158140 0.041701 1 28 1.000000
combine_gun002
0  2.977562 -32.453804 11.854018  0.708229 -0.703619 -0.057713  0.158173 0.045169 1 28 1.000000
0  3.121138 -31.303791 8.699478  0.698946 -0.681566 -0.216662  0.103166 0.038288 1 28 1.000000
0  3.121138 -32.307549 11.884173  0.708210 -0.703638 -0.057722  0.158140 0.041701 1 28 1.000000
combine_gun002
0  2.977562 -32.453804 11.854018  0.708229 -0.703619 -0.057713  0.158173 0.045169 1 28 1.000000
0  2.977562 -31.408646 8.593151  0.698965 -0.681550 -0.216651  0.101843 0.041472 1 28 1.000000
0  3.121138 -31.303791 8.699478  0.698946 -0.681566 -0.216662  0.103166 0.038288 1 28 1.000000
combine_gun002
0  -5.945413 -31.868383 37.790215  0.000000 -1.000000 0.000000  0.206934 0.683752 1 28 1.000000
0  -4.824501 -31.868383 50.021885  0.000000 -1.000000 0.000000  0.227732 0.910694 1 28 1.000000
0  -5.945413 -31.868383 50.021885  0.000000 -1.000000 0.000000  0.206934 0.910694 1 28 1.000000
combine_gun002
0  -5.945413 -31.868383 37.790215  0.000000 -1.000000 0.000000  0.206934 0.683752 1 28 1.000000
0  -4.824501 -31.868383 37.790215  0.000000 -1.000000 0.000000  0.227732 0.683752 1 28 1.000000
0  -4.824501 -31.868383 50.021885  0.000000 -1.000000 0.000000  0.227732 0.910694 1 28 1.000000
combine_gun002
0  -5.945413 -31.868383 37.790215  0.000000 -0.870061 -0.492944  0.859860 0.620791 1 28 1.000000
0  -4.823927 -30.088823 34.649235  0.000000 -0.870061 -0.492945  0.923425 0.640539 1 28 1.000000
0  -4.824501 -31.868383 37.790215  0.000000 -0.870061 -0.492943  0.859860 0.640529 1 28 1.000000
combine_gun002
0  -5.945413 -31.868383 37.790215  0.000000 -0.870061 -0.492944  0.859860 0.620791 1 28 1.000000
0  -5.944839 -30.088823 34.649235  0.000000 -0.870060 -0.492945  0.923425 0.620802 1 28 1.000000
0  -4.823927 -30.088823 34.649235  0.000000 -0.870061 -0.492945  0.923425 0.640539 1 28 1.000000
combine_gun002
0  -4.824501 -31.868383 37.790215  1.000000 0.000039 0.000048  0.882256 0.052380 1 28 1.000000
0  -4.823927 -30.088823 34.649235  1.000000 0.000283 0.000343  0.906960 0.008778 1 28 1.000000
0  -4.824501 -28.063118 34.649235  1.000000 0.000124 0.000151  0.935080 0.008778 1 28 1.000000
combine_gun002
0  -4.824501 -31.868383 37.790215  1.000000 0.000039 0.000048  0.882256 0.052380 1 28 1.000000
0  -4.824501 -28.063118 34.649235  1.000000 0.000124 0.000151  0.935080 0.008778 1 28 1.000000
0  -4.824501 -28.063118 37.790215  1.000000 0.000000 0.000000  0.935080 0.052380 1 28 1.000000
combine_gun002
0  -4.824501 -28.063118 37.790215  1.000000 0.000000 0.000000  0.935080 0.052380 1 28 1.000000
0  -4.824501 -31.868383 50.021885  1.000000 0.000000 0.000000  0.882256 0.222179 1 28 1.000000
0  -4.824501 -31.868383 37.790215  1.000000 0.000039 0.000048  0.882256 0.052380 1 28 1.000000
combine_gun002
0  -4.824501 -28.063118 37.790215  1.000000 -0.000000 0.000000  0.935080 0.052380 1 28 1.000000
0  -4.824501 -28.063118 49.657028  1.000000 -0.000000 0.000000  0.935080 0.217114 1 28 1.000000
0  -4.824501 -31.868383 50.021885  1.000000 -0.000000 0.000000  0.882256 0.222179 1 28 1.000000
combine_gun002
0  -5.945413 -28.063118 34.649235  0.000000 0.000000 -1.000000  0.825488 0.643719 1 28 1.000000
0  -4.823927 -30.088823 34.649235  0.000000 0.000000 -1.000000  0.859686 0.621805 1 28 1.000000
0  -5.944839 -30.088823 34.649235  0.000000 0.000000 -1.000000  0.859686 0.643708 1 28 1.000000
combine_gun002
0  -5.945413 -28.063118 34.649235  0.000000 0.000000 -1.000000  0.825488 0.643719 1 28 1.000000
0  -4.824501 -28.063118 34.649235  0.000000 0.000000 -1.000000  0.825488 0.621816 1 28 1.000000
0  -4.823927 -30.088823 34.649235  0.000000 0.000000 -1.000000  0.859686 0.621805 1 28 1.000000
combine_gun002
0  -4.824501 -28.063118 37.790215  0.000000 1.000000 0.000000  0.690243 0.407087 1 28 1.000000
0  -4.824501 -28.063118 34.649235  0.000000 1.000000 0.000000  0.690243 0.353684 1 28 1.000000
0  -5.945413 -28.063118 34.649235  0.000000 1.000000 0.000000  0.709302 0.353684 1 28 1.000000
combine_gun002
0  -4.824501 -28.063118 37.790215  0.000000 1.000000 0.000000  0.690243 0.407087 1 28 1.000000
0  -5.945413 -28.063118 34.649235  0.000000 1.000000 0.000000  0.709302 0.353684 1 28 1.000000
0  -5.945413 -28.063118 37.790215  0.000000 1.000000 0.000000  0.709302 0.407087 1 28 1.000000
combine_gun002
0  -5.945413 -28.063118 37.790215  0.000000 1.000000 0.000000  0.709302 0.407087 1 28 1.000000
0  -4.824501 -28.063118 49.657028  0.000000 1.000000 0.000000  0.690243 0.608848 1 28 1.000000
0  -4.824501 -28.063118 37.790215  0.000000 1.000000 0.000000  0.690243 0.407087 1 28 1.000000
combine_gun002
0  -5.945413 -28.063118 37.790215  0.000000 1.000000 0.000000  0.709302 0.407087 1 28 1.000000
0  -5.945413 -28.063118 49.657028  0.000000 1.000000 0.000000  0.709302 0.608848 1 28 1.000000
0  -4.824501 -28.063118 49.657028  0.000000 1.000000 0.000000  0.690243 0.608848 1 28 1.000000
combine_gun002
0  -3.216761 -35.514835 66.057686  0.000000 0.000000 1.000000  0.104836 0.600844 1 28 1.000000
0  -4.071584 -34.374302 66.057686  0.000000 0.000000 1.000000  0.058680 0.539262 1 28 1.000000
0  -4.071584 -35.514835 66.057686  0.000000 0.000000 1.000000  0.058680 0.600844 1 28 1.000000
combine_gun002
0  -3.216761 -35.514835 66.057686  0.000000 0.000000 1.000000  0.104836 0.600844 1 28 1.000000
0  -3.216761 -34.374302 66.057686  0.000000 0.000000 1.000000  0.104836 0.539262 1 28 1.000000
0  -4.071584 -34.374302 66.057686  0.000000 0.000000 1.000000  0.058680 0.539262 1 28 1.000000
combine_gun002
0  -3.651962 -35.514835 48.070095  0.000000 0.000000 -1.000000  0.972618 0.903639 1 28 1.000000
0  -4.212880 -34.374298 48.070095  0.000000 0.000000 -1.000000  0.954903 0.867617 1 28 1.000000
0  -3.651962 -34.374298 48.070095  0.000000 0.000000 -1.000000  0.972618 0.867617 1 28 1.000000
combine_gun002
0  -3.651962 -35.514835 48.070095  0.000000 0.000000 -1.000000  0.972618 0.903639 1 28 1.000000
0  -4.212880 -35.514835 48.070095  0.000000 0.000000 -1.000000  0.954903 0.903639 1 28 1.000000
0  -4.212880 -34.374298 48.070095  0.000000 0.000000 -1.000000  0.954903 0.867617 1 28 1.000000
combine_gun002
0  -4.212880 -35.514835 50.696281  0.000000 -1.000000 0.000000  0.297886 0.476048 1 28 1.000000
0  -4.212880 -35.514835 48.070095  0.000000 -1.000000 0.000000  0.338613 0.476048 1 28 1.000000
0  -3.651962 -35.514835 48.070095  0.000000 -1.000000 0.000000  0.338613 0.484746 1 28 1.000000
combine_gun002
0  -4.212880 -35.514835 50.696281  0.000000 -1.000000 0.000000  0.297886 0.476048 1 28 1.000000
0  -3.651962 -35.514835 48.070095  0.000000 -1.000000 0.000000  0.338613 0.484746 1 28 1.000000
0  -3.358057 -35.514835 50.696281  0.000000 -1.000000 0.000000  0.297886 0.489305 1 28 1.000000
combine_gun002
0  -3.358057 -35.514835 50.696281  0.000000 -1.000000 0.000000  0.297886 0.489305 1 28 1.000000
0  -4.071584 -35.514835 66.057686  0.000000 -1.000000 0.000000  0.059662 0.478239 1 28 1.000000
0  -4.212880 -35.514835 50.696281  0.000000 -1.000000 0.000000  0.297886 0.476048 1 28 1.000000
combine_gun002
0  -3.358057 -35.514835 50.696281  0.000000 -1.000000 0.000000  0.297886 0.489305 1 28 1.000000
0  -3.216761 -35.514835 66.057686  0.000000 -1.000000 0.000000  0.059662 0.491496 1 28 1.000000
0  -4.071584 -35.514835 66.057686  0.000000 -1.000000 0.000000  0.059662 0.478239 1 28 1.000000
combine_gun002
0  -2.758675 -29.266674 39.867546  0.780180 0.625555 0.000000  0.401737 0.502043 1 28 1.000000
0  -4.093450 -27.601971 46.641937  0.780180 0.625556 0.000000  0.431766 0.617019 1 28 1.000000
0  -2.758675 -29.266674 46.641937  0.780180 0.625556 0.000000  0.401737 0.615625 1 28 1.000000
combine_gun002
0  -2.758675 -29.266674 39.867546  0.780180 0.625555 0.000000  0.401737 0.502043 1 28 1.000000
0  -4.093450 -27.601971 39.867546  0.780180 0.625555 0.000000  0.431766 0.503438 1 28 1.000000
0  -4.093450 -27.601971 46.641937  0.780180 0.625556 0.000000  0.431766 0.617019 1 28 1.000000
combine_gun002
0  -7.552363 -29.266674 46.641937  -0.780180 0.625556 0.000000  0.067564 0.615522 1 28 1.000000
0  -6.217588 -27.601971 39.867546  -0.780180 0.625555 0.000000  0.037589 0.504165 1 28 1.000000
0  -7.552363 -29.266674 39.867546  -0.780180 0.625555 0.000000  0.067564 0.502255 1 28 1.000000
combine_gun002
0  -7.552363 -29.266674 46.641937  -0.780180 0.625556 0.000000  0.067564 0.615522 1 28 1.000000
0  -6.217588 -27.601971 46.641937  -0.780179 0.625556 0.000000  0.037589 0.617432 1 28 1.000000
0  -6.217588 -27.601971 39.867546  -0.780180 0.625555 0.000000  0.037589 0.504165 1 28 1.000000
combine_gun002
0  -6.289152 -38.150768 41.075420  0.000000 -0.979747 -0.200241  0.953595 0.207670 1 28 1.000000
0  -4.021885 -39.288456 46.641937  0.000000 -0.979746 -0.200242  1.000706 0.325547 1 28 1.000000
0  -6.289152 -39.288456 46.641937  0.000000 -0.979747 -0.200242  0.953595 0.325547 1 28 1.000000
combine_gun002
0  -6.289152 -38.150768 41.075420  0.000000 -0.979747 -0.200241  0.953595 0.207670 1 28 1.000000
0  -4.021885 -38.150768 41.075420  0.000000 -0.979747 -0.200241  1.000706 0.207670 1 28 1.000000
0  -4.021885 -39.288456 46.641937  0.000000 -0.979746 -0.200242  1.000706 0.325547 1 28 1.000000
combine_gun002
0  -2.758675 -29.266674 46.641937  0.000000 0.000000 1.000000  0.776865 0.094701 1 28 1.000000
0  -4.093450 -27.601971 46.641937  0.000000 0.000000 1.000000  0.810859 0.118563 1 28 1.000000
0  -6.217588 -27.601971 46.641937  0.000000 0.000000 1.000000  0.813496 0.159825 1 28 1.000000
combine_gun002
0  -2.758675 -29.266674 46.641937  0.000000 0.000000 1.000000  0.776865 0.094701 1 28 1.000000
0  -6.217588 -27.601971 46.641937  0.000000 0.000000 1.000000  0.813496 0.159825 1 28 1.000000
0  -7.552363 -29.266674 46.641937  0.000000 0.000000 1.000000  0.782815 0.187820 1 28 1.000000
combine_gun002
0  -7.552363 -29.266674 46.641937  0.000000 0.000000 1.000000  0.782815 0.187820 1 28 1.000000
0  -4.021885 -39.288456 46.641937  0.000000 0.000000 1.000000  0.583756 0.131679 1 28 1.000000
0  -2.758675 -29.266674 46.641937  0.000000 0.000000 1.000000  0.776865 0.094701 1 28 1.000000
combine_gun002
0  -7.552363 -29.266674 46.641937  0.000000 0.000000 1.000000  0.782815 0.187820 1 28 1.000000
0  -6.289152 -39.288456 46.641937  0.000000 0.000000 1.000000  0.586570 0.175721 1 28 1.000000
0  -4.021885 -39.288456 46.641937  0.000000 0.000000 1.000000  0.583756 0.131679 1 28 1.000000
combine_gun002
0  -2.758675 -29.266674 39.867546  0.991011 -0.133217 -0.012284  0.401737 0.502043 1 28 1.000000
0  -4.021885 -39.288456 46.641937  0.991012 -0.133207 -0.012268  0.236142 0.618291 1 28 1.000000
0  -4.021885 -38.150768 41.075420  0.991011 -0.133217 -0.012293  0.255175 0.524829 1 28 1.000000
combine_gun002
0  -2.758675 -29.266674 39.867546  0.991011 -0.133217 -0.012284  0.401737 0.502043 1 28 1.000000
0  -2.758675 -29.266674 46.641937  0.991013 -0.133202 -0.012262  0.401737 0.615625 1 28 1.000000
0  -4.021885 -39.288456 46.641937  0.991012 -0.133207 -0.012268  0.236142 0.618291 1 28 1.000000
combine_gun002
0  -7.552363 -29.266674 39.867546  -0.991011 -0.133217 -0.012284  0.067564 0.502255 1 28 1.000000
0  -6.289152 -39.288456 46.641937  -0.991012 -0.133207 -0.012269  0.233134 0.619133 1 28 1.000000
0  -7.552363 -29.266674 46.641937  -0.991013 -0.133203 -0.012262  0.067564 0.615522 1 28 1.000000
combine_gun002
0  -7.552363 -29.266674 39.867546  -0.991011 -0.133217 -0.012284  0.067564 0.502255 1 28 1.000000
0  -6.289152 -38.150768 41.075420  -0.991011 -0.133217 -0.012293  0.214109 0.525885 1 28 1.000000
0  -6.289152 -39.288456 46.641937  -0.991012 -0.133207 -0.012269  0.233134 0.619133 1 28 1.000000
combine_gun002
0  -6.217588 -27.601971 39.867546  0.000000 1.000000 0.000000  0.928470 0.666341 1 28 1.000000
0  -4.093450 -27.601971 46.641937  0.000000 1.000000 0.000000  0.960485 0.564279 1 28 1.000000
0  -4.093450 -27.601971 39.867546  0.000000 1.000000 0.000000  0.960485 0.666341 1 28 1.000000
combine_gun002
0  -6.217588 -27.601971 39.867546  0.000000 1.000000 0.000000  0.928470 0.666341 1 28 1.000000
0  -6.217588 -27.601971 46.641937  0.000000 1.000000 0.000000  0.928470 0.564279 1 28 1.000000
0  -4.093450 -27.601971 46.641937  0.000000 1.000000 0.000000  0.960485 0.564279 1 28 1.000000
combine_gun002
0  -3.736454 -27.141497 67.602867  0.881913 -0.070396 0.466127  0.438887 0.967979 1 28 1.000000
0  -4.685275 -35.275497 68.169617  0.881902 -0.070395 0.466148  0.304359 0.979554 1 28 1.000000
0  -3.736454 -36.104263 66.311920  0.881912 -0.070396 0.466128  0.288945 0.947375 1 28 1.000000
combine_gun002
0  -3.736454 -27.141497 67.602867  0.881913 -0.070396 0.466127  0.438887 0.967979 1 28 1.000000
0  -4.685275 -27.141497 69.460556  0.881897 -0.070392 0.466157  0.440436 1.000254 1 28 1.000000
0  -4.685275 -35.275497 68.169617  0.881902 -0.070395 0.466148  0.304359 0.979554 1 28 1.000000
combine_gun002
0  -6.641695 -36.104263 66.311920  -0.881918 -0.070385 0.466118  0.180450 0.946943 1 28 1.000000
0  -5.692874 -27.141497 69.460556  -0.881906 -0.070394 0.466140  0.029048 0.999735 1 28 1.000000
0  -6.641695 -27.141497 67.602867  -0.881907 -0.070394 0.466139  0.030567 0.967133 1 28 1.000000
combine_gun002
0  -6.641695 -36.104263 66.311920  -0.881918 -0.070385 0.466118  0.180450 0.946943 1 28 1.000000
0  -5.692874 -35.275497 68.169617  -0.881896 -0.070403 0.466159  0.165072 0.979416 1 28 1.000000
0  -5.692874 -27.141497 69.460556  -0.881906 -0.070394 0.466140  0.029048 0.999735 1 28 1.000000
combine_gun002
0  -5.684477 -37.591591 46.300079  0.000000 -1.000000 0.000000  0.966159 0.309726 1 28 1.000000
0  -4.693672 -37.591591 64.204384  0.000000 -1.000000 0.000000  0.986747 0.669567 1 28 1.000000
0  -5.684477 -37.591591 64.204384  0.000000 -1.000000 0.000000  0.966159 0.669567 1 28 1.000000
combine_gun002
0  -5.684477 -37.591591 46.300079  0.000000 -1.000000 0.000000  0.966159 0.309726 1 28 1.000000
0  -4.693672 -37.591591 46.300079  0.000000 -1.000000 0.000000  0.986747 0.309726 1 28 1.000000
0  -4.693672 -37.591591 64.204384  0.000000 -1.000000 0.000000  0.986747 0.669567 1 28 1.000000
combine_gun002
0  -3.736454 -36.104263 66.311920  0.000000 -0.869278 0.494324  0.219317 0.949853 1 28 1.000000
0  -4.685275 -35.275497 68.169617  0.000000 -0.913242 0.407419  0.239466 0.913847 1 28 1.000000
0  -5.692874 -35.275497 68.169617  0.000000 -0.913241 0.407419  0.260865 0.913847 1 28 1.000000
combine_gun002
0  -3.736454 -36.104263 66.311920  0.000000 -0.869278 0.494324  0.219317 0.949853 1 28 1.000000
0  -5.692874 -35.275497 68.169617  0.000000 -0.913241 0.407419  0.260865 0.913847 1 28 1.000000
0  -6.641695 -36.104263 66.311920  0.000000 -0.869276 0.494328  0.281014 0.949853 1 28 1.000000
combine_gun002
0  -6.641695 -36.104263 66.311920  0.000000 -0.869276 0.494328  0.281014 0.949853 1 28 1.000000
0  -4.693672 -37.591591 64.204384  0.000000 -0.817031 0.576593  0.239645 1.000509 1 28 1.000000
0  -3.736454 -36.104263 66.311920  0.000000 -0.869278 0.494324  0.219317 0.949853 1 28 1.000000
combine_gun002
0  -6.641695 -36.104263 66.311920  0.000000 -0.869276 0.494328  0.281014 0.949853 1 28 1.000000
0  -5.684477 -37.591591 64.204384  0.000000 -0.817032 0.576593  0.260686 1.000509 1 28 1.000000
0  -4.693672 -37.591591 64.204384  0.000000 -0.817031 0.576593  0.239645 1.000509 1 28 1.000000
combine_gun002
0  -3.736454 -36.104263 66.311920  0.840901 -0.541189 0.000000  0.288945 0.947375 1 28 1.000000
0  -4.693672 -37.591591 46.300079  0.840901 -0.541189 0.000000  0.265626 0.613161 1 28 1.000000
0  -3.736454 -36.104263 46.300079  0.840901 -0.541189 0.000000  0.288945 0.611850 1 28 1.000000
combine_gun002
0  -3.736454 -36.104263 66.311920  0.840901 -0.541189 0.000000  0.288945 0.947375 1 28 1.000000
0  -4.693672 -37.591591 64.204384  0.840901 -0.541189 0.000000  0.265626 0.913351 1 28 1.000000
0  -4.693672 -37.591591 46.300079  0.840901 -0.541189 0.000000  0.265626 0.613161 1 28 1.000000
combine_gun002
0  -8.519556 -27.050566 70.408615  0.585207 -0.093780 -0.805443  0.846788 0.413303 1 28 1.000000
0  -8.401721 -25.140800 70.045959  0.577472 -0.186560 -0.794809  0.846787 0.365171 1 28 1.000000
0  -7.723743 -25.140802 70.538544  0.577473 -0.186561 -0.794808  0.861970 0.365171 1 28 1.000000
combine_gun002
0  -8.519556 -27.050566 70.408615  0.585207 -0.093780 -0.805443  0.846788 0.413303 1 28 1.000000
0  -7.723743 -25.140802 70.538544  0.577473 -0.186561 -0.794808  0.861970 0.365171 1 28 1.000000
0  -8.032242 -27.050566 70.762680  0.585208 -0.093769 -0.805443  0.861970 0.413303 1 28 1.000000
combine_gun002
0  -8.519556 -27.050566 70.408615  0.585207 -0.093780 -0.805443  0.846788 0.413303 1 28 1.000000
0  -8.032242 -27.050566 70.762680  0.585208 -0.093769 -0.805443  0.861970 0.413303 1 28 1.000000
0  -8.032242 -34.671112 70.762680  0.581218 -0.149176 -0.799957  0.861970 0.605364 1 28 1.000000
combine_gun002
0  -8.519556 -27.050566 70.408615  0.585207 -0.093780 -0.805443  0.846788 0.413303 1 28 1.000000
0  -8.032242 -34.671112 70.762680  0.581218 -0.149176 -0.799957  0.861970 0.605364 1 28 1.000000
0  -8.519556 -34.671112 70.408615  0.581206 -0.149175 -0.799967  0.846788 0.605364 1 28 1.000000
combine_gun002
0  -8.032242 -34.671112 70.762680  0.581218 -0.149176 -0.799957  0.861970 0.605364 1 28 1.000000
0  -8.547738 -34.952057 70.495354  0.561636 -0.294989 -0.773011  0.846787 0.612444 1 28 1.000000
0  -8.519556 -34.671112 70.408615  0.581206 -0.149175 -0.799967  0.846788 0.605364 1 28 1.000000
combine_gun002
0  -8.032242 -34.671112 70.762680  0.581218 -0.149176 -0.799957  0.861970 0.605364 1 28 1.000000
0  -8.106022 -34.952057 70.816284  0.561654 -0.294980 -0.773002  0.861970 0.612444 1 28 1.000000
0  -8.547738 -34.952057 70.495354  0.561636 -0.294989 -0.773011  0.846787 0.612444 1 28 1.000000
combine_gun002
0  -1.578656 -30.896561 22.320877  -0.704173 0.707587 -0.058837  0.977311 0.540141 1 28 1.000000
0  -1.760787 -31.342670 23.715639  -0.720528 0.682227 0.124119  0.981461 0.564666 1 28 1.000000
0  -1.610026 -31.189754 23.750311  -0.720529 0.682226 0.124119  0.977740 0.564731 1 28 1.000000
combine_gun002
0  -1.578656 -30.896561 22.320877  -0.704173 0.707587 -0.058837  0.977311 0.540141 1 28 1.000000
0  -1.729416 -31.049477 22.286205  -0.704187 0.707580 -0.058747  0.981031 0.540076 1 28 1.000000
0  -1.760787 -31.342670 23.715639  -0.720528 0.682227 0.124119  0.981461 0.564666 1 28 1.000000
combine_gun002
0  -1.578656 -30.896561 22.320877  -0.704173 0.707587 -0.058837  0.977311 0.540141 1 28 1.000000
0  0.785657 -31.583035 13.744929  -0.690773 0.710944 -0.131875  0.978310 0.390497 1 28 1.000000
0  -1.729416 -31.049477 22.286205  -0.704187 0.707580 -0.058747  0.981031 0.540076 1 28 1.000000
combine_gun002
0  -1.578656 -30.896561 22.320877  -0.704173 0.707587 -0.058837  0.977311 0.540141 1 28 1.000000
0  0.936419 -31.430119 13.779602  -0.690741 0.710947 -0.132028  0.974590 0.390561 1 28 1.000000
0  0.785657 -31.583035 13.744929  -0.690773 0.710944 -0.131875  0.978310 0.390497 1 28 1.000000
combine_gun002
0  0.936419 -31.430119 13.779602  -0.690741 0.710947 -0.132028  0.974590 0.390561 1 28 1.000000
0  1.063779 -31.372818 11.567477  -0.709357 0.704488 -0.022592  0.977765 0.352789 1 28 1.000000
0  0.785657 -31.583035 13.744929  -0.690773 0.710944 -0.131875  0.978310 0.390497 1 28 1.000000
combine_gun002
0  0.936419 -31.430119 13.779602  -0.690741 0.710947 -0.132028  0.974590 0.390561 1 28 1.000000
0  1.214541 -31.219902 11.602150  -0.709356 0.704488 -0.022592  0.974044 0.352854 1 28 1.000000
0  1.063779 -31.372818 11.567477  -0.709357 0.704488 -0.022592  0.977765 0.352789 1 28 1.000000
combine_gun002
0  -13.264977 -32.474445 11.849761  0.789333 -0.588876 -0.173718  0.049610 0.390279 1 28 1.000000
0  -13.264977 -31.423443 8.578142  0.789255 -0.586261 -0.182684  0.003567 0.376949 1 28 1.000000
0  -12.279285 -30.439064 9.576382  0.789324 -0.586197 -0.182595  0.018628 0.359405 1 28 1.000000
combine_gun002
0  -13.264977 -32.474445 11.849761  0.789333 -0.588876 -0.173718  0.049610 0.390279 1 28 1.000000
0  -12.279285 -30.439064 9.576382  0.789324 -0.586197 -0.182595  0.018628 0.359405 1 28 1.000000
0  -11.980193 -30.819721 12.190948  0.789346 -0.588866 -0.173694  0.055652 0.362997 1 28 1.000000
combine_gun002
0  -8.160064 -32.698643 37.242428  0.784922 -0.602233 -0.145648  0.410734 0.372490 1 28 1.000000
0  -13.264977 -32.474445 11.849761  0.789333 -0.588876 -0.173718  0.049610 0.390279 1 28 1.000000
0  -11.980193 -30.819721 12.190948  0.789346 -0.588866 -0.173694  0.055652 0.362997 1 28 1.000000
combine_gun002
0  -8.160064 -32.698643 37.242428  0.784922 -0.602233 -0.145648  0.410734 0.372490 1 28 1.000000
0  -11.980193 -30.819721 12.190948  0.789346 -0.588866 -0.173694  0.055652 0.362997 1 28 1.000000
0  -6.571794 -30.850266 38.089336  0.784949 -0.602231 -0.145508  0.424262 0.340978 1 28 1.000000
combine_gun002
0  -6.571794 -30.850266 38.089336  0.784949 -0.602231 -0.145508  0.424262 0.340978 1 28 1.000000
0  -8.160064 -33.005543 38.730862  0.780253 -0.612579 -0.126306  0.431464 0.377196 1 28 1.000000
0  -8.160064 -32.698643 37.242428  0.784922 -0.602233 -0.145648  0.410734 0.372490 1 28 1.000000
combine_gun002
0  -6.571794 -30.850266 38.089336  0.784949 -0.602231 -0.145508  0.424262 0.340978 1 28 1.000000
0  -6.571794 -31.157166 39.577774  0.780253 -0.612578 -0.126306  0.444993 0.345683 1 28 1.000000
0  -8.160064 -33.005543 38.730862  0.780253 -0.612579 -0.126306  0.431464 0.377196 1 28 1.000000
combine_gun002
0  -1.014347 -23.040968 67.939560  -0.922621 -0.014722 0.385427  0.162261 0.005146 1 28 1.000000
0  -1.325699 -24.431717 67.516930  -0.898734 0.069643 0.432928  0.205182 0.005146 1 28 1.000000
0  -1.198454 -24.453434 67.815201  -0.898734 0.069636 0.432930  0.203891 0.005146 1 28 1.000000
combine_gun002
0  -1.014347 -23.040968 67.939560  -0.922621 -0.014722 0.385427  0.162261 0.005146 1 28 1.000000
0  -1.107142 -22.838936 67.745079  -0.922618 -0.014728 0.385434  0.158075 0.005146 1 28 1.000000
0  -1.325699 -24.431717 67.516930  -0.898734 0.069643 0.432928  0.205182 0.005146 1 28 1.000000
combine_gun002
0  -0.709536 -22.631207 68.922157  -0.925501 -0.089337 0.368057  0.146453 0.005146 1 28 1.000000
0  -1.107142 -22.838936 67.745079  -0.922618 -0.014728 0.385434  0.158075 0.005146 1 28 1.000000
0  -1.014347 -23.040968 67.939560  -0.922621 -0.014722 0.385427  0.162261 0.005146 1 28 1.000000
combine_gun002
0  -0.709536 -22.631207 68.922157  -0.925501 -0.089337 0.368057  0.146453 0.005146 1 28 1.000000
0  -0.765090 -22.348087 68.844101  -0.925496 -0.089322 0.368075  0.139481 0.005146 1 28 1.000000
0  -1.107142 -22.838936 67.745079  -0.922618 -0.014728 0.385434  0.158075 0.005146 1 28 1.000000
combine_gun002
0  -0.350477 -22.539402 69.748291  -0.921349 -0.086520 0.378985  0.138595 0.005146 1 28 1.000000
0  -0.765090 -22.348087 68.844101  -0.925496 -0.089322 0.368075  0.139481 0.005146 1 28 1.000000
0  -0.709536 -22.631207 68.922157  -0.925501 -0.089337 0.368057  0.146453 0.005146 1 28 1.000000
combine_gun002
0  -0.350477 -22.539402 69.748291  -0.921349 -0.086520 0.378985  0.138595 0.005146 1 28 1.000000
0  -0.374548 -22.230797 69.762589  -0.921333 -0.086618 0.379003  0.130454 0.005146 1 28 1.000000
0  -0.765090 -22.348087 68.844101  -0.925496 -0.089322 0.368075  0.139481 0.005146 1 28 1.000000
combine_gun002
0  -0.009995 -22.688974 70.593605  -0.950890 -0.076608 0.299899  0.137661 0.005146 1 28 1.000000
0  -0.374548 -22.230797 69.762589  -0.921333 -0.086618 0.379003  0.130454 0.005146 1 28 1.000000
0  -0.350477 -22.539402 69.748291  -0.921349 -0.086520 0.378985  0.138595 0.005146 1 28 1.000000
combine_gun002
0  -0.009995 -22.688974 70.593605  -0.950890 -0.076608 0.299899  0.137661 0.005146 1 28 1.000000
0  -0.007990 -22.389538 70.681564  -0.950896 -0.076677 0.299862  0.129385 0.005146 1 28 1.000000
0  -0.374548 -22.230797 69.762589  -0.921333 -0.086618 0.379003  0.130454 0.005146 1 28 1.000000
combine_gun002
0  0.243534 -23.106083 71.511139  -0.972355 -0.047641 0.228597  0.145384 0.005146 1 28 1.000000
0  -0.007990 -22.389538 70.681564  -0.950896 -0.076677 0.299862  0.129385 0.005146 1 28 1.000000
0  -0.009995 -22.688974 70.593605  -0.950890 -0.076608 0.299899  0.137661 0.005146 1 28 1.000000
combine_gun002
0  0.243534 -23.106083 71.511139  -0.972355 -0.047641 0.228597  0.145384 0.005146 1 28 1.000000
0  0.267693 -22.837236 71.666679  -0.972300 -0.047948 0.228763  0.137622 0.005146 1 28 1.000000
0  -0.007990 -22.389538 70.681564  -0.950896 -0.076677 0.299862  0.129385 0.005146 1 28 1.000000
combine_gun002
0  0.366069 -23.830238 71.944237  -0.985729 0.012355 0.167889  0.163508 0.005146 1 28 1.000000
0  0.267693 -22.837236 71.666679  -0.972300 -0.047948 0.228763  0.137622 0.005146 1 28 1.000000
0  0.243534 -23.106083 71.511139  -0.972355 -0.047641 0.228597  0.145384 0.005146 1 28 1.000000
combine_gun002
0  0.366069 -23.830238 71.944237  -0.985729 0.012355 0.167889  0.163508 0.005146 1 28 1.000000
0  0.405141 -23.608194 72.159744  -0.985729 0.012354 0.167884  0.156813 0.005146 1 28 1.000000
0  0.267693 -22.837236 71.666679  -0.972300 -0.047948 0.228763  0.137622 0.005146 1 28 1.000000
combine_gun002
0  0.322026 -24.847803 72.106720  -0.984722 0.160622 0.067260  0.192183 0.005146 1 28 1.000000
0  0.405141 -23.608194 72.159744  -0.985729 0.012354 0.167884  0.156813 0.005146 1 28 1.000000
0  0.366069 -23.830238 71.944237  -0.985729 0.012355 0.167889  0.163508 0.005146 1 28 1.000000
combine_gun002
0  0.322026 -24.847803 72.106720  -0.984722 0.160622 0.067260  0.192183 0.005146 1 28 1.000000
0  0.364848 -24.684900 72.370102  -0.984722 0.160616 0.067268  0.187062 0.005146 1 28 1.000000
0  0.405141 -23.608194 72.159744  -0.985729 0.012354 0.167884  0.156813 0.005146 1 28 1.000000
combine_gun002
0  0.030559 -25.919298 72.029572  -0.910213 0.413704 -0.018992  0.226017 0.005146 1 28 1.000000
0  0.364848 -24.684900 72.370102  -0.984722 0.160616 0.067268  0.187062 0.005146 1 28 1.000000
0  0.322026 -24.847803 72.106720  -0.984722 0.160622 0.067260  0.192183 0.005146 1 28 1.000000
combine_gun002
0  0.030559 -25.919298 72.029572  -0.910213 0.413704 -0.018992  0.226017 0.005146 1 28 1.000000
0  0.065270 -25.821140 72.327324  -0.910239 0.413649 -0.018971  0.222798 0.005146 1 28 1.000000
0  0.364848 -24.684900 72.370102  -0.984722 0.160616 0.067268  0.187062 0.005146 1 28 1.000000
combine_gun002
0  -0.603920 -26.858088 71.859818  -0.821771 0.569588 -0.016199  0.261287 0.005146 1 28 1.000000
0  0.065270 -25.821140 72.327324  -0.910239 0.413649 -0.018971  0.222798 0.005146 1 28 1.000000
0  0.030559 -25.919298 72.029572  -0.910213 0.413704 -0.018992  0.226017 0.005146 1 28 1.000000
combine_gun002
0  -0.603920 -26.858088 71.859818  -0.821771 0.569588 -0.016199  0.261287 0.005146 1 28 1.000000
0  -0.587088 -26.823442 72.177795  -0.821846 0.569481 -0.016129  0.260083 0.005146 1 28 1.000000
0  0.065270 -25.821140 72.327324  -0.910239 0.413649 -0.018971  0.222798 0.005146 1 28 1.000000
combine_gun002
0  -1.390193 -27.919283 71.248718  -0.813875 0.580744 0.018558  0.302180 0.005146 1 28 1.000000
0  -0.587088 -26.823442 72.177795  -0.821846 0.569481 -0.016129  0.260083 0.005146 1 28 1.000000
0  -0.603920 -26.858088 71.859818  -0.821771 0.569588 -0.016199  0.261287 0.005146 1 28 1.000000
combine_gun002
0  -1.390193 -27.919283 71.248718  -0.813875 0.580744 0.018558  0.302180 0.005146 1 28 1.000000
0  -1.377548 -27.933681 71.590134  -0.813887 0.580726 0.018591  0.302389 0.005146 1 28 1.000000
0  -0.587088 -26.823442 72.177795  -0.821846 0.569481 -0.016129  0.260083 0.005146 1 28 1.000000
combine_gun002
0  1.834378 -31.630966 11.611519  0.098766 0.126439 -0.987045  0.042730 0.285914 1 28 1.000000
0  1.063779 -31.372818 11.567477  0.098765 0.126434 -0.987046  0.067811 0.279266 1 28 1.000000
0  1.214541 -31.219902 11.602150  0.098763 0.126431 -0.987047  0.063168 0.274002 1 28 1.000000
combine_gun002
0  1.834378 -31.630966 11.611519  0.098766 0.126439 -0.987045  0.042730 0.285914 1 28 1.000000
0  1.486623 -31.983696 11.531536  0.098767 0.126440 -0.987045  0.053441 0.298057 1 28 1.000000
0  1.063779 -31.372818 11.567477  0.098765 0.126434 -0.987046  0.067811 0.279266 1 28 1.000000
combine_gun002
0  1.834378 -31.630966 11.611519  0.098766 0.126439 -0.987045  0.042730 0.285914 1 28 1.000000
0  1.835161 -31.916378 11.575036  0.098763 0.126441 -0.987045  0.042337 0.295123 1 28 1.000000
0  1.486623 -31.983696 11.531536  0.098767 0.126440 -0.987045  0.053441 0.298057 1 28 1.000000
combine_gun002
0  -0.711567 -31.829697 23.557642  0.744628 0.650463 0.149759  0.143390 0.171549 1 28 1.000000
0  -0.321968 -32.389988 23.042892  0.863241 0.490434 0.119534  0.153044 0.160847 1 28 1.000000
0  -0.290598 -32.096798 21.613459  0.904833 0.385344 0.181074  0.177009 0.166892 1 28 1.000000
combine_gun002
0  -0.680197 -31.536503 22.128208  0.773496 0.610395 0.170652  0.167355 0.177594 1 28 1.000000
0  -0.290598 -32.096798 21.613459  0.904833 0.385344 0.181074  0.177009 0.166892 1 28 1.000000
0  1.685628 -32.252628 13.749209  0.978416 0.135671 0.155870  0.314041 0.158409 1 28 1.000000
combine_gun002
0  -0.711567 -31.829697 23.557642  0.744628 0.650463 0.149759  0.143390 0.171549 1 28 1.000000
0  -0.290598 -32.096798 21.613459  0.904833 0.385344 0.181074  0.177009 0.166892 1 28 1.000000
0  -0.680197 -31.536503 22.128208  0.773496 0.610395 0.170652  0.167355 0.177594 1 28 1.000000
combine_gun002
0  -0.680197 -31.536503 22.128208  0.773496 0.610395 0.170652  0.167355 0.177594 1 28 1.000000
0  -1.610026 -31.189754 23.750311  0.595778 0.784096 0.173903  0.137545 0.188666 1 28 1.000000
0  -0.711567 -31.829697 23.557642  0.744628 0.650463 0.149759  0.143390 0.171549 1 28 1.000000
combine_gun002
0  -0.680197 -31.536503 22.128208  0.773496 0.610395 0.170652  0.167355 0.177594 1 28 1.000000
0  -1.578656 -30.896561 22.320877  0.591198 0.792675 0.148835  0.161509 0.194711 1 28 1.000000
0  -1.610026 -31.189754 23.750311  0.595778 0.784096 0.173903  0.137545 0.188666 1 28 1.000000
combine_gun002
0  -0.680197 -31.536503 22.128208  0.773496 0.610395 0.170652  0.167355 0.177594 1 28 1.000000
0  0.936419 -31.430119 13.779602  0.573884 0.806792 0.140514  0.311399 0.176926 1 28 1.000000
0  -1.578656 -30.896561 22.320877  0.591198 0.792675 0.148835  0.161509 0.194711 1 28 1.000000
combine_gun002
0  -0.680197 -31.536503 22.128208  0.773496 0.610395 0.170652  0.167355 0.177594 1 28 1.000000
0  1.684845 -31.967213 13.785691  0.573864 0.806821 0.140430  0.313493 0.162350 1 28 1.000000
0  0.936419 -31.430119 13.779602  0.573884 0.806792 0.140514  0.311399 0.176926 1 28 1.000000
combine_gun002
0  1.684845 -31.967213 13.785691  0.573864 0.806821 0.140430  0.313493 0.162350 1 28 1.000000
0  1.214541 -31.219902 11.602150  0.561275 0.812562 0.157204  0.348564 0.180657 1 28 1.000000
0  0.936419 -31.430119 13.779602  0.573884 0.806792 0.140514  0.311399 0.176926 1 28 1.000000
combine_gun002
0  1.684845 -31.967213 13.785691  0.573864 0.806821 0.140430  0.313493 0.162350 1 28 1.000000
0  1.834378 -31.630966 11.611519  0.561296 0.812550 0.157194  0.350234 0.169050 1 28 1.000000
0  1.214541 -31.219902 11.602150  0.561275 0.812562 0.157204  0.348564 0.180657 1 28 1.000000
combine_gun002
0  -0.680197 -31.536503 22.128208  0.773496 0.610395 0.170652  0.167355 0.177594 1 28 1.000000
0  1.685628 -32.252628 13.749209  0.978416 0.135671 0.155870  0.314041 0.158409 1 28 1.000000
0  1.684845 -31.967213 13.785691  0.978412 0.135665 0.155899  0.313493 0.162350 1 28 1.000000
combine_gun002
0  1.684845 -31.967213 13.785691  0.978412 0.135665 0.155899  0.313493 0.162350 1 28 1.000000
0  1.685628 -32.252628 13.749209  0.978416 0.135671 0.155870  0.314041 0.158409 1 28 1.000000
0  1.835161 -31.916378 11.575036  0.997688 -0.005918 0.067703  0.350782 0.165109 1 28 1.000000
combine_gun002
0  1.684845 -31.967213 13.785691  0.978412 0.135665 0.155899  0.313493 0.162350 1 28 1.000000
0  1.835161 -31.916378 11.575036  0.997688 -0.005918 0.067703  0.350782 0.165109 1 28 1.000000
0  1.834378 -31.630966 11.611519  0.997688 -0.005918 0.067703  0.350234 0.169050 1 28 1.000000
combine_gun002
0  -5.041712 -37.743557 60.904392  0.000000 -0.978165 -0.207828  0.979515 0.604046 1 28 1.000000
0  -5.277181 -37.487782 60.297874  0.000000 -0.921417 -0.388576  0.974622 0.590507 1 28 1.000000
0  -5.041712 -37.487782 60.297874  0.000000 -0.921416 -0.388578  0.979515 0.590507 1 28 1.000000
combine_gun002
0  -5.041712 -37.743557 60.904392  0.000000 -0.978165 -0.207828  0.979515 0.604046 1 28 1.000000
0  -5.277181 -37.743557 60.904392  0.000000 -0.978164 -0.207833  0.974622 0.604046 1 28 1.000000
0  -5.277181 -37.487782 60.297874  0.000000 -0.921417 -0.388576  0.974622 0.590507 1 28 1.000000
combine_gun002
0  -5.277181 -37.777908 62.653763  0.000000 -0.999807 -0.019630  0.974622 0.639386 1 28 1.000000
0  -5.277181 -37.743557 60.904392  0.000000 -0.978164 -0.207833  0.974622 0.604046 1 28 1.000000
0  -5.041712 -37.743557 60.904392  0.000000 -0.978165 -0.207828  0.979515 0.604046 1 28 1.000000
combine_gun002
0  -5.277181 -37.777908 62.653763  0.000000 -0.999807 -0.019630  0.974622 0.639386 1 28 1.000000
0  -5.041712 -37.743557 60.904392  0.000000 -0.978165 -0.207828  0.979515 0.604046 1 28 1.000000
0  -5.041712 -37.777908 62.653763  0.000000 -0.999807 -0.019629  0.979515 0.639386 1 28 1.000000
combine_gun002
0  -0.696369 -32.696716 38.042049  1.000000 -0.000000 0.000000  0.755971 0.986841 1 28 1.000000
0  -0.696369 -31.491514 38.042049  1.000000 0.000000 0.000000  0.769890 0.986841 1 28 1.000000
0  -0.696369 -32.094116 38.203514  1.000000 0.000000 0.000000  0.762930 0.988706 1 28 1.000000
combine_gun002
0  -0.696369 -32.696716 38.042049  1.000000 -0.000000 0.000000  0.755971 0.986841 1 28 1.000000
0  -0.696369 -31.050381 37.600910  1.000000 0.000000 0.000000  0.774984 0.981747 1 28 1.000000
0  -0.696369 -31.491514 38.042049  1.000000 0.000000 0.000000  0.769890 0.986841 1 28 1.000000
combine_gun002
0  -0.696369 -32.696716 38.042049  1.000000 -0.000000 0.000000  0.755971 0.986841 1 28 1.000000
0  -0.696369 -30.888914 36.998310  1.000000 -0.000000 0.000000  0.776849 0.974788 1 28 1.000000
0  -0.696369 -31.050381 37.600910  1.000000 0.000000 0.000000  0.774984 0.981747 1 28 1.000000
combine_gun002
0  -0.696369 -32.696716 38.042049  1.000000 -0.000000 0.000000  0.755971 0.986841 1 28 1.000000
0  -0.696369 -31.050381 36.395710  1.000000 -0.000000 0.000000  0.774984 0.967829 1 28 1.000000
0  -0.696369 -30.888914 36.998310  1.000000 -0.000000 0.000000  0.776849 0.974788 1 28 1.000000
combine_gun002
0  -0.696369 -32.696716 38.042049  1.000000 -0.000000 0.000000  0.755971 0.986841 1 28 1.000000
0  -0.696369 -31.491514 35.954578  1.000000 0.000000 0.000000  0.769890 0.962734 1 28 1.000000
0  -0.696369 -31.050381 36.395710  1.000000 -0.000000 0.000000  0.774984 0.967829 1 28 1.000000
combine_gun002
0  -0.696369 -32.696716 38.042049  1.000000 -0.000000 0.000000  0.755971 0.986841 1 28 1.000000
0  -0.696369 -32.094116 35.793110  1.000000 0.000000 0.000000  0.762930 0.960870 1 28 1.000000
0  -0.696369 -31.491514 35.954578  1.000000 0.000000 0.000000  0.769890 0.962734 1 28 1.000000
combine_gun002
0  -0.696369 -32.696716 38.042049  1.000000 -0.000000 0.000000  0.755971 0.986841 1 28 1.000000
0  -0.696369 -32.696716 35.954578  1.000000 -0.000000 0.000000  0.755971 0.962734 1 28 1.000000
0  -0.696369 -32.094116 35.793110  1.000000 0.000000 0.000000  0.762930 0.960870 1 28 1.000000
combine_gun002
0  -0.696369 -32.696716 38.042049  1.000000 -0.000000 0.000000  0.755971 0.986841 1 28 1.000000
0  -0.696369 -33.137852 36.395710  1.000000 -0.000000 0.000000  0.750877 0.967829 1 28 1.000000
0  -0.696369 -32.696716 35.954578  1.000000 -0.000000 0.000000  0.755971 0.962734 1 28 1.000000
combine_gun002
0  -0.696369 -32.696716 38.042049  1.000000 -0.000000 0.000000  0.755971 0.986841 1 28 1.000000
0  -0.696369 -33.299316 36.998310  1.000000 0.000000 0.000000  0.749012 0.974788 1 28 1.000000
0  -0.696369 -33.137852 36.395710  1.000000 -0.000000 0.000000  0.750877 0.967829 1 28 1.000000
combine_gun002
0  -0.696369 -32.696716 38.042049  1.000000 -0.000000 0.000000  0.755971 0.986841 1 28 1.000000
0  -0.696369 -33.137852 37.600910  1.000000 -0.000000 0.000000  0.750877 0.981747 1 28 1.000000
0  -0.696369 -33.299316 36.998310  1.000000 0.000000 0.000000  0.749012 0.974788 1 28 1.000000
combine_gun002
0  -7.407476 -29.625906 51.689243  -0.998795 -0.007633 0.048476  0.073340 0.700203 1 28 1.000000
0  -6.850136 -37.007114 56.258282  -0.995192 -0.015254 0.096752  0.195882 0.778650 1 28 1.000000
0  -6.850136 -29.625906 56.258282  -0.995190 -0.015244 0.096771  0.072447 0.777502 1 28 1.000000
combine_gun002
0  -7.407476 -29.625906 51.689243  -0.998795 -0.007633 0.048476  0.073340 0.700203 1 28 1.000000
0  -7.407476 -37.007114 49.363548  -0.998798 -0.007645 0.048420  0.196774 0.662466 1 28 1.000000
0  -6.850136 -37.007114 56.258282  -0.995192 -0.015254 0.096752  0.195882 0.778650 1 28 1.000000
combine_gun002
0  -7.407476 -29.625906 51.689243  -0.998795 -0.007633 0.048476  0.073340 0.700203 1 28 1.000000
0  -7.407476 -35.535141 47.237049  -1.000000 -0.000000 0.000000  0.172159 0.626682 1 28 1.000000
0  -7.407476 -37.007114 49.363548  -0.998798 -0.007645 0.048420  0.196774 0.662466 1 28 1.000000
combine_gun002
0  -7.407476 -29.625906 51.689243  -0.998795 -0.007633 0.048476  0.073340 0.700203 1 28 1.000000
0  -7.407476 -31.097879 47.960659  -1.000000 0.000000 0.000000  0.097955 0.638091 1 28 1.000000
0  -7.407476 -35.535141 47.237049  -1.000000 -0.000000 0.000000  0.172159 0.626682 1 28 1.000000
combine_gun002
0  0.659107 -23.745380 72.010826  0.306652 -0.323770 -0.895063  0.156821 0.005146 1 28 1.000000
0  0.243534 -23.106083 71.511139  0.293219 -0.463123 -0.836385  0.145384 0.005146 1 28 1.000000
0  0.527240 -22.971939 71.525482  0.293221 -0.463120 -0.836386  0.137479 0.005146 1 28 1.000000
combine_gun002
0  0.659107 -23.745380 72.010826  0.306652 -0.323770 -0.895063  0.156821 0.005146 1 28 1.000000
0  0.366069 -23.830238 71.944237  0.306673 -0.323724 -0.895072  0.163508 0.005146 1 28 1.000000
0  0.243534 -23.106083 71.511139  0.293219 -0.463123 -0.836385  0.145384 0.005146 1 28 1.000000
combine_gun002
0  0.613756 -24.825348 72.215996  0.354785 -0.115757 -0.927754  0.187235 0.005146 1 28 1.000000
0  0.366069 -23.830238 71.944237  0.306673 -0.323724 -0.895072  0.163508 0.005146 1 28 1.000000
0  0.659107 -23.745380 72.010826  0.306652 -0.323770 -0.895063  0.156821 0.005146 1 28 1.000000
combine_gun002
0  0.613756 -24.825348 72.215996  0.354785 -0.115757 -0.927754  0.187235 0.005146 1 28 1.000000
0  0.322026 -24.847803 72.106720  0.354759 -0.115784 -0.927761  0.192183 0.005146 1 28 1.000000
0  0.366069 -23.830238 71.944237  0.306673 -0.323724 -0.895072  0.163508 0.005146 1 28 1.000000
combine_gun002
0  0.314701 -25.953356 72.168640  0.417971 -0.099426 -0.903003  0.222737 0.005146 1 28 1.000000
0  0.322026 -24.847803 72.106720  0.354759 -0.115784 -0.927761  0.192183 0.005146 1 28 1.000000
0  0.613756 -24.825348 72.215996  0.354785 -0.115757 -0.927754  0.187235 0.005146 1 28 1.000000
combine_gun002
0  0.314701 -25.953356 72.168640  0.417971 -0.099426 -0.903003  0.222737 0.005146 1 28 1.000000
0  0.030559 -25.919298 72.029572  0.417971 -0.099410 -0.903005  0.226017 0.005146 1 28 1.000000
0  0.322026 -24.847803 72.106720  0.354759 -0.115784 -0.927761  0.192183 0.005146 1 28 1.000000
combine_gun002
0  -0.326494 -26.916794 72.014877  0.440232 -0.144529 -0.886175  0.258786 0.005146 1 28 1.000000
0  0.030559 -25.919298 72.029572  0.417971 -0.099410 -0.903005  0.226017 0.005146 1 28 1.000000
0  0.314701 -25.953356 72.168640  0.417971 -0.099426 -0.903003  0.222737 0.005146 1 28 1.000000
combine_gun002
0  -0.326494 -26.916794 72.014877  0.440232 -0.144529 -0.886175  0.258786 0.005146 1 28 1.000000
0  -0.603920 -26.858088 71.859818  0.440230 -0.144527 -0.886177  0.261287 0.005146 1 28 1.000000
0  0.030559 -25.919298 72.029572  0.417971 -0.099410 -0.903005  0.226017 0.005146 1 28 1.000000
combine_gun002
0  -6.850136 -29.625906 56.258282  0.000000 1.000000 -0.000000  0.630243 0.433223 1 28 1.000000
0  -5.321367 -29.625906 56.258282  0.000000 1.000000 -0.000000  0.597322 0.433223 1 28 1.000000
0  -5.499217 -29.625906 51.689243  0.000000 0.982394 -0.186820  0.601152 0.336564 1 28 1.000000
combine_gun002
0  -6.850136 -29.625906 56.258282  0.000000 1.000000 -0.000000  0.630243 0.433223 1 28 1.000000
0  -5.499217 -29.625906 51.689243  0.000000 0.982394 -0.186820  0.601152 0.336564 1 28 1.000000
0  -7.407476 -29.625906 51.689243  0.000000 0.982383 -0.186878  0.642246 0.336564 1 28 1.000000
combine_gun002
0  -5.499217 -29.625906 51.689243  0.000000 0.982394 -0.186820  0.601152 0.336564 1 28 1.000000
0  -7.407476 -31.097879 47.960659  0.000000 0.930141 -0.367202  0.642246 0.251761 1 28 1.000000
0  -7.407476 -29.625906 51.689243  0.000000 0.982383 -0.186878  0.642246 0.336564 1 28 1.000000
combine_gun002
0  -5.499217 -29.625906 51.689243  0.000000 0.982394 -0.186820  0.601152 0.336564 1 28 1.000000
0  -5.499217 -31.097879 47.960659  0.000000 0.930141 -0.367202  0.601152 0.251761 1 28 1.000000
0  -7.407476 -31.097879 47.960659  0.000000 0.930141 -0.367202  0.642246 0.251761 1 28 1.000000
combine_gun002
0  -0.765090 -22.348087 68.844101  0.294425 0.885951 -0.358337  0.139481 0.005146 1 28 1.000000
0  -0.801807 -22.931362 67.732742  0.249680 0.853998 -0.456451  0.156088 0.005146 1 28 1.000000
0  -1.107142 -22.838936 67.745079  0.249704 0.853992 -0.456449  0.158075 0.005146 1 28 1.000000
combine_gun002
0  -0.765090 -22.348087 68.844101  0.294425 0.885951 -0.358337  0.139481 0.005146 1 28 1.000000
0  -0.477722 -22.471672 68.776466  0.294595 0.885735 -0.358730  0.138618 0.005146 1 28 1.000000
0  -0.801807 -22.931362 67.732742  0.249680 0.853998 -0.456451  0.156088 0.005146 1 28 1.000000
combine_gun002
0  -0.374548 -22.230797 69.762589  0.390324 0.910242 -0.138227  0.130454 0.005146 1 28 1.000000
0  -0.477722 -22.471672 68.776466  0.294595 0.885735 -0.358730  0.138618 0.005146 1 28 1.000000
0  -0.765090 -22.348087 68.844101  0.294425 0.885951 -0.358337  0.139481 0.005146 1 28 1.000000
combine_gun002
0  -0.374548 -22.230797 69.762589  0.390324 0.910242 -0.138227  0.130454 0.005146 1 28 1.000000
0  -0.100174 -22.364420 69.656754  0.390455 0.910206 -0.138094  0.130062 0.005146 1 28 1.000000
0  -0.477722 -22.471672 68.776466  0.294595 0.885735 -0.358730  0.138618 0.005146 1 28 1.000000
combine_gun002
0  -0.007990 -22.389538 70.681564  0.490297 0.865251 0.104644  0.129385 0.005146 1 28 1.000000
0  -0.100174 -22.364420 69.656754  0.390455 0.910206 -0.138094  0.130062 0.005146 1 28 1.000000
0  -0.374548 -22.230797 69.762589  0.390324 0.910242 -0.138227  0.130454 0.005146 1 28 1.000000
combine_gun002
0  -0.007990 -22.389538 70.681564  0.490297 0.865251 0.104644  0.129385 0.005146 1 28 1.000000
0  0.257750 -22.523975 70.553444  0.490483 0.865105 0.104977  0.129143 0.005146 1 28 1.000000
0  -0.100174 -22.364420 69.656754  0.390455 0.910206 -0.138094  0.130062 0.005146 1 28 1.000000
combine_gun002
0  0.267693 -22.837236 71.666679  0.533102 0.815650 0.224760  0.137622 0.005146 1 28 1.000000
0  0.257750 -22.523975 70.553444  0.490483 0.865105 0.104977  0.129143 0.005146 1 28 1.000000
0  -0.007990 -22.389538 70.681564  0.490297 0.865251 0.104644  0.129385 0.005146 1 28 1.000000
combine_gun002
0  0.267693 -22.837236 71.666679  0.533102 0.815650 0.224760  0.137622 0.005146 1 28 1.000000
0  0.527240 -22.971939 71.525482  0.533125 0.815637 0.224754  0.137479 0.005146 1 28 1.000000
0  0.257750 -22.523975 70.553444  0.490483 0.865105 0.104977  0.129143 0.005146 1 28 1.000000
combine_gun002
0  -0.788364 -23.625374 67.870987  0.000000 1.000000 0.000000  0.348376 0.755498 1 28 1.000000
0  -1.408650 -23.625374 67.870987  0.000000 1.000000 0.000000  0.376307 0.755498 1 28 1.000000
0  -1.098507 -23.625372 68.050049  0.000000 1.000000 0.000000  0.362340 0.763561 1 28 1.000000
combine_gun002
0  -0.788364 -23.625374 67.870987  0.000000 1.000000 0.000000  0.348376 0.755498 1 28 1.000000
0  -1.408650 -23.625374 67.512871  0.000000 1.000000 0.000000  0.376307 0.739372 1 28 1.000000
0  -1.408650 -23.625374 67.870987  0.000000 1.000000 0.000000  0.376307 0.755498 1 28 1.000000
combine_gun002
0  -0.788364 -23.625374 67.870987  0.000000 1.000000 0.000000  0.348376 0.755498 1 28 1.000000
0  -1.098507 -23.625374 67.333809  0.000000 1.000000 0.000000  0.362340 0.731309 1 28 1.000000
0  -1.408650 -23.625374 67.512871  0.000000 1.000000 0.000000  0.376307 0.739372 1 28 1.000000
combine_gun002
0  -0.788364 -23.625374 67.870987  0.000000 1.000000 0.000000  0.348376 0.755498 1 28 1.000000
0  -0.788364 -23.625374 67.512871  0.000000 1.000000 0.000000  0.348376 0.739372 1 28 1.000000
0  -1.098507 -23.625374 67.333809  0.000000 1.000000 0.000000  0.362340 0.731309 1 28 1.000000
combine_gun002
0  -0.477722 -22.471672 68.776466  0.566273 -0.824119 0.012765  0.138618 0.005146 1 28 1.000000
0  -1.014347 -23.040968 67.939560  0.597723 -0.787084 0.152404  0.162261 0.005146 1 28 1.000000
0  -0.801807 -22.931362 67.732742  0.597633 -0.787175 0.152283  0.156088 0.005146 1 28 1.000000
combine_gun002
0  -0.477722 -22.471672 68.776466  0.566273 -0.824119 0.012765  0.138618 0.005146 1 28 1.000000
0  -0.709536 -22.631207 68.922157  0.566205 -0.824166 0.012693  0.146453 0.005146 1 28 1.000000
0  -1.014347 -23.040968 67.939560  0.597723 -0.787084 0.152404  0.162261 0.005146 1 28 1.000000
combine_gun002
0  -0.100174 -22.364420 69.656754  0.493003 -0.839070 -0.230022  0.130062 0.005146 1 28 1.000000
0  -0.709536 -22.631207 68.922157  0.566205 -0.824166 0.012693  0.146453 0.005146 1 28 1.000000
0  -0.477722 -22.471672 68.776466  0.566273 -0.824119 0.012765  0.138618 0.005146 1 28 1.000000
combine_gun002
0  -0.100174 -22.364420 69.656754  0.493003 -0.839070 -0.230022  0.130062 0.005146 1 28 1.000000
0  -0.350477 -22.539402 69.748291  0.492949 -0.839130 -0.229917  0.138595 0.005146 1 28 1.000000
0  -0.709536 -22.631207 68.922157  0.566205 -0.824166 0.012693  0.146453 0.005146 1 28 1.000000
combine_gun002
0  0.257750 -22.523975 70.553444  0.432022 -0.807468 -0.401686  0.129143 0.005146 1 28 1.000000
0  -0.350477 -22.539402 69.748291  0.492949 -0.839130 -0.229917  0.138595 0.005146 1 28 1.000000
0  -0.100174 -22.364420 69.656754  0.493003 -0.839070 -0.230022  0.130062 0.005146 1 28 1.000000
combine_gun002
0  0.257750 -22.523975 70.553444  0.432022 -0.807468 -0.401686  0.129143 0.005146 1 28 1.000000
0  -0.009995 -22.688974 70.593605  0.432044 -0.807450 -0.401699  0.137661 0.005146 1 28 1.000000
0  -0.350477 -22.539402 69.748291  0.492949 -0.839130 -0.229917  0.138595 0.005146 1 28 1.000000
combine_gun002
0  0.527240 -22.971939 71.525482  0.403490 -0.784539 -0.470845  0.137479 0.005146 1 28 1.000000
0  -0.009995 -22.688974 70.593605  0.432044 -0.807450 -0.401699  0.137661 0.005146 1 28 1.000000
0  0.257750 -22.523975 70.553444  0.432022 -0.807468 -0.401686  0.129143 0.005146 1 28 1.000000
combine_gun002
0  0.527240 -22.971939 71.525482  0.403490 -0.784539 -0.470845  0.137479 0.005146 1 28 1.000000
0  0.243534 -23.106083 71.511139  0.403538 -0.784502 -0.470864  0.145384 0.005146 1 28 1.000000
0  -0.009995 -22.688974 70.593605  0.432044 -0.807450 -0.401699  0.137661 0.005146 1 28 1.000000
combine_gun002
0  -0.869922 -23.814775 66.771843  -0.000001 1.000000 -0.000004  0.095752 0.651246 1 28 1.000000
0  -1.352055 -23.814775 66.771843  0.000000 1.000000 0.000000  0.123197 0.651246 1 28 1.000000
0  -1.110988 -23.814775 66.911026  0.000000 1.000000 0.000000  0.109476 0.659169 1 28 1.000000
combine_gun002
0  -0.869922 -23.814775 66.771843  -0.000001 1.000000 -0.000004  0.095752 0.651246 1 28 1.000000
0  -1.352055 -23.814775 66.493484  0.000002 1.000000 -0.000007  0.123197 0.635400 1 28 1.000000
0  -1.352055 -23.814775 66.771843  0.000000 1.000000 0.000000  0.123197 0.651246 1 28 1.000000
combine_gun002
0  -0.869922 -23.814775 66.771843  -0.000001 1.000000 -0.000004  0.095752 0.651246 1 28 1.000000
0  -1.110988 -23.814777 66.354301  0.000001 1.000000 -0.000011  0.109476 0.627477 1 28 1.000000
0  -1.352055 -23.814775 66.493484  0.000002 1.000000 -0.000007  0.123197 0.635400 1 28 1.000000
combine_gun002
0  -0.869922 -23.814775 66.771843  -0.000001 1.000000 -0.000004  0.095752 0.651246 1 28 1.000000
0  -0.869922 -23.814775 66.493484  -0.000008 1.000000 0.000000  0.095752 0.635400 1 28 1.000000
0  -1.110988 -23.814777 66.354301  0.000001 1.000000 -0.000011  0.109476 0.627477 1 28 1.000000
combine_gun002
0  -7.359165 -23.157143 27.542343  -0.865908 -0.499116 0.032965  0.339902 0.195319 1 28 1.000000
0  -6.803280 -24.143478 47.164940  -0.865897 -0.500221 -0.000614  0.078637 0.215613 1 28 1.000000
0  -7.277268 -23.322960 47.137642  -0.865898 -0.500221 -0.000614  0.078661 0.205465 1 28 1.000000
combine_gun002
0  -7.359165 -23.157143 27.542343  -0.865908 -0.499116 0.032965  0.339902 0.195319 1 28 1.000000
0  -6.844202 -24.048586 27.571995  -0.865914 -0.499134 0.032530  0.339876 0.210775 1 28 1.000000
0  -6.803280 -24.143478 47.164940  -0.865897 -0.500221 -0.000614  0.078637 0.215613 1 28 1.000000
combine_gun002
0  -7.522882 -23.252853 24.664667  -0.865952 -0.499251 0.029608  0.378316 0.195869 1 28 1.000000
0  -6.844202 -24.048586 27.571995  -0.865914 -0.499134 0.032530  0.339876 0.210775 1 28 1.000000
0  -7.359165 -23.157143 27.542343  -0.865908 -0.499116 0.032965  0.339902 0.195319 1 28 1.000000
combine_gun002
0  -7.522882 -23.252853 24.664667  -0.865952 -0.499251 0.029608  0.378316 0.195869 1 28 1.000000
0  -6.926060 -24.286005 24.699028  -0.865961 -0.499284 0.028761  0.378286 0.211244 1 28 1.000000
0  -6.844202 -24.048586 27.571995  -0.865914 -0.499134 0.032530  0.339876 0.210775 1 28 1.000000
combine_gun002
0  -7.522882 -23.252853 24.664667  -0.865952 -0.499251 0.029608  0.378316 0.195869 1 28 1.000000
0  -6.533836 -24.740969 9.522453  -0.865773 -0.500383 -0.007374  0.580859 0.216658 1 28 1.000000
0  -6.926060 -24.286005 24.699028  -0.865961 -0.499284 0.028761  0.378286 0.211244 1 28 1.000000
combine_gun002
0  -7.522882 -23.252853 24.664667  -0.865952 -0.499251 0.029608  0.378316 0.195869 1 28 1.000000
0  -6.738433 -24.386797 9.510670  -0.865773 -0.500383 -0.007374  0.580869 0.209238 1 28 1.000000
0  -6.533836 -24.740969 9.522453  -0.865773 -0.500383 -0.007374  0.580859 0.216658 1 28 1.000000
combine_gun002
0  -6.844202 -24.048586 27.571995  0.000000 -0.999231 0.039214  0.339876 0.210775 1 28 1.000000
0  -5.855303 -24.143478 47.164940  0.000000 -0.999988 -0.004843  0.078637 0.225041 1 28 1.000000
0  -6.803280 -24.143478 47.164940  0.000000 -0.999988 -0.004843  0.078637 0.215613 1 28 1.000000
combine_gun002
0  -6.844202 -24.048586 27.571995  0.000000 -0.999231 0.039214  0.339876 0.210775 1 28 1.000000
0  -5.814276 -24.048586 27.571995  -0.000000 -0.999244 0.038885  0.339876 0.229880 1 28 1.000000
0  -5.855303 -24.143478 47.164940  0.000000 -0.999988 -0.004843  0.078637 0.225041 1 28 1.000000
combine_gun002
0  -6.926060 -24.286005 24.699028  0.000000 -0.998422 0.056158  0.378286 0.211244 1 28 1.000000
0  -5.814276 -24.048586 27.571995  -0.000000 -0.999244 0.038885  0.339876 0.229880 1 28 1.000000
0  -6.844202 -24.048586 27.571995  0.000000 -0.999231 0.039214  0.339876 0.210775 1 28 1.000000
combine_gun002
0  -6.926060 -24.286005 24.699028  0.000000 -0.998422 0.056158  0.378286 0.211244 1 28 1.000000
0  -5.732418 -24.286005 24.699028  0.000000 -0.998422 0.056159  0.378286 0.229411 1 28 1.000000
0  -5.814276 -24.048586 27.571995  -0.000000 -0.999244 0.038885  0.339876 0.229880 1 28 1.000000
combine_gun002
0  -6.926060 -24.286005 24.699028  0.000000 -0.998422 0.056158  0.378286 0.211244 1 28 1.000000
0  -6.124642 -24.740969 9.522453  0.000000 -0.999551 0.029964  0.580859 0.223997 1 28 1.000000
0  -5.732418 -24.286005 24.699028  0.000000 -0.998422 0.056159  0.378286 0.229411 1 28 1.000000
combine_gun002
0  -6.926060 -24.286005 24.699028  0.000000 -0.998422 0.056158  0.378286 0.211244 1 28 1.000000
0  -6.533836 -24.740969 9.522453  0.000000 -0.999551 0.029964  0.580859 0.216658 1 28 1.000000
0  -6.124642 -24.740969 9.522453  0.000000 -0.999551 0.029964  0.580859 0.223997 1 28 1.000000
combine_gun002
0  -0.952949 -23.066837 66.474991  0.822661 0.116209 0.556529  0.162061 0.005146 1 28 1.000000
0  -1.108624 -24.249126 66.879311  0.881349 0.044801 0.470337  0.196931 0.005146 1 28 1.000000
0  -1.023417 -24.231215 66.668686  0.881403 0.044756 0.470240  0.195173 0.005146 1 28 1.000000
combine_gun002
0  -0.952949 -23.066837 66.474991  0.822661 0.116209 0.556529  0.162061 0.005146 1 28 1.000000
0  -1.033185 -22.974651 66.567261  0.822645 0.116198 0.556556  0.160715 0.005146 1 28 1.000000
0  -1.108624 -24.249126 66.879311  0.881349 0.044801 0.470337  0.196931 0.005146 1 28 1.000000
combine_gun002
0  -0.804773 -22.797892 66.244827  0.789853 0.226407 0.569975  0.152457 0.005146 1 28 1.000000
0  -1.033185 -22.974651 66.567261  0.822645 0.116198 0.556556  0.160715 0.005146 1 28 1.000000
0  -0.952949 -23.066837 66.474991  0.822661 0.116209 0.556529  0.162061 0.005146 1 28 1.000000
combine_gun002
0  -0.804773 -22.797892 66.244827  0.789853 0.226407 0.569975  0.152457 0.005146 1 28 1.000000
0  -0.857624 -22.635717 66.235718  0.789845 0.226438 0.569975  0.148776 0.005146 1 28 1.000000
0  -1.033185 -22.974651 66.567261  0.822645 0.116198 0.556556  0.160715 0.005146 1 28 1.000000
combine_gun002
0  -0.629822 -22.853951 65.977692  0.737999 0.330677 0.588227  0.151404 0.005146 1 28 1.000000
0  -0.857624 -22.635717 66.235718  0.789845 0.226438 0.569975  0.148776 0.005146 1 28 1.000000
0  -0.804773 -22.797892 66.244827  0.789853 0.226407 0.569975  0.152457 0.005146 1 28 1.000000
combine_gun002
0  -0.629822 -22.853951 65.977692  0.737999 0.330677 0.588227  0.151404 0.005146 1 28 1.000000
0  -0.603484 -22.713995 65.870514  0.737995 0.330700 0.588218  0.147158 0.005146 1 28 1.000000
0  -0.857624 -22.635717 66.235718  0.789845 0.226438 0.569975  0.148776 0.005146 1 28 1.000000
combine_gun002
0  -0.354140 -23.137272 65.878967  0.638730 0.389513 0.663554  0.155114 0.005146 1 28 1.000000
0  -0.603484 -22.713995 65.870514  0.737995 0.330700 0.588218  0.147158 0.005146 1 28 1.000000
0  -0.629822 -22.853951 65.977692  0.737999 0.330677 0.588227  0.151404 0.005146 1 28 1.000000
combine_gun002
0  -0.354140 -23.137272 65.878967  0.638730 0.389513 0.663554  0.155114 0.005146 1 28 1.000000
0  -0.258816 -23.058496 65.740387  0.638874 0.389586 0.663372  0.151530 0.005146 1 28 1.000000
0  -0.603484 -22.713995 65.870514  0.737995 0.330700 0.588218  0.147158 0.005146 1 28 1.000000
combine_gun002
0  -5.814276 -24.048586 27.571995  0.865914 -0.499133 0.032533  0.339876 0.229880 1 28 1.000000
0  -5.381315 -23.322960 47.137642  0.865897 -0.500222 -0.000610  0.078661 0.235189 1 28 1.000000
0  -5.855303 -24.143478 47.164940  0.865897 -0.500222 -0.000610  0.078637 0.225041 1 28 1.000000
combine_gun002
0  -5.814276 -24.048586 27.571995  0.865914 -0.499133 0.032533  0.339876 0.229880 1 28 1.000000
0  -5.299313 -23.157143 27.542343  0.865904 -0.499101 0.033297  0.339902 0.245336 1 28 1.000000
0  -5.381315 -23.322960 47.137642  0.865897 -0.500222 -0.000610  0.078661 0.235189 1 28 1.000000
combine_gun002
0  -5.732418 -24.286005 24.699028  0.865961 -0.499284 0.028759  0.378286 0.229411 1 28 1.000000
0  -5.299313 -23.157143 27.542343  0.865904 -0.499101 0.033297  0.339902 0.245336 1 28 1.000000
0  -5.814276 -24.048586 27.571995  0.865914 -0.499133 0.032533  0.339876 0.229880 1 28 1.000000
combine_gun002
0  -5.732418 -24.286005 24.699028  0.865961 -0.499284 0.028759  0.378286 0.229411 1 28 1.000000
0  -5.135597 -23.252853 24.664667  0.865952 -0.499250 0.029609  0.378316 0.244786 1 28 1.000000
0  -5.299313 -23.157143 27.542343  0.865904 -0.499101 0.033297  0.339902 0.245336 1 28 1.000000
combine_gun002
0  -5.732418 -24.286005 24.699028  0.865961 -0.499284 0.028759  0.378286 0.229411 1 28 1.000000
0  -5.920045 -24.386797 9.510670  0.865773 -0.500383 -0.007374  0.580869 0.231417 1 28 1.000000
0  -5.135597 -23.252853 24.664667  0.865952 -0.499250 0.029609  0.378316 0.244786 1 28 1.000000
combine_gun002
0  -5.732418 -24.286005 24.699028  0.865961 -0.499284 0.028759  0.378286 0.229411 1 28 1.000000
0  -6.124642 -24.740969 9.522453  0.865773 -0.500383 -0.007374  0.580859 0.223997 1 28 1.000000
0  -5.920045 -24.386797 9.510670  0.865773 -0.500383 -0.007374  0.580869 0.231417 1 28 1.000000
combine_gun002
0  -0.417893 -26.582253 71.325409  -0.228853 0.147126 0.962279  0.250930 0.005146 1 28 1.000000
0  0.239958 -25.928129 71.325241  -0.146046 0.261544 0.954078  0.223152 0.005146 1 28 1.000000
0  0.023931 -25.885971 71.281456  -0.146016 0.261452 0.954108  0.225197 0.005146 1 28 1.000000
combine_gun002
0  -0.417893 -26.582253 71.325409  -0.228853 0.147126 0.962279  0.250930 0.005146 1 28 1.000000
0  -0.202563 -26.627569 71.384460  -0.228862 0.147235 0.962260  0.248982 0.005146 1 28 1.000000
0  0.239958 -25.928129 71.325241  -0.146046 0.261544 0.954078  0.223152 0.005146 1 28 1.000000
combine_gun002
0  -0.710495 -27.268351 71.311508  -0.266319 0.101945 0.958479  0.274167 0.005146 1 28 1.000000
0  -0.202563 -26.627569 71.384460  -0.228862 0.147235 0.962260  0.248982 0.005146 1 28 1.000000
0  -0.417893 -26.582253 71.325409  -0.228853 0.147126 0.962279  0.250930 0.005146 1 28 1.000000
combine_gun002
0  -0.710495 -27.268351 71.311508  -0.266319 0.101945 0.958479  0.274167 0.005146 1 28 1.000000
0  -0.494467 -27.303673 71.380882  -0.266353 0.101959 0.958468  0.271933 0.005146 1 28 1.000000
0  -0.202563 -26.627569 71.384460  -0.228862 0.147235 0.962260  0.248982 0.005146 1 28 1.000000
combine_gun002
0  -0.093895 -23.189766 66.068878  -0.103130 0.971894 0.211628  0.152698 0.005146 1 28 1.000000
0  -0.258816 -23.058496 65.740387  -0.034495 0.921961 0.385744  0.151530 0.005146 1 28 1.000000
0  -0.354140 -23.137272 65.878967  -0.034665 0.921920 0.385827  0.155114 0.005146 1 28 1.000000
combine_gun002
0  -0.093895 -23.189766 66.068878  -0.103130 0.971894 0.211628  0.152698 0.005146 1 28 1.000000
0  0.040763 -23.150618 65.946167  -0.103125 0.971895 0.211625  0.149620 0.005146 1 28 1.000000
0  -0.258816 -23.058496 65.740387  -0.034495 0.921961 0.385744  0.151530 0.005146 1 28 1.000000
combine_gun002
0  0.089777 -23.158901 66.500626  -0.126071 0.992013 0.004159  0.149120 0.005146 1 28 1.000000
0  0.040763 -23.150618 65.946167  -0.103125 0.971895 0.211625  0.149620 0.005146 1 28 1.000000
0  -0.093895 -23.189766 66.068878  -0.103130 0.971894 0.211628  0.152698 0.005146 1 28 1.000000
combine_gun002
0  0.089777 -23.158901 66.500626  -0.126071 0.992013 0.004159  0.149120 0.005146 1 28 1.000000
0  0.264465 -23.138657 66.401161  -0.126144 0.992003 0.004115  0.145970 0.005146 1 28 1.000000
0  0.040763 -23.150618 65.946167  -0.103125 0.971895 0.211625  0.149620 0.005146 1 28 1.000000
combine_gun002
0  0.233330 -23.125160 67.153687  -0.040543 0.998461 0.037839  0.146061 0.005146 1 28 1.000000
0  0.264465 -23.138657 66.401161  -0.126144 0.992003 0.004115  0.145970 0.005146 1 28 1.000000
0  0.089777 -23.158901 66.500626  -0.126071 0.992013 0.004159  0.149120 0.005146 1 28 1.000000
combine_gun002
0  0.233330 -23.125160 67.153687  -0.040543 0.998461 0.037839  0.146061 0.005146 1 28 1.000000
0  0.436189 -23.117073 67.090240  -0.040528 0.998461 0.037859  0.142828 0.005146 1 28 1.000000
0  0.264465 -23.138657 66.401161  -0.126144 0.992003 0.004115  0.145970 0.005146 1 28 1.000000
combine_gun002
0  0.331358 -23.205093 67.998260  0.021111 0.982620 0.184423  0.146807 0.005146 1 28 1.000000
0  0.436189 -23.117073 67.090240  -0.040528 0.998461 0.037859  0.142828 0.005146 1 28 1.000000
0  0.233330 -23.125160 67.153687  -0.040543 0.998461 0.037839  0.146061 0.005146 1 28 1.000000
combine_gun002
0  0.331358 -23.205093 67.998260  0.021111 0.982620 0.184423  0.146807 0.005146 1 28 1.000000
0  0.551398 -23.205572 67.969788  0.021152 0.982630 0.184369  0.143554 0.005146 1 28 1.000000
0  0.436189 -23.117073 67.090240  -0.040528 0.998461 0.037859  0.142828 0.005146 1 28 1.000000
combine_gun002
0  0.379151 -23.487175 68.996201  0.042217 0.942287 0.332135  0.153866 0.005146 1 28 1.000000
0  0.551398 -23.205572 67.969788  0.021152 0.982630 0.184369  0.143554 0.005146 1 28 1.000000
0  0.331358 -23.205093 67.998260  0.021111 0.982620 0.184423  0.146807 0.005146 1 28 1.000000
combine_gun002
0  0.379151 -23.487175 68.996201  0.042217 0.942287 0.332135  0.153866 0.005146 1 28 1.000000
0  0.606256 -23.495350 68.991226  0.042131 0.942301 0.332106  0.150720 0.005146 1 28 1.000000
0  0.551398 -23.205572 67.969788  0.021152 0.982630 0.184369  0.143554 0.005146 1 28 1.000000
combine_gun002
0  0.373831 -23.947609 70.076996  0.033774 0.832306 0.553287  0.166624 0.005146 1 28 1.000000
0  0.606256 -23.495350 68.991226  0.042131 0.942301 0.332106  0.150720 0.005146 1 28 1.000000
0  0.379151 -23.487175 68.996201  0.042217 0.942287 0.332135  0.153866 0.005146 1 28 1.000000
combine_gun002
0  0.373831 -23.947609 70.076996  0.033774 0.832306 0.553287  0.166624 0.005146 1 28 1.000000
0  0.600848 -23.963491 70.085938  0.033757 0.832202 0.553444  0.163692 0.005146 1 28 1.000000
0  0.606256 -23.495350 68.991226  0.042131 0.942301 0.332106  0.150720 0.005146 1 28 1.000000
combine_gun002
0  0.313305 -24.534489 70.683784  -0.003526 0.616972 0.786978  0.183684 0.005146 1 28 1.000000
0  0.600848 -23.963491 70.085938  0.033757 0.832202 0.553444  0.163692 0.005146 1 28 1.000000
0  0.373831 -23.947609 70.076996  0.033774 0.832306 0.553287  0.166624 0.005146 1 28 1.000000
combine_gun002
0  0.313305 -24.534489 70.683784  -0.003526 0.616972 0.786978  0.183684 0.005146 1 28 1.000000
0  0.536398 -24.558538 70.702408  -0.003513 0.616905 0.787030  0.181035 0.005146 1 28 1.000000
0  0.600848 -23.963491 70.085938  0.033757 0.832202 0.553444  0.163692 0.005146 1 28 1.000000
combine_gun002
0  0.195392 -25.195938 71.063690  -0.064634 0.418931 0.905715  0.203650 0.005146 1 28 1.000000
0  0.536398 -24.558538 70.702408  -0.003513 0.616905 0.787030  0.181035 0.005146 1 28 1.000000
0  0.313305 -24.534489 70.683784  -0.003526 0.616972 0.786978  0.183684 0.005146 1 28 1.000000
combine_gun002
0  0.195392 -25.195938 71.063690  -0.064634 0.418931 0.905715  0.203650 0.005146 1 28 1.000000
0  0.413950 -25.229025 71.092819  -0.064607 0.418912 0.905725  0.201317 0.005146 1 28 1.000000
0  0.536398 -24.558538 70.702408  -0.003513 0.616905 0.787030  0.181035 0.005146 1 28 1.000000
combine_gun002
0  0.023931 -25.885971 71.281456  -0.146016 0.261452 0.954108  0.225197 0.005146 1 28 1.000000
0  0.413950 -25.229025 71.092819  -0.064607 0.418912 0.905725  0.201317 0.005146 1 28 1.000000
0  0.195392 -25.195938 71.063690  -0.064634 0.418931 0.905715  0.203650 0.005146 1 28 1.000000
combine_gun002
0  0.023931 -25.885971 71.281456  -0.146016 0.261452 0.954108  0.225197 0.005146 1 28 1.000000
0  0.239958 -25.928129 71.325241  -0.146046 0.261544 0.954078  0.223152 0.005146 1 28 1.000000
0  0.413950 -25.229025 71.092819  -0.064607 0.418912 0.905725  0.201317 0.005146 1 28 1.000000
combine_gun002
0  -5.299313 -23.157143 27.542343  0.865439 0.500608 0.020186  0.339902 0.245336 1 28 1.000000
0  -5.855303 -22.502443 47.110352  0.865766 0.500388 0.007857  0.078685 0.249957 1 28 1.000000
0  -5.381315 -23.322960 47.137642  0.865766 0.500388 0.007857  0.078661 0.235189 1 28 1.000000
combine_gun002
0  -5.299313 -23.157143 27.542343  0.865439 0.500608 0.020186  0.339902 0.245336 1 28 1.000000
0  -5.814276 -22.265692 27.512693  0.865429 0.500612 0.020470  0.339928 0.257420 1 28 1.000000
0  -5.855303 -22.502443 47.110352  0.865766 0.500388 0.007857  0.078685 0.249957 1 28 1.000000
combine_gun002
0  -5.135597 -23.252853 24.664667  0.865992 0.499412 -0.025413  0.378316 0.244786 1 28 1.000000
0  -5.814276 -22.265692 27.512693  0.865429 0.500612 0.020470  0.339928 0.257420 1 28 1.000000
0  -5.299313 -23.157143 27.542343  0.865439 0.500608 0.020186  0.339902 0.245336 1 28 1.000000
combine_gun002
0  -5.135597 -23.252853 24.664667  0.865992 0.499412 -0.025413  0.378316 0.244786 1 28 1.000000
0  -5.732418 -22.219702 24.630299  0.866001 0.499462 -0.024084  0.378346 0.257225 1 28 1.000000
0  -5.814276 -22.265692 27.512693  0.865429 0.500612 0.020470  0.339928 0.257420 1 28 1.000000
combine_gun002
0  -5.135597 -23.252853 24.664667  0.865992 0.499412 -0.025413  0.378316 0.244786 1 28 1.000000
0  -6.124642 -24.032618 9.498892  0.864177 0.496481 -0.081885  0.580879 0.239660 1 28 1.000000
0  -5.732418 -22.219702 24.630299  0.866001 0.499462 -0.024084  0.378346 0.257225 1 28 1.000000
combine_gun002
0  -5.135597 -23.252853 24.664667  0.865992 0.499412 -0.025413  0.378316 0.244786 1 28 1.000000
0  -5.920045 -24.386797 9.510670  0.864177 0.496480 -0.081885  0.580869 0.231417 1 28 1.000000
0  -6.124642 -24.032618 9.498892  0.864177 0.496481 -0.081885  0.580879 0.239660 1 28 1.000000
combine_gun002
0  0.264465 -23.138657 66.401161  0.776653 -0.570179 -0.267779  0.145970 0.005146 1 28 1.000000
0  -0.082557 -23.335892 65.978836  0.748496 -0.561513 -0.352784  0.156553 0.005146 1 28 1.000000
0  0.040763 -23.150618 65.946167  0.748319 -0.561981 -0.352415  0.149620 0.005146 1 28 1.000000
combine_gun002
0  0.264465 -23.138657 66.401161  0.776653 -0.570179 -0.267779  0.145970 0.005146 1 28 1.000000
0  0.137308 -23.324488 66.428680  0.776664 -0.570182 -0.267742  0.152976 0.005146 1 28 1.000000
0  -0.082557 -23.335892 65.978836  0.748496 -0.561513 -0.352784  0.156553 0.005146 1 28 1.000000
combine_gun002
0  0.436189 -23.117073 67.090240  0.799705 -0.575230 -0.171994  0.142828 0.005146 1 28 1.000000
0  0.137308 -23.324488 66.428680  0.776664 -0.570182 -0.267742  0.152976 0.005146 1 28 1.000000
0  0.264465 -23.138657 66.401161  0.776653 -0.570179 -0.267779  0.145970 0.005146 1 28 1.000000
combine_gun002
0  0.436189 -23.117073 67.090240  0.799705 -0.575230 -0.171994  0.142828 0.005146 1 28 1.000000
0  0.306328 -23.300526 67.098648  0.800031 -0.574829 -0.171821  0.149807 0.005146 1 28 1.000000
0  0.137308 -23.324488 66.428680  0.776664 -0.570182 -0.267742  0.152976 0.005146 1 28 1.000000
combine_gun002
0  0.551398 -23.205572 67.969788  0.798679 -0.573195 -0.183192  0.143554 0.005146 1 28 1.000000
0  0.306328 -23.300526 67.098648  0.800031 -0.574829 -0.171821  0.149807 0.005146 1 28 1.000000
0  0.436189 -23.117073 67.090240  0.799705 -0.575230 -0.171994  0.142828 0.005146 1 28 1.000000
combine_gun002
0  0.551398 -23.205572 67.969788  0.798679 -0.573195 -0.183192  0.143554 0.005146 1 28 1.000000
0  0.419618 -23.383280 67.951515  0.798448 -0.573414 -0.183514  0.150404 0.005146 1 28 1.000000
0  0.306328 -23.300526 67.098648  0.800031 -0.574829 -0.171821  0.149807 0.005146 1 28 1.000000
combine_gun002
0  0.606256 -23.495350 68.991226  0.794277 -0.566402 -0.219804  0.150720 0.005146 1 28 1.000000
0  0.419618 -23.383280 67.951515  0.798448 -0.573414 -0.183514  0.150404 0.005146 1 28 1.000000
0  0.551398 -23.205572 67.969788  0.798679 -0.573195 -0.183192  0.143554 0.005146 1 28 1.000000
combine_gun002
0  0.606256 -23.495350 68.991226  0.794277 -0.566402 -0.219804  0.150720 0.005146 1 28 1.000000
0  0.473255 -23.663486 68.944046  0.794084 -0.566366 -0.220589  0.157324 0.005146 1 28 1.000000
0  0.419618 -23.383280 67.951515  0.798448 -0.573414 -0.183514  0.150404 0.005146 1 28 1.000000
combine_gun002
0  0.600848 -23.963491 70.085938  0.795915 -0.520490 -0.309209  0.163692 0.005146 1 28 1.000000
0  0.473255 -23.663486 68.944046  0.794084 -0.566366 -0.220589  0.157324 0.005146 1 28 1.000000
0  0.606256 -23.495350 68.991226  0.794277 -0.566402 -0.219804  0.150720 0.005146 1 28 1.000000
combine_gun002
0  0.600848 -23.963491 70.085938  0.795915 -0.520490 -0.309209  0.163692 0.005146 1 28 1.000000
0  0.468545 -24.117510 70.009056  0.795921 -0.520483 -0.309203  0.169898 0.005146 1 28 1.000000
0  0.473255 -23.663486 68.944046  0.794084 -0.566366 -0.220589  0.157324 0.005146 1 28 1.000000
combine_gun002
0  0.536398 -24.558538 70.702408  0.802644 -0.435266 -0.407806  0.181035 0.005146 1 28 1.000000
0  0.468545 -24.117510 70.009056  0.795921 -0.520483 -0.309203  0.169898 0.005146 1 28 1.000000
0  0.600848 -23.963491 70.085938  0.795915 -0.520490 -0.309209  0.163692 0.005146 1 28 1.000000
combine_gun002
0  0.536398 -24.558538 70.702408  0.802644 -0.435266 -0.407806  0.181035 0.005146 1 28 1.000000
0  0.407583 -24.693153 70.595215  0.802666 -0.435179 -0.407855  0.186655 0.005146 1 28 1.000000
0  0.468545 -24.117510 70.009056  0.795921 -0.520483 -0.309203  0.169898 0.005146 1 28 1.000000
combine_gun002
0  0.413950 -25.229025 71.092819  0.825079 -0.367521 -0.429153  0.201317 0.005146 1 28 1.000000
0  0.407583 -24.693153 70.595215  0.802666 -0.435179 -0.407855  0.186655 0.005146 1 28 1.000000
0  0.536398 -24.558538 70.702408  0.802644 -0.435266 -0.407806  0.181035 0.005146 1 28 1.000000
combine_gun002
0  0.413950 -25.229025 71.092819  0.825079 -0.367521 -0.429153  0.201317 0.005146 1 28 1.000000
0  0.292810 -25.338205 70.955147  0.825075 -0.367509 -0.429172  0.206122 0.005146 1 28 1.000000
0  0.407583 -24.693153 70.595215  0.802666 -0.435179 -0.407855  0.186655 0.005146 1 28 1.000000
combine_gun002
0  0.239958 -25.928129 71.325241  0.827478 -0.438912 -0.350194  0.223152 0.005146 1 28 1.000000
0  0.292810 -25.338205 70.955147  0.825075 -0.367509 -0.429172  0.206122 0.005146 1 28 1.000000
0  0.413950 -25.229025 71.092819  0.825079 -0.367521 -0.429153  0.201317 0.005146 1 28 1.000000
combine_gun002
0  0.239958 -25.928129 71.325241  0.827478 -0.438912 -0.350194  0.223152 0.005146 1 28 1.000000
0  0.131378 -26.005901 71.157875  0.827483 -0.438909 -0.350186  0.226906 0.005146 1 28 1.000000
0  0.292810 -25.338205 70.955147  0.825075 -0.367509 -0.429172  0.206122 0.005146 1 28 1.000000
combine_gun002
0  -0.202563 -26.627569 71.384460  0.840430 -0.452044 -0.298888  0.248982 0.005146 1 28 1.000000
0  0.131378 -26.005901 71.157875  0.827483 -0.438909 -0.350186  0.226906 0.005146 1 28 1.000000
0  0.239958 -25.928129 71.325241  0.827478 -0.438912 -0.350194  0.223152 0.005146 1 28 1.000000
combine_gun002
0  -0.202563 -26.627569 71.384460  0.840430 -0.452044 -0.298888  0.248982 0.005146 1 28 1.000000
0  -0.296230 -26.671318 71.191406  0.840423 -0.452055 -0.298890  0.251577 0.005146 1 28 1.000000
0  0.131378 -26.005901 71.157875  0.827483 -0.438909 -0.350186  0.226906 0.005146 1 28 1.000000
combine_gun002
0  -0.494467 -27.303673 71.380882  0.870872 -0.369976 -0.323573  0.271933 0.005146 1 28 1.000000
0  -0.296230 -26.671318 71.191406  0.840423 -0.452055 -0.298890  0.251577 0.005146 1 28 1.000000
0  -0.202563 -26.627569 71.384460  0.840430 -0.452044 -0.298888  0.248982 0.005146 1 28 1.000000
combine_gun002
0  -0.494467 -27.303673 71.380882  0.870872 -0.369976 -0.323573  0.271933 0.005146 1 28 1.000000
0  -0.574180 -27.314945 71.170128  0.870890 -0.369973 -0.323530  0.273426 0.005146 1 28 1.000000
0  -0.296230 -26.671318 71.191406  0.840423 -0.452055 -0.298890  0.251577 0.005146 1 28 1.000000
combine_gun002
0  -1.377548 -27.933681 71.590134  0.264361 -0.591450 0.761775  0.302389 0.005146 1 28 1.000000
0  -0.326494 -26.916794 72.014877  0.319928 -0.487154 0.812605  0.258786 0.005146 1 28 1.000000
0  -0.587088 -26.823442 72.177795  0.319946 -0.487142 0.812605  0.260083 0.005146 1 28 1.000000
combine_gun002
0  -0.587088 -26.823442 72.177795  0.319946 -0.487142 0.812605  0.260083 0.005146 1 28 1.000000
0  -0.326494 -26.916794 72.014877  0.319928 -0.487154 0.812605  0.258786 0.005146 1 28 1.000000
0  0.314701 -25.953356 72.168640  0.419115 -0.267699 0.867571  0.222737 0.005146 1 28 1.000000
combine_gun002
0  -0.587088 -26.823442 72.177795  0.319946 -0.487142 0.812605  0.260083 0.005146 1 28 1.000000
0  0.314701 -25.953356 72.168640  0.419115 -0.267699 0.867571  0.222737 0.005146 1 28 1.000000
0  0.065270 -25.821140 72.327324  0.419078 -0.267739 0.867577  0.222798 0.005146 1 28 1.000000
combine_gun002
0  0.065270 -25.821140 72.327324  0.419078 -0.267739 0.867577  0.222798 0.005146 1 28 1.000000
0  0.314701 -25.953356 72.168640  0.419115 -0.267699 0.867571  0.222737 0.005146 1 28 1.000000
0  0.613756 -24.825348 72.215996  0.519874 -0.011387 0.854167  0.187235 0.005146 1 28 1.000000
combine_gun002
0  0.065270 -25.821140 72.327324  0.419078 -0.267739 0.867577  0.222798 0.005146 1 28 1.000000
0  0.613756 -24.825348 72.215996  0.519874 -0.011387 0.854167  0.187235 0.005146 1 28 1.000000
0  0.364848 -24.684900 72.370102  0.519893 -0.011364 0.854156  0.187062 0.005146 1 28 1.000000
combine_gun002
0  0.364848 -24.684900 72.370102  0.519893 -0.011364 0.854156  0.187062 0.005146 1 28 1.000000
0  0.613756 -24.825348 72.215996  0.519874 -0.011387 0.854167  0.187235 0.005146 1 28 1.000000
0  0.659107 -23.745380 72.010826  0.601148 0.322667 0.731100  0.156821 0.005146 1 28 1.000000
combine_gun002
0  0.364848 -24.684900 72.370102  0.519893 -0.011364 0.854156  0.187062 0.005146 1 28 1.000000
0  0.659107 -23.745380 72.010826  0.601148 0.322667 0.731100  0.156821 0.005146 1 28 1.000000
0  0.405141 -23.608194 72.159744  0.601154 0.322737 0.731064  0.156813 0.005146 1 28 1.000000
combine_gun002
0  0.405141 -23.608194 72.159744  0.601154 0.322737 0.731064  0.156813 0.005146 1 28 1.000000
0  0.659107 -23.745380 72.010826  0.601148 0.322667 0.731100  0.156821 0.005146 1 28 1.000000
0  0.527240 -22.971939 71.525482  0.611166 0.496884 0.616102  0.137479 0.005146 1 28 1.000000
combine_gun002
0  0.405141 -23.608194 72.159744  0.601154 0.322737 0.731064  0.156813 0.005146 1 28 1.000000
0  0.527240 -22.971939 71.525482  0.611166 0.496884 0.616102  0.137479 0.005146 1 28 1.000000
0  0.267693 -22.837236 71.666679  0.611141 0.496898 0.616116  0.137622 0.005146 1 28 1.000000
combine_gun002
0  -9.018402 -26.233437 70.727188  0.000000 1.000000 0.000001  0.616265 0.944462 1 28 1.000000
0  -8.303234 -26.233437 70.959564  0.000000 1.000000 0.000005  0.595226 0.951298 1 28 1.000000
0  -8.623066 -26.233437 70.727188  0.000000 1.000000 0.000000  0.604635 0.944462 1 28 1.000000
combine_gun002
0  -9.018402 -26.233437 70.727188  0.000000 1.000000 0.000001  0.616265 0.944462 1 28 1.000000
0  -8.181068 -26.233437 71.335548  -0.000002 1.000000 -0.000001  0.591631 0.962359 1 28 1.000000
0  -8.303234 -26.233437 70.959564  0.000000 1.000000 0.000005  0.595226 0.951298 1 28 1.000000
combine_gun002
0  -9.018402 -26.233437 70.727188  0.000000 1.000000 0.000001  0.616265 0.944462 1 28 1.000000
0  -8.303234 -26.233438 71.711533  -0.000001 1.000000 0.000001  0.595226 0.973420 1 28 1.000000
0  -8.181068 -26.233437 71.335548  -0.000002 1.000000 -0.000001  0.591631 0.962359 1 28 1.000000
combine_gun002
0  -9.018402 -26.233437 70.727188  0.000000 1.000000 0.000001  0.616265 0.944462 1 28 1.000000
0  -8.623066 -26.233438 71.943909  0.000000 1.000000 0.000004  0.604635 0.980256 1 28 1.000000
0  -8.303234 -26.233438 71.711533  -0.000001 1.000000 0.000001  0.595226 0.973420 1 28 1.000000
combine_gun002
0  -9.018402 -26.233437 70.727188  0.000000 1.000000 0.000001  0.616265 0.944462 1 28 1.000000
0  -9.018402 -26.233438 71.943909  -0.000000 1.000000 0.000004  0.616265 0.980256 1 28 1.000000
0  -8.623066 -26.233438 71.943909  0.000000 1.000000 0.000004  0.604635 0.980256 1 28 1.000000
combine_gun002
0  -9.018402 -26.233437 70.727188  0.000000 1.000000 0.000001  0.616265 0.944462 1 28 1.000000
0  -9.338234 -26.233438 71.711533  0.000000 1.000000 0.000004  0.625674 0.973420 1 28 1.000000
0  -9.018402 -26.233438 71.943909  -0.000000 1.000000 0.000004  0.616265 0.980256 1 28 1.000000
combine_gun002
0  -9.018402 -26.233437 70.727188  0.000000 1.000000 0.000001  0.616265 0.944462 1 28 1.000000
0  -9.460400 -26.233437 71.335548  0.000004 1.000000 0.000001  0.629268 0.962359 1 28 1.000000
0  -9.338234 -26.233438 71.711533  0.000000 1.000000 0.000004  0.625674 0.973420 1 28 1.000000
combine_gun002
0  -9.018402 -26.233437 70.727188  0.000000 1.000000 0.000001  0.616265 0.944462 1 28 1.000000
0  -9.338234 -26.233437 70.959564  0.000000 1.000000 -0.000005  0.625674 0.951298 1 28 1.000000
0  -9.460400 -26.233437 71.335548  0.000004 1.000000 0.000001  0.629268 0.962359 1 28 1.000000
combine_gun002
0  -6.641695 -27.141497 67.602867  -0.873847 0.468669 0.129384  0.030567 0.967133 1 28 1.000000
0  -5.684477 -27.658003 43.941494  -0.840019 0.540622 -0.045784  0.037672 0.573156 1 28 1.000000
0  -6.641695 -29.145330 43.941494  -0.840019 0.540622 -0.045784  0.064077 0.571832 1 28 1.000000
combine_gun002
0  -6.641695 -27.141497 67.602867  -0.873847 0.468669 0.129384  0.030567 0.967133 1 28 1.000000
0  -5.684477 -25.654167 67.602867  -0.873803 0.468784 0.129264  0.004162 0.968457 1 28 1.000000
0  -5.684477 -27.658003 43.941494  -0.840019 0.540622 -0.045784  0.037672 0.573156 1 28 1.000000
combine_gun002
0  -6.641695 -27.141497 67.602867  -0.873847 0.468669 0.129384  0.030567 0.967133 1 28 1.000000
0  -5.360891 -25.654167 69.460556  -0.875338 0.379351 0.299795  0.003644 1.000043 1 28 1.000000
0  -5.684477 -25.654167 67.602867  -0.873803 0.468784 0.129264  0.004162 0.968457 1 28 1.000000
combine_gun002
0  -6.641695 -27.141497 67.602867  -0.873847 0.468669 0.129384  0.030567 0.967133 1 28 1.000000
0  -5.692874 -27.141497 69.460556  -0.875374 0.379218 0.299856  0.029048 0.999735 1 28 1.000000
0  -5.360891 -25.654167 69.460556  -0.875338 0.379351 0.299795  0.003644 1.000043 1 28 1.000000
combine_gun002
0  -8.519556 -27.050566 72.262482  0.000000 -0.093733 0.995597  0.907520 0.413303 1 28 1.000000
0  -9.121911 -34.671112 72.262482  0.000000 -0.149184 0.988810  0.922703 0.605364 1 28 1.000000
0  -8.519556 -34.671112 72.262482  -0.000000 -0.149127 0.988818  0.907520 0.605364 1 28 1.000000
combine_gun002
0  -8.519556 -27.050566 72.262482  0.000000 -0.093733 0.995597  0.907520 0.413303 1 28 1.000000
0  -9.121911 -27.050566 72.262482  0.000000 -0.093905 0.995581  0.922703 0.413303 1 28 1.000000
0  -9.121911 -34.671112 72.262482  0.000000 -0.149184 0.988810  0.922703 0.605364 1 28 1.000000
combine_gun002
0  -8.519556 -27.050566 72.262482  0.000000 -0.093733 0.995597  0.907520 0.413303 1 28 1.000000
0  -9.239747 -25.140802 72.625137  0.000000 -0.186562 0.982443  0.922703 0.365171 1 28 1.000000
0  -9.121911 -27.050566 72.262482  0.000000 -0.093905 0.995581  0.922703 0.413303 1 28 1.000000
combine_gun002
0  -8.519556 -27.050566 72.262482  0.000000 -0.093733 0.995597  0.907520 0.413303 1 28 1.000000
0  -8.401721 -25.140802 72.625137  0.000000 -0.186562 0.982443  0.907520 0.365171 1 28 1.000000
0  -9.239747 -25.140802 72.625137  0.000000 -0.186562 0.982443  0.922703 0.365171 1 28 1.000000
combine_gun002
0  -5.692874 -35.275497 68.169617  0.000000 -0.156747 0.987639  0.260865 0.913847 1 28 1.000000
0  -4.685275 -35.275497 68.169617  0.000000 -0.156747 0.987639  0.239466 0.913847 1 28 1.000000
0  -4.685275 -27.141497 69.460556  -0.000001 -0.078621 0.996905  0.239466 0.753329 1 28 1.000000
combine_gun002
0  -5.692874 -35.275497 68.169617  0.000000 -0.156747 0.987639  0.260865 0.913847 1 28 1.000000
0  -4.685275 -27.141497 69.460556  -0.000001 -0.078621 0.996905  0.239466 0.753329 1 28 1.000000
0  -5.692874 -27.141497 69.460556  0.000000 -0.078651 0.996902  0.260865 0.753329 1 28 1.000000
combine_gun002
0  -4.685275 -27.141497 69.460556  -0.000001 -0.078621 0.996905  0.239466 0.753329 1 28 1.000000
0  -5.360891 -25.654167 69.460556  0.000000 0.000000 1.000000  0.253815 0.726665 1 28 1.000000
0  -5.692874 -27.141497 69.460556  0.000000 -0.078651 0.996902  0.260865 0.753329 1 28 1.000000
combine_gun002
0  -4.685275 -27.141497 69.460556  -0.000001 -0.078621 0.996905  0.239466 0.753329 1 28 1.000000
0  -5.017259 -25.654167 69.460556  0.000000 0.000000 1.000000  0.246518 0.726665 1 28 1.000000
0  -5.360891 -25.654167 69.460556  0.000000 0.000000 1.000000  0.253815 0.726665 1 28 1.000000
combine_gun002
0  -9.377287 -34.821865 71.739914  0.000000 -1.000000 -0.000002  0.954465 0.160116 1 28 1.000000
0  -8.608149 -34.821865 71.989815  0.000000 -1.000000 -0.000008  0.972795 0.166071 1 28 1.000000
0  -9.033318 -34.821865 71.989815  0.000000 -1.000000 -0.000018  0.962662 0.166071 1 28 1.000000
combine_gun002
0  -9.377287 -34.821865 71.739914  0.000000 -1.000000 -0.000002  0.954465 0.160116 1 28 1.000000
0  -8.264181 -34.821865 71.739914  0.000000 -1.000000 -0.000002  0.980993 0.160116 1 28 1.000000
0  -8.608149 -34.821865 71.989815  0.000000 -1.000000 -0.000008  0.972795 0.166071 1 28 1.000000
combine_gun002
0  -9.377287 -34.821865 71.739914  0.000000 -1.000000 -0.000002  0.954465 0.160116 1 28 1.000000
0  -8.132796 -34.821865 71.335548  0.000000 -1.000000 0.000000  0.984123 0.150479 1 28 1.000000
0  -8.264181 -34.821865 71.739914  0.000000 -1.000000 -0.000002  0.980993 0.160116 1 28 1.000000
combine_gun002
0  -9.377287 -34.821865 71.739914  0.000000 -1.000000 -0.000002  0.954465 0.160116 1 28 1.000000
0  -8.264181 -34.821865 70.931190  0.000000 -1.000000 0.000002  0.980993 0.140842 1 28 1.000000
0  -8.132796 -34.821865 71.335548  0.000000 -1.000000 0.000000  0.984123 0.150479 1 28 1.000000
combine_gun002
0  -9.377287 -34.821865 71.739914  0.000000 -1.000000 -0.000002  0.954465 0.160116 1 28 1.000000
0  -8.608149 -34.821865 70.681282  0.000000 -1.000000 0.000004  0.972795 0.134886 1 28 1.000000
0  -8.264181 -34.821865 70.931190  0.000000 -1.000000 0.000002  0.980993 0.140842 1 28 1.000000
combine_gun002
0  -9.377287 -34.821865 71.739914  0.000000 -1.000000 -0.000002  0.954465 0.160116 1 28 1.000000
0  -9.033318 -34.821865 70.681282  0.000000 -1.000000 0.000003  0.962662 0.134886 1 28 1.000000
0  -8.608149 -34.821865 70.681282  0.000000 -1.000000 0.000004  0.972795 0.134886 1 28 1.000000
combine_gun002
0  -9.377287 -34.821865 71.739914  0.000000 -1.000000 -0.000002  0.954465 0.160116 1 28 1.000000
0  -9.377287 -34.821865 70.931190  0.000000 -1.000000 0.000000  0.954465 0.140842 1 28 1.000000
0  -9.033318 -34.821865 70.681282  0.000000 -1.000000 0.000003  0.962662 0.134886 1 28 1.000000
combine_gun002
0  -9.377287 -34.821865 71.739914  0.000000 -1.000000 -0.000002  0.954465 0.160116 1 28 1.000000
0  -9.508672 -34.821865 71.335548  0.000000 -1.000000 0.000000  0.951333 0.150479 1 28 1.000000
0  -9.377287 -34.821865 70.931190  0.000000 -1.000000 0.000000  0.954465 0.140842 1 28 1.000000
combine_gun002
0  -7.552363 -29.266674 39.867546  -0.000002 -0.067470 -0.997721  0.999543 0.973747 1 28 1.000000
0  -4.021885 -38.150768 41.075420  0.000000 -0.134720 -0.990884  0.944757 0.834933 1 28 1.000000
0  -6.289152 -38.150768 41.075420  0.000000 -0.134720 -0.990884  0.979940 0.834933 1 28 1.000000
combine_gun002
0  -7.552363 -29.266674 39.867546  -0.000002 -0.067470 -0.997721  0.999543 0.973747 1 28 1.000000
0  -2.758675 -29.266674 39.867546  0.000001 -0.067483 -0.997720  0.925154 0.973747 1 28 1.000000
0  -4.021885 -38.150768 41.075420  0.000000 -0.134720 -0.990884  0.944757 0.834933 1 28 1.000000
combine_gun002
0  -7.552363 -29.266674 39.867546  -0.000002 -0.067470 -0.997721  0.999543 0.973747 1 28 1.000000
0  -4.093450 -27.601971 39.867546  0.000000 0.000000 -1.000000  0.945868 0.999521 1 28 1.000000
0  -2.758675 -29.266674 39.867546  0.000001 -0.067483 -0.997720  0.925154 0.973747 1 28 1.000000
combine_gun002
0  -7.552363 -29.266674 39.867546  -0.000002 -0.067470 -0.997721  0.999543 0.973747 1 28 1.000000
0  -6.217588 -27.601971 39.867546  0.000000 0.000000 -1.000000  0.978830 0.999521 1 28 1.000000
0  -4.093450 -27.601971 39.867546  0.000000 0.000000 -1.000000  0.945868 0.999521 1 28 1.000000
combine_gun002
0  -0.267426 -23.877306 70.930542  0.000001 1.000000 0.000001  0.611027 0.631850 1 28 1.000000
0  -0.848020 -23.877306 72.717422  0.000001 1.000000 0.000000  0.626823 0.680463 1 28 1.000000
0  -0.267426 -23.877308 71.918304  0.000006 1.000000 0.000003  0.611027 0.658723 1 28 1.000000
combine_gun002
0  -0.267426 -23.877306 70.930542  0.000001 1.000000 0.000001  0.611027 0.631850 1 28 1.000000
0  -1.787439 -23.877306 73.022659  0.000000 1.000000 -0.000001  0.652380 0.688767 1 28 1.000000
0  -0.848020 -23.877306 72.717422  0.000001 1.000000 0.000000  0.626823 0.680463 1 28 1.000000
combine_gun002
0  -0.267426 -23.877306 70.930542  0.000001 1.000000 0.000001  0.611027 0.631850 1 28 1.000000
0  -2.726857 -23.877306 72.717422  0.000000 1.000000 -0.000001  0.677938 0.680463 1 28 1.000000
0  -1.787439 -23.877306 73.022659  0.000000 1.000000 -0.000001  0.652380 0.688767 1 28 1.000000
combine_gun002
0  -0.267426 -23.877306 70.930542  0.000001 1.000000 0.000001  0.611027 0.631850 1 28 1.000000
0  -2.726857 -23.877306 70.131424  0.000000 1.000000 0.000001  0.677938 0.610109 1 28 1.000000
0  -2.726857 -23.877306 72.717422  0.000000 1.000000 -0.000001  0.677938 0.680463 1 28 1.000000
combine_gun002
0  -0.267426 -23.877306 70.930542  0.000001 1.000000 0.000001  0.611027 0.631850 1 28 1.000000
0  -1.787439 -23.877306 69.826187  0.000000 1.000000 0.000002  0.652380 0.601805 1 28 1.000000
0  -2.726857 -23.877306 70.131424  0.000000 1.000000 0.000001  0.677938 0.610109 1 28 1.000000
combine_gun002
0  -0.267426 -23.877306 70.930542  0.000001 1.000000 0.000001  0.611027 0.631850 1 28 1.000000
0  -0.848020 -23.877306 70.131424  0.000000 1.000000 0.000000  0.626823 0.610109 1 28 1.000000
0  -1.787439 -23.877306 69.826187  0.000000 1.000000 0.000002  0.652380 0.601805 1 28 1.000000
combine_gun002
0  -3.358057 -35.514835 50.696281  0.998181 0.000000 -0.060285  0.298188 0.685040 1 28 1.000000
0  -3.216761 -34.374302 66.057686  0.999958 0.000000 -0.009198  0.317038 0.942294 1 28 1.000000
0  -3.216761 -35.514835 66.057686  0.999958 0.000000 -0.009198  0.297957 0.942426 1 28 1.000000
combine_gun002
0  -3.358057 -35.514835 50.696281  0.998181 0.000000 -0.060285  0.298188 0.685040 1 28 1.000000
0  -3.358057 -34.374298 50.696281  0.998181 0.000000 -0.060287  0.317269 0.684907 1 28 1.000000
0  -3.216761 -34.374302 66.057686  0.999958 0.000000 -0.009198  0.317038 0.942294 1 28 1.000000
combine_gun002
0  -3.358057 -35.514835 50.696281  0.998181 0.000000 -0.060285  0.298188 0.685040 1 28 1.000000
0  -3.651962 -34.374298 48.070095  0.993796 0.000000 -0.111219  0.317749 0.641226 1 28 1.000000
0  -3.358057 -34.374298 50.696281  0.998181 0.000000 -0.060287  0.317269 0.684907 1 28 1.000000
combine_gun002
0  -3.358057 -35.514835 50.696281  0.998181 0.000000 -0.060285  0.298188 0.685040 1 28 1.000000
0  -3.651962 -35.514835 48.070095  0.993796 0.000000 -0.111219  0.298668 0.641358 1 28 1.000000
0  -3.651962 -34.374298 48.070095  0.993796 0.000000 -0.111219  0.317749 0.641226 1 28 1.000000
combine_gun002
0  -0.848020 -25.752970 72.717422  -0.000000 -1.000000 -0.000001  0.838045 0.749739 1 28 1.000000
0  -0.267426 -25.752970 70.930542  -0.000002 -1.000000 -0.000001  0.853548 0.702028 1 28 1.000000
0  -0.267426 -25.752970 71.918304  0.000000 -1.000000 0.000000  0.853548 0.728402 1 28 1.000000
combine_gun002
0  -0.848020 -25.752970 72.717422  -0.000000 -1.000000 -0.000001  0.838045 0.749739 1 28 1.000000
0  -0.848020 -25.752968 70.131424  -0.000000 -1.000000 -0.000000  0.838045 0.680691 1 28 1.000000
0  -0.267426 -25.752970 70.930542  -0.000002 -1.000000 -0.000001  0.853548 0.702028 1 28 1.000000
combine_gun002
0  -0.848020 -25.752970 72.717422  -0.000000 -1.000000 -0.000001  0.838045 0.749739 1 28 1.000000
0  -1.787439 -25.752968 69.826187  -0.000000 -1.000000 0.000001  0.812963 0.672541 1 28 1.000000
0  -0.848020 -25.752968 70.131424  -0.000000 -1.000000 -0.000000  0.838045 0.680691 1 28 1.000000
combine_gun002
0  -0.848020 -25.752970 72.717422  -0.000000 -1.000000 -0.000001  0.838045 0.749739 1 28 1.000000
0  -2.726857 -25.752968 70.131424  -0.000000 -1.000000 0.000000  0.787879 0.680691 1 28 1.000000
0  -1.787439 -25.752968 69.826187  -0.000000 -1.000000 0.000001  0.812963 0.672541 1 28 1.000000
combine_gun002
0  -0.848020 -25.752970 72.717422  -0.000000 -1.000000 -0.000001  0.838045 0.749739 1 28 1.000000
0  -2.726857 -25.752970 72.717422  0.000000 -1.000000 -0.000002  0.787879 0.749739 1 28 1.000000
0  -2.726857 -25.752968 70.131424  -0.000000 -1.000000 0.000000  0.787879 0.680691 1 28 1.000000
combine_gun002
0  -0.848020 -25.752970 72.717422  -0.000000 -1.000000 -0.000001  0.838045 0.749739 1 28 1.000000
0  -1.787439 -25.752970 73.022659  0.000000 -1.000000 -0.000007  0.812963 0.757889 1 28 1.000000
0  -2.726857 -25.752970 72.717422  0.000000 -1.000000 -0.000002  0.787879 0.749739 1 28 1.000000
combine_gun002
0  -3.358057 -34.374298 50.696281  0.000000 1.000000 0.000001  0.297886 0.489305 1 28 1.000000
0  -4.071584 -34.374302 66.057686  0.000000 1.000000 0.000001  0.059662 0.478239 1 28 1.000000
0  -3.216761 -34.374302 66.057686  0.000000 1.000000 0.000001  0.059662 0.491496 1 28 1.000000
combine_gun002
0  -3.358057 -34.374298 50.696281  0.000000 1.000000 0.000000  0.297886 0.489305 1 28 1.000000
0  -4.212880 -34.374298 50.696281  0.000000 1.000000 0.000000  0.297886 0.476048 1 28 1.000000
0  -4.071584 -34.374302 66.057686  0.000000 1.000000 0.000000  0.059662 0.478239 1 28 1.000000
combine_gun002
0  -3.358057 -34.374298 50.696281  0.000000 1.000000 0.000000  0.297886 0.489305 1 28 1.000000
0  -4.212880 -34.374298 48.070095  0.000000 1.000000 0.000000  0.338613 0.476048 1 28 1.000000
0  -4.212880 -34.374298 50.696281  0.000000 1.000000 0.000000  0.297886 0.476048 1 28 1.000000
combine_gun002
0  -3.358057 -34.374298 50.696281  0.000000 1.000000 0.000000  0.297886 0.489305 1 28 1.000000
0  -3.651962 -34.374298 48.070095  0.000000 1.000000 0.000000  0.338613 0.484746 1 28 1.000000
0  -4.212880 -34.374298 48.070095  0.000000 1.000000 0.000000  0.338613 0.476048 1 28 1.000000
combine_gun002
0  -2.068907 -24.911526 69.875931  0.000000 0.975382 0.220523  0.979914 0.828802 1 28 1.000000
0  -0.927160 -24.911526 69.875931  0.000000 0.975382 0.220523  0.944952 0.828802 1 28 1.000000
0  -0.330456 -24.032473 65.987846  -0.000001 0.993828 0.110935  0.926681 0.707495 1 28 1.000000
combine_gun002
0  -2.068907 -24.911526 69.875931  0.000000 0.975382 0.220523  0.979914 0.828802 1 28 1.000000
0  -0.330456 -24.032473 65.987846  -0.000001 0.993828 0.110935  0.926681 0.707495 1 28 1.000000
0  -2.665610 -24.032473 65.987846  -0.000000 0.993830 0.110913  0.998184 0.707495 1 28 1.000000
combine_gun002
0  -0.330456 -24.032473 65.987846  -0.000001 0.993828 0.110935  0.926681 0.707495 1 28 1.000000
0  -2.152687 -24.032473 64.900604  0.000000 1.000000 -0.000001  0.982478 0.674409 1 28 1.000000
0  -2.665610 -24.032473 65.987846  -0.000000 0.993830 0.110913  0.998184 0.707495 1 28 1.000000
combine_gun002
0  -0.330456 -24.032473 65.987846  -0.000001 0.993828 0.110935  0.926681 0.707495 1 28 1.000000
0  -0.843380 -24.032473 64.900604  0.000000 1.000000 0.000003  0.942387 0.674409 1 28 1.000000
0  -2.152687 -24.032473 64.900604  0.000000 1.000000 -0.000001  0.982478 0.674409 1 28 1.000000
combine_gun002
0  -5.945413 -28.063118 37.790215  -1.000000 -0.000052 -0.000058  0.823398 0.060378 1 28 1.000000
0  -5.945413 -31.868383 50.021885  -1.000000 0.000000 0.000000  0.875780 0.228755 1 28 1.000000
0  -5.945413 -28.063118 49.657028  -1.000000 0.000000 0.000000  0.823398 0.223732 1 28 1.000000
combine_gun002
0  -5.945413 -28.063118 37.790215  -1.000000 -0.000052 -0.000058  0.823398 0.060378 1 28 1.000000
0  -5.945413 -31.868383 37.790215  -1.000000 0.000000 -0.000073  0.875780 0.060378 1 28 1.000000
0  -5.945413 -31.868383 50.021885  -1.000000 0.000000 0.000000  0.875780 0.228755 1 28 1.000000
combine_gun002
0  -5.945413 -28.063118 37.790215  -1.000000 -0.000052 -0.000058  0.823398 0.060378 1 28 1.000000
0  -5.944839 -30.088823 34.649235  -1.000000 -0.000136 -0.000095  0.851283 0.017140 1 28 1.000000
0  -5.945413 -31.868383 37.790215  -1.000000 0.000000 -0.000073  0.875780 0.060378 1 28 1.000000
combine_gun002
0  -5.945413 -28.063118 37.790215  -1.000000 -0.000052 -0.000058  0.823398 0.060378 1 28 1.000000
0  -5.945413 -28.063118 34.649235  -1.000000 0.000120 -0.000259  0.823398 0.017140 1 28 1.000000
0  -5.944839 -30.088823 34.649235  -1.000000 -0.000136 -0.000095  0.851283 0.017140 1 28 1.000000
combine_gun002
0  -1.845255 -34.804562 61.786816  0.000000 1.000000 -0.000001  0.592891 0.746655 1 28 1.000000
0  -3.266696 -34.804562 65.044052  0.000000 1.000000 0.000000  0.534395 0.729279 1 28 1.000000
0  -1.845255 -34.804562 65.044052  0.000000 1.000000 0.000000  0.537383 0.753502 1 28 1.000000
combine_gun002
0  -1.845255 -34.804562 61.786816  0.000000 1.000000 -0.000001  0.592891 0.746655 1 28 1.000000
0  -3.266696 -34.804562 61.786816  0.000000 1.000000 0.000000  0.589903 0.722433 1 28 1.000000
0  -3.266696 -34.804562 65.044052  0.000000 1.000000 0.000000  0.534395 0.729279 1 28 1.000000
combine_gun002
0  -1.845255 -34.804562 61.786816  0.000000 1.000000 -0.000001  0.592891 0.746655 1 28 1.000000
0  -3.266696 -34.804562 60.365784  0.000000 1.000000 -0.000002  0.614120 0.719446 1 28 1.000000
0  -3.266696 -34.804562 61.786816  0.000000 1.000000 0.000000  0.589903 0.722433 1 28 1.000000
combine_gun002
0  -1.845255 -34.804562 61.786816  0.000000 1.000000 -0.000001  0.592891 0.746655 1 28 1.000000
0  -2.082640 -34.804562 60.365784  0.000000 1.000000 -0.000005  0.616608 0.739624 1 28 1.000000
0  -3.266696 -34.804562 60.365784  0.000000 1.000000 -0.000002  0.614120 0.719446 1 28 1.000000
combine_gun002
0  3.116185 -30.838318 9.171512  0.000001 0.712035 -0.702144  0.032962 0.273325 1 28 1.000000
0  1.329251 -30.439064 9.576382  0.000001 0.712035 -0.702144  0.066770 0.289998 1 28 1.000000
0  1.676611 -30.185394 9.833624  0.000001 0.712036 -0.702143  0.066857 0.280087 1 28 1.000000
combine_gun002
0  3.116185 -30.838318 9.171512  0.000001 0.712035 -0.702144  0.032962 0.273325 1 28 1.000000
0  2.314941 -31.423443 8.578142  0.000004 0.712034 -0.702145  0.032762 0.296189 1 28 1.000000
0  1.329251 -30.439064 9.576382  0.000001 0.712035 -0.702144  0.066770 0.289998 1 28 1.000000
combine_gun002
0  3.116185 -30.838318 9.171512  0.000001 0.712035 -0.702144  0.032962 0.273325 1 28 1.000000
0  2.977562 -31.408646 8.593151  -0.000001 0.712036 -0.702143  0.023499 0.286728 1 28 1.000000
0  2.314941 -31.423443 8.578142  0.000004 0.712034 -0.702145  0.032762 0.296189 1 28 1.000000
combine_gun002
0  3.116185 -30.838318 9.171512  0.000001 0.712035 -0.702144  0.032962 0.273325 1 28 1.000000
0  3.121138 -31.303791 8.699478  -0.000020 0.712039 -0.702140  0.023534 0.282631 1 28 1.000000
0  2.977562 -31.408646 8.593151  -0.000001 0.712036 -0.702143  0.023499 0.286728 1 28 1.000000
combine_gun002
0  -1.845255 -35.372906 61.786816  0.996577 0.000000 -0.082665  0.271388 0.309806 1 28 1.000000
0  -1.845255 -34.804562 65.044052  1.000000 0.000000 0.000000  0.201969 0.321950 1 28 1.000000
0  -1.845255 -35.372906 65.044052  1.000000 0.000000 0.000000  0.201969 0.309806 1 28 1.000000
combine_gun002
0  -1.845255 -35.372906 61.786816  0.996577 0.000000 -0.082665  0.271388 0.309806 1 28 1.000000
0  -1.845255 -34.804562 61.786816  0.996577 0.000000 -0.082667  0.271388 0.321950 1 28 1.000000
0  -1.845255 -34.804562 65.044052  1.000000 0.000000 0.000000  0.201969 0.321950 1 28 1.000000
combine_gun002
0  -1.845255 -35.372906 61.786816  0.996577 0.000000 -0.082665  0.271388 0.309806 1 28 1.000000
0  -2.082640 -34.804562 60.365784  0.986333 0.000000 -0.164767  0.302036 0.321950 1 28 1.000000
0  -1.845255 -34.804562 61.786816  0.996577 0.000000 -0.082667  0.271388 0.321950 1 28 1.000000
combine_gun002
0  -1.845255 -35.372906 61.786816  0.996577 0.000000 -0.082665  0.271388 0.309806 1 28 1.000000
0  -2.082640 -35.372906 60.365784  0.986333 0.000000 -0.164767  0.302036 0.309806 1 28 1.000000
0  -2.082640 -34.804562 60.365784  0.986333 0.000000 -0.164767  0.302036 0.321950 1 28 1.000000
combine_gun002
0  -1.988728 -31.882469 37.410709  0.587888 0.796244 0.142769  0.040310 0.468268 1 28 1.000000
0  -4.030881 -30.803333 39.650730  0.594351 0.787637 0.162403  0.003732 0.493810 1 28 1.000000
0  -1.988728 -32.189369 38.899143  0.594350 0.787637 0.162404  0.019466 0.462454 1 28 1.000000
combine_gun002
0  -1.988728 -31.882469 37.410709  0.587888 0.796244 0.142769  0.040310 0.468268 1 28 1.000000
0  -4.030881 -30.496433 38.162292  0.587884 0.796241 0.142803  0.024576 0.499625 1 28 1.000000
0  -4.030881 -30.803333 39.650730  0.594351 0.787637 0.162403  0.003732 0.493810 1 28 1.000000
combine_gun002
0  -1.988728 -31.882469 37.410709  0.587888 0.796244 0.142769  0.040310 0.468268 1 28 1.000000
0  1.377517 -30.465893 12.263905  0.558265 0.813598 0.162474  0.401174 0.495573 1 28 1.000000
0  -4.030881 -30.496433 38.162292  0.587884 0.796241 0.142803  0.024576 0.499625 1 28 1.000000
combine_gun002
0  -1.988728 -31.882469 37.410709  0.587888 0.796244 0.142769  0.040310 0.468268 1 28 1.000000
0  3.116185 -31.658268 12.018048  0.558230 0.813633 0.162421  0.409045 0.468145 1 28 1.000000
0  1.377517 -30.465893 12.263905  0.558265 0.813598 0.162474  0.401174 0.495573 1 28 1.000000
combine_gun002
0  3.116185 -31.658268 12.018048  0.558230 0.813633 0.162421  0.409045 0.468145 1 28 1.000000
0  1.676611 -30.185394 9.833624  0.534240 0.820972 0.201477  0.435970 0.500104 1 28 1.000000
0  1.377517 -30.465893 12.263905  0.558265 0.813598 0.162474  0.401174 0.495573 1 28 1.000000
combine_gun002
0  3.116185 -31.658268 12.018048  0.558230 0.813633 0.162421  0.409045 0.468145 1 28 1.000000
0  3.116185 -30.838318 9.171512  0.534213 0.820982 0.201508  0.448881 0.481998 1 28 1.000000
0  1.676611 -30.185394 9.833624  0.534240 0.820972 0.201477  0.435970 0.500104 1 28 1.000000
combine_gun002
0  -4.030881 -30.496433 38.162292  -0.713416 0.700738 -0.001801  0.597527 0.037445 1 28 1.000000
0  -4.378241 -31.157166 39.577774  -0.720851 0.678811 0.139964  0.622919 0.045550 1 28 1.000000
0  -4.030881 -30.803333 39.650730  -0.720850 0.678812 0.139964  0.622840 0.037162 1 28 1.000000
combine_gun002
0  -4.030881 -30.496433 38.162292  -0.713416 0.700738 -0.001801  0.597527 0.037445 1 28 1.000000
0  -4.378241 -30.850266 38.089336  -0.713417 0.700737 -0.001797  0.597605 0.045834 1 28 1.000000
0  -4.378241 -31.157166 39.577774  -0.720851 0.678811 0.139964  0.622919 0.045550 1 28 1.000000
combine_gun002
0  -4.030881 -30.496433 38.162292  -0.713416 0.700738 -0.001801  0.597527 0.037445 1 28 1.000000
0  1.030157 -30.819721 12.190948  -0.679772 0.730773 -0.062295  0.162474 0.048376 1 28 1.000000
0  -4.378241 -30.850266 38.089336  -0.713417 0.700737 -0.001797  0.597605 0.045834 1 28 1.000000
combine_gun002
0  -4.030881 -30.496433 38.162292  -0.713416 0.700738 -0.001801  0.597527 0.037445 1 28 1.000000
0  1.377517 -30.465893 12.263905  -0.679778 0.730768 -0.062294  0.162396 0.039988 1 28 1.000000
0  1.030157 -30.819721 12.190948  -0.679772 0.730773 -0.062295  0.162474 0.048376 1 28 1.000000
combine_gun002
0  1.377517 -30.465893 12.263905  -0.679778 0.730768 -0.062294  0.162396 0.039988 1 28 1.000000
0  1.329251 -30.439064 9.576382  -0.663334 0.748072 0.019385  0.117987 0.047176 1 28 1.000000
0  1.030157 -30.819721 12.190948  -0.679772 0.730773 -0.062295  0.162474 0.048376 1 28 1.000000
combine_gun002
0  1.377517 -30.465893 12.263905  -0.679778 0.730768 -0.062294  0.162396 0.039988 1 28 1.000000
0  1.676611 -30.185394 9.833624  -0.663345 0.748063 0.019385  0.121188 0.039472 1 28 1.000000
0  1.329251 -30.439064 9.576382  -0.663334 0.748072 0.019385  0.117987 0.047176 1 28 1.000000
combine_gun002
0  -2.789972 -32.698643 37.242428  -0.359983 -0.924532 -0.125115  0.414492 0.422394 1 28 1.000000
0  -1.332257 -33.512276 37.507244  -0.454306 -0.872492 -0.179900  0.414738 0.398740 1 28 1.000000
0  -2.789972 -33.005543 38.730862  -0.454305 -0.872492 -0.179899  0.435248 0.417252 1 28 1.000000
combine_gun002
0  -2.789972 -32.698643 37.242428  -0.359983 -0.924532 -0.125115  0.414492 0.422394 1 28 1.000000
0  -1.332257 -33.205372 36.018806  -0.359840 -0.924595 -0.125057  0.393983 0.403881 1 28 1.000000
0  -1.332257 -33.512276 37.507244  -0.454306 -0.872492 -0.179900  0.414738 0.398740 1 28 1.000000
combine_gun002
0  2.314941 -32.474445 11.849761  -0.117033 -0.974740 -0.190226  0.050969 0.411636 1 28 1.000000
0  -1.332257 -33.205372 36.018806  -0.359840 -0.924595 -0.125057  0.393983 0.403881 1 28 1.000000
0  -2.789972 -32.698643 37.242428  -0.359983 -0.924532 -0.125115  0.414492 0.422394 1 28 1.000000
combine_gun002
0  2.314941 -32.474445 11.849761  -0.117033 -0.974740 -0.190226  0.050969 0.411636 1 28 1.000000
0  2.977562 -32.453804 11.854018  -0.117002 -0.974739 -0.190251  0.049051 0.404219 1 28 1.000000
0  -1.332257 -33.205372 36.018806  -0.359840 -0.924595 -0.125057  0.393983 0.403881 1 28 1.000000
combine_gun002
0  2.314941 -31.423443 8.578142  0.030142 -0.951732 -0.305448  0.004927 0.425951 1 28 1.000000
0  2.977562 -32.453804 11.854018  -0.117002 -0.974739 -0.190251  0.049051 0.404219 1 28 1.000000
0  2.314941 -32.474445 11.849761  -0.117033 -0.974740 -0.190226  0.050969 0.411636 1 28 1.000000
combine_gun002
0  2.314941 -31.423443 8.578142  0.030142 -0.951732 -0.305448  0.004927 0.425951 1 28 1.000000
0  2.977562 -31.408646 8.593151  0.030192 -0.951727 -0.305457  0.003163 0.418467 1 28 1.000000
0  2.977562 -32.453804 11.854018  -0.117002 -0.974739 -0.190251  0.049051 0.404219 1 28 1.000000
combine_gun002
0  3.116185 -31.658268 12.018048  0.985845 0.138225 0.094888  0.409045 0.468145 1 28 1.000000
0  3.121138 -31.303791 8.699478  0.999969 0.007560 0.002301  0.455564 0.477203 1 28 1.000000
0  3.116185 -30.838318 9.171512  0.999971 0.007328 0.002277  0.448881 0.481998 1 28 1.000000
combine_gun002
0  3.116185 -31.658268 12.018048  0.985845 0.138225 0.094888  0.409045 0.468145 1 28 1.000000
0  3.121138 -32.307549 11.884173  0.985848 0.138212 0.094871  0.411005 0.460691 1 28 1.000000
0  3.121138 -31.303791 8.699478  0.999969 0.007560 0.002301  0.455564 0.477203 1 28 1.000000
combine_gun002
0  -1.988728 -31.882469 37.410709  0.915947 0.374992 0.142905  0.040310 0.468268 1 28 1.000000
0  3.121138 -32.307549 11.884173  0.985848 0.138212 0.094871  0.411005 0.460691 1 28 1.000000
0  3.116185 -31.658268 12.018048  0.985845 0.138225 0.094888  0.409045 0.468145 1 28 1.000000
combine_gun002
0  -1.988728 -31.882469 37.410709  0.915947 0.374992 0.142905  0.040310 0.468268 1 28 1.000000
0  -1.188682 -33.059124 36.048965  0.915945 0.374995 0.142908  0.061512 0.450142 1 28 1.000000
0  3.121138 -32.307549 11.884173  0.985848 0.138212 0.094871  0.411005 0.460691 1 28 1.000000
combine_gun002
0  -1.988728 -32.189369 38.899143  0.872324 0.478855 0.098736  0.019466 0.462454 1 28 1.000000
0  -1.188682 -33.059124 36.048965  0.915945 0.374995 0.142908  0.061512 0.450142 1 28 1.000000
0  -1.988728 -31.882469 37.410709  0.915947 0.374992 0.142905  0.040310 0.468268 1 28 1.000000
combine_gun002
0  -1.988728 -32.189369 38.899143  0.872324 0.478855 0.098736  0.019466 0.462454 1 28 1.000000
0  -1.188682 -33.366028 37.537399  0.872325 0.478853 0.098737  0.040668 0.444327 1 28 1.000000
0  -1.188682 -33.059124 36.048965  0.915945 0.374995 0.142908  0.061512 0.450142 1 28 1.000000
combine_gun002
0  -10.290174 -32.094116 35.793110  -1.000000 0.000000 0.000000  0.749310 0.749261 1 28 1.000000
0  -10.290174 -31.050381 36.395710  -1.000000 0.000000 0.000000  0.737501 0.756079 1 28 1.000000
0  -10.290174 -31.491514 35.954578  -1.000000 0.000000 0.000000  0.742492 0.751088 1 28 1.000000
combine_gun002
0  -10.290174 -32.094116 35.793110  -1.000000 0.000000 0.000000  0.749310 0.749261 1 28 1.000000
0  -10.290174 -30.888914 36.998310  -1.000000 0.000002 0.000000  0.735674 0.762898 1 28 1.000000
0  -10.290174 -31.050381 36.395710  -1.000000 0.000000 0.000000  0.737501 0.756079 1 28 1.000000
combine_gun002
0  -10.290174 -32.094116 35.793110  -1.000000 0.000000 0.000000  0.749310 0.749261 1 28 1.000000
0  -10.290174 -31.050381 37.600910  -1.000000 -0.000001 0.000000  0.737501 0.769716 1 28 1.000000
0  -10.290174 -30.888914 36.998310  -1.000000 0.000002 0.000000  0.735674 0.762898 1 28 1.000000
combine_gun002
0  -10.290174 -32.094116 35.793110  -1.000000 0.000000 0.000000  0.749310 0.749261 1 28 1.000000
0  -10.290174 -31.491514 38.042049  -1.000000 -0.000000 0.000000  0.742492 0.774707 1 28 1.000000
0  -10.290174 -31.050381 37.600910  -1.000000 -0.000001 0.000000  0.737501 0.769716 1 28 1.000000
combine_gun002
0  -10.290174 -32.094116 35.793110  -1.000000 0.000000 0.000000  0.749310 0.749261 1 28 1.000000
0  -10.290174 -32.094116 38.203514  -1.000000 -0.000000 0.000000  0.749310 0.776534 1 28 1.000000
0  -10.290174 -31.491514 38.042049  -1.000000 -0.000000 0.000000  0.742492 0.774707 1 28 1.000000
combine_gun002
0  -10.290174 -32.094116 35.793110  -1.000000 0.000000 0.000000  0.749310 0.749261 1 28 1.000000
0  -10.290174 -32.696716 38.042049  -1.000000 0.000000 0.000000  0.756129 0.774707 1 28 1.000000
0  -10.290174 -32.094116 38.203514  -1.000000 -0.000000 0.000000  0.749310 0.776534 1 28 1.000000
combine_gun002
0  -10.290174 -32.094116 35.793110  -1.000000 0.000000 0.000000  0.749310 0.749261 1 28 1.000000
0  -10.290174 -33.137852 37.600910  -1.000000 0.000001 0.000000  0.761120 0.769716 1 28 1.000000
0  -10.290174 -32.696716 38.042049  -1.000000 0.000000 0.000000  0.756129 0.774707 1 28 1.000000
combine_gun002
0  -10.290174 -32.094116 35.793110  -1.000000 0.000000 0.000000  0.749310 0.749261 1 28 1.000000
0  -10.290174 -33.299316 36.998310  -1.000000 -0.000002 0.000000  0.762947 0.762898 1 28 1.000000
0  -10.290174 -33.137852 37.600910  -1.000000 0.000001 0.000000  0.761120 0.769716 1 28 1.000000
combine_gun002
0  -10.290174 -32.094116 35.793110  -1.000000 0.000000 0.000000  0.749310 0.749261 1 28 1.000000
0  -10.290174 -33.137852 36.395710  -1.000000 0.000000 0.000000  0.761120 0.756079 1 28 1.000000
0  -10.290174 -33.299316 36.998310  -1.000000 -0.000002 0.000000  0.762947 0.762898 1 28 1.000000
combine_gun002
0  -10.290174 -32.094116 35.793110  -1.000000 0.000000 0.000000  0.749310 0.749261 1 28 1.000000
0  -10.290174 -32.696716 35.954578  -1.000000 0.000000 0.000000  0.756129 0.751088 1 28 1.000000
0  -10.290174 -33.137852 36.395710  -1.000000 0.000000 0.000000  0.761120 0.756079 1 28 1.000000
combine_gun002
0  -8.626616 -25.354904 46.189251  -1.000000 0.000000 0.000000  0.736403 0.919064 1 28 1.000000
0  -8.626616 -24.311169 46.791851  -1.000000 -0.000001 0.000000  0.748289 0.925926 1 28 1.000000
0  -8.626616 -24.752302 46.350716  -1.000000 0.000002 0.000000  0.743265 0.920903 1 28 1.000000
combine_gun002
0  -8.626616 -25.354904 46.189251  -1.000000 0.000000 0.000000  0.736403 0.919064 1 28 1.000000
0  -8.626616 -24.149702 47.394455  -1.000000 -0.000000 0.000000  0.750127 0.932789 1 28 1.000000
0  -8.626616 -24.311169 46.791851  -1.000000 -0.000001 0.000000  0.748289 0.925926 1 28 1.000000
combine_gun002
0  -8.626616 -25.354904 46.189251  -1.000000 0.000000 0.000000  0.736403 0.919064 1 28 1.000000
0  -8.626616 -24.311169 47.997055  -1.000000 -0.000001 0.000000  0.748289 0.939651 1 28 1.000000
0  -8.626616 -24.149702 47.394455  -1.000000 -0.000000 0.000000  0.750127 0.932789 1 28 1.000000
combine_gun002
0  -8.626616 -25.354904 46.189251  -1.000000 0.000000 0.000000  0.736403 0.919064 1 28 1.000000
0  -8.626616 -24.752304 48.438190  -1.000000 0.000000 0.000000  0.743265 0.944675 1 28 1.000000
0  -8.626616 -24.311169 47.997055  -1.000000 -0.000001 0.000000  0.748289 0.939651 1 28 1.000000
combine_gun002
0  -8.626616 -25.354904 46.189251  -1.000000 0.000000 0.000000  0.736403 0.919064 1 28 1.000000
0  -8.626616 -25.354906 48.599655  -1.000000 -0.000000 0.000000  0.736403 0.946513 1 28 1.000000
0  -8.626616 -24.752304 48.438190  -1.000000 0.000000 0.000000  0.743265 0.944675 1 28 1.000000
combine_gun002
0  -8.626616 -25.354904 46.189251  -1.000000 0.000000 0.000000  0.736403 0.919064 1 28 1.000000
0  -8.626616 -25.957506 48.438190  -1.000000 -0.000000 0.000000  0.729540 0.944675 1 28 1.000000
0  -8.626616 -25.354906 48.599655  -1.000000 -0.000000 0.000000  0.736403 0.946513 1 28 1.000000
combine_gun002
0  -8.626616 -25.354904 46.189251  -1.000000 0.000000 0.000000  0.736403 0.919064 1 28 1.000000
0  -8.626616 -26.398642 47.997055  -1.000000 0.000001 0.000000  0.724517 0.939651 1 28 1.000000
0  -8.626616 -25.957506 48.438190  -1.000000 -0.000000 0.000000  0.729540 0.944675 1 28 1.000000
combine_gun002
0  -8.626616 -25.354904 46.189251  -1.000000 0.000000 0.000000  0.736403 0.919064 1 28 1.000000
0  -8.626616 -26.560108 47.394455  -1.000000 0.000000 0.000000  0.722678 0.932789 1 28 1.000000
0  -8.626616 -26.398642 47.997055  -1.000000 0.000001 0.000000  0.724517 0.939651 1 28 1.000000
combine_gun002
0  -8.626616 -25.354904 46.189251  -1.000000 0.000000 0.000000  0.736403 0.919064 1 28 1.000000
0  -8.626616 -26.398640 46.791851  -1.000000 0.000001 0.000000  0.724517 0.925926 1 28 1.000000
0  -8.626616 -26.560108 47.394455  -1.000000 0.000000 0.000000  0.722678 0.932789 1 28 1.000000
combine_gun002
0  -8.626616 -25.354904 46.189251  -1.000000 0.000000 0.000000  0.736403 0.919064 1 28 1.000000
0  -8.626616 -25.957506 46.350716  -1.000000 -0.000002 0.000000  0.729540 0.920903 1 28 1.000000
0  -8.626616 -26.398640 46.791851  -1.000000 0.000001 0.000000  0.724517 0.925926 1 28 1.000000
combine_gun002
0  -13.264977 -32.474445 11.849761  0.117030 -0.974742 -0.190214  0.049610 0.390279 1 28 1.000000
0  -13.927598 -31.408646 8.593151  -0.030098 -0.951760 -0.305363  0.001960 0.384423 1 28 1.000000
0  -13.264977 -31.423443 8.578142  -0.030014 -0.951757 -0.305380  0.003567 0.376949 1 28 1.000000
combine_gun002
0  -13.264977 -32.474445 11.849761  0.117030 -0.974742 -0.190214  0.049610 0.390279 1 28 1.000000
0  -13.927598 -32.453804 11.854018  0.116997 -0.974745 -0.190222  0.047849 0.397689 1 28 1.000000
0  -13.927598 -31.408646 8.593151  -0.030098 -0.951760 -0.305363  0.001960 0.384423 1 28 1.000000
combine_gun002
0  -8.160064 -32.698643 37.242428  0.359978 -0.924534 -0.125109  0.410734 0.372490 1 28 1.000000
0  -13.927598 -32.453804 11.854018  0.116997 -0.974745 -0.190222  0.047849 0.397689 1 28 1.000000
0  -13.264977 -32.474445 11.849761  0.117030 -0.974742 -0.190214  0.049610 0.390279 1 28 1.000000
combine_gun002
0  -8.160064 -32.698643 37.242428  0.359978 -0.924534 -0.125109  0.410734 0.372490 1 28 1.000000
0  -9.617778 -33.205372 36.018806  0.359864 -0.924586 -0.125054  0.390709 0.391292 1 28 1.000000
0  -13.927598 -32.453804 11.854018  0.116997 -0.974745 -0.190222  0.047849 0.397689 1 28 1.000000
combine_gun002
0  -8.160064 -33.005543 38.730862  0.454306 -0.872492 -0.179902  0.431464 0.377196 1 28 1.000000
0  -9.617778 -33.205372 36.018806  0.359864 -0.924586 -0.125054  0.390709 0.391292 1 28 1.000000
0  -8.160064 -32.698643 37.242428  0.359978 -0.924534 -0.125109  0.410734 0.372490 1 28 1.000000
combine_gun002
0  -8.160064 -33.005543 38.730862  0.454306 -0.872492 -0.179902  0.431464 0.377196 1 28 1.000000
0  -9.617778 -33.512276 37.507244  0.454307 -0.872491 -0.179901  0.411439 0.395997 1 28 1.000000
0  -9.617778 -33.205372 36.018806  0.359864 -0.924586 -0.125054  0.390709 0.391292 1 28 1.000000
combine_gun002
0  -8.961308 -31.882469 37.410709  -0.915900 0.375123 0.142863  0.037891 0.335374 1 28 1.000000
0  -9.761354 -33.366028 37.537399  -0.872324 0.478855 0.098737  0.038580 0.358596 1 28 1.000000
0  -8.961308 -32.189369 38.899143  -0.872324 0.478856 0.098736  0.017752 0.341313 1 28 1.000000
combine_gun002
0  -8.961308 -31.882469 37.410709  -0.915900 0.375123 0.142863  0.037891 0.335374 1 28 1.000000
0  -9.761354 -33.059124 36.048965  -0.915937 0.375012 0.142917  0.058719 0.352657 1 28 1.000000
0  -9.761354 -33.366028 37.537399  -0.872324 0.478855 0.098737  0.038580 0.358596 1 28 1.000000
combine_gun002
0  -14.066221 -31.658268 12.018048  -0.985845 0.138239 0.094868  0.395629 0.330225 1 28 1.000000
0  -9.761354 -33.059124 36.048965  -0.915937 0.375012 0.142917  0.058719 0.352657 1 28 1.000000
0  -8.961308 -31.882469 37.410709  -0.915900 0.375123 0.142863  0.037891 0.335374 1 28 1.000000
combine_gun002
0  -14.066221 -31.658268 12.018048  -0.985845 0.138239 0.094868  0.395629 0.330225 1 28 1.000000
0  -14.071174 -32.307549 11.884173  -0.985847 0.138234 0.094856  0.397637 0.337429 1 28 1.000000
0  -9.761354 -33.059124 36.048965  -0.915937 0.375012 0.142917  0.058719 0.352657 1 28 1.000000
combine_gun002
0  -14.066221 -30.838318 9.171512  -0.999965 0.007975 0.002493  0.434080 0.316216 1 28 1.000000
0  -14.071174 -32.307549 11.884173  -0.985847 0.138234 0.094856  0.397637 0.337429 1 28 1.000000
0  -14.066221 -31.658268 12.018048  -0.985845 0.138239 0.094868  0.395629 0.330225 1 28 1.000000
combine_gun002
0  -14.066221 -30.838318 9.171512  -0.999965 0.007975 0.002493  0.434080 0.316216 1 28 1.000000
0  -14.071174 -31.303791 8.699478  -0.999970 0.007390 0.002177  0.440632 0.320773 1 28 1.000000
0  -14.071174 -32.307549 11.884173  -0.985847 0.138234 0.094856  0.397637 0.337429 1 28 1.000000
combine_gun002
0  -4.905903 -25.957506 48.438190  1.000000 -0.000000 0.000000  0.703370 0.985322 1 28 1.000000
0  -4.905903 -24.752304 48.438190  1.000000 0.000000 0.000000  0.716913 0.985322 1 28 1.000000
0  -4.905903 -25.354906 48.599655  1.000000 0.000000 0.000000  0.710142 0.987137 1 28 1.000000
combine_gun002
0  -4.905903 -25.957506 48.438190  1.000000 -0.000000 0.000000  0.703370 0.985322 1 28 1.000000
0  -4.905903 -24.311169 47.997055  1.000000 0.000000 0.000000  0.721870 0.980365 1 28 1.000000
0  -4.905903 -24.752304 48.438190  1.000000 0.000000 0.000000  0.716913 0.985322 1 28 1.000000
combine_gun002
0  -4.905903 -25.957506 48.438190  1.000000 -0.000000 0.000000  0.703370 0.985322 1 28 1.000000
0  -4.905903 -24.149702 47.394455  1.000000 -0.000000 0.000000  0.723684 0.973594 1 28 1.000000
0  -4.905903 -24.311169 47.997055  1.000000 0.000000 0.000000  0.721870 0.980365 1 28 1.000000
combine_gun002
0  -4.905903 -25.957506 48.438190  1.000000 -0.000000 0.000000  0.703370 0.985322 1 28 1.000000
0  -4.905903 -24.311169 46.791851  1.000000 -0.000000 0.000000  0.721870 0.966823 1 28 1.000000
0  -4.905903 -24.149702 47.394455  1.000000 -0.000000 0.000000  0.723684 0.973594 1 28 1.000000
combine_gun002
0  -4.905903 -25.957506 48.438190  1.000000 -0.000000 0.000000  0.703370 0.985322 1 28 1.000000
0  -4.905903 -24.752302 46.350716  1.000000 -0.000000 0.000000  0.716913 0.961866 1 28 1.000000
0  -4.905903 -24.311169 46.791851  1.000000 -0.000000 0.000000  0.721870 0.966823 1 28 1.000000
combine_gun002
0  -4.905903 -25.957506 48.438190  1.000000 -0.000000 0.000000  0.703370 0.985322 1 28 1.000000
0  -4.905903 -25.354904 46.189251  1.000000 -0.000000 0.000000  0.710142 0.960052 1 28 1.000000
0  -4.905903 -24.752302 46.350716  1.000000 -0.000000 0.000000  0.716913 0.961866 1 28 1.000000
combine_gun002
0  -4.905903 -25.957506 48.438190  1.000000 -0.000000 0.000000  0.703370 0.985322 1 28 1.000000
0  -4.905903 -25.957506 46.350716  1.000000 0.000000 0.000000  0.703370 0.961866 1 28 1.000000
0  -4.905903 -25.354904 46.189251  1.000000 -0.000000 0.000000  0.710142 0.960052 1 28 1.000000
combine_gun002
0  -4.905903 -25.957506 48.438190  1.000000 -0.000000 0.000000  0.703370 0.985322 1 28 1.000000
0  -4.905903 -26.398640 46.791851  1.000000 0.000000 0.000000  0.698413 0.966823 1 28 1.000000
0  -4.905903 -25.957506 46.350716  1.000000 0.000000 0.000000  0.703370 0.961866 1 28 1.000000
combine_gun002
0  -4.905903 -25.957506 48.438190  1.000000 -0.000000 0.000000  0.703370 0.985322 1 28 1.000000
0  -4.905903 -26.560108 47.394455  1.000000 0.000001 0.000000  0.696599 0.973594 1 28 1.000000
0  -4.905903 -26.398640 46.791851  1.000000 0.000000 0.000000  0.698413 0.966823 1 28 1.000000
combine_gun002
0  -4.905903 -25.957506 48.438190  1.000000 -0.000000 0.000000  0.703370 0.985322 1 28 1.000000
0  -4.905903 -26.398642 47.997055  1.000000 -0.000002 0.000000  0.698413 0.980365 1 28 1.000000
0  -4.905903 -26.560108 47.394455  1.000000 0.000001 0.000000  0.696599 0.973594 1 28 1.000000
combine_gun002
0  -6.401234 -24.097725 41.517262  -1.000000 -0.000068 -0.000069  0.488706 0.565789 1 28 1.000000
0  -6.401234 -27.902992 53.602882  -1.000000 0.000000 0.000000  0.683628 0.504416 1 28 1.000000
0  -6.401234 -24.097725 51.207684  -1.000000 0.000000 0.000000  0.644997 0.565789 1 28 1.000000
combine_gun002
0  -6.401234 -24.097725 41.517262  -1.000000 -0.000068 -0.000069  0.488706 0.565789 1 28 1.000000
0  -6.401234 -27.902992 41.517262  -1.000000 0.000000 -0.000096  0.488706 0.504416 1 28 1.000000
0  -6.401234 -27.902992 53.602882  -1.000000 0.000000 0.000000  0.683628 0.504416 1 28 1.000000
combine_gun002
0  -6.401234 -24.097725 41.517262  -1.000000 -0.000068 -0.000069  0.488706 0.565789 1 28 1.000000
0  -6.400660 -26.123430 39.374859  -1.000000 -0.000102 -0.000172  0.454152 0.533118 1 28 1.000000
0  -6.401234 -27.902992 41.517262  -1.000000 0.000000 -0.000096  0.488706 0.504416 1 28 1.000000
combine_gun002
0  -6.401234 -24.097725 41.517262  -1.000000 -0.000068 -0.000069  0.488706 0.565789 1 28 1.000000
0  -6.401234 -24.097725 39.374859  -1.000000 -0.000283 0.000000  0.454152 0.565789 1 28 1.000000
0  -6.400660 -26.123430 39.374859  -1.000000 -0.000102 -0.000172  0.454152 0.533118 1 28 1.000000
combine_gun002
0  -6.821362 -23.918888 45.904598  0.000000 0.970922 0.239395  0.129087 0.179079 1 28 1.000000
0  -7.942274 -25.847097 50.876640  0.000000 0.932344 0.361573  0.061765 0.193955 1 28 1.000000
0  -6.821362 -25.847097 50.876640  0.000000 0.932344 0.361573  0.061765 0.179079 1 28 1.000000
combine_gun002
0  -6.821362 -23.918888 45.904598  0.000000 0.970922 0.239395  0.129087 0.179079 1 28 1.000000
0  -7.942274 -23.918888 45.904598  0.000000 0.970923 0.239391  0.129087 0.193955 1 28 1.000000
0  -7.942274 -25.847097 50.876640  0.000000 0.932344 0.361573  0.061765 0.193955 1 28 1.000000
combine_gun002
0  -6.821362 -23.918888 45.904598  0.000000 0.970922 0.239395  0.129087 0.179079 1 28 1.000000
0  -7.942795 -23.047327 38.260609  0.000000 0.993562 0.113285  0.231023 0.193962 1 28 1.000000
0  -7.942274 -23.918888 45.904598  0.000000 0.970923 0.239391  0.129087 0.193955 1 28 1.000000
combine_gun002
0  -6.821362 -23.918888 45.904598  0.000000 0.970922 0.239395  0.129087 0.179079 1 28 1.000000
0  -6.821883 -23.047327 38.260609  0.000000 0.993562 0.113285  0.231023 0.179086 1 28 1.000000
0  -7.942795 -23.047327 38.260609  0.000000 0.993562 0.113285  0.231023 0.193962 1 28 1.000000
combine_gun002
0  -5.381315 -23.322960 47.137642  0.000000 0.033246 0.999447  0.403727 0.914175 1 28 1.000000
0  -6.803280 -24.143478 47.164940  0.000000 0.033251 0.999447  0.356749 0.887053 1 28 1.000000
0  -5.855303 -24.143478 47.164940  0.000000 0.033251 0.999447  0.388067 0.887053 1 28 1.000000
combine_gun002
0  -5.381315 -23.322960 47.137642  0.000000 0.033246 0.999447  0.403727 0.914175 1 28 1.000000
0  -7.277268 -23.322960 47.137642  0.000000 0.033246 0.999447  0.341090 0.914175 1 28 1.000000
0  -6.803280 -24.143478 47.164940  0.000000 0.033251 0.999447  0.356749 0.887053 1 28 1.000000
combine_gun002
0  -5.381315 -23.322960 47.137642  0.000000 0.033246 0.999447  0.403727 0.914175 1 28 1.000000
0  -6.803280 -22.502443 47.110352  0.000000 0.033242 0.999447  0.356749 0.941297 1 28 1.000000
0  -7.277268 -23.322960 47.137642  0.000000 0.033246 0.999447  0.341090 0.914175 1 28 1.000000
combine_gun002
0  -5.381315 -23.322960 47.137642  0.000000 0.033246 0.999447  0.403727 0.914175 1 28 1.000000
0  -5.855303 -22.502443 47.110352  0.000000 0.033242 0.999447  0.388067 0.941297 1 28 1.000000
0  -6.803280 -22.502443 47.110352  0.000000 0.033242 0.999447  0.356749 0.941297 1 28 1.000000
combine_gun002
0  -6.821362 -27.298941 44.156662  1.000000 0.000041 -0.000021  0.270605 0.165401 1 28 1.000000
0  -6.821362 -25.847097 50.876640  1.000000 0.000000 0.000000  0.171478 0.213688 1 28 1.000000
0  -6.821362 -27.614109 46.009495  1.000000 0.000000 0.000000  0.236324 0.164970 1 28 1.000000
combine_gun002
0  -6.821362 -27.298941 44.156662  1.000000 0.000041 -0.000021  0.270605 0.165401 1 28 1.000000
0  -6.821362 -23.918888 45.904598  1.000000 0.000014 -0.000027  0.273983 0.235638 1 28 1.000000
0  -6.821362 -25.847097 50.876640  1.000000 0.000000 0.000000  0.171478 0.213688 1 28 1.000000
combine_gun002
0  -6.821362 -27.298941 44.156662  1.000000 0.000041 -0.000021  0.270605 0.165401 1 28 1.000000
0  -6.821883 -23.047327 38.260609  1.000000 0.000205 0.000059  0.411245 0.229180 1 28 1.000000
0  -6.821362 -23.918888 45.904598  1.000000 0.000014 -0.000027  0.273983 0.235638 1 28 1.000000
combine_gun002
0  -6.821362 -27.298941 44.156662  1.000000 0.000041 -0.000021  0.270605 0.165401 1 28 1.000000
0  -6.821309 -24.846672 37.330109  1.000000 -0.000200 -0.000234  0.409447 0.191789 1 28 1.000000
0  -6.821883 -23.047327 38.260609  1.000000 0.000205 0.000059  0.411245 0.229180 1 28 1.000000
combine_gun002
0  -6.124642 -24.740969 9.522453  -0.000002 -0.033245 -0.999447  0.379169 0.911377 1 28 1.000000
0  -6.124642 -24.032618 9.498892  -0.000003 -0.033244 -0.999447  0.379169 0.934792 1 28 1.000000
0  -5.920045 -24.386797 9.510670  -0.000013 -0.033244 -0.999447  0.385928 0.923084 1 28 1.000000
combine_gun002
0  -6.124642 -24.740969 9.522453  -0.000002 -0.033245 -0.999447  0.379169 0.911377 1 28 1.000000
0  -6.533836 -24.032618 9.498892  0.000003 -0.033242 -0.999447  0.365651 0.934792 1 28 1.000000
0  -6.124642 -24.032618 9.498892  -0.000003 -0.033244 -0.999447  0.379169 0.934792 1 28 1.000000
combine_gun002
0  -6.124642 -24.740969 9.522453  -0.000002 -0.033245 -0.999447  0.379169 0.911377 1 28 1.000000
0  -6.738433 -24.386797 9.510670  0.000005 -0.033243 -0.999447  0.358893 0.923084 1 28 1.000000
0  -6.533836 -24.032618 9.498892  0.000003 -0.033242 -0.999447  0.365651 0.934792 1 28 1.000000
combine_gun002
0  -6.124642 -24.740969 9.522453  -0.000002 -0.033245 -0.999447  0.379169 0.911377 1 28 1.000000
0  -6.533836 -24.740969 9.522453  0.000000 -0.033253 -0.999447  0.365651 0.911377 1 28 1.000000
0  -6.738433 -24.386797 9.510670  0.000005 -0.033243 -0.999447  0.358893 0.923084 1 28 1.000000
combine_gun002
0  -3.657075 -23.359488 35.728889  -0.000000 0.998969 0.045386  0.264335 0.137085 1 28 1.000000
0  -6.385156 -23.178452 46.791374  0.000000 0.999866 -0.016363  0.117890 0.173290 1 28 1.000000
0  -5.625108 -23.178452 46.791374  0.000000 0.999866 -0.016364  0.117890 0.163204 1 28 1.000000
combine_gun002
0  -3.657075 -23.359488 35.728889  -0.000000 0.998969 0.045386  0.264335 0.137085 1 28 1.000000
0  -8.353085 -23.359488 35.728889  -0.000000 0.998959 0.045613  0.264335 0.199407 1 28 1.000000
0  -6.385156 -23.178452 46.791374  0.000000 0.999866 -0.016363  0.117890 0.173290 1 28 1.000000
combine_gun002
0  -3.657075 -23.359488 35.728889  -0.000000 0.998969 0.045386  0.264335 0.137085 1 28 1.000000
0  -7.470887 -22.514088 27.882843  0.000000 0.999999 -0.001221  0.368929 0.187699 1 28 1.000000
0  -8.353085 -23.359488 35.728889  -0.000000 0.998959 0.045613  0.264335 0.199407 1 28 1.000000
combine_gun002
0  -3.657075 -23.359488 35.728889  -0.000000 0.998969 0.045386  0.264335 0.137085 1 28 1.000000
0  -4.539273 -22.514088 27.882843  -0.000000 0.999999 -0.001181  0.368929 0.148793 1 28 1.000000
0  -7.470887 -22.514088 27.882843  0.000000 0.999999 -0.001221  0.368929 0.187699 1 28 1.000000
combine_gun002
0  -4.539273 -22.514088 27.882843  -0.000000 0.999999 -0.001181  0.368929 0.148793 1 28 1.000000
0  -7.185869 -23.824583 15.988985  0.000000 0.993985 -0.109520  0.525546 0.183917 1 28 1.000000
0  -7.470887 -22.514088 27.882843  0.000000 0.999999 -0.001221  0.368929 0.187699 1 28 1.000000
combine_gun002
0  -4.539273 -22.514088 27.882843  -0.000000 0.999999 -0.001181  0.368929 0.148793 1 28 1.000000
0  -4.824291 -23.824583 15.988985  0.000000 0.993985 -0.109520  0.525546 0.152575 1 28 1.000000
0  -7.185869 -23.824583 15.988985  0.000000 0.993985 -0.109520  0.525546 0.183917 1 28 1.000000
combine_gun002
0  -6.844202 -22.265692 27.512693  -0.865430 0.500612 0.020467  0.339928 0.183235 1 28 1.000000
0  -7.277268 -23.322960 47.137642  -0.865766 0.500388 0.007853  0.078661 0.205465 1 28 1.000000
0  -6.803280 -22.502443 47.110352  -0.865765 0.500388 0.007853  0.078685 0.190699 1 28 1.000000
combine_gun002
0  -6.844202 -22.265692 27.512693  -0.865430 0.500612 0.020467  0.339928 0.183235 1 28 1.000000
0  -7.359165 -23.157143 27.542343  -0.865439 0.500608 0.020183  0.339902 0.195319 1 28 1.000000
0  -7.277268 -23.322960 47.137642  -0.865766 0.500388 0.007853  0.078661 0.205465 1 28 1.000000
combine_gun002
0  -6.926060 -22.219702 24.630299  -0.866001 0.499462 -0.024085  0.378346 0.183429 1 28 1.000000
0  -7.359165 -23.157143 27.542343  -0.865439 0.500608 0.020183  0.339902 0.195319 1 28 1.000000
0  -6.844202 -22.265692 27.512693  -0.865430 0.500612 0.020467  0.339928 0.183235 1 28 1.000000
combine_gun002
0  -6.926060 -22.219702 24.630299  -0.866001 0.499462 -0.024085  0.378346 0.183429 1 28 1.000000
0  -7.522882 -23.252853 24.664667  -0.865991 0.499413 -0.025410  0.378316 0.195869 1 28 1.000000
0  -7.359165 -23.157143 27.542343  -0.865439 0.500608 0.020183  0.339902 0.195319 1 28 1.000000
combine_gun002
0  -6.926060 -22.219702 24.630299  -0.866001 0.499462 -0.024085  0.378346 0.183429 1 28 1.000000
0  -6.738433 -24.386797 9.510670  -0.864176 0.496482 -0.081884  0.580869 0.209238 1 28 1.000000
0  -7.522882 -23.252853 24.664667  -0.865991 0.499413 -0.025410  0.378316 0.195869 1 28 1.000000
combine_gun002
0  -6.926060 -22.219702 24.630299  -0.866001 0.499462 -0.024085  0.378346 0.183429 1 28 1.000000
0  -6.533836 -24.032618 9.498892  -0.864176 0.496482 -0.081884  0.580879 0.200995 1 28 1.000000
0  -6.738433 -24.386797 9.510670  -0.864176 0.496482 -0.081884  0.580869 0.209238 1 28 1.000000
combine_gun002
0  -3.657075 -25.330605 35.872082  0.998548 0.047310 0.025753  0.535065 0.120065 1 28 1.000000
0  -5.625108 -23.178452 46.791374  0.983094 0.090093 0.159401  0.734042 0.060138 1 28 1.000000
0  -5.625108 -24.287525 48.385777  0.983089 0.090142 0.159407  0.765585 0.077913 1 28 1.000000
combine_gun002
0  -3.657075 -25.330605 35.872082  0.998548 0.047310 0.025753  0.535065 0.120065 1 28 1.000000
0  -3.657075 -23.359488 35.728889  0.998549 0.047300 0.025754  0.528939 0.083744 1 28 1.000000
0  -5.625108 -23.178452 46.791374  0.983094 0.090093 0.159401  0.734042 0.060138 1 28 1.000000
combine_gun002
0  -3.657075 -25.330605 35.872082  0.998548 0.047310 0.025753  0.535065 0.120065 1 28 1.000000
0  -4.539273 -22.514088 27.882843  0.997768 0.005726 -0.066528  0.383567 0.086529 1 28 1.000000
0  -3.657075 -23.359488 35.728889  0.998549 0.047300 0.025754  0.528939 0.083744 1 28 1.000000
combine_gun002
0  -3.657075 -25.330605 35.872082  0.998548 0.047310 0.025753  0.535065 0.120065 1 28 1.000000
0  -4.539273 -23.907570 27.624363  0.997770 0.005694 -0.066503  0.381222 0.112839 1 28 1.000000
0  -4.539273 -22.514088 27.882843  0.997768 0.005726 -0.066528  0.383567 0.086529 1 28 1.000000
combine_gun002
0  -4.539273 -23.907570 27.624363  0.997770 0.005694 -0.066503  0.381222 0.112839 1 28 1.000000
0  -4.824291 -23.824583 15.988985  0.999672 0.007646 -0.024430  0.065282 0.133317 1 28 1.000000
0  -4.539273 -22.514088 27.882843  0.997768 0.005726 -0.066528  0.383567 0.086529 1 28 1.000000
combine_gun002
0  -4.539273 -23.907570 27.624363  0.997770 0.005694 -0.066503  0.381222 0.112839 1 28 1.000000
0  -4.824291 -24.295176 15.663467  0.999672 0.007649 -0.024433  0.060069 0.142621 1 28 1.000000
0  -4.824291 -23.824583 15.988985  0.999672 0.007646 -0.024430  0.065282 0.133317 1 28 1.000000
combine_gun002
0  -4.871865 -26.227247 35.275154  0.999896 0.012365 0.007378  0.525635 0.137258 1 28 1.000000
0  -5.821722 -23.063580 49.098381  0.997714 0.024710 0.062902  0.776667 0.053871 1 28 1.000000
0  -5.821722 -24.988813 50.917046  0.997714 0.024727 0.062898  0.813807 0.086395 1 28 1.000000
combine_gun002
0  -4.871865 -26.227247 35.275154  0.999896 0.012365 0.007378  0.525635 0.137258 1 28 1.000000
0  -4.871865 -22.916538 35.034645  0.999896 0.012389 0.007414  0.515346 0.076252 1 28 1.000000
0  -5.821722 -23.063580 49.098381  0.997714 0.024710 0.062902  0.776667 0.053871 1 28 1.000000
combine_gun002
0  -4.871865 -26.227247 35.275154  0.999896 0.012365 0.007378  0.525635 0.137258 1 28 1.000000
0  -5.297639 -21.631506 26.429045  0.999567 0.001081 -0.029414  0.355077 0.072400 1 28 1.000000
0  -4.871865 -22.916538 35.034645  0.999896 0.012389 0.007414  0.515346 0.076252 1 28 1.000000
combine_gun002
0  -4.871865 -26.227247 35.275154  0.999896 0.012365 0.007378  0.525635 0.137258 1 28 1.000000
0  -5.297639 -23.957188 26.199087  0.999573 0.001078 -0.029213  0.354902 0.115957 1 28 1.000000
0  -5.297639 -21.631506 26.429045  0.999567 0.001081 -0.029414  0.355077 0.072400 1 28 1.000000
combine_gun002
0  -5.297639 -23.957188 26.199087  0.999573 0.001078 -0.029213  0.354902 0.115957 1 28 1.000000
0  -5.435197 -23.921610 13.095560  0.999943 0.001995 -0.010492  0.011789 0.139956 1 28 1.000000
0  -5.297639 -21.631506 26.429045  0.999567 0.001081 -0.029414  0.355077 0.072400 1 28 1.000000
combine_gun002
0  -5.297639 -23.957188 26.199087  0.999573 0.001078 -0.029213  0.354902 0.115957 1 28 1.000000
0  -5.435197 -24.697193 12.752995  0.999943 0.001947 -0.010492  0.006796 0.154948 1 28 1.000000
0  -5.435197 -23.921610 13.095560  0.999943 0.001995 -0.010492  0.011789 0.139956 1 28 1.000000
combine_gun002
0  -4.871865 -22.916538 35.034645  0.000000 0.996901 0.078664  0.273865 0.153206 1 28 1.000000
0  -6.188543 -23.063580 49.098381  0.000000 0.999945 0.010455  0.087408 0.170681 1 28 1.000000
0  -5.821722 -23.063580 49.098381  0.000000 0.999945 0.010455  0.087408 0.165813 1 28 1.000000
combine_gun002
0  -4.871865 -22.916538 35.034645  0.000000 0.996901 0.078664  0.273865 0.153206 1 28 1.000000
0  -7.138295 -22.916538 35.034645  -0.000000 0.996901 0.078660  0.273865 0.183286 1 28 1.000000
0  -6.188543 -23.063580 49.098381  0.000000 0.999945 0.010455  0.087408 0.170681 1 28 1.000000
combine_gun002
0  -4.871865 -22.916538 35.034645  0.000000 0.996901 0.078664  0.273865 0.153206 1 28 1.000000
0  -6.712521 -21.631506 26.429045  -0.000000 0.999940 -0.010944  0.388852 0.177635 1 28 1.000000
0  -7.138295 -22.916538 35.034645  -0.000000 0.996901 0.078660  0.273865 0.183286 1 28 1.000000
combine_gun002
0  -4.871865 -22.916538 35.034645  0.000000 0.996901 0.078664  0.273865 0.153206 1 28 1.000000
0  -5.297639 -21.631506 26.429045  -0.000032 0.999938 -0.011102  0.388852 0.158857 1 28 1.000000
0  -6.712521 -21.631506 26.429045  -0.000000 0.999940 -0.010944  0.388852 0.177635 1 28 1.000000
combine_gun002
0  -5.297639 -21.631506 26.429045  -0.000032 0.999938 -0.011102  0.388852 0.158857 1 28 1.000000
0  -6.574963 -23.921610 13.095560  0.000000 0.985568 -0.169277  0.563812 0.175809 1 28 1.000000
0  -6.712521 -21.631506 26.429045  -0.000000 0.999940 -0.010944  0.388852 0.177635 1 28 1.000000
combine_gun002
0  -5.297639 -21.631506 26.429045  -0.000032 0.999938 -0.011102  0.388852 0.158857 1 28 1.000000
0  -5.435197 -23.921610 13.095560  0.000000 0.985569 -0.169277  0.563812 0.160683 1 28 1.000000
0  -6.574963 -23.921610 13.095560  0.000000 0.985568 -0.169277  0.563812 0.175809 1 28 1.000000
end
