// Created by Crowbar 0.74
version 1
nodes
  0 "ValveBiped.Bip01_Spine4" -1
  1 "ValveBiped.Bip01_L_Clavicle" 0
  2 "ValveBiped.Bip01_L_UpperArm" 1
  3 "ValveBiped.Bip01_L_Forearm" 2
  4 "ValveBiped.Bip01_L_Hand" 3
  5 "ValveBiped.Bip01_L_Finger4" 4
  6 "ValveBiped.Bip01_L_Finger41" 5
  7 "ValveBiped.Bip01_L_Finger42" 6
  8 "ValveBiped.Bip01_L_Finger3" 4
  9 "ValveBiped.Bip01_L_Finger31" 8
  10 "ValveBiped.Bip01_L_Finger32" 9
  11 "ValveBiped.Bip01_L_Finger2" 4
  12 "ValveBiped.Bip01_L_Finger21" 11
  13 "ValveBiped.Bip01_L_Finger22" 12
  14 "ValveBiped.Bip01_L_Finger1" 4
  15 "ValveBiped.Bip01_L_Finger11" 14
  16 "ValveBiped.Bip01_L_Finger12" 15
  17 "ValveBiped.Bip01_L_Finger0" 4
  18 "ValveBiped.Bip01_L_Finger01" 17
  19 "ValveBiped.Bip01_L_Finger02" 18
  20 "ValveBiped.Bip01_R_Clavicle" 0
  21 "ValveBiped.Bip01_R_UpperArm" 20
  22 "ValveBiped.Bip01_R_Forearm" 21
  23 "ValveBiped.Bip01_R_Hand" 22
  24 "ValveBiped.Bip01_R_Finger4" 23
  25 "ValveBiped.Bip01_R_Finger41" 24
  26 "ValveBiped.Bip01_R_Finger42" 25
  27 "ValveBiped.Bip01_R_Finger3" 23
  28 "ValveBiped.Bip01_R_Finger31" 27
  29 "ValveBiped.Bip01_R_Finger32" 28
  30 "ValveBiped.Bip01_R_Finger2" 23
  31 "ValveBiped.Bip01_R_Finger21" 30
  32 "ValveBiped.Bip01_R_Finger22" 31
  33 "ValveBiped.Bip01_R_Finger1" 23
  34 "ValveBiped.Bip01_R_Finger11" 33
  35 "ValveBiped.Bip01_R_Finger12" 34
  36 "ValveBiped.Bip01_R_Finger0" 23
  37 "ValveBiped.Bip01_R_Finger01" 36
  38 "ValveBiped.Bip01_R_Finger02" 37
  39 "ValveBiped.Bip01" -1
  40 "ValveBiped.base" 39
end
skeleton
  time 0
    0 1.292969 -2.785156 -12.101563 -1.570781 -1.391896 -1.570809
    1 2.033349 1.000767 1.937660 2.856279 -0.086961 1.424556
    2 6.028141 0.000000 0.000000 -2.130370 -0.097778 -0.451826
    3 11.692554 0.000001 0.000002 0.000000 0.000000 -1.474983
    4 11.481674 0.000001 -0.000032 0.834812 -0.486282 1.230038
    5 3.859709 -0.142404 -1.191975 -0.372616 0.151269 -0.938030
    6 1.312555 -0.000002 0.000001 0.000000 0.000000 -1.267535
    7 0.729363 -0.000002 -0.000002 0.000000 0.000000 -1.156022
    8 3.942335 0.046767 -0.431443 -0.282544 -0.012807 -0.829971
    9 1.539097 0.000000 0.000000 0.000000 0.000000 -1.277064
    10 1.196326 -0.000002 -0.000001 0.000000 0.000000 -1.795915
    11 3.883696 -0.046765 0.431443 -0.051693 -0.018858 -0.672072
    12 1.719570 -0.000004 -0.000001 0.000000 0.000003 -1.477115
    13 1.209171 -0.000002 0.000000 0.000000 0.000004 -1.391310
    14 3.859865 -0.137947 1.332466 0.160083 -0.013795 -0.792652
    15 1.719429 0.000002 -0.000001 0.000000 0.000011 -1.578940
    16 1.099665 0.000000 0.000000 0.000000 0.000007 -1.439580
    17 0.806053 -0.348925 1.321258 -1.297467 -0.379020 -0.751559
    18 1.789780 -0.000002 0.000002 0.000000 0.000000 0.288877
    19 1.207006 0.000000 0.000000 0.000000 0.000000 0.449497
    20 2.033356 1.000772 -1.937610 -0.104119 -0.097955 -1.638025
    21 6.028144 0.000000 0.000000 -0.210271 0.491799 -2.736282
    22 11.692554 0.000001 0.000003 0.000000 0.000000 -1.282059
    23 11.481697 0.000001 0.000002 -1.215406 -0.211763 0.574409
    24 3.859678 -0.132570 1.193109 0.121614 -0.096285 -0.922066
    25 1.312557 -0.000002 0.000001 0.000000 0.000000 -0.614204
    26 0.729365 0.000002 -0.000002 0.000000 0.000000 -1.378735
    27 3.942305 0.050327 0.431044 0.052416 -0.034069 -0.893750
    28 1.539099 -0.000002 0.000000 0.000000 0.000000 -1.033169
    29 1.196321 0.000008 0.000000 0.000000 0.000000 -1.390664
    30 3.883661 -0.050323 -0.431042 0.015688 -0.124349 -0.775366
    31 1.719578 0.000004 0.000000 0.000000 -0.007974 -1.588166
    32 1.209185 0.000002 0.000000 0.000000 -0.004460 -0.914507
    33 3.859838 -0.148937 -1.331282 0.137047 0.112668 -0.145630
    34 1.719423 0.000002 0.000000 0.000000 -0.006612 -0.973834
    35 1.099667 0.000002 0.000000 0.000000 -0.004210 -1.029708
    36 0.806021 -0.359837 -1.318334 1.307340 0.325303 -0.670081
    37 1.789782 0.000000 -0.000004 0.019720 0.080233 0.520342
    38 1.206999 0.000003 0.000002 0.000000 0.000000 0.467622
    39 1.292969 -6.652344 -31.890625 1.570792 0.000003 -0.000003
    40 -7.775457 28.059662 13.991498 -0.000001 0.000000 0.000000
  time 1
    0 1.292969 -2.785156 -12.101563 -1.570781 -1.391896 -1.570809
    1 2.033349 1.000767 1.937660 2.856279 -0.086961 1.424556
    2 6.028141 0.000000 0.000000 -2.122787 -0.061986 -0.458481
    3 11.692554 0.000001 0.000002 0.000000 0.000000 -1.509719
    4 11.481674 0.000001 -0.000032 0.852001 -0.495172 1.206918
    5 3.859709 -0.142404 -1.191975 -0.357144 0.119594 -0.865554
    6 1.312555 -0.000002 0.000001 0.000000 0.000000 -1.150918
    7 0.729363 -0.000002 -0.000002 0.000000 0.000000 -1.041914
    8 3.942335 0.046767 -0.431443 -0.275844 -0.045645 -0.759746
    9 1.539097 0.000000 0.000000 0.000000 0.000000 -1.177080
    10 1.196326 -0.000002 -0.000001 0.000000 0.000000 -1.638977
    11 3.883696 -0.046765 0.431443 -0.049044 -0.063105 -0.611235
    12 1.719570 -0.000004 -0.000001 0.000000 0.000003 -1.365906
    13 1.209171 -0.000002 0.000000 0.000000 0.000004 -1.255562
    14 3.859865 -0.137947 1.332466 0.161377 -0.058749 -0.711153
    15 1.719429 0.000002 -0.000001 0.000000 0.000011 -1.446315
    16 1.099665 0.000000 0.000000 0.000000 0.000007 -1.299288
    17 0.806053 -0.348925 1.321258 -1.296846 -0.381342 -0.752374
    18 1.789780 -0.000002 0.000002 0.000000 0.000000 0.242162
    19 1.207006 0.000000 0.000000 0.000000 0.000000 0.417534
    20 2.033356 1.000772 -1.937610 -0.104119 -0.097955 -1.638025
    21 6.028144 0.000000 0.000000 -0.213267 0.490446 -2.742238
    22 11.692554 0.000001 0.000003 0.000000 0.000000 -1.267520
    23 11.481697 0.000001 0.000002 -1.208895 -0.213638 0.560110
    24 3.859678 -0.132570 1.193109 0.121614 -0.096285 -0.922066
    25 1.312557 -0.000002 0.000001 0.000000 0.000000 -0.614204
    26 0.729365 0.000002 -0.000002 0.000000 0.000000 -1.378700
    27 3.942305 0.050327 0.431044 0.052416 -0.034069 -0.893750
    28 1.539099 -0.000002 0.000000 0.000000 0.000000 -1.033145
    29 1.196321 0.000008 0.000000 0.000000 0.000000 -1.390664
    30 3.883661 -0.050323 -0.431042 0.015688 -0.124349 -0.775366
    31 1.719578 0.000004 0.000000 0.000000 -0.007974 -1.588129
    32 1.209185 0.000002 0.000000 0.000000 -0.004460 -0.914507
    33 3.859838 -0.148937 -1.331282 0.137047 0.112668 -0.145630
    34 1.719423 0.000002 0.000000 0.000000 -0.006612 -0.973834
    35 1.099667 0.000002 0.000000 0.000000 -0.004210 -1.029708
    36 0.806021 -0.359837 -1.318334 1.307340 0.325303 -0.670093
    37 1.789782 0.000000 -0.000004 0.019720 0.080233 0.520342
    38 1.206999 0.000003 0.000002 0.000000 0.000000 0.467622
    39 1.292969 -6.652344 -31.890625 1.570792 0.000003 -0.000003
    40 -7.814521 28.067475 14.065719 -0.004435 0.004314 0.004266
  time 2
    0 1.292969 -2.785156 -12.101563 -1.570781 -1.391896 -1.570809
    1 2.033349 1.000767 1.937660 2.856279 -0.086961 1.424556
    2 6.028141 0.000000 0.000000 -2.128100 -0.014466 -0.505801
    3 11.692554 0.000001 0.000002 0.000000 0.000000 -1.569209
    4 11.481674 0.000001 -0.000032 0.905289 -0.512922 1.139351
    5 3.859709 -0.142404 -1.191975 -0.322364 0.045122 -0.694425
    6 1.312555 -0.000002 0.000001 0.000000 0.000000 -0.877969
    7 0.729363 -0.000002 -0.000002 0.000000 0.000000 -0.774800
    8 3.942335 0.046767 -0.431443 -0.259641 -0.121807 -0.591520
    9 1.539097 0.000000 0.000000 0.000000 0.000000 -0.945011
    10 1.196326 -0.000002 -0.000001 0.000000 0.000000 -1.274316
    11 3.883696 -0.046765 0.431443 -0.043687 -0.165717 -0.465327
    12 1.719570 -0.000004 -0.000001 0.000000 0.000003 -1.106948
    13 1.209171 -0.000002 0.000000 0.000000 0.000004 -0.939317
    14 3.859865 -0.137947 1.332466 0.158153 -0.164166 -0.518444
    15 1.719429 0.000002 -0.000001 0.000000 0.000011 -1.135235
    16 1.099665 0.000000 0.000000 0.000000 0.000007 -0.970519
    17 0.806053 -0.348925 1.321258 -1.295386 -0.386745 -0.754291
    18 1.789780 -0.000002 0.000002 0.000000 0.000000 0.133234
    19 1.207006 0.000000 0.000000 0.000000 0.000000 0.343002
    20 2.033356 1.000772 -1.937610 -0.104119 -0.097955 -1.638025
    21 6.028144 0.000000 0.000000 -0.221298 0.486654 -2.758429
    22 11.692554 0.000001 0.000003 0.000000 0.000000 -1.228557
    23 11.481697 0.000001 0.000002 -1.191910 -0.218407 0.523023
    24 3.859678 -0.132570 1.193109 0.121614 -0.096285 -0.922066
    25 1.312557 -0.000002 0.000001 0.000000 0.000000 -0.614204
    26 0.729365 0.000002 -0.000002 0.000000 0.000000 -1.378735
    27 3.942305 0.050327 0.431044 0.052416 -0.034069 -0.893750
    28 1.539099 -0.000002 0.000000 0.000000 0.000000 -1.033145
    29 1.196321 0.000008 0.000000 0.000000 0.000000 -1.390664
    30 3.883661 -0.050323 -0.431042 0.015688 -0.124349 -0.775366
    31 1.719578 0.000004 0.000000 0.000000 -0.007974 -1.588129
    32 1.209185 0.000002 0.000000 0.000000 -0.004460 -0.914507
    33 3.859838 -0.148937 -1.331282 0.137047 0.112668 -0.145630
    34 1.719423 0.000002 0.000000 0.000000 -0.006612 -0.973834
    35 1.099667 0.000002 0.000000 0.000000 -0.004210 -1.029708
    36 0.806021 -0.359837 -1.318334 1.307340 0.325303 -0.670093
    37 1.789782 0.000000 -0.000004 0.019720 0.080233 0.520342
    38 1.206999 0.000003 0.000002 0.000000 0.000000 0.467622
    39 1.292969 -6.652344 -31.890625 1.570792 0.000003 -0.000003
    40 -7.919993 28.079194 14.253225 -0.016072 0.015532 0.015616
  time 3
    0 1.292969 -2.785156 -12.101563 -1.570781 -1.391896 -1.570809
    1 2.033349 1.000767 1.937660 2.856279 -0.086961 1.424556
    2 6.028141 0.000000 0.000000 -2.142792 0.040843 -0.583469
    3 11.692554 0.000001 0.000002 0.000000 0.000000 -1.640199
    4 11.481674 0.000001 -0.000032 0.995498 -0.521600 1.029900
    5 3.859709 -0.142404 -1.191975 -0.285979 -0.042030 -0.494587
    6 1.312555 -0.000002 0.000001 0.000000 0.000000 -0.564194
    7 0.729363 -0.000002 -0.000002 0.000000 0.000000 -0.467590
    8 3.942335 0.046767 -0.431443 -0.240274 -0.208036 -0.389373
    9 1.539097 0.000000 0.000000 0.000000 0.000000 -0.682597
    10 1.196326 -0.000002 -0.000001 0.000000 0.000000 -0.861204
    11 3.883696 -0.046765 0.431443 -0.039433 -0.281057 -0.288330
    12 1.719570 -0.000004 -0.000001 0.000000 0.000003 -0.812163
    13 1.209171 -0.000002 0.000000 0.000000 0.000004 -0.579113
    14 3.859865 -0.137947 1.332466 0.144072 -0.282310 -0.288407
    15 1.719429 0.000002 -0.000001 0.000000 0.000011 -0.776026
    16 1.099665 0.000000 0.000000 0.000000 0.000007 -0.591594
    17 0.806053 -0.348925 1.321258 -1.293719 -0.392908 -0.756496
    18 1.789780 -0.000002 0.000002 0.000000 0.000000 0.008846
    19 1.207006 0.000000 0.000000 0.000000 0.000000 0.257899
    20 2.033356 1.000772 -1.937610 -0.104119 -0.097955 -1.638025
    21 6.028144 0.000000 0.000000 -0.233536 0.480444 -2.782925
    22 11.692554 0.000001 0.000003 0.000000 0.000000 -1.170209
    23 11.481697 0.000001 0.000002 -1.166776 -0.224176 0.468645
    24 3.859678 -0.132570 1.193109 0.121614 -0.096285 -0.922066
    25 1.312557 -0.000002 0.000001 0.000000 0.000000 -0.614204
    26 0.729365 0.000002 -0.000002 0.000000 0.000000 -1.378700
    27 3.942305 0.050327 0.431044 0.052416 -0.034069 -0.893750
    28 1.539099 -0.000002 0.000000 0.000000 0.000000 -1.033169
    29 1.196321 0.000008 0.000000 0.000000 0.000000 -1.390664
    30 3.883661 -0.050323 -0.431042 0.015688 -0.124349 -0.775366
    31 1.719578 0.000004 0.000000 0.000000 -0.007974 -1.588166
    32 1.209185 0.000002 0.000000 0.000000 -0.004460 -0.914507
    33 3.859838 -0.148937 -1.331282 0.137047 0.112668 -0.145630
    34 1.719423 0.000002 0.000000 0.000000 -0.006612 -0.973834
    35 1.099667 0.000002 0.000000 0.000000 -0.004210 -1.029708
    36 0.806021 -0.359837 -1.318334 1.307340 0.325303 -0.670093
    37 1.789782 0.000000 -0.000004 0.019720 0.080233 0.520342
    38 1.206999 0.000003 0.000002 0.000000 0.000000 0.467622
    39 1.292969 -6.652344 -31.890625 1.570792 0.000003 -0.000003
    40 -8.072341 28.094820 14.526671 -0.032803 0.031639 0.032382
  time 4
    0 1.292969 -2.785156 -12.101563 -1.570781 -1.391896 -1.570809
    1 2.033349 1.000767 1.937660 2.856279 -0.086961 1.424556
    2 6.028141 0.000000 0.000000 -2.162923 0.103139 -0.682001
    3 11.692554 0.000001 0.000002 0.000000 0.000000 -1.712357
    4 11.481674 0.000001 -0.000032 1.115639 -0.499511 0.887724
    5 3.859709 -0.142404 -1.191975 -0.269812 -0.105764 -0.330249
    6 1.312555 -0.000002 0.000001 0.000000 0.000000 -0.325099
    7 0.729363 -0.000002 -0.000002 0.000000 0.000000 -0.233225
    8 3.942335 0.046767 -0.431443 -0.227750 -0.268103 -0.213811
    9 1.539097 0.000000 0.000000 0.000000 0.000000 -0.491677
    10 1.196326 -0.000002 -0.000001 0.000000 0.000000 -0.558952
    11 3.883696 -0.046765 0.431443 -0.038989 -0.362648 -0.133070
    12 1.719570 -0.000004 -0.000001 0.000000 0.000003 -0.593574
    13 1.209171 -0.000002 0.000000 0.000000 0.000004 -0.311381
    14 3.859865 -0.137947 1.332466 0.132674 -0.364704 -0.097022
    15 1.719429 0.000002 -0.000001 0.000000 0.000011 -0.499048
    16 1.099665 0.000000 0.000000 0.000000 0.000007 -0.300761
    17 0.806053 -0.348925 1.321258 -1.292452 -0.397509 -0.758162
    18 1.789780 -0.000002 0.000002 0.000000 0.000000 -0.084179
    19 1.207006 0.000000 0.000000 0.000000 0.000000 0.194261
    20 2.033356 1.000772 -1.937610 -0.104119 -0.097955 -1.638025
    21 6.028144 0.000000 0.000000 -0.249089 0.471706 -2.814468
    22 11.692554 0.000001 0.000003 0.000000 0.000000 -1.096289
    23 11.481697 0.000001 0.000002 -1.135508 -0.229373 0.401421
    24 3.859678 -0.132570 1.193109 0.121614 -0.096285 -0.922066
    25 1.312557 -0.000002 0.000001 0.000000 0.000000 -0.614204
    26 0.729365 0.000002 -0.000002 0.000000 0.000000 -1.378700
    27 3.942305 0.050327 0.431044 0.052416 -0.034069 -0.893750
    28 1.539099 -0.000002 0.000000 0.000000 0.000000 -1.033169
    29 1.196321 0.000008 0.000000 0.000000 0.000000 -1.390664
    30 3.883661 -0.050323 -0.431042 0.015688 -0.124349 -0.775366
    31 1.719578 0.000004 0.000000 0.000000 -0.007974 -1.588166
    32 1.209185 0.000002 0.000000 0.000000 -0.004460 -0.914507
    33 3.859838 -0.148937 -1.331282 0.137047 0.112668 -0.145630
    34 1.719423 0.000002 0.000000 0.000000 -0.006612 -0.973834
    35 1.099667 0.000002 0.000000 0.000000 -0.004210 -1.029708
    36 0.806021 -0.359837 -1.318334 1.307340 0.325303 -0.670093
    37 1.789782 0.000000 -0.000004 0.019720 0.080233 0.520342
    38 1.206999 0.000003 0.000002 0.000000 0.000000 0.467622
    39 1.292969 -6.652344 -31.890625 1.570792 0.000003 -0.000003
    40 -8.255941 28.110445 14.854806 -0.052877 0.050767 0.053212
  time 5
    0 1.292969 -2.785156 -12.101563 -1.570781 -1.391896 -1.570809
    1 2.033349 1.000767 1.937660 2.856279 -0.086961 1.424556
    2 6.028141 0.000000 0.000000 -2.186346 0.172117 -0.794098
    3 11.692554 0.000001 0.000002 0.000000 0.000000 -1.777217
    4 11.481674 0.000001 -0.000032 1.107006 -0.492654 0.761260
    5 3.859709 -0.142404 -1.191975 -0.338460 -0.080932 -0.193585
    6 1.312555 -0.000002 0.000001 0.000000 0.000000 -0.258933
    7 0.729363 -0.000002 -0.000002 0.000000 0.000000 -0.167030
    8 3.942335 0.046767 -0.431443 -0.248196 -0.242900 -0.039442
    9 1.539097 0.000000 0.000000 0.000000 0.000000 -0.484798
    10 1.196326 -0.000002 -0.000001 0.000000 0.000000 -0.539079
    11 3.883696 -0.046765 0.431443 -0.048086 -0.352724 0.013230
    12 1.719570 -0.000004 -0.000001 0.000000 0.000003 -0.563814
    13 1.209171 -0.000002 0.000000 0.000000 0.000004 -0.271796
    14 3.859865 -0.137947 1.332466 0.191399 -0.364632 0.008789
    15 1.719429 0.000002 -0.000001 0.000000 0.000011 -0.405980
    16 1.099665 0.000000 0.000000 0.000000 0.000007 -0.210115
    17 0.806053 -0.348925 1.321258 -1.292220 -0.398340 -0.758462
    18 1.789780 -0.000002 0.000002 0.000000 0.000000 -0.100945
    19 1.207006 0.000000 0.000000 0.000000 0.000000 0.182780
    20 2.033356 1.000772 -1.937610 -0.104119 -0.097955 -1.638025
    21 6.028144 0.000000 0.000000 -0.266937 0.460573 -2.851128
    22 11.692554 0.000001 0.000003 0.000000 0.000000 -1.010673
    23 11.481697 0.000001 0.000002 -1.100475 -0.232797 0.325936
    24 3.859678 -0.132570 1.193109 0.121614 -0.096285 -0.922066
    25 1.312557 -0.000002 0.000001 0.000000 0.000000 -0.614204
    26 0.729365 0.000002 -0.000002 0.000000 0.000000 -1.378700
    27 3.942305 0.050327 0.431044 0.052416 -0.034069 -0.893750
    28 1.539099 -0.000002 0.000000 0.000000 0.000000 -1.033169
    29 1.196321 0.000008 0.000000 0.000000 0.000000 -1.390664
    30 3.883661 -0.050323 -0.431042 0.015688 -0.124349 -0.775366
    31 1.719578 0.000004 0.000000 0.000000 -0.007974 -1.588166
    32 1.209185 0.000002 0.000000 0.000000 -0.004460 -0.914507
    33 3.859838 -0.148937 -1.331282 0.137062 0.112668 -0.145630
    34 1.719423 0.000002 0.000000 0.000000 -0.006612 -0.973834
    35 1.099667 0.000002 0.000000 0.000000 -0.004210 -1.029708
    36 0.806021 -0.359837 -1.318334 1.307340 0.325303 -0.670093
    37 1.789782 0.000000 -0.000004 0.019720 0.080233 0.520342
    38 1.206999 0.000003 0.000002 0.000000 0.000000 0.467622
    39 1.292969 -6.652344 -31.890625 1.570792 0.000003 -0.000003
    40 -8.459072 28.118258 15.210285 -0.074617 0.071236 0.076617
  time 6
    0 1.292969 -2.785156 -12.101563 -1.570781 -1.391896 -1.570809
    1 2.033349 1.000767 1.937660 2.856279 -0.086961 1.424556
    2 6.028141 0.000000 0.000000 -2.212688 0.246224 -0.913911
    3 11.692554 0.000001 0.000002 0.000000 0.000000 -1.827541
    4 11.481674 0.000001 -0.000032 1.085968 -0.475420 0.642773
    5 3.859709 -0.142404 -1.191975 -0.407287 -0.034228 -0.125806
    6 1.312555 -0.000002 0.000001 0.000000 0.000000 -0.287633
    7 0.729363 -0.000002 -0.000002 0.000000 0.000000 -0.193965
    8 3.942335 0.046767 -0.431443 -0.272177 -0.197945 0.056680
    9 1.539097 0.000000 0.000000 0.000000 0.000000 -0.549663
    10 1.196326 -0.000002 -0.000001 0.000000 0.000000 -0.633525
    11 3.883696 -0.046765 0.431443 -0.056295 -0.313199 0.088558
    12 1.719570 -0.000004 -0.000001 0.000000 0.000003 -0.618080
    13 1.209171 -0.000002 0.000000 0.000000 0.000004 -0.335368
    14 3.859865 -0.137947 1.332466 0.253143 -0.335210 0.031657
    15 1.719429 0.000002 -0.000001 0.000000 0.000011 -0.424238
    16 1.099665 0.000000 0.000000 0.000000 0.000007 -0.235722
    17 0.806053 -0.348925 1.321258 -1.292491 -0.397380 -0.758114
    18 1.789780 -0.000002 0.000002 0.000000 0.000000 -0.081602
    19 1.207006 0.000000 0.000000 0.000000 0.000000 0.196023
    20 2.033356 1.000772 -1.937610 -0.104119 -0.097955 -1.638025
    21 6.028144 0.000000 0.000000 -0.285039 0.448109 -2.889130
    22 11.692554 0.000001 0.000003 0.000000 0.000000 -0.921698
    23 11.481697 0.000001 0.000002 -1.065376 -0.233979 0.249227
    24 3.859678 -0.132570 1.193109 0.121614 -0.096285 -0.922066
    25 1.312557 -0.000002 0.000001 0.000000 0.000000 -0.614204
    26 0.729365 0.000002 -0.000002 0.000000 0.000000 -1.378700
    27 3.942305 0.050327 0.431044 0.052416 -0.034069 -0.893750
    28 1.539099 -0.000002 0.000000 0.000000 0.000000 -1.033169
    29 1.196321 0.000008 0.000000 0.000000 0.000000 -1.390664
    30 3.883661 -0.050323 -0.431042 0.015688 -0.124349 -0.775366
    31 1.719578 0.000004 0.000000 0.000000 -0.007974 -1.588129
    32 1.209185 0.000002 0.000000 0.000000 -0.004460 -0.914507
    33 3.859838 -0.148937 -1.331282 0.137047 0.112668 -0.145630
    34 1.719423 0.000002 0.000000 0.000000 -0.006612 -0.973834
    35 1.099667 0.000002 0.000000 0.000000 -0.004210 -1.029708
    36 0.806021 -0.359837 -1.318334 1.307340 0.325303 -0.670093
    37 1.789782 0.000000 -0.000004 0.019720 0.080233 0.520342
    38 1.206999 0.000003 0.000002 0.000000 0.000000 0.467622
    39 1.292969 -6.652344 -31.890625 1.570792 0.000003 -0.000003
    40 -8.666110 28.110445 15.550139 -0.095865 0.090939 0.100143
  time 7
    0 1.292969 -2.785156 -12.101563 -1.570781 -1.391896 -1.570809
    1 2.033349 1.000767 1.937660 2.856279 -0.086961 1.424556
    2 6.028141 0.000000 0.000000 -2.242272 0.322133 -1.036456
    3 11.692554 0.000001 0.000002 0.000000 0.000000 -1.857607
    4 11.481674 0.000001 -0.000032 1.150429 -0.351200 0.522292
    5 3.859709 -0.142404 -1.191975 -0.412129 -0.024377 -0.141070
    6 1.312555 -0.000002 0.000001 0.000000 0.000000 -0.314336
    7 0.729363 -0.000002 -0.000002 0.000000 0.000000 -0.220119
    8 3.942335 0.046767 -0.431443 -0.274730 -0.189424 0.040130
    9 1.539097 0.000000 0.000000 0.000000 0.000000 -0.571903
    10 1.196326 -0.000002 -0.000001 0.000000 0.000000 -0.668562
    11 3.883696 -0.046765 0.431443 -0.056020 -0.303516 0.073076
    12 1.719570 -0.000004 -0.000001 0.000000 0.000003 -0.643129
    13 1.209171 -0.000002 0.000000 0.000000 0.000004 -0.365989
    14 3.859865 -0.137947 1.332466 0.257314 -0.326305 0.010715
    15 1.719429 0.000002 -0.000001 0.000000 0.000011 -0.454852
    16 1.099665 0.000000 0.000000 0.000000 0.000007 -0.267932
    17 0.806053 -0.348925 1.321258 -1.292633 -0.396864 -0.757923
    18 1.789780 -0.000002 0.000002 0.000000 0.000000 -0.071032
    19 1.207006 0.000000 0.000000 0.000000 0.000000 0.203249
    20 2.033356 1.000772 -1.937610 -0.104119 -0.097955 -1.638025
    21 6.028144 0.000000 0.000000 -0.296512 0.439526 -2.913877
    22 11.692554 0.000001 0.000003 0.000000 0.000000 -0.857728
    23 11.481697 0.000001 0.000002 -1.039777 -0.233735 0.191459
    24 3.859678 -0.132570 1.193109 0.121614 -0.096285 -0.922066
    25 1.312557 -0.000002 0.000001 0.000000 0.000000 -0.614204
    26 0.729365 0.000002 -0.000002 0.000000 0.000000 -1.378700
    27 3.942305 0.050327 0.431044 0.052416 -0.034069 -0.893750
    28 1.539099 -0.000002 0.000000 0.000000 0.000000 -1.033169
    29 1.196321 0.000008 0.000000 0.000000 0.000000 -1.390664
    30 3.883661 -0.050323 -0.431042 0.015688 -0.124349 -0.775366
    31 1.719578 0.000004 0.000000 0.000000 -0.007974 -1.588166
    32 1.209185 0.000002 0.000000 0.000000 -0.004460 -0.914507
    33 3.859838 -0.148937 -1.331282 0.137047 0.112668 -0.145630
    34 1.719423 0.000002 0.000000 0.000000 -0.006612 -0.973834
    35 1.099667 0.000002 0.000000 0.000000 -0.004210 -1.029708
    36 0.806021 -0.359837 -1.318334 1.307340 0.325303 -0.670093
    37 1.789782 0.000000 -0.000004 0.019720 0.080233 0.520342
    38 1.206999 0.000003 0.000002 0.000000 0.000000 0.467622
    39 1.292969 -6.652344 -31.890625 1.570792 0.000003 -0.000003
    40 -8.834083 28.059662 15.761083 -0.111649 0.104985 0.117041
  time 8
    0 1.292969 -2.785156 -12.101563 -1.570781 -1.391896 -1.570809
    1 2.033349 1.000767 1.937660 2.856279 -0.086961 1.424556
    2 6.028141 0.000000 0.000000 -2.274800 0.394881 -1.156462
    3 11.692554 0.000001 0.000002 0.000000 0.000000 -1.863328
    4 11.481674 0.000001 -0.000032 1.160631 -0.195151 0.445241
    5 3.859709 -0.142404 -1.191975 -0.416515 -0.014717 -0.157508
    6 1.312555 -0.000002 0.000001 0.000000 0.000000 -0.341646
    7 0.729363 -0.000002 -0.000002 0.000000 0.000000 -0.246803
    8 3.942335 0.046767 -0.431443 -0.277139 -0.181059 0.022203
    9 1.539097 0.000000 0.000000 0.000000 0.000000 -0.594268
    10 1.196326 -0.000002 -0.000001 0.000000 0.000000 -0.703891
    11 3.883696 -0.046765 0.431443 -0.055684 -0.293856 0.056499
    12 1.719570 -0.000004 -0.000001 0.000000 0.000003 -0.668448
    13 1.209171 -0.000002 0.000000 0.000000 0.000004 -0.396968
    14 3.859865 -0.137947 1.332466 0.260921 -0.317293 -0.010984
    15 1.719429 0.000002 -0.000001 0.000000 0.000011 -0.486246
    16 1.099665 0.000000 0.000000 0.000000 0.000007 -0.300980
    17 0.806053 -0.348925 1.321258 -1.292775 -0.396334 -0.757731
    18 1.789780 -0.000002 0.000002 0.000000 0.000000 -0.060294
    19 1.207006 0.000000 0.000000 0.000000 0.000000 0.210596
    20 2.033356 1.000772 -1.937610 -0.104119 -0.097955 -1.638025
    21 6.028144 0.000000 0.000000 -0.297468 0.438839 -2.916142
    22 11.692554 0.000001 0.000003 0.000000 0.000000 -0.844159
    23 11.481697 0.000001 0.000002 -1.032978 -0.234326 0.175394
    24 3.859678 -0.132570 1.193109 0.121614 -0.096285 -0.922066
    25 1.312557 -0.000002 0.000001 0.000000 0.000000 -0.614204
    26 0.729365 0.000002 -0.000002 0.000000 0.000000 -1.378700
    27 3.942305 0.050327 0.431044 0.052416 -0.034069 -0.893750
    28 1.539099 -0.000002 0.000000 0.000000 0.000000 -1.033169
    29 1.196321 0.000008 0.000000 0.000000 0.000000 -1.390664
    30 3.883661 -0.050323 -0.431042 0.015688 -0.124349 -0.775366
    31 1.719578 0.000004 0.000000 0.000000 -0.007974 -1.588129
    32 1.209185 0.000002 0.000000 0.000000 -0.004460 -0.914507
    33 3.859838 -0.148937 -1.331282 0.137047 0.112668 -0.145630
    34 1.719423 0.000002 0.000000 0.000000 -0.006612 -0.973834
    35 1.099667 0.000002 0.000000 0.000000 -0.004210 -1.029708
    36 0.806021 -0.359837 -1.318334 1.307340 0.325303 -0.670093
    37 1.789782 0.000000 -0.000004 0.019720 0.080233 0.520342
    38 1.206999 0.000003 0.000002 0.000000 0.000000 0.467622
    39 1.292969 -6.652344 -31.890625 1.570792 0.000003 -0.000003
    40 -8.892679 27.997161 15.788428 -0.115940 0.108916 0.121404
  time 9
    0 1.292969 -2.785156 -12.101563 -1.570781 -1.391896 -1.570809
    1 2.033349 1.000767 1.937660 2.856279 -0.086961 1.424556
    2 6.028141 0.000000 0.000000 -2.308501 0.458979 -1.268045
    3 11.692554 0.000001 0.000002 0.000000 0.000000 -1.843187
    4 11.481674 0.000001 -0.000032 1.153755 -0.118386 0.419964
    5 3.859709 -0.142404 -1.191975 -0.420446 -0.005273 -0.175075
    6 1.312555 -0.000002 0.000001 0.000000 0.000000 -0.369462
    7 0.729363 -0.000002 -0.000002 0.000000 0.000000 -0.274071
    8 3.942335 0.046767 -0.431443 -0.279404 -0.172874 0.002979
    9 1.539097 0.000000 0.000000 0.000000 0.000000 -0.616759
    10 1.196326 -0.000002 -0.000001 0.000000 0.000000 -0.739428
    11 3.883696 -0.046765 0.431443 -0.055300 -0.284232 0.038890
    12 1.719570 -0.000004 -0.000001 0.000000 0.000003 -0.694073
    13 1.209171 -0.000002 0.000000 0.000000 0.000004 -0.428341
    14 3.859865 -0.137947 1.332466 0.263977 -0.308161 -0.033370
    15 1.719429 0.000002 -0.000001 0.000000 0.000011 -0.518382
    16 1.099665 0.000000 0.000000 0.000000 0.000007 -0.334758
    17 0.806053 -0.348925 1.321258 -1.292918 -0.395789 -0.757539
    18 1.789780 -0.000002 0.000002 0.000000 0.000000 -0.049412
    19 1.207006 0.000000 0.000000 0.000000 0.000000 0.218038
    20 2.033356 1.000772 -1.937610 -0.104119 -0.097955 -1.638025
    21 6.028144 0.000000 0.000000 -0.297978 0.438573 -2.917569
    22 11.692554 0.000001 0.000003 0.000000 0.000000 -0.837181
    23 11.481697 0.000001 0.000002 -1.029878 -0.234571 0.167618
    24 3.859678 -0.132570 1.193109 0.121614 -0.096285 -0.922066
    25 1.312557 -0.000002 0.000001 0.000000 0.000000 -0.614204
    26 0.729365 0.000002 -0.000002 0.000000 0.000000 -1.378735
    27 3.942305 0.050327 0.431044 0.052416 -0.034069 -0.893750
    28 1.539099 -0.000002 0.000000 0.000000 0.000000 -1.033145
    29 1.196321 0.000008 0.000000 0.000000 0.000000 -1.390664
    30 3.883661 -0.050323 -0.431042 0.015688 -0.124349 -0.775366
    31 1.719578 0.000004 0.000000 0.000000 -0.007974 -1.588129
    32 1.209185 0.000002 0.000000 0.000000 -0.004460 -0.914507
    33 3.859838 -0.148937 -1.331282 0.137047 0.112668 -0.145630
    34 1.719423 0.000002 0.000000 0.000000 -0.006612 -0.973834
    35 1.099667 0.000002 0.000000 0.000000 -0.004210 -1.029708
    36 0.806021 -0.359837 -1.318334 1.307340 0.325303 -0.670093
    37 1.789782 0.000000 -0.000004 0.019720 0.080233 0.520342
    38 1.206999 0.000003 0.000002 0.000000 0.000000 0.467622
    39 1.292969 -6.652344 -31.890625 1.570792 0.000003 -0.000003
    40 -8.927836 27.969816 15.804053 -0.117701 0.110402 0.123178
  time 10
    0 1.292969 -2.785156 -12.101563 -1.570781 -1.391896 -1.570809
    1 2.033349 1.000767 1.937660 2.856279 -0.086961 1.424556
    2 6.028141 0.000000 0.000000 -2.340081 0.510214 -1.365066
    3 11.692554 0.000001 0.000002 0.000000 0.000000 -1.798818
    4 11.481674 0.000001 -0.000032 1.147514 -0.119023 0.419516
    5 3.859709 -0.142404 -1.191975 -0.423946 0.003931 -0.193723
    6 1.312555 -0.000002 0.000001 0.000000 0.000000 -0.397782
    7 0.729363 -0.000002 -0.000002 0.000000 0.000000 -0.301840
    8 3.942335 0.046767 -0.431443 -0.281513 -0.164880 -0.017516
    9 1.539097 0.000000 0.000000 0.000000 0.000000 -0.639375
    10 1.196326 -0.000002 -0.000001 0.000000 0.000000 -0.775215
    11 3.883696 -0.046765 0.431443 -0.054881 -0.274645 0.020311
    12 1.719570 -0.000004 -0.000001 0.000000 0.000003 -0.719969
    13 1.209171 -0.000002 0.000000 0.000000 0.000004 -0.460037
    14 3.859865 -0.137947 1.332466 0.266470 -0.298921 -0.056376
    15 1.719429 0.000002 -0.000001 0.000000 0.000011 -0.551186
    16 1.099665 0.000000 0.000000 0.000000 0.000007 -0.369192
    17 0.806053 -0.348925 1.321258 -1.293073 -0.395244 -0.757347
    18 1.789780 -0.000002 0.000002 0.000000 0.000000 -0.038410
    19 1.207006 0.000000 0.000000 0.000000 0.000000 0.225577
    20 2.033356 1.000772 -1.937610 -0.104119 -0.097955 -1.638025
    21 6.028144 0.000000 0.000000 -0.298361 0.438462 -2.918659
    22 11.692554 0.000001 0.000003 0.000000 0.000000 -0.832722
    23 11.481697 0.000001 0.000002 -1.028726 -0.234448 0.163003
    24 3.859678 -0.132570 1.193109 0.121614 -0.096285 -0.922066
    25 1.312557 -0.000002 0.000001 0.000000 0.000000 -0.614204
    26 0.729365 0.000002 -0.000002 0.000000 0.000000 -1.378735
    27 3.942305 0.050327 0.431044 0.052416 -0.034069 -0.893750
    28 1.539099 -0.000002 0.000000 0.000000 0.000000 -1.033145
    29 1.196321 0.000008 0.000000 0.000000 0.000000 -1.390664
    30 3.883661 -0.050323 -0.431042 0.015688 -0.124349 -0.775366
    31 1.719578 0.000004 0.000000 0.000000 -0.007974 -1.588129
    32 1.209185 0.000002 0.000000 0.000000 -0.004460 -0.914507
    33 3.859838 -0.148937 -1.331282 0.137047 0.112668 -0.145630
    34 1.719423 0.000002 0.000000 0.000000 -0.006612 -0.973834
    35 1.099667 0.000002 0.000000 0.000000 -0.004210 -1.029708
    36 0.806021 -0.359837 -1.318334 1.307340 0.325303 -0.670093
    37 1.789782 0.000000 -0.000004 0.019720 0.080233 0.520342
    38 1.206999 0.000003 0.000002 0.000000 0.000000 0.467622
    39 1.292969 -6.652344 -31.890625 1.570792 0.000003 -0.000003
    40 -8.951275 27.950284 15.811866 -0.118624 0.110977 0.123993
  time 11
    0 1.292969 -2.785156 -12.101563 -1.570781 -1.391896 -1.570809
    1 2.033349 1.000767 1.937660 2.856279 -0.086961 1.424556
    2 6.028141 0.000000 0.000000 -2.365999 0.546699 -1.442477
    3 11.692554 0.000001 0.000002 0.000000 0.000000 -1.735125
    4 11.481674 0.000001 -0.000032 1.130138 -0.120783 0.418417
    5 3.859709 -0.142404 -1.191975 -0.426990 0.012883 -0.213408
    6 1.312555 -0.000002 0.000001 0.000000 0.000000 -0.426532
    7 0.729363 -0.000002 -0.000002 0.000000 0.000000 -0.330054
    8 3.942335 0.046767 -0.431443 -0.283467 -0.157066 -0.039177
    9 1.539097 0.000000 0.000000 0.000000 0.000000 -0.662054
    10 1.196326 -0.000002 -0.000001 0.000000 0.000000 -0.811169
    11 3.883696 -0.046765 0.431443 -0.054414 -0.265093 0.000823
    12 1.719570 -0.000004 -0.000001 0.000000 0.000003 -0.746068
    13 1.209171 -0.000002 0.000000 0.000000 0.000004 -0.492020
    14 3.859865 -0.137947 1.332466 0.268424 -0.289561 -0.079949
    15 1.719429 0.000002 -0.000001 0.000000 0.000011 -0.584620
    16 1.099665 0.000000 0.000000 0.000000 0.000007 -0.404247
    17 0.806053 -0.348925 1.321258 -1.293228 -0.394700 -0.757144
    18 1.789780 -0.000002 0.000002 0.000000 0.000000 -0.027264
    19 1.207006 0.000000 0.000000 0.000000 0.000000 0.233187
    20 2.033356 1.000772 -1.937610 -0.104119 -0.097955 -1.638025
    21 6.028144 0.000000 0.000000 -0.298616 0.438462 -2.919414
    22 11.692554 0.000001 0.000003 0.000000 0.000000 -0.829750
    23 11.481697 0.000001 0.000002 -1.028106 -0.234530 0.160326
    24 3.859678 -0.132570 1.193109 0.121614 -0.096285 -0.922066
    25 1.312557 -0.000002 0.000001 0.000000 0.000000 -0.614204
    26 0.729365 0.000002 -0.000002 0.000000 0.000000 -1.378700
    27 3.942305 0.050327 0.431044 0.052416 -0.034069 -0.893750
    28 1.539099 -0.000002 0.000000 0.000000 0.000000 -1.033145
    29 1.196321 0.000008 0.000000 0.000000 0.000000 -1.390664
    30 3.883661 -0.050323 -0.431042 0.015688 -0.124349 -0.775366
    31 1.719578 0.000004 0.000000 0.000000 -0.007974 -1.588129
    32 1.209185 0.000002 0.000000 0.000000 -0.004460 -0.914507
    33 3.859838 -0.148937 -1.331282 0.137047 0.112668 -0.145630
    34 1.719423 0.000002 0.000000 0.000000 -0.006612 -0.973834
    35 1.099667 0.000002 0.000000 0.000000 -0.004210 -1.029708
    36 0.806021 -0.359837 -1.318334 1.307340 0.325303 -0.670093
    37 1.789782 0.000000 -0.000004 0.019720 0.080233 0.520342
    38 1.206999 0.000003 0.000002 0.000000 0.000000 0.467622
    39 1.292969 -6.652344 -31.890625 1.570792 0.000003 -0.000003
    40 -8.966900 27.942471 15.819679 -0.119092 0.111169 0.124340
  time 12
    0 1.292969 -2.785156 -12.101563 -1.570781 -1.391896 -1.570809
    1 2.033349 1.000767 1.937660 2.856279 -0.086961 1.424556
    2 6.028141 0.000000 0.000000 -2.383934 0.569100 -1.497673
    3 11.692554 0.000001 0.000002 0.000000 0.000000 -1.661449
    4 11.481674 0.000001 -0.000032 1.103382 -0.123453 0.416749
    5 3.859709 -0.142404 -1.191975 -0.429614 0.021548 -0.234083
    6 1.312555 -0.000002 0.000001 0.000000 0.000000 -0.455712
    7 0.729363 -0.000002 -0.000002 0.000000 0.000000 -0.358657
    8 3.942335 0.046767 -0.431443 -0.285276 -0.149456 -0.061923
    9 1.539097 0.000000 0.000000 0.000000 0.000000 -0.684796
    10 1.196326 -0.000002 -0.000001 0.000000 0.000000 -0.847289
    11 3.883696 -0.046765 0.431443 -0.053934 -0.255565 -0.019510
    12 1.719570 -0.000004 -0.000001 0.000000 0.000003 -0.772370
    13 1.209171 -0.000002 0.000000 0.000000 0.000004 -0.524290
    14 3.859865 -0.137947 1.332466 0.269838 -0.280093 -0.104054
    15 1.719429 0.000002 -0.000001 0.000000 0.000011 -0.618612
    16 1.099665 0.000000 0.000000 0.000000 0.000007 -0.439885
    17 0.806053 -0.348925 1.321258 -1.293383 -0.394141 -0.756940
    18 1.789780 -0.000002 0.000002 0.000000 0.000000 -0.016023
    19 1.207006 0.000000 0.000000 0.000000 0.000000 0.240881
    20 2.033356 1.000772 -1.937610 -0.104119 -0.097955 -1.638025
    21 6.028144 0.000000 0.000000 -0.298807 0.438506 -2.920085
    22 11.692554 0.000001 0.000003 0.000000 0.000000 -0.827811
    23 11.481697 0.000001 0.000002 -1.027907 -0.234611 0.158787
    24 3.859678 -0.132570 1.193109 0.121614 -0.096285 -0.922066
    25 1.312557 -0.000002 0.000001 0.000000 0.000000 -0.614204
    26 0.729365 0.000002 -0.000002 0.000000 0.000000 -1.378700
    27 3.942305 0.050327 0.431044 0.052416 -0.034057 -0.893750
    28 1.539099 -0.000002 0.000000 0.000000 0.000000 -1.033169
    29 1.196321 0.000008 0.000000 0.000000 0.000000 -1.390664
    30 3.883661 -0.050323 -0.431042 0.015688 -0.124349 -0.775366
    31 1.719578 0.000004 0.000000 0.000000 -0.007974 -1.588129
    32 1.209185 0.000002 0.000000 0.000000 -0.004460 -0.914507
    33 3.859838 -0.148937 -1.331282 0.137047 0.112668 -0.145630
    34 1.719423 0.000002 0.000000 0.000000 -0.006612 -0.973834
    35 1.099667 0.000002 0.000000 0.000000 -0.004210 -1.029708
    36 0.806021 -0.359837 -1.318334 1.307340 0.325303 -0.670093
    37 1.789782 0.000000 -0.000004 0.019720 0.080233 0.520342
    38 1.206999 0.000003 0.000002 0.000000 0.000000 0.467622
    39 1.292969 -6.652344 -31.890625 1.570792 0.000003 -0.000003
    40 -8.978619 27.938565 15.823585 -0.119283 0.111121 0.124436
  time 13
    0 1.292969 -2.785156 -12.101563 -1.570781 -1.391896 -1.570809
    1 2.033349 1.000767 1.937660 2.856279 -0.086961 1.424556
    2 6.028141 0.000000 0.000000 -2.393737 0.580189 -1.530849
    3 11.692554 0.000001 0.000002 0.000000 0.000000 -1.593553
    4 11.481674 0.000001 -0.000032 1.068741 -0.126821 0.414632
    5 3.859709 -0.142404 -1.191975 -0.431796 0.029937 -0.255678
    6 1.312555 -0.000002 0.000001 0.000000 0.000000 -0.485270
    7 0.729363 -0.000002 -0.000002 0.000000 0.000000 -0.387678
    8 3.942335 0.046767 -0.431443 -0.286942 -0.142061 -0.085729
    9 1.539097 0.000000 0.000000 0.000000 0.000000 -0.707601
    10 1.196326 -0.000002 -0.000001 0.000000 0.000000 -0.883534
    11 3.883696 -0.046765 0.431443 -0.053443 -0.246097 -0.040649
    12 1.719570 -0.000004 -0.000001 0.000000 0.000003 -0.798842
    13 1.209171 -0.000002 0.000000 0.000000 0.000004 -0.556775
    14 3.859865 -0.137947 1.332466 0.270701 -0.270529 -0.128642
    15 1.719429 0.000002 -0.000001 0.000000 0.000011 -0.653160
    16 1.099665 0.000000 0.000000 0.000000 0.000007 -0.475998
    17 0.806053 -0.348925 1.321258 -1.293525 -0.393567 -0.756736
    18 1.789780 -0.000002 0.000002 0.000000 0.000000 -0.004673
    19 1.207006 0.000000 0.000000 0.000000 0.000000 0.248647
    20 2.033356 1.000772 -1.937610 -0.104119 -0.097955 -1.638025
    21 6.028144 0.000000 0.000000 -0.298871 0.438573 -2.920589
    22 11.692554 0.000001 0.000003 0.000000 0.000000 -0.826648
    23 11.481697 0.000001 0.000002 -1.027951 -0.234693 0.158075
    24 3.859678 -0.132570 1.193109 0.121614 -0.096285 -0.922066
    25 1.312557 -0.000002 0.000001 0.000000 0.000000 -0.614204
    26 0.729365 0.000002 -0.000002 0.000000 0.000000 -1.378700
    27 3.942305 0.050327 0.431044 0.052416 -0.034069 -0.893750
    28 1.539099 -0.000002 0.000000 0.000000 0.000000 -1.033145
    29 1.196321 0.000008 0.000000 0.000000 0.000000 -1.390664
    30 3.883661 -0.050323 -0.431042 0.015688 -0.124349 -0.775366
    31 1.719578 0.000004 0.000000 0.000000 -0.007974 -1.588129
    32 1.209185 0.000002 0.000000 0.000000 -0.004460 -0.914507
    33 3.859838 -0.148937 -1.331282 0.137047 0.112668 -0.145630
    34 1.719423 0.000002 0.000000 0.000000 -0.006612 -0.973834
    35 1.099667 0.000002 0.000000 0.000000 -0.004210 -1.029708
    36 0.806021 -0.359837 -1.318334 1.307340 0.325303 -0.670093
    37 1.789782 0.000000 -0.000004 0.019720 0.080233 0.520342
    38 1.206999 0.000003 0.000002 0.000000 0.000000 0.467622
    39 1.292969 -6.652344 -31.890625 1.570792 0.000003 -0.000003
    40 -8.986432 27.934659 15.827492 -0.119271 0.110929 0.124412
  time 14
    0 1.292969 -2.785156 -12.101563 -1.570781 -1.391896 -1.570809
    1 2.033349 1.000767 1.937660 2.856279 -0.086961 1.424556
    2 6.028141 0.000000 0.000000 -2.397005 0.583599 -1.542873
    3 11.692554 0.000001 0.000002 0.000000 0.000000 -1.560393
    4 11.481674 0.000001 -0.000032 1.027448 -0.130796 0.412149
    5 3.859709 -0.142404 -1.191975 -0.433545 0.038015 -0.278148
    6 1.312555 -0.000002 0.000001 0.000000 0.000000 -0.515157
    7 0.729363 -0.000002 -0.000002 0.000000 0.000000 -0.417005
    8 3.942335 0.046767 -0.431443 -0.288452 -0.134870 -0.110514
    9 1.539097 0.000000 0.000000 0.000000 0.000000 -0.730406
    10 1.196326 -0.000002 -0.000001 0.000000 0.000000 -0.919905
    11 3.883696 -0.046765 0.431443 -0.052939 -0.236654 -0.062490
    12 1.719570 -0.000004 -0.000001 0.000000 0.000003 -0.825484
    13 1.209171 -0.000002 0.000000 0.000000 0.000004 -0.589475
    14 3.859865 -0.137947 1.332466 0.271036 -0.260858 -0.153642
    15 1.719429 0.000002 -0.000001 0.000000 0.000011 -0.688153
    16 1.099665 0.000000 0.000000 0.000000 0.000007 -0.512584
    17 0.806053 -0.348925 1.321258 -1.293680 -0.393008 -0.756532
    18 1.789780 -0.000002 0.000002 0.000000 0.000000 0.006748
    19 1.207006 0.000000 0.000000 0.000000 0.000000 0.256461
    20 2.033356 1.000772 -1.937610 -0.104119 -0.097955 -1.638025
    21 6.028144 0.000000 0.000000 -0.298934 0.438683 -2.920924
    22 11.692554 0.000001 0.000003 0.000000 0.000000 -0.826002
    23 11.481697 0.000001 0.000002 -1.028106 -0.234795 0.157961
    24 3.859678 -0.132570 1.193109 0.121614 -0.096285 -0.922066
    25 1.312557 -0.000002 0.000001 0.000000 0.000000 -0.614204
    26 0.729365 0.000002 -0.000002 0.000000 0.000000 -1.378700
    27 3.942305 0.050327 0.431044 0.052416 -0.034069 -0.893750
    28 1.539099 -0.000002 0.000000 0.000000 0.000000 -1.033169
    29 1.196321 0.000008 0.000000 0.000000 0.000000 -1.390664
    30 3.883661 -0.050323 -0.431042 0.015688 -0.124349 -0.775366
    31 1.719578 0.000004 0.000000 0.000000 -0.007974 -1.588166
    32 1.209185 0.000002 0.000000 0.000000 -0.004460 -0.914507
    33 3.859838 -0.148937 -1.331282 0.137047 0.112668 -0.145630
    34 1.719423 0.000002 0.000000 0.000000 -0.006612 -0.973834
    35 1.099667 0.000002 0.000000 0.000000 -0.004210 -1.029708
    36 0.806021 -0.359837 -1.318334 1.307340 0.325303 -0.670093
    37 1.789782 0.000000 -0.000004 0.019720 0.080233 0.520342
    38 1.206999 0.000003 0.000002 0.000000 0.000000 0.467622
    39 1.292969 -6.652344 -31.890625 1.570792 0.000003 -0.000003
    40 -8.990338 27.934659 15.831398 -0.119116 0.110738 0.124316
  time 15
    0 1.292969 -2.785156 -12.101563 -1.570781 -1.391896 -1.570809
    1 2.033349 1.000767 1.937660 2.856279 -0.086961 1.424556
    2 6.028141 0.000000 0.000000 -2.396182 0.581742 -1.545605
    3 11.692554 0.000001 0.000002 0.000000 0.000000 -1.560860
    4 11.481674 0.000001 -0.000032 0.980700 -0.135286 0.409381
    5 3.859709 -0.142404 -1.191975 -0.434888 0.045769 -0.301424
    6 1.312555 -0.000002 0.000001 0.000000 0.000000 -0.545347
    7 0.729363 -0.000002 -0.000002 0.000000 0.000000 -0.446638
    8 3.942335 0.046767 -0.431443 -0.289807 -0.127895 -0.136146
    9 1.539097 0.000000 0.000000 0.000000 0.000000 -0.753274
    10 1.196326 -0.000002 -0.000001 0.000000 0.000000 -0.956316
    11 3.883696 -0.046765 0.431443 -0.052436 -0.227270 -0.084992
    12 1.719570 -0.000004 -0.000001 0.000000 0.000003 -0.852261
    13 1.209171 -0.000002 0.000000 0.000000 0.000004 -0.622319
    14 3.859865 -0.137947 1.332466 0.270845 -0.251090 -0.179020
    15 1.719429 0.000002 -0.000001 0.000000 0.000011 -0.723554
    16 1.099665 0.000000 0.000000 0.000000 0.000007 -0.549609
    17 0.806053 -0.348925 1.321258 -1.293835 -0.392435 -0.756329
    18 1.789780 -0.000002 0.000002 0.000000 0.000000 0.018241
    19 1.207006 0.000000 0.000000 0.000000 0.000000 0.264335
    20 2.033356 1.000772 -1.937610 -0.104119 -0.097955 -1.638025
    21 6.028144 0.000000 0.000000 -0.298934 0.438772 -2.921092
    22 11.692554 0.000001 0.000003 0.000000 0.000000 -0.825937
    23 11.481697 0.000001 0.000002 -1.028549 -0.235060 0.158588
    24 3.859678 -0.132570 1.193109 0.121614 -0.096285 -0.922066
    25 1.312557 -0.000002 0.000001 0.000000 0.000000 -0.614204
    26 0.729365 0.000002 -0.000002 0.000000 0.000000 -1.378700
    27 3.942305 0.050327 0.431044 0.052416 -0.034057 -0.893750
    28 1.539099 -0.000002 0.000000 0.000000 0.000000 -1.033169
    29 1.196321 0.000008 0.000000 0.000000 0.000000 -1.390664
    30 3.883661 -0.050323 -0.431042 0.015688 -0.124349 -0.775366
    31 1.719578 0.000004 0.000000 0.000000 -0.007974 -1.588129
    32 1.209185 0.000002 0.000000 0.000000 -0.004460 -0.914507
    33 3.859838 -0.148937 -1.331282 0.137047 0.112668 -0.145630
    34 1.719423 0.000002 0.000000 0.000000 -0.006612 -0.973834
    35 1.099667 0.000002 0.000000 0.000000 -0.004210 -1.029708
    36 0.806021 -0.359837 -1.318334 1.307340 0.325303 -0.670093
    37 1.789782 0.000000 -0.000004 0.019720 0.080233 0.520342
    38 1.206999 0.000003 0.000002 0.000000 0.000000 0.467622
    39 1.292969 -6.652344 -31.890625 1.570792 0.000003 -0.000003
    40 -8.994245 27.934659 15.831398 -0.118876 0.110498 0.124196
  time 16
    0 1.292969 -2.785156 -12.101563 -1.570781 -1.391896 -1.570809
    1 2.033349 1.000767 1.937660 2.856279 -0.086961 1.424556
    2 6.028141 0.000000 0.000000 -2.393662 0.576058 -1.553385
    3 11.692554 0.000001 0.000002 0.000000 0.000000 -1.562787
    4 11.481674 0.000001 -0.000032 0.929504 -0.140232 0.406329
    5 3.859709 -0.142404 -1.191975 -0.435798 0.053187 -0.325460
    6 1.312555 -0.000002 0.000001 0.000000 0.000000 -0.575790
    7 0.729363 -0.000002 -0.000002 0.000000 0.000000 -0.476494
    8 3.942335 0.046767 -0.431443 -0.291005 -0.121136 -0.162599
    9 1.539097 0.000000 0.000000 0.000000 0.000000 -0.776110
    10 1.196326 -0.000002 -0.000001 0.000000 0.000000 -0.992770
    11 3.883696 -0.046765 0.431443 -0.051933 -0.217922 -0.108092
    12 1.719570 -0.000004 -0.000001 0.000000 0.000003 -0.879106
    13 1.209171 -0.000002 0.000000 0.000000 0.000004 -0.655306
    14 3.859865 -0.137947 1.332466 0.270137 -0.241251 -0.204707
    15 1.719429 0.000002 -0.000001 0.000000 0.000011 -0.759327
    16 1.099665 0.000000 0.000000 0.000000 0.000007 -0.586925
    17 0.806053 -0.348925 1.321258 -1.294003 -0.391862 -0.756125
    18 1.789780 -0.000002 0.000002 0.000000 0.000000 0.029807
    19 1.207006 0.000000 0.000000 0.000000 0.000000 0.272245
    20 2.033356 1.000772 -1.937610 -0.104119 -0.097955 -1.638025
    21 6.028144 0.000000 0.000000 -0.298934 0.438861 -2.921176
    22 11.692554 0.000001 0.000003 0.000000 0.000000 -0.826196
    23 11.481697 0.000001 0.000002 -1.028616 -0.235019 0.158987
    24 3.859678 -0.132570 1.193109 0.121614 -0.096285 -0.922066
    25 1.312557 -0.000002 0.000001 0.000000 0.000000 -0.614204
    26 0.729365 0.000002 -0.000002 0.000000 0.000000 -1.378735
    27 3.942305 0.050327 0.431044 0.052416 -0.034069 -0.893750
    28 1.539099 -0.000002 0.000000 0.000000 0.000000 -1.033145
    29 1.196321 0.000008 0.000000 0.000000 0.000000 -1.390664
    30 3.883661 -0.050323 -0.431042 0.015688 -0.124349 -0.775366
    31 1.719578 0.000004 0.000000 0.000000 -0.007974 -1.588129
    32 1.209185 0.000002 0.000000 0.000000 -0.004460 -0.914507
    33 3.859838 -0.148937 -1.331282 0.137047 0.112668 -0.145630
    34 1.719423 0.000002 0.000000 0.000000 -0.006612 -0.973834
    35 1.099667 0.000002 0.000000 0.000000 -0.004210 -1.029708
    36 0.806021 -0.359837 -1.318334 1.307340 0.325303 -0.670093
    37 1.789782 0.000000 -0.000004 0.019720 0.080233 0.520342
    38 1.206999 0.000003 0.000002 0.000000 0.000000 0.467622
    39 1.292969 -6.652344 -31.890625 1.570792 0.000003 -0.000003
    40 -8.994245 27.938565 15.831398 -0.118552 0.110306 0.124088
  time 17
    0 1.292969 -2.785156 -12.101563 -1.570781 -1.391896 -1.570809
    1 2.033349 1.000767 1.937660 2.856279 -0.086961 1.424556
    2 6.028141 0.000000 0.000000 -2.389197 0.566494 -1.565440
    3 11.692554 0.000001 0.000002 0.000000 0.000000 -1.567107
    4 11.481674 0.000001 -0.000032 0.874871 -0.145542 0.403072
    5 3.859709 -0.142404 -1.191975 -0.436314 0.060282 -0.350141
    6 1.312555 -0.000002 0.000001 0.000000 0.000000 -0.606435
    7 0.729363 -0.000002 -0.000002 0.000000 0.000000 -0.506572
    8 3.942335 0.046767 -0.431443 -0.292048 -0.114616 -0.189794
    9 1.539097 0.000000 0.000000 0.000000 0.000000 -0.798946
    10 1.196326 -0.000002 -0.000001 0.000000 0.000000 -1.029224
    11 3.883696 -0.046765 0.431443 -0.051453 -0.208622 -0.131708
    12 1.719570 -0.000004 -0.000001 0.000000 0.000003 -0.906018
    13 1.209171 -0.000002 0.000000 0.000000 0.000004 -0.688401
    14 3.859865 -0.137947 1.332466 0.268939 -0.231328 -0.230670
    15 1.719429 0.000002 -0.000001 0.000000 0.000011 -0.795396
    16 1.099665 0.000000 0.000000 0.000000 0.000007 -0.624569
    17 0.806053 -0.348925 1.321258 -1.294158 -0.391288 -0.755921
    18 1.789780 -0.000002 0.000002 0.000000 0.000000 0.041408
    19 1.207006 0.000000 0.000000 0.000000 0.000000 0.280178
    20 2.033356 1.000772 -1.937610 -0.104119 -0.097955 -1.638025
    21 6.028144 0.000000 0.000000 -0.298934 0.438950 -2.921176
    22 11.692554 0.000001 0.000003 0.000000 0.000000 -0.826842
    23 11.481697 0.000001 0.000002 -1.028881 -0.235141 0.159955
    24 3.859678 -0.132570 1.193109 0.121614 -0.096285 -0.922066
    25 1.312557 -0.000002 0.000001 0.000000 0.000000 -0.614204
    26 0.729365 0.000002 -0.000002 0.000000 0.000000 -1.378700
    27 3.942305 0.050327 0.431044 0.052416 -0.034069 -0.893750
    28 1.539099 -0.000002 0.000000 0.000000 0.000000 -1.033169
    29 1.196321 0.000008 0.000000 0.000000 0.000000 -1.390664
    30 3.883661 -0.050323 -0.431042 0.015688 -0.124349 -0.775366
    31 1.719578 0.000004 0.000000 0.000000 -0.007974 -1.588129
    32 1.209185 0.000002 0.000000 0.000000 -0.004460 -0.914507
    33 3.859838 -0.148937 -1.331282 0.137047 0.112668 -0.145630
    34 1.719423 0.000002 0.000000 0.000000 -0.006612 -0.973834
    35 1.099667 0.000002 0.000000 0.000000 -0.004210 -1.029708
    36 0.806021 -0.359837 -1.318334 1.307340 0.325303 -0.670093
    37 1.789782 0.000000 -0.000004 0.019720 0.080233 0.520342
    38 1.206999 0.000003 0.000002 0.000000 0.000000 0.467622
    39 1.292969 -6.652344 -31.890625 1.570792 0.000003 -0.000003
    40 -8.994245 27.942471 15.831398 -0.118205 0.110114 0.123993
  time 18
    0 1.292969 -2.785156 -12.101563 -1.570781 -1.391896 -1.570809
    1 2.033349 1.000767 1.937660 2.856279 -0.086961 1.424556
    2 6.028141 0.000000 0.000000 -2.382512 0.553020 -1.580678
    3 11.692554 0.000001 0.000002 0.000000 0.000000 -1.574580
    4 11.481674 0.000001 -0.000032 0.817659 -0.151155 0.399613
    5 3.859709 -0.142404 -1.191975 -0.436410 0.067042 -0.375466
    6 1.312555 -0.000002 0.000001 0.000000 0.000000 -0.637231
    7 0.729363 -0.000002 -0.000002 0.000000 0.000000 -0.536817
    8 3.942335 0.046767 -0.431443 -0.292946 -0.108313 -0.217625
    9 1.539097 0.000000 0.000000 0.000000 0.000000 -0.821751
    10 1.196326 -0.000002 -0.000001 0.000000 0.000000 -1.065677
    11 3.883696 -0.046765 0.431443 -0.050998 -0.199382 -0.155778
    12 1.719570 -0.000004 -0.000001 0.000000 0.000003 -0.932965
    13 1.209171 -0.000002 0.000000 0.000000 0.000004 -0.721531
    14 3.859865 -0.137947 1.332466 0.267261 -0.221332 -0.256839
    15 1.719429 0.000002 -0.000001 0.000000 0.000011 -0.831725
    16 1.099665 0.000000 0.000000 0.000000 0.000007 -0.662396
    17 0.806053 -0.348925 1.321258 -1.294313 -0.390715 -0.755717
    18 1.789780 -0.000002 0.000002 0.000000 0.000000 0.053033
    19 1.207006 0.000000 0.000000 0.000000 0.000000 0.288136
    20 2.033356 1.000772 -1.937610 -0.104119 -0.097955 -1.638025
    21 6.028144 0.000000 0.000000 -0.298871 0.438994 -2.921092
    22 11.692554 0.000001 0.000003 0.000000 0.000000 -0.827747
    23 11.481697 0.000001 0.000002 -1.028926 -0.235467 0.161266
    24 3.859678 -0.132570 1.193109 0.121614 -0.096285 -0.922066
    25 1.312557 -0.000002 0.000001 0.000000 0.000000 -0.614204
    26 0.729365 0.000002 -0.000002 0.000000 0.000000 -1.378700
    27 3.942305 0.050327 0.431044 0.052416 -0.034069 -0.893750
    28 1.539099 -0.000002 0.000000 0.000000 0.000000 -1.033169
    29 1.196321 0.000008 0.000000 0.000000 0.000000 -1.390664
    30 3.883661 -0.050323 -0.431042 0.015688 -0.124349 -0.775366
    31 1.719578 0.000004 0.000000 0.000000 -0.007974 -1.588129
    32 1.209185 0.000002 0.000000 0.000000 -0.004460 -0.914507
    33 3.859838 -0.148937 -1.331282 0.137047 0.112668 -0.145630
    34 1.719423 0.000002 0.000000 0.000000 -0.006612 -0.973834
    35 1.099667 0.000002 0.000000 0.000000 -0.004210 -1.029708
    36 0.806021 -0.359837 -1.318334 1.307340 0.325303 -0.670093
    37 1.789782 0.000000 -0.000004 0.019720 0.080233 0.520342
    38 1.206999 0.000003 0.000002 0.000000 0.000000 0.467622
    39 1.292969 -6.652344 -31.890625 1.570792 0.000003 -0.000003
    40 -8.990338 27.946378 15.827492 -0.117833 0.109970 0.123921
  time 19
    0 1.292969 -2.785156 -12.101563 -1.570781 -1.391896 -1.570809
    1 2.033349 1.000767 1.937660 2.856279 -0.086961 1.424556
    2 6.028141 0.000000 0.000000 -2.373382 0.535498 -1.597587
    3 11.692554 0.000001 0.000002 0.000000 0.000000 -1.586373
    4 11.481674 0.000001 -0.000032 0.758841 -0.157041 0.396031
    5 3.859709 -0.142404 -1.191975 -0.436122 0.073441 -0.401321
    6 1.312555 -0.000002 0.000001 0.000000 0.000000 -0.668154
    7 0.729363 -0.000002 -0.000002 0.000000 0.000000 -0.567202
    8 3.942335 0.046767 -0.431443 -0.293678 -0.102224 -0.246011
    9 1.539097 0.000000 0.000000 0.000000 0.000000 -0.844493
    10 1.196326 -0.000002 -0.000001 0.000000 0.000000 -1.102047
    11 3.883696 -0.046765 0.431443 -0.050567 -0.190201 -0.180241
    12 1.719570 -0.000004 -0.000001 0.000000 0.000003 -0.959945
    13 1.209171 -0.000002 0.000000 0.000000 0.000004 -0.754697
    14 3.859865 -0.137947 1.332466 0.265104 -0.211289 -0.283180
    15 1.719429 0.000002 -0.000001 0.000000 0.000011 -0.868240
    16 1.099665 0.000000 0.000000 0.000000 0.000007 -0.700442
    17 0.806053 -0.348925 1.321258 -1.294468 -0.390142 -0.755502
    18 1.789780 -0.000002 0.000002 0.000000 0.000000 0.064682
    19 1.207006 0.000000 0.000000 0.000000 0.000000 0.296106
    20 2.033356 1.000772 -1.937610 -0.104119 -0.097955 -1.638025
    21 6.028144 0.000000 0.000000 -0.298743 0.439038 -2.920840
    22 11.692554 0.000001 0.000003 0.000000 0.000000 -0.828910
    23 11.481697 0.000001 0.000002 -1.029324 -0.235345 0.162433
    24 3.859678 -0.132570 1.193109 0.121614 -0.096285 -0.922066
    25 1.312557 -0.000002 0.000001 0.000000 0.000000 -0.614204
    26 0.729365 0.000002 -0.000002 0.000000 0.000000 -1.378700
    27 3.942305 0.050327 0.431044 0.052416 -0.034069 -0.893750
    28 1.539099 -0.000002 0.000000 0.000000 0.000000 -1.033169
    29 1.196321 0.000008 0.000000 0.000000 0.000000 -1.390664
    30 3.883661 -0.050323 -0.431042 0.015688 -0.124349 -0.775366
    31 1.719578 0.000004 0.000000 0.000000 -0.007974 -1.588129
    32 1.209185 0.000002 0.000000 0.000000 -0.004460 -0.914507
    33 3.859838 -0.148937 -1.331282 0.137047 0.112668 -0.145630
    34 1.719423 0.000002 0.000000 0.000000 -0.006612 -0.973834
    35 1.099667 0.000002 0.000000 0.000000 -0.004210 -1.029708
    36 0.806021 -0.359837 -1.318334 1.307340 0.325303 -0.670093
    37 1.789782 0.000000 -0.000004 0.019720 0.080233 0.520342
    38 1.206999 0.000003 0.000002 0.000000 0.000000 0.467622
    39 1.292969 -6.652344 -31.890625 1.570792 0.000003 -0.000003
    40 -8.982525 27.954190 15.827492 -0.117474 0.109875 0.123885
  time 20
    0 1.292969 -2.785156 -12.101563 -1.570781 -1.391896 -1.570809
    1 2.033349 1.000767 1.937660 2.856279 -0.086961 1.424556
    2 6.028141 0.000000 0.000000 -2.361683 0.513901 -1.614368
    3 11.692554 0.000001 0.000002 0.000000 0.000000 -1.603945
    4 11.481674 0.000001 -0.000032 0.699387 -0.163140 0.392327
    5 3.859709 -0.142404 -1.191975 -0.435451 0.079518 -0.427636
    6 1.312555 -0.000002 0.000001 0.000000 0.000000 -0.699153
    7 0.729363 -0.000002 -0.000002 0.000000 0.000000 -0.597642
    8 3.942335 0.046767 -0.431443 -0.294265 -0.096364 -0.274900
    9 1.539097 0.000000 0.000000 0.000000 0.000000 -0.867173
    10 1.196326 -0.000002 -0.000001 0.000000 0.000000 -1.138376
    11 3.883696 -0.046765 0.431443 -0.050171 -0.181069 -0.205033
    12 1.719570 -0.000004 -0.000001 0.000000 0.000003 -0.986892
    13 1.209171 -0.000002 0.000000 0.000000 0.000004 -0.787828
    14 3.859865 -0.137947 1.332466 0.262503 -0.201198 -0.309642
    15 1.719429 0.000002 -0.000001 0.000000 0.000011 -0.904903
    16 1.099665 0.000000 0.000000 0.000000 0.000007 -0.738597
    17 0.806053 -0.348925 1.321258 -1.294624 -0.389554 -0.755298
    18 1.789780 -0.000002 0.000002 0.000000 0.000000 0.076343
    19 1.207006 0.000000 0.000000 0.000000 0.000000 0.304076
    20 2.033356 1.000772 -1.937610 -0.104119 -0.097955 -1.638025
    21 6.028144 0.000000 0.000000 -0.298679 0.439038 -2.920505
    22 11.692554 0.000001 0.000003 0.000000 0.000000 -0.830267
    23 11.481697 0.000001 0.000002 -1.029479 -0.235386 0.163858
    24 3.859678 -0.132570 1.193109 0.121614 -0.096285 -0.922066
    25 1.312557 -0.000002 0.000001 0.000000 0.000000 -0.614204
    26 0.729365 0.000002 -0.000002 0.000000 0.000000 -1.378700
    27 3.942305 0.050327 0.431044 0.052416 -0.034069 -0.893750
    28 1.539099 -0.000002 0.000000 0.000000 0.000000 -1.033145
    29 1.196321 0.000008 0.000000 0.000000 0.000000 -1.390693
    30 3.883661 -0.050323 -0.431042 0.015688 -0.124349 -0.775366
    31 1.719578 0.000004 0.000000 0.000000 -0.007974 -1.588129
    32 1.209185 0.000002 0.000000 0.000000 -0.004460 -0.914507
    33 3.859838 -0.148937 -1.331282 0.137047 0.112668 -0.145630
    34 1.719423 0.000002 0.000000 0.000000 -0.006612 -0.973834
    35 1.099667 0.000002 0.000000 0.000000 -0.004210 -1.029708
    36 0.806021 -0.359837 -1.318334 1.307340 0.325303 -0.670093
    37 1.789782 0.000000 -0.000004 0.019720 0.080233 0.520342
    38 1.206999 0.000003 0.000002 0.000000 0.000000 0.467622
    39 1.292969 -6.652344 -31.890625 1.570792 0.000003 -0.000003
    40 -8.978619 27.958097 15.823585 -0.117150 0.109827 0.123885
  time 21
    0 1.292969 -2.785156 -12.101563 -1.570781 -1.391896 -1.570809
    1 2.033349 1.000767 1.937660 2.856279 -0.086961 1.424556
    2 6.028141 0.000000 0.000000 -2.347490 0.487923 -1.628770
    3 11.692554 0.000001 0.000002 0.000000 0.000000 -1.628990
    4 11.481674 0.000001 -0.000032 0.640269 -0.169421 0.388541
    5 3.859709 -0.142404 -1.191975 -0.434396 0.085258 -0.454343
    6 1.312555 -0.000002 0.000001 0.000000 0.000000 -0.730177
    7 0.729363 -0.000002 -0.000002 0.000000 0.000000 -0.628109
    8 3.942335 0.046767 -0.431443 -0.294708 -0.090719 -0.304187
    9 1.539097 0.000000 0.000000 0.000000 0.000000 -0.889758
    10 1.196326 -0.000002 -0.000001 0.000000 0.000000 -1.174580
    11 3.883696 -0.046765 0.431443 -0.049812 -0.172009 -0.230074
    12 1.719570 -0.000004 -0.000001 0.000000 0.000003 -1.013805
    13 1.209171 -0.000002 0.000000 0.000000 0.000004 -0.820958
    14 3.859865 -0.137947 1.332466 0.259483 -0.191083 -0.336172
    15 1.719429 0.000002 -0.000001 0.000000 0.000011 -0.941603
    16 1.099665 0.000000 0.000000 0.000000 0.000007 -0.776825
    17 0.806053 -0.348925 1.321258 -1.294779 -0.388981 -0.755094
    18 1.789780 -0.000002 0.000002 0.000000 0.000000 0.087992
    19 1.207006 0.000000 0.000000 0.000000 0.000000 0.312045
    20 2.033356 1.000772 -1.937610 -0.104119 -0.097955 -1.638025
    21 6.028144 0.000000 0.000000 -0.298552 0.439016 -2.920169
    22 11.692554 0.000001 0.000003 0.000000 0.000036 -0.832141
    23 11.481697 0.000001 0.000002 -1.029922 -0.235386 0.165795
    24 3.859678 -0.132570 1.193109 0.121614 -0.096285 -0.922066
    25 1.312557 -0.000002 0.000001 0.000000 0.000000 -0.614204
    26 0.729365 0.000002 -0.000002 0.000000 0.000000 -1.378700
    27 3.942305 0.050327 0.431044 0.052416 -0.034069 -0.893750
    28 1.539099 -0.000002 0.000000 0.000000 0.000000 -1.033145
    29 1.196321 0.000008 0.000000 0.000000 0.000000 -1.390664
    30 3.883661 -0.050323 -0.431042 0.015688 -0.124349 -0.775366
    31 1.719578 0.000004 0.000000 0.000000 -0.007974 -1.588129
    32 1.209185 0.000002 0.000000 0.000000 -0.004460 -0.914507
    33 3.859838 -0.148937 -1.331282 0.137047 0.112668 -0.145630
    34 1.719423 0.000002 0.000000 0.000000 -0.006612 -0.973834
    35 1.099667 0.000002 0.000000 0.000000 -0.004210 -1.029708
    36 0.806021 -0.359837 -1.318334 1.307340 0.325303 -0.670093
    37 1.789782 0.000000 -0.000004 0.019720 0.080233 0.520342
    38 1.206999 0.000003 0.000002 0.000000 0.000000 0.467622
    39 1.292969 -6.652344 -31.890625 1.570792 0.000003 -0.000003
    40 -8.966900 27.965910 15.819679 -0.116886 0.109827 0.123921
  time 22
    0 1.292969 -2.785156 -12.101563 -1.570781 -1.391896 -1.570809
    1 2.033349 1.000767 1.937660 2.856279 -0.086961 1.424556
    2 6.028141 0.000000 0.000000 -2.331001 0.456928 -1.638061
    3 11.692554 0.000001 0.000002 0.000000 0.000000 -1.663142
    4 11.481674 0.000001 -0.000032 0.582534 -0.175823 0.384715
    5 3.859709 -0.142404 -1.191975 -0.432982 0.090663 -0.481348
    6 1.312555 -0.000002 0.000001 0.000000 0.000000 -0.761200
    7 0.729363 -0.000002 -0.000002 0.000000 0.000000 -0.658605
    8 3.942335 0.046767 -0.431443 -0.294996 -0.085278 -0.333792
    9 1.539097 0.000000 0.000000 0.000000 0.000000 -0.912248
    10 1.196326 -0.000002 -0.000001 0.000000 0.000000 -1.210616
    11 3.883696 -0.046765 0.431443 -0.049488 -0.163020 -0.255321
    12 1.719570 -0.000004 -0.000001 0.000000 0.000003 -1.040649
    13 1.209171 -0.000002 0.000000 0.000000 0.000004 -0.853981
    14 3.859865 -0.137947 1.332466 0.256056 -0.180944 -0.362719
    15 1.719429 0.000002 -0.000001 0.000000 0.000011 -0.978378
    16 1.099665 0.000000 0.000000 0.000000 0.000007 -0.815053
    17 0.806053 -0.348925 1.321258 -1.294934 -0.388408 -0.754890
    18 1.789780 -0.000002 0.000002 0.000000 0.000000 0.099605
    19 1.207006 0.000000 0.000000 0.000000 0.000000 0.320003
    20 2.033356 1.000772 -1.937610 -0.104119 -0.097955 -1.638025
    21 6.028144 0.000000 0.000000 -0.298679 0.438462 -2.919750
    22 11.692554 0.000001 0.000003 0.000000 0.000060 -0.832916
    23 11.481697 0.000001 0.000002 -1.015440 -0.242948 0.164200
    24 3.859678 -0.132570 1.193109 0.121614 -0.096285 -0.922066
    25 1.312557 -0.000002 0.000001 0.000000 0.000000 -0.614204
    26 0.729365 0.000002 -0.000002 0.000000 0.000000 -1.378700
    27 3.942305 0.050327 0.431044 0.052416 -0.034057 -0.893750
    28 1.539099 -0.000002 0.000000 0.000000 0.000000 -1.033169
    29 1.196321 0.000008 0.000000 0.000000 0.000000 -1.390664
    30 3.883661 -0.050323 -0.431042 0.015688 -0.124349 -0.775366
    31 1.719578 0.000004 0.000000 0.000000 -0.007974 -1.588166
    32 1.209185 0.000002 0.000000 0.000000 -0.004460 -0.914507
    33 3.859838 -0.148937 -1.331282 0.137062 0.112668 -0.145630
    34 1.719423 0.000002 0.000000 0.000000 -0.006612 -0.973834
    35 1.099667 0.000002 0.000000 0.000000 -0.004210 -1.029708
    36 0.806021 -0.359837 -1.318334 1.307340 0.325303 -0.670093
    37 1.789782 0.000000 -0.000004 0.019720 0.080233 0.520342
    38 1.206999 0.000003 0.000002 0.000000 0.000000 0.467622
    39 1.292969 -6.652344 -31.890625 1.570792 0.000003 -0.000003
    40 -8.959087 27.969816 15.815772 -0.115280 0.120805 0.136445
  time 23
    0 1.292969 -2.785156 -12.101563 -1.570781 -1.391896 -1.570809
    1 2.033349 1.000767 1.937660 2.856279 -0.086961 1.424556
    2 6.028141 0.000000 0.000000 -2.312567 0.419389 -1.638575
    3 11.692554 0.000001 0.000002 0.000000 0.000000 -1.707745
    4 11.481674 0.000001 -0.000032 0.527453 -0.182256 0.380848
    5 3.859709 -0.142404 -1.191975 -0.431232 0.095757 -0.508630
    6 1.312555 -0.000002 0.000001 0.000000 0.000000 -0.792174
    7 0.729363 -0.000002 -0.000002 0.000000 0.000000 -0.689017
    8 3.942335 0.046767 -0.431443 -0.295140 -0.080053 -0.363608
    9 1.539097 0.000000 0.000000 0.000000 0.000000 -0.934613
    10 1.196326 -0.000002 -0.000001 0.000000 0.000000 -1.246487
    11 3.883696 -0.046765 0.431443 -0.049212 -0.154092 -0.280692
    12 1.719570 -0.000004 -0.000001 0.000000 0.000003 -1.067359
    13 1.209171 -0.000002 0.000000 0.000000 0.000004 -0.886896
    14 3.859865 -0.137947 1.332466 0.252256 -0.170805 -0.389249
    15 1.719429 0.000002 -0.000001 0.000000 0.000011 -1.015078
    16 1.099665 0.000000 0.000000 0.000000 0.000007 -0.853245
    17 0.806053 -0.348925 1.321258 -1.295089 -0.387834 -0.754687
    18 1.789780 -0.000002 0.000002 0.000000 0.000000 0.111194
    19 1.207006 0.000000 0.000000 0.000000 0.000000 0.327925
    20 2.033356 1.000772 -1.937610 -0.104119 -0.097955 -1.638025
    21 6.028144 0.000000 0.000000 -0.298807 0.437929 -2.919330
    22 11.692554 0.000001 0.000003 0.000000 0.000000 -0.833562
    23 11.481697 0.000001 0.000002 -1.002374 -0.249246 0.162206
    24 3.859678 -0.132570 1.193109 0.121614 -0.096285 -0.922066
    25 1.312557 -0.000002 0.000001 0.000000 0.000000 -0.614204
    26 0.729365 0.000002 -0.000002 0.000000 0.000000 -1.378700
    27 3.942305 0.050327 0.431044 0.052416 -0.034069 -0.893750
    28 1.539099 -0.000002 0.000000 0.000000 0.000000 -1.033169
    29 1.196321 0.000008 0.000000 0.000000 0.000000 -1.390664
    30 3.883661 -0.050323 -0.431042 0.015688 -0.124349 -0.775366
    31 1.719578 0.000004 0.000000 0.000000 -0.007974 -1.588129
    32 1.209185 0.000002 0.000000 0.000000 -0.004460 -0.914507
    33 3.859838 -0.148937 -1.331282 0.137047 0.112668 -0.145630
    34 1.719423 0.000002 0.000000 0.000000 -0.006612 -0.973834
    35 1.099667 0.000002 0.000000 0.000000 -0.004210 -1.029708
    36 0.806021 -0.359837 -1.318334 1.307340 0.325303 -0.670093
    37 1.789782 0.000000 -0.000004 0.019720 0.080233 0.520342
    38 1.206999 0.000003 0.000002 0.000000 0.000000 0.467622
    39 1.292969 -6.652344 -31.890625 1.570792 0.000003 -0.000003
    40 -8.943462 27.977629 15.811866 -0.113926 0.130200 0.147183
  time 24
    0 1.292969 -2.785156 -12.101563 -1.570781 -1.391896 -1.570809
    1 2.033349 1.000767 1.937660 2.856279 -0.086961 1.424556
    2 6.028141 0.000000 0.000000 -2.292511 0.372258 -1.625202
    3 11.692554 0.000001 0.000002 0.000000 0.000000 -1.762039
    4 11.481674 0.000001 -0.000032 0.476407 -0.188658 0.377063
    5 3.859709 -0.142404 -1.191975 -0.429147 0.100551 -0.536051
    6 1.312555 -0.000002 0.000001 0.000000 0.000000 -0.823071
    7 0.729363 -0.000002 -0.000002 0.000000 0.000000 -0.719346
    8 3.942335 0.046767 -0.431443 -0.295140 -0.075007 -0.393610
    9 1.539097 0.000000 0.000000 0.000000 0.000000 -0.956853
    10 1.196326 -0.000002 -0.000001 0.000000 0.000000 -1.282190
    11 3.883696 -0.046765 0.431443 -0.048985 -0.145247 -0.306125
    12 1.719570 -0.000004 -0.000001 0.000000 0.000003 -1.093966
    13 1.209171 -0.000002 0.000000 0.000000 0.000004 -0.919632
    14 3.859865 -0.137947 1.332466 0.248098 -0.160678 -0.415694
    15 1.719429 0.000002 -0.000001 0.000000 0.000011 -1.051704
    16 1.099665 0.000000 0.000000 0.000000 0.000007 -0.891327
    17 0.806053 -0.348925 1.321258 -1.295244 -0.387261 -0.754483
    18 1.789780 -0.000002 0.000002 0.000000 0.000000 0.122735
    19 1.207006 0.000000 0.000000 0.000000 0.000000 0.335823
    20 2.033356 1.000772 -1.937610 -0.104119 -0.097955 -1.638025
    21 6.028144 0.000000 0.000000 -0.298679 0.437774 -2.918743
    22 11.692554 0.000001 0.000003 0.000000 0.000000 -0.835501
    23 11.481697 0.000001 0.000002 -1.004611 -0.247697 0.163858
    24 3.859678 -0.132570 1.193109 0.121614 -0.096285 -0.922066
    25 1.312557 -0.000002 0.000001 0.000000 0.000000 -0.614204
    26 0.729365 0.000002 -0.000002 0.000000 0.000000 -1.378735
    27 3.942305 0.050327 0.431044 0.052416 -0.034057 -0.893750
    28 1.539099 -0.000002 0.000000 0.000000 0.000000 -1.033169
    29 1.196321 0.000008 0.000000 0.000000 0.000000 -1.390664
    30 3.883661 -0.050323 -0.431042 0.015688 -0.124349 -0.775366
    31 1.719578 0.000004 0.000000 0.000000 -0.007974 -1.588166
    32 1.209185 0.000002 0.000000 0.000000 -0.004460 -0.914507
    33 3.859838 -0.148937 -1.331282 0.137062 0.112668 -0.145630
    34 1.719423 0.000002 0.000000 0.000000 -0.006612 -0.973834
    35 1.099667 0.000002 0.000000 0.000000 -0.004210 -1.029708
    36 0.806021 -0.359837 -1.318334 1.307340 0.325303 -0.670093
    37 1.789782 0.000000 -0.000004 0.019720 0.080233 0.520342
    38 1.206999 0.000003 0.000002 0.000000 0.000000 0.467622
    39 1.292969 -6.652344 -31.890625 1.570792 0.000003 -0.000003
    40 -8.931743 27.985441 15.807960 -0.114358 0.128714 0.145265
  time 25
    0 1.292969 -2.785156 -12.101563 -1.570781 -1.391896 -1.570809
    1 2.033349 1.000767 1.937660 2.856279 -0.086961 1.424556
    2 6.028141 0.000000 0.000000 -2.269337 0.296571 -1.563093
    3 11.692554 0.000001 0.000002 0.000000 0.000000 -1.839042
    4 11.481674 0.000001 -0.000032 0.431153 -0.194938 0.373400
    5 3.859709 -0.142404 -1.191975 -0.426762 0.105069 -0.563563
    6 1.312555 -0.000002 0.000001 0.000000 0.000000 -0.853792
    7 0.729363 -0.000002 -0.000002 0.000000 0.000000 -0.749563
    8 3.942335 0.046767 -0.431443 -0.295008 -0.070166 -0.423664
    9 1.539097 0.000000 0.000000 0.000000 0.000000 -0.978935
    10 1.196326 -0.000002 -0.000001 0.000000 0.000000 -1.317644
    11 3.883696 -0.046765 0.431443 -0.048805 -0.136474 -0.331557
    12 1.719570 -0.000004 -0.000001 0.000000 0.000003 -1.120438
    13 1.209171 -0.000002 0.000000 0.000000 0.000004 -0.952225
    14 3.859865 -0.137947 1.332466 0.243616 -0.150587 -0.442035
    15 1.719429 0.000002 -0.000001 0.000000 0.000011 -1.088182
    16 1.099665 0.000000 0.000000 0.000000 0.000007 -0.929264
    17 0.806053 -0.348925 1.321258 -1.295399 -0.386688 -0.754279
    18 1.789780 -0.000002 0.000002 0.000000 0.000000 0.134216
    19 1.207006 0.000000 0.000000 0.000000 0.000000 0.343685
    20 2.033356 1.000772 -1.937610 -0.104119 -0.097955 -1.638025
    21 6.028144 0.000000 0.000000 -0.298552 0.437663 -2.918072
    22 11.692554 0.000001 0.000003 0.000000 0.000000 -0.837697
    23 11.481697 0.000001 0.000002 -1.011299 -0.243579 0.166165
    24 3.859678 -0.132570 1.193109 0.121614 -0.096285 -0.922066
    25 1.312557 -0.000002 0.000001 0.000000 0.000000 -0.614204
    26 0.729365 0.000002 -0.000002 0.000000 0.000000 -1.378700
    27 3.942305 0.050327 0.431044 0.052416 -0.034069 -0.893750
    28 1.539099 -0.000002 0.000000 0.000000 0.000000 -1.033169
    29 1.196321 0.000008 0.000000 0.000000 0.000000 -1.390664
    30 3.883661 -0.050323 -0.431042 0.015688 -0.124349 -0.775366
    31 1.719578 0.000004 0.000000 0.000000 -0.007974 -1.588129
    32 1.209185 0.000002 0.000000 0.000000 -0.004460 -0.914507
    33 3.859838 -0.148937 -1.331282 0.137047 0.112668 -0.145630
    34 1.719423 0.000002 0.000000 0.000000 -0.006612 -0.973834
    35 1.099667 0.000002 0.000000 0.000000 -0.004210 -1.029708
    36 0.806021 -0.359837 -1.318334 1.307340 0.325303 -0.670093
    37 1.789782 0.000000 -0.000004 0.019720 0.080233 0.520342
    38 1.206999 0.000003 0.000002 0.000000 0.000000 0.467622
    39 1.292969 -6.652344 -31.890625 1.570792 0.000003 -0.000003
    40 -8.916117 27.993254 15.800147 -0.115580 0.123873 0.139453
  time 26
    0 1.292969 -2.785156 -12.101563 -1.570781 -1.391896 -1.570809
    1 2.033349 1.000767 1.937660 2.856279 -0.086961 1.424556
    2 6.028141 0.000000 0.000000 -2.247012 0.172755 -1.430293
    3 11.692554 0.000001 0.000002 0.000000 0.000000 -1.897189
    4 11.481674 0.000001 -0.000032 0.393896 -0.200855 0.369981
    5 3.859709 -0.142404 -1.191975 -0.424102 0.109311 -0.591098
    6 1.312555 -0.000002 0.000001 0.000000 0.000000 -0.884361
    7 0.729363 -0.000002 -0.000002 0.000000 0.000000 -0.779586
    8 3.942335 0.046767 -0.431443 -0.294732 -0.065480 -0.453692
    9 1.539097 0.000000 0.000000 0.000000 0.000000 -1.000861
    10 1.196326 -0.000002 -0.000001 0.000000 0.000000 -1.352806
    11 3.883696 -0.046765 0.431443 -0.048685 -0.127786 -0.356908
    12 1.719570 -0.000004 -0.000001 0.000000 0.000003 -1.146741
    13 1.209171 -0.000002 0.000000 0.000000 0.000004 -0.984566
    14 3.859865 -0.137947 1.332466 0.238858 -0.140532 -0.468204
    15 1.719429 0.000002 -0.000001 0.000000 0.000011 -1.124474
    16 1.099665 0.000000 0.000000 0.000000 0.000007 -0.966981
    17 0.806053 -0.348925 1.321258 -1.295554 -0.386129 -0.754075
    18 1.789780 -0.000002 0.000002 0.000000 0.000000 0.145626
    19 1.207006 0.000000 0.000000 0.000000 0.000000 0.351487
    20 2.033356 1.000772 -1.937610 -0.104119 -0.097955 -1.638025
    21 6.028144 0.000000 0.000000 -0.298424 0.437530 -2.917317
    22 11.692554 0.000001 0.000003 0.000000 0.000000 -0.839894
    23 11.481697 0.000001 0.000002 -1.021153 -0.237404 0.168558
    24 3.859678 -0.132570 1.193109 0.121614 -0.096285 -0.922066
    25 1.312557 -0.000002 0.000001 0.000000 0.000000 -0.614204
    26 0.729365 0.000002 -0.000002 0.000000 0.000000 -1.378700
    27 3.942305 0.050327 0.431044 0.052416 -0.034069 -0.893750
    28 1.539099 -0.000002 0.000000 0.000000 0.000000 -1.033169
    29 1.196321 0.000008 0.000000 0.000000 0.000000 -1.390664
    30 3.883661 -0.050323 -0.431042 0.015688 -0.124349 -0.775366
    31 1.719578 0.000004 0.000000 0.000000 -0.007974 -1.588166
    32 1.209185 0.000002 0.000000 0.000000 -0.004460 -0.914507
    33 3.859838 -0.148937 -1.331282 0.137047 0.112668 -0.145630
    34 1.719423 0.000002 0.000000 0.000000 -0.006612 -0.973834
    35 1.099667 0.000002 0.000000 0.000000 -0.004210 -1.029708
    36 0.806021 -0.359837 -1.318334 1.307340 0.325303 -0.670081
    37 1.789782 0.000000 -0.000004 0.019720 0.080233 0.520342
    38 1.206999 0.000003 0.000002 0.000000 0.000000 0.467622
    39 1.292969 -6.652344 -31.890625 1.570792 0.000003 -0.000003
    40 -8.896585 27.997161 15.796241 -0.117570 0.116634 0.130824
  time 27
    0 1.292969 -2.785156 -12.101563 -1.570781 -1.391896 -1.570809
    1 2.033349 1.000767 1.937660 2.856279 -0.086961 1.424556
    2 6.028141 0.000000 0.000000 -2.237882 0.031278 -1.265056
    3 11.692554 0.000001 0.000002 0.000000 0.000000 -1.890125
    4 11.481674 0.000001 -0.000032 0.367551 -0.206013 0.367091
    5 3.859709 -0.142404 -1.191975 -0.421177 0.113302 -0.618565
    6 1.312555 -0.000002 0.000001 0.000000 0.000000 -0.914702
    7 0.729363 -0.000002 -0.000002 0.000000 0.000000 -0.809413
    8 3.942335 0.046767 -0.431443 -0.294349 -0.060961 -0.483641
    9 1.539097 0.000000 0.000000 0.000000 0.000000 -1.022598
    10 1.196326 -0.000002 -0.000001 0.000000 0.000000 -1.387718
    11 3.883696 -0.046765 0.431443 -0.048613 -0.119193 -0.382154
    12 1.719570 -0.000004 -0.000001 0.000000 0.000003 -1.172806
    13 1.209171 -0.000002 0.000000 0.000000 0.000004 -1.016693
    14 3.859865 -0.137947 1.332466 0.233836 -0.130525 -0.494166
    15 1.719429 0.000002 -0.000001 0.000000 0.000011 -1.160506
    16 1.099665 0.000000 0.000000 0.000000 0.000007 -1.004443
    17 0.806053 -0.348925 1.321258 -1.295709 -0.385570 -0.753872
    18 1.789780 -0.000002 0.000002 0.000000 0.000000 0.156939
    19 1.207006 0.000000 0.000000 0.000000 0.000000 0.359229
    20 2.033356 1.000772 -1.937610 -0.104119 -0.097955 -1.638025
    21 6.028144 0.000000 0.000000 -0.298361 0.437220 -2.916730
    22 11.692554 0.000001 0.000003 0.000000 0.000000 -0.841768
    23 11.481697 0.000001 0.000002 -1.032757 -0.229638 0.170210
    24 3.859678 -0.132570 1.193109 0.121614 -0.096285 -0.922066
    25 1.312557 -0.000002 0.000001 0.000000 0.000000 -0.614204
    26 0.729365 0.000002 -0.000002 0.000000 0.000000 -1.378700
    27 3.942305 0.050327 0.431044 0.052416 -0.034069 -0.893750
    28 1.539099 -0.000002 0.000000 0.000000 0.000000 -1.033169
    29 1.196321 0.000008 0.000000 0.000000 0.000000 -1.390664
    30 3.883661 -0.050323 -0.431042 0.015688 -0.124349 -0.775366
    31 1.719578 0.000004 0.000000 0.000000 -0.007974 -1.588129
    32 1.209185 0.000002 0.000000 0.000000 -0.004460 -0.914507
    33 3.859838 -0.148937 -1.331282 0.137047 0.112668 -0.145630
    34 1.719423 0.000002 0.000000 0.000000 -0.006612 -0.973834
    35 1.099667 0.000002 0.000000 0.000000 -0.004210 -1.029708
    36 0.806021 -0.359837 -1.318334 1.307340 0.325303 -0.670093
    37 1.789782 0.000000 -0.000004 0.019720 0.080233 0.520342
    38 1.206999 0.000003 0.000002 0.000000 0.000000 0.467622
    39 1.292969 -6.652344 -31.890625 1.570792 0.000003 -0.000003
    40 -8.877053 28.004973 15.788428 -0.120494 0.108005 0.120457
  time 28
    0 1.292969 -2.785156 -12.101563 -1.570781 -1.391896 -1.570809
    1 2.033349 1.000767 1.937660 2.856279 -0.086961 1.424556
    2 6.028141 0.000000 0.000000 -2.239478 -0.055581 -1.164628
    3 11.692554 0.000001 0.000002 0.000000 0.000000 -1.845756
    4 11.481674 0.000001 -0.000032 0.356378 -0.209290 0.365626
    5 3.859709 -0.142404 -1.191975 -0.418025 0.117077 -0.645893
    6 1.312555 -0.000002 0.000001 0.000000 0.000000 -0.944792
    7 0.729363 -0.000002 -0.000002 0.000000 0.000000 -0.838963
    8 3.942335 0.046767 -0.431443 -0.293857 -0.056599 -0.513404
    9 1.539097 0.000000 0.000000 0.000000 0.000000 -1.044146
    10 1.196326 -0.000002 -0.000001 0.000000 0.000000 -1.422339
    11 3.883696 -0.046765 0.431443 -0.048589 -0.110672 -0.407195
    12 1.719570 -0.000004 -0.000001 0.000000 0.000003 -1.198634
    13 1.209171 -0.000002 0.000000 0.000000 0.000004 -1.048497
    14 3.859865 -0.137947 1.332466 0.228587 -0.120602 -0.519889
    15 1.719429 0.000002 -0.000001 0.000000 0.000011 -1.196241
    16 1.099665 0.000000 0.000000 0.000000 0.000007 -1.041577
    17 0.806053 -0.348925 1.321258 -1.295851 -0.385011 -0.753680
    18 1.789780 -0.000002 0.000002 0.000000 0.000000 0.168169
    19 1.207006 0.000000 0.000000 0.000000 0.000000 0.366899
    20 2.033356 1.000772 -1.937610 -0.104119 -0.097955 -1.638025
    21 6.028144 0.000000 0.000000 -0.300719 0.434691 -2.920840
    22 11.692554 0.000001 0.000003 0.000000 0.000000 -0.834790
    23 11.481697 0.000001 0.000002 -1.038071 -0.221893 0.162747
    24 3.859678 -0.132570 1.193109 0.121614 -0.096285 -0.922066
    25 1.312557 -0.000002 0.000001 0.000000 0.000000 -0.614204
    26 0.729365 0.000002 -0.000002 0.000000 0.000000 -1.378700
    27 3.942305 0.050327 0.431044 0.052416 -0.034069 -0.893750
    28 1.539099 -0.000002 0.000000 0.000000 0.000000 -1.033169
    29 1.196321 0.000008 0.000000 0.000000 0.000000 -1.390664
    30 3.883661 -0.050323 -0.431042 0.015688 -0.124349 -0.775366
    31 1.719578 0.000004 0.000000 0.000000 -0.007974 -1.588129
    32 1.209185 0.000002 0.000000 0.000000 -0.004460 -0.914507
    33 3.859838 -0.148937 -1.331282 0.137047 0.112668 -0.145630
    34 1.719423 0.000002 0.000000 0.000000 -0.006612 -0.973834
    35 1.099667 0.000002 0.000000 0.000000 -0.004210 -1.029708
    36 0.806021 -0.359837 -1.318334 1.307340 0.325303 -0.670093
    37 1.789782 0.000000 -0.000004 0.019720 0.080233 0.520342
    38 1.206999 0.000003 0.000002 0.000000 0.000000 0.467622
    39 1.292969 -6.652344 -31.890625 1.570792 0.000003 -0.000003
    40 -8.853615 28.040131 15.807960 -0.127421 0.103691 0.113973
  time 29
    0 1.292969 -2.785156 -12.101563 -1.570781 -1.391896 -1.570809
    1 2.033349 1.000767 1.937660 2.856279 -0.086961 1.424556
    2 6.028141 0.000000 0.000000 -2.234365 -0.019318 -1.026041
    3 11.692554 0.000001 0.000002 0.000000 0.000000 -1.780253
    4 11.481674 0.000001 -0.000032 0.354397 -0.210201 0.365463
    5 3.859709 -0.142404 -1.191975 -0.414682 0.120649 -0.672991
    6 1.312555 -0.000002 0.000001 0.000000 0.000000 -0.974577
    7 0.729363 -0.000002 -0.000002 0.000000 0.000000 -0.868234
    8 3.942335 0.046767 -0.431443 -0.293258 -0.052357 -0.542929
    9 1.539097 0.000000 0.000000 0.000000 0.000000 -1.065475
    10 1.196326 -0.000002 -0.000001 0.000000 0.000000 -1.456584
    11 3.883696 -0.046765 0.431443 -0.048625 -0.102246 -0.431967
    12 1.719570 -0.000004 -0.000001 0.000000 0.000003 -1.224225
    13 1.209171 -0.000002 0.000000 0.000000 0.000004 -1.080013
    14 3.859865 -0.137947 1.332466 0.223158 -0.110763 -0.545284
    15 1.719429 0.000002 -0.000001 0.000000 0.000011 -1.231643
    16 1.099665 0.000000 0.000000 0.000000 0.000007 -1.078346
    17 0.806053 -0.348925 1.321258 -1.296006 -0.384452 -0.753476
    18 1.789780 -0.000002 0.000002 0.000000 0.000000 0.179278
    19 1.207006 0.000000 0.000000 0.000000 0.000000 0.374497
    20 2.033356 1.000772 -1.937610 -0.104119 -0.097955 -1.638025
    21 6.028144 0.000000 0.000000 -0.334756 0.403421 -2.995251
    22 11.692554 0.000001 0.000003 0.000036 -0.000120 -0.705429
    23 11.481697 0.000001 0.000002 -1.013934 -0.195906 0.055074
    24 3.859678 -0.132570 1.193109 0.121614 -0.096285 -0.922066
    25 1.312557 -0.000002 0.000001 0.000000 0.000000 -0.614204
    26 0.729365 0.000002 -0.000002 0.000000 0.000000 -1.378735
    27 3.942305 0.050327 0.431044 0.052416 -0.034069 -0.893750
    28 1.539099 -0.000002 0.000000 0.000000 0.000000 -1.033169
    29 1.196321 0.000008 0.000000 0.000000 0.000000 -1.390664
    30 3.883661 -0.050323 -0.431042 0.015688 -0.124349 -0.775366
    31 1.719578 0.000004 0.000000 0.000000 -0.007974 -1.588129
    32 1.209185 0.000002 0.000000 0.000000 -0.004460 -0.914507
    33 3.859838 -0.148937 -1.331282 0.137047 0.112668 -0.145630
    34 1.719423 0.000002 0.000000 0.000000 -0.006612 -0.973834
    35 1.099667 0.000002 0.000000 0.000000 -0.004210 -1.029708
    36 0.806021 -0.359837 -1.318334 1.307340 0.325303 -0.670093
    37 1.789782 0.000000 -0.000004 0.019720 0.080233 0.520342
    38 1.206999 0.000003 0.000002 0.000000 0.000000 0.467622
    39 1.292969 -6.652344 -31.890625 1.570792 0.000003 -0.000003
    40 -8.830177 28.477644 16.143907 -0.182155 0.119127 0.117089
  time 30
    0 1.292969 -2.785156 -12.101563 -1.570781 -1.391896 -1.570809
    1 2.033349 1.000767 1.937660 2.856279 -0.086961 1.424556
    2 6.028141 0.000000 0.000000 -2.209171 0.019302 -0.842673
    3 11.692554 0.000001 0.000002 0.000000 0.000000 -1.673184
    4 11.481674 0.000001 -0.000032 0.351931 -0.210322 0.365951
    5 3.859709 -0.142404 -1.191975 -0.411170 0.124052 -0.699836
    6 1.312555 -0.000002 0.000001 0.000000 0.000000 -1.004035
    7 0.729363 -0.000002 -0.000002 0.000000 0.000000 -0.897172
    8 3.942335 0.046767 -0.431443 -0.292563 -0.048246 -0.572084
    9 1.539097 0.000000 0.000000 0.000000 0.000000 -1.086583
    10 1.196326 -0.000002 -0.000001 0.000000 0.000000 -1.490455
    11 3.883696 -0.046765 0.431443 -0.048709 -0.093917 -0.456450
    12 1.719570 -0.000004 -0.000001 0.000000 0.000003 -1.249544
    13 1.209171 -0.000002 0.000000 0.000000 0.000004 -1.111208
    14 3.859865 -0.137947 1.332466 0.217573 -0.101007 -0.570370
    15 1.719429 0.000002 -0.000001 0.000000 0.000011 -1.266599
    16 1.099665 0.000000 0.000000 0.000000 0.000007 -1.114714
    17 0.806053 -0.348925 1.321258 -1.296149 -0.383907 -0.753284
    18 1.789780 -0.000002 0.000002 0.000000 0.000000 0.190256
    19 1.207006 0.000000 0.000000 0.000000 0.000000 0.382011
    20 2.033356 1.000772 -1.937610 -0.104119 -0.097955 -1.638025
    21 6.028144 0.000000 0.000000 -0.397477 0.328615 -3.156488
    22 11.692554 0.000001 0.000003 0.000000 0.000000 -0.390687
    23 11.481697 0.000001 0.000002 -0.938465 -0.165577 -0.197729
    24 3.859678 -0.132570 1.193109 0.121614 -0.096285 -0.922066
    25 1.312557 -0.000002 0.000001 0.000000 0.000000 -0.614204
    26 0.729365 0.000002 -0.000002 0.000000 0.000000 -1.378700
    27 3.942305 0.050327 0.431044 0.052416 -0.034069 -0.893750
    28 1.539099 -0.000002 0.000000 0.000000 0.000000 -1.033145
    29 1.196321 0.000008 0.000000 0.000000 0.000000 -1.390664
    30 3.883661 -0.050323 -0.431042 0.015688 -0.124349 -0.775366
    31 1.719578 0.000004 0.000000 0.000000 -0.007974 -1.588129
    32 1.209185 0.000002 0.000000 0.000000 -0.004460 -0.914507
    33 3.859838 -0.148937 -1.331282 0.137047 0.112668 -0.145630
    34 1.719423 0.000002 0.000000 0.000000 -0.006612 -0.973834
    35 1.099667 0.000002 0.000000 0.000000 -0.004210 -1.029708
    36 0.806021 -0.359837 -1.318334 1.307340 0.325303 -0.670093
    37 1.789782 0.000000 -0.000004 0.019720 0.080233 0.520342
    38 1.206999 0.000003 0.000002 0.000000 0.000000 0.467622
    39 1.292969 -6.652344 -31.890625 1.570792 0.000003 -0.000003
    40 -8.802832 29.122195 16.628297 -0.280632 0.179385 0.143599
  time 31
    0 1.292969 -2.785156 -12.101563 -1.570781 -1.391896 -1.570809
    1 2.033349 1.000767 1.937660 2.856279 -0.086961 1.424556
    2 6.028141 0.000000 0.000000 -2.206601 0.013175 -0.823867
    3 11.692554 0.000001 0.000002 0.000000 0.000000 -1.680598
    4 11.481674 0.000001 -0.000032 0.349764 -0.209654 0.367009
    5 3.859709 -0.142404 -1.191975 -0.407539 0.127312 -0.726312
    6 1.312555 -0.000002 0.000001 0.000000 0.000000 -1.033088
    7 0.729363 -0.000002 -0.000002 0.000000 0.000000 -0.925719
    8 3.942335 0.046767 -0.431443 -0.291796 -0.044219 -0.600841
    9 1.539097 0.000000 0.000000 0.000000 0.000000 -1.107472
    10 1.196326 -0.000002 -0.000001 0.000000 0.000000 -1.523950
    11 3.883696 -0.046765 0.431443 -0.048841 -0.085684 -0.480541
    12 1.719570 -0.000004 -0.000001 0.000000 0.000003 -1.274559
    13 1.209171 -0.000002 0.000000 0.000000 0.000004 -1.141972
    14 3.859865 -0.137947 1.332466 0.211880 -0.091383 -0.595095
    15 1.719429 0.000002 -0.000001 0.000000 0.000011 -1.301110
    16 1.099665 0.000000 0.000000 0.000000 0.000007 -1.150571
    17 0.806053 -0.348925 1.321258 -1.296291 -0.383377 -0.753093
    18 1.789780 -0.000002 0.000002 0.000000 0.000000 0.201114
    19 1.207006 0.000000 0.000000 0.000000 0.000000 0.389442
    20 2.033356 1.000772 -1.937610 -0.104119 -0.097955 -1.638025
    21 6.028144 0.000000 0.000000 -0.449171 0.233406 -3.335761
    22 11.692554 0.000001 0.000003 0.000000 0.000000 -0.000021
    23 11.481697 0.000001 0.000002 -0.868842 -0.106632 -0.525874
    24 3.859678 -0.132570 1.193109 0.121614 -0.096285 -0.922066
    25 1.312557 -0.000002 0.000001 0.000000 0.000000 -0.614204
    26 0.729365 0.000002 -0.000002 0.000000 0.000000 -1.378700
    27 3.942305 0.050327 0.431044 0.052416 -0.034069 -0.893750
    28 1.539099 -0.000002 0.000000 0.000000 0.000000 -1.033145
    29 1.196321 0.000008 0.000000 0.000000 0.000000 -1.390664
    30 3.883661 -0.050323 -0.431042 0.015688 -0.124349 -0.775366
    31 1.719578 0.000004 0.000000 0.000000 -0.007974 -1.588166
    32 1.209185 0.000002 0.000000 0.000000 -0.004460 -0.914507
    33 3.859838 -0.148937 -1.331282 0.137047 0.112668 -0.145630
    34 1.719423 0.000002 0.000000 0.000000 -0.006612 -0.973834
    35 1.099667 0.000002 0.000000 0.000000 -0.004210 -1.029708
    36 0.806021 -0.359837 -1.318334 1.307340 0.325303 -0.670093
    37 1.789782 0.000000 -0.000004 0.019720 0.080233 0.520342
    38 1.206999 0.000003 0.000002 0.000000 0.000000 0.467622
    39 1.292969 -6.652344 -31.890625 1.570792 0.000003 -0.000003
    40 -8.771582 29.489394 16.913462 -0.365459 0.272529 0.180416
  time 32
    0 1.292969 -2.785156 -12.101563 -1.570781 -1.391896 -1.570809
    1 2.033349 1.000767 1.937660 2.856279 -0.086961 1.424556
    2 6.028141 0.000000 0.000000 -2.232120 -0.031655 -0.982513
    3 11.692554 0.000001 0.000002 0.000000 0.000000 -1.799519
    4 11.481674 0.000001 -0.000032 0.348680 -0.208623 0.368515
    5 3.859709 -0.142404 -1.191975 -0.403812 0.130452 -0.752351
    6 1.312555 -0.000002 0.000001 0.000000 0.000000 -1.061762
    7 0.729363 -0.000002 -0.000002 0.000000 0.000000 -0.953878
    8 3.942335 0.046767 -0.431443 -0.290957 -0.040288 -0.629095
    9 1.539097 0.000000 0.000000 0.000000 0.000000 -1.128078
    10 1.196326 -0.000002 -0.000001 0.000000 0.000000 -1.557029
    11 3.883696 -0.046765 0.431443 -0.049021 -0.077546 -0.504199
    12 1.719570 -0.000004 -0.000001 0.000000 0.000003 -1.299234
    13 1.209171 -0.000002 0.000000 0.000000 0.000004 -1.172377
    14 3.859865 -0.137947 1.332466 0.206128 -0.081868 -0.619390
    15 1.719429 0.000002 -0.000001 0.000000 0.000011 -1.335138
    16 1.099665 0.000000 0.000000 0.000000 0.000007 -1.185954
    17 0.806053 -0.348925 1.321258 -1.296433 -0.382847 -0.752901
    18 1.789780 -0.000002 0.000002 0.000000 0.000000 0.211817
    19 1.207006 0.000000 0.000000 0.000000 0.000000 0.396764
    20 2.033356 1.000772 -1.937610 -0.104119 -0.097955 -1.638025
    21 6.028144 0.000000 0.000000 -0.419531 0.294262 -3.224607
    22 11.692554 0.000001 0.000003 0.000000 0.000108 -0.261262
    23 11.481697 0.000001 0.000002 -0.839345 -0.210438 -0.282642
    24 3.859678 -0.132570 1.193109 0.121614 -0.096285 -0.922066
    25 1.312557 -0.000002 0.000001 0.000000 0.000000 -0.614204
    26 0.729365 0.000002 -0.000002 0.000000 0.000000 -1.378700
    27 3.942305 0.050327 0.431044 0.052416 -0.034069 -0.893750
    28 1.539099 -0.000002 0.000000 0.000000 0.000000 -1.033145
    29 1.196321 0.000008 0.000000 0.000000 0.000000 -1.390664
    30 3.883661 -0.050323 -0.431042 0.015688 -0.124349 -0.775366
    31 1.719578 0.000004 0.000000 0.000000 -0.007974 -1.588129
    32 1.209185 0.000002 0.000000 0.000000 -0.004460 -0.914507
    33 3.859838 -0.148937 -1.331282 0.137047 0.112668 -0.145630
    34 1.719423 0.000002 0.000000 0.000000 -0.006612 -0.973834
    35 1.099667 0.000002 0.000000 0.000000 -0.004210 -1.029708
    36 0.806021 -0.359837 -1.318334 1.307340 0.325303 -0.670093
    37 1.789782 0.000000 -0.000004 0.019720 0.080233 0.520342
    38 1.206999 0.000003 0.000002 0.000000 0.000000 0.467622
    39 1.292969 -6.652344 -31.890625 1.570792 0.000003 -0.000003
    40 -8.736424 29.352671 16.827522 -0.270529 0.267304 0.214524
  time 33
    0 1.292969 -2.785156 -12.101563 -1.570781 -1.391896 -1.570809
    1 2.033349 1.000767 1.937660 2.856279 -0.086961 1.424556
    2 6.028141 0.000000 0.000000 -2.236859 -0.033097 -1.055102
    3 11.692554 0.000001 0.000002 0.000000 0.000000 -1.783931
    4 11.481674 0.000001 -0.000032 0.349054 -0.207925 0.370428
    5 3.859709 -0.142404 -1.191975 -0.400060 0.133484 -0.777906
    6 1.312555 -0.000002 0.000001 0.000000 0.000000 -1.089982
    7 0.729363 -0.000002 -0.000002 0.000000 0.000000 -0.981591
    8 3.942335 0.046767 -0.431443 -0.290070 -0.036429 -0.656766
    9 1.539097 0.000000 0.000000 0.000000 0.000000 -1.148433
    10 1.196326 -0.000002 -0.000001 0.000000 0.000000 -1.589692
    11 3.883696 -0.046765 0.431443 -0.049248 -0.069517 -0.527381
    12 1.719570 -0.000004 -0.000001 0.000000 0.000003 -1.323571
    13 1.209171 -0.000002 0.000000 0.000000 0.000004 -1.202316
    14 3.859865 -0.137947 1.332466 0.200327 -0.072496 -0.643237
    15 1.719429 0.000002 -0.000001 0.000000 0.000011 -1.368573
    16 1.099665 0.000000 0.000000 0.000000 0.000007 -1.220717
    17 0.806053 -0.348925 1.321258 -1.296575 -0.382316 -0.752721
    18 1.789780 -0.000002 0.000002 0.000000 0.000000 0.222375
    19 1.207006 0.000000 0.000000 0.000000 0.000000 0.403979
    20 2.033356 1.000772 -1.937610 -0.104119 -0.097955 -1.638025
    21 6.028144 0.000000 0.000000 -0.347058 0.403887 -3.038538
    22 11.692554 0.000001 0.000003 0.000000 0.000000 -0.737866
    23 11.481697 0.000001 0.000002 -0.927769 -0.341658 0.242903
    24 3.859678 -0.132570 1.193109 0.121614 -0.096285 -0.922066
    25 1.312557 -0.000002 0.000001 0.000000 0.000000 -0.614204
    26 0.729365 0.000002 -0.000002 0.000000 0.000000 -1.378735
    27 3.942305 0.050327 0.431044 0.052416 -0.034057 -0.893750
    28 1.539099 -0.000002 0.000000 0.000000 0.000000 -1.033145
    29 1.196321 0.000008 0.000000 0.000000 0.000000 -1.390664
    30 3.883661 -0.050323 -0.431042 0.015688 -0.124349 -0.775366
    31 1.719578 0.000004 0.000000 0.000000 -0.007974 -1.588166
    32 1.209185 0.000002 0.000000 0.000000 -0.004460 -0.914507
    33 3.859838 -0.148937 -1.331282 0.137062 0.112668 -0.145630
    34 1.719423 0.000002 0.000000 0.000000 -0.006612 -0.973834
    35 1.099667 0.000002 0.000000 0.000000 -0.004210 -1.029708
    36 0.806021 -0.359837 -1.318334 1.307340 0.325303 -0.670093
    37 1.789782 0.000000 -0.000004 0.019720 0.080233 0.520342
    38 1.206999 0.000003 0.000002 0.000000 0.000000 0.467622
    39 1.292969 -6.652344 -31.890625 1.570792 0.000003 -0.000003
    40 -8.697361 28.993285 16.604859 -0.013256 0.184275 0.248884
  time 34
    0 1.292969 -2.785156 -12.101563 -1.570781 -1.391896 -1.570809
    1 2.033349 1.000767 1.937660 2.856279 -0.086961 1.424556
    2 6.028141 0.000000 0.000000 -2.235363 -0.011694 -1.049894
    3 11.692554 0.000001 0.000002 0.000000 0.000000 -1.721523
    4 11.481674 0.000001 -0.000032 0.350997 -0.207955 0.372626
    5 3.859709 -0.142404 -1.191975 -0.396297 0.136468 -0.802909
    6 1.312555 -0.000002 0.000001 0.000000 0.000000 -1.117696
    7 0.729363 -0.000002 -0.000002 0.000000 0.000000 -1.008831
    8 3.942335 0.046767 -0.431443 -0.289159 -0.032618 -0.683829
    9 1.539097 0.000000 0.000000 0.000000 0.000000 -1.168474
    10 1.196326 -0.000002 -0.000001 0.000000 0.000000 -1.621854
    11 3.883696 -0.046765 0.431443 -0.049524 -0.061583 -0.550007
    12 1.719570 -0.000004 -0.000001 0.000000 0.000003 -1.347535
    13 1.209171 -0.000002 0.000000 0.000000 0.000004 -1.231790
    14 3.859865 -0.137947 1.332466 0.194551 -0.063268 -0.666587
    15 1.719429 0.000002 -0.000001 0.000000 0.000011 -1.401414
    16 1.099665 0.000000 0.000000 0.000000 0.000007 -1.254896
    17 0.806053 -0.348925 1.321258 -1.296717 -0.381800 -0.752541
    18 1.789780 -0.000002 0.000002 0.000000 0.000000 0.232742
    19 1.207006 0.000000 0.000000 0.000000 0.000000 0.411086
    20 2.033356 1.000772 -1.937610 -0.104119 -0.097955 -1.638025
    21 6.028144 0.000000 0.000000 -0.313595 0.447798 -2.983171
    22 11.692554 0.000001 0.000003 0.000000 0.000000 -0.918338
    23 11.481697 0.000001 0.000002 -1.046686 -0.406575 0.548317
    24 3.859678 -0.132570 1.193109 0.121614 -0.096285 -0.922066
    25 1.312557 -0.000002 0.000001 0.000000 0.000000 -0.614204
    26 0.729365 0.000002 -0.000002 0.000000 0.000000 -1.378700
    27 3.942305 0.050327 0.431044 0.052416 -0.034069 -0.893750
    28 1.539099 -0.000002 0.000000 0.000000 0.000000 -1.033145
    29 1.196321 0.000008 0.000000 0.000000 0.000000 -1.390664
    30 3.883661 -0.050323 -0.431042 0.015688 -0.124349 -0.775366
    31 1.719578 0.000004 0.000000 0.000000 -0.007974 -1.588166
    32 1.209185 0.000002 0.000000 0.000000 -0.004460 -0.914507
    33 3.859838 -0.148937 -1.331282 0.137062 0.112668 -0.145630
    34 1.719423 0.000002 0.000000 0.000000 -0.006612 -0.973834
    35 1.099667 0.000002 0.000000 0.000000 -0.004210 -1.029708
    36 0.806021 -0.359837 -1.318334 1.307340 0.325303 -0.670093
    37 1.789782 0.000000 -0.000004 0.019720 0.080233 0.520342
    38 1.206999 0.000003 0.000002 0.000000 0.000000 0.467622
    39 1.292969 -6.652344 -31.890625 1.570792 0.000003 -0.000003
    40 -8.654390 28.606554 16.311881 0.154301 0.114573 0.227827
  time 35
    0 1.292969 -2.785156 -12.101563 -1.570781 -1.391896 -1.570809
    1 2.033349 1.000767 1.937660 2.856279 -0.086961 1.424556
    2 6.028141 0.000000 0.000000 -2.233342 0.000948 -1.029255
    3 11.692554 0.000001 0.000002 0.000000 0.000000 -1.691924
    4 11.481674 0.000001 -0.000032 0.354734 -0.208774 0.373522
    5 3.859709 -0.142404 -1.191975 -0.392594 0.139405 -0.827290
    6 1.312555 -0.000002 0.000001 0.000000 0.000000 -1.144905
    7 0.729363 -0.000002 -0.000002 0.000000 0.000000 -1.035543
    8 3.942335 0.046767 -0.431443 -0.288225 -0.028843 -0.710150
    9 1.539097 0.000000 0.000000 0.000000 0.000000 -1.188263
    10 1.196326 -0.000002 -0.000001 0.000000 0.000000 -1.653517
    11 3.883696 -0.046765 0.431443 -0.049835 -0.053757 -0.572033
    12 1.719570 -0.000004 -0.000001 0.000000 0.000003 -1.371092
    13 1.209171 -0.000002 0.000000 0.000000 0.000004 -1.260797
    14 3.859865 -0.137947 1.332466 0.188822 -0.054207 -0.689403
    15 1.719429 0.000002 -0.000001 0.000000 0.000011 -1.433624
    16 1.099665 0.000000 0.000000 0.000000 0.000007 -1.288418
    17 0.806053 -0.348925 1.321258 -1.296846 -0.381299 -0.752362
    18 1.789780 -0.000002 0.000002 0.000000 0.000000 0.242941
    19 1.207006 0.000000 0.000000 0.000000 0.000000 0.418073
    20 2.033356 1.000772 -1.937610 -0.104119 -0.097955 -1.638025
    21 6.028144 0.000000 0.000000 -0.296958 0.451946 -2.934095
    22 11.692554 0.000001 0.000003 0.000036 -0.000300 -0.948319
    23 11.481697 0.000001 0.000002 -1.069140 -0.339722 0.465569
    24 3.859678 -0.132570 1.193109 0.121614 -0.096285 -0.922066
    25 1.312557 -0.000002 0.000001 0.000000 0.000000 -0.614204
    26 0.729365 0.000002 -0.000002 0.000000 0.000000 -1.378700
    27 3.942305 0.050327 0.431044 0.052416 -0.034069 -0.893750
    28 1.539099 -0.000002 0.000000 0.000000 0.000000 -1.033169
    29 1.196321 0.000008 0.000000 0.000000 0.000000 -1.390664
    30 3.883661 -0.050323 -0.431042 0.015688 -0.124349 -0.775366
    31 1.719578 0.000004 0.000000 0.000000 -0.007974 -1.588166
    32 1.209185 0.000002 0.000000 0.000000 -0.004460 -0.914507
    33 3.859838 -0.148937 -1.331282 0.137047 0.112668 -0.145630
    34 1.719423 0.000002 0.000000 0.000000 -0.006612 -0.973834
    35 1.099667 0.000002 0.000000 0.000000 -0.004210 -1.029708
    36 0.806021 -0.359837 -1.318334 1.307340 0.325303 -0.670093
    37 1.789782 0.000000 -0.000004 0.019720 0.080233 0.520342
    38 1.206999 0.000003 0.000002 0.000000 0.000000 0.467622
    39 1.292969 -6.652344 -31.890625 1.570792 0.000003 -0.000003
    40 -8.603608 28.368266 15.999372 0.072770 0.100910 0.166262
  time 36
    0 1.292969 -2.785156 -12.101563 -1.570781 -1.391896 -1.570809
    1 2.033349 1.000767 1.937660 2.856279 -0.086961 1.424556
    2 6.028141 0.000000 0.000000 -2.229426 0.011761 -0.989682
    3 11.692554 0.000001 0.000002 0.000000 0.000000 -1.683400
    4 11.481674 0.000001 -0.000032 0.620688 -0.335725 0.321259
    5 3.859709 -0.142404 -1.191975 -0.388975 0.142329 -0.850981
    6 1.312555 -0.000002 0.000001 0.000000 0.000000 -1.171558
    7 0.729363 -0.000002 -0.000002 0.000000 0.000000 -1.061725
    8 3.942335 0.046767 -0.431443 -0.287290 -0.025092 -0.735676
    9 1.539097 0.000000 0.000000 0.000000 0.000000 -1.207707
    10 1.196326 -0.000002 -0.000001 0.000000 0.000000 -1.684679
    11 3.883696 -0.046765 0.431443 -0.050171 -0.046027 -0.593358
    12 1.719570 -0.000004 -0.000001 0.000000 0.000003 -1.394242
    13 1.209171 -0.000002 0.000000 0.000000 0.000004 -1.289266
    14 3.859865 -0.137947 1.332466 0.183189 -0.045303 -0.711652
    15 1.719429 0.000002 -0.000001 0.000000 0.000011 -1.465166
    16 1.099665 0.000000 0.000000 0.000000 0.000007 -1.321248
    17 0.806053 -0.348925 1.321258 -1.296989 -0.380797 -0.752182
    18 1.789780 -0.000002 0.000002 0.000000 0.000000 0.252960
    19 1.207006 0.000000 0.000000 0.000000 0.000000 0.424916
    20 2.033356 1.000772 -1.937610 -0.104119 -0.097955 -1.638025
    21 6.028144 0.000000 0.000000 -0.290329 0.444161 -2.899952
    22 11.692554 0.000001 0.000003 0.000000 0.000000 -0.935332
    23 11.481697 0.000001 0.000002 -1.077976 -0.248593 0.316650
    24 3.859678 -0.132570 1.193109 0.121614 -0.096285 -0.922066
    25 1.312557 -0.000002 0.000001 0.000000 0.000000 -0.614204
    26 0.729365 0.000002 -0.000002 0.000000 0.000000 -1.378700
    27 3.942305 0.050327 0.431044 0.052416 -0.034069 -0.893750
    28 1.539099 -0.000002 0.000000 0.000000 0.000000 -1.033169
    29 1.196321 0.000008 0.000000 0.000000 0.000000 -1.390664
    30 3.883661 -0.050323 -0.431042 0.015688 -0.124349 -0.775366
    31 1.719578 0.000004 0.000000 0.000000 -0.007974 -1.588129
    32 1.209185 0.000002 0.000000 0.000000 -0.004460 -0.914507
    33 3.859838 -0.148937 -1.331282 0.137047 0.112668 -0.145630
    34 1.719423 0.000002 0.000000 0.000000 -0.006612 -0.973834
    35 1.099667 0.000002 0.000000 0.000000 -0.004210 -1.029708
    36 0.806021 -0.359837 -1.318334 1.307340 0.325303 -0.670093
    37 1.789782 0.000000 -0.000004 0.019720 0.080233 0.520342
    38 1.206999 0.000003 0.000002 0.000000 0.000000 0.467622
    39 1.292969 -6.652344 -31.890625 1.570792 0.000003 -0.000003
    40 -8.521574 28.212011 15.718113 -0.051642 0.084515 0.106735
  time 37
    0 1.292969 -2.785156 -12.101563 -1.570781 -1.391896 -1.570809
    1 2.033349 1.000767 1.937660 2.856279 -0.086961 1.424556
    2 6.028141 0.000000 0.000000 -2.220046 0.031667 -0.920983
    3 11.692554 0.000001 0.000002 0.000000 0.000000 -1.679139
    4 11.481674 0.000001 -0.000032 0.997889 -0.631590 0.250965
    5 3.859709 -0.142404 -1.191975 -0.385511 0.145253 -0.873935
    6 1.312555 -0.000002 0.000001 0.000000 0.000000 -1.197605
    7 0.729363 -0.000002 -0.000002 0.000000 0.000000 -1.087324
    8 3.942335 0.046767 -0.431443 -0.286379 -0.021328 -0.760382
    9 1.539097 0.000000 0.000000 0.000000 0.000000 -1.226868
    10 1.196326 -0.000002 -0.000001 0.000000 0.000000 -1.715342
    11 3.883696 -0.046765 0.431443 -0.050555 -0.038405 -0.614022
    12 1.719570 -0.000004 -0.000001 0.000000 0.000003 -1.416952
    13 1.209171 -0.000002 0.000000 0.000000 0.000004 -1.317197
    14 3.859865 -0.137947 1.332466 0.177688 -0.036578 -0.733299
    15 1.719429 0.000002 -0.000001 0.000000 0.000011 -1.495929
    16 1.099665 0.000000 0.000000 0.000000 0.000007 -1.353311
    17 0.806053 -0.348925 1.321258 -1.297118 -0.380324 -0.752014
    18 1.789780 -0.000002 0.000002 0.000000 0.000000 0.262775
    19 1.207006 0.000000 0.000000 0.000000 0.000000 0.431640
    20 2.033356 1.000772 -1.937610 -0.104119 -0.097955 -1.638025
    21 6.028144 0.000000 0.000000 -0.280258 0.447843 -2.872687
    22 11.692554 0.000001 0.000003 0.000000 0.000000 -0.969255
    23 11.481697 0.000001 0.000002 -1.116464 -0.210153 0.309187
    24 3.859678 -0.132570 1.193109 0.121614 -0.096285 -0.922066
    25 1.312557 -0.000002 0.000001 0.000000 0.000000 -0.614204
    26 0.729365 0.000002 -0.000002 0.000000 0.000000 -1.378700
    27 3.942305 0.050327 0.431044 0.052416 -0.034069 -0.893750
    28 1.539099 -0.000002 0.000000 0.000000 0.000000 -1.033169
    29 1.196321 0.000008 0.000000 0.000000 0.000000 -1.390664
    30 3.883661 -0.050323 -0.431042 0.015688 -0.124349 -0.775366
    31 1.719578 0.000004 0.000000 0.000000 -0.007974 -1.588129
    32 1.209185 0.000002 0.000000 0.000000 -0.004460 -0.914507
    33 3.859838 -0.148937 -1.331282 0.137047 0.112668 -0.145630
    34 1.719423 0.000002 0.000000 0.000000 -0.006612 -0.973834
    35 1.099667 0.000002 0.000000 0.000000 -0.004210 -1.029708
    36 0.806021 -0.359837 -1.318334 1.307340 0.325303 -0.670093
    37 1.789782 0.000000 -0.000004 0.019720 0.080233 0.520342
    38 1.206999 0.000003 0.000002 0.000000 0.000000 0.467622
    39 1.292969 -6.652344 -31.890625 1.570792 0.000003 -0.000003
    40 -8.427821 28.114352 15.487637 -0.077829 0.054841 0.064513
  time 38
    0 1.292969 -2.785156 -12.101563 -1.570781 -1.391896 -1.570809
    1 2.033349 1.000767 1.937660 2.856279 -0.086961 1.424556
    2 6.028141 0.000000 0.000000 -2.200590 0.066266 -0.822774
    3 11.692554 0.000001 0.000002 0.000000 0.000000 -1.672425
    4 11.481674 0.000001 -0.000032 1.251063 -0.836034 0.275631
    5 3.859709 -0.142404 -1.191975 -0.382239 0.148225 -0.896060
    6 1.312555 -0.000002 0.000001 0.000000 0.000000 -1.223046
    7 0.729363 -0.000002 -0.000002 0.000000 0.000000 -1.112310
    8 3.942335 0.046767 -0.431443 -0.285504 -0.017565 -0.784134
    9 1.539097 0.000000 0.000000 0.000000 0.000000 -1.245683
    10 1.196326 -0.000002 -0.000001 0.000000 0.000000 -1.745421
    11 3.883696 -0.046765 0.431443 -0.050962 -0.030890 -0.633922
    12 1.719570 -0.000004 -0.000001 0.000000 0.000003 -1.439221
    13 1.209171 -0.000002 0.000000 0.000000 0.000004 -1.344591
    14 3.859865 -0.137947 1.332466 0.172367 -0.028033 -0.754293
    15 1.719429 0.000002 -0.000001 0.000000 0.000011 -1.525950
    16 1.099665 0.000000 0.000000 0.000000 0.000007 -1.384572
    17 0.806053 -0.348925 1.321258 -1.297247 -0.379837 -0.751846
    18 1.789780 -0.000002 0.000002 0.000000 0.000000 0.272375
    19 1.207006 0.000000 0.000000 0.000000 0.000000 0.438207
    20 2.033356 1.000772 -1.937610 -0.104119 -0.097955 -1.638025
    21 6.028144 0.000000 0.000000 -0.269040 0.453831 -2.846010
    22 11.692554 0.000001 0.000003 0.000000 -0.000024 -1.015067
    23 11.481697 0.000001 0.000002 -1.152094 -0.186448 0.330038
    24 3.859678 -0.132570 1.193109 0.121614 -0.096285 -0.922066
    25 1.312557 -0.000002 0.000001 0.000000 0.000000 -0.614204
    26 0.729365 0.000002 -0.000002 0.000000 0.000000 -1.378700
    27 3.942305 0.050327 0.431044 0.052416 -0.034069 -0.893750
    28 1.539099 -0.000002 0.000000 0.000000 0.000000 -1.033145
    29 1.196321 0.000008 0.000000 0.000000 0.000000 -1.390664
    30 3.883661 -0.050323 -0.431042 0.015688 -0.124349 -0.775366
    31 1.719578 0.000004 0.000000 0.000000 -0.007974 -1.588129
    32 1.209185 0.000002 0.000000 0.000000 -0.004460 -0.914507
    33 3.859838 -0.148937 -1.331282 0.137047 0.112668 -0.145630
    34 1.719423 0.000002 0.000000 0.000000 -0.006612 -0.973834
    35 1.099667 0.000002 0.000000 0.000000 -0.004210 -1.029708
    36 0.806021 -0.359837 -1.318334 1.307340 0.325303 -0.670093
    37 1.789782 0.000000 -0.000004 0.019720 0.080233 0.520342
    38 1.206999 0.000003 0.000002 0.000000 0.000000 0.467622
    39 1.292969 -6.652344 -31.890625 1.570792 0.000003 -0.000003
    40 -8.322349 28.051850 15.257162 -0.083437 0.028331 0.031855
  time 39
    0 1.292969 -2.785156 -12.101563 -1.570781 -1.391896 -1.570809
    1 2.033349 1.000767 1.937660 2.856279 -0.086961 1.424556
    2 6.028141 0.000000 0.000000 -2.168261 0.108712 -0.703732
    3 11.692554 0.000001 0.000002 0.000000 0.000000 -1.655787
    4 11.481674 0.000001 -0.000032 1.249718 -0.791614 0.446177
    5 3.859709 -0.142404 -1.191975 -0.397735 0.127252 -0.760455
    6 1.312555 -0.000002 0.000001 0.000000 0.000000 -1.064339
    7 0.729363 -0.000002 -0.000002 0.000000 0.000000 -0.956493
    8 3.942335 0.046767 -0.431443 -0.288884 -0.042949 -0.639263
    9 1.539097 0.000000 0.000000 0.000000 0.000000 -1.127230
    10 1.196326 -0.000002 -0.000001 0.000000 0.000000 -1.556280
    11 3.883696 -0.046765 0.431443 -0.048841 -0.078733 -0.512332
    12 1.719570 -0.000004 -0.000001 0.000000 0.000003 -1.299675
    13 1.209171 -0.000002 0.000000 0.000000 0.000004 -1.173094
    14 3.859865 -0.137947 1.332466 0.201130 -0.082143 -0.624496
    15 1.719429 0.000002 -0.000001 0.000000 0.000011 -1.339146
    16 1.099665 0.000000 0.000000 0.000000 0.000007 -1.189711
    17 0.806053 -0.348925 1.321258 -1.296446 -0.382818 -0.752901
    18 1.789780 -0.000002 0.000002 0.000000 0.000000 0.212260
    19 1.207006 0.000000 0.000000 0.000000 0.000000 0.397064
    20 2.033356 1.000772 -1.937610 -0.104119 -0.097955 -1.638025
    21 6.028144 0.000000 0.000000 -0.256929 0.461083 -2.819669
    22 11.692554 0.000001 0.000003 0.000000 0.000000 -1.068827
    23 11.481697 0.000001 0.000002 -1.180927 -0.173465 0.367610
    24 3.859678 -0.132570 1.193109 0.121614 -0.096285 -0.922066
    25 1.312557 -0.000002 0.000001 0.000000 0.000000 -0.614204
    26 0.729365 0.000002 -0.000002 0.000000 0.000000 -1.378700
    27 3.942305 0.050327 0.431044 0.052416 -0.034069 -0.893750
    28 1.539099 -0.000002 0.000000 0.000000 0.000000 -1.033145
    29 1.196321 0.000008 0.000000 0.000000 0.000000 -1.390664
    30 3.883661 -0.050323 -0.431042 0.015688 -0.124349 -0.775366
    31 1.719578 0.000004 0.000000 0.000000 -0.007974 -1.588129
    32 1.209185 0.000002 0.000000 0.000000 -0.004460 -0.914507
    33 3.859838 -0.148937 -1.331282 0.137047 0.112668 -0.145630
    34 1.719423 0.000002 0.000000 0.000000 -0.006612 -0.973834
    35 1.099667 0.000002 0.000000 0.000000 -0.004210 -1.029708
    36 0.806021 -0.359837 -1.318334 1.307340 0.325303 -0.670093
    37 1.789782 0.000000 -0.000004 0.019720 0.080233 0.520342
    38 1.206999 0.000003 0.000002 0.000000 0.000000 0.467622
    39 1.292969 -6.652344 -31.890625 1.570792 0.000003 -0.000003
    40 -8.212971 28.020599 15.011060 -0.077433 0.007670 0.008353
  time 40
    0 1.292969 -2.785156 -12.101563 -1.570781 -1.391896 -1.570809
    1 2.033349 1.000767 1.937660 2.856279 -0.086961 1.424556
    2 6.028141 0.000000 0.000000 -2.134461 0.123600 -0.597196
    3 11.692554 0.000001 0.000002 0.000000 0.000000 -1.626772
    4 11.481674 0.000001 -0.000032 1.172514 -0.636596 0.639924
    5 3.859709 -0.142404 -1.191975 -0.412441 0.079482 -0.511762
    6 1.312555 -0.000002 0.000001 0.000000 0.000000 -0.769285
    7 0.729363 -0.000002 -0.000002 0.000000 0.000000 -0.666841
    8 3.942335 0.046767 -0.431443 -0.288225 -0.095046 -0.372134
    9 1.539097 0.000000 0.000000 0.000000 0.000000 -0.907222
    10 1.196326 -0.000002 -0.000001 0.000000 0.000000 -1.204909
    11 3.883696 -0.046765 0.431443 -0.048050 -0.168306 -0.286038
    12 1.719570 -0.000004 -0.000001 0.000000 0.000003 -1.040344
    13 1.209171 -0.000002 0.000000 0.000000 0.000004 -0.854411
    14 3.859865 -0.137947 1.332466 0.238258 -0.182934 -0.381461
    15 1.719429 0.000002 -0.000001 0.000000 0.000011 -0.991811
    16 1.099665 0.000000 0.000000 0.000000 0.000007 -0.827419
    17 0.806053 -0.348925 1.321258 -1.294947 -0.388365 -0.754866
    18 1.789780 -0.000002 0.000002 0.000000 0.000000 0.100516
    19 1.207006 0.000000 0.000000 0.000000 0.000000 0.320614
    20 2.033356 1.000772 -1.937610 -0.104119 -0.097955 -1.638025
    21 6.028144 0.000000 0.000000 -0.244819 0.468668 -2.795173
    22 11.692554 0.000001 0.000003 0.000000 0.000000 -1.123880
    23 11.481697 0.000001 0.000002 -1.201610 -0.169613 0.413499
    24 3.859678 -0.132570 1.193109 0.121614 -0.096285 -0.922066
    25 1.312557 -0.000002 0.000001 0.000000 0.000000 -0.614204
    26 0.729365 0.000002 -0.000002 0.000000 0.000000 -1.378700
    27 3.942305 0.050327 0.431044 0.052416 -0.034069 -0.893750
    28 1.539099 -0.000002 0.000000 0.000000 0.000000 -1.033145
    29 1.196321 0.000008 0.000000 0.000000 0.000000 -1.390664
    30 3.883661 -0.050323 -0.431042 0.015688 -0.124349 -0.775366
    31 1.719578 0.000004 0.000000 0.000000 -0.007974 -1.588166
    32 1.209185 0.000002 0.000000 0.000000 -0.004460 -0.914507
    33 3.859838 -0.148937 -1.331282 0.137047 0.112668 -0.145630
    34 1.719423 0.000002 0.000000 0.000000 -0.006612 -0.973834
    35 1.099667 0.000002 0.000000 0.000000 -0.004210 -1.029708
    36 0.806021 -0.359837 -1.318334 1.307340 0.325303 -0.670093
    37 1.789782 0.000000 -0.000004 0.019720 0.080233 0.520342
    38 1.206999 0.000003 0.000002 0.000000 0.000000 0.467622
    39 1.292969 -6.652344 -31.890625 1.570792 0.000003 -0.000003
    40 -8.103592 28.008880 14.761053 -0.064166 -0.005897 -0.006232
  time 41
    0 1.292969 -2.785156 -12.101563 -1.570781 -1.391896 -1.570809
    1 2.033349 1.000767 1.937660 2.856279 -0.086961 1.424556
    2 6.028141 0.000000 0.000000 -2.113557 0.094711 -0.524350
    3 11.692554 0.000001 0.000002 0.000000 0.000000 -1.591335
    4 11.481674 0.000001 -0.000032 1.147552 -0.478029 0.812424
    5 3.859709 -0.142404 -1.191975 -0.411889 0.013411 -0.265279
    6 1.312555 -0.000002 0.000001 0.000000 0.000000 -0.465590
    7 0.729363 -0.000002 -0.000002 0.000000 0.000000 -0.368702
    8 3.942335 0.046767 -0.431443 -0.279656 -0.157354 -0.101616
    9 1.539097 0.000000 0.000000 0.000000 0.000000 -0.681121
    10 1.196326 -0.000002 -0.000001 0.000000 0.000000 -0.843748
    11 3.883696 -0.046765 0.431443 -0.051729 -0.260383 -0.051838
    12 1.719570 -0.000004 -0.000001 0.000000 0.000003 -0.773692
    13 1.209171 -0.000002 0.000000 0.000000 0.000004 -0.526693
    14 3.859865 -0.137947 1.332466 0.253731 -0.282082 -0.124739
    15 1.719429 0.000002 -0.000001 0.000000 0.000011 -0.634197
    16 1.099665 0.000000 0.000000 0.000000 0.000007 -0.454476
    17 0.806053 -0.348925 1.321258 -1.293396 -0.394055 -0.756916
    18 1.789780 -0.000002 0.000002 0.000000 0.000000 -0.014429
    19 1.207006 0.000000 0.000000 0.000000 0.000000 0.241971
    20 2.033356 1.000772 -1.937610 -0.104119 -0.097955 -1.638025
    21 6.028144 0.000000 0.000000 -0.233536 0.475898 -2.774032
    22 11.692554 0.000001 0.000003 0.000000 0.000000 -1.175637
    23 11.481697 0.000001 0.000002 -1.214653 -0.173118 0.461809
    24 3.859678 -0.132570 1.193109 0.121614 -0.096285 -0.922066
    25 1.312557 -0.000002 0.000001 0.000000 0.000000 -0.614204
    26 0.729365 0.000002 -0.000002 0.000000 0.000000 -1.378735
    27 3.942305 0.050327 0.431044 0.052416 -0.034069 -0.893750
    28 1.539099 -0.000002 0.000000 0.000000 0.000000 -1.033145
    29 1.196321 0.000008 0.000000 0.000000 0.000000 -1.390664
    30 3.883661 -0.050323 -0.431042 0.015688 -0.124349 -0.775366
    31 1.719578 0.000004 0.000000 0.000000 -0.007974 -1.588129
    32 1.209185 0.000002 0.000000 0.000000 -0.004460 -0.914507
    33 3.859838 -0.148937 -1.331282 0.137047 0.112668 -0.145630
    34 1.719423 0.000002 0.000000 0.000000 -0.006612 -0.973834
    35 1.099667 0.000002 0.000000 0.000000 -0.004210 -1.029708
    36 0.806021 -0.359837 -1.318334 1.307340 0.325303 -0.670093
    37 1.789782 0.000000 -0.000004 0.019720 0.080233 0.520342
    38 1.206999 0.000003 0.000002 0.000000 0.000000 0.467622
    39 1.292969 -6.652344 -31.890625 1.570792 0.000003 -0.000003
    40 -8.002027 28.012786 14.518858 -0.047172 -0.012752 -0.013159
  time 42
    0 1.292969 -2.785156 -12.101563 -1.570781 -1.391896 -1.570809
    1 2.033349 1.000767 1.937660 2.856279 -0.086961 1.424556
    2 6.028141 0.000000 0.000000 -2.105799 0.042119 -0.477737
    3 11.692554 0.000001 0.000002 0.000000 0.000000 -1.553037
    4 11.481674 0.000001 -0.000032 1.168740 -0.420167 0.950692
    5 3.859709 -0.142404 -1.191975 -0.407287 -0.034228 -0.125806
    6 1.312555 -0.000002 0.000001 0.000000 0.000000 -0.287633
    7 0.729363 -0.000002 -0.000002 0.000000 0.000000 -0.193965
    8 3.942335 0.046767 -0.431443 -0.272177 -0.197945 0.056680
    9 1.539097 0.000000 0.000000 0.000000 0.000000 -0.549663
    10 1.196326 -0.000002 -0.000001 0.000000 0.000000 -0.633525
    11 3.883696 -0.046765 0.431443 -0.056295 -0.313199 0.088558
    12 1.719570 -0.000004 -0.000001 0.000000 0.000003 -0.618080
    13 1.209171 -0.000002 0.000000 0.000000 0.000004 -0.335368
    14 3.859865 -0.137947 1.332466 0.253143 -0.335210 0.031674
    15 1.719429 0.000002 -0.000001 0.000000 0.000011 -0.424238
    16 1.099665 0.000000 0.000000 0.000000 0.000007 -0.235722
    17 0.806053 -0.348925 1.321258 -1.292478 -0.397380 -0.758114
    18 1.789780 -0.000002 0.000002 0.000000 0.000000 -0.081602
    19 1.207006 0.000000 0.000000 0.000000 0.000000 0.196023
    20 2.033356 1.000772 -1.937610 -0.104119 -0.097955 -1.638025
    21 6.028144 0.000000 0.000000 -0.223912 0.482263 -2.757254
    22 11.692554 0.000001 0.000003 0.000000 0.000000 -1.219899
    23 11.481697 0.000001 0.000002 -1.219480 -0.183187 0.506388
    24 3.859678 -0.132570 1.193109 0.121614 -0.096285 -0.922066
    25 1.312557 -0.000002 0.000001 0.000000 0.000000 -0.614204
    26 0.729365 0.000002 -0.000002 0.000000 0.000000 -1.378700
    27 3.942305 0.050327 0.431044 0.052416 -0.034069 -0.893750
    28 1.539099 -0.000002 0.000000 0.000000 0.000000 -1.033145
    29 1.196321 0.000008 0.000000 0.000000 0.000000 -1.390664
    30 3.883661 -0.050323 -0.431042 0.015688 -0.124349 -0.775366
    31 1.719578 0.000004 0.000000 0.000000 -0.007974 -1.588129
    32 1.209185 0.000002 0.000000 0.000000 -0.004460 -0.914507
    33 3.859838 -0.148937 -1.331282 0.137047 0.112668 -0.145630
    34 1.719423 0.000002 0.000000 0.000000 -0.006612 -0.973834
    35 1.099667 0.000002 0.000000 0.000000 -0.004210 -1.029708
    36 0.806021 -0.359837 -1.318334 1.307340 0.325303 -0.670093
    37 1.789782 0.000000 -0.000004 0.019720 0.080233 0.520342
    38 1.206999 0.000003 0.000002 0.000000 0.000000 0.467622
    39 1.292969 -6.652344 -31.890625 1.570792 0.000003 -0.000003
    40 -7.912180 28.024505 14.307914 -0.029639 -0.012416 -0.012596
  time 43
    0 1.292969 -2.785156 -12.101563 -1.570781 -1.391896 -1.570809
    1 2.033349 1.000767 1.937660 2.856279 -0.086961 1.424556
    2 6.028141 0.000000 0.000000 -2.111212 -0.020732 -0.455523
    3 11.692554 0.000001 0.000002 0.000000 0.000000 -1.515791
    4 11.481674 0.000001 -0.000032 1.093479 -0.452967 1.073412
    5 3.859709 -0.142404 -1.191975 -0.416383 0.044475 -0.361468
    6 1.312555 -0.000002 0.000001 0.000000 0.000000 -0.590014
    7 0.729363 -0.000002 -0.000002 0.000000 0.000000 -0.490796
    8 3.942335 0.046767 -0.431443 -0.284893 -0.129154 -0.207509
    9 1.539097 0.000000 0.000000 0.000000 0.000000 -0.775231
    10 1.196326 -0.000002 -0.000001 0.000000 0.000000 -0.993770
    11 3.883696 -0.046765 0.431443 -0.049883 -0.221673 -0.144631
    12 1.719570 -0.000004 -0.000001 0.000000 0.000003 -0.883919
    13 1.209171 -0.000002 0.000000 0.000000 0.000004 -0.662047
    14 3.859865 -0.137947 1.332466 0.252484 -0.241730 -0.229363
    15 1.719429 0.000002 -0.000001 0.000000 0.000011 -0.780182
    16 1.099665 0.000000 0.000000 0.000000 0.000007 -0.606951
    17 0.806053 -0.348925 1.321258 -1.294042 -0.391704 -0.756065
    18 1.789780 -0.000002 0.000002 0.000000 0.000000 0.032947
    19 1.207006 0.000000 0.000000 0.000000 0.000000 0.274390
    20 2.033356 1.000772 -1.937610 -0.104119 -0.097955 -1.638025
    21 6.028144 0.000000 0.000000 -0.216518 0.487364 -2.745426
    22 11.692554 0.000001 0.000003 0.000000 0.000000 -1.253563
    23 11.481697 0.000001 0.000002 -1.218174 -0.196904 0.542392
    24 3.859678 -0.132570 1.193109 0.121614 -0.096285 -0.922066
    25 1.312557 -0.000002 0.000001 0.000000 0.000000 -0.614204
    26 0.729365 0.000002 -0.000002 0.000000 0.000000 -1.378700
    27 3.942305 0.050327 0.431044 0.052416 -0.034069 -0.893750
    28 1.539099 -0.000002 0.000000 0.000000 0.000000 -1.033145
    29 1.196321 0.000008 0.000000 0.000000 0.000000 -1.390664
    30 3.883661 -0.050323 -0.431042 0.015688 -0.124349 -0.775366
    31 1.719578 0.000004 0.000000 0.000000 -0.007974 -1.588129
    32 1.209185 0.000002 0.000000 0.000000 -0.004460 -0.914507
    33 3.859838 -0.148937 -1.331282 0.137047 0.112668 -0.145630
    34 1.719423 0.000002 0.000000 0.000000 -0.006612 -0.973834
    35 1.099667 0.000002 0.000000 0.000000 -0.004210 -1.029708
    36 0.806021 -0.359837 -1.318334 1.307340 0.325303 -0.670093
    37 1.789782 0.000000 -0.000004 0.019720 0.080233 0.520342
    38 1.206999 0.000003 0.000002 0.000000 0.000000 0.467622
    39 1.292969 -6.652344 -31.890625 1.570792 0.000003 -0.000003
    40 -7.841866 28.040131 14.139940 -0.014382 -0.007143 -0.007119
  time 44
    0 1.292969 -2.785156 -12.101563 -1.570781 -1.391896 -1.570809
    1 2.033349 1.000767 1.937660 2.856279 -0.086961 1.424556
    2 6.028141 0.000000 0.000000 -2.123435 -0.074933 -0.450797
    3 11.692554 0.000001 0.000002 0.000000 0.000000 -1.486601
    4 11.481674 0.000001 -0.000032 0.928084 -0.478302 1.182537
    5 3.859709 -0.142404 -1.191975 -0.395231 0.128487 -0.774153
    6 1.312555 -0.000002 0.000001 0.000000 0.000000 -1.078866
    7 0.729363 -0.000002 -0.000002 0.000000 0.000000 -0.970767
    8 3.942335 0.046767 -0.431443 -0.288225 -0.041247 -0.654224
    9 1.539097 0.000000 0.000000 0.000000 0.000000 -1.137439
    10 1.196326 -0.000002 -0.000001 0.000000 0.000000 -1.572736
    11 3.883696 -0.046765 0.431443 -0.048949 -0.074778 -0.524801
    12 1.719570 -0.000004 -0.000001 0.000000 0.000003 -1.312013
    13 1.209171 -0.000002 0.000000 0.000000 0.000004 -1.188297
    14 3.859865 -0.137947 1.332466 0.197727 -0.077421 -0.637048
    15 1.719429 0.000002 -0.000001 0.000000 0.000011 -1.356475
    16 1.099665 0.000000 0.000000 0.000000 0.000007 -1.207694
    17 0.806053 -0.348925 1.321258 -1.296510 -0.382560 -0.752805
    18 1.789780 -0.000002 0.000002 0.000000 0.000000 0.217641
    19 1.207006 0.000000 0.000000 0.000000 0.000000 0.400743
    20 2.033356 1.000772 -1.937610 -0.104119 -0.097955 -1.638025
    21 6.028144 0.000000 0.000000 -0.211865 0.490668 -2.738463
    22 11.692554 0.000001 0.000003 0.000000 -0.000012 -1.274757
    23 11.481697 0.000001 0.000002 -1.216380 -0.207360 0.565778
    24 3.859678 -0.132570 1.193109 0.121614 -0.096285 -0.922066
    25 1.312557 -0.000002 0.000001 0.000000 0.000000 -0.614204
    26 0.729365 0.000002 -0.000002 0.000000 0.000000 -1.378700
    27 3.942305 0.050327 0.431044 0.052416 -0.034069 -0.893750
    28 1.539099 -0.000002 0.000000 0.000000 0.000000 -1.033145
    29 1.196321 0.000008 0.000000 0.000000 0.000000 -1.390664
    30 3.883661 -0.050323 -0.431042 0.015688 -0.124349 -0.775366
    31 1.719578 0.000004 0.000000 0.000000 -0.007974 -1.588129
    32 1.209185 0.000002 0.000000 0.000000 -0.004460 -0.914507
    33 3.859838 -0.148937 -1.331282 0.137047 0.112668 -0.145630
    34 1.719423 0.000002 0.000000 0.000000 -0.006612 -0.973834
    35 1.099667 0.000002 0.000000 0.000000 -0.004210 -1.029708
    36 0.806021 -0.359837 -1.318334 1.307340 0.325303 -0.670093
    37 1.789782 0.000000 -0.000004 0.019720 0.080233 0.520342
    38 1.206999 0.000003 0.000002 0.000000 0.000000 0.467622
    39 1.292969 -6.652344 -31.890625 1.570792 0.000003 -0.000003
    40 -7.794989 28.055756 14.030562 -0.003836 -0.002205 -0.002181
  time 45
    0 1.292969 -2.785156 -12.101563 -1.570781 -1.391896 -1.570809
    1 2.033349 1.000767 1.937660 2.856279 -0.086961 1.424556
    2 6.028141 0.000000 0.000000 -2.130370 -0.097778 -0.451826
    3 11.692554 0.000001 0.000002 0.000000 0.000000 -1.474983
    4 11.481674 0.000001 -0.000032 0.834812 -0.486282 1.230038
    5 3.859709 -0.142404 -1.191975 -0.372616 0.151269 -0.938030
    6 1.312555 -0.000002 0.000001 0.000000 0.000000 -1.267535
    7 0.729363 -0.000002 -0.000002 0.000000 0.000000 -1.156022
    8 3.942335 0.046767 -0.431443 -0.282544 -0.012807 -0.829971
    9 1.539097 0.000000 0.000000 0.000000 0.000000 -1.277064
    10 1.196326 -0.000002 -0.000001 0.000000 0.000000 -1.795915
    11 3.883696 -0.046765 0.431443 -0.051693 -0.018858 -0.672072
    12 1.719570 -0.000004 -0.000001 0.000000 0.000003 -1.477115
    13 1.209171 -0.000002 0.000000 0.000000 0.000004 -1.391310
    14 3.859865 -0.137947 1.332466 0.160083 -0.013795 -0.792652
    15 1.719429 0.000002 -0.000001 0.000000 0.000011 -1.578940
    16 1.099665 0.000000 0.000000 0.000000 0.000007 -1.439580
    17 0.806053 -0.348925 1.321258 -1.297467 -0.379020 -0.751559
    18 1.789780 -0.000002 0.000002 0.000000 0.000000 0.288877
    19 1.207006 0.000000 0.000000 0.000000 0.000000 0.449497
    20 2.033356 1.000772 -1.937610 -0.104119 -0.097955 -1.638025
    21 6.028144 0.000000 0.000000 -0.210271 0.491799 -2.736282
    22 11.692554 0.000001 0.000003 0.000000 0.000000 -1.282059
    23 11.481697 0.000001 0.000002 -1.215273 -0.211641 0.574096
    24 3.859678 -0.132570 1.193109 0.121614 -0.096285 -0.922066
    25 1.312557 -0.000002 0.000001 0.000000 0.000000 -0.614204
    26 0.729365 0.000002 -0.000002 0.000000 0.000000 -1.378700
    27 3.942305 0.050327 0.431044 0.052416 -0.034069 -0.893750
    28 1.539099 -0.000002 0.000000 0.000000 0.000000 -1.033145
    29 1.196321 0.000008 0.000000 0.000000 0.000000 -1.390664
    30 3.883661 -0.050323 -0.431042 0.015688 -0.124349 -0.775366
    31 1.719578 0.000004 0.000000 0.000000 -0.007974 -1.588129
    32 1.209185 0.000002 0.000000 0.000000 -0.004460 -0.914507
    33 3.859838 -0.148937 -1.331282 0.137047 0.112668 -0.145630
    34 1.719423 0.000002 0.000000 0.000000 -0.006612 -0.973834
    35 1.099667 0.000002 0.000000 0.000000 -0.004210 -1.029708
    36 0.806021 -0.359837 -1.318334 1.307340 0.325303 -0.670093
    37 1.789782 0.000000 -0.000004 0.019720 0.080233 0.520342
    38 1.206999 0.000003 0.000002 0.000000 0.000000 0.467622
    39 1.292969 -6.652344 -31.890625 1.570792 0.000003 -0.000003
    40 -7.775457 28.059662 13.991498 -0.000001 0.000000 0.000000
end
