// Created by Crowbar 0.74
version 1
nodes
  0 "Base" -1
  1 "Leftright" 0
  2 "Gun" 1
  3 "Barrel" 2
  4 "cover" 2
end
skeleton
  time 0
    0 0.748472 0.238418 17.889942 1.570796 0.000000 0.000000
    1 0.332457 15.529396 -0.220379 0.000000 0.000000 0.000000
    2 2.006938 17.841654 7.452806 0.000000 0.000000 0.000000
    3 1.671227 1.473717 3.726596 0.000000 0.000000 0.000000
    4 2.516212 0.478182 -0.870788 0.000000 0.000000 0.000000
end
triangles
combine_gun002
  3 5.323028 -12.004867 52.299194 0.923880 0.000000 -0.382683 0.750645 0.495731 1 3 1.000000
  3 4.975384 -15.547554 51.804199 -0.382373 -0.040227 -0.923132 0.738584 0.573444 1 3 1.000000
  3 4.729564 -12.004867 52.053375 -0.382683 0.000000 -0.923880 0.732554 0.495731 1 3 1.000000
combine_gun002
  3 5.268800 -17.386000 52.005798 -0.875307 -0.483504 -0.007900 0.744600 0.613800 1 3 1.000000
  3 4.760000 -17.386000 52.083801 -0.785309 -0.129502 0.605407 0.732600 0.613800 1 3 1.000000
  3 4.975384 -15.547554 51.804199 -0.382373 -0.040227 -0.923132 0.738584 0.573444 1 3 1.000000
combine_gun002
  3 4.480386 -15.547554 52.299194 -0.923132 -0.040227 -0.382373 0.726524 0.573444 1 3 1.000000
  3 4.975384 -15.547554 51.804199 -0.382373 -0.040227 -0.923132 0.738584 0.573444 1 3 1.000000
  3 4.760000 -17.386000 52.083801 -0.785309 -0.129502 0.605407 0.732600 0.613800 1 3 1.000000
combine_gun002
  3 4.480386 -15.547554 52.299194 -0.923132 -0.040227 -0.382373 0.726524 0.573444 1 3 1.000000
  3 4.760000 -17.386000 52.083801 -0.785309 -0.129502 0.605407 0.732600 0.613800 1 3 1.000000
  3 4.682018 -17.386028 52.592564 -0.382373 -0.040227 0.923132 0.720494 0.613772 1 3 1.000000
combine_gun002
  3 4.729564 -12.004867 52.053375 -0.923880 0.000000 -0.382683 0.732554 0.495731 1 3 1.000000
  3 4.975384 -15.547554 51.804199 0.382373 -0.040227 -0.923132 0.738584 0.573444 1 3 1.000000
  3 4.480386 -15.547554 52.299194 -0.923132 -0.040227 -0.382373 0.726524 0.573444 1 3 1.000000
combine_gun002
  3 4.480386 -15.547554 52.299194 -0.923132 -0.040227 -0.382373 0.726524 0.573444 1 3 1.000000
  3 4.682000 -17.386000 52.592602 0.929661 -0.104496 -0.353285 0.720500 0.613800 1 3 1.000000
  3 4.975384 -15.547554 52.794193 -0.382373 -0.040227 0.923132 0.714463 0.573444 1 3 1.000000
combine_gun002
  3 4.729564 -12.004867 52.545017 -0.382683 0.000000 0.923880 0.720494 0.495731 1 3 1.000000
  3 4.480386 -15.547554 52.299194 -0.923132 -0.040227 -0.382373 0.726524 0.573444 1 3 1.000000
  3 4.975384 -15.547554 52.794193 -0.382373 -0.040227 0.923132 0.714463 0.573444 1 3 1.000000
combine_gun002
  3 4.682018 -17.386028 52.592564 -0.382373 -0.040227 0.923132 0.720494 0.613772 1 3 1.000000
  3 4.975400 -17.386000 52.603802 -0.037898 -0.102996 0.993959 0.714500 0.613800 1 3 1.000000
  3 4.975384 -15.547554 52.794193 -0.382373 -0.040227 0.923132 0.714463 0.573444 1 3 1.000000
combine_gun002
  3 4.729564 -12.004867 52.545017 -0.923880 0.000000 0.382683 0.720494 0.495731 1 3 1.000000
  3 4.975384 -15.547554 52.794193 -0.382373 -0.040227 0.923132 0.714463 0.573444 1 3 1.000000
  3 4.975384 -12.004867 52.646839 -0.382683 0.000000 0.923880 0.714463 0.495731 1 3 1.000000
combine_gun002
  3 4.729564 -12.004867 52.053375 -0.923880 0.000000 -0.382683 0.732554 0.495731 1 3 1.000000
  3 4.480386 -15.547554 52.299194 -0.923132 -0.040227 0.382373 0.726524 0.573444 1 3 1.000000
  3 4.729564 -12.004867 52.545017 -0.923880 0.000000 0.382683 0.720494 0.495731 1 3 1.000000
combine_gun002
  3 5.470382 -15.547554 52.299194 0.923132 -0.040227 -0.382373 0.750645 0.573444 1 3 1.000000
  3 5.268751 -17.386028 52.592564 0.923132 -0.040227 0.382373 0.756675 0.613772 1 3 1.000000
  3 5.268751 -17.386028 52.005829 0.923132 -0.040227 -0.382373 0.744614 0.613772 1 3 1.000000
combine_gun002
  3 5.470382 -15.547554 52.299194 0.923132 -0.040227 -0.382373 0.750645 0.573444 1 3 1.000000
  3 5.268751 -17.386028 52.005829 0.923132 -0.040227 -0.382373 0.744614 0.613772 1 3 1.000000
  3 4.975384 -15.547554 51.804199 0.382373 -0.040227 -0.923132 0.738584 0.573444 1 3 1.000000
combine_gun002
  3 5.323028 -12.004867 52.299194 0.923880 0.000000 -0.382683 0.750645 0.495731 1 3 1.000000
  3 5.470382 -15.547554 52.299194 0.923132 -0.040227 -0.382373 0.750645 0.573444 1 3 1.000000
  3 4.975384 -15.547554 51.804199 0.382373 -0.040227 -0.923132 0.738584 0.573444 1 3 1.000000
combine_gun002
  3 4.975384 -12.004867 52.646839 0.382683 0.000000 0.923880 0.762705 0.495731 1 3 1.000000
  3 5.470382 -15.547554 52.299194 0.923132 -0.040227 -0.382373 0.750645 0.573444 1 3 1.000000
  3 5.323028 -12.004867 52.299194 0.923880 0.000000 -0.382683 0.750645 0.495731 1 3 1.000000
combine_gun002
  3 4.975384 -12.004867 52.646839 0.382683 0.000000 0.923880 0.762705 0.495731 1 3 1.000000
  3 4.975384 -15.547554 52.794193 0.382373 -0.040227 0.923132 0.762705 0.573444 1 3 1.000000
  3 5.470382 -15.547554 52.299194 0.923132 -0.040227 -0.382373 0.750645 0.573444 1 3 1.000000
combine_gun002
  3 4.975384 -15.547554 52.794193 0.382373 -0.040227 0.923132 0.762705 0.573444 1 3 1.000000
  3 4.975400 -17.386000 52.603802 -0.067397 -0.523480 -0.849368 0.714500 0.613800 1 3 1.000000
  3 5.268751 -17.386028 52.592564 0.923132 -0.040227 0.382373 0.756675 0.613772 1 3 1.000000
combine_gun002
  3 5.268751 -17.386028 52.592564 0.382373 -0.040227 0.923132 0.756675 0.613772 1 3 1.000000
  3 5.470382 -15.547554 52.299194 0.923132 -0.040227 0.382373 0.750645 0.573444 1 3 1.000000
  3 4.975384 -15.547554 52.794193 0.382373 -0.040227 0.923132 0.762705 0.573444 1 3 1.000000
combine_gun002
  1 -1.272823 -1.169280 26.932007 0.000000 -0.067514 -0.997718 0.999543 0.973747 1 1 1.000000
  1 2.257655 -10.053371 28.139883 0.000000 -0.134720 -0.990884 0.944757 0.834933 1 1 1.000000
  1 -0.009612 -10.053371 28.139883 0.000000 -0.134720 -0.990884 0.979940 0.834933 1 1 1.000000
combine_gun002
  1 -1.272823 -1.169280 26.932007 0.000000 -0.067514 -0.997718 0.999543 0.973747 1 1 1.000000
  1 3.520865 -1.169280 26.932007 0.000000 -0.067514 -0.997718 0.925154 0.973747 1 1 1.000000
  1 2.257655 -10.053371 28.139883 0.000000 -0.134720 -0.990884 0.944757 0.834933 1 1 1.000000
combine_gun002
  1 -1.272823 -1.169280 26.932007 0.000000 -0.067514 -0.997718 0.999543 0.973747 1 1 1.000000
  1 2.186090 0.495425 26.932007 0.000000 0.000000 -1.000000 0.945868 0.999521 1 1 1.000000
  1 3.520865 -1.169280 26.932007 0.000000 -0.067514 -0.997718 0.925154 0.973747 1 1 1.000000
combine_gun002
  1 -1.272823 -1.169280 26.932007 0.000000 -0.067514 -0.997718 0.999543 0.973747 1 1 1.000000
  1 0.061952 0.495425 26.932007 0.000000 0.000000 -1.000000 0.978830 0.999521 1 1 1.000000
  1 2.186090 0.495425 26.932007 0.000000 0.000000 -1.000000 0.945868 0.999521 1 1 1.000000
combine_gun002
  1 -1.127936 -3.000485 35.025120 0.000000 0.160950 -0.986962 0.615502 0.909739 1 1 1.000000
  1 0.780323 -7.437746 34.301510 0.000000 0.160950 -0.986962 0.545171 0.939591 1 1 1.000000
  1 -1.127936 -7.437746 34.301510 0.000000 0.160950 -0.986962 0.545171 0.909739 1 1 1.000000
combine_gun002
  1 -1.127936 -3.000485 35.025120 0.000000 0.160950 -0.986962 0.615502 0.909739 1 1 1.000000
  1 0.780323 -3.000485 35.025120 0.000000 0.160950 -0.986962 0.615502 0.939591 1 1 1.000000
  1 0.780323 -7.437746 34.301510 0.000000 0.160950 -0.986962 0.545171 0.939591 1 1 1.000000
combine_gun002
  1 0.780323 -1.528511 38.753704 0.000000 0.982380 -0.186894 0.601152 0.336564 1 1 1.000000
  1 0.780323 -3.000485 35.025120 0.000000 0.930141 -0.367202 0.601152 0.251761 1 1 1.000000
  1 -1.127936 -3.000485 35.025120 0.000000 0.930141 -0.367202 0.642246 0.251761 1 1 1.000000
combine_gun002
  1 0.780323 -1.528511 38.753704 0.000000 0.982380 -0.186894 0.601152 0.336564 1 1 1.000000
  1 -1.127936 -3.000485 35.025120 0.000000 0.930141 -0.367202 0.642246 0.251761 1 1 1.000000
  1 -1.127936 -1.528511 38.753704 0.000000 0.982380 -0.186894 0.642246 0.336564 1 1 1.000000
combine_gun002
  1 -0.570596 -1.528511 43.322742 0.000000 1.000000 0.000000 0.630243 0.433223 1 1 1.000000
  1 0.780323 -1.528511 38.753704 0.000000 0.982380 -0.186894 0.601152 0.336564 1 1 1.000000
  1 -1.127936 -1.528511 38.753704 0.000000 0.982380 -0.186894 0.642246 0.336564 1 1 1.000000
combine_gun002
  1 -0.570596 -1.528511 43.322742 0.000000 1.000000 0.000000 0.630243 0.433223 1 1 1.000000
  1 0.958173 -1.528511 43.322742 0.000000 1.000000 0.000000 0.597322 0.433223 1 1 1.000000
  1 0.780323 -1.528511 38.753704 0.000000 0.982380 -0.186894 0.601152 0.336564 1 1 1.000000
combine_gun002
  1 -1.127936 -1.528511 38.753704 -0.998797 -0.007632 0.048442 0.073340 0.700203 1 1 1.000000
  1 -0.570596 -8.909721 43.322742 -0.995190 -0.015245 0.096767 0.195882 0.778650 1 1 1.000000
  1 -0.570596 -1.528511 43.322742 -0.995190 -0.015245 0.096767 0.072447 0.777502 1 1 1.000000
combine_gun002
  1 -1.127936 -1.528511 38.753704 -0.998797 -0.007632 0.048442 0.073340 0.700203 1 1 1.000000
  1 -1.127936 -8.909721 36.428009 -0.998797 -0.007632 0.048442 0.196774 0.662466 1 1 1.000000
  1 -0.570596 -8.909721 43.322742 -0.995190 -0.015245 0.096767 0.195882 0.778650 1 1 1.000000
combine_gun002
  1 -1.127936 -1.528511 38.753704 -0.998797 -0.007632 0.048442 0.073340 0.700203 1 1 1.000000
  1 -1.127936 -7.437746 34.301510 -1.000000 0.000000 0.000000 0.172159 0.626682 1 1 1.000000
  1 -1.127936 -8.909721 36.428009 -0.998797 -0.007632 0.048442 0.196774 0.662466 1 1 1.000000
combine_gun002
  1 -1.127936 -1.528511 38.753704 -0.998797 -0.007632 0.048442 0.073340 0.700203 1 1 1.000000
  1 -1.127936 -3.000485 35.025120 -1.000000 0.000000 0.000000 0.097955 0.638091 1 1 1.000000
  1 -1.127936 -7.437746 34.301510 -1.000000 0.000000 0.000000 0.172159 0.626682 1 1 1.000000
combine_gun002
  1 3.520865 -1.169280 26.932007 0.780180 0.625555 0.000000 0.401737 0.502043 1 1 1.000000
  1 2.186090 0.495425 33.706398 0.780180 0.625555 0.000000 0.431766 0.617019 1 1 1.000000
  1 3.520865 -1.169280 33.706398 0.780180 0.625555 0.000000 0.401737 0.615625 1 1 1.000000
combine_gun002
  1 3.520865 -1.169280 26.932007 0.780180 0.625555 0.000000 0.401737 0.502043 1 1 1.000000
  1 2.186090 0.495425 26.932007 0.780180 0.625555 0.000000 0.431766 0.503438 1 1 1.000000
  1 2.186090 0.495425 33.706398 0.780180 0.625555 0.000000 0.431766 0.617019 1 1 1.000000
combine_gun002
  1 2.543086 -8.006868 53.376381 0.840901 -0.541189 0.000000 0.288945 0.947375 1 1 1.000000
  1 1.585868 -9.494196 33.364540 0.840901 -0.541189 0.000000 0.265626 0.613161 1 1 1.000000
  1 2.543086 -8.006868 33.364540 0.840901 -0.541189 0.000000 0.288945 0.611850 1 1 1.000000
combine_gun002
  1 2.543086 -8.006868 53.376381 0.840901 -0.541189 0.000000 0.288945 0.947375 1 1 1.000000
  1 1.585868 -9.494196 51.268845 0.840901 -0.541189 0.000000 0.265626 0.913351 1 1 1.000000
  1 1.585868 -9.494196 33.364540 0.840901 -0.541189 0.000000 0.265626 0.613161 1 1 1.000000
combine_gun002
  1 -0.362155 -8.006868 53.376381 -0.881907 -0.070394 0.466138 0.180450 0.946943 1 1 1.000000
  1 0.586666 0.955898 56.525017 -0.881907 -0.070394 0.466138 0.029048 0.999735 1 1 1.000000
  1 -0.362155 0.955898 54.667324 -0.881907 -0.070394 0.466138 0.030567 0.967133 1 1 1.000000
combine_gun002
  1 -0.362155 -8.006868 53.376381 -0.881907 -0.070394 0.466138 0.180450 0.946943 1 1 1.000000
  1 0.586666 -7.178102 55.234074 -0.881907 -0.070394 0.466138 0.165072 0.979416 1 1 1.000000
  1 0.586666 0.955898 56.525017 -0.881907 -0.070394 0.466138 0.029048 0.999735 1 1 1.000000
combine_gun002
  1 -0.362155 -8.006868 33.364540 -0.840901 -0.541189 0.000000 0.180450 0.612349 1 1 1.000000
  1 0.595063 -9.494196 51.268845 -0.840901 -0.541189 0.000000 0.203790 0.913492 1 1 1.000000
  1 -0.362155 -8.006868 53.376381 -0.881907 -0.070394 0.466138 0.180450 0.946943 1 1 1.000000
combine_gun002
  1 -0.362155 -8.006868 33.364540 -0.840901 -0.541189 0.000000 0.180450 0.612349 1 1 1.000000
  1 0.595063 -9.494196 33.364540 -0.840901 -0.541189 0.000000 0.203790 0.614136 1 1 1.000000
  1 0.595063 -9.494196 51.268845 -0.840901 -0.541189 0.000000 0.203790 0.913492 1 1 1.000000
combine_gun002
  1 -1.272823 -1.169280 26.932007 -0.991011 -0.133215 -0.012281 0.067564 0.502255 1 1 1.000000
  1 -0.009612 -11.191062 33.706398 -0.991011 -0.133215 -0.012281 0.233134 0.619133 1 1 1.000000
  1 -1.272823 -1.169280 33.706398 -0.991011 -0.133215 -0.012281 0.067564 0.615522 1 1 1.000000
combine_gun002
  1 -1.272823 -1.169280 26.932007 -0.991011 -0.133215 -0.012281 0.067564 0.502255 1 1 1.000000
  1 -0.009612 -10.053371 28.139883 -0.991011 -0.133215 -0.012281 0.214109 0.525885 1 1 1.000000
  1 -0.009612 -11.191062 33.706398 -0.991011 -0.133215 -0.012281 0.233134 0.619133 1 1 1.000000
combine_gun002
  1 3.520865 -1.169280 26.932007 0.991011 -0.133215 -0.012281 0.401737 0.502043 1 1 1.000000
  1 2.257655 -11.191062 33.706398 0.991011 -0.133215 -0.012281 0.236142 0.618291 1 1 1.000000
  1 2.257655 -10.053371 28.139883 0.991011 -0.133215 -0.012281 0.255175 0.524829 1 1 1.000000
combine_gun002
  1 3.520865 -1.169280 26.932007 0.991011 -0.133215 -0.012281 0.401737 0.502043 1 1 1.000000
  1 3.520865 -1.169280 33.706398 0.991011 -0.133215 -0.012281 0.401737 0.615625 1 1 1.000000
  1 2.257655 -11.191062 33.706398 0.991011 -0.133215 -0.012281 0.236142 0.618291 1 1 1.000000
combine_gun002
  1 2.543086 0.955898 54.667324 1.000000 0.000000 0.000000 0.438887 0.967979 1 1 1.000000
  1 1.594265 0.955898 56.525017 0.881907 -0.070394 0.466138 0.440436 1.000254 1 1 1.000000
  1 1.594265 -7.178102 55.234074 0.881907 -0.070394 0.466138 0.304359 0.979554 1 1 1.000000
combine_gun002
  1 2.543086 0.955898 54.667324 1.000000 0.000000 0.000000 0.438887 0.967979 1 1 1.000000
  1 1.594265 -7.178102 55.234074 0.881907 -0.070394 0.466138 0.304359 0.979554 1 1 1.000000
  1 2.543086 -8.006868 53.376381 0.881907 -0.070394 0.466138 0.288945 0.947375 1 1 1.000000
combine_gun002
  1 2.543086 -8.006868 33.364540 1.000000 0.000000 0.000000 0.288945 0.611850 1 1 1.000000
  1 2.543086 0.955898 54.667324 1.000000 0.000000 0.000000 0.438887 0.967979 1 1 1.000000
  1 2.543086 -8.006868 53.376381 0.881907 -0.070394 0.466138 0.288945 0.947375 1 1 1.000000
combine_gun002
  1 2.543086 -8.006868 33.364540 1.000000 0.000000 0.000000 0.288945 0.611850 1 1 1.000000
  1 2.543086 -1.047935 31.005955 1.000000 0.000000 0.000000 0.405364 0.571497 1 1 1.000000
  1 2.543086 0.955898 54.667324 1.000000 0.000000 0.000000 0.438887 0.967979 1 1 1.000000
combine_gun002
  0 8.114701 -22.004232 2.450246 0.098766 -0.614032 -0.783077 0.042337 0.295123 1 0 1.000000
  0 7.766163 -22.082474 2.467638 0.098766 -0.614032 -0.783077 0.053441 0.298057 1 0 1.000000
  0 7.494081 -21.495897 1.973370 0.098766 -0.614032 -0.783077 0.063168 0.274002 1 0 1.000000
combine_gun002
  4 7.830770 -2.457470 52.416218 -0.786561 -0.073647 0.613105 0.441381 0.626736 1 4 1.000000
  4 6.695513 -12.689036 49.730747 -0.786561 -0.073647 0.613105 0.598464 0.571201 1 4 1.000000
  4 8.041700 -12.689000 51.187199 0.842974 0.051498 -0.535483 0.600500 0.598500 1 4 1.000000
combine_gun002
  4 7.830770 -2.457470 52.416218 -0.786561 -0.073647 0.613105 0.441381 0.626736 1 4 1.000000
  4 6.906500 -2.457500 50.959801 0.664118 0.091402 -0.742020 0.439300 0.599400 1 4 1.000000
  4 6.695513 -12.689036 49.730747 -0.786561 -0.073647 0.613105 0.598464 0.571201 1 4 1.000000
combine_gun002
  4 8.041722 -12.689036 51.187183 0.786561 0.073647 -0.613105 0.447109 0.682078 1 4 1.000000
  4 6.906465 -2.457470 50.959778 0.786561 0.073647 -0.613105 0.606316 0.649721 1 4 1.000000
  4 7.830800 -2.457500 52.416199 -0.733204 -0.061700 0.677204 0.609900 0.677100 1 4 1.000000
combine_gun002
  4 8.041722 -12.689036 51.187183 0.786561 0.073647 -0.613105 0.447109 0.682078 1 4 1.000000
  4 6.695500 -12.689000 49.730701 -0.884110 -0.053501 0.464205 0.443500 0.654700 1 4 1.000000
  4 6.906465 -2.457470 50.959778 0.786561 0.073647 -0.613105 0.606316 0.649721 1 4 1.000000
combine_gun002
  4 8.041722 -2.457470 54.160637 1.000000 0.000000 0.000000 0.613981 0.702844 1 4 1.000000
  4 8.041722 -12.689036 51.187183 1.000000 0.000000 0.000000 0.447109 0.682078 1 4 1.000000
  4 7.830800 -2.457500 52.416199 -0.996569 0.043199 -0.070598 0.609900 0.677100 1 4 1.000000
combine_gun002
  4 8.041722 -2.457470 54.160637 1.000000 0.000000 0.000000 0.613981 0.702844 1 4 1.000000
  4 7.830800 -12.689000 54.160599 -0.992699 -0.012200 0.120000 0.454100 0.726000 1 4 1.000000
  4 8.041722 -12.689036 51.187183 1.000000 0.000000 0.000000 0.447109 0.682078 1 4 1.000000
combine_gun002
  4 7.830770 -2.457470 52.416218 -1.000000 0.000000 0.000000 0.441381 0.626736 1 4 1.000000
  4 7.830770 -12.689036 54.160637 -1.000000 0.000000 0.000000 0.602705 0.642579 1 4 1.000000
  4 8.041700 -2.457500 54.160599 0.996883 0.034799 0.070799 0.442700 0.652600 1 4 1.000000
combine_gun002
  4 7.830770 -2.457470 52.416218 -1.000000 0.000000 0.000000 0.441381 0.626736 1 4 1.000000
  4 8.041700 -12.689000 51.187199 0.992760 0.002200 -0.120095 0.600500 0.598500 1 4 1.000000
  4 7.830770 -12.689036 54.160637 -1.000000 0.000000 0.000000 0.602705 0.642579 1 4 1.000000
combine_gun002
  0 -2.347076 2.742489 35.664116 0.000000 -0.258819 0.965926 0.810291 0.442213 1 0 1.000000
  0 1.373637 2.742489 35.664116 0.000000 -0.258819 0.965926 0.810291 0.542718 1 0 1.000000
  0 1.373637 3.345091 35.502651 0.000000 0.258819 0.965926 0.798238 0.542718 1 0 1.000000
combine_gun002
  0 -2.347076 2.742489 35.664116 0.000000 -0.258819 0.965926 0.810291 0.442213 1 0 1.000000
  0 -2.347076 2.139888 35.502651 0.000000 -0.258819 0.965926 0.822344 0.442213 1 0 1.000000
  0 1.373637 2.742489 35.664116 0.000000 -0.258819 0.965926 0.810291 0.542718 1 0 1.000000
combine_gun002
  0 -2.347076 2.139888 35.502651 0.000000 -0.707107 0.707107 0.822344 0.442213 1 0 1.000000
  0 1.373637 1.698754 35.061516 0.000000 -0.707107 0.707107 0.834398 0.542718 1 0 1.000000
  0 1.373637 2.742489 35.664116 0.000000 -0.258819 0.965926 0.810291 0.542718 1 0 1.000000
combine_gun002
  0 -2.347076 2.139888 35.502651 0.000000 -0.707107 0.707107 0.822344 0.442213 1 0 1.000000
  0 -2.347076 1.537287 34.458916 0.000000 -0.965926 0.258819 0.846451 0.442213 1 0 1.000000
  0 1.373637 1.698754 35.061516 0.000000 -0.707107 0.707107 0.834398 0.542718 1 0 1.000000
combine_gun002
  0 0.844343 18.353832 2.762635 0.000000 0.758822 -0.651298 0.983538 0.736011 1 0 1.000000
  0 -0.295423 18.906046 3.406015 0.000000 0.758822 -0.651298 0.967674 0.757364 1 0 1.000000
  0 0.844343 18.906046 3.406015 0.000000 0.758822 -0.651298 0.967674 0.736011 1 0 1.000000
combine_gun002
  0 0.844343 18.353832 2.762635 0.000000 0.758822 -0.651298 0.983538 0.736011 1 0 1.000000
  0 -0.295423 18.353832 2.762635 0.000000 0.758822 -0.651298 0.983538 0.757364 1 0 1.000000
  0 -0.295423 18.906046 3.406015 0.000000 0.758822 -0.651298 0.967674 0.757364 1 0 1.000000
combine_gun002
  0 7.616631 -20.770483 4.233644 -0.132533 -0.734225 0.665844 0.881420 0.287261 1 0 1.000000
  0 7.766163 -22.082474 2.467638 -0.132533 -0.734225 0.665844 0.929400 0.274430 1 0 1.000000
  0 8.114701 -22.004232 2.450246 -0.132533 -0.734225 0.665844 0.930439 0.279895 1 0 1.000000
combine_gun002
  0 7.616631 -20.770483 4.233644 -0.132533 -0.734225 0.665844 0.881420 0.287261 1 0 1.000000
  0 8.114701 -22.004232 2.450246 -0.132533 -0.734225 0.665844 0.930439 0.279895 1 0 1.000000
  0 7.965168 -20.692242 4.216253 -0.132533 -0.734225 0.665844 0.882459 0.292726 1 0 1.000000
combine_gun002
  0 7.616631 -20.770483 4.233644 -0.132533 -0.734225 0.665844 0.881420 0.287261 1 0 1.000000
  0 7.965168 -20.692242 4.216253 -0.132533 -0.734225 0.665844 0.882459 0.292726 1 0 1.000000
  0 5.957572 -14.171282 10.839583 -0.132533 -0.734225 0.665844 0.668595 0.306416 1 0 1.000000
combine_gun002
  0 5.957572 -14.171282 10.839583 -0.132533 -0.734225 0.665844 0.668595 0.306416 1 0 1.000000
  0 5.220219 -13.715974 10.997061 -0.132533 -0.734225 0.665844 0.654713 0.292928 1 0 1.000000
  0 7.616631 -20.770483 4.233644 -0.132533 -0.734225 0.665844 0.881420 0.287261 1 0 1.000000
combine_gun002
  0 0.654432 3.366338 35.092777 0.000000 0.494661 0.869086 0.162498 0.031102 1 0 1.000000
  0 -0.105616 5.054285 34.132042 0.000000 0.494661 0.869086 0.192935 0.058692 1 0 1.000000
  0 -0.105616 3.366338 35.092777 0.000000 0.494661 0.869086 0.162498 0.031102 1 0 1.000000
combine_gun002
  0 0.654432 3.366338 35.092777 0.000000 0.494661 0.869086 0.162498 0.031102 1 0 1.000000
  0 0.654432 5.054285 34.132042 0.000000 0.494661 0.869086 0.192935 0.058692 1 0 1.000000
  0 -0.105616 5.054285 34.132042 0.000000 0.494661 0.869086 0.192935 0.058692 1 0 1.000000
combine_gun002
  0 -0.541769 7.626604 24.875607 0.000000 0.797321 -0.603556 0.978972 0.717523 1 0 1.000000
  0 -1.663255 8.849230 26.490744 0.000000 0.797321 -0.603556 0.941257 0.738535 1 0 1.000000
  0 -0.542343 8.849230 26.490744 0.000000 0.797321 -0.603556 0.941257 0.717535 1 0 1.000000
combine_gun002
  0 -0.541769 7.626604 24.875607 0.000000 0.797321 -0.603556 0.978972 0.717523 1 0 1.000000
  0 -1.662681 7.626604 24.875607 0.000000 0.797321 -0.603556 0.978972 0.738523 1 0 1.000000
  0 -1.663255 8.849230 26.490744 0.000000 0.797321 -0.603556 0.941257 0.738535 1 0 1.000000
combine_gun002
  0 9.400678 -23.621599 -0.004995 0.000000 0.000000 -1.000000 0.023534 0.282631 1 0 1.000000
  0 7.608791 -22.390049 -0.004996 0.000000 0.000000 -1.000000 0.066770 0.289998 1 0 1.000000
  0 7.956151 -22.028772 -0.004996 0.000000 0.000000 -1.000000 0.066857 0.280087 1 0 1.000000
combine_gun002
  0 9.400678 -23.621599 -0.004995 0.000000 0.000000 -1.000000 0.023534 0.282631 1 0 1.000000
  0 8.594481 -23.792006 -0.004995 0.000000 0.000000 -1.000000 0.032762 0.296189 1 0 1.000000
  0 7.608791 -22.390049 -0.004996 0.000000 0.000000 -1.000000 0.066770 0.289998 1 0 1.000000
combine_gun002
  0 -4.010635 -3.013031 19.890732 0.000000 0.965926 -0.258819 0.534807 0.261106 1 0 1.000000
  0 5.583171 -2.851565 20.493334 0.000000 0.965926 -0.258819 0.542676 0.430301 1 0 1.000000
  0 5.583171 -3.454166 19.449598 0.000000 0.707107 -0.707107 0.526938 0.430301 1 0 1.000000
combine_gun002
  0 -4.010635 -3.013031 19.890732 0.000000 0.965926 -0.258819 0.534807 0.261106 1 0 1.000000
  0 -4.010635 -2.851565 20.493334 0.000000 0.965926 -0.258819 0.542676 0.261106 1 0 1.000000
  0 5.583171 -2.851565 20.493334 0.000000 0.965926 -0.258819 0.542676 0.430301 1 0 1.000000
combine_gun002
  0 -0.121694 0.194403 28.581724 0.000000 -0.769240 -0.638960 0.959314 0.302680 1 0 1.000000
  0 0.999792 1.973965 26.439320 0.000000 -0.769240 -0.638960 0.994677 0.214862 1 0 1.000000
  0 0.999218 0.194403 28.581724 0.000000 -0.769240 -0.638960 0.994658 0.302680 1 0 1.000000
combine_gun002
  0 -0.121694 0.194403 28.581724 0.000000 -0.769240 -0.638960 0.959314 0.302680 1 0 1.000000
  0 -0.121120 1.973965 26.439320 0.000000 -0.769240 -0.638960 0.959333 0.214862 1 0 1.000000
  0 0.999792 1.973965 26.439320 0.000000 -0.769240 -0.638960 0.994677 0.214862 1 0 1.000000
combine_gun002
  0 -0.121694 3.999670 38.272144 0.000000 0.532700 0.846304 0.917148 0.092029 1 0 1.000000
  0 0.999218 0.194402 40.667343 0.000000 0.532700 0.846304 0.892369 0.187486 1 0 1.000000
  0 0.999218 3.999670 38.272144 0.000000 0.532700 0.846304 0.892369 0.092029 1 0 1.000000
combine_gun002
  0 -0.121694 3.999670 38.272144 0.000000 0.532700 0.846304 0.917148 0.092029 1 0 1.000000
  0 -0.121694 0.194402 40.667343 0.000000 0.532700 0.846304 0.917148 0.187486 1 0 1.000000
  0 0.999218 0.194402 40.667343 0.000000 0.532700 0.846304 0.892369 0.187486 1 0 1.000000
combine_gun002
  0 -0.121694 0.194403 28.581724 0.000000 -1.000000 0.000000 0.989235 0.338161 1 0 1.000000
  0 0.999218 0.194402 40.667343 0.000000 -1.000000 0.000000 0.964138 0.605785 1 0 1.000000
  0 -0.121694 0.194402 40.667343 0.000000 -1.000000 0.000000 0.989235 0.605785 1 0 1.000000
combine_gun002
  0 -0.121694 0.194403 28.581724 0.000000 -1.000000 0.000000 0.989235 0.338161 1 0 1.000000
  0 0.999218 0.194403 28.581724 0.000000 -1.000000 0.000000 0.964138 0.338161 1 0 1.000000
  0 0.999218 0.194402 40.667343 0.000000 -1.000000 0.000000 0.964138 0.605785 1 0 1.000000
combine_gun002
  0 0.334127 -3.831035 21.285236 0.000000 -0.870061 -0.492944 0.859860 0.620791 1 0 1.000000
  0 1.455613 -2.051474 18.144255 0.000000 -0.870061 -0.492944 0.923425 0.640539 1 0 1.000000
  0 1.455039 -3.831035 21.285236 0.000000 -0.870061 -0.492944 0.859860 0.640529 1 0 1.000000
combine_gun002
  0 0.334127 -3.831035 21.285236 0.000000 -0.870061 -0.492944 0.859860 0.620791 1 0 1.000000
  0 0.334701 -2.051474 18.144255 0.000000 -0.870061 -0.492944 0.923425 0.620802 1 0 1.000000
  0 1.455613 -2.051474 18.144255 0.000000 -0.870061 -0.492944 0.923425 0.640539 1 0 1.000000
combine_gun002
  0 0.334127 -3.831035 21.285236 0.000000 -1.000000 0.000000 0.206934 0.683752 1 0 1.000000
  0 1.455039 -3.831035 33.516907 0.000000 -1.000000 0.000000 0.227732 0.910694 1 0 1.000000
  0 0.334127 -3.831035 33.516907 0.000000 -1.000000 0.000000 0.206934 0.910694 1 0 1.000000
combine_gun002
  0 0.334127 -3.831035 21.285236 0.000000 -1.000000 0.000000 0.206934 0.683752 1 0 1.000000
  0 1.455039 -3.831035 21.285236 0.000000 -1.000000 0.000000 0.227732 0.683752 1 0 1.000000
  0 1.455039 -3.831035 33.516907 0.000000 -1.000000 0.000000 0.227732 0.910694 1 0 1.000000
combine_gun002
  0 0.334127 -0.025768 18.144255 0.000000 0.000000 -1.000000 0.825488 0.643719 1 0 1.000000
  0 1.455613 -2.051474 18.144255 0.000000 0.000000 -1.000000 0.859686 0.621805 1 0 1.000000
  0 0.334701 -2.051474 18.144255 0.000000 0.000000 -1.000000 0.859686 0.643708 1 0 1.000000
combine_gun002
  0 0.334127 -0.025768 18.144255 0.000000 0.000000 -1.000000 0.825488 0.643719 1 0 1.000000
  0 1.455039 -0.025768 18.144255 0.000000 0.000000 -1.000000 0.825488 0.621816 1 0 1.000000
  0 1.455613 -2.051474 18.144255 0.000000 0.000000 -1.000000 0.859686 0.621805 1 0 1.000000
combine_gun002
  0 0.334127 -0.025768 18.144255 0.000000 1.000000 0.000000 0.709302 0.353684 1 0 1.000000
  0 0.334127 -0.025768 33.152050 0.000000 1.000000 0.000000 0.709302 0.608848 1 0 1.000000
  0 1.455039 -0.025768 33.152050 0.000000 1.000000 0.000000 0.690243 0.608848 1 0 1.000000
combine_gun002
  0 1.455039 -0.025768 33.152050 0.000000 1.000000 0.000000 0.690243 0.608848 1 0 1.000000
  0 1.455039 -0.025768 18.144255 0.000000 1.000000 0.000000 0.690243 0.353684 1 0 1.000000
  0 0.334127 -0.025768 18.144255 0.000000 1.000000 0.000000 0.709302 0.353684 1 0 1.000000
combine_gun002
  0 5.220219 -13.715974 10.997061 0.328531 0.213854 0.919964 0.300179 0.570584 1 0 1.000000
  0 5.957572 -14.171282 10.839583 0.328531 0.213854 0.919964 0.275671 0.579463 1 0 1.000000
  0 5.567973 -13.411354 10.802062 0.328531 0.213854 0.919964 0.289469 0.558441 1 0 1.000000
combine_gun002
  0 5.567973 -13.411354 10.802062 0.328531 0.213854 0.919964 0.289469 0.558441 1 0 1.000000
  0 4.518753 -12.956894 10.566222 0.030106 0.514289 0.857088 0.324027 0.543438 1 0 1.000000
  0 5.220219 -13.715974 10.997061 0.328531 0.213854 0.919964 0.300179 0.570584 1 0 1.000000
combine_gun002
  0 -3.553945 -13.779105 10.995821 0.132533 -0.734225 0.665844 0.924207 0.328297 1 0 1.000000
  0 -4.322670 -15.046354 9.625911 0.132533 -0.734225 0.665844 0.879392 0.334099 1 0 1.000000
  0 -6.298900 -20.755400 4.215000 -0.910661 0.408183 -0.063897 0.696400 0.342700 1 0 1.000000
combine_gun002
  0 -3.553945 -13.779105 10.995821 0.132533 -0.734225 0.665844 0.924207 0.328297 1 0 1.000000
  0 -3.901700 -13.474500 10.800800 -0.663284 -0.325892 0.673683 0.911200 0.342700 1 0 1.000000
  0 -4.322670 -15.046354 9.625911 0.132533 -0.734225 0.665844 0.879392 0.334099 1 0 1.000000
combine_gun002
  0 -6.298895 -20.755373 4.215014 0.132533 -0.734225 0.665844 0.696403 0.342651 1 0 1.000000
  0 -5.950356 -20.833614 4.232406 0.132533 -0.734225 0.665844 0.697094 0.337118 1 0 1.000000
  0 -3.553945 -13.779105 10.995821 0.132533 -0.734225 0.665844 0.924207 0.328297 1 0 1.000000
combine_gun002
  0 -6.298895 -20.755373 4.215014 0.132533 -0.734225 0.665844 0.696403 0.342651 1 0 1.000000
  0 -6.099891 -22.145605 2.466398 0.132533 -0.734225 0.665844 0.648285 0.327351 1 0 1.000000
  0 -5.950356 -20.833614 4.232406 0.132533 -0.734225 0.665844 0.697094 0.337118 1 0 1.000000
combine_gun002
  0 -6.298895 -20.755373 4.215014 0.132533 -0.734225 0.665844 0.696403 0.342651 1 0 1.000000
  0 -6.447599 -21.841000 2.271400 -0.720808 -0.580207 0.379204 0.647600 0.332900 1 0 1.000000
  0 -6.099891 -22.145605 2.466398 0.132533 -0.734225 0.665844 0.648285 0.327351 1 0 1.000000
combine_gun002
  0 -7.786681 -22.958662 -0.004996 -0.999968 0.007001 -0.003813 0.434080 0.316216 1 0 1.000000
  0 -7.648100 -22.182899 3.028800 -0.981945 -0.167608 0.087704 0.397600 0.337400 1 0 1.000000
  0 -7.786681 -21.507563 2.577524 -0.985820 0.164739 -0.031944 0.395629 0.330225 1 0 1.000000
combine_gun002
  0 -7.786681 -22.958662 -0.004996 -0.999968 0.007001 -0.003813 0.434080 0.316216 1 0 1.000000
  0 -7.648100 -23.770901 -0.004999 -0.984537 -0.168006 0.049602 0.440600 0.320800 1 0 1.000000
  0 -7.648100 -22.182899 3.028800 -0.981945 -0.167608 0.087704 0.397600 0.337400 1 0 1.000000
combine_gun002
  0 -7.786681 -21.507563 2.577524 -0.985820 0.164739 -0.031944 0.395629 0.330225 1 0 1.000000
  0 -3.338200 -5.504500 20.531099 -0.835375 -0.275792 0.475486 0.058700 0.352700 1 0 1.000000
  0 -2.681768 -2.740242 21.830137 -0.872324 0.406529 -0.271634 0.017752 0.341313 1 0 1.000000
combine_gun002
  0 -7.786681 -21.507563 2.577524 -0.985820 0.164739 -0.031944 0.395629 0.330225 1 0 1.000000
  0 -7.648100 -22.182899 3.028800 -0.271901 -0.656302 0.703802 0.397600 0.337400 1 0 1.000000
  0 -3.338200 -5.504500 20.531099 -0.835375 -0.275792 0.475486 0.058700 0.352700 1 0 1.000000
combine_gun002
  0 -2.681768 -2.740242 21.830137 -0.872324 0.406529 -0.271634 0.017752 0.341313 1 0 1.000000
  0 -3.338200 -5.504500 20.531099 -0.817888 0.392094 -0.421094 0.058700 0.352700 1 0 1.000000
  0 -3.481814 -4.536033 21.711809 -0.872324 0.406529 -0.271634 0.038580 0.358596 1 0 1.000000
combine_gun002
  0 4.290812 -2.740242 21.830137 0.872324 0.406529 -0.271634 0.019466 0.462454 1 0 1.000000
  0 4.947300 -4.660200 21.794800 0.943301 0.323900 -0.072600 0.040700 0.444300 1 0 1.000000
  0 5.090858 -5.380359 20.448185 0.915951 0.365045 -0.166661 0.061512 0.450142 1 0 1.000000
combine_gun002
  0 9.395725 -21.507563 2.577524 0.985820 0.164739 -0.031944 0.409045 0.468145 1 0 1.000000
  0 9.400678 -22.058775 2.945832 0.985820 0.164739 -0.031944 0.411005 0.460691 1 0 1.000000
  0 9.400678 -23.621599 -0.004995 0.999968 0.007001 -0.003813 0.455564 0.477203 1 0 1.000000
combine_gun002
  0 4.290812 -2.740242 21.830137 0.872324 0.406529 -0.271634 0.019466 0.462454 1 0 1.000000
  0 9.400678 -22.058775 2.945832 0.985820 0.164739 -0.031944 0.411005 0.460691 1 0 1.000000
  0 9.395725 -21.507563 2.577524 0.985820 0.164739 -0.031944 0.409045 0.468145 1 0 1.000000
combine_gun002
  0 4.290812 -2.740242 21.830137 0.872324 0.406529 -0.271634 0.019466 0.462454 1 0 1.000000
  0 5.090900 -5.380400 20.448200 0.525910 -0.543410 0.654312 0.061500 0.450100 1 0 1.000000
  0 9.400678 -22.058775 2.945832 0.985820 0.164739 -0.031944 0.411005 0.460691 1 0 1.000000
combine_gun002
  0 4.290812 -2.740242 21.830137 0.594350 0.668673 -0.446793 0.019466 0.462454 1 0 1.000000
  0 2.248659 -2.076214 20.107330 0.587873 0.660756 -0.466698 0.024576 0.499625 1 0 1.000000
  0 2.248659 -1.231888 21.370955 0.594350 0.668673 -0.446793 0.003732 0.493810 1 0 1.000000
combine_gun002
  0 4.290812 -2.740242 21.830137 0.594350 0.668673 -0.446793 0.019466 0.462454 1 0 1.000000
  0 7.956151 -22.028772 -0.004996 0.534225 0.719914 -0.443088 0.435970 0.500104 1 0 1.000000
  0 2.248659 -2.076214 20.107330 0.587873 0.660756 -0.466698 0.024576 0.499625 1 0 1.000000
combine_gun002
  0 4.290812 -2.740242 21.830137 0.594350 0.668673 -0.446793 0.019466 0.462454 1 0 1.000000
  0 9.395725 -21.507563 2.577524 0.558265 0.686951 -0.465229 0.409045 0.468145 1 0 1.000000
  0 7.956151 -22.028772 -0.004996 0.534225 0.719914 -0.443088 0.435970 0.500104 1 0 1.000000
combine_gun002
  0 9.395725 -21.507563 2.577524 0.558265 0.686951 -0.465229 0.409045 0.468145 1 0 1.000000
  0 9.400678 -23.621599 -0.004995 0.999968 0.007001 -0.003813 0.455564 0.477203 1 0 1.000000
  0 7.956151 -22.028772 -0.004996 0.534225 0.719914 -0.443088 0.435970 0.500104 1 0 1.000000
combine_gun002
  0 8.594481 -23.792006 -0.004995 0.029894 -0.885726 0.463244 0.004927 0.425951 1 0 1.000000
  0 9.400700 -22.058800 2.945800 0.205700 -0.867299 0.453299 0.049100 0.404200 1 0 1.000000
  0 8.594481 -22.200462 3.040505 -0.117192 -0.819863 0.560437 0.050969 0.411636 1 0 1.000000
combine_gun002
  0 8.594481 -23.792006 -0.004995 0.029894 -0.885726 0.463244 0.004927 0.425951 1 0 1.000000
  0 9.400700 -23.621599 -0.004999 0.186899 -0.884195 0.428098 0.003200 0.418500 1 0 1.000000
  0 9.400700 -22.058800 2.945800 0.205700 -0.867299 0.453299 0.049100 0.404200 1 0 1.000000
combine_gun002
  0 8.594481 -22.200462 3.040505 -0.117192 -0.819863 0.560437 0.050969 0.411636 1 0 1.000000
  0 5.090900 -5.380400 20.448200 0.525910 -0.543410 0.654312 0.394000 0.403900 1 0 1.000000
  0 3.489568 -3.433141 22.293118 -0.454304 -0.740712 0.494928 0.435248 0.417252 1 0 1.000000
combine_gun002
  0 8.594481 -22.200462 3.040505 -0.117192 -0.819863 0.560437 0.050969 0.411636 1 0 1.000000
  0 9.400700 -22.058800 2.945800 0.946672 -0.072698 0.313891 0.049100 0.404200 1 0 1.000000
  0 5.090900 -5.380400 20.448200 0.525910 -0.543410 0.654312 0.394000 0.403900 1 0 1.000000
combine_gun002
  0 3.489568 -3.433141 22.293118 -0.454304 -0.740712 0.494928 0.435248 0.417252 1 0 1.000000
  0 5.090900 -5.380400 20.448200 -0.527399 -0.771298 0.356299 0.394000 0.403900 1 0 1.000000
  0 4.947283 -4.660194 21.794771 -0.454304 -0.740712 0.494928 0.414738 0.398740 1 0 1.000000
combine_gun002
  0 -1.880524 -3.433141 22.293118 0.454304 -0.740712 0.494928 0.431464 0.377196 1 0 1.000000
  0 -3.481800 -4.536000 21.711800 0.272405 -0.727414 0.629812 0.411400 0.396000 1 0 1.000000
  0 -3.338238 -5.504520 20.531147 0.359850 -0.738242 0.570531 0.390709 0.391292 1 0 1.000000
combine_gun002
  0 -6.985436 -22.200462 3.040505 0.117192 -0.819863 0.560437 0.049610 0.390279 1 0 1.000000
  0 -7.648058 -23.770927 -0.004995 -0.029894 -0.885726 0.463244 0.001960 0.384423 1 0 1.000000
  0 -6.985436 -23.792006 -0.004995 -0.029894 -0.885726 0.463244 0.003567 0.376949 1 0 1.000000
combine_gun002
  0 -6.985436 -22.200462 3.040505 0.117192 -0.819863 0.560437 0.049610 0.390279 1 0 1.000000
  0 -7.648058 -22.182936 3.028795 0.117192 -0.819863 0.560437 0.047849 0.397689 1 0 1.000000
  0 -7.648058 -23.770927 -0.004995 -0.029894 -0.885726 0.463244 0.001960 0.384423 1 0 1.000000
combine_gun002
  0 -1.880524 -3.433141 22.293118 0.454304 -0.740712 0.494928 0.431464 0.377196 1 0 1.000000
  0 -7.648058 -22.182936 3.028795 0.117192 -0.819863 0.560437 0.047849 0.397689 1 0 1.000000
  0 -6.985436 -22.200462 3.040505 0.117192 -0.819863 0.560437 0.049610 0.390279 1 0 1.000000
combine_gun002
  0 -1.880524 -3.433141 22.293118 0.454304 -0.740712 0.494928 0.431464 0.377196 1 0 1.000000
  0 -3.338200 -5.504500 20.531099 -0.835375 -0.275792 0.475486 0.390700 0.391300 1 0 1.000000
  0 -7.648058 -22.182936 3.028795 0.117192 -0.819863 0.560437 0.047849 0.397689 1 0 1.000000
combine_gun002
  0 -5.677046 -21.691088 2.056669 -0.098766 -0.614032 -0.783077 0.128450 0.603875 1 0 1.000000
  0 -6.099891 -22.145605 2.466398 -0.098766 -0.614032 -0.783077 0.142499 0.622245 1 0 1.000000
  0 -6.447646 -21.840986 2.271399 -0.098766 -0.614032 -0.783077 0.152968 0.610373 1 0 1.000000
combine_gun002
  0 -1.662734 1.388704 31.514816 0.000000 -0.817309 -0.576199 0.065756 0.222071 1 0 1.000000
  0 -0.541769 7.626604 24.875607 0.000000 -0.703524 -0.710671 0.194015 0.233163 1 0 1.000000
  0 -0.541822 1.388704 31.514816 0.000000 -0.817309 -0.576199 0.066389 0.238176 1 0 1.000000
combine_gun002
  0 -1.662734 1.388704 31.514816 0.000000 -0.817309 -0.576199 0.065756 0.222071 1 0 1.000000
  0 -1.662681 7.626604 24.875607 0.000000 -0.703524 -0.710671 0.193382 0.217057 1 0 1.000000
  0 -0.541769 7.626604 24.875607 0.000000 -0.703524 -0.710671 0.194015 0.233163 1 0 1.000000
combine_gun002
  0 -0.121694 3.999671 26.439320 0.000000 0.000000 -1.000000 0.154427 0.532182 1 0 1.000000
  0 0.999792 1.973965 26.439320 0.000000 0.000000 -1.000000 0.182793 0.583416 1 0 1.000000
  0 -0.121120 1.973965 26.439320 0.000000 0.000000 -1.000000 0.154443 0.583416 1 0 1.000000
combine_gun002
  0 -0.121694 3.999671 26.439320 0.000000 0.000000 -1.000000 0.154427 0.532182 1 0 1.000000
  0 0.999218 3.999671 26.439320 0.000000 0.000000 -1.000000 0.182777 0.532182 1 0 1.000000
  0 0.999792 1.973965 26.439320 0.000000 0.000000 -1.000000 0.182793 0.583416 1 0 1.000000
combine_gun002
  0 -0.121700 3.999700 26.439301 0.000000 1.000000 0.000000 0.547800 0.210200 1 0 1.000000
  0 0.999218 3.999670 38.272144 0.000000 1.000000 0.000000 0.351195 0.187198 1 0 1.000000
  0 0.999200 3.999700 26.439301 0.000000 1.000000 0.000000 0.547800 0.187200 1 0 1.000000
combine_gun002
  0 -0.121700 3.999700 26.439301 0.000000 1.000000 0.000000 0.547800 0.210200 1 0 1.000000
  0 -0.121694 3.999670 38.272144 0.000000 1.000000 0.000000 0.351195 0.210188 1 0 1.000000
  0 0.999218 3.999670 38.272144 0.000000 1.000000 0.000000 0.351195 0.187198 1 0 1.000000
combine_gun002
  0 -1.880524 -3.433141 22.293118 -0.128502 0.443942 0.886793 0.627834 0.104251 1 0 1.000000
  0 -0.639615 -1.231888 21.370955 -0.128502 0.443942 0.886793 0.580338 0.087111 1 0 1.000000
  0 -2.681768 -2.740242 21.830137 -0.128502 0.443942 0.886793 0.629562 0.082196 1 0 1.000000
combine_gun002
  0 -1.880524 -3.433141 22.293118 -0.128502 0.443942 0.886793 0.627834 0.104251 1 0 1.000000
  0 -0.292254 -1.532278 21.571669 -0.128502 0.443942 0.886793 0.579588 0.096673 1 0 1.000000
  0 -0.639615 -1.231888 21.370955 -0.128502 0.443942 0.886793 0.580338 0.087111 1 0 1.000000
combine_gun002
  0 4.290812 -2.740242 21.830137 0.128502 0.443942 0.886793 0.717122 0.117038 1 0 1.000000
  0 1.901299 -1.532278 21.571669 0.128502 0.443942 0.886793 0.768647 0.131965 1 0 1.000000
  0 3.489568 -3.433141 22.293118 0.128502 0.443942 0.886793 0.718904 0.139780 1 0 1.000000
combine_gun002
  0 4.290812 -2.740242 21.830137 0.128502 0.443942 0.886793 0.717122 0.117038 1 0 1.000000
  0 2.248659 -1.231888 21.370955 0.128502 0.443942 0.886793 0.767875 0.122107 1 0 1.000000
  0 1.901299 -1.532278 21.571669 0.128502 0.443942 0.886793 0.768647 0.131965 1 0 1.000000
combine_gun002
  0 -0.639615 -1.231888 21.370955 -0.594350 0.668673 -0.446793 0.002039 0.311116 1 0 1.000000
  0 -7.786681 -21.507563 2.577524 -0.558265 0.686951 -0.465229 0.395629 0.330225 1 0 1.000000
  0 -2.681768 -2.740242 21.830137 -0.594350 0.668673 -0.446793 0.017752 0.341313 1 0 1.000000
combine_gun002
  0 -0.639615 -1.231888 21.370955 -0.594350 0.668673 -0.446793 0.002039 0.311116 1 0 1.000000
  0 -6.048013 -20.495279 1.901138 -0.558265 0.686951 -0.465229 0.387602 0.303727 1 0 1.000000
  0 -7.786681 -21.507563 2.577524 -0.558265 0.686951 -0.465229 0.395629 0.330225 1 0 1.000000
combine_gun002
  0 -6.048013 -20.495279 1.901138 -0.558265 0.686951 -0.465229 0.387602 0.303727 1 0 1.000000
  0 -7.786681 -22.958662 -0.004996 -0.534225 0.719914 -0.443088 0.434080 0.316216 1 0 1.000000
  0 -7.786681 -21.507563 2.577524 -0.558265 0.686951 -0.465229 0.395629 0.330225 1 0 1.000000
combine_gun002
  0 -6.048013 -20.495279 1.901138 -0.558265 0.686951 -0.465229 0.387602 0.303727 1 0 1.000000
  0 -5.999700 -22.389999 -0.005000 -0.219298 0.689194 -0.690594 0.421300 0.298800 1 0 1.000000
  0 -7.786681 -22.958662 -0.004996 -0.534225 0.719914 -0.443088 0.434080 0.316216 1 0 1.000000
combine_gun002
  0 1.901299 -1.532278 21.571669 -0.780252 -0.520055 0.347490 0.449476 0.448676 1 0 1.000000
  0 8.594481 -22.200462 3.040505 -0.789311 -0.537192 0.297343 0.050969 0.411636 1 0 1.000000
  0 3.489568 -3.433141 22.293118 -0.780252 -0.520055 0.347490 0.435248 0.417252 1 0 1.000000
combine_gun002
  0 1.901299 -1.532278 21.571669 -0.780252 -0.520055 0.347490 0.449476 0.448676 1 0 1.000000
  0 7.309697 -20.795670 2.101852 -0.789311 -0.537192 0.297343 0.057583 0.438953 1 0 1.000000
  0 8.594481 -22.200462 3.040505 -0.789311 -0.537192 0.297343 0.050969 0.411636 1 0 1.000000
combine_gun002
  0 7.309697 -20.795670 2.101852 -0.789311 -0.537192 0.297343 0.057583 0.438953 1 0 1.000000
  0 8.594481 -23.792006 -0.004995 -0.789241 -0.541739 0.289165 0.004927 0.425951 1 0 1.000000
  0 8.594481 -22.200462 3.040505 -0.789311 -0.537192 0.297343 0.050969 0.411636 1 0 1.000000
combine_gun002
  0 7.309697 -20.795670 2.101852 -0.789311 -0.537192 0.297343 0.057583 0.438953 1 0 1.000000
  0 7.608791 -22.390049 -0.004996 -0.789241 -0.541739 0.289165 0.020420 0.443297 1 0 1.000000
  0 8.594481 -23.792006 -0.004995 -0.789241 -0.541739 0.289165 0.004927 0.425951 1 0 1.000000
combine_gun002
  3 4.760023 -17.042376 52.514557 0.000000 -1.000000 0.000000 0.952379 0.955182 1 3 1.000000
  3 5.190746 -17.042376 52.083836 0.000000 -1.000000 0.000000 0.969523 0.938039 1 3 1.000000
  3 4.975400 -17.386000 52.603802 -0.599187 -0.530989 -0.599187 0.969500 0.955200 1 3 1.000000
combine_gun002
  3 4.760023 -17.042376 52.514557 0.000000 -1.000000 0.000000 0.952379 0.955182 1 3 1.000000
  3 4.670817 -17.042376 52.299194 0.000000 -1.000000 0.000000 0.948827 0.946610 1 3 1.000000
  3 5.190746 -17.042376 52.083836 0.000000 -1.000000 0.000000 0.969523 0.938039 1 3 1.000000
combine_gun002
  3 4.113431 -11.094730 53.413860 -0.923880 0.000000 0.382683 0.220777 0.624278 1 3 1.000000
  3 4.242105 -12.901615 53.724510 -0.923880 0.000000 0.382683 0.213482 0.662219 1 3 1.000000
  3 4.552755 -11.094730 53.853188 -0.382683 0.000000 0.923880 0.206188 0.624278 1 3 1.000000
combine_gun002
  3 4.113431 -11.094730 53.413860 -0.923880 0.000000 0.382683 0.220777 0.624278 1 3 1.000000
  3 4.242105 -12.901615 53.103210 -0.923880 0.000000 -0.382683 0.228072 0.662219 1 3 1.000000
  3 4.242105 -12.901615 53.724510 -0.923880 0.000000 0.382683 0.213482 0.662219 1 3 1.000000
combine_gun002
  3 3.927214 -12.901615 53.413860 -0.923880 0.000000 0.382683 0.220777 0.662219 1 3 1.000000
  3 4.110431 -13.712202 53.856186 -0.382683 0.000000 0.923880 0.213482 0.679240 1 3 1.000000
  3 4.242105 -12.901615 53.724510 -0.923880 0.000000 0.382683 0.213482 0.662219 1 3 1.000000
combine_gun002
  3 4.242105 -12.901615 53.103210 -0.923880 0.000000 -0.382683 0.228072 0.662219 1 3 1.000000
  3 4.995080 -12.901615 52.971539 0.382683 0.000000 -0.923880 0.242662 0.662219 1 3 1.000000
  3 4.110431 -13.712202 52.971539 -0.382683 0.000000 -0.923880 0.228072 0.679240 1 3 1.000000
combine_gun002
  3 4.995080 -13.712202 52.971539 0.382683 0.000000 -0.923880 0.242662 0.679240 1 3 1.000000
  3 4.110431 -13.712202 52.971539 -0.382683 0.000000 -0.923880 0.228072 0.679240 1 3 1.000000
  3 4.995080 -12.901615 52.971539 0.382683 0.000000 -0.923880 0.242662 0.662219 1 3 1.000000
combine_gun002
  3 5.178296 -12.901615 53.413860 0.923880 0.000000 -0.382683 0.249956 0.662219 1 3 1.000000
  3 4.995080 -13.712202 52.971539 0.923880 0.000000 -0.382683 0.242662 0.679240 1 3 1.000000
  3 4.995080 -12.901615 52.971539 0.382683 0.000000 -0.923880 0.242662 0.662219 1 3 1.000000
combine_gun002
  3 3.927214 -12.901615 53.413860 -0.923880 0.000000 -0.382683 0.220777 0.662219 1 3 1.000000
  3 4.110431 -13.712202 52.971539 -0.382683 0.000000 -0.923880 0.228072 0.679240 1 3 1.000000
  3 4.110431 -13.712202 53.856186 -0.923880 0.000000 0.382683 0.213482 0.679240 1 3 1.000000
combine_gun002
  3 3.927214 -12.901615 53.413860 -0.923880 0.000000 -0.382683 0.220777 0.662219 1 3 1.000000
  3 4.242105 -12.901615 53.103210 -0.382683 0.000000 -0.923880 0.228072 0.662219 1 3 1.000000
  3 4.110431 -13.712202 52.971539 -0.382683 0.000000 -0.923880 0.228072 0.679240 1 3 1.000000
combine_gun002
  3 4.110431 -13.712202 53.856186 -0.923880 0.000000 0.382683 0.213482 0.679240 1 3 1.000000
  3 4.552755 -12.901615 54.039402 -0.382683 0.000000 0.923880 0.206188 0.662219 1 3 1.000000
  3 4.242105 -12.901615 53.724510 -0.923880 0.000000 0.382683 0.213482 0.662219 1 3 1.000000
combine_gun002
  3 4.110431 -13.712202 53.856186 -0.923880 0.000000 0.382683 0.213482 0.679240 1 3 1.000000
  3 4.995080 -13.712202 53.856186 0.923880 0.000000 0.382683 0.257251 0.679240 1 3 1.000000
  3 4.552755 -12.901615 54.039402 -0.382683 0.000000 0.923880 0.206188 0.662219 1 3 1.000000
combine_gun002
  3 4.995080 -13.712202 53.856186 0.923880 0.000000 0.382683 0.257251 0.679240 1 3 1.000000
  3 5.178296 -12.901615 53.413860 0.923880 0.000000 0.382683 0.249956 0.662219 1 3 1.000000
  3 4.552755 -12.901615 54.039402 0.382683 0.000000 0.923880 0.264546 0.662219 1 3 1.000000
combine_gun002
  3 4.995080 -13.712202 53.856186 0.923880 0.000000 0.382683 0.257251 0.679240 1 3 1.000000
  3 4.995080 -13.712202 52.971539 0.382683 0.000000 -0.923880 0.242662 0.679240 1 3 1.000000
  3 5.178296 -12.901615 53.413860 0.923880 0.000000 0.382683 0.249956 0.662219 1 3 1.000000
combine_gun002
  3 4.552755 -11.094730 52.974537 -0.382683 0.000000 -0.923880 0.235366 0.624278 1 3 1.000000
  3 4.242105 -12.901615 53.103210 -0.382683 0.000000 -0.923880 0.228072 0.662219 1 3 1.000000
  3 4.113431 -11.094730 53.413860 -0.923880 0.000000 -0.382683 0.220777 0.624278 1 3 1.000000
combine_gun002
  3 4.552755 -11.094730 52.974537 -0.382683 0.000000 -0.923880 0.235366 0.624278 1 3 1.000000
  3 4.863405 -12.901615 53.103210 0.382683 0.000000 -0.923880 0.242661 0.662219 1 3 1.000000
  3 4.242105 -12.901615 53.103210 -0.382683 0.000000 -0.923880 0.228072 0.662219 1 3 1.000000
combine_gun002
  3 4.992080 -11.094730 53.413860 0.923880 0.000000 -0.382683 0.249956 0.624278 1 3 1.000000
  3 4.863405 -12.901615 53.103210 0.382683 0.000000 -0.923880 0.242661 0.662219 1 3 1.000000
  3 4.552755 -11.094730 52.974537 -0.382683 0.000000 -0.923880 0.235366 0.624278 1 3 1.000000
combine_gun002
  3 4.992080 -11.094730 53.413860 0.923880 0.000000 -0.382683 0.249956 0.624278 1 3 1.000000
  3 5.178296 -12.901615 53.413860 0.923880 0.000000 0.382683 0.249956 0.662219 1 3 1.000000
  3 4.863405 -12.901615 53.103210 0.382683 0.000000 -0.923880 0.242661 0.662219 1 3 1.000000
combine_gun002
  3 4.552755 -11.094730 53.853188 0.382683 0.000000 0.923880 0.264546 0.624278 1 3 1.000000
  3 5.178296 -12.901615 53.413860 0.923880 0.000000 0.382683 0.249956 0.662219 1 3 1.000000
  3 4.992080 -11.094730 53.413860 0.923880 0.000000 -0.382683 0.249956 0.624278 1 3 1.000000
combine_gun002
  3 4.552755 -11.094730 53.853188 0.382683 0.000000 0.923880 0.264546 0.624278 1 3 1.000000
  3 4.242105 -12.901615 53.724510 -0.382683 0.000000 0.923880 0.213482 0.662219 1 3 1.000000
  3 5.178296 -12.901615 53.413860 0.923880 0.000000 0.382683 0.249956 0.662219 1 3 1.000000
combine_gun002
  3 4.354883 -8.658748 50.281269 0.000000 1.000000 0.000000 0.828991 0.399691 1 3 1.000000
  3 5.766553 -8.658748 54.402256 0.000000 1.000000 0.000000 0.882488 0.555858 1 3 1.000000
  3 5.200743 -8.658748 50.281269 0.000000 1.000000 0.000000 0.861047 0.399691 1 3 1.000000
combine_gun002
  3 4.354883 -8.658748 50.281269 0.000000 1.000000 0.000000 0.828991 0.399691 1 3 1.000000
  3 3.789072 -8.658748 54.402256 0.000000 1.000000 0.000000 0.807550 0.555858 1 3 1.000000
  3 5.766553 -8.658748 54.402256 0.000000 1.000000 0.000000 0.882488 0.555858 1 3 1.000000
combine_gun002
  3 5.190337 -12.344268 51.207748 0.000000 -1.000000 0.000000 0.823052 0.813484 1 3 1.000000
  3 3.813398 -12.344268 54.280979 0.000000 -1.000000 0.000000 0.786291 0.895531 1 3 1.000000
  3 4.365289 -12.344268 51.207748 0.000000 -1.000000 0.000000 0.801025 0.813484 1 3 1.000000
combine_gun002
  3 5.190337 -12.344268 51.207748 0.000000 -1.000000 0.000000 0.823052 0.813484 1 3 1.000000
  3 5.742228 -12.344268 54.280979 0.000000 -1.000000 0.000000 0.837786 0.895531 1 3 1.000000
  3 3.813398 -12.344268 54.280979 0.000000 -1.000000 0.000000 0.786291 0.895531 1 3 1.000000
combine_gun002
  3 5.742228 -12.344268 54.280979 0.000000 -1.000000 0.000000 0.837786 0.895531 1 3 1.000000
  3 4.047534 -12.344269 54.559719 0.000000 -1.000000 0.000000 0.792542 0.902973 1 3 1.000000
  3 3.813398 -12.344268 54.280979 0.000000 -1.000000 0.000000 0.786291 0.895531 1 3 1.000000
combine_gun002
  3 5.742228 -12.344268 54.280979 0.000000 -1.000000 0.000000 0.837786 0.895531 1 3 1.000000
  3 5.508092 -12.344269 54.559719 0.000000 -1.000000 0.000000 0.831535 0.902973 1 3 1.000000
  3 4.047534 -12.344269 54.559719 0.000000 -1.000000 0.000000 0.792542 0.902973 1 3 1.000000
combine_gun002
  3 3.789100 -8.658700 54.402302 -0.469323 0.039502 0.882143 0.892900 0.761300 1 3 1.000000
  3 5.508092 -12.344269 54.559719 0.000000 0.000000 1.000000 0.921747 0.689334 1 3 1.000000
  3 5.766601 -8.658700 54.402302 0.944532 0.002400 0.328411 0.922100 0.761300 1 3 1.000000
combine_gun002
  3 3.789100 -8.658700 54.402302 -0.469323 0.039502 0.882143 0.892900 0.761300 1 3 1.000000
  3 4.047534 -12.344269 54.559719 0.000000 0.000000 1.000000 0.893267 0.689334 1 3 1.000000
  3 5.508092 -12.344269 54.559719 0.000000 0.000000 1.000000 0.921747 0.689334 1 3 1.000000
combine_gun002
  3 5.190337 -12.344268 51.207748 0.984255 0.000000 -0.176753 0.733253 0.802330 1 3 1.000000
  3 5.766553 -8.658748 54.402256 0.790045 -0.045720 0.611342 0.660468 0.765510 1 3 1.000000
  3 5.742228 -12.344268 54.280979 0.984255 0.000000 -0.176753 0.721418 0.752919 1 3 1.000000
combine_gun002
  3 5.190337 -12.344268 51.207748 0.984255 0.000000 -0.176753 0.733253 0.802330 1 3 1.000000
  3 5.200743 -8.658748 50.281269 0.987593 -0.033431 -0.153434 0.676409 0.832026 1 3 1.000000
  3 5.766553 -8.658748 54.402256 0.790045 -0.045720 0.611342 0.660468 0.765510 1 3 1.000000
combine_gun002
  3 5.742228 -12.344268 54.280979 0.765714 0.000000 0.643181 0.721418 0.752919 1 3 1.000000
  3 5.766553 -8.658748 54.402256 0.790045 -0.045720 0.611342 0.660468 0.765510 1 3 1.000000
  3 5.508092 -12.344269 54.559719 0.765714 0.000000 0.643181 0.720229 0.748016 1 3 1.000000
combine_gun002
  0 -0.254296 19.706644 -0.171347 0.000000 0.400749 -0.916188 0.365651 0.911377 1 0 1.000000
  0 -0.254296 20.355988 0.112682 0.000000 0.400749 -0.916188 0.365651 0.934792 1 0 1.000000
  0 0.359495 20.031315 -0.029334 0.000000 0.400749 -0.916188 0.385928 0.923084 1 0 1.000000
combine_gun002
  2 4.299520 3.088147 59.525326 -0.058515 0.000000 0.998286 0.967230 0.343094 1 2 1.000000
  2 -3.091804 3.630422 59.092075 -0.058515 0.000000 0.998286 0.986519 0.553124 1 2 1.000000
  2 -3.091804 3.088147 59.092075 -0.058515 0.000000 0.998286 0.967230 0.553124 1 2 1.000000
combine_gun002
  2 4.299520 3.088147 59.525326 -0.058515 0.000000 0.998286 0.967230 0.343094 1 2 1.000000
  2 4.299520 3.630422 59.525326 -0.058515 0.000000 0.998286 0.986519 0.343094 1 2 1.000000
  2 -3.091804 3.630422 59.092075 -0.058515 0.000000 0.998286 0.986519 0.553124 1 2 1.000000
combine_gun002
  2 -3.091804 3.630422 59.092075 -1.000000 0.000000 0.000000 0.355694 0.565449 1 2 1.000000
  2 -3.091804 3.088147 57.835960 -1.000000 0.000000 0.000000 0.373150 0.525012 1 2 1.000000
  2 -3.091804 3.088147 59.092075 -1.000000 0.000000 0.000000 0.373150 0.565449 1 2 1.000000
combine_gun002
  2 -3.091804 3.630422 59.092075 -1.000000 0.000000 0.000000 0.355694 0.565449 1 2 1.000000
  2 -3.091804 3.630422 57.835960 -1.000000 0.000000 0.000000 0.355694 0.525012 1 2 1.000000
  2 -3.091804 3.088147 57.835960 -1.000000 0.000000 0.000000 0.373150 0.525012 1 2 1.000000
combine_gun002
  2 -3.091804 3.630422 57.835960 -0.058515 0.000000 -0.998286 0.986519 0.552929 1 2 1.000000
  2 4.299520 3.088147 57.402714 -0.058515 0.000000 -0.998286 0.967230 0.342765 1 2 1.000000
  2 -3.091804 3.088147 57.835960 -0.058515 0.000000 -0.998286 0.967230 0.552929 1 2 1.000000
combine_gun002
  2 -3.091804 3.630422 57.835960 -0.058515 0.000000 -0.998286 0.986519 0.552929 1 2 1.000000
  2 4.299520 3.630422 57.402714 -0.058515 0.000000 -0.998286 0.986519 0.342765 1 2 1.000000
  2 4.299520 3.088147 57.402714 -0.058515 0.000000 -0.998286 0.967230 0.342765 1 2 1.000000
combine_gun002
  2 -3.424627 -6.854663 58.400005 0.000000 -1.000000 0.000000 0.340857 0.748769 1 2 1.000000
  2 -3.097700 -6.724500 58.804401 0.266907 -0.945523 -0.186405 0.351400 0.761900 1 2 1.000000
  2 -3.255906 -6.854663 58.919273 0.000000 -1.000000 0.000000 0.346317 0.765575 1 2 1.000000
combine_gun002
  2 -3.424627 -6.854663 58.400005 0.000000 -1.000000 0.000000 0.340857 0.748769 1 2 1.000000
  2 -3.255906 -6.854663 57.880737 0.000000 -1.000000 0.000000 0.346317 0.731964 1 2 1.000000
  2 -3.097700 -6.724500 58.804401 0.266907 -0.945523 -0.186405 0.351400 0.761900 1 2 1.000000
combine_gun002
  2 5.431520 4.220089 59.781879 0.809016 0.000000 0.587786 0.787319 0.190553 1 2 1.000000
  2 6.012114 2.344426 58.982761 0.809016 0.000000 0.587786 0.760321 0.246015 1 2 1.000000
  2 6.012114 4.220088 58.982761 0.809016 0.000000 0.587786 0.760321 0.190553 1 2 1.000000
combine_gun002
  2 5.431520 4.220089 59.781879 0.809016 0.000000 0.587786 0.787319 0.190553 1 2 1.000000
  2 5.431520 2.344426 59.781879 0.809016 0.000000 0.587786 0.787319 0.246015 1 2 1.000000
  2 6.012114 2.344426 58.982761 0.809016 0.000000 0.587786 0.760321 0.246015 1 2 1.000000
combine_gun002
  2 4.410739 2.450288 59.283939 0.000000 -0.100340 0.994953 0.900349 0.983864 1 2 1.000000
  2 5.152274 -8.380114 58.191704 0.000000 -0.100340 0.994953 0.914809 0.771676 1 2 1.000000
  2 5.152274 2.450288 59.283939 0.000000 -0.100340 0.994953 0.914809 0.983864 1 2 1.000000
combine_gun002
  2 4.410739 2.450288 59.283939 0.000000 -0.100340 0.994953 0.900349 0.983864 1 2 1.000000
  2 4.410739 -8.380114 58.191704 0.000000 -0.100340 0.994953 0.900349 0.771676 1 2 1.000000
  2 5.152274 -8.380114 58.191704 0.000000 -0.100340 0.994953 0.914809 0.771676 1 2 1.000000
combine_gun002
  2 4.410739 -8.380114 58.191704 0.000000 -1.000000 0.000000 0.802239 0.999937 1 2 1.000000
  2 5.152274 -8.380113 52.562992 0.000000 -1.000000 0.000000 0.822035 0.849666 1 2 1.000000
  2 5.152274 -8.380114 58.191704 0.000000 -1.000000 0.000000 0.822035 0.999937 1 2 1.000000
combine_gun002
  2 4.410739 -8.380114 58.191704 0.000000 -1.000000 0.000000 0.802239 0.999937 1 2 1.000000
  2 4.410739 -8.380113 52.562992 0.000000 -1.000000 0.000000 0.802239 0.849666 1 2 1.000000
  2 5.152274 -8.380113 52.562992 0.000000 -1.000000 0.000000 0.822035 0.849666 1 2 1.000000
combine_gun002
  2 4.410739 2.450288 59.283939 0.000000 1.000000 0.000000 0.250437 0.421952 1 2 1.000000
  2 5.152274 2.450288 54.525517 0.000000 1.000000 0.000000 0.367654 0.440220 1 2 1.000000
  2 4.410739 2.450288 54.525517 0.000000 1.000000 0.000000 0.367654 0.421952 1 2 1.000000
combine_gun002
  2 4.410739 2.450288 59.283939 0.000000 1.000000 0.000000 0.250437 0.421952 1 2 1.000000
  2 5.152274 2.450288 59.283939 0.000000 1.000000 0.000000 0.250437 0.440220 1 2 1.000000
  2 5.152274 2.450288 54.525517 0.000000 1.000000 0.000000 0.367654 0.440220 1 2 1.000000
combine_gun002
  2 4.506256 -3.585470 50.702057 0.000000 1.000000 0.000000 0.085113 0.604325 1 2 1.000000
  2 5.059175 -3.585470 51.309570 0.000000 1.000000 0.000000 0.106066 0.627347 1 2 1.000000
  2 5.059175 -3.585470 50.702057 0.000000 1.000000 0.000000 0.106066 0.604325 1 2 1.000000
combine_gun002
  2 4.506256 -3.585470 50.702057 0.000000 1.000000 0.000000 0.085113 0.604325 1 2 1.000000
  2 4.506256 -3.585470 51.309570 0.000000 1.000000 0.000000 0.085113 0.627347 1 2 1.000000
  2 5.059175 -3.585470 51.309570 0.000000 1.000000 0.000000 0.106066 0.627347 1 2 1.000000
combine_gun002
  2 4.506256 -3.585470 50.702057 0.000000 0.165218 -0.986257 0.864500 0.833515 1 2 1.000000
  2 5.059175 -8.950976 49.803223 0.000000 0.165218 -0.986257 0.874798 0.933162 1 2 1.000000
  2 4.506256 -8.950976 49.803223 0.000000 0.165218 -0.986257 0.864500 0.933162 1 2 1.000000
combine_gun002
  2 4.506256 -3.585470 50.702057 0.000000 0.165218 -0.986257 0.864500 0.833515 1 2 1.000000
  2 5.059175 -3.585470 50.702057 0.000000 0.165218 -0.986257 0.874798 0.833515 1 2 1.000000
  2 5.059175 -8.950976 49.803223 0.000000 0.165218 -0.986257 0.874798 0.933162 1 2 1.000000
combine_gun002
  2 4.492101 2.344427 56.890644 -0.309017 0.000000 -0.951056 0.680764 0.246015 1 2 1.000000
  2 3.552683 4.220089 57.195881 -0.309017 0.000000 -0.951056 0.659100 0.190553 1 2 1.000000
  2 4.492101 4.220089 56.890644 -0.309017 0.000000 -0.951056 0.680764 0.190553 1 2 1.000000
combine_gun002
  2 4.492101 2.344427 56.890644 -0.309017 0.000000 -0.951056 0.680764 0.246015 1 2 1.000000
  2 3.552683 2.344427 57.195881 -0.309017 0.000000 -0.951056 0.659100 0.246015 1 2 1.000000
  2 3.552683 4.220089 57.195881 -0.309017 0.000000 -0.951056 0.659100 0.190553 1 2 1.000000
combine_gun002
  2 5.431520 4.220089 57.195881 0.809016 0.000000 -0.587786 0.704826 0.190553 1 2 1.000000
  2 6.012114 2.344426 57.994999 0.809016 0.000000 -0.587786 0.731824 0.246015 1 2 1.000000
  2 5.431520 2.344427 57.195881 0.809016 0.000000 -0.587786 0.704826 0.246015 1 2 1.000000
combine_gun002
  2 5.431520 4.220089 57.195881 0.809016 0.000000 -0.587786 0.704826 0.190553 1 2 1.000000
  2 6.012114 4.220089 57.994999 0.809016 0.000000 -0.587786 0.731824 0.190553 1 2 1.000000
  2 6.012114 2.344426 57.994999 0.809016 0.000000 -0.587786 0.731824 0.246015 1 2 1.000000
combine_gun002
  2 3.552683 4.220089 59.781879 -0.309017 0.000000 0.951056 0.633567 0.190553 1 2 1.000000
  2 4.492101 2.344426 60.087116 -0.309017 0.000000 0.951056 0.611903 0.246015 1 2 1.000000
  2 4.492101 4.220089 60.087116 -0.309017 0.000000 0.951056 0.611903 0.190553 1 2 1.000000
combine_gun002
  2 3.552683 4.220089 59.781879 -0.309017 0.000000 0.951056 0.633567 0.190553 1 2 1.000000
  2 3.552683 2.344426 59.781879 -0.309017 0.000000 0.951056 0.633567 0.246015 1 2 1.000000
  2 4.492101 2.344426 60.087116 -0.309017 0.000000 0.951056 0.611903 0.246015 1 2 1.000000
combine_gun002
  2 3.613930 4.064923 53.052303 -0.875783 0.084246 -0.475296 0.463977 0.886053 1 2 1.000000
  2 3.929966 -9.280483 50.104500 -0.875783 0.084246 -0.475296 0.696639 0.835432 1 2 1.000000
  2 3.262779 -9.280483 51.191742 -0.875783 0.084246 -0.475296 0.696672 0.853252 1 2 1.000000
combine_gun002
  2 3.613930 4.064923 53.052303 -0.875783 0.084246 -0.475296 0.463977 0.886053 1 2 1.000000
  2 4.126853 4.064922 51.965065 -0.875783 0.084246 -0.475296 0.463952 0.867989 1 2 1.000000
  2 3.929966 -9.280483 50.104500 -0.875783 0.084246 -0.475296 0.696639 0.835432 1 2 1.000000
combine_gun002
  2 5.633048 -9.280483 50.104500 0.875783 0.084246 -0.475296 0.687482 0.833103 1 2 1.000000
  2 5.949084 4.064923 53.052303 0.875783 0.084246 -0.475296 0.457029 0.838032 1 2 1.000000
  2 6.300234 -9.280483 51.191742 0.875783 0.084246 -0.475296 0.683486 0.816321 1 2 1.000000
combine_gun002
  2 5.633048 -9.280483 50.104500 0.875783 0.084246 -0.475296 0.687482 0.833103 1 2 1.000000
  2 5.436160 4.064922 51.965065 0.875783 0.084246 -0.475296 0.461087 0.855042 1 2 1.000000
  2 5.949084 4.064923 53.052303 0.875783 0.084246 -0.475296 0.457029 0.838032 1 2 1.000000
combine_gun002
  2 6.519498 2.169266 58.389694 0.827478 -0.438910 -0.350198 0.223152 0.005146 1 2 1.000000
  2 6.303471 2.211423 58.345913 -0.675729 0.154129 -0.720857 0.225197 0.005146 1 2 1.000000
  2 6.687123 3.404242 57.659676 0.802667 -0.435209 -0.407823 0.186655 0.005146 1 2 1.000000
combine_gun002
  2 5.705360 0.782450 58.234585 -0.563447 0.435682 -0.701932 0.273426 0.005146 1 2 1.000000
  2 6.303471 2.211423 58.345913 -0.675729 0.154129 -0.720857 0.225197 0.005146 1 2 1.000000
  2 6.519498 2.169266 58.389694 0.827478 -0.438910 -0.350198 0.223152 0.005146 1 2 1.000000
combine_gun002
  2 5.705360 0.782450 58.234585 -0.563447 0.435682 -0.701932 0.273426 0.005146 1 2 1.000000
  2 4.889347 0.178112 58.313175 0.573566 -0.812966 -0.100542 0.302180 0.005146 1 2 1.000000
  2 6.303471 2.211423 58.345913 -0.675729 0.154129 -0.720857 0.225197 0.005146 1 2 1.000000
combine_gun002
  2 4.889347 0.178112 58.313175 0.573566 -0.812966 -0.100542 0.302180 0.005146 1 2 1.000000
  2 6.594241 2.144039 59.233093 0.419092 -0.267728 0.867573 0.222737 0.005146 1 2 1.000000
  2 6.344810 2.276255 59.391781 0.419092 -0.267728 0.867573 0.222798 0.005146 1 2 1.000000
combine_gun002
  2 6.344810 2.276255 59.391781 0.419092 -0.267728 0.867573 0.222798 0.005146 1 2 1.000000
  2 6.594241 2.144039 59.233093 0.419092 -0.267728 0.867573 0.222737 0.005146 1 2 1.000000
  2 6.644388 3.412495 59.434559 0.519899 -0.011373 0.854152 0.187062 0.005146 1 2 1.000000
combine_gun002
  2 6.547233 5.260158 58.731136 0.611161 0.496888 0.616104 0.137622 0.005146 1 2 1.000000
  2 6.806780 5.125457 58.589939 0.611161 0.496888 0.616104 0.137479 0.005146 1 2 1.000000
  2 6.271550 5.707858 57.746017 0.490373 0.865207 0.104648 0.129385 0.005146 1 2 1.000000
combine_gun002
  2 6.547233 5.260158 58.731136 0.611161 0.496888 0.616104 0.137622 0.005146 1 2 1.000000
  2 6.938647 4.352015 59.075283 0.601122 0.322709 0.731103 0.156821 0.005146 1 2 1.000000
  2 6.806780 5.125457 58.589939 0.611161 0.496888 0.616104 0.137479 0.005146 1 2 1.000000
combine_gun002
  2 6.644388 3.412495 59.434559 0.519899 -0.011373 0.854152 0.187062 0.005146 1 2 1.000000
  2 6.938647 4.352015 59.075283 0.601122 0.322709 0.731103 0.156821 0.005146 1 2 1.000000
  2 6.547233 5.260158 58.731136 0.611161 0.496888 0.616104 0.137622 0.005146 1 2 1.000000
combine_gun002
  2 5.514450 5.749307 55.908558 0.294561 0.885742 -0.358740 0.139481 0.005146 1 2 1.000000
  2 5.477733 5.166033 54.797195 0.249646 0.854006 -0.456454 0.156088 0.005146 1 2 1.000000
  2 5.265201 5.056400 55.004002 -0.665792 0.669492 -0.329396 0.162300 0.005100 1 2 1.000000
combine_gun002
  2 5.514450 5.749307 55.908558 0.294561 0.885742 -0.358740 0.139481 0.005146 1 2 1.000000
  2 5.570001 5.466200 55.986599 0.960860 0.119595 -0.249890 0.146500 0.005100 1 2 1.000000
  2 5.477733 5.166033 54.797195 0.249646 0.854006 -0.456454 0.156088 0.005146 1 2 1.000000
combine_gun002
  2 5.514450 5.749307 55.908558 0.294561 0.885742 -0.358740 0.139481 0.005146 1 2 1.000000
  2 6.271550 5.707858 57.746017 0.490373 0.865207 0.104648 0.129385 0.005146 1 2 1.000000
  2 5.570001 5.466200 55.986599 0.960860 0.119595 -0.249890 0.146500 0.005100 1 2 1.000000
combine_gun002
  2 6.320303 4.946778 53.010628 0.748247 -0.562156 -0.352289 0.149620 0.005146 1 2 1.000000
  2 6.610900 4.892300 55.062698 0.060499 -0.987987 -0.142198 0.146800 0.005100 1 2 1.000000
  2 6.185600 4.907600 53.133301 0.229397 -0.971585 -0.058299 0.152700 0.005100 1 2 1.000000
combine_gun002
  2 6.830938 4.891823 55.034241 0.798529 -0.573309 -0.183489 0.143554 0.005146 1 2 1.000000
  2 6.610900 4.892300 55.062698 0.060499 -0.987987 -0.142198 0.146800 0.005100 1 2 1.000000
  2 6.320303 4.946778 53.010628 0.748247 -0.562156 -0.352289 0.149620 0.005146 1 2 1.000000
combine_gun002
  2 6.830938 4.891823 55.034241 0.798529 -0.573309 -0.183489 0.143554 0.005146 1 2 1.000000
  2 6.653371 4.149787 57.141453 -0.883270 -0.368726 -0.289613 0.166624 0.005146 1 2 1.000000
  2 6.610900 4.892300 55.062698 0.060499 -0.987987 -0.142198 0.146800 0.005100 1 2 1.000000
combine_gun002
  2 6.880388 4.133904 57.150391 0.795904 -0.520498 -0.309223 0.163692 0.005146 1 2 1.000000
  2 6.653371 4.149787 57.141453 -0.883270 -0.368726 -0.289613 0.166624 0.005146 1 2 1.000000
  2 6.830938 4.891823 55.034241 0.798529 -0.573309 -0.183489 0.143554 0.005146 1 2 1.000000
combine_gun002
  2 6.687123 3.404242 57.659676 -0.848262 -0.239153 -0.472501 0.186655 0.005146 1 2 1.000000
  2 6.653371 4.149787 57.141453 -0.883270 -0.368726 -0.289613 0.166624 0.005146 1 2 1.000000
  2 6.880388 4.133904 57.150391 0.795904 -0.520498 -0.309223 0.163692 0.005146 1 2 1.000000
combine_gun002
  2 6.687123 3.404242 57.659676 -0.848262 -0.239153 -0.472501 0.186655 0.005146 1 2 1.000000
  2 6.592845 3.562907 57.748241 -0.848262 -0.239153 -0.472501 0.183684 0.005146 1 2 1.000000
  2 6.653371 4.149787 57.141453 -0.883270 -0.368726 -0.289613 0.166624 0.005146 1 2 1.000000
combine_gun002
  2 6.303471 2.211423 58.345913 -0.675729 0.154129 -0.720857 0.225197 0.005146 1 2 1.000000
  2 6.592845 3.562907 57.748241 -0.848262 -0.239153 -0.472501 0.183684 0.005146 1 2 1.000000
  2 6.687123 3.404242 57.659676 -0.848262 -0.239153 -0.472501 0.186655 0.005146 1 2 1.000000
combine_gun002
  2 6.320303 4.946778 53.010628 0.748247 -0.562156 -0.352289 0.149620 0.005146 1 2 1.000000
  2 6.185600 4.907600 53.133301 0.016500 -0.957671 -0.287391 0.152700 0.005100 1 2 1.000000
  2 5.925400 4.960100 52.943401 0.016500 -0.957671 -0.287391 0.155100 0.005100 1 2 1.000000
combine_gun002
  0 -4.010635 -4.659369 21.537069 0.000000 -0.258819 0.965926 0.479721 0.261106 1 0 1.000000
  0 5.583171 -4.659369 21.537069 0.000000 -0.258819 0.965926 0.479721 0.430301 1 0 1.000000
  0 5.583171 -3.454166 21.537069 0.000000 0.707107 0.707107 0.463983 0.430301 1 0 1.000000
combine_gun002
  0 -4.010635 -2.851565 20.493334 0.000000 0.965926 0.258819 0.448244 0.261106 1 0 1.000000
  0 -4.010635 -3.454166 21.537069 0.000000 0.707107 0.707107 0.463983 0.261106 1 0 1.000000
  0 5.583171 -2.851565 20.493334 0.000000 0.965926 0.258819 0.448244 0.430301 1 0 1.000000
combine_gun002
  0 -4.010635 -3.454166 21.537069 0.000000 0.707107 0.707107 0.463983 0.261106 1 0 1.000000
  0 5.583171 -3.454166 21.537069 0.000000 0.707107 0.707107 0.463983 0.430301 1 0 1.000000
  0 5.583171 -2.851565 20.493334 0.000000 0.965926 0.258819 0.448244 0.430301 1 0 1.000000
combine_gun002
  2 4.196900 -7.275512 47.430244 0.986332 0.000000 -0.164768 0.302036 0.309806 1 2 1.000000
  2 4.434285 -6.707165 52.108509 1.000000 0.000000 0.000000 0.201969 0.321950 1 2 1.000000
  2 4.434285 -7.275512 52.108509 1.000000 0.000000 0.000000 0.201969 0.309806 1 2 1.000000
combine_gun002
  2 4.196900 -7.275512 47.430244 0.986332 0.000000 -0.164768 0.302036 0.309806 1 2 1.000000
  2 4.196900 -6.707165 47.430244 0.986332 0.000000 -0.164768 0.302036 0.321950 1 2 1.000000
  2 4.434285 -6.707165 52.108509 1.000000 0.000000 0.000000 0.201969 0.321950 1 2 1.000000
combine_gun002
  2 4.210633 3.185869 56.940384 0.000000 -0.121561 0.992584 0.896447 0.994777 1 2 1.000000
  2 5.803904 -9.280484 55.413643 0.000000 -0.121561 0.992584 0.927515 0.750147 1 2 1.000000
  2 5.352380 3.185869 56.940384 0.000000 -0.121561 0.992584 0.918711 0.994777 1 2 1.000000
combine_gun002
  2 4.210633 3.185869 56.940384 0.000000 -0.121561 0.992584 0.896447 0.994777 1 2 1.000000
  2 3.759109 -9.280484 55.413643 0.000000 -0.121561 0.992584 0.887642 0.750147 1 2 1.000000
  2 5.803904 -9.280484 55.413643 0.000000 -0.121561 0.992584 0.927515 0.750147 1 2 1.000000
combine_gun002
  2 5.059175 -3.585470 50.702057 1.000000 0.000000 0.000000 0.369542 0.429962 1 2 1.000000
  2 5.059175 -8.950976 51.078617 1.000000 0.000000 0.000000 0.255870 0.437939 1 2 1.000000
  2 5.059175 -8.950976 49.803223 1.000000 0.000000 0.000000 0.255870 0.410919 1 2 1.000000
combine_gun002
  2 5.059175 -3.585470 50.702057 1.000000 0.000000 0.000000 0.369542 0.429962 1 2 1.000000
  2 5.059175 -3.585470 51.309570 1.000000 0.000000 0.000000 0.369542 0.442832 1 2 1.000000
  2 5.059175 -8.950976 51.078617 1.000000 0.000000 0.000000 0.255870 0.437939 1 2 1.000000
combine_gun002
  2 5.949084 4.064923 53.052303 0.000000 0.993826 0.110947 0.926681 0.707495 1 2 1.000000
  2 5.436160 4.064922 51.965065 0.000000 1.000000 0.000000 0.942387 0.674409 1 2 1.000000
  2 4.126853 4.064922 51.965065 0.000000 1.000000 0.000000 0.982478 0.674409 1 2 1.000000
combine_gun002
  2 5.949084 4.064923 53.052303 0.000000 0.993826 0.110947 0.926681 0.707495 1 2 1.000000
  2 4.126853 4.064922 51.965065 0.000000 1.000000 0.000000 0.982478 0.674409 1 2 1.000000
  2 3.613930 4.064923 53.052303 0.000000 0.993826 0.110947 0.998184 0.707495 1 2 1.000000
combine_gun002
  2 4.210633 3.185869 56.940384 0.000000 0.975382 0.220523 0.979914 0.828802 1 2 1.000000
  2 5.949084 4.064923 53.052303 0.000000 0.993826 0.110947 0.926681 0.707495 1 2 1.000000
  2 3.613930 4.064923 53.052303 0.000000 0.993826 0.110947 0.998184 0.707495 1 2 1.000000
combine_gun002
  2 4.210633 3.185869 56.940384 0.000000 0.975382 0.220523 0.979914 0.828802 1 2 1.000000
  2 5.352380 3.185869 56.940384 0.000000 0.975382 0.220523 0.944952 0.828802 1 2 1.000000
  2 5.949084 4.064923 53.052303 0.000000 0.993826 0.110947 0.926681 0.707495 1 2 1.000000
combine_gun002
  0 -4.010635 -3.454166 21.537069 0.000000 0.258819 0.965926 0.463983 0.261106 1 0 1.000000
  0 -4.010635 -4.659369 21.537069 0.000000 -0.707107 0.707107 0.479721 0.261106 1 0 1.000000
  0 5.583171 -3.454166 21.537069 0.000000 0.258819 0.965926 0.463983 0.430301 1 0 1.000000
combine_gun002
  0 -4.010635 -4.659369 21.537069 0.000000 -0.707107 0.707107 0.479721 0.261106 1 0 1.000000
  0 -4.010635 -5.261970 20.493334 0.000000 -0.965926 0.258819 0.495460 0.261106 1 0 1.000000
  0 5.583171 -4.659369 21.537069 0.000000 -0.707107 0.707107 0.479721 0.430301 1 0 1.000000
combine_gun002
  0 -4.010635 -5.261970 20.493334 0.000000 -0.965926 0.258819 0.495460 0.261106 1 0 1.000000
  0 5.583171 -5.261970 20.493334 0.000000 -0.965926 0.258819 0.495460 0.430301 1 0 1.000000
  0 5.583171 -4.659369 21.537069 0.000000 -0.707107 0.707107 0.479721 0.430301 1 0 1.000000
combine_gun002
  2 4.506256 -3.585470 50.702057 -1.000000 0.000000 0.000000 0.369542 0.429962 1 2 1.000000
  2 4.506256 -8.950976 51.078617 -1.000000 0.000000 0.000000 0.255870 0.437939 1 2 1.000000
  2 4.506256 -3.585470 51.309570 -1.000000 0.000000 0.000000 0.369542 0.442832 1 2 1.000000
combine_gun002
  2 4.506256 -3.585470 50.702057 -1.000000 0.000000 0.000000 0.369542 0.429962 1 2 1.000000
  2 4.506256 -8.950976 49.803223 -1.000000 0.000000 0.000000 0.255870 0.410919 1 2 1.000000
  2 4.506256 -8.950976 51.078617 -1.000000 0.000000 0.000000 0.255870 0.437939 1 2 1.000000
combine_gun002
  2 -3.091804 3.088147 59.092075 0.000000 -1.000000 0.000000 0.650432 0.731321 1 2 1.000000
  2 4.299520 3.088147 57.402714 0.000000 -1.000000 0.000000 0.807820 0.686213 1 2 1.000000
  2 4.299520 3.088147 59.525326 0.000000 -1.000000 0.000000 0.807820 0.742889 1 2 1.000000
combine_gun002
  2 -3.091804 3.088147 59.092075 0.000000 -1.000000 0.000000 0.650432 0.731321 1 2 1.000000
  2 -3.091804 3.088147 57.835960 0.000000 -1.000000 0.000000 0.650432 0.697781 1 2 1.000000
  2 4.299520 3.088147 57.402714 0.000000 -1.000000 0.000000 0.807820 0.686213 1 2 1.000000
combine_gun002
  2 4.299520 3.630422 59.525326 0.000000 1.000000 0.000000 0.657620 0.673483 1 2 1.000000
  2 -3.091804 3.630422 57.835960 0.000000 1.000000 0.000000 0.820291 0.627523 1 2 1.000000
  2 -3.091804 3.630422 59.092075 0.000000 1.000000 0.000000 0.820291 0.661696 1 2 1.000000
combine_gun002
  2 4.299520 3.630422 59.525326 0.000000 1.000000 0.000000 0.657620 0.673483 1 2 1.000000
  2 4.299520 3.630422 57.402714 0.000000 1.000000 0.000000 0.657620 0.615736 1 2 1.000000
  2 -3.091804 3.630422 57.835960 0.000000 1.000000 0.000000 0.820291 0.627523 1 2 1.000000
combine_gun002
  2 5.431520 4.220089 59.781879 0.309017 0.000000 0.951056 0.787319 0.190553 1 2 1.000000
  2 4.492101 2.344426 60.087116 0.309017 0.000000 0.951056 0.811381 0.246015 1 2 1.000000
  2 5.431520 2.344426 59.781879 0.309017 0.000000 0.951056 0.787319 0.246015 1 2 1.000000
combine_gun002
  2 5.431520 4.220089 59.781879 0.309017 0.000000 0.951056 0.787319 0.190553 1 2 1.000000
  2 4.492101 4.220089 60.087116 0.309017 0.000000 0.951056 0.811381 0.190553 1 2 1.000000
  2 4.492101 2.344426 60.087116 0.309017 0.000000 0.951056 0.811381 0.246015 1 2 1.000000
combine_gun002
  2 6.012114 2.344426 58.982761 1.000000 0.000000 0.000000 0.760321 0.246015 1 2 1.000000
  2 6.012114 4.220089 57.994999 1.000000 0.000000 0.000000 0.731824 0.190553 1 2 1.000000
  2 6.012114 4.220088 58.982761 1.000000 0.000000 0.000000 0.760321 0.190553 1 2 1.000000
combine_gun002
  2 6.012114 2.344426 58.982761 1.000000 0.000000 0.000000 0.760321 0.246015 1 2 1.000000
  2 6.012114 2.344426 57.994999 1.000000 0.000000 0.000000 0.731824 0.246015 1 2 1.000000
  2 6.012114 4.220089 57.994999 1.000000 0.000000 0.000000 0.731824 0.190553 1 2 1.000000
combine_gun002
  2 3.552683 4.220089 59.781879 -1.000000 0.000000 0.000000 0.641670 0.428086 1 2 1.000000
  2 3.552683 2.344427 57.195881 -1.000000 0.000000 0.000000 0.683199 0.370829 1 2 1.000000
  2 3.552683 2.344426 59.781879 -1.000000 0.000000 0.000000 0.683199 0.428086 1 2 1.000000
combine_gun002
  2 3.552683 4.220089 59.781879 -1.000000 0.000000 0.000000 0.641670 0.428086 1 2 1.000000
  2 3.552683 4.220089 57.195881 -1.000000 0.000000 0.000000 0.641670 0.370829 1 2 1.000000
  2 3.552683 2.344427 57.195881 -1.000000 0.000000 0.000000 0.683199 0.370829 1 2 1.000000
combine_gun002
  2 5.152274 2.450288 59.283939 1.000000 0.000000 0.000000 0.458752 0.728632 1 2 1.000000
  2 5.152274 -8.380113 52.562992 1.000000 0.000000 0.000000 0.662863 0.795760 1 2 1.000000
  2 5.152274 2.450288 54.525517 1.000000 0.000000 0.000000 0.477424 0.806404 1 2 1.000000
combine_gun002
  2 5.152274 2.450288 59.283939 1.000000 0.000000 0.000000 0.458752 0.728632 1 2 1.000000
  2 5.152274 -8.380114 58.191704 1.000000 0.000000 0.000000 0.640777 0.703763 1 2 1.000000
  2 5.152274 -8.380113 52.562992 1.000000 0.000000 0.000000 0.662863 0.795760 1 2 1.000000
combine_gun002
  2 4.410739 2.450288 54.525517 -1.000000 0.000000 0.000000 0.492089 0.912903 1 2 1.000000
  2 4.410739 -8.380114 58.191704 -1.000000 0.000000 0.000000 0.680917 0.976607 1 2 1.000000
  2 4.410739 2.450288 59.283939 -1.000000 0.000000 0.000000 0.492089 0.995522 1 2 1.000000
combine_gun002
  2 4.410739 2.450288 54.525517 -1.000000 0.000000 0.000000 0.492089 0.912903 1 2 1.000000
  2 4.410739 -8.380113 52.562992 -1.000000 0.000000 0.000000 0.680917 0.878877 1 2 1.000000
  2 4.410739 -8.380114 58.191704 -1.000000 0.000000 0.000000 0.680917 0.976607 1 2 1.000000
combine_gun002
  2 3.613930 4.064923 53.052303 -0.990765 0.013100 0.134952 0.463977 0.886053 1 2 1.000000
  2 3.759109 -9.280484 55.413643 -0.990765 0.013100 0.134952 0.696648 0.927343 1 2 1.000000
  2 4.210633 3.185869 56.940384 -0.990765 0.013100 0.134952 0.479274 0.954511 1 2 1.000000
combine_gun002
  2 3.613930 4.064923 53.052303 -0.990765 0.013100 0.134952 0.463977 0.886053 1 2 1.000000
  2 3.262779 -9.280483 51.191742 -0.990765 0.013100 0.134952 0.696672 0.853252 1 2 1.000000
  2 3.759109 -9.280484 55.413643 -0.990765 0.013100 0.134952 0.696648 0.927343 1 2 1.000000
combine_gun002
  2 5.352380 3.185869 56.940384 0.990765 0.013100 0.134952 0.455957 0.770133 1 2 1.000000
  2 6.300234 -9.280483 51.191742 0.990765 0.013100 0.134952 0.683486 0.816321 1 2 1.000000
  2 5.949084 4.064923 53.052303 0.990765 0.013100 0.134952 0.457029 0.838032 1 2 1.000000
combine_gun002
  2 5.352380 3.185869 56.940384 0.990765 0.013100 0.134952 0.455957 0.770133 1 2 1.000000
  2 5.803904 -9.280484 55.413643 0.990765 0.013100 0.134952 0.666718 0.746582 1 2 1.000000
  2 6.300234 -9.280483 51.191742 0.990765 0.013100 0.134952 0.683486 0.816321 1 2 1.000000
combine_gun002
  2 -2.240016 1.046829 57.473076 0.585200 -0.093695 -0.805458 0.846788 0.413303 1 2 1.000000
  2 -1.444203 2.956592 57.602997 0.577466 -0.186565 -0.794812 0.861970 0.365171 1 2 1.000000
  2 -1.752702 1.046829 57.827133 0.934676 0.184801 -0.303694 0.861970 0.413303 1 2 1.000000
combine_gun002
  2 -2.240016 1.046829 57.473076 0.585200 -0.093695 -0.805458 0.846788 0.413303 1 2 1.000000
  2 -2.252812 3.564852 57.512459 0.490352 0.551407 -0.674911 0.846787 0.349842 1 2 1.000000
  2 -1.444203 2.956592 57.602997 0.577466 -0.186565 -0.794812 0.861970 0.365171 1 2 1.000000
combine_gun002
  2 -1.752702 1.046829 57.827133 0.934676 0.184801 -0.303694 0.861970 0.413303 1 2 1.000000
  2 -1.901528 1.863958 58.400005 0.886096 0.363237 -0.287910 0.877154 0.392709 1 2 1.000000
  2 -1.566564 1.046829 58.400005 0.946873 -0.093695 0.307658 0.877154 0.413303 1 2 1.000000
combine_gun002
  2 -1.752702 1.046829 57.827133 0.934676 0.184801 -0.303694 0.861970 0.413303 1 2 1.000000
  2 -2.343526 1.863958 57.791649 0.000000 0.363238 -0.931696 0.846788 0.392709 1 2 1.000000
  2 -1.901528 1.863958 58.400005 0.886096 0.363237 -0.287910 0.877154 0.392709 1 2 1.000000
combine_gun002
  2 -2.842371 1.046829 57.473076 0.000000 0.184802 -0.982776 0.831604 0.413303 1 2 1.000000
  2 -2.343526 1.863958 57.791649 0.000000 0.363238 -0.931696 0.846788 0.392709 1 2 1.000000
  2 -2.240016 1.046829 57.473076 0.585200 -0.093695 -0.805458 0.846788 0.413303 1 2 1.000000
combine_gun002
  2 -2.842371 1.046829 57.473076 0.000000 0.184802 -0.982776 0.831604 0.413303 1 2 1.000000
  2 -3.058694 1.863958 58.024021 -0.886096 0.363237 -0.287910 0.816421 0.392709 1 2 1.000000
  2 -2.343526 1.863958 57.791649 0.000000 0.363238 -0.931696 0.846788 0.392709 1 2 1.000000
combine_gun002
  2 -3.515824 1.046829 58.400005 -0.934676 0.184801 -0.303694 0.801238 0.413303 1 2 1.000000
  2 -3.058694 1.863958 58.024021 -0.886096 0.363237 -0.287910 0.816421 0.392709 1 2 1.000000
  2 -3.329686 1.046829 57.827133 -0.585200 -0.093695 -0.805458 0.816421 0.413303 1 2 1.000000
combine_gun002
  2 -3.515824 1.046829 58.400005 -0.934676 0.184801 -0.303694 0.801238 0.413303 1 2 1.000000
  2 -3.058694 1.863957 58.775993 -0.547638 0.363237 0.753758 0.786054 0.392709 1 2 1.000000
  2 -3.058694 1.863958 58.024021 -0.886096 0.363237 -0.287910 0.816421 0.392709 1 2 1.000000
combine_gun002
  2 -3.329686 1.046829 57.827133 -0.585200 -0.093695 -0.805458 0.816421 0.413303 1 2 1.000000
  2 -2.960207 2.956594 57.110416 -0.577466 -0.186565 -0.794812 0.831604 0.365171 1 2 1.000000
  2 -2.842371 1.046829 57.473076 0.000000 0.184802 -0.982776 0.831604 0.413303 1 2 1.000000
combine_gun002
  2 -3.329686 1.046829 57.827133 -0.585200 -0.093695 -0.805458 0.816421 0.413303 1 2 1.000000
  2 -3.296187 3.564852 57.851471 -0.490352 0.551407 -0.674911 0.816420 0.349842 1 2 1.000000
  2 -2.960207 2.956594 57.110416 -0.577466 -0.186565 -0.794812 0.831604 0.365171 1 2 1.000000
combine_gun002
  2 -2.842371 1.046829 59.326935 -0.577662 0.184802 0.795082 0.770871 0.413303 1 2 1.000000
  2 -3.058694 1.863957 58.775993 -0.547638 0.363237 0.753758 0.786054 0.392709 1 2 1.000000
  2 -3.329686 1.046829 58.972878 -0.946873 -0.093695 0.307658 0.786054 0.413303 1 2 1.000000
combine_gun002
  2 -2.842371 1.046829 59.326935 -0.577662 0.184802 0.795082 0.770871 0.413303 1 2 1.000000
  2 -2.343500 1.864000 59.008400 0.367799 0.500698 0.783597 0.770900 0.392700 1 2 1.000000
  2 -3.058694 1.863957 58.775993 -0.547638 0.363237 0.753758 0.786054 0.392709 1 2 1.000000
combine_gun002
  2 -3.329686 1.046829 58.972878 -0.946873 -0.093695 0.307658 0.786054 0.413303 1 2 1.000000
  2 -3.897150 2.956592 58.400005 -0.934358 -0.186565 0.303592 0.801238 0.365171 1 2 1.000000
  2 -3.515824 1.046829 58.400005 -0.934676 0.184801 -0.303694 0.801238 0.413303 1 2 1.000000
combine_gun002
  2 -3.329686 1.046829 58.972878 -0.946873 -0.093695 0.307658 0.786054 0.413303 1 2 1.000000
  2 -3.296187 3.564852 58.948540 -0.793406 0.551407 0.257794 0.786055 0.349842 1 2 1.000000
  2 -3.897150 2.956592 58.400005 -0.934358 -0.186565 0.303592 0.801238 0.365171 1 2 1.000000
combine_gun002
  2 -2.842371 1.046829 59.326935 -0.577662 0.184802 0.795082 0.770871 0.413303 1 2 1.000000
  2 -3.255906 -6.854663 58.919273 -0.561631 -0.294984 0.773017 0.786055 0.612444 1 2 1.000000
  2 -2.814190 -6.854663 59.240200 -0.561631 -0.294984 0.773017 0.770872 0.612444 1 2 1.000000
combine_gun002
  2 -2.842371 1.046829 59.326935 -0.577662 0.184802 0.795082 0.770871 0.413303 1 2 1.000000
  2 -3.329686 1.046829 58.972878 -0.946873 -0.093695 0.307658 0.786054 0.413303 1 2 1.000000
  2 -3.255906 -6.854663 58.919273 -0.561631 -0.294984 0.773017 0.786055 0.612444 1 2 1.000000
combine_gun002
  2 -3.329686 1.046829 58.972878 -0.946873 -0.093695 0.307658 0.786054 0.413303 1 2 1.000000
  2 -3.424627 -6.854663 58.400005 -0.908736 -0.294984 0.295267 0.801238 0.612444 1 2 1.000000
  2 -3.255906 -6.854663 58.919273 -0.561631 -0.294984 0.773017 0.786055 0.612444 1 2 1.000000
combine_gun002
  2 -3.329686 1.046829 58.972878 -0.946873 -0.093695 0.307658 0.786054 0.413303 1 2 1.000000
  2 -3.515824 1.046829 58.400005 -0.934676 0.184801 -0.303694 0.801238 0.413303 1 2 1.000000
  2 -3.424627 -6.854663 58.400005 -0.908736 -0.294984 0.295267 0.801238 0.612444 1 2 1.000000
combine_gun002
  2 -3.515824 1.046829 58.400005 -0.934676 0.184801 -0.303694 0.801238 0.413303 1 2 1.000000
  2 -3.255906 -6.854663 57.880737 -0.908736 -0.294984 -0.295267 0.816420 0.612444 1 2 1.000000
  2 -3.424627 -6.854663 58.400005 -0.908736 -0.294984 0.295267 0.801238 0.612444 1 2 1.000000
combine_gun002
  2 -3.515824 1.046829 58.400005 -0.934676 0.184801 -0.303694 0.801238 0.413303 1 2 1.000000
  2 -3.329686 1.046829 57.827133 -0.585200 -0.093695 -0.805458 0.816421 0.413303 1 2 1.000000
  2 -3.255906 -6.854663 57.880737 -0.908736 -0.294984 -0.295267 0.816420 0.612444 1 2 1.000000
combine_gun002
  2 -3.329686 1.046829 57.827133 -0.585200 -0.093695 -0.805458 0.816421 0.413303 1 2 1.000000
  2 -2.814190 -6.854663 57.559811 -0.561631 -0.294984 -0.773017 0.831603 0.612444 1 2 1.000000
  2 -3.255906 -6.854663 57.880737 -0.908736 -0.294984 -0.295267 0.816420 0.612444 1 2 1.000000
combine_gun002
  2 -3.329686 1.046829 57.827133 -0.585200 -0.093695 -0.805458 0.816421 0.413303 1 2 1.000000
  2 -2.842371 1.046829 57.473076 0.000000 0.184802 -0.982776 0.831604 0.413303 1 2 1.000000
  2 -2.814190 -6.854663 57.559811 -0.561631 -0.294984 -0.773017 0.831603 0.612444 1 2 1.000000
combine_gun002
  2 -2.842371 1.046829 57.473076 0.000000 0.184802 -0.982776 0.831604 0.413303 1 2 1.000000
  2 -2.268198 -6.854663 57.559811 0.000000 -0.294985 -0.955502 0.846787 0.612444 1 2 1.000000
  2 -2.814190 -6.854663 57.559811 -0.561631 -0.294984 -0.773017 0.831603 0.612444 1 2 1.000000
combine_gun002
  2 -2.842371 1.046829 57.473076 0.000000 0.184802 -0.982776 0.831604 0.413303 1 2 1.000000
  2 -2.240016 1.046829 57.473076 0.585200 -0.093695 -0.805458 0.846788 0.413303 1 2 1.000000
  2 -2.268198 -6.854663 57.559811 0.000000 -0.294985 -0.955502 0.846787 0.612444 1 2 1.000000
combine_gun002
  2 -2.240016 1.046829 57.473076 0.585200 -0.093695 -0.805458 0.846788 0.413303 1 2 1.000000
  2 -1.826482 -6.854663 57.880737 0.561631 -0.294984 -0.773017 0.861970 0.612444 1 2 1.000000
  2 -2.268198 -6.854663 57.559811 0.000000 -0.294985 -0.955502 0.846787 0.612444 1 2 1.000000
combine_gun002
  2 -2.240016 1.046829 57.473076 0.585200 -0.093695 -0.805458 0.846788 0.413303 1 2 1.000000
  2 -1.752702 1.046829 57.827133 0.934676 0.184801 -0.303694 0.861970 0.413303 1 2 1.000000
  2 -1.826482 -6.854663 57.880737 0.561631 -0.294984 -0.773017 0.861970 0.612444 1 2 1.000000
combine_gun002
  2 -1.752702 1.046829 57.827133 0.934676 0.184801 -0.303694 0.861970 0.413303 1 2 1.000000
  2 -1.657761 -6.854663 58.400005 0.908736 -0.294984 -0.295267 0.877154 0.612444 1 2 1.000000
  2 -1.826482 -6.854663 57.880737 0.561631 -0.294984 -0.773017 0.861970 0.612444 1 2 1.000000
combine_gun002
  2 -1.752702 1.046829 57.827133 0.934676 0.184801 -0.303694 0.861970 0.413303 1 2 1.000000
  2 -1.566564 1.046829 58.400005 0.946873 -0.093695 0.307658 0.877154 0.413303 1 2 1.000000
  2 -1.657761 -6.854663 58.400005 0.908736 -0.294984 -0.295267 0.877154 0.612444 1 2 1.000000
combine_gun002
  2 -1.566564 1.046829 58.400005 0.946873 -0.093695 0.307658 0.877154 0.413303 1 2 1.000000
  2 -1.826482 -6.854663 58.919273 0.908736 -0.294984 0.295267 0.892337 0.612444 1 2 1.000000
  2 -1.657761 -6.854663 58.400005 0.908736 -0.294984 -0.295267 0.877154 0.612444 1 2 1.000000
combine_gun002
  2 -1.566564 1.046829 58.400005 0.946873 -0.093695 0.307658 0.877154 0.413303 1 2 1.000000
  2 -1.752702 1.046829 58.972878 0.577662 0.184802 0.795082 0.892337 0.413303 1 2 1.000000
  2 -1.826482 -6.854663 58.919273 0.908736 -0.294984 0.295267 0.892337 0.612444 1 2 1.000000
combine_gun002
  2 -1.752702 1.046829 58.972878 0.577662 0.184802 0.795082 0.892337 0.413303 1 2 1.000000
  2 -2.268198 -6.854663 59.240200 0.561631 -0.294984 0.773017 0.907520 0.612444 1 2 1.000000
  2 -1.826482 -6.854663 58.919273 0.908736 -0.294984 0.295267 0.892337 0.612444 1 2 1.000000
combine_gun002
  2 -1.752702 1.046829 58.972878 0.577662 0.184802 0.795082 0.892337 0.413303 1 2 1.000000
  2 -2.240016 1.046829 59.326935 0.000000 -0.093695 0.995601 0.907520 0.413303 1 2 1.000000
  2 -2.268198 -6.854663 59.240200 0.561631 -0.294984 0.773017 0.907520 0.612444 1 2 1.000000
combine_gun002
  2 -1.752702 1.046829 58.972878 0.577662 0.184802 0.795082 0.892337 0.413303 1 2 1.000000
  2 -2.343526 1.863957 59.008362 0.547638 0.363237 0.753758 0.907519 0.392709 1 2 1.000000
  2 -2.240016 1.046829 59.326935 0.000000 -0.093695 0.995601 0.907520 0.413303 1 2 1.000000
combine_gun002
  2 -1.752702 1.046829 58.972878 0.577662 0.184802 0.795082 0.892337 0.413303 1 2 1.000000
  2 -1.901528 1.863958 58.400005 0.886096 0.363237 -0.287910 0.877154 0.392709 1 2 1.000000
  2 -2.343526 1.863957 59.008362 0.547638 0.363237 0.753758 0.907519 0.392709 1 2 1.000000
combine_gun002
  2 -1.566564 1.046829 58.400005 0.946873 -0.093695 0.307658 0.877154 0.413303 1 2 1.000000
  2 -1.444203 2.956592 59.197018 0.934358 -0.186565 0.303592 0.892337 0.365171 1 2 1.000000
  2 -1.752702 1.046829 58.972878 0.577662 0.184802 0.795082 0.892337 0.413303 1 2 1.000000
combine_gun002
  2 -1.566564 1.046829 58.400005 0.946873 -0.093695 0.307658 0.877154 0.413303 1 2 1.000000
  2 -1.607971 3.564852 58.400005 0.793406 0.551407 0.257794 0.877154 0.349842 1 2 1.000000
  2 -1.444203 2.956592 59.197018 0.934358 -0.186565 0.303592 0.892337 0.365171 1 2 1.000000
combine_gun002
  2 -2.240016 1.046829 59.326935 0.000000 -0.093695 0.995601 0.907520 0.413303 1 2 1.000000
  2 -2.814190 -6.854663 59.240200 0.000000 -0.294985 0.955502 0.922883 0.612444 1 2 1.000000
  2 -2.268198 -6.854663 59.240200 0.561631 -0.294984 0.773017 0.907520 0.612444 1 2 1.000000
combine_gun002
  2 -2.240016 1.046829 59.326935 0.000000 -0.093695 0.995601 0.907520 0.413303 1 2 1.000000
  2 -2.842371 1.046829 59.326935 0.000000 -0.093695 0.995601 0.922703 0.413303 1 2 1.000000
  2 -2.814190 -6.854663 59.240200 0.000000 -0.294985 0.955502 0.922883 0.612444 1 2 1.000000
combine_gun002
  2 -2.240016 1.046829 59.326935 0.000000 -0.093695 0.995601 0.907520 0.413303 1 2 1.000000
  2 -2.960207 2.956592 59.689598 0.000000 -0.186565 0.982442 0.922703 0.365171 1 2 1.000000
  2 -2.842371 1.046829 59.326935 0.000000 -0.093695 0.995601 0.922703 0.413303 1 2 1.000000
combine_gun002
  2 -2.240016 1.046829 59.326935 0.000000 -0.093695 0.995601 0.907520 0.413303 1 2 1.000000
  2 -2.252800 3.564900 59.287498 0.483498 0.016100 0.875197 0.907500 0.365200 1 2 1.000000
  2 -2.960207 2.956592 59.689598 0.000000 -0.186565 0.982442 0.922703 0.365171 1 2 1.000000
combine_gun002
  1 0.743613 -9.849314 51.165688 -1.000000 0.000000 0.000000 0.076590 0.654985 1 1 1.000000
  1 1.002359 -9.429124 49.335033 -1.000000 0.000000 0.000000 0.089303 0.599600 1 1 1.000000
  1 0.743613 -9.825221 49.938797 -1.000000 0.000000 0.000000 0.077318 0.617866 1 1 1.000000
combine_gun002
  1 0.743613 -9.849314 51.165688 -1.000000 0.000000 0.000000 0.076590 0.654985 1 1 1.000000
  1 0.743613 -9.465220 51.173229 -1.000000 0.000000 0.000000 0.088210 0.655213 1 1 1.000000
  1 1.002359 -9.429124 49.335033 -1.000000 0.000000 0.000000 0.089303 0.599600 1 1 1.000000
combine_gun002
  1 1.002359 -9.429124 49.335033 -1.000000 0.000000 0.000000 0.089303 0.599600 1 1 1.000000
  1 1.002359 -9.646160 47.968853 -1.000000 0.000000 0.000000 0.082736 0.558267 1 1 1.000000
  1 1.237800 -9.680500 49.718201 0.193596 -0.980081 -0.044299 0.081700 0.611200 1 1 1.000000
combine_gun002
  1 1.002359 -9.429124 49.335033 -1.000000 0.000000 0.000000 0.089303 0.599600 1 1 1.000000
  1 1.237800 -9.390400 47.362301 0.350893 -0.902483 -0.249795 0.090500 0.539900 1 1 1.000000
  1 1.002359 -9.646160 47.968853 -1.000000 0.000000 0.000000 0.082736 0.558267 1 1 1.000000
combine_gun002
  1 1.237800 -9.680500 49.718201 0.193596 -0.980081 -0.044299 0.081700 0.611200 1 1 1.000000
  1 1.002359 -9.646160 47.968853 -1.000000 0.000000 0.000000 0.082736 0.558267 1 1 1.000000
  1 1.237800 -9.390400 47.362301 0.350893 -0.902483 -0.249795 0.090500 0.539900 1 1 1.000000
combine_gun002
  1 1.237800 -9.680500 49.718201 0.193596 -0.980081 -0.044299 0.081700 0.611200 1 1 1.000000
  1 1.237800 -9.390400 47.362301 0.350893 -0.902483 -0.249795 0.090500 0.539900 1 1 1.000000
  1 1.496574 -9.429124 49.335033 1.000000 0.000000 0.000000 0.089303 0.599600 1 1 1.000000
combine_gun002
  1 1.496574 -9.465220 51.173229 1.000000 0.000000 0.000000 0.088210 0.655213 1 1 1.000000
  1 1.237800 -9.680500 49.718201 0.193596 -0.980081 -0.044299 0.081700 0.611200 1 1 1.000000
  1 1.496574 -9.429124 49.335033 1.000000 0.000000 0.000000 0.089303 0.599600 1 1 1.000000
combine_gun002
  1 -0.362155 -8.006868 33.364540 -1.000000 0.000000 0.000000 0.180450 0.612349 1 1 1.000000
  1 -0.362155 -8.006868 53.376381 -1.000000 0.000000 0.000000 0.180450 0.946943 1 1 1.000000
  1 -0.362155 0.955898 54.667324 -1.000000 0.000000 0.000000 0.030567 0.967133 1 1 1.000000
combine_gun002
  1 -0.362155 -8.006868 33.364540 -1.000000 0.000000 0.000000 0.180450 0.612349 1 1 1.000000
  1 -0.362155 0.955898 54.667324 -1.000000 0.000000 0.000000 0.030567 0.967133 1 1 1.000000
  1 -0.362155 -1.047935 31.005955 -1.000000 0.000000 0.000000 0.064077 0.571832 1 1 1.000000
combine_gun002
  1 -0.362155 0.955898 54.667324 -1.000000 0.000000 0.000000 0.030567 0.967133 1 1 1.000000
  1 0.586666 0.955898 56.525017 -0.875337 0.379367 0.299777 0.029048 0.999735 1 1 1.000000
  1 0.918600 2.443200 56.525002 -0.008500 0.613475 0.789668 0.003600 1.000000 1 1 1.000000
combine_gun002
  0 0.898225 4.774647 34.382225 0.000000 -0.400749 0.916188 0.403727 0.914175 1 0 1.000000
  0 -0.523740 4.022482 34.053223 0.000000 -0.400749 0.916188 0.356749 0.887053 1 0 1.000000
  0 0.424237 4.022482 34.053223 0.000000 -0.400749 0.916188 0.388067 0.887053 1 0 1.000000
combine_gun002
  0 0.898225 4.774647 34.382225 0.000000 -0.400749 0.916188 0.403727 0.914175 1 0 1.000000
  0 -0.997728 4.774647 34.382225 0.000000 -0.400749 0.916188 0.341090 0.914175 1 0 1.000000
  0 -0.523740 4.022482 34.053223 0.000000 -0.400749 0.916188 0.356749 0.887053 1 0 1.000000
combine_gun002
  0 0.898225 4.774647 34.382225 0.000000 -0.400749 0.916188 0.403727 0.914175 1 0 1.000000
  0 -0.523740 5.526812 34.711227 0.000000 -0.400749 0.916188 0.356749 0.941297 1 0 1.000000
  0 -0.997728 4.774647 34.382225 0.000000 -0.400749 0.916188 0.341090 0.914175 1 0 1.000000
combine_gun002
  0 0.898225 4.774647 34.382225 0.000000 -0.400749 0.916188 0.403727 0.914175 1 0 1.000000
  0 0.424237 5.526812 34.711227 0.000000 -0.400749 0.916188 0.388067 0.941297 1 0 1.000000
  0 -0.523740 5.526812 34.711227 0.000000 -0.400749 0.916188 0.356749 0.941297 1 0 1.000000
combine_gun002
  0 -0.541822 1.388704 31.514816 0.000000 -0.995267 -0.097177 0.974773 0.704768 1 0 1.000000
  0 -1.662734 0.885521 36.668282 0.000000 -0.995267 -0.097177 0.952831 0.806126 1 0 1.000000
  0 -1.662734 1.388704 31.514816 0.000000 -0.995267 -0.097177 0.952831 0.704768 1 0 1.000000
combine_gun002
  0 -0.541822 1.388704 31.514816 0.000000 -0.995267 -0.097177 0.974773 0.704768 1 0 1.000000
  0 -0.541822 0.885521 36.668282 0.000000 -0.995267 -0.097177 0.974773 0.806126 1 0 1.000000
  0 -1.662734 0.885521 36.668282 0.000000 -0.995267 -0.097177 0.952831 0.806126 1 0 1.000000
combine_gun002
  0 -2.347076 3.786226 35.061516 0.000000 0.707107 0.707107 0.786184 0.442213 1 0 1.000000
  0 1.373637 3.345091 35.502651 0.000000 0.707107 0.707107 0.798238 0.542718 1 0 1.000000
  0 1.373637 3.947693 34.458916 0.000000 0.965926 0.258819 0.774131 0.542718 1 0 1.000000
combine_gun002
  0 -2.347076 3.786226 35.061516 0.000000 0.707107 0.707107 0.786184 0.442213 1 0 1.000000
  0 -2.347076 2.742489 35.664116 0.000000 0.258819 0.965926 0.810291 0.442213 1 0 1.000000
  0 1.373637 3.345091 35.502651 0.000000 0.707107 0.707107 0.798238 0.542718 1 0 1.000000
combine_gun002
  0 -2.347076 2.742490 33.253712 0.000000 0.258819 -0.965926 0.882611 0.442213 1 0 1.000000
  0 1.373637 2.742490 33.253712 0.000000 -0.258819 -0.965926 0.882611 0.542718 1 0 1.000000
  0 1.373637 1.698755 33.856312 0.000000 -0.707107 -0.707107 0.858504 0.542718 1 0 1.000000
combine_gun002
  0 -2.347076 2.742490 33.253712 0.000000 0.258819 -0.965926 0.882611 0.442213 1 0 1.000000
  0 1.373637 3.345092 33.415176 0.000000 0.258819 -0.965926 0.894664 0.542718 1 0 1.000000
  0 1.373637 2.742490 33.253712 0.000000 -0.258819 -0.965926 0.882611 0.542718 1 0 1.000000
combine_gun002
  0 -2.347076 2.742490 33.253712 0.000000 0.258819 -0.965926 0.882611 0.442213 1 0 1.000000
  0 -2.347076 3.786226 33.856312 0.000000 0.707107 -0.707107 0.906717 0.442213 1 0 1.000000
  0 1.373637 3.345092 33.415176 0.000000 0.258819 -0.965926 0.894664 0.542718 1 0 1.000000
combine_gun002
  0 -4.010635 -4.056767 19.288132 0.000000 0.258819 -0.965926 0.519068 0.261106 1 0 1.000000
  0 5.583171 -3.454166 19.449598 0.000000 0.258819 -0.965926 0.526938 0.430301 1 0 1.000000
  0 5.583171 -4.659369 19.449598 0.000000 -0.258819 -0.965926 0.511199 0.430301 1 0 1.000000
combine_gun002
  0 -4.010635 -4.056767 19.288132 0.000000 0.258819 -0.965926 0.519068 0.261106 1 0 1.000000
  0 -4.010635 -3.013031 19.890732 0.000000 0.707107 -0.707107 0.534807 0.261106 1 0 1.000000
  0 5.583171 -3.454166 19.449598 0.000000 0.258819 -0.965926 0.526938 0.430301 1 0 1.000000
combine_gun002
  0 -2.347076 3.786226 33.856312 0.000000 0.965926 -0.258819 0.906717 0.442213 1 0 1.000000
  0 1.373637 3.947693 34.458916 0.000000 0.965926 -0.258819 0.918771 0.542718 1 0 1.000000
  0 1.373637 3.345092 33.415176 0.000000 0.707107 -0.707107 0.894664 0.542718 1 0 1.000000
combine_gun002
  0 -2.347076 3.786226 33.856312 0.000000 0.965926 -0.258819 0.906717 0.442213 1 0 1.000000
  0 -2.347100 3.786200 35.061501 -0.043398 0.999058 0.000000 0.918800 0.442200 1 0 1.000000
  0 1.373637 3.947693 34.458916 0.000000 0.965926 -0.258819 0.918771 0.542718 1 0 1.000000
combine_gun002
  3 4.110431 -13.712202 52.971539 -0.240692 -0.777439 -0.581082 0.947761 0.075853 1 3 1.000000
  3 4.778137 -13.841927 53.188480 0.000000 -1.000000 0.000000 0.978501 0.081062 1 3 1.000000
  3 4.327374 -13.841927 53.188480 0.000000 -1.000000 0.000000 0.952969 0.081062 1 3 1.000000
combine_gun002
  3 4.995080 -13.712202 52.971539 0.581082 -0.777439 -0.240692 0.983709 0.075853 1 3 1.000000
  3 4.778137 -13.841927 53.188480 0.000000 -1.000000 0.000000 0.978501 0.081062 1 3 1.000000
  3 4.110431 -13.712202 52.971539 -0.240692 -0.777439 -0.581082 0.947761 0.075853 1 3 1.000000
combine_gun002
  3 4.995080 -13.712202 52.971539 0.581082 -0.777439 -0.240692 0.983709 0.075853 1 3 1.000000
  3 4.778137 -13.841927 53.639244 0.000000 -1.000000 0.000000 0.978501 0.106592 1 3 1.000000
  3 4.778137 -13.841927 53.188480 0.000000 -1.000000 0.000000 0.978501 0.081062 1 3 1.000000
combine_gun002
  3 4.778137 -13.841927 53.639244 0.000000 -1.000000 0.000000 0.978501 0.106592 1 3 1.000000
  3 4.995080 -13.712202 52.971539 0.581082 -0.777439 -0.240692 0.983709 0.075853 1 3 1.000000
  3 4.995080 -13.712202 53.856186 0.240692 -0.777439 0.581082 0.983709 0.111801 1 3 1.000000
combine_gun002
  3 4.995080 -13.712202 53.856186 0.240692 -0.777439 0.581082 0.983709 0.111801 1 3 1.000000
  3 4.552755 -13.841927 53.732597 0.000000 -1.000000 0.000000 0.965735 0.111879 1 3 1.000000
  3 4.778137 -13.841927 53.639244 0.000000 -1.000000 0.000000 0.978501 0.106592 1 3 1.000000
combine_gun002
  3 4.110431 -13.712202 53.856186 -0.240692 -0.777439 0.581082 0.947761 0.111801 1 3 1.000000
  3 4.552755 -13.841927 53.732597 0.000000 -1.000000 0.000000 0.965735 0.111879 1 3 1.000000
  3 4.995080 -13.712202 53.856186 0.240692 -0.777439 0.581082 0.983709 0.111801 1 3 1.000000
combine_gun002
  3 4.110431 -13.712202 53.856186 -0.240692 -0.777439 0.581082 0.947761 0.111801 1 3 1.000000
  3 4.234018 -13.841927 53.413860 0.000000 -1.000000 0.000000 0.947684 0.093827 1 3 1.000000
  3 4.552755 -13.841927 53.732597 0.000000 -1.000000 0.000000 0.965735 0.111879 1 3 1.000000
combine_gun002
  3 4.110431 -13.712202 52.971539 -0.240692 -0.777439 -0.581082 0.947761 0.075853 1 3 1.000000
  3 4.234018 -13.841927 53.413860 0.000000 -1.000000 0.000000 0.947684 0.093827 1 3 1.000000
  3 4.110431 -13.712202 53.856186 -0.240692 -0.777439 0.581082 0.947761 0.111801 1 3 1.000000
combine_gun002
  3 4.110431 -13.712202 52.971539 -0.240692 -0.777439 -0.581082 0.947761 0.075853 1 3 1.000000
  3 4.327374 -13.841927 53.188480 0.000000 -1.000000 0.000000 0.952969 0.081062 1 3 1.000000
  3 4.234018 -13.841927 53.413860 0.000000 -1.000000 0.000000 0.947684 0.093827 1 3 1.000000
combine_gun002
  3 4.327374 -13.665812 53.639244 0.000000 -1.000000 0.000000 0.960278 0.100888 1 3 1.000000
  3 4.871493 -13.665812 53.413860 0.000000 -1.000000 0.000000 0.974566 0.094970 1 3 1.000000
  3 4.552755 -13.841927 53.732597 0.000000 -1.000000 0.000000 0.965735 0.111879 1 3 1.000000
combine_gun002
  3 4.327374 -13.665812 53.639244 0.000000 -1.000000 0.000000 0.960278 0.100888 1 3 1.000000
  3 4.552755 -13.665812 53.095123 0.000000 -1.000000 0.000000 0.966197 0.086601 1 3 1.000000
  3 4.871493 -13.665812 53.413860 0.000000 -1.000000 0.000000 0.974566 0.094970 1 3 1.000000
combine_gun002
  3 4.327374 -13.665812 53.639244 0.000000 -1.000000 0.000000 0.960278 0.100888 1 3 1.000000
  3 4.327374 -13.841927 53.188480 0.000000 -1.000000 0.000000 0.952969 0.081062 1 3 1.000000
  3 4.552755 -13.665812 53.095123 0.000000 -1.000000 0.000000 0.966197 0.086601 1 3 1.000000
combine_gun002
  2 5.168552 4.282619 53.975479 -0.500000 0.000000 0.866025 0.824545 0.431573 1 2 1.000000
  2 4.927485 2.512700 53.836300 -1.000000 0.000000 0.000000 0.831761 0.493537 1 2 1.000000
  2 5.168552 2.512700 53.975479 -0.500000 0.000000 0.866025 0.824545 0.493537 1 2 1.000000
combine_gun002
  2 5.168552 4.282619 53.975479 -0.500000 0.000000 0.866025 0.824545 0.431573 1 2 1.000000
  2 4.927485 4.282619 53.557938 -0.500000 0.000000 -0.866025 0.838978 0.431573 1 2 1.000000
  2 4.927485 2.512700 53.836300 -1.000000 0.000000 0.000000 0.831761 0.493537 1 2 1.000000
combine_gun002
  2 4.927485 4.282619 53.557938 -0.500000 0.000000 -0.866025 0.838978 0.431573 1 2 1.000000
  2 5.409618 2.512700 53.557938 0.500000 0.000000 -0.866025 0.853410 0.493537 1 2 1.000000
  2 4.927485 2.512700 53.836300 -1.000000 0.000000 0.000000 0.831761 0.493537 1 2 1.000000
combine_gun002
  2 4.927485 4.282619 53.557938 -0.500000 0.000000 -0.866025 0.838978 0.431573 1 2 1.000000
  2 5.409618 4.282619 53.557938 0.500000 0.000000 -0.866025 0.853410 0.431573 1 2 1.000000
  2 5.409618 2.512700 53.557938 0.500000 0.000000 -0.866025 0.853410 0.493537 1 2 1.000000
combine_gun002
  2 5.409618 4.282619 53.557938 0.500000 0.000000 -0.866025 0.853410 0.431573 1 2 1.000000
  2 5.168552 4.282619 53.975479 0.500000 0.000000 0.866025 0.867842 0.431573 1 2 1.000000
  2 5.409618 2.512700 53.557938 0.500000 0.000000 -0.866025 0.853410 0.493537 1 2 1.000000
combine_gun002
  2 5.168552 4.282619 53.975479 0.500000 0.000000 0.866025 0.867842 0.431573 1 2 1.000000
  2 5.168552 2.512700 53.975479 0.500000 0.000000 0.866025 0.867842 0.493537 1 2 1.000000
  2 5.409618 2.512700 53.557938 1.000000 0.000000 0.000000 0.853410 0.493537 1 2 1.000000
combine_gun002
  2 4.196900 -7.275512 47.430244 0.000000 0.000000 -1.000000 0.968436 0.752772 1 2 1.000000
  2 3.012844 -6.707165 47.430244 0.000000 0.000000 -1.000000 0.949357 0.792517 1 2 1.000000
  2 4.196900 -6.707165 47.430244 0.000000 0.000000 -1.000000 0.949357 0.752772 1 2 1.000000
combine_gun002
  2 4.196900 -7.275512 47.430244 0.000000 0.000000 -1.000000 0.968436 0.752772 1 2 1.000000
  2 3.012844 -7.275512 47.430244 0.000000 0.000000 -1.000000 0.968436 0.792517 1 2 1.000000
  2 3.012844 -6.707165 47.430244 0.000000 0.000000 -1.000000 0.949357 0.792517 1 2 1.000000
combine_gun002
  2 3.012844 -7.275512 52.108509 0.000000 -1.000000 0.000000 0.534395 0.729279 1 2 1.000000
  2 3.012844 -7.275512 47.430244 0.000000 -1.000000 0.000000 0.614120 0.719446 1 2 1.000000
  2 4.196900 -7.275512 47.430244 0.000000 -1.000000 0.000000 0.616608 0.739624 1 2 1.000000
combine_gun002
  2 4.196900 -7.275512 47.430244 0.000000 -1.000000 0.000000 0.616608 0.739624 1 2 1.000000
  2 4.434285 -7.275512 52.108509 0.000000 -1.000000 0.000000 0.537383 0.753502 1 2 1.000000
  2 3.012844 -7.275512 52.108509 0.000000 -1.000000 0.000000 0.534395 0.729279 1 2 1.000000
combine_gun002
  2 3.262779 -9.280483 51.191742 0.000000 -1.000000 0.000000 0.771592 0.813057 1 2 1.000000
  2 3.929966 -9.280483 50.104500 0.000000 -1.000000 0.000000 0.789403 0.784030 1 2 1.000000
  2 5.633048 -9.280483 50.104500 0.000000 -1.000000 0.000000 0.834871 0.784030 1 2 1.000000
combine_gun002
  2 3.262779 -9.280483 51.191742 0.000000 -1.000000 0.000000 0.771592 0.813057 1 2 1.000000
  2 5.633048 -9.280483 50.104500 0.000000 -1.000000 0.000000 0.834871 0.784030 1 2 1.000000
  2 6.300234 -9.280483 51.191742 0.000000 -1.000000 0.000000 0.852682 0.813057 1 2 1.000000
combine_gun002
  2 6.300234 -9.280483 51.191742 0.000000 -1.000000 0.000000 0.852682 0.813057 1 2 1.000000
  2 3.759109 -9.280484 55.413643 0.000000 -1.000000 0.000000 0.784841 0.925770 1 2 1.000000
  2 3.262779 -9.280483 51.191742 0.000000 -1.000000 0.000000 0.771592 0.813057 1 2 1.000000
combine_gun002
  2 6.300234 -9.280483 51.191742 0.000000 -1.000000 0.000000 0.852682 0.813057 1 2 1.000000
  2 5.803904 -9.280484 55.413643 0.000000 -1.000000 0.000000 0.839432 0.925770 1 2 1.000000
  2 3.759109 -9.280484 55.413643 0.000000 -1.000000 0.000000 0.784841 0.925770 1 2 1.000000
combine_gun002
  2 5.436160 4.064922 51.965065 0.000000 0.138080 -0.990421 0.881818 0.691428 1 2 1.000000
  2 3.929966 -9.280483 50.104500 0.000000 0.138080 -0.990421 0.853768 0.939387 1 2 1.000000
  2 4.126853 4.064922 51.965065 0.000000 0.138080 -0.990421 0.857435 0.691428 1 2 1.000000
combine_gun002
  2 5.436160 4.064922 51.965065 0.000000 0.138080 -0.990421 0.881818 0.691428 1 2 1.000000
  2 5.633048 -9.280483 50.104500 0.000000 0.138080 -0.990421 0.885485 0.939387 1 2 1.000000
  2 3.929966 -9.280483 50.104500 0.000000 0.138080 -0.990421 0.853768 0.939387 1 2 1.000000
combine_gun002
  2 5.431520 4.220089 57.195881 0.309017 0.000000 -0.951056 0.704826 0.190553 1 2 1.000000
  2 4.492101 2.344427 56.890644 0.309017 0.000000 -0.951056 0.680764 0.246015 1 2 1.000000
  2 4.492101 4.220089 56.890644 0.309017 0.000000 -0.951056 0.680764 0.190553 1 2 1.000000
combine_gun002
  2 5.431520 4.220089 57.195881 0.309017 0.000000 -0.951056 0.704826 0.190553 1 2 1.000000
  2 5.431520 2.344427 57.195881 0.309017 0.000000 -0.951056 0.704826 0.246015 1 2 1.000000
  2 4.492101 2.344427 56.890644 0.309017 0.000000 -0.951056 0.680764 0.246015 1 2 1.000000
combine_gun002
  2 4.196900 -6.707165 47.430244 0.000000 1.000000 0.000000 0.616608 0.739624 1 2 1.000000
  2 3.012844 -6.707165 52.108509 0.000000 1.000000 0.000000 0.534395 0.729279 1 2 1.000000
  2 4.434285 -6.707165 52.108509 0.000000 1.000000 0.000000 0.537383 0.753502 1 2 1.000000
combine_gun002
  2 4.196900 -6.707165 47.430244 0.000000 1.000000 0.000000 0.616608 0.739624 1 2 1.000000
  2 3.012844 -6.707165 47.430244 0.000000 1.000000 0.000000 0.614120 0.719446 1 2 1.000000
  2 3.012844 -6.707165 52.108509 0.000000 1.000000 0.000000 0.534395 0.729279 1 2 1.000000
combine_gun002
  1 0.595063 -9.494196 33.364540 0.000000 -1.000000 0.000000 0.966159 0.309726 1 1 1.000000
  1 1.585868 -9.494196 51.268845 0.000000 -1.000000 0.000000 0.986747 0.669567 1 1 1.000000
  1 0.595063 -9.494196 51.268845 0.000000 -1.000000 0.000000 0.966159 0.669567 1 1 1.000000
combine_gun002
  1 0.595063 -9.494196 33.364540 0.000000 -1.000000 0.000000 0.966159 0.309726 1 1 1.000000
  1 1.585868 -9.494196 33.364540 0.000000 -1.000000 0.000000 0.986747 0.309726 1 1 1.000000
  1 1.585868 -9.494196 51.268845 0.000000 -1.000000 0.000000 0.986747 0.669567 1 1 1.000000
combine_gun002
  1 1.594265 0.955898 56.525017 0.000000 -0.078617 0.996905 0.239466 0.753329 1 1 1.000000
  1 0.918649 2.443227 56.525017 0.000000 0.000000 1.000000 0.253815 0.726665 1 1 1.000000
  1 0.586666 0.955898 56.525017 0.000000 -0.078617 0.996905 0.260865 0.753329 1 1 1.000000
combine_gun002
  1 0.586666 -7.178102 55.234074 0.000000 -0.156747 0.987639 0.260865 0.913847 1 1 1.000000
  1 1.594265 0.955898 56.525017 0.000000 -0.078617 0.996905 0.239466 0.753329 1 1 1.000000
  1 0.586666 0.955898 56.525017 0.000000 -0.078617 0.996905 0.260865 0.753329 1 1 1.000000
combine_gun002
  1 0.586666 -7.178102 55.234074 0.000000 -0.156747 0.987639 0.260865 0.913847 1 1 1.000000
  1 1.594265 -7.178102 55.234074 0.000000 -0.156747 0.987639 0.239466 0.913847 1 1 1.000000
  1 1.594265 0.955898 56.525017 0.000000 -0.078617 0.996905 0.239466 0.753329 1 1 1.000000
combine_gun002
  0 -3.553945 -13.779105 10.995821 -0.030106 0.514289 0.857088 0.298264 0.385029 1 0 1.000000
  0 -2.852481 -13.020025 10.564982 -0.030106 0.514289 0.857088 0.256695 0.375875 1 0 1.000000
  0 -3.901700 -13.474485 10.800822 -0.030106 0.514289 0.857088 0.299969 0.366033 1 0 1.000000
combine_gun002
  1 3.062779 -7.417442 53.122143 0.000000 0.000000 1.000000 0.104836 0.600844 1 1 1.000000
  1 2.207956 -6.276905 53.122143 0.000000 0.000000 1.000000 0.058680 0.539262 1 1 1.000000
  1 2.207956 -7.417442 53.122143 0.000000 0.000000 1.000000 0.058680 0.600844 1 1 1.000000
combine_gun002
  1 3.062779 -7.417442 53.122143 0.000000 0.000000 1.000000 0.104836 0.600844 1 1 1.000000
  1 3.062779 -6.276905 53.122143 0.000000 0.000000 1.000000 0.104836 0.539262 1 1 1.000000
  1 2.207956 -6.276905 53.122143 0.000000 0.000000 1.000000 0.058680 0.539262 1 1 1.000000
combine_gun002
  1 2.627578 -6.276904 35.134556 0.000000 1.000000 0.000000 0.338613 0.484746 1 1 1.000000
  1 2.207956 -6.276905 53.122143 0.000000 1.000000 0.000000 0.059662 0.478239 1 1 1.000000
  1 3.062779 -6.276905 53.122143 0.000000 1.000000 0.000000 0.059662 0.491496 1 1 1.000000
combine_gun002
  1 2.627578 -6.276904 35.134556 0.000000 1.000000 0.000000 0.338613 0.484746 1 1 1.000000
  1 2.066660 -6.276904 35.134556 0.000000 1.000000 0.000000 0.338613 0.476048 1 1 1.000000
  1 2.207956 -6.276905 53.122143 0.000000 1.000000 0.000000 0.059662 0.478239 1 1 1.000000
combine_gun002
  1 0.743613 -9.849314 51.165688 0.000000 -0.999807 -0.019634 0.969246 0.669367 1 1 1.000000
  1 1.237828 -9.680513 49.718224 0.000000 -0.999807 -0.019634 0.979515 0.639386 1 1 1.000000
  1 1.496600 -9.465200 51.173199 0.453419 -0.889837 0.051002 0.984900 0.669400 1 1 1.000000
combine_gun002
  1 0.743613 -9.849314 51.165688 0.000000 -0.999807 -0.019634 0.969246 0.669367 1 1 1.000000
  1 0.743613 -9.825221 49.938797 0.000000 -0.999807 -0.019634 0.969246 0.644582 1 1 1.000000
  1 1.237828 -9.680513 49.718224 0.000000 -0.999807 -0.019634 0.979515 0.639386 1 1 1.000000
combine_gun002
  1 2.627578 -7.417441 35.134556 0.000000 0.000000 -1.000000 0.972618 0.903639 1 1 1.000000
  1 2.066660 -6.276904 35.134556 0.000000 0.000000 -1.000000 0.954903 0.867617 1 1 1.000000
  1 2.627578 -6.276904 35.134556 0.000000 0.000000 -1.000000 0.972618 0.867617 1 1 1.000000
combine_gun002
  1 2.627578 -7.417441 35.134556 0.000000 0.000000 -1.000000 0.972618 0.903639 1 1 1.000000
  1 2.066660 -7.417441 35.134556 0.000000 0.000000 -1.000000 0.954903 0.903639 1 1 1.000000
  1 2.066660 -6.276904 35.134556 0.000000 0.000000 -1.000000 0.954903 0.867617 1 1 1.000000
combine_gun002
  1 2.627578 -7.417441 35.134556 0.000000 -1.000000 0.000000 0.338613 0.484746 1 1 1.000000
  1 2.207956 -7.417442 53.122143 0.000000 -1.000000 0.000000 0.059662 0.478239 1 1 1.000000
  1 2.066660 -7.417441 35.134556 0.000000 -1.000000 0.000000 0.338613 0.476048 1 1 1.000000
combine_gun002
  1 2.627578 -7.417441 35.134556 0.000000 -1.000000 0.000000 0.338613 0.484746 1 1 1.000000
  1 3.062779 -7.417442 53.122143 0.000000 -1.000000 0.000000 0.059662 0.491496 1 1 1.000000
  1 2.207956 -7.417442 53.122143 0.000000 -1.000000 0.000000 0.059662 0.478239 1 1 1.000000
combine_gun002
  1 0.595063 0.439393 31.005955 0.000000 0.996433 -0.084386 0.936505 0.604988 1 1 1.000000
  1 1.585868 2.443227 54.667324 0.000000 0.999108 -0.042231 0.951438 0.247659 1 1 1.000000
  1 1.585868 0.439393 31.005955 0.000000 0.996433 -0.084386 0.951438 0.604988 1 1 1.000000
combine_gun002
  1 0.595063 0.439393 31.005955 0.000000 0.996433 -0.084386 0.936505 0.604988 1 1 1.000000
  1 0.918649 2.443227 56.525017 0.000000 1.000000 0.000000 0.941382 0.219671 1 1 1.000000
  1 1.585868 2.443227 54.667324 0.000000 0.999108 -0.042231 0.951438 0.247659 1 1 1.000000
combine_gun002
  1 -1.127936 -8.909721 36.428009 0.000000 -0.822231 -0.569153 0.551327 0.298296 1 1 1.000000
  1 0.780323 -7.437746 34.301510 0.000000 -0.822231 -0.569153 0.590618 0.247466 1 1 1.000000
  1 0.780323 -8.909721 36.428009 0.000000 -0.822231 -0.569153 0.590618 0.298296 1 1 1.000000
combine_gun002
  1 -1.127936 -8.909721 36.428009 0.000000 -0.822231 -0.569153 0.551327 0.298296 1 1 1.000000
  1 -1.127936 -7.437746 34.301510 0.000000 -0.822231 -0.569153 0.551327 0.247466 1 1 1.000000
  1 0.780323 -7.437746 34.301510 0.000000 -0.822231 -0.569153 0.590618 0.247466 1 1 1.000000
combine_gun002
  1 -0.570596 -1.528511 43.322742 0.000000 0.000000 1.000000 0.829764 0.222442 1 1 1.000000
  1 0.958173 -8.909721 43.322742 0.000000 0.000000 1.000000 0.868522 0.035887 1 1 1.000000
  1 0.958173 -1.528511 43.322742 0.000000 0.000000 1.000000 0.868522 0.222442 1 1 1.000000
combine_gun002
  1 -0.570596 -1.528511 43.322742 0.000000 0.000000 1.000000 0.829764 0.222442 1 1 1.000000
  1 -0.570596 -8.909721 43.322742 0.000000 0.000000 1.000000 0.829764 0.035887 1 1 1.000000
  1 0.958173 -8.909721 43.322742 0.000000 0.000000 1.000000 0.868522 0.035887 1 1 1.000000
combine_gun002
  1 -0.362155 0.955898 54.667324 -0.873848 0.468666 0.129390 0.030567 0.967133 1 1 1.000000
  1 0.595063 0.439393 31.005955 -0.840019 0.540621 -0.045784 0.037672 0.573156 1 1 1.000000
  1 -0.362155 -1.047935 31.005955 -0.840019 0.540621 -0.045784 0.064077 0.571832 1 1 1.000000
combine_gun002
  1 -0.362155 0.955898 54.667324 -0.873848 0.468666 0.129390 0.030567 0.967133 1 1 1.000000
  1 0.918649 2.443227 56.525017 -0.875337 0.379367 0.299777 0.003644 1.000043 1 1 1.000000
  1 0.595063 0.439393 31.005955 -0.840019 0.540621 -0.045784 0.037672 0.573156 1 1 1.000000
combine_gun002
  1 -1.272823 -1.169280 33.706398 -0.780180 0.625555 0.000000 0.067564 0.615522 1 1 1.000000
  1 0.061952 0.495425 26.932007 -0.780180 0.625555 0.000000 0.037589 0.504165 1 1 1.000000
  1 -1.272823 -1.169280 26.932007 -0.780180 0.625555 0.000000 0.067564 0.502255 1 1 1.000000
combine_gun002
  1 -1.272823 -1.169280 33.706398 -0.780180 0.625555 0.000000 0.067564 0.615522 1 1 1.000000
  1 0.061952 0.495425 33.706398 -0.780180 0.625555 0.000000 0.037589 0.617432 1 1 1.000000
  1 0.061952 0.495425 26.932007 -0.780180 0.625555 0.000000 0.037589 0.504165 1 1 1.000000
combine_gun002
  1 2.543086 -8.006868 53.376381 0.000000 -0.869261 0.494353 0.219317 0.949853 1 1 1.000000
  1 1.594265 -7.178102 55.234074 0.000000 -0.913241 0.407420 0.239466 0.913847 1 1 1.000000
  1 0.586666 -7.178102 55.234074 0.000000 -0.913241 0.407420 0.260865 0.913847 1 1 1.000000
combine_gun002
  1 2.543086 -8.006868 53.376381 0.000000 -0.869261 0.494353 0.219317 0.949853 1 1 1.000000
  1 0.586666 -7.178102 55.234074 0.000000 -0.913241 0.407420 0.260865 0.913847 1 1 1.000000
  1 -0.362155 -8.006868 53.376381 0.000000 -0.869261 0.494353 0.281014 0.949853 1 1 1.000000
combine_gun002
  1 -0.362155 -8.006868 53.376381 0.000000 -0.869261 0.494353 0.281014 0.949853 1 1 1.000000
  1 1.585868 -9.494196 51.268845 0.000000 -0.817031 0.576594 0.239645 1.000509 1 1 1.000000
  1 2.543086 -8.006868 53.376381 0.000000 -0.869261 0.494353 0.219317 0.949853 1 1 1.000000
combine_gun002
  1 -0.362155 -8.006868 53.376381 0.000000 -0.869261 0.494353 0.281014 0.949853 1 1 1.000000
  1 0.595063 -9.494196 51.268845 0.000000 -0.817031 0.576594 0.260686 1.000509 1 1 1.000000
  1 1.585868 -9.494196 51.268845 0.000000 -0.817031 0.576594 0.239645 1.000509 1 1 1.000000
combine_gun002
  1 -0.009612 -10.053371 28.139883 0.000000 -0.979746 -0.200242 0.953595 0.207670 1 1 1.000000
  1 2.257655 -11.191062 33.706398 0.000000 -0.979746 -0.200242 1.000706 0.325547 1 1 1.000000
  1 -0.009612 -11.191062 33.706398 0.000000 -0.979746 -0.200242 0.953595 0.325547 1 1 1.000000
combine_gun002
  1 -0.009612 -10.053371 28.139883 0.000000 -0.979746 -0.200242 0.953595 0.207670 1 1 1.000000
  1 2.257655 -10.053371 28.139883 0.000000 -0.979746 -0.200242 1.000706 0.207670 1 1 1.000000
  1 2.257655 -11.191062 33.706398 0.000000 -0.979746 -0.200242 1.000706 0.325547 1 1 1.000000
combine_gun002
  1 2.543086 -8.006868 33.364540 0.000000 -0.162663 -0.986682 0.136701 0.292120 1 1 1.000000
  1 1.585868 -9.494196 33.364540 0.000000 0.000000 -1.000000 0.102991 0.292120 1 1 1.000000
  1 0.595063 -9.494196 33.364540 0.000000 0.000000 -1.000000 0.102991 0.292120 1 1 1.000000
combine_gun002
  1 2.543086 -8.006868 33.364540 0.000000 -0.162663 -0.986682 0.136701 0.292120 1 1 1.000000
  1 0.595063 -9.494196 33.364540 0.000000 0.000000 -1.000000 0.102991 0.292120 1 1 1.000000
  1 -0.362155 -8.006868 33.364540 0.000000 -0.162663 -0.986682 0.136701 0.292120 1 1 1.000000
combine_gun002
  1 -0.362155 -8.006868 33.364540 0.000000 -0.162663 -0.986682 0.136701 0.292120 1 1 1.000000
  1 2.543086 -1.047935 31.005955 0.000000 -0.162663 -0.986682 0.294423 0.255369 1 1 1.000000
  1 2.543086 -8.006868 33.364540 0.000000 -0.162663 -0.986682 0.136701 0.292120 1 1 1.000000
combine_gun002
  1 -0.362155 -8.006868 33.364540 0.000000 -0.162663 -0.986682 0.136701 0.292120 1 1 1.000000
  1 -0.362155 -1.047935 31.005955 0.000000 -0.162663 -0.986682 0.294423 0.255369 1 1 1.000000
  1 2.543086 -1.047935 31.005955 0.000000 -0.162663 -0.986682 0.294423 0.255369 1 1 1.000000
combine_gun002
  1 -0.362155 -1.047935 31.005955 0.000000 -0.162663 -0.986682 0.294423 0.255369 1 1 1.000000
  1 1.585868 0.439393 31.005955 0.000000 0.000000 -1.000000 0.328133 0.255369 1 1 1.000000
  1 2.543086 -1.047935 31.005955 0.000000 -0.162663 -0.986682 0.294423 0.255369 1 1 1.000000
combine_gun002
  1 -0.362155 -1.047935 31.005955 0.000000 -0.162663 -0.986682 0.294423 0.255369 1 1 1.000000
  1 0.595063 0.439393 31.005955 0.000000 0.000000 -1.000000 0.328133 0.255369 1 1 1.000000
  1 1.585868 0.439393 31.005955 0.000000 0.000000 -1.000000 0.328133 0.255369 1 1 1.000000
combine_gun002
  1 1.585868 2.443227 54.667324 0.873848 0.468666 0.129390 0.465332 0.968945 1 1 1.000000
  1 0.918600 2.443200 56.525002 -0.008500 0.613475 0.789668 0.465900 1.000500 1 1 1.000000
  1 1.594265 0.955898 56.525017 0.875337 0.379367 0.299777 0.440436 1.000254 1 1 1.000000
combine_gun002
  1 1.585868 2.443227 54.667324 0.873848 0.468666 0.129390 0.465332 0.968945 1 1 1.000000
  1 1.594265 0.955898 56.525017 0.875337 0.379367 0.299777 0.440436 1.000254 1 1 1.000000
  1 2.543086 0.955898 54.667324 0.873848 0.468666 0.129390 0.438887 0.967979 1 1 1.000000
combine_gun002
  1 2.543086 -1.047935 31.005955 0.840019 0.540621 -0.045784 0.405364 0.571497 1 1 1.000000
  1 1.585868 2.443227 54.667324 0.873848 0.468666 0.129390 0.465332 0.968945 1 1 1.000000
  1 2.543086 0.955898 54.667324 0.873848 0.468666 0.129390 0.438887 0.967979 1 1 1.000000
combine_gun002
  1 2.543086 -1.047935 31.005955 0.840019 0.540621 -0.045784 0.405364 0.571497 1 1 1.000000
  1 1.585868 0.439393 31.005955 0.840019 0.540621 -0.045784 0.431809 0.572463 1 1 1.000000
  1 1.585868 2.443227 54.667324 0.873848 0.468666 0.129390 0.465332 0.968945 1 1 1.000000
combine_gun002
  0 -5.999746 -22.390049 -0.004996 0.000000 0.000000 -1.000000 0.093682 0.758106 1 0 1.000000
  0 -6.985436 -23.792006 -0.004995 0.000000 0.000000 -1.000000 0.126665 0.764110 1 0 1.000000
  0 -7.786681 -22.958662 -0.004996 0.000000 0.000000 -1.000000 0.126471 0.741935 1 0 1.000000
combine_gun002
  0 -6.985436 -23.792006 -0.004995 0.000000 0.000000 -1.000000 0.126665 0.764110 1 0 1.000000
  0 -7.648058 -23.770927 -0.004995 0.000000 0.000000 -1.000000 0.135650 0.754933 1 0 1.000000
  0 -7.786681 -22.958662 -0.004996 0.000000 0.000000 -1.000000 0.126471 0.741935 1 0 1.000000
combine_gun002
  0 3.489568 -3.433141 22.293118 0.413345 0.124716 0.901993 0.718904 0.139780 1 0 1.000000
  0 4.947283 -4.660194 21.794771 0.413345 0.124716 0.901993 0.680554 0.134964 1 0 1.000000
  0 4.290812 -2.740242 21.830137 0.413345 0.124716 0.901993 0.717122 0.117038 1 0 1.000000
combine_gun002
  1 2.627578 -7.417441 35.134556 0.993796 0.000000 -0.111219 0.298668 0.641358 1 1 1.000000
  1 3.062779 -6.276905 53.122143 0.999958 0.000000 -0.009198 0.317038 0.942294 1 1 1.000000
  1 3.062779 -7.417442 53.122143 0.999958 0.000000 -0.009198 0.297957 0.942426 1 1 1.000000
combine_gun002
  1 2.627578 -7.417441 35.134556 0.993796 0.000000 -0.111219 0.298668 0.641358 1 1 1.000000
  1 2.627578 -6.276904 35.134556 0.993796 0.000000 -0.111219 0.317749 0.641226 1 1 1.000000
  1 3.062779 -6.276905 53.122143 0.999958 0.000000 -0.009198 0.317038 0.942294 1 1 1.000000
combine_gun002
  1 0.780323 -8.909721 36.428009 0.000000 -1.000000 0.000000 0.590618 0.298296 1 1 1.000000
  1 -0.570596 -8.909721 43.322742 0.000000 -1.000000 0.000000 0.562803 0.433802 1 1 1.000000
  1 -1.127936 -8.909721 36.428009 0.000000 -1.000000 0.000000 0.551327 0.298296 1 1 1.000000
combine_gun002
  1 0.780323 -8.909721 36.428009 0.000000 -1.000000 0.000000 0.590618 0.298296 1 1 1.000000
  1 0.958173 -8.909721 43.322742 0.000000 -1.000000 0.000000 0.594280 0.433802 1 1 1.000000
  1 -0.570596 -8.909721 43.322742 0.000000 -1.000000 0.000000 0.562803 0.433802 1 1 1.000000
combine_gun002
  1 0.061952 0.495425 26.932007 0.000000 1.000000 0.000000 0.928470 0.666341 1 1 1.000000
  1 2.186090 0.495425 33.706398 0.000000 1.000000 0.000000 0.960485 0.564279 1 1 1.000000
  1 2.186090 0.495425 26.932007 0.000000 1.000000 0.000000 0.960485 0.666341 1 1 1.000000
combine_gun002
  1 0.061952 0.495425 26.932007 0.000000 1.000000 0.000000 0.928470 0.666341 1 1 1.000000
  1 0.061952 0.495425 33.706398 0.000000 1.000000 0.000000 0.928470 0.564279 1 1 1.000000
  1 2.186090 0.495425 33.706398 0.000000 1.000000 0.000000 0.960485 0.564279 1 1 1.000000
combine_gun002
  0 -2.347076 1.537287 34.458916 0.000000 -0.965926 -0.258819 0.846451 0.442213 1 0 1.000000
  0 1.373637 1.698755 33.856312 0.000000 -0.965926 -0.258819 0.858504 0.542718 1 0 1.000000
  0 1.373637 1.698754 35.061516 0.000000 -0.965926 0.258819 0.834398 0.542718 1 0 1.000000
combine_gun002
  0 -2.347076 1.537287 34.458916 0.000000 -0.965926 -0.258819 0.846451 0.442213 1 0 1.000000
  0 -2.347076 1.698755 33.856312 0.000000 -0.707107 -0.707107 0.858504 0.442213 1 0 1.000000
  0 1.373637 1.698755 33.856312 0.000000 -0.965926 -0.258819 0.858504 0.542718 1 0 1.000000
combine_gun002
  0 -2.347076 1.698755 33.856312 0.000000 -0.707107 -0.707107 0.858504 0.442213 1 0 1.000000
  0 -2.347076 2.742490 33.253712 0.000000 -0.258819 -0.965926 0.882611 0.442213 1 0 1.000000
  0 1.373637 1.698755 33.856312 0.000000 -0.965926 -0.258819 0.858504 0.542718 1 0 1.000000
combine_gun002
  0 -2.073545 7.818309 23.351377 -0.998548 0.031587 0.043624 0.312572 0.064770 1 0 1.000000
  0 -0.105616 3.366338 35.092777 -0.983099 0.012446 0.182648 0.053227 0.044778 1 0 1.000000
  0 -0.105616 5.054285 34.132042 -0.983099 0.012446 0.182648 0.086029 0.021540 1 0 1.000000
combine_gun002
  0 -2.073545 7.818309 23.351377 -0.998548 0.031587 0.043624 0.312572 0.064770 1 0 1.000000
  0 -0.105616 5.054285 34.132042 -0.983099 0.012446 0.182648 0.086029 0.021540 1 0 1.000000
  0 -2.073545 9.658677 24.071684 -0.998548 0.031587 0.043624 0.315184 0.023953 1 0 1.000000
combine_gun002
  0 -2.073545 9.658677 24.071684 -0.998548 0.031587 0.043624 0.315184 0.023953 1 0 1.000000
  0 -1.191347 12.657031 16.522272 -0.997770 0.033798 -0.057560 0.486958 0.049596 1 0 1.000000
  0 -2.073545 7.818309 23.351377 -0.998548 0.031587 0.043624 0.312572 0.064770 1 0 1.000000
combine_gun002
  0 -2.073545 9.658677 24.071684 -0.998548 0.031587 0.043624 0.315184 0.023953 1 0 1.000000
  0 -1.191347 13.803057 17.356083 -0.997770 0.033798 -0.057560 0.481361 0.020805 1 0 1.000000
  0 -1.191347 12.657031 16.522272 -0.997770 0.033798 -0.057560 0.486958 0.049596 1 0 1.000000
combine_gun002
  0 -1.191347 13.803057 17.356083 -0.997770 0.033798 -0.057560 0.481361 0.020805 1 0 1.000000
  0 -0.906329 17.746580 6.058744 -0.999672 0.017438 -0.018748 0.751801 0.025638 1 0 1.000000
  0 -1.191347 12.657031 16.522272 -0.997770 0.033798 -0.057560 0.486958 0.049596 1 0 1.000000
combine_gun002
  0 -2.681768 -2.740242 21.830137 -0.413345 0.124716 0.901993 0.629562 0.082196 1 0 1.000000
  0 -3.481814 -4.536033 21.711809 -0.413345 0.124716 0.901993 0.665339 0.095629 1 0 1.000000
  0 -1.880524 -3.433141 22.293118 -0.413345 0.124716 0.901993 0.627834 0.104251 1 0 1.000000
combine_gun002
  0 1.407675 10.357586 23.636129 0.000000 0.865361 0.501148 0.273865 0.153206 1 0 1.000000
  0 -0.858755 10.357586 23.636129 0.000000 0.865361 0.501148 0.273865 0.183286 1 0 1.000000
  0 0.090997 4.163660 36.263306 0.000000 0.897804 0.440394 0.087408 0.170681 1 0 1.000000
combine_gun002
  0 1.407675 10.357586 23.636129 0.000000 0.865361 0.501148 0.273865 0.153206 1 0 1.000000
  0 -0.432981 15.226026 16.424610 0.000000 0.907017 0.421093 0.388852 0.177635 1 0 1.000000
  0 -0.858755 10.357586 23.636129 0.000000 0.865361 0.501148 0.273865 0.183286 1 0 1.000000
combine_gun002
  0 1.407675 10.357586 23.636129 0.000000 0.865361 0.501148 0.273865 0.153206 1 0 1.000000
  0 0.981901 15.226026 16.424610 0.000000 0.907017 0.421093 0.388852 0.158857 1 0 1.000000
  0 -0.432981 15.226026 16.424610 0.000000 0.907017 0.421093 0.388852 0.177635 1 0 1.000000
combine_gun002
  0 0.981901 15.226026 16.424610 0.000000 0.907017 0.421093 0.388852 0.158857 1 0 1.000000
  0 -0.295423 18.906046 3.406015 0.000000 0.962293 0.272015 0.563812 0.175809 1 0 1.000000
  0 -0.432981 15.226026 16.424610 0.000000 0.907017 0.421093 0.388852 0.177635 1 0 1.000000
combine_gun002
  0 0.981901 15.226026 16.424610 0.000000 0.907017 0.421093 0.388852 0.158857 1 0 1.000000
  0 0.844343 18.906046 3.406015 0.000000 0.962293 0.272015 0.563812 0.160683 1 0 1.000000
  0 -0.295423 18.906046 3.406015 0.000000 0.962293 0.272015 0.563812 0.175809 1 0 1.000000
combine_gun002
  0 -0.564662 12.552354 16.414240 0.000000 -0.918400 -0.395653 0.339876 0.210775 1 0 1.000000
  0 0.424237 4.022482 34.053223 0.000000 -0.900262 -0.435349 0.078637 0.225041 1 0 1.000000
  0 -0.523740 4.022482 34.053223 0.000000 -0.900262 -0.435349 0.078637 0.215613 1 0 1.000000
combine_gun002
  0 -0.564662 12.552354 16.414240 0.000000 -0.918400 -0.395653 0.339876 0.210775 1 0 1.000000
  0 0.465264 12.552354 16.414240 0.000000 -0.918400 -0.395653 0.339876 0.229880 1 0 1.000000
  0 0.424237 4.022482 34.053223 0.000000 -0.900262 -0.435349 0.078637 0.225041 1 0 1.000000
combine_gun002
  0 -0.564662 12.552354 16.414240 0.000000 -0.918400 -0.395653 0.339876 0.210775 1 0 1.000000
  0 -0.254296 19.706644 -0.171347 0.000000 -0.914868 -0.403752 0.580859 0.216658 1 0 1.000000
  0 0.465264 12.552354 16.414240 0.000000 -0.918400 -0.395653 0.339876 0.229880 1 0 1.000000
combine_gun002
  3 4.365289 -11.019482 51.207748 0.000000 -0.185904 -0.982568 0.861875 0.972095 1 3 1.000000
  3 4.354883 -8.658748 50.281269 0.000000 -0.365327 -0.930879 0.861681 0.927862 1 3 1.000000
  3 5.200743 -8.658748 50.281269 0.000000 -0.365327 -0.930879 0.877434 0.927862 1 3 1.000000
combine_gun002
  3 4.365289 -11.019482 51.207748 0.000000 -0.185904 -0.982568 0.861875 0.972095 1 3 1.000000
  3 5.200743 -8.658748 50.281269 0.000000 -0.365327 -0.930879 0.877434 0.927862 1 3 1.000000
  3 5.190337 -12.344268 51.207748 0.000000 0.000000 -1.000000 0.877240 0.996765 1 3 1.000000
combine_gun002
  3 5.190337 -12.344268 51.207748 0.000000 0.000000 -1.000000 0.877240 0.996765 1 3 1.000000
  3 4.365289 -12.344268 51.207748 0.000000 0.000000 -1.000000 0.861875 0.996765 1 3 1.000000
  3 4.365289 -11.019482 51.207748 0.000000 -0.185904 -0.982568 0.861875 0.972095 1 3 1.000000
combine_gun002
  0 -4.010635 -5.261970 20.493334 0.000000 -0.965926 -0.258819 0.495460 0.261106 1 0 1.000000
  0 -4.010635 -4.659369 19.449598 0.000000 -0.707107 -0.707107 0.511199 0.261106 1 0 1.000000
  0 5.583171 -5.261970 20.493334 0.000000 -0.965926 -0.258819 0.495460 0.430301 1 0 1.000000
combine_gun002
  0 -4.010635 -4.659369 19.449598 0.000000 -0.707107 -0.707107 0.511199 0.261106 1 0 1.000000
  0 5.583171 -4.659369 19.449598 0.000000 -0.707107 -0.707107 0.511199 0.430301 1 0 1.000000
  0 5.583171 -5.261970 20.493334 0.000000 -0.965926 -0.258819 0.495460 0.430301 1 0 1.000000
combine_gun002
  0 -4.010635 -4.659369 19.449598 0.000000 -0.707107 -0.707107 0.511199 0.261106 1 0 1.000000
  0 -4.010635 -4.056767 19.288132 0.000000 -0.258819 -0.965926 0.519068 0.261106 1 0 1.000000
  0 5.583171 -4.659369 19.449598 0.000000 -0.707107 -0.707107 0.511199 0.430301 1 0 1.000000
combine_gun002
  1 3.520865 -1.169280 33.706398 0.000000 0.000000 1.000000 0.776865 0.094701 1 1 1.000000
  1 2.186090 0.495425 33.706398 0.000000 0.000000 1.000000 0.810859 0.118563 1 1 1.000000
  1 0.061952 0.495425 33.706398 0.000000 0.000000 1.000000 0.813496 0.159825 1 1 1.000000
combine_gun002
  1 3.520865 -1.169280 33.706398 0.000000 0.000000 1.000000 0.776865 0.094701 1 1 1.000000
  1 0.061952 0.495425 33.706398 0.000000 0.000000 1.000000 0.813496 0.159825 1 1 1.000000
  1 -1.272823 -1.169280 33.706398 0.000000 0.000000 1.000000 0.782815 0.187820 1 1 1.000000
combine_gun002
  1 -1.272823 -1.169280 33.706398 0.000000 0.000000 1.000000 0.782815 0.187820 1 1 1.000000
  1 2.257655 -11.191062 33.706398 0.000000 0.000000 1.000000 0.583756 0.131679 1 1 1.000000
  1 3.520865 -1.169280 33.706398 0.000000 0.000000 1.000000 0.776865 0.094701 1 1 1.000000
combine_gun002
  1 -1.272823 -1.169280 33.706398 0.000000 0.000000 1.000000 0.782815 0.187820 1 1 1.000000
  1 -0.009612 -11.191062 33.706398 0.000000 0.000000 1.000000 0.586570 0.175721 1 1 1.000000
  1 2.257655 -11.191062 33.706398 0.000000 0.000000 1.000000 0.583756 0.131679 1 1 1.000000
combine_gun002
  0 1.143943 14.523405 14.133732 0.865997 0.461321 0.192957 0.378316 0.244786 1 0 1.000000
  0 0.424237 5.526812 34.711227 0.865766 0.448143 0.222749 0.078685 0.249957 1 0 1.000000
  0 0.898225 4.774647 34.382225 0.865766 0.448143 0.222749 0.078661 0.235189 1 0 1.000000
combine_gun002
  0 1.143943 14.523405 14.133732 0.865997 0.461321 0.192957 0.378316 0.244786 1 0 1.000000
  0 0.547122 15.470490 14.547996 0.865997 0.461321 0.192957 0.378346 0.257225 1 0 1.000000
  0 0.424237 5.526812 34.711227 0.865766 0.448143 0.222749 0.078685 0.249957 1 0 1.000000
combine_gun002
  0 1.143943 14.523405 14.133732 0.865997 0.461321 0.192957 0.378316 0.244786 1 0 1.000000
  0 0.359495 20.031315 -0.029334 0.864175 0.483298 0.140087 0.580869 0.231417 1 0 1.000000
  0 0.547122 15.470490 14.547996 0.865997 0.461321 0.192957 0.378346 0.257225 1 0 1.000000
combine_gun002
  0 -0.432981 15.226026 16.424610 -0.999570 0.013467 -0.026052 0.511230 0.002028 1 0 1.000000
  0 -0.295423 18.906046 3.406015 -0.999943 0.006270 -0.008633 0.811653 0.026925 1 0 1.000000
  0 -0.295423 18.353832 2.762635 -0.999943 0.006270 -0.008633 0.818881 0.042913 1 0 1.000000
combine_gun002
  0 -0.432981 15.226026 16.424610 -0.999570 0.013467 -0.026052 0.511230 0.002028 1 0 1.000000
  0 -0.295423 18.353832 2.762635 -0.999943 0.006270 -0.008633 0.818881 0.042913 1 0 1.000000
  0 -0.432981 13.226532 15.214777 -0.999570 0.013467 -0.026052 0.516403 0.050116 1 0 1.000000
combine_gun002
  0 -0.858755 10.357586 23.636129 -0.999896 0.007949 0.011992 0.329373 0.014260 1 0 1.000000
  0 -0.432981 15.226026 16.424610 -0.999570 0.013467 -0.026052 0.511230 0.002028 1 0 1.000000
  0 -0.432981 13.226532 15.214777 -0.999570 0.013467 -0.026052 0.516403 0.050116 1 0 1.000000
combine_gun002
  0 -0.858755 10.357586 23.636129 -0.999896 0.007949 0.011992 0.329373 0.014260 1 0 1.000000
  0 -0.432981 13.226532 15.214777 -0.999570 0.013467 -0.026052 0.516403 0.050116 1 0 1.000000
  0 -0.858755 7.266483 22.426296 -0.999896 0.007949 0.011992 0.324985 0.082816 1 0 1.000000
combine_gun002
  0 -0.858755 7.266483 22.426296 -0.999896 0.007949 0.011992 0.324985 0.082816 1 0 1.000000
  0 0.091000 4.163700 36.263302 -0.058901 -0.017500 0.998110 0.038200 0.019500 1 0 1.000000
  0 -0.858755 10.357586 23.636129 -0.999896 0.007949 0.011992 0.329373 0.014260 1 0 1.000000
combine_gun002
  0 -0.858755 7.266483 22.426296 -0.999896 0.007949 0.011992 0.324985 0.082816 1 0 1.000000
  0 0.457800 1.642600 37.074600 -0.093502 0.292706 0.951620 0.000900 0.059700 1 0 1.000000
  0 0.091000 4.163700 36.263302 -0.058901 -0.017500 0.998110 0.038200 0.019500 1 0 1.000000
combine_gun002
  2 6.271600 5.707900 57.745998 0.898178 0.118397 -0.423390 0.129400 0.005100 1 2 1.000000
  2 6.269545 5.408421 57.658062 0.432010 -0.807477 -0.401682 0.137661 0.005146 1 2 1.000000
  2 5.570004 5.466189 55.986614 0.566209 -0.824164 0.012699 0.146453 0.005146 1 2 1.000000
combine_gun002
  2 6.806780 5.125457 58.589939 0.293229 -0.463123 -0.836381 0.137479 0.005146 1 2 1.000000
  2 6.269545 5.408421 57.658062 0.432010 -0.807477 -0.401682 0.137661 0.005146 1 2 1.000000
  2 6.271600 5.707900 57.745998 0.898178 0.118397 -0.423390 0.129400 0.005100 1 2 1.000000
combine_gun002
  2 6.806780 5.125457 58.589939 0.293229 -0.463123 -0.836381 0.137479 0.005146 1 2 1.000000
  2 6.645609 4.267156 59.008694 0.306695 -0.323741 -0.895059 0.163508 0.005146 1 2 1.000000
  2 6.269545 5.408421 57.658062 0.432010 -0.807477 -0.401682 0.137661 0.005146 1 2 1.000000
combine_gun002
  2 6.938647 4.352015 59.075283 0.306695 -0.323741 -0.895059 0.156821 0.005146 1 2 1.000000
  2 6.645609 4.267156 59.008694 0.306695 -0.323741 -0.895059 0.163508 0.005146 1 2 1.000000
  2 6.806780 5.125457 58.589939 0.293229 -0.463123 -0.836381 0.137479 0.005146 1 2 1.000000
combine_gun002
  2 6.644401 3.412500 59.434601 0.791482 -0.273494 -0.546587 0.187100 0.005100 1 2 1.000000
  2 6.645609 4.267156 59.008694 0.306695 -0.323741 -0.895059 0.163508 0.005146 1 2 1.000000
  2 6.938647 4.352015 59.075283 0.306695 -0.323741 -0.895059 0.156821 0.005146 1 2 1.000000
combine_gun002
  2 6.594241 2.144039 59.233093 0.417968 -0.099404 -0.903007 0.222737 0.005146 1 2 1.000000
  2 6.645609 4.267156 59.008694 0.306695 -0.323741 -0.895059 0.163508 0.005146 1 2 1.000000
  2 6.644401 3.412500 59.434601 0.791482 -0.273494 -0.546587 0.187100 0.005100 1 2 1.000000
combine_gun002
  2 6.594241 2.144039 59.233093 0.417968 -0.099404 -0.903007 0.222737 0.005146 1 2 1.000000
  2 6.310099 2.178096 59.094032 0.417968 -0.099404 -0.903007 0.226017 0.005146 1 2 1.000000
  2 6.645609 4.267156 59.008694 0.306695 -0.323741 -0.895059 0.163508 0.005146 1 2 1.000000
combine_gun002
  2 4.889347 0.178112 58.313175 0.756332 -0.417775 -0.503414 0.302180 0.005146 1 2 1.000000
  2 6.310099 2.178096 59.094032 0.417968 -0.099404 -0.903007 0.226017 0.005146 1 2 1.000000
  2 6.594241 2.144039 59.233093 0.417968 -0.099404 -0.903007 0.222737 0.005146 1 2 1.000000
combine_gun002
  2 5.570004 5.466189 55.986614 0.566209 -0.824164 0.012699 0.146453 0.005146 1 2 1.000000
  2 5.265193 5.056427 55.004021 0.597611 -0.787190 0.152291 0.162261 0.005146 1 2 1.000000
  2 5.477733 5.166033 54.797195 0.597611 -0.787190 0.152291 0.156088 0.005146 1 2 1.000000
combine_gun002
  2 4.889347 0.178112 58.313175 0.756332 -0.417775 -0.503414 0.302180 0.005146 1 2 1.000000
  2 5.705400 0.782500 58.234600 0.008900 -0.081403 0.996641 0.273400 0.005100 1 2 1.000000
  2 6.303471 2.211423 58.345913 -0.146043 0.261493 0.954093 0.225197 0.005146 1 2 1.000000
combine_gun002
  2 6.303471 2.211423 58.345913 -0.146043 0.261493 0.954093 0.225197 0.005146 1 2 1.000000
  2 5.705400 0.782500 58.234600 0.008900 -0.081403 0.996641 0.273400 0.005100 1 2 1.000000
  2 6.519498 2.169266 58.389694 -0.146043 0.261493 0.954093 0.223152 0.005146 1 2 1.000000
combine_gun002
  2 6.303471 2.211423 58.345913 -0.146043 0.261493 0.954093 0.225197 0.005146 1 2 1.000000
  2 6.519498 2.169266 58.389694 -0.146043 0.261493 0.954093 0.223152 0.005146 1 2 1.000000
  2 6.592845 3.562907 57.748241 -0.003531 0.616970 0.786979 0.183684 0.005146 1 2 1.000000
combine_gun002
  2 6.592845 3.562907 57.748241 -0.003531 0.616970 0.786979 0.183684 0.005146 1 2 1.000000
  2 6.519498 2.169266 58.389694 -0.146043 0.261493 0.954093 0.223152 0.005146 1 2 1.000000
  2 6.687100 3.404300 57.659698 0.820369 0.185593 0.540879 0.186700 0.005100 1 2 1.000000
combine_gun002
  2 6.592845 3.562907 57.748241 -0.003531 0.616970 0.786979 0.183684 0.005146 1 2 1.000000
  2 6.687100 3.404300 57.659698 0.820369 0.185593 0.540879 0.186700 0.005100 1 2 1.000000
  2 6.880388 4.133904 57.150391 0.033733 0.832259 0.553360 0.163692 0.005146 1 2 1.000000
combine_gun002
  2 6.592845 3.562907 57.748241 -0.003531 0.616970 0.786979 0.183684 0.005146 1 2 1.000000
  2 6.880388 4.133904 57.150391 0.033733 0.832259 0.553360 0.163692 0.005146 1 2 1.000000
  2 6.653371 4.149787 57.141453 0.033733 0.832259 0.553360 0.166624 0.005146 1 2 1.000000
combine_gun002
  2 6.653371 4.149787 57.141453 0.033733 0.832259 0.553360 0.166624 0.005146 1 2 1.000000
  2 6.880388 4.133904 57.150391 0.033733 0.832259 0.553360 0.163692 0.005146 1 2 1.000000
  2 6.830938 4.891823 55.034241 0.021082 0.982627 0.184390 0.143554 0.005146 1 2 1.000000
combine_gun002
  2 6.653371 4.149787 57.141453 0.033733 0.832259 0.553360 0.166624 0.005146 1 2 1.000000
  2 6.830938 4.891823 55.034241 0.021082 0.982627 0.184390 0.143554 0.005146 1 2 1.000000
  2 6.610898 4.892302 55.062717 0.021082 0.982627 0.184390 0.146807 0.005146 1 2 1.000000
combine_gun002
  2 6.610898 4.892302 55.062717 0.021082 0.982627 0.184390 0.146807 0.005146 1 2 1.000000
  2 6.830938 4.891823 55.034241 0.021082 0.982627 0.184390 0.143554 0.005146 1 2 1.000000
  2 6.320303 4.946778 53.010628 -0.103150 0.971892 0.211625 0.149620 0.005146 1 2 1.000000
combine_gun002
  2 6.610898 4.892302 55.062717 0.021082 0.982627 0.184390 0.146807 0.005146 1 2 1.000000
  2 6.320303 4.946778 53.010628 -0.103150 0.971892 0.211625 0.149620 0.005146 1 2 1.000000
  2 6.185645 4.907629 53.133335 -0.103150 0.971892 0.211625 0.152698 0.005146 1 2 1.000000
combine_gun002
  2 6.185645 4.907629 53.133335 -0.103150 0.971892 0.211625 0.152698 0.005146 1 2 1.000000
  2 6.320303 4.946778 53.010628 -0.103150 0.971892 0.211625 0.149620 0.005146 1 2 1.000000
  2 5.925400 4.960122 52.943428 -0.034486 0.921964 0.385738 0.155114 0.005146 1 2 1.000000
combine_gun002
  2 5.570004 5.466189 55.986614 -0.925500 -0.089289 0.368071 0.146453 0.005146 1 2 1.000000
  2 5.514450 5.749307 55.908558 -0.925500 -0.089289 0.368071 0.139481 0.005146 1 2 1.000000
  2 5.265193 5.056427 55.004021 -0.922619 -0.014728 0.385431 0.162261 0.005146 1 2 1.000000
combine_gun002
  2 6.269545 5.408421 57.658062 -0.950891 -0.076612 0.299894 0.137661 0.005146 1 2 1.000000
  2 5.514450 5.749307 55.908558 -0.925500 -0.089289 0.368071 0.139481 0.005146 1 2 1.000000
  2 5.570004 5.466189 55.986614 -0.925500 -0.089289 0.368071 0.146453 0.005146 1 2 1.000000
combine_gun002
  2 6.269545 5.408421 57.658062 -0.950891 -0.076612 0.299894 0.137661 0.005146 1 2 1.000000
  2 6.271550 5.707858 57.746017 -0.950891 -0.076612 0.299894 0.129385 0.005146 1 2 1.000000
  2 5.514450 5.749307 55.908558 -0.925500 -0.089289 0.368071 0.139481 0.005146 1 2 1.000000
combine_gun002
  2 6.645609 4.267156 59.008694 -0.985730 0.012352 0.167881 0.163508 0.005146 1 2 1.000000
  2 6.271550 5.707858 57.746017 -0.950891 -0.076612 0.299894 0.129385 0.005146 1 2 1.000000
  2 6.269545 5.408421 57.658062 -0.950891 -0.076612 0.299894 0.137661 0.005146 1 2 1.000000
combine_gun002
  2 6.645609 4.267156 59.008694 -0.985730 0.012352 0.167881 0.163508 0.005146 1 2 1.000000
  2 6.547233 5.260158 58.731136 -0.972329 -0.047973 0.228638 0.137622 0.005146 1 2 1.000000
  2 6.271550 5.707858 57.746017 -0.950891 -0.076612 0.299894 0.129385 0.005146 1 2 1.000000
combine_gun002
  2 6.645609 4.267156 59.008694 -0.985730 0.012352 0.167881 0.163508 0.005146 1 2 1.000000
  2 6.644388 3.412495 59.434559 -0.984722 0.160618 0.067262 0.187062 0.005146 1 2 1.000000
  2 6.547233 5.260158 58.731136 -0.972329 -0.047973 0.228638 0.137622 0.005146 1 2 1.000000
combine_gun002
  2 6.310099 2.178096 59.094032 -0.910238 0.413650 -0.018980 0.226017 0.005146 1 2 1.000000
  2 6.644388 3.412495 59.434559 -0.984722 0.160618 0.067262 0.187062 0.005146 1 2 1.000000
  2 6.645609 4.267156 59.008694 -0.985730 0.012352 0.167881 0.163508 0.005146 1 2 1.000000
combine_gun002
  2 6.310099 2.178096 59.094032 -0.910238 0.413650 -0.018980 0.226017 0.005146 1 2 1.000000
  2 6.344810 2.276255 59.391781 -0.910238 0.413650 -0.018980 0.222798 0.005146 1 2 1.000000
  2 6.644388 3.412495 59.434559 -0.984722 0.160618 0.067262 0.187062 0.005146 1 2 1.000000
combine_gun002
  2 4.889347 0.178112 58.313175 -0.813880 0.580737 0.018553 0.302180 0.005146 1 2 1.000000
  2 6.344810 2.276255 59.391781 -0.910238 0.413650 -0.018980 0.222798 0.005146 1 2 1.000000
  2 6.310099 2.178096 59.094032 -0.910238 0.413650 -0.018980 0.226017 0.005146 1 2 1.000000
combine_gun002
  0 2.622465 9.658677 24.071684 0.000000 0.881829 0.471569 0.264335 0.137085 1 0 1.000000
  0 -0.105616 5.054285 34.132042 0.000000 0.909291 0.416161 0.117890 0.173290 1 0 1.000000
  0 0.654432 5.054285 34.132042 0.000000 0.909291 0.416161 0.117890 0.163204 1 0 1.000000
combine_gun002
  0 2.622465 9.658677 24.071684 0.000000 0.881829 0.471569 0.264335 0.137085 1 0 1.000000
  0 -2.073545 9.658677 24.071684 0.000000 0.881829 0.471569 0.264335 0.199407 1 0 1.000000
  0 -0.105616 5.054285 34.132042 0.000000 0.909291 0.416161 0.117890 0.173290 1 0 1.000000
combine_gun002
  0 2.622465 9.658677 24.071684 0.000000 0.881829 0.471569 0.264335 0.137085 1 0 1.000000
  0 -1.191347 13.803057 17.356083 0.000000 0.902877 0.429899 0.368929 0.187699 1 0 1.000000
  0 -2.073545 9.658677 24.071684 0.000000 0.881829 0.471569 0.264335 0.199407 1 0 1.000000
combine_gun002
  0 2.622465 9.658677 24.071684 0.000000 0.881829 0.471569 0.264335 0.137085 1 0 1.000000
  0 1.740267 13.803057 17.356083 0.000000 0.902877 0.429899 0.368929 0.148793 1 0 1.000000
  0 -1.191347 13.803057 17.356083 0.000000 0.902877 0.429899 0.368929 0.187699 1 0 1.000000
combine_gun002
  0 1.740267 13.803057 17.356083 0.000000 0.902877 0.429899 0.368929 0.148793 1 0 1.000000
  0 -0.906329 17.746580 6.058744 0.000000 0.944133 0.329565 0.525546 0.183917 1 0 1.000000
  0 -1.191347 13.803057 17.356083 0.000000 0.902877 0.429899 0.368929 0.187699 1 0 1.000000
combine_gun002
  0 1.740267 13.803057 17.356083 0.000000 0.902877 0.429899 0.368929 0.148793 1 0 1.000000
  0 1.455249 17.462229 5.562190 0.000000 -0.915845 -0.401531 0.506004 0.249642 1 0 1.000000
  0 -0.906329 17.746580 6.058744 0.000000 0.944133 0.329565 0.525546 0.183917 1 0 1.000000
combine_gun002
  0 -1.191347 12.657031 16.522272 0.000000 -0.870385 -0.492372 0.333743 0.218325 1 0 1.000000
  0 -0.906329 17.746580 6.058744 0.000000 0.944133 0.329565 0.525546 0.183917 1 0 1.000000
  0 1.455249 17.462229 5.562190 0.000000 -0.915845 -0.401531 0.506004 0.249642 1 0 1.000000
combine_gun002
  0 -1.191347 12.657031 16.522272 0.000000 -0.870385 -0.492372 0.333743 0.218325 1 0 1.000000
  0 1.455249 17.462229 5.562190 0.000000 -0.915845 -0.401531 0.506004 0.249642 1 0 1.000000
  0 1.740267 12.657031 16.522272 0.000000 -0.870385 -0.492372 0.335398 0.260447 1 0 1.000000
combine_gun002
  0 -2.073545 7.818309 23.351377 0.000000 -0.882601 -0.470122 0.213435 0.210356 1 0 1.000000
  0 -1.191347 12.657031 16.522272 0.000000 -0.870385 -0.492372 0.333743 0.218325 1 0 1.000000
  0 1.740267 12.657031 16.522272 0.000000 -0.870385 -0.492372 0.335398 0.260447 1 0 1.000000
combine_gun002
  0 -2.073545 7.818309 23.351377 0.000000 -0.882601 -0.470122 0.213435 0.210356 1 0 1.000000
  0 1.740267 12.657031 16.522272 0.000000 -0.870385 -0.492372 0.335398 0.260447 1 0 1.000000
  0 2.622465 7.818309 23.351377 0.000000 -0.882601 -0.470122 0.216086 0.277830 1 0 1.000000
combine_gun002
  0 2.622465 7.818309 23.351377 0.000000 -0.882601 -0.470122 0.216086 0.277830 1 0 1.000000
  0 -0.105616 3.366338 35.092777 0.000000 -0.935042 -0.354538 0.036662 0.245621 1 0 1.000000
  0 -2.073545 7.818309 23.351377 0.000000 -0.882601 -0.470122 0.213435 0.210356 1 0 1.000000
combine_gun002
  0 2.622465 7.818309 23.351377 0.000000 -0.882601 -0.470122 0.216086 0.277830 1 0 1.000000
  0 0.654432 3.366338 35.092777 0.000000 -0.935042 -0.354538 0.037091 0.256541 1 0 1.000000
  0 -0.105616 3.366338 35.092777 0.000000 -0.935042 -0.354538 0.036662 0.245621 1 0 1.000000
combine_gun002
  0 -0.646520 15.470490 14.547996 -0.865997 0.461321 0.192957 0.378346 0.183429 1 0 1.000000
  0 -0.997728 4.774647 34.382225 -0.865766 0.448145 0.222745 0.078661 0.205465 1 0 1.000000
  0 -0.523740 5.526812 34.711227 -0.865766 0.448145 0.222745 0.078685 0.190699 1 0 1.000000
combine_gun002
  0 -0.646520 15.470490 14.547996 -0.865997 0.461321 0.192957 0.378346 0.183429 1 0 1.000000
  0 -1.243342 14.523405 14.133732 -0.865997 0.461321 0.192957 0.378316 0.195869 1 0 1.000000
  0 -0.997728 4.774647 34.382225 -0.865766 0.448145 0.222745 0.078661 0.205465 1 0 1.000000
combine_gun002
  0 -0.646520 15.470490 14.547996 -0.865997 0.461321 0.192957 0.378346 0.183429 1 0 1.000000
  0 -0.254296 20.355988 0.112682 -0.864175 0.483298 0.140087 0.580879 0.200995 1 0 1.000000
  0 -1.243342 14.523405 14.133732 -0.865997 0.461321 0.192957 0.378316 0.195869 1 0 1.000000
combine_gun002
  2 -3.097747 -6.724468 58.804367 0.000000 -1.000000 0.000000 0.954465 0.160116 1 2 1.000000
  2 -2.814200 -6.854700 59.240200 -0.091003 -0.657625 0.747828 0.972800 0.166100 1 2 1.000000
  2 -3.255900 -6.854700 58.919300 -0.726392 -0.345896 0.593894 0.962700 0.166100 1 2 1.000000
combine_gun002
  2 -3.097747 -6.724468 58.804367 0.000000 -1.000000 0.000000 0.954465 0.160116 1 2 1.000000
  2 -2.268200 -6.854700 59.240200 0.334205 -0.622910 0.707311 0.981000 0.160100 1 2 1.000000
  2 -2.814200 -6.854700 59.240200 -0.091003 -0.657625 0.747828 0.972800 0.166100 1 2 1.000000
combine_gun002
  2 -3.097747 -6.724468 58.804367 0.000000 -1.000000 0.000000 0.954465 0.160116 1 2 1.000000
  2 -1.657800 -6.854700 58.400002 0.794200 -0.600200 -0.094900 0.984100 0.150500 1 2 1.000000
  2 -2.268200 -6.854700 59.240200 0.334205 -0.622910 0.707311 0.981000 0.160100 1 2 1.000000
combine_gun002
  2 -3.097747 -6.724468 58.804367 0.000000 -1.000000 0.000000 0.954465 0.160116 1 2 1.000000
  2 -2.328600 -6.854700 57.745701 -0.029101 -0.994450 0.101105 0.972800 0.134900 1 2 1.000000
  2 -1.657800 -6.854700 58.400002 0.794200 -0.600200 -0.094900 0.984100 0.150500 1 2 1.000000
combine_gun002
  2 -3.097747 -6.724468 58.804367 0.000000 -1.000000 0.000000 0.954465 0.160116 1 2 1.000000
  2 -2.268200 -6.854700 57.559799 0.086098 -0.575185 -0.813479 0.962700 0.134900 1 2 1.000000
  2 -2.328600 -6.854700 57.745701 -0.029101 -0.994450 0.101105 0.972800 0.134900 1 2 1.000000
combine_gun002
  2 -3.097747 -6.724468 58.804367 0.000000 -1.000000 0.000000 0.954465 0.160116 1 2 1.000000
  2 -2.814200 -6.854700 57.559799 -0.327997 -0.609095 -0.722094 0.954500 0.140800 1 2 1.000000
  2 -2.268200 -6.854700 57.559799 0.086098 -0.575185 -0.813479 0.962700 0.134900 1 2 1.000000
combine_gun002
  2 -3.097747 -6.724468 58.804367 0.000000 -1.000000 0.000000 0.954465 0.160116 1 2 1.000000
  2 -3.255900 -6.854700 57.880699 -0.823095 -0.350298 -0.446997 0.951300 0.150500 1 2 1.000000
  2 -2.814200 -6.854700 57.559799 -0.327997 -0.609095 -0.722094 0.954500 0.140800 1 2 1.000000
combine_gun002
  0 5.567973 -13.411354 10.802062 0.744624 0.563356 -0.358002 0.143390 0.171549 1 0 1.000000
  0 5.957572 -14.171282 10.839583 0.863243 0.429469 -0.265271 0.153044 0.160847 1 0 1.000000
  0 7.965168 -20.692242 4.216253 0.978393 0.206365 0.012695 0.314041 0.158409 1 0 1.000000
combine_gun002
  0 5.567973 -13.411354 10.802062 0.744624 0.563356 -0.358002 0.143390 0.171549 1 0 1.000000
  0 4.550100 -13.768800 9.353800 -0.980981 -0.074599 -0.179196 0.161500 0.194700 1 0 1.000000
  0 4.518800 -12.956900 10.566200 -0.781883 0.508489 -0.360692 0.137500 0.188700 1 0 1.000000
combine_gun002
  0 5.567973 -13.411354 10.802062 0.744624 0.563356 -0.358002 0.143390 0.171549 1 0 1.000000
  0 7.216001 -20.093100 3.651900 -0.572937 0.514933 -0.637641 0.311400 0.176900 1 0 1.000000
  0 4.550100 -13.768800 9.353800 -0.980981 -0.074599 -0.179196 0.161500 0.194700 1 0 1.000000
combine_gun002
  0 5.567973 -13.411354 10.802062 0.744624 0.563356 -0.358002 0.143390 0.171549 1 0 1.000000
  0 7.965168 -20.692242 4.216253 0.978393 0.206365 0.012695 0.314041 0.158409 1 0 1.000000
  0 7.216001 -20.093100 3.651900 -0.572937 0.514933 -0.637641 0.311400 0.176900 1 0 1.000000
combine_gun002
  0 7.965168 -20.692242 4.216253 0.978393 0.206365 0.012695 0.314041 0.158409 1 0 1.000000
  0 7.494081 -21.495897 1.973370 0.561294 0.682459 -0.468187 0.348564 0.180657 1 0 1.000000
  0 7.216001 -20.093100 3.651900 -0.572937 0.514933 -0.637641 0.311400 0.176900 1 0 1.000000
combine_gun002
  0 7.965168 -20.692242 4.216253 0.978393 0.206365 0.012695 0.314041 0.158409 1 0 1.000000
  0 8.114701 -22.004232 2.450246 0.997688 0.044053 0.051750 0.350782 0.165109 1 0 1.000000
  0 7.494081 -21.495897 1.973370 0.561294 0.682459 -0.468187 0.348564 0.180657 1 0 1.000000
combine_gun002
  0 -6.298895 -20.755373 4.215014 -0.978393 0.206365 0.012695 0.315758 0.255182 1 0 1.000000
  0 -4.322670 -15.046354 9.625911 -0.904850 0.399468 -0.147214 0.160563 0.252442 1 0 1.000000
  0 -3.901700 -13.474485 10.800822 -0.744624 0.563356 -0.358002 0.122360 0.248861 1 0 1.000000
combine_gun002
  0 -3.901700 -13.474485 10.800822 -0.744624 0.563356 -0.358002 0.122360 0.248861 1 0 1.000000
  0 -2.852500 -13.020000 10.565000 0.759728 0.645924 -0.074803 0.114900 0.229800 1 0 1.000000
  0 -3.034612 -13.699906 9.268012 -0.591220 0.662554 -0.459870 0.141668 0.221796 1 0 1.000000
combine_gun002
  0 -3.034612 -13.699906 9.268012 -0.591220 0.662554 -0.459870 0.141668 0.221796 1 0 1.000000
  0 -6.298895 -20.755373 4.215014 -0.978393 0.206365 0.012695 0.315758 0.255182 1 0 1.000000
  0 -3.901700 -13.474485 10.800822 -0.744624 0.563356 -0.358002 0.122360 0.248861 1 0 1.000000
combine_gun002
  0 -3.034612 -13.699906 9.268012 -0.591220 0.662554 -0.459870 0.141668 0.221796 1 0 1.000000
  0 -5.398900 -20.288300 3.735200 0.749520 0.442212 -0.492613 0.311800 0.234400 1 0 1.000000
  0 -6.298895 -20.755373 4.215014 -0.978393 0.206365 0.012695 0.315758 0.255182 1 0 1.000000
combine_gun002
  0 -5.398900 -20.288300 3.735200 0.749520 0.442212 -0.492613 0.311800 0.234400 1 0 1.000000
  0 -6.447646 -21.840986 2.271399 -0.561294 0.682459 -0.468187 0.356104 0.241355 1 0 1.000000
  0 -6.298895 -20.755373 4.215014 -0.978393 0.206365 0.012695 0.315758 0.255182 1 0 1.000000
combine_gun002
  0 -5.398900 -20.288300 3.735200 0.749520 0.442212 -0.492613 0.311800 0.234400 1 0 1.000000
  0 -5.677000 -21.691099 2.056700 -0.315190 0.696079 -0.645081 0.353600 0.228300 1 0 1.000000
  0 -6.447646 -21.840986 2.271399 -0.561294 0.682459 -0.468187 0.356104 0.241355 1 0 1.000000
combine_gun002
  0 -1.243342 14.523405 14.133732 -0.865957 -0.463106 -0.188817 0.378316 0.195869 1 0 1.000000
  0 -0.523740 4.022482 34.053223 -0.865897 -0.451116 -0.216142 0.078637 0.215613 1 0 1.000000
  0 -0.997728 4.774647 34.382225 -0.865897 -0.451116 -0.216142 0.078661 0.205465 1 0 1.000000
combine_gun002
  0 -1.243342 14.523405 14.133732 -0.865957 -0.463106 -0.188817 0.378316 0.195869 1 0 1.000000
  0 -0.564662 12.552354 16.414240 -0.865915 -0.464439 -0.185709 0.339876 0.210775 1 0 1.000000
  0 -0.523740 4.022482 34.053223 -0.865897 -0.451116 -0.216142 0.078637 0.215613 1 0 1.000000
combine_gun002
  0 -1.243342 14.523405 14.133732 -0.865957 -0.463106 -0.188817 0.378316 0.195869 1 0 1.000000
  0 -0.254296 19.706644 -0.171347 -0.865776 -0.448342 -0.222310 0.580859 0.216658 1 0 1.000000
  0 -0.564662 12.552354 16.414240 -0.865915 -0.464439 -0.185709 0.339876 0.210775 1 0 1.000000
combine_gun002
  0 -1.243342 14.523405 14.133732 -0.865957 -0.463106 -0.188817 0.378316 0.195869 1 0 1.000000
  0 -0.254296 20.355988 0.112682 0.000000 0.947222 0.320578 0.580879 0.200995 1 0 1.000000
  0 -0.254296 19.706644 -0.171347 -0.865776 -0.448342 -0.222310 0.580859 0.216658 1 0 1.000000
combine_gun002
  0 0.547122 15.470490 14.547996 0.000000 0.923405 0.383828 0.378346 0.257225 1 0 1.000000
  0 -0.523740 5.526812 34.711227 0.000000 0.897087 0.441853 0.078685 0.190699 1 0 1.000000
  0 0.424237 5.526812 34.711227 0.000000 0.897087 0.441853 0.078685 0.164550 1 0 1.000000
combine_gun002
  0 0.547122 15.470490 14.547996 0.000000 0.923405 0.383828 0.378346 0.257225 1 0 1.000000
  0 -0.646520 15.470490 14.547996 0.000000 0.923405 0.383828 0.378346 0.183429 1 0 1.000000
  0 -0.523740 5.526812 34.711227 0.000000 0.897087 0.441853 0.078685 0.190699 1 0 1.000000
combine_gun002
  0 0.547122 15.470490 14.547996 0.000000 0.923405 0.383828 0.378346 0.257225 1 0 1.000000
  0 -0.254296 20.355988 0.112682 0.000000 0.947222 0.320578 0.580879 0.200995 1 0 1.000000
  0 -0.646520 15.470490 14.547996 0.000000 0.923405 0.383828 0.378346 0.183429 1 0 1.000000
combine_gun002
  0 0.547122 15.470490 14.547996 0.000000 0.923405 0.383828 0.378346 0.257225 1 0 1.000000
  0 0.359495 20.031315 -0.029334 0.865776 -0.448342 -0.222310 0.580869 0.231417 1 0 1.000000
  0 -0.254296 20.355988 0.112682 0.000000 0.947222 0.320578 0.580879 0.200995 1 0 1.000000
combine_gun002
  0 0.465264 12.552354 16.414240 0.865915 -0.464440 -0.185707 0.339876 0.229880 1 0 1.000000
  0 0.898225 4.774647 34.382225 0.865897 -0.451118 -0.216138 0.078661 0.235189 1 0 1.000000
  0 0.424237 4.022482 34.053223 0.865897 -0.451118 -0.216138 0.078637 0.225041 1 0 1.000000
combine_gun002
  0 0.465264 12.552354 16.414240 0.865915 -0.464440 -0.185707 0.339876 0.229880 1 0 1.000000
  0 1.143943 14.523405 14.133732 0.865957 -0.463106 -0.188817 0.378316 0.244786 1 0 1.000000
  0 0.898225 4.774647 34.382225 0.865897 -0.451118 -0.216138 0.078661 0.235189 1 0 1.000000
combine_gun002
  0 0.465264 12.552354 16.414240 0.865915 -0.464440 -0.185707 0.339876 0.229880 1 0 1.000000
  0 0.359495 20.031315 -0.029334 0.865776 -0.448342 -0.222310 0.580869 0.231417 1 0 1.000000
  0 1.143943 14.523405 14.133732 0.865957 -0.463106 -0.188817 0.378316 0.244786 1 0 1.000000
combine_gun002
  0 0.465264 12.552354 16.414240 0.865915 -0.464440 -0.185707 0.339876 0.229880 1 0 1.000000
  0 -0.254296 19.706644 -0.171347 -0.865776 -0.448342 -0.222310 0.580859 0.216658 1 0 1.000000
  0 0.359495 20.031315 -0.029334 0.865776 -0.448342 -0.222310 0.580869 0.231417 1 0 1.000000
combine_gun002
  0 1.407675 7.266483 22.426296 0.999896 0.007949 0.011996 0.525635 0.137258 1 0 1.000000
  0 0.091000 4.163700 36.263302 -0.058901 -0.017500 0.998110 0.776700 0.053900 1 0 1.000000
  0 0.457800 1.642600 37.074600 -0.093502 0.292706 0.951620 0.813800 0.086400 1 0 1.000000
combine_gun002
  0 1.407675 7.266483 22.426296 0.999896 0.007949 0.011996 0.525635 0.137258 1 0 1.000000
  0 1.407675 10.357586 23.636129 0.999896 0.007949 0.011996 0.515346 0.076252 1 0 1.000000
  0 0.091000 4.163700 36.263302 -0.058901 -0.017500 0.998110 0.776700 0.053900 1 0 1.000000
combine_gun002
  0 1.407675 7.266483 22.426296 0.999896 0.007949 0.011996 0.525635 0.137258 1 0 1.000000
  0 0.981901 15.226026 16.424610 0.999570 0.013467 -0.026052 0.355077 0.072400 1 0 1.000000
  0 1.407675 10.357586 23.636129 0.999896 0.007949 0.011996 0.515346 0.076252 1 0 1.000000
combine_gun002
  0 1.407675 7.266483 22.426296 0.999896 0.007949 0.011996 0.525635 0.137258 1 0 1.000000
  0 0.981901 13.226532 15.214777 0.999570 0.013467 -0.026052 0.354902 0.115957 1 0 1.000000
  0 0.981901 15.226026 16.424610 0.999570 0.013467 -0.026052 0.355077 0.072400 1 0 1.000000
combine_gun002
  0 0.981901 13.226532 15.214777 0.999570 0.013467 -0.026052 0.354902 0.115957 1 0 1.000000
  0 0.844343 18.906046 3.406015 0.999943 0.006270 -0.008633 0.011789 0.139956 1 0 1.000000
  0 0.981901 15.226026 16.424610 0.999570 0.013467 -0.026052 0.355077 0.072400 1 0 1.000000
combine_gun002
  0 0.981901 13.226532 15.214777 0.999570 0.013467 -0.026052 0.354902 0.115957 1 0 1.000000
  0 0.844343 18.353832 2.762635 0.999943 0.006270 -0.008633 0.006796 0.154948 1 0 1.000000
  0 0.844343 18.906046 3.406015 0.999943 0.006270 -0.008633 0.011789 0.139956 1 0 1.000000
combine_gun002
  0 -0.292254 -2.376604 20.308044 0.784979 -0.526458 0.326574 0.424262 0.340978 1 0 1.000000
  0 -0.292254 -1.532278 21.571669 0.780252 -0.520055 0.347490 0.444993 0.345683 1 0 1.000000
  0 -1.880524 -3.433141 22.293118 0.780252 -0.520055 0.347490 0.431464 0.377196 1 0 1.000000
combine_gun002
  0 -1.880524 -3.433141 22.293118 0.780252 -0.520055 0.347490 0.431464 0.377196 1 0 1.000000
  0 -5.700653 -20.795670 2.101852 0.789311 -0.537192 0.297343 0.055652 0.362997 1 0 1.000000
  0 -0.292254 -2.376604 20.308044 0.784979 -0.526458 0.326574 0.424262 0.340978 1 0 1.000000
combine_gun002
  0 -1.880524 -3.433141 22.293118 0.780252 -0.520055 0.347490 0.431464 0.377196 1 0 1.000000
  0 -6.985436 -22.200462 3.040505 0.789311 -0.537192 0.297343 0.049610 0.390279 1 0 1.000000
  0 -5.700653 -20.795670 2.101852 0.789311 -0.537192 0.297343 0.055652 0.362997 1 0 1.000000
combine_gun002
  0 -6.985436 -22.200462 3.040505 0.789311 -0.537192 0.297343 0.049610 0.390279 1 0 1.000000
  0 -5.999746 -22.390049 -0.004996 0.789241 -0.541739 0.289165 0.018628 0.359405 1 0 1.000000
  0 -5.700653 -20.795670 2.101852 0.789311 -0.537192 0.297343 0.055652 0.362997 1 0 1.000000
combine_gun002
  0 -6.985436 -22.200462 3.040505 0.789311 -0.537192 0.297343 0.049610 0.390279 1 0 1.000000
  0 -6.985436 -23.792006 -0.004995 0.789241 -0.541739 0.289165 0.003567 0.376949 1 0 1.000000
  0 -5.999746 -22.390049 -0.004996 0.789241 -0.541739 0.289165 0.018628 0.359405 1 0 1.000000
combine_gun002
  0 2.622465 7.818309 23.351377 0.998548 0.031587 0.043629 0.535065 0.120065 1 0 1.000000
  0 0.654432 5.054285 34.132042 0.983098 0.012447 0.182658 0.734042 0.060138 1 0 1.000000
  0 0.654432 3.366338 35.092777 0.983098 0.012447 0.182658 0.765585 0.077913 1 0 1.000000
combine_gun002
  0 2.622465 7.818309 23.351377 0.998548 0.031587 0.043629 0.535065 0.120065 1 0 1.000000
  0 2.622465 9.658677 24.071684 0.998548 0.031587 0.043629 0.528939 0.083744 1 0 1.000000
  0 0.654432 5.054285 34.132042 0.983098 0.012447 0.182658 0.734042 0.060138 1 0 1.000000
combine_gun002
  0 2.622465 7.818309 23.351377 0.998548 0.031587 0.043629 0.535065 0.120065 1 0 1.000000
  0 1.740267 13.803057 17.356083 0.997770 0.033798 -0.057560 0.383567 0.086529 1 0 1.000000
  0 2.622465 9.658677 24.071684 0.998548 0.031587 0.043629 0.528939 0.083744 1 0 1.000000
combine_gun002
  0 2.622465 7.818309 23.351377 0.998548 0.031587 0.043629 0.535065 0.120065 1 0 1.000000
  0 1.740267 12.657031 16.522272 0.997770 0.033798 -0.057560 0.381222 0.112839 1 0 1.000000
  0 1.740267 13.803057 17.356083 0.997770 0.033798 -0.057560 0.383567 0.086529 1 0 1.000000
combine_gun002
  0 1.740267 12.657031 16.522272 0.997770 0.033798 -0.057560 0.381222 0.112839 1 0 1.000000
  0 1.455249 17.462229 5.562190 0.999672 0.017438 -0.018748 0.060069 0.142621 1 0 1.000000
  0 1.740267 13.803057 17.356083 0.997770 0.033798 -0.057560 0.383567 0.086529 1 0 1.000000
combine_gun002
  0 5.220219 -13.715974 10.997061 -0.779131 -0.529989 0.334764 0.654713 0.292928 1 0 1.000000
  0 4.518800 -12.956900 10.566200 -0.781883 0.508489 -0.360692 0.644900 0.270800 1 0 1.000000
  0 4.550124 -13.768835 9.353789 -0.782078 -0.540860 0.309555 0.676040 0.260197 1 0 1.000000
combine_gun002
  0 4.550124 -13.768835 9.353789 -0.782078 -0.540860 0.309555 0.676040 0.260197 1 0 1.000000
  0 7.616631 -20.770483 4.233644 -0.795007 -0.530992 0.293277 0.881420 0.287261 1 0 1.000000
  0 5.220219 -13.715974 10.997061 -0.779131 -0.529989 0.334764 0.654713 0.292928 1 0 1.000000
combine_gun002
  0 4.550124 -13.768835 9.353789 -0.782078 -0.540860 0.309555 0.676040 0.260197 1 0 1.000000
  0 7.216001 -20.093100 3.651900 -0.572937 0.514933 -0.637641 0.876900 0.268100 1 0 1.000000
  0 7.616631 -20.770483 4.233644 -0.795007 -0.530992 0.293277 0.881420 0.287261 1 0 1.000000
combine_gun002
  0 7.216001 -20.093100 3.651900 -0.572937 0.514933 -0.637641 0.876900 0.268100 1 0 1.000000
  0 7.766163 -22.082474 2.467638 -0.805101 -0.510341 0.302264 0.929400 0.274430 1 0 1.000000
  0 7.616631 -20.770483 4.233644 -0.795007 -0.530992 0.293277 0.881420 0.287261 1 0 1.000000
combine_gun002
  0 7.216001 -20.093100 3.651900 -0.572937 0.514933 -0.637641 0.876900 0.268100 1 0 1.000000
  0 7.494101 -21.495899 1.973400 -0.921984 -0.383693 0.052199 0.925800 0.259100 1 0 1.000000
  0 7.766163 -22.082474 2.467638 -0.805101 -0.510341 0.302264 0.929400 0.274430 1 0 1.000000
combine_gun002
  3 4.682000 -17.386000 52.592602 -0.184198 -0.723594 0.665194 0.464600 0.403100 1 3 1.000000
  3 4.670817 -17.042376 52.299194 0.923879 0.000000 0.382685 0.475588 0.380804 1 3 1.000000
  3 4.760023 -17.042376 52.514557 0.923879 0.000000 -0.382685 0.464638 0.380804 1 3 1.000000
combine_gun002
  3 4.670817 -17.042376 52.299194 0.923879 0.000000 0.382685 0.475588 0.380804 1 3 1.000000
  3 4.682000 -17.386000 52.592602 0.929661 -0.104496 -0.353285 0.464600 0.403100 1 3 1.000000
  3 4.760023 -17.386028 52.083836 0.923879 0.000000 0.382685 0.486538 0.403053 1 3 1.000000
combine_gun002
  3 4.760023 -17.042376 52.514557 0.382685 0.000000 -0.923879 0.464638 0.380804 1 3 1.000000
  3 4.975400 -17.386000 52.603802 0.220000 -0.973502 0.062400 0.453700 0.403100 1 3 1.000000
  3 4.682000 -17.386000 52.592602 0.929661 -0.104496 -0.353285 0.464600 0.403100 1 3 1.000000
combine_gun002
  3 5.268800 -17.386000 52.592602 0.666772 -0.687371 0.287988 0.530300 0.403100 1 3 1.000000
  3 4.975400 -17.386000 52.603802 0.220000 -0.973502 0.062400 0.453700 0.403100 1 3 1.000000
  3 5.190701 -17.042400 52.083801 -0.021299 -0.829980 -0.557386 0.508400 0.380800 1 3 1.000000
combine_gun002
  3 5.190746 -17.042376 52.083836 -0.382685 0.000000 0.923879 0.508440 0.380804 1 3 1.000000
  3 5.268800 -17.386000 52.005798 -0.875307 -0.483504 -0.007900 0.508400 0.403100 1 3 1.000000
  3 5.268800 -17.386000 52.592602 -0.276896 -0.186698 0.942588 0.530300 0.403100 1 3 1.000000
combine_gun002
  3 5.190746 -17.042376 52.083836 -0.382685 0.000000 0.923879 0.508440 0.380804 1 3 1.000000
  3 4.760000 -17.386000 52.083801 -0.828634 -0.559423 -0.020301 0.486500 0.403100 1 3 1.000000
  3 5.268800 -17.386000 52.005798 -0.875307 -0.483504 -0.007900 0.508400 0.403100 1 3 1.000000
combine_gun002
  3 5.190746 -17.042376 52.083836 -0.382685 0.000000 0.923879 0.508440 0.380804 1 3 1.000000
  3 4.670817 -17.042376 52.299194 0.923879 0.000000 0.382685 0.475588 0.380804 1 3 1.000000
  3 4.760000 -17.386000 52.083801 -0.828634 -0.559423 -0.020301 0.486500 0.403100 1 3 1.000000
combine_gun002
  0 2.248659 -2.076214 20.107330 -0.713417 0.490740 -0.500210 0.597527 0.037445 1 0 1.000000
  0 1.901299 -1.532278 21.571669 -0.720854 0.576281 -0.385059 0.622919 0.045550 1 0 1.000000
  0 2.248659 -1.231888 21.370955 -0.720854 0.576281 -0.385059 0.622840 0.037162 1 0 1.000000
combine_gun002
  0 2.248659 -2.076214 20.107330 -0.713417 0.490740 -0.500210 0.597527 0.037445 1 0 1.000000
  0 7.309697 -20.795670 2.101852 -0.679767 0.468755 -0.564079 0.162474 0.048376 1 0 1.000000
  0 1.901299 -1.532278 21.571669 -0.720854 0.576281 -0.385059 0.622919 0.045550 1 0 1.000000
combine_gun002
  0 2.248659 -2.076214 20.107330 -0.713417 0.490740 -0.500210 0.597527 0.037445 1 0 1.000000
  0 7.956151 -22.028772 -0.004996 -0.663352 0.539044 -0.519033 0.121188 0.039472 1 0 1.000000
  0 7.309697 -20.795670 2.101852 -0.679767 0.468755 -0.564079 0.162474 0.048376 1 0 1.000000
combine_gun002
  0 7.956151 -22.028772 -0.004996 -0.663352 0.539044 -0.519033 0.121188 0.039472 1 0 1.000000
  0 7.608791 -22.390049 -0.004996 -0.663352 0.539044 -0.519033 0.117987 0.047176 1 0 1.000000
  0 7.309697 -20.795670 2.101852 -0.679767 0.468755 -0.564079 0.162474 0.048376 1 0 1.000000
combine_gun002
  0 -0.639615 -1.231888 21.370955 0.720854 0.576281 -0.385059 0.121350 0.032335 1 0 1.000000
  0 -0.292254 -1.532278 21.571669 0.720854 0.576281 -0.385059 0.121353 0.040453 1 0 1.000000
  0 -0.292254 -2.376604 20.308044 0.713417 0.490740 -0.500210 0.145849 0.040486 1 0 1.000000
combine_gun002
  0 -0.292254 -2.376604 20.308044 0.713417 0.490740 -0.500210 0.145849 0.040486 1 0 1.000000
  0 -6.048013 -20.495279 1.901138 0.679767 0.468755 -0.564079 0.566885 0.030695 1 0 1.000000
  0 -0.639615 -1.231888 21.370955 0.720854 0.576281 -0.385059 0.121350 0.032335 1 0 1.000000
combine_gun002
  0 -0.292254 -2.376604 20.308044 0.713417 0.490740 -0.500210 0.145849 0.040486 1 0 1.000000
  0 -5.700653 -20.795670 2.101852 0.679767 0.468755 -0.564079 0.566889 0.038812 1 0 1.000000
  0 -6.048013 -20.495279 1.901138 0.679767 0.468755 -0.564079 0.566885 0.030695 1 0 1.000000
combine_gun002
  0 -5.700653 -20.795670 2.101852 0.679767 0.468755 -0.564079 0.566889 0.038812 1 0 1.000000
  0 -5.999746 -22.390049 -0.004996 0.663352 0.539044 -0.519033 0.609922 0.037229 1 0 1.000000
  0 -6.048013 -20.495279 1.901138 0.679767 0.468755 -0.564079 0.566885 0.030695 1 0 1.000000
combine_gun002
  0 -0.541822 1.388704 31.514816 1.000000 0.000000 0.000000 0.236324 0.164970 1 0 1.000000
  0 -0.541822 4.768331 33.012741 1.000000 0.000053 0.000022 0.273983 0.235638 1 0 1.000000
  0 -0.541822 0.885521 36.668282 1.000000 0.000000 0.000000 0.171478 0.213688 1 0 1.000000
combine_gun002
  0 -0.541822 1.388704 31.514816 1.000000 0.000000 0.000000 0.236324 0.164970 1 0 1.000000
  0 -0.542343 8.849230 26.490744 1.000000 0.000106 0.000044 0.411245 0.229180 1 0 1.000000
  0 -0.541822 4.768331 33.012741 1.000000 0.000053 0.000022 0.273983 0.235638 1 0 1.000000
combine_gun002
  0 -0.541822 1.388704 31.514816 1.000000 0.000000 0.000000 0.236324 0.164970 1 0 1.000000
  0 -0.541769 7.626604 24.875607 1.000000 0.000106 0.000044 0.409447 0.191789 1 0 1.000000
  0 -0.542343 8.849230 26.490744 1.000000 0.000106 0.000044 0.411245 0.229180 1 0 1.000000
combine_gun002
  3 4.552755 -13.841927 53.732597 -0.382682 0.000000 -0.923880 0.539621 0.414768 1 3 1.000000
  3 4.871493 -13.665812 53.413860 -0.923880 0.000000 -0.382682 0.518555 0.404289 1 3 1.000000
  3 4.778137 -13.841927 53.639244 -0.382682 0.000000 -0.923880 0.529088 0.414768 1 3 1.000000
combine_gun002
  0 -1.662734 1.388704 31.514816 -1.000000 0.000000 0.000000 0.103130 0.113709 1 0 1.000000
  0 -1.662734 0.885521 36.668282 -1.000000 0.000000 0.000000 0.002081 0.078015 1 0 1.000000
  0 -1.662734 4.768331 33.012741 -1.000000 -0.000053 -0.000022 0.104643 0.037219 1 0 1.000000
combine_gun002
  0 -1.662734 4.768331 33.012741 -1.000000 -0.000053 -0.000022 0.104643 0.037219 1 0 1.000000
  0 -1.662681 7.626604 24.875607 -1.000000 -0.000106 -0.000044 0.282275 0.054881 1 0 1.000000
  0 -1.662734 1.388704 31.514816 -1.000000 0.000000 0.000000 0.103130 0.113709 1 0 1.000000
combine_gun002
  0 -1.662734 4.768331 33.012741 -1.000000 -0.000053 -0.000022 0.104643 0.037219 1 0 1.000000
  0 -1.663255 8.849230 26.490744 -1.000000 -0.000106 -0.000044 0.262696 0.017811 1 0 1.000000
  0 -1.662681 7.626604 24.875607 -1.000000 -0.000106 -0.000044 0.282275 0.054881 1 0 1.000000
combine_gun002
  3 4.327400 -13.841900 53.188499 -0.116597 -0.993178 -0.001600 0.487000 0.414800 1 3 1.000000
  3 4.778100 -13.841900 53.188499 -0.189703 -0.977417 0.093102 0.508000 0.414800 1 3 1.000000
  3 4.552755 -13.665812 53.095123 -0.382682 0.000000 0.923880 0.497488 0.404289 1 3 1.000000
combine_gun002
  3 4.778100 -13.841900 53.188499 -0.189703 -0.977417 0.093102 0.508000 0.414800 1 3 1.000000
  3 4.871493 -13.665812 53.413860 -0.923880 0.000000 0.382682 0.518555 0.404289 1 3 1.000000
  3 4.552755 -13.665812 53.095123 -0.382682 0.000000 0.923880 0.497488 0.404289 1 3 1.000000
combine_gun002
  3 4.778100 -13.841900 53.188499 -0.189703 -0.977417 0.093102 0.508000 0.414800 1 3 1.000000
  3 4.778100 -13.841900 53.639198 0.136595 -0.975263 0.173793 0.529100 0.414800 1 3 1.000000
  3 4.871493 -13.665812 53.413860 -0.923880 0.000000 0.382682 0.518555 0.404289 1 3 1.000000
combine_gun002
  0 1.407675 7.266483 22.426296 0.000000 -0.863503 -0.504344 0.222855 0.260083 1 0 1.000000
  0 0.457818 1.642587 37.074650 0.000000 -0.933561 -0.358419 -0.000112 0.255174 1 0 1.000000
  0 -0.858755 7.266483 22.426296 0.000000 -0.863503 -0.504344 0.221576 0.227518 1 0 1.000000
combine_gun002
  0 -0.858755 7.266483 22.426296 0.000000 -0.863503 -0.504344 0.221576 0.227518 1 0 1.000000
  0 0.981901 13.226532 15.214777 0.000000 -0.857381 -0.514682 0.355315 0.248751 1 0 1.000000
  0 1.407675 7.266483 22.426296 0.000000 -0.863503 -0.504344 0.222855 0.260083 1 0 1.000000
combine_gun002
  0 -0.858755 7.266483 22.426296 0.000000 -0.863503 -0.504344 0.221576 0.227518 1 0 1.000000
  0 -0.432981 13.226532 15.214777 0.000000 -0.857381 -0.514682 0.354516 0.228422 1 0 1.000000
  0 0.981901 13.226532 15.214777 0.000000 -0.857381 -0.514682 0.355315 0.248751 1 0 1.000000
combine_gun002
  0 -0.432981 13.226532 15.214777 0.000000 -0.857381 -0.514682 0.354516 0.228422 1 0 1.000000
  0 0.844343 18.353832 2.762635 0.000000 -0.924680 -0.380746 0.546838 0.239247 1 0 1.000000
  0 0.981901 13.226532 15.214777 0.000000 -0.857381 -0.514682 0.355315 0.248751 1 0 1.000000
combine_gun002
  0 -0.432981 13.226532 15.214777 0.000000 -0.857381 -0.514682 0.354516 0.228422 1 0 1.000000
  0 -0.295423 18.353832 2.762635 0.000000 -0.924680 -0.380746 0.546195 0.222870 1 0 1.000000
  0 0.844343 18.353832 2.762635 0.000000 -0.924680 -0.380746 0.546838 0.239247 1 0 1.000000
combine_gun002
  3 3.789072 -8.658748 54.402256 -0.790045 -0.045720 0.611342 0.685806 0.902666 1 3 1.000000
  3 3.813398 -12.344268 54.280979 -0.765714 0.000000 0.643181 0.750062 0.900616 1 3 1.000000
  3 4.047534 -12.344269 54.559719 -0.765714 0.000000 0.643181 0.750050 0.905827 1 3 1.000000
combine_gun002
  3 4.365289 -12.344268 51.207748 -0.984255 0.000000 -0.176753 0.750035 0.848131 1 3 1.000000
  3 3.813398 -12.344268 54.280979 -0.984255 0.000000 -0.176753 0.750062 0.900616 1 3 1.000000
  3 4.365289 -11.019482 51.207748 -0.986130 -0.016719 -0.165128 0.726937 0.848125 1 3 1.000000
combine_gun002
  3 3.813398 -12.344268 54.280979 -0.984255 0.000000 -0.176753 0.750062 0.900616 1 3 1.000000
  3 4.354883 -8.658748 50.281269 -0.987593 -0.033431 -0.153434 0.685778 0.832011 1 3 1.000000
  3 4.365289 -11.019482 51.207748 -0.986130 -0.016719 -0.165128 0.726937 0.848125 1 3 1.000000
combine_gun002
  3 3.813398 -12.344268 54.280979 -0.984255 0.000000 -0.176753 0.750062 0.900616 1 3 1.000000
  3 3.789072 -8.658748 54.402256 -0.790045 -0.045720 0.611342 0.685806 0.902666 1 3 1.000000
  3 4.354883 -8.658748 50.281269 -0.987593 -0.033431 -0.153434 0.685778 0.832011 1 3 1.000000
combine_gun002
  3 4.242105 -12.901615 53.103210 0.000000 1.000000 0.000000 0.704616 0.129909 1 3 1.000000
  3 4.863405 -12.901615 53.103210 0.000000 1.000000 0.000000 0.694356 0.154678 1 3 1.000000
  3 4.995080 -12.901615 52.971539 0.000000 1.000000 0.000000 0.686931 0.157755 1 3 1.000000
combine_gun002
  3 4.995080 -12.901615 52.971539 0.000000 1.000000 0.000000 0.686931 0.157755 1 3 1.000000
  3 4.863405 -12.901615 53.103210 0.000000 1.000000 0.000000 0.694356 0.154678 1 3 1.000000
  3 5.178296 -12.901615 53.413860 0.000000 1.000000 0.000000 0.701541 0.172362 1 3 1.000000
combine_gun002
  3 4.552755 -12.901615 54.039402 0.000000 1.000000 0.000000 0.736811 0.157752 1 3 1.000000
  3 5.178296 -12.901615 53.413860 0.000000 1.000000 0.000000 0.701541 0.172362 1 3 1.000000
  3 4.242105 -12.901615 53.724510 0.000000 1.000000 0.000000 0.729386 0.140169 1 3 1.000000
combine_gun002
  3 4.242105 -12.901615 53.724510 0.000000 1.000000 0.000000 0.729386 0.140169 1 3 1.000000
  3 4.242105 -12.901615 53.103210 0.000000 1.000000 0.000000 0.704616 0.129909 1 3 1.000000
  3 3.927214 -12.901615 53.413860 0.000000 1.000000 0.000000 0.722201 0.122485 1 3 1.000000
combine_gun002
  3 4.327374 -13.841927 53.188480 0.923880 0.000000 0.382682 0.486957 0.414768 1 3 1.000000
  3 4.327374 -13.665812 53.639244 0.923880 0.000000 -0.382682 0.465891 0.404289 1 3 1.000000
  3 4.234018 -13.841927 53.413860 0.923880 0.000000 0.382682 0.476424 0.414768 1 3 1.000000
combine_gun002
  3 4.552800 -13.841900 53.732601 0.081298 -0.993178 0.083598 0.455400 0.414800 1 3 1.000000
  3 4.234000 -13.841900 53.413898 -0.309286 -0.917659 -0.249489 0.476400 0.414800 1 3 1.000000
  3 4.327374 -13.665812 53.639244 0.923880 0.000000 -0.382682 0.465891 0.404289 1 3 1.000000
combine_gun002
  2 5.477733 5.166033 54.797195 0.762240 -0.164724 0.625985 0.156088 0.005146 1 2 1.000000
  2 5.265193 5.056427 55.004021 0.762240 -0.164724 0.625985 0.162261 0.005146 1 2 1.000000
  2 5.081086 3.643961 54.879658 0.762240 -0.164724 0.625985 0.203891 0.005146 1 2 1.000000
combine_gun002
  0 -2.347076 2.742490 33.253712 -1.000000 0.000000 0.000000 0.736403 0.919064 1 0 1.000000
  0 -2.347076 3.786226 35.061516 -1.000000 0.000000 0.000000 0.748289 0.939651 1 0 1.000000
  0 -2.347076 3.786226 33.856312 -1.000000 0.000000 0.000000 0.748289 0.925926 1 0 1.000000
combine_gun002
  0 -2.347076 2.742490 33.253712 -1.000000 0.000000 0.000000 0.736403 0.919064 1 0 1.000000
  0 -2.347076 2.742489 35.664116 -1.000000 0.000000 0.000000 0.736403 0.946513 1 0 1.000000
  0 -2.347076 3.786226 35.061516 -1.000000 0.000000 0.000000 0.748289 0.939651 1 0 1.000000
combine_gun002
  0 -2.347076 2.742490 33.253712 -1.000000 0.000000 0.000000 0.736403 0.919064 1 0 1.000000
  0 -2.347076 2.139888 35.502651 -1.000000 0.000000 0.000000 0.729540 0.944675 1 0 1.000000
  0 -2.347076 2.742489 35.664116 -1.000000 0.000000 0.000000 0.736403 0.946513 1 0 1.000000
combine_gun002
  0 -2.347076 2.742490 33.253712 -1.000000 0.000000 0.000000 0.736403 0.919064 1 0 1.000000
  0 -2.347076 1.537287 34.458916 -1.000000 0.000000 0.000000 0.722678 0.932789 1 0 1.000000
  0 -2.347076 2.139888 35.502651 -1.000000 0.000000 0.000000 0.729540 0.944675 1 0 1.000000
combine_gun002
  0 -2.347076 2.742490 33.253712 -1.000000 0.000000 0.000000 0.736403 0.919064 1 0 1.000000
  0 -2.347076 1.698755 33.856312 -1.000000 0.000000 0.000000 0.724517 0.925926 1 0 1.000000
  0 -2.347076 1.537287 34.458916 -1.000000 0.000000 0.000000 0.722678 0.932789 1 0 1.000000
combine_gun002
  2 5.265201 5.056400 55.004002 -0.728682 0.153696 -0.667383 0.162300 0.005100 1 2 1.000000
  2 5.477733 5.166033 54.797195 0.062537 0.120668 -0.990721 0.156088 0.005146 1 2 1.000000
  2 5.081100 3.644000 54.879700 -0.728682 0.153696 -0.667383 0.203900 0.005100 1 2 1.000000
combine_gun002
  0 -4.010635 -4.056767 19.288132 -1.000000 0.000000 0.000000 0.749310 0.749261 1 0 1.000000
  0 -4.010635 -2.851565 20.493334 -1.000000 0.000000 0.000000 0.735674 0.762898 1 0 1.000000
  0 -4.010635 -3.013031 19.890732 -1.000000 0.000000 0.000000 0.737501 0.756079 1 0 1.000000
combine_gun002
  0 -4.010635 -4.056767 19.288132 -1.000000 0.000000 0.000000 0.749310 0.749261 1 0 1.000000
  0 -4.010635 -3.454166 21.537069 -1.000000 0.000000 0.000000 0.742492 0.774707 1 0 1.000000
  0 -4.010635 -2.851565 20.493334 -1.000000 0.000000 0.000000 0.735674 0.762898 1 0 1.000000
combine_gun002
  0 -4.010635 -4.056767 19.288132 -1.000000 0.000000 0.000000 0.749310 0.749261 1 0 1.000000
  0 -4.010635 -4.659369 21.537069 -1.000000 0.000000 0.000000 0.756129 0.774707 1 0 1.000000
  0 -4.010635 -3.454166 21.537069 -1.000000 0.000000 0.000000 0.742492 0.774707 1 0 1.000000
combine_gun002
  0 -4.010635 -4.056767 19.288132 -1.000000 0.000000 0.000000 0.749310 0.749261 1 0 1.000000
  0 -4.010635 -5.261970 20.493334 -1.000000 0.000000 0.000000 0.762947 0.762898 1 0 1.000000
  0 -4.010635 -4.659369 21.537069 -1.000000 0.000000 0.000000 0.756129 0.774707 1 0 1.000000
combine_gun002
  0 -4.010635 -4.056767 19.288132 -1.000000 0.000000 0.000000 0.749310 0.749261 1 0 1.000000
  0 -4.010635 -4.659369 19.449598 -1.000000 0.000000 0.000000 0.756129 0.751088 1 0 1.000000
  0 -4.010635 -5.261970 20.493334 -1.000000 0.000000 0.000000 0.762947 0.762898 1 0 1.000000
combine_gun002
  2 -1.657761 -6.854663 58.400005 0.000000 -1.000000 0.000000 0.398039 0.748769 1 2 1.000000
  2 -2.328609 -6.854663 57.745739 0.000000 -1.000000 0.000000 0.376329 0.727595 1 2 1.000000
  2 -1.826482 -6.854663 57.880737 0.000000 -1.000000 0.000000 0.392580 0.731964 1 2 1.000000
combine_gun002
  2 -1.826482 -6.854663 57.880737 0.000000 -1.000000 0.000000 0.392580 0.731964 1 2 1.000000
  2 -2.328609 -6.854663 57.745739 0.000000 -1.000000 0.000000 0.376329 0.727595 1 2 1.000000
  2 -2.268198 -6.854663 57.559811 0.000000 -1.000000 0.000000 0.378284 0.721577 1 2 1.000000
combine_gun002
  2 -1.826482 -6.854663 58.919273 0.000000 -1.000000 0.000000 0.392580 0.765575 1 2 1.000000
  2 -2.268198 -6.854663 59.240200 0.000000 -1.000000 0.000000 0.378284 0.775961 1 2 1.000000
  2 -1.657761 -6.854663 58.400005 0.000000 -1.000000 0.000000 0.398039 0.748769 1 2 1.000000
combine_gun002
  0 -0.541822 4.768331 33.012741 0.000000 0.772946 0.634472 0.129087 0.179079 1 0 1.000000
  0 -1.662734 0.885521 36.668282 0.000000 0.685477 0.728094 0.061765 0.193955 1 0 1.000000
  0 -0.541822 0.885521 36.668282 0.000000 0.685477 0.728094 0.061765 0.179079 1 0 1.000000
combine_gun002
  0 -0.541822 4.768331 33.012741 0.000000 0.772946 0.634472 0.129087 0.179079 1 0 1.000000
  0 -1.662734 4.768331 33.012741 0.000000 0.772946 0.634472 0.129087 0.193955 1 0 1.000000
  0 -1.662734 0.885521 36.668282 0.000000 0.685477 0.728094 0.061765 0.193955 1 0 1.000000
combine_gun002
  0 -0.541822 4.768331 33.012741 0.000000 0.772946 0.634472 0.129087 0.179079 1 0 1.000000
  0 -1.663255 8.849230 26.490744 0.000000 0.847727 0.530433 0.231023 0.193962 1 0 1.000000
  0 -1.662734 4.768331 33.012741 0.000000 0.772946 0.634472 0.129087 0.193955 1 0 1.000000
combine_gun002
  0 -0.541822 4.768331 33.012741 0.000000 0.772946 0.634472 0.129087 0.179079 1 0 1.000000
  0 -0.542343 8.849230 26.490744 0.000000 0.847727 0.530433 0.231023 0.179086 1 0 1.000000
  0 -1.663255 8.849230 26.490744 0.000000 0.847727 0.530433 0.231023 0.193962 1 0 1.000000
combine_gun002
  2 5.168552 4.282619 53.975479 0.000000 1.000000 0.000000 0.109476 0.659169 1 2 1.000000
  2 5.409618 4.282619 53.557938 0.000000 1.000000 0.000000 0.095752 0.635400 1 2 1.000000
  2 4.927485 4.282619 53.557938 0.000000 1.000000 0.000000 0.123197 0.635400 1 2 1.000000
combine_gun002
  0 1.455039 -0.025768 33.152050 1.000000 0.000000 0.000000 0.935080 0.217114 1 0 1.000000
  0 1.455039 -3.831035 33.516907 1.000000 0.000000 0.000000 0.882256 0.222179 1 0 1.000000
  0 1.455039 -3.831035 21.285236 1.000000 0.000049 0.000060 0.882256 0.052380 1 0 1.000000
combine_gun002
  0 1.455039 -3.831035 21.285236 1.000000 0.000049 0.000060 0.882256 0.052380 1 0 1.000000
  0 1.455039 -0.025768 18.144255 1.000000 0.000098 0.000119 0.935080 0.008778 1 0 1.000000
  0 1.455039 -0.025768 33.152050 1.000000 0.000000 0.000000 0.935080 0.217114 1 0 1.000000
combine_gun002
  0 1.455039 -3.831035 21.285236 1.000000 0.000049 0.000060 0.882256 0.052380 1 0 1.000000
  0 1.455613 -2.051474 18.144255 1.000000 0.000098 0.000119 0.906960 0.008778 1 0 1.000000
  0 1.455039 -0.025768 18.144255 1.000000 0.000098 0.000119 0.935080 0.008778 1 0 1.000000
combine_gun002
  2 5.491176 4.472022 54.935448 0.000000 1.000000 0.000000 0.348376 0.755498 1 2 1.000000
  2 5.181033 4.472022 54.398266 0.000000 1.000000 0.000000 0.362340 0.731309 1 2 1.000000
  2 4.870890 4.472022 54.935448 0.000000 1.000000 0.000000 0.376307 0.755498 1 2 1.000000
combine_gun002
  0 0.334127 -0.025768 18.144255 -1.000000 -0.000098 -0.000119 0.823398 0.017140 1 0 1.000000
  0 0.334127 -3.831035 33.516907 -1.000000 0.000000 0.000000 0.875780 0.228755 1 0 1.000000
  0 0.334127 -0.025768 33.152050 -1.000000 0.000000 0.000000 0.823398 0.223732 1 0 1.000000
combine_gun002
  0 0.334127 -0.025768 18.144255 -1.000000 -0.000098 -0.000119 0.823398 0.017140 1 0 1.000000
  0 0.334127 -3.831035 21.285236 -1.000000 -0.000049 -0.000060 0.875780 0.060378 1 0 1.000000
  0 0.334127 -3.831035 33.516907 -1.000000 0.000000 0.000000 0.875780 0.228755 1 0 1.000000
combine_gun002
  0 0.334127 -0.025768 18.144255 -1.000000 -0.000098 -0.000119 0.823398 0.017140 1 0 1.000000
  0 0.334701 -2.051474 18.144255 -1.000000 -0.000098 -0.000119 0.851283 0.017140 1 0 1.000000
  0 0.334127 -3.831035 21.285236 -1.000000 -0.000049 -0.000060 0.875780 0.060378 1 0 1.000000
combine_gun002
  2 5.246355 5.122744 53.631718 -0.793824 0.592990 0.134930 0.160715 0.005146 1 2 1.000000
  2 5.474800 5.299500 53.309299 -0.833335 0.078803 -0.547123 0.152500 0.005100 1 2 1.000000
  2 5.048400 3.872200 53.753101 -0.833335 0.078803 -0.547123 0.198100 0.005100 1 2 1.000000
combine_gun002
  0 0.999218 0.194403 28.581724 1.000000 0.000049 0.000087 0.488840 0.499778 1 0 1.000000
  0 0.999792 1.973965 26.439320 1.000000 0.000098 0.000175 0.454227 0.471027 1 0 1.000000
  0 0.999218 3.999671 26.439320 1.000000 0.000098 0.000175 0.454227 0.438299 1 0 1.000000
combine_gun002
  0 0.999218 3.999671 26.439320 1.000000 0.000098 0.000175 0.454227 0.438299 1 0 1.000000
  0 0.999218 0.194402 40.667343 1.000000 0.000000 0.000000 0.684098 0.499778 1 0 1.000000
  0 0.999218 0.194403 28.581724 1.000000 0.000049 0.000087 0.488840 0.499778 1 0 1.000000
combine_gun002
  0 0.999218 3.999671 26.439320 1.000000 0.000098 0.000175 0.454227 0.438299 1 0 1.000000
  0 0.999218 3.999670 38.272144 1.000000 0.000000 0.000000 0.645400 0.438299 1 0 1.000000
  0 0.999218 0.194402 40.667343 1.000000 0.000000 0.000000 0.684098 0.499778 1 0 1.000000
combine_gun002
  2 5.474767 5.299503 53.309288 0.789838 0.226420 0.569991 0.152457 0.005146 1 2 1.000000
  2 5.246355 5.122744 53.631718 0.822673 0.116188 0.556515 0.160715 0.005146 1 2 1.000000
  2 5.048400 3.872200 53.753101 0.833335 -0.078803 0.547123 0.198100 0.005100 1 2 1.000000
combine_gun002
  0 -0.121694 3.999671 26.439320 -1.000000 -0.000098 -0.000175 0.454152 0.565789 1 0 1.000000
  0 -0.121694 0.194402 40.667343 -1.000000 0.000000 0.000000 0.683628 0.504416 1 0 1.000000
  0 -0.121694 3.999670 38.272144 -1.000000 0.000000 0.000000 0.644997 0.565789 1 0 1.000000
combine_gun002
  0 -0.121694 3.999671 26.439320 -1.000000 -0.000098 -0.000175 0.454152 0.565789 1 0 1.000000
  0 -0.121694 0.194403 28.581724 -1.000000 -0.000049 -0.000087 0.488706 0.504416 1 0 1.000000
  0 -0.121694 0.194402 40.667343 -1.000000 0.000000 0.000000 0.683628 0.504416 1 0 1.000000
combine_gun002
  0 -0.121694 3.999671 26.439320 -1.000000 -0.000098 -0.000175 0.454152 0.565789 1 0 1.000000
  0 -0.121120 1.973965 26.439320 -1.000000 -0.000098 -0.000175 0.454152 0.533118 1 0 1.000000
  0 -0.121694 0.194403 28.581724 -1.000000 -0.000049 -0.000087 0.488706 0.504416 1 0 1.000000
combine_gun002
  2 -2.343526 1.863957 59.008362 0.000000 0.161976 -0.986795 0.783324 0.468756 1 2 1.000000
  2 -2.960207 2.956592 59.689598 -0.951057 0.000000 -0.309016 0.765998 0.467806 1 2 1.000000
  2 -2.252812 3.564852 59.287556 0.000000 0.161976 -0.986795 0.783325 0.428419 1 2 1.000000
combine_gun002
  2 -2.842371 1.046829 59.326935 -0.951057 0.000000 -0.309016 0.764131 0.393997 1 2 1.000000
  2 -2.960207 2.956592 59.689598 -0.951057 0.000000 -0.309016 0.765998 0.467806 1 2 1.000000
  2 -2.343526 1.863957 59.008362 0.951057 0.000000 -0.309016 0.734060 0.419948 1 2 1.000000
combine_gun002
  2 -2.343526 1.863957 59.008362 0.951057 0.000000 -0.309016 0.734060 0.419948 1 2 1.000000
  2 -2.252812 3.564852 59.287556 0.951057 0.000000 -0.309016 0.735728 0.485485 1 2 1.000000
  2 -2.240016 1.046829 59.326935 0.951057 0.000000 -0.309016 0.715528 0.391992 1 2 1.000000
combine_gun002
  0 5.583171 -4.659369 21.537069 1.000000 0.000000 0.000000 0.755971 0.986841 1 0 1.000000
  0 5.583171 -2.851565 20.493334 1.000000 0.000000 0.000000 0.776849 0.974788 1 0 1.000000
  0 5.583171 -3.454166 21.537069 1.000000 0.000000 0.000000 0.769890 0.986841 1 0 1.000000
combine_gun002
  0 5.583171 -4.659369 21.537069 1.000000 0.000000 0.000000 0.755971 0.986841 1 0 1.000000
  0 5.583171 -3.454166 19.449598 1.000000 0.000000 0.000000 0.769890 0.962734 1 0 1.000000
  0 5.583171 -2.851565 20.493334 1.000000 0.000000 0.000000 0.776849 0.974788 1 0 1.000000
combine_gun002
  0 5.583171 -4.659369 21.537069 1.000000 0.000000 0.000000 0.755971 0.986841 1 0 1.000000
  0 5.583171 -4.659369 19.449598 1.000000 0.000000 0.000000 0.755971 0.962734 1 0 1.000000
  0 5.583171 -3.454166 19.449598 1.000000 0.000000 0.000000 0.769890 0.962734 1 0 1.000000
combine_gun002
  0 5.583171 -4.659369 21.537069 1.000000 0.000000 0.000000 0.755971 0.986841 1 0 1.000000
  0 5.583171 -5.261970 20.493334 1.000000 0.000000 0.000000 0.749012 0.974788 1 0 1.000000
  0 5.583171 -4.659369 19.449598 1.000000 0.000000 0.000000 0.755971 0.962734 1 0 1.000000
combine_gun002
  2 -3.058694 1.863958 58.024021 0.580023 0.161975 0.798334 0.840473 0.468756 1 2 1.000000
  2 -2.960200 2.956600 57.110401 0.941893 0.161399 0.294598 0.854800 0.428400 1 2 1.000000
  2 -3.296187 3.564852 57.851471 0.580023 0.161975 0.798334 0.840472 0.428419 1 2 1.000000
combine_gun002
  0 1.373637 2.742489 35.664116 1.000000 0.000000 0.000000 0.710142 0.987137 1 0 1.000000
  0 1.373637 3.947693 34.458916 1.000000 0.000000 0.000000 0.723684 0.973594 1 0 1.000000
  0 1.373637 3.345091 35.502651 1.000000 0.000000 0.000000 0.716913 0.985322 1 0 1.000000
combine_gun002
  0 1.373637 2.742489 35.664116 1.000000 0.000000 0.000000 0.710142 0.987137 1 0 1.000000
  0 1.373637 3.345092 33.415176 1.000000 0.000000 0.000000 0.716913 0.961866 1 0 1.000000
  0 1.373637 3.947693 34.458916 1.000000 0.000000 0.000000 0.723684 0.973594 1 0 1.000000
combine_gun002
  0 1.373637 2.742489 35.664116 1.000000 0.000000 0.000000 0.710142 0.987137 1 0 1.000000
  0 1.373637 2.742490 33.253712 1.000000 0.000000 0.000000 0.710142 0.960052 1 0 1.000000
  0 1.373637 3.345092 33.415176 1.000000 0.000000 0.000000 0.716913 0.961866 1 0 1.000000
combine_gun002
  0 1.373637 2.742489 35.664116 1.000000 0.000000 0.000000 0.710142 0.987137 1 0 1.000000
  0 1.373637 1.698755 33.856312 1.000000 0.000000 0.000000 0.698413 0.966823 1 0 1.000000
  0 1.373637 2.742490 33.253712 1.000000 0.000000 0.000000 0.710142 0.960052 1 0 1.000000
combine_gun002
  0 1.373637 2.742489 35.664116 1.000000 0.000000 0.000000 0.710142 0.987137 1 0 1.000000
  0 1.373637 1.698754 35.061516 1.000000 0.000000 0.000000 0.698413 0.980365 1 0 1.000000
  0 1.373637 1.698755 33.856312 1.000000 0.000000 0.000000 0.698413 0.966823 1 0 1.000000
combine_gun002
  2 -3.058694 1.863957 58.775993 0.938498 0.161975 -0.304936 0.811898 0.468756 1 2 1.000000
  2 -3.897200 2.956600 58.400002 0.571194 0.161398 -0.804791 0.826200 0.428400 1 2 1.000000
  2 -3.296187 3.564852 58.948540 0.938498 0.161975 -0.304936 0.811899 0.428419 1 2 1.000000
combine_gun002
  0 -3.034600 -13.699900 9.268000 -0.044301 0.741210 -0.669809 0.900800 0.296900 1 0 1.000000
  0 -2.852500 -13.020000 10.565000 0.759728 0.645924 -0.074803 0.932600 0.305500 1 0 1.000000
  0 -3.553945 -13.779105 10.995821 0.779131 -0.529989 0.334764 0.924207 0.328297 1 0 1.000000
combine_gun002
  0 -3.553945 -13.779105 10.995821 0.779131 -0.529989 0.334764 0.924207 0.328297 1 0 1.000000
  0 -5.398900 -20.288300 3.735200 0.749520 0.442212 -0.492613 0.700400 0.317600 1 0 1.000000
  0 -3.034600 -13.699900 9.268000 -0.044301 0.741210 -0.669809 0.900800 0.296900 1 0 1.000000
combine_gun002
  0 -3.553945 -13.779105 10.995821 0.779131 -0.529989 0.334764 0.924207 0.328297 1 0 1.000000
  0 -5.950356 -20.833614 4.232406 0.795007 -0.530992 0.293277 0.697094 0.337118 1 0 1.000000
  0 -5.398900 -20.288300 3.735200 0.749520 0.442212 -0.492613 0.700400 0.317600 1 0 1.000000
combine_gun002
  0 -5.950356 -20.833614 4.232406 0.795007 -0.530992 0.293277 0.697094 0.337118 1 0 1.000000
  0 -5.677046 -21.691088 2.056669 0.805101 -0.510341 0.302264 0.650931 0.311832 1 0 1.000000
  0 -5.398900 -20.288300 3.735200 0.749520 0.442212 -0.492613 0.700400 0.317600 1 0 1.000000
combine_gun002
  0 -5.950356 -20.833614 4.232406 0.795007 -0.530992 0.293277 0.697094 0.337118 1 0 1.000000
  0 -6.099891 -22.145605 2.466398 0.805101 -0.510341 0.302264 0.648285 0.327351 1 0 1.000000
  0 -5.677046 -21.691088 2.056669 0.805101 -0.510341 0.302264 0.650931 0.311832 1 0 1.000000
combine_gun002
  2 -2.343526 1.863958 57.791649 -0.580023 0.161975 0.798334 0.869046 0.468756 1 2 1.000000
  2 -1.444200 2.956600 57.603001 0.010900 0.161405 0.986828 0.883300 0.428400 1 2 1.000000
  2 -2.252812 3.564852 57.512459 -0.580023 0.161975 0.798334 0.869046 0.428419 1 2 1.000000
combine_gun002
  2 -3.058694 1.863958 58.024021 0.000000 1.000000 0.000000 0.625674 0.951298 1 2 1.000000
  2 -1.901528 1.863958 58.400005 0.000000 1.000000 0.000000 0.591631 0.962359 1 2 1.000000
  2 -2.343526 1.863958 57.791649 0.000000 1.000000 0.000000 0.604635 0.944462 1 2 1.000000
combine_gun002
  2 -3.058694 1.863958 58.024021 0.000000 1.000000 0.000000 0.625674 0.951298 1 2 1.000000
  2 -2.343526 1.863957 59.008362 0.000000 1.000000 0.000000 0.604635 0.980256 1 2 1.000000
  2 -1.901528 1.863958 58.400005 0.000000 1.000000 0.000000 0.591631 0.962359 1 2 1.000000
combine_gun002
  2 -3.058694 1.863958 58.024021 0.000000 1.000000 0.000000 0.625674 0.951298 1 2 1.000000
  2 -3.058694 1.863957 58.775993 0.000000 1.000000 0.000000 0.625674 0.973420 1 2 1.000000
  2 -2.343526 1.863957 59.008362 0.000000 1.000000 0.000000 0.604635 0.980256 1 2 1.000000
combine_gun002
  2 -1.901528 1.863958 58.400005 -0.938498 0.161975 -0.304936 0.897620 0.468756 1 2 1.000000
  2 -1.444200 2.956600 59.196999 -0.935170 0.161395 0.315290 0.911900 0.428400 1 2 1.000000
  2 -1.607971 3.564852 58.400005 -0.938498 0.161975 -0.304936 0.897620 0.428419 1 2 1.000000
combine_gun002
  1 0.743613 -9.825221 49.938797 0.000000 -0.836126 -0.548538 0.969246 0.644582 1 1 1.000000
  1 1.002359 -9.429124 49.335033 0.000000 -0.836126 -0.548538 0.974622 0.630358 1 1 1.000000
  1 1.237828 -9.680513 49.718224 0.000000 -0.836126 -0.548538 0.979515 0.639386 1 1 1.000000
combine_gun002
  2 -2.842371 1.046829 57.473076 0.951057 0.000000 -0.309016 0.168245 0.005146 1 2 1.000000
  2 -2.960207 2.956594 57.110416 0.951057 0.000000 -0.309016 0.264674 0.005146 1 2 1.000000
  2 -3.058700 1.864000 58.023998 0.343101 0.092800 0.934703 0.209500 0.005100 1 2 1.000000
combine_gun002
  1 0.743613 -9.849314 51.165688 0.000000 -0.019634 0.999807 0.073799 0.609929 1 1 1.000000
  1 1.496574 -9.465220 51.173229 0.000000 -0.019634 0.999807 0.102558 0.624602 1 1 1.000000
  1 0.743613 -9.465220 51.173229 0.000000 -0.019634 0.999807 0.073799 0.624602 1 1 1.000000
combine_gun002
  2 -3.058694 1.863958 58.024021 -0.587785 0.000000 0.809017 0.891082 0.668548 1 2 1.000000
  2 -3.296187 3.564852 57.851471 -0.587785 0.000000 0.809017 0.822707 0.670622 1 2 1.000000
  2 -3.329686 1.046829 57.827133 -0.587785 0.000000 0.809017 0.920157 0.649067 1 2 1.000000
combine_gun002
  2 -1.752702 1.046829 57.827133 0.587785 0.000000 0.809017 0.027600 0.503984 1 2 1.000000
  2 -1.444203 2.956592 57.602997 0.587785 0.000000 0.809017 0.027659 0.584961 1 2 1.000000
  2 -2.343500 1.864000 57.791599 -0.782894 0.092799 0.615195 0.007300 0.534600 1 2 1.000000
combine_gun002
  2 5.491176 4.472022 54.935448 1.000000 0.000000 0.000000 0.103173 0.586784 1 2 1.000000
  2 4.870890 4.472022 54.935448 -1.000000 0.000000 0.000000 0.081739 0.586784 1 2 1.000000
  2 5.181033 2.194939 55.114510 0.500000 0.000000 0.866025 0.108532 0.632797 1 2 1.000000
combine_gun002
  2 5.491176 4.472022 54.935448 1.000000 0.000000 0.000000 0.103173 0.586784 1 2 1.000000
  2 5.181033 2.194939 55.114510 0.500000 0.000000 0.866025 0.108532 0.632797 1 2 1.000000
  2 5.491176 2.194939 54.577328 1.000000 0.000000 0.000000 0.097815 0.632797 1 2 1.000000
combine_gun002
  2 5.181033 4.472022 54.398266 -0.500000 0.000000 -0.866025 0.092456 0.586784 1 2 1.000000
  2 5.491176 4.472022 54.935448 1.000000 0.000000 0.000000 0.103173 0.586784 1 2 1.000000
  2 5.491176 2.194939 54.577328 1.000000 0.000000 0.000000 0.097815 0.632797 1 2 1.000000
combine_gun002
  2 5.181033 4.472022 54.398266 -0.500000 0.000000 -0.866025 0.092456 0.586784 1 2 1.000000
  2 5.491176 2.194939 54.577328 1.000000 0.000000 0.000000 0.097815 0.632797 1 2 1.000000
  2 4.870890 2.194939 54.577328 -1.000000 0.000000 0.000000 0.087097 0.632797 1 2 1.000000
combine_gun002
  2 4.870890 4.472022 54.935448 -1.000000 0.000000 0.000000 0.081739 0.586784 1 2 1.000000
  2 5.181033 4.472022 54.398266 -0.500000 0.000000 -0.866025 0.092456 0.586784 1 2 1.000000
  2 4.870890 2.194939 54.577328 -1.000000 0.000000 0.000000 0.087097 0.632797 1 2 1.000000
combine_gun002
  2 4.870890 4.472022 54.935448 -1.000000 0.000000 0.000000 0.081739 0.586784 1 2 1.000000
  2 4.870890 2.194939 54.577328 -1.000000 0.000000 0.000000 0.087097 0.632797 1 2 1.000000
  2 5.181033 2.194939 55.114510 -0.500000 0.000000 0.866025 0.076380 0.632797 1 2 1.000000
combine_gun002
  2 -3.515824 1.046829 58.400005 0.000000 0.000000 -1.000000 0.366515 0.652828 1 2 1.000000
  2 -3.897150 2.956592 58.400005 0.000000 0.000000 -1.000000 0.345449 0.758325 1 2 1.000000
  2 -3.058694 1.863957 58.775993 0.587785 0.000000 0.809017 0.391769 0.697966 1 2 1.000000
combine_gun002
  2 -3.058694 1.863957 58.775993 0.587785 0.000000 0.809017 0.391769 0.697966 1 2 1.000000
  2 -3.296187 3.564852 58.948540 0.587785 0.000000 0.809017 0.378647 0.791926 1 2 1.000000
  2 -3.329686 1.046829 58.972878 0.587785 0.000000 0.809017 0.376799 0.652828 1 2 1.000000
combine_gun002
  2 -1.752702 1.046829 58.972878 -0.587785 0.000000 0.809017 0.687817 0.561215 1 2 1.000000
  2 -1.444203 2.956592 59.197018 -0.587785 0.000000 0.809017 0.629552 0.608626 1 2 1.000000
  2 -1.901500 1.864000 58.400002 -0.826995 0.092799 -0.554497 0.653900 0.564500 1 2 1.000000
combine_gun002
  2 -2.343526 1.863958 57.791649 -0.951057 0.000000 -0.309016 0.209503 0.005146 1 2 1.000000
  2 -2.252812 3.564852 57.512459 -0.951057 0.000000 -0.309016 0.295386 0.005146 1 2 1.000000
  2 -2.240016 1.046829 57.473076 -0.951057 0.000000 -0.309016 0.168245 0.005146 1 2 1.000000
combine_gun002
  2 -1.901528 1.863958 58.400005 0.000000 0.000000 -1.000000 0.066381 0.548875 1 2 1.000000
  2 -1.607971 3.564852 58.400005 0.000000 0.000000 -1.000000 0.079837 0.626855 1 2 1.000000
  2 -1.566564 1.046829 58.400005 0.000000 0.000000 -1.000000 0.081737 0.511413 1 2 1.000000
combine_gun002
  2 5.431520 2.344426 59.781879 0.000000 -1.000000 0.000000 0.838045 0.749739 1 2 1.000000
  2 6.012114 2.344426 57.994999 0.000000 -1.000000 0.000000 0.853548 0.702028 1 2 1.000000
  2 6.012114 2.344426 58.982761 0.000000 -1.000000 0.000000 0.853548 0.728402 1 2 1.000000
combine_gun002
  2 5.431520 2.344426 59.781879 0.000000 -1.000000 0.000000 0.838045 0.749739 1 2 1.000000
  2 5.431520 2.344427 57.195881 0.000000 -1.000000 0.000000 0.838045 0.680691 1 2 1.000000
  2 6.012114 2.344426 57.994999 0.000000 -1.000000 0.000000 0.853548 0.702028 1 2 1.000000
combine_gun002
  2 5.431520 2.344426 59.781879 0.000000 -1.000000 0.000000 0.838045 0.749739 1 2 1.000000
  2 4.492101 2.344427 56.890644 0.000000 -1.000000 0.000000 0.812963 0.672541 1 2 1.000000
  2 5.431520 2.344427 57.195881 0.000000 -1.000000 0.000000 0.838045 0.680691 1 2 1.000000
combine_gun002
  2 5.431520 2.344426 59.781879 0.000000 -1.000000 0.000000 0.838045 0.749739 1 2 1.000000
  2 3.552683 2.344427 57.195881 0.000000 -1.000000 0.000000 0.787879 0.680691 1 2 1.000000
  2 4.492101 2.344427 56.890644 0.000000 -1.000000 0.000000 0.812963 0.672541 1 2 1.000000
combine_gun002
  2 5.431520 2.344426 59.781879 0.000000 -1.000000 0.000000 0.838045 0.749739 1 2 1.000000
  2 3.552683 2.344426 59.781879 0.000000 -1.000000 0.000000 0.787879 0.749739 1 2 1.000000
  2 3.552683 2.344427 57.195881 0.000000 -1.000000 0.000000 0.787879 0.680691 1 2 1.000000
combine_gun002
  2 5.431520 2.344426 59.781879 0.000000 -1.000000 0.000000 0.838045 0.749739 1 2 1.000000
  2 4.492101 2.344426 60.087116 0.000000 -1.000000 0.000000 0.812963 0.757889 1 2 1.000000
  2 3.552683 2.344426 59.781879 0.000000 -1.000000 0.000000 0.787879 0.749739 1 2 1.000000
combine_gun002
  2 6.012114 4.220089 57.994999 0.000000 1.000000 0.000000 0.611027 0.631850 1 2 1.000000
  2 5.431520 4.220089 59.781879 0.000000 1.000000 0.000000 0.626823 0.680463 1 2 1.000000
  2 6.012114 4.220088 58.982761 0.000000 1.000000 0.000000 0.611027 0.658723 1 2 1.000000
combine_gun002
  2 6.012114 4.220089 57.994999 0.000000 1.000000 0.000000 0.611027 0.631850 1 2 1.000000
  2 4.492101 4.220089 60.087116 0.000000 1.000000 0.000000 0.652380 0.688767 1 2 1.000000
  2 5.431520 4.220089 59.781879 0.000000 1.000000 0.000000 0.626823 0.680463 1 2 1.000000
combine_gun002
  2 6.012114 4.220089 57.994999 0.000000 1.000000 0.000000 0.611027 0.631850 1 2 1.000000
  2 3.552683 4.220089 59.781879 0.000000 1.000000 0.000000 0.677938 0.680463 1 2 1.000000
  2 4.492101 4.220089 60.087116 0.000000 1.000000 0.000000 0.652380 0.688767 1 2 1.000000
combine_gun002
  2 6.012114 4.220089 57.994999 0.000000 1.000000 0.000000 0.611027 0.631850 1 2 1.000000
  2 3.552683 4.220089 57.195881 0.000000 1.000000 0.000000 0.677938 0.610109 1 2 1.000000
  2 3.552683 4.220089 59.781879 0.000000 1.000000 0.000000 0.677938 0.680463 1 2 1.000000
combine_gun002
  2 6.012114 4.220089 57.994999 0.000000 1.000000 0.000000 0.611027 0.631850 1 2 1.000000
  2 4.492101 4.220089 56.890644 0.000000 1.000000 0.000000 0.652380 0.601805 1 2 1.000000
  2 3.552683 4.220089 57.195881 0.000000 1.000000 0.000000 0.677938 0.610109 1 2 1.000000
combine_gun002
  2 6.012114 4.220089 57.994999 0.000000 1.000000 0.000000 0.611027 0.631850 1 2 1.000000
  2 5.431520 4.220089 57.195881 0.000000 1.000000 0.000000 0.626823 0.610109 1 2 1.000000
  2 4.492101 4.220089 56.890644 0.000000 1.000000 0.000000 0.652380 0.601805 1 2 1.000000
end
