// Created by Crowbar 0.74
version 1
nodes
  0 "ValveBiped.Bip01_Spine4" -1
  1 "ValveBiped.Bip01_L_Clavicle" 0
  2 "ValveBiped.Bip01_L_UpperArm" 1
  3 "ValveBiped.Bip01_L_Forearm" 2
  4 "ValveBiped.Bip01_L_Hand" 3
  5 "ValveBiped.Bip01_L_Finger4" 4
  6 "ValveBiped.Bip01_L_Finger41" 5
  7 "ValveBiped.Bip01_L_Finger42" 6
  8 "ValveBiped.Bip01_L_Finger3" 4
  9 "ValveBiped.Bip01_L_Finger31" 8
  10 "ValveBiped.Bip01_L_Finger32" 9
  11 "ValveBiped.Bip01_L_Finger2" 4
  12 "ValveBiped.Bip01_L_Finger21" 11
  13 "ValveBiped.Bip01_L_Finger22" 12
  14 "ValveBiped.Bip01_L_Finger1" 4
  15 "ValveBiped.Bip01_L_Finger11" 14
  16 "ValveBiped.Bip01_L_Finger12" 15
  17 "ValveBiped.Bip01_L_Finger0" 4
  18 "ValveBiped.Bip01_L_Finger01" 17
  19 "ValveBiped.Bip01_L_Finger02" 18
  20 "ValveBiped.Bip01_R_Clavicle" 0
  21 "ValveBiped.Bip01_R_UpperArm" 20
  22 "ValveBiped.Bip01_R_Forearm" 21
  23 "ValveBiped.Bip01_R_Hand" 22
  24 "ValveBiped.Bip01_R_Finger4" 23
  25 "ValveBiped.Bip01_R_Finger41" 24
  26 "ValveBiped.Bip01_R_Finger42" 25
  27 "ValveBiped.Bip01_R_Finger3" 23
  28 "ValveBiped.Bip01_R_Finger31" 27
  29 "ValveBiped.Bip01_R_Finger32" 28
  30 "ValveBiped.Bip01_R_Finger2" 23
  31 "ValveBiped.Bip01_R_Finger21" 30
  32 "ValveBiped.Bip01_R_Finger22" 31
  33 "ValveBiped.Bip01_R_Finger1" 23
  34 "ValveBiped.Bip01_R_Finger11" 33
  35 "ValveBiped.Bip01_R_Finger12" 34
  36 "ValveBiped.Bip01_R_Finger0" 23
  37 "ValveBiped.Bip01_R_Finger01" 36
  38 "ValveBiped.Bip01_R_Finger02" 37
  39 "ValveBiped.square" 23
  40 "ValveBiped.clip" 23
end
skeleton
  time 0
    0 0.000006 0.000000 0.000000 -1.570798 -1.391899 -1.570794
    1 2.033349 1.000767 1.937660 1.596637 -1.286515 2.942961
    2 6.028141 0.000000 0.000000 -1.579613 0.047802 -0.585173
    3 11.692554 0.000001 0.000002 0.000000 0.000000 -0.060372
    4 11.481674 0.000001 -0.000032 1.573183 -0.106613 0.044193
    5 3.859709 -0.142404 -1.191975 -0.468133 0.151533 -0.880197
    6 1.312555 -0.000002 0.000001 0.000000 0.000000 -0.439720
    7 0.729363 -0.000002 -0.000002 0.000000 0.000000 -0.244299
    8 3.942335 0.046767 -0.431443 -0.151780 0.073206 -0.810985
    9 1.539097 0.000000 0.000000 0.000000 0.000000 -0.247797
    10 1.196326 -0.000002 -0.000001 0.000000 0.000000 -0.430802
    11 3.883696 -0.046765 0.431443 0.085902 0.021830 -0.587867
    12 1.719570 -0.000004 -0.000001 0.000000 0.005516 -0.366478
    13 1.209171 -0.000002 0.000000 0.000000 0.003084 -0.216400
    14 3.859865 -0.137947 1.332466 0.354449 -0.042750 -0.531718
    15 1.719429 0.000002 -0.000001 0.000000 0.004074 -0.363009
    16 1.099665 0.000000 0.000000 0.000000 0.002596 -0.244331
    17 0.806053 -0.348925 1.321258 -1.222677 -0.679213 -0.788819
    18 1.789780 -0.000002 0.000002 0.000000 0.000000 0.228523
    19 1.207006 0.000000 0.000000 0.000000 0.000000 0.362860
    20 2.033356 1.000772 -1.937610 -1.668474 1.286518 2.942953
    21 6.028144 0.000000 0.000000 1.639479 -0.008065 -0.586846
    22 11.692554 0.000001 0.000003 0.000000 0.000000 -0.060372
    23 11.481697 0.000001 0.000002 -1.564937 0.106606 0.044193
    24 3.859678 -0.132570 1.193109 0.466236 -0.158066 -0.878825
    25 1.312557 -0.000002 0.000001 0.000000 0.000000 -0.439672
    26 0.729365 0.000002 -0.000002 0.000000 0.000000 -0.244271
    27 3.942305 0.050327 0.431044 0.150078 -0.079191 -0.810205
    28 1.539099 -0.000002 0.000000 0.000000 0.000000 -0.247771
    29 1.196321 0.000008 0.000000 0.000000 0.000000 -0.430761
    30 3.883661 -0.050323 -0.431042 -0.085905 -0.026404 -0.587695
    31 1.719578 0.000004 0.000000 0.000000 -0.007974 -0.366436
    32 1.209185 0.000002 0.000000 0.000000 -0.004461 -0.216376
    33 3.859838 -0.148937 -1.331282 -0.354419 0.038567 -0.532001
    34 1.719423 0.000002 0.000000 0.000000 -0.006613 -0.362970
    35 1.099667 0.000002 0.000000 0.000000 -0.004211 -0.244312
    36 0.806021 -0.359837 -1.318334 1.221410 0.673635 -0.793558
    37 1.789782 0.000000 -0.000004 0.000000 0.000000 0.228555
    38 1.206999 0.000003 0.000002 0.000000 0.000000 0.362905
    39 6.104525 -1.468680 -3.530283 -1.564198 -0.011689 -1.581440
    40 3.820738 -1.409994 -0.589409 -1.564198 -0.011689 -1.581440
end
triangles
v_pistol_sheet
  23 -24.555698 0.444404 -21.775623 -0.138441 0.190510 -0.971875 0.614205 0.038076 1 23 1.000000
  23 -24.665621 0.588170 -21.731781 -0.138441 0.190510 -0.971875 0.608270 0.022203 1 23 1.000000
  23 -24.316694 0.569209 -21.785202 -0.138441 0.190510 -0.971875 0.631948 0.023705 1 23 1.000000
v_pistol_sheet
  39 -25.898764 -3.734270 -22.031317 0.682721 -0.175251 -0.709351 0.037076 0.269601 1 39 1.000000
  39 -23.474091 -4.166756 -19.590820 0.682721 -0.175251 -0.709351 0.222946 0.283860 1 39 1.000000
  39 -25.940954 -4.038476 -21.996767 0.682720 -0.175253 -0.709351 0.037358 0.283860 1 39 1.000000
v_pistol_sheet
  39 -23.474091 -4.166756 -19.590820 0.682721 -0.175251 -0.709351 0.222946 0.283860 1 39 1.000000
  39 -25.898764 -3.734270 -22.031317 0.682721 -0.175251 -0.709351 0.037076 0.269601 1 39 1.000000
  39 -23.382484 -3.865116 -19.577177 0.682722 -0.175249 -0.709351 0.226382 0.269601 1 39 1.000000
v_pistol_sheet
  39 -23.682068 -4.804646 -20.248564 0.698678 0.026011 -0.714964 0.191516 0.353152 1 39 1.000000
  39 -25.731955 -4.351998 -22.235289 0.698678 0.026011 -0.714964 0.037076 0.330815 1 39 1.000000
  39 -23.325239 -4.477139 -19.887890 0.698687 0.026114 -0.714951 0.218143 0.330807 1 39 1.000000
v_pistol_sheet
  39 -23.682068 -4.804646 -20.248564 0.698678 0.026011 -0.714964 0.191516 0.353152 1 39 1.000000
  39 -23.325239 -4.477139 -19.887890 0.698687 0.026114 -0.714951 0.218143 0.330807 1 39 1.000000
  39 -23.380793 -4.871175 -19.956573 0.679405 0.270180 -0.682211 0.214214 0.356434 1 39 1.000000
v_pistol_sheet
  39 -25.731955 -4.351998 -22.235289 0.698678 0.026011 -0.714964 0.037076 0.330815 1 39 1.000000
  39 -23.682068 -4.804646 -20.248564 0.698678 0.026011 -0.714964 0.191516 0.353152 1 39 1.000000
  39 -23.380793 -4.871175 -19.956573 0.679405 0.270180 -0.682211 0.214214 0.356434 1 39 1.000000
v_pistol_sheet
  39 -25.731955 -4.351998 -22.235289 0.698678 0.026011 -0.714964 0.037076 0.330815 1 39 1.000000
  39 -23.380793 -4.871175 -19.956573 0.679405 0.270180 -0.682211 0.214214 0.356434 1 39 1.000000
  39 -25.735340 -4.748921 -22.252979 0.613249 0.511928 -0.601544 0.037076 0.356446 1 39 1.000000
v_pistol_sheet
  39 -23.368759 -4.914918 -20.007410 0.373026 0.864598 -0.336634 0.212856 0.363095 1 39 1.000000
  39 -25.735340 -4.748921 -22.252979 0.613249 0.511928 -0.601544 0.037076 0.356446 1 39 1.000000
  39 -23.380793 -4.871175 -19.956573 0.679405 0.270180 -0.682211 0.214214 0.356434 1 39 1.000000
v_pistol_sheet
  39 -25.735340 -4.748921 -22.252979 0.613249 0.511928 -0.601544 0.037076 0.356446 1 39 1.000000
  39 -23.368759 -4.914918 -20.007410 0.373026 0.864598 -0.336634 0.212856 0.363095 1 39 1.000000
  39 -25.704672 -4.794671 -22.286863 0.195143 0.969415 -0.148838 0.037076 0.363249 1 39 1.000000
v_pistol_sheet
  39 -23.216619 -4.911581 -20.163227 0.015649 0.999205 0.036674 0.212856 0.381731 1 39 1.000000
  39 -25.704672 -4.794671 -22.286863 0.195143 0.969415 -0.148838 0.037076 0.363249 1 39 1.000000
  39 -23.368759 -4.914918 -20.007410 0.373026 0.864598 -0.336634 0.212856 0.363095 1 39 1.000000
v_pistol_sheet
  39 -25.704672 -4.794671 -22.286863 0.195143 0.969415 -0.148838 0.037076 0.363249 1 39 1.000000
  39 -23.216619 -4.911581 -20.163227 0.015649 0.999205 0.036674 0.212856 0.381731 1 39 1.000000
  39 -25.553728 -4.791360 -22.441452 0.015649 0.999205 0.036674 0.037076 0.381738 1 39 1.000000
v_pistol_sheet
  39 -23.474091 -4.166756 -19.590820 -0.015927 -0.999190 -0.036945 0.222946 0.283860 1 39 1.000000
  39 -23.547218 -4.168371 -19.515625 -0.015927 -0.999190 -0.036945 0.222957 0.274884 1 39 1.000000
  39 -25.940954 -4.038476 -21.996767 -0.015927 -0.999190 -0.036945 0.037358 0.283860 1 39 1.000000
v_pistol_sheet
  39 -23.547218 -4.168371 -19.515625 -0.015927 -0.999190 -0.036945 0.222957 0.274884 1 39 1.000000
  39 -26.014235 -4.040082 -21.921719 -0.015927 -0.999190 -0.036945 0.037358 0.274884 1 39 1.000000
  39 -25.940954 -4.038476 -21.996767 -0.015927 -0.999190 -0.036945 0.037358 0.283860 1 39 1.000000
v_pistol_sheet
  39 -23.052631 -4.134437 -20.645664 -0.698539 -0.015318 0.715408 0.718174 0.776459 1 39 1.000000
  39 -22.751680 -4.236629 -20.353998 -0.698539 -0.015318 0.715408 0.762800 0.783438 1 39 1.000000
  39 -22.740789 -4.150686 -20.341526 -0.698539 -0.015318 0.715408 0.766000 0.776068 1 39 1.000000
v_pistol_sheet
  39 -25.916870 -4.356224 -22.045912 0.015568 0.999183 0.037289 0.037076 0.308176 1 39 1.000000
  39 -23.325239 -4.477139 -19.887890 0.015568 0.999183 0.037289 0.218143 0.330807 1 39 1.000000
  39 -25.731955 -4.351998 -22.235289 0.015472 0.999180 0.037403 0.037076 0.330815 1 39 1.000000
v_pistol_sheet
  39 -23.325239 -4.477139 -19.887890 0.015568 0.999183 0.037289 0.218143 0.330807 1 39 1.000000
  39 -25.916870 -4.356224 -22.045912 0.015568 0.999183 0.037289 0.037076 0.308176 1 39 1.000000
  39 -23.490540 -4.482301 -19.679497 0.015663 0.999186 0.037175 0.219615 0.308170 1 39 1.000000
v_pistol_sheet
  39 -25.947206 -4.195189 -22.006226 0.690882 0.186460 -0.698509 0.037076 0.293848 1 39 1.000000
  39 -23.490540 -4.482301 -19.679497 0.678538 0.270115 -0.683099 0.219615 0.308170 1 39 1.000000
  39 -25.916870 -4.356224 -22.045912 0.675156 0.293921 -0.676591 0.037076 0.308176 1 39 1.000000
v_pistol_sheet
  39 -23.490540 -4.482301 -19.679497 0.678538 0.270115 -0.683099 0.219615 0.308170 1 39 1.000000
  39 -25.947206 -4.195189 -22.006226 0.690882 0.186460 -0.698509 0.037076 0.293848 1 39 1.000000
  39 -23.490419 -4.252827 -19.597422 0.695592 0.131494 -0.706301 0.222242 0.288678 1 39 1.000000
v_pistol_sheet
  39 -25.947206 -4.195189 -22.006226 0.690882 0.186460 -0.698509 0.037076 0.293848 1 39 1.000000
  39 -25.942327 -4.124619 -21.999952 0.700200 0.015056 -0.713788 0.037358 0.289344 1 39 1.000000
  39 -23.490419 -4.252827 -19.597422 0.695592 0.131494 -0.706301 0.222242 0.288678 1 39 1.000000
v_pistol_sheet
  39 -25.898764 -3.734270 -22.031317 0.015926 0.999190 0.036944 0.037076 0.269601 1 39 1.000000
  39 -23.513092 -3.867977 -19.443413 0.015926 0.999190 0.036944 0.226382 0.253603 1 39 1.000000
  39 -23.382484 -3.865116 -19.577177 0.015926 0.999190 0.036944 0.226382 0.269601 1 39 1.000000
v_pistol_sheet
  39 -23.513092 -3.867977 -19.443413 0.015926 0.999190 0.036944 0.226382 0.253603 1 39 1.000000
  39 -25.898764 -3.734270 -22.031317 0.015926 0.999190 0.036944 0.037076 0.269601 1 39 1.000000
  39 -26.234056 -3.723866 -22.168077 0.015926 0.999190 0.036944 0.019010 0.257946 1 39 1.000000
v_pistol_sheet
  39 -22.663607 -3.857172 -20.388046 -0.029484 0.998744 -0.040516 0.771760 0.740513 1 39 1.000000
  39 -22.804794 -3.852448 -20.168816 -0.014291 0.999791 -0.014591 0.781642 0.769194 1 39 1.000000
  39 -22.663332 -3.849344 -20.313692 -0.127496 0.986437 -0.103373 0.778480 0.745702 1 39 1.000000
v_pistol_sheet
  39 -22.931166 -3.832707 -20.648195 0.033602 0.998914 0.032268 0.730963 0.740000 1 39 1.000000
  39 -22.804794 -3.852448 -20.168816 -0.014291 0.999791 -0.014591 0.781642 0.769194 1 39 1.000000
  39 -22.663607 -3.857172 -20.388046 -0.029484 0.998744 -0.040516 0.771760 0.740513 1 39 1.000000
v_pistol_sheet
  39 -22.804794 -3.852448 -20.168816 -0.014291 0.999791 -0.014591 0.781642 0.769194 1 39 1.000000
  39 -22.931166 -3.832707 -20.648195 0.033602 0.998914 0.032268 0.730963 0.740000 1 39 1.000000
  39 -23.109278 -3.836615 -20.465784 0.015919 0.999191 0.036938 0.734944 0.769580 1 39 1.000000
v_pistol_sheet
  39 -23.109278 -3.836615 -20.465784 0.015919 0.999191 0.036938 0.734944 0.769580 1 39 1.000000
  39 -22.931166 -3.832707 -20.648195 0.033602 0.998914 0.032268 0.730963 0.740000 1 39 1.000000
  39 -23.429899 -3.806781 -21.134712 0.015925 0.999191 0.036941 0.654464 0.740624 1 39 1.000000
v_pistol_sheet
  39 -23.109278 -3.836615 -20.465784 0.015919 0.999191 0.036938 0.734944 0.769580 1 39 1.000000
  39 -23.429899 -3.806781 -21.134712 0.015925 0.999191 0.036941 0.654464 0.740624 1 39 1.000000
  39 -23.608105 -3.810687 -20.952293 0.015921 0.999191 0.036940 0.658440 0.770212 1 39 1.000000
v_pistol_sheet
  39 -23.608105 -3.810687 -20.952293 0.015921 0.999191 0.036940 0.658440 0.770212 1 39 1.000000
  39 -23.429899 -3.806781 -21.134712 0.015925 0.999191 0.036941 0.654464 0.740624 1 39 1.000000
  39 -25.321075 -3.721601 -22.622961 0.015931 0.999190 0.036945 0.395727 0.772379 1 39 1.000000
v_pistol_sheet
  39 -25.383245 -3.705194 -23.039856 0.015933 0.999190 0.036943 0.354882 0.743092 1 39 1.000000
  39 -25.321075 -3.721601 -22.622961 0.015931 0.999190 0.036945 0.395727 0.772379 1 39 1.000000
  39 -23.429899 -3.806781 -21.134712 0.015925 0.999191 0.036941 0.654464 0.740624 1 39 1.000000
v_pistol_sheet
  23 -23.779739 -3.717296 -21.600719 0.151825 -0.950716 -0.270348 0.831387 0.972807 1 23 1.000000
  23 -23.407991 -3.743634 -21.299324 0.151825 -0.950716 -0.270348 0.902099 0.965622 1 23 1.000000
  23 -23.373991 -3.761281 -21.214676 0.151825 -0.950716 -0.270348 0.910601 0.967059 1 23 1.000000
v_pistol_sheet
  23 -23.779739 -3.717296 -21.600719 0.151825 -0.950716 -0.270348 0.831387 0.972807 1 23 1.000000
  23 -23.720079 -3.705998 -21.603443 0.151825 -0.950716 -0.270348 0.857908 0.963457 1 23 1.000000
  23 -23.407991 -3.743634 -21.299324 0.151825 -0.950716 -0.270348 0.902099 0.965622 1 23 1.000000
v_pistol_sheet
  23 -23.380060 -3.543216 -21.208521 0.197800 0.916708 -0.347162 0.909775 0.945009 1 23 1.000000
  23 -23.727394 -3.620136 -21.609528 0.197800 0.916708 -0.347162 0.856626 0.954813 1 23 1.000000
  23 -23.789185 -3.606443 -21.608578 0.197800 0.916708 -0.347162 0.829237 0.944454 1 23 1.000000
v_pistol_sheet
  23 -23.380060 -3.543216 -21.208521 0.197800 0.916708 -0.347162 0.909775 0.945009 1 23 1.000000
  23 -23.417597 -3.572259 -21.306597 0.197800 0.916708 -0.347162 0.900246 0.948343 1 23 1.000000
  23 -23.727394 -3.620136 -21.609528 0.197800 0.916708 -0.347162 0.856626 0.954813 1 23 1.000000
v_pistol_sheet
  23 -23.727394 -3.620136 -21.609528 0.698419 0.008778 -0.715635 0.856626 0.954813 1 23 1.000000
  23 -23.407991 -3.743634 -21.299324 0.698419 0.008778 -0.715635 0.902099 0.965622 1 23 1.000000
  23 -23.720079 -3.705998 -21.603443 0.698419 0.008778 -0.715635 0.857908 0.963457 1 23 1.000000
v_pistol_sheet
  23 -23.727394 -3.620136 -21.609528 0.698419 0.008778 -0.715635 0.856626 0.954813 1 23 1.000000
  23 -23.417597 -3.572259 -21.306597 0.698419 0.008778 -0.715635 0.900246 0.948343 1 23 1.000000
  23 -23.407991 -3.743634 -21.299324 0.698419 0.008778 -0.715635 0.902099 0.965622 1 23 1.000000
v_pistol_sheet
  23 -26.253588 -2.360149 -22.922131 0.360659 0.537792 -0.762040 0.017240 0.028050 1 23 1.000000
  23 -26.074980 -2.333539 -22.818819 0.462124 0.679484 -0.569863 0.036168 0.024853 1 23 1.000000
  23 -26.171621 -2.404601 -22.914703 0.360659 0.537792 -0.762040 0.023472 0.032095 1 23 1.000000
v_pistol_sheet
  23 -26.253588 -2.360149 -22.922131 0.360659 0.537792 -0.762040 0.017240 0.028050 1 23 1.000000
  23 -26.148243 -2.282700 -22.817612 0.462124 0.679484 -0.569863 0.031079 0.020158 1 23 1.000000
  23 -26.074980 -2.333539 -22.818819 0.462124 0.679484 -0.569863 0.036168 0.024853 1 23 1.000000
v_pistol_sheet
  23 -26.148243 -2.282700 -22.817612 0.462124 0.679484 -0.569863 0.031079 0.020158 1 23 1.000000
  23 -25.138134 -2.578861 -21.909319 0.532486 0.775443 -0.339332 0.161223 0.043565 1 23 1.000000
  23 -26.074980 -2.333539 -22.818819 0.462124 0.679484 -0.569863 0.036168 0.024853 1 23 1.000000
v_pistol_sheet
  23 -26.148243 -2.282700 -22.817612 0.462124 0.679484 -0.569863 0.031079 0.020158 1 23 1.000000
  23 -25.127087 -2.550103 -21.826263 0.532486 0.775443 -0.339332 0.167388 0.040553 1 23 1.000000
  23 -25.138134 -2.578861 -21.909319 0.532486 0.775443 -0.339332 0.161223 0.043565 1 23 1.000000
v_pistol_sheet
  23 -26.171621 -2.404601 -22.914703 -0.200687 -0.509868 -0.836516 0.023472 0.032095 1 23 1.000000
  23 -26.144127 -2.571176 -22.819769 -0.136604 -0.333258 -0.932887 0.032238 0.047592 1 23 1.000000
  23 -26.253588 -2.360149 -22.922131 -0.200687 -0.509868 -0.836516 0.017240 0.028050 1 23 1.000000
v_pistol_sheet
  23 -26.171621 -2.404601 -22.914703 -0.200687 -0.509868 -0.836516 0.023472 0.032095 1 23 1.000000
  23 -26.071201 -2.598197 -22.820797 -0.136604 -0.333258 -0.932887 0.037231 0.050023 1 23 1.000000
  23 -26.144127 -2.571176 -22.819769 -0.136604 -0.333258 -0.932887 0.032238 0.047592 1 23 1.000000
v_pistol_sheet
  23 -26.085060 -2.944833 -22.770100 -0.079434 0.081251 -0.993523 0.040881 0.082862 1 23 1.000000
  23 -26.144127 -2.571176 -22.819769 -0.136604 -0.333258 -0.932887 0.032238 0.047592 1 23 1.000000
  23 -26.071201 -2.598197 -22.820797 -0.136604 -0.333258 -0.932887 0.037231 0.050023 1 23 1.000000
v_pistol_sheet
  23 -26.085060 -2.944833 -22.770100 -0.079434 0.081251 -0.993523 0.040881 0.082862 1 23 1.000000
  23 -26.071201 -2.598197 -22.820797 -0.136604 -0.333258 -0.932887 0.037231 0.050023 1 23 1.000000
  23 -26.017014 -2.941001 -22.775227 -0.079434 0.081251 -0.993523 0.045160 0.082380 1 23 1.000000
v_pistol_sheet
  23 -26.223946 -3.448885 -22.916502 -0.088471 0.300233 -0.949754 0.023487 0.131521 1 23 1.000000
  23 -26.085060 -2.944833 -22.770100 -0.079434 0.081251 -0.993523 0.040881 0.082862 1 23 1.000000
  23 -26.017014 -2.941001 -22.775227 -0.079434 0.081251 -0.993523 0.045160 0.082380 1 23 1.000000
v_pistol_sheet
  23 -26.223946 -3.448885 -22.916502 -0.088471 0.300233 -0.949754 0.023487 0.131521 1 23 1.000000
  23 -26.017014 -2.941001 -22.775227 -0.079434 0.081251 -0.993523 0.045160 0.082380 1 23 1.000000
  23 -26.144428 -3.403431 -22.909540 -0.088471 0.300233 -0.949754 0.029202 0.127022 1 23 1.000000
v_pistol_sheet
  23 -28.621849 -3.439742 -26.220446 -0.014736 -0.999536 -0.026646 0.301983 0.375120 1 23 1.000000
  23 -29.286051 -3.464584 -24.921238 -0.014736 -0.999536 -0.026646 0.416455 0.379464 1 23 1.000000
  23 -29.595356 -3.451981 -25.222946 -0.014736 -0.999536 -0.026646 0.401632 0.391964 1 23 1.000000
v_pistol_sheet
  23 -28.621849 -3.439742 -26.220446 -0.014736 -0.999536 -0.026646 0.301983 0.375120 1 23 1.000000
  23 -28.312544 -3.452345 -25.918736 -0.014736 -0.999536 -0.026646 0.316806 0.362620 1 23 1.000000
  23 -29.286051 -3.464584 -24.921238 -0.014736 -0.999536 -0.026646 0.416455 0.379464 1 23 1.000000
v_pistol_sheet
  23 -25.154881 -3.941624 -22.099194 -0.015926 -0.999190 -0.036944 0.035422 0.427055 1 23 1.000000
  23 -23.331320 -4.052447 -19.888037 -0.015926 -0.999190 -0.036944 0.233496 0.448428 1 23 1.000000
  23 -25.371252 -3.946371 -21.877596 -0.015926 -0.999190 -0.036944 0.035422 0.448428 1 23 1.000000
v_pistol_sheet
  23 -23.331320 -4.052447 -19.888037 -0.015926 -0.999190 -0.036944 0.233496 0.448428 1 23 1.000000
  23 -25.154881 -3.941624 -22.099194 -0.015926 -0.999190 -0.036944 0.035422 0.427055 1 23 1.000000
  23 -23.114946 -4.047700 -20.109636 -0.015926 -0.999190 -0.036944 0.233496 0.427055 1 23 1.000000
v_pistol_sheet
  23 -25.161797 -4.338464 -22.448214 0.670973 -0.241937 -0.700901 0.019188 0.413862 1 23 1.000000
  23 -22.899380 -4.224073 -20.321882 0.670973 -0.241937 -0.700901 0.234377 0.407822 1 23 1.000000
  23 -22.983580 -4.452265 -20.323797 0.671006 -0.241709 -0.700948 0.230689 0.413866 1 23 1.000000
v_pistol_sheet
  23 -22.899380 -4.224073 -20.321882 0.670973 -0.241937 -0.700901 0.234377 0.407822 1 23 1.000000
  23 -25.161797 -4.338464 -22.448214 0.670973 -0.241937 -0.700901 0.019188 0.413862 1 23 1.000000
  23 -25.115208 -4.108737 -22.482990 0.670940 -0.242165 -0.700853 0.019224 0.407821 1 23 1.000000
v_pistol_sheet
  23 -23.532881 -4.464314 -19.761230 -0.016194 -0.999188 -0.036896 0.230689 0.468124 1 23 1.000000
  23 -25.711100 -4.350509 -21.885649 -0.016363 -0.999191 -0.036749 0.019188 0.468120 1 23 1.000000
  23 -25.377779 -4.355705 -21.892731 -0.016194 -0.999188 -0.036896 0.035422 0.451711 1 23 1.000000
v_pistol_sheet
  23 -25.377779 -4.355705 -21.892731 -0.016194 -0.999188 -0.036896 0.035422 0.451711 1 23 1.000000
  23 -23.366753 -4.460671 -19.931374 -0.016025 -0.999185 -0.037041 0.230689 0.451714 1 23 1.000000
  23 -23.532881 -4.464314 -19.761230 -0.016194 -0.999188 -0.036896 0.230689 0.468124 1 23 1.000000
v_pistol_sheet
  23 -22.858608 -4.299521 -19.773720 0.272780 0.962075 0.001601 0.236923 0.611708 1 23 1.000000
  23 -23.380630 -3.972823 -20.028257 0.315271 0.872353 0.373638 0.145721 0.561905 1 23 1.000000
  23 -22.982634 -4.302243 -19.646700 -0.124286 0.953328 0.275172 0.243291 0.568048 1 23 1.000000
v_pistol_sheet
  23 -22.858608 -4.299521 -19.773720 0.272780 0.962075 0.001601 0.236923 0.611708 1 23 1.000000
  23 -23.250784 -3.961123 -20.149403 0.315271 0.872353 0.373638 0.147004 0.560213 1 23 1.000000
  23 -23.380630 -3.972823 -20.028257 0.315271 0.872353 0.373638 0.145721 0.561905 1 23 1.000000
v_pistol_sheet
  23 -22.708563 -4.463995 -19.340364 0.435223 0.104197 0.894273 0.377859 0.636104 1 23 1.000000
  23 -22.595594 -4.452736 -19.396099 0.709421 0.115982 0.695176 0.353790 0.632316 1 23 1.000000
  23 -22.654394 -4.304042 -19.450331 0.421896 0.729862 0.537871 0.328933 0.589946 1 23 1.000000
v_pistol_sheet
  23 -22.708563 -4.463995 -19.340364 0.435223 0.104197 0.894273 0.377859 0.636104 1 23 1.000000
  23 -22.654394 -4.304042 -19.450331 0.421896 0.729862 0.537871 0.328933 0.589946 1 23 1.000000
  23 -22.753952 -4.339285 -19.382013 0.241691 0.659579 0.711717 0.356444 0.579128 1 23 1.000000
v_pistol_sheet
  23 -22.753952 -4.339285 -19.382013 0.241691 0.659579 0.711717 0.356444 0.579128 1 23 1.000000
  23 -22.654394 -4.304042 -19.450331 0.421896 0.729862 0.537871 0.328933 0.589946 1 23 1.000000
  23 -22.819841 -4.275525 -19.469143 -0.057496 0.887721 0.456777 0.320749 0.551393 1 23 1.000000
v_pistol_sheet
  23 -22.654394 -4.304042 -19.450331 0.421896 0.729862 0.537871 0.328933 0.589946 1 23 1.000000
  23 -22.732264 -4.238132 -19.524952 0.026932 0.981809 0.187953 0.296863 0.571949 1 23 1.000000
  23 -22.819841 -4.275525 -19.469143 -0.057496 0.887721 0.456777 0.320749 0.551393 1 23 1.000000
v_pistol_sheet
  23 -22.819841 -4.275525 -19.469143 -0.057496 0.887721 0.456777 0.320749 0.551393 1 23 1.000000
  23 -22.732264 -4.238132 -19.524952 0.026932 0.981809 0.187953 0.296863 0.571949 1 23 1.000000
  23 -22.982634 -4.302243 -19.646700 -0.124286 0.953328 0.275172 0.243291 0.568048 1 23 1.000000
v_pistol_sheet
  23 -22.732264 -4.238132 -19.524952 0.026932 0.981809 0.187953 0.296863 0.571949 1 23 1.000000
  23 -22.903152 -4.256987 -19.692215 0.083600 0.996499 0.000007 0.227545 0.580019 1 23 1.000000
  23 -22.982634 -4.302243 -19.646700 -0.124286 0.953328 0.275172 0.243291 0.568048 1 23 1.000000
v_pistol_sheet
  23 -22.858608 -4.299521 -19.773720 0.272780 0.962075 0.001601 0.236923 0.611708 1 23 1.000000
  23 -22.982634 -4.302243 -19.646700 -0.124286 0.953328 0.275172 0.243291 0.568048 1 23 1.000000
  23 -22.903152 -4.256987 -19.692215 0.083600 0.996499 0.000007 0.227545 0.580019 1 23 1.000000
v_pistol_sheet
  23 -22.903152 -4.256987 -19.692215 0.083600 0.996499 0.000007 0.227545 0.580019 1 23 1.000000
  23 -22.677795 -4.272410 -19.614620 0.316918 0.928286 -0.194548 0.275683 0.605889 1 23 1.000000
  23 -22.858608 -4.299521 -19.773720 0.272780 0.962075 0.001601 0.236923 0.611708 1 23 1.000000
v_pistol_sheet
  23 -22.677795 -4.272410 -19.614620 0.316918 0.928286 -0.194548 0.275683 0.605889 1 23 1.000000
  23 -22.903152 -4.256987 -19.692215 0.083600 0.996499 0.000007 0.227545 0.580019 1 23 1.000000
  23 -22.732264 -4.238132 -19.524952 0.026932 0.981809 0.187953 0.296863 0.571949 1 23 1.000000
v_pistol_sheet
  23 -22.677795 -4.272410 -19.614620 0.316918 0.928286 -0.194548 0.275683 0.605889 1 23 1.000000
  23 -22.732264 -4.238132 -19.524952 0.026932 0.981809 0.187953 0.296863 0.571949 1 23 1.000000
  23 -22.654394 -4.304042 -19.450331 0.421896 0.729862 0.537871 0.328933 0.589946 1 23 1.000000
v_pistol_sheet
  23 -22.677795 -4.272410 -19.614620 0.316918 0.928286 -0.194548 0.275683 0.605889 1 23 1.000000
  23 -22.654394 -4.304042 -19.450331 0.421896 0.729862 0.537871 0.328933 0.589946 1 23 1.000000
  23 -22.587757 -4.335641 -19.552221 0.718710 0.655015 0.233265 0.293545 0.615496 1 23 1.000000
v_pistol_sheet
  23 -22.542368 -4.460347 -19.510572 0.902062 0.114435 0.416160 0.304261 0.635308 1 23 1.000000
  23 -22.587757 -4.335641 -19.552221 0.718710 0.655015 0.233265 0.293545 0.615496 1 23 1.000000
  23 -22.654394 -4.304042 -19.450331 0.421896 0.729862 0.537871 0.328933 0.589946 1 23 1.000000
v_pistol_sheet
  23 -22.542368 -4.460347 -19.510572 0.902062 0.114435 0.416160 0.304261 0.635308 1 23 1.000000
  23 -22.654394 -4.304042 -19.450331 0.421896 0.729862 0.537871 0.328933 0.589946 1 23 1.000000
  23 -22.595594 -4.452736 -19.396099 0.709421 0.115982 0.695176 0.353790 0.632316 1 23 1.000000
v_pistol_sheet
  23 -22.560619 -4.560992 -19.530546 0.772241 -0.577869 0.264029 0.300495 0.651759 1 23 1.000000
  23 -22.542368 -4.460347 -19.510572 0.902062 0.114435 0.416160 0.304261 0.635308 1 23 1.000000
  23 -22.595594 -4.452736 -19.396099 0.709421 0.115982 0.695176 0.353790 0.632316 1 23 1.000000
v_pistol_sheet
  23 -22.560619 -4.560992 -19.530546 0.772241 -0.577869 0.264029 0.300495 0.651759 1 23 1.000000
  23 -22.595594 -4.452736 -19.396099 0.709421 0.115982 0.695176 0.353790 0.632316 1 23 1.000000
  23 -22.615023 -4.574915 -19.417685 0.567722 -0.620449 0.541050 0.346687 0.668156 1 23 1.000000
v_pistol_sheet
  23 -22.615023 -4.574915 -19.417685 0.567722 -0.620449 0.541050 0.346687 0.668156 1 23 1.000000
  23 -22.657063 -4.619864 -19.618420 0.354438 -0.922796 -0.151064 0.279749 0.662064 1 23 1.000000
  23 -22.560619 -4.560992 -19.530546 0.772241 -0.577869 0.264029 0.300495 0.651759 1 23 1.000000
v_pistol_sheet
  23 -23.591761 -4.163924 -20.238503 -0.372684 -0.845684 -0.382003 0.069287 0.619039 1 23 1.000000
  23 -23.467735 -4.161203 -20.365522 -0.372684 -0.845684 -0.382003 0.098658 0.594439 1 23 1.000000
  23 -23.397459 -4.222576 -20.298218 -0.141963 -0.976932 -0.159532 0.114774 0.603785 1 23 1.000000
v_pistol_sheet
  23 -23.521486 -4.225297 -20.171196 -0.141963 -0.976932 -0.159532 0.101494 0.645918 1 23 1.000000
  23 -23.591761 -4.163924 -20.238503 -0.372684 -0.845684 -0.382003 0.069287 0.619039 1 23 1.000000
  23 -23.397459 -4.222576 -20.298218 -0.141963 -0.976932 -0.159532 0.114774 0.603785 1 23 1.000000
v_pistol_sheet
  23 -23.397459 -4.222576 -20.298218 -0.141963 -0.976932 -0.159532 0.114774 0.603785 1 23 1.000000
  23 -23.462149 -4.214146 -20.113020 -0.094041 -0.989134 -0.113002 0.128232 0.639288 1 23 1.000000
  23 -23.521486 -4.225297 -20.171196 -0.141963 -0.976932 -0.159532 0.101494 0.645918 1 23 1.000000
v_pistol_sheet
  23 -23.462149 -4.214146 -20.113020 -0.094041 -0.989134 -0.113002 0.128232 0.639288 1 23 1.000000
  23 -23.397459 -4.222576 -20.298218 -0.141963 -0.976932 -0.159532 0.114774 0.603785 1 23 1.000000
  23 -23.338121 -4.211424 -20.240040 -0.303269 -0.899205 -0.315370 0.128154 0.601480 1 23 1.000000
v_pistol_sheet
  23 -23.338121 -4.211424 -20.240040 -0.303269 -0.899205 -0.315370 0.128154 0.601480 1 23 1.000000
  23 -23.128746 -4.627876 -19.796341 -0.446665 -0.771747 -0.452656 0.170461 0.680228 1 23 1.000000
  23 -23.462149 -4.214146 -20.113020 -0.094041 -0.989134 -0.113002 0.128232 0.639288 1 23 1.000000
v_pistol_sheet
  23 -23.128746 -4.627876 -19.796341 -0.446665 -0.771747 -0.452656 0.170461 0.680228 1 23 1.000000
  23 -23.338121 -4.211424 -20.240040 -0.303269 -0.899205 -0.315370 0.128154 0.601480 1 23 1.000000
  23 -23.004721 -4.625158 -19.923361 -0.421759 -0.798842 -0.428918 0.205051 0.665668 1 23 1.000000
v_pistol_sheet
  23 -23.004721 -4.625158 -19.923361 -0.421759 -0.798842 -0.428918 0.205051 0.665668 1 23 1.000000
  23 -23.043993 -4.708351 -19.715309 -0.232919 -0.940458 -0.247563 0.184630 0.737855 1 23 1.000000
  23 -23.128746 -4.627876 -19.796341 -0.446665 -0.771747 -0.452656 0.170461 0.680228 1 23 1.000000
v_pistol_sheet
  23 -23.043993 -4.708351 -19.715309 -0.232919 -0.940458 -0.247563 0.184630 0.737855 1 23 1.000000
  23 -23.004721 -4.625158 -19.923361 -0.421759 -0.798842 -0.428918 0.205051 0.665668 1 23 1.000000
  23 -22.919970 -4.705634 -19.842329 -0.138377 -0.978007 -0.156054 0.198428 0.711964 1 23 1.000000
v_pistol_sheet
  23 -22.979891 -4.691779 -19.652363 0.400620 -0.793868 0.457467 0.236471 0.721199 1 23 1.000000
  23 -23.043993 -4.708351 -19.715309 -0.232919 -0.940458 -0.247563 0.184630 0.737855 1 23 1.000000
  23 -22.919970 -4.705634 -19.842329 -0.138377 -0.978007 -0.156054 0.198428 0.711964 1 23 1.000000
v_pistol_sheet
  23 -22.979891 -4.691779 -19.652363 0.400620 -0.793868 0.457467 0.236471 0.721199 1 23 1.000000
  23 -22.919970 -4.705634 -19.842329 -0.138377 -0.978007 -0.156054 0.198428 0.711964 1 23 1.000000
  23 -22.855864 -4.689061 -19.779383 0.388170 -0.879321 0.275896 0.224369 0.706172 1 23 1.000000
v_pistol_sheet
  23 -22.855864 -4.689061 -19.779383 0.388170 -0.879321 0.275896 0.224369 0.706172 1 23 1.000000
  23 -22.868032 -4.632348 -19.665962 0.101066 -0.962477 0.251839 0.244247 0.688692 1 23 1.000000
  23 -22.979891 -4.691779 -19.652363 0.400620 -0.793868 0.457467 0.236471 0.721199 1 23 1.000000
v_pistol_sheet
  23 -22.855864 -4.689061 -19.779383 0.388170 -0.879321 0.275896 0.224369 0.706172 1 23 1.000000
  23 -22.810015 -4.591954 -19.732534 0.414604 -0.909632 0.025956 0.248968 0.658652 1 23 1.000000
  23 -22.868032 -4.632348 -19.665962 0.101066 -0.962477 0.251839 0.244247 0.688692 1 23 1.000000
v_pistol_sheet
  23 -22.868032 -4.632348 -19.665962 0.101066 -0.962477 0.251839 0.244247 0.688692 1 23 1.000000
  23 -22.810015 -4.591954 -19.732534 0.414604 -0.909632 0.025956 0.248968 0.658652 1 23 1.000000
  23 -22.657063 -4.619864 -19.618420 0.354438 -0.922796 -0.151064 0.279749 0.662064 1 23 1.000000
v_pistol_sheet
  23 -22.868032 -4.632348 -19.665962 0.101066 -0.962477 0.251839 0.244247 0.688692 1 23 1.000000
  23 -22.657063 -4.619864 -19.618420 0.354438 -0.922796 -0.151064 0.279749 0.662064 1 23 1.000000
  23 -22.718611 -4.661825 -19.520691 0.133971 -0.986319 0.096056 0.305156 0.695008 1 23 1.000000
v_pistol_sheet
  23 -22.615023 -4.574915 -19.417685 0.567722 -0.620449 0.541050 0.346687 0.668156 1 23 1.000000
  23 -22.718611 -4.661825 -19.520691 0.133971 -0.986319 0.096056 0.305156 0.695008 1 23 1.000000
  23 -22.657063 -4.619864 -19.618420 0.354438 -0.922796 -0.151064 0.279749 0.662064 1 23 1.000000
v_pistol_sheet
  23 -22.718611 -4.661825 -19.520691 0.133971 -0.986319 0.096056 0.305156 0.695008 1 23 1.000000
  23 -22.615023 -4.574915 -19.417685 0.567722 -0.620449 0.541050 0.346687 0.668156 1 23 1.000000
  23 -22.726812 -4.564635 -19.360340 0.294860 -0.588337 0.752939 0.370334 0.683416 1 23 1.000000
v_pistol_sheet
  23 -22.726812 -4.564635 -19.360340 0.294860 -0.588337 0.752939 0.370334 0.683416 1 23 1.000000
  23 -22.615023 -4.574915 -19.417685 0.567722 -0.620449 0.541050 0.346687 0.668156 1 23 1.000000
  23 -22.595594 -4.452736 -19.396099 0.709421 0.115982 0.695176 0.353790 0.632316 1 23 1.000000
v_pistol_sheet
  23 -22.726812 -4.564635 -19.360340 0.294860 -0.588337 0.752939 0.370334 0.683416 1 23 1.000000
  23 -22.595594 -4.452736 -19.396099 0.709421 0.115982 0.695176 0.353790 0.632316 1 23 1.000000
  23 -22.708563 -4.463995 -19.340364 0.435223 0.104197 0.894273 0.377859 0.636104 1 23 1.000000
v_pistol_sheet
  23 -22.934040 -4.594671 -19.605515 0.378763 -0.541078 0.750848 0.267361 0.703056 1 23 1.000000
  23 -22.979891 -4.691779 -19.652363 0.400620 -0.793868 0.457467 0.236471 0.721199 1 23 1.000000
  23 -22.868032 -4.632348 -19.665962 0.101066 -0.962477 0.251839 0.244247 0.688692 1 23 1.000000
v_pistol_sheet
  23 -22.718611 -4.661825 -19.520691 0.133971 -0.986319 0.096056 0.305156 0.695008 1 23 1.000000
  23 -22.726812 -4.564635 -19.360340 0.294860 -0.588337 0.752939 0.370334 0.683416 1 23 1.000000
  23 -22.815702 -4.623344 -19.455948 -0.204180 -0.941382 0.268535 0.328874 0.713022 1 23 1.000000
v_pistol_sheet
  23 -22.815702 -4.623344 -19.455948 -0.204180 -0.941382 0.268535 0.328874 0.713022 1 23 1.000000
  23 -22.868032 -4.632348 -19.665962 0.101066 -0.962477 0.251839 0.244247 0.688692 1 23 1.000000
  23 -22.718611 -4.661825 -19.520691 0.133971 -0.986319 0.096056 0.305156 0.695008 1 23 1.000000
v_pistol_sheet
  23 -22.868032 -4.632348 -19.665962 0.101066 -0.962477 0.251839 0.244247 0.688692 1 23 1.000000
  23 -22.815702 -4.623344 -19.455948 -0.204180 -0.941382 0.268535 0.328874 0.713022 1 23 1.000000
  23 -22.934040 -4.594671 -19.605515 -0.393425 -0.909089 0.137016 0.267361 0.703056 1 23 1.000000
v_pistol_sheet
  23 -22.587757 -4.335641 -19.552221 0.634488 0.024567 -0.772542 0.293545 0.615496 1 23 1.000000
  23 -22.657063 -4.619864 -19.618420 0.634488 0.024567 -0.772542 0.279749 0.662064 1 23 1.000000
  23 -22.810015 -4.591954 -19.732534 0.677750 0.018416 -0.735062 0.248968 0.658652 1 23 1.000000
v_pistol_sheet
  23 -22.587757 -4.335641 -19.552221 0.634488 0.024567 -0.772542 0.293545 0.615496 1 23 1.000000
  23 -22.560619 -4.560992 -19.530546 0.634488 0.024567 -0.772542 0.300495 0.651759 1 23 1.000000
  23 -22.657063 -4.619864 -19.618420 0.634488 0.024567 -0.772542 0.279749 0.662064 1 23 1.000000
v_pistol_sheet
  23 -22.587757 -4.335641 -19.552221 0.634488 0.024567 -0.772542 0.293545 0.615496 1 23 1.000000
  23 -22.542368 -4.460347 -19.510572 0.634488 0.024567 -0.772542 0.304261 0.635308 1 23 1.000000
  23 -22.560619 -4.560992 -19.530546 0.634488 0.024567 -0.772542 0.300495 0.651759 1 23 1.000000
v_pistol_sheet
  23 -22.587757 -4.335641 -19.552221 0.634488 0.024567 -0.772542 0.293545 0.615496 1 23 1.000000
  23 -22.858608 -4.299521 -19.773720 0.677750 0.018416 -0.735062 0.236923 0.611708 1 23 1.000000
  23 -22.677795 -4.272410 -19.614620 0.634488 0.024567 -0.772542 0.275683 0.605889 1 23 1.000000
v_pistol_sheet
  23 -22.587757 -4.335641 -19.552221 0.634488 0.024567 -0.772542 0.293545 0.615496 1 23 1.000000
  23 -22.810015 -4.591954 -19.732534 0.677750 0.018416 -0.735062 0.248968 0.658652 1 23 1.000000
  23 -22.858608 -4.299521 -19.773720 0.677750 0.018416 -0.735062 0.236923 0.611708 1 23 1.000000
v_pistol_sheet
  23 -23.004721 -4.625158 -19.923361 0.698539 0.015318 -0.715408 0.205051 0.665668 1 23 1.000000
  23 -22.858608 -4.299521 -19.773720 0.677750 0.018416 -0.735062 0.236923 0.611708 1 23 1.000000
  23 -22.810015 -4.591954 -19.732534 0.677750 0.018416 -0.735062 0.248968 0.658652 1 23 1.000000
v_pistol_sheet
  23 -22.810015 -4.591954 -19.732534 0.677750 0.018416 -0.735062 0.248968 0.658652 1 23 1.000000
  23 -22.855864 -4.689061 -19.779383 0.698539 0.015318 -0.715408 0.224369 0.706172 1 23 1.000000
  23 -23.004721 -4.625158 -19.923361 0.698539 0.015318 -0.715408 0.205051 0.665668 1 23 1.000000
v_pistol_sheet
  23 -22.855864 -4.689061 -19.779383 0.698539 0.015318 -0.715408 0.224369 0.706172 1 23 1.000000
  23 -22.919970 -4.705634 -19.842329 0.698539 0.015318 -0.715408 0.198428 0.711964 1 23 1.000000
  23 -23.004721 -4.625158 -19.923361 0.698539 0.015318 -0.715408 0.205051 0.665668 1 23 1.000000
v_pistol_sheet
  23 -23.004721 -4.625158 -19.923361 0.698539 0.015318 -0.715408 0.205051 0.665668 1 23 1.000000
  23 -23.338121 -4.211424 -20.240040 0.698539 0.015318 -0.715408 0.128154 0.601480 1 23 1.000000
  23 -22.858608 -4.299521 -19.773720 0.677750 0.018416 -0.735062 0.236923 0.611708 1 23 1.000000
v_pistol_sheet
  23 -23.338121 -4.211424 -20.240040 0.698539 0.015318 -0.715408 0.128154 0.601480 1 23 1.000000
  23 -23.250784 -3.961123 -20.149403 0.698539 0.015320 -0.715408 0.147004 0.560213 1 23 1.000000
  23 -22.858608 -4.299521 -19.773720 0.677750 0.018416 -0.735062 0.236923 0.611708 1 23 1.000000
v_pistol_sheet
  23 -23.338121 -4.211424 -20.240040 0.698539 0.015318 -0.715408 0.128154 0.601480 1 23 1.000000
  23 -23.467735 -4.161203 -20.365522 0.698539 0.015319 -0.715408 0.098658 0.594439 1 23 1.000000
  23 -23.250784 -3.961123 -20.149403 0.698539 0.015320 -0.715408 0.147004 0.560213 1 23 1.000000
v_pistol_sheet
  23 -23.397459 -4.222576 -20.298218 0.698539 0.015318 -0.715408 0.114774 0.603785 1 23 1.000000
  23 -23.467735 -4.161203 -20.365522 0.698539 0.015319 -0.715408 0.098658 0.594439 1 23 1.000000
  23 -23.338121 -4.211424 -20.240040 0.698539 0.015318 -0.715408 0.128154 0.601480 1 23 1.000000
v_pistol_sheet
  23 -25.594143 -3.396622 -23.208027 0.424415 0.041277 -0.904526 0.902953 0.870598 1 23 1.000000
  23 -25.447834 -3.629530 -23.150003 0.569433 0.025385 -0.821646 0.916560 0.898870 1 23 1.000000
  23 -25.610598 -3.644809 -23.227129 0.424415 0.041277 -0.904526 0.901549 0.906161 1 23 1.000000
v_pistol_sheet
  23 -25.594143 -3.396622 -23.208027 0.424415 0.041277 -0.904526 0.902953 0.870598 1 23 1.000000
  23 -25.435287 -3.437281 -23.135399 0.569433 0.025385 -0.821646 0.917623 0.875602 1 23 1.000000
  23 -25.447834 -3.629530 -23.150003 0.569433 0.025385 -0.821646 0.916560 0.898870 1 23 1.000000
v_pistol_sheet
  23 -24.907959 -3.657603 -22.623463 0.897347 -0.004159 -0.441306 0.983321 0.898870 1 23 1.000000
  23 -25.447834 -3.629530 -23.150003 0.569433 0.025385 -0.821646 0.916560 0.898870 1 23 1.000000
  23 -25.435287 -3.437281 -23.135399 0.569433 0.025385 -0.821646 0.917623 0.875602 1 23 1.000000
v_pistol_sheet
  23 -24.907959 -3.657603 -22.623463 0.897347 -0.004159 -0.441306 0.983321 0.898870 1 23 1.000000
  23 -25.435287 -3.437281 -23.135399 0.569433 0.025385 -0.821646 0.917623 0.875602 1 23 1.000000
  23 -24.905972 -3.560625 -22.620331 0.897347 -0.004159 -0.441306 0.983321 0.889286 1 23 1.000000
v_pistol_sheet
  23 -24.897636 -3.681882 -22.531773 0.946248 -0.029808 0.322066 0.989713 0.906161 1 23 1.000000
  23 -24.907959 -3.657603 -22.623463 0.897347 -0.004159 -0.441306 0.983321 0.898870 1 23 1.000000
  23 -24.905972 -3.560625 -22.620331 0.897347 -0.004159 -0.441306 0.983321 0.889286 1 23 1.000000
v_pistol_sheet
  23 -24.897636 -3.681882 -22.531773 0.946248 -0.029808 0.322066 0.989713 0.906161 1 23 1.000000
  23 -24.905972 -3.560625 -22.620331 0.897347 -0.004159 -0.441306 0.983321 0.889286 1 23 1.000000
  23 -24.895067 -3.556680 -22.527731 0.946248 -0.029808 0.322066 0.989713 0.888264 1 23 1.000000
v_pistol_sheet
  23 -24.984581 -3.557805 -22.436008 0.715395 -0.037200 0.697729 0.989713 0.888264 1 23 1.000000
  23 -24.897636 -3.681882 -22.531773 0.946248 -0.029808 0.322066 0.989713 0.906161 1 23 1.000000
  23 -24.895067 -3.556680 -22.527731 0.946248 -0.029808 0.322066 0.989713 0.888264 1 23 1.000000
v_pistol_sheet
  23 -24.984581 -3.557805 -22.436008 0.715395 -0.037200 0.697729 0.989713 0.888264 1 23 1.000000
  23 -24.987150 -3.683007 -22.440052 0.715395 -0.037200 0.697729 0.989713 0.919709 1 23 1.000000
  23 -24.897636 -3.681882 -22.531773 0.946248 -0.029808 0.322066 0.989713 0.906161 1 23 1.000000
v_pistol_sheet
  39 -22.740789 -4.150686 -20.341526 -0.015986 -0.999187 -0.037003 0.766000 0.776068 1 39 1.000000
  39 -22.814024 -4.152293 -20.266523 -0.015987 -0.999187 -0.037001 0.767637 0.788230 1 39 1.000000
  39 -23.052631 -4.134437 -20.645664 -0.015987 -0.999187 -0.037001 0.718174 0.776459 1 39 1.000000
v_pistol_sheet
  39 -22.814024 -4.152293 -20.266523 -0.015987 -0.999187 -0.037001 0.767637 0.788230 1 39 1.000000
  39 -23.120785 -4.135930 -20.575867 -0.015989 -0.999187 -0.037001 0.719698 0.787778 1 39 1.000000
  39 -23.052631 -4.134437 -20.645664 -0.015987 -0.999187 -0.037001 0.718174 0.776459 1 39 1.000000
v_pistol_sheet
  39 -22.751680 -4.236629 -20.353998 0.159240 0.971416 0.176049 0.762800 0.783438 1 39 1.000000
  39 -23.052631 -4.134437 -20.645664 0.159114 0.971422 0.176132 0.718174 0.776459 1 39 1.000000
  39 -22.819218 -4.238105 -20.284761 0.159114 0.971422 0.176132 0.764316 0.794660 1 39 1.000000
v_pistol_sheet
  39 -22.819218 -4.238105 -20.284761 0.159114 0.971422 0.176132 0.764316 0.794660 1 39 1.000000
  39 -23.052631 -4.134437 -20.645664 0.159114 0.971422 0.176132 0.718174 0.776459 1 39 1.000000
  39 -23.122993 -4.135991 -20.573614 0.158988 0.971427 0.176215 0.719746 0.788145 1 39 1.000000
v_pistol_sheet
  40 -25.062815 -3.882073 -22.094383 -0.376424 -0.842396 -0.385584 0.443062 0.608278 1 40 1.000000
  40 -25.597919 -3.830677 -21.833668 -0.194576 -0.958035 -0.210500 0.434546 0.606229 1 40 1.000000
  40 -25.198040 -3.821908 -22.243204 -0.194576 -0.958035 -0.210500 0.434546 0.606072 1 40 1.000000
v_pistol_sheet
  40 -25.597919 -3.830677 -21.833668 -0.194576 -0.958035 -0.210500 0.434546 0.606229 1 40 1.000000
  40 -25.062815 -3.882073 -22.094383 -0.376424 -0.842396 -0.385584 0.443062 0.608278 1 40 1.000000
  40 -25.444633 -3.890446 -21.703344 -0.541206 -0.642735 -0.542206 0.443062 0.608429 1 40 1.000000
v_pistol_sheet
  40 -25.013426 -4.055647 -22.034229 -0.649065 -0.407348 -0.642481 0.446579 0.615437 1 40 1.000000
  40 -25.444633 -3.890446 -21.703344 -0.541206 -0.642735 -0.542206 0.443062 0.608429 1 40 1.000000
  40 -25.062815 -3.882073 -22.094383 -0.376424 -0.842396 -0.385584 0.443062 0.608278 1 40 1.000000
v_pistol_sheet
  40 -25.444633 -3.890446 -21.703344 -0.541206 -0.642735 -0.542206 0.443062 0.608429 1 40 1.000000
  40 -25.013426 -4.055647 -22.034229 -0.649065 -0.407348 -0.642481 0.446579 0.615437 1 40 1.000000
  40 -25.379604 -4.063679 -21.659208 -0.649065 -0.407349 -0.642481 0.446579 0.615581 1 40 1.000000
v_pistol_sheet
  40 -24.694523 0.637688 -21.737194 -0.015751 -0.999199 -0.036774 0.424104 0.417842 1 40 1.000000
  40 -24.362270 0.633775 -21.773167 -0.014082 -0.999160 -0.038479 0.433036 0.417769 1 40 1.000000
  40 -25.158529 0.627512 -21.261982 -0.015896 -0.999192 -0.036915 0.424104 0.418025 1 40 1.000000
v_pistol_sheet
  40 -23.094034 0.570930 -20.568516 0.010218 -0.999825 -0.015637 0.506521 0.417683 1 40 1.000000
  40 -23.273663 0.567110 -20.441681 -0.001593 -0.999624 -0.027357 0.504847 0.417826 1 40 1.000000
  40 -24.362270 0.633775 -21.773167 -0.014082 -0.999160 -0.038479 0.433036 0.417769 1 40 1.000000
v_pistol_sheet
  40 -24.316763 0.621351 -21.459023 -0.015932 -0.999185 -0.037094 0.443625 0.417826 1 40 1.000000
  40 -24.362270 0.633775 -21.773167 -0.014082 -0.999160 -0.038479 0.433036 0.417769 1 40 1.000000
  40 -23.273663 0.567110 -20.441681 -0.001593 -0.999624 -0.027357 0.504847 0.417826 1 40 1.000000
v_pistol_sheet
  40 -24.362270 0.633775 -21.773167 -0.014082 -0.999160 -0.038479 0.433036 0.417769 1 40 1.000000
  40 -24.316763 0.621351 -21.459023 -0.015932 -0.999185 -0.037094 0.443625 0.417826 1 40 1.000000
  40 -25.158529 0.627512 -21.261982 -0.015896 -0.999192 -0.036915 0.424104 0.418025 1 40 1.000000
v_pistol_sheet
  40 -25.186396 0.615700 -20.929138 -0.016226 -0.999212 -0.036227 0.433036 0.418094 1 40 1.000000
  40 -25.158529 0.627512 -21.261982 -0.015896 -0.999192 -0.036915 0.424104 0.418025 1 40 1.000000
  40 -24.316763 0.621351 -21.459023 -0.015932 -0.999185 -0.037094 0.443625 0.417826 1 40 1.000000
v_pistol_sheet
  40 -24.888002 0.608825 -20.873987 -0.018642 -0.999255 -0.033805 0.443625 0.418050 1 40 1.000000
  40 -25.186396 0.615700 -20.929138 -0.016226 -0.999212 -0.036227 0.433036 0.418094 1 40 1.000000
  40 -24.316763 0.621351 -21.459023 -0.015932 -0.999185 -0.037094 0.443625 0.417826 1 40 1.000000
v_pistol_sheet
  40 -25.186396 0.615700 -20.929138 -0.016226 -0.999212 -0.036227 0.433036 0.418094 1 40 1.000000
  40 -24.888002 0.608825 -20.873987 -0.018642 -0.999255 -0.033805 0.443625 0.418050 1 40 1.000000
  40 -23.950476 0.552151 -19.691391 -0.006665 -0.999733 -0.022119 0.506521 0.418020 1 40 1.000000
v_pistol_sheet
  40 -23.844904 0.554584 -19.856646 0.005468 -0.999922 -0.011237 0.504847 0.418050 1 40 1.000000
  40 -23.950476 0.552151 -19.691391 -0.006665 -0.999733 -0.022119 0.506521 0.418020 1 40 1.000000
  40 -24.888002 0.608825 -20.873987 -0.018642 -0.999255 -0.033805 0.443625 0.418050 1 40 1.000000
v_pistol_sheet
  40 -23.950476 0.552151 -19.691391 -0.006665 -0.999733 -0.022119 0.506521 0.418020 1 40 1.000000
  40 -23.844904 0.554584 -19.856646 0.005468 -0.999922 -0.011237 0.504847 0.418050 1 40 1.000000
  40 -23.094034 0.570930 -20.568516 0.010218 -0.999825 -0.015637 0.506521 0.417683 1 40 1.000000
v_pistol_sheet
  40 -23.273663 0.567110 -20.441681 -0.001593 -0.999624 -0.027357 0.504847 0.417826 1 40 1.000000
  40 -23.094034 0.570930 -20.568516 0.010218 -0.999825 -0.015637 0.506521 0.417683 1 40 1.000000
  40 -23.844904 0.554584 -19.856646 0.005468 -0.999922 -0.011237 0.504847 0.418050 1 40 1.000000
v_pistol_sheet
  40 -25.158529 0.627512 -21.261982 -0.676696 -0.310909 -0.667396 0.424104 0.418025 1 40 1.000000
  40 -25.246983 1.006062 -21.348646 -0.701012 -0.186010 -0.688464 0.418317 0.402336 1 40 1.000000
  40 -24.694523 0.637688 -21.737194 -0.415569 -0.285742 -0.863513 0.424104 0.417842 1 40 1.000000
v_pistol_sheet
  40 -24.791372 1.016057 -21.815258 -0.499156 -0.070249 -0.863660 0.418317 0.402156 1 40 1.000000
  40 -24.788870 1.075984 -21.811535 -0.325092 0.072173 -0.942924 0.418407 0.399635 1 40 1.000000
  40 -24.443392 1.004077 -21.852840 0.260361 -0.047554 -0.964340 0.427687 0.402410 1 40 1.000000
v_pistol_sheet
  40 -24.440889 1.064008 -21.849119 0.323814 0.045172 -0.945042 0.427777 0.399889 1 40 1.000000
  40 -24.443392 1.004077 -21.852840 0.260361 -0.047554 -0.964340 0.427687 0.402410 1 40 1.000000
  40 -24.788870 1.075984 -21.811535 -0.325092 0.072173 -0.942924 0.418407 0.399635 1 40 1.000000
v_pistol_sheet
  40 -24.443392 1.004077 -21.852840 0.260361 -0.047554 -0.964340 0.427687 0.402410 1 40 1.000000
  40 -24.440889 1.064008 -21.849119 0.323814 0.045172 -0.945042 0.427777 0.399889 1 40 1.000000
  40 -23.054237 0.914966 -20.522293 0.692164 0.016393 -0.721554 0.508533 0.403151 1 40 1.000000
v_pistol_sheet
  40 -23.054237 0.914966 -20.522293 0.692164 0.016393 -0.721554 0.508533 0.403151 1 40 1.000000
  40 -23.094034 0.570930 -20.568516 0.690409 0.005846 -0.723396 0.506521 0.417683 1 40 1.000000
  40 -24.443392 1.004077 -21.852840 0.260361 -0.047554 -0.964340 0.427687 0.402410 1 40 1.000000
v_pistol_sheet
  40 -24.362270 0.633775 -21.773167 0.322023 -0.131186 -0.937599 0.433036 0.417769 1 40 1.000000
  40 -24.443392 1.004077 -21.852840 0.260361 -0.047554 -0.964340 0.427687 0.402410 1 40 1.000000
  40 -23.094034 0.570930 -20.568516 0.690409 0.005846 -0.723396 0.506521 0.417683 1 40 1.000000
v_pistol_sheet
  40 -24.694523 0.637688 -21.737194 -0.415569 -0.285742 -0.863513 0.424104 0.417842 1 40 1.000000
  40 -24.443392 1.004077 -21.852840 0.260361 -0.047554 -0.964340 0.427687 0.402410 1 40 1.000000
  40 -24.362270 0.633775 -21.773167 0.322023 -0.131186 -0.937599 0.433036 0.417769 1 40 1.000000
v_pistol_sheet
  40 -24.443392 1.004077 -21.852840 0.260361 -0.047554 -0.964340 0.427687 0.402410 1 40 1.000000
  40 -24.694523 0.637688 -21.737194 -0.415569 -0.285742 -0.863513 0.424104 0.417842 1 40 1.000000
  40 -24.791372 1.016057 -21.815258 -0.499156 -0.070249 -0.863660 0.418317 0.402156 1 40 1.000000
v_pistol_sheet
  40 -24.791372 1.016057 -21.815258 -0.499156 -0.070249 -0.863660 0.418317 0.402156 1 40 1.000000
  40 -24.694523 0.637688 -21.737194 -0.415569 -0.285742 -0.863513 0.424104 0.417842 1 40 1.000000
  40 -25.246983 1.006062 -21.348646 -0.701012 -0.186010 -0.688464 0.418317 0.402336 1 40 1.000000
v_pistol_sheet
  40 -25.246983 1.006062 -21.348646 -0.701012 -0.186010 -0.688464 0.418317 0.402336 1 40 1.000000
  40 -25.244480 1.065993 -21.344915 -0.714361 0.073120 -0.695947 0.418407 0.399814 1 40 1.000000
  40 -24.791372 1.016057 -21.815258 -0.499156 -0.070249 -0.863660 0.418317 0.402156 1 40 1.000000
v_pistol_sheet
  40 -24.788870 1.075984 -21.811535 -0.325092 0.072173 -0.942924 0.418407 0.399635 1 40 1.000000
  40 -24.791372 1.016057 -21.815258 -0.499156 -0.070249 -0.863660 0.418317 0.402156 1 40 1.000000
  40 -25.244480 1.065993 -21.344915 -0.714361 0.073120 -0.695947 0.418407 0.399814 1 40 1.000000
v_pistol_sheet
  23 -29.467682 -2.749792 -26.853544 0.015993 0.999187 0.037010 0.251597 0.156552 1 23 1.000000
  23 -30.207407 -2.769514 -26.001350 0.015993 0.999187 0.037010 0.165195 0.168412 1 23 1.000000
  23 -29.420368 -2.752256 -26.807398 0.015993 0.999187 0.037010 0.251597 0.168412 1 23 1.000000
v_pistol_sheet
  23 -29.467682 -2.749792 -26.853544 0.015993 0.999187 0.037010 0.251597 0.156552 1 23 1.000000
  23 -30.254723 -2.767050 -26.047501 0.015993 0.999187 0.037010 0.165195 0.156552 1 23 1.000000
  23 -30.207407 -2.769514 -26.001350 0.015993 0.999187 0.037010 0.165195 0.168412 1 23 1.000000
v_pistol_sheet
  23 -25.196911 -1.348749 -21.678497 -0.580539 0.317764 -0.749667 0.578169 0.238328 1 23 1.000000
  23 -25.028776 -2.085269 -22.143353 0.083715 0.692462 -0.716581 0.558535 0.321406 1 23 1.000000
  23 -25.453915 -2.065208 -21.811741 -0.574140 0.339249 -0.745166 0.550365 0.318958 1 23 1.000000
v_pistol_sheet
  23 -25.196911 -1.348749 -21.678497 -0.580539 0.317764 -0.749667 0.578169 0.238328 1 23 1.000000
  23 -24.879589 -1.375932 -21.940449 -0.381069 0.300723 -0.874273 0.583198 0.241563 1 23 1.000000
  23 -25.028776 -2.085269 -22.143353 0.083715 0.692462 -0.716581 0.558535 0.321406 1 23 1.000000
v_pistol_sheet
  23 -25.233896 -2.413568 -22.345449 -0.375173 -0.206340 -0.903697 0.523505 0.357105 1 23 1.000000
  23 -24.978065 -3.034073 -22.565826 0.266967 0.222067 -0.937771 0.533646 0.428455 1 23 1.000000
  23 -25.489016 -2.555021 -22.179800 -0.538928 -0.688262 -0.485646 0.511087 0.385839 1 23 1.000000
v_pistol_sheet
  23 -25.233896 -2.413568 -22.345449 -0.375173 -0.206340 -0.903697 0.523505 0.357105 1 23 1.000000
  23 -25.204855 -2.207952 -22.312412 0.351819 0.487932 -0.798841 0.532251 0.336479 1 23 1.000000
  23 -24.978065 -3.034073 -22.565826 0.266967 0.222067 -0.937771 0.533646 0.428455 1 23 1.000000
v_pistol_sheet
  23 -25.204855 -2.207952 -22.312412 0.351819 0.487932 -0.798841 0.532251 0.336479 1 23 1.000000
  23 -25.028776 -2.085269 -22.143353 0.083715 0.692462 -0.716581 0.558535 0.321406 1 23 1.000000
  23 -24.978065 -3.034073 -22.565826 0.266967 0.222067 -0.937771 0.533646 0.428455 1 23 1.000000
v_pistol_sheet
  23 -25.353676 -2.089279 -22.234386 0.283563 0.909445 -0.304140 0.525661 0.322918 1 23 1.000000
  23 -25.028776 -2.085269 -22.143353 0.083715 0.692462 -0.716581 0.558535 0.321406 1 23 1.000000
  23 -25.204855 -2.207952 -22.312412 0.351819 0.487932 -0.798841 0.532251 0.336479 1 23 1.000000
v_pistol_sheet
  23 -25.015972 -0.482334 -21.483271 -0.595749 0.216644 -0.773400 0.604112 0.140996 1 23 1.000000
  23 -24.879589 -1.375932 -21.940449 -0.381069 0.300723 -0.874273 0.583198 0.241563 1 23 1.000000
  23 -25.196911 -1.348749 -21.678497 -0.580539 0.317764 -0.749667 0.578169 0.238328 1 23 1.000000
v_pistol_sheet
  23 -25.015972 -0.482334 -21.483271 -0.595749 0.216644 -0.773400 0.604112 0.140996 1 23 1.000000
  23 -24.687202 -0.478685 -21.733387 -0.294531 0.159646 -0.942213 0.610841 0.140738 1 23 1.000000
  23 -24.879589 -1.375932 -21.940449 -0.381069 0.300723 -0.874273 0.583198 0.241563 1 23 1.000000
v_pistol_sheet
  23 -24.687202 -0.478685 -21.733387 -0.294531 0.159646 -0.942213 0.610841 0.140738 1 23 1.000000
  23 -25.028776 -2.085269 -22.143353 0.083715 0.692462 -0.716581 0.558535 0.321406 1 23 1.000000
  23 -24.879589 -1.375932 -21.940449 -0.381069 0.300723 -0.874273 0.583198 0.241563 1 23 1.000000
v_pistol_sheet
  23 -24.687202 -0.478685 -21.733387 -0.294531 0.159646 -0.942213 0.610841 0.140738 1 23 1.000000
  23 -24.616508 -2.486768 -22.160566 0.609360 0.093184 -0.787399 0.591639 0.365117 1 23 1.000000
  23 -25.028776 -2.085269 -22.143353 0.083715 0.692462 -0.716581 0.558535 0.321406 1 23 1.000000
v_pistol_sheet
  23 -24.978065 -3.034073 -22.565826 0.266967 0.222067 -0.937771 0.533646 0.428455 1 23 1.000000
  23 -25.028776 -2.085269 -22.143353 0.083715 0.692462 -0.716581 0.558535 0.321406 1 23 1.000000
  23 -24.616508 -2.486768 -22.160566 0.609360 0.093184 -0.787399 0.591639 0.365117 1 23 1.000000
v_pistol_sheet
  23 -24.616508 -2.486768 -22.160566 0.609360 0.093184 -0.787399 0.591639 0.365117 1 23 1.000000
  23 -24.763594 -3.120927 -22.357807 0.740385 0.082838 -0.667059 0.567271 0.436586 1 23 1.000000
  23 -24.978065 -3.034073 -22.565826 0.266967 0.222067 -0.937771 0.533646 0.428455 1 23 1.000000
v_pistol_sheet
  23 -24.978065 -3.034073 -22.565826 0.266967 0.222067 -0.937771 0.533646 0.428455 1 23 1.000000
  23 -24.763594 -3.120927 -22.357807 0.740385 0.082838 -0.667059 0.567271 0.436586 1 23 1.000000
  23 -24.969076 -3.759064 -22.612059 0.703792 0.057671 -0.708061 0.533857 0.502750 1 23 1.000000
v_pistol_sheet
  23 -24.543385 -3.210102 -22.144222 0.708864 0.121825 -0.694745 0.601710 0.445222 1 23 1.000000
  23 -24.969076 -3.759064 -22.612059 0.703792 0.057671 -0.708061 0.533857 0.502750 1 23 1.000000
  23 -24.763594 -3.120927 -22.357807 0.740385 0.082838 -0.667059 0.567271 0.436586 1 23 1.000000
v_pistol_sheet
  23 -24.543385 -3.210102 -22.144222 0.708864 0.121825 -0.694745 0.601710 0.445222 1 23 1.000000
  23 -23.739073 -3.830208 -21.412582 0.703768 0.105960 -0.702484 0.724956 0.503548 1 23 1.000000
  23 -24.969076 -3.759064 -22.612059 0.703792 0.057671 -0.708061 0.533857 0.502750 1 23 1.000000
v_pistol_sheet
  23 -23.520416 -3.190043 -21.074486 0.774287 0.265822 -0.574298 0.765911 0.436829 1 23 1.000000
  23 -23.739073 -3.830208 -21.412582 0.703768 0.105960 -0.702484 0.724956 0.503548 1 23 1.000000
  23 -24.543385 -3.210102 -22.144222 0.708864 0.121825 -0.694745 0.601710 0.445222 1 23 1.000000
v_pistol_sheet
  23 -22.713539 -3.784327 -20.394848 0.987394 0.098144 -0.124183 0.882378 0.502114 1 23 1.000000
  23 -23.739073 -3.830208 -21.412582 0.703768 0.105960 -0.702484 0.724956 0.503548 1 23 1.000000
  23 -23.520416 -3.190043 -21.074486 0.774287 0.265822 -0.574298 0.765911 0.436829 1 23 1.000000
v_pistol_sheet
  23 -22.713539 -3.784327 -20.394848 0.987394 0.098144 -0.124183 0.882378 0.502114 1 23 1.000000
  23 -23.520416 -3.190043 -21.074486 0.774287 0.265822 -0.574298 0.765911 0.436829 1 23 1.000000
  23 -22.900686 -3.325857 -20.418114 0.687798 0.697458 -0.201213 0.866643 0.448147 1 23 1.000000
v_pistol_sheet
  23 -22.900686 -3.325857 -20.418114 0.687798 0.697458 -0.201213 0.866643 0.448147 1 23 1.000000
  23 -22.832056 -3.368410 -20.210949 0.850595 0.443314 0.282772 0.888339 0.451974 1 23 1.000000
  23 -22.713539 -3.784327 -20.394848 0.987394 0.098144 -0.124183 0.882378 0.502114 1 23 1.000000
v_pistol_sheet
  23 -22.969122 -3.326243 -20.052292 0.579566 0.678166 0.451879 0.889570 0.447034 1 23 1.000000
  23 -22.832056 -3.368410 -20.210949 0.850595 0.443314 0.282772 0.888339 0.451974 1 23 1.000000
  23 -22.900686 -3.325857 -20.418114 0.687798 0.697458 -0.201213 0.866643 0.448147 1 23 1.000000
v_pistol_sheet
  23 -22.969122 -3.326243 -20.052292 0.579566 0.678166 0.451879 0.889570 0.447034 1 23 1.000000
  23 -22.900686 -3.325857 -20.418114 0.687798 0.697458 -0.201213 0.866643 0.448147 1 23 1.000000
  23 -23.569027 -2.995235 -20.314655 0.510906 0.768393 0.385418 0.858805 0.412581 1 23 1.000000
v_pistol_sheet
  23 -22.969122 -3.326243 -20.052292 0.579566 0.678166 0.451879 0.889570 0.447034 1 23 1.000000
  23 -23.569027 -2.995235 -20.314655 0.510906 0.768393 0.385418 0.858805 0.412581 1 23 1.000000
  23 -23.805210 -3.007043 -20.179365 -0.030828 0.591854 0.805456 0.811922 0.413945 1 23 1.000000
v_pistol_sheet
  23 -22.969122 -3.326243 -20.052292 0.579566 0.678166 0.451879 0.889570 0.447034 1 23 1.000000
  23 -23.805210 -3.007043 -20.179365 -0.030828 0.591854 0.805456 0.811922 0.413945 1 23 1.000000
  23 -23.315920 -3.334701 -19.702045 0.126816 0.611102 0.781327 0.889192 0.447508 1 23 1.000000
v_pistol_sheet
  23 -23.805210 -3.007043 -20.179365 -0.030828 0.591854 0.805456 0.811922 0.413945 1 23 1.000000
  23 -23.560579 -3.349882 -19.742792 -0.285811 0.554674 0.781440 0.866643 0.449897 1 23 1.000000
  23 -23.315920 -3.334701 -19.702045 0.126816 0.611102 0.781327 0.889192 0.447508 1 23 1.000000
v_pistol_sheet
  23 -22.713539 -3.784327 -20.394848 0.987394 0.098144 -0.124183 0.882378 0.502114 1 23 1.000000
  23 -22.731705 -3.884628 -20.430136 0.695034 0.133915 -0.706396 0.881456 0.503775 1 23 1.000000
  23 -23.739073 -3.830208 -21.412582 0.703768 0.105960 -0.702484 0.724956 0.503548 1 23 1.000000
v_pistol_sheet
  23 -24.687202 -0.478685 -21.733387 -0.294531 0.159646 -0.942213 0.610841 0.140738 1 23 1.000000
  23 -25.015972 -0.482334 -21.483271 -0.595749 0.216644 -0.773400 0.604112 0.140996 1 23 1.000000
  23 -24.936308 0.436057 -21.385822 -0.600824 0.135707 -0.787778 0.614205 0.038472 1 23 1.000000
v_pistol_sheet
  23 -24.543385 -3.210102 -22.144222 0.708864 0.121825 -0.694745 0.601710 0.445222 1 23 1.000000
  23 -24.597977 -2.993954 -22.115608 0.736075 0.118946 -0.666367 0.598695 0.421240 1 23 1.000000
  23 -23.553871 -2.924667 -21.124176 0.839790 0.091172 -0.535202 0.758301 0.407612 1 23 1.000000
v_pistol_sheet
  23 -23.520416 -3.190043 -21.074486 0.774287 0.265822 -0.574298 0.765911 0.436829 1 23 1.000000
  23 -24.543385 -3.210102 -22.144222 0.708864 0.121825 -0.694745 0.601710 0.445222 1 23 1.000000
  23 -23.553871 -2.924667 -21.124176 0.839790 0.091172 -0.535202 0.758301 0.407612 1 23 1.000000
v_pistol_sheet
  23 -23.439241 -2.999018 -20.554173 0.732129 0.680855 0.020575 0.811922 0.413564 1 23 1.000000
  23 -23.520416 -3.190043 -21.074486 0.774287 0.265822 -0.574298 0.765911 0.436829 1 23 1.000000
  23 -23.553871 -2.924667 -21.124176 0.839790 0.091172 -0.535202 0.758301 0.407612 1 23 1.000000
v_pistol_sheet
  23 -23.439241 -2.999018 -20.554173 0.732129 0.680855 0.020575 0.811922 0.413564 1 23 1.000000
  23 -22.900686 -3.325857 -20.418114 0.687798 0.697458 -0.201213 0.866643 0.448147 1 23 1.000000
  23 -23.520416 -3.190043 -21.074486 0.774287 0.265822 -0.574298 0.765911 0.436829 1 23 1.000000
v_pistol_sheet
  23 -23.439241 -2.999018 -20.554173 0.732129 0.680855 0.020575 0.811922 0.413564 1 23 1.000000
  23 -23.569027 -2.995235 -20.314655 0.510906 0.768393 0.385418 0.858805 0.412581 1 23 1.000000
  23 -22.900686 -3.325857 -20.418114 0.687798 0.697458 -0.201213 0.866643 0.448147 1 23 1.000000
v_pistol_sheet
  23 -23.439241 -2.999018 -20.554173 0.732129 0.680855 0.020575 0.811922 0.413564 1 23 1.000000
  23 -23.553871 -2.924667 -21.124176 0.839790 0.091172 -0.535202 0.758301 0.407612 1 23 1.000000
  23 -23.546860 -2.833696 -20.632469 0.945486 0.278950 0.168056 0.796611 0.395730 1 23 1.000000
v_pistol_sheet
  23 -23.315920 -3.334701 -19.702045 0.126816 0.611102 0.781327 0.889192 0.447508 1 23 1.000000
  23 -23.560579 -3.349882 -19.742792 -0.285811 0.554674 0.781440 0.866643 0.449897 1 23 1.000000
  23 -23.593245 -3.823148 -19.534233 -0.224564 0.379586 0.897488 0.882175 0.501783 1 23 1.000000
v_pistol_sheet
  23 -23.593245 -3.823148 -19.534233 -0.224564 0.379586 0.897488 0.882175 0.501783 1 23 1.000000
  23 -23.560579 -3.349882 -19.742792 -0.285811 0.554674 0.781440 0.866643 0.449897 1 23 1.000000
  23 -24.329971 -3.207862 -20.245382 -0.345368 0.449283 0.823933 0.765911 0.437679 1 23 1.000000
v_pistol_sheet
  23 -23.805210 -3.007043 -20.179365 -0.030828 0.591854 0.805456 0.811922 0.413945 1 23 1.000000
  23 -24.329971 -3.207862 -20.245382 -0.345368 0.449283 0.823933 0.765911 0.437679 1 23 1.000000
  23 -23.560579 -3.349882 -19.742792 -0.285811 0.554674 0.781440 0.866643 0.449897 1 23 1.000000
v_pistol_sheet
  23 -24.329971 -3.207862 -20.245382 -0.345368 0.449283 0.823933 0.765911 0.437679 1 23 1.000000
  23 -23.805210 -3.007043 -20.179365 -0.030828 0.591854 0.805456 0.811922 0.413945 1 23 1.000000
  23 -24.284679 -2.708922 -20.391886 -0.224737 0.096911 0.969588 0.756089 0.382692 1 23 1.000000
v_pistol_sheet
  23 -23.887169 -2.651952 -20.302292 0.076881 -0.065032 0.994917 0.794406 0.375138 1 23 1.000000
  23 -24.284679 -2.708922 -20.391886 -0.224737 0.096911 0.969588 0.756089 0.382692 1 23 1.000000
  23 -23.805210 -3.007043 -20.179365 -0.030828 0.591854 0.805456 0.811922 0.413945 1 23 1.000000
v_pistol_sheet
  23 -24.284679 -2.708922 -20.391886 -0.224737 0.096911 0.969588 0.756089 0.382692 1 23 1.000000
  23 -23.887169 -2.651952 -20.302292 0.076881 -0.065032 0.994917 0.794406 0.375138 1 23 1.000000
  23 -23.919926 -0.912361 -19.795855 -0.228188 -0.233140 0.945292 0.823880 0.180206 1 23 1.000000
v_pistol_sheet
  23 -23.887169 -2.651952 -20.302292 0.076881 -0.065032 0.994917 0.794406 0.375138 1 23 1.000000
  23 -23.523085 -0.975429 -19.702505 0.110182 -0.243918 0.963517 0.862931 0.185971 1 23 1.000000
  23 -23.919926 -0.912361 -19.795855 -0.228188 -0.233140 0.945292 0.823880 0.180206 1 23 1.000000
v_pistol_sheet
  23 -23.919926 -0.912361 -19.795855 -0.228188 -0.233140 0.945292 0.823880 0.180206 1 23 1.000000
  23 -23.523085 -0.975429 -19.702505 0.110182 -0.243918 0.963517 0.862931 0.185971 1 23 1.000000
  23 -23.666758 0.486335 -19.518707 -0.137399 -0.136854 0.981016 0.859717 0.023302 1 23 1.000000
v_pistol_sheet
  23 -23.251930 0.585753 -19.495628 0.272844 -0.174982 0.946011 0.894077 0.011234 1 23 1.000000
  23 -23.666758 0.486335 -19.518707 -0.137399 -0.136854 0.981016 0.859717 0.023302 1 23 1.000000
  23 -23.523085 -0.975429 -19.702505 0.110182 -0.243918 0.963517 0.862931 0.185971 1 23 1.000000
v_pistol_sheet
  23 -24.543385 -3.210102 -22.144222 0.708864 0.121825 -0.694745 0.601710 0.445222 1 23 1.000000
  23 -24.763594 -3.120927 -22.357807 0.740385 0.082838 -0.667059 0.567271 0.436586 1 23 1.000000
  23 -24.597977 -2.993954 -22.115608 0.736075 0.118946 -0.666367 0.598695 0.421240 1 23 1.000000
v_pistol_sheet
  23 -24.616508 -2.486768 -22.160566 0.609360 0.093184 -0.787399 0.591639 0.365117 1 23 1.000000
  23 -24.597977 -2.993954 -22.115608 0.736075 0.118946 -0.666367 0.598695 0.421240 1 23 1.000000
  23 -24.763594 -3.120927 -22.357807 0.740385 0.082838 -0.667059 0.567271 0.436586 1 23 1.000000
v_pistol_sheet
  23 -24.616508 -2.486768 -22.160566 0.609360 0.093184 -0.787399 0.591639 0.365117 1 23 1.000000
  23 -23.553871 -2.924667 -21.124176 0.839790 0.091172 -0.535202 0.758301 0.407612 1 23 1.000000
  23 -24.597977 -2.993954 -22.115608 0.736075 0.118946 -0.666367 0.598695 0.421240 1 23 1.000000
v_pistol_sheet
  23 -23.560356 -2.694060 -21.133759 0.907407 -0.046453 -0.417678 0.756089 0.382051 1 23 1.000000
  23 -23.553871 -2.924667 -21.124176 0.839790 0.091172 -0.535202 0.758301 0.407612 1 23 1.000000
  23 -24.616508 -2.486768 -22.160566 0.609360 0.093184 -0.787399 0.591639 0.365117 1 23 1.000000
v_pistol_sheet
  23 -23.560356 -2.694060 -21.133759 0.907407 -0.046453 -0.417678 0.756089 0.382051 1 23 1.000000
  23 -23.546860 -2.833696 -20.632469 0.945486 0.278950 0.168056 0.796611 0.395730 1 23 1.000000
  23 -23.553871 -2.924667 -21.124176 0.839790 0.091172 -0.535202 0.758301 0.407612 1 23 1.000000
v_pistol_sheet
  23 -23.560356 -2.694060 -21.133759 0.907407 -0.046453 -0.417678 0.756089 0.382051 1 23 1.000000
  23 -23.571680 -2.645034 -20.625404 0.969825 -0.120408 0.211993 0.794406 0.374810 1 23 1.000000
  23 -23.546860 -2.833696 -20.632469 0.945486 0.278950 0.168056 0.796611 0.395730 1 23 1.000000
v_pistol_sheet
  23 -22.999311 -0.963946 -20.238928 0.972742 -0.217820 0.079550 0.862931 0.185426 1 23 1.000000
  23 -23.571680 -2.645034 -20.625404 0.969825 -0.120408 0.211993 0.794406 0.374810 1 23 1.000000
  23 -23.560356 -2.694060 -21.133759 0.907407 -0.046453 -0.417678 0.756089 0.382051 1 23 1.000000
v_pistol_sheet
  23 -22.999311 -0.963946 -20.238928 0.972742 -0.217820 0.079550 0.862931 0.185426 1 23 1.000000
  23 -23.560356 -2.694060 -21.133759 0.907407 -0.046453 -0.417678 0.756089 0.382051 1 23 1.000000
  23 -23.103521 -0.894460 -20.631977 0.847337 -0.074771 -0.525766 0.823880 0.179356 1 23 1.000000
v_pistol_sheet
  23 -22.999311 -0.963946 -20.238928 0.972742 -0.217820 0.079550 0.862931 0.185426 1 23 1.000000
  23 -23.103521 -0.894460 -20.631977 0.847337 -0.074771 -0.525766 0.823880 0.179356 1 23 1.000000
  23 -23.065294 0.513761 -20.564497 0.766979 -0.005126 -0.641651 0.826330 0.022636 1 23 1.000000
v_pistol_sheet
  23 -23.065294 0.513761 -20.564497 0.766979 -0.005126 -0.641651 0.826330 0.022636 1 23 1.000000
  23 -23.103521 -0.894460 -20.631977 0.847337 -0.074771 -0.525766 0.823880 0.179356 1 23 1.000000
  23 -24.228867 -0.536561 -21.723122 0.399969 0.053865 -0.914944 0.648317 0.146085 1 23 1.000000
v_pistol_sheet
  23 -23.065294 0.513761 -20.564497 0.766979 -0.005126 -0.641651 0.826330 0.022636 1 23 1.000000
  23 -24.228867 -0.536561 -21.723122 0.399969 0.053865 -0.914944 0.648317 0.146085 1 23 1.000000
  23 -24.316694 0.569209 -21.785202 0.380063 -0.019507 -0.924755 0.631948 0.023705 1 23 1.000000
v_pistol_sheet
  23 -24.316694 0.569209 -21.785202 0.380063 -0.019507 -0.924755 0.631948 0.023705 1 23 1.000000
  23 -24.228867 -0.536561 -21.723122 0.399969 0.053865 -0.914944 0.648317 0.146085 1 23 1.000000
  23 -24.687202 -0.478685 -21.733387 -0.294531 0.159646 -0.942213 0.610841 0.140738 1 23 1.000000
v_pistol_sheet
  23 -24.316694 0.569209 -21.785202 0.380063 -0.019507 -0.924755 0.631948 0.023705 1 23 1.000000
  23 -24.687202 -0.478685 -21.733387 -0.294531 0.159646 -0.942213 0.610841 0.140738 1 23 1.000000
  23 -24.555698 0.444404 -21.775623 0.005922 -0.051474 -0.998657 0.614205 0.038076 1 23 1.000000
v_pistol_sheet
  23 -24.687202 -0.478685 -21.733387 -0.294531 0.159646 -0.942213 0.610841 0.140738 1 23 1.000000
  23 -24.228867 -0.536561 -21.723122 0.399969 0.053865 -0.914944 0.648317 0.146085 1 23 1.000000
  23 -24.616508 -2.486768 -22.160566 0.609360 0.093184 -0.787399 0.591639 0.365117 1 23 1.000000
v_pistol_sheet
  23 -23.103521 -0.894460 -20.631977 0.847337 -0.074771 -0.525766 0.823880 0.179356 1 23 1.000000
  23 -24.616508 -2.486768 -22.160566 0.609360 0.093184 -0.787399 0.591639 0.365117 1 23 1.000000
  23 -24.228867 -0.536561 -21.723122 0.399969 0.053865 -0.914944 0.648317 0.146085 1 23 1.000000
v_pistol_sheet
  23 -23.103521 -0.894460 -20.631977 0.847337 -0.074771 -0.525766 0.823880 0.179356 1 23 1.000000
  23 -23.560356 -2.694060 -21.133759 0.907407 -0.046453 -0.417678 0.756089 0.382051 1 23 1.000000
  23 -24.616508 -2.486768 -22.160566 0.609360 0.093184 -0.787399 0.591639 0.365117 1 23 1.000000
v_pistol_sheet
  23 -22.819422 0.595236 -19.938583 0.938850 0.254099 0.232365 0.894077 0.010783 1 23 1.000000
  23 -22.999311 -0.963946 -20.238928 0.972742 -0.217820 0.079550 0.862931 0.185426 1 23 1.000000
  23 -22.850351 0.504236 -20.354830 0.926568 0.172873 -0.334045 0.859717 0.022452 1 23 1.000000
v_pistol_sheet
  23 -22.999311 -0.963946 -20.238928 0.972742 -0.217820 0.079550 0.862931 0.185426 1 23 1.000000
  23 -23.065294 0.513761 -20.564497 0.766979 -0.005126 -0.641651 0.826330 0.022636 1 23 1.000000
  23 -22.850351 0.504236 -20.354830 0.926568 0.172873 -0.334045 0.859717 0.022452 1 23 1.000000
v_pistol_sheet
  23 -23.025385 0.775192 -20.512825 0.832573 0.249442 -0.494572 0.832429 -0.006674 1 23 1.000000
  23 -22.850351 0.504236 -20.354830 0.926568 0.172873 -0.334045 0.859717 0.022452 1 23 1.000000
  23 -23.065294 0.513761 -20.564497 0.766979 -0.005126 -0.641651 0.826330 0.022636 1 23 1.000000
v_pistol_sheet
  23 -23.025385 0.775192 -20.512825 0.832573 0.249442 -0.494572 0.832429 -0.006674 1 23 1.000000
  23 -22.942860 0.752941 -20.228062 0.868557 0.470248 -0.156448 0.861164 -0.005412 1 23 1.000000
  23 -22.850351 0.504236 -20.354830 0.926568 0.172873 -0.334045 0.859717 0.022452 1 23 1.000000
v_pistol_sheet
  23 -22.949482 0.749264 -19.950090 0.759559 0.625608 0.178002 0.882207 -0.005985 1 23 1.000000
  23 -22.850351 0.504236 -20.354830 0.926568 0.172873 -0.334045 0.859717 0.022452 1 23 1.000000
  23 -22.942860 0.752941 -20.228062 0.868557 0.470248 -0.156448 0.861164 -0.005412 1 23 1.000000
v_pistol_sheet
  23 -22.949482 0.749264 -19.950090 0.759559 0.625608 0.178002 0.882207 -0.005985 1 23 1.000000
  23 -22.819422 0.595236 -19.938583 0.938850 0.254099 0.232365 0.894077 0.010783 1 23 1.000000
  23 -22.850351 0.504236 -20.354830 0.926568 0.172873 -0.334045 0.859717 0.022452 1 23 1.000000
v_pistol_sheet
  23 -22.982479 0.598287 -19.664995 0.666279 0.301390 0.682082 0.940960 0.009835 1 23 1.000000
  23 -22.819422 0.595236 -19.938583 0.938850 0.254099 0.232365 0.894077 0.010783 1 23 1.000000
  23 -22.949482 0.749264 -19.950090 0.759559 0.625608 0.178002 0.882207 -0.005985 1 23 1.000000
v_pistol_sheet
  23 -22.982479 0.598287 -19.664995 0.666279 0.301390 0.682082 0.940960 0.009835 1 23 1.000000
  23 -22.949482 0.749264 -19.950090 0.759559 0.625608 0.178002 0.882207 -0.005985 1 23 1.000000
  23 -23.108313 0.745782 -19.787424 0.459797 0.728370 0.508000 0.882207 -0.005820 1 23 1.000000
v_pistol_sheet
  23 -23.251930 0.585753 -19.495628 0.324961 0.752604 0.572702 0.894077 0.011234 1 23 1.000000
  23 -22.982479 0.598287 -19.664995 0.666279 0.301390 0.682082 0.940960 0.009835 1 23 1.000000
  23 -23.108313 0.745782 -19.787424 0.459797 0.728370 0.508000 0.882207 -0.005820 1 23 1.000000
v_pistol_sheet
  23 -28.632935 -3.019791 -26.186689 0.682129 0.252330 -0.686316 0.303398 0.343893 1 23 1.000000
  23 -29.015598 -2.773315 -26.412624 0.645906 0.416070 -0.640071 0.295347 0.340264 1 23 1.000000
  23 -28.699968 -2.789743 -26.104788 0.646079 0.416869 -0.639377 0.310482 0.327772 1 23 1.000000
v_pistol_sheet
  23 -28.632935 -3.019791 -26.186689 0.682129 0.252330 -0.686316 0.303398 0.343893 1 23 1.000000
  23 -29.063847 -2.997384 -26.606960 0.681357 0.253872 -0.686514 0.282736 0.360949 1 23 1.000000
  23 -29.015598 -2.773315 -26.412624 0.645906 0.416070 -0.640071 0.295347 0.340264 1 23 1.000000
v_pistol_sheet
  23 -29.151398 -3.581514 -26.763077 0.696556 0.084130 -0.712553 0.275192 0.408974 1 23 1.000000
  23 -29.063847 -2.997384 -26.606960 0.681357 0.253872 -0.686514 0.282736 0.360949 1 23 1.000000
  23 -28.632935 -3.019791 -26.186689 0.682129 0.252330 -0.686316 0.303398 0.343893 1 23 1.000000
v_pistol_sheet
  23 -29.224028 -3.610546 -26.834927 0.696556 0.084130 -0.712553 0.271743 0.414293 1 23 1.000000
  23 -29.151398 -3.581514 -26.763077 0.696556 0.084130 -0.712553 0.275192 0.408974 1 23 1.000000
  23 -28.614513 -3.717638 -26.242785 0.698013 0.033314 -0.715309 0.301046 0.395784 1 23 1.000000
v_pistol_sheet
  23 -29.151398 -3.581514 -26.763077 0.696556 0.084130 -0.712553 0.275192 0.408974 1 23 1.000000
  23 -28.621849 -3.439742 -26.220446 0.697322 0.080074 -0.712271 0.301983 0.375120 1 23 1.000000
  23 -28.614513 -3.717638 -26.242785 0.698013 0.033314 -0.715309 0.301046 0.395784 1 23 1.000000
v_pistol_sheet
  23 -29.151398 -3.581514 -26.763077 0.696556 0.084130 -0.712553 0.275192 0.408974 1 23 1.000000
  23 -28.632935 -3.019791 -26.186689 0.682129 0.252330 -0.686316 0.303398 0.343893 1 23 1.000000
  23 -28.621849 -3.439742 -26.220446 0.697322 0.080074 -0.712271 0.301983 0.375120 1 23 1.000000
v_pistol_sheet
  23 -28.632935 -3.019791 -26.186689 0.682129 0.252330 -0.686316 0.303398 0.343893 1 23 1.000000
  23 -28.312544 -3.452345 -25.918736 0.698077 0.076017 -0.711977 0.316806 0.362620 1 23 1.000000
  23 -28.621849 -3.439742 -26.220446 0.697322 0.080074 -0.712271 0.301983 0.375120 1 23 1.000000
v_pistol_sheet
  23 -28.632935 -3.019791 -26.186689 0.682129 0.252330 -0.686316 0.303398 0.343893 1 23 1.000000
  23 -28.214069 -3.042118 -25.778175 0.682900 0.250784 -0.686116 0.323484 0.327356 1 23 1.000000
  23 -28.312544 -3.452345 -25.918736 0.698077 0.076017 -0.711977 0.316806 0.362620 1 23 1.000000
v_pistol_sheet
  23 -28.699968 -2.789743 -26.104788 0.646079 0.416869 -0.639377 0.310482 0.327772 1 23 1.000000
  23 -28.214069 -3.042118 -25.778175 0.682900 0.250784 -0.686116 0.323484 0.327356 1 23 1.000000
  23 -28.632935 -3.019791 -26.186689 0.682129 0.252330 -0.686316 0.303398 0.343893 1 23 1.000000
v_pistol_sheet
  23 -28.699968 -2.789743 -26.104788 0.646079 0.416869 -0.639377 0.310482 0.327772 1 23 1.000000
  23 -28.220913 -2.817661 -25.637600 0.646251 0.417667 -0.638681 0.333460 0.309035 1 23 1.000000
  23 -28.214069 -3.042118 -25.778175 0.682900 0.250784 -0.686116 0.323484 0.327356 1 23 1.000000
v_pistol_sheet
  23 -29.331427 -2.983471 -26.868000 0.681410 0.253852 -0.686469 0.269900 0.371540 1 23 1.000000
  23 -29.271828 -2.759980 -26.662525 0.646017 0.416030 -0.639986 0.283061 0.350404 1 23 1.000000
  23 -29.164162 -2.765587 -26.557518 0.646017 0.416030 -0.639986 0.288224 0.346143 1 23 1.000000
v_pistol_sheet
  23 -29.331427 -2.983471 -26.868000 0.681410 0.253852 -0.686469 0.269900 0.371540 1 23 1.000000
  23 -29.164162 -2.765587 -26.557518 0.646017 0.416030 -0.639986 0.288224 0.346143 1 23 1.000000
  23 -29.214249 -2.989563 -26.753647 0.681410 0.253852 -0.686469 0.275524 0.366901 1 23 1.000000
v_pistol_sheet
  23 -29.408405 -3.568150 -27.013741 0.696556 0.084130 -0.712553 0.262868 0.419146 1 23 1.000000
  23 -29.331427 -2.983471 -26.868000 0.681410 0.253852 -0.686469 0.269900 0.371540 1 23 1.000000
  23 -29.214249 -2.989563 -26.753647 0.681410 0.253852 -0.686469 0.275524 0.366901 1 23 1.000000
v_pistol_sheet
  23 -29.408405 -3.568150 -27.013741 0.696556 0.084130 -0.712553 0.262868 0.419146 1 23 1.000000
  23 -29.214249 -2.989563 -26.753647 0.681410 0.253852 -0.686469 0.275524 0.366901 1 23 1.000000
  23 -29.274000 -3.534126 -26.881388 0.696556 0.084130 -0.712553 0.269271 0.410772 1 23 1.000000
v_pistol_sheet
  23 -29.408405 -3.568150 -27.013741 0.696556 0.084130 -0.712553 0.262868 0.419146 1 23 1.000000
  23 -29.274000 -3.534126 -26.881388 0.696556 0.084130 -0.712553 0.269271 0.410772 1 23 1.000000
  23 -29.224028 -3.610546 -26.834927 0.696556 0.084130 -0.712553 0.271743 0.414293 1 23 1.000000
v_pistol_sheet
  23 -29.481043 -3.597182 -27.085592 0.696556 0.084130 -0.712553 0.259419 0.424465 1 23 1.000000
  23 -29.408405 -3.568150 -27.013741 0.696556 0.084130 -0.712553 0.262868 0.419146 1 23 1.000000
  23 -29.224028 -3.610546 -26.834927 0.696556 0.084130 -0.712553 0.271743 0.414293 1 23 1.000000
v_pistol_sheet
  23 -29.224028 -3.610546 -26.834927 0.696556 0.084130 -0.712553 0.271743 0.414293 1 23 1.000000
  23 -29.677544 -3.662360 -27.279564 0.698013 0.033314 -0.715309 0.250074 0.437858 1 23 1.000000
  23 -29.481043 -3.597182 -27.085592 0.696556 0.084130 -0.712553 0.259419 0.424465 1 23 1.000000
v_pistol_sheet
  23 -29.224028 -3.610546 -26.834927 0.696556 0.084130 -0.712553 0.271743 0.414293 1 23 1.000000
  23 -28.614513 -3.717638 -26.242785 0.698013 0.033314 -0.715309 0.301046 0.395784 1 23 1.000000
  23 -29.677544 -3.662360 -27.279564 0.698013 0.033314 -0.715309 0.250074 0.437858 1 23 1.000000
v_pistol_sheet
  23 -29.756039 -4.450395 -27.336746 0.683349 -0.171222 -0.709730 0.250404 0.499375 1 23 1.000000
  23 -29.677544 -3.662360 -27.279564 0.698013 0.033314 -0.715309 0.250074 0.437858 1 23 1.000000
  23 -28.614513 -3.717638 -26.242785 0.698013 0.033314 -0.715309 0.301046 0.395784 1 23 1.000000
v_pistol_sheet
  23 -29.756039 -4.450395 -27.336746 0.683349 -0.171222 -0.709730 0.250404 0.499375 1 23 1.000000
  23 -28.614513 -3.717638 -26.242785 0.698013 0.033314 -0.715309 0.301046 0.395784 1 23 1.000000
  23 -28.645338 -4.508156 -26.253321 0.683349 -0.171222 -0.709730 0.303674 0.455412 1 23 1.000000
v_pistol_sheet
  23 -28.710480 -4.755553 -26.199722 0.504639 -0.663180 -0.552749 0.310177 0.474981 1 23 1.000000
  23 -29.756039 -4.450395 -27.336746 0.683349 -0.171222 -0.709730 0.250404 0.499375 1 23 1.000000
  23 -28.645338 -4.508156 -26.253321 0.683349 -0.171222 -0.709730 0.303674 0.455412 1 23 1.000000
v_pistol_sheet
  23 -28.710480 -4.755553 -26.199722 0.504639 -0.663180 -0.552749 0.310177 0.474981 1 23 1.000000
  23 -29.821251 -4.697793 -27.283064 0.504639 -0.663180 -0.552749 0.256915 0.518945 1 23 1.000000
  23 -29.756039 -4.450395 -27.336746 0.683349 -0.171222 -0.709730 0.250404 0.499375 1 23 1.000000
v_pistol_sheet
  23 -28.902058 -4.884380 -26.010162 0.163945 -0.961768 -0.219374 0.329703 0.487750 1 23 1.000000
  23 -29.821251 -4.697793 -27.283064 0.504639 -0.663180 -0.552749 0.256915 0.518945 1 23 1.000000
  23 -28.710480 -4.755553 -26.199722 0.504639 -0.663180 -0.552749 0.310177 0.474981 1 23 1.000000
v_pistol_sheet
  23 -28.902058 -4.884380 -26.010162 0.163945 -0.961768 -0.219374 0.329703 0.487750 1 23 1.000000
  23 -29.928858 -4.830987 -27.011608 0.163945 -0.961768 -0.219374 0.280467 0.528390 1 23 1.000000
  23 -29.821251 -4.697793 -27.283064 0.504639 -0.663180 -0.552749 0.256915 0.518945 1 23 1.000000
v_pistol_sheet
  23 -29.928858 -4.830987 -27.011608 0.163945 -0.961768 -0.219374 0.280467 0.528390 1 23 1.000000
  23 -28.902058 -4.884380 -26.010162 0.163945 -0.961768 -0.219374 0.329703 0.487750 1 23 1.000000
  23 -29.117723 -4.916378 -25.790745 -0.015511 -0.999181 -0.037369 0.351759 0.493672 1 23 1.000000
v_pistol_sheet
  23 -29.928858 -4.830987 -27.011608 0.163945 -0.961768 -0.219374 0.280467 0.528390 1 23 1.000000
  23 -29.117723 -4.916378 -25.790745 -0.015511 -0.999181 -0.037369 0.351759 0.493672 1 23 1.000000
  23 -30.094584 -4.865582 -26.743481 -0.015511 -0.999181 -0.037369 0.304918 0.532336 1 23 1.000000
v_pistol_sheet
  23 -30.361389 -4.840581 -26.568638 -0.176917 -0.975685 0.129377 0.324739 0.536185 1 23 1.000000
  23 -30.094584 -4.865582 -26.743481 -0.015511 -0.999181 -0.037369 0.304918 0.532336 1 23 1.000000
  23 -29.117723 -4.916378 -25.790745 -0.015511 -0.999181 -0.037369 0.351759 0.493672 1 23 1.000000
v_pistol_sheet
  23 -30.361389 -4.840581 -26.568638 -0.176917 -0.975685 0.129377 0.324739 0.536185 1 23 1.000000
  23 -29.117723 -4.916378 -25.790745 -0.015511 -0.999181 -0.037369 0.351759 0.493672 1 23 1.000000
  23 -29.334587 -4.893975 -25.567192 -0.176917 -0.975685 0.129377 0.373974 0.495545 1 23 1.000000
v_pistol_sheet
  23 -29.334587 -4.893975 -25.567192 -0.176917 -0.975685 0.129377 0.373974 0.495545 1 23 1.000000
  23 -30.662287 -4.716237 -26.421721 -0.273375 -0.933881 0.230506 0.342999 0.534085 1 23 1.000000
  23 -30.361389 -4.840581 -26.568638 -0.176917 -0.975685 0.129377 0.324739 0.536185 1 23 1.000000
v_pistol_sheet
  23 -29.334587 -4.893975 -25.567192 -0.176917 -0.975685 0.129377 0.373974 0.495545 1 23 1.000000
  23 -29.551512 -4.773996 -25.338375 -0.273375 -0.933881 0.230506 0.396261 0.490121 1 23 1.000000
  23 -30.662287 -4.716237 -26.421721 -0.273375 -0.933881 0.230506 0.342999 0.534085 1 23 1.000000
v_pistol_sheet
  23 -29.677544 -3.662360 -27.279564 0.698013 0.033314 -0.715309 0.250074 0.437858 1 23 1.000000
  23 -29.531013 -3.520761 -27.132053 0.696556 0.084130 -0.712553 0.256947 0.420944 1 23 1.000000
  23 -29.481043 -3.597182 -27.085592 0.696556 0.084130 -0.712553 0.259419 0.424465 1 23 1.000000
v_pistol_sheet
  23 -29.677544 -3.662360 -27.279564 0.698013 0.033314 -0.715309 0.250074 0.437858 1 23 1.000000
  23 -29.470634 -2.976232 -27.003681 0.696556 0.084130 -0.712553 0.263232 0.377049 1 23 1.000000
  23 -29.531013 -3.520761 -27.132053 0.696556 0.084130 -0.712553 0.256947 0.420944 1 23 1.000000
v_pistol_sheet
  23 -29.677544 -3.662360 -27.279564 0.698013 0.033314 -0.715309 0.250074 0.437858 1 23 1.000000
  23 -29.467682 -2.749792 -26.853544 0.696556 0.084130 -0.712553 0.273670 0.358156 1 23 1.000000
  23 -29.470634 -2.976232 -27.003681 0.696556 0.084130 -0.712553 0.263232 0.377049 1 23 1.000000
v_pistol_sheet
  23 -29.467682 -2.749792 -26.853544 0.696556 0.084130 -0.712553 0.273670 0.358156 1 23 1.000000
  23 -29.420368 -2.752256 -26.807398 0.696556 0.084130 -0.712553 0.275938 0.356284 1 23 1.000000
  23 -29.470634 -2.976232 -27.003681 0.696556 0.084130 -0.712553 0.263232 0.377049 1 23 1.000000
v_pistol_sheet
  23 -29.677544 -3.662360 -27.279564 0.698013 0.033314 -0.715309 0.250074 0.437858 1 23 1.000000
  23 -29.558023 -2.971687 -27.088934 0.696556 0.084130 -0.712553 0.259040 0.380508 1 23 1.000000
  23 -29.467682 -2.749792 -26.853544 0.696556 0.084130 -0.712553 0.273670 0.358156 1 23 1.000000
v_pistol_sheet
  39 -23.451719 -5.387486 -20.117723 -0.015926 -0.999190 -0.036944 0.701579 0.656175 1 39 1.000000
  39 -23.358862 -5.383095 -20.276527 -0.015926 -0.999190 -0.036944 0.744340 0.669277 1 39 1.000000
  39 -23.327002 -5.384752 -20.245453 -0.015926 -0.999190 -0.036944 0.746631 0.655880 1 39 1.000000
v_pistol_sheet
  39 -23.451719 -5.387486 -20.117723 -0.015926 -0.999190 -0.036944 0.701579 0.656175 1 39 1.000000
  39 -23.483580 -5.385829 -20.148798 -0.015926 -0.999190 -0.036944 0.703171 0.669657 1 39 1.000000
  39 -23.358862 -5.383095 -20.276527 -0.015926 -0.999190 -0.036944 0.744340 0.669277 1 39 1.000000
v_pistol_sheet
  39 -23.453714 -5.487814 -20.121029 0.697811 0.009319 -0.716221 0.701602 0.681510 1 39 1.000000
  39 -23.483580 -5.385829 -20.148798 0.697811 0.009319 -0.716221 0.703171 0.669657 1 39 1.000000
  39 -23.451719 -5.387486 -20.117723 0.697811 0.009319 -0.716221 0.701579 0.656175 1 39 1.000000
v_pistol_sheet
  39 -23.453714 -5.487814 -20.121029 0.697811 0.009319 -0.716221 0.701602 0.681510 1 39 1.000000
  39 -23.485628 -5.486158 -20.152048 0.697811 0.009319 -0.716221 0.701251 0.698475 1 39 1.000000
  39 -23.483580 -5.385829 -20.148798 0.697811 0.009319 -0.716221 0.703171 0.669657 1 39 1.000000
v_pistol_sheet
  39 -23.642151 -5.493312 -19.991943 -0.274524 -0.933247 0.231703 0.645514 0.700164 1 39 1.000000
  39 -23.485628 -5.486158 -20.152048 -0.004319 -0.998797 -0.048848 0.701251 0.698475 1 39 1.000000
  39 -23.453714 -5.487814 -20.121029 -0.004319 -0.998797 -0.048848 0.701602 0.681510 1 39 1.000000
v_pistol_sheet
  39 -23.642151 -5.493312 -19.991943 -0.274524 -0.933247 0.231703 0.645514 0.700164 1 39 1.000000
  39 -23.453714 -5.487814 -20.121029 -0.004319 -0.998797 -0.048848 0.701602 0.681510 1 39 1.000000
  39 -23.610291 -5.494969 -19.960869 -0.274524 -0.933247 0.231703 0.645069 0.682820 1 39 1.000000
v_pistol_sheet
  39 -23.642151 -5.493312 -19.991943 -0.274524 -0.933247 0.231703 0.645514 0.700164 1 39 1.000000
  39 -23.610291 -5.494969 -19.960869 -0.274524 -0.933247 0.231703 0.645069 0.682820 1 39 1.000000
  39 -23.645048 -5.445578 -19.922600 -0.650975 -0.398284 0.646221 0.632142 0.670234 1 39 1.000000
v_pistol_sheet
  39 -23.642151 -5.493312 -19.991943 -0.274524 -0.933247 0.231703 0.645514 0.700164 1 39 1.000000
  39 -23.645048 -5.445578 -19.922600 -0.650975 -0.398284 0.646221 0.632142 0.670234 1 39 1.000000
  39 -23.676908 -5.443921 -19.953674 -0.650975 -0.398284 0.646221 0.605153 0.671749 1 39 1.000000
v_pistol_sheet
  39 -23.641151 -5.229469 -19.915071 -0.666910 0.261467 0.697759 0.631948 0.615660 1 39 1.000000
  39 -23.676908 -5.443921 -19.953674 -0.650975 -0.398284 0.646221 0.605153 0.671749 1 39 1.000000
  39 -23.645048 -5.445578 -19.922600 -0.650975 -0.398284 0.646221 0.632142 0.670234 1 39 1.000000
v_pistol_sheet
  39 -23.641151 -5.229469 -19.915071 -0.666910 0.261467 0.697759 0.631948 0.615660 1 39 1.000000
  39 -23.673012 -5.227812 -19.946146 -0.666910 0.261467 0.697759 0.604902 0.617417 1 39 1.000000
  39 -23.676908 -5.443921 -19.953674 -0.650975 -0.398284 0.646221 0.605153 0.671749 1 39 1.000000
v_pistol_sheet
  39 -23.630089 -5.204730 -19.925095 -0.207140 0.942378 0.262711 0.635763 0.609446 1 39 1.000000
  39 -23.673012 -5.227812 -19.946146 -0.666910 0.261467 0.697759 0.604902 0.617417 1 39 1.000000
  39 -23.641151 -5.229469 -19.915071 -0.666910 0.261467 0.697759 0.631948 0.615660 1 39 1.000000
v_pistol_sheet
  39 -23.630089 -5.204730 -19.925095 -0.207140 0.942378 0.262711 0.635763 0.609446 1 39 1.000000
  39 -23.661949 -5.203065 -19.956169 -0.325092 0.866140 0.379627 0.609821 0.609404 1 39 1.000000
  39 -23.673012 -5.227812 -19.946146 -0.666910 0.261467 0.697759 0.604902 0.617417 1 39 1.000000
v_pistol_sheet
  39 -23.508101 -5.128957 -20.825943 0.539641 -0.632073 -0.556121 0.652645 0.887930 1 39 1.000000
  39 -23.719212 -4.982100 -21.197710 0.539641 -0.632073 -0.556121 0.616509 0.865656 1 39 1.000000
  39 -23.392580 -4.990735 -20.877886 0.539641 -0.632073 -0.556121 0.657015 0.864719 1 39 1.000000
v_pistol_sheet
  39 -23.508101 -5.128957 -20.825943 0.539641 -0.632073 -0.556121 0.652645 0.887930 1 39 1.000000
  39 -23.763933 -5.119811 -21.091532 0.539641 -0.632073 -0.556121 0.619875 0.887398 1 39 1.000000
  39 -23.719212 -4.982100 -21.197710 0.539641 -0.632073 -0.556121 0.616509 0.865656 1 39 1.000000
v_pistol_sheet
  39 -26.404409 -4.485691 -23.643030 0.123212 -0.038629 0.991628 0.241028 0.878867 1 39 1.000000
  39 -26.345884 -4.841583 -23.643589 -0.192491 -0.033194 0.980737 0.218159 0.873774 1 39 1.000000
  39 -26.340237 -4.487179 -23.630486 -0.192491 -0.033194 0.980737 0.246472 0.874660 1 39 1.000000
v_pistol_sheet
  39 -26.345884 -4.841583 -23.643589 -0.192491 -0.033194 0.980737 0.218159 0.873774 1 39 1.000000
  39 -26.404409 -4.485691 -23.643030 0.123212 -0.038629 0.991628 0.241028 0.878867 1 39 1.000000
  39 -26.410057 -4.840094 -23.656136 0.461768 -0.040123 0.886093 0.212715 0.877980 1 39 1.000000
v_pistol_sheet
  39 -26.944166 -4.497528 -23.090240 0.897615 -0.030565 0.439719 0.318983 0.881400 1 39 1.000000
  39 -26.410057 -4.840094 -23.656136 0.461768 -0.040123 0.886093 0.223403 0.924519 1 39 1.000000
  39 -26.404409 -4.485691 -23.643030 0.123212 -0.038629 0.991628 0.223689 0.880776 1 39 1.000000
v_pistol_sheet
  39 -26.410057 -4.840094 -23.656136 0.461768 -0.040123 0.886093 0.223403 0.924519 1 39 1.000000
  39 -26.944166 -4.497528 -23.090240 0.897615 -0.030565 0.439719 0.318983 0.881400 1 39 1.000000
  39 -26.949814 -4.851931 -23.103344 0.994908 -0.019513 0.098879 0.318697 0.925143 1 39 1.000000
v_pistol_sheet
  39 -26.367205 -4.856533 -23.771326 0.221082 -0.939718 0.260868 0.205175 0.866722 1 39 1.000000
  39 -26.977726 -4.973691 -23.255489 0.595507 -0.557800 0.578127 0.207503 0.968446 1 39 1.000000
  39 -26.551434 -4.965187 -23.692434 0.595507 -0.557800 0.578127 0.197928 0.897694 1 39 1.000000
v_pistol_sheet
  39 -26.367205 -4.856533 -23.771326 0.221082 -0.939718 0.260868 0.205175 0.866722 1 39 1.000000
  39 -27.086624 -4.851821 -23.031778 0.030628 -0.970305 0.239939 0.221824 0.984640 1 39 1.000000
  39 -26.977726 -4.973691 -23.255489 0.595507 -0.557800 0.578127 0.207503 0.968446 1 39 1.000000
v_pistol_sheet
  39 -29.463125 -4.716074 -25.301781 -0.264024 -0.939144 0.219771 0.021733 0.990379 1 39 1.000000
  39 -29.277872 -4.853558 -25.499056 -0.344171 -0.887543 0.306290 0.014690 0.971293 1 39 1.000000
  39 -28.099642 -4.915092 -24.349810 -0.344171 -0.887543 0.306290 0.112656 0.969835 1 39 1.000000
v_pistol_sheet
  39 -29.463125 -4.716074 -25.301781 -0.264024 -0.939144 0.219771 0.021733 0.990379 1 39 1.000000
  39 -28.099642 -4.915092 -24.349810 -0.344171 -0.887543 0.306290 0.112656 0.969835 1 39 1.000000
  39 -26.977726 -4.973691 -23.255489 -0.344171 -0.887543 0.306290 0.207503 0.968446 1 39 1.000000
v_pistol_sheet
  39 -29.463125 -4.716074 -25.301781 -0.264024 -0.939144 0.219771 0.021733 0.990379 1 39 1.000000
  39 -26.977726 -4.973691 -23.255489 -0.344171 -0.887543 0.306290 0.207503 0.968446 1 39 1.000000
  39 -27.086624 -4.851821 -23.031778 0.030628 -0.970305 0.239939 0.221824 0.984640 1 39 1.000000
v_pistol_sheet
  39 -29.463125 -4.716074 -25.301781 -0.264024 -0.939144 0.219771 0.021733 0.990379 1 39 1.000000
  39 -27.086624 -4.851821 -23.031778 0.030628 -0.970305 0.239939 0.221824 0.984640 1 39 1.000000
  39 -26.371033 -4.886600 -22.302397 -0.104102 -0.993105 0.053896 0.334394 0.986016 1 39 1.000000
v_pistol_sheet
  39 -27.086624 -4.851821 -23.031778 0.030628 -0.970305 0.239939 0.221824 0.984640 1 39 1.000000
  39 -26.301390 -4.886575 -22.445911 -0.027479 -0.999370 -0.022450 0.326427 0.968861 1 39 1.000000
  39 -26.371033 -4.886600 -22.302397 -0.104102 -0.993105 0.053896 0.334394 0.986016 1 39 1.000000
v_pistol_sheet
  39 -27.086624 -4.851821 -23.031778 0.030628 -0.970305 0.239939 0.221824 0.984640 1 39 1.000000
  39 -26.935698 -4.854518 -23.039534 0.033818 -0.998688 0.038444 0.231343 0.971726 1 39 1.000000
  39 -26.301390 -4.886575 -22.445911 -0.027479 -0.999370 -0.022450 0.326427 0.968861 1 39 1.000000
v_pistol_sheet
  39 -26.949814 -4.851931 -23.103344 0.094862 -0.990550 0.099051 0.224781 0.967619 1 39 1.000000
  39 -26.935698 -4.854518 -23.039534 0.033818 -0.998688 0.038444 0.231343 0.971726 1 39 1.000000
  39 -27.086624 -4.851821 -23.031778 0.030628 -0.970305 0.239939 0.221824 0.984640 1 39 1.000000
v_pistol_sheet
  39 -26.949814 -4.851931 -23.103344 0.094862 -0.990550 0.099051 0.224781 0.967619 1 39 1.000000
  39 -27.086624 -4.851821 -23.031778 0.030628 -0.970305 0.239939 0.221824 0.984640 1 39 1.000000
  39 -26.367205 -4.856533 -23.771326 0.221082 -0.939718 0.260868 0.205175 0.866722 1 39 1.000000
v_pistol_sheet
  39 -26.367205 -4.856533 -23.771326 0.221082 -0.939718 0.260868 0.205175 0.866722 1 39 1.000000
  39 -26.410057 -4.840094 -23.656136 0.094862 -0.990550 0.099051 0.212715 0.877980 1 39 1.000000
  39 -26.949814 -4.851931 -23.103344 0.094862 -0.990550 0.099051 0.224781 0.967619 1 39 1.000000
v_pistol_sheet
  39 -26.367205 -4.856533 -23.771326 0.221082 -0.939718 0.260868 0.205175 0.866722 1 39 1.000000
  39 -26.345884 -4.841583 -23.643589 0.001474 -0.997928 0.064325 0.218159 0.873774 1 39 1.000000
  39 -26.410057 -4.840094 -23.656136 0.094862 -0.990550 0.099051 0.212715 0.877980 1 39 1.000000
v_pistol_sheet
  39 -25.696196 -4.895923 -22.994961 -0.388263 -0.864632 -0.318847 0.318801 0.875921 1 39 1.000000
  39 -25.603859 -4.893993 -23.089394 -0.388263 -0.864632 -0.318847 0.316747 0.860606 1 39 1.000000
  39 -25.586205 -5.005444 -23.006163 -0.596902 -0.538627 -0.594634 0.323549 0.875401 1 39 1.000000
v_pistol_sheet
  39 -25.696196 -4.895923 -22.994961 -0.388263 -0.864632 -0.318847 0.318801 0.875921 1 39 1.000000
  39 -26.367205 -4.856533 -23.771326 0.221082 -0.939718 0.260868 0.205175 0.866722 1 39 1.000000
  39 -25.603859 -4.893993 -23.089394 -0.388263 -0.864632 -0.318847 0.316747 0.860606 1 39 1.000000
v_pistol_sheet
  39 -25.696196 -4.895923 -22.994961 -0.388263 -0.864632 -0.318847 0.318801 0.875921 1 39 1.000000
  39 -26.345884 -4.841583 -23.643589 0.001474 -0.997928 0.064325 0.218159 0.873774 1 39 1.000000
  39 -26.367205 -4.856533 -23.771326 0.221082 -0.939718 0.260868 0.205175 0.866722 1 39 1.000000
v_pistol_sheet
  39 -25.398447 -4.689898 -23.076632 0.542181 -0.520378 -0.659732 0.335047 0.826856 1 39 1.000000
  39 -25.603859 -4.893993 -23.089394 0.531420 -0.490980 -0.690312 0.316747 0.860606 1 39 1.000000
  39 -25.747389 -4.820627 -23.270216 0.523190 -0.600684 -0.604525 0.292162 0.851836 1 39 1.000000
v_pistol_sheet
  39 -25.747389 -4.820627 -23.270216 0.523190 -0.600684 -0.604525 0.292162 0.851836 1 39 1.000000
  39 -25.603859 -4.893993 -23.089394 0.531420 -0.490980 -0.690312 0.316747 0.860606 1 39 1.000000
  39 -26.367205 -4.856533 -23.771326 0.463416 -0.708125 -0.532733 0.205175 0.866722 1 39 1.000000
v_pistol_sheet
  39 -25.747389 -4.820627 -23.270216 0.523190 -0.600684 -0.604525 0.292162 0.851836 1 39 1.000000
  39 -26.367205 -4.856533 -23.771326 0.463416 -0.708125 -0.532733 0.205175 0.866722 1 39 1.000000
  39 -26.307924 -4.791355 -23.817209 0.406581 -0.788428 -0.461600 0.226757 0.852511 1 39 1.000000
v_pistol_sheet
  39 -26.551434 -4.965187 -23.692434 0.369518 -0.824630 -0.428301 0.197928 0.897694 1 39 1.000000
  39 -26.307924 -4.791355 -23.817209 0.406581 -0.788428 -0.461600 0.226757 0.852511 1 39 1.000000
  39 -26.367205 -4.856533 -23.771326 0.463416 -0.708125 -0.532733 0.205175 0.866722 1 39 1.000000
v_pistol_sheet
  39 -26.551434 -4.965187 -23.692434 0.369518 -0.824630 -0.428301 0.197928 0.897694 1 39 1.000000
  39 -27.449848 -4.731719 -24.931536 0.370761 -0.824849 -0.426802 0.108212 0.853886 1 39 1.000000
  39 -26.307924 -4.791355 -23.817209 0.406581 -0.788428 -0.461600 0.226757 0.852511 1 39 1.000000
v_pistol_sheet
  39 -26.551434 -4.965187 -23.692434 0.369518 -0.824630 -0.428301 0.197928 0.897694 1 39 1.000000
  39 -27.657730 -4.907640 -24.771894 0.370761 -0.824849 -0.426802 0.105441 0.899054 1 39 1.000000
  39 -27.449848 -4.731719 -24.931536 0.370761 -0.824849 -0.426802 0.108212 0.853886 1 39 1.000000
v_pistol_sheet
  39 -28.851046 -4.845567 -25.936264 0.372003 -0.825064 -0.425304 0.005120 0.900522 1 39 1.000000
  39 -27.449848 -4.731719 -24.931536 0.370761 -0.824849 -0.426802 0.108212 0.853886 1 39 1.000000
  39 -27.657730 -4.907640 -24.771894 0.370761 -0.824849 -0.426802 0.105441 0.899054 1 39 1.000000
v_pistol_sheet
  39 -28.851046 -4.845567 -25.936264 0.372003 -0.825064 -0.425304 0.005120 0.900522 1 39 1.000000
  39 -28.665123 -4.668252 -26.117439 0.372003 -0.825064 -0.425304 0.004517 0.855349 1 39 1.000000
  39 -27.449848 -4.731719 -24.931536 0.370761 -0.824849 -0.426802 0.108212 0.853886 1 39 1.000000
v_pistol_sheet
  39 -26.263378 -5.020323 -22.312632 -0.009125 -0.999549 -0.028612 0.338687 0.987865 1 39 1.000000
  39 -23.782967 -5.076217 -21.151041 0.315946 -0.883645 -0.345472 0.609000 0.878762 1 39 1.000000
  39 -24.399715 -5.088274 -20.490959 -0.009125 -0.999549 -0.028612 0.625326 0.983313 1 39 1.000000
v_pistol_sheet
  39 -26.263378 -5.020323 -22.312632 -0.009125 -0.999549 -0.028612 0.338687 0.987865 1 39 1.000000
  39 -25.586205 -5.005444 -23.006163 0.401093 -0.764771 -0.504231 0.323549 0.875401 1 39 1.000000
  39 -23.782967 -5.076217 -21.151041 0.315946 -0.883645 -0.345472 0.609000 0.878762 1 39 1.000000
v_pistol_sheet
  39 -23.782967 -5.076217 -21.151041 0.315946 -0.883645 -0.345472 0.609000 0.878762 1 39 1.000000
  39 -25.586205 -5.005444 -23.006163 0.401093 -0.764771 -0.504231 0.323549 0.875401 1 39 1.000000
  39 -25.490152 -4.844014 -23.042213 0.538383 -0.521247 -0.662152 0.329432 0.850566 1 39 1.000000
v_pistol_sheet
  39 -25.586205 -5.005444 -23.006163 0.401093 -0.764771 -0.504231 0.323549 0.875401 1 39 1.000000
  39 -25.603859 -4.893993 -23.089394 0.531420 -0.490980 -0.690312 0.316747 0.860606 1 39 1.000000
  39 -25.490152 -4.844014 -23.042213 0.538383 -0.521247 -0.662152 0.329432 0.850566 1 39 1.000000
v_pistol_sheet
  39 -25.398447 -4.689898 -23.076632 0.542181 -0.520378 -0.659732 0.335047 0.826856 1 39 1.000000
  39 -25.490152 -4.844014 -23.042213 0.538383 -0.521247 -0.662152 0.329432 0.850566 1 39 1.000000
  39 -25.603859 -4.893993 -23.089394 0.531420 -0.490980 -0.690312 0.316747 0.860606 1 39 1.000000
v_pistol_sheet
  39 -25.398447 -4.689898 -23.076632 0.542181 -0.520378 -0.659732 0.335047 0.826856 1 39 1.000000
  39 -23.737299 -4.924780 -21.282930 0.548917 -0.603225 -0.578627 0.602824 0.851386 1 39 1.000000
  39 -25.490152 -4.844014 -23.042213 0.538383 -0.521247 -0.662152 0.329432 0.850566 1 39 1.000000
v_pistol_sheet
  39 -25.398447 -4.689898 -23.076632 0.542181 -0.520378 -0.659732 0.335047 0.826856 1 39 1.000000
  39 -23.692327 -4.775651 -21.412809 0.537229 -0.617643 -0.574372 0.596743 0.824427 1 39 1.000000
  39 -23.737299 -4.924780 -21.282930 0.548917 -0.603225 -0.578627 0.602824 0.851386 1 39 1.000000
v_pistol_sheet
  39 -23.159618 -4.802431 -20.893307 0.506548 -0.671302 -0.541075 0.678453 0.823668 1 39 1.000000
  39 -23.737299 -4.924780 -21.282930 0.548917 -0.603225 -0.578627 0.602824 0.851386 1 39 1.000000
  39 -23.692327 -4.775651 -21.412809 0.537229 -0.617643 -0.574372 0.596743 0.824427 1 39 1.000000
v_pistol_sheet
  39 -23.159618 -4.802431 -20.893307 0.506548 -0.671302 -0.541075 0.678453 0.823668 1 39 1.000000
  39 -23.287645 -4.939018 -20.842907 0.506548 -0.671302 -0.541075 0.672061 0.850140 1 39 1.000000
  39 -23.737299 -4.924780 -21.282930 0.548917 -0.603225 -0.578627 0.602824 0.851386 1 39 1.000000
v_pistol_sheet
  39 -22.870794 -4.816949 -20.611643 0.501158 -0.684151 -0.529885 0.722755 0.823257 1 39 1.000000
  39 -23.287645 -4.939018 -20.842907 0.506548 -0.671302 -0.541075 0.672061 0.850140 1 39 1.000000
  39 -23.159618 -4.802431 -20.893307 0.506548 -0.671302 -0.541075 0.678453 0.823668 1 39 1.000000
v_pistol_sheet
  39 -22.870794 -4.816949 -20.611643 0.501158 -0.684151 -0.529885 0.722755 0.823257 1 39 1.000000
  39 -23.429262 -5.090101 -20.787157 0.266567 -0.915045 -0.302712 0.664991 0.879421 1 39 1.000000
  39 -23.287645 -4.939018 -20.842907 0.506548 -0.671302 -0.541075 0.672061 0.850140 1 39 1.000000
v_pistol_sheet
  39 -22.870794 -4.816949 -20.611643 0.501158 -0.684151 -0.529885 0.722755 0.823257 1 39 1.000000
  39 -23.112188 -5.102543 -20.460964 0.266567 -0.915045 -0.302712 0.715183 0.880012 1 39 1.000000
  39 -23.429262 -5.090101 -20.787157 0.266567 -0.915045 -0.302712 0.664991 0.879421 1 39 1.000000
v_pistol_sheet
  39 -23.112188 -5.102543 -20.460964 0.266567 -0.915045 -0.302712 0.715183 0.880012 1 39 1.000000
  39 -24.019934 -5.102120 -20.119734 -0.010661 -0.999575 -0.027119 0.683738 0.982386 1 39 1.000000
  39 -23.429262 -5.090101 -20.787157 0.266567 -0.915045 -0.302712 0.664991 0.879421 1 39 1.000000
v_pistol_sheet
  39 -23.112188 -5.102543 -20.460964 0.266567 -0.915045 -0.302712 0.715183 0.880012 1 39 1.000000
  39 -23.726133 -5.112834 -19.832554 -0.010661 -0.999575 -0.027119 0.728926 0.981669 1 39 1.000000
  39 -24.019934 -5.102120 -20.119734 -0.010661 -0.999575 -0.027119 0.683738 0.982386 1 39 1.000000
v_pistol_sheet
  39 -23.782967 -5.076217 -21.151041 0.315946 -0.883645 -0.345472 0.609000 0.878762 1 39 1.000000
  39 -25.490152 -4.844014 -23.042213 0.538383 -0.521247 -0.662152 0.329432 0.850566 1 39 1.000000
  39 -23.737299 -4.924780 -21.282930 0.548917 -0.603225 -0.578627 0.602824 0.851386 1 39 1.000000
v_pistol_sheet
  40 -25.013426 -4.055647 -22.034229 0.696740 -0.049750 -0.715597 0.446579 0.615437 1 40 1.000000
  40 -25.062815 -3.882073 -22.094383 0.693928 -0.111255 -0.711398 0.443062 0.608278 1 40 1.000000
  40 -24.217731 -4.079897 -21.257818 0.688939 -0.107104 -0.716862 0.493263 0.614718 1 40 1.000000
v_pistol_sheet
  40 -24.217731 -4.079897 -21.257818 0.688939 -0.107104 -0.716862 0.493263 0.614718 1 40 1.000000
  40 -25.062815 -3.882073 -22.094383 0.693928 -0.111255 -0.711398 0.443062 0.608278 1 40 1.000000
  40 -24.985935 -3.027200 -22.190535 0.694168 -0.099620 -0.712886 0.441219 0.572475 1 40 1.000000
v_pistol_sheet
  40 -23.942833 -3.081441 -21.173191 0.696955 -0.032938 -0.716358 0.502440 0.572475 1 40 1.000000
  40 -24.217731 -4.079897 -21.257818 0.688939 -0.107104 -0.716862 0.493263 0.614718 1 40 1.000000
  40 -24.985935 -3.027200 -22.190535 0.694168 -0.099620 -0.712886 0.441219 0.572475 1 40 1.000000
v_pistol_sheet
  40 -24.985935 -3.027200 -22.190535 0.694168 -0.099620 -0.712886 0.441219 0.572475 1 40 1.000000
  40 -24.316763 0.621351 -21.459023 0.698539 0.015318 -0.715408 0.443625 0.417826 1 40 1.000000
  40 -23.942833 -3.081441 -21.173191 0.696955 -0.032938 -0.716358 0.502440 0.572475 1 40 1.000000
v_pistol_sheet
  40 -23.273663 0.567110 -20.441681 0.698539 0.015318 -0.715408 0.504847 0.417826 1 40 1.000000
  40 -23.942833 -3.081441 -21.173191 0.696955 -0.032938 -0.716358 0.502440 0.572475 1 40 1.000000
  40 -24.316763 0.621351 -21.459023 0.698539 0.015318 -0.715408 0.443625 0.417826 1 40 1.000000
v_pistol_sheet
  40 -25.062815 -3.882073 -22.094383 0.693928 -0.111255 -0.711398 0.443062 0.608278 1 40 1.000000
  40 -25.198040 -3.821908 -22.243204 0.703480 -0.141598 -0.696467 0.434546 0.606072 1 40 1.000000
  40 -24.985935 -3.027200 -22.190535 0.694168 -0.099620 -0.712886 0.441219 0.572475 1 40 1.000000
v_pistol_sheet
  23 -25.517187 -3.671416 -21.534935 0.715564 -0.019752 0.698267 0.566725 0.145059 1 23 1.000000
  23 -24.827925 -3.520454 -22.237001 0.715564 -0.019750 0.698268 0.566463 0.129337 1 23 1.000000
  23 -25.510344 -3.535418 -21.538101 0.715564 -0.019745 0.698268 0.566463 0.130043 1 23 1.000000
v_pistol_sheet
  23 -24.827925 -3.520454 -22.237001 0.715564 -0.019750 0.698268 0.566463 0.129337 1 23 1.000000
  23 -25.517187 -3.671416 -21.534935 0.715564 -0.019752 0.698267 0.566725 0.145059 1 23 1.000000
  23 -24.816235 -4.113335 -22.265753 0.715564 -0.019756 0.698267 0.567607 0.194854 1 23 1.000000
v_pistol_sheet
  23 -25.526211 -4.128904 -21.538630 0.715564 -0.019757 0.698267 0.567607 0.195589 1 23 1.000000
  23 -24.816235 -4.113335 -22.265753 0.715564 -0.019756 0.698267 0.567607 0.194854 1 23 1.000000
  23 -25.517187 -3.671416 -21.534935 0.715564 -0.019752 0.698267 0.566725 0.145059 1 23 1.000000
v_pistol_sheet
  23 -25.028776 -2.085269 -22.143353 0.083715 0.692462 -0.716581 0.169552 0.485963 1 23 1.000000
  23 -25.550282 -2.093590 -22.033033 -0.026843 0.998308 -0.051579 0.190412 0.502221 1 23 1.000000
  23 -25.453915 -2.065208 -21.811741 -0.039186 0.993124 -0.110314 0.212332 0.493285 1 23 1.000000
v_pistol_sheet
  23 -25.550282 -2.093590 -22.033033 -0.026843 0.998308 -0.051579 0.190412 0.502221 1 23 1.000000
  23 -25.028776 -2.085269 -22.143353 0.083715 0.692462 -0.716581 0.169552 0.485963 1 23 1.000000
  23 -25.353676 -2.089279 -22.234386 0.283563 0.909445 -0.304140 0.165410 0.497709 1 23 1.000000
v_pistol_sheet
  23 -26.983517 -2.138765 -23.819965 -0.222964 0.565226 -0.794233 0.023733 0.572645 1 23 1.000000
  23 -26.860596 -2.185687 -23.887035 -0.276441 0.463545 -0.841847 0.014669 0.575218 1 23 1.000000
  23 -27.049015 -2.353281 -23.885950 -0.335833 0.329806 -0.882295 0.018910 0.601561 1 23 1.000000
v_pistol_sheet
  23 -26.983517 -2.138765 -23.819965 -0.222964 0.565226 -0.794233 0.023733 0.572645 1 23 1.000000
  23 -26.790026 -2.088541 -23.818443 -0.040482 0.796575 -0.603182 0.020299 0.560406 1 23 1.000000
  23 -26.860596 -2.185687 -23.887035 -0.276441 0.463545 -0.841847 0.014669 0.575218 1 23 1.000000
v_pistol_sheet
  23 -26.983517 -2.138765 -23.819965 -0.222964 0.565226 -0.794233 0.023733 0.572645 1 23 1.000000
  23 -26.915064 -2.042090 -23.748669 -0.038021 0.799043 -0.600071 0.029693 0.557928 1 23 1.000000
  23 -26.790026 -2.088541 -23.818443 -0.040482 0.796575 -0.603182 0.020299 0.560406 1 23 1.000000
v_pistol_sheet
  23 -26.915064 -2.042090 -23.748669 -0.038021 0.799043 -0.600071 0.029693 0.557928 1 23 1.000000
  23 -26.731987 -1.974643 -23.570683 0.137849 0.916786 -0.374835 0.045271 0.541975 1 23 1.000000
  23 -26.790026 -2.088541 -23.818443 -0.040482 0.796575 -0.603182 0.020299 0.560406 1 23 1.000000
v_pistol_sheet
  23 -26.790026 -2.088541 -23.818443 -0.040482 0.796575 -0.603182 0.020299 0.560406 1 23 1.000000
  23 -26.731987 -1.974643 -23.570683 0.137849 0.916786 -0.374835 0.045271 0.541975 1 23 1.000000
  23 -26.628540 -2.025149 -23.657188 0.134670 0.917368 -0.374566 0.034476 0.545813 1 23 1.000000
v_pistol_sheet
  23 -26.731987 -1.974643 -23.570683 0.137849 0.916786 -0.374835 0.045271 0.541975 1 23 1.000000
  23 -26.333935 -1.987768 -23.368908 0.218686 0.932843 -0.286323 0.060116 0.528787 1 23 1.000000
  23 -26.628540 -2.025149 -23.657188 0.134670 0.917368 -0.374566 0.034476 0.545813 1 23 1.000000
v_pistol_sheet
  23 -26.731987 -1.974643 -23.570683 0.137849 0.916786 -0.374835 0.045271 0.541975 1 23 1.000000
  23 -26.437504 -1.937294 -23.282166 0.216307 0.933774 -0.285092 0.070938 0.524954 1 23 1.000000
  23 -26.333935 -1.987768 -23.368908 0.218686 0.932843 -0.286323 0.060116 0.528787 1 23 1.000000
v_pistol_sheet
  23 -26.145720 -1.934555 -22.995340 0.297860 0.927845 -0.224459 0.096652 0.512251 1 23 1.000000
  23 -26.333935 -1.987768 -23.368908 0.218686 0.932843 -0.286323 0.060116 0.528787 1 23 1.000000
  23 -26.437504 -1.937294 -23.282166 0.216307 0.933774 -0.285092 0.070938 0.524954 1 23 1.000000
v_pistol_sheet
  23 -26.333935 -1.987768 -23.368908 0.218686 0.932843 -0.286323 0.060116 0.528787 1 23 1.000000
  23 -26.145720 -1.934555 -22.995340 0.297860 0.927845 -0.224459 0.096652 0.512251 1 23 1.000000
  23 -26.049587 -1.987674 -23.093124 0.294955 0.930845 -0.215708 0.084788 0.516762 1 23 1.000000
v_pistol_sheet
  23 -26.145720 -1.934555 -22.995340 0.297860 0.927845 -0.224459 0.096652 0.512251 1 23 1.000000
  23 -25.612612 -2.066869 -22.659821 0.567632 0.693086 -0.444326 0.124135 0.507840 1 23 1.000000
  23 -26.049587 -1.987674 -23.093124 0.294955 0.930845 -0.215708 0.084788 0.516762 1 23 1.000000
v_pistol_sheet
  23 -26.145720 -1.934555 -22.995340 0.297860 0.927845 -0.224459 0.096652 0.512251 1 23 1.000000
  23 -25.700291 -2.011719 -22.570396 0.369817 0.907914 -0.197300 0.134946 0.502907 1 23 1.000000
  23 -25.612612 -2.066869 -22.659821 0.567632 0.693086 -0.444326 0.124135 0.507840 1 23 1.000000
v_pistol_sheet
  23 -25.353676 -2.089279 -22.234386 0.283563 0.909445 -0.304140 0.165410 0.497709 1 23 1.000000
  23 -25.612612 -2.066869 -22.659821 0.567632 0.693086 -0.444326 0.124135 0.507840 1 23 1.000000
  23 -25.700291 -2.011719 -22.570396 0.369817 0.907914 -0.197300 0.134946 0.502907 1 23 1.000000
v_pistol_sheet
  23 -25.612612 -2.066869 -22.659821 0.567632 0.693086 -0.444326 0.124135 0.507840 1 23 1.000000
  23 -25.353676 -2.089279 -22.234386 0.283563 0.909445 -0.304140 0.165410 0.497709 1 23 1.000000
  23 -25.204855 -2.207952 -22.312412 0.351819 0.487932 -0.798841 0.155100 0.508322 1 23 1.000000
v_pistol_sheet
  23 -25.612612 -2.066869 -22.659821 0.567632 0.693086 -0.444326 0.124135 0.507840 1 23 1.000000
  23 -25.204855 -2.207952 -22.312412 0.351819 0.487932 -0.798841 0.155100 0.508322 1 23 1.000000
  23 -25.233896 -2.413568 -22.345449 0.648866 0.019044 -0.760665 0.153134 0.534640 1 23 1.000000
v_pistol_sheet
  23 -25.612612 -2.066869 -22.659821 0.567632 0.693086 -0.444326 0.124135 0.507840 1 23 1.000000
  23 -25.233896 -2.413568 -22.345449 0.648866 0.019044 -0.760665 0.153134 0.534640 1 23 1.000000
  23 -25.593000 -2.188492 -22.643021 0.677601 0.017140 -0.735230 0.126235 0.521845 1 23 1.000000
v_pistol_sheet
  23 -25.612612 -2.066869 -22.659821 0.567632 0.693086 -0.444326 0.124135 0.507840 1 23 1.000000
  23 -25.593000 -2.188492 -22.643021 0.677601 0.017140 -0.735230 0.126235 0.521845 1 23 1.000000
  23 -26.056709 -2.094576 -23.102402 0.700725 0.015451 -0.713264 0.084475 0.530107 1 23 1.000000
v_pistol_sheet
  23 -25.612612 -2.066869 -22.659821 0.567632 0.693086 -0.444326 0.124135 0.507840 1 23 1.000000
  23 -26.056709 -2.094576 -23.102402 0.700725 0.015451 -0.713264 0.084475 0.530107 1 23 1.000000
  23 -26.049587 -1.987674 -23.093124 0.700725 0.015451 -0.713264 0.084788 0.516762 1 23 1.000000
v_pistol_sheet
  23 -26.333935 -1.987768 -23.368908 0.697180 0.015169 -0.716735 0.060116 0.528787 1 23 1.000000
  23 -26.049587 -1.987674 -23.093124 0.700725 0.015451 -0.713264 0.084788 0.516762 1 23 1.000000
  23 -26.056709 -2.094576 -23.102402 0.700725 0.015451 -0.713264 0.084475 0.530107 1 23 1.000000
v_pistol_sheet
  23 -26.333935 -1.987768 -23.368908 0.697180 0.015169 -0.716735 0.060116 0.528787 1 23 1.000000
  23 -26.056709 -2.094576 -23.102402 0.700725 0.015451 -0.713264 0.084475 0.530107 1 23 1.000000
  23 -26.341097 -2.094148 -23.378147 0.697180 0.015169 -0.716735 0.059806 0.542068 1 23 1.000000
v_pistol_sheet
  23 -26.333935 -1.987768 -23.368908 0.697180 0.015169 -0.716735 0.060116 0.528787 1 23 1.000000
  23 -26.341097 -2.094148 -23.378147 0.697180 0.015169 -0.716735 0.059806 0.542068 1 23 1.000000
  23 -26.580647 -2.127246 -23.612474 0.700621 0.016987 -0.713331 0.038980 0.556241 1 23 1.000000
v_pistol_sheet
  23 -26.333935 -1.987768 -23.368908 0.697180 0.015169 -0.716735 0.060116 0.528787 1 23 1.000000
  23 -26.580647 -2.127246 -23.612474 0.700621 0.016987 -0.713331 0.038980 0.556241 1 23 1.000000
  23 -26.628540 -2.025149 -23.657188 0.700621 0.016987 -0.713331 0.034476 0.545813 1 23 1.000000
v_pistol_sheet
  23 -26.790026 -2.088541 -23.818443 0.696749 0.012485 -0.717207 0.020299 0.560406 1 23 1.000000
  23 -26.628540 -2.025149 -23.657188 0.700621 0.016987 -0.713331 0.034476 0.545813 1 23 1.000000
  23 -26.580647 -2.127246 -23.612474 0.700621 0.016987 -0.713331 0.038980 0.556241 1 23 1.000000
v_pistol_sheet
  23 -26.790026 -2.088541 -23.818443 0.696749 0.012485 -0.717207 0.020299 0.560406 1 23 1.000000
  23 -26.580647 -2.127246 -23.612474 0.700621 0.016987 -0.713331 0.038980 0.556241 1 23 1.000000
  23 -26.741871 -2.191245 -23.773754 0.696749 0.012485 -0.717207 0.024799 0.570900 1 23 1.000000
v_pistol_sheet
  23 -26.790026 -2.088541 -23.818443 0.696749 0.012485 -0.717207 0.020299 0.560406 1 23 1.000000
  23 -26.741871 -2.191245 -23.773754 0.696749 0.012485 -0.717207 0.024799 0.570900 1 23 1.000000
  23 -26.790110 -2.278485 -23.820007 0.697037 0.014215 -0.716894 0.021128 0.583555 1 23 1.000000
v_pistol_sheet
  23 -26.790026 -2.088541 -23.818443 0.696749 0.012485 -0.717207 0.020299 0.560406 1 23 1.000000
  23 -26.790110 -2.278485 -23.820007 0.697037 0.014215 -0.716894 0.021128 0.583555 1 23 1.000000
  23 -26.860596 -2.185687 -23.887035 0.697037 0.014215 -0.716894 0.014669 0.575218 1 23 1.000000
v_pistol_sheet
  23 -26.913324 -2.375467 -23.945148 0.110107 0.189664 -0.975656 0.010339 0.600632 1 23 1.000000
  23 -26.860596 -2.185687 -23.887035 0.697037 0.014215 -0.716894 0.014669 0.575218 1 23 1.000000
  23 -26.790110 -2.278485 -23.820007 0.697037 0.014215 -0.716894 0.021128 0.583555 1 23 1.000000
v_pistol_sheet
  23 -26.913324 -2.375467 -23.945148 0.110107 0.189664 -0.975656 0.010339 0.600632 1 23 1.000000
  23 -26.790110 -2.278485 -23.820007 0.697037 0.014215 -0.716894 0.021128 0.583555 1 23 1.000000
  23 -26.842178 -2.468527 -23.877869 0.695854 -0.007235 -0.718147 0.016815 0.608976 1 23 1.000000
v_pistol_sheet
  23 -26.913324 -2.375467 -23.945148 0.110107 0.189664 -0.975656 0.010339 0.600632 1 23 1.000000
  23 -26.842178 -2.468527 -23.877869 0.695854 -0.007235 -0.718147 0.016815 0.608976 1 23 1.000000
  23 -26.894955 -2.712151 -23.910444 0.692070 0.106212 -0.713974 0.015507 0.640667 1 23 1.000000
v_pistol_sheet
  23 -26.913324 -2.375467 -23.945148 0.110107 0.189664 -0.975656 0.010339 0.600632 1 23 1.000000
  23 -26.894955 -2.712151 -23.910444 0.692070 0.106212 -0.713974 0.015507 0.640667 1 23 1.000000
  23 -26.982376 -2.708211 -23.998457 0.240928 0.315599 -0.917797 0.007555 0.643916 1 23 1.000000
v_pistol_sheet
  23 -26.998390 -2.877458 -24.072506 0.324358 0.761487 -0.561185 0.000777 0.665846 1 23 1.000000
  23 -26.982376 -2.708211 -23.998457 0.240928 0.315599 -0.917797 0.007555 0.643916 1 23 1.000000
  23 -26.894955 -2.712151 -23.910444 0.692070 0.106212 -0.713974 0.015507 0.640667 1 23 1.000000
v_pistol_sheet
  23 -26.998390 -2.877458 -24.072506 0.324358 0.761487 -0.561185 0.000777 0.665846 1 23 1.000000
  23 -27.211231 -2.874717 -24.087440 -0.026405 0.499156 -0.866110 0.002829 0.672395 1 23 1.000000
  23 -26.982376 -2.708211 -23.998457 0.240928 0.315599 -0.917797 0.007555 0.643916 1 23 1.000000
v_pistol_sheet
  23 -26.982376 -2.708211 -23.998457 0.240928 0.315599 -0.917797 0.007555 0.643916 1 23 1.000000
  23 -27.211231 -2.874717 -24.087440 -0.026405 0.499156 -0.866110 0.002829 0.672395 1 23 1.000000
  23 -27.098690 -2.684137 -23.962776 -0.245139 0.360106 -0.900128 0.013259 0.644263 1 23 1.000000
v_pistol_sheet
  23 -27.098690 -2.684137 -23.962776 -0.245139 0.360106 -0.900128 0.013259 0.644263 1 23 1.000000
  23 -26.913324 -2.375467 -23.945148 0.110107 0.189664 -0.975656 0.010339 0.600632 1 23 1.000000
  23 -26.982376 -2.708211 -23.998457 0.240928 0.315599 -0.917797 0.007555 0.643916 1 23 1.000000
v_pistol_sheet
  23 -27.098690 -2.684137 -23.962776 -0.245139 0.360106 -0.900128 0.013259 0.644263 1 23 1.000000
  23 -27.049015 -2.353281 -23.885950 -0.335833 0.329806 -0.882295 0.018910 0.601561 1 23 1.000000
  23 -26.913324 -2.375467 -23.945148 0.110107 0.189664 -0.975656 0.010339 0.600632 1 23 1.000000
v_pistol_sheet
  23 -27.049015 -2.353281 -23.885950 -0.335833 0.329806 -0.882295 0.018910 0.601561 1 23 1.000000
  23 -26.860596 -2.185687 -23.887035 -0.276441 0.463545 -0.841847 0.014669 0.575218 1 23 1.000000
  23 -26.913324 -2.375467 -23.945148 0.110107 0.189664 -0.975656 0.010339 0.600632 1 23 1.000000
v_pistol_sheet
  23 -26.998390 -2.877458 -24.072506 0.324358 0.761487 -0.561185 0.000777 0.665846 1 23 1.000000
  23 -26.894955 -2.712151 -23.910444 0.692070 0.106212 -0.713974 0.015507 0.640667 1 23 1.000000
  23 -26.904442 -2.882930 -23.984013 0.462933 0.818933 -0.339178 0.008676 0.662572 1 23 1.000000
v_pistol_sheet
  23 -27.138439 -3.834522 -23.222134 0.698541 0.015360 -0.715405 0.530106 0.297707 1 23 1.000000
  23 -30.242947 -3.377296 -26.243645 0.698541 0.015360 -0.715405 0.275016 0.268125 1 23 1.000000
  23 -27.133923 -3.538965 -23.211363 0.698544 0.015401 -0.715401 0.530091 0.268125 1 23 1.000000
v_pistol_sheet
  23 -30.242947 -3.377296 -26.243645 0.698541 0.015360 -0.715405 0.275016 0.268125 1 23 1.000000
  23 -27.138439 -3.834522 -23.222134 0.698541 0.015360 -0.715405 0.530106 0.297707 1 23 1.000000
  23 -30.249468 -3.672749 -26.256338 0.698539 0.015319 -0.715408 0.274867 0.297707 1 23 1.000000
v_pistol_sheet
  23 -29.420368 -2.752256 -26.807398 0.574136 -0.608722 0.547563 0.140379 0.155797 1 23 1.000000
  23 -30.207407 -2.769514 -26.001350 0.581511 -0.598624 0.550903 0.036077 0.156479 1 23 1.000000
  23 -29.470634 -2.976232 -27.003681 0.633320 -0.486546 0.601813 0.149951 0.177198 1 23 1.000000
v_pistol_sheet
  23 -30.408236 -2.996594 -26.029097 0.673039 -0.365163 0.643176 0.024745 0.177950 1 23 1.000000
  23 -29.470634 -2.976232 -27.003681 0.633320 -0.486546 0.601813 0.149951 0.177198 1 23 1.000000
  23 -30.207407 -2.769514 -26.001350 0.581511 -0.598624 0.550903 0.036077 0.156479 1 23 1.000000
v_pistol_sheet
  23 -30.408236 -2.996594 -26.029097 0.673039 -0.365163 0.643176 0.024745 0.177950 1 23 1.000000
  23 -29.531013 -3.520761 -27.132053 0.693703 0.238080 0.679776 0.154109 0.228069 1 23 1.000000
  23 -29.470634 -2.976232 -27.003681 0.633320 -0.486546 0.601813 0.149951 0.177198 1 23 1.000000
v_pistol_sheet
  23 -30.408236 -2.996594 -26.029097 0.673039 -0.365163 0.643176 0.024745 0.177950 1 23 1.000000
  23 -30.523029 -3.542905 -26.116096 0.693158 0.233513 0.681912 0.022643 0.228966 1 23 1.000000
  23 -29.531013 -3.520761 -27.132053 0.693703 0.238080 0.679776 0.154109 0.228069 1 23 1.000000
v_pistol_sheet
  23 -29.531013 -3.520761 -27.132053 0.693703 0.238080 0.679776 0.154109 0.228069 1 23 1.000000
  23 -30.523029 -3.542905 -26.116096 0.693158 0.233513 0.681912 0.022643 0.228966 1 23 1.000000
  23 -30.473637 -3.619504 -26.069056 0.526827 0.665314 0.528971 0.022658 0.235818 1 23 1.000000
v_pistol_sheet
  23 -29.531013 -3.520761 -27.132053 0.693703 0.238080 0.679776 0.154109 0.228069 1 23 1.000000
  23 -30.473637 -3.619504 -26.069056 0.526827 0.665314 0.528971 0.022658 0.235818 1 23 1.000000
  23 -29.481043 -3.597182 -27.085592 0.526523 0.665738 0.528741 0.154200 0.234905 1 23 1.000000
v_pistol_sheet
  40 -24.583910 -4.087930 -20.882795 -0.020497 -0.999269 -0.032261 0.493263 0.614862 1 40 1.000000
  40 -25.379604 -4.063679 -21.659208 -0.004905 -0.999645 -0.026197 0.446579 0.615581 1 40 1.000000
  40 -24.217731 -4.079897 -21.257818 -0.020497 -0.999269 -0.032261 0.493263 0.614718 1 40 1.000000
v_pistol_sheet
  40 -25.013426 -4.055647 -22.034229 -0.004906 -0.999645 -0.026193 0.446579 0.615437 1 40 1.000000
  40 -24.217731 -4.079897 -21.257818 -0.020497 -0.999269 -0.032261 0.493263 0.614718 1 40 1.000000
  40 -25.379604 -4.063679 -21.659208 -0.004905 -0.999645 -0.026197 0.446579 0.615581 1 40 1.000000
v_pistol_sheet
  23 -23.846497 -3.718135 -21.532314 -0.710660 -0.109825 -0.694911 0.831387 0.972807 1 23 1.000000
  23 -23.855942 -3.607282 -21.540174 -0.710660 -0.109825 -0.694911 0.829237 0.944454 1 23 1.000000
  23 -23.789185 -3.606443 -21.608578 -0.399842 -0.098678 -0.911257 0.829237 0.944454 1 23 1.000000
v_pistol_sheet
  23 -23.846497 -3.718135 -21.532314 -0.710660 -0.109825 -0.694911 0.831387 0.972807 1 23 1.000000
  23 -23.789185 -3.606443 -21.608578 -0.399842 -0.098678 -0.911257 0.829237 0.944454 1 23 1.000000
  23 -23.779739 -3.717296 -21.600719 -0.399842 -0.098678 -0.911257 0.831387 0.972807 1 23 1.000000
v_pistol_sheet
  23 -23.789185 -3.606443 -21.608578 -0.399842 -0.098678 -0.911257 0.829237 0.944454 1 23 1.000000
  23 -23.720079 -3.705998 -21.603443 -0.031631 -0.073366 -0.996803 0.857908 0.963457 1 23 1.000000
  23 -23.779739 -3.717296 -21.600719 -0.399842 -0.098678 -0.911257 0.831387 0.972807 1 23 1.000000
v_pistol_sheet
  23 -23.789185 -3.606443 -21.608578 -0.399842 -0.098678 -0.911257 0.829237 0.944454 1 23 1.000000
  23 -23.727394 -3.620136 -21.609528 -0.031631 -0.073366 -0.996803 0.856626 0.954813 1 23 1.000000
  23 -23.720079 -3.705998 -21.603443 -0.031631 -0.073366 -0.996803 0.857908 0.963457 1 23 1.000000
v_pistol_sheet
  23 -23.340073 -4.907930 -20.318466 0.699510 -0.225256 0.678193 0.935561 0.701696 1 23 1.000000
  23 -23.404039 -4.017280 -19.956665 0.699510 -0.225256 0.678193 0.903632 0.604502 1 23 1.000000
  23 -23.542561 -4.912373 -20.111086 0.699510 -0.225256 0.678193 0.904269 0.701901 1 23 1.000000
v_pistol_sheet
  23 -23.404039 -4.017280 -19.956665 0.699510 -0.225256 0.678193 0.903632 0.604502 1 23 1.000000
  23 -23.340073 -4.907930 -20.318466 0.699510 -0.225256 0.678193 0.935561 0.701696 1 23 1.000000
  23 -23.201553 -4.012841 -20.164045 0.699510 -0.225256 0.678193 0.934923 0.604297 1 23 1.000000
v_pistol_sheet
  23 -26.537460 -3.821343 -23.837624 -0.015926 -0.999190 -0.036944 0.530106 0.297144 1 23 1.000000
  23 -29.556068 -3.657544 -26.966484 -0.015926 -0.999190 -0.036944 0.274867 0.297058 1 23 1.000000
  23 -26.445038 -3.819317 -23.932280 -0.015926 -0.999190 -0.036944 0.530106 0.297058 1 23 1.000000
v_pistol_sheet
  23 -29.556068 -3.657544 -26.966484 -0.015926 -0.999190 -0.036944 0.274867 0.297058 1 23 1.000000
  23 -26.537460 -3.821343 -23.837624 -0.015926 -0.999190 -0.036944 0.530106 0.297144 1 23 1.000000
  23 -29.648491 -3.659571 -26.871830 -0.020497 -0.999269 -0.032261 0.274867 0.297144 1 23 1.000000
v_pistol_sheet
  23 -29.487005 -2.807002 -25.298742 0.017005 0.999134 0.037984 0.165195 0.206585 1 23 1.000000
  23 -29.015598 -2.773315 -26.412624 0.015946 0.999189 0.036964 0.251597 0.185266 1 23 1.000000
  23 -29.802633 -2.790577 -25.606577 0.015945 0.999189 0.036963 0.165195 0.185266 1 23 1.000000
v_pistol_sheet
  23 -29.015598 -2.773315 -26.412624 0.015946 0.999189 0.036964 0.251597 0.185266 1 23 1.000000
  23 -29.487005 -2.807002 -25.298742 0.017005 0.999134 0.037984 0.165195 0.206585 1 23 1.000000
  23 -28.699968 -2.789743 -26.104788 0.017535 0.999105 0.038496 0.251597 0.206585 1 23 1.000000
v_pistol_sheet
  23 -29.487005 -2.807002 -25.298742 0.017005 0.999134 0.037984 0.165195 0.206585 1 23 1.000000
  23 -28.220913 -2.817661 -25.637600 0.019124 0.999016 0.040027 0.251597 0.238946 1 23 1.000000
  23 -28.699968 -2.789743 -26.104788 0.017535 0.999105 0.038496 0.251597 0.206585 1 23 1.000000
v_pistol_sheet
  23 -29.487005 -2.807002 -25.298742 0.017005 0.999134 0.037984 0.165195 0.206585 1 23 1.000000
  23 -29.009872 -2.834747 -24.833427 0.019124 0.999016 0.040027 0.165195 0.238817 1 23 1.000000
  23 -28.220913 -2.817661 -25.637600 0.019124 0.999016 0.040027 0.251597 0.238946 1 23 1.000000
v_pistol_sheet
  23 -26.017014 -2.941001 -22.775227 0.698539 0.015318 -0.715408 0.045160 0.082380 1 23 1.000000
  23 -25.854778 -2.864851 -22.615187 0.698539 0.015318 -0.715408 0.066565 0.074330 1 23 1.000000
  23 -25.860151 -3.029617 -22.623960 0.698539 0.015318 -0.715408 0.066200 0.090038 1 23 1.000000
v_pistol_sheet
  23 -26.071201 -2.598197 -22.820797 0.698539 0.015318 -0.715408 0.037231 0.050023 1 23 1.000000
  23 -25.854778 -2.864851 -22.615187 0.698539 0.015318 -0.715408 0.066565 0.074330 1 23 1.000000
  23 -26.017014 -2.941001 -22.775227 0.698539 0.015318 -0.715408 0.045160 0.082380 1 23 1.000000
v_pistol_sheet
  23 -26.071201 -2.598197 -22.820797 0.698539 0.015318 -0.715408 0.037231 0.050023 1 23 1.000000
  23 -25.871456 -2.715208 -22.628267 0.698539 0.015318 -0.715408 0.064031 0.060171 1 23 1.000000
  23 -25.854778 -2.864851 -22.615187 0.698539 0.015318 -0.715408 0.066565 0.074330 1 23 1.000000
v_pistol_sheet
  23 -26.071201 -2.598197 -22.820797 0.698539 0.015318 -0.715408 0.037231 0.050023 1 23 1.000000
  23 -25.912788 -2.580436 -22.665737 0.698539 0.015318 -0.715408 0.058251 0.047549 1 23 1.000000
  23 -25.871456 -2.715208 -22.628267 0.698539 0.015318 -0.715408 0.064031 0.060171 1 23 1.000000
v_pistol_sheet
  23 -26.074980 -2.333539 -22.818819 0.698539 0.015318 -0.715408 0.036168 0.024853 1 23 1.000000
  23 -25.912788 -2.580436 -22.665737 0.698539 0.015318 -0.715408 0.058251 0.047549 1 23 1.000000
  23 -26.071201 -2.598197 -22.820797 0.698539 0.015318 -0.715408 0.037231 0.050023 1 23 1.000000
v_pistol_sheet
  23 -26.074980 -2.333539 -22.818819 0.698539 0.015318 -0.715408 0.036168 0.024853 1 23 1.000000
  23 -25.857798 -2.514082 -22.610626 0.698539 0.015318 -0.715408 0.065420 0.040961 1 23 1.000000
  23 -25.912788 -2.580436 -22.665737 0.698539 0.015318 -0.715408 0.058251 0.047549 1 23 1.000000
v_pistol_sheet
  23 -25.138134 -2.578861 -21.909319 0.698539 0.015318 -0.715408 0.161223 0.043565 1 23 1.000000
  23 -25.857798 -2.514082 -22.610626 0.698539 0.015318 -0.715408 0.065420 0.040961 1 23 1.000000
  23 -26.074980 -2.333539 -22.818819 0.698539 0.015318 -0.715408 0.036168 0.024853 1 23 1.000000
v_pistol_sheet
  23 -25.138134 -2.578861 -21.909319 0.698539 0.015318 -0.715408 0.161223 0.043565 1 23 1.000000
  23 -25.760408 -2.535459 -22.515989 0.698539 0.015318 -0.715408 0.078412 0.042514 1 23 1.000000
  23 -25.857798 -2.514082 -22.610626 0.698539 0.015318 -0.715408 0.065420 0.040961 1 23 1.000000
v_pistol_sheet
  23 -25.138134 -2.578861 -21.909319 0.698539 0.015318 -0.715408 0.161223 0.043565 1 23 1.000000
  23 -25.702934 -2.715033 -22.463717 0.698539 0.015318 -0.715408 0.086432 0.059320 1 23 1.000000
  23 -25.760408 -2.535459 -22.515989 0.698539 0.015318 -0.715408 0.078412 0.042514 1 23 1.000000
v_pistol_sheet
  23 -25.138134 -2.578861 -21.909319 0.698539 0.015318 -0.715408 0.161223 0.043565 1 23 1.000000
  23 -25.706062 -2.911309 -22.470972 0.698539 0.015318 -0.715408 0.086432 0.078015 1 23 1.000000
  23 -25.702934 -2.715033 -22.463717 0.698539 0.015318 -0.715408 0.086432 0.059320 1 23 1.000000
v_pistol_sheet
  23 -25.138134 -2.578861 -21.909319 0.698539 0.015318 -0.715408 0.161223 0.043565 1 23 1.000000
  23 -25.749863 -3.096218 -22.517700 0.698539 0.015319 -0.715408 0.081001 0.095831 1 23 1.000000
  23 -25.706062 -2.911309 -22.470972 0.698539 0.015318 -0.715408 0.086432 0.078015 1 23 1.000000
v_pistol_sheet
  23 -25.138134 -2.578861 -21.909319 0.698539 0.015318 -0.715408 0.161223 0.043565 1 23 1.000000
  23 -25.261583 -3.488704 -22.049339 0.698539 0.015319 -0.715408 0.146740 0.130768 1 23 1.000000
  23 -25.749863 -3.096218 -22.517700 0.698539 0.015319 -0.715408 0.081001 0.095831 1 23 1.000000
v_pistol_sheet
  23 -25.261583 -3.488704 -22.049339 0.698539 0.015319 -0.715408 0.146740 0.130768 1 23 1.000000
  23 -25.809696 -3.100717 -22.576218 0.698539 0.015319 -0.715408 0.073057 0.096555 1 23 1.000000
  23 -25.749863 -3.096218 -22.517700 0.698539 0.015319 -0.715408 0.081001 0.095831 1 23 1.000000
v_pistol_sheet
  23 -25.261583 -3.488704 -22.049339 0.698539 0.015319 -0.715408 0.146740 0.130768 1 23 1.000000
  23 -26.144428 -3.403431 -22.909540 0.698539 0.015319 -0.715408 0.029202 0.127022 1 23 1.000000
  23 -25.809696 -3.100717 -22.576218 0.698539 0.015319 -0.715408 0.073057 0.096555 1 23 1.000000
v_pistol_sheet
  23 -26.017014 -2.941001 -22.775227 0.698539 0.015318 -0.715408 0.045160 0.082380 1 23 1.000000
  23 -25.809696 -3.100717 -22.576218 0.698539 0.015319 -0.715408 0.073057 0.096555 1 23 1.000000
  23 -26.144428 -3.403431 -22.909540 0.698539 0.015319 -0.715408 0.029202 0.127022 1 23 1.000000
v_pistol_sheet
  23 -26.017014 -2.941001 -22.775227 0.698539 0.015318 -0.715408 0.045160 0.082380 1 23 1.000000
  23 -25.860151 -3.029617 -22.623960 0.698539 0.015318 -0.715408 0.066200 0.090038 1 23 1.000000
  23 -25.809696 -3.100717 -22.576218 0.698539 0.015319 -0.715408 0.073057 0.096555 1 23 1.000000
v_pistol_sheet
  23 -26.074980 -2.333539 -22.818819 0.698539 0.015318 -0.715408 0.036168 0.024853 1 23 1.000000
  23 -26.071201 -2.598197 -22.820797 0.698539 0.015318 -0.715408 0.037231 0.050023 1 23 1.000000
  23 -26.171621 -2.404601 -22.914703 0.698539 0.015318 -0.715408 0.023472 0.032095 1 23 1.000000
v_pistol_sheet
  23 -26.445038 -3.819317 -23.932280 0.715395 -0.037200 0.697729 0.530106 0.297058 1 23 1.000000
  23 -26.532749 -3.525796 -23.826698 0.715345 -0.037179 0.697782 0.530106 0.267562 1 23 1.000000
  23 -26.537460 -3.821343 -23.837624 0.715395 -0.037200 0.697729 0.530106 0.297144 1 23 1.000000
v_pistol_sheet
  23 -26.404257 -3.398024 -23.951632 0.715395 -0.037200 0.697729 0.530106 0.254932 1 23 1.000000
  23 -26.532749 -3.525796 -23.826698 0.715345 -0.037179 0.697782 0.530106 0.267562 1 23 1.000000
  23 -26.445038 -3.819317 -23.932280 0.715395 -0.037200 0.697729 0.530106 0.297058 1 23 1.000000
v_pistol_sheet
  23 -26.532749 -3.525796 -23.826698 0.715345 -0.037179 0.697782 0.530106 0.267562 1 23 1.000000
  23 -26.404257 -3.398024 -23.951632 0.715395 -0.037200 0.697729 0.530106 0.254932 1 23 1.000000
  23 -26.448864 -3.156774 -23.893032 0.715342 -0.037350 0.697776 0.530106 0.230724 1 23 1.000000
v_pistol_sheet
  23 -27.133923 -3.538965 -23.211363 0.715677 -0.037145 0.697443 0.530091 0.268125 1 23 1.000000
  23 -26.532749 -3.525796 -23.826698 0.715345 -0.037179 0.697782 0.530106 0.267562 1 23 1.000000
  23 -26.448864 -3.156774 -23.893032 0.715342 -0.037350 0.697776 0.530106 0.230724 1 23 1.000000
v_pistol_sheet
  23 -26.448864 -3.156774 -23.893032 0.715342 -0.037350 0.697776 0.530106 0.230724 1 23 1.000000
  23 -27.212387 -3.173516 -23.111069 0.715658 -0.037342 0.697452 0.530106 0.231440 1 23 1.000000
  23 -27.133923 -3.538965 -23.211363 0.715677 -0.037145 0.697443 0.530091 0.268125 1 23 1.000000
v_pistol_sheet
  23 -27.236601 -3.836673 -23.121599 0.715842 -0.036927 0.697285 0.530106 0.297799 1 23 1.000000
  23 -27.133923 -3.538965 -23.211363 0.715677 -0.037145 0.697443 0.530091 0.268125 1 23 1.000000
  23 -27.212387 -3.173516 -23.111069 0.715658 -0.037342 0.697452 0.530106 0.231440 1 23 1.000000
v_pistol_sheet
  23 -27.264719 -3.416891 -23.070387 0.715395 -0.037200 0.697729 0.530106 0.255739 1 23 1.000000
  23 -27.236601 -3.836673 -23.121599 0.715842 -0.036927 0.697285 0.530106 0.297799 1 23 1.000000
  23 -27.212387 -3.173516 -23.111069 0.715658 -0.037342 0.697452 0.530106 0.231440 1 23 1.000000
v_pistol_sheet
  23 -27.236601 -3.836673 -23.121599 0.715842 -0.036927 0.697285 0.530106 0.297799 1 23 1.000000
  23 -27.138439 -3.834522 -23.222134 0.715408 -0.036354 0.697760 0.530106 0.297707 1 23 1.000000
  23 -27.133923 -3.538965 -23.211363 0.715677 -0.037145 0.697443 0.530091 0.268125 1 23 1.000000
v_pistol_sheet
  23 -27.155235 -2.993890 -23.160091 0.715395 -0.037200 0.697729 0.530106 0.213529 1 23 1.000000
  23 -27.212387 -3.173516 -23.111069 0.715658 -0.037342 0.697452 0.530106 0.231440 1 23 1.000000
  23 -26.499586 -2.979514 -23.831575 0.715395 -0.037200 0.697729 0.530106 0.212915 1 23 1.000000
v_pistol_sheet
  23 -27.212387 -3.173516 -23.111069 0.715658 -0.037342 0.697452 0.530106 0.231440 1 23 1.000000
  23 -26.448864 -3.156774 -23.893032 0.715342 -0.037350 0.697776 0.530106 0.230724 1 23 1.000000
  23 -26.499586 -2.979514 -23.831575 0.715395 -0.037200 0.697729 0.530106 0.212915 1 23 1.000000
v_pistol_sheet
  23 -28.214069 -3.042118 -25.778175 0.664071 -0.380820 0.643417 0.323484 0.327356 1 23 1.000000
  23 -29.286051 -3.464584 -24.921238 0.664071 -0.380820 0.643417 0.416455 0.379464 1 23 1.000000
  23 -28.312544 -3.452345 -25.918736 0.664071 -0.380820 0.643417 0.316806 0.362620 1 23 1.000000
v_pistol_sheet
  23 -28.214069 -3.042118 -25.778175 0.664071 -0.380820 0.643417 0.323484 0.327356 1 23 1.000000
  23 -29.160954 -3.061922 -24.812618 0.664071 -0.380820 0.643417 0.420084 0.344387 1 23 1.000000
  23 -29.286051 -3.464584 -24.921238 0.664071 -0.380820 0.643417 0.416455 0.379464 1 23 1.000000
v_pistol_sheet
  23 -28.214069 -3.042118 -25.778175 0.664071 -0.380820 0.643417 0.323484 0.327356 1 23 1.000000
  23 -29.009872 -2.834747 -24.833427 0.664071 -0.380820 0.643417 0.413925 0.323274 1 23 1.000000
  23 -29.160954 -3.061922 -24.812618 0.664071 -0.380820 0.643417 0.420084 0.344387 1 23 1.000000
v_pistol_sheet
  23 -28.214069 -3.042118 -25.778175 0.664071 -0.380820 0.643417 0.323484 0.327356 1 23 1.000000
  23 -28.220913 -2.817661 -25.637600 0.664071 -0.380820 0.643417 0.333460 0.309035 1 23 1.000000
  23 -29.009872 -2.834747 -24.833427 0.664071 -0.380820 0.643417 0.413925 0.323274 1 23 1.000000
v_pistol_sheet
  23 -27.283604 -4.686695 -23.727654 -0.317141 -0.907082 0.276809 0.153758 0.737478 1 23 1.000000
  23 -29.246897 -4.584604 -25.642464 -0.317140 -0.907083 0.276807 0.025362 0.737478 1 23 1.000000
  23 -27.203838 -4.740413 -23.812302 -0.221658 -0.959085 0.176135 0.153758 0.743794 1 23 1.000000
v_pistol_sheet
  23 -29.246897 -4.584604 -25.642464 -0.317140 -0.907083 0.276807 0.025362 0.737478 1 23 1.000000
  23 -29.167131 -4.638322 -25.727112 -0.118972 -0.990485 0.069175 0.025362 0.743794 1 23 1.000000
  23 -27.203838 -4.740413 -23.812302 -0.221658 -0.959085 0.176135 0.153758 0.743794 1 23 1.000000
v_pistol_sheet
  23 -27.203838 -4.740413 -23.812302 -0.221658 -0.959085 0.176135 0.153758 0.743794 1 23 1.000000
  23 -29.167131 -4.638322 -25.727112 -0.118972 -0.990485 0.069175 0.025362 0.743794 1 23 1.000000
  23 -27.114326 -4.738453 -23.903976 0.087471 -0.985958 -0.142254 0.153758 0.743697 1 23 1.000000
v_pistol_sheet
  23 -29.167131 -4.638322 -25.727112 -0.118972 -0.990485 0.069175 0.025362 0.743794 1 23 1.000000
  23 -29.077620 -4.636363 -25.818787 0.191229 -0.950031 -0.246723 0.025362 0.743697 1 23 1.000000
  23 -27.114326 -4.738453 -23.903976 0.087471 -0.985958 -0.142254 0.153758 0.743697 1 23 1.000000
v_pistol_sheet
  23 -27.114326 -4.738453 -23.903976 0.087471 -0.985958 -0.142254 0.153758 0.743697 1 23 1.000000
  23 -29.077620 -4.636363 -25.818787 0.191229 -0.950031 -0.246723 0.025362 0.743697 1 23 1.000000
  23 -27.032795 -4.681195 -23.984520 0.379375 -0.817889 -0.432587 0.153758 0.737207 1 23 1.000000
v_pistol_sheet
  23 -29.077620 -4.636363 -25.818787 0.191229 -0.950031 -0.246723 0.025362 0.743697 1 23 1.000000
  23 -28.996084 -4.579104 -25.899330 0.463753 -0.721642 -0.513970 0.025362 0.737208 1 23 1.000000
  23 -27.032795 -4.681195 -23.984520 0.379375 -0.817889 -0.432587 0.153758 0.737207 1 23 1.000000
v_pistol_sheet
  23 -27.032795 -4.681195 -23.984520 0.379375 -0.817889 -0.432587 0.153758 0.737207 1 23 1.000000
  23 -28.996084 -4.579104 -25.899330 0.463753 -0.721642 -0.513970 0.025362 0.737208 1 23 1.000000
  23 -26.975389 -4.579990 -24.037983 0.596399 -0.487745 -0.637505 0.153758 0.725610 1 23 1.000000
v_pistol_sheet
  23 -28.996084 -4.579104 -25.899330 0.463753 -0.721642 -0.513970 0.025362 0.737208 1 23 1.000000
  23 -28.938683 -4.477900 -25.952793 0.644640 -0.350069 -0.679626 0.025362 0.725610 1 23 1.000000
  23 -26.975389 -4.579990 -24.037983 0.596399 -0.487745 -0.637505 0.153758 0.725610 1 23 1.000000
v_pistol_sheet
  23 -26.975389 -4.579990 -24.037983 0.596399 -0.487745 -0.637505 0.153758 0.725610 1 23 1.000000
  23 -28.938683 -4.477900 -25.952793 0.644640 -0.350069 -0.679626 0.025362 0.725610 1 23 1.000000
  23 -26.953484 -4.454873 -24.053774 0.695312 -0.060612 -0.716148 0.153758 0.711202 1 23 1.000000
v_pistol_sheet
  23 -28.938683 -4.477900 -25.952793 0.644640 -0.350069 -0.679626 0.025362 0.725610 1 23 1.000000
  23 -28.916775 -4.352782 -25.968582 0.697730 0.091172 -0.710535 0.025362 0.711202 1 23 1.000000
  23 -26.953484 -4.454873 -24.053774 0.695312 -0.060612 -0.716148 0.153758 0.711202 1 23 1.000000
v_pistol_sheet
  23 -26.953484 -4.454873 -24.053774 0.695312 -0.060612 -0.716148 0.153758 0.711202 1 23 1.000000
  23 -28.916775 -4.352782 -25.968582 0.697730 0.091172 -0.710535 0.025362 0.711202 1 23 1.000000
  23 -26.971415 -4.330634 -24.028763 0.656254 0.378594 -0.652685 0.153758 0.696837 1 23 1.000000
v_pistol_sheet
  23 -28.916775 -4.352782 -25.968582 0.697730 0.091172 -0.710535 0.025362 0.711202 1 23 1.000000
  23 -28.934708 -4.228543 -25.943573 0.612372 0.514245 -0.600461 0.025362 0.696837 1 23 1.000000
  23 -26.971415 -4.330634 -24.028763 0.656254 0.378594 -0.652685 0.153758 0.696837 1 23 1.000000
v_pistol_sheet
  23 -26.971415 -4.330634 -24.028763 0.656254 0.378594 -0.652685 0.153758 0.696837 1 23 1.000000
  23 -28.934708 -4.228543 -25.943573 0.612372 0.514245 -0.600461 0.025362 0.696837 1 23 1.000000
  23 -27.025631 -4.231869 -23.967907 0.487095 0.742484 -0.459843 0.153758 0.685360 1 23 1.000000
v_pistol_sheet
  23 -28.934708 -4.228543 -25.943573 0.612372 0.514245 -0.600461 0.025362 0.696837 1 23 1.000000
  23 -28.988924 -4.129786 -25.882717 0.405729 0.835097 -0.371479 0.025362 0.685361 1 23 1.000000
  23 -27.025631 -4.231869 -23.967907 0.487095 0.742484 -0.459843 0.153758 0.685360 1 23 1.000000
v_pistol_sheet
  23 -27.025631 -4.231869 -23.967907 0.487095 0.742484 -0.459843 0.153758 0.685360 1 23 1.000000
  23 -28.988924 -4.129786 -25.882717 0.405729 0.835097 -0.371479 0.025362 0.685361 1 23 1.000000
  23 -27.105396 -4.178150 -23.883259 0.221666 0.959081 -0.176145 0.153758 0.679045 1 23 1.000000
v_pistol_sheet
  23 -28.988924 -4.129786 -25.882717 0.405729 0.835097 -0.371479 0.025362 0.685361 1 23 1.000000
  23 -29.068687 -4.076059 -25.798069 0.118983 0.990483 -0.069186 0.025362 0.679045 1 23 1.000000
  23 -27.105396 -4.178150 -23.883259 0.221666 0.959081 -0.176145 0.153758 0.679045 1 23 1.000000
v_pistol_sheet
  23 -27.105396 -4.178150 -23.883259 0.221666 0.959081 -0.176145 0.153758 0.679045 1 23 1.000000
  23 -29.068687 -4.076059 -25.798069 0.118983 0.990483 -0.069186 0.025362 0.679045 1 23 1.000000
  23 -27.194908 -4.180113 -23.791584 -0.087469 0.985958 0.142252 0.153758 0.679141 1 23 1.000000
v_pistol_sheet
  23 -29.068687 -4.076059 -25.798069 0.118983 0.990483 -0.069186 0.025362 0.679045 1 23 1.000000
  23 -29.158201 -4.078023 -25.706394 -0.191238 0.950027 0.246730 0.025362 0.679141 1 23 1.000000
  23 -27.194908 -4.180113 -23.791584 -0.087469 0.985958 0.142252 0.153758 0.679141 1 23 1.000000
v_pistol_sheet
  23 -27.194908 -4.180113 -23.791584 -0.087469 0.985958 0.142252 0.153758 0.679141 1 23 1.000000
  23 -29.158201 -4.078023 -25.706394 -0.191238 0.950027 0.246730 0.025362 0.679141 1 23 1.000000
  23 -27.276442 -4.237369 -23.711039 -0.288449 0.893796 0.343404 0.153758 0.685631 1 23 1.000000
v_pistol_sheet
  23 -29.158201 -4.078023 -25.706394 -0.191238 0.950027 0.246730 0.025362 0.679141 1 23 1.000000
  23 -29.239735 -4.135285 -25.625851 -0.288463 0.893786 0.343417 0.025362 0.685632 1 23 1.000000
  23 -27.276442 -4.237369 -23.711039 -0.288449 0.893796 0.343404 0.153758 0.685631 1 23 1.000000
v_pistol_sheet
  39 -23.490419 -4.252827 -19.597422 0.015987 0.999187 0.037003 0.222242 0.288678 1 39 1.000000
  39 -26.015606 -4.126226 -21.924906 0.015987 0.999187 0.037003 0.037358 0.280368 1 39 1.000000
  39 -23.558107 -4.254310 -19.528101 0.015987 0.999187 0.037003 0.222242 0.280386 1 39 1.000000
v_pistol_sheet
  39 -25.942327 -4.124619 -21.999952 0.015987 0.999187 0.037003 0.037358 0.289344 1 39 1.000000
  39 -26.015606 -4.126226 -21.924906 0.015987 0.999187 0.037003 0.037358 0.280368 1 39 1.000000
  39 -23.490419 -4.252827 -19.597422 0.015987 0.999187 0.037003 0.222242 0.288678 1 39 1.000000
v_pistol_sheet
  39 -23.327002 -5.384752 -20.245453 0.715395 -0.037200 0.697729 0.746631 0.655880 1 39 1.000000
  39 -23.132494 -5.434338 -20.447531 0.715395 -0.037200 0.697729 0.817292 0.669022 1 39 1.000000
  39 -23.129362 -5.218246 -20.439220 0.715395 -0.037200 0.697729 0.816822 0.614450 1 39 1.000000
v_pistol_sheet
  39 -23.327002 -5.384752 -20.245453 0.715395 -0.037200 0.697729 0.746631 0.655880 1 39 1.000000
  39 -23.168882 -5.485302 -20.412937 0.715395 -0.037200 0.697729 0.804519 0.681780 1 39 1.000000
  39 -23.132494 -5.434338 -20.447531 0.715395 -0.037200 0.697729 0.817292 0.669022 1 39 1.000000
v_pistol_sheet
  39 -23.327002 -5.384752 -20.245453 0.715395 -0.037200 0.697729 0.746631 0.655880 1 39 1.000000
  39 -23.328150 -5.485059 -20.249624 0.715395 -0.037200 0.697729 0.746959 0.681213 1 39 1.000000
  39 -23.168882 -5.485302 -20.412937 0.715395 -0.037200 0.697729 0.804519 0.681780 1 39 1.000000
v_pistol_sheet
  39 -23.641151 -5.229469 -19.915071 0.715395 -0.037200 0.697729 0.631948 0.615660 1 39 1.000000
  39 -23.129362 -5.218246 -20.439220 0.715395 -0.037200 0.697729 0.816822 0.614450 1 39 1.000000
  39 -23.139814 -5.193972 -20.427208 0.715395 -0.037200 0.697729 0.812864 0.608286 1 39 1.000000
v_pistol_sheet
  39 -23.327002 -5.384752 -20.245453 0.715395 -0.037200 0.697729 0.746631 0.655880 1 39 1.000000
  39 -23.129362 -5.218246 -20.439220 0.715395 -0.037200 0.697729 0.816822 0.614450 1 39 1.000000
  39 -23.641151 -5.229469 -19.915071 0.715395 -0.037200 0.697729 0.631948 0.615660 1 39 1.000000
v_pistol_sheet
  39 -23.641151 -5.229469 -19.915071 0.715395 -0.037200 0.697729 0.631948 0.615660 1 39 1.000000
  39 -23.451719 -5.387486 -20.117723 0.715395 -0.037200 0.697729 0.701579 0.656175 1 39 1.000000
  39 -23.327002 -5.384752 -20.245453 0.715395 -0.037200 0.697729 0.746631 0.655880 1 39 1.000000
v_pistol_sheet
  39 -23.641151 -5.229469 -19.915071 0.715395 -0.037200 0.697729 0.631948 0.615660 1 39 1.000000
  39 -23.453714 -5.487814 -20.121029 0.715395 -0.037200 0.697729 0.701602 0.681510 1 39 1.000000
  39 -23.451719 -5.387486 -20.117723 0.715395 -0.037200 0.697729 0.701579 0.656175 1 39 1.000000
v_pistol_sheet
  39 -23.641151 -5.229469 -19.915071 0.715395 -0.037200 0.697729 0.631948 0.615660 1 39 1.000000
  39 -23.610291 -5.494969 -19.960869 0.715395 -0.037200 0.697729 0.645069 0.682820 1 39 1.000000
  39 -23.453714 -5.487814 -20.121029 0.715395 -0.037200 0.697729 0.701602 0.681510 1 39 1.000000
v_pistol_sheet
  39 -23.641151 -5.229469 -19.915071 0.715395 -0.037200 0.697729 0.631948 0.615660 1 39 1.000000
  39 -23.645048 -5.445578 -19.922600 0.715395 -0.037200 0.697729 0.632142 0.670234 1 39 1.000000
  39 -23.610291 -5.494969 -19.960869 0.715395 -0.037200 0.697729 0.645069 0.682820 1 39 1.000000
v_pistol_sheet
  39 -23.641151 -5.229469 -19.915071 0.715395 -0.037200 0.697729 0.631948 0.615660 1 39 1.000000
  39 -23.139814 -5.193972 -20.427208 0.715395 -0.037200 0.697729 0.812864 0.608286 1 39 1.000000
  39 -23.630089 -5.204730 -19.925095 0.715395 -0.037200 0.697729 0.635763 0.609446 1 39 1.000000
v_pistol_sheet
  39 -23.270386 -5.215045 -20.334879 0.576671 -0.546595 -0.607193 0.792047 0.966533 1 39 1.000000
  39 -23.952339 -5.279040 -20.924940 0.576671 -0.546595 -0.607193 0.770942 0.831252 1 39 1.000000
  39 -24.015934 -5.175183 -21.091530 0.576671 -0.546595 -0.607193 0.795233 0.806283 1 39 1.000000
v_pistol_sheet
  39 -23.270386 -5.215045 -20.334879 0.576671 -0.546595 -0.607193 0.792047 0.966533 1 39 1.000000
  39 -23.354389 -5.310133 -20.341757 0.576671 -0.546595 -0.607193 0.770942 0.957281 1 39 1.000000
  39 -23.952339 -5.279040 -20.924940 0.576671 -0.546595 -0.607193 0.770942 0.831252 1 39 1.000000
v_pistol_sheet
  39 -24.015934 -5.175183 -21.091530 0.696446 0.196967 -0.690048 0.795233 0.806283 1 39 1.000000
  39 -23.273735 -5.118621 -20.326303 0.696446 0.196967 -0.690048 0.809573 0.966533 1 39 1.000000
  39 -23.270386 -5.215045 -20.334879 0.696446 0.196967 -0.690048 0.792047 0.966533 1 39 1.000000
v_pistol_sheet
  39 -24.015934 -5.175183 -21.091530 0.696446 0.196967 -0.690048 0.795233 0.806283 1 39 1.000000
  39 -24.087891 -5.076286 -21.120356 0.696446 0.196967 -0.690048 0.809514 0.805762 1 39 1.000000
  39 -23.273735 -5.118621 -20.326303 0.696446 0.196967 -0.690048 0.809573 0.966533 1 39 1.000000
v_pistol_sheet
  39 -28.901493 -5.123382 -25.484791 -0.483398 -0.727052 -0.487566 0.798672 0.782353 1 39 1.000000
  39 -28.826355 -5.121736 -25.561743 -0.483398 -0.727052 -0.487566 0.798672 0.782244 1 39 1.000000
  39 -28.862989 -5.173470 -25.448269 -0.357173 -0.858857 -0.367141 0.815732 0.814992 1 39 1.000000
v_pistol_sheet
  39 -28.787853 -5.171824 -25.525221 -0.283470 -0.912054 -0.296314 0.807208 0.789722 1 39 1.000000
  39 -28.862989 -5.173470 -25.448269 -0.357173 -0.858857 -0.367141 0.815732 0.814992 1 39 1.000000
  39 -28.826355 -5.121736 -25.561743 -0.483398 -0.727052 -0.487566 0.798672 0.782244 1 39 1.000000
v_pistol_sheet
  39 -28.587622 -5.197857 -25.310778 -0.052141 -0.996024 -0.072238 0.852903 0.792053 1 39 1.000000
  39 -28.862989 -5.173470 -25.448269 -0.357173 -0.858857 -0.367141 0.815732 0.814992 1 39 1.000000
  39 -28.787853 -5.171824 -25.525221 -0.283470 -0.912054 -0.296314 0.807208 0.789722 1 39 1.000000
v_pistol_sheet
  39 -28.587622 -5.197857 -25.310778 -0.052141 -0.996024 -0.072238 0.852903 0.792053 1 39 1.000000
  39 -28.643278 -5.199079 -25.253778 -0.052141 -0.996024 -0.072238 0.880345 0.815140 1 39 1.000000
  39 -28.862989 -5.173470 -25.448269 -0.357173 -0.858857 -0.367141 0.815732 0.814992 1 39 1.000000
v_pistol_sheet
  39 -28.450371 -4.881539 -25.170870 0.613898 -0.526507 0.588149 0.881524 0.741758 1 39 1.000000
  39 -28.643278 -5.199079 -25.253778 0.613898 -0.526507 0.588149 0.880345 0.815140 1 39 1.000000
  39 -28.587622 -5.197857 -25.310778 0.613898 -0.526507 0.588149 0.852903 0.792053 1 39 1.000000
v_pistol_sheet
  39 -28.450371 -4.881539 -25.170870 0.613898 -0.526507 0.588149 0.881524 0.741758 1 39 1.000000
  39 -28.506907 -4.882780 -25.112968 0.613898 -0.526507 0.588149 0.911090 0.759691 1 39 1.000000
  39 -28.643278 -5.199079 -25.253778 0.613898 -0.526507 0.588149 0.880345 0.815140 1 39 1.000000
v_pistol_sheet
  39 -23.508101 -5.128957 -20.825943 -0.008112 -0.999636 -0.025750 0.652645 0.887930 1 39 1.000000
  39 -24.289742 -5.130177 -20.532362 -0.008112 -0.999636 -0.025750 0.630819 0.967658 1 39 1.000000
  39 -23.763933 -5.119811 -21.091532 -0.008112 -0.999636 -0.025750 0.619875 0.887398 1 39 1.000000
v_pistol_sheet
  39 -23.508101 -5.128957 -20.825943 -0.008112 -0.999636 -0.025750 0.652645 0.887930 1 39 1.000000
  39 -24.013844 -5.139134 -20.262577 -0.008112 -0.999636 -0.025750 0.664986 0.966970 1 39 1.000000
  39 -24.289742 -5.130177 -20.532362 -0.008112 -0.999636 -0.025750 0.630819 0.967658 1 39 1.000000
v_pistol_sheet
  39 -23.359335 -4.921074 -20.844587 0.699597 0.008754 -0.714484 0.662087 0.859151 1 39 1.000000
  39 -23.719212 -4.982100 -21.197710 0.699597 0.008754 -0.714484 0.616509 0.865656 1 39 1.000000
  39 -23.751831 -4.909014 -21.228649 0.699597 0.008754 -0.714484 0.613453 0.860163 1 39 1.000000
v_pistol_sheet
  39 -23.359335 -4.921074 -20.844587 0.699597 0.008754 -0.714484 0.662087 0.859151 1 39 1.000000
  39 -23.392580 -4.990735 -20.877886 0.699597 0.008754 -0.714484 0.657015 0.864719 1 39 1.000000
  39 -23.719212 -4.982100 -21.197710 0.699597 0.008754 -0.714484 0.616509 0.865656 1 39 1.000000
v_pistol_sheet
  39 -23.287645 -4.939018 -20.842907 -0.239404 -0.946944 0.214437 0.672061 0.850140 1 39 1.000000
  39 -23.751831 -4.909014 -21.228649 -0.239404 -0.946944 0.214437 0.610320 0.855525 1 39 1.000000
  39 -23.737299 -4.924780 -21.282930 -0.239404 -0.946944 0.214437 0.602824 0.851386 1 39 1.000000
v_pistol_sheet
  39 -23.287645 -4.939018 -20.842907 -0.239404 -0.946944 0.214437 0.672061 0.850140 1 39 1.000000
  39 -23.359335 -4.921074 -20.844587 -0.239404 -0.946944 0.214437 0.667328 0.854404 1 39 1.000000
  39 -23.751831 -4.909014 -21.228649 -0.239404 -0.946944 0.214437 0.610320 0.855525 1 39 1.000000
v_pistol_sheet
  39 -24.313488 -5.057554 -20.554646 -0.699185 -0.008683 0.714887 0.628858 0.962154 1 39 1.000000
  39 -24.013844 -5.139134 -20.262577 -0.699185 -0.008683 0.714887 0.664986 0.966970 1 39 1.000000
  39 -23.981985 -5.069405 -20.230629 -0.699185 -0.008683 0.714887 0.669887 0.961403 1 39 1.000000
v_pistol_sheet
  39 -24.313488 -5.057554 -20.554646 -0.699185 -0.008683 0.714887 0.628858 0.962154 1 39 1.000000
  39 -24.289742 -5.130177 -20.532362 -0.699185 -0.008683 0.714887 0.630819 0.967658 1 39 1.000000
  39 -24.013844 -5.139134 -20.262577 -0.699185 -0.008683 0.714887 0.664986 0.966970 1 39 1.000000
v_pistol_sheet
  23 -27.607761 -3.450294 -25.154196 0.452094 0.851197 0.266599 0.430439 0.266503 1 23 1.000000
  23 -26.843140 -3.470773 -24.238998 0.159837 0.980816 -0.111591 0.500068 0.264030 1 23 1.000000
  23 -26.759066 -3.494426 -24.326458 0.159837 0.980816 -0.111591 0.500068 0.266503 1 23 1.000000
v_pistol_sheet
  23 -27.607761 -3.450294 -25.154196 0.452094 0.851197 0.266599 0.430439 0.266503 1 23 1.000000
  23 -27.691833 -3.426641 -25.066734 0.452094 0.851197 0.266599 0.430439 0.264030 1 23 1.000000
  23 -26.843140 -3.470773 -24.238998 0.159837 0.980816 -0.111591 0.500068 0.264030 1 23 1.000000
v_pistol_sheet
  23 -27.691833 -3.426641 -25.066734 0.452094 0.851197 0.266599 0.430439 0.264030 1 23 1.000000
  23 -27.607761 -3.450294 -25.154196 0.452094 0.851197 0.266599 0.430439 0.266503 1 23 1.000000
  23 -27.664103 -3.332513 -25.180367 0.633478 0.512828 0.579408 0.426744 0.254932 1 23 1.000000
v_pistol_sheet
  23 -27.691833 -3.426641 -25.066734 0.452094 0.851197 0.266599 0.430439 0.264030 1 23 1.000000
  23 -27.664103 -3.332513 -25.180367 0.633478 0.512828 0.579408 0.426744 0.254932 1 23 1.000000
  23 -27.772543 -3.338697 -25.072809 0.633478 0.512828 0.579408 0.426609 0.255426 1 23 1.000000
v_pistol_sheet
  23 -27.731094 -3.268032 -25.018021 0.513923 -0.851249 0.106104 0.430439 0.248102 1 23 1.000000
  23 -26.817381 -3.272155 -24.254820 0.255220 -0.915670 -0.310502 0.500068 0.244178 1 23 1.000000
  23 -26.882402 -3.312163 -24.190285 0.255220 -0.915670 -0.310502 0.500068 0.248102 1 23 1.000000
v_pistol_sheet
  23 -27.731094 -3.268032 -25.018021 0.513923 -0.851249 0.106104 0.430439 0.248102 1 23 1.000000
  23 -27.666075 -3.228023 -25.082556 0.513923 -0.851249 0.106104 0.430439 0.244178 1 23 1.000000
  23 -26.817381 -3.272155 -24.254820 0.255220 -0.915670 -0.310502 0.500068 0.244178 1 23 1.000000
v_pistol_sheet
  23 -27.666075 -3.228023 -25.082556 0.513923 -0.851249 0.106104 0.430439 0.244178 1 23 1.000000
  23 -27.731094 -3.268032 -25.018021 0.513923 -0.851249 0.106104 0.430439 0.248102 1 23 1.000000
  23 -27.772543 -3.338697 -25.072809 0.646901 -0.578579 0.496754 0.426609 0.255426 1 23 1.000000
v_pistol_sheet
  23 -27.666075 -3.228023 -25.082556 0.513923 -0.851249 0.106104 0.430439 0.244178 1 23 1.000000
  23 -27.772543 -3.338697 -25.072809 0.646901 -0.578579 0.496754 0.426609 0.255426 1 23 1.000000
  23 -27.664103 -3.332513 -25.180367 0.646901 -0.578579 0.496754 0.426744 0.254932 1 23 1.000000
v_pistol_sheet
  23 -26.830494 -3.387683 -24.154022 0.666526 0.335953 -0.665491 0.503898 0.255426 1 23 1.000000
  23 -27.731094 -3.268032 -25.018021 0.695120 0.139131 -0.705302 0.430439 0.248102 1 23 1.000000
  23 -26.882402 -3.312163 -24.190285 0.695120 0.139131 -0.705302 0.500068 0.248102 1 23 1.000000
v_pistol_sheet
  23 -26.830494 -3.387683 -24.154022 0.666526 0.335953 -0.665491 0.503898 0.255426 1 23 1.000000
  23 -27.772543 -3.338697 -25.072809 0.666526 0.335953 -0.665491 0.426609 0.255426 1 23 1.000000
  23 -27.731094 -3.268032 -25.018021 0.695120 0.139131 -0.705302 0.430439 0.248102 1 23 1.000000
v_pistol_sheet
  23 -26.830494 -3.387683 -24.154022 0.666526 0.335953 -0.665491 0.503898 0.255426 1 23 1.000000
  23 -27.691833 -3.426641 -25.066734 0.610511 0.518953 -0.598301 0.430439 0.264030 1 23 1.000000
  23 -27.772543 -3.338697 -25.072809 0.666526 0.335953 -0.665491 0.426609 0.255426 1 23 1.000000
v_pistol_sheet
  23 -26.830494 -3.387683 -24.154022 0.666526 0.335953 -0.665491 0.503898 0.255426 1 23 1.000000
  23 -26.843140 -3.470773 -24.238998 0.610511 0.518953 -0.598301 0.500068 0.264030 1 23 1.000000
  23 -27.691833 -3.426641 -25.066734 0.610511 0.518953 -0.598301 0.430439 0.264030 1 23 1.000000
v_pistol_sheet
  39 -25.398447 -4.689898 -23.076632 0.484516 -0.008380 -0.874742 0.335047 0.826856 1 39 1.000000
  39 -25.722387 -4.184302 -23.260904 0.631651 -0.013736 -0.775131 0.304731 0.795301 1 39 1.000000
  39 -25.377302 -4.188275 -23.071285 0.484516 -0.008380 -0.874742 0.344877 0.782012 1 39 1.000000
v_pistol_sheet
  39 -25.398447 -4.689898 -23.076632 0.484516 -0.008380 -0.874742 0.335047 0.826856 1 39 1.000000
  39 -25.747389 -4.820627 -23.270216 0.596484 -0.012773 -0.802523 0.292162 0.851836 1 39 1.000000
  39 -25.722387 -4.184302 -23.260904 0.631651 -0.013736 -0.775131 0.304731 0.795301 1 39 1.000000
v_pistol_sheet
  39 -25.747389 -4.820627 -23.270216 0.596484 -0.012773 -0.802523 0.292162 0.851836 1 39 1.000000
  39 -26.307924 -4.791355 -23.817209 0.697748 -0.016252 -0.716159 0.226757 0.852511 1 39 1.000000
  39 -25.722387 -4.184302 -23.260904 0.631651 -0.013736 -0.775131 0.304731 0.795301 1 39 1.000000
v_pistol_sheet
  39 -25.722387 -4.184302 -23.260904 0.631651 -0.013736 -0.775131 0.304731 0.795301 1 39 1.000000
  39 -26.307924 -4.791355 -23.817209 0.697748 -0.016252 -0.716159 0.226757 0.852511 1 39 1.000000
  39 -27.449848 -4.731719 -24.931536 0.697697 -0.014700 -0.716242 0.108212 0.853886 1 39 1.000000
v_pistol_sheet
  39 -25.722387 -4.184302 -23.260904 0.631651 -0.013736 -0.775131 0.304731 0.795301 1 39 1.000000
  39 -27.449848 -4.731719 -24.931536 0.697697 -0.014700 -0.716242 0.108212 0.853886 1 39 1.000000
  39 -27.430046 -4.096339 -24.925241 0.697697 -0.014700 -0.716242 0.120146 0.797626 1 39 1.000000
v_pistol_sheet
  39 -28.665123 -4.668252 -26.117439 0.697751 -0.013837 -0.716207 0.004517 0.855349 1 39 1.000000
  39 -27.430046 -4.096339 -24.925241 0.697697 -0.014700 -0.716242 0.120146 0.797626 1 39 1.000000
  39 -27.449848 -4.731719 -24.931536 0.697697 -0.014700 -0.716242 0.108212 0.853886 1 39 1.000000
v_pistol_sheet
  39 -28.665123 -4.668252 -26.117439 0.697751 -0.013837 -0.716207 0.004517 0.855349 1 39 1.000000
  39 -28.642441 -4.033885 -26.106874 0.697751 -0.013837 -0.716207 0.017008 0.799277 1 39 1.000000
  39 -27.430046 -4.096339 -24.925241 0.697697 -0.014700 -0.716242 0.120146 0.797626 1 39 1.000000
v_pistol_sheet
  23 -27.664103 -3.332513 -25.180367 0.696827 0.108181 -0.709034 0.426744 0.254932 1 23 1.000000
  23 -27.653479 -3.094135 -25.067898 0.678449 0.283033 -0.677938 0.431275 0.230724 1 23 1.000000
  23 -27.666075 -3.228023 -25.082556 0.696755 0.151398 -0.701149 0.430439 0.244178 1 23 1.000000
v_pistol_sheet
  23 -26.445038 -3.819317 -23.932280 0.688525 -0.176582 -0.703386 0.530106 0.297058 1 23 1.000000
  23 -29.556068 -3.657544 -26.966484 0.689589 -0.125707 -0.713208 0.274867 0.297058 1 23 1.000000
  23 -26.759066 -3.494426 -24.326458 0.689589 -0.125707 -0.713208 0.500068 0.266503 1 23 1.000000
v_pistol_sheet
  23 -27.607761 -3.450294 -25.154196 0.688800 -0.074494 -0.721114 0.430439 0.266503 1 23 1.000000
  23 -26.759066 -3.494426 -24.326458 0.689589 -0.125707 -0.713208 0.500068 0.266503 1 23 1.000000
  23 -29.556068 -3.657544 -26.966484 0.689589 -0.125707 -0.713208 0.274867 0.297058 1 23 1.000000
v_pistol_sheet
  23 -27.607761 -3.450294 -25.154196 0.688800 -0.074494 -0.721114 0.430439 0.266503 1 23 1.000000
  23 -29.556068 -3.657544 -26.966484 0.689589 -0.125707 -0.713208 0.274867 0.297058 1 23 1.000000
  23 -29.515287 -3.236252 -26.985836 0.696827 0.108181 -0.709034 0.274867 0.254932 1 23 1.000000
v_pistol_sheet
  23 -27.607761 -3.450294 -25.154196 0.688800 -0.074494 -0.721114 0.430439 0.266503 1 23 1.000000
  23 -29.515287 -3.236252 -26.985836 0.696827 0.108181 -0.709034 0.274867 0.254932 1 23 1.000000
  23 -27.664103 -3.332513 -25.180367 0.696827 0.108181 -0.709034 0.426744 0.254932 1 23 1.000000
v_pistol_sheet
  23 -27.664103 -3.332513 -25.180367 0.696827 0.108181 -0.709034 0.426744 0.254932 1 23 1.000000
  23 -29.515287 -3.236252 -26.985836 0.696827 0.108181 -0.709034 0.274867 0.254932 1 23 1.000000
  23 -29.520279 -2.997061 -26.888597 0.666194 0.348496 -0.659345 0.278118 0.230724 1 23 1.000000
v_pistol_sheet
  23 -27.664103 -3.332513 -25.180367 0.696827 0.108181 -0.709034 0.426744 0.254932 1 23 1.000000
  23 -29.520279 -2.997061 -26.888597 0.666194 0.348496 -0.659345 0.278118 0.230724 1 23 1.000000
  23 -27.653479 -3.094135 -25.067898 0.678449 0.283033 -0.677938 0.431275 0.230724 1 23 1.000000
v_pistol_sheet
  23 -29.520279 -2.997061 -26.888597 0.666194 0.348496 -0.659345 0.278118 0.230724 1 23 1.000000
  23 -27.688692 -2.917680 -24.991318 0.648151 0.408311 -0.642792 0.432547 0.212915 1 23 1.000000
  23 -27.653479 -3.094135 -25.067898 0.678449 0.283033 -0.677938 0.431275 0.230724 1 23 1.000000
v_pistol_sheet
  23 -26.499586 -2.979514 -23.831575 0.648151 0.408311 -0.642792 0.530106 0.212915 1 23 1.000000
  23 -27.653479 -3.094135 -25.067898 0.678449 0.283033 -0.677938 0.431275 0.230724 1 23 1.000000
  23 -27.688692 -2.917680 -24.991318 0.648151 0.408311 -0.642792 0.432547 0.212915 1 23 1.000000
v_pistol_sheet
  23 -26.499586 -2.979514 -23.831575 0.648151 0.408311 -0.642792 0.530106 0.212915 1 23 1.000000
  23 -26.448864 -3.156774 -23.893032 0.667018 0.270040 -0.694382 0.530106 0.230724 1 23 1.000000
  23 -27.653479 -3.094135 -25.067898 0.678449 0.283033 -0.677938 0.431275 0.230724 1 23 1.000000
v_pistol_sheet
  23 -26.448864 -3.156774 -23.893032 0.667018 0.270040 -0.694382 0.530106 0.230724 1 23 1.000000
  23 -27.666075 -3.228023 -25.082556 0.696755 0.151398 -0.701149 0.430439 0.244178 1 23 1.000000
  23 -27.653479 -3.094135 -25.067898 0.678449 0.283033 -0.677938 0.431275 0.230724 1 23 1.000000
v_pistol_sheet
  23 -26.448864 -3.156774 -23.893032 0.667018 0.270040 -0.694382 0.530106 0.230724 1 23 1.000000
  23 -26.817381 -3.272155 -24.254820 0.670958 0.197385 -0.714741 0.500068 0.244178 1 23 1.000000
  23 -27.666075 -3.228023 -25.082556 0.696755 0.151398 -0.701149 0.430439 0.244178 1 23 1.000000
v_pistol_sheet
  23 -26.404257 -3.398024 -23.951632 0.681143 0.103418 -0.724809 0.530106 0.254932 1 23 1.000000
  23 -26.817381 -3.272155 -24.254820 0.670958 0.197385 -0.714741 0.500068 0.244178 1 23 1.000000
  23 -26.448864 -3.156774 -23.893032 0.667018 0.270040 -0.694382 0.530106 0.230724 1 23 1.000000
v_pistol_sheet
  23 -26.404257 -3.398024 -23.951632 0.681143 0.103418 -0.724809 0.530106 0.254932 1 23 1.000000
  23 -26.724289 -3.383333 -24.264250 0.681143 0.103418 -0.724809 0.503833 0.255129 1 23 1.000000
  23 -26.817381 -3.272155 -24.254820 0.670958 0.197385 -0.714741 0.500068 0.244178 1 23 1.000000
v_pistol_sheet
  23 -26.445038 -3.819317 -23.932280 0.688525 -0.176582 -0.703386 0.530106 0.297058 1 23 1.000000
  23 -26.724289 -3.383333 -24.264250 0.681143 0.103418 -0.724809 0.503833 0.255129 1 23 1.000000
  23 -26.404257 -3.398024 -23.951632 0.681143 0.103418 -0.724809 0.530106 0.254932 1 23 1.000000
v_pistol_sheet
  23 -26.445038 -3.819317 -23.932280 0.688525 -0.176582 -0.703386 0.530106 0.297058 1 23 1.000000
  23 -26.759066 -3.494426 -24.326458 0.689589 -0.125707 -0.713208 0.500068 0.266503 1 23 1.000000
  23 -26.724289 -3.383333 -24.264250 0.681143 0.103418 -0.724809 0.503833 0.255129 1 23 1.000000
v_pistol_sheet
  23 -29.520279 -2.997061 -26.888597 0.666194 0.348496 -0.659345 0.278118 0.230724 1 23 1.000000
  23 -29.474413 -2.824824 -26.732944 0.648151 0.408312 -0.642792 0.286042 0.212915 1 23 1.000000
  23 -27.688692 -2.917680 -24.991318 0.648151 0.408311 -0.642792 0.432547 0.212915 1 23 1.000000
v_pistol_sheet
  23 -25.962458 -2.196592 -22.264643 -0.488525 -0.870903 -0.053580 0.173218 0.530324 1 23 1.000000
  23 -25.489016 -2.555021 -22.179800 -0.538928 -0.688262 -0.485646 0.176033 0.558092 1 23 1.000000
  23 -25.651461 -2.422726 -21.917801 -0.606303 -0.794827 0.025430 0.206235 0.544223 1 23 1.000000
v_pistol_sheet
  23 -25.593000 -2.188492 -22.643021 -0.009647 -0.889993 -0.455872 0.126235 0.521845 1 23 1.000000
  23 -25.233896 -2.413568 -22.345449 -0.375173 -0.206340 -0.903697 0.153134 0.534640 1 23 1.000000
  23 -25.489016 -2.555021 -22.179800 -0.538928 -0.688262 -0.485646 0.176033 0.558092 1 23 1.000000
v_pistol_sheet
  23 -25.593000 -2.188492 -22.643021 -0.009647 -0.889993 -0.455872 0.126235 0.521845 1 23 1.000000
  23 -25.489016 -2.555021 -22.179800 -0.538928 -0.688262 -0.485646 0.176033 0.558092 1 23 1.000000
  23 -25.777895 -2.270019 -22.455652 -0.224474 -0.931477 -0.286291 0.149940 0.535544 1 23 1.000000
v_pistol_sheet
  23 -25.489016 -2.555021 -22.179800 -0.538928 -0.688262 -0.485646 0.176033 0.558092 1 23 1.000000
  23 -25.962458 -2.196592 -22.264643 -0.488525 -0.870903 -0.053580 0.173218 0.530324 1 23 1.000000
  23 -25.777895 -2.270019 -22.455652 -0.224474 -0.931477 -0.286291 0.149940 0.535544 1 23 1.000000
v_pistol_sheet
  23 -25.962458 -2.196592 -22.264643 -0.488525 -0.870903 -0.053580 0.173218 0.530324 1 23 1.000000
  23 -26.244814 -2.153919 -22.909079 -0.047486 -0.996575 -0.067703 0.108758 0.541140 1 23 1.000000
  23 -25.777895 -2.270019 -22.455652 -0.224474 -0.931477 -0.286291 0.149940 0.535544 1 23 1.000000
v_pistol_sheet
  23 -25.962458 -2.196592 -22.264643 -0.488525 -0.870903 -0.053580 0.173218 0.530324 1 23 1.000000
  23 -26.434776 -2.102868 -22.715204 -0.198284 -0.976048 0.089521 0.132553 0.538783 1 23 1.000000
  23 -26.244814 -2.153919 -22.909079 -0.047486 -0.996575 -0.067703 0.108758 0.541140 1 23 1.000000
v_pistol_sheet
  23 -26.518946 -2.150796 -23.176678 0.044147 -0.998789 0.021721 0.084771 0.552360 1 23 1.000000
  23 -26.244814 -2.153919 -22.909079 -0.047486 -0.996575 -0.067703 0.108758 0.541140 1 23 1.000000
  23 -26.434776 -2.102868 -22.715204 -0.198284 -0.976048 0.089521 0.132553 0.538783 1 23 1.000000
v_pistol_sheet
  23 -26.341097 -2.094148 -23.378147 0.180045 -0.976463 -0.118756 0.059806 0.542068 1 23 1.000000
  23 -26.244814 -2.153919 -22.909079 -0.047486 -0.996575 -0.067703 0.108758 0.541140 1 23 1.000000
  23 -26.518946 -2.150796 -23.176678 0.044147 -0.998789 0.021721 0.084771 0.552360 1 23 1.000000
v_pistol_sheet
  23 -26.758286 -2.183946 -23.411083 0.145836 -0.981835 0.121375 0.063933 0.566534 1 23 1.000000
  23 -26.341097 -2.094148 -23.378147 0.180045 -0.976463 -0.118756 0.059806 0.542068 1 23 1.000000
  23 -26.518946 -2.150796 -23.176678 0.044147 -0.998789 0.021721 0.084771 0.552360 1 23 1.000000
v_pistol_sheet
  23 -26.758286 -2.183946 -23.411083 0.145836 -0.981835 0.121375 0.063933 0.566534 1 23 1.000000
  23 -26.580647 -2.127246 -23.612474 0.282801 -0.958869 -0.024384 0.038980 0.556241 1 23 1.000000
  23 -26.341097 -2.094148 -23.378147 0.180045 -0.976463 -0.118756 0.059806 0.542068 1 23 1.000000
v_pistol_sheet
  23 -26.741871 -2.191245 -23.773754 0.558795 -0.801107 0.214420 0.024799 0.570900 1 23 1.000000
  23 -26.580647 -2.127246 -23.612474 0.282801 -0.958869 -0.024384 0.038980 0.556241 1 23 1.000000
  23 -26.758286 -2.183946 -23.411083 0.145836 -0.981835 0.121375 0.063933 0.566534 1 23 1.000000
v_pistol_sheet
  23 -26.741871 -2.191245 -23.773754 0.558795 -0.801107 0.214420 0.024799 0.570900 1 23 1.000000
  23 -26.758286 -2.183946 -23.411083 0.145836 -0.981835 0.121375 0.063933 0.566534 1 23 1.000000
  23 -26.901402 -2.243905 -23.552107 0.412397 -0.825656 0.384995 0.051591 0.579906 1 23 1.000000
v_pistol_sheet
  23 -26.901402 -2.243905 -23.552107 0.412397 -0.825656 0.384995 0.051591 0.579906 1 23 1.000000
  23 -26.790110 -2.278485 -23.820007 0.766524 -0.476414 0.430663 0.021128 0.583555 1 23 1.000000
  23 -26.741871 -2.191245 -23.773754 0.558795 -0.801107 0.214420 0.024799 0.570900 1 23 1.000000
v_pistol_sheet
  23 -26.901402 -2.243905 -23.552107 0.412397 -0.825656 0.384995 0.051591 0.579906 1 23 1.000000
  23 -26.947964 -2.331571 -23.599447 0.628209 -0.491841 0.602865 0.047776 0.592571 1 23 1.000000
  23 -26.790110 -2.278485 -23.820007 0.766524 -0.476414 0.430663 0.021128 0.583555 1 23 1.000000
v_pistol_sheet
  23 -26.842178 -2.468527 -23.877869 0.821577 -0.294990 0.487845 0.016815 0.608976 1 23 1.000000
  23 -26.790110 -2.278485 -23.820007 0.766524 -0.476414 0.430663 0.021128 0.583555 1 23 1.000000
  23 -26.947964 -2.331571 -23.599447 0.628209 -0.491841 0.602865 0.047776 0.592571 1 23 1.000000
v_pistol_sheet
  23 -26.842178 -2.468527 -23.877869 0.821577 -0.294990 0.487845 0.016815 0.608976 1 23 1.000000
  23 -26.947964 -2.331571 -23.599447 0.628209 -0.491841 0.602865 0.047776 0.592571 1 23 1.000000
  23 -26.991369 -2.496946 -23.645370 0.684463 -0.305886 0.661774 0.044466 0.614585 1 23 1.000000
v_pistol_sheet
  23 -26.991369 -2.496946 -23.645370 0.684463 -0.305886 0.661774 0.044466 0.614585 1 23 1.000000
  23 -26.894955 -2.712151 -23.910444 0.889957 -0.108463 0.442959 0.015507 0.640667 1 23 1.000000
  23 -26.842178 -2.468527 -23.877869 0.821577 -0.294990 0.487845 0.016815 0.608976 1 23 1.000000
v_pistol_sheet
  23 -26.991369 -2.496946 -23.645370 0.684463 -0.305886 0.661774 0.044466 0.614585 1 23 1.000000
  23 -27.029852 -2.740755 -23.688168 0.711704 -0.118691 0.692380 0.041816 0.645959 1 23 1.000000
  23 -26.894955 -2.712151 -23.910444 0.889957 -0.108463 0.442959 0.015507 0.640667 1 23 1.000000
v_pistol_sheet
  23 -26.904442 -2.882930 -23.984013 0.923704 0.018549 0.382657 0.008676 0.662572 1 23 1.000000
  23 -26.894955 -2.712151 -23.910444 0.889957 -0.108463 0.442959 0.015507 0.640667 1 23 1.000000
  23 -27.029852 -2.740755 -23.688168 0.711704 -0.118691 0.692380 0.041816 0.645959 1 23 1.000000
v_pistol_sheet
  23 -26.904442 -2.882930 -23.984013 0.923704 0.018549 0.382657 0.008676 0.662572 1 23 1.000000
  23 -27.029852 -2.740755 -23.688168 0.711704 -0.118691 0.692380 0.041816 0.645959 1 23 1.000000
  23 -26.995813 -2.893318 -23.658195 0.715276 0.013846 0.698705 0.045242 0.663132 1 23 1.000000
v_pistol_sheet
  23 -26.995813 -2.893318 -23.658195 0.715276 0.013846 0.698705 0.045242 0.663132 1 23 1.000000
  23 -27.029852 -2.740755 -23.688168 0.711704 -0.118691 0.692380 0.041816 0.645959 1 23 1.000000
  23 -27.249378 -2.719921 -23.547461 0.466487 -0.117750 0.876655 0.060578 0.648801 1 23 1.000000
v_pistol_sheet
  23 -26.995813 -2.893318 -23.658195 0.715276 0.013846 0.698705 0.045242 0.663132 1 23 1.000000
  23 -27.249378 -2.719921 -23.547461 0.466487 -0.117750 0.876655 0.060578 0.648801 1 23 1.000000
  23 -27.319479 -2.892029 -23.558950 0.404312 0.007158 0.914593 0.061455 0.672097 1 23 1.000000
v_pistol_sheet
  23 -26.518946 -2.150796 -23.176678 0.044147 -0.998789 0.021721 0.084771 0.552360 1 23 1.000000
  23 -26.434776 -2.102868 -22.715204 -0.198284 -0.976048 0.089521 0.132553 0.538783 1 23 1.000000
  23 -26.717241 -2.102393 -22.992920 -0.093461 -0.982461 0.161356 0.107639 0.550701 1 23 1.000000
v_pistol_sheet
  23 -26.717241 -2.102393 -22.992920 -0.093461 -0.982461 0.161356 0.107639 0.550701 1 23 1.000000
  23 -26.758286 -2.183946 -23.411083 0.145836 -0.981835 0.121375 0.063933 0.566534 1 23 1.000000
  23 -26.518946 -2.150796 -23.176678 0.044147 -0.998789 0.021721 0.084771 0.552360 1 23 1.000000
v_pistol_sheet
  23 -26.717241 -2.102393 -22.992920 -0.093461 -0.982461 0.161356 0.107639 0.550701 1 23 1.000000
  23 -26.956509 -2.135487 -23.227535 0.002960 -0.965005 0.262215 0.086777 0.564867 1 23 1.000000
  23 -26.758286 -2.183946 -23.411083 0.145836 -0.981835 0.121375 0.063933 0.566534 1 23 1.000000
v_pistol_sheet
  23 -26.901402 -2.243905 -23.552107 0.412397 -0.825656 0.384995 0.051591 0.579906 1 23 1.000000
  23 -26.758286 -2.183946 -23.411083 0.145836 -0.981835 0.121375 0.063933 0.566534 1 23 1.000000
  23 -26.956509 -2.135487 -23.227535 0.002960 -0.965005 0.262215 0.086777 0.564867 1 23 1.000000
v_pistol_sheet
  23 -26.901402 -2.243905 -23.552107 0.412397 -0.825656 0.384995 0.051591 0.579906 1 23 1.000000
  23 -26.956509 -2.135487 -23.227535 0.002960 -0.965005 0.262215 0.086777 0.564867 1 23 1.000000
  23 -27.120220 -2.199544 -23.386271 0.244912 -0.807989 0.535884 0.072913 0.579583 1 23 1.000000
v_pistol_sheet
  23 -27.120220 -2.199544 -23.386271 0.244912 -0.807989 0.535884 0.072913 0.579583 1 23 1.000000
  23 -26.947964 -2.331571 -23.599447 0.628209 -0.491841 0.602865 0.047776 0.592571 1 23 1.000000
  23 -26.901402 -2.243905 -23.552107 0.412397 -0.825656 0.384995 0.051591 0.579906 1 23 1.000000
v_pistol_sheet
  23 -27.120220 -2.199544 -23.386271 0.244912 -0.807989 0.535884 0.072913 0.579583 1 23 1.000000
  23 -27.165741 -2.286723 -23.435305 0.459098 -0.483156 0.745513 0.068896 0.592176 1 23 1.000000
  23 -26.947964 -2.331571 -23.599447 0.628209 -0.491841 0.602865 0.047776 0.592571 1 23 1.000000
v_pistol_sheet
  23 -26.991369 -2.496946 -23.645370 0.684463 -0.305886 0.661774 0.044466 0.614585 1 23 1.000000
  23 -26.947964 -2.331571 -23.599447 0.628209 -0.491841 0.602865 0.047776 0.592571 1 23 1.000000
  23 -27.165741 -2.286723 -23.435305 0.459098 -0.483156 0.745513 0.068896 0.592176 1 23 1.000000
v_pistol_sheet
  23 -26.991369 -2.496946 -23.645370 0.684463 -0.305886 0.661774 0.044466 0.614585 1 23 1.000000
  23 -27.165741 -2.286723 -23.435305 0.459098 -0.483156 0.745513 0.068896 0.592176 1 23 1.000000
  23 -27.220760 -2.476825 -23.490145 0.513694 -0.301742 0.803163 0.064958 0.617665 1 23 1.000000
v_pistol_sheet
  23 -27.220760 -2.476825 -23.490145 0.513694 -0.301742 0.803163 0.064958 0.617665 1 23 1.000000
  23 -27.029852 -2.740755 -23.688168 0.711704 -0.118691 0.692380 0.041816 0.645959 1 23 1.000000
  23 -26.991369 -2.496946 -23.645370 0.684463 -0.305886 0.661774 0.044466 0.614585 1 23 1.000000
v_pistol_sheet
  23 -27.220760 -2.476825 -23.490145 0.513694 -0.301742 0.803163 0.064958 0.617665 1 23 1.000000
  23 -27.249378 -2.719921 -23.547461 0.466487 -0.117750 0.876655 0.060578 0.648801 1 23 1.000000
  23 -27.029852 -2.740755 -23.688168 0.711704 -0.118691 0.692380 0.041816 0.645959 1 23 1.000000
v_pistol_sheet
  23 -23.441664 -3.847277 -19.626205 0.717083 -0.239073 0.654703 0.878858 0.585096 1 23 1.000000
  23 -23.524290 -4.175832 -19.661482 0.742855 -0.194531 0.640566 0.871611 0.620843 1 23 1.000000
  23 -23.533821 -4.237965 -19.672117 0.726981 -0.217068 0.651444 0.871656 0.627604 1 23 1.000000
v_pistol_sheet
  23 -23.524290 -4.175832 -19.661482 0.742855 -0.194531 0.640566 0.871611 0.620843 1 23 1.000000
  23 -23.613359 -4.239712 -19.590656 0.699782 -0.223494 0.678495 0.859364 0.627684 1 23 1.000000
  23 -23.533821 -4.237965 -19.672117 0.726981 -0.217068 0.651444 0.871656 0.627604 1 23 1.000000
v_pistol_sheet
  23 -23.524290 -4.175832 -19.661482 0.742855 -0.194531 0.640566 0.871611 0.620843 1 23 1.000000
  23 -23.604130 -4.177583 -19.579714 0.699782 -0.223494 0.678495 0.859274 0.620924 1 23 1.000000
  23 -23.613359 -4.239712 -19.590656 0.699782 -0.223494 0.678495 0.859364 0.627684 1 23 1.000000
v_pistol_sheet
  23 -23.533394 -3.849025 -19.532244 0.379977 0.088817 0.920722 0.861251 0.585160 1 23 1.000000
  23 -23.315920 -3.334701 -19.702045 0.126816 0.611102 0.781327 0.891252 0.529789 1 23 1.000000
  23 -23.593245 -3.823148 -19.534233 -0.224564 0.379586 0.897488 0.856917 0.582508 1 23 1.000000
v_pistol_sheet
  23 -23.533394 -3.849025 -19.532244 0.379977 0.088817 0.920722 0.861251 0.585160 1 23 1.000000
  23 -23.296471 -3.406718 -19.667442 0.602283 0.051187 0.796640 0.889977 0.537394 1 23 1.000000
  23 -23.315920 -3.334701 -19.702045 0.126816 0.611102 0.781327 0.891252 0.529789 1 23 1.000000
v_pistol_sheet
  23 -23.533394 -3.849025 -19.532244 0.379977 0.088817 0.920722 0.861251 0.585160 1 23 1.000000
  23 -23.441664 -3.847277 -19.626205 0.717083 -0.239073 0.654703 0.878858 0.585096 1 23 1.000000
  23 -23.296471 -3.406718 -19.667442 0.602283 0.051187 0.796640 0.889977 0.537394 1 23 1.000000
v_pistol_sheet
  23 -23.441664 -3.847277 -19.626205 0.717083 -0.239073 0.654703 0.878858 0.585096 1 23 1.000000
  23 -23.251009 -3.843304 -19.821472 0.686103 -0.307495 0.659325 0.904890 0.584925 1 23 1.000000
  23 -23.296471 -3.406718 -19.667442 0.602283 0.051187 0.796640 0.889977 0.537394 1 23 1.000000
v_pistol_sheet
  23 -22.969122 -3.326243 -20.052292 0.579566 0.678166 0.451879 0.944465 0.529329 1 23 1.000000
  23 -23.315920 -3.334701 -19.702045 0.126816 0.611102 0.781327 0.891252 0.529789 1 23 1.000000
  23 -23.296471 -3.406718 -19.667442 0.602283 0.051187 0.796640 0.889977 0.537394 1 23 1.000000
v_pistol_sheet
  23 -22.731705 -3.884628 -20.430136 0.793221 -0.324865 0.515037 0.991025 0.584443 1 23 1.000000
  23 -22.713539 -3.784327 -20.394848 0.987394 0.098144 -0.124183 0.989763 0.579371 1 23 1.000000
  23 -22.818481 -3.833821 -20.264442 0.786688 -0.175588 0.591854 0.971730 0.584488 1 23 1.000000
v_pistol_sheet
  23 -22.902254 -3.426717 -20.085386 0.767431 -0.007759 0.641085 0.951967 0.540135 1 23 1.000000
  23 -22.818481 -3.833821 -20.264442 0.786688 -0.175588 0.591854 0.971730 0.584488 1 23 1.000000
  23 -22.713539 -3.784327 -20.394848 0.987394 0.098144 -0.124183 0.989763 0.579371 1 23 1.000000
v_pistol_sheet
  23 -22.902254 -3.426717 -20.085386 0.767431 -0.007759 0.641085 0.951967 0.540135 1 23 1.000000
  23 -22.713539 -3.784327 -20.394848 0.987394 0.098144 -0.124183 0.989763 0.579371 1 23 1.000000
  23 -22.832056 -3.368410 -20.210949 0.850595 0.443314 0.282772 0.967015 0.534127 1 23 1.000000
v_pistol_sheet
  23 -22.832056 -3.368410 -20.210949 0.850595 0.443314 0.282772 0.967015 0.534127 1 23 1.000000
  23 -22.950840 -3.398179 -20.035086 0.734066 0.106584 0.670661 0.944445 0.536989 1 23 1.000000
  23 -22.902254 -3.426717 -20.085386 0.767431 -0.007759 0.641085 0.951967 0.540135 1 23 1.000000
v_pistol_sheet
  23 -22.832056 -3.368410 -20.210949 0.850595 0.443314 0.282772 0.967015 0.534127 1 23 1.000000
  23 -22.969122 -3.326243 -20.052292 0.579566 0.678166 0.451879 0.944465 0.529329 1 23 1.000000
  23 -22.950840 -3.398179 -20.035086 0.734066 0.106584 0.670661 0.944445 0.536989 1 23 1.000000
v_pistol_sheet
  23 -22.969122 -3.326243 -20.052292 0.579566 0.678166 0.451879 0.944465 0.529329 1 23 1.000000
  23 -23.296471 -3.406718 -19.667442 0.602283 0.051187 0.796640 0.889977 0.537394 1 23 1.000000
  23 -22.950840 -3.398179 -20.035086 0.734066 0.106584 0.670661 0.944445 0.536989 1 23 1.000000
v_pistol_sheet
  23 -23.296471 -3.406718 -19.667442 0.602283 0.051187 0.796640 0.889977 0.537394 1 23 1.000000
  23 -23.037209 -3.838616 -20.040436 0.684651 -0.303722 0.662576 0.937930 0.584709 1 23 1.000000
  23 -22.950840 -3.398179 -20.035086 0.734066 0.106584 0.670661 0.944445 0.536989 1 23 1.000000
v_pistol_sheet
  23 -23.296471 -3.406718 -19.667442 0.602283 0.051187 0.796640 0.889977 0.537394 1 23 1.000000
  23 -23.251009 -3.843304 -19.821472 0.686103 -0.307495 0.659325 0.904890 0.584925 1 23 1.000000
  23 -23.037209 -3.838616 -20.040436 0.684651 -0.303722 0.662576 0.937930 0.584709 1 23 1.000000
v_pistol_sheet
  23 -23.114946 -4.047700 -20.109636 0.644457 -0.357334 0.676008 0.937217 0.607676 1 23 1.000000
  23 -23.037209 -3.838616 -20.040436 0.684651 -0.303722 0.662576 0.937930 0.584709 1 23 1.000000
  23 -23.251009 -3.843304 -19.821472 0.686103 -0.307495 0.659325 0.904890 0.584925 1 23 1.000000
v_pistol_sheet
  23 -23.114946 -4.047700 -20.109636 0.644457 -0.357334 0.676008 0.937217 0.607676 1 23 1.000000
  23 -23.251009 -3.843304 -19.821472 0.686103 -0.307495 0.659325 0.904890 0.584925 1 23 1.000000
  23 -23.331320 -4.052447 -19.888037 0.698784 -0.355715 0.620619 0.903779 0.607895 1 23 1.000000
v_pistol_sheet
  23 -23.331320 -4.052447 -19.888037 0.698784 -0.355715 0.620619 0.903779 0.607895 1 23 1.000000
  23 -23.251009 -3.843304 -19.821472 0.686103 -0.307495 0.659325 0.904890 0.584925 1 23 1.000000
  23 -23.441664 -3.847277 -19.626205 0.717083 -0.239073 0.654703 0.878858 0.585096 1 23 1.000000
v_pistol_sheet
  23 -23.441664 -3.847277 -19.626205 0.717083 -0.239073 0.654703 0.878858 0.585096 1 23 1.000000
  23 -23.325121 -4.233395 -19.885857 0.740205 -0.213722 0.637510 0.903907 0.627393 1 23 1.000000
  23 -23.331320 -4.052447 -19.888037 0.698784 -0.355715 0.620619 0.903779 0.607895 1 23 1.000000
v_pistol_sheet
  23 -23.441664 -3.847277 -19.626205 0.717083 -0.239073 0.654703 0.878858 0.585096 1 23 1.000000
  23 -23.533821 -4.237965 -19.672117 0.726981 -0.217068 0.651444 0.871656 0.627604 1 23 1.000000
  23 -23.325121 -4.233395 -19.885857 0.740205 -0.213722 0.637510 0.903907 0.627393 1 23 1.000000
v_pistol_sheet
  23 -23.533821 -4.237965 -19.672117 0.726981 -0.217068 0.651444 0.871656 0.627604 1 23 1.000000
  23 -23.366753 -4.460671 -19.931374 0.693391 -0.261477 0.671445 0.904069 0.652160 1 23 1.000000
  23 -23.325121 -4.233395 -19.885857 0.740205 -0.213722 0.637510 0.903907 0.627393 1 23 1.000000
v_pistol_sheet
  23 -23.533821 -4.237965 -19.672117 0.726981 -0.217068 0.651444 0.871656 0.627604 1 23 1.000000
  23 -23.532881 -4.464314 -19.761230 0.693391 -0.261477 0.671445 0.878396 0.652328 1 23 1.000000
  23 -23.366753 -4.460671 -19.931374 0.693391 -0.261477 0.671445 0.904069 0.652160 1 23 1.000000
v_pistol_sheet
  23 -22.889847 -4.161952 -20.311247 0.662161 -0.197001 0.723003 0.969654 0.620205 1 23 1.000000
  23 -22.819839 -4.222331 -20.403343 0.699777 -0.223530 0.678489 0.981990 0.626884 1 23 1.000000
  23 -22.810009 -4.160202 -20.393011 0.699777 -0.223530 0.678489 0.981992 0.620124 1 23 1.000000
v_pistol_sheet
  23 -22.889847 -4.161952 -20.311247 0.662161 -0.197001 0.723003 0.969654 0.620205 1 23 1.000000
  23 -22.899380 -4.224073 -20.321882 0.673168 -0.218715 0.706405 0.969699 0.626964 1 23 1.000000
  23 -22.819839 -4.222331 -20.403343 0.699777 -0.223530 0.678489 0.981990 0.626884 1 23 1.000000
v_pistol_sheet
  23 -23.114946 -4.047700 -20.109636 0.644457 -0.357334 0.676008 0.937217 0.607676 1 23 1.000000
  23 -22.899380 -4.224073 -20.321882 0.673168 -0.218715 0.706405 0.969699 0.626964 1 23 1.000000
  23 -22.889847 -4.161952 -20.311247 0.662161 -0.197001 0.723003 0.969654 0.620205 1 23 1.000000
v_pistol_sheet
  23 -23.114946 -4.047700 -20.109636 0.644457 -0.357334 0.676008 0.937217 0.607676 1 23 1.000000
  23 -22.889847 -4.161952 -20.311247 0.662161 -0.197001 0.723003 0.969654 0.620205 1 23 1.000000
  23 -22.863598 -3.834982 -20.218246 0.675288 -0.233465 0.699629 0.961940 0.584552 1 23 1.000000
v_pistol_sheet
  23 -22.863598 -3.834982 -20.218246 0.675288 -0.233465 0.699629 0.961940 0.584552 1 23 1.000000
  23 -23.037209 -3.838616 -20.040436 0.684651 -0.303722 0.662576 0.937930 0.584709 1 23 1.000000
  23 -23.114946 -4.047700 -20.109636 0.644457 -0.357334 0.676008 0.937217 0.607676 1 23 1.000000
v_pistol_sheet
  23 -22.863598 -3.834982 -20.218246 0.675288 -0.233465 0.699629 0.961940 0.584552 1 23 1.000000
  23 -22.950840 -3.398179 -20.035086 0.734066 0.106584 0.670661 0.944445 0.536989 1 23 1.000000
  23 -23.037209 -3.838616 -20.040436 0.684651 -0.303722 0.662576 0.937930 0.584709 1 23 1.000000
v_pistol_sheet
  23 -22.863598 -3.834982 -20.218246 0.675288 -0.233465 0.699629 0.961940 0.584552 1 23 1.000000
  23 -22.902254 -3.426717 -20.085386 0.767431 -0.007759 0.641085 0.951967 0.540135 1 23 1.000000
  23 -22.950840 -3.398179 -20.035086 0.734066 0.106584 0.670661 0.944445 0.536989 1 23 1.000000
v_pistol_sheet
  23 -22.863598 -3.834982 -20.218246 0.675288 -0.233465 0.699629 0.961940 0.584552 1 23 1.000000
  23 -22.818481 -3.833821 -20.264442 0.786688 -0.175588 0.591854 0.971730 0.584488 1 23 1.000000
  23 -22.902254 -3.426717 -20.085386 0.767431 -0.007759 0.641085 0.951967 0.540135 1 23 1.000000
v_pistol_sheet
  23 -23.114946 -4.047700 -20.109636 0.644457 -0.357334 0.676008 0.937217 0.607676 1 23 1.000000
  23 -23.108746 -4.228660 -20.107458 0.659445 -0.216178 0.720000 0.937344 0.627175 1 23 1.000000
  23 -22.899380 -4.224073 -20.321882 0.673168 -0.218715 0.706405 0.969699 0.626964 1 23 1.000000
v_pistol_sheet
  23 -22.899380 -4.224073 -20.321882 0.673168 -0.218715 0.706405 0.969699 0.626964 1 23 1.000000
  23 -23.108746 -4.228660 -20.107458 0.659445 -0.216178 0.720000 0.937344 0.627175 1 23 1.000000
  23 -23.150377 -4.455924 -20.152973 0.693389 -0.261488 0.671443 0.937506 0.651941 1 23 1.000000
v_pistol_sheet
  23 -22.899380 -4.224073 -20.321882 0.673168 -0.218715 0.706405 0.969699 0.626964 1 23 1.000000
  23 -23.150377 -4.455924 -20.152973 0.693389 -0.261488 0.671443 0.937506 0.651941 1 23 1.000000
  23 -22.983580 -4.452265 -20.323797 0.693389 -0.261488 0.671443 0.963282 0.651772 1 23 1.000000
v_pistol_sheet
  39 -28.851046 -4.845567 -25.936264 -0.017401 -0.999216 -0.035548 0.005120 0.900522 1 39 1.000000
  39 -28.099642 -4.915092 -24.349810 -0.017254 -0.999214 -0.035700 0.112656 0.969835 1 39 1.000000
  39 -29.277872 -4.853558 -25.499056 -0.017401 -0.999216 -0.035548 0.014690 0.971293 1 39 1.000000
v_pistol_sheet
  39 -28.851046 -4.845567 -25.936264 -0.017401 -0.999216 -0.035548 0.005120 0.900522 1 39 1.000000
  39 -27.657730 -4.907640 -24.771894 -0.017254 -0.999214 -0.035700 0.105441 0.899054 1 39 1.000000
  39 -28.099642 -4.915092 -24.349810 -0.017254 -0.999214 -0.035700 0.112656 0.969835 1 39 1.000000
v_pistol_sheet
  39 -26.551434 -4.965187 -23.692434 -0.017106 -0.999211 -0.035852 0.197928 0.897694 1 39 1.000000
  39 -28.099642 -4.915092 -24.349810 -0.017254 -0.999214 -0.035700 0.112656 0.969835 1 39 1.000000
  39 -27.657730 -4.907640 -24.771894 -0.017254 -0.999214 -0.035700 0.105441 0.899054 1 39 1.000000
v_pistol_sheet
  39 -26.551434 -4.965187 -23.692434 -0.017106 -0.999211 -0.035852 0.197928 0.897694 1 39 1.000000
  39 -26.977726 -4.973691 -23.255489 -0.017106 -0.999211 -0.035852 0.207503 0.968446 1 39 1.000000
  39 -28.099642 -4.915092 -24.349810 -0.017254 -0.999214 -0.035700 0.112656 0.969835 1 39 1.000000
v_pistol_sheet
  23 -23.114946 -4.047700 -20.109636 -0.698539 -0.015318 0.715408 0.233496 0.427055 1 23 1.000000
  23 -23.150377 -4.455924 -20.152973 -0.698539 -0.015318 0.715408 0.230689 0.430342 1 23 1.000000
  23 -23.108746 -4.228660 -20.107458 -0.698539 -0.015318 0.715408 0.234377 0.428503 1 23 1.000000
v_pistol_sheet
  39 -22.663607 -3.857172 -20.388046 0.698635 0.055190 -0.713347 0.771760 0.740513 1 39 1.000000
  39 -22.726183 -4.314977 -20.484751 0.691597 0.035050 -0.721432 0.751727 0.777759 1 39 1.000000
  39 -22.931166 -3.832707 -20.648195 0.691597 0.035050 -0.721432 0.730963 0.740000 1 39 1.000000
v_pistol_sheet
  39 -22.931166 -3.832707 -20.648195 0.691597 0.035050 -0.721432 0.730963 0.740000 1 39 1.000000
  39 -22.726183 -4.314977 -20.484751 0.691597 0.035050 -0.721432 0.751727 0.777759 1 39 1.000000
  39 -22.870794 -4.816949 -20.611643 0.691385 0.015524 -0.722319 0.722755 0.823257 1 39 1.000000
v_pistol_sheet
  39 -22.931166 -3.832707 -20.648195 0.691597 0.035050 -0.721432 0.730963 0.740000 1 39 1.000000
  39 -22.870794 -4.816949 -20.611643 0.691385 0.015524 -0.722319 0.722755 0.823257 1 39 1.000000
  39 -23.429899 -3.806781 -21.134712 0.697641 0.015991 -0.716269 0.654464 0.740624 1 39 1.000000
v_pistol_sheet
  39 -22.870794 -4.816949 -20.611643 0.691385 0.015524 -0.722319 0.722755 0.823257 1 39 1.000000
  39 -23.159618 -4.802431 -20.893307 0.698502 0.016154 -0.715426 0.678453 0.823668 1 39 1.000000
  39 -23.429899 -3.806781 -21.134712 0.697641 0.015991 -0.716269 0.654464 0.740624 1 39 1.000000
v_pistol_sheet
  39 -23.692327 -4.775651 -21.412809 0.698502 0.016154 -0.715426 0.596743 0.824427 1 39 1.000000
  39 -23.429899 -3.806781 -21.134712 0.697641 0.015991 -0.716269 0.654464 0.740624 1 39 1.000000
  39 -23.159618 -4.802431 -20.893307 0.698502 0.016154 -0.715426 0.678453 0.823668 1 39 1.000000
v_pistol_sheet
  39 -23.692327 -4.775651 -21.412809 0.698502 0.016154 -0.715426 0.596743 0.824427 1 39 1.000000
  39 -25.398447 -4.689898 -23.076632 0.702968 -0.003063 -0.711215 0.335047 0.826856 1 39 1.000000
  39 -23.429899 -3.806781 -21.134712 0.697641 0.015991 -0.716269 0.654464 0.740624 1 39 1.000000
v_pistol_sheet
  39 -25.398447 -4.689898 -23.076632 0.702968 -0.003063 -0.711215 0.335047 0.826856 1 39 1.000000
  39 -25.377302 -4.188275 -23.071285 0.689556 0.032935 -0.723483 0.344877 0.782012 1 39 1.000000
  39 -23.429899 -3.806781 -21.134712 0.697641 0.015991 -0.716269 0.654464 0.740624 1 39 1.000000
v_pistol_sheet
  39 -25.377302 -4.188275 -23.071285 0.689556 0.032935 -0.723483 0.344877 0.782012 1 39 1.000000
  39 -25.383245 -3.705194 -23.039856 0.679816 0.060507 -0.730883 0.354882 0.743092 1 39 1.000000
  39 -23.429899 -3.806781 -21.134712 0.697641 0.015991 -0.716269 0.654464 0.740624 1 39 1.000000
v_pistol_sheet
  39 -25.383245 -3.705194 -23.039856 0.679816 0.060507 -0.730883 0.354882 0.743092 1 39 1.000000
  39 -25.377302 -4.188275 -23.071285 0.689556 0.032935 -0.723483 0.344877 0.782012 1 39 1.000000
  39 -25.662292 -4.011087 -23.313286 0.679623 0.071944 -0.730025 0.306913 0.771136 1 39 1.000000
v_pistol_sheet
  39 -25.383245 -3.705194 -23.039856 0.679816 0.060507 -0.730883 0.354882 0.743092 1 39 1.000000
  39 -25.662292 -4.011087 -23.313286 0.679623 0.071944 -0.730025 0.306913 0.771136 1 39 1.000000
  39 -25.671240 -3.691466 -23.287071 0.679623 0.071944 -0.730025 0.313672 0.746232 1 39 1.000000
v_pistol_sheet
  39 -25.662292 -4.011087 -23.313286 0.679623 0.071944 -0.730025 0.306913 0.771136 1 39 1.000000
  39 -27.413227 -3.600877 -24.986334 0.698223 0.077835 -0.711637 0.123706 0.748413 1 39 1.000000
  39 -25.671240 -3.691466 -23.287071 0.679623 0.071944 -0.730025 0.313672 0.746232 1 39 1.000000
v_pistol_sheet
  39 -25.662292 -4.011087 -23.313286 0.679623 0.071944 -0.730025 0.306913 0.771136 1 39 1.000000
  39 -27.403929 -3.920186 -25.012135 0.698223 0.077835 -0.711637 0.117013 0.773294 1 39 1.000000
  39 -27.413227 -3.600877 -24.986334 0.698223 0.077835 -0.711637 0.123706 0.748413 1 39 1.000000
v_pistol_sheet
  39 -28.583513 -3.858626 -26.162737 0.698224 0.077798 -0.711640 0.018835 0.774756 1 39 1.000000
  39 -27.413227 -3.600877 -24.986334 0.698223 0.077835 -0.711637 0.123706 0.748413 1 39 1.000000
  39 -27.403929 -3.920186 -25.012135 0.698223 0.077835 -0.711637 0.117013 0.773294 1 39 1.000000
v_pistol_sheet
  39 -28.583513 -3.858626 -26.162737 0.698224 0.077798 -0.711640 0.018835 0.774756 1 39 1.000000
  39 -28.590023 -3.539681 -26.134270 0.698224 0.077798 -0.711640 0.025948 0.749886 1 39 1.000000
  39 -27.413227 -3.600877 -24.986334 0.698223 0.077835 -0.711637 0.123706 0.748413 1 39 1.000000
v_pistol_sheet
  23 -25.377779 -4.355705 -21.892731 0.698539 0.015318 -0.715408 0.035422 0.451711 1 23 1.000000
  23 -25.371252 -3.946371 -21.877596 0.698539 0.015318 -0.715408 0.035422 0.448428 1 23 1.000000
  23 -23.366753 -4.460671 -19.931374 0.698539 0.015317 -0.715408 0.230689 0.451714 1 23 1.000000
v_pistol_sheet
  23 -23.366753 -4.460671 -19.931374 0.698539 0.015317 -0.715408 0.230689 0.451714 1 23 1.000000
  23 -25.371252 -3.946371 -21.877596 0.698539 0.015318 -0.715408 0.035422 0.448428 1 23 1.000000
  23 -23.331320 -4.052447 -19.888037 0.698540 0.015317 -0.715407 0.233496 0.448428 1 23 1.000000
v_pistol_sheet
  23 -23.325121 -4.233395 -19.885857 0.698541 0.015317 -0.715406 0.234377 0.449876 1 23 1.000000
  23 -23.366753 -4.460671 -19.931374 0.698539 0.015317 -0.715408 0.230689 0.451714 1 23 1.000000
  23 -23.331320 -4.052447 -19.888037 0.698540 0.015317 -0.715407 0.233496 0.448428 1 23 1.000000
v_pistol_sheet
  23 -22.983580 -4.452265 -20.323797 -0.016052 -0.999184 -0.037067 0.230689 0.413866 1 23 1.000000
  23 -23.150377 -4.455924 -20.152973 -0.015872 -0.999181 -0.037225 0.230689 0.430342 1 23 1.000000
  23 -25.161797 -4.338464 -22.448214 -0.015872 -0.999181 -0.037225 0.019188 0.413862 1 23 1.000000
v_pistol_sheet
  23 -25.161797 -4.338464 -22.448214 -0.015872 -0.999181 -0.037225 0.019188 0.413862 1 23 1.000000
  23 -23.150377 -4.455924 -20.152973 -0.015872 -0.999181 -0.037225 0.230689 0.430342 1 23 1.000000
  23 -25.161404 -4.350962 -22.114330 -0.015691 -0.999178 -0.037383 0.035422 0.430339 1 23 1.000000
v_pistol_sheet
  23 -24.599072 -4.188436 -20.552027 -0.015935 -0.999190 -0.036953 0.138666 0.478347 1 23 1.000000
  23 -24.519533 -4.186693 -20.633488 -0.015935 -0.999190 -0.036953 0.138666 0.470490 1 23 1.000000
  23 -23.613359 -4.239712 -19.590656 -0.015935 -0.999190 -0.036953 0.234377 0.478347 1 23 1.000000
v_pistol_sheet
  23 -23.533821 -4.237965 -19.672117 -0.015935 -0.999190 -0.036953 0.234377 0.470491 1 23 1.000000
  23 -23.613359 -4.239712 -19.590656 -0.015935 -0.999190 -0.036953 0.234377 0.478347 1 23 1.000000
  23 -24.519533 -4.186693 -20.633488 -0.015935 -0.999190 -0.036953 0.138666 0.470490 1 23 1.000000
v_pistol_sheet
  23 -25.035669 -4.106990 -22.564449 -0.715295 0.042753 -0.697513 0.019224 0.399965 1 23 1.000000
  23 -25.115208 -4.108737 -22.482990 -0.715295 0.042753 -0.697513 0.019224 0.407821 1 23 1.000000
  23 -25.034122 -4.044400 -22.562197 -0.715295 0.042753 -0.697513 0.019249 0.399433 1 23 1.000000
v_pistol_sheet
  23 -25.113960 -4.046150 -22.480433 -0.715295 0.042753 -0.697513 0.019249 0.407319 1 23 1.000000
  23 -25.034122 -4.044400 -22.562197 -0.715295 0.042753 -0.697513 0.019249 0.399433 1 23 1.000000
  23 -25.115208 -4.108737 -22.482990 -0.715295 0.042753 -0.697513 0.019224 0.407821 1 23 1.000000
v_pistol_sheet
  23 -22.819839 -4.222331 -20.403343 -0.015952 -0.999189 -0.036970 0.234377 0.399966 1 23 1.000000
  23 -22.899380 -4.224073 -20.321882 -0.015952 -0.999189 -0.036970 0.234377 0.407822 1 23 1.000000
  23 -25.035669 -4.106990 -22.564449 -0.015952 -0.999189 -0.036970 0.019224 0.399965 1 23 1.000000
v_pistol_sheet
  23 -25.115208 -4.108737 -22.482990 -0.015952 -0.999189 -0.036970 0.019224 0.407821 1 23 1.000000
  23 -25.035669 -4.106990 -22.564449 -0.015952 -0.999189 -0.036970 0.019224 0.399965 1 23 1.000000
  23 -22.899380 -4.224073 -20.321882 -0.015952 -0.999189 -0.036970 0.234377 0.407822 1 23 1.000000
v_pistol_sheet
  23 -25.035669 -4.106990 -22.564449 0.698413 0.008488 -0.715644 0.019224 0.399965 1 23 1.000000
  23 -25.034122 -4.044400 -22.562197 0.698413 0.008487 -0.715644 0.019249 0.399433 1 23 1.000000
  23 -22.819839 -4.222331 -20.403343 0.698413 0.008487 -0.715644 0.234377 0.399966 1 23 1.000000
v_pistol_sheet
  23 -22.810009 -4.160202 -20.393011 0.698413 0.008485 -0.715644 0.235205 0.399434 1 23 1.000000
  23 -22.819839 -4.222331 -20.403343 0.698413 0.008487 -0.715644 0.234377 0.399966 1 23 1.000000
  23 -25.034122 -4.044400 -22.562197 0.698413 0.008487 -0.715644 0.019249 0.399433 1 23 1.000000
v_pistol_sheet
  23 -24.936308 0.436057 -21.385822 -0.714489 0.069936 -0.696143 0.614205 0.038472 1 23 1.000000
  23 -24.555698 0.444404 -21.775623 -0.714489 0.069936 -0.696143 0.614205 0.038076 1 23 1.000000
  23 -24.687202 -0.478685 -21.733387 -0.714489 0.069936 -0.696143 0.610841 0.140738 1 23 1.000000
v_pistol_sheet
  39 -23.325239 -4.477139 -19.887890 0.767958 -0.213531 0.603858 0.510507 0.633221 1 39 1.000000
  39 -23.490540 -4.482301 -19.679497 0.697257 -0.261966 0.667238 0.548999 0.632923 1 39 1.000000
  39 -23.380793 -4.871175 -19.956573 0.702268 -0.326393 0.632682 0.508806 0.690268 1 39 1.000000
v_pistol_sheet
  39 -23.724981 -4.982737 -19.669533 0.664558 -0.380856 0.642892 0.572942 0.708870 1 39 1.000000
  39 -23.380793 -4.871175 -19.956573 0.702268 -0.326393 0.632682 0.508806 0.690268 1 39 1.000000
  39 -23.490540 -4.482301 -19.679497 0.697257 -0.261966 0.667238 0.548999 0.632923 1 39 1.000000
v_pistol_sheet
  39 -23.724981 -4.982737 -19.669533 0.664558 -0.380856 0.642892 0.572942 0.708870 1 39 1.000000
  39 -23.368759 -4.914918 -20.007410 0.656567 -0.438670 0.613586 0.502147 0.697534 1 39 1.000000
  39 -23.380793 -4.871175 -19.956573 0.702268 -0.326393 0.632682 0.508806 0.690268 1 39 1.000000
v_pistol_sheet
  39 -23.724981 -4.982737 -19.669533 0.664558 -0.380856 0.642892 0.572942 0.708870 1 39 1.000000
  39 -23.654785 -5.079161 -19.816126 0.656567 -0.438670 0.613586 0.550360 0.724309 1 39 1.000000
  39 -23.368759 -4.914918 -20.007410 0.656567 -0.438670 0.613586 0.502147 0.697534 1 39 1.000000
v_pistol_sheet
  39 -23.094185 -5.057564 -20.389790 0.695543 -0.391170 0.602665 0.434467 0.719354 1 39 1.000000
  39 -23.368759 -4.914918 -20.007410 0.656567 -0.438670 0.613586 0.502147 0.697534 1 39 1.000000
  39 -23.654785 -5.079161 -19.816126 0.656567 -0.438670 0.613586 0.550360 0.724309 1 39 1.000000
v_pistol_sheet
  39 -23.094185 -5.057564 -20.389790 0.695543 -0.391170 0.602665 0.434467 0.719354 1 39 1.000000
  39 -23.216619 -4.911581 -20.163227 0.695543 -0.391170 0.602665 0.470685 0.696526 1 39 1.000000
  39 -23.368759 -4.914918 -20.007410 0.656567 -0.438670 0.613586 0.502147 0.697534 1 39 1.000000
v_pistol_sheet
  39 -23.216619 -4.911581 -20.163227 0.695543 -0.391170 0.602665 0.470685 0.696526 1 39 1.000000
  39 -23.094185 -5.057564 -20.389790 0.695543 -0.391170 0.602665 0.434467 0.719354 1 39 1.000000
  39 -22.894157 -4.812824 -20.510786 0.739788 -0.360471 0.568133 0.401946 0.683061 1 39 1.000000
v_pistol_sheet
  39 -23.216619 -4.911581 -20.163227 0.695543 -0.391170 0.602665 0.470685 0.696526 1 39 1.000000
  39 -22.894157 -4.812824 -20.510786 0.739788 -0.360471 0.568133 0.401946 0.683061 1 39 1.000000
  39 -23.171959 -4.866613 -20.170458 0.707877 -0.314028 0.632690 0.465619 0.688887 1 39 1.000000
v_pistol_sheet
  39 -22.894157 -4.812824 -20.510786 0.739788 -0.360471 0.568133 0.401946 0.683061 1 39 1.000000
  39 -22.896431 -4.468294 -20.287897 0.705488 -0.299266 0.642438 0.426145 0.628856 1 39 1.000000
  39 -23.171959 -4.866613 -20.170458 0.707877 -0.314028 0.632690 0.465619 0.688887 1 39 1.000000
v_pistol_sheet
  39 -23.171959 -4.866613 -20.170458 0.707877 -0.314028 0.632690 0.465619 0.688887 1 39 1.000000
  39 -22.896431 -4.468294 -20.287897 0.705488 -0.299266 0.642438 0.426145 0.628856 1 39 1.000000
  39 -23.109024 -4.472370 -20.110413 0.628408 -0.214207 0.747810 0.465675 0.631828 1 39 1.000000
v_pistol_sheet
  39 -23.558107 -4.254310 -19.528101 0.685886 -0.239605 0.687131 0.571650 0.599901 1 39 1.000000
  39 -23.490540 -4.482301 -19.679497 0.697257 -0.261966 0.667238 0.548999 0.632923 1 39 1.000000
  39 -23.490419 -4.252827 -19.597422 0.685886 -0.239605 0.687131 0.557652 0.599452 1 39 1.000000
v_pistol_sheet
  39 -23.724981 -4.982737 -19.669533 0.664558 -0.380856 0.642892 0.572942 0.708870 1 39 1.000000
  39 -23.490540 -4.482301 -19.679497 0.697257 -0.261966 0.667238 0.548999 0.632923 1 39 1.000000
  39 -23.739613 -4.955964 -19.642075 0.664524 -0.296213 0.686050 0.577298 0.704902 1 39 1.000000
v_pistol_sheet
  39 -23.739613 -4.955964 -19.642075 0.664524 -0.296213 0.686050 0.577298 0.704902 1 39 1.000000
  39 -23.490540 -4.482301 -19.679497 0.697257 -0.261966 0.667238 0.548999 0.632923 1 39 1.000000
  39 -23.652325 -4.348992 -19.468088 0.683126 -0.258089 0.683176 0.587267 0.614169 1 39 1.000000
v_pistol_sheet
  39 -23.558107 -4.254310 -19.528101 0.685886 -0.239605 0.687131 0.571650 0.599901 1 39 1.000000
  39 -23.652325 -4.348992 -19.468088 0.683126 -0.258089 0.683176 0.587267 0.614169 1 39 1.000000
  39 -23.490540 -4.482301 -19.679497 0.697257 -0.261966 0.667238 0.548999 0.632923 1 39 1.000000
v_pistol_sheet
  39 -23.558107 -4.254310 -19.528101 0.685886 -0.239605 0.687131 0.571650 0.599901 1 39 1.000000
  39 -23.547218 -4.168371 -19.515625 0.693694 -0.240429 0.678957 0.571860 0.587617 1 39 1.000000
  39 -23.652325 -4.348992 -19.468088 0.683126 -0.258089 0.683176 0.587267 0.614169 1 39 1.000000
v_pistol_sheet
  39 -23.513092 -3.867977 -19.443413 0.701413 -0.241223 0.670695 0.576117 0.543691 1 39 1.000000
  39 -23.652325 -4.348992 -19.468088 0.683126 -0.258089 0.683176 0.587267 0.614169 1 39 1.000000
  39 -23.547218 -4.168371 -19.515625 0.693694 -0.240429 0.678957 0.571860 0.587617 1 39 1.000000
v_pistol_sheet
  39 -23.513092 -3.867977 -19.443413 0.701413 -0.241223 0.670695 0.576117 0.543691 1 39 1.000000
  39 -23.547218 -4.168371 -19.515625 0.693694 -0.240429 0.678957 0.571860 0.587617 1 39 1.000000
  39 -23.474091 -4.166756 -19.590820 0.701413 -0.241223 0.670695 0.556705 0.587143 1 39 1.000000
v_pistol_sheet
  39 -23.474091 -4.166756 -19.590820 0.701413 -0.241223 0.670695 0.556705 0.587143 1 39 1.000000
  39 -23.382484 -3.865116 -19.577177 0.701413 -0.241223 0.670695 0.549108 0.542826 1 39 1.000000
  39 -23.513092 -3.867977 -19.443413 0.701413 -0.241223 0.670695 0.576117 0.543691 1 39 1.000000
v_pistol_sheet
  39 -22.894157 -4.812824 -20.510786 0.739788 -0.360471 0.568133 0.401946 0.683061 1 39 1.000000
  39 -22.861689 -4.781827 -20.530285 0.736655 -0.363064 0.570547 0.396698 0.678311 1 39 1.000000
  39 -22.896431 -4.468294 -20.287897 0.705488 -0.299266 0.642438 0.426145 0.628856 1 39 1.000000
v_pistol_sheet
  39 -22.731375 -4.351847 -20.420265 0.711150 -0.286411 0.642055 0.395867 0.611457 1 39 1.000000
  39 -22.896431 -4.468294 -20.287897 0.705488 -0.299266 0.642438 0.426145 0.628856 1 39 1.000000
  39 -22.861689 -4.781827 -20.530285 0.736655 -0.363064 0.570547 0.396698 0.678311 1 39 1.000000
v_pistol_sheet
  39 -22.819218 -4.238105 -20.284761 0.703416 -0.249605 0.665510 0.418859 0.595001 1 39 1.000000
  39 -22.896431 -4.468294 -20.287897 0.705488 -0.299266 0.642438 0.426145 0.628856 1 39 1.000000
  39 -22.731375 -4.351847 -20.420265 0.711150 -0.286411 0.642055 0.395867 0.611457 1 39 1.000000
v_pistol_sheet
  39 -22.819218 -4.238105 -20.284761 0.703416 -0.249605 0.665510 0.418859 0.595001 1 39 1.000000
  39 -22.731375 -4.351847 -20.420265 0.711150 -0.286411 0.642055 0.395867 0.611457 1 39 1.000000
  39 -22.751680 -4.236629 -20.353998 0.700955 -0.244174 0.670105 0.404885 0.594557 1 39 1.000000
v_pistol_sheet
  39 -22.663332 -3.849344 -20.313692 0.698456 -0.238730 0.674661 0.400391 0.538060 1 39 1.000000
  39 -22.751680 -4.236629 -20.353998 0.700955 -0.244174 0.670105 0.404885 0.594557 1 39 1.000000
  39 -22.731375 -4.351847 -20.420265 0.711150 -0.286411 0.642055 0.395867 0.611457 1 39 1.000000
v_pistol_sheet
  39 -22.663332 -3.849344 -20.313692 0.698456 -0.238730 0.674661 0.400391 0.538060 1 39 1.000000
  39 -22.740789 -4.150686 -20.341526 0.698456 -0.238730 0.674661 0.405096 0.582272 1 39 1.000000
  39 -22.751680 -4.236629 -20.353998 0.700955 -0.244174 0.670105 0.404885 0.594557 1 39 1.000000
v_pistol_sheet
  39 -22.663332 -3.849344 -20.313692 0.698456 -0.238730 0.674661 0.400391 0.538060 1 39 1.000000
  39 -22.814024 -4.152293 -20.266523 0.698456 -0.238730 0.674661 0.420240 0.582758 1 39 1.000000
  39 -22.740789 -4.150686 -20.341526 0.698456 -0.238730 0.674661 0.405096 0.582272 1 39 1.000000
v_pistol_sheet
  39 -22.663332 -3.849344 -20.313692 0.698456 -0.238730 0.674661 0.400391 0.538060 1 39 1.000000
  39 -22.804794 -3.852448 -20.168816 0.698456 -0.238730 0.674661 0.429644 0.538998 1 39 1.000000
  39 -22.814024 -4.152293 -20.266523 0.698456 -0.238730 0.674661 0.420240 0.582758 1 39 1.000000
v_pistol_sheet
  23 -24.555698 0.444404 -21.775623 -0.676046 -0.313555 -0.666817 0.614205 0.038076 1 23 1.000000
  23 -24.936308 0.436057 -21.385822 -0.676046 -0.313555 -0.666817 0.614205 0.038472 1 23 1.000000
  23 -24.665621 0.588170 -21.731781 -0.676046 -0.313555 -0.666817 0.608270 0.022203 1 23 1.000000
v_pistol_sheet
  23 -23.047674 -3.491851 -20.883499 0.513115 0.690928 0.509246 0.956576 0.938067 1 23 1.000000
  23 -23.114431 -3.492690 -20.815098 0.513115 0.690928 0.509246 0.956576 0.938067 1 23 1.000000
  23 -23.080572 -3.541742 -20.782656 0.645989 0.422690 0.635634 0.974939 0.937364 1 23 1.000000
v_pistol_sheet
  23 -23.047674 -3.491851 -20.883499 0.513115 0.690928 0.509246 0.956576 0.938067 1 23 1.000000
  23 -23.080572 -3.541742 -20.782656 0.645989 0.422690 0.635634 0.974939 0.937364 1 23 1.000000
  23 -23.028194 -3.541083 -20.836323 0.804179 0.322822 0.499080 0.966389 0.941460 1 23 1.000000
v_pistol_sheet
  23 -23.047674 -3.491851 -20.883499 0.513115 0.690928 0.509246 0.956576 0.938067 1 23 1.000000
  23 -23.028194 -3.541083 -20.836323 0.804179 0.322822 0.499080 0.966389 0.941460 1 23 1.000000
  23 -23.023804 -3.526432 -20.860628 0.941453 0.336680 -0.017699 0.960047 0.941439 1 23 1.000000
v_pistol_sheet
  23 -23.028194 -3.541083 -20.836323 0.804179 0.322822 0.499080 0.966389 0.941460 1 23 1.000000
  23 -23.013739 -3.676549 -20.852646 0.964291 -0.144041 -0.222250 0.961904 0.956566 1 23 1.000000
  23 -23.023804 -3.526432 -20.860628 0.941453 0.336680 -0.017699 0.960047 0.941439 1 23 1.000000
v_pistol_sheet
  23 -23.013739 -3.676549 -20.852646 0.964291 -0.144041 -0.222250 0.961904 0.956566 1 23 1.000000
  23 -23.047674 -3.491851 -20.883499 0.698419 0.008778 -0.715635 0.956576 0.938067 1 23 1.000000
  23 -23.023804 -3.526432 -20.860628 0.941453 0.336680 -0.017699 0.960047 0.941439 1 23 1.000000
v_pistol_sheet
  23 -23.013739 -3.676549 -20.852646 0.964291 -0.144041 -0.222250 0.961904 0.956566 1 23 1.000000
  23 -23.065416 -3.774043 -20.904276 0.765672 -0.303152 -0.567315 0.954887 0.966697 1 23 1.000000
  23 -23.047674 -3.491851 -20.883499 0.698419 0.008778 -0.715635 0.956576 0.938067 1 23 1.000000
v_pistol_sheet
  23 -23.369160 -3.740004 -21.200296 0.869654 -0.278349 -0.407705 0.911885 0.964852 1 23 1.000000
  23 -23.047674 -3.491851 -20.883499 0.698419 0.008778 -0.715635 0.956576 0.938067 1 23 1.000000
  23 -23.065416 -3.774043 -20.904276 0.765672 -0.303152 -0.567315 0.954887 0.966697 1 23 1.000000
v_pistol_sheet
  23 -23.369160 -3.740004 -21.200296 0.869654 -0.278349 -0.407705 0.911885 0.964852 1 23 1.000000
  23 -23.065416 -3.774043 -20.904276 0.765672 -0.303152 -0.567315 0.954887 0.966697 1 23 1.000000
  23 -23.081293 -3.798007 -20.891294 0.561738 -0.825982 -0.046954 0.961112 0.975077 1 23 1.000000
v_pistol_sheet
  23 -23.065416 -3.774043 -20.904276 0.765672 -0.303152 -0.567315 0.954887 0.966697 1 23 1.000000
  23 -23.015621 -3.688645 -20.825863 0.885551 -0.263207 0.382782 0.967212 0.956437 1 23 1.000000
  23 -23.081293 -3.798007 -20.891294 0.561738 -0.825982 -0.046954 0.961112 0.975077 1 23 1.000000
v_pistol_sheet
  23 -23.133671 -3.798666 -20.837626 0.280506 -0.923253 0.262527 0.964300 0.982103 1 23 1.000000
  23 -23.081293 -3.798007 -20.891294 0.561738 -0.825982 -0.046954 0.961112 0.975077 1 23 1.000000
  23 -23.015621 -3.688645 -20.825863 0.885551 -0.263207 0.382782 0.967212 0.956437 1 23 1.000000
v_pistol_sheet
  23 -23.133671 -3.798666 -20.837626 0.280506 -0.923253 0.262527 0.964300 0.982103 1 23 1.000000
  23 -23.015621 -3.688645 -20.825863 0.885551 -0.263207 0.382782 0.967212 0.956437 1 23 1.000000
  23 -23.067999 -3.689303 -20.772194 0.686221 -0.292184 0.666130 0.980056 0.956437 1 23 1.000000
v_pistol_sheet
  23 -23.028194 -3.541083 -20.836323 0.804179 0.322822 0.499080 0.966389 0.941460 1 23 1.000000
  23 -23.067999 -3.689303 -20.772194 0.686221 -0.292184 0.666130 0.980056 0.956437 1 23 1.000000
  23 -23.015621 -3.688645 -20.825863 0.885551 -0.263207 0.382782 0.967212 0.956437 1 23 1.000000
v_pistol_sheet
  23 -23.028194 -3.541083 -20.836323 0.804179 0.322822 0.499080 0.966389 0.941460 1 23 1.000000
  23 -23.080572 -3.541742 -20.782656 0.645989 0.422690 0.635634 0.974939 0.937364 1 23 1.000000
  23 -23.067999 -3.689303 -20.772194 0.686221 -0.292184 0.666130 0.980056 0.956437 1 23 1.000000
v_pistol_sheet
  23 -23.028194 -3.541083 -20.836323 0.804179 0.322822 0.499080 0.966389 0.941460 1 23 1.000000
  23 -23.015621 -3.688645 -20.825863 0.885551 -0.263207 0.382782 0.967212 0.956437 1 23 1.000000
  23 -23.013739 -3.676549 -20.852646 0.964291 -0.144041 -0.222250 0.961904 0.956566 1 23 1.000000
v_pistol_sheet
  23 -23.065416 -3.774043 -20.904276 0.765672 -0.303152 -0.567315 0.954887 0.966697 1 23 1.000000
  23 -23.013739 -3.676549 -20.852646 0.964291 -0.144041 -0.222250 0.961904 0.956566 1 23 1.000000
  23 -23.015621 -3.688645 -20.825863 0.885551 -0.263207 0.382782 0.967212 0.956437 1 23 1.000000
v_pistol_sheet
  23 -23.369160 -3.740004 -21.200296 0.869654 -0.278349 -0.407705 0.911885 0.964852 1 23 1.000000
  23 -23.380060 -3.543216 -21.208521 0.698419 0.008778 -0.715635 0.909775 0.945009 1 23 1.000000
  23 -23.047674 -3.491851 -20.883499 0.698419 0.008778 -0.715635 0.956576 0.938067 1 23 1.000000
v_pistol_sheet
  23 -23.373991 -3.761281 -21.214676 0.981555 -0.180736 -0.062324 0.910601 0.967059 1 23 1.000000
  23 -23.407991 -3.743634 -21.299324 0.929803 0.036362 -0.366257 0.902099 0.965622 1 23 1.000000
  23 -23.417597 -3.572259 -21.306597 0.929803 0.036362 -0.366257 0.900246 0.948343 1 23 1.000000
v_pistol_sheet
  23 -23.373991 -3.761281 -21.214676 0.981555 -0.180736 -0.062324 0.910601 0.967059 1 23 1.000000
  23 -23.417597 -3.572259 -21.306597 0.929803 0.036362 -0.366257 0.900246 0.948343 1 23 1.000000
  23 -23.380060 -3.543216 -21.208521 0.929803 0.036362 -0.366257 0.909775 0.945009 1 23 1.000000
v_pistol_sheet
  23 -23.373991 -3.761281 -21.214676 0.981555 -0.180736 -0.062324 0.910601 0.967059 1 23 1.000000
  23 -23.380060 -3.543216 -21.208521 0.929803 0.036362 -0.366257 0.909775 0.945009 1 23 1.000000
  23 -23.369160 -3.740004 -21.200296 0.869654 -0.278349 -0.407705 0.911885 0.964852 1 23 1.000000
v_pistol_sheet
  23 -23.373991 -3.761281 -21.214676 0.981555 -0.180736 -0.062324 0.910601 0.967059 1 23 1.000000
  23 -23.369160 -3.740004 -21.200296 0.869654 -0.278349 -0.407705 0.911885 0.964852 1 23 1.000000
  23 -23.383402 -3.764521 -21.185911 0.392150 -0.909050 -0.140881 0.920427 0.979407 1 23 1.000000
v_pistol_sheet
  23 -23.369160 -3.740004 -21.200296 0.869654 -0.278349 -0.407705 0.911885 0.964852 1 23 1.000000
  23 -23.081293 -3.798007 -20.891294 0.561738 -0.825982 -0.046954 0.961112 0.975077 1 23 1.000000
  23 -23.383402 -3.764521 -21.185911 0.392150 -0.909050 -0.140881 0.920427 0.979407 1 23 1.000000
v_pistol_sheet
  23 -23.440683 -3.764628 -21.136835 -0.048012 -0.996680 -0.065752 0.920818 0.983003 1 23 1.000000
  23 -23.383402 -3.764521 -21.185911 0.392150 -0.909050 -0.140881 0.920427 0.979407 1 23 1.000000
  23 -23.081293 -3.798007 -20.891294 0.561738 -0.825982 -0.046954 0.961112 0.975077 1 23 1.000000
v_pistol_sheet
  23 -23.440683 -3.764628 -21.136835 -0.048012 -0.996680 -0.065752 0.920818 0.983003 1 23 1.000000
  23 -23.081293 -3.798007 -20.891294 0.561738 -0.825982 -0.046954 0.961112 0.975077 1 23 1.000000
  23 -23.133671 -3.798666 -20.837626 0.280506 -0.923253 0.262527 0.964300 0.982103 1 23 1.000000
v_pistol_sheet
  23 -23.133671 -3.798666 -20.837626 0.280506 -0.923253 0.262527 0.964300 0.982103 1 23 1.000000
  23 -23.484882 -3.765184 -21.091549 -0.050535 -0.996824 -0.061546 0.920818 0.983003 1 23 1.000000
  23 -23.440683 -3.764628 -21.136835 -0.048012 -0.996680 -0.065752 0.920818 0.983003 1 23 1.000000
v_pistol_sheet
  23 -23.133671 -3.798666 -20.837626 0.280506 -0.923253 0.262527 0.964300 0.982103 1 23 1.000000
  23 -23.177868 -3.799221 -20.792337 0.280546 -0.923256 0.262473 0.964300 0.982103 1 23 1.000000
  23 -23.484882 -3.765184 -21.091549 -0.050535 -0.996824 -0.061546 0.920818 0.983003 1 23 1.000000
v_pistol_sheet
  23 -23.067999 -3.689303 -20.772194 0.686221 -0.292184 0.666130 0.980056 0.956437 1 23 1.000000
  23 -23.177868 -3.799221 -20.792337 0.280546 -0.923256 0.262473 0.964300 0.982103 1 23 1.000000
  23 -23.133671 -3.798666 -20.837626 0.280506 -0.923253 0.262527 0.964300 0.982103 1 23 1.000000
v_pistol_sheet
  23 -23.067999 -3.689303 -20.772194 0.686221 -0.292184 0.666130 0.980056 0.956437 1 23 1.000000
  23 -23.112198 -3.689859 -20.726906 0.686221 -0.292184 0.666130 0.980056 0.956437 1 23 1.000000
  23 -23.177868 -3.799221 -20.792337 0.280546 -0.923256 0.262473 0.964300 0.982103 1 23 1.000000
v_pistol_sheet
  23 -23.080572 -3.541742 -20.782656 0.645989 0.422690 0.635634 0.974939 0.937364 1 23 1.000000
  23 -23.112198 -3.689859 -20.726906 0.686221 -0.292184 0.666130 0.980056 0.956437 1 23 1.000000
  23 -23.067999 -3.689303 -20.772194 0.686221 -0.292184 0.666130 0.980056 0.956437 1 23 1.000000
v_pistol_sheet
  23 -23.080572 -3.541742 -20.782656 0.645989 0.422690 0.635634 0.974939 0.937364 1 23 1.000000
  23 -23.124773 -3.542297 -20.737370 0.645989 0.422690 0.635634 0.974939 0.937364 1 23 1.000000
  23 -23.112198 -3.689859 -20.726906 0.686221 -0.292184 0.666130 0.980056 0.956437 1 23 1.000000
v_pistol_sheet
  23 -23.114431 -3.492690 -20.815098 0.513115 0.690928 0.509246 0.956576 0.938067 1 23 1.000000
  23 -23.124773 -3.542297 -20.737370 0.645989 0.422690 0.635634 0.974939 0.937364 1 23 1.000000
  23 -23.080572 -3.541742 -20.782656 0.645989 0.422690 0.635634 0.974939 0.937364 1 23 1.000000
v_pistol_sheet
  23 -23.114431 -3.492690 -20.815098 0.513115 0.690928 0.509246 0.956576 0.938067 1 23 1.000000
  23 -23.158628 -3.493246 -20.769808 0.513115 0.690928 0.509246 0.956576 0.938067 1 23 1.000000
  23 -23.124773 -3.542297 -20.737370 0.645989 0.422690 0.635634 0.974939 0.937364 1 23 1.000000
v_pistol_sheet
  23 -23.383402 -3.764521 -21.185911 0.392150 -0.909050 -0.140881 0.920427 0.979407 1 23 1.000000
  23 -23.779739 -3.717296 -21.600719 -0.045421 -0.996508 -0.070055 0.831387 0.972807 1 23 1.000000
  23 -23.373991 -3.761281 -21.214676 -0.045421 -0.996508 -0.070055 0.910601 0.967059 1 23 1.000000
v_pistol_sheet
  23 -23.383402 -3.764521 -21.185911 0.392150 -0.909050 -0.140881 0.920427 0.979407 1 23 1.000000
  23 -23.846497 -3.718135 -21.532314 -0.045421 -0.996508 -0.070055 0.831387 0.972807 1 23 1.000000
  23 -23.779739 -3.717296 -21.600719 -0.045421 -0.996508 -0.070055 0.831387 0.972807 1 23 1.000000
v_pistol_sheet
  23 -23.383402 -3.764521 -21.185911 0.392150 -0.909050 -0.140881 0.920427 0.979407 1 23 1.000000
  23 -23.440683 -3.764628 -21.136835 -0.048012 -0.996680 -0.065752 0.920818 0.983003 1 23 1.000000
  23 -23.846497 -3.718135 -21.532314 -0.045421 -0.996508 -0.070055 0.831387 0.972807 1 23 1.000000
v_pistol_sheet
  39 -23.652325 -4.348992 -19.468088 0.182743 -0.295110 0.937825 0.587267 0.614169 1 39 1.000000
  39 -23.786051 -4.967592 -19.636688 0.193964 -0.639274 0.744115 0.582274 0.708323 1 39 1.000000
  39 -23.739613 -4.955964 -19.642075 0.216985 -0.469925 0.855621 0.577298 0.704902 1 39 1.000000
v_pistol_sheet
  39 -23.724981 -4.982737 -19.669533 0.180360 -0.721843 0.668141 0.572942 0.708870 1 39 1.000000
  39 -23.739613 -4.955964 -19.642075 0.216985 -0.469925 0.855621 0.577298 0.704902 1 39 1.000000
  39 -23.786051 -4.967592 -19.636688 0.193964 -0.639274 0.744115 0.582274 0.708323 1 39 1.000000
v_pistol_sheet
  39 -23.786051 -4.967592 -19.636688 0.193964 -0.639274 0.744115 0.582274 0.708323 1 39 1.000000
  39 -23.654785 -5.079161 -19.816126 0.242836 -0.812578 0.529856 0.550360 0.724309 1 39 1.000000
  39 -23.724981 -4.982737 -19.669533 0.180360 -0.721843 0.668141 0.572942 0.708870 1 39 1.000000
v_pistol_sheet
  39 -23.654785 -5.079161 -19.816126 0.242836 -0.812578 0.529856 0.550360 0.724309 1 39 1.000000
  39 -23.786051 -4.967592 -19.636688 0.193964 -0.639274 0.744115 0.582274 0.708323 1 39 1.000000
  39 -23.726133 -5.112834 -19.832554 0.306076 -0.810959 0.498660 0.555310 0.732646 1 39 1.000000
v_pistol_sheet
  39 -23.726133 -5.112834 -19.832554 0.306076 -0.810959 0.498660 0.555310 0.732646 1 39 1.000000
  39 -23.094185 -5.057564 -20.389790 0.617386 -0.733668 0.283841 0.434467 0.719354 1 39 1.000000
  39 -23.654785 -5.079161 -19.816126 0.242836 -0.812578 0.529856 0.550360 0.724309 1 39 1.000000
v_pistol_sheet
  39 -23.726133 -5.112834 -19.832554 0.306076 -0.810959 0.498660 0.555310 0.732646 1 39 1.000000
  39 -23.112188 -5.102543 -20.460964 0.617386 -0.733668 0.283841 0.428394 0.728979 1 39 1.000000
  39 -23.094185 -5.057564 -20.389790 0.617386 -0.733668 0.283841 0.434467 0.719354 1 39 1.000000
v_pistol_sheet
  39 -22.894157 -4.812824 -20.510786 0.769156 -0.609364 0.192548 0.401946 0.683061 1 39 1.000000
  39 -23.094185 -5.057564 -20.389790 0.617386 -0.733668 0.283841 0.434467 0.719354 1 39 1.000000
  39 -23.112188 -5.102543 -20.460964 0.617386 -0.733668 0.283841 0.428394 0.728979 1 39 1.000000
v_pistol_sheet
  39 -22.894157 -4.812824 -20.510786 0.769156 -0.609364 0.192548 0.401946 0.683061 1 39 1.000000
  39 -23.112188 -5.102543 -20.460964 0.617386 -0.733668 0.283841 0.428394 0.728979 1 39 1.000000
  39 -22.870794 -4.816949 -20.611643 0.851920 -0.509430 0.121294 0.388651 0.686652 1 39 1.000000
v_pistol_sheet
  39 -22.894157 -4.812824 -20.510786 0.769156 -0.609364 0.192548 0.401946 0.683061 1 39 1.000000
  39 -22.870794 -4.816949 -20.611643 0.851920 -0.509430 0.121294 0.388651 0.686652 1 39 1.000000
  39 -22.861689 -4.781827 -20.530285 0.875092 -0.476144 0.086608 0.396698 0.678311 1 39 1.000000
v_pistol_sheet
  39 -22.731375 -4.351847 -20.420265 0.978351 -0.206645 -0.011264 0.395867 0.611457 1 39 1.000000
  39 -22.861689 -4.781827 -20.530285 0.875092 -0.476144 0.086608 0.396698 0.678311 1 39 1.000000
  39 -22.870794 -4.816949 -20.611643 0.851920 -0.509430 0.121294 0.388651 0.686652 1 39 1.000000
v_pistol_sheet
  39 -22.731375 -4.351847 -20.420265 0.978351 -0.206645 -0.011264 0.395867 0.611457 1 39 1.000000
  39 -22.870794 -4.816949 -20.611643 0.851920 -0.509430 0.121294 0.388651 0.686652 1 39 1.000000
  39 -22.726183 -4.314977 -20.484751 0.978351 -0.206645 -0.011264 0.388218 0.609011 1 39 1.000000
v_pistol_sheet
  39 -22.663607 -3.857172 -20.388046 0.990667 -0.136148 0.006612 0.392242 0.542132 1 39 1.000000
  39 -22.731375 -4.351847 -20.420265 0.978351 -0.206645 -0.011264 0.395867 0.611457 1 39 1.000000
  39 -22.726183 -4.314977 -20.484751 0.978351 -0.206645 -0.011264 0.388218 0.609011 1 39 1.000000
v_pistol_sheet
  39 -22.663607 -3.857172 -20.388046 0.990667 -0.136148 0.006612 0.392242 0.542132 1 39 1.000000
  39 -22.663332 -3.849344 -20.313692 0.990667 -0.136148 0.006612 0.400391 0.538060 1 39 1.000000
  39 -22.731375 -4.351847 -20.420265 0.978351 -0.206645 -0.011264 0.395867 0.611457 1 39 1.000000
v_pistol_sheet
  23 -25.881313 -3.102288 -22.502871 0.504367 0.698661 0.507432 0.073057 0.096619 1 23 1.000000
  23 -25.809696 -3.100717 -22.576218 0.504367 0.698661 0.507432 0.073057 0.096555 1 23 1.000000
  23 -25.860151 -3.029617 -22.623960 0.597337 0.537993 0.594770 0.066200 0.090038 1 23 1.000000
v_pistol_sheet
  23 -25.881313 -3.102288 -22.502871 0.504367 0.698661 0.507432 0.073057 0.096619 1 23 1.000000
  23 -25.860151 -3.029617 -22.623960 0.597337 0.537993 0.594770 0.066200 0.090038 1 23 1.000000
  23 -25.931768 -3.031188 -22.550613 0.636145 0.444507 0.630661 0.066200 0.090102 1 23 1.000000
v_pistol_sheet
  23 -25.931768 -3.031188 -22.550613 0.636145 0.444507 0.630661 0.066200 0.090102 1 23 1.000000
  23 -25.860151 -3.029617 -22.623960 0.597337 0.537993 0.594770 0.066200 0.090038 1 23 1.000000
  23 -25.854778 -2.864851 -22.615187 0.706124 0.147170 0.692625 0.066565 0.074330 1 23 1.000000
v_pistol_sheet
  23 -25.931768 -3.031188 -22.550613 0.636145 0.444507 0.630661 0.066200 0.090102 1 23 1.000000
  23 -25.854778 -2.864851 -22.615187 0.706124 0.147170 0.692625 0.066565 0.074330 1 23 1.000000
  23 -25.871456 -2.715208 -22.628267 0.706124 0.147170 0.692625 0.064031 0.060171 1 23 1.000000
v_pistol_sheet
  23 -25.871456 -2.715208 -22.628267 0.706124 0.147170 0.692625 0.064031 0.060171 1 23 1.000000
  23 -25.926395 -2.866422 -22.541840 0.706124 0.147170 0.692625 0.066565 0.074394 1 23 1.000000
  23 -25.931768 -3.031188 -22.550613 0.636145 0.444507 0.630661 0.066200 0.090102 1 23 1.000000
v_pistol_sheet
  23 -25.871456 -2.715208 -22.628267 0.706124 0.147170 0.692625 0.064031 0.060171 1 23 1.000000
  23 -25.943073 -2.716779 -22.554920 0.706124 0.147170 0.692625 0.064031 0.060234 1 23 1.000000
  23 -25.926395 -2.866422 -22.541840 0.706124 0.147170 0.692625 0.066565 0.074394 1 23 1.000000
v_pistol_sheet
  23 -25.871456 -2.715208 -22.628267 0.706124 0.147170 0.692625 0.064031 0.060171 1 23 1.000000
  23 -25.984404 -2.582006 -22.592392 0.618698 -0.515241 0.593076 0.058251 0.047613 1 23 1.000000
  23 -25.943073 -2.716779 -22.554920 0.706124 0.147170 0.692625 0.064031 0.060234 1 23 1.000000
v_pistol_sheet
  23 -25.871456 -2.715208 -22.628267 0.706124 0.147170 0.692625 0.064031 0.060171 1 23 1.000000
  23 -25.912788 -2.580436 -22.665737 0.673739 -0.350906 0.650339 0.058251 0.047549 1 23 1.000000
  23 -25.984404 -2.582006 -22.592392 0.618698 -0.515241 0.593076 0.058251 0.047613 1 23 1.000000
v_pistol_sheet
  23 -25.912788 -2.580436 -22.665737 0.673739 -0.350906 0.650339 0.058251 0.047549 1 23 1.000000
  23 -25.857798 -2.514082 -22.610626 0.306042 -0.910115 0.279339 0.065420 0.040961 1 23 1.000000
  23 -25.984404 -2.582006 -22.592392 0.618698 -0.515241 0.593076 0.058251 0.047613 1 23 1.000000
v_pistol_sheet
  23 -25.984404 -2.582006 -22.592392 0.618698 -0.515241 0.593076 0.058251 0.047613 1 23 1.000000
  23 -25.857798 -2.514082 -22.610626 0.306042 -0.910115 0.279339 0.065420 0.040961 1 23 1.000000
  23 -25.929413 -2.515653 -22.537279 0.098235 -0.992358 0.074672 0.065420 0.041025 1 23 1.000000
v_pistol_sheet
  23 -25.760408 -2.535459 -22.515989 -0.100711 -0.987715 -0.119485 0.078412 0.042514 1 23 1.000000
  23 -25.929413 -2.515653 -22.537279 0.098235 -0.992358 0.074672 0.065420 0.041025 1 23 1.000000
  23 -25.857798 -2.514082 -22.610626 0.306042 -0.910115 0.279339 0.065420 0.040961 1 23 1.000000
v_pistol_sheet
  23 -25.929413 -2.515653 -22.537279 0.098235 -0.992358 0.074672 0.065420 0.041025 1 23 1.000000
  23 -25.760408 -2.535459 -22.515989 -0.100711 -0.987715 -0.119485 0.078412 0.042514 1 23 1.000000
  23 -25.832024 -2.537030 -22.442642 -0.100711 -0.987715 -0.119485 0.078412 0.042578 1 23 1.000000
v_pistol_sheet
  23 -27.410309 -2.886488 -23.650639 -0.299021 0.887797 0.349861 0.499072 0.204901 1 23 1.000000
  23 -27.155235 -2.993890 -23.160091 0.009421 0.957644 0.287800 0.530106 0.213529 1 23 1.000000
  23 -27.319479 -2.892029 -23.558950 -0.116333 0.949788 0.290464 0.506653 0.204973 1 23 1.000000
v_pistol_sheet
  23 -27.319479 -2.892029 -23.558950 -0.116333 0.949788 0.290464 0.506653 0.204973 1 23 1.000000
  23 -27.155235 -2.993890 -23.160091 0.009421 0.957644 0.287800 0.530106 0.213529 1 23 1.000000
  23 -26.995813 -2.893318 -23.658195 0.176575 0.965164 0.193080 0.516182 0.204758 1 23 1.000000
v_pistol_sheet
  23 -26.995813 -2.893318 -23.658195 0.176575 0.965164 0.193080 0.516182 0.204758 1 23 1.000000
  23 -27.155235 -2.993890 -23.160091 0.009421 0.957644 0.287800 0.530106 0.213529 1 23 1.000000
  23 -26.499586 -2.979514 -23.831575 0.266181 0.963573 0.025988 0.530106 0.212915 1 23 1.000000
v_pistol_sheet
  23 -26.499586 -2.979514 -23.831575 0.266181 0.963573 0.025988 0.530106 0.212915 1 23 1.000000
  23 -26.904442 -2.882930 -23.984013 0.462933 0.818933 -0.339178 0.506653 0.204584 1 23 1.000000
  23 -26.995813 -2.893318 -23.658195 0.176575 0.965164 0.193080 0.516182 0.204758 1 23 1.000000
v_pistol_sheet
  23 -27.688692 -2.917680 -24.991318 0.320662 0.904657 -0.280664 0.432547 0.212915 1 23 1.000000
  23 -26.904442 -2.882930 -23.984013 0.462933 0.818933 -0.339178 0.506653 0.204584 1 23 1.000000
  23 -26.499586 -2.979514 -23.831575 0.266181 0.963573 0.025988 0.530106 0.212915 1 23 1.000000
v_pistol_sheet
  23 -27.688692 -2.917680 -24.991318 0.320662 0.904657 -0.280664 0.432547 0.212915 1 23 1.000000
  23 -26.998390 -2.877458 -24.072506 0.324358 0.761487 -0.561185 0.499072 0.204515 1 23 1.000000
  23 -26.904442 -2.882930 -23.984013 0.462933 0.818933 -0.339178 0.506653 0.204584 1 23 1.000000
v_pistol_sheet
  23 -27.688692 -2.917680 -24.991318 0.320662 0.904657 -0.280664 0.432547 0.212915 1 23 1.000000
  23 -29.474413 -2.824824 -26.732944 0.062732 0.997227 -0.040027 0.286042 0.212915 1 23 1.000000
  23 -26.998390 -2.877458 -24.072506 0.324358 0.761487 -0.561185 0.499072 0.204515 1 23 1.000000
v_pistol_sheet
  23 -26.998390 -2.877458 -24.072506 0.324358 0.761487 -0.561185 0.499072 0.204515 1 23 1.000000
  23 -29.474413 -2.824824 -26.732944 0.062732 0.997227 -0.040027 0.286042 0.212915 1 23 1.000000
  23 -27.211231 -2.874717 -24.087440 0.005449 0.999884 0.014196 0.489517 0.204726 1 23 1.000000
v_pistol_sheet
  23 -27.211231 -2.874717 -24.087440 0.005449 0.999884 0.014196 0.489517 0.204726 1 23 1.000000
  23 -29.474413 -2.824824 -26.732944 0.062732 0.997227 -0.040027 0.286042 0.212915 1 23 1.000000
  23 -27.430420 -2.879522 -23.862957 -0.011825 0.999553 0.027472 0.489517 0.204931 1 23 1.000000
v_pistol_sheet
  23 -27.410309 -2.886488 -23.650639 -0.011556 0.999548 0.027735 0.499072 0.204901 1 23 1.000000
  23 -27.430420 -2.879522 -23.862957 -0.011825 0.999553 0.027472 0.489517 0.204931 1 23 1.000000
  23 -29.474413 -2.824824 -26.732944 0.062732 0.997227 -0.040027 0.286042 0.212915 1 23 1.000000
v_pistol_sheet
  23 -29.911514 -2.834410 -26.285286 -0.000853 0.999788 0.020573 0.286042 0.213324 1 23 1.000000
  23 -27.410309 -2.886488 -23.650639 -0.011556 0.999548 0.027735 0.499072 0.204901 1 23 1.000000
  23 -29.474413 -2.824824 -26.732944 0.062732 0.997227 -0.040027 0.286042 0.212915 1 23 1.000000
v_pistol_sheet
  23 -29.608347 -4.528018 -25.266987 0.715395 -0.037196 0.697729 0.402244 0.472654 1 23 1.000000
  23 -29.595356 -3.451981 -25.222946 0.715395 -0.037196 0.697729 0.401632 0.391964 1 23 1.000000
  23 -29.607697 -3.740143 -25.225655 0.715395 -0.037196 0.697729 0.402703 0.413718 1 23 1.000000
v_pistol_sheet
  23 -29.608347 -4.528018 -25.266987 0.715395 -0.037196 0.697729 0.402244 0.472654 1 23 1.000000
  23 -28.621849 -3.439742 -26.220446 0.715395 -0.037196 0.697729 0.301983 0.375120 1 23 1.000000
  23 -29.595356 -3.451981 -25.222946 0.715395 -0.037196 0.697729 0.401632 0.391964 1 23 1.000000
v_pistol_sheet
  23 -29.608347 -4.528018 -25.266987 0.715395 -0.037196 0.697729 0.402244 0.472654 1 23 1.000000
  23 -28.614513 -3.717638 -26.242785 0.715395 -0.037196 0.697729 0.301046 0.395784 1 23 1.000000
  23 -28.621849 -3.439742 -26.220446 0.715395 -0.037196 0.697729 0.301983 0.375120 1 23 1.000000
v_pistol_sheet
  23 -29.608347 -4.528018 -25.266987 0.715395 -0.037196 0.697729 0.402244 0.472654 1 23 1.000000
  23 -28.645338 -4.508156 -26.253321 0.715395 -0.037196 0.697729 0.303674 0.455412 1 23 1.000000
  23 -28.614513 -3.717638 -26.242785 0.715395 -0.037196 0.697729 0.301046 0.395784 1 23 1.000000
v_pistol_sheet
  23 -29.608347 -4.528018 -25.266987 0.715395 -0.037196 0.697729 0.402244 0.472654 1 23 1.000000
  23 -28.710480 -4.755553 -26.199722 0.715395 -0.037196 0.697729 0.310177 0.474981 1 23 1.000000
  23 -28.645338 -4.508156 -26.253321 0.715395 -0.037196 0.697729 0.303674 0.455412 1 23 1.000000
v_pistol_sheet
  23 -29.608347 -4.528018 -25.266987 0.715395 -0.037196 0.697729 0.402244 0.472654 1 23 1.000000
  23 -28.902058 -4.884380 -26.010162 0.715395 -0.037196 0.697729 0.329703 0.487750 1 23 1.000000
  23 -28.710480 -4.755553 -26.199722 0.715395 -0.037196 0.697729 0.310177 0.474981 1 23 1.000000
v_pistol_sheet
  23 -29.608347 -4.528018 -25.266987 0.715395 -0.037196 0.697729 0.402244 0.472654 1 23 1.000000
  23 -29.117723 -4.916378 -25.790745 0.715395 -0.037196 0.697729 0.351759 0.493672 1 23 1.000000
  23 -28.902058 -4.884380 -26.010162 0.715395 -0.037196 0.697729 0.329703 0.487750 1 23 1.000000
v_pistol_sheet
  23 -29.608347 -4.528018 -25.266987 0.715395 -0.037196 0.697729 0.402244 0.472654 1 23 1.000000
  23 -29.334587 -4.893975 -25.567192 0.715395 -0.037196 0.697729 0.373974 0.495545 1 23 1.000000
  23 -29.117723 -4.916378 -25.790745 0.715395 -0.037196 0.697729 0.351759 0.493672 1 23 1.000000
v_pistol_sheet
  23 -29.608347 -4.528018 -25.266987 0.715395 -0.037196 0.697729 0.402244 0.472654 1 23 1.000000
  23 -29.551512 -4.773996 -25.338375 0.715395 -0.037196 0.697729 0.396261 0.490121 1 23 1.000000
  23 -29.334587 -4.893975 -25.567192 0.715395 -0.037196 0.697729 0.373974 0.495545 1 23 1.000000
v_pistol_sheet
  39 -25.722387 -4.184302 -23.260904 0.534659 -0.409641 -0.739144 0.304731 0.795301 1 39 1.000000
  39 -25.662292 -4.011087 -23.313286 0.534659 -0.409641 -0.739144 0.306913 0.771136 1 39 1.000000
  39 -25.377302 -4.188275 -23.071285 0.438669 -0.396128 -0.806630 0.344877 0.782012 1 39 1.000000
v_pistol_sheet
  39 -25.722387 -4.184302 -23.260904 0.534659 -0.409641 -0.739144 0.304731 0.795301 1 39 1.000000
  39 -27.403929 -3.920186 -25.012135 0.622894 -0.418286 -0.661090 0.117013 0.773294 1 39 1.000000
  39 -25.662292 -4.011087 -23.313286 0.534659 -0.409641 -0.739144 0.306913 0.771136 1 39 1.000000
v_pistol_sheet
  39 -25.722387 -4.184302 -23.260904 0.534659 -0.409641 -0.739144 0.304731 0.795301 1 39 1.000000
  39 -27.430046 -4.096339 -24.925241 0.622894 -0.418286 -0.661090 0.120146 0.797626 1 39 1.000000
  39 -27.403929 -3.920186 -25.012135 0.622894 -0.418286 -0.661090 0.117013 0.773294 1 39 1.000000
v_pistol_sheet
  39 -28.642441 -4.033885 -26.106874 0.622598 -0.419133 -0.660833 0.017008 0.799277 1 39 1.000000
  39 -27.403929 -3.920186 -25.012135 0.622894 -0.418286 -0.661090 0.117013 0.773294 1 39 1.000000
  39 -27.430046 -4.096339 -24.925241 0.622894 -0.418286 -0.661090 0.120146 0.797626 1 39 1.000000
v_pistol_sheet
  39 -28.642441 -4.033885 -26.106874 0.622598 -0.419133 -0.660833 0.017008 0.799277 1 39 1.000000
  39 -28.583513 -3.858626 -26.162737 0.622598 -0.419133 -0.660833 0.018835 0.774756 1 39 1.000000
  39 -27.403929 -3.920186 -25.012135 0.622894 -0.418286 -0.661090 0.117013 0.773294 1 39 1.000000
v_pistol_sheet
  40 -24.217731 -4.079897 -21.257818 0.695677 -0.248657 0.673946 0.609030 0.529913 1 40 1.000000
  40 -23.942833 -3.081441 -21.173191 0.694911 -0.253034 0.673106 0.647359 0.521229 1 40 1.000000
  40 -24.583910 -4.087930 -20.882795 0.695676 -0.248657 0.673947 0.608900 0.562448 1 40 1.000000
v_pistol_sheet
  40 -24.514074 -3.093967 -20.588156 0.694132 -0.257406 0.672253 0.647156 0.571984 1 40 1.000000
  40 -24.583910 -4.087930 -20.882795 0.695676 -0.248657 0.673947 0.608900 0.562448 1 40 1.000000
  40 -23.942833 -3.081441 -21.173191 0.694911 -0.253034 0.673106 0.647359 0.521229 1 40 1.000000
v_pistol_sheet
  40 -23.942833 -3.081441 -21.173191 0.694911 -0.253034 0.673106 0.647359 0.521229 1 40 1.000000
  40 -23.273663 0.567110 -20.441681 0.693339 -0.261771 0.671385 0.788054 0.522793 1 40 1.000000
  40 -24.514074 -3.093967 -20.588156 0.694132 -0.257406 0.672253 0.647156 0.571984 1 40 1.000000
v_pistol_sheet
  40 -23.844904 0.554584 -19.856646 0.693339 -0.261771 0.671385 0.787851 0.573548 1 40 1.000000
  40 -24.514074 -3.093967 -20.588156 0.694132 -0.257406 0.672253 0.647156 0.571984 1 40 1.000000
  40 -23.273663 0.567110 -20.441681 0.693339 -0.261771 0.671385 0.788054 0.522793 1 40 1.000000
v_pistol_sheet
  23 -26.341097 -2.094148 -23.378147 0.180045 -0.976463 -0.118756 0.059806 0.542068 1 23 1.000000
  23 -26.056709 -2.094576 -23.102402 0.105585 -0.969385 -0.221687 0.084475 0.530107 1 23 1.000000
  23 -26.244814 -2.153919 -22.909079 -0.047486 -0.996575 -0.067703 0.108758 0.541140 1 23 1.000000
v_pistol_sheet
  23 -26.244814 -2.153919 -22.909079 -0.047486 -0.996575 -0.067703 0.108758 0.541140 1 23 1.000000
  23 -26.056709 -2.094576 -23.102402 0.105585 -0.969385 -0.221687 0.084475 0.530107 1 23 1.000000
  23 -25.593000 -2.188492 -22.643021 -0.009647 -0.889993 -0.455872 0.126235 0.521845 1 23 1.000000
v_pistol_sheet
  23 -26.244814 -2.153919 -22.909079 -0.047486 -0.996575 -0.067703 0.108758 0.541140 1 23 1.000000
  23 -25.593000 -2.188492 -22.643021 -0.009647 -0.889993 -0.455872 0.126235 0.521845 1 23 1.000000
  23 -25.777895 -2.270019 -22.455652 -0.224474 -0.931477 -0.286291 0.149940 0.535544 1 23 1.000000
v_pistol_sheet
  23 -24.827925 -3.520454 -22.237001 0.704397 0.158181 -0.691957 0.566463 0.129337 1 23 1.000000
  23 -26.674913 -3.053992 -23.995850 0.690516 0.352422 -0.631654 0.283039 0.088300 1 23 1.000000
  23 -24.968449 -3.168352 -22.083035 0.690516 0.352422 -0.631654 0.565777 0.090243 1 23 1.000000
v_pistol_sheet
  23 -24.827925 -3.520454 -22.237001 0.704397 0.158181 -0.691957 0.566463 0.129337 1 23 1.000000
  23 -26.638769 -3.408373 -24.042921 0.704397 0.158181 -0.691957 0.283724 0.127502 1 23 1.000000
  23 -26.674913 -3.053992 -23.995850 0.690516 0.352422 -0.631654 0.283039 0.088300 1 23 1.000000
v_pistol_sheet
  23 -24.827925 -3.520454 -22.237001 0.704397 0.158181 -0.691957 0.566463 0.129337 1 23 1.000000
  23 -26.703638 -4.021084 -23.993774 0.689004 -0.042634 -0.723503 0.284903 0.195103 1 23 1.000000
  23 -26.638769 -3.408373 -24.042921 0.704397 0.158181 -0.691957 0.283724 0.127502 1 23 1.000000
v_pistol_sheet
  23 -24.827925 -3.520454 -22.237001 0.704397 0.158181 -0.691957 0.566463 0.129337 1 23 1.000000
  23 -24.816235 -4.113335 -22.265753 0.689004 -0.042634 -0.723503 0.567607 0.194854 1 23 1.000000
  23 -26.703638 -4.021084 -23.993774 0.689004 -0.042634 -0.723503 0.284903 0.195103 1 23 1.000000
v_pistol_sheet
  23 -25.673269 -3.400123 -23.106194 0.109177 0.986906 0.118727 0.904242 0.870861 1 23 1.000000
  23 -26.104969 -3.280964 -23.705145 0.108518 0.987048 0.118155 0.839559 0.857876 1 23 1.000000
  23 -26.194485 -3.282089 -23.613422 0.108518 0.987048 0.118155 0.839559 0.857876 1 23 1.000000
v_pistol_sheet
  23 -25.673269 -3.400123 -23.106194 0.109177 0.986906 0.118727 0.904242 0.870861 1 23 1.000000
  23 -25.594143 -3.396622 -23.208027 0.167463 0.984101 0.059173 0.902953 0.870598 1 23 1.000000
  23 -26.104969 -3.280964 -23.705145 0.108518 0.987048 0.118155 0.839559 0.857876 1 23 1.000000
v_pistol_sheet
  23 -25.594143 -3.396622 -23.208027 0.167463 0.984101 0.059173 0.902953 0.870598 1 23 1.000000
  23 -25.673269 -3.400123 -23.106194 0.109177 0.986906 0.118727 0.904242 0.870861 1 23 1.000000
  23 -24.984581 -3.557805 -22.436008 0.109837 0.986764 0.119298 0.989713 0.888264 1 23 1.000000
v_pistol_sheet
  23 -25.594143 -3.396622 -23.208027 0.167463 0.984101 0.059173 0.902953 0.870598 1 23 1.000000
  23 -24.984581 -3.557805 -22.436008 0.109837 0.986764 0.119298 0.989713 0.888264 1 23 1.000000
  23 -24.895067 -3.556680 -22.527731 0.196726 0.980021 0.029292 0.989713 0.888264 1 23 1.000000
v_pistol_sheet
  23 -24.895067 -3.556680 -22.527731 0.196726 0.980021 0.029292 0.989713 0.888264 1 23 1.000000
  23 -25.435287 -3.437281 -23.135399 0.280527 0.957895 -0.061173 0.917623 0.875602 1 23 1.000000
  23 -25.594143 -3.396622 -23.208027 0.167463 0.984101 0.059173 0.902953 0.870598 1 23 1.000000
v_pistol_sheet
  23 -24.895067 -3.556680 -22.527731 0.196726 0.980021 0.029292 0.989713 0.888264 1 23 1.000000
  23 -24.905972 -3.560625 -22.620331 0.280527 0.957895 -0.061173 0.983321 0.889286 1 23 1.000000
  23 -25.435287 -3.437281 -23.135399 0.280527 0.957895 -0.061173 0.917623 0.875602 1 23 1.000000
v_pistol_sheet
  39 -23.789751 -5.047079 -21.115835 -0.558238 -0.449729 -0.697219 0.617658 0.881897 1 39 1.000000
  39 -24.289742 -5.130177 -20.532362 -0.657052 -0.423848 -0.623406 0.630819 0.967658 1 39 1.000000
  39 -24.313488 -5.057554 -20.554646 -0.657052 -0.423848 -0.623406 0.628858 0.962154 1 39 1.000000
v_pistol_sheet
  39 -23.789751 -5.047079 -21.115835 -0.558238 -0.449729 -0.697219 0.617658 0.881897 1 39 1.000000
  39 -23.763933 -5.119811 -21.091532 -0.558238 -0.449729 -0.697219 0.619875 0.887398 1 39 1.000000
  39 -24.289742 -5.130177 -20.532362 -0.657052 -0.423848 -0.623406 0.630819 0.967658 1 39 1.000000
v_pistol_sheet
  39 -23.751831 -4.909014 -21.228649 -0.450559 -0.468468 -0.759957 0.613453 0.860163 1 39 1.000000
  39 -23.763933 -5.119811 -21.091532 -0.558238 -0.449729 -0.697219 0.619875 0.887398 1 39 1.000000
  39 -23.789751 -5.047079 -21.115835 -0.558238 -0.449729 -0.697219 0.617658 0.881897 1 39 1.000000
v_pistol_sheet
  39 -23.751831 -4.909014 -21.228649 -0.450559 -0.468468 -0.759957 0.613453 0.860163 1 39 1.000000
  39 -23.719212 -4.982100 -21.197710 -0.450559 -0.468468 -0.759957 0.616509 0.865656 1 39 1.000000
  39 -23.763933 -5.119811 -21.091532 -0.558238 -0.449729 -0.697219 0.619875 0.887398 1 39 1.000000
v_pistol_sheet
  39 -28.587622 -5.197857 -25.310778 0.719324 0.008730 -0.694620 0.852903 0.792053 1 39 1.000000
  39 -28.844109 -4.860398 -25.573427 0.719324 0.008730 -0.694620 0.793917 0.741747 1 39 1.000000
  39 -28.450371 -4.881539 -25.170870 0.719324 0.008730 -0.694620 0.881524 0.741758 1 39 1.000000
v_pistol_sheet
  39 -28.587622 -5.197857 -25.310778 0.719324 0.008730 -0.694620 0.852903 0.792053 1 39 1.000000
  39 -28.847469 -5.046027 -25.580736 0.719324 0.008730 -0.694620 0.793824 0.770642 1 39 1.000000
  39 -28.844109 -4.860398 -25.573427 0.719324 0.008730 -0.694620 0.793917 0.741747 1 39 1.000000
v_pistol_sheet
  39 -28.587622 -5.197857 -25.310778 0.719324 0.008730 -0.694620 0.852903 0.792053 1 39 1.000000
  39 -28.826355 -5.121736 -25.561743 0.719324 0.008730 -0.694620 0.798672 0.782244 1 39 1.000000
  39 -28.847469 -5.046027 -25.580736 0.719324 0.008730 -0.694620 0.793824 0.770642 1 39 1.000000
v_pistol_sheet
  39 -28.587622 -5.197857 -25.310778 0.719324 0.008730 -0.694620 0.852903 0.792053 1 39 1.000000
  39 -28.787853 -5.171824 -25.525221 0.719324 0.008730 -0.694620 0.807208 0.789722 1 39 1.000000
  39 -28.826355 -5.121736 -25.561743 0.719324 0.008730 -0.694620 0.798672 0.782244 1 39 1.000000
v_pistol_sheet
  23 -26.189838 -3.614688 -23.792065 -0.265816 -0.925216 -0.270770 0.829921 0.906161 1 23 1.000000
  23 -26.329155 -3.552645 -23.748173 -0.478558 -0.737778 -0.476095 0.823609 0.911059 1 23 1.000000
  23 -26.239641 -3.551520 -23.839895 -0.478558 -0.737778 -0.476095 0.823609 0.897510 1 23 1.000000
v_pistol_sheet
  23 -26.189838 -3.614688 -23.792065 -0.265816 -0.925216 -0.270770 0.829921 0.906161 1 23 1.000000
  23 -26.279354 -3.615813 -23.700344 -0.265816 -0.925216 -0.270770 0.829921 0.919709 1 23 1.000000
  23 -26.329155 -3.552645 -23.748173 -0.478558 -0.737778 -0.476095 0.823609 0.911059 1 23 1.000000
v_pistol_sheet
  23 -25.610598 -3.644809 -23.227129 0.059513 -0.991709 -0.113894 0.901549 0.906161 1 23 1.000000
  23 -26.279354 -3.615813 -23.700344 -0.265816 -0.925216 -0.270770 0.829921 0.919709 1 23 1.000000
  23 -26.189838 -3.614688 -23.792065 -0.265816 -0.925216 -0.270770 0.829921 0.906161 1 23 1.000000
v_pistol_sheet
  23 -25.610598 -3.644809 -23.227129 0.059513 -0.991709 -0.113894 0.901549 0.906161 1 23 1.000000
  23 -25.694075 -3.646248 -23.129519 -0.020497 -0.999269 -0.032261 0.902296 0.919709 1 23 1.000000
  23 -26.279354 -3.615813 -23.700344 -0.265816 -0.925216 -0.270770 0.829921 0.919709 1 23 1.000000
v_pistol_sheet
  23 -24.987150 -3.683007 -22.440052 -0.020497 -0.999269 -0.032261 0.989713 0.919709 1 23 1.000000
  23 -25.694075 -3.646248 -23.129519 -0.020497 -0.999269 -0.032261 0.902296 0.919709 1 23 1.000000
  23 -25.610598 -3.644809 -23.227129 0.059513 -0.991709 -0.113894 0.901549 0.906161 1 23 1.000000
v_pistol_sheet
  23 -24.987150 -3.683007 -22.440052 -0.020497 -0.999269 -0.032261 0.989713 0.919709 1 23 1.000000
  23 -25.610598 -3.644809 -23.227129 0.059513 -0.991709 -0.113894 0.901549 0.906161 1 23 1.000000
  23 -24.897636 -3.681882 -22.531773 0.099825 -0.982896 -0.154756 0.989713 0.906161 1 23 1.000000
v_pistol_sheet
  23 -25.610598 -3.644809 -23.227129 0.059513 -0.991709 -0.113894 0.901549 0.906161 1 23 1.000000
  23 -24.907959 -3.657603 -22.623463 0.217176 -0.937282 -0.272647 0.983321 0.898870 1 23 1.000000
  23 -24.897636 -3.681882 -22.531773 0.099825 -0.982896 -0.154756 0.989713 0.906161 1 23 1.000000
v_pistol_sheet
  23 -25.610598 -3.644809 -23.227129 0.059513 -0.991709 -0.113894 0.901549 0.906161 1 23 1.000000
  23 -25.447834 -3.629530 -23.150003 0.217176 -0.937282 -0.272647 0.916560 0.898870 1 23 1.000000
  23 -24.907959 -3.657603 -22.623463 0.217176 -0.937282 -0.272647 0.983321 0.898870 1 23 1.000000
v_pistol_sheet
  39 -23.354389 -5.310133 -20.341757 0.330582 -0.893601 0.303634 0.770942 0.957281 1 39 1.000000
  39 -24.139465 -5.283145 -20.733294 -0.015920 -0.999190 -0.036955 0.743425 0.831252 1 39 1.000000
  39 -23.952339 -5.279040 -20.924940 -0.015920 -0.999190 -0.036955 0.770942 0.831252 1 39 1.000000
v_pistol_sheet
  39 -23.354389 -5.310133 -20.341757 0.330582 -0.893601 0.303634 0.770942 0.957281 1 39 1.000000
  39 -23.541517 -5.314246 -20.150108 0.439521 -0.798142 0.412056 0.743425 0.957281 1 39 1.000000
  39 -24.139465 -5.283145 -20.733294 -0.015920 -0.999190 -0.036955 0.743425 0.831252 1 39 1.000000
v_pistol_sheet
  39 -23.270386 -5.215045 -20.334879 0.658593 -0.404725 0.634392 0.792047 0.966533 1 39 1.000000
  39 -23.541517 -5.314246 -20.150108 0.439521 -0.798142 0.412056 0.743425 0.957281 1 39 1.000000
  39 -23.354389 -5.310133 -20.341757 0.330582 -0.893601 0.303634 0.770942 0.957281 1 39 1.000000
v_pistol_sheet
  39 -23.541517 -5.314246 -20.150108 0.439521 -0.798142 0.412056 0.743425 0.957281 1 39 1.000000
  39 -23.270386 -5.215045 -20.334879 0.658593 -0.404725 0.634392 0.792047 0.966533 1 39 1.000000
  39 -23.535061 -5.220849 -20.063812 0.682511 -0.314641 0.659681 0.734917 0.966533 1 39 1.000000
v_pistol_sheet
  39 -23.273735 -5.118621 -20.326303 0.715394 -0.037194 0.697731 0.809573 0.966533 1 39 1.000000
  39 -23.535061 -5.220849 -20.063812 0.682511 -0.314641 0.659681 0.734917 0.966533 1 39 1.000000
  39 -23.270386 -5.215045 -20.334879 0.658593 -0.404725 0.634392 0.792047 0.966533 1 39 1.000000
v_pistol_sheet
  39 -23.273735 -5.118621 -20.326303 0.715394 -0.037194 0.697731 0.809573 0.966533 1 39 1.000000
  39 -23.528229 -5.124202 -20.065666 0.715394 -0.037194 0.697731 0.735964 0.966532 1 39 1.000000
  39 -23.535061 -5.220849 -20.063812 0.682511 -0.314641 0.659681 0.734917 0.966533 1 39 1.000000
v_pistol_sheet
  23 -23.805210 -3.007043 -20.179365 -0.030828 0.591854 0.805456 0.913964 0.434446 1 23 1.000000
  23 -23.569027 -2.995235 -20.314655 0.510906 0.768393 0.385418 0.943686 0.433053 1 23 1.000000
  23 -23.660336 -2.831778 -20.400311 0.744440 0.382329 0.547388 0.943568 0.415041 1 23 1.000000
v_pistol_sheet
  23 -23.523085 -0.975429 -19.702505 0.110182 -0.243918 0.963517 0.899620 0.201630 1 23 1.000000
  23 -22.982479 0.598287 -19.664995 0.666279 0.301390 0.682082 0.940994 0.021752 1 23 1.000000
  23 -23.251930 0.585753 -19.495628 0.272844 -0.174982 0.946011 0.905866 0.023181 1 23 1.000000
v_pistol_sheet
  23 -23.523085 -0.975429 -19.702505 0.110182 -0.243918 0.963517 0.899620 0.201630 1 23 1.000000
  23 -23.208000 -0.961894 -19.918606 0.686420 -0.296806 0.663878 0.942162 0.200153 1 23 1.000000
  23 -22.982479 0.598287 -19.664995 0.666279 0.301390 0.682082 0.940994 0.021752 1 23 1.000000
v_pistol_sheet
  23 -23.887169 -2.651952 -20.302292 0.076881 -0.065032 0.994917 0.917805 0.394815 1 23 1.000000
  23 -23.208000 -0.961894 -19.918606 0.686420 -0.296806 0.663878 0.942162 0.200153 1 23 1.000000
  23 -23.523085 -0.975429 -19.702505 0.110182 -0.243918 0.963517 0.899620 0.201630 1 23 1.000000
v_pistol_sheet
  23 -23.887169 -2.651952 -20.302292 0.076881 -0.065032 0.994917 0.917805 0.394815 1 23 1.000000
  23 -23.676226 -2.640698 -20.411736 0.739475 -0.072871 0.669228 0.943427 0.393449 1 23 1.000000
  23 -23.208000 -0.961894 -19.918606 0.686420 -0.296806 0.663878 0.942162 0.200153 1 23 1.000000
v_pistol_sheet
  23 -23.805210 -3.007043 -20.179365 -0.030828 0.591854 0.805456 0.913964 0.434446 1 23 1.000000
  23 -23.676226 -2.640698 -20.411736 0.739475 -0.072871 0.669228 0.943427 0.393449 1 23 1.000000
  23 -23.887169 -2.651952 -20.302292 0.076881 -0.065032 0.994917 0.917805 0.394815 1 23 1.000000
v_pistol_sheet
  23 -23.805210 -3.007043 -20.179365 -0.030828 0.591854 0.805456 0.913964 0.434446 1 23 1.000000
  23 -23.660336 -2.831778 -20.400311 0.744440 0.382329 0.547388 0.943568 0.415041 1 23 1.000000
  23 -23.676226 -2.640698 -20.411736 0.739475 -0.072871 0.669228 0.943427 0.393449 1 23 1.000000
v_pistol_sheet
  23 -23.676226 -2.640698 -20.411736 0.739475 -0.072871 0.669228 0.943427 0.393449 1 23 1.000000
  23 -23.660336 -2.831778 -20.400311 0.744440 0.382329 0.547388 0.943568 0.415041 1 23 1.000000
  23 -23.546860 -2.833696 -20.632469 0.945486 0.278950 0.168056 0.971418 0.415844 1 23 1.000000
v_pistol_sheet
  23 -23.569027 -2.995235 -20.314655 0.510906 0.768393 0.385418 0.943686 0.433053 1 23 1.000000
  23 -23.546860 -2.833696 -20.632469 0.945486 0.278950 0.168056 0.971418 0.415844 1 23 1.000000
  23 -23.660336 -2.831778 -20.400311 0.744440 0.382329 0.547388 0.943568 0.415041 1 23 1.000000
v_pistol_sheet
  23 -23.569027 -2.995235 -20.314655 0.510906 0.768393 0.385418 0.943686 0.433053 1 23 1.000000
  23 -23.439241 -2.999018 -20.554173 0.732129 0.680855 0.020575 0.973425 0.434057 1 23 1.000000
  23 -23.546860 -2.833696 -20.632469 0.945486 0.278950 0.168056 0.971418 0.415844 1 23 1.000000
v_pistol_sheet
  23 -23.676226 -2.640698 -20.411736 0.739475 -0.072871 0.669228 0.943427 0.393449 1 23 1.000000
  23 -23.546860 -2.833696 -20.632469 0.945486 0.278950 0.168056 0.971418 0.415844 1 23 1.000000
  23 -23.571680 -2.645034 -20.625404 0.969825 -0.120408 0.211993 0.969065 0.394479 1 23 1.000000
v_pistol_sheet
  23 -23.571680 -2.645034 -20.625404 0.969825 -0.120408 0.211993 0.969065 0.394479 1 23 1.000000
  23 -23.208000 -0.961894 -19.918606 0.686420 -0.296806 0.663878 0.942162 0.200153 1 23 1.000000
  23 -23.676226 -2.640698 -20.411736 0.739475 -0.072871 0.669228 0.943427 0.393449 1 23 1.000000
v_pistol_sheet
  23 -23.571680 -2.645034 -20.625404 0.969825 -0.120408 0.211993 0.969065 0.394479 1 23 1.000000
  23 -22.999311 -0.963946 -20.238928 0.972742 -0.217820 0.079550 0.984720 0.201073 1 23 1.000000
  23 -23.208000 -0.961894 -19.918606 0.686420 -0.296806 0.663878 0.942162 0.200153 1 23 1.000000
v_pistol_sheet
  23 -23.208000 -0.961894 -19.918606 0.686420 -0.296806 0.663878 0.942162 0.200153 1 23 1.000000
  23 -22.999311 -0.963946 -20.238928 0.972742 -0.217820 0.079550 0.984720 0.201073 1 23 1.000000
  23 -22.819422 0.595236 -19.938583 0.938850 0.254099 0.232365 0.976138 0.022721 1 23 1.000000
v_pistol_sheet
  23 -23.208000 -0.961894 -19.918606 0.686420 -0.296806 0.663878 0.942162 0.200153 1 23 1.000000
  23 -22.819422 0.595236 -19.938583 0.938850 0.254099 0.232365 0.976138 0.022721 1 23 1.000000
  23 -22.982479 0.598287 -19.664995 0.666279 0.301390 0.682082 0.940994 0.021752 1 23 1.000000
v_pistol_sheet
  39 -23.547218 -4.168371 -19.515625 0.698539 0.015318 -0.715408 0.222957 0.274884 1 39 1.000000
  39 -23.558107 -4.254310 -19.528101 0.698539 0.015319 -0.715408 0.222242 0.280386 1 39 1.000000
  39 -26.014235 -4.040082 -21.921719 0.698539 0.015319 -0.715408 0.037358 0.274884 1 39 1.000000
v_pistol_sheet
  39 -23.558107 -4.254310 -19.528101 0.698539 0.015319 -0.715408 0.222242 0.280386 1 39 1.000000
  39 -26.015606 -4.126226 -21.924906 0.698539 0.015321 -0.715408 0.037358 0.280368 1 39 1.000000
  39 -26.014235 -4.040082 -21.921719 0.698539 0.015319 -0.715408 0.037358 0.274884 1 39 1.000000
v_pistol_sheet
  23 -27.236601 -3.836673 -23.121599 -0.015926 -0.999190 -0.036944 0.530106 0.297799 1 23 1.000000
  23 -30.320942 -3.674318 -26.183138 -0.015926 -0.999190 -0.036944 0.274867 0.297774 1 23 1.000000
  23 -27.138439 -3.834522 -23.222134 -0.015926 -0.999190 -0.036944 0.530106 0.297707 1 23 1.000000
v_pistol_sheet
  23 -30.320942 -3.674318 -26.183138 -0.015926 -0.999190 -0.036944 0.274867 0.297774 1 23 1.000000
  23 -30.249468 -3.672749 -26.256338 -0.015926 -0.999190 -0.036944 0.274867 0.297707 1 23 1.000000
  23 -27.138439 -3.834522 -23.222134 -0.015926 -0.999190 -0.036944 0.530106 0.297707 1 23 1.000000
v_pistol_sheet
  23 -26.239641 -3.551520 -23.839895 0.698419 0.008778 -0.715635 0.823609 0.897510 1 23 1.000000
  23 -26.236221 -3.384856 -23.834515 0.698419 0.008778 -0.715635 0.823609 0.873686 1 23 1.000000
  23 -26.104969 -3.280964 -23.705145 0.698419 0.008778 -0.715635 0.839559 0.857876 1 23 1.000000
v_pistol_sheet
  23 -26.239641 -3.551520 -23.839895 0.698419 0.008778 -0.715635 0.823609 0.897510 1 23 1.000000
  23 -26.104969 -3.280964 -23.705145 0.698419 0.008778 -0.715635 0.839559 0.857876 1 23 1.000000
  23 -26.189838 -3.614688 -23.792065 0.698419 0.008778 -0.715635 0.829921 0.906161 1 23 1.000000
v_pistol_sheet
  23 -25.594143 -3.396622 -23.208027 0.698419 0.008778 -0.715635 0.902953 0.870598 1 23 1.000000
  23 -26.189838 -3.614688 -23.792065 0.698419 0.008778 -0.715635 0.829921 0.906161 1 23 1.000000
  23 -26.104969 -3.280964 -23.705145 0.698419 0.008778 -0.715635 0.839559 0.857876 1 23 1.000000
v_pistol_sheet
  23 -25.594143 -3.396622 -23.208027 0.698419 0.008778 -0.715635 0.902953 0.870598 1 23 1.000000
  23 -25.610598 -3.644809 -23.227129 0.698419 0.008778 -0.715635 0.901549 0.906161 1 23 1.000000
  23 -26.189838 -3.614688 -23.792065 0.698419 0.008778 -0.715635 0.829921 0.906161 1 23 1.000000
v_pistol_sheet
  39 -23.360010 -5.483406 -20.280699 -0.698626 -0.021732 0.715156 0.747594 0.698092 1 39 1.000000
  39 -23.328150 -5.485059 -20.249624 -0.698626 -0.021732 0.715156 0.746959 0.681213 1 39 1.000000
  39 -23.358862 -5.383095 -20.276527 -0.698626 -0.021732 0.715156 0.744340 0.669277 1 39 1.000000
v_pistol_sheet
  39 -23.327002 -5.384752 -20.245453 -0.698626 -0.021732 0.715156 0.746631 0.655880 1 39 1.000000
  39 -23.358862 -5.383095 -20.276527 -0.698626 -0.021732 0.715156 0.744340 0.669277 1 39 1.000000
  39 -23.328150 -5.485059 -20.249624 -0.698626 -0.021732 0.715156 0.746959 0.681213 1 39 1.000000
v_pistol_sheet
  39 -23.661949 -5.203065 -19.956169 -0.325092 0.866140 0.379627 0.634953 0.592631 1 39 1.000000
  39 -23.630089 -5.204730 -19.925095 -0.207140 0.942378 0.262711 0.634953 0.603800 1 39 1.000000
  39 -23.171675 -5.192315 -20.458282 0.236054 0.952750 -0.191169 0.810957 0.592631 1 39 1.000000
v_pistol_sheet
  39 -23.139814 -5.193972 -20.427208 0.350856 0.882685 -0.312678 0.810957 0.603800 1 39 1.000000
  39 -23.171675 -5.192315 -20.458282 0.236054 0.952750 -0.191169 0.810957 0.592631 1 39 1.000000
  39 -23.630089 -5.204730 -19.925095 -0.207140 0.942378 0.262711 0.634953 0.603800 1 39 1.000000
v_pistol_sheet
  39 -23.129362 -5.218246 -20.439220 0.675170 0.293866 -0.676600 0.816822 0.614450 1 39 1.000000
  39 -23.171675 -5.192315 -20.458282 0.236054 0.952750 -0.191169 0.838174 0.607909 1 39 1.000000
  39 -23.139814 -5.193972 -20.427208 0.350856 0.882685 -0.312678 0.812864 0.608286 1 39 1.000000
v_pistol_sheet
  39 -23.129362 -5.218246 -20.439220 0.675170 0.293866 -0.676600 0.816822 0.614450 1 39 1.000000
  39 -23.161222 -5.216589 -20.470295 0.675170 0.293866 -0.676600 0.843277 0.615857 1 39 1.000000
  39 -23.171675 -5.192315 -20.458282 0.236054 0.952750 -0.191169 0.838174 0.607909 1 39 1.000000
v_pistol_sheet
  39 -23.164354 -5.432681 -20.478605 0.638548 -0.370584 -0.674481 0.843883 0.668903 1 39 1.000000
  39 -23.161222 -5.216589 -20.470295 0.675170 0.293866 -0.676600 0.843277 0.615857 1 39 1.000000
  39 -23.129362 -5.218246 -20.439220 0.675170 0.293866 -0.676600 0.816822 0.614450 1 39 1.000000
v_pistol_sheet
  39 -23.164354 -5.432681 -20.478605 0.638548 -0.370584 -0.674481 0.843883 0.668903 1 39 1.000000
  39 -23.129362 -5.218246 -20.439220 0.675170 0.293866 -0.676600 0.816822 0.614450 1 39 1.000000
  39 -23.132494 -5.434338 -20.447531 0.638548 -0.370584 -0.674481 0.817292 0.669022 1 39 1.000000
v_pistol_sheet
  39 -23.164354 -5.432681 -20.478605 0.638548 -0.370584 -0.674481 0.843883 0.668903 1 39 1.000000
  39 -23.132494 -5.434338 -20.447531 0.638548 -0.370584 -0.674481 0.817292 0.669022 1 39 1.000000
  39 -23.168882 -5.485302 -20.412937 0.244921 -0.921875 -0.300267 0.804519 0.681780 1 39 1.000000
v_pistol_sheet
  39 -23.164354 -5.432681 -20.478605 0.638548 -0.370584 -0.674481 0.843883 0.668903 1 39 1.000000
  39 -23.168882 -5.485302 -20.412937 0.244921 -0.921875 -0.300267 0.804519 0.681780 1 39 1.000000
  39 -23.200743 -5.483645 -20.444012 0.244921 -0.921875 -0.300267 0.805641 0.698823 1 39 1.000000
v_pistol_sheet
  39 -23.328150 -5.485059 -20.249624 -0.027364 -0.999308 -0.025206 0.746959 0.681213 1 39 1.000000
  39 -23.200743 -5.483645 -20.444012 0.244921 -0.921875 -0.300267 0.805641 0.698823 1 39 1.000000
  39 -23.168882 -5.485302 -20.412937 0.244921 -0.921875 -0.300267 0.804519 0.681780 1 39 1.000000
v_pistol_sheet
  39 -23.328150 -5.485059 -20.249624 -0.027364 -0.999308 -0.025206 0.746959 0.681213 1 39 1.000000
  39 -23.360010 -5.483406 -20.280699 -0.027364 -0.999308 -0.025206 0.747594 0.698092 1 39 1.000000
  39 -23.200743 -5.483645 -20.444012 0.244921 -0.921875 -0.300267 0.805641 0.698823 1 39 1.000000
v_pistol_sheet
  39 -23.429262 -5.090101 -20.787157 -0.244548 -0.628874 -0.738048 0.664991 0.879421 1 39 1.000000
  39 -23.359335 -4.921074 -20.844587 -0.024491 -0.312511 -0.949598 0.667328 0.854404 1 39 1.000000
  39 -23.287645 -4.939018 -20.842907 -0.024491 -0.312511 -0.949598 0.672061 0.850140 1 39 1.000000
v_pistol_sheet
  39 -23.429262 -5.090101 -20.787157 -0.244548 -0.628874 -0.738048 0.664991 0.879421 1 39 1.000000
  39 -23.480803 -5.058990 -20.798443 -0.244548 -0.628874 -0.738048 0.660984 0.880109 1 39 1.000000
  39 -23.359335 -4.921074 -20.844587 -0.024491 -0.312511 -0.949598 0.667328 0.854404 1 39 1.000000
v_pistol_sheet
  39 -24.019934 -5.102120 -20.119734 -0.124913 -0.939700 -0.318373 0.683738 0.982386 1 39 1.000000
  39 -23.480803 -5.058990 -20.798443 -0.244548 -0.628874 -0.738048 0.660984 0.880109 1 39 1.000000
  39 -23.429262 -5.090101 -20.787157 -0.244548 -0.628874 -0.738048 0.664991 0.879421 1 39 1.000000
v_pistol_sheet
  39 -24.019934 -5.102120 -20.119734 -0.124913 -0.939700 -0.318373 0.683738 0.982386 1 39 1.000000
  39 -23.981985 -5.069405 -20.230629 -0.124913 -0.939700 -0.318373 0.677021 0.967612 1 39 1.000000
  39 -23.480803 -5.058990 -20.798443 -0.244548 -0.628874 -0.738048 0.660984 0.880109 1 39 1.000000
v_pistol_sheet
  39 -24.399715 -5.088274 -20.490959 0.457868 -0.866595 0.198420 0.625326 0.983313 1 39 1.000000
  39 -23.981985 -5.069405 -20.230629 -0.124913 -0.939700 -0.318373 0.677021 0.967612 1 39 1.000000
  39 -24.019934 -5.102120 -20.119734 -0.124913 -0.939700 -0.318373 0.683738 0.982386 1 39 1.000000
v_pistol_sheet
  39 -24.399715 -5.088274 -20.490959 0.457868 -0.866595 0.198420 0.625326 0.983313 1 39 1.000000
  39 -24.313488 -5.057554 -20.554646 0.457868 -0.866595 0.198420 0.629463 0.968443 1 39 1.000000
  39 -23.981985 -5.069405 -20.230629 -0.124913 -0.939700 -0.318373 0.677021 0.967612 1 39 1.000000
v_pistol_sheet
  39 -23.782967 -5.076217 -21.151041 0.839091 -0.322831 0.437843 0.609000 0.878762 1 39 1.000000
  39 -24.313488 -5.057554 -20.554646 0.457868 -0.866595 0.198420 0.629463 0.968443 1 39 1.000000
  39 -24.399715 -5.088274 -20.490959 0.457868 -0.866595 0.198420 0.625326 0.983313 1 39 1.000000
v_pistol_sheet
  39 -23.782967 -5.076217 -21.151041 0.839091 -0.322831 0.437843 0.609000 0.878762 1 39 1.000000
  39 -23.789751 -5.047079 -21.115835 0.839091 -0.322831 0.437843 0.615546 0.879587 1 39 1.000000
  39 -24.313488 -5.057554 -20.554646 0.457868 -0.866595 0.198420 0.629463 0.968443 1 39 1.000000
v_pistol_sheet
  39 -23.737299 -4.924780 -21.282930 0.963983 -0.059153 0.259304 0.602824 0.851386 1 39 1.000000
  39 -23.789751 -5.047079 -21.115835 0.839091 -0.322831 0.437843 0.615546 0.879587 1 39 1.000000
  39 -23.782967 -5.076217 -21.151041 0.839091 -0.322831 0.437843 0.609000 0.878762 1 39 1.000000
v_pistol_sheet
  39 -23.737299 -4.924780 -21.282930 0.963983 -0.059153 0.259304 0.602824 0.851386 1 39 1.000000
  39 -23.751831 -4.909014 -21.228649 0.963983 -0.059153 0.259304 0.610320 0.855525 1 39 1.000000
  39 -23.789751 -5.047079 -21.115835 0.839091 -0.322831 0.437843 0.615546 0.879587 1 39 1.000000
v_pistol_sheet
  39 -23.480803 -5.058990 -20.798443 0.705765 -0.512776 0.488832 0.656983 0.882368 1 39 1.000000
  39 -23.392580 -4.990735 -20.877886 0.759422 -0.506879 0.407862 0.657015 0.864719 1 39 1.000000
  39 -23.359335 -4.921074 -20.844587 0.759422 -0.506879 0.407862 0.662087 0.859151 1 39 1.000000
v_pistol_sheet
  39 -23.480803 -5.058990 -20.798443 0.705765 -0.512776 0.488832 0.656983 0.882368 1 39 1.000000
  39 -23.508101 -5.128957 -20.825943 0.705765 -0.512776 0.488832 0.652645 0.887930 1 39 1.000000
  39 -23.392580 -4.990735 -20.877886 0.759422 -0.506879 0.407862 0.657015 0.864719 1 39 1.000000
v_pistol_sheet
  39 -23.981985 -5.069405 -20.230629 0.645424 -0.513817 0.565173 0.669887 0.961403 1 39 1.000000
  39 -23.508101 -5.128957 -20.825943 0.705765 -0.512776 0.488832 0.652645 0.887930 1 39 1.000000
  39 -23.480803 -5.058990 -20.798443 0.705765 -0.512776 0.488832 0.656983 0.882368 1 39 1.000000
v_pistol_sheet
  39 -23.981985 -5.069405 -20.230629 0.645424 -0.513817 0.565173 0.669887 0.961403 1 39 1.000000
  39 -24.013844 -5.139134 -20.262577 0.645424 -0.513817 0.565173 0.664986 0.966970 1 39 1.000000
  39 -23.508101 -5.128957 -20.825943 0.705765 -0.512776 0.488832 0.652645 0.887930 1 39 1.000000
v_pistol_sheet
  23 -26.832321 -4.292401 -24.161377 0.695130 -0.063211 -0.716100 0.163625 0.124115 1 23 1.000000
  23 -25.484169 -4.362504 -22.846519 0.695130 -0.063211 -0.716100 0.196278 0.004302 1 23 1.000000
  23 -26.855991 -4.626105 -24.154900 0.648575 -0.336119 -0.682917 0.172011 0.142220 1 23 1.000000
v_pistol_sheet
  23 -25.507841 -4.696208 -22.840038 0.540464 -0.603430 -0.586320 0.204664 0.022407 1 23 1.000000
  23 -26.855991 -4.626105 -24.154900 0.648575 -0.336119 -0.682917 0.172011 0.142220 1 23 1.000000
  23 -25.484169 -4.362504 -22.846519 0.695130 -0.063211 -0.716100 0.196278 0.004302 1 23 1.000000
v_pistol_sheet
  23 -26.855991 -4.626105 -24.154900 0.648575 -0.336119 -0.682917 0.172011 0.142220 1 23 1.000000
  23 -25.507841 -4.696208 -22.840038 0.540464 -0.603430 -0.586320 0.204664 0.022407 1 23 1.000000
  23 -26.999571 -4.775709 -24.015661 0.271211 -0.905504 -0.326356 0.190858 0.150367 1 23 1.000000
v_pistol_sheet
  23 -25.651421 -4.845809 -22.700802 0.200408 -0.945701 -0.255903 0.223511 0.030554 1 23 1.000000
  23 -26.999571 -4.775709 -24.015661 0.271211 -0.905504 -0.326356 0.190858 0.150367 1 23 1.000000
  23 -25.507841 -4.696208 -22.840038 0.540464 -0.603430 -0.586320 0.204664 0.022407 1 23 1.000000
v_pistol_sheet
  23 -25.980888 -4.853036 -22.363377 -0.300275 -0.918035 0.258932 0.261020 0.031020 1 23 1.000000
  23 -26.999571 -4.775709 -24.015661 0.271211 -0.905504 -0.326356 0.190858 0.150367 1 23 1.000000
  23 -25.651421 -4.845809 -22.700802 0.200408 -0.945701 -0.255903 0.223511 0.030554 1 23 1.000000
v_pistol_sheet
  23 -25.980888 -4.853036 -22.363377 -0.300275 -0.918035 0.258932 0.261020 0.031020 1 23 1.000000
  23 -27.329039 -4.782932 -23.678236 -0.230705 -0.955154 0.185621 0.228367 0.150834 1 23 1.000000
  23 -26.999571 -4.775709 -24.015661 0.271211 -0.905504 -0.326356 0.190858 0.150367 1 23 1.000000
v_pistol_sheet
  23 -27.329039 -4.782932 -23.678236 -0.230705 -0.955154 0.185621 0.228367 0.150834 1 23 1.000000
  23 -25.980888 -4.853036 -22.363377 -0.300275 -0.918035 0.258932 0.261020 0.031020 1 23 1.000000
  23 -27.467947 -4.639524 -23.528164 -0.422967 -0.817891 0.390069 0.241679 0.143087 1 23 1.000000
v_pistol_sheet
  23 -26.119797 -4.709627 -22.213305 -0.422966 -0.817892 0.390068 0.274332 0.023273 1 23 1.000000
  23 -27.467947 -4.639524 -23.528164 -0.422967 -0.817891 0.390069 0.241679 0.143087 1 23 1.000000
  23 -25.980888 -4.853036 -22.363377 -0.300275 -0.918035 0.258932 0.261020 0.031020 1 23 1.000000
v_pistol_sheet
  39 -26.263657 -4.532915 -22.426535 0.192478 0.033196 -0.980739 0.327591 0.926359 1 39 1.000000
  39 -26.301390 -4.886575 -22.445911 0.455864 0.051029 -0.888585 0.326427 0.968861 1 39 1.000000
  39 -26.327827 -4.531430 -22.439077 0.544474 0.039207 -0.837861 0.322147 0.930565 1 39 1.000000
v_pistol_sheet
  39 -26.935698 -4.854518 -23.039534 0.817710 0.025181 -0.575080 0.231343 0.971726 1 39 1.000000
  39 -26.327827 -4.531430 -22.439077 0.544474 0.039207 -0.837861 0.322147 0.930565 1 39 1.000000
  39 -26.301390 -4.886575 -22.445911 0.455864 0.051029 -0.888585 0.326427 0.968861 1 39 1.000000
v_pistol_sheet
  39 -26.327827 -4.531430 -22.439077 0.544474 0.039207 -0.837861 0.322147 0.930565 1 39 1.000000
  39 -26.935698 -4.854518 -23.039534 0.817710 0.025181 -0.575080 0.231343 0.971726 1 39 1.000000
  39 -26.930048 -4.500114 -23.026428 0.917663 0.000066 -0.397360 0.252473 0.930569 1 39 1.000000
v_pistol_sheet
  39 -26.949814 -4.851931 -23.103344 0.994908 -0.019513 0.098879 0.224781 0.967619 1 39 1.000000
  39 -26.930048 -4.500114 -23.026428 0.917663 0.000066 -0.397360 0.252473 0.930569 1 39 1.000000
  39 -26.935698 -4.854518 -23.039534 0.817710 0.025181 -0.575080 0.231343 0.971726 1 39 1.000000
v_pistol_sheet
  39 -26.930048 -4.500114 -23.026428 0.917663 0.000066 -0.397360 0.252473 0.930569 1 39 1.000000
  39 -26.949814 -4.851931 -23.103344 0.994908 -0.019513 0.098879 0.224781 0.967619 1 39 1.000000
  39 -26.944166 -4.497528 -23.090240 0.897615 -0.030565 0.439719 0.245910 0.926462 1 39 1.000000
v_pistol_sheet
  40 -23.094034 0.570930 -20.568516 0.706450 -0.173895 0.686068 0.788465 0.509373 1 40 1.000000
  40 -23.054237 0.914966 -20.522293 0.706450 -0.173895 0.686068 0.801455 0.509518 1 40 1.000000
  40 -23.950476 0.552151 -19.691391 0.706450 -0.173895 0.686068 0.788161 0.585469 1 40 1.000000
v_pistol_sheet
  40 -23.910681 0.896184 -19.645164 0.706450 -0.173895 0.686068 0.801151 0.585613 1 40 1.000000
  40 -23.950476 0.552151 -19.691391 0.706450 -0.173895 0.686068 0.788161 0.585469 1 40 1.000000
  40 -23.054237 0.914966 -20.522293 0.706450 -0.173895 0.686068 0.801455 0.509518 1 40 1.000000
v_pistol_sheet
  23 -25.367159 -3.177094 -21.674698 0.020515 0.998931 0.041420 0.565777 0.090655 1 23 1.000000
  23 -24.968449 -3.168352 -22.083035 0.020515 0.998931 0.041420 0.565777 0.090243 1 23 1.000000
  23 -27.323694 -3.068220 -23.331400 0.020515 0.998931 0.041420 0.283039 0.088971 1 23 1.000000
v_pistol_sheet
  23 -26.674913 -3.053992 -23.995850 0.020516 0.998931 0.041419 0.283039 0.088300 1 23 1.000000
  23 -27.323694 -3.068220 -23.331400 0.020515 0.998931 0.041420 0.283039 0.088971 1 23 1.000000
  23 -24.968449 -3.168352 -22.083035 0.020515 0.998931 0.041420 0.565777 0.090243 1 23 1.000000
v_pistol_sheet
  23 -30.242947 -3.377296 -26.243645 -0.015926 -0.999190 -0.036944 0.275016 0.268125 1 23 1.000000
  23 -29.641968 -3.364118 -26.859137 -0.015926 -0.999190 -0.036944 0.275016 0.267562 1 23 1.000000
  23 -27.133923 -3.538965 -23.211363 -0.020497 -0.999269 -0.032261 0.530091 0.268125 1 23 1.000000
v_pistol_sheet
  23 -26.532749 -3.525796 -23.826698 -0.020497 -0.999269 -0.032261 0.530106 0.267562 1 23 1.000000
  23 -27.133923 -3.538965 -23.211363 -0.020497 -0.999269 -0.032261 0.530091 0.268125 1 23 1.000000
  23 -29.641968 -3.364118 -26.859137 -0.015926 -0.999190 -0.036944 0.275016 0.267562 1 23 1.000000
v_pistol_sheet
  23 -29.951199 -2.782844 -25.751472 0.015953 0.999189 0.036971 0.165195 0.180125 1 23 1.000000
  23 -29.164162 -2.765587 -26.557518 0.015954 0.999189 0.036972 0.251597 0.180125 1 23 1.000000
  23 -30.058867 -2.777238 -25.856480 0.015954 0.999189 0.036972 0.165195 0.171520 1 23 1.000000
v_pistol_sheet
  23 -29.164162 -2.765587 -26.557518 0.015954 0.999189 0.036972 0.251597 0.180125 1 23 1.000000
  23 -29.271828 -2.759980 -26.662525 0.015955 0.999189 0.036973 0.251597 0.171520 1 23 1.000000
  23 -30.058867 -2.777238 -25.856480 0.015954 0.999189 0.036972 0.165195 0.171520 1 23 1.000000
v_pistol_sheet
  23 -25.507841 -4.696208 -22.840038 0.715395 -0.037200 0.697729 0.204664 0.022407 1 23 1.000000
  23 -25.484169 -4.362504 -22.846519 0.715395 -0.037200 0.697729 0.196278 0.004302 1 23 1.000000
  23 -25.651421 -4.845809 -22.700802 0.715395 -0.037200 0.697729 0.223511 0.030554 1 23 1.000000
v_pistol_sheet
  23 -25.651421 -4.845809 -22.700802 0.715395 -0.037200 0.697729 0.223511 0.030554 1 23 1.000000
  23 -25.484169 -4.362504 -22.846519 0.715395 -0.037200 0.697729 0.196278 0.004302 1 23 1.000000
  23 -25.980888 -4.853036 -22.363377 0.715395 -0.037200 0.697729 0.261020 0.031020 1 23 1.000000
v_pistol_sheet
  23 -26.132843 -4.376731 -22.182178 0.715395 -0.037200 0.697729 0.270126 0.005220 1 23 1.000000
  23 -25.980888 -4.853036 -22.363377 0.715395 -0.037200 0.697729 0.261020 0.031020 1 23 1.000000
  23 -25.484169 -4.362504 -22.846519 0.715395 -0.037200 0.697729 0.196278 0.004302 1 23 1.000000
v_pistol_sheet
  23 -25.980888 -4.853036 -22.363377 0.715395 -0.037200 0.697729 0.261020 0.031020 1 23 1.000000
  23 -26.132843 -4.376731 -22.182178 0.715395 -0.037200 0.697729 0.270126 0.005220 1 23 1.000000
  23 -26.119797 -4.709627 -22.213305 0.715395 -0.037200 0.697729 0.274332 0.023273 1 23 1.000000
v_pistol_sheet
  23 -29.951199 -2.782844 -25.751472 0.574876 -0.607344 0.548316 0.036077 0.156480 1 23 1.000000
  23 -30.158377 -3.009587 -25.785408 0.650359 -0.431020 0.625503 0.024745 0.177950 1 23 1.000000
  23 -29.164162 -2.765587 -26.557518 0.574742 -0.607738 0.548020 0.140379 0.155797 1 23 1.000000
v_pistol_sheet
  23 -30.158377 -3.009587 -25.785408 0.650359 -0.431020 0.625503 0.024745 0.177950 1 23 1.000000
  23 -29.214249 -2.989563 -26.753647 0.650501 -0.430972 0.625389 0.149952 0.177198 1 23 1.000000
  23 -29.164162 -2.765587 -26.557518 0.574742 -0.607738 0.548020 0.140379 0.155797 1 23 1.000000
v_pistol_sheet
  23 -29.274000 -3.534126 -26.881388 0.691558 0.242515 0.680392 0.154109 0.228069 1 23 1.000000
  23 -29.214249 -2.989563 -26.753647 0.650501 -0.430972 0.625389 0.149952 0.177198 1 23 1.000000
  23 -30.158377 -3.009587 -25.785408 0.650359 -0.431020 0.625503 0.024745 0.177950 1 23 1.000000
v_pistol_sheet
  23 -29.274000 -3.534126 -26.881388 0.691558 0.242515 0.680392 0.154109 0.228069 1 23 1.000000
  23 -30.158377 -3.009587 -25.785408 0.650359 -0.431020 0.625503 0.024745 0.177950 1 23 1.000000
  23 -30.266018 -3.556270 -25.865435 0.691585 0.241954 0.680564 0.022643 0.228966 1 23 1.000000
v_pistol_sheet
  23 -30.216621 -3.632868 -25.818390 0.526820 0.665324 0.528966 0.022658 0.235818 1 23 1.000000
  23 -29.274000 -3.534126 -26.881388 0.691558 0.242515 0.680392 0.154109 0.228069 1 23 1.000000
  23 -30.266018 -3.556270 -25.865435 0.691585 0.241954 0.680564 0.022643 0.228966 1 23 1.000000
v_pistol_sheet
  23 -29.274000 -3.534126 -26.881388 0.691558 0.242515 0.680392 0.154109 0.228069 1 23 1.000000
  23 -30.216621 -3.632868 -25.818390 0.526820 0.665324 0.528966 0.022658 0.235818 1 23 1.000000
  23 -29.224028 -3.610546 -26.834927 0.526523 0.665738 0.528741 0.154200 0.234905 1 23 1.000000
end
