// Created by Crowbar 0.74
version 1
nodes
  0 "ValveBiped" -1
  1 "ValveBiped.Bip01" 0
  2 "ValveBiped.Bip01_Spine" 1
  3 "ValveBiped.Bip01_Spine1" 2
  4 "ValveBiped.Bip01_Spine2" 3
  5 "ValveBiped.Bip01_Spine4" 4
  6 "ValveBiped.Bip01_L_Clavicle" 5
  7 "ValveBiped.Bip01_L_UpperArm" 6
  8 "ValveBiped.Bip01_L_Forearm" 7
  9 "ValveBiped.Bip01_L_Hand" 8
  10 "ValveBiped.Bip01_L_Finger4" 9
  11 "ValveBiped.Bip01_L_Finger41" 10
  12 "ValveBiped.Bip01_L_Finger42" 11
  13 "ValveBiped.Bip01_L_Finger3" 9
  14 "ValveBiped.Bip01_L_Finger31" 13
  15 "ValveBiped.Bip01_L_Finger32" 14
  16 "ValveBiped.Bip01_L_Finger2" 9
  17 "ValveBiped.Bip01_L_Finger21" 16
  18 "ValveBiped.Bip01_L_Finger22" 17
  19 "ValveBiped.Bip01_L_Finger1" 9
  20 "ValveBiped.Bip01_L_Finger11" 19
  21 "ValveBiped.Bip01_L_Finger12" 20
  22 "ValveBiped.Bip01_L_Finger0" 9
  23 "ValveBiped.Bip01_L_Finger01" 22
  24 "ValveBiped.Bip01_L_Finger02" 23
  25 "ValveBiped.Bip01_R_Clavicle" 5
  26 "ValveBiped.Bip01_R_UpperArm" 25
  27 "ValveBiped.Bip01_R_Forearm" 26
  28 "ValveBiped.Bip01_R_Hand" 27
  29 "ValveBiped.Bip01_R_Finger4" 28
  30 "ValveBiped.Bip01_R_Finger41" 29
  31 "ValveBiped.Bip01_R_Finger42" 30
  32 "ValveBiped.Bip01_R_Finger3" 28
  33 "ValveBiped.Bip01_R_Finger31" 32
  34 "ValveBiped.Bip01_R_Finger32" 33
  35 "ValveBiped.Bip01_R_Finger2" 28
  36 "ValveBiped.Bip01_R_Finger21" 35
  37 "ValveBiped.Bip01_R_Finger22" 36
  38 "ValveBiped.Bip01_R_Finger1" 28
  39 "ValveBiped.Bip01_R_Finger11" 38
  40 "ValveBiped.Bip01_R_Finger12" 39
  41 "ValveBiped.Bip01_R_Finger0" 28
  42 "ValveBiped.Bip01_R_Finger01" 41
  43 "ValveBiped.Bip01_R_Finger02" 42
  44 "ValveBiped.Grenade_body" 28
end
skeleton
  time 0
    0 0.000000 0.000000 -67.998169 1.570796 0.000000 0.000000
    1 -0.000005 38.566917 4.614095 0.000000 0.000000 0.000000
    2 0.000005 3.345127 -2.981901 1.570796 0.086293 1.570796
    3 4.018332 0.000000 0.000000 0.000000 0.000000 -0.029242
    4 3.518566 0.000000 0.000000 0.000000 0.000000 0.100336
    5 8.942640 0.000000 0.000000 0.000000 0.000000 0.194096
    6 2.033348 1.000767 1.937660 1.596637 -1.286515 2.942961
    7 6.028142 0.000003 0.000000 -0.826837 -0.867539 -1.477190
    8 11.692552 -0.000002 0.000000 0.000000 0.000000 -0.570816
    9 11.481671 -0.000001 -0.000032 1.573171 -0.028074 0.044380
    10 3.859704 -0.142405 -1.191971 -0.447828 0.223137 -0.786373
    11 1.312562 -0.000001 -0.000002 0.000000 0.000000 -0.438971
    12 0.729363 -0.000001 0.000002 0.000000 0.000000 -0.243584
    13 3.942326 0.046771 -0.431444 -0.128439 0.111596 -0.567751
    14 1.539093 0.000000 -0.000002 0.000000 0.000000 -0.436065
    15 1.196322 0.000000 0.000000 0.000000 0.000000 -0.704823
    16 3.883688 -0.046771 0.431443 0.085902 0.021830 -0.587867
    17 1.719575 0.000001 0.000001 0.000000 0.005516 -0.366479
    18 1.209183 0.000001 0.000000 0.000000 0.003084 -0.216399
    19 3.859860 -0.137948 1.332467 0.354449 -0.042750 -0.531718
    20 1.719431 0.000001 0.000001 0.000000 0.004074 -0.363009
    21 1.099666 0.000001 -0.000001 0.000000 0.002596 -0.244330
    22 0.806046 -0.348922 1.321259 -1.144013 -0.681442 -0.953514
    23 1.789782 0.000000 -0.000001 0.000000 0.000000 0.228009
    24 1.206998 0.000001 -0.000001 0.000000 0.000000 0.362129
    25 2.033355 1.000771 -1.937610 -1.668474 1.286518 2.942953
    26 6.028142 0.000000 0.000000 2.226146 1.332871 -0.605281
    27 11.692553 0.000001 -0.000001 0.000000 0.000000 -0.650845
    28 11.481698 0.000000 0.000001 -1.344856 -0.542749 0.107777
    29 3.859674 -0.132568 1.193108 0.059671 -0.509815 0.325582
    30 1.312561 -0.000001 0.000002 0.000000 0.000000 -0.527091
    31 0.729364 0.000000 0.000001 0.000000 0.000000 -0.182464
    32 3.942296 0.050328 0.431044 -0.001457 -0.169168 0.386922
    33 1.539096 -0.000001 0.000000 0.000000 0.000000 -0.247837
    34 1.196323 0.000000 -0.000001 0.000000 0.000000 -0.751742
    35 3.883657 -0.050328 -0.431042 -0.079894 0.040056 0.175804
    36 1.719577 0.000001 0.000001 -0.002229 -0.007662 -0.298835
    37 1.209182 0.000001 0.000000 0.000000 -0.004461 -0.471630
    38 3.859828 -0.148935 -1.331282 -0.251601 0.248918 0.128189
    39 1.719424 -0.000001 0.000002 -0.002493 -0.006122 -0.190665
    40 1.099665 0.000000 0.000001 0.000000 -0.004211 -0.597741
    41 0.806017 -0.359833 -1.318333 1.082781 0.367278 -1.444107
    42 1.789781 0.000000 0.000000 0.000000 0.000000 0.265286
    43 1.206998 0.000001 0.000001 0.000000 0.000000 0.310703
    44 3.483999 -2.623363 0.559220 0.000000 0.000000 0.000000
  time 1
    0 0.000000 0.000000 -67.998169 1.570796 0.000000 0.000000
    1 -0.000005 38.566917 4.614095 0.000000 0.000000 0.000000
    2 0.000005 3.345127 -2.981901 1.570796 0.086293 1.570796
    3 4.018332 0.000000 0.000000 0.000000 0.000000 -0.029242
    4 3.518566 0.000000 0.000000 0.000000 0.000000 0.100336
    5 8.942640 0.000000 0.000000 0.000000 0.000000 0.194096
    6 2.033348 1.000767 1.937660 1.596637 -1.286515 2.942961
    7 6.028142 0.000003 0.000000 -0.826215 -0.867933 -1.478048
    8 11.692552 -0.000002 0.000000 0.000000 0.000000 -0.569814
    9 11.481671 -0.000001 -0.000032 1.573171 -0.028074 0.044380
    10 3.859704 -0.142405 -1.191971 -0.447828 0.223137 -0.786373
    11 1.312562 -0.000001 -0.000002 0.000000 0.000000 -0.438971
    12 0.729363 -0.000001 0.000002 0.000000 0.000000 -0.243584
    13 3.942326 0.046771 -0.431444 -0.128427 0.111608 -0.567668
    14 1.539093 0.000000 -0.000002 0.000000 0.000000 -0.436101
    15 1.196322 0.000000 0.000000 0.000000 0.000000 -0.704949
    16 3.883688 -0.046771 0.431443 0.085902 0.021830 -0.587867
    17 1.719575 0.000001 0.000001 0.000000 0.005516 -0.366479
    18 1.209183 0.000001 0.000000 0.000000 0.003084 -0.216399
    19 3.859860 -0.137948 1.332467 0.354449 -0.042750 -0.531718
    20 1.719431 0.000001 0.000001 0.000000 0.004074 -0.363009
    21 1.099666 0.000001 -0.000001 0.000000 0.002596 -0.244330
    22 0.806046 -0.348922 1.321259 -1.144013 -0.681455 -0.953514
    23 1.789782 0.000000 -0.000001 0.000000 0.000000 0.228009
    24 1.206998 0.000001 -0.000001 0.000000 0.000000 0.362129
    25 2.033355 1.000771 -1.937610 -1.668474 1.286518 2.942953
    26 6.028142 0.000000 0.000000 2.224931 1.332652 -0.606481
    27 11.692553 0.000001 -0.000001 0.000000 0.000000 -0.650176
    28 11.481698 0.000000 0.000001 -1.344906 -0.543203 0.107711
    29 3.859674 -0.132568 1.193108 0.059671 -0.509815 0.325582
    30 1.312561 -0.000001 0.000002 0.000000 0.000000 -0.527091
    31 0.729364 0.000000 0.000001 0.000000 0.000000 -0.182464
    32 3.942296 0.050328 0.431044 -0.001457 -0.169168 0.386922
    33 1.539096 -0.000001 0.000000 0.000000 0.000000 -0.247837
    34 1.196323 0.000000 -0.000001 0.000000 0.000000 -0.751742
    35 3.883657 -0.050328 -0.431042 -0.079894 0.040056 0.175804
    36 1.719577 0.000001 0.000001 -0.002229 -0.007662 -0.298835
    37 1.209182 0.000001 0.000000 0.000000 -0.004461 -0.471630
    38 3.859828 -0.148935 -1.331282 -0.251601 0.248918 0.128189
    39 1.719424 -0.000001 0.000002 -0.002493 -0.006122 -0.190665
    40 1.099665 0.000000 0.000001 0.000000 -0.004211 -0.597741
    41 0.806017 -0.359833 -1.318333 1.082781 0.367278 -1.444107
    42 1.789781 0.000000 0.000000 0.000000 0.000000 0.265286
    43 1.206998 0.000001 0.000001 0.000000 0.000000 0.310703
    44 3.483999 -2.623363 0.559220 0.000000 0.000000 0.000000
  time 2
    0 0.000000 0.000000 -67.998169 1.570796 0.000000 0.000000
    1 -0.000005 38.566917 4.614095 0.000000 0.000000 0.000000
    2 0.000005 3.345127 -2.981901 1.570796 0.086293 1.570796
    3 4.018332 0.000000 0.000000 0.000000 0.000000 -0.029242
    4 3.518566 0.000000 0.000000 0.000000 0.000000 0.100336
    5 8.942640 0.000000 0.000000 0.000000 0.000000 0.194096
    6 2.033348 1.000767 1.937660 1.596637 -1.286515 2.942961
    7 6.028142 0.000003 0.000000 -0.825131 -0.868622 -1.479559
    8 11.692552 -0.000002 0.000000 0.000000 0.000000 -0.568009
    9 11.481671 -0.000001 -0.000032 1.573171 -0.028074 0.044380
    10 3.859704 -0.142405 -1.191971 -0.447828 0.223137 -0.786373
    11 1.312562 -0.000001 -0.000002 0.000000 0.000000 -0.438971
    12 0.729363 -0.000001 0.000002 0.000000 0.000000 -0.243584
    13 3.942326 0.046771 -0.431444 -0.128415 0.111620 -0.567564
    14 1.539093 0.000000 -0.000002 0.000000 0.000000 -0.436113
    15 1.196322 0.000000 0.000000 0.000000 0.000000 -0.705024
    16 3.883688 -0.046771 0.431443 0.085902 0.021830 -0.587867
    17 1.719575 0.000001 0.000001 0.000000 0.005516 -0.366479
    18 1.209183 0.000001 0.000000 0.000000 0.003084 -0.216399
    19 3.859860 -0.137948 1.332467 0.354449 -0.042750 -0.531718
    20 1.719431 0.000001 0.000001 0.000000 0.004074 -0.363009
    21 1.099666 0.000001 -0.000001 0.000000 0.002596 -0.244330
    22 0.806046 -0.348922 1.321259 -1.144013 -0.681455 -0.953514
    23 1.789782 0.000000 -0.000001 0.000000 0.000000 0.228009
    24 1.206998 0.000001 -0.000001 0.000000 0.000000 0.362129
    25 2.033355 1.000771 -1.937610 -1.668474 1.286518 2.942953
    26 6.028142 0.000000 0.000000 2.220476 1.331721 -0.611104
    27 11.692553 0.000001 -0.000001 0.000000 0.000000 -0.648917
    28 11.481698 0.000000 0.000001 -1.345007 -0.544141 0.107646
    29 3.859674 -0.132568 1.193108 0.059671 -0.509815 0.325582
    30 1.312561 -0.000001 0.000002 0.000000 0.000000 -0.527091
    31 0.729364 0.000000 0.000001 0.000000 0.000000 -0.182464
    32 3.942296 0.050328 0.431044 -0.001457 -0.169168 0.386922
    33 1.539096 -0.000001 0.000000 0.000000 0.000000 -0.247837
    34 1.196323 0.000000 -0.000001 0.000000 0.000000 -0.751742
    35 3.883657 -0.050328 -0.431042 -0.079894 0.040056 0.175804
    36 1.719577 0.000001 0.000001 -0.002229 -0.007662 -0.298835
    37 1.209182 0.000001 0.000000 0.000000 -0.004461 -0.471630
    38 3.859828 -0.148935 -1.331282 -0.251601 0.248918 0.128189
    39 1.719424 -0.000001 0.000002 -0.002493 -0.006122 -0.190665
    40 1.099665 0.000000 0.000001 0.000000 -0.004211 -0.597741
    41 0.806017 -0.359833 -1.318333 1.082781 0.367278 -1.444107
    42 1.789781 0.000000 0.000000 0.000000 0.000000 0.265286
    43 1.206998 0.000001 0.000001 0.000000 0.000000 0.310703
    44 3.483999 -2.623363 0.559220 0.000000 0.000000 0.000000
  time 3
    0 0.000000 0.000000 -67.998169 1.570796 0.000000 0.000000
    1 -0.000005 38.566917 4.614095 0.000000 0.000000 0.000000
    2 0.000005 3.345127 -2.981901 1.570796 0.086293 1.570796
    3 4.018332 0.000000 0.000000 0.000000 0.000000 -0.029242
    4 3.518566 0.000000 0.000000 0.000000 0.000000 0.100336
    5 8.942640 0.000000 0.000000 0.000000 0.000000 0.194096
    6 2.033348 1.000767 1.937660 1.596637 -1.286515 2.942961
    7 6.028142 0.000003 0.000000 -0.824670 -0.868917 -1.480175
    8 11.692552 -0.000002 0.000000 0.000000 0.000000 -0.567267
    9 11.481671 -0.000001 -0.000032 1.573171 -0.028074 0.044380
    10 3.859704 -0.142405 -1.191971 -0.447828 0.223137 -0.786373
    11 1.312562 -0.000001 -0.000002 0.000000 0.000000 -0.438971
    12 0.729363 -0.000001 0.000002 0.000000 0.000000 -0.243584
    13 3.942326 0.046771 -0.431444 -0.128403 0.111632 -0.567459
    14 1.539093 0.000000 -0.000002 0.000000 0.000000 -0.436113
    15 1.196322 0.000000 0.000000 0.000000 0.000000 -0.705075
    16 3.883688 -0.046771 0.431443 0.085902 0.021830 -0.587867
    17 1.719575 0.000001 0.000001 0.000000 0.005516 -0.366479
    18 1.209183 0.000001 0.000000 0.000000 0.003084 -0.216399
    19 3.859860 -0.137948 1.332467 0.354449 -0.042750 -0.531718
    20 1.719431 0.000001 0.000001 0.000000 0.004074 -0.363009
    21 1.099666 0.000001 -0.000001 0.000000 0.002596 -0.244330
    22 0.806046 -0.348922 1.321259 -1.144013 -0.681455 -0.953514
    23 1.789782 0.000000 -0.000001 0.000000 0.000000 0.228009
    24 1.206998 0.000001 -0.000001 0.000000 0.000000 0.362129
    25 2.033355 1.000771 -1.937610 -1.668474 1.286518 2.942953
    26 6.028142 0.000000 0.000000 2.211530 1.329585 -0.620290
    27 11.692553 0.000001 -0.000001 0.000000 0.000000 -0.648247
    28 11.481698 0.000000 0.000001 -1.345209 -0.545109 0.107876
    29 3.859674 -0.132568 1.193108 0.059671 -0.509815 0.325582
    30 1.312561 -0.000001 0.000002 0.000000 0.000000 -0.527091
    31 0.729364 0.000000 0.000001 0.000000 0.000000 -0.182464
    32 3.942296 0.050328 0.431044 -0.001457 -0.169168 0.386922
    33 1.539096 -0.000001 0.000000 0.000000 0.000000 -0.247837
    34 1.196323 0.000000 -0.000001 0.000000 0.000000 -0.751742
    35 3.883657 -0.050328 -0.431042 -0.079894 0.040056 0.175804
    36 1.719577 0.000001 0.000001 -0.002229 -0.007662 -0.298835
    37 1.209182 0.000001 0.000000 0.000000 -0.004461 -0.471630
    38 3.859828 -0.148935 -1.331282 -0.251601 0.248918 0.128189
    39 1.719424 -0.000001 0.000002 -0.002493 -0.006122 -0.190665
    40 1.099665 0.000000 0.000001 0.000000 -0.004211 -0.597741
    41 0.806017 -0.359833 -1.318333 1.082781 0.367278 -1.444107
    42 1.789781 0.000000 0.000000 0.000000 0.000000 0.265286
    43 1.206998 0.000001 0.000001 0.000000 0.000000 0.310703
    44 3.483999 -2.623363 0.559220 0.000000 0.000000 0.000000
  time 4
    0 0.000000 0.000000 -67.998169 1.570796 0.000000 0.000000
    1 -0.000005 38.566917 4.614095 0.000000 0.000000 0.000000
    2 0.000005 3.345127 -2.981901 1.570796 0.086293 1.570796
    3 4.018332 0.000000 0.000000 0.000000 0.000000 -0.029242
    4 3.518566 0.000000 0.000000 0.000000 0.000000 0.100336
    5 8.942640 0.000000 0.000000 0.000000 0.000000 0.194096
    6 2.033348 1.000767 1.937660 1.596637 -1.286515 2.942961
    7 6.028142 0.000003 0.000000 -0.826007 -0.868059 -1.478338
    8 11.692552 -0.000002 0.000000 0.000000 0.000000 -0.569473
    9 11.481671 -0.000001 -0.000032 1.573171 -0.028074 0.044380
    10 3.859704 -0.142405 -1.191971 -0.447828 0.223137 -0.786373
    11 1.312562 -0.000001 -0.000002 0.000000 0.000000 -0.438971
    12 0.729363 -0.000001 0.000002 0.000000 0.000000 -0.243584
    13 3.942326 0.046771 -0.431444 -0.128403 0.111656 -0.567376
    14 1.539093 0.000000 -0.000002 0.000000 0.000000 -0.436113
    15 1.196322 0.000000 0.000000 0.000000 0.000000 -0.705100
    16 3.883688 -0.046771 0.431443 0.085902 0.021830 -0.587867
    17 1.719575 0.000001 0.000001 0.000000 0.005516 -0.366479
    18 1.209183 0.000001 0.000000 0.000000 0.003084 -0.216399
    19 3.859860 -0.137948 1.332467 0.354449 -0.042750 -0.531718
    20 1.719431 0.000001 0.000001 0.000000 0.004074 -0.363009
    21 1.099666 0.000001 -0.000001 0.000000 0.002596 -0.244330
    22 0.806046 -0.348922 1.321259 -1.144013 -0.681455 -0.953514
    23 1.789782 0.000000 -0.000001 0.000000 0.000000 0.228009
    24 1.206998 0.000001 -0.000001 0.000000 0.000000 0.362129
    25 2.033355 1.000771 -1.937610 -1.668474 1.286518 2.942953
    26 6.028142 0.000000 0.000000 2.197185 1.325751 -0.635059
    27 11.692553 0.000001 -0.000001 0.000000 0.000000 -0.649350
    28 11.481698 0.000000 0.000001 -1.345512 -0.545593 0.108632
    29 3.859674 -0.132568 1.193108 0.059671 -0.509815 0.325582
    30 1.312561 -0.000001 0.000002 0.000000 0.000000 -0.527091
    31 0.729364 0.000000 0.000001 0.000000 0.000000 -0.182464
    32 3.942296 0.050328 0.431044 -0.001457 -0.169168 0.386922
    33 1.539096 -0.000001 0.000000 0.000000 0.000000 -0.247837
    34 1.196323 0.000000 -0.000001 0.000000 0.000000 -0.751742
    35 3.883657 -0.050328 -0.431042 -0.079894 0.040056 0.175804
    36 1.719577 0.000001 0.000001 -0.002229 -0.007662 -0.298835
    37 1.209182 0.000001 0.000000 0.000000 -0.004461 -0.471630
    38 3.859828 -0.148935 -1.331282 -0.251601 0.248918 0.128189
    39 1.719424 -0.000001 0.000002 -0.002493 -0.006122 -0.190665
    40 1.099665 0.000000 0.000001 0.000000 -0.004211 -0.597741
    41 0.806017 -0.359833 -1.318333 1.082781 0.367278 -1.444107
    42 1.789781 0.000000 0.000000 0.000000 0.000000 0.265286
    43 1.206998 0.000001 0.000001 0.000000 0.000000 0.310703
    44 3.483999 -2.623363 0.559220 0.000000 0.000000 0.000000
  time 5
    0 0.000000 0.000000 -67.998169 1.570796 0.000000 0.000000
    1 -0.000005 38.566917 4.614095 0.000000 0.000000 0.000000
    2 0.000005 3.345127 -2.981901 1.570796 0.086293 1.570796
    3 4.018332 0.000000 0.000000 0.000000 0.000000 -0.029242
    4 3.518566 0.000000 0.000000 0.000000 0.000000 0.100336
    5 8.942640 0.000000 0.000000 0.000000 0.000000 0.194096
    6 2.033348 1.000767 1.937660 1.596637 -1.286515 2.942961
    7 6.028142 0.000003 0.000000 -0.830203 -0.865388 -1.472537
    8 11.692552 -0.000002 0.000000 0.000000 0.000000 -0.576370
    9 11.481671 -0.000001 -0.000032 1.573171 -0.028074 0.044380
    10 3.859704 -0.142405 -1.191971 -0.447828 0.223137 -0.786373
    11 1.312562 -0.000001 -0.000002 0.000000 0.000000 -0.438971
    12 0.729363 -0.000001 0.000002 0.000000 0.000000 -0.243584
    13 3.942326 0.046771 -0.431444 -0.128391 0.111668 -0.567272
    14 1.539093 0.000000 -0.000002 0.000000 0.000000 -0.436113
    15 1.196322 0.000000 0.000000 0.000000 0.000000 -0.705125
    16 3.883688 -0.046771 0.431443 0.085902 0.021830 -0.587867
    17 1.719575 0.000001 0.000001 0.000000 0.005516 -0.366479
    18 1.209183 0.000001 0.000000 0.000000 0.003084 -0.216399
    19 3.859860 -0.137948 1.332467 0.354449 -0.042750 -0.531718
    20 1.719431 0.000001 0.000001 0.000000 0.004074 -0.363009
    21 1.099666 0.000001 -0.000001 0.000000 0.002596 -0.244330
    22 0.806046 -0.348922 1.321259 -1.144013 -0.681455 -0.953514
    23 1.789782 0.000000 -0.000001 0.000000 0.000000 0.228009
    24 1.206998 0.000001 -0.000001 0.000000 0.000000 0.362129
    25 2.033355 1.000771 -1.937610 -1.668474 1.286518 2.942953
    26 6.028142 0.000000 0.000000 2.176898 1.319727 -0.655952
    27 11.692553 0.000001 -0.000001 0.000000 0.000000 -0.653246
    28 11.481698 0.000000 0.000001 -1.345967 -0.545109 0.110111
    29 3.859674 -0.132568 1.193108 0.059671 -0.509815 0.325582
    30 1.312561 -0.000001 0.000002 0.000000 0.000000 -0.527091
    31 0.729364 0.000000 0.000001 0.000000 0.000000 -0.182464
    32 3.942296 0.050328 0.431044 -0.001457 -0.169168 0.386922
    33 1.539096 -0.000001 0.000000 0.000000 0.000000 -0.247837
    34 1.196323 0.000000 -0.000001 0.000000 0.000000 -0.751742
    35 3.883657 -0.050328 -0.431042 -0.079894 0.040056 0.175804
    36 1.719577 0.000001 0.000001 -0.002229 -0.007662 -0.298835
    37 1.209182 0.000001 0.000000 0.000000 -0.004461 -0.471630
    38 3.859828 -0.148935 -1.331282 -0.251601 0.248918 0.128189
    39 1.719424 -0.000001 0.000002 -0.002493 -0.006122 -0.190665
    40 1.099665 0.000000 0.000001 0.000000 -0.004211 -0.597741
    41 0.806017 -0.359833 -1.318333 1.082781 0.367278 -1.444107
    42 1.789781 0.000000 0.000000 0.000000 0.000000 0.265286
    43 1.206998 0.000001 0.000001 0.000000 0.000000 0.310703
    44 3.483999 -2.623363 0.559220 0.000000 0.000000 0.000000
  time 6
    0 0.000000 0.000000 -67.998169 1.570796 0.000000 0.000000
    1 -0.000005 38.566917 4.614095 0.000000 0.000000 0.000000
    2 0.000005 3.345127 -2.981901 1.570796 0.086293 1.570796
    3 4.018332 0.000000 0.000000 0.000000 0.000000 -0.029242
    4 3.518566 0.000000 0.000000 0.000000 0.000000 0.100336
    5 8.942640 0.000000 0.000000 0.000000 0.000000 0.194096
    6 2.033348 1.000767 1.937660 1.596637 -1.286515 2.942961
    7 6.028142 0.000003 0.000000 -0.838226 -0.860213 -1.461418
    8 11.692552 -0.000002 0.000000 0.000000 0.000000 -0.589583
    9 11.481671 -0.000001 -0.000032 1.573171 -0.028074 0.044380
    10 3.859704 -0.142405 -1.191971 -0.447828 0.223137 -0.786373
    11 1.312562 -0.000001 -0.000002 0.000000 0.000000 -0.438971
    12 0.729363 -0.000001 0.000002 0.000000 0.000000 -0.243584
    13 3.942326 0.046771 -0.431444 -0.128380 0.111680 -0.567167
    14 1.539093 0.000000 -0.000002 0.000000 0.000000 -0.436113
    15 1.196322 0.000000 0.000000 0.000000 0.000000 -0.705125
    16 3.883688 -0.046771 0.431443 0.085902 0.021830 -0.587867
    17 1.719575 0.000001 0.000001 0.000000 0.005516 -0.366479
    18 1.209183 0.000001 0.000000 0.000000 0.003084 -0.216399
    19 3.859860 -0.137948 1.332467 0.354449 -0.042750 -0.531718
    20 1.719431 0.000001 0.000001 0.000000 0.004074 -0.363009
    21 1.099666 0.000001 -0.000001 0.000000 0.002596 -0.244330
    22 0.806046 -0.348922 1.321259 -1.144013 -0.681455 -0.953514
    23 1.789782 0.000000 -0.000001 0.000000 0.000000 0.228009
    24 1.206998 0.000001 -0.000001 0.000000 0.000000 0.362129
    25 2.033355 1.000771 -1.937610 -1.668474 1.286518 2.942953
    26 6.028142 0.000000 0.000000 2.150603 1.310964 -0.683089
    27 11.692553 0.000001 -0.000001 0.000000 0.000000 -0.661000
    28 11.481698 0.000000 0.000001 -1.346422 -0.543112 0.112609
    29 3.859674 -0.132568 1.193108 0.059671 -0.509815 0.325582
    30 1.312561 -0.000001 0.000002 0.000000 0.000000 -0.527091
    31 0.729364 0.000000 0.000001 0.000000 0.000000 -0.182464
    32 3.942296 0.050328 0.431044 -0.001457 -0.169168 0.386922
    33 1.539096 -0.000001 0.000000 0.000000 0.000000 -0.247837
    34 1.196323 0.000000 -0.000001 0.000000 0.000000 -0.751742
    35 3.883657 -0.050328 -0.431042 -0.079894 0.040056 0.175804
    36 1.719577 0.000001 0.000001 -0.002229 -0.007662 -0.298835
    37 1.209182 0.000001 0.000000 0.000000 -0.004461 -0.471630
    38 3.859828 -0.148935 -1.331282 -0.251601 0.248918 0.128189
    39 1.719424 -0.000001 0.000002 -0.002493 -0.006122 -0.190665
    40 1.099665 0.000000 0.000001 0.000000 -0.004211 -0.597741
    41 0.806017 -0.359833 -1.318333 1.082781 0.367278 -1.444107
    42 1.789781 0.000000 0.000000 0.000000 0.000000 0.265286
    43 1.206998 0.000001 0.000001 0.000000 0.000000 0.310703
    44 3.483999 -2.623363 0.559220 0.000000 0.000000 0.000000
  time 7
    0 0.000000 0.000000 -67.998169 1.570796 0.000000 0.000000
    1 -0.000005 38.566917 4.614095 0.000000 0.000000 0.000000
    2 0.000005 3.345127 -2.981901 1.570796 0.086293 1.570796
    3 4.018332 0.000000 0.000000 0.000000 0.000000 -0.029242
    4 3.518566 0.000000 0.000000 0.000000 0.000000 0.100336
    5 8.942640 0.000000 0.000000 0.000000 0.000000 0.194096
    6 2.033348 1.000767 1.937660 1.596637 -1.286515 2.942961
    7 6.028142 0.000003 0.000000 -0.848922 -0.853126 -1.446480
    8 11.692552 -0.000002 0.000000 0.000000 0.000000 -0.607348
    9 11.481671 -0.000001 -0.000032 1.573171 -0.028074 0.044380
    10 3.859704 -0.142405 -1.191971 -0.447828 0.223137 -0.786373
    11 1.312562 -0.000001 -0.000002 0.000000 0.000000 -0.438971
    12 0.729363 -0.000001 0.000002 0.000000 0.000000 -0.243584
    13 3.942326 0.046771 -0.431444 -0.128368 0.111692 -0.567084
    14 1.539093 0.000000 -0.000002 0.000000 0.000000 -0.436113
    15 1.196322 0.000000 0.000000 0.000000 0.000000 -0.705137
    16 3.883688 -0.046771 0.431443 0.085902 0.021830 -0.587867
    17 1.719575 0.000001 0.000001 0.000000 0.005516 -0.366479
    18 1.209183 0.000001 0.000000 0.000000 0.003084 -0.216399
    19 3.859860 -0.137948 1.332467 0.354449 -0.042750 -0.531718
    20 1.719431 0.000001 0.000001 0.000000 0.004074 -0.363009
    21 1.099666 0.000001 -0.000001 0.000000 0.002596 -0.244330
    22 0.806046 -0.348922 1.321259 -1.144013 -0.681455 -0.953514
    23 1.789782 0.000000 -0.000001 0.000000 0.000000 0.228009
    24 1.206998 0.000001 -0.000001 0.000000 0.000000 0.362129
    25 2.033355 1.000771 -1.937610 -1.668474 1.286518 2.942953
    26 6.028142 0.000000 0.000000 2.122788 1.301708 -0.711847
    27 11.692553 0.000001 -0.000001 0.000000 0.000000 -0.668124
    28 11.481698 0.000000 0.000001 -1.346017 -0.539481 0.113759
    29 3.859674 -0.132568 1.193108 0.059671 -0.509815 0.325582
    30 1.312561 -0.000001 0.000002 0.000000 0.000000 -0.527091
    31 0.729364 0.000000 0.000001 0.000000 0.000000 -0.182464
    32 3.942296 0.050328 0.431044 -0.001457 -0.169168 0.386922
    33 1.539096 -0.000001 0.000000 0.000000 0.000000 -0.247837
    34 1.196323 0.000000 -0.000001 0.000000 0.000000 -0.751742
    35 3.883657 -0.050328 -0.431042 -0.079894 0.040056 0.175804
    36 1.719577 0.000001 0.000001 -0.002229 -0.007662 -0.298835
    37 1.209182 0.000001 0.000000 0.000000 -0.004461 -0.471630
    38 3.859828 -0.148935 -1.331282 -0.251601 0.248918 0.128189
    39 1.719424 -0.000001 0.000002 -0.002493 -0.006122 -0.190665
    40 1.099665 0.000000 0.000001 0.000000 -0.004211 -0.597741
    41 0.806017 -0.359833 -1.318333 1.082781 0.367278 -1.444107
    42 1.789781 0.000000 0.000000 0.000000 0.000000 0.265286
    43 1.206998 0.000001 0.000001 0.000000 0.000000 0.310703
    44 3.483999 -2.623363 0.559220 0.000000 0.000000 0.000000
  time 8
    0 0.000000 0.000000 -67.998169 1.570796 0.000000 0.000000
    1 -0.000005 38.566917 4.614095 0.000000 0.000000 0.000000
    2 0.000005 3.345127 -2.981901 1.570796 0.086293 1.570796
    3 4.018332 0.000000 0.000000 0.000000 0.000000 -0.029242
    4 3.518566 0.000000 0.000000 0.000000 0.000000 0.100336
    5 8.942640 0.000000 0.000000 0.000000 0.000000 0.194096
    6 2.033348 1.000767 1.937660 1.596637 -1.286515 2.942961
    7 6.028142 0.000003 0.000000 -0.861118 -0.844887 -1.429391
    8 11.692552 -0.000002 0.000000 0.000000 0.000000 -0.627678
    9 11.481671 -0.000001 -0.000032 1.573171 -0.028074 0.044380
    10 3.859704 -0.142405 -1.191971 -0.447828 0.223137 -0.786373
    11 1.312562 -0.000001 -0.000002 0.000000 0.000000 -0.438971
    12 0.729363 -0.000001 0.000002 0.000000 0.000000 -0.243584
    13 3.942326 0.046771 -0.431444 -0.128356 0.111704 -0.566980
    14 1.539093 0.000000 -0.000002 0.000000 0.000000 -0.436113
    15 1.196322 0.000000 0.000000 0.000000 0.000000 -0.705137
    16 3.883688 -0.046771 0.431443 0.085902 0.021830 -0.587867
    17 1.719575 0.000001 0.000001 0.000000 0.005516 -0.366479
    18 1.209183 0.000001 0.000000 0.000000 0.003084 -0.216399
    19 3.859860 -0.137948 1.332467 0.354449 -0.042750 -0.531718
    20 1.719431 0.000001 0.000001 0.000000 0.004074 -0.363009
    21 1.099666 0.000001 -0.000001 0.000000 0.002596 -0.244330
    22 0.806046 -0.348922 1.321259 -1.144013 -0.681455 -0.953514
    23 1.789782 0.000000 -0.000001 0.000000 0.000000 0.228009
    24 1.206998 0.000001 -0.000001 0.000000 0.000000 0.362129
    25 2.033355 1.000771 -1.937610 -1.668474 1.286518 2.942953
    26 6.028142 0.000000 0.000000 2.095042 1.292945 -0.740545
    27 11.692553 0.000001 -0.000001 0.000000 0.000000 -0.672650
    28 11.481698 0.000000 0.000001 -1.344553 -0.534669 0.112937
    29 3.859674 -0.132568 1.193108 0.059671 -0.509815 0.325582
    30 1.312561 -0.000001 0.000002 0.000000 0.000000 -0.527091
    31 0.729364 0.000000 0.000001 0.000000 0.000000 -0.182464
    32 3.942296 0.050328 0.431044 -0.001457 -0.169168 0.386922
    33 1.539096 -0.000001 0.000000 0.000000 0.000000 -0.247837
    34 1.196323 0.000000 -0.000001 0.000000 0.000000 -0.751742
    35 3.883657 -0.050328 -0.431042 -0.079894 0.040056 0.175804
    36 1.719577 0.000001 0.000001 -0.002229 -0.007662 -0.298835
    37 1.209182 0.000001 0.000000 0.000000 -0.004461 -0.471630
    38 3.859828 -0.148935 -1.331282 -0.251601 0.248918 0.128189
    39 1.719424 -0.000001 0.000002 -0.002493 -0.006122 -0.190665
    40 1.099665 0.000000 0.000001 0.000000 -0.004211 -0.597741
    41 0.806017 -0.359833 -1.318333 1.082781 0.367278 -1.444107
    42 1.789781 0.000000 0.000000 0.000000 0.000000 0.265286
    43 1.206998 0.000001 0.000001 0.000000 0.000000 0.310703
    44 3.483999 -2.623363 0.559220 0.000000 0.000000 0.000000
  time 9
    0 0.000000 0.000000 -67.998169 1.570796 0.000000 0.000000
    1 -0.000005 38.566917 4.614095 0.000000 0.000000 0.000000
    2 0.000005 3.345127 -2.981901 1.570796 0.086293 1.570796
    3 4.018332 0.000000 0.000000 0.000000 0.000000 -0.029242
    4 3.518566 0.000000 0.000000 0.000000 0.000000 0.100336
    5 8.942640 0.000000 0.000000 0.000000 0.000000 0.194096
    6 2.033348 1.000767 1.937660 1.596637 -1.286515 2.942961
    7 6.028142 0.000003 0.000000 -0.875226 -0.835058 -1.409474
    8 11.692552 -0.000002 0.000000 0.000000 0.000000 -0.651338
    9 11.481671 -0.000001 -0.000032 1.573171 -0.028074 0.044380
    10 3.859704 -0.142405 -1.191971 -0.447828 0.223137 -0.786373
    11 1.312562 -0.000001 -0.000002 0.000000 0.000000 -0.438971
    12 0.729363 -0.000001 0.000002 0.000000 0.000000 -0.243584
    13 3.942326 0.046771 -0.431444 -0.128356 0.111716 -0.566875
    14 1.539093 0.000000 -0.000002 0.000000 0.000000 -0.436113
    15 1.196322 0.000000 0.000000 0.000000 0.000000 -0.705137
    16 3.883688 -0.046771 0.431443 0.085902 0.021830 -0.587867
    17 1.719575 0.000001 0.000001 0.000000 0.005516 -0.366479
    18 1.209183 0.000001 0.000000 0.000000 0.003084 -0.216399
    19 3.859860 -0.137948 1.332467 0.354449 -0.042750 -0.531718
    20 1.719431 0.000001 0.000001 0.000000 0.004074 -0.363009
    21 1.099666 0.000001 -0.000001 0.000000 0.002596 -0.244330
    22 0.806046 -0.348922 1.321259 -1.144013 -0.681455 -0.953514
    23 1.789782 0.000000 -0.000001 0.000000 0.000000 0.228009
    24 1.206998 0.000001 -0.000001 0.000000 0.000000 0.362129
    25 2.033355 1.000771 -1.937610 -1.668474 1.286518 2.942953
    26 6.028142 0.000000 0.000000 2.064932 1.281937 -0.771765
    27 11.692553 0.000001 -0.000001 0.000000 0.000000 -0.679183
    28 11.481698 0.000000 0.000001 -1.343138 -0.528860 0.112872
    29 3.859674 -0.132568 1.193108 0.059671 -0.509815 0.325582
    30 1.312561 -0.000001 0.000002 0.000000 0.000000 -0.527091
    31 0.729364 0.000000 0.000001 0.000000 0.000000 -0.182464
    32 3.942296 0.050328 0.431044 -0.001457 -0.169168 0.386922
    33 1.539096 -0.000001 0.000000 0.000000 0.000000 -0.247837
    34 1.196323 0.000000 -0.000001 0.000000 0.000000 -0.751742
    35 3.883657 -0.050328 -0.431042 -0.079894 0.040056 0.175804
    36 1.719577 0.000001 0.000001 -0.002229 -0.007662 -0.298835
    37 1.209182 0.000001 0.000000 0.000000 -0.004461 -0.471630
    38 3.859828 -0.148935 -1.331282 -0.251601 0.248918 0.128189
    39 1.719424 -0.000001 0.000002 -0.002493 -0.006122 -0.190665
    40 1.099665 0.000000 0.000001 0.000000 -0.004211 -0.597741
    41 0.806017 -0.359833 -1.318333 1.082781 0.367278 -1.444107
    42 1.789781 0.000000 0.000000 0.000000 0.000000 0.265286
    43 1.206998 0.000001 0.000001 0.000000 0.000000 0.310703
    44 3.483999 -2.623363 0.559220 0.000000 0.000000 0.000000
  time 10
    0 0.000000 0.000000 -67.998169 1.570796 0.000000 0.000000
    1 -0.000005 38.566917 4.614095 0.000000 0.000000 0.000000
    2 0.000005 3.345127 -2.981901 1.570796 0.086293 1.570796
    3 4.018332 0.000000 0.000000 0.000000 0.000000 -0.029242
    4 3.518566 0.000000 0.000000 0.000000 0.000000 0.100336
    5 8.942640 0.000000 0.000000 0.000000 0.000000 0.194096
    6 2.033348 1.000767 1.937660 1.596637 -1.286515 2.942961
    7 6.028142 0.000003 0.000000 -0.891571 -0.823260 -1.386196
    8 11.692552 -0.000002 0.000000 0.000000 0.000000 -0.678987
    9 11.481671 -0.000001 -0.000032 1.573171 -0.028074 0.044380
    10 3.859704 -0.142405 -1.191971 -0.447828 0.223137 -0.786361
    11 1.312562 -0.000001 -0.000002 0.000000 0.000000 -0.438971
    12 0.729363 -0.000001 0.000002 0.000000 0.000000 -0.243584
    13 3.942326 0.046771 -0.431444 -0.128344 0.111728 -0.566792
    14 1.539093 0.000000 -0.000002 0.000000 0.000000 -0.436113
    15 1.196322 0.000000 0.000000 0.000000 0.000000 -0.705150
    16 3.883688 -0.046771 0.431443 0.085902 0.021830 -0.587867
    17 1.719575 0.000001 0.000001 0.000000 0.005516 -0.366479
    18 1.209183 0.000001 0.000000 0.000000 0.003084 -0.216399
    19 3.859860 -0.137948 1.332467 0.354449 -0.042750 -0.531718
    20 1.719431 0.000001 0.000001 0.000000 0.004074 -0.363009
    21 1.099666 0.000001 -0.000001 0.000000 0.002596 -0.244330
    22 0.806046 -0.348922 1.321259 -1.144013 -0.681455 -0.953514
    23 1.789782 0.000000 -0.000001 0.000000 0.000000 0.228009
    24 1.206998 0.000001 -0.000001 0.000000 0.000000 0.362129
    25 2.033355 1.000771 -1.937610 -1.668474 1.286518 2.942953
    26 6.028142 0.000000 0.000000 2.031616 1.266054 -0.806407
    27 11.692553 0.000001 -0.000001 0.000000 0.000000 -0.692132
    28 11.481698 0.000000 0.000001 -1.342936 -0.522263 0.116224
    29 3.859674 -0.132568 1.193108 0.059671 -0.509815 0.325582
    30 1.312561 -0.000001 0.000002 0.000000 0.000000 -0.527091
    31 0.729364 0.000000 0.000001 0.000000 0.000000 -0.182464
    32 3.942296 0.050328 0.431044 -0.001457 -0.169168 0.386922
    33 1.539096 -0.000001 0.000000 0.000000 0.000000 -0.247837
    34 1.196323 0.000000 -0.000001 0.000000 0.000000 -0.751742
    35 3.883657 -0.050328 -0.431042 -0.079894 0.040056 0.175804
    36 1.719577 0.000001 0.000001 -0.002229 -0.007662 -0.298835
    37 1.209182 0.000001 0.000000 0.000000 -0.004461 -0.471630
    38 3.859828 -0.148935 -1.331282 -0.251601 0.248918 0.128189
    39 1.719424 -0.000001 0.000002 -0.002493 -0.006122 -0.190665
    40 1.099665 0.000000 0.000001 0.000000 -0.004211 -0.597741
    41 0.806017 -0.359833 -1.318333 1.082781 0.367278 -1.444107
    42 1.789781 0.000000 0.000000 0.000000 0.000000 0.265286
    43 1.206998 0.000001 0.000001 0.000000 0.000000 0.310703
    44 3.483999 -2.623363 0.559220 0.000000 0.000000 0.000000
  time 11
    0 0.000000 0.000000 -67.998169 1.570796 0.000000 0.000000
    1 -0.000005 38.566917 4.614095 0.000000 0.000000 0.000000
    2 0.000005 3.345127 -2.981901 1.570796 0.086293 1.570796
    3 4.018332 0.000000 0.000000 0.000000 0.000000 -0.029242
    4 3.518566 0.000000 0.000000 0.000000 0.000000 0.100336
    5 8.942640 0.000000 0.000000 0.000000 0.000000 0.194096
    6 2.033348 1.000767 1.937660 1.596637 -1.286515 2.942961
    7 6.028142 0.000003 0.000000 -0.910382 -0.809157 -1.359185
    8 11.692552 -0.000002 0.000000 0.000000 0.000000 -0.711027
    9 11.481671 -0.000001 -0.000032 1.573171 -0.028074 0.044380
    10 3.859704 -0.142405 -1.191971 -0.447828 0.223137 -0.786361
    11 1.312562 -0.000001 -0.000002 0.000000 0.000000 -0.438971
    12 0.729363 -0.000001 0.000002 0.000000 0.000000 -0.243584
    13 3.942326 0.046771 -0.431444 -0.128332 0.111740 -0.566688
    14 1.539093 0.000000 -0.000002 0.000000 0.000000 -0.436113
    15 1.196322 0.000000 0.000000 0.000000 0.000000 -0.705150
    16 3.883688 -0.046771 0.431443 0.085902 0.021830 -0.587867
    17 1.719575 0.000001 0.000001 0.000000 0.005516 -0.366479
    18 1.209183 0.000001 0.000000 0.000000 0.003084 -0.216399
    19 3.859860 -0.137948 1.332467 0.354449 -0.042750 -0.531718
    20 1.719431 0.000001 0.000001 0.000000 0.004074 -0.363009
    21 1.099666 0.000001 -0.000001 0.000000 0.002596 -0.244330
    22 0.806046 -0.348922 1.321259 -1.144013 -0.681455 -0.953514
    23 1.789782 0.000000 -0.000001 0.000000 0.000000 0.228009
    24 1.206998 0.000001 -0.000001 0.000000 0.000000 0.362129
    25 2.033355 1.000771 -1.937610 -1.668474 1.286518 2.942953
    26 6.028142 0.000000 0.000000 1.996004 1.242777 -0.843810
    27 11.692553 0.000001 -0.000001 0.000000 0.000000 -0.715236
    28 11.481698 0.000000 0.000001 -1.344906 -0.515152 0.125723
    29 3.859674 -0.132568 1.193108 0.059671 -0.509815 0.325582
    30 1.312561 -0.000001 0.000002 0.000000 0.000000 -0.527091
    31 0.729364 0.000000 0.000001 0.000000 0.000000 -0.182464
    32 3.942296 0.050328 0.431044 -0.001457 -0.169168 0.386922
    33 1.539096 -0.000001 0.000000 0.000000 0.000000 -0.247837
    34 1.196323 0.000000 -0.000001 0.000000 0.000000 -0.751742
    35 3.883657 -0.050328 -0.431042 -0.079894 0.040056 0.175804
    36 1.719577 0.000001 0.000001 -0.002229 -0.007662 -0.298835
    37 1.209182 0.000001 0.000000 0.000000 -0.004461 -0.471630
    38 3.859828 -0.148935 -1.331282 -0.251601 0.248918 0.128189
    39 1.719424 -0.000001 0.000002 -0.002493 -0.006122 -0.190665
    40 1.099665 0.000000 0.000001 0.000000 -0.004211 -0.597741
    41 0.806017 -0.359833 -1.318333 1.082781 0.367278 -1.444107
    42 1.789781 0.000000 0.000000 0.000000 0.000000 0.265286
    43 1.206998 0.000001 0.000001 0.000000 0.000000 0.310703
    44 3.483999 -2.623363 0.559220 0.000000 0.000000 0.000000
  time 12
    0 0.000000 0.000000 -67.998169 1.570796 0.000000 0.000000
    1 -0.000005 38.566917 4.614095 0.000000 0.000000 0.000000
    2 0.000005 3.345127 -2.981901 1.570796 0.086293 1.570796
    3 4.018332 0.000000 0.000000 0.000000 0.000000 -0.029242
    4 3.518566 0.000000 0.000000 0.000000 0.000000 0.100336
    5 8.942640 0.000000 0.000000 0.000000 0.000000 0.194096
    6 2.033348 1.000767 1.937660 1.596637 -1.286515 2.942961
    7 6.028142 0.000003 0.000000 -0.931707 -0.792424 -1.328245
    8 11.692552 -0.000002 0.000000 0.000000 0.000000 -0.747639
    9 11.481671 -0.000001 -0.000032 1.573171 -0.028074 0.044380
    10 3.859704 -0.142405 -1.191971 -0.447828 0.223137 -0.786361
    11 1.312562 -0.000001 -0.000002 0.000000 0.000000 -0.438971
    12 0.729363 -0.000001 0.000002 0.000000 0.000000 -0.243584
    13 3.942326 0.046771 -0.431444 -0.128320 0.111752 -0.566583
    14 1.539093 0.000000 -0.000002 0.000000 0.000000 -0.436113
    15 1.196322 0.000000 0.000000 0.000000 0.000000 -0.705150
    16 3.883688 -0.046771 0.431443 0.085902 0.021830 -0.587867
    17 1.719575 0.000001 0.000001 0.000000 0.005516 -0.366479
    18 1.209183 0.000001 0.000000 0.000000 0.003084 -0.216399
    19 3.859860 -0.137948 1.332467 0.354449 -0.042750 -0.531718
    20 1.719431 0.000001 0.000001 0.000000 0.004074 -0.363009
    21 1.099666 0.000001 -0.000001 0.000000 0.002596 -0.244330
    22 0.806046 -0.348922 1.321259 -1.144013 -0.681455 -0.953514
    23 1.789782 0.000000 -0.000001 0.000000 0.000000 0.228009
    24 1.206998 0.000001 -0.000001 0.000000 0.000000 0.362129
    25 2.033355 1.000771 -1.937610 -1.668474 1.286518 2.942953
    26 6.028142 0.000000 0.000000 1.960561 1.210026 -0.881634
    27 11.692553 0.000001 -0.000001 0.000000 0.000000 -0.751289
    28 11.481698 0.000000 0.000001 -1.350109 -0.507587 0.143899
    29 3.859674 -0.132568 1.193108 0.059671 -0.509815 0.325582
    30 1.312561 -0.000001 0.000002 0.000000 0.000000 -0.527091
    31 0.729364 0.000000 0.000001 0.000000 0.000000 -0.182464
    32 3.942296 0.050328 0.431044 -0.001457 -0.169168 0.386922
    33 1.539096 -0.000001 0.000000 0.000000 0.000000 -0.247837
    34 1.196323 0.000000 -0.000001 0.000000 0.000000 -0.751742
    35 3.883657 -0.050328 -0.431042 -0.079894 0.040056 0.175804
    36 1.719577 0.000001 0.000001 -0.002229 -0.007662 -0.298835
    37 1.209182 0.000001 0.000000 0.000000 -0.004461 -0.471630
    38 3.859828 -0.148935 -1.331282 -0.251601 0.248918 0.128189
    39 1.719424 -0.000001 0.000002 -0.002493 -0.006122 -0.190665
    40 1.099665 0.000000 0.000001 0.000000 -0.004211 -0.597741
    41 0.806017 -0.359833 -1.318333 1.082781 0.367278 -1.444107
    42 1.789781 0.000000 0.000000 0.000000 0.000000 0.265286
    43 1.206998 0.000001 0.000001 0.000000 0.000000 0.310703
    44 3.483999 -2.623363 0.559220 0.000000 0.000000 0.000000
  time 13
    0 0.000000 0.000000 -67.998169 1.570796 0.000000 0.000000
    1 -0.000005 38.566917 4.614095 0.000000 0.000000 0.000000
    2 0.000005 3.345127 -2.981901 1.570796 0.086293 1.570796
    3 4.018332 0.000000 0.000000 0.000000 0.000000 -0.029242
    4 3.518566 0.000000 0.000000 0.000000 0.000000 0.100336
    5 8.942640 0.000000 0.000000 0.000000 0.000000 0.194096
    6 2.033348 1.000767 1.937660 1.596637 -1.286515 2.942961
    7 6.028142 0.000003 0.000000 -0.956051 -0.772303 -1.292483
    8 11.692552 -0.000002 0.000000 0.000000 0.000000 -0.789744
    9 11.481671 -0.000001 -0.000032 1.573171 -0.028074 0.044380
    10 3.859704 -0.142405 -1.191971 -0.447828 0.223137 -0.786361
    11 1.312562 -0.000001 -0.000002 0.000000 0.000000 -0.438971
    12 0.729363 -0.000001 0.000002 0.000000 0.000000 -0.243584
    13 3.942326 0.046771 -0.431444 -0.128308 0.111776 -0.566500
    14 1.539093 0.000000 -0.000002 0.000000 0.000000 -0.436113
    15 1.196322 0.000000 0.000000 0.000000 0.000000 -0.705150
    16 3.883688 -0.046771 0.431443 0.085902 0.021830 -0.587867
    17 1.719575 0.000001 0.000001 0.000000 0.005516 -0.366479
    18 1.209183 0.000001 0.000000 0.000000 0.003084 -0.216399
    19 3.859860 -0.137948 1.332467 0.354449 -0.042750 -0.531718
    20 1.719431 0.000001 0.000001 0.000000 0.004074 -0.363009
    21 1.099666 0.000001 -0.000001 0.000000 0.002596 -0.244330
    22 0.806046 -0.348922 1.321259 -1.144013 -0.681455 -0.953514
    23 1.789782 0.000000 -0.000001 0.000000 0.000000 0.228009
    24 1.206998 0.000001 -0.000001 0.000000 0.000000 0.362129
    25 2.033355 1.000771 -1.937610 -1.668474 1.286518 2.942953
    26 6.028142 0.000000 0.000000 1.928832 1.169662 -0.916335
    27 11.692553 0.000001 -0.000001 0.000000 0.000000 -0.795803
    28 11.481698 0.000000 0.000001 -1.357281 -0.497601 0.169372
    29 3.859674 -0.132568 1.193108 0.059671 -0.509815 0.325582
    30 1.312561 -0.000001 0.000002 0.000000 0.000000 -0.527091
    31 0.729364 0.000000 0.000001 0.000000 0.000000 -0.182464
    32 3.942296 0.050328 0.431044 -0.001457 -0.169168 0.386922
    33 1.539096 -0.000001 0.000000 0.000000 0.000000 -0.247837
    34 1.196323 0.000000 -0.000001 0.000000 0.000000 -0.751742
    35 3.883657 -0.050328 -0.431042 -0.079894 0.040056 0.175804
    36 1.719577 0.000001 0.000001 -0.002229 -0.007662 -0.298835
    37 1.209182 0.000001 0.000000 0.000000 -0.004461 -0.471630
    38 3.859828 -0.148935 -1.331282 -0.251601 0.248918 0.128189
    39 1.719424 -0.000001 0.000002 -0.002493 -0.006122 -0.190665
    40 1.099665 0.000000 0.000001 0.000000 -0.004211 -0.597741
    41 0.806017 -0.359833 -1.318333 1.082781 0.367278 -1.444107
    42 1.789781 0.000000 0.000000 0.000000 0.000000 0.265286
    43 1.206998 0.000001 0.000001 0.000000 0.000000 0.310703
    44 3.483999 -2.623363 0.559220 0.000000 0.000000 0.000000
  time 14
    0 0.000000 0.000000 -67.998169 1.570796 0.000000 0.000000
    1 -0.000005 38.566917 4.614095 0.000000 0.000000 0.000000
    2 0.000005 3.345127 -2.981901 1.570796 0.086293 1.570796
    3 4.018332 0.000000 0.000000 0.000000 0.000000 -0.029242
    4 3.518566 0.000000 0.000000 0.000000 0.000000 0.100336
    5 8.942640 0.000000 0.000000 0.000000 0.000000 0.194096
    6 2.033348 1.000767 1.937660 1.596637 -1.286515 2.942961
    7 6.028142 0.000003 0.000000 -0.982516 -0.749102 -1.253120
    8 11.692552 -0.000002 0.000000 0.000000 0.000000 -0.835840
    9 11.481671 -0.000001 -0.000032 1.573171 -0.028074 0.044380
    10 3.859704 -0.142405 -1.191971 -0.447828 0.223149 -0.786361
    11 1.312562 -0.000001 -0.000002 0.000000 0.000000 -0.438971
    12 0.729363 -0.000001 0.000002 0.000000 0.000000 -0.243584
    13 3.942326 0.046771 -0.431444 -0.128308 0.111788 -0.566396
    14 1.539093 0.000000 -0.000002 0.000000 0.000000 -0.436113
    15 1.196322 0.000000 0.000000 0.000000 0.000000 -0.705150
    16 3.883688 -0.046771 0.431443 0.085902 0.021830 -0.587867
    17 1.719575 0.000001 0.000001 0.000000 0.005516 -0.366479
    18 1.209183 0.000001 0.000000 0.000000 0.003084 -0.216399
    19 3.859860 -0.137948 1.332467 0.354449 -0.042750 -0.531718
    20 1.719431 0.000001 0.000001 0.000000 0.004074 -0.363009
    21 1.099666 0.000001 -0.000001 0.000000 0.002596 -0.244330
    22 0.806046 -0.348922 1.321259 -1.144013 -0.681455 -0.953514
    23 1.789782 0.000000 -0.000001 0.000000 0.000000 0.228009
    24 1.206998 0.000001 -0.000001 0.000000 0.000000 0.362129
    25 2.033355 1.000771 -1.937610 -1.668474 1.286518 2.942953
    26 6.028142 0.000000 0.000000 1.902334 1.124643 -0.946354
    27 11.692553 0.000001 -0.000001 0.000000 0.000000 -0.843309
    28 11.481698 0.000000 0.000001 -1.365060 -0.484559 0.199545
    29 3.859674 -0.132568 1.193108 0.059671 -0.509815 0.325582
    30 1.312561 -0.000001 0.000002 0.000000 0.000000 -0.527091
    31 0.729364 0.000000 0.000001 0.000000 0.000000 -0.182464
    32 3.942296 0.050328 0.431044 -0.001457 -0.169168 0.386922
    33 1.539096 -0.000001 0.000000 0.000000 0.000000 -0.247837
    34 1.196323 0.000000 -0.000001 0.000000 0.000000 -0.751742
    35 3.883657 -0.050328 -0.431042 -0.079894 0.040056 0.175804
    36 1.719577 0.000001 0.000001 -0.002229 -0.007662 -0.298835
    37 1.209182 0.000001 0.000000 0.000000 -0.004461 -0.471630
    38 3.859828 -0.148935 -1.331282 -0.251601 0.248918 0.128189
    39 1.719424 -0.000001 0.000002 -0.002493 -0.006122 -0.190665
    40 1.099665 0.000000 0.000001 0.000000 -0.004211 -0.597741
    41 0.806017 -0.359833 -1.318333 1.082781 0.367278 -1.444107
    42 1.789781 0.000000 0.000000 0.000000 0.000000 0.265286
    43 1.206998 0.000001 0.000001 0.000000 0.000000 0.310703
    44 3.483999 -2.623363 0.559220 0.000000 0.000000 0.000000
  time 15
    0 0.000000 0.000000 -67.998169 1.570796 0.000000 0.000000
    1 -0.000005 38.566917 4.614095 0.000000 0.000000 0.000000
    2 0.000005 3.345127 -2.981901 1.570796 0.086293 1.570796
    3 4.018332 0.000000 0.000000 0.000000 0.000000 -0.029242
    4 3.518566 0.000000 0.000000 0.000000 0.000000 0.100336
    5 8.942640 0.000000 0.000000 0.000000 0.000000 0.194096
    6 2.033348 1.000767 1.937660 1.596637 -1.286515 2.942961
    7 6.028142 0.000003 0.000000 -1.009419 -0.724073 -1.212609
    8 11.692552 -0.000002 0.000000 0.000000 0.000000 -0.882837
    9 11.481671 -0.000001 -0.000032 1.573171 -0.028074 0.044380
    10 3.859704 -0.142405 -1.191971 -0.447828 0.223149 -0.786361
    11 1.312562 -0.000001 -0.000002 0.000000 0.000000 -0.438971
    12 0.729363 -0.000001 0.000002 0.000000 0.000000 -0.243584
    13 3.942326 0.046771 -0.431444 -0.128296 0.111800 -0.566291
    14 1.539093 0.000000 -0.000002 0.000000 0.000000 -0.436113
    15 1.196322 0.000000 0.000000 0.000000 0.000000 -0.705150
    16 3.883688 -0.046771 0.431443 0.085902 0.021830 -0.587867
    17 1.719575 0.000001 0.000001 0.000000 0.005516 -0.366479
    18 1.209183 0.000001 0.000000 0.000000 0.003084 -0.216399
    19 3.859860 -0.137948 1.332467 0.354449 -0.042750 -0.531718
    20 1.719431 0.000001 0.000001 0.000000 0.004074 -0.363009
    21 1.099666 0.000001 -0.000001 0.000000 0.002596 -0.244330
    22 0.806046 -0.348922 1.321259 -1.144013 -0.681455 -0.953514
    23 1.789782 0.000000 -0.000001 0.000000 0.000000 0.228009
    24 1.206998 0.000001 -0.000001 0.000000 0.000000 0.362129
    25 2.033355 1.000771 -1.937610 -1.668474 1.286518 2.942953
    26 6.028142 0.000000 0.000000 1.880933 1.074639 -0.971810
    27 11.692553 0.000001 -0.000001 0.000000 0.000000 -0.894240
    28 11.481698 0.000000 0.000001 -1.373899 -0.470428 0.235239
    29 3.859674 -0.132568 1.193108 0.059671 -0.509815 0.325582
    30 1.312561 -0.000001 0.000002 0.000000 0.000000 -0.527091
    31 0.729364 0.000000 0.000001 0.000000 0.000000 -0.182464
    32 3.942296 0.050328 0.431044 -0.001457 -0.169168 0.386922
    33 1.539096 -0.000001 0.000000 0.000000 0.000000 -0.247837
    34 1.196323 0.000000 -0.000001 0.000000 0.000000 -0.751742
    35 3.883657 -0.050328 -0.431042 -0.079894 0.040056 0.175804
    36 1.719577 0.000001 0.000001 -0.002229 -0.007662 -0.298835
    37 1.209182 0.000001 0.000000 0.000000 -0.004461 -0.471630
    38 3.859828 -0.148935 -1.331282 -0.251601 0.248918 0.128189
    39 1.719424 -0.000001 0.000002 -0.002493 -0.006122 -0.190665
    40 1.099665 0.000000 0.000001 0.000000 -0.004211 -0.597741
    41 0.806017 -0.359833 -1.318333 1.082781 0.367278 -1.444107
    42 1.789781 0.000000 0.000000 0.000000 0.000000 0.265286
    43 1.206998 0.000001 0.000001 0.000000 0.000000 0.310703
    44 3.483999 -2.623363 0.559220 0.000000 0.000000 0.000000
  time 16
    0 0.000000 0.000000 -67.998169 1.570796 0.000000 0.000000
    1 -0.000005 38.566917 4.614095 0.000000 0.000000 0.000000
    2 0.000005 3.345127 -2.981901 1.570796 0.086293 1.570796
    3 4.018332 0.000000 0.000000 0.000000 0.000000 -0.029242
    4 3.518566 0.000000 0.000000 0.000000 0.000000 0.100336
    5 8.942640 0.000000 0.000000 0.000000 0.000000 0.194096
    6 2.033348 1.000767 1.937660 1.596637 -1.286515 2.942961
    7 6.028142 0.000003 0.000000 -1.035446 -0.698312 -1.172907
    8 11.692552 -0.000002 0.000000 0.000000 0.000000 -0.928371
    9 11.481671 -0.000001 -0.000032 1.573171 -0.028074 0.044380
    10 3.859704 -0.142405 -1.191971 -0.447828 0.223149 -0.786361
    11 1.312562 -0.000001 -0.000002 0.000000 0.000000 -0.438971
    12 0.729363 -0.000001 0.000002 0.000000 0.000000 -0.243584
    13 3.942326 0.046771 -0.431444 -0.128284 0.111812 -0.566208
    14 1.539093 0.000000 -0.000002 0.000000 0.000000 -0.436113
    15 1.196322 0.000000 0.000000 0.000000 0.000000 -0.705150
    16 3.883688 -0.046771 0.431443 0.085902 0.021830 -0.587867
    17 1.719575 0.000001 0.000001 0.000000 0.005516 -0.366479
    18 1.209183 0.000001 0.000000 0.000000 0.003084 -0.216399
    19 3.859860 -0.137948 1.332467 0.354449 -0.042750 -0.531718
    20 1.719431 0.000001 0.000001 0.000000 0.004074 -0.363009
    21 1.099666 0.000001 -0.000001 0.000000 0.002596 -0.244330
    22 0.806046 -0.348922 1.321259 -1.144013 -0.681455 -0.953514
    23 1.789782 0.000000 -0.000001 0.000000 0.000000 0.228009
    24 1.206998 0.000001 -0.000001 0.000000 0.000000 0.362129
    25 2.033355 1.000771 -1.937610 -1.668474 1.286518 2.942953
    26 6.028142 0.000000 0.000000 1.864528 1.019433 -0.993183
    27 11.692553 0.000001 -0.000001 0.000000 0.000000 -0.948751
    28 11.481698 0.000000 0.000001 -1.384557 -0.457114 0.277474
    29 3.859674 -0.132568 1.193108 0.059671 -0.509815 0.325582
    30 1.312561 -0.000001 0.000002 0.000000 0.000000 -0.527091
    31 0.729364 0.000000 0.000001 0.000000 0.000000 -0.182464
    32 3.942296 0.050328 0.431044 -0.001457 -0.169168 0.386922
    33 1.539096 -0.000001 0.000000 0.000000 0.000000 -0.247837
    34 1.196323 0.000000 -0.000001 0.000000 0.000000 -0.751742
    35 3.883657 -0.050328 -0.431042 -0.079894 0.040056 0.175804
    36 1.719577 0.000001 0.000001 -0.002229 -0.007662 -0.298835
    37 1.209182 0.000001 0.000000 0.000000 -0.004461 -0.471630
    38 3.859828 -0.148935 -1.331282 -0.251601 0.248918 0.128189
    39 1.719424 -0.000001 0.000002 -0.002493 -0.006122 -0.190665
    40 1.099665 0.000000 0.000001 0.000000 -0.004211 -0.597741
    41 0.806017 -0.359833 -1.318333 1.082781 0.367278 -1.444107
    42 1.789781 0.000000 0.000000 0.000000 0.000000 0.265286
    43 1.206998 0.000001 0.000001 0.000000 0.000000 0.310703
    44 3.483999 -2.623363 0.559220 0.000000 0.000000 0.000000
  time 17
    0 0.000000 0.000000 -67.998169 1.570796 0.000000 0.000000
    1 -0.000005 38.566917 4.614095 0.000000 0.000000 0.000000
    2 0.000005 3.345127 -2.981901 1.570796 0.086293 1.570796
    3 4.018332 0.000000 0.000000 0.000000 0.000000 -0.029242
    4 3.518566 0.000000 0.000000 0.000000 0.000000 0.100336
    5 8.942640 0.000000 0.000000 0.000000 0.000000 0.194096
    6 2.033348 1.000767 1.937660 1.596637 -1.286515 2.942961
    7 6.028142 0.000003 0.000000 -1.059722 -0.672848 -1.135477
    8 11.692552 -0.000002 0.000000 0.000000 0.000000 -0.970697
    9 11.481671 -0.000001 -0.000032 1.573171 -0.028074 0.044380
    10 3.859704 -0.142405 -1.191971 -0.447828 0.223149 -0.786361
    11 1.312562 -0.000001 -0.000002 0.000000 0.000000 -0.438971
    12 0.729363 -0.000001 0.000002 0.000000 0.000000 -0.243584
    13 3.942326 0.046771 -0.431444 -0.128272 0.111824 -0.566104
    14 1.539093 0.000000 -0.000002 0.000000 0.000000 -0.436113
    15 1.196322 0.000000 0.000000 0.000000 0.000000 -0.705150
    16 3.883688 -0.046771 0.431443 0.085902 0.021830 -0.587867
    17 1.719575 0.000001 0.000001 0.000000 0.005516 -0.366479
    18 1.209183 0.000001 0.000000 0.000000 0.003084 -0.216399
    19 3.859860 -0.137948 1.332467 0.354449 -0.042750 -0.531718
    20 1.719431 0.000001 0.000001 0.000000 0.004074 -0.363009
    21 1.099666 0.000001 -0.000001 0.000000 0.002596 -0.244330
    22 0.806046 -0.348922 1.321259 -1.144013 -0.681455 -0.953514
    23 1.789782 0.000000 -0.000001 0.000000 0.000000 0.228009
    24 1.206998 0.000001 -0.000001 0.000000 0.000000 0.362129
    25 2.033355 1.000771 -1.937610 -1.668474 1.286518 2.942953
    26 6.028142 0.000000 0.000000 1.852984 0.958859 -1.010894
    27 11.692553 0.000001 -0.000001 0.000000 0.000000 -1.006845
    28 11.481698 0.000000 0.000001 -1.398043 -0.446311 0.327269
    29 3.859674 -0.132568 1.193108 0.059671 -0.509815 0.325582
    30 1.312561 -0.000001 0.000002 0.000000 0.000000 -0.527091
    31 0.729364 0.000000 0.000001 0.000000 0.000000 -0.182464
    32 3.942296 0.050328 0.431044 -0.001457 -0.169168 0.386922
    33 1.539096 -0.000001 0.000000 0.000000 0.000000 -0.247837
    34 1.196323 0.000000 -0.000001 0.000000 0.000000 -0.751742
    35 3.883657 -0.050328 -0.431042 -0.079894 0.040056 0.175804
    36 1.719577 0.000001 0.000001 -0.002229 -0.007662 -0.298835
    37 1.209182 0.000001 0.000000 0.000000 -0.004461 -0.471630
    38 3.859828 -0.148935 -1.331282 -0.251601 0.248918 0.128189
    39 1.719424 -0.000001 0.000002 -0.002493 -0.006122 -0.190665
    40 1.099665 0.000000 0.000001 0.000000 -0.004211 -0.597741
    41 0.806017 -0.359833 -1.318333 1.082781 0.367278 -1.444107
    42 1.789781 0.000000 0.000000 0.000000 0.000000 0.265286
    43 1.206998 0.000001 0.000001 0.000000 0.000000 0.310703
    44 3.483999 -2.623363 0.559220 0.000000 0.000000 0.000000
  time 18
    0 0.000000 0.000000 -67.998169 1.570796 0.000000 0.000000
    1 -0.000005 38.566917 4.614095 0.000000 0.000000 0.000000
    2 0.000005 3.345127 -2.981901 1.570796 0.086293 1.570796
    3 4.018332 0.000000 0.000000 0.000000 0.000000 -0.029242
    4 3.518566 0.000000 0.000000 0.000000 0.000000 0.100336
    5 8.942640 0.000000 0.000000 0.000000 0.000000 0.194096
    6 2.033348 1.000767 1.937660 1.596637 -1.286515 2.942961
    7 6.028142 0.000003 0.000000 -1.081553 -0.648676 -1.101480
    8 11.692552 -0.000002 0.000000 0.000000 0.000000 -1.008552
    9 11.481671 -0.000001 -0.000032 1.573171 -0.028074 0.044380
    10 3.859704 -0.142405 -1.191971 -0.447816 0.223149 -0.786361
    11 1.312562 -0.000001 -0.000002 0.000000 0.000000 -0.438971
    12 0.729363 -0.000001 0.000002 0.000000 0.000000 -0.243584
    13 3.942326 0.046771 -0.431444 -0.128260 0.111836 -0.565999
    14 1.539093 0.000000 -0.000002 0.000000 0.000000 -0.436113
    15 1.196322 0.000000 0.000000 0.000000 0.000000 -0.705150
    16 3.883688 -0.046771 0.431443 0.085902 0.021830 -0.587867
    17 1.719575 0.000001 0.000001 0.000000 0.005516 -0.366479
    18 1.209183 0.000001 0.000000 0.000000 0.003084 -0.216399
    19 3.859860 -0.137948 1.332467 0.354449 -0.042750 -0.531718
    20 1.719431 0.000001 0.000001 0.000000 0.004074 -0.363009
    21 1.099666 0.000001 -0.000001 0.000000 0.002596 -0.244330
    22 0.806046 -0.348922 1.321259 -1.144013 -0.681455 -0.953514
    23 1.789782 0.000000 -0.000001 0.000000 0.000000 0.228009
    24 1.206998 0.000001 -0.000001 0.000000 0.000000 0.362129
    25 2.033355 1.000771 -1.937610 -1.668474 1.286518 2.942953
    26 6.028142 0.000000 0.000000 1.846132 0.892699 -1.025423
    27 11.692553 0.000001 -0.000001 0.000000 0.000000 -1.068323
    28 11.481698 0.000000 0.000001 -1.415924 -0.439472 0.385906
    29 3.859674 -0.132568 1.193108 0.059671 -0.509815 0.325617
    30 1.312561 -0.000001 0.000002 0.000000 0.000000 -0.527091
    31 0.729364 0.000000 0.000001 0.000000 0.000000 -0.182464
    32 3.942296 0.050328 0.431044 -0.001457 -0.169168 0.386922
    33 1.539096 -0.000001 0.000000 0.000000 0.000000 -0.247837
    34 1.196323 0.000000 -0.000001 0.000000 0.000000 -0.751742
    35 3.883657 -0.050328 -0.431042 -0.079894 0.040056 0.175804
    36 1.719577 0.000001 0.000001 -0.002229 -0.007662 -0.298835
    37 1.209182 0.000001 0.000000 0.000000 -0.004461 -0.471630
    38 3.859828 -0.148935 -1.331282 -0.251601 0.248918 0.128189
    39 1.719424 -0.000001 0.000002 -0.002493 -0.006122 -0.190665
    40 1.099665 0.000000 0.000001 0.000000 -0.004211 -0.597741
    41 0.806017 -0.359833 -1.318333 1.082781 0.367278 -1.444107
    42 1.789781 0.000000 0.000000 0.000000 0.000000 0.265286
    43 1.206998 0.000001 0.000001 0.000000 0.000000 0.310703
    44 3.483999 -2.623363 0.559220 0.000000 0.000000 0.000000
  time 19
    0 0.000000 0.000000 -67.998169 1.570796 0.000000 0.000000
    1 -0.000005 38.566917 4.614095 0.000000 0.000000 0.000000
    2 0.000005 3.345127 -2.981901 1.570796 0.086293 1.570796
    3 4.018332 0.000000 0.000000 0.000000 0.000000 -0.029242
    4 3.518566 0.000000 0.000000 0.000000 0.000000 0.100336
    5 8.942640 0.000000 0.000000 0.000000 0.000000 0.194096
    6 2.033348 1.000767 1.937660 1.596637 -1.286515 2.942961
    7 6.028142 0.000003 0.000000 -1.102462 -0.624350 -1.068679
    8 11.692552 -0.000002 0.000000 0.000000 0.000000 -1.044442
    9 11.481671 -0.000001 -0.000032 1.573171 -0.028074 0.044380
    10 3.859704 -0.142405 -1.191971 -0.447816 0.223149 -0.786361
    11 1.312562 -0.000001 -0.000002 0.000000 0.000000 -0.438971
    12 0.729363 -0.000001 0.000002 0.000000 0.000000 -0.243584
    13 3.942326 0.046771 -0.431444 -0.128260 0.111848 -0.565916
    14 1.539093 0.000000 -0.000002 0.000000 0.000000 -0.436113
    15 1.196322 0.000000 0.000000 0.000000 0.000000 -0.705150
    16 3.883688 -0.046771 0.431443 0.085902 0.021830 -0.587867
    17 1.719575 0.000001 0.000001 0.000000 0.005516 -0.366479
    18 1.209183 0.000001 0.000000 0.000000 0.003084 -0.216399
    19 3.859860 -0.137948 1.332467 0.354449 -0.042750 -0.531718
    20 1.719431 0.000001 0.000001 0.000000 0.004074 -0.363009
    21 1.099666 0.000001 -0.000001 0.000000 0.002596 -0.244330
    22 0.806046 -0.348922 1.321259 -1.144013 -0.681455 -0.953514
    23 1.789782 0.000000 -0.000001 0.000000 0.000000 0.228009
    24 1.206998 0.000001 -0.000001 0.000000 0.000000 0.362129
    25 2.033355 1.000771 -1.937610 -1.668474 1.286518 2.942953
    26 6.028142 0.000000 0.000000 1.844579 0.818215 -1.037131
    27 11.692553 0.000001 -0.000001 0.000000 0.000000 -1.134249
    28 11.481698 0.000000 0.000001 -1.442038 -0.436083 0.460187
    29 3.859674 -0.132568 1.193108 0.059671 -0.509815 0.325617
    30 1.312561 -0.000001 0.000002 0.000000 0.000000 -0.527091
    31 0.729364 0.000000 0.000001 0.000000 0.000000 -0.182464
    32 3.942296 0.050328 0.431044 -0.001457 -0.169168 0.386922
    33 1.539096 -0.000001 0.000000 0.000000 0.000000 -0.247837
    34 1.196323 0.000000 -0.000001 0.000000 0.000000 -0.751742
    35 3.883657 -0.050328 -0.431042 -0.079894 0.040056 0.175804
    36 1.719577 0.000001 0.000001 -0.002229 -0.007662 -0.298835
    37 1.209182 0.000001 0.000000 0.000000 -0.004461 -0.471630
    38 3.859828 -0.148935 -1.331282 -0.251601 0.248918 0.128189
    39 1.719424 -0.000001 0.000002 -0.002493 -0.006122 -0.190665
    40 1.099665 0.000000 0.000001 0.000000 -0.004211 -0.597741
    41 0.806017 -0.359833 -1.318333 1.082781 0.367278 -1.444107
    42 1.789781 0.000000 0.000000 0.000000 0.000000 0.265286
    43 1.206998 0.000001 0.000001 0.000000 0.000000 0.310703
    44 3.483999 -2.623363 0.559220 0.000000 0.000000 0.000000
  time 20
    0 0.000000 0.000000 -67.998169 1.570796 0.000000 0.000000
    1 -0.000005 38.566917 4.614095 0.000000 0.000000 0.000000
    2 0.000005 3.345127 -2.981901 1.570796 0.086293 1.570796
    3 4.018332 0.000000 0.000000 0.000000 0.000000 -0.029242
    4 3.518566 0.000000 0.000000 0.000000 0.000000 0.100336
    5 8.942640 0.000000 0.000000 0.000000 0.000000 0.194096
    6 2.033348 1.000767 1.937660 1.596637 -1.286515 2.942961
    7 6.028142 0.000003 0.000000 -1.123441 -0.598731 -1.035564
    8 11.692552 -0.000002 0.000000 0.000000 0.000000 -1.079931
    9 11.481671 -0.000001 -0.000032 1.573171 -0.028074 0.044380
    10 3.859704 -0.142405 -1.191971 -0.447816 0.223149 -0.786361
    11 1.312562 -0.000001 -0.000002 0.000000 0.000000 -0.438971
    12 0.729363 -0.000001 0.000002 0.000000 0.000000 -0.243584
    13 3.942326 0.046771 -0.431444 -0.128248 0.111860 -0.565812
    14 1.539093 0.000000 -0.000002 0.000000 0.000000 -0.436113
    15 1.196322 0.000000 0.000000 0.000000 0.000000 -0.705150
    16 3.883688 -0.046771 0.431443 0.085902 0.021830 -0.587867
    17 1.719575 0.000001 0.000001 0.000000 0.005516 -0.366479
    18 1.209183 0.000001 0.000000 0.000000 0.003084 -0.216399
    19 3.859860 -0.137948 1.332467 0.354449 -0.042750 -0.531718
    20 1.719431 0.000001 0.000001 0.000000 0.004074 -0.363009
    21 1.099666 0.000001 -0.000001 0.000000 0.002596 -0.244330
    22 0.806046 -0.348922 1.321259 -1.144013 -0.681455 -0.953514
    23 1.789782 0.000000 -0.000001 0.000000 0.000000 0.228009
    24 1.206998 0.000001 -0.000001 0.000000 0.000000 0.362129
    25 2.033355 1.000771 -1.937610 -1.668474 1.286518 2.942953
    26 6.028142 0.000000 0.000000 1.848427 0.736008 -1.046857
    27 11.692553 0.000001 -0.000001 0.000000 0.000000 -1.201159
    28 11.481698 0.000000 0.000001 -1.476890 -0.432633 0.550607
    29 3.859674 -0.132568 1.193108 0.059671 -0.509815 0.325617
    30 1.312561 -0.000001 0.000002 0.000000 0.000000 -0.527091
    31 0.729364 0.000000 0.000001 0.000000 0.000000 -0.182464
    32 3.942296 0.050328 0.431044 -0.001457 -0.169168 0.386922
    33 1.539096 -0.000001 0.000000 0.000000 0.000000 -0.247837
    34 1.196323 0.000000 -0.000001 0.000000 0.000000 -0.751742
    35 3.883657 -0.050328 -0.431042 -0.079894 0.040056 0.175804
    36 1.719577 0.000001 0.000001 -0.002229 -0.007662 -0.298835
    37 1.209182 0.000001 0.000000 0.000000 -0.004461 -0.471630
    38 3.859828 -0.148935 -1.331282 -0.251601 0.248918 0.128189
    39 1.719424 -0.000001 0.000002 -0.002493 -0.006122 -0.190665
    40 1.099665 0.000000 0.000001 0.000000 -0.004211 -0.597741
    41 0.806017 -0.359833 -1.318333 1.082781 0.367278 -1.444107
    42 1.789781 0.000000 0.000000 0.000000 0.000000 0.265286
    43 1.206998 0.000001 0.000001 0.000000 0.000000 0.310703
    44 3.483999 -2.623363 0.559220 0.000000 0.000000 0.000000
  time 21
    0 0.000000 0.000000 -67.998169 1.570796 0.000000 0.000000
    1 -0.000005 38.566917 4.614095 0.000000 0.000000 0.000000
    2 0.000005 3.345127 -2.981901 1.570796 0.086293 1.570796
    3 4.018332 0.000000 0.000000 0.000000 0.000000 -0.029242
    4 3.518566 0.000000 0.000000 0.000000 0.000000 0.100336
    5 8.942640 0.000000 0.000000 0.000000 0.000000 0.194096
    6 2.033348 1.000767 1.937660 1.596637 -1.286515 2.942961
    7 6.028142 0.000003 0.000000 -1.143359 -0.573238 -1.003936
    8 11.692552 -0.000002 0.000000 0.000000 0.000000 -1.113034
    9 11.481671 -0.000001 -0.000032 1.573171 -0.028074 0.044380
    10 3.859704 -0.142405 -1.191971 -0.447816 0.223149 -0.786361
    11 1.312562 -0.000001 -0.000002 0.000000 0.000000 -0.438971
    12 0.729363 -0.000001 0.000002 0.000000 0.000000 -0.243584
    13 3.942326 0.046771 -0.431444 -0.128236 0.111872 -0.565707
    14 1.539093 0.000000 -0.000002 0.000000 0.000000 -0.436113
    15 1.196322 0.000000 0.000000 0.000000 0.000000 -0.705150
    16 3.883688 -0.046771 0.431443 0.085902 0.021830 -0.587867
    17 1.719575 0.000001 0.000001 0.000000 0.005516 -0.366479
    18 1.209183 0.000001 0.000000 0.000000 0.003084 -0.216399
    19 3.859860 -0.137948 1.332467 0.354449 -0.042750 -0.531718
    20 1.719431 0.000001 0.000001 0.000000 0.004074 -0.363009
    21 1.099666 0.000001 -0.000001 0.000000 0.002596 -0.244330
    22 0.806046 -0.348922 1.321259 -1.144013 -0.681455 -0.953514
    23 1.789782 0.000000 -0.000001 0.000000 0.000000 0.228009
    24 1.206998 0.000001 -0.000001 0.000000 0.000000 0.362129
    25 2.033355 1.000771 -1.937610 -1.668474 1.286518 2.942953
    26 6.028142 0.000000 0.000000 1.856596 0.650843 -1.055742
    27 11.692553 0.000001 -0.000001 0.000000 0.000000 -1.263306
    28 11.481698 0.000000 0.000001 -1.516996 -0.426582 0.648718
    29 3.859674 -0.132568 1.193108 0.059671 -0.509815 0.325617
    30 1.312561 -0.000001 0.000002 0.000000 0.000000 -0.527091
    31 0.729364 0.000000 0.000001 0.000000 0.000000 -0.182464
    32 3.942296 0.050328 0.431044 -0.001457 -0.169168 0.386922
    33 1.539096 -0.000001 0.000000 0.000000 0.000000 -0.247837
    34 1.196323 0.000000 -0.000001 0.000000 0.000000 -0.751742
    35 3.883657 -0.050328 -0.431042 -0.079894 0.040056 0.175804
    36 1.719577 0.000001 0.000001 -0.002229 -0.007662 -0.298835
    37 1.209182 0.000001 0.000000 0.000000 -0.004461 -0.471630
    38 3.859828 -0.148935 -1.331282 -0.251601 0.248918 0.128189
    39 1.719424 -0.000001 0.000002 -0.002493 -0.006122 -0.190665
    40 1.099665 0.000000 0.000001 0.000000 -0.004211 -0.597741
    41 0.806017 -0.359833 -1.318333 1.082781 0.367278 -1.444107
    42 1.789781 0.000000 0.000000 0.000000 0.000000 0.265286
    43 1.206998 0.000001 0.000001 0.000000 0.000000 0.310703
    44 3.483999 -2.623363 0.559220 0.000000 0.000000 0.000000
  time 22
    0 0.000000 0.000000 -67.998169 1.570796 0.000000 0.000000
    1 -0.000005 38.566917 4.614095 0.000000 0.000000 0.000000
    2 0.000005 3.345127 -2.981901 1.570796 0.086293 1.570796
    3 4.018332 0.000000 0.000000 0.000000 0.000000 -0.029242
    4 3.518566 0.000000 0.000000 0.000000 0.000000 0.100336
    5 8.942640 0.000000 0.000000 0.000000 0.000000 0.194096
    6 2.033348 1.000767 1.937660 1.596637 -1.286515 2.942961
    7 6.028142 0.000003 0.000000 -1.161340 -0.549221 -0.975305
    8 11.692552 -0.000002 0.000000 0.000000 0.000000 -1.142227
    9 11.481671 -0.000001 -0.000032 1.573171 -0.028074 0.044380
    10 3.859704 -0.142405 -1.191971 -0.447816 0.223149 -0.786361
    11 1.312562 -0.000001 -0.000002 0.000000 0.000000 -0.438971
    12 0.729363 -0.000001 0.000002 0.000000 0.000000 -0.243584
    13 3.942326 0.046771 -0.431444 -0.128224 0.111896 -0.565603
    14 1.539093 0.000000 -0.000002 0.000000 0.000000 -0.436113
    15 1.196322 0.000000 0.000000 0.000000 0.000000 -0.705150
    16 3.883688 -0.046771 0.431443 0.085902 0.021830 -0.587867
    17 1.719575 0.000001 0.000001 0.000000 0.005516 -0.366479
    18 1.209183 0.000001 0.000000 0.000000 0.003084 -0.216399
    19 3.859860 -0.137948 1.332467 0.354449 -0.042750 -0.531718
    20 1.719431 0.000001 0.000001 0.000000 0.004074 -0.363009
    21 1.099666 0.000001 -0.000001 0.000000 0.002596 -0.244330
    22 0.806046 -0.348922 1.321259 -1.144013 -0.681455 -0.953514
    23 1.789782 0.000000 -0.000001 0.000000 0.000000 0.228009
    24 1.206998 0.000001 -0.000001 0.000000 0.000000 0.362129
    25 2.033355 1.000771 -1.937610 -1.668474 1.286518 2.942953
    26 6.028142 0.000000 0.000000 1.867904 0.566719 -1.064688
    27 11.692553 0.000001 -0.000001 0.000000 0.000000 -1.317070
    28 11.481698 0.000000 0.000001 -1.558313 -0.416747 0.745908
    29 3.859674 -0.132568 1.193108 0.059671 -0.509815 0.325617
    30 1.312561 -0.000001 0.000002 0.000000 0.000000 -0.527091
    31 0.729364 0.000000 0.000001 0.000000 0.000000 -0.182464
    32 3.942296 0.050328 0.431044 -0.001457 -0.169168 0.386922
    33 1.539096 -0.000001 0.000000 0.000000 0.000000 -0.247837
    34 1.196323 0.000000 -0.000001 0.000000 0.000000 -0.751742
    35 3.883657 -0.050328 -0.431042 -0.079894 0.040056 0.175804
    36 1.719577 0.000001 0.000001 -0.002229 -0.007662 -0.298835
    37 1.209182 0.000001 0.000000 0.000000 -0.004461 -0.471630
    38 3.859828 -0.148935 -1.331282 -0.251601 0.248918 0.128189
    39 1.719424 -0.000001 0.000002 -0.002493 -0.006122 -0.190665
    40 1.099665 0.000000 0.000001 0.000000 -0.004211 -0.597741
    41 0.806017 -0.359833 -1.318333 1.082781 0.367278 -1.444107
    42 1.789781 0.000000 0.000000 0.000000 0.000000 0.265286
    43 1.206998 0.000001 0.000001 0.000000 0.000000 0.310703
    44 3.483999 -2.623363 0.559220 0.000000 0.000000 0.000000
  time 23
    0 0.000000 0.000000 -67.998169 1.570796 0.000000 0.000000
    1 -0.000005 38.566917 4.614095 0.000000 0.000000 0.000000
    2 0.000005 3.345127 -2.981901 1.570796 0.086293 1.570796
    3 4.018332 0.000000 0.000000 0.000000 0.000000 -0.029242
    4 3.518566 0.000000 0.000000 0.000000 0.000000 0.100336
    5 8.942640 0.000000 0.000000 0.000000 0.000000 0.194096
    6 2.033348 1.000767 1.937660 1.596637 -1.286515 2.942961
    7 6.028142 0.000003 0.000000 -1.176648 -0.528017 -0.950892
    8 11.692552 -0.000002 0.000000 0.000000 0.000000 -1.166447
    9 11.481671 -0.000001 -0.000032 1.573171 -0.028074 0.044380
    10 3.859704 -0.142405 -1.191971 -0.447816 0.223149 -0.786361
    11 1.312562 -0.000001 -0.000002 0.000000 0.000000 -0.438971
    12 0.729363 -0.000001 0.000002 0.000000 0.000000 -0.243584
    13 3.942326 0.046771 -0.431444 -0.128212 0.111908 -0.565520
    14 1.539093 0.000000 -0.000002 0.000000 0.000000 -0.436113
    15 1.196322 0.000000 0.000000 0.000000 0.000000 -0.705150
    16 3.883688 -0.046771 0.431443 0.085902 0.021830 -0.587867
    17 1.719575 0.000001 0.000001 0.000000 0.005516 -0.366479
    18 1.209183 0.000001 0.000000 0.000000 0.003084 -0.216399
    19 3.859860 -0.137948 1.332467 0.354449 -0.042750 -0.531718
    20 1.719431 0.000001 0.000001 0.000000 0.004074 -0.363009
    21 1.099666 0.000001 -0.000001 0.000000 0.002596 -0.244330
    22 0.806046 -0.348922 1.321259 -1.144013 -0.681455 -0.953527
    23 1.789782 0.000000 -0.000001 0.000000 0.000000 0.228009
    24 1.206998 0.000001 -0.000001 0.000000 0.000000 0.362129
    25 2.033355 1.000771 -1.937610 -1.668474 1.286518 2.942953
    26 6.028142 0.000000 0.000000 1.880832 0.487305 -1.074294
    27 11.692553 0.000001 -0.000001 0.000000 0.000000 -1.360798
    28 11.481698 0.000000 0.000001 -1.596297 -0.403826 0.833797
    29 3.859674 -0.132568 1.193108 0.059671 -0.509815 0.325617
    30 1.312561 -0.000001 0.000002 0.000000 0.000000 -0.527091
    31 0.729364 0.000000 0.000001 0.000000 0.000000 -0.182464
    32 3.942296 0.050328 0.431044 -0.001457 -0.169168 0.386922
    33 1.539096 -0.000001 0.000000 0.000000 0.000000 -0.247837
    34 1.196323 0.000000 -0.000001 0.000000 0.000000 -0.751742
    35 3.883657 -0.050328 -0.431042 -0.079894 0.040056 0.175804
    36 1.719577 0.000001 0.000001 -0.002229 -0.007662 -0.298835
    37 1.209182 0.000001 0.000000 0.000000 -0.004461 -0.471630
    38 3.859828 -0.148935 -1.331282 -0.251601 0.248918 0.128189
    39 1.719424 -0.000001 0.000002 -0.002493 -0.006122 -0.190665
    40 1.099665 0.000000 0.000001 0.000000 -0.004211 -0.597741
    41 0.806017 -0.359833 -1.318333 1.082781 0.367278 -1.444107
    42 1.789781 0.000000 0.000000 0.000000 0.000000 0.265286
    43 1.206998 0.000001 0.000001 0.000000 0.000000 0.310703
    44 3.483999 -2.623363 0.559220 0.000000 0.000000 0.000000
  time 24
    0 0.000000 0.000000 -67.998169 1.570796 0.000000 0.000000
    1 -0.000005 38.566917 4.614095 0.000000 0.000000 0.000000
    2 0.000005 3.345127 -2.981901 1.570796 0.086293 1.570796
    3 4.018332 0.000000 0.000000 0.000000 0.000000 -0.029242
    4 3.518566 0.000000 0.000000 0.000000 0.000000 0.100336
    5 8.942640 0.000000 0.000000 0.000000 0.000000 0.194096
    6 2.033348 1.000767 1.937660 1.596637 -1.286515 2.942961
    7 6.028142 0.000003 0.000000 -1.188589 -0.510947 -0.931808
    8 11.692552 -0.000002 0.000000 0.000000 0.000000 -1.184914
    9 11.481671 -0.000001 -0.000032 1.573171 -0.028074 0.044380
    10 3.859704 -0.142405 -1.191971 -0.447816 0.223149 -0.786361
    11 1.312562 -0.000001 -0.000002 0.000000 0.000000 -0.438971
    12 0.729363 -0.000001 0.000002 0.000000 0.000000 -0.243584
    13 3.942326 0.046771 -0.431444 -0.128212 0.111919 -0.565415
    14 1.539093 0.000000 -0.000002 0.000000 0.000000 -0.436113
    15 1.196322 0.000000 0.000000 0.000000 0.000000 -0.705150
    16 3.883688 -0.046771 0.431443 0.085902 0.021830 -0.587867
    17 1.719575 0.000001 0.000001 0.000000 0.005516 -0.366479
    18 1.209183 0.000001 0.000000 0.000000 0.003084 -0.216399
    19 3.859860 -0.137948 1.332467 0.354449 -0.042750 -0.531718
    20 1.719431 0.000001 0.000001 0.000000 0.004074 -0.363009
    21 1.099666 0.000001 -0.000001 0.000000 0.002596 -0.244330
    22 0.806046 -0.348922 1.321259 -1.144013 -0.681455 -0.953527
    23 1.789782 0.000000 -0.000001 0.000000 0.000000 0.228009
    24 1.206998 0.000001 -0.000001 0.000000 0.000000 0.362129
    25 2.033355 1.000771 -1.937610 -1.668474 1.286518 2.942953
    26 6.028142 0.000000 0.000000 1.893659 0.415614 -1.084801
    27 11.692553 0.000001 -0.000001 0.000000 0.000000 -1.394607
    28 11.481698 0.000000 0.000001 -1.626503 -0.390361 0.904595
    29 3.859674 -0.132568 1.193108 0.059671 -0.509815 0.325617
    30 1.312561 -0.000001 0.000002 0.000000 0.000000 -0.527091
    31 0.729364 0.000000 0.000001 0.000000 0.000000 -0.182464
    32 3.942296 0.050328 0.431044 -0.001457 -0.169168 0.386922
    33 1.539096 -0.000001 0.000000 0.000000 0.000000 -0.247837
    34 1.196323 0.000000 -0.000001 0.000000 0.000000 -0.751742
    35 3.883657 -0.050328 -0.431042 -0.079894 0.040056 0.175804
    36 1.719577 0.000001 0.000001 -0.002229 -0.007662 -0.298835
    37 1.209182 0.000001 0.000000 0.000000 -0.004461 -0.471630
    38 3.859828 -0.148935 -1.331282 -0.251601 0.248918 0.128189
    39 1.719424 -0.000001 0.000002 -0.002493 -0.006122 -0.190665
    40 1.099665 0.000000 0.000001 0.000000 -0.004211 -0.597741
    41 0.806017 -0.359833 -1.318333 1.082781 0.367278 -1.444107
    42 1.789781 0.000000 0.000000 0.000000 0.000000 0.265286
    43 1.206998 0.000001 0.000001 0.000000 0.000000 0.310703
    44 3.483999 -2.623363 0.559220 0.000000 0.000000 0.000000
  time 25
    0 0.000000 0.000000 -67.998169 1.570796 0.000000 0.000000
    1 -0.000005 38.566917 4.614095 0.000000 0.000000 0.000000
    2 0.000005 3.345127 -2.981901 1.570796 0.086293 1.570796
    3 4.018332 0.000000 0.000000 0.000000 0.000000 -0.029242
    4 3.518566 0.000000 0.000000 0.000000 0.000000 0.100336
    5 8.942640 0.000000 0.000000 0.000000 0.000000 0.194096
    6 2.033348 1.000767 1.937660 1.596637 -1.286515 2.942961
    7 6.028142 0.000003 0.000000 -1.197211 -0.498376 -0.918055
    8 11.692552 -0.000002 0.000000 0.000000 0.000000 -1.197966
    9 11.481671 -0.000001 -0.000032 1.573171 -0.028074 0.044380
    10 3.859704 -0.142405 -1.191971 -0.447816 0.223149 -0.786361
    11 1.312562 -0.000001 -0.000002 0.000000 0.000000 -0.438971
    12 0.729363 -0.000001 0.000002 0.000000 0.000000 -0.243584
    13 3.942326 0.046771 -0.431444 -0.128200 0.111931 -0.565311
    14 1.539093 0.000000 -0.000002 0.000000 0.000000 -0.436113
    15 1.196322 0.000000 0.000000 0.000000 0.000000 -0.705150
    16 3.883688 -0.046771 0.431443 0.085902 0.021830 -0.587867
    17 1.719575 0.000001 0.000001 0.000000 0.005516 -0.366479
    18 1.209183 0.000001 0.000000 0.000000 0.003084 -0.216399
    19 3.859860 -0.137948 1.332467 0.354449 -0.042750 -0.531718
    20 1.719431 0.000001 0.000001 0.000000 0.004074 -0.363009
    21 1.099666 0.000001 -0.000001 0.000000 0.002596 -0.244330
    22 0.806046 -0.348922 1.321259 -1.144013 -0.681455 -0.953527
    23 1.789782 0.000000 -0.000001 0.000000 0.000000 0.228009
    24 1.206998 0.000001 -0.000001 0.000000 0.000000 0.362129
    25 2.033355 1.000771 -1.937610 -1.668474 1.286518 2.942953
    26 6.028142 0.000000 0.000000 1.906823 0.350002 -1.095908
    27 11.692553 0.000001 -0.000001 0.000000 0.000000 -1.421332
    28 11.481698 0.000000 0.000001 -1.650596 -0.378620 0.961128
    29 3.859674 -0.132568 1.193108 0.059671 -0.509815 0.325617
    30 1.312561 -0.000001 0.000002 0.000000 0.000000 -0.527091
    31 0.729364 0.000000 0.000001 0.000000 0.000000 -0.182464
    32 3.942296 0.050328 0.431044 -0.001457 -0.169168 0.386922
    33 1.539096 -0.000001 0.000000 0.000000 0.000000 -0.247837
    34 1.196323 0.000000 -0.000001 0.000000 0.000000 -0.751742
    35 3.883657 -0.050328 -0.431042 -0.079894 0.040056 0.175804
    36 1.719577 0.000001 0.000001 -0.002229 -0.007662 -0.298835
    37 1.209182 0.000001 0.000000 0.000000 -0.004461 -0.471630
    38 3.859828 -0.148935 -1.331282 -0.251601 0.248918 0.128189
    39 1.719424 -0.000001 0.000002 -0.002493 -0.006122 -0.190665
    40 1.099665 0.000000 0.000001 0.000000 -0.004211 -0.597741
    41 0.806017 -0.359833 -1.318333 1.082781 0.367278 -1.444107
    42 1.789781 0.000000 0.000000 0.000000 0.000000 0.265286
    43 1.206998 0.000001 0.000001 0.000000 0.000000 0.310703
    44 3.483999 -2.623363 0.559220 0.000000 0.000000 0.000000
  time 26
    0 0.000000 0.000000 -67.998169 1.570796 0.000000 0.000000
    1 -0.000005 38.566917 4.614095 0.000000 0.000000 0.000000
    2 0.000005 3.345127 -2.981901 1.570796 0.086293 1.570796
    3 4.018332 0.000000 0.000000 0.000000 0.000000 -0.029242
    4 3.518566 0.000000 0.000000 0.000000 0.000000 0.100336
    5 8.942640 0.000000 0.000000 0.000000 0.000000 0.194096
    6 2.033348 1.000767 1.937660 1.596637 -1.286515 2.942961
    7 6.028142 0.000003 0.000000 -1.203367 -0.489236 -0.908217
    8 11.692552 -0.000002 0.000000 0.000000 0.000000 -1.207129
    9 11.481671 -0.000001 -0.000032 1.573171 -0.028074 0.044380
    10 3.859704 -0.142405 -1.191971 -0.447816 0.223149 -0.786361
    11 1.312562 -0.000001 -0.000002 0.000000 0.000000 -0.438971
    12 0.729363 -0.000001 0.000002 0.000000 0.000000 -0.243584
    13 3.942326 0.046771 -0.431444 -0.128188 0.111943 -0.565228
    14 1.539093 0.000000 -0.000002 0.000000 0.000000 -0.436113
    15 1.196322 0.000000 0.000000 0.000000 0.000000 -0.705150
    16 3.883688 -0.046771 0.431443 0.085902 0.021830 -0.587867
    17 1.719575 0.000001 0.000001 0.000000 0.005516 -0.366479
    18 1.209183 0.000001 0.000000 0.000000 0.003084 -0.216399
    19 3.859860 -0.137948 1.332467 0.354449 -0.042750 -0.531718
    20 1.719431 0.000001 0.000001 0.000000 0.004074 -0.363009
    21 1.099666 0.000001 -0.000001 0.000000 0.002596 -0.244330
    22 0.806046 -0.348922 1.321259 -1.144013 -0.681455 -0.953527
    23 1.789782 0.000000 -0.000001 0.000000 0.000000 0.228009
    24 1.206998 0.000001 -0.000001 0.000000 0.000000 0.362129
    25 2.033355 1.000771 -1.937610 -1.668474 1.286518 2.942953
    26 6.028142 0.000000 0.000000 1.921709 0.287621 -1.107555
    27 11.692553 0.000001 -0.000001 0.000000 0.000000 -1.442940
    28 11.481698 0.000000 0.000001 -1.672417 -0.368362 1.010495
    29 3.859674 -0.132568 1.193108 0.059671 -0.509815 0.325617
    30 1.312561 -0.000001 0.000002 0.000000 0.000000 -0.527091
    31 0.729364 0.000000 0.000001 0.000000 0.000000 -0.182464
    32 3.942296 0.050328 0.431044 -0.001457 -0.169168 0.386922
    33 1.539096 -0.000001 0.000000 0.000000 0.000000 -0.247837
    34 1.196323 0.000000 -0.000001 0.000000 0.000000 -0.751742
    35 3.883657 -0.050328 -0.431042 -0.079894 0.040056 0.175804
    36 1.719577 0.000001 0.000001 -0.002229 -0.007662 -0.298835
    37 1.209182 0.000001 0.000000 0.000000 -0.004461 -0.471630
    38 3.859828 -0.148935 -1.331282 -0.251601 0.248918 0.128189
    39 1.719424 -0.000001 0.000002 -0.002493 -0.006122 -0.190665
    40 1.099665 0.000000 0.000001 0.000000 -0.004211 -0.597741
    41 0.806017 -0.359833 -1.318333 1.082781 0.367278 -1.444107
    42 1.789781 0.000000 0.000000 0.000000 0.000000 0.265286
    43 1.206998 0.000001 0.000001 0.000000 0.000000 0.310703
    44 3.483999 -2.623363 0.559220 0.000000 0.000000 0.000000
  time 27
    0 0.000000 0.000000 -67.998169 1.570796 0.000000 0.000000
    1 -0.000005 38.566917 4.614095 0.000000 0.000000 0.000000
    2 0.000005 3.345127 -2.981901 1.570796 0.086293 1.570796
    3 4.018332 0.000000 0.000000 0.000000 0.000000 -0.029242
    4 3.518566 0.000000 0.000000 0.000000 0.000000 0.100336
    5 8.942640 0.000000 0.000000 0.000000 0.000000 0.194096
    6 2.033348 1.000767 1.937660 1.596637 -1.286515 2.942961
    7 6.028142 0.000003 0.000000 -1.207701 -0.482754 -0.901316
    8 11.692552 -0.000002 0.000000 0.000000 0.000000 -1.213485
    9 11.481671 -0.000001 -0.000032 1.573171 -0.028074 0.044380
    10 3.859704 -0.142405 -1.191971 -0.447816 0.223149 -0.786361
    11 1.312562 -0.000001 -0.000002 0.000000 0.000000 -0.438971
    12 0.729363 -0.000001 0.000002 0.000000 0.000000 -0.243584
    13 3.942326 0.046771 -0.431444 -0.128176 0.111955 -0.565123
    14 1.539093 0.000000 -0.000002 0.000000 0.000000 -0.436113
    15 1.196322 0.000000 0.000000 0.000000 0.000000 -0.705150
    16 3.883688 -0.046771 0.431443 0.085902 0.021830 -0.587867
    17 1.719575 0.000001 0.000001 0.000000 0.005516 -0.366479
    18 1.209183 0.000001 0.000000 0.000000 0.003084 -0.216399
    19 3.859860 -0.137948 1.332467 0.354449 -0.042750 -0.531718
    20 1.719431 0.000001 0.000001 0.000000 0.004074 -0.363009
    21 1.099666 0.000001 -0.000001 0.000000 0.002596 -0.244330
    22 0.806046 -0.348922 1.321259 -1.144013 -0.681455 -0.953527
    23 1.789782 0.000000 -0.000001 0.000000 0.000000 0.228009
    24 1.206998 0.000001 -0.000001 0.000000 0.000000 0.362129
    25 2.033355 1.000771 -1.937610 -1.668474 1.286518 2.942953
    26 6.028142 0.000000 0.000000 1.937540 0.228745 -1.119983
    27 11.692553 0.000001 -0.000001 0.000000 0.000000 -1.459510
    28 11.481698 0.000000 0.000001 -1.691358 -0.359526 1.051810
    29 3.859674 -0.132568 1.193108 0.059671 -0.509815 0.325617
    30 1.312561 -0.000001 0.000002 0.000000 0.000000 -0.527091
    31 0.729364 0.000000 0.000001 0.000000 0.000000 -0.182464
    32 3.942296 0.050328 0.431044 -0.001457 -0.169168 0.386922
    33 1.539096 -0.000001 0.000000 0.000000 0.000000 -0.247837
    34 1.196323 0.000000 -0.000001 0.000000 0.000000 -0.751742
    35 3.883657 -0.050328 -0.431042 -0.079894 0.040056 0.175804
    36 1.719577 0.000001 0.000001 -0.002229 -0.007662 -0.298835
    37 1.209182 0.000001 0.000000 0.000000 -0.004461 -0.471630
    38 3.859828 -0.148935 -1.331282 -0.251601 0.248918 0.128189
    39 1.719424 -0.000001 0.000002 -0.002493 -0.006122 -0.190665
    40 1.099665 0.000000 0.000001 0.000000 -0.004211 -0.597741
    41 0.806017 -0.359833 -1.318333 1.082781 0.367278 -1.444107
    42 1.789781 0.000000 0.000000 0.000000 0.000000 0.265286
    43 1.206998 0.000001 0.000001 0.000000 0.000000 0.310703
    44 3.483999 -2.623363 0.559220 0.000000 0.000000 0.000000
  time 28
    0 0.000000 0.000000 -67.998169 1.570796 0.000000 0.000000
    1 -0.000005 38.566917 4.614095 0.000000 0.000000 0.000000
    2 0.000005 3.345127 -2.981901 1.570796 0.086293 1.570796
    3 4.018332 0.000000 0.000000 0.000000 0.000000 -0.029242
    4 3.518566 0.000000 0.000000 0.000000 0.000000 0.100336
    5 8.942640 0.000000 0.000000 0.000000 0.000000 0.194096
    6 2.033348 1.000767 1.937660 1.596637 -1.286515 2.942961
    7 6.028142 0.000003 0.000000 -1.210744 -0.478142 -0.896445
    8 11.692552 -0.000002 0.000000 0.000000 0.000000 -1.217916
    9 11.481671 -0.000001 -0.000032 1.573171 -0.028074 0.044380
    10 3.859704 -0.142405 -1.191971 -0.447816 0.223149 -0.786361
    11 1.312562 -0.000001 -0.000002 0.000000 0.000000 -0.438971
    12 0.729363 -0.000001 0.000002 0.000000 0.000000 -0.243584
    13 3.942326 0.046771 -0.431444 -0.128164 0.111967 -0.565019
    14 1.539093 0.000000 -0.000002 0.000000 0.000000 -0.436113
    15 1.196322 0.000000 0.000000 0.000000 0.000000 -0.705150
    16 3.883688 -0.046771 0.431443 0.085902 0.021830 -0.587867
    17 1.719575 0.000001 0.000001 0.000000 0.005516 -0.366479
    18 1.209183 0.000001 0.000000 0.000000 0.003084 -0.216399
    19 3.859860 -0.137948 1.332467 0.354449 -0.042750 -0.531718
    20 1.719431 0.000001 0.000001 0.000000 0.004074 -0.363009
    21 1.099666 0.000001 -0.000001 0.000000 0.002596 -0.244330
    22 0.806046 -0.348922 1.321259 -1.144000 -0.681467 -0.953527
    23 1.789782 0.000000 -0.000001 0.000000 0.000000 0.228009
    24 1.206998 0.000001 -0.000001 0.000000 0.000000 0.362129
    25 2.033355 1.000771 -1.937610 -1.668474 1.286518 2.942953
    26 6.028142 0.000000 0.000000 1.953439 0.173758 -1.133371
    27 11.692553 0.000001 -0.000001 0.000000 0.000000 -1.471121
    28 11.481698 0.000000 0.000001 -1.706663 -0.352294 1.084350
    29 3.859674 -0.132568 1.193108 0.059671 -0.509815 0.325617
    30 1.312561 -0.000001 0.000002 0.000000 0.000000 -0.527091
    31 0.729364 0.000000 0.000001 0.000000 0.000000 -0.182464
    32 3.942296 0.050328 0.431044 -0.001457 -0.169168 0.386922
    33 1.539096 -0.000001 0.000000 0.000000 0.000000 -0.247837
    34 1.196323 0.000000 -0.000001 0.000000 0.000000 -0.751742
    35 3.883657 -0.050328 -0.431042 -0.079894 0.040056 0.175804
    36 1.719577 0.000001 0.000001 -0.002229 -0.007662 -0.298835
    37 1.209182 0.000001 0.000000 0.000000 -0.004461 -0.471630
    38 3.859828 -0.148935 -1.331282 -0.251601 0.248918 0.128189
    39 1.719424 -0.000001 0.000002 -0.002493 -0.006122 -0.190665
    40 1.099665 0.000000 0.000001 0.000000 -0.004211 -0.597741
    41 0.806017 -0.359833 -1.318333 1.082781 0.367278 -1.444107
    42 1.789781 0.000000 0.000000 0.000000 0.000000 0.265286
    43 1.206998 0.000001 0.000001 0.000000 0.000000 0.310703
    44 3.483999 -2.623363 0.559220 0.000000 0.000000 0.000000
  time 29
    0 0.000000 0.000000 -67.998169 1.570796 0.000000 0.000000
    1 -0.000005 38.566917 4.614095 0.000000 0.000000 0.000000
    2 0.000005 3.345127 -2.981901 1.570796 0.086293 1.570796
    3 4.018332 0.000000 0.000000 0.000000 0.000000 -0.029242
    4 3.518566 0.000000 0.000000 0.000000 0.000000 0.100336
    5 8.942640 0.000000 0.000000 0.000000 0.000000 0.194096
    6 2.033348 1.000767 1.937660 1.596637 -1.286515 2.942961
    7 6.028142 0.000003 0.000000 -1.213072 -0.474626 -0.892747
    8 11.692552 -0.000002 0.000000 0.000000 0.000000 -1.221265
    9 11.481671 -0.000001 -0.000032 1.573171 -0.028074 0.044380
    10 3.859704 -0.142405 -1.191971 -0.447816 0.223149 -0.786361
    11 1.312562 -0.000001 -0.000002 0.000000 0.000000 -0.438971
    12 0.729363 -0.000001 0.000002 0.000000 0.000000 -0.243584
    13 3.942326 0.046771 -0.431444 -0.128164 0.111979 -0.564936
    14 1.539093 0.000000 -0.000002 0.000000 0.000000 -0.436113
    15 1.196322 0.000000 0.000000 0.000000 0.000000 -0.705150
    16 3.883688 -0.046771 0.431443 0.085902 0.021830 -0.587867
    17 1.719575 0.000001 0.000001 0.000000 0.005516 -0.366479
    18 1.209183 0.000001 0.000000 0.000000 0.003084 -0.216399
    19 3.859860 -0.137948 1.332467 0.354449 -0.042750 -0.531718
    20 1.719431 0.000001 0.000001 0.000000 0.004074 -0.363009
    21 1.099666 0.000001 -0.000001 0.000000 0.002596 -0.244330
    22 0.806046 -0.348922 1.321259 -1.144000 -0.681467 -0.953527
    23 1.789782 0.000000 -0.000001 0.000000 0.000000 0.228009
    24 1.206998 0.000001 -0.000001 0.000000 0.000000 0.362129
    25 2.033355 1.000771 -1.937610 -1.668474 1.286518 2.942953
    26 6.028142 0.000000 0.000000 1.968460 0.122769 -1.147780
    27 11.692553 0.000001 -0.000001 0.000000 0.000000 -1.478087
    28 11.481698 0.000000 0.000001 -1.717472 -0.346938 1.107292
    29 3.859674 -0.132568 1.193108 0.059659 -0.509815 0.325617
    30 1.312561 -0.000001 0.000002 0.000000 0.000000 -0.527091
    31 0.729364 0.000000 0.000001 0.000000 0.000000 -0.182464
    32 3.942296 0.050328 0.431044 -0.001457 -0.169168 0.386922
    33 1.539096 -0.000001 0.000000 0.000000 0.000000 -0.247837
    34 1.196323 0.000000 -0.000001 0.000000 0.000000 -0.751742
    35 3.883657 -0.050328 -0.431042 -0.079894 0.040056 0.175804
    36 1.719577 0.000001 0.000001 -0.002229 -0.007662 -0.298835
    37 1.209182 0.000001 0.000000 0.000000 -0.004461 -0.471630
    38 3.859828 -0.148935 -1.331282 -0.251601 0.248918 0.128189
    39 1.719424 -0.000001 0.000002 -0.002493 -0.006122 -0.190665
    40 1.099665 0.000000 0.000001 0.000000 -0.004211 -0.597741
    41 0.806017 -0.359833 -1.318333 1.082781 0.367278 -1.444107
    42 1.789781 0.000000 0.000000 0.000000 0.000000 0.265286
    43 1.206998 0.000001 0.000001 0.000000 0.000000 0.310703
    44 3.483999 -2.623363 0.559220 0.000000 0.000000 0.000000
  time 30
    0 0.000000 0.000000 -67.998169 1.570796 0.000000 0.000000
    1 -0.000005 38.566917 4.614095 0.000000 0.000000 0.000000
    2 0.000005 3.345127 -2.981901 1.570796 0.086293 1.570796
    3 4.018332 0.000000 0.000000 0.000000 0.000000 -0.029242
    4 3.518566 0.000000 0.000000 0.000000 0.000000 0.100336
    5 8.942640 0.000000 0.000000 0.000000 0.000000 0.194096
    6 2.033348 1.000767 1.937660 1.596637 -1.286515 2.942961
    7 6.028142 0.000003 0.000000 -1.215147 -0.471435 -0.889423
    8 11.692552 -0.000002 0.000000 0.000000 0.000000 -1.224252
    9 11.481671 -0.000001 -0.000032 1.573171 -0.028074 0.044380
    10 3.859704 -0.142405 -1.191971 -0.447816 0.223149 -0.786349
    11 1.312562 -0.000001 -0.000002 0.000000 0.000000 -0.438971
    12 0.729363 -0.000001 0.000002 0.000000 0.000000 -0.243584
    13 3.942326 0.046771 -0.431444 -0.128152 0.111991 -0.564831
    14 1.539093 0.000000 -0.000002 0.000000 0.000000 -0.436113
    15 1.196322 0.000000 0.000000 0.000000 0.000000 -0.705150
    16 3.883688 -0.046771 0.431443 0.085902 0.021830 -0.587867
    17 1.719575 0.000001 0.000001 0.000000 0.005516 -0.366479
    18 1.209183 0.000001 0.000000 0.000000 0.003084 -0.216399
    19 3.859860 -0.137948 1.332467 0.354449 -0.042750 -0.531718
    20 1.719431 0.000001 0.000001 0.000000 0.004074 -0.363009
    21 1.099666 0.000001 -0.000001 0.000000 0.002596 -0.244330
    22 0.806046 -0.348922 1.321259 -1.144000 -0.681467 -0.953527
    23 1.789782 0.000000 -0.000001 0.000000 0.000000 0.228009
    24 1.206998 0.000001 -0.000001 0.000000 0.000000 0.362129
    25 2.033355 1.000771 -1.937610 -1.668474 1.286518 2.942953
    26 6.028142 0.000000 0.000000 1.981422 0.075942 -1.163030
    27 11.692553 0.000001 -0.000001 0.000000 0.000000 -1.480724
    28 11.481698 0.000000 0.000001 -1.722877 -0.343639 1.119847
    29 3.859674 -0.132568 1.193108 0.059659 -0.509815 0.325617
    30 1.312561 -0.000001 0.000002 0.000000 0.000000 -0.527091
    31 0.729364 0.000000 0.000001 0.000000 0.000000 -0.182464
    32 3.942296 0.050328 0.431044 -0.001457 -0.169168 0.386922
    33 1.539096 -0.000001 0.000000 0.000000 0.000000 -0.247837
    34 1.196323 0.000000 -0.000001 0.000000 0.000000 -0.751742
    35 3.883657 -0.050328 -0.431042 -0.079894 0.040056 0.175804
    36 1.719577 0.000001 0.000001 -0.002229 -0.007662 -0.298835
    37 1.209182 0.000001 0.000000 0.000000 -0.004461 -0.471630
    38 3.859828 -0.148935 -1.331282 -0.251601 0.248918 0.128189
    39 1.719424 -0.000001 0.000002 -0.002493 -0.006122 -0.190665
    40 1.099665 0.000000 0.000001 0.000000 -0.004211 -0.597741
    41 0.806017 -0.359833 -1.318333 1.082781 0.367278 -1.444107
    42 1.789781 0.000000 0.000000 0.000000 0.000000 0.265286
    43 1.206998 0.000001 0.000001 0.000000 0.000000 0.310703
    44 3.483999 -2.623363 0.559220 0.000000 0.000000 0.000000
  time 31
    0 0.000000 0.000000 -67.998169 1.570796 0.000000 0.000000
    1 -0.000005 38.566917 4.614095 0.000000 0.000000 0.000000
    2 0.000005 3.345127 -2.981901 1.570796 0.086293 1.570796
    3 4.018332 0.000000 0.000000 0.000000 0.000000 -0.029242
    4 3.518566 0.000000 0.000000 0.000000 0.000000 0.100336
    5 8.942640 0.000000 0.000000 0.000000 0.000000 0.194096
    6 2.033348 1.000767 1.937660 1.596637 -1.286515 2.942961
    7 6.028142 0.000003 0.000000 -1.216645 -0.469171 -0.887055
    8 11.692552 -0.000002 0.000000 0.000000 0.000000 -1.226357
    9 11.481671 -0.000001 -0.000032 1.573171 -0.028074 0.044380
    10 3.859704 -0.142405 -1.191971 -0.447816 0.223149 -0.786349
    11 1.312562 -0.000001 -0.000002 0.000000 0.000000 -0.438971
    12 0.729363 -0.000001 0.000002 0.000000 0.000000 -0.243584
    13 3.942326 0.046771 -0.431444 -0.128140 0.112003 -0.564727
    14 1.539093 0.000000 -0.000002 0.000000 0.000000 -0.436113
    15 1.196322 0.000000 0.000000 0.000000 0.000000 -0.705150
    16 3.883688 -0.046771 0.431443 0.085902 0.021830 -0.587867
    17 1.719575 0.000001 0.000001 0.000000 0.005516 -0.366479
    18 1.209183 0.000001 0.000000 0.000000 0.003084 -0.216399
    19 3.859860 -0.137948 1.332467 0.354449 -0.042750 -0.531718
    20 1.719431 0.000001 0.000001 0.000000 0.004074 -0.363009
    21 1.099666 0.000001 -0.000001 0.000000 0.002596 -0.244330
    22 0.806046 -0.348922 1.321259 -1.144000 -0.681467 -0.953527
    23 1.789782 0.000000 -0.000001 0.000000 0.000000 0.228009
    24 1.206998 0.000001 -0.000001 0.000000 0.000000 0.362129
    25 2.033355 1.000771 -1.937610 -1.668474 1.286518 2.942953
    26 6.028142 0.000000 0.000000 1.991481 0.033058 -1.178999
    27 11.692553 0.000001 -0.000001 0.000000 0.000000 -1.480291
    28 11.481698 0.000000 0.000001 -1.722372 -0.343488 1.120570
    29 3.859674 -0.132568 1.193108 0.059659 -0.509815 0.325617
    30 1.312561 -0.000001 0.000002 0.000000 0.000000 -0.527091
    31 0.729364 0.000000 0.000001 0.000000 0.000000 -0.182464
    32 3.942296 0.050328 0.431044 -0.001457 -0.169168 0.386922
    33 1.539096 -0.000001 0.000000 0.000000 0.000000 -0.247837
    34 1.196323 0.000000 -0.000001 0.000000 0.000000 -0.751742
    35 3.883657 -0.050328 -0.431042 -0.079894 0.040056 0.175804
    36 1.719577 0.000001 0.000001 -0.002229 -0.007662 -0.298835
    37 1.209182 0.000001 0.000000 0.000000 -0.004461 -0.471630
    38 3.859828 -0.148935 -1.331282 -0.251601 0.248918 0.128189
    39 1.719424 -0.000001 0.000002 -0.002493 -0.006122 -0.190665
    40 1.099665 0.000000 0.000001 0.000000 -0.004211 -0.597741
    41 0.806017 -0.359833 -1.318333 1.082781 0.367278 -1.444107
    42 1.789781 0.000000 0.000000 0.000000 0.000000 0.265286
    43 1.206998 0.000001 0.000001 0.000000 0.000000 0.310703
    44 3.483999 -2.623363 0.559220 0.000000 0.000000 0.000000
  time 32
    0 0.000000 0.000000 -67.998169 1.570796 0.000000 0.000000
    1 -0.000005 38.566917 4.614095 0.000000 0.000000 0.000000
    2 0.000005 3.345127 -2.981901 1.570796 0.086293 1.570796
    3 4.018332 0.000000 0.000000 0.000000 0.000000 -0.029242
    4 3.518566 0.000000 0.000000 0.000000 0.000000 0.100336
    5 8.942640 0.000000 0.000000 0.000000 0.000000 0.194096
    6 2.033348 1.000767 1.937660 1.596637 -1.286515 2.942961
    7 6.028142 0.000003 0.000000 -1.217060 -0.468524 -0.886402
    8 11.692552 -0.000002 0.000000 0.000000 0.000000 -1.226959
    9 11.481671 -0.000001 -0.000032 1.573171 -0.028074 0.044380
    10 3.859704 -0.142405 -1.191971 -0.447816 0.223149 -0.786349
    11 1.312562 -0.000001 -0.000002 0.000000 0.000000 -0.438971
    12 0.729363 -0.000001 0.000002 0.000000 0.000000 -0.243584
    13 3.942326 0.046771 -0.431444 -0.128128 0.112027 -0.564644
    14 1.539093 0.000000 -0.000002 0.000000 0.000000 -0.436113
    15 1.196322 0.000000 0.000000 0.000000 0.000000 -0.705150
    16 3.883688 -0.046771 0.431443 0.085902 0.021830 -0.587867
    17 1.719575 0.000001 0.000001 0.000000 0.005516 -0.366479
    18 1.209183 0.000001 0.000000 0.000000 0.003084 -0.216399
    19 3.859860 -0.137948 1.332467 0.354449 -0.042750 -0.531718
    20 1.719431 0.000001 0.000001 0.000000 0.004074 -0.363009
    21 1.099666 0.000001 -0.000001 0.000000 0.002596 -0.244330
    22 0.806046 -0.348922 1.321259 -1.144000 -0.681467 -0.953527
    23 1.789782 0.000000 -0.000001 0.000000 0.000000 0.228009
    24 1.206998 0.000001 -0.000001 0.000000 0.000000 0.362129
    25 2.033355 1.000771 -1.937610 -1.668474 1.286518 2.942953
    26 6.028142 0.000000 0.000000 1.998806 -0.006703 -1.195210
    27 11.692553 0.000001 -0.000001 0.000000 0.000000 -1.477930
    28 11.481698 0.000000 0.000001 -1.716512 -0.346968 1.109987
    29 3.859674 -0.132568 1.193108 0.059659 -0.509815 0.325617
    30 1.312561 -0.000001 0.000002 0.000000 0.000000 -0.527091
    31 0.729364 0.000000 0.000001 0.000000 0.000000 -0.182464
    32 3.942296 0.050328 0.431044 -0.001457 -0.169168 0.386922
    33 1.539096 -0.000001 0.000000 0.000000 0.000000 -0.247837
    34 1.196323 0.000000 -0.000001 0.000000 0.000000 -0.751742
    35 3.883657 -0.050328 -0.431042 -0.079894 0.040056 0.175804
    36 1.719577 0.000001 0.000001 -0.002229 -0.007662 -0.298835
    37 1.209182 0.000001 0.000000 0.000000 -0.004461 -0.471630
    38 3.859828 -0.148935 -1.331282 -0.251601 0.248918 0.128189
    39 1.719424 -0.000001 0.000002 -0.002493 -0.006122 -0.190665
    40 1.099665 0.000000 0.000001 0.000000 -0.004211 -0.597741
    41 0.806017 -0.359833 -1.318333 1.082781 0.367278 -1.444107
    42 1.789781 0.000000 0.000000 0.000000 0.000000 0.265286
    43 1.206998 0.000001 0.000001 0.000000 0.000000 0.310703
    44 3.483999 -2.623363 0.559220 0.000000 0.000000 0.000000
  time 33
    0 0.000000 0.000000 -67.998169 1.570796 0.000000 0.000000
    1 -0.000005 38.566917 4.614095 0.000000 0.000000 0.000000
    2 0.000005 3.345127 -2.981901 1.570796 0.086293 1.570796
    3 4.018332 0.000000 0.000000 0.000000 0.000000 -0.029242
    4 3.518566 0.000000 0.000000 0.000000 0.000000 0.100336
    5 8.942640 0.000000 0.000000 0.000000 0.000000 0.194096
    6 2.033348 1.000767 1.937660 1.596637 -1.286515 2.942961
    7 6.028142 0.000003 0.000000 -1.216760 -0.468988 -0.886873
    8 11.692552 -0.000002 0.000000 0.000000 0.000000 -1.226538
    9 11.481671 -0.000001 -0.000032 1.573171 -0.028074 0.044380
    10 3.859704 -0.142405 -1.191971 -0.447816 0.223149 -0.786349
    11 1.312562 -0.000001 -0.000002 0.000000 0.000000 -0.438971
    12 0.729363 -0.000001 0.000002 0.000000 0.000000 -0.243584
    13 3.942326 0.046771 -0.431444 -0.128116 0.112039 -0.564539
    14 1.539093 0.000000 -0.000002 0.000000 0.000000 -0.436113
    15 1.196322 0.000000 0.000000 0.000000 0.000000 -0.705150
    16 3.883688 -0.046771 0.431443 0.085902 0.021830 -0.587867
    17 1.719575 0.000001 0.000001 0.000000 0.005516 -0.366479
    18 1.209183 0.000001 0.000000 0.000000 0.003084 -0.216399
    19 3.859860 -0.137948 1.332467 0.354449 -0.042750 -0.531718
    20 1.719431 0.000001 0.000001 0.000000 0.004074 -0.363009
    21 1.099666 0.000001 -0.000001 0.000000 0.002596 -0.244330
    22 0.806046 -0.348922 1.321259 -1.144000 -0.681467 -0.953527
    23 1.789782 0.000000 -0.000001 0.000000 0.000000 0.228009
    24 1.206998 0.000001 -0.000001 0.000000 0.000000 0.362129
    25 2.033355 1.000771 -1.937610 -1.668474 1.286518 2.942953
    26 6.028142 0.000000 0.000000 2.003734 -0.043946 -1.211480
    27 11.692553 0.000001 -0.000001 0.000000 0.000000 -1.473718
    28 11.481698 0.000000 0.000001 -1.706259 -0.353081 1.090167
    29 3.859674 -0.132568 1.193108 0.059659 -0.509815 0.325617
    30 1.312561 -0.000001 0.000002 0.000000 0.000000 -0.527091
    31 0.729364 0.000000 0.000001 0.000000 0.000000 -0.182464
    32 3.942296 0.050328 0.431044 -0.001457 -0.169168 0.386922
    33 1.539096 -0.000001 0.000000 0.000000 0.000000 -0.247837
    34 1.196323 0.000000 -0.000001 0.000000 0.000000 -0.751742
    35 3.883657 -0.050328 -0.431042 -0.079894 0.040056 0.175804
    36 1.719577 0.000001 0.000001 -0.002229 -0.007662 -0.298835
    37 1.209182 0.000001 0.000000 0.000000 -0.004461 -0.471630
    38 3.859828 -0.148935 -1.331282 -0.251601 0.248918 0.128189
    39 1.719424 -0.000001 0.000002 -0.002493 -0.006122 -0.190665
    40 1.099665 0.000000 0.000001 0.000000 -0.004211 -0.597741
    41 0.806017 -0.359833 -1.318333 1.082781 0.367278 -1.444107
    42 1.789781 0.000000 0.000000 0.000000 0.000000 0.265286
    43 1.206998 0.000001 0.000001 0.000000 0.000000 0.310703
    44 3.483999 -2.623363 0.559220 0.000000 0.000000 0.000000
  time 34
    0 0.000000 0.000000 -67.998169 1.570796 0.000000 0.000000
    1 -0.000005 38.566917 4.614095 0.000000 0.000000 0.000000
    2 0.000005 3.345127 -2.981901 1.570796 0.086293 1.570796
    3 4.018332 0.000000 0.000000 0.000000 0.000000 -0.029242
    4 3.518566 0.000000 0.000000 0.000000 0.000000 0.100336
    5 8.942640 0.000000 0.000000 0.000000 0.000000 0.194096
    6 2.033348 1.000767 1.937660 1.596637 -1.286515 2.942961
    7 6.028142 0.000003 0.000000 -1.216115 -0.469986 -0.887913
    8 11.692552 -0.000002 0.000000 0.000000 0.000000 -1.225595
    9 11.481671 -0.000001 -0.000032 1.573171 -0.028074 0.044380
    10 3.859704 -0.142405 -1.191971 -0.447816 0.223149 -0.786349
    11 1.312562 -0.000001 -0.000002 0.000000 0.000000 -0.438971
    12 0.729363 -0.000001 0.000002 0.000000 0.000000 -0.243584
    13 3.942326 0.046771 -0.431444 -0.128116 0.112051 -0.564435
    14 1.539093 0.000000 -0.000002 0.000000 0.000000 -0.436113
    15 1.196322 0.000000 0.000000 0.000000 0.000000 -0.705150
    16 3.883688 -0.046771 0.431443 0.085902 0.021830 -0.587867
    17 1.719575 0.000001 0.000001 0.000000 0.005516 -0.366479
    18 1.209183 0.000001 0.000000 0.000000 0.003084 -0.216399
    19 3.859860 -0.137948 1.332467 0.354449 -0.042750 -0.531718
    20 1.719431 0.000001 0.000001 0.000000 0.004074 -0.363009
    21 1.099666 0.000001 -0.000001 0.000000 0.002596 -0.244330
    22 0.806046 -0.348922 1.321259 -1.144000 -0.681467 -0.953527
    23 1.789782 0.000000 -0.000001 0.000000 0.000000 0.228009
    24 1.206998 0.000001 -0.000001 0.000000 0.000000 0.362129
    25 2.033355 1.000771 -1.937610 -1.668474 1.286518 2.942953
    26 6.028142 0.000000 0.000000 2.006738 -0.079107 -1.227570
    27 11.692553 0.000001 -0.000001 0.000000 0.000000 -1.467342
    28 11.481698 0.000000 0.000001 -1.692419 -0.360736 1.063150
    29 3.859674 -0.132568 1.193108 0.059659 -0.509815 0.325617
    30 1.312561 -0.000001 0.000002 0.000000 0.000000 -0.527091
    31 0.729364 0.000000 0.000001 0.000000 0.000000 -0.182464
    32 3.942296 0.050328 0.431044 -0.001457 -0.169168 0.386922
    33 1.539096 -0.000001 0.000000 0.000000 0.000000 -0.247837
    34 1.196323 0.000000 -0.000001 0.000000 0.000000 -0.751742
    35 3.883657 -0.050328 -0.431042 -0.079894 0.040056 0.175804
    36 1.719577 0.000001 0.000001 -0.002229 -0.007662 -0.298835
    37 1.209182 0.000001 0.000000 0.000000 -0.004461 -0.471630
    38 3.859828 -0.148935 -1.331282 -0.251601 0.248918 0.128189
    39 1.719424 -0.000001 0.000002 -0.002493 -0.006122 -0.190665
    40 1.099665 0.000000 0.000001 0.000000 -0.004211 -0.597741
    41 0.806017 -0.359833 -1.318333 1.082781 0.367278 -1.444107
    42 1.789781 0.000000 0.000000 0.000000 0.000000 0.265286
    43 1.206998 0.000001 0.000001 0.000000 0.000000 0.310703
    44 3.483999 -2.623363 0.559220 0.000000 0.000000 0.000000
  time 35
    0 0.000000 0.000000 -67.998169 1.570796 0.000000 0.000000
    1 -0.000005 38.566917 4.614095 0.000000 0.000000 0.000000
    2 0.000005 3.345127 -2.981901 1.570796 0.086293 1.570796
    3 4.018332 0.000000 0.000000 0.000000 0.000000 -0.029242
    4 3.518566 0.000000 0.000000 0.000000 0.000000 0.100336
    5 8.942640 0.000000 0.000000 0.000000 0.000000 0.194096
    6 2.033348 1.000767 1.937660 1.596637 -1.286515 2.942961
    7 6.028142 0.000003 0.000000 -1.215446 -0.470985 -0.888952
    8 11.692552 -0.000002 0.000000 0.000000 0.000000 -1.224673
    9 11.481671 -0.000001 -0.000032 1.573171 -0.028074 0.044380
    10 3.859704 -0.142405 -1.191971 -0.447816 0.223149 -0.786349
    11 1.312562 -0.000001 -0.000002 0.000000 0.000000 -0.438971
    12 0.729363 -0.000001 0.000002 0.000000 0.000000 -0.243584
    13 3.942326 0.046771 -0.431444 -0.128104 0.112063 -0.564352
    14 1.539093 0.000000 -0.000002 0.000000 0.000000 -0.436113
    15 1.196322 0.000000 0.000000 0.000000 0.000000 -0.705150
    16 3.883688 -0.046771 0.431443 0.085902 0.021830 -0.587867
    17 1.719575 0.000001 0.000001 0.000000 0.005516 -0.366479
    18 1.209183 0.000001 0.000000 0.000000 0.003084 -0.216399
    19 3.859860 -0.137948 1.332467 0.354449 -0.042750 -0.531718
    20 1.719431 0.000001 0.000001 0.000000 0.004074 -0.363009
    21 1.099666 0.000001 -0.000001 0.000000 0.002596 -0.244330
    22 0.806046 -0.348922 1.321259 -1.144000 -0.681467 -0.953527
    23 1.789782 0.000000 -0.000001 0.000000 0.000000 0.228009
    24 1.206998 0.000001 -0.000001 0.000000 0.000000 0.362129
    25 2.033355 1.000771 -1.937610 -1.668474 1.286518 2.942953
    26 6.028142 0.000000 0.000000 2.008291 -0.112570 -1.243240
    27 11.692553 0.000001 -0.000001 0.000000 0.000000 -1.458290
    28 11.481698 0.000000 0.000001 -1.675902 -0.368967 1.030939
    29 3.859674 -0.132568 1.193108 0.059659 -0.509815 0.325617
    30 1.312561 -0.000001 0.000002 0.000000 0.000000 -0.527091
    31 0.729364 0.000000 0.000001 0.000000 0.000000 -0.182464
    32 3.942296 0.050328 0.431044 -0.001457 -0.169168 0.386922
    33 1.539096 -0.000001 0.000000 0.000000 0.000000 -0.247837
    34 1.196323 0.000000 -0.000001 0.000000 0.000000 -0.751742
    35 3.883657 -0.050328 -0.431042 -0.079894 0.040056 0.175804
    36 1.719577 0.000001 0.000001 -0.002229 -0.007662 -0.298835
    37 1.209182 0.000001 0.000000 0.000000 -0.004461 -0.471630
    38 3.859828 -0.148935 -1.331282 -0.251601 0.248918 0.128189
    39 1.719424 -0.000001 0.000002 -0.002493 -0.006122 -0.190665
    40 1.099665 0.000000 0.000001 0.000000 -0.004211 -0.597741
    41 0.806017 -0.359833 -1.318333 1.082781 0.367278 -1.444107
    42 1.789781 0.000000 0.000000 0.000000 0.000000 0.265286
    43 1.206998 0.000001 0.000001 0.000000 0.000000 0.310703
    44 3.483999 -2.623363 0.559220 0.000000 0.000000 0.000000
  time 36
    0 0.000000 0.000000 -67.998169 1.570796 0.000000 0.000000
    1 -0.000005 38.566917 4.614095 0.000000 0.000000 0.000000
    2 0.000005 3.345127 -2.981901 1.570796 0.086293 1.570796
    3 4.018332 0.000000 0.000000 0.000000 0.000000 -0.029242
    4 3.518566 0.000000 0.000000 0.000000 0.000000 0.100336
    5 8.942640 0.000000 0.000000 0.000000 0.000000 0.194096
    6 2.033348 1.000767 1.937660 1.596637 -1.286515 2.942961
    7 6.028142 0.000003 0.000000 -1.215147 -0.471435 -0.889423
    8 11.692552 -0.000002 0.000000 0.000000 0.000000 -1.224252
    9 11.481671 -0.000001 -0.000032 1.573171 -0.028074 0.044380
    10 3.859704 -0.142405 -1.191971 -0.447816 0.223149 -0.786349
    11 1.312562 -0.000001 -0.000002 0.000000 0.000000 -0.438971
    12 0.729363 -0.000001 0.000002 0.000000 0.000000 -0.243584
    13 3.942326 0.046771 -0.431444 -0.128092 0.112075 -0.564247
    14 1.539093 0.000000 -0.000002 0.000000 0.000000 -0.436113
    15 1.196322 0.000000 0.000000 0.000000 0.000000 -0.705150
    16 3.883688 -0.046771 0.431443 0.085902 0.021830 -0.587867
    17 1.719575 0.000001 0.000001 0.000000 0.005516 -0.366479
    18 1.209183 0.000001 0.000000 0.000000 0.003084 -0.216399
    19 3.859860 -0.137948 1.332467 0.354449 -0.042750 -0.531718
    20 1.719431 0.000001 0.000001 0.000000 0.004074 -0.363009
    21 1.099666 0.000001 -0.000001 0.000000 0.002596 -0.244330
    22 0.806046 -0.348922 1.321259 -1.144000 -0.681467 -0.953527
    23 1.789782 0.000000 -0.000001 0.000000 0.000000 0.228009
    24 1.206998 0.000001 -0.000001 0.000000 0.000000 0.362129
    25 2.033355 1.000771 -1.937610 -1.668474 1.286518 2.942953
    26 6.028142 0.000000 0.000000 2.009101 -0.144445 -1.258369
    27 11.692553 0.000001 -0.000001 0.000000 0.000000 -1.445931
    28 11.481698 0.000000 0.000001 -1.657668 -0.376865 0.995771
    29 3.859674 -0.132568 1.193108 0.059659 -0.509815 0.325617
    30 1.312561 -0.000001 0.000002 0.000000 0.000000 -0.527091
    31 0.729364 0.000000 0.000001 0.000000 0.000000 -0.182464
    32 3.942296 0.050328 0.431044 -0.001457 -0.169168 0.386922
    33 1.539096 -0.000001 0.000000 0.000000 0.000000 -0.247837
    34 1.196323 0.000000 -0.000001 0.000000 0.000000 -0.751742
    35 3.883657 -0.050328 -0.431042 -0.079894 0.040056 0.175804
    36 1.719577 0.000001 0.000001 -0.002229 -0.007662 -0.298835
    37 1.209182 0.000001 0.000000 0.000000 -0.004461 -0.471630
    38 3.859828 -0.148935 -1.331282 -0.251601 0.248918 0.128189
    39 1.719424 -0.000001 0.000002 -0.002493 -0.006122 -0.190665
    40 1.099665 0.000000 0.000001 0.000000 -0.004211 -0.597741
    41 0.806017 -0.359833 -1.318333 1.082781 0.367278 -1.444107
    42 1.789781 0.000000 0.000000 0.000000 0.000000 0.265286
    43 1.206998 0.000001 0.000001 0.000000 0.000000 0.310703
    44 3.483999 -2.623363 0.559220 0.000000 0.000000 0.000000
  time 37
    0 0.000000 0.000000 -67.998169 1.570796 0.000000 0.000000
    1 -0.000005 38.566917 4.614095 0.000000 0.000000 0.000000
    2 0.000005 3.345127 -2.981901 1.570796 0.086293 1.570796
    3 4.018332 0.000000 0.000000 0.000000 0.000000 -0.029242
    4 3.518566 0.000000 0.000000 0.000000 0.000000 0.100336
    5 8.942640 0.000000 0.000000 0.000000 0.000000 0.194096
    6 2.033348 1.000767 1.937660 1.596637 -1.286515 2.942961
    7 6.028142 0.000003 0.000000 -1.215147 -0.471435 -0.889423
    8 11.692552 -0.000002 0.000000 0.000000 0.000000 -1.224252
    9 11.481671 -0.000001 -0.000032 1.573171 -0.028074 0.044380
    10 3.859704 -0.142405 -1.191971 -0.447816 0.223149 -0.786349
    11 1.312562 -0.000001 -0.000002 0.000000 0.000000 -0.438971
    12 0.729363 -0.000001 0.000002 0.000000 0.000000 -0.243584
    13 3.942326 0.046771 -0.431444 -0.128080 0.112087 -0.564143
    14 1.539093 0.000000 -0.000002 0.000000 0.000000 -0.436113
    15 1.196322 0.000000 0.000000 0.000000 0.000000 -0.705150
    16 3.883688 -0.046771 0.431443 0.085902 0.021830 -0.587867
    17 1.719575 0.000001 0.000001 0.000000 0.005516 -0.366479
    18 1.209183 0.000001 0.000000 0.000000 0.003084 -0.216399
    19 3.859860 -0.137948 1.332467 0.354449 -0.042750 -0.531718
    20 1.719431 0.000001 0.000001 0.000000 0.004074 -0.363009
    21 1.099666 0.000001 -0.000001 0.000000 0.002596 -0.244330
    22 0.806046 -0.348922 1.321259 -1.144000 -0.681467 -0.953527
    23 1.789782 0.000000 -0.000001 0.000000 0.000000 0.228009
    24 1.206998 0.000001 -0.000001 0.000000 0.000000 0.362129
    25 2.033355 1.000771 -1.937610 -1.668474 1.286518 2.942953
    26 6.028142 0.000000 0.000000 2.008224 -0.174896 -1.272838
    27 11.692553 0.000001 -0.000001 0.000000 0.000000 -1.430345
    28 11.481698 0.000000 0.000001 -1.636857 -0.384520 0.955803
    29 3.859674 -0.132568 1.193108 0.059659 -0.509815 0.325617
    30 1.312561 -0.000001 0.000002 0.000000 0.000000 -0.527091
    31 0.729364 0.000000 0.000001 0.000000 0.000000 -0.182464
    32 3.942296 0.050328 0.431044 -0.001457 -0.169168 0.386922
    33 1.539096 -0.000001 0.000000 0.000000 0.000000 -0.247837
    34 1.196323 0.000000 -0.000001 0.000000 0.000000 -0.751742
    35 3.883657 -0.050328 -0.431042 -0.079894 0.040056 0.175804
    36 1.719577 0.000001 0.000001 -0.002229 -0.007662 -0.298835
    37 1.209182 0.000001 0.000000 0.000000 -0.004461 -0.471630
    38 3.859828 -0.148935 -1.331282 -0.251601 0.248918 0.128189
    39 1.719424 -0.000001 0.000002 -0.002493 -0.006122 -0.190665
    40 1.099665 0.000000 0.000001 0.000000 -0.004211 -0.597741
    41 0.806017 -0.359833 -1.318333 1.082781 0.367278 -1.444107
    42 1.789781 0.000000 0.000000 0.000000 0.000000 0.265286
    43 1.206998 0.000001 0.000001 0.000000 0.000000 0.310703
    44 3.483999 -2.623363 0.559220 0.000000 0.000000 0.000000
  time 38
    0 0.000000 0.000000 -67.998169 1.570796 0.000000 0.000000
    1 -0.000005 38.566917 4.614095 0.000000 0.000000 0.000000
    2 0.000005 3.345127 -2.981901 1.570796 0.086293 1.570796
    3 4.018332 0.000000 0.000000 0.000000 0.000000 -0.029242
    4 3.518566 0.000000 0.000000 0.000000 0.000000 0.100336
    5 8.942640 0.000000 0.000000 0.000000 0.000000 0.194096
    6 2.033348 1.000767 1.937660 1.596637 -1.286515 2.942961
    7 6.028142 0.000003 0.000000 -1.215147 -0.471435 -0.889423
    8 11.692552 -0.000002 0.000000 0.000000 0.000000 -1.224252
    9 11.481671 -0.000001 -0.000032 1.573171 -0.028074 0.044380
    10 3.859704 -0.142405 -1.191971 -0.447816 0.223149 -0.786349
    11 1.312562 -0.000001 -0.000002 0.000000 0.000000 -0.438971
    12 0.729363 -0.000001 0.000002 0.000000 0.000000 -0.243584
    13 3.942326 0.046771 -0.431444 -0.128080 0.112099 -0.564060
    14 1.539093 0.000000 -0.000002 0.000000 0.000000 -0.436113
    15 1.196322 0.000000 0.000000 0.000000 0.000000 -0.705150
    16 3.883688 -0.046771 0.431443 0.085902 0.021830 -0.587867
    17 1.719575 0.000001 0.000001 0.000000 0.005516 -0.366479
    18 1.209183 0.000001 0.000000 0.000000 0.003084 -0.216399
    19 3.859860 -0.137948 1.332467 0.354449 -0.042750 -0.531718
    20 1.719431 0.000001 0.000001 0.000000 0.004074 -0.363009
    21 1.099666 0.000001 -0.000001 0.000000 0.002596 -0.244330
    22 0.806046 -0.348922 1.321259 -1.144000 -0.681467 -0.953527
    23 1.789782 0.000000 -0.000001 0.000000 0.000000 0.228009
    24 1.206998 0.000001 -0.000001 0.000000 0.000000 0.362129
    25 2.033355 1.000771 -1.937610 -1.668474 1.286518 2.942953
    26 6.028142 0.000000 0.000000 2.004342 -0.203978 -1.286527
    27 11.692553 0.000001 -0.000001 0.000000 0.000000 -1.412043
    28 11.481698 0.000000 0.000001 -1.612511 -0.391783 0.908671
    29 3.859674 -0.132568 1.193108 0.059659 -0.509815 0.325617
    30 1.312561 -0.000001 0.000002 0.000000 0.000000 -0.527091
    31 0.729364 0.000000 0.000001 0.000000 0.000000 -0.182464
    32 3.942296 0.050328 0.431044 -0.001457 -0.169168 0.386922
    33 1.539096 -0.000001 0.000000 0.000000 0.000000 -0.247837
    34 1.196323 0.000000 -0.000001 0.000000 0.000000 -0.751742
    35 3.883657 -0.050328 -0.431042 -0.079894 0.040056 0.175804
    36 1.719577 0.000001 0.000001 -0.002229 -0.007662 -0.298835
    37 1.209182 0.000001 0.000000 0.000000 -0.004461 -0.471630
    38 3.859828 -0.148935 -1.331282 -0.251601 0.248918 0.128189
    39 1.719424 -0.000001 0.000002 -0.002493 -0.006122 -0.190665
    40 1.099665 0.000000 0.000001 0.000000 -0.004211 -0.597741
    41 0.806017 -0.359833 -1.318333 1.082781 0.367278 -1.444107
    42 1.789781 0.000000 0.000000 0.000000 0.000000 0.265286
    43 1.206998 0.000001 0.000001 0.000000 0.000000 0.310703
    44 3.483999 -2.623363 0.559220 0.000000 0.000000 0.000000
  time 39
    0 0.000000 0.000000 -67.998169 1.570796 0.000000 0.000000
    1 -0.000005 38.566917 4.614095 0.000000 0.000000 0.000000
    2 0.000005 3.345127 -2.981901 1.570796 0.086293 1.570796
    3 4.018332 0.000000 0.000000 0.000000 0.000000 -0.029242
    4 3.518566 0.000000 0.000000 0.000000 0.000000 0.100336
    5 8.942640 0.000000 0.000000 0.000000 0.000000 0.194096
    6 2.033348 1.000767 1.937660 1.596637 -1.286515 2.942961
    7 6.028142 0.000003 0.000000 -1.215147 -0.471435 -0.889423
    8 11.692552 -0.000002 0.000000 0.000000 0.000000 -1.224252
    9 11.481671 -0.000001 -0.000032 1.573171 -0.028074 0.044380
    10 3.859704 -0.142405 -1.191971 -0.447816 0.223149 -0.786349
    11 1.312562 -0.000001 -0.000002 0.000000 0.000000 -0.438971
    12 0.729363 -0.000001 0.000002 0.000000 0.000000 -0.243584
    13 3.942326 0.046771 -0.431444 -0.128068 0.112111 -0.563955
    14 1.539093 0.000000 -0.000002 0.000000 0.000000 -0.436113
    15 1.196322 0.000000 0.000000 0.000000 0.000000 -0.705150
    16 3.883688 -0.046771 0.431443 0.085902 0.021830 -0.587867
    17 1.719575 0.000001 0.000001 0.000000 0.005516 -0.366479
    18 1.209183 0.000001 0.000000 0.000000 0.003084 -0.216399
    19 3.859860 -0.137948 1.332467 0.354449 -0.042750 -0.531718
    20 1.719431 0.000001 0.000001 0.000000 0.004074 -0.363009
    21 1.099666 0.000001 -0.000001 0.000000 0.002596 -0.244330
    22 0.806046 -0.348922 1.321259 -1.144000 -0.681467 -0.953527
    23 1.789782 0.000000 -0.000001 0.000000 0.000000 0.228009
    24 1.206998 0.000001 -0.000001 0.000000 0.000000 0.362129
    25 2.033355 1.000771 -1.937610 -1.668474 1.286518 2.942953
    26 6.028142 0.000000 0.000000 1.997557 -0.231253 -1.298834
    27 11.692553 0.000001 -0.000001 0.000000 0.000000 -1.390907
    28 11.481698 0.000000 0.000001 -1.585589 -0.397774 0.855885
    29 3.859674 -0.132568 1.193108 0.059659 -0.509815 0.325617
    30 1.312561 -0.000001 0.000002 0.000000 0.000000 -0.527091
    31 0.729364 0.000000 0.000001 0.000000 0.000000 -0.182464
    32 3.942296 0.050328 0.431044 -0.001457 -0.169168 0.386922
    33 1.539096 -0.000001 0.000000 0.000000 0.000000 -0.247837
    34 1.196323 0.000000 -0.000001 0.000000 0.000000 -0.751742
    35 3.883657 -0.050328 -0.431042 -0.079894 0.040056 0.175804
    36 1.719577 0.000001 0.000001 -0.002229 -0.007662 -0.298835
    37 1.209182 0.000001 0.000000 0.000000 -0.004461 -0.471630
    38 3.859828 -0.148935 -1.331282 -0.251601 0.248918 0.128189
    39 1.719424 -0.000001 0.000002 -0.002493 -0.006122 -0.190665
    40 1.099665 0.000000 0.000001 0.000000 -0.004211 -0.597741
    41 0.806017 -0.359833 -1.318333 1.082781 0.367278 -1.444107
    42 1.789781 0.000000 0.000000 0.000000 0.000000 0.265286
    43 1.206998 0.000001 0.000001 0.000000 0.000000 0.310703
    44 3.483999 -2.623363 0.559220 0.000000 0.000000 0.000000
  time 40
    0 0.000000 0.000000 -67.998169 1.570796 0.000000 0.000000
    1 -0.000005 38.566917 4.614095 0.000000 0.000000 0.000000
    2 0.000005 3.345127 -2.981901 1.570796 0.086293 1.570796
    3 4.018332 0.000000 0.000000 0.000000 0.000000 -0.029242
    4 3.518566 0.000000 0.000000 0.000000 0.000000 0.100336
    5 8.942640 0.000000 0.000000 0.000000 0.000000 0.194096
    6 2.033348 1.000767 1.937660 1.596637 -1.286515 2.942961
    7 6.028142 0.000003 0.000000 -1.215147 -0.471435 -0.889423
    8 11.692552 -0.000002 0.000000 0.000000 0.000000 -1.224252
    9 11.481671 -0.000001 -0.000032 1.573171 -0.028074 0.044380
    10 3.859704 -0.142405 -1.191971 -0.447816 0.223149 -0.786349
    11 1.312562 -0.000001 -0.000002 0.000000 0.000000 -0.438971
    12 0.729363 -0.000001 0.000002 0.000000 0.000000 -0.243584
    13 3.942326 0.046771 -0.431444 -0.128056 0.112123 -0.563851
    14 1.539093 0.000000 -0.000002 0.000000 0.000000 -0.436113
    15 1.196322 0.000000 0.000000 0.000000 0.000000 -0.705150
    16 3.883688 -0.046771 0.431443 0.085902 0.021830 -0.587867
    17 1.719575 0.000001 0.000001 0.000000 0.005516 -0.366479
    18 1.209183 0.000001 0.000000 0.000000 0.003084 -0.216399
    19 3.859860 -0.137948 1.332467 0.354449 -0.042750 -0.531718
    20 1.719431 0.000001 0.000001 0.000000 0.004074 -0.363009
    21 1.099666 0.000001 -0.000001 0.000000 0.002596 -0.244330
    22 0.806046 -0.348922 1.321259 -1.144000 -0.681467 -0.953527
    23 1.789782 0.000000 -0.000001 0.000000 0.000000 0.228009
    24 1.206998 0.000001 -0.000001 0.000000 0.000000 0.362129
    25 2.033355 1.000771 -1.937610 -1.668474 1.286518 2.942953
    26 6.028142 0.000000 0.000000 1.987869 -0.256391 -1.309401
    27 11.692553 0.000001 -0.000001 0.000000 0.000000 -1.366859
    28 11.481698 0.000000 0.000001 -1.557202 -0.401769 0.799187
    29 3.859674 -0.132568 1.193108 0.059659 -0.509815 0.325617
    30 1.312561 -0.000001 0.000002 0.000000 0.000000 -0.527091
    31 0.729364 0.000000 0.000001 0.000000 0.000000 -0.182464
    32 3.942296 0.050328 0.431044 -0.001457 -0.169168 0.386922
    33 1.539096 -0.000001 0.000000 0.000000 0.000000 -0.247837
    34 1.196323 0.000000 -0.000001 0.000000 0.000000 -0.751742
    35 3.883657 -0.050328 -0.431042 -0.079894 0.040056 0.175804
    36 1.719577 0.000001 0.000001 -0.002229 -0.007662 -0.298835
    37 1.209182 0.000001 0.000000 0.000000 -0.004461 -0.471630
    38 3.859828 -0.148935 -1.331282 -0.251601 0.248918 0.128189
    39 1.719424 -0.000001 0.000002 -0.002493 -0.006122 -0.190665
    40 1.099665 0.000000 0.000001 0.000000 -0.004211 -0.597741
    41 0.806017 -0.359833 -1.318333 1.082781 0.367278 -1.444107
    42 1.789781 0.000000 0.000000 0.000000 0.000000 0.265286
    43 1.206998 0.000001 0.000001 0.000000 0.000000 0.310703
    44 3.483999 -2.623363 0.559220 0.000000 0.000000 0.000000
  time 41
    0 0.000000 0.000000 -67.998169 1.570796 0.000000 0.000000
    1 -0.000005 38.566917 4.614095 0.000000 0.000000 0.000000
    2 0.000005 3.345127 -2.981901 1.570796 0.086293 1.570796
    3 4.018332 0.000000 0.000000 0.000000 0.000000 -0.029242
    4 3.518566 0.000000 0.000000 0.000000 0.000000 0.100336
    5 8.942640 0.000000 0.000000 0.000000 0.000000 0.194096
    6 2.033348 1.000767 1.937660 1.596637 -1.286515 2.942961
    7 6.028142 0.000003 0.000000 -1.215147 -0.471435 -0.889423
    8 11.692552 -0.000002 0.000000 0.000000 0.000000 -1.224252
    9 11.481671 -0.000001 -0.000032 1.573171 -0.028074 0.044380
    10 3.859704 -0.142405 -1.191971 -0.447816 0.223149 -0.786349
    11 1.312562 -0.000001 -0.000002 0.000000 0.000000 -0.438971
    12 0.729363 -0.000001 0.000002 0.000000 0.000000 -0.243584
    13 3.942326 0.046771 -0.431444 -0.128044 0.112135 -0.563747
    14 1.539093 0.000000 -0.000002 0.000000 0.000000 -0.436113
    15 1.196322 0.000000 0.000000 0.000000 0.000000 -0.705150
    16 3.883688 -0.046771 0.431443 0.085902 0.021830 -0.587867
    17 1.719575 0.000001 0.000001 0.000000 0.005516 -0.366479
    18 1.209183 0.000001 0.000000 0.000000 0.003084 -0.216399
    19 3.859860 -0.137948 1.332467 0.354449 -0.042750 -0.531718
    20 1.719431 0.000001 0.000001 0.000000 0.004074 -0.363009
    21 1.099666 0.000001 -0.000001 0.000000 0.002596 -0.244330
    22 0.806046 -0.348922 1.321259 -1.144000 -0.681467 -0.953527
    23 1.789782 0.000000 -0.000001 0.000000 0.000000 0.228009
    24 1.206998 0.000001 -0.000001 0.000000 0.000000 0.362129
    25 2.033355 1.000771 -1.937610 -1.668474 1.286518 2.942953
    26 6.028142 0.000000 0.000000 1.975481 -0.278956 -1.317866
    27 11.692553 0.000001 -0.000001 0.000000 0.000000 -1.340017
    28 11.481698 0.000000 0.000001 -1.528462 -0.403403 0.740354
    29 3.859674 -0.132568 1.193108 0.059659 -0.509815 0.325617
    30 1.312561 -0.000001 0.000002 0.000000 0.000000 -0.527091
    31 0.729364 0.000000 0.000001 0.000000 0.000000 -0.182464
    32 3.942296 0.050328 0.431044 -0.001457 -0.169168 0.386922
    33 1.539096 -0.000001 0.000000 0.000000 0.000000 -0.247837
    34 1.196323 0.000000 -0.000001 0.000000 0.000000 -0.751742
    35 3.883657 -0.050328 -0.431042 -0.079894 0.040056 0.175804
    36 1.719577 0.000001 0.000001 -0.002229 -0.007662 -0.298835
    37 1.209182 0.000001 0.000000 0.000000 -0.004461 -0.471630
    38 3.859828 -0.148935 -1.331282 -0.251601 0.248918 0.128189
    39 1.719424 -0.000001 0.000002 -0.002493 -0.006122 -0.190665
    40 1.099665 0.000000 0.000001 0.000000 -0.004211 -0.597741
    41 0.806017 -0.359833 -1.318333 1.082781 0.367278 -1.444107
    42 1.789781 0.000000 0.000000 0.000000 0.000000 0.265286
    43 1.206998 0.000001 0.000001 0.000000 0.000000 0.310703
    44 3.483999 -2.623363 0.559220 0.000000 0.000000 0.000000
  time 42
    0 0.000000 0.000000 -67.998169 1.570796 0.000000 0.000000
    1 -0.000005 38.566917 4.614095 0.000000 0.000000 0.000000
    2 0.000005 3.345127 -2.981901 1.570796 0.086293 1.570796
    3 4.018332 0.000000 0.000000 0.000000 0.000000 -0.029242
    4 3.518566 0.000000 0.000000 0.000000 0.000000 0.100336
    5 8.942640 0.000000 0.000000 0.000000 0.000000 0.194096
    6 2.033348 1.000767 1.937660 1.596637 -1.286515 2.942961
    7 6.028142 0.000003 0.000000 -1.215147 -0.471435 -0.889423
    8 11.692552 -0.000002 0.000000 0.000000 0.000000 -1.224252
    9 11.481671 -0.000001 -0.000032 1.573171 -0.028074 0.044380
    10 3.859704 -0.142405 -1.191971 -0.447816 0.223149 -0.786349
    11 1.312562 -0.000001 -0.000002 0.000000 0.000000 -0.438971
    12 0.729363 -0.000001 0.000002 0.000000 0.000000 -0.243584
    13 3.942326 0.046771 -0.431444 -0.128032 0.112159 -0.563663
    14 1.539093 0.000000 -0.000002 0.000000 0.000000 -0.436113
    15 1.196322 0.000000 0.000000 0.000000 0.000000 -0.705150
    16 3.883688 -0.046771 0.431443 0.085902 0.021830 -0.587867
    17 1.719575 0.000001 0.000001 0.000000 0.005516 -0.366479
    18 1.209183 0.000001 0.000000 0.000000 0.003084 -0.216399
    19 3.859860 -0.137948 1.332467 0.354449 -0.042750 -0.531718
    20 1.719431 0.000001 0.000001 0.000000 0.004074 -0.363009
    21 1.099666 0.000001 -0.000001 0.000000 0.002596 -0.244330
    22 0.806046 -0.348922 1.321259 -1.144000 -0.681467 -0.953527
    23 1.789782 0.000000 -0.000001 0.000000 0.000000 0.228009
    24 1.206998 0.000001 -0.000001 0.000000 0.000000 0.362129
    25 2.033355 1.000771 -1.937610 -1.668474 1.286518 2.942953
    26 6.028142 0.000000 0.000000 1.960663 -0.298727 -1.324170
    27 11.692553 0.000001 -0.000001 0.000000 0.000000 -1.310576
    28 11.481698 0.000000 0.000001 -1.500428 -0.402525 0.681323
    29 3.859674 -0.132568 1.193108 0.059659 -0.509815 0.325617
    30 1.312561 -0.000001 0.000002 0.000000 0.000000 -0.527091
    31 0.729364 0.000000 0.000001 0.000000 0.000000 -0.182464
    32 3.942296 0.050328 0.431044 -0.001457 -0.169168 0.386922
    33 1.539096 -0.000001 0.000000 0.000000 0.000000 -0.247837
    34 1.196323 0.000000 -0.000001 0.000000 0.000000 -0.751742
    35 3.883657 -0.050328 -0.431042 -0.079894 0.040056 0.175804
    36 1.719577 0.000001 0.000001 -0.002229 -0.007662 -0.298835
    37 1.209182 0.000001 0.000000 0.000000 -0.004461 -0.471630
    38 3.859828 -0.148935 -1.331282 -0.251601 0.248918 0.128189
    39 1.719424 -0.000001 0.000002 -0.002493 -0.006122 -0.190665
    40 1.099665 0.000000 0.000001 0.000000 -0.004211 -0.597741
    41 0.806017 -0.359833 -1.318333 1.082781 0.367278 -1.444107
    42 1.789781 0.000000 0.000000 0.000000 0.000000 0.265286
    43 1.206998 0.000001 0.000001 0.000000 0.000000 0.310703
    44 3.483999 -2.623363 0.559220 0.000000 0.000000 0.000000
  time 43
    0 0.000000 0.000000 -67.998169 1.570796 0.000000 0.000000
    1 -0.000005 38.566917 4.614095 0.000000 0.000000 0.000000
    2 0.000005 3.345127 -2.981901 1.570796 0.086293 1.570796
    3 4.018332 0.000000 0.000000 0.000000 0.000000 -0.029242
    4 3.518566 0.000000 0.000000 0.000000 0.000000 0.100336
    5 8.942640 0.000000 0.000000 0.000000 0.000000 0.194096
    6 2.033348 1.000767 1.937660 1.596637 -1.286515 2.942961
    7 6.028142 0.000003 0.000000 -1.215147 -0.471435 -0.889423
    8 11.692552 -0.000002 0.000000 0.000000 0.000000 -1.224252
    9 11.481671 -0.000001 -0.000032 1.573171 -0.028074 0.044380
    10 3.859704 -0.142405 -1.191971 -0.447816 0.223149 -0.786349
    11 1.312562 -0.000001 -0.000002 0.000000 0.000000 -0.438971
    12 0.729363 -0.000001 0.000002 0.000000 0.000000 -0.243584
    13 3.942326 0.046771 -0.431444 -0.128032 0.112171 -0.563559
    14 1.539093 0.000000 -0.000002 0.000000 0.000000 -0.436113
    15 1.196322 0.000000 0.000000 0.000000 0.000000 -0.705150
    16 3.883688 -0.046771 0.431443 0.085902 0.021830 -0.587867
    17 1.719575 0.000001 0.000001 0.000000 0.005516 -0.366479
    18 1.209183 0.000001 0.000000 0.000000 0.003084 -0.216399
    19 3.859860 -0.137948 1.332467 0.354449 -0.042750 -0.531718
    20 1.719431 0.000001 0.000001 0.000000 0.004074 -0.363009
    21 1.099666 0.000001 -0.000001 0.000000 0.002596 -0.244330
    22 0.806046 -0.348922 1.321259 -1.144000 -0.681467 -0.953527
    23 1.789782 0.000000 -0.000001 0.000000 0.000000 0.228009
    24 1.206998 0.000001 -0.000001 0.000000 0.000000 0.362129
    25 2.033355 1.000771 -1.937610 -1.668474 1.286518 2.942953
    26 6.028142 0.000000 0.000000 1.942300 -0.316198 -1.328313
    27 11.692553 0.000001 -0.000001 0.000000 0.000000 -1.278735
    28 11.481698 0.000000 0.000001 -1.472597 -0.399075 0.620484
    29 3.859674 -0.132568 1.193108 0.059659 -0.509815 0.325617
    30 1.312561 -0.000001 0.000002 0.000000 0.000000 -0.527091
    31 0.729364 0.000000 0.000001 0.000000 0.000000 -0.182464
    32 3.942296 0.050328 0.431044 -0.001457 -0.169168 0.386922
    33 1.539096 -0.000001 0.000000 0.000000 0.000000 -0.247837
    34 1.196323 0.000000 -0.000001 0.000000 0.000000 -0.751742
    35 3.883657 -0.050328 -0.431042 -0.079894 0.040056 0.175804
    36 1.719577 0.000001 0.000001 -0.002229 -0.007662 -0.298835
    37 1.209182 0.000001 0.000000 0.000000 -0.004461 -0.471630
    38 3.859828 -0.148935 -1.331282 -0.251601 0.248918 0.128189
    39 1.719424 -0.000001 0.000002 -0.002493 -0.006122 -0.190665
    40 1.099665 0.000000 0.000001 0.000000 -0.004211 -0.597741
    41 0.806017 -0.359833 -1.318333 1.082781 0.367278 -1.444107
    42 1.789781 0.000000 0.000000 0.000000 0.000000 0.265286
    43 1.206998 0.000001 0.000001 0.000000 0.000000 0.310703
    44 3.483999 -2.623363 0.559220 0.000000 0.000000 0.000000
  time 44
    0 0.000000 0.000000 -67.998169 1.570796 0.000000 0.000000
    1 -0.000005 38.566917 4.614095 0.000000 0.000000 0.000000
    2 0.000005 3.345127 -2.981901 1.570796 0.086293 1.570796
    3 4.018332 0.000000 0.000000 0.000000 0.000000 -0.029242
    4 3.518566 0.000000 0.000000 0.000000 0.000000 0.100336
    5 8.942640 0.000000 0.000000 0.000000 0.000000 0.194096
    6 2.033348 1.000767 1.937660 1.596637 -1.286515 2.942961
    7 6.028142 0.000003 0.000000 -1.215147 -0.471435 -0.889423
    8 11.692552 -0.000002 0.000000 0.000000 0.000000 -1.224252
    9 11.481671 -0.000001 -0.000032 1.573171 -0.028074 0.044380
    10 3.859704 -0.142405 -1.191971 -0.447816 0.223149 -0.786349
    11 1.312562 -0.000001 -0.000002 0.000000 0.000000 -0.438971
    12 0.729363 -0.000001 0.000002 0.000000 0.000000 -0.243584
    13 3.942326 0.046771 -0.431444 -0.128020 0.112183 -0.563455
    14 1.539093 0.000000 -0.000002 0.000000 0.000000 -0.436113
    15 1.196322 0.000000 0.000000 0.000000 0.000000 -0.705150
    16 3.883688 -0.046771 0.431443 0.085902 0.021830 -0.587867
    17 1.719575 0.000001 0.000001 0.000000 0.005516 -0.366479
    18 1.209183 0.000001 0.000000 0.000000 0.003084 -0.216399
    19 3.859860 -0.137948 1.332467 0.354449 -0.042750 -0.531718
    20 1.719431 0.000001 0.000001 0.000000 0.004074 -0.363009
    21 1.099666 0.000001 -0.000001 0.000000 0.002596 -0.244330
    22 0.806046 -0.348922 1.321259 -1.144000 -0.681467 -0.953527
    23 1.789782 0.000000 -0.000001 0.000000 0.000000 0.228009
    24 1.206998 0.000001 -0.000001 0.000000 0.000000 0.362129
    25 2.033355 1.000771 -1.937610 -1.668474 1.286518 2.942953
    26 6.028142 0.000000 0.000000 1.918941 -0.331588 -1.330114
    27 11.692553 0.000001 -0.000001 0.000000 0.000000 -1.244454
    28 11.481698 0.000000 0.000001 -1.444614 -0.392812 0.556392
    29 3.859674 -0.132568 1.193108 0.059659 -0.509815 0.325617
    30 1.312561 -0.000001 0.000002 0.000000 0.000000 -0.527091
    31 0.729364 0.000000 0.000001 0.000000 0.000000 -0.182464
    32 3.942296 0.050328 0.431044 -0.001457 -0.169168 0.386922
    33 1.539096 -0.000001 0.000000 0.000000 0.000000 -0.247837
    34 1.196323 0.000000 -0.000001 0.000000 0.000000 -0.751742
    35 3.883657 -0.050328 -0.431042 -0.079894 0.040056 0.175804
    36 1.719577 0.000001 0.000001 -0.002229 -0.007662 -0.298835
    37 1.209182 0.000001 0.000000 0.000000 -0.004461 -0.471630
    38 3.859828 -0.148935 -1.331282 -0.251601 0.248918 0.128189
    39 1.719424 -0.000001 0.000002 -0.002493 -0.006122 -0.190665
    40 1.099665 0.000000 0.000001 0.000000 -0.004211 -0.597741
    41 0.806017 -0.359833 -1.318333 1.082781 0.367278 -1.444107
    42 1.789781 0.000000 0.000000 0.000000 0.000000 0.265286
    43 1.206998 0.000001 0.000001 0.000000 0.000000 0.310703
    44 3.483999 -2.623363 0.559220 0.000000 0.000000 0.000000
  time 45
    0 0.000000 0.000000 -67.998169 1.570796 0.000000 0.000000
    1 -0.000005 38.566917 4.614095 0.000000 0.000000 0.000000
    2 0.000005 3.345127 -2.981901 1.570796 0.086293 1.570796
    3 4.018332 0.000000 0.000000 0.000000 0.000000 -0.029242
    4 3.518566 0.000000 0.000000 0.000000 0.000000 0.100336
    5 8.942640 0.000000 0.000000 0.000000 0.000000 0.194096
    6 2.033348 1.000767 1.937660 1.596637 -1.286515 2.942961
    7 6.028142 0.000003 0.000000 -1.215147 -0.471435 -0.889423
    8 11.692552 -0.000002 0.000000 0.000000 0.000000 -1.224252
    9 11.481671 -0.000001 -0.000032 1.573171 -0.028074 0.044380
    10 3.859704 -0.142405 -1.191971 -0.447816 0.223149 -0.786349
    11 1.312562 -0.000001 -0.000002 0.000000 0.000000 -0.438971
    12 0.729363 -0.000001 0.000002 0.000000 0.000000 -0.243584
    13 3.942326 0.046771 -0.431444 -0.128008 0.112195 -0.563371
    14 1.539093 0.000000 -0.000002 0.000000 0.000000 -0.436113
    15 1.196322 0.000000 0.000000 0.000000 0.000000 -0.705150
    16 3.883688 -0.046771 0.431443 0.085902 0.021830 -0.587867
    17 1.719575 0.000001 0.000001 0.000000 0.005516 -0.366479
    18 1.209183 0.000001 0.000000 0.000000 0.003084 -0.216399
    19 3.859860 -0.137948 1.332467 0.354449 -0.042750 -0.531718
    20 1.719431 0.000001 0.000001 0.000000 0.004074 -0.363009
    21 1.099666 0.000001 -0.000001 0.000000 0.002596 -0.244330
    22 0.806046 -0.348922 1.321259 -1.144000 -0.681467 -0.953527
    23 1.789782 0.000000 -0.000001 0.000000 0.000000 0.228009
    24 1.206998 0.000001 -0.000001 0.000000 0.000000 0.362129
    25 2.033355 1.000771 -1.937610 -1.668474 1.286518 2.942953
    26 6.028142 0.000000 0.000000 1.890823 -0.344568 -1.329394
    27 11.692553 0.000001 -0.000001 0.000000 0.000000 -1.207889
    28 11.481698 0.000000 0.000001 -1.417591 -0.383673 0.490952
    29 3.859674 -0.132568 1.193108 0.059659 -0.509815 0.325617
    30 1.312561 -0.000001 0.000002 0.000000 0.000000 -0.527091
    31 0.729364 0.000000 0.000001 0.000000 0.000000 -0.182464
    32 3.942296 0.050328 0.431044 -0.001457 -0.169168 0.386922
    33 1.539096 -0.000001 0.000000 0.000000 0.000000 -0.247837
    34 1.196323 0.000000 -0.000001 0.000000 0.000000 -0.751742
    35 3.883657 -0.050328 -0.431042 -0.079894 0.040056 0.175804
    36 1.719577 0.000001 0.000001 -0.002229 -0.007662 -0.298835
    37 1.209182 0.000001 0.000000 0.000000 -0.004461 -0.471630
    38 3.859828 -0.148935 -1.331282 -0.251601 0.248918 0.128189
    39 1.719424 -0.000001 0.000002 -0.002493 -0.006122 -0.190665
    40 1.099665 0.000000 0.000001 0.000000 -0.004211 -0.597741
    41 0.806017 -0.359833 -1.318333 1.082781 0.367278 -1.444107
    42 1.789781 0.000000 0.000000 0.000000 0.000000 0.265286
    43 1.206998 0.000001 0.000001 0.000000 0.000000 0.310703
    44 3.483999 -2.623363 0.559220 0.000000 0.000000 0.000000
  time 46
    0 0.000000 0.000000 -67.998169 1.570796 0.000000 0.000000
    1 -0.000005 38.566917 4.614095 0.000000 0.000000 0.000000
    2 0.000005 3.345127 -2.981901 1.570796 0.086293 1.570796
    3 4.018332 0.000000 0.000000 0.000000 0.000000 -0.029242
    4 3.518566 0.000000 0.000000 0.000000 0.000000 0.100336
    5 8.942640 0.000000 0.000000 0.000000 0.000000 0.194096
    6 2.033348 1.000767 1.937660 1.596637 -1.286515 2.942961
    7 6.028142 0.000003 0.000000 -1.215147 -0.471435 -0.889423
    8 11.692552 -0.000002 0.000000 0.000000 0.000000 -1.224252
    9 11.481671 -0.000001 -0.000032 1.573171 -0.028074 0.044380
    10 3.859704 -0.142405 -1.191971 -0.447816 0.223149 -0.786349
    11 1.312562 -0.000001 -0.000002 0.000000 0.000000 -0.438971
    12 0.729363 -0.000001 0.000002 0.000000 0.000000 -0.243584
    13 3.942326 0.046771 -0.431444 -0.127996 0.112207 -0.563267
    14 1.539093 0.000000 -0.000002 0.000000 0.000000 -0.436113
    15 1.196322 0.000000 0.000000 0.000000 0.000000 -0.705150
    16 3.883688 -0.046771 0.431443 0.085902 0.021830 -0.587867
    17 1.719575 0.000001 0.000001 0.000000 0.005516 -0.366479
    18 1.209183 0.000001 0.000000 0.000000 0.003084 -0.216399
    19 3.859860 -0.137948 1.332467 0.354449 -0.042750 -0.531718
    20 1.719431 0.000001 0.000001 0.000000 0.004074 -0.363009
    21 1.099666 0.000001 -0.000001 0.000000 0.002596 -0.244330
    22 0.806046 -0.348922 1.321259 -1.144000 -0.681467 -0.953527
    23 1.789782 0.000000 -0.000001 0.000000 0.000000 0.228009
    24 1.206998 0.000001 -0.000001 0.000000 0.000000 0.362129
    25 2.033355 1.000771 -1.937610 -1.668474 1.286518 2.942953
    26 6.028142 0.000000 0.000000 1.858419 -0.354755 -1.326272
    27 11.692553 0.000001 -0.000001 0.000000 0.000000 -1.169357
    28 11.481698 0.000000 0.000001 -1.392588 -0.371993 0.426070
    29 3.859674 -0.132568 1.193108 0.059659 -0.509815 0.325617
    30 1.312561 -0.000001 0.000002 0.000000 0.000000 -0.527091
    31 0.729364 0.000000 0.000001 0.000000 0.000000 -0.182464
    32 3.942296 0.050328 0.431044 -0.001457 -0.169168 0.386922
    33 1.539096 -0.000001 0.000000 0.000000 0.000000 -0.247837
    34 1.196323 0.000000 -0.000001 0.000000 0.000000 -0.751742
    35 3.883657 -0.050328 -0.431042 -0.079894 0.040056 0.175804
    36 1.719577 0.000001 0.000001 -0.002229 -0.007662 -0.298835
    37 1.209182 0.000001 0.000000 0.000000 -0.004461 -0.471630
    38 3.859828 -0.148935 -1.331282 -0.251601 0.248918 0.128189
    39 1.719424 -0.000001 0.000002 -0.002493 -0.006122 -0.190665
    40 1.099665 0.000000 0.000001 0.000000 -0.004211 -0.597741
    41 0.806017 -0.359833 -1.318333 1.082781 0.367278 -1.444107
    42 1.789781 0.000000 0.000000 0.000000 0.000000 0.265286
    43 1.206998 0.000001 0.000001 0.000000 0.000000 0.310703
    44 3.483999 -2.623363 0.559220 0.000000 0.000000 0.000000
  time 47
    0 0.000000 0.000000 -67.998169 1.570796 0.000000 0.000000
    1 -0.000005 38.566917 4.614095 0.000000 0.000000 0.000000
    2 0.000005 3.345127 -2.981901 1.570796 0.086293 1.570796
    3 4.018332 0.000000 0.000000 0.000000 0.000000 -0.029242
    4 3.518566 0.000000 0.000000 0.000000 0.000000 0.100336
    5 8.942640 0.000000 0.000000 0.000000 0.000000 0.194096
    6 2.033348 1.000767 1.937660 1.596637 -1.286515 2.942961
    7 6.028142 0.000003 0.000000 -1.215147 -0.471435 -0.889423
    8 11.692552 -0.000002 0.000000 0.000000 0.000000 -1.224252
    9 11.481671 -0.000001 -0.000032 1.573171 -0.028074 0.044380
    10 3.859704 -0.142405 -1.191971 -0.447816 0.223149 -0.786349
    11 1.312562 -0.000001 -0.000002 0.000000 0.000000 -0.438971
    12 0.729363 -0.000001 0.000002 0.000000 0.000000 -0.243584
    13 3.942326 0.046771 -0.431444 -0.127984 0.112219 -0.563163
    14 1.539093 0.000000 -0.000002 0.000000 0.000000 -0.436113
    15 1.196322 0.000000 0.000000 0.000000 0.000000 -0.705150
    16 3.883688 -0.046771 0.431443 0.085902 0.021830 -0.587867
    17 1.719575 0.000001 0.000001 0.000000 0.005516 -0.366479
    18 1.209183 0.000001 0.000000 0.000000 0.003084 -0.216399
    19 3.859860 -0.137948 1.332467 0.354449 -0.042750 -0.531718
    20 1.719431 0.000001 0.000001 0.000000 0.004074 -0.363009
    21 1.099666 0.000001 -0.000001 0.000000 0.002596 -0.244330
    22 0.806046 -0.348922 1.321259 -1.144000 -0.681467 -0.953527
    23 1.789782 0.000000 -0.000001 0.000000 0.000000 0.228009
    24 1.206998 0.000001 -0.000001 0.000000 0.000000 0.362129
    25 2.033355 1.000771 -1.937610 -1.668474 1.286518 2.942953
    26 6.028142 0.000000 0.000000 1.822503 -0.362039 -1.321108
    27 11.692553 0.000001 -0.000001 0.000000 0.000000 -1.129408
    28 11.481698 0.000000 0.000001 -1.370414 -0.358376 0.363523
    29 3.859674 -0.132568 1.193108 0.059659 -0.509815 0.325617
    30 1.312561 -0.000001 0.000002 0.000000 0.000000 -0.527091
    31 0.729364 0.000000 0.000001 0.000000 0.000000 -0.182464
    32 3.942296 0.050328 0.431044 -0.001457 -0.169168 0.386922
    33 1.539096 -0.000001 0.000000 0.000000 0.000000 -0.247837
    34 1.196323 0.000000 -0.000001 0.000000 0.000000 -0.751742
    35 3.883657 -0.050328 -0.431042 -0.079894 0.040056 0.175804
    36 1.719577 0.000001 0.000001 -0.002229 -0.007662 -0.298835
    37 1.209182 0.000001 0.000000 0.000000 -0.004461 -0.471630
    38 3.859828 -0.148935 -1.331282 -0.251601 0.248918 0.128189
    39 1.719424 -0.000001 0.000002 -0.002493 -0.006122 -0.190665
    40 1.099665 0.000000 0.000001 0.000000 -0.004211 -0.597741
    41 0.806017 -0.359833 -1.318333 1.082781 0.367278 -1.444107
    42 1.789781 0.000000 0.000000 0.000000 0.000000 0.265286
    43 1.206998 0.000001 0.000001 0.000000 0.000000 0.310703
    44 3.483999 -2.623363 0.559220 0.000000 0.000000 0.000000
  time 48
    0 0.000000 0.000000 -67.998169 1.570796 0.000000 0.000000
    1 -0.000005 38.566917 4.614095 0.000000 0.000000 0.000000
    2 0.000005 3.345127 -2.981901 1.570796 0.086293 1.570796
    3 4.018332 0.000000 0.000000 0.000000 0.000000 -0.029242
    4 3.518566 0.000000 0.000000 0.000000 0.000000 0.100336
    5 8.942640 0.000000 0.000000 0.000000 0.000000 0.194096
    6 2.033348 1.000767 1.937660 1.596637 -1.286515 2.942961
    7 6.028142 0.000003 0.000000 -1.215147 -0.471435 -0.889423
    8 11.692552 -0.000002 0.000000 0.000000 0.000000 -1.224252
    9 11.481671 -0.000001 -0.000032 1.573171 -0.028074 0.044380
    10 3.859704 -0.142405 -1.191971 -0.447816 0.223149 -0.786337
    11 1.312562 -0.000001 -0.000002 0.000000 0.000000 -0.438971
    12 0.729363 -0.000001 0.000002 0.000000 0.000000 -0.243584
    13 3.942326 0.046771 -0.431444 -0.127984 0.112231 -0.563079
    14 1.539093 0.000000 -0.000002 0.000000 0.000000 -0.436113
    15 1.196322 0.000000 0.000000 0.000000 0.000000 -0.705150
    16 3.883688 -0.046771 0.431443 0.085902 0.021830 -0.587867
    17 1.719575 0.000001 0.000001 0.000000 0.005516 -0.366479
    18 1.209183 0.000001 0.000000 0.000000 0.003084 -0.216399
    19 3.859860 -0.137948 1.332467 0.354449 -0.042750 -0.531718
    20 1.719431 0.000001 0.000001 0.000000 0.004074 -0.363009
    21 1.099666 0.000001 -0.000001 0.000000 0.002596 -0.244330
    22 0.806046 -0.348922 1.321259 -1.144000 -0.681467 -0.953527
    23 1.789782 0.000000 -0.000001 0.000000 0.000000 0.228009
    24 1.206998 0.000001 -0.000001 0.000000 0.000000 0.362129
    25 2.033355 1.000771 -1.937610 -1.668474 1.286518 2.942953
    26 6.028142 0.000000 0.000000 1.784360 -0.366256 -1.314444
    27 11.692553 0.000001 -0.000001 0.000000 0.000000 -1.088672
    28 11.481698 0.000000 0.000001 -1.351523 -0.343639 0.305018
    29 3.859674 -0.132568 1.193108 0.059659 -0.509815 0.325617
    30 1.312561 -0.000001 0.000002 0.000000 0.000000 -0.527091
    31 0.729364 0.000000 0.000001 0.000000 0.000000 -0.182464
    32 3.942296 0.050328 0.431044 -0.001457 -0.169168 0.386922
    33 1.539096 -0.000001 0.000000 0.000000 0.000000 -0.247837
    34 1.196323 0.000000 -0.000001 0.000000 0.000000 -0.751742
    35 3.883657 -0.050328 -0.431042 -0.079894 0.040056 0.175804
    36 1.719577 0.000001 0.000001 -0.002229 -0.007662 -0.298835
    37 1.209182 0.000001 0.000000 0.000000 -0.004461 -0.471630
    38 3.859828 -0.148935 -1.331282 -0.251601 0.248918 0.128189
    39 1.719424 -0.000001 0.000002 -0.002493 -0.006122 -0.190665
    40 1.099665 0.000000 0.000001 0.000000 -0.004211 -0.597741
    41 0.806017 -0.359833 -1.318333 1.082781 0.367278 -1.444107
    42 1.789781 0.000000 0.000000 0.000000 0.000000 0.265286
    43 1.206998 0.000001 0.000001 0.000000 0.000000 0.310703
    44 3.483999 -2.623363 0.559220 0.000000 0.000000 0.000000
  time 49
    0 0.000000 0.000000 -67.998169 1.570796 0.000000 0.000000
    1 -0.000005 38.566917 4.614095 0.000000 0.000000 0.000000
    2 0.000005 3.345127 -2.981901 1.570796 0.086293 1.570796
    3 4.018332 0.000000 0.000000 0.000000 0.000000 -0.029242
    4 3.518566 0.000000 0.000000 0.000000 0.000000 0.100336
    5 8.942640 0.000000 0.000000 0.000000 0.000000 0.194096
    6 2.033348 1.000767 1.937660 1.596637 -1.286515 2.942961
    7 6.028142 0.000003 0.000000 -1.215147 -0.471435 -0.889423
    8 11.692552 -0.000002 0.000000 0.000000 0.000000 -1.224252
    9 11.481671 -0.000001 -0.000032 1.573171 -0.028074 0.044380
    10 3.859704 -0.142405 -1.191971 -0.447816 0.223149 -0.786337
    11 1.312562 -0.000001 -0.000002 0.000000 0.000000 -0.438971
    12 0.729363 -0.000001 0.000002 0.000000 0.000000 -0.243584
    13 3.942326 0.046771 -0.431444 -0.127972 0.112243 -0.562975
    14 1.539093 0.000000 -0.000002 0.000000 0.000000 -0.436113
    15 1.196322 0.000000 0.000000 0.000000 0.000000 -0.705150
    16 3.883688 -0.046771 0.431443 0.085902 0.021830 -0.587867
    17 1.719575 0.000001 0.000001 0.000000 0.005516 -0.366479
    18 1.209183 0.000001 0.000000 0.000000 0.003084 -0.216399
    19 3.859860 -0.137948 1.332467 0.354449 -0.042750 -0.531718
    20 1.719431 0.000001 0.000001 0.000000 0.004074 -0.363009
    21 1.099666 0.000001 -0.000001 0.000000 0.002596 -0.244330
    22 0.806046 -0.348922 1.321259 -1.144000 -0.681467 -0.953527
    23 1.789782 0.000000 -0.000001 0.000000 0.000000 0.228009
    24 1.206998 0.000001 -0.000001 0.000000 0.000000 0.362129
    25 2.033355 1.000771 -1.937610 -1.668474 1.286518 2.942953
    26 6.028142 0.000000 0.000000 1.743010 -0.367735 -1.306339
    27 11.692553 0.000001 -0.000001 0.000000 0.000000 -1.047188
    28 11.481698 0.000000 0.000001 -1.335259 -0.327753 0.248846
    29 3.859674 -0.132568 1.193108 0.059659 -0.509815 0.325617
    30 1.312561 -0.000001 0.000002 0.000000 0.000000 -0.527091
    31 0.729364 0.000000 0.000001 0.000000 0.000000 -0.182464
    32 3.942296 0.050328 0.431044 -0.001457 -0.169168 0.386922
    33 1.539096 -0.000001 0.000000 0.000000 0.000000 -0.247837
    34 1.196323 0.000000 -0.000001 0.000000 0.000000 -0.751742
    35 3.883657 -0.050328 -0.431042 -0.079894 0.040056 0.175804
    36 1.719577 0.000001 0.000001 -0.002229 -0.007662 -0.298835
    37 1.209182 0.000001 0.000000 0.000000 -0.004461 -0.471630
    38 3.859828 -0.148935 -1.331282 -0.251601 0.248918 0.128189
    39 1.719424 -0.000001 0.000002 -0.002493 -0.006122 -0.190665
    40 1.099665 0.000000 0.000001 0.000000 -0.004211 -0.597741
    41 0.806017 -0.359833 -1.318333 1.082781 0.367278 -1.444107
    42 1.789781 0.000000 0.000000 0.000000 0.000000 0.265286
    43 1.206998 0.000001 0.000001 0.000000 0.000000 0.310703
    44 3.483999 -2.623363 0.559220 0.000000 0.000000 0.000000
  time 50
    0 0.000000 0.000000 -67.998169 1.570796 0.000000 0.000000
    1 -0.000005 38.566917 4.614095 0.000000 0.000000 0.000000
    2 0.000005 3.345127 -2.981901 1.570796 0.086293 1.570796
    3 4.018332 0.000000 0.000000 0.000000 0.000000 -0.029242
    4 3.518566 0.000000 0.000000 0.000000 0.000000 0.100336
    5 8.942640 0.000000 0.000000 0.000000 0.000000 0.194096
    6 2.033348 1.000767 1.937660 1.596637 -1.286515 2.942961
    7 6.028142 0.000003 0.000000 -1.215147 -0.471435 -0.889423
    8 11.692552 -0.000002 0.000000 0.000000 0.000000 -1.224252
    9 11.481671 -0.000001 -0.000032 1.573171 -0.028074 0.044380
    10 3.859704 -0.142405 -1.191971 -0.447816 0.223149 -0.786337
    11 1.312562 -0.000001 -0.000002 0.000000 0.000000 -0.438971
    12 0.729363 -0.000001 0.000002 0.000000 0.000000 -0.243584
    13 3.942326 0.046771 -0.431444 -0.127960 0.112255 -0.562871
    14 1.539093 0.000000 -0.000002 0.000000 0.000000 -0.436113
    15 1.196322 0.000000 0.000000 0.000000 0.000000 -0.705150
    16 3.883688 -0.046771 0.431443 0.085902 0.021830 -0.587867
    17 1.719575 0.000001 0.000001 0.000000 0.005516 -0.366479
    18 1.209183 0.000001 0.000000 0.000000 0.003084 -0.216399
    19 3.859860 -0.137948 1.332467 0.354449 -0.042750 -0.531718
    20 1.719431 0.000001 0.000001 0.000000 0.004074 -0.363009
    21 1.099666 0.000001 -0.000001 0.000000 0.002596 -0.244330
    22 0.806046 -0.348922 1.321259 -1.144000 -0.681467 -0.953527
    23 1.789782 0.000000 -0.000001 0.000000 0.000000 0.228009
    24 1.206998 0.000001 -0.000001 0.000000 0.000000 0.362129
    25 2.033355 1.000771 -1.937610 -1.668474 1.286518 2.942953
    26 6.028142 0.000000 0.000000 1.697204 -0.366585 -1.297093
    27 11.692553 0.000001 -0.000001 0.000000 0.000000 -1.004838
    28 11.481698 0.000000 0.000001 -1.321116 -0.310505 0.193332
    29 3.859674 -0.132568 1.193108 0.059659 -0.509815 0.325617
    30 1.312561 -0.000001 0.000002 0.000000 0.000000 -0.527091
    31 0.729364 0.000000 0.000001 0.000000 0.000000 -0.182464
    32 3.942296 0.050328 0.431044 -0.001457 -0.169168 0.386922
    33 1.539096 -0.000001 0.000000 0.000000 0.000000 -0.247837
    34 1.196323 0.000000 -0.000001 0.000000 0.000000 -0.751742
    35 3.883657 -0.050328 -0.431042 -0.079894 0.040056 0.175804
    36 1.719577 0.000001 0.000001 -0.002229 -0.007662 -0.298835
    37 1.209182 0.000001 0.000000 0.000000 -0.004461 -0.471630
    38 3.859828 -0.148935 -1.331282 -0.251601 0.248918 0.128189
    39 1.719424 -0.000001 0.000002 -0.002493 -0.006122 -0.190665
    40 1.099665 0.000000 0.000001 0.000000 -0.004211 -0.597741
    41 0.806017 -0.359833 -1.318333 1.082781 0.367278 -1.444107
    42 1.789781 0.000000 0.000000 0.000000 0.000000 0.265286
    43 1.206998 0.000001 0.000001 0.000000 0.000000 0.310703
    44 3.483999 -2.623363 0.559220 0.000000 0.000000 0.000000
  time 51
    0 0.000000 0.000000 -67.998169 1.570796 0.000000 0.000000
    1 -0.000005 38.566917 4.614095 0.000000 0.000000 0.000000
    2 0.000005 3.345127 -2.981901 1.570796 0.086293 1.570796
    3 4.018332 0.000000 0.000000 0.000000 0.000000 -0.029242
    4 3.518566 0.000000 0.000000 0.000000 0.000000 0.100336
    5 8.942640 0.000000 0.000000 0.000000 0.000000 0.194096
    6 2.033348 1.000767 1.937660 1.596637 -1.286515 2.942961
    7 6.028142 0.000003 0.000000 -1.215147 -0.471435 -0.889423
    8 11.692552 -0.000002 0.000000 0.000000 0.000000 -1.224252
    9 11.481671 -0.000001 -0.000032 1.573171 -0.028074 0.044380
    10 3.859704 -0.142405 -1.191971 -0.447816 0.223149 -0.786337
    11 1.312562 -0.000001 -0.000002 0.000000 0.000000 -0.438971
    12 0.729363 -0.000001 0.000002 0.000000 0.000000 -0.243584
    13 3.942326 0.046771 -0.431444 -0.127948 0.112267 -0.562787
    14 1.539093 0.000000 -0.000002 0.000000 0.000000 -0.436113
    15 1.196322 0.000000 0.000000 0.000000 0.000000 -0.705150
    16 3.883688 -0.046771 0.431443 0.085902 0.021830 -0.587867
    17 1.719575 0.000001 0.000001 0.000000 0.005516 -0.366479
    18 1.209183 0.000001 0.000000 0.000000 0.003084 -0.216399
    19 3.859860 -0.137948 1.332467 0.354449 -0.042750 -0.531718
    20 1.719431 0.000001 0.000001 0.000000 0.004074 -0.363009
    21 1.099666 0.000001 -0.000001 0.000000 0.002596 -0.244330
    22 0.806046 -0.348922 1.321259 -1.144000 -0.681467 -0.953527
    23 1.789782 0.000000 -0.000001 0.000000 0.000000 0.228009
    24 1.206998 0.000001 -0.000001 0.000000 0.000000 0.362129
    25 2.033355 1.000771 -1.937610 -1.668474 1.286518 2.942953
    26 6.028142 0.000000 0.000000 1.648529 -0.362806 -1.287247
    27 11.692553 0.000001 -0.000001 0.000000 0.000000 -0.962173
    28 11.481698 0.000000 0.000001 -1.309448 -0.292622 0.140119
    29 3.859674 -0.132568 1.193108 0.059659 -0.509815 0.325617
    30 1.312561 -0.000001 0.000002 0.000000 0.000000 -0.527091
    31 0.729364 0.000000 0.000001 0.000000 0.000000 -0.182464
    32 3.942296 0.050328 0.431044 -0.001457 -0.169168 0.386922
    33 1.539096 -0.000001 0.000000 0.000000 0.000000 -0.247837
    34 1.196323 0.000000 -0.000001 0.000000 0.000000 -0.751742
    35 3.883657 -0.050328 -0.431042 -0.079894 0.040056 0.175804
    36 1.719577 0.000001 0.000001 -0.002229 -0.007662 -0.298835
    37 1.209182 0.000001 0.000000 0.000000 -0.004461 -0.471630
    38 3.859828 -0.148935 -1.331282 -0.251601 0.248918 0.128189
    39 1.719424 -0.000001 0.000002 -0.002493 -0.006122 -0.190665
    40 1.099665 0.000000 0.000001 0.000000 -0.004211 -0.597741
    41 0.806017 -0.359833 -1.318333 1.082781 0.367278 -1.444107
    42 1.789781 0.000000 0.000000 0.000000 0.000000 0.265286
    43 1.206998 0.000001 0.000001 0.000000 0.000000 0.310703
    44 3.483999 -2.623363 0.559220 0.000000 0.000000 0.000000
  time 52
    0 0.000000 0.000000 -67.998169 1.570796 0.000000 0.000000
    1 -0.000005 38.566917 4.614095 0.000000 0.000000 0.000000
    2 0.000005 3.345127 -2.981901 1.570796 0.086293 1.570796
    3 4.018332 0.000000 0.000000 0.000000 0.000000 -0.029242
    4 3.518566 0.000000 0.000000 0.000000 0.000000 0.100336
    5 8.942640 0.000000 0.000000 0.000000 0.000000 0.194096
    6 2.033348 1.000767 1.937660 1.596637 -1.286515 2.942961
    7 6.028142 0.000003 0.000000 -1.215147 -0.471435 -0.889423
    8 11.692552 -0.000002 0.000000 0.000000 0.000000 -1.224252
    9 11.481671 -0.000001 -0.000032 1.573171 -0.028074 0.044380
    10 3.859704 -0.142405 -1.191971 -0.447816 0.223161 -0.786337
    11 1.312562 -0.000001 -0.000002 0.000000 0.000000 -0.438971
    12 0.729363 -0.000001 0.000002 0.000000 0.000000 -0.243584
    13 3.942326 0.046771 -0.431444 -0.127936 0.112291 -0.562683
    14 1.539093 0.000000 -0.000002 0.000000 0.000000 -0.436113
    15 1.196322 0.000000 0.000000 0.000000 0.000000 -0.705150
    16 3.883688 -0.046771 0.431443 0.085902 0.021830 -0.587867
    17 1.719575 0.000001 0.000001 0.000000 0.005516 -0.366479
    18 1.209183 0.000001 0.000000 0.000000 0.003084 -0.216399
    19 3.859860 -0.137948 1.332467 0.354449 -0.042750 -0.531718
    20 1.719431 0.000001 0.000001 0.000000 0.004074 -0.363009
    21 1.099666 0.000001 -0.000001 0.000000 0.002596 -0.244330
    22 0.806046 -0.348922 1.321259 -1.144000 -0.681467 -0.953527
    23 1.789782 0.000000 -0.000001 0.000000 0.000000 0.228009
    24 1.206998 0.000001 -0.000001 0.000000 0.000000 0.362129
    25 2.033355 1.000771 -1.937610 -1.668474 1.286518 2.942953
    26 6.028142 0.000000 0.000000 1.599078 -0.356562 -1.277581
    27 11.692553 0.000001 -0.000001 0.000000 0.000000 -0.920177
    28 11.481698 0.000000 0.000001 -1.300406 -0.274950 0.090653
    29 3.859674 -0.132568 1.193108 0.059659 -0.509815 0.325617
    30 1.312561 -0.000001 0.000002 0.000000 0.000000 -0.527091
    31 0.729364 0.000000 0.000001 0.000000 0.000000 -0.182464
    32 3.942296 0.050328 0.431044 -0.001457 -0.169168 0.386922
    33 1.539096 -0.000001 0.000000 0.000000 0.000000 -0.247837
    34 1.196323 0.000000 -0.000001 0.000000 0.000000 -0.751742
    35 3.883657 -0.050328 -0.431042 -0.079894 0.040056 0.175804
    36 1.719577 0.000001 0.000001 -0.002229 -0.007662 -0.298835
    37 1.209182 0.000001 0.000000 0.000000 -0.004461 -0.471630
    38 3.859828 -0.148935 -1.331282 -0.251601 0.248918 0.128189
    39 1.719424 -0.000001 0.000002 -0.002493 -0.006122 -0.190665
    40 1.099665 0.000000 0.000001 0.000000 -0.004211 -0.597741
    41 0.806017 -0.359833 -1.318333 1.082781 0.367278 -1.444107
    42 1.789781 0.000000 0.000000 0.000000 0.000000 0.265286
    43 1.206998 0.000001 0.000001 0.000000 0.000000 0.310703
    44 3.483999 -2.623363 0.559220 0.000000 0.000000 0.000000
  time 53
    0 0.000000 0.000000 -67.998169 1.570796 0.000000 0.000000
    1 -0.000005 38.566917 4.614095 0.000000 0.000000 0.000000
    2 0.000005 3.345127 -2.981901 1.570796 0.086293 1.570796
    3 4.018332 0.000000 0.000000 0.000000 0.000000 -0.029242
    4 3.518566 0.000000 0.000000 0.000000 0.000000 0.100336
    5 8.942640 0.000000 0.000000 0.000000 0.000000 0.194096
    6 2.033348 1.000767 1.937660 1.596637 -1.286515 2.942961
    7 6.028142 0.000003 0.000000 -1.215147 -0.471435 -0.889423
    8 11.692552 -0.000002 0.000000 0.000000 0.000000 -1.224252
    9 11.481671 -0.000001 -0.000032 1.573171 -0.028074 0.044380
    10 3.859704 -0.142405 -1.191971 -0.447816 0.223161 -0.786337
    11 1.312562 -0.000001 -0.000002 0.000000 0.000000 -0.438971
    12 0.729363 -0.000001 0.000002 0.000000 0.000000 -0.243584
    13 3.942326 0.046771 -0.431444 -0.127936 0.112303 -0.562579
    14 1.539093 0.000000 -0.000002 0.000000 0.000000 -0.436113
    15 1.196322 0.000000 0.000000 0.000000 0.000000 -0.705150
    16 3.883688 -0.046771 0.431443 0.085902 0.021830 -0.587867
    17 1.719575 0.000001 0.000001 0.000000 0.005516 -0.366479
    18 1.209183 0.000001 0.000000 0.000000 0.003084 -0.216399
    19 3.859860 -0.137948 1.332467 0.354449 -0.042750 -0.531718
    20 1.719431 0.000001 0.000001 0.000000 0.004074 -0.363009
    21 1.099666 0.000001 -0.000001 0.000000 0.002596 -0.244330
    22 0.806046 -0.348922 1.321259 -1.144000 -0.681467 -0.953527
    23 1.789782 0.000000 -0.000001 0.000000 0.000000 0.228009
    24 1.206998 0.000001 -0.000001 0.000000 0.000000 0.362129
    25 2.033355 1.000771 -1.937610 -1.668474 1.286518 2.942953
    26 6.028142 0.000000 0.000000 1.551281 -0.348457 -1.268936
    27 11.692553 0.000001 -0.000001 0.000000 0.000000 -0.879874
    28 11.481698 0.000000 0.000001 -1.293790 -0.258337 0.046380
    29 3.859674 -0.132568 1.193108 0.059659 -0.509815 0.325617
    30 1.312561 -0.000001 0.000002 0.000000 0.000000 -0.527091
    31 0.729364 0.000000 0.000001 0.000000 0.000000 -0.182464
    32 3.942296 0.050328 0.431044 -0.001457 -0.169168 0.386922
    33 1.539096 -0.000001 0.000000 0.000000 0.000000 -0.247837
    34 1.196323 0.000000 -0.000001 0.000000 0.000000 -0.751742
    35 3.883657 -0.050328 -0.431042 -0.079894 0.040056 0.175804
    36 1.719577 0.000001 0.000001 -0.002229 -0.007662 -0.298835
    37 1.209182 0.000001 0.000000 0.000000 -0.004461 -0.471630
    38 3.859828 -0.148935 -1.331282 -0.251601 0.248918 0.128189
    39 1.719424 -0.000001 0.000002 -0.002493 -0.006122 -0.190665
    40 1.099665 0.000000 0.000001 0.000000 -0.004211 -0.597741
    41 0.806017 -0.359833 -1.318333 1.082781 0.367278 -1.444107
    42 1.789781 0.000000 0.000000 0.000000 0.000000 0.265286
    43 1.206998 0.000001 0.000001 0.000000 0.000000 0.310703
    44 3.483999 -2.623363 0.559220 0.000000 0.000000 0.000000
  time 54
    0 0.000000 0.000000 -67.998169 1.570796 0.000000 0.000000
    1 -0.000005 38.566917 4.614095 0.000000 0.000000 0.000000
    2 0.000005 3.345127 -2.981901 1.570796 0.086293 1.570796
    3 4.018332 0.000000 0.000000 0.000000 0.000000 -0.029242
    4 3.518566 0.000000 0.000000 0.000000 0.000000 0.100336
    5 8.942640 0.000000 0.000000 0.000000 0.000000 0.194096
    6 2.033348 1.000767 1.937660 1.596637 -1.286515 2.942961
    7 6.028142 0.000003 0.000000 -1.215147 -0.471435 -0.889423
    8 11.692552 -0.000002 0.000000 0.000000 0.000000 -1.224252
    9 11.481671 -0.000001 -0.000032 1.573171 -0.028074 0.044380
    10 3.859704 -0.142405 -1.191971 -0.447816 0.223161 -0.786337
    11 1.312562 -0.000001 -0.000002 0.000000 0.000000 -0.438971
    12 0.729363 -0.000001 0.000002 0.000000 0.000000 -0.243584
    13 3.942326 0.046771 -0.431444 -0.127924 0.112315 -0.562495
    14 1.539093 0.000000 -0.000002 0.000000 0.000000 -0.436113
    15 1.196322 0.000000 0.000000 0.000000 0.000000 -0.705150
    16 3.883688 -0.046771 0.431443 0.085902 0.021830 -0.587867
    17 1.719575 0.000001 0.000001 0.000000 0.005516 -0.366479
    18 1.209183 0.000001 0.000000 0.000000 0.003084 -0.216399
    19 3.859860 -0.137948 1.332467 0.354449 -0.042750 -0.531718
    20 1.719431 0.000001 0.000001 0.000000 0.004074 -0.363009
    21 1.099666 0.000001 -0.000001 0.000000 0.002596 -0.244330
    22 0.806046 -0.348922 1.321259 -1.144000 -0.681480 -0.953527
    23 1.789782 0.000000 -0.000001 0.000000 0.000000 0.228009
    24 1.206998 0.000001 -0.000001 0.000000 0.000000 0.362129
    25 2.033355 1.000771 -1.937610 -1.668474 1.286518 2.942953
    26 6.028142 0.000000 0.000000 1.507906 -0.339310 -1.261851
    27 11.692553 0.000001 -0.000001 0.000000 0.000000 -0.842680
    28 11.481698 0.000000 0.000001 -1.289345 -0.243691 0.008680
    29 3.859674 -0.132568 1.193108 0.059659 -0.509815 0.325617
    30 1.312561 -0.000001 0.000002 0.000000 0.000000 -0.527091
    31 0.729364 0.000000 0.000001 0.000000 0.000000 -0.182464
    32 3.942296 0.050328 0.431044 -0.001457 -0.169168 0.386922
    33 1.539096 -0.000001 0.000000 0.000000 0.000000 -0.247837
    34 1.196323 0.000000 -0.000001 0.000000 0.000000 -0.751742
    35 3.883657 -0.050328 -0.431042 -0.079894 0.040056 0.175804
    36 1.719577 0.000001 0.000001 -0.002229 -0.007662 -0.298835
    37 1.209182 0.000001 0.000000 0.000000 -0.004461 -0.471630
    38 3.859828 -0.148935 -1.331282 -0.251601 0.248918 0.128189
    39 1.719424 -0.000001 0.000002 -0.002493 -0.006122 -0.190665
    40 1.099665 0.000000 0.000001 0.000000 -0.004211 -0.597741
    41 0.806017 -0.359833 -1.318333 1.082781 0.367278 -1.444107
    42 1.789781 0.000000 0.000000 0.000000 0.000000 0.265286
    43 1.206998 0.000001 0.000001 0.000000 0.000000 0.310703
    44 3.483999 -2.623363 0.559220 0.000000 0.000000 0.000000
  time 55
    0 0.000000 0.000000 -67.998169 1.570796 0.000000 0.000000
    1 -0.000005 38.566917 4.614095 0.000000 0.000000 0.000000
    2 0.000005 3.345127 -2.981901 1.570796 0.086293 1.570796
    3 4.018332 0.000000 0.000000 0.000000 0.000000 -0.029242
    4 3.518566 0.000000 0.000000 0.000000 0.000000 0.100336
    5 8.942640 0.000000 0.000000 0.000000 0.000000 0.194096
    6 2.033348 1.000767 1.937660 1.596637 -1.286515 2.942961
    7 6.028142 0.000003 0.000000 -1.215147 -0.471435 -0.889423
    8 11.692552 -0.000002 0.000000 0.000000 0.000000 -1.224252
    9 11.481671 -0.000001 -0.000032 1.573171 -0.028074 0.044380
    10 3.859704 -0.142405 -1.191971 -0.447816 0.223161 -0.786337
    11 1.312562 -0.000001 -0.000002 0.000000 0.000000 -0.438971
    12 0.729363 -0.000001 0.000002 0.000000 0.000000 -0.243584
    13 3.942326 0.046771 -0.431444 -0.127912 0.112327 -0.562391
    14 1.539093 0.000000 -0.000002 0.000000 0.000000 -0.436113
    15 1.196322 0.000000 0.000000 0.000000 0.000000 -0.705150
    16 3.883688 -0.046771 0.431443 0.085902 0.021830 -0.587867
    17 1.719575 0.000001 0.000001 0.000000 0.005516 -0.366479
    18 1.209183 0.000001 0.000000 0.000000 0.003084 -0.216399
    19 3.859860 -0.137948 1.332467 0.354449 -0.042750 -0.531718
    20 1.719431 0.000001 0.000001 0.000000 0.004074 -0.363009
    21 1.099666 0.000001 -0.000001 0.000000 0.002596 -0.244330
    22 0.806046 -0.348922 1.321259 -1.144000 -0.681480 -0.953527
    23 1.789782 0.000000 -0.000001 0.000000 0.000000 0.228009
    24 1.206998 0.000001 -0.000001 0.000000 0.000000 0.362129
    25 2.033355 1.000771 -1.937610 -1.668474 1.286518 2.942953
    26 6.028142 0.000000 0.000000 1.468716 -0.329781 -1.256208
    27 11.692553 0.000001 -0.000001 0.000000 0.000000 -0.808870
    28 11.481698 0.000000 0.000001 -1.286466 -0.230740 -0.023727
    29 3.859674 -0.132568 1.193108 0.059659 -0.509815 0.325617
    30 1.312561 -0.000001 0.000002 0.000000 0.000000 -0.527091
    31 0.729364 0.000000 0.000001 0.000000 0.000000 -0.182464
    32 3.942296 0.050328 0.431044 -0.001457 -0.169168 0.386922
    33 1.539096 -0.000001 0.000000 0.000000 0.000000 -0.247837
    34 1.196323 0.000000 -0.000001 0.000000 0.000000 -0.751742
    35 3.883657 -0.050328 -0.431042 -0.079894 0.040056 0.175804
    36 1.719577 0.000001 0.000001 -0.002229 -0.007662 -0.298835
    37 1.209182 0.000001 0.000000 0.000000 -0.004461 -0.471630
    38 3.859828 -0.148935 -1.331282 -0.251601 0.248918 0.128189
    39 1.719424 -0.000001 0.000002 -0.002493 -0.006122 -0.190665
    40 1.099665 0.000000 0.000001 0.000000 -0.004211 -0.597741
    41 0.806017 -0.359833 -1.318333 1.082781 0.367278 -1.444107
    42 1.789781 0.000000 0.000000 0.000000 0.000000 0.265286
    43 1.206998 0.000001 0.000001 0.000000 0.000000 0.310703
    44 3.483999 -2.623363 0.559220 0.000000 0.000000 0.000000
  time 56
    0 0.000000 0.000000 -67.998169 1.570796 0.000000 0.000000
    1 -0.000005 38.566917 4.614095 0.000000 0.000000 0.000000
    2 0.000005 3.345127 -2.981901 1.570796 0.086293 1.570796
    3 4.018332 0.000000 0.000000 0.000000 0.000000 -0.029242
    4 3.518566 0.000000 0.000000 0.000000 0.000000 0.100336
    5 8.942640 0.000000 0.000000 0.000000 0.000000 0.194096
    6 2.033348 1.000767 1.937660 1.596637 -1.286515 2.942961
    7 6.028142 0.000003 0.000000 -1.215147 -0.471435 -0.889423
    8 11.692552 -0.000002 0.000000 0.000000 0.000000 -1.224252
    9 11.481671 -0.000001 -0.000032 1.573171 -0.028074 0.044380
    10 3.859704 -0.142405 -1.191971 -0.447816 0.223161 -0.786337
    11 1.312562 -0.000001 -0.000002 0.000000 0.000000 -0.438971
    12 0.729363 -0.000001 0.000002 0.000000 0.000000 -0.243584
    13 3.942326 0.046771 -0.431444 -0.127900 0.112339 -0.562287
    14 1.539093 0.000000 -0.000002 0.000000 0.000000 -0.436113
    15 1.196322 0.000000 0.000000 0.000000 0.000000 -0.705150
    16 3.883688 -0.046771 0.431443 0.085902 0.021830 -0.587867
    17 1.719575 0.000001 0.000001 0.000000 0.005516 -0.366479
    18 1.209183 0.000001 0.000000 0.000000 0.003084 -0.216399
    19 3.859860 -0.137948 1.332467 0.354449 -0.042750 -0.531718
    20 1.719431 0.000001 0.000001 0.000000 0.004074 -0.363009
    21 1.099666 0.000001 -0.000001 0.000000 0.002596 -0.244330
    22 0.806046 -0.348922 1.321259 -1.144000 -0.681480 -0.953527
    23 1.789782 0.000000 -0.000001 0.000000 0.000000 0.228009
    24 1.206998 0.000001 -0.000001 0.000000 0.000000 0.362129
    25 2.033355 1.000771 -1.937610 -1.668474 1.286518 2.942953
    26 6.028142 0.000000 0.000000 1.432834 -0.320306 -1.251825
    27 11.692553 0.000001 -0.000001 0.000000 0.000000 -0.778525
    28 11.481698 0.000000 0.000001 -1.284546 -0.219121 -0.052421
    29 3.859674 -0.132568 1.193108 0.059659 -0.509815 0.325617
    30 1.312561 -0.000001 0.000002 0.000000 0.000000 -0.527091
    31 0.729364 0.000000 0.000001 0.000000 0.000000 -0.182464
    32 3.942296 0.050328 0.431044 -0.001457 -0.169168 0.386922
    33 1.539096 -0.000001 0.000000 0.000000 0.000000 -0.247837
    34 1.196323 0.000000 -0.000001 0.000000 0.000000 -0.751742
    35 3.883657 -0.050328 -0.431042 -0.079894 0.040056 0.175804
    36 1.719577 0.000001 0.000001 -0.002229 -0.007662 -0.298835
    37 1.209182 0.000001 0.000000 0.000000 -0.004461 -0.471630
    38 3.859828 -0.148935 -1.331282 -0.251601 0.248918 0.128189
    39 1.719424 -0.000001 0.000002 -0.002493 -0.006122 -0.190665
    40 1.099665 0.000000 0.000001 0.000000 -0.004211 -0.597741
    41 0.806017 -0.359833 -1.318333 1.082781 0.367278 -1.444107
    42 1.789781 0.000000 0.000000 0.000000 0.000000 0.265286
    43 1.206998 0.000001 0.000001 0.000000 0.000000 0.310703
    44 3.483999 -2.623363 0.559220 0.000000 0.000000 0.000000
  time 57
    0 0.000000 0.000000 -67.998169 1.570796 0.000000 0.000000
    1 -0.000005 38.566917 4.614095 0.000000 0.000000 0.000000
    2 0.000005 3.345127 -2.981901 1.570796 0.086293 1.570796
    3 4.018332 0.000000 0.000000 0.000000 0.000000 -0.029242
    4 3.518566 0.000000 0.000000 0.000000 0.000000 0.100336
    5 8.942640 0.000000 0.000000 0.000000 0.000000 0.194096
    6 2.033348 1.000767 1.937660 1.596637 -1.286515 2.942961
    7 6.028142 0.000003 0.000000 -1.215147 -0.471435 -0.889423
    8 11.692552 -0.000002 0.000000 0.000000 0.000000 -1.224252
    9 11.481671 -0.000001 -0.000032 1.573171 -0.028074 0.044380
    10 3.859704 -0.142405 -1.191971 -0.447816 0.223161 -0.786337
    11 1.312562 -0.000001 -0.000002 0.000000 0.000000 -0.438971
    12 0.729363 -0.000001 0.000002 0.000000 0.000000 -0.243584
    13 3.942326 0.046771 -0.431444 -0.127888 0.112351 -0.562203
    14 1.539093 0.000000 -0.000002 0.000000 0.000000 -0.436113
    15 1.196322 0.000000 0.000000 0.000000 0.000000 -0.705150
    16 3.883688 -0.046771 0.431443 0.085902 0.021830 -0.587867
    17 1.719575 0.000001 0.000001 0.000000 0.005516 -0.366479
    18 1.209183 0.000001 0.000000 0.000000 0.003084 -0.216399
    19 3.859860 -0.137948 1.332467 0.354449 -0.042750 -0.531718
    20 1.719431 0.000001 0.000001 0.000000 0.004074 -0.363009
    21 1.099666 0.000001 -0.000001 0.000000 0.002596 -0.244330
    22 0.806046 -0.348922 1.321259 -1.144000 -0.681480 -0.953527
    23 1.789782 0.000000 -0.000001 0.000000 0.000000 0.228009
    24 1.206998 0.000001 -0.000001 0.000000 0.000000 0.362129
    25 2.033355 1.000771 -1.937610 -1.668474 1.286518 2.942953
    26 6.028142 0.000000 0.000000 1.402050 -0.311652 -1.248643
    27 11.692553 0.000001 -0.000001 0.000000 0.000000 -0.752824
    28 11.481698 0.000000 0.000001 -1.283485 -0.209226 -0.076382
    29 3.859674 -0.132568 1.193108 0.059659 -0.509815 0.325617
    30 1.312561 -0.000001 0.000002 0.000000 0.000000 -0.527091
    31 0.729364 0.000000 0.000001 0.000000 0.000000 -0.182464
    32 3.942296 0.050328 0.431044 -0.001457 -0.169168 0.386922
    33 1.539096 -0.000001 0.000000 0.000000 0.000000 -0.247837
    34 1.196323 0.000000 -0.000001 0.000000 0.000000 -0.751742
    35 3.883657 -0.050328 -0.431042 -0.079894 0.040056 0.175804
    36 1.719577 0.000001 0.000001 -0.002229 -0.007662 -0.298835
    37 1.209182 0.000001 0.000000 0.000000 -0.004461 -0.471630
    38 3.859828 -0.148935 -1.331282 -0.251601 0.248918 0.128189
    39 1.719424 -0.000001 0.000002 -0.002493 -0.006122 -0.190665
    40 1.099665 0.000000 0.000001 0.000000 -0.004211 -0.597741
    41 0.806017 -0.359833 -1.318333 1.082781 0.367278 -1.444107
    42 1.789781 0.000000 0.000000 0.000000 0.000000 0.265286
    43 1.206998 0.000001 0.000001 0.000000 0.000000 0.310703
    44 3.483999 -2.623363 0.559220 0.000000 0.000000 0.000000
  time 58
    0 0.000000 0.000000 -67.998169 1.570796 0.000000 0.000000
    1 -0.000005 38.566917 4.614095 0.000000 0.000000 0.000000
    2 0.000005 3.345127 -2.981901 1.570796 0.086293 1.570796
    3 4.018332 0.000000 0.000000 0.000000 0.000000 -0.029242
    4 3.518566 0.000000 0.000000 0.000000 0.000000 0.100336
    5 8.942640 0.000000 0.000000 0.000000 0.000000 0.194096
    6 2.033348 1.000767 1.937660 1.596637 -1.286515 2.942961
    7 6.028142 0.000003 0.000000 -1.215147 -0.471435 -0.889423
    8 11.692552 -0.000002 0.000000 0.000000 0.000000 -1.224252
    9 11.481671 -0.000001 -0.000032 1.573171 -0.028074 0.044380
    10 3.859704 -0.142405 -1.191971 -0.447816 0.223161 -0.786337
    11 1.312562 -0.000001 -0.000002 0.000000 0.000000 -0.438971
    12 0.729363 -0.000001 0.000002 0.000000 0.000000 -0.243584
    13 3.942326 0.046771 -0.431444 -0.127888 0.112363 -0.562099
    14 1.539093 0.000000 -0.000002 0.000000 0.000000 -0.436113
    15 1.196322 0.000000 0.000000 0.000000 0.000000 -0.705150
    16 3.883688 -0.046771 0.431443 0.085902 0.021830 -0.587867
    17 1.719575 0.000001 0.000001 0.000000 0.005516 -0.366479
    18 1.209183 0.000001 0.000000 0.000000 0.003084 -0.216399
    19 3.859860 -0.137948 1.332467 0.354449 -0.042750 -0.531718
    20 1.719431 0.000001 0.000001 0.000000 0.004074 -0.363009
    21 1.099666 0.000001 -0.000001 0.000000 0.002596 -0.244330
    22 0.806046 -0.348922 1.321259 -1.144000 -0.681480 -0.953527
    23 1.789782 0.000000 -0.000001 0.000000 0.000000 0.228009
    24 1.206998 0.000001 -0.000001 0.000000 0.000000 0.362129
    25 2.033355 1.000771 -1.937610 -1.668474 1.286518 2.942953
    26 6.028142 0.000000 0.000000 1.378117 -0.304533 -1.246602
    27 11.692553 0.000001 -0.000001 0.000000 0.000000 -0.733026
    28 11.481698 0.000000 0.000001 -1.282980 -0.201630 -0.094689
    29 3.859674 -0.132568 1.193108 0.059659 -0.509815 0.325617
    30 1.312561 -0.000001 0.000002 0.000000 0.000000 -0.527091
    31 0.729364 0.000000 0.000001 0.000000 0.000000 -0.182464
    32 3.942296 0.050328 0.431044 -0.001457 -0.169168 0.386922
    33 1.539096 -0.000001 0.000000 0.000000 0.000000 -0.247837
    34 1.196323 0.000000 -0.000001 0.000000 0.000000 -0.751742
    35 3.883657 -0.050328 -0.431042 -0.079894 0.040056 0.175804
    36 1.719577 0.000001 0.000001 -0.002229 -0.007662 -0.298835
    37 1.209182 0.000001 0.000000 0.000000 -0.004461 -0.471630
    38 3.859828 -0.148935 -1.331282 -0.251601 0.248918 0.128189
    39 1.719424 -0.000001 0.000002 -0.002493 -0.006122 -0.190665
    40 1.099665 0.000000 0.000001 0.000000 -0.004211 -0.597741
    41 0.806017 -0.359833 -1.318333 1.082781 0.367278 -1.444107
    42 1.789781 0.000000 0.000000 0.000000 0.000000 0.265286
    43 1.206998 0.000001 0.000001 0.000000 0.000000 0.310703
    44 3.483999 -2.623363 0.559220 0.000000 0.000000 0.000000
  time 59
    0 0.000000 0.000000 -67.998169 1.570796 0.000000 0.000000
    1 -0.000005 38.566917 4.614095 0.000000 0.000000 0.000000
    2 0.000005 3.345127 -2.981901 1.570796 0.086293 1.570796
    3 4.018332 0.000000 0.000000 0.000000 0.000000 -0.029242
    4 3.518566 0.000000 0.000000 0.000000 0.000000 0.100336
    5 8.942640 0.000000 0.000000 0.000000 0.000000 0.194096
    6 2.033348 1.000767 1.937660 1.596637 -1.286515 2.942961
    7 6.028142 0.000003 0.000000 -1.215147 -0.471435 -0.889423
    8 11.692552 -0.000002 0.000000 0.000000 0.000000 -1.224252
    9 11.481671 -0.000001 -0.000032 1.573171 -0.028074 0.044380
    10 3.859704 -0.142405 -1.191971 -0.447816 0.223161 -0.786337
    11 1.312562 -0.000001 -0.000002 0.000000 0.000000 -0.438971
    12 0.729363 -0.000001 0.000002 0.000000 0.000000 -0.243584
    13 3.942326 0.046771 -0.431444 -0.127876 0.112375 -0.561995
    14 1.539093 0.000000 -0.000002 0.000000 0.000000 -0.436113
    15 1.196322 0.000000 0.000000 0.000000 0.000000 -0.705150
    16 3.883688 -0.046771 0.431443 0.085902 0.021830 -0.587867
    17 1.719575 0.000001 0.000001 0.000000 0.005516 -0.366479
    18 1.209183 0.000001 0.000000 0.000000 0.003084 -0.216399
    19 3.859860 -0.137948 1.332467 0.354449 -0.042750 -0.531718
    20 1.719431 0.000001 0.000001 0.000000 0.004074 -0.363009
    21 1.099666 0.000001 -0.000001 0.000000 0.002596 -0.244330
    22 0.806046 -0.348922 1.321259 -1.144000 -0.681480 -0.953527
    23 1.789782 0.000000 -0.000001 0.000000 0.000000 0.228009
    24 1.206998 0.000001 -0.000001 0.000000 0.000000 0.362129
    25 2.033355 1.000771 -1.937610 -1.668474 1.286518 2.942953
    26 6.028142 0.000000 0.000000 1.362691 -0.299877 -1.245461
    27 11.692553 0.000001 -0.000001 0.000000 0.000000 -0.720353
    28 11.481698 0.000000 0.000001 -1.282778 -0.196728 -0.106390
    29 3.859674 -0.132568 1.193108 0.059659 -0.509815 0.325617
    30 1.312561 -0.000001 0.000002 0.000000 0.000000 -0.527091
    31 0.729364 0.000000 0.000001 0.000000 0.000000 -0.182464
    32 3.942296 0.050328 0.431044 -0.001457 -0.169168 0.386922
    33 1.539096 -0.000001 0.000000 0.000000 0.000000 -0.247837
    34 1.196323 0.000000 -0.000001 0.000000 0.000000 -0.751742
    35 3.883657 -0.050328 -0.431042 -0.079894 0.040056 0.175804
    36 1.719577 0.000001 0.000001 -0.002229 -0.007662 -0.298835
    37 1.209182 0.000001 0.000000 0.000000 -0.004461 -0.471630
    38 3.859828 -0.148935 -1.331282 -0.251601 0.248918 0.128189
    39 1.719424 -0.000001 0.000002 -0.002493 -0.006122 -0.190665
    40 1.099665 0.000000 0.000001 0.000000 -0.004211 -0.597741
    41 0.806017 -0.359833 -1.318333 1.082781 0.367278 -1.444107
    42 1.789781 0.000000 0.000000 0.000000 0.000000 0.265286
    43 1.206998 0.000001 0.000001 0.000000 0.000000 0.310703
    44 3.483999 -2.623363 0.559220 0.000000 0.000000 0.000000
  time 60
    0 0.000000 0.000000 -67.998169 1.570796 0.000000 0.000000
    1 -0.000005 38.566917 4.614095 0.000000 0.000000 0.000000
    2 0.000005 3.345127 -2.981901 1.570796 0.086293 1.570796
    3 4.018332 0.000000 0.000000 0.000000 0.000000 -0.029242
    4 3.518566 0.000000 0.000000 0.000000 0.000000 0.100336
    5 8.942640 0.000000 0.000000 0.000000 0.000000 0.194096
    6 2.033348 1.000767 1.937660 1.596637 -1.286515 2.942961
    7 6.028142 0.000003 0.000000 -1.215147 -0.471435 -0.889423
    8 11.692552 -0.000002 0.000000 0.000000 0.000000 -1.224252
    9 11.481671 -0.000001 -0.000032 1.573171 -0.028074 0.044380
    10 3.859704 -0.142405 -1.191971 -0.447816 0.223161 -0.786337
    11 1.312562 -0.000001 -0.000002 0.000000 0.000000 -0.438971
    12 0.729363 -0.000001 0.000002 0.000000 0.000000 -0.243584
    13 3.942326 0.046771 -0.431444 -0.127864 0.112387 -0.561911
    14 1.539093 0.000000 -0.000002 0.000000 0.000000 -0.436113
    15 1.196322 0.000000 0.000000 0.000000 0.000000 -0.705150
    16 3.883688 -0.046771 0.431443 0.085902 0.021830 -0.587867
    17 1.719575 0.000001 0.000001 0.000000 0.005516 -0.366479
    18 1.209183 0.000001 0.000000 0.000000 0.003084 -0.216399
    19 3.859860 -0.137948 1.332467 0.354449 -0.042750 -0.531718
    20 1.719431 0.000001 0.000001 0.000000 0.004074 -0.363009
    21 1.099666 0.000001 -0.000001 0.000000 0.002596 -0.244330
    22 0.806046 -0.348922 1.321259 -1.144000 -0.681480 -0.953527
    23 1.789782 0.000000 -0.000001 0.000000 0.000000 0.228009
    24 1.206998 0.000001 -0.000001 0.000000 0.000000 0.362129
    25 2.033355 1.000771 -1.937610 -1.668474 1.286518 2.942953
    26 6.028142 0.000000 0.000000 1.357223 -0.298179 -1.245101
    27 11.692553 0.000001 -0.000001 0.000000 0.000000 -0.715945
    28 11.481698 0.000000 0.000001 -1.282778 -0.195003 -0.110532
    29 3.859674 -0.132568 1.193108 0.059659 -0.509815 0.325617
    30 1.312561 -0.000001 0.000002 0.000000 0.000000 -0.527091
    31 0.729364 0.000000 0.000001 0.000000 0.000000 -0.182464
    32 3.942296 0.050328 0.431044 -0.001457 -0.169168 0.386922
    33 1.539096 -0.000001 0.000000 0.000000 0.000000 -0.247837
    34 1.196323 0.000000 -0.000001 0.000000 0.000000 -0.751742
    35 3.883657 -0.050328 -0.431042 -0.079894 0.040056 0.175804
    36 1.719577 0.000001 0.000001 -0.002229 -0.007662 -0.298835
    37 1.209182 0.000001 0.000000 0.000000 -0.004461 -0.471630
    38 3.859828 -0.148935 -1.331282 -0.251601 0.248918 0.128189
    39 1.719424 -0.000001 0.000002 -0.002493 -0.006122 -0.190665
    40 1.099665 0.000000 0.000001 0.000000 -0.004211 -0.597741
    41 0.806017 -0.359833 -1.318333 1.082781 0.367278 -1.444107
    42 1.789781 0.000000 0.000000 0.000000 0.000000 0.265286
    43 1.206998 0.000001 0.000001 0.000000 0.000000 0.310703
    44 3.483999 -2.623363 0.559220 0.000000 0.000000 0.000000
end
