// Created by Crowbar 0.74
version 1
nodes
  0 "ValveBiped" -1
  1 "ValveBiped.Bip01" 0
  2 "ValveBiped.Bip01_Spine" 1
  3 "ValveBiped.Bip01_Spine1" 2
  4 "ValveBiped.Bip01_Spine2" 3
  5 "ValveBiped.Bip01_Spine4" 4
  6 "ValveBiped.Bip01_L_Clavicle" 5
  7 "ValveBiped.Bip01_L_UpperArm" 6
  8 "ValveBiped.Bip01_L_Forearm" 7
  9 "ValveBiped.Bip01_L_Hand" 8
  10 "ValveBiped.Bip01_L_Finger4" 9
  11 "ValveBiped.Bip01_L_Finger41" 10
  12 "ValveBiped.Bip01_L_Finger42" 11
  13 "ValveBiped.Bip01_L_Finger3" 9
  14 "ValveBiped.Bip01_L_Finger31" 13
  15 "ValveBiped.Bip01_L_Finger32" 14
  16 "ValveBiped.Bip01_L_Finger2" 9
  17 "ValveBiped.Bip01_L_Finger21" 16
  18 "ValveBiped.Bip01_L_Finger22" 17
  19 "ValveBiped.Bip01_L_Finger1" 9
  20 "ValveBiped.Bip01_L_Finger11" 19
  21 "ValveBiped.Bip01_L_Finger12" 20
  22 "ValveBiped.Bip01_L_Finger0" 9
  23 "ValveBiped.Bip01_L_Finger01" 22
  24 "ValveBiped.Bip01_L_Finger02" 23
  25 "ValveBiped.Bip01_R_Clavicle" 5
  26 "ValveBiped.Bip01_R_UpperArm" 25
  27 "ValveBiped.Bip01_R_Forearm" 26
  28 "ValveBiped.Bip01_R_Hand" 27
  29 "ValveBiped.Bip01_R_Finger4" 28
  30 "ValveBiped.Bip01_R_Finger41" 29
  31 "ValveBiped.Bip01_R_Finger42" 30
  32 "ValveBiped.Bip01_R_Finger3" 28
  33 "ValveBiped.Bip01_R_Finger31" 32
  34 "ValveBiped.Bip01_R_Finger32" 33
  35 "ValveBiped.Bip01_R_Finger2" 28
  36 "ValveBiped.Bip01_R_Finger21" 35
  37 "ValveBiped.Bip01_R_Finger22" 36
  38 "ValveBiped.Bip01_R_Finger1" 28
  39 "ValveBiped.Bip01_R_Finger11" 38
  40 "ValveBiped.Bip01_R_Finger12" 39
  41 "ValveBiped.Bip01_R_Finger0" 28
  42 "ValveBiped.Bip01_R_Finger01" 41
  43 "ValveBiped.Bip01_R_Finger02" 42
  44 "ValveBiped.UpperBodyParent" 0
  45 "ValveBiped.UpperBody" 44
  46 "ValveBiped.SpineControlParent" 45
  47 "ValveBiped.SpineControl" 46
  48 "ValveBiped.SpineControl1" 47
  49 "ValveBiped.SpineControl2" 48
  50 "ValveBiped.SpineControl3" 49
  51 "ValveBiped.Bip01_R_Hand1" 50
end
skeleton
  time 0
    0 0.000000 0.000000 -67.998169 1.570796 0.000000 0.000000
    1 -0.000005 24.988378 19.612320 0.000000 0.000000 0.000000
    2 0.000005 3.345128 -2.981901 1.570796 0.304437 1.570796
    3 4.018334 0.000000 0.000000 0.000000 0.000000 -0.029242
    4 3.518569 0.000000 0.000000 0.000000 0.000000 -0.196978
    5 8.942640 0.000000 0.000000 0.000000 0.000000 0.194096
    6 2.033346 1.000767 1.937660 1.596637 -1.286515 2.942961
    7 6.028142 0.000000 0.000000 -1.505267 -0.814928 0.168410
    8 11.692552 -0.000001 0.000002 0.000000 0.000000 -0.959392
    9 11.481668 -0.000001 -0.000034 0.251308 -0.116743 0.140760
    10 3.859703 -0.142405 -1.191971 -0.362411 0.353793 -0.423438
    11 1.312561 -0.000001 0.000001 0.003203 0.009118 -0.101893
    12 0.729363 0.000000 -0.000001 0.001345 0.004786 0.029667
    13 3.942325 0.046771 -0.431440 -0.118512 0.124057 -0.444423
    14 1.539093 -0.000001 0.000001 0.001260 0.004278 0.038760
    15 1.196321 -0.000001 0.000002 0.002744 0.006830 -0.048765
    16 3.883686 -0.046771 0.431444 0.088363 -0.006830 -0.262678
    17 1.719575 -0.000001 0.000003 0.001320 0.005356 -0.124753
    18 1.209182 -0.000001 -0.000002 0.000729 0.002997 0.022348
    19 3.859859 -0.137948 1.332468 0.345271 -0.092270 -0.395911
    20 1.719429 0.000000 0.000001 0.001487 0.003793 0.010685
    21 1.099665 0.000000 0.000001 0.000386 0.002568 -0.095080
    22 0.806047 -0.348922 1.321260 -1.409829 -0.742969 -0.479938
    23 1.789786 0.000000 0.000001 0.000000 0.007387 0.228523
    24 1.206997 0.000000 0.000001 0.000000 0.011267 0.362860
    25 2.033353 1.000771 -1.937610 -1.668475 1.286518 2.942953
    26 6.028143 -0.000001 0.000000 1.629668 0.815103 0.280183
    27 11.692550 -0.000001 -0.000001 0.000000 0.000000 -0.959943
    28 11.481696 0.000000 -0.000001 -0.325188 0.033941 0.129316
    29 3.859673 -0.132568 1.193105 0.285062 -0.419945 -0.226477
    30 1.312562 0.000001 0.000003 -0.002956 -0.011560 -0.189327
    31 0.729365 0.000000 -0.000001 -0.001629 -0.005914 0.024519
    32 3.942294 0.050328 0.431041 0.086028 -0.151392 -0.228105
    33 1.539097 0.000001 0.000000 -0.001532 -0.005650 0.017016
    34 1.196323 0.000001 0.000001 -0.002545 -0.009322 -0.164261
    35 3.883655 -0.050328 -0.431043 -0.089808 0.003109 -0.255702
    36 1.719576 0.000000 -0.000002 -0.002028 -0.007712 -0.109291
    37 1.209182 0.000001 0.000000 -0.002124 -0.003923 0.279918
    38 3.859827 -0.148935 -1.331285 -0.328792 0.140171 -0.247153
    39 1.719424 -0.000003 -0.000001 -0.002684 -0.006044 0.054920
    40 1.099667 0.000000 0.000000 0.000000 -0.004211 -0.244312
    41 0.806017 -0.359832 -1.318336 1.475204 0.827508 -0.381818
    42 1.789785 -0.000001 0.000000 0.000000 -0.006301 0.228555
    43 1.206997 0.000000 0.000000 0.000000 -0.009618 0.362905
    44 0.000156 39.987263 -0.385905 0.000000 0.000000 0.000000
    45 -0.000161 -14.998885 19.998225 0.000000 0.000000 0.000000
    46 0.000005 3.345128 -2.981901 1.570796 0.083193 1.570796
    47 0.000001 0.000000 0.000000 0.000000 0.000000 -0.218144
    48 4.018313 -0.012456 0.000000 0.000000 0.000000 0.000000
    49 3.516727 -0.113777 0.000000 0.000000 0.000000 -0.297314
    50 8.921975 0.607578 0.000000 0.000000 0.000000 0.000000
    51 -0.973545 16.001771 -13.566878 -1.573845 -0.002509 2.094380
  time 1
    0 0.000000 0.000000 -67.998169 1.570796 0.000000 0.000000
    1 -0.000005 24.988378 19.612320 0.000000 0.000000 0.000000
    2 0.000005 3.345128 -2.981901 1.570796 0.304437 1.570796
    3 4.018334 0.000000 0.000000 0.000000 0.000000 -0.029242
    4 3.518569 0.000000 0.000000 -0.000132 -0.002085 -0.196927
    5 8.942640 0.000000 0.000000 0.000000 0.000000 0.194096
    6 2.033346 1.000767 1.937660 1.596637 -1.286515 2.942961
    7 6.028142 0.000000 0.000000 -1.505267 -0.814928 0.168410
    8 11.692552 -0.000001 0.000002 0.000000 0.000000 -0.959392
    9 11.481668 -0.000001 -0.000034 0.251308 -0.116743 0.140760
    10 3.859703 -0.142405 -1.191971 -0.362411 0.353793 -0.423438
    11 1.312561 -0.000001 0.000001 0.003203 0.009118 -0.101893
    12 0.729363 0.000000 -0.000001 0.001345 0.004786 0.029667
    13 3.942325 0.046771 -0.431440 -0.118512 0.124057 -0.444423
    14 1.539093 -0.000001 0.000001 0.001260 0.004278 0.038760
    15 1.196321 -0.000001 0.000002 0.002744 0.006830 -0.048765
    16 3.883686 -0.046771 0.431444 0.088363 -0.006830 -0.262678
    17 1.719575 -0.000001 0.000003 0.001320 0.005356 -0.124753
    18 1.209182 -0.000001 -0.000002 0.000729 0.002997 0.022348
    19 3.859859 -0.137948 1.332468 0.345271 -0.092270 -0.395911
    20 1.719429 0.000000 0.000001 0.001487 0.003793 0.010685
    21 1.099665 0.000000 0.000001 0.000386 0.002568 -0.095080
    22 0.806047 -0.348922 1.321260 -1.409829 -0.742969 -0.479938
    23 1.789786 0.000000 0.000001 0.000000 0.007387 0.228523
    24 1.206997 0.000000 0.000001 0.000000 0.011267 0.362860
    25 2.033353 1.000771 -1.937610 -1.668475 1.286518 2.942953
    26 6.028143 -0.000001 0.000000 1.629668 0.815103 0.280183
    27 11.692550 -0.000001 -0.000001 0.000000 0.000000 -0.959943
    28 11.481696 0.000000 -0.000001 -0.325188 0.033941 0.129316
    29 3.859673 -0.132568 1.193105 0.285062 -0.419945 -0.226477
    30 1.312562 0.000001 0.000003 -0.002956 -0.011560 -0.189327
    31 0.729365 0.000000 -0.000001 -0.001629 -0.005914 0.024519
    32 3.942294 0.050328 0.431041 0.086028 -0.151392 -0.228105
    33 1.539097 0.000001 0.000000 -0.001532 -0.005650 0.017016
    34 1.196323 0.000001 0.000001 -0.002545 -0.009322 -0.164261
    35 3.883655 -0.050328 -0.431043 -0.089808 0.003109 -0.255702
    36 1.719576 0.000000 -0.000002 -0.002028 -0.007712 -0.109291
    37 1.209182 0.000001 0.000000 -0.002124 -0.003923 0.279918
    38 3.859827 -0.148935 -1.331285 -0.328792 0.140171 -0.247153
    39 1.719424 -0.000003 -0.000001 -0.002684 -0.006044 0.054920
    40 1.099667 0.000000 0.000000 0.000000 -0.004211 -0.244312
    41 0.806017 -0.359832 -1.318336 1.475204 0.827508 -0.381818
    42 1.789785 -0.000001 0.000000 0.000000 -0.006301 0.228555
    43 1.206997 0.000000 0.000000 0.000000 -0.009618 0.362905
    44 0.000156 39.987263 -0.385905 0.000000 0.000000 0.000000
    45 -0.000161 -14.998885 19.998225 0.000000 0.000000 0.000000
    46 0.000005 3.345128 -2.981901 1.570796 0.083193 1.570796
    47 0.000001 0.000000 0.000000 0.000000 0.000000 -0.218144
    48 4.018313 -0.012456 0.000000 0.000000 0.000000 0.000000
    49 3.516727 -0.113777 0.000000 0.000000 -0.002085 -0.297263
    50 8.921975 0.607578 0.000000 0.000000 0.000000 0.000000
    51 -0.973545 16.001771 -13.566878 -1.573845 -0.002509 2.094380
  time 2
    0 0.000000 0.000000 -67.998169 1.570796 0.000000 0.000000
    1 -0.000005 24.988378 19.612320 0.000000 0.000000 0.000000
    2 0.000005 3.345128 -2.981901 1.570796 0.304437 1.570796
    3 4.018334 0.000000 0.000000 0.000000 0.000000 -0.029242
    4 3.518569 0.000000 0.000000 -0.000276 -0.004147 -0.196723
    5 8.942640 0.000000 0.000000 0.000000 0.000000 0.194096
    6 2.033346 1.000767 1.937660 1.596637 -1.286515 2.942961
    7 6.028142 0.000000 0.000000 -1.505267 -0.814928 0.168410
    8 11.692552 -0.000001 0.000002 0.000000 0.000000 -0.959392
    9 11.481668 -0.000001 -0.000034 0.251308 -0.116743 0.140760
    10 3.859703 -0.142405 -1.191971 -0.362411 0.353793 -0.423438
    11 1.312561 -0.000001 0.000001 0.003203 0.009118 -0.101893
    12 0.729363 0.000000 -0.000001 0.001345 0.004786 0.029667
    13 3.942325 0.046771 -0.431440 -0.118512 0.124057 -0.444423
    14 1.539093 -0.000001 0.000001 0.001260 0.004278 0.038760
    15 1.196321 -0.000001 0.000002 0.002744 0.006830 -0.048765
    16 3.883686 -0.046771 0.431444 0.088363 -0.006830 -0.262678
    17 1.719575 -0.000001 0.000003 0.001320 0.005356 -0.124753
    18 1.209182 -0.000001 -0.000002 0.000729 0.002997 0.022348
    19 3.859859 -0.137948 1.332468 0.345271 -0.092270 -0.395911
    20 1.719429 0.000000 0.000001 0.001487 0.003793 0.010685
    21 1.099665 0.000000 0.000001 0.000386 0.002568 -0.095080
    22 0.806047 -0.348922 1.321260 -1.409829 -0.742969 -0.479938
    23 1.789786 0.000000 0.000001 0.000000 0.007387 0.228523
    24 1.206997 0.000000 0.000001 0.000000 0.011267 0.362860
    25 2.033353 1.000771 -1.937610 -1.668475 1.286518 2.942953
    26 6.028143 -0.000001 0.000000 1.629668 0.815103 0.280183
    27 11.692550 -0.000001 -0.000001 0.000000 0.000000 -0.959943
    28 11.481696 0.000000 -0.000001 -0.325188 0.033941 0.129316
    29 3.859673 -0.132568 1.193105 0.285062 -0.419945 -0.226477
    30 1.312562 0.000001 0.000003 -0.002956 -0.011560 -0.189327
    31 0.729365 0.000000 -0.000001 -0.001629 -0.005914 0.024519
    32 3.942294 0.050328 0.431041 0.086028 -0.151392 -0.228105
    33 1.539097 0.000001 0.000000 -0.001532 -0.005650 0.017016
    34 1.196323 0.000001 0.000001 -0.002545 -0.009322 -0.164261
    35 3.883655 -0.050328 -0.431043 -0.089808 0.003109 -0.255702
    36 1.719576 0.000000 -0.000002 -0.002028 -0.007712 -0.109291
    37 1.209182 0.000001 0.000000 -0.002124 -0.003923 0.279918
    38 3.859827 -0.148935 -1.331285 -0.328792 0.140171 -0.247153
    39 1.719424 -0.000003 -0.000001 -0.002684 -0.006044 0.054920
    40 1.099667 0.000000 0.000000 0.000000 -0.004211 -0.244312
    41 0.806017 -0.359832 -1.318336 1.475204 0.827508 -0.381818
    42 1.789785 -0.000001 0.000000 0.000000 -0.006301 0.228555
    43 1.206997 0.000000 0.000000 0.000000 -0.009618 0.362905
    44 0.000156 39.987263 -0.385905 0.000000 0.000000 0.000000
    45 -0.000161 -14.998885 19.998225 0.000000 0.000000 0.000000
    46 0.000005 3.345128 -2.981901 1.570796 0.083193 1.570796
    47 0.000001 0.000000 0.000000 0.000000 0.000000 -0.218144
    48 4.018313 -0.012456 0.000000 0.000000 0.000000 0.000000
    49 3.516727 -0.113777 0.000000 0.000000 -0.004159 -0.297059
    50 8.921975 0.607578 0.000000 0.000000 0.000000 0.000000
    51 -0.973545 16.001771 -13.566878 -1.573845 -0.002509 2.094380
  time 3
    0 0.000000 0.000000 -67.998169 1.570796 0.000000 0.000000
    1 -0.000005 24.988378 19.612320 0.000000 0.000000 0.000000
    2 0.000005 3.345128 -2.981901 1.570796 0.304437 1.570796
    3 4.018334 0.000000 0.000000 0.000000 0.000000 -0.029242
    4 3.518569 0.000000 0.000000 -0.000419 -0.006184 -0.196417
    5 8.942640 0.000000 0.000000 0.000000 0.000000 0.194096
    6 2.033346 1.000767 1.937660 1.596637 -1.286515 2.942961
    7 6.028142 0.000000 0.000000 -1.505267 -0.814928 0.168410
    8 11.692552 -0.000001 0.000002 0.000000 0.000000 -0.959392
    9 11.481668 -0.000001 -0.000034 0.251308 -0.116743 0.140760
    10 3.859703 -0.142405 -1.191971 -0.362411 0.353793 -0.423438
    11 1.312561 -0.000001 0.000001 0.003203 0.009118 -0.101893
    12 0.729363 0.000000 -0.000001 0.001345 0.004786 0.029667
    13 3.942325 0.046771 -0.431440 -0.118512 0.124057 -0.444423
    14 1.539093 -0.000001 0.000001 0.001260 0.004278 0.038760
    15 1.196321 -0.000001 0.000002 0.002744 0.006830 -0.048765
    16 3.883686 -0.046771 0.431444 0.088363 -0.006830 -0.262678
    17 1.719575 -0.000001 0.000003 0.001320 0.005356 -0.124753
    18 1.209182 -0.000001 -0.000002 0.000729 0.002997 0.022348
    19 3.859859 -0.137948 1.332468 0.345271 -0.092270 -0.395911
    20 1.719429 0.000000 0.000001 0.001487 0.003793 0.010685
    21 1.099665 0.000000 0.000001 0.000386 0.002568 -0.095080
    22 0.806047 -0.348922 1.321260 -1.409829 -0.742969 -0.479938
    23 1.789786 0.000000 0.000001 0.000000 0.007387 0.228523
    24 1.206997 0.000000 0.000001 0.000000 0.011267 0.362860
    25 2.033353 1.000771 -1.937610 -1.668475 1.286518 2.942953
    26 6.028143 -0.000001 0.000000 1.629668 0.815103 0.280183
    27 11.692550 -0.000001 -0.000001 0.000000 0.000000 -0.959943
    28 11.481696 0.000000 -0.000001 -0.325188 0.033941 0.129316
    29 3.859673 -0.132568 1.193105 0.285062 -0.419945 -0.226477
    30 1.312562 0.000001 0.000003 -0.002956 -0.011560 -0.189327
    31 0.729365 0.000000 -0.000001 -0.001629 -0.005914 0.024519
    32 3.942294 0.050328 0.431041 0.086028 -0.151392 -0.228105
    33 1.539097 0.000001 0.000000 -0.001532 -0.005650 0.017016
    34 1.196323 0.000001 0.000001 -0.002545 -0.009322 -0.164261
    35 3.883655 -0.050328 -0.431043 -0.089808 0.003109 -0.255702
    36 1.719576 0.000000 -0.000002 -0.002028 -0.007712 -0.109291
    37 1.209182 0.000001 0.000000 -0.002124 -0.003923 0.279918
    38 3.859827 -0.148935 -1.331285 -0.328792 0.140171 -0.247153
    39 1.719424 -0.000003 -0.000001 -0.002684 -0.006044 0.054920
    40 1.099667 0.000000 0.000000 0.000000 -0.004211 -0.244312
    41 0.806017 -0.359832 -1.318336 1.475204 0.827508 -0.381818
    42 1.789785 -0.000001 0.000000 0.000000 -0.006301 0.228555
    43 1.206997 0.000000 0.000000 0.000000 -0.009618 0.362905
    44 0.000156 39.987263 -0.385905 0.000000 0.000000 0.000000
    45 -0.000161 -14.998885 19.998225 0.000000 0.000000 0.000000
    46 0.000005 3.345128 -2.981901 1.570796 0.083193 1.570796
    47 0.000001 0.000000 0.000000 0.000000 0.000000 -0.218144
    48 4.018313 -0.012456 0.000000 0.000000 0.000000 0.000000
    49 3.516727 -0.113777 0.000000 0.000000 -0.006196 -0.296753
    50 8.921975 0.607578 0.000000 0.000000 0.000000 0.000000
    51 -0.973545 16.001771 -13.566878 -1.573845 -0.002509 2.094380
  time 4
    0 0.000000 0.000000 -67.998169 1.570796 0.000000 0.000000
    1 -0.000005 24.988378 19.612320 0.000000 0.000000 0.000000
    2 0.000005 3.345128 -2.981901 1.570796 0.304437 1.570796
    3 4.018334 0.000000 0.000000 0.000000 0.000000 -0.029242
    4 3.518569 0.000000 0.000000 -0.000551 -0.008162 -0.196009
    5 8.942640 0.000000 0.000000 0.000000 0.000000 0.194096
    6 2.033346 1.000767 1.937660 1.596637 -1.286515 2.942961
    7 6.028142 0.000000 0.000000 -1.505267 -0.814928 0.168410
    8 11.692552 -0.000001 0.000002 0.000000 0.000000 -0.959392
    9 11.481668 -0.000001 -0.000034 0.251308 -0.116743 0.140760
    10 3.859703 -0.142405 -1.191971 -0.362411 0.353793 -0.423438
    11 1.312561 -0.000001 0.000001 0.003203 0.009118 -0.101893
    12 0.729363 0.000000 -0.000001 0.001345 0.004786 0.029667
    13 3.942325 0.046771 -0.431440 -0.118512 0.124057 -0.444423
    14 1.539093 -0.000001 0.000001 0.001260 0.004278 0.038760
    15 1.196321 -0.000001 0.000002 0.002744 0.006830 -0.048765
    16 3.883686 -0.046771 0.431444 0.088363 -0.006830 -0.262678
    17 1.719575 -0.000001 0.000003 0.001320 0.005356 -0.124753
    18 1.209182 -0.000001 -0.000002 0.000729 0.002997 0.022348
    19 3.859859 -0.137948 1.332468 0.345271 -0.092270 -0.395911
    20 1.719429 0.000000 0.000001 0.001487 0.003793 0.010685
    21 1.099665 0.000000 0.000001 0.000386 0.002568 -0.095080
    22 0.806047 -0.348922 1.321260 -1.409829 -0.742969 -0.479938
    23 1.789786 0.000000 0.000001 0.000000 0.007387 0.228523
    24 1.206997 0.000000 0.000001 0.000000 0.011267 0.362860
    25 2.033353 1.000771 -1.937610 -1.668475 1.286518 2.942953
    26 6.028143 -0.000001 0.000000 1.629668 0.815103 0.280183
    27 11.692550 -0.000001 -0.000001 0.000000 0.000000 -0.959943
    28 11.481696 0.000000 -0.000001 -0.325188 0.033941 0.129316
    29 3.859673 -0.132568 1.193105 0.285062 -0.419945 -0.226477
    30 1.312562 0.000001 0.000003 -0.002956 -0.011560 -0.189327
    31 0.729365 0.000000 -0.000001 -0.001629 -0.005914 0.024519
    32 3.942294 0.050328 0.431041 0.086028 -0.151392 -0.228105
    33 1.539097 0.000001 0.000000 -0.001532 -0.005650 0.017016
    34 1.196323 0.000001 0.000001 -0.002545 -0.009322 -0.164261
    35 3.883655 -0.050328 -0.431043 -0.089808 0.003109 -0.255702
    36 1.719576 0.000000 -0.000002 -0.002028 -0.007712 -0.109291
    37 1.209182 0.000001 0.000000 -0.002124 -0.003923 0.279918
    38 3.859827 -0.148935 -1.331285 -0.328792 0.140171 -0.247153
    39 1.719424 -0.000003 -0.000001 -0.002684 -0.006044 0.054920
    40 1.099667 0.000000 0.000000 0.000000 -0.004211 -0.244312
    41 0.806017 -0.359832 -1.318336 1.475204 0.827508 -0.381818
    42 1.789785 -0.000001 0.000000 0.000000 -0.006301 0.228555
    43 1.206997 0.000000 0.000000 0.000000 -0.009618 0.362905
    44 0.000156 39.987263 -0.385905 0.000000 0.000000 0.000000
    45 -0.000161 -14.998885 19.998225 0.000000 0.000000 0.000000
    46 0.000005 3.345128 -2.981901 1.570796 0.083193 1.570796
    47 0.000001 0.000000 0.000000 0.000000 0.000000 -0.218144
    48 4.018313 -0.012456 0.000000 0.000000 0.000000 0.000000
    49 3.516727 -0.113777 0.000000 0.000000 -0.008185 -0.296345
    50 8.921975 0.607578 0.000000 0.000000 0.000000 0.000000
    51 -0.973545 16.001771 -13.566878 -1.573845 -0.002509 2.094380
  time 5
    0 0.000000 0.000000 -67.998169 1.570796 0.000000 0.000000
    1 -0.000005 24.988378 19.612320 0.000000 0.000000 0.000000
    2 0.000005 3.345128 -2.981901 1.570796 0.304437 1.570796
    3 4.018334 0.000000 0.000000 0.000000 0.000000 -0.029242
    4 3.518569 0.000000 0.000000 -0.000683 -0.010067 -0.195474
    5 8.942640 0.000000 0.000000 0.000000 0.000000 0.194096
    6 2.033346 1.000767 1.937660 1.596637 -1.286515 2.942961
    7 6.028142 0.000000 0.000000 -1.505267 -0.814928 0.168410
    8 11.692552 -0.000001 0.000002 0.000000 0.000000 -0.959392
    9 11.481668 -0.000001 -0.000034 0.251308 -0.116743 0.140760
    10 3.859703 -0.142405 -1.191971 -0.362411 0.353793 -0.423438
    11 1.312561 -0.000001 0.000001 0.003203 0.009118 -0.101893
    12 0.729363 0.000000 -0.000001 0.001345 0.004786 0.029667
    13 3.942325 0.046771 -0.431440 -0.118512 0.124057 -0.444423
    14 1.539093 -0.000001 0.000001 0.001260 0.004278 0.038760
    15 1.196321 -0.000001 0.000002 0.002744 0.006830 -0.048765
    16 3.883686 -0.046771 0.431444 0.088363 -0.006830 -0.262678
    17 1.719575 -0.000001 0.000003 0.001320 0.005356 -0.124753
    18 1.209182 -0.000001 -0.000002 0.000729 0.002997 0.022348
    19 3.859859 -0.137948 1.332468 0.345271 -0.092270 -0.395911
    20 1.719429 0.000000 0.000001 0.001487 0.003793 0.010685
    21 1.099665 0.000000 0.000001 0.000386 0.002568 -0.095080
    22 0.806047 -0.348922 1.321260 -1.409829 -0.742969 -0.479938
    23 1.789786 0.000000 0.000001 0.000000 0.007387 0.228523
    24 1.206997 0.000000 0.000001 0.000000 0.011267 0.362860
    25 2.033353 1.000771 -1.937610 -1.668475 1.286518 2.942953
    26 6.028143 -0.000001 0.000000 1.629668 0.815103 0.280183
    27 11.692550 -0.000001 -0.000001 0.000000 0.000000 -0.959943
    28 11.481696 0.000000 -0.000001 -0.325188 0.033941 0.129316
    29 3.859673 -0.132568 1.193105 0.285062 -0.419945 -0.226477
    30 1.312562 0.000001 0.000003 -0.002956 -0.011560 -0.189327
    31 0.729365 0.000000 -0.000001 -0.001629 -0.005914 0.024519
    32 3.942294 0.050328 0.431041 0.086028 -0.151392 -0.228105
    33 1.539097 0.000001 0.000000 -0.001532 -0.005650 0.017016
    34 1.196323 0.000001 0.000001 -0.002545 -0.009322 -0.164261
    35 3.883655 -0.050328 -0.431043 -0.089808 0.003109 -0.255702
    36 1.719576 0.000000 -0.000002 -0.002028 -0.007712 -0.109291
    37 1.209182 0.000001 0.000000 -0.002124 -0.003923 0.279918
    38 3.859827 -0.148935 -1.331285 -0.328792 0.140171 -0.247153
    39 1.719424 -0.000003 -0.000001 -0.002684 -0.006044 0.054920
    40 1.099667 0.000000 0.000000 0.000000 -0.004211 -0.244312
    41 0.806017 -0.359832 -1.318336 1.475204 0.827508 -0.381818
    42 1.789785 -0.000001 0.000000 0.000000 -0.006301 0.228555
    43 1.206997 0.000000 0.000000 0.000000 -0.009618 0.362905
    44 0.000156 39.987263 -0.385905 0.000000 0.000000 0.000000
    45 -0.000161 -14.998885 19.998225 0.000000 0.000000 0.000000
    46 0.000005 3.345128 -2.981901 1.570796 0.083193 1.570796
    47 0.000001 0.000000 0.000000 0.000000 0.000000 -0.218144
    48 4.018313 -0.012456 0.000000 0.000000 0.000000 0.000000
    49 3.516727 -0.113777 0.000000 0.000000 -0.010091 -0.295810
    50 8.921975 0.607578 0.000000 0.000000 0.000000 0.000000
    51 -0.973545 16.001771 -13.566878 -1.573845 -0.002509 2.094380
  time 6
    0 0.000000 0.000000 -67.998169 1.570796 0.000000 0.000000
    1 -0.000005 24.988378 19.612320 0.000000 0.000000 0.000000
    2 0.000005 3.345128 -2.981901 1.570796 0.304437 1.570796
    3 4.018334 0.000000 0.000000 0.000000 0.000000 -0.029242
    4 3.518569 0.000000 0.000000 -0.000803 -0.011889 -0.194863
    5 8.942640 0.000000 0.000000 0.000000 0.000000 0.194096
    6 2.033346 1.000767 1.937660 1.596637 -1.286515 2.942961
    7 6.028142 0.000000 0.000000 -1.505267 -0.814928 0.168410
    8 11.692552 -0.000001 0.000002 0.000000 0.000000 -0.959392
    9 11.481668 -0.000001 -0.000034 0.251308 -0.116743 0.140760
    10 3.859703 -0.142405 -1.191971 -0.362411 0.353793 -0.423438
    11 1.312561 -0.000001 0.000001 0.003203 0.009118 -0.101893
    12 0.729363 0.000000 -0.000001 0.001345 0.004786 0.029667
    13 3.942325 0.046771 -0.431440 -0.118512 0.124057 -0.444423
    14 1.539093 -0.000001 0.000001 0.001260 0.004278 0.038760
    15 1.196321 -0.000001 0.000002 0.002744 0.006830 -0.048765
    16 3.883686 -0.046771 0.431444 0.088363 -0.006830 -0.262678
    17 1.719575 -0.000001 0.000003 0.001320 0.005356 -0.124753
    18 1.209182 -0.000001 -0.000002 0.000729 0.002997 0.022348
    19 3.859859 -0.137948 1.332468 0.345271 -0.092270 -0.395911
    20 1.719429 0.000000 0.000001 0.001487 0.003793 0.010685
    21 1.099665 0.000000 0.000001 0.000386 0.002568 -0.095080
    22 0.806047 -0.348922 1.321260 -1.409829 -0.742969 -0.479938
    23 1.789786 0.000000 0.000001 0.000000 0.007387 0.228523
    24 1.206997 0.000000 0.000001 0.000000 0.011267 0.362860
    25 2.033353 1.000771 -1.937610 -1.668475 1.286518 2.942953
    26 6.028143 -0.000001 0.000000 1.629668 0.815103 0.280183
    27 11.692550 -0.000001 -0.000001 0.000000 0.000000 -0.959943
    28 11.481696 0.000000 -0.000001 -0.325188 0.033941 0.129316
    29 3.859673 -0.132568 1.193105 0.285062 -0.419945 -0.226477
    30 1.312562 0.000001 0.000003 -0.002956 -0.011560 -0.189327
    31 0.729365 0.000000 -0.000001 -0.001629 -0.005914 0.024519
    32 3.942294 0.050328 0.431041 0.086028 -0.151392 -0.228105
    33 1.539097 0.000001 0.000000 -0.001532 -0.005650 0.017016
    34 1.196323 0.000001 0.000001 -0.002545 -0.009322 -0.164261
    35 3.883655 -0.050328 -0.431043 -0.089808 0.003109 -0.255702
    36 1.719576 0.000000 -0.000002 -0.002028 -0.007712 -0.109291
    37 1.209182 0.000001 0.000000 -0.002124 -0.003923 0.279918
    38 3.859827 -0.148935 -1.331285 -0.328792 0.140171 -0.247153
    39 1.719424 -0.000003 -0.000001 -0.002684 -0.006044 0.054920
    40 1.099667 0.000000 0.000000 0.000000 -0.004211 -0.244312
    41 0.806017 -0.359832 -1.318336 1.475204 0.827508 -0.381818
    42 1.789785 -0.000001 0.000000 0.000000 -0.006301 0.228555
    43 1.206997 0.000000 0.000000 0.000000 -0.009618 0.362905
    44 0.000156 39.987263 -0.385905 0.000000 0.000000 0.000000
    45 -0.000161 -14.998885 19.998225 0.000000 0.000000 0.000000
    46 0.000005 3.345128 -2.981901 1.570796 0.083193 1.570796
    47 0.000001 0.000000 0.000000 0.000000 0.000000 -0.218144
    48 4.018313 -0.012456 0.000000 0.000000 0.000000 0.000000
    49 3.516727 -0.113777 0.000000 0.000000 -0.011913 -0.295199
    50 8.921975 0.607578 0.000000 0.000000 0.000000 0.000000
    51 -0.973545 16.001771 -13.566878 -1.573845 -0.002509 2.094380
  time 7
    0 0.000000 0.000000 -67.998169 1.570796 0.000000 0.000000
    1 -0.000005 24.988378 19.612320 0.000000 0.000000 0.000000
    2 0.000005 3.345128 -2.981901 1.570796 0.304437 1.570796
    3 4.018334 0.000000 0.000000 0.000000 0.000000 -0.029242
    4 3.518569 0.000000 0.000000 -0.000923 -0.013591 -0.194175
    5 8.942640 0.000000 0.000000 0.000000 0.000000 0.194096
    6 2.033346 1.000767 1.937660 1.596637 -1.286515 2.942961
    7 6.028142 0.000000 0.000000 -1.505267 -0.814928 0.168410
    8 11.692552 -0.000001 0.000002 0.000000 0.000000 -0.959392
    9 11.481668 -0.000001 -0.000034 0.251308 -0.116743 0.140760
    10 3.859703 -0.142405 -1.191971 -0.362411 0.353793 -0.423438
    11 1.312561 -0.000001 0.000001 0.003203 0.009118 -0.101893
    12 0.729363 0.000000 -0.000001 0.001345 0.004786 0.029667
    13 3.942325 0.046771 -0.431440 -0.118512 0.124057 -0.444423
    14 1.539093 -0.000001 0.000001 0.001260 0.004278 0.038760
    15 1.196321 -0.000001 0.000002 0.002744 0.006830 -0.048765
    16 3.883686 -0.046771 0.431444 0.088363 -0.006830 -0.262678
    17 1.719575 -0.000001 0.000003 0.001320 0.005356 -0.124753
    18 1.209182 -0.000001 -0.000002 0.000729 0.002997 0.022348
    19 3.859859 -0.137948 1.332468 0.345271 -0.092270 -0.395911
    20 1.719429 0.000000 0.000001 0.001487 0.003793 0.010685
    21 1.099665 0.000000 0.000001 0.000386 0.002568 -0.095080
    22 0.806047 -0.348922 1.321260 -1.409829 -0.742969 -0.479938
    23 1.789786 0.000000 0.000001 0.000000 0.007387 0.228523
    24 1.206997 0.000000 0.000001 0.000000 0.011267 0.362860
    25 2.033353 1.000771 -1.937610 -1.668475 1.286518 2.942953
    26 6.028143 -0.000001 0.000000 1.629668 0.815103 0.280183
    27 11.692550 -0.000001 -0.000001 0.000000 0.000000 -0.959943
    28 11.481696 0.000000 -0.000001 -0.325188 0.033941 0.129316
    29 3.859673 -0.132568 1.193105 0.285062 -0.419945 -0.226477
    30 1.312562 0.000001 0.000003 -0.002956 -0.011560 -0.189327
    31 0.729365 0.000000 -0.000001 -0.001629 -0.005914 0.024519
    32 3.942294 0.050328 0.431041 0.086028 -0.151392 -0.228105
    33 1.539097 0.000001 0.000000 -0.001532 -0.005650 0.017016
    34 1.196323 0.000001 0.000001 -0.002545 -0.009322 -0.164261
    35 3.883655 -0.050328 -0.431043 -0.089808 0.003109 -0.255702
    36 1.719576 0.000000 -0.000002 -0.002028 -0.007712 -0.109291
    37 1.209182 0.000001 0.000000 -0.002124 -0.003923 0.279918
    38 3.859827 -0.148935 -1.331285 -0.328792 0.140171 -0.247153
    39 1.719424 -0.000003 -0.000001 -0.002684 -0.006044 0.054920
    40 1.099667 0.000000 0.000000 0.000000 -0.004211 -0.244312
    41 0.806017 -0.359832 -1.318336 1.475204 0.827508 -0.381818
    42 1.789785 -0.000001 0.000000 0.000000 -0.006301 0.228555
    43 1.206997 0.000000 0.000000 0.000000 -0.009618 0.362905
    44 0.000156 39.987263 -0.385905 0.000000 0.000000 0.000000
    45 -0.000161 -14.998885 19.998225 0.000000 0.000000 0.000000
    46 0.000005 3.345128 -2.981901 1.570796 0.083193 1.570796
    47 0.000001 0.000000 0.000000 0.000000 0.000000 -0.218144
    48 4.018313 -0.012456 0.000000 0.000000 0.000000 0.000000
    49 3.516727 -0.113777 0.000000 0.000000 -0.013614 -0.294511
    50 8.921975 0.607578 0.000000 0.000000 0.000000 0.000000
    51 -0.973545 16.001771 -13.566878 -1.573845 -0.002509 2.094380
  time 8
    0 0.000000 0.000000 -67.998169 1.570796 0.000000 0.000000
    1 -0.000005 24.988378 19.612320 0.000000 0.000000 0.000000
    2 0.000005 3.345128 -2.981901 1.570796 0.304437 1.570796
    3 4.018334 0.000000 0.000000 0.000000 0.000000 -0.029242
    4 3.518569 0.000000 0.000000 -0.001031 -0.015149 -0.193411
    5 8.942640 0.000000 0.000000 0.000000 0.000000 0.194096
    6 2.033346 1.000767 1.937660 1.596637 -1.286515 2.942961
    7 6.028142 0.000000 0.000000 -1.505267 -0.814928 0.168410
    8 11.692552 -0.000001 0.000002 0.000000 0.000000 -0.959392
    9 11.481668 -0.000001 -0.000034 0.251308 -0.116743 0.140760
    10 3.859703 -0.142405 -1.191971 -0.362411 0.353793 -0.423438
    11 1.312561 -0.000001 0.000001 0.003203 0.009118 -0.101893
    12 0.729363 0.000000 -0.000001 0.001345 0.004786 0.029667
    13 3.942325 0.046771 -0.431440 -0.118512 0.124057 -0.444423
    14 1.539093 -0.000001 0.000001 0.001260 0.004278 0.038760
    15 1.196321 -0.000001 0.000002 0.002744 0.006830 -0.048765
    16 3.883686 -0.046771 0.431444 0.088363 -0.006830 -0.262678
    17 1.719575 -0.000001 0.000003 0.001320 0.005356 -0.124753
    18 1.209182 -0.000001 -0.000002 0.000729 0.002997 0.022348
    19 3.859859 -0.137948 1.332468 0.345271 -0.092270 -0.395911
    20 1.719429 0.000000 0.000001 0.001487 0.003793 0.010685
    21 1.099665 0.000000 0.000001 0.000386 0.002568 -0.095080
    22 0.806047 -0.348922 1.321260 -1.409829 -0.742969 -0.479938
    23 1.789786 0.000000 0.000001 0.000000 0.007387 0.228523
    24 1.206997 0.000000 0.000001 0.000000 0.011267 0.362860
    25 2.033353 1.000771 -1.937610 -1.668475 1.286518 2.942953
    26 6.028143 -0.000001 0.000000 1.629668 0.815103 0.280183
    27 11.692550 -0.000001 -0.000001 0.000000 0.000000 -0.959943
    28 11.481696 0.000000 -0.000001 -0.325188 0.033941 0.129316
    29 3.859673 -0.132568 1.193105 0.285062 -0.419945 -0.226477
    30 1.312562 0.000001 0.000003 -0.002956 -0.011560 -0.189327
    31 0.729365 0.000000 -0.000001 -0.001629 -0.005914 0.024519
    32 3.942294 0.050328 0.431041 0.086028 -0.151392 -0.228105
    33 1.539097 0.000001 0.000000 -0.001532 -0.005650 0.017016
    34 1.196323 0.000001 0.000001 -0.002545 -0.009322 -0.164261
    35 3.883655 -0.050328 -0.431043 -0.089808 0.003109 -0.255702
    36 1.719576 0.000000 -0.000002 -0.002028 -0.007712 -0.109291
    37 1.209182 0.000001 0.000000 -0.002124 -0.003923 0.279918
    38 3.859827 -0.148935 -1.331285 -0.328792 0.140171 -0.247153
    39 1.719424 -0.000003 -0.000001 -0.002684 -0.006044 0.054920
    40 1.099667 0.000000 0.000000 0.000000 -0.004211 -0.244312
    41 0.806017 -0.359832 -1.318336 1.475204 0.827508 -0.381818
    42 1.789785 -0.000001 0.000000 0.000000 -0.006301 0.228555
    43 1.206997 0.000000 0.000000 0.000000 -0.009618 0.362905
    44 0.000156 39.987263 -0.385905 0.000000 0.000000 0.000000
    45 -0.000161 -14.998885 19.998225 0.000000 0.000000 0.000000
    46 0.000005 3.345128 -2.981901 1.570796 0.083193 1.570796
    47 0.000001 0.000000 0.000000 0.000000 0.000000 -0.218144
    48 4.018313 -0.012456 0.000000 0.000000 0.000000 0.000000
    49 3.516727 -0.113777 0.000000 0.000000 -0.015184 -0.293772
    50 8.921975 0.607578 0.000000 0.000000 0.000000 0.000000
    51 -0.973545 16.001771 -13.566878 -1.573845 -0.002509 2.094380
  time 9
    0 0.000000 0.000000 -67.998169 1.570796 0.000000 0.000000
    1 -0.000005 24.988378 19.612320 0.000000 0.000000 0.000000
    2 0.000005 3.345128 -2.981901 1.570796 0.304437 1.570796
    3 4.018334 0.000000 0.000000 0.000000 0.000000 -0.029242
    4 3.518569 0.000000 0.000000 -0.001127 -0.016563 -0.192595
    5 8.942640 0.000000 0.000000 0.000000 0.000000 0.194096
    6 2.033346 1.000767 1.937660 1.596637 -1.286515 2.942961
    7 6.028142 0.000000 0.000000 -1.505267 -0.814928 0.168410
    8 11.692552 -0.000001 0.000002 0.000000 0.000000 -0.959392
    9 11.481668 -0.000001 -0.000034 0.251308 -0.116743 0.140760
    10 3.859703 -0.142405 -1.191971 -0.362411 0.353793 -0.423438
    11 1.312561 -0.000001 0.000001 0.003203 0.009118 -0.101893
    12 0.729363 0.000000 -0.000001 0.001345 0.004786 0.029667
    13 3.942325 0.046771 -0.431440 -0.118512 0.124057 -0.444423
    14 1.539093 -0.000001 0.000001 0.001260 0.004278 0.038760
    15 1.196321 -0.000001 0.000002 0.002744 0.006830 -0.048765
    16 3.883686 -0.046771 0.431444 0.088363 -0.006830 -0.262678
    17 1.719575 -0.000001 0.000003 0.001320 0.005356 -0.124753
    18 1.209182 -0.000001 -0.000002 0.000729 0.002997 0.022348
    19 3.859859 -0.137948 1.332468 0.345271 -0.092270 -0.395911
    20 1.719429 0.000000 0.000001 0.001487 0.003793 0.010685
    21 1.099665 0.000000 0.000001 0.000386 0.002568 -0.095080
    22 0.806047 -0.348922 1.321260 -1.409829 -0.742969 -0.479938
    23 1.789786 0.000000 0.000001 0.000000 0.007387 0.228523
    24 1.206997 0.000000 0.000001 0.000000 0.011267 0.362860
    25 2.033353 1.000771 -1.937610 -1.668475 1.286518 2.942953
    26 6.028143 -0.000001 0.000000 1.629668 0.815103 0.280183
    27 11.692550 -0.000001 -0.000001 0.000000 0.000000 -0.959943
    28 11.481696 0.000000 -0.000001 -0.325188 0.033941 0.129316
    29 3.859673 -0.132568 1.193105 0.285062 -0.419945 -0.226477
    30 1.312562 0.000001 0.000003 -0.002956 -0.011560 -0.189327
    31 0.729365 0.000000 -0.000001 -0.001629 -0.005914 0.024519
    32 3.942294 0.050328 0.431041 0.086028 -0.151392 -0.228105
    33 1.539097 0.000001 0.000000 -0.001532 -0.005650 0.017016
    34 1.196323 0.000001 0.000001 -0.002545 -0.009322 -0.164261
    35 3.883655 -0.050328 -0.431043 -0.089808 0.003109 -0.255702
    36 1.719576 0.000000 -0.000002 -0.002028 -0.007712 -0.109291
    37 1.209182 0.000001 0.000000 -0.002124 -0.003923 0.279918
    38 3.859827 -0.148935 -1.331285 -0.328792 0.140171 -0.247153
    39 1.719424 -0.000003 -0.000001 -0.002684 -0.006044 0.054920
    40 1.099667 0.000000 0.000000 0.000000 -0.004211 -0.244312
    41 0.806017 -0.359832 -1.318336 1.475204 0.827508 -0.381818
    42 1.789785 -0.000001 0.000000 0.000000 -0.006301 0.228555
    43 1.206997 0.000000 0.000000 0.000000 -0.009618 0.362905
    44 0.000156 39.987263 -0.385905 0.000000 0.000000 0.000000
    45 -0.000161 -14.998885 19.998225 0.000000 0.000000 0.000000
    46 0.000005 3.345128 -2.981901 1.570796 0.083193 1.570796
    47 0.000001 0.000000 0.000000 0.000000 0.000000 -0.218144
    48 4.018313 -0.012456 0.000000 0.000000 0.000000 0.000000
    49 3.516727 -0.113777 0.000000 0.000000 -0.016599 -0.292931
    50 8.921975 0.607578 0.000000 0.000000 0.000000 0.000000
    51 -0.973545 16.001771 -13.566878 -1.573845 -0.002509 2.094380
  time 10
    0 0.000000 0.000000 -67.998169 1.570796 0.000000 0.000000
    1 -0.000005 24.988378 19.612320 0.000000 0.000000 0.000000
    2 0.000005 3.345128 -2.981901 1.570796 0.304437 1.570796
    3 4.018334 0.000000 0.000000 0.000000 0.000000 -0.029242
    4 3.518569 0.000000 0.000000 -0.001210 -0.017797 -0.191703
    5 8.942640 0.000000 0.000000 0.000000 0.000000 0.194096
    6 2.033346 1.000767 1.937660 1.596637 -1.286515 2.942961
    7 6.028142 0.000000 0.000000 -1.505267 -0.814928 0.168410
    8 11.692552 -0.000001 0.000002 0.000000 0.000000 -0.959392
    9 11.481668 -0.000001 -0.000034 0.251308 -0.116743 0.140760
    10 3.859703 -0.142405 -1.191971 -0.362411 0.353793 -0.423438
    11 1.312561 -0.000001 0.000001 0.003203 0.009118 -0.101893
    12 0.729363 0.000000 -0.000001 0.001345 0.004786 0.029667
    13 3.942325 0.046771 -0.431440 -0.118512 0.124057 -0.444423
    14 1.539093 -0.000001 0.000001 0.001260 0.004278 0.038760
    15 1.196321 -0.000001 0.000002 0.002744 0.006830 -0.048765
    16 3.883686 -0.046771 0.431444 0.088363 -0.006830 -0.262678
    17 1.719575 -0.000001 0.000003 0.001320 0.005356 -0.124753
    18 1.209182 -0.000001 -0.000002 0.000729 0.002997 0.022348
    19 3.859859 -0.137948 1.332468 0.345271 -0.092270 -0.395911
    20 1.719429 0.000000 0.000001 0.001487 0.003793 0.010685
    21 1.099665 0.000000 0.000001 0.000386 0.002568 -0.095080
    22 0.806047 -0.348922 1.321260 -1.409829 -0.742969 -0.479938
    23 1.789786 0.000000 0.000001 0.000000 0.007387 0.228523
    24 1.206997 0.000000 0.000001 0.000000 0.011267 0.362860
    25 2.033353 1.000771 -1.937610 -1.668475 1.286518 2.942953
    26 6.028143 -0.000001 0.000000 1.629668 0.815103 0.280183
    27 11.692550 -0.000001 -0.000001 0.000000 0.000000 -0.959943
    28 11.481696 0.000000 -0.000001 -0.325188 0.033941 0.129316
    29 3.859673 -0.132568 1.193105 0.285062 -0.419945 -0.226477
    30 1.312562 0.000001 0.000003 -0.002956 -0.011560 -0.189327
    31 0.729365 0.000000 -0.000001 -0.001629 -0.005914 0.024519
    32 3.942294 0.050328 0.431041 0.086028 -0.151392 -0.228105
    33 1.539097 0.000001 0.000000 -0.001532 -0.005650 0.017016
    34 1.196323 0.000001 0.000001 -0.002545 -0.009322 -0.164261
    35 3.883655 -0.050328 -0.431043 -0.089808 0.003109 -0.255702
    36 1.719576 0.000000 -0.000002 -0.002028 -0.007712 -0.109291
    37 1.209182 0.000001 0.000000 -0.002124 -0.003923 0.279918
    38 3.859827 -0.148935 -1.331285 -0.328792 0.140171 -0.247153
    39 1.719424 -0.000003 -0.000001 -0.002684 -0.006044 0.054920
    40 1.099667 0.000000 0.000000 0.000000 -0.004211 -0.244312
    41 0.806017 -0.359832 -1.318336 1.475204 0.827508 -0.381818
    42 1.789785 -0.000001 0.000000 0.000000 -0.006301 0.228555
    43 1.206997 0.000000 0.000000 0.000000 -0.009618 0.362905
    44 0.000156 39.987263 -0.385905 0.000000 0.000000 0.000000
    45 -0.000161 -14.998885 19.998225 0.000000 0.000000 0.000000
    46 0.000005 3.345128 -2.981901 1.570796 0.083193 1.570796
    47 0.000001 0.000000 0.000000 0.000000 0.000000 -0.218144
    48 4.018313 -0.012456 0.000000 0.000000 0.000000 0.000000
    49 3.516727 -0.113777 0.000000 0.000000 -0.017833 -0.292065
    50 8.921975 0.607578 0.000000 0.000000 0.000000 0.000000
    51 -0.973545 16.001771 -13.566878 -1.573845 -0.002509 2.094380
  time 11
    0 0.000000 0.000000 -67.998169 1.570796 0.000000 0.000000
    1 -0.000005 24.988378 19.612320 0.000000 0.000000 0.000000
    2 0.000005 3.345128 -2.981901 1.570796 0.304437 1.570796
    3 4.018334 0.000000 0.000000 0.000000 0.000000 -0.029242
    4 3.518569 0.000000 0.000000 -0.001282 -0.018840 -0.190786
    5 8.942640 0.000000 0.000000 0.000000 0.000000 0.194096
    6 2.033346 1.000767 1.937660 1.596637 -1.286515 2.942961
    7 6.028142 0.000000 0.000000 -1.505267 -0.814928 0.168410
    8 11.692552 -0.000001 0.000002 0.000000 0.000000 -0.959392
    9 11.481668 -0.000001 -0.000034 0.251308 -0.116743 0.140760
    10 3.859703 -0.142405 -1.191971 -0.362411 0.353793 -0.423438
    11 1.312561 -0.000001 0.000001 0.003203 0.009118 -0.101893
    12 0.729363 0.000000 -0.000001 0.001345 0.004786 0.029667
    13 3.942325 0.046771 -0.431440 -0.118512 0.124057 -0.444423
    14 1.539093 -0.000001 0.000001 0.001260 0.004278 0.038760
    15 1.196321 -0.000001 0.000002 0.002744 0.006830 -0.048765
    16 3.883686 -0.046771 0.431444 0.088363 -0.006830 -0.262678
    17 1.719575 -0.000001 0.000003 0.001320 0.005356 -0.124753
    18 1.209182 -0.000001 -0.000002 0.000729 0.002997 0.022348
    19 3.859859 -0.137948 1.332468 0.345271 -0.092270 -0.395911
    20 1.719429 0.000000 0.000001 0.001487 0.003793 0.010685
    21 1.099665 0.000000 0.000001 0.000386 0.002568 -0.095080
    22 0.806047 -0.348922 1.321260 -1.409829 -0.742969 -0.479938
    23 1.789786 0.000000 0.000001 0.000000 0.007387 0.228523
    24 1.206997 0.000000 0.000001 0.000000 0.011267 0.362860
    25 2.033353 1.000771 -1.937610 -1.668475 1.286518 2.942953
    26 6.028143 -0.000001 0.000000 1.629668 0.815103 0.280183
    27 11.692550 -0.000001 -0.000001 0.000000 0.000000 -0.959943
    28 11.481696 0.000000 -0.000001 -0.325188 0.033941 0.129316
    29 3.859673 -0.132568 1.193105 0.285062 -0.419945 -0.226477
    30 1.312562 0.000001 0.000003 -0.002956 -0.011560 -0.189327
    31 0.729365 0.000000 -0.000001 -0.001629 -0.005914 0.024519
    32 3.942294 0.050328 0.431041 0.086028 -0.151392 -0.228105
    33 1.539097 0.000001 0.000000 -0.001532 -0.005650 0.017016
    34 1.196323 0.000001 0.000001 -0.002545 -0.009322 -0.164261
    35 3.883655 -0.050328 -0.431043 -0.089808 0.003109 -0.255702
    36 1.719576 0.000000 -0.000002 -0.002028 -0.007712 -0.109291
    37 1.209182 0.000001 0.000000 -0.002124 -0.003923 0.279918
    38 3.859827 -0.148935 -1.331285 -0.328792 0.140171 -0.247153
    39 1.719424 -0.000003 -0.000001 -0.002684 -0.006044 0.054920
    40 1.099667 0.000000 0.000000 0.000000 -0.004211 -0.244312
    41 0.806017 -0.359832 -1.318336 1.475204 0.827508 -0.381818
    42 1.789785 -0.000001 0.000000 0.000000 -0.006301 0.228555
    43 1.206997 0.000000 0.000000 0.000000 -0.009618 0.362905
    44 0.000156 39.987263 -0.385905 0.000000 0.000000 0.000000
    45 -0.000161 -14.998885 19.998225 0.000000 0.000000 0.000000
    46 0.000005 3.345128 -2.981901 1.570796 0.083193 1.570796
    47 0.000001 0.000000 0.000000 0.000000 0.000000 -0.218144
    48 4.018313 -0.012456 0.000000 0.000000 0.000000 0.000000
    49 3.516727 -0.113777 0.000000 0.000000 -0.018876 -0.291148
    50 8.921975 0.607578 0.000000 0.000000 0.000000 0.000000
    51 -0.973545 16.001771 -13.566878 -1.573845 -0.002509 2.094380
  time 12
    0 0.000000 0.000000 -67.998169 1.570796 0.000000 0.000000
    1 -0.000005 24.988378 19.612320 0.000000 0.000000 0.000000
    2 0.000005 3.345128 -2.981901 1.570796 0.304437 1.570796
    3 4.018334 0.000000 0.000000 0.000000 0.000000 -0.029242
    4 3.518569 0.000000 0.000000 -0.001330 -0.019667 -0.189818
    5 8.942640 0.000000 0.000000 0.000000 0.000000 0.194096
    6 2.033346 1.000767 1.937660 1.596637 -1.286515 2.942961
    7 6.028142 0.000000 0.000000 -1.505267 -0.814928 0.168410
    8 11.692552 -0.000001 0.000002 0.000000 0.000000 -0.959392
    9 11.481668 -0.000001 -0.000034 0.251308 -0.116743 0.140760
    10 3.859703 -0.142405 -1.191971 -0.362411 0.353793 -0.423438
    11 1.312561 -0.000001 0.000001 0.003203 0.009118 -0.101893
    12 0.729363 0.000000 -0.000001 0.001345 0.004786 0.029667
    13 3.942325 0.046771 -0.431440 -0.118512 0.124057 -0.444423
    14 1.539093 -0.000001 0.000001 0.001260 0.004278 0.038760
    15 1.196321 -0.000001 0.000002 0.002744 0.006830 -0.048765
    16 3.883686 -0.046771 0.431444 0.088363 -0.006830 -0.262678
    17 1.719575 -0.000001 0.000003 0.001320 0.005356 -0.124753
    18 1.209182 -0.000001 -0.000002 0.000729 0.002997 0.022348
    19 3.859859 -0.137948 1.332468 0.345271 -0.092270 -0.395911
    20 1.719429 0.000000 0.000001 0.001487 0.003793 0.010685
    21 1.099665 0.000000 0.000001 0.000386 0.002568 -0.095080
    22 0.806047 -0.348922 1.321260 -1.409829 -0.742969 -0.479938
    23 1.789786 0.000000 0.000001 0.000000 0.007387 0.228523
    24 1.206997 0.000000 0.000001 0.000000 0.011267 0.362860
    25 2.033353 1.000771 -1.937610 -1.668475 1.286518 2.942953
    26 6.028143 -0.000001 0.000000 1.629668 0.815103 0.280183
    27 11.692550 -0.000001 -0.000001 0.000000 0.000000 -0.959943
    28 11.481696 0.000000 -0.000001 -0.325188 0.033941 0.129316
    29 3.859673 -0.132568 1.193105 0.285062 -0.419945 -0.226477
    30 1.312562 0.000001 0.000003 -0.002956 -0.011560 -0.189327
    31 0.729365 0.000000 -0.000001 -0.001629 -0.005914 0.024519
    32 3.942294 0.050328 0.431041 0.086028 -0.151392 -0.228105
    33 1.539097 0.000001 0.000000 -0.001532 -0.005650 0.017016
    34 1.196323 0.000001 0.000001 -0.002545 -0.009322 -0.164261
    35 3.883655 -0.050328 -0.431043 -0.089808 0.003109 -0.255702
    36 1.719576 0.000000 -0.000002 -0.002028 -0.007712 -0.109291
    37 1.209182 0.000001 0.000000 -0.002124 -0.003923 0.279918
    38 3.859827 -0.148935 -1.331285 -0.328792 0.140171 -0.247153
    39 1.719424 -0.000003 -0.000001 -0.002684 -0.006044 0.054920
    40 1.099667 0.000000 0.000000 0.000000 -0.004211 -0.244312
    41 0.806017 -0.359832 -1.318336 1.475204 0.827508 -0.381818
    42 1.789785 -0.000001 0.000000 0.000000 -0.006301 0.228555
    43 1.206997 0.000000 0.000000 0.000000 -0.009618 0.362905
    44 0.000156 39.987263 -0.385905 0.000000 0.000000 0.000000
    45 -0.000161 -14.998885 19.998225 0.000000 0.000000 0.000000
    46 0.000005 3.345128 -2.981901 1.570796 0.083193 1.570796
    47 0.000001 0.000000 0.000000 0.000000 0.000000 -0.218144
    48 4.018313 -0.012456 0.000000 0.000000 0.000000 0.000000
    49 3.516727 -0.113777 0.000000 0.000000 -0.019715 -0.290179
    50 8.921975 0.607578 0.000000 0.000000 0.000000 0.000000
    51 -0.973545 16.001771 -13.566878 -1.573845 -0.002509 2.094380
  time 13
    0 0.000000 0.000000 -67.998169 1.570796 0.000000 0.000000
    1 -0.000005 24.988378 19.612320 0.000000 0.000000 0.000000
    2 0.000005 3.345128 -2.981901 1.570796 0.304437 1.570796
    3 4.018334 0.000000 0.000000 0.000000 0.000000 -0.029242
    4 3.518569 0.000000 0.000000 -0.001378 -0.020278 -0.188850
    5 8.942640 0.000000 0.000000 0.000000 0.000000 0.194096
    6 2.033346 1.000767 1.937660 1.596637 -1.286515 2.942961
    7 6.028142 0.000000 0.000000 -1.505267 -0.814928 0.168410
    8 11.692552 -0.000001 0.000002 0.000000 0.000000 -0.959392
    9 11.481668 -0.000001 -0.000034 0.251308 -0.116743 0.140760
    10 3.859703 -0.142405 -1.191971 -0.362411 0.353793 -0.423438
    11 1.312561 -0.000001 0.000001 0.003203 0.009118 -0.101893
    12 0.729363 0.000000 -0.000001 0.001345 0.004786 0.029667
    13 3.942325 0.046771 -0.431440 -0.118512 0.124057 -0.444423
    14 1.539093 -0.000001 0.000001 0.001260 0.004278 0.038760
    15 1.196321 -0.000001 0.000002 0.002744 0.006830 -0.048765
    16 3.883686 -0.046771 0.431444 0.088363 -0.006830 -0.262678
    17 1.719575 -0.000001 0.000003 0.001320 0.005356 -0.124753
    18 1.209182 -0.000001 -0.000002 0.000729 0.002997 0.022348
    19 3.859859 -0.137948 1.332468 0.345271 -0.092270 -0.395911
    20 1.719429 0.000000 0.000001 0.001487 0.003793 0.010685
    21 1.099665 0.000000 0.000001 0.000386 0.002568 -0.095080
    22 0.806047 -0.348922 1.321260 -1.409829 -0.742969 -0.479938
    23 1.789786 0.000000 0.000001 0.000000 0.007387 0.228523
    24 1.206997 0.000000 0.000001 0.000000 0.011267 0.362860
    25 2.033353 1.000771 -1.937610 -1.668475 1.286518 2.942953
    26 6.028143 -0.000001 0.000000 1.629668 0.815103 0.280183
    27 11.692550 -0.000001 -0.000001 0.000000 0.000000 -0.959943
    28 11.481696 0.000000 -0.000001 -0.325188 0.033941 0.129316
    29 3.859673 -0.132568 1.193105 0.285062 -0.419945 -0.226477
    30 1.312562 0.000001 0.000003 -0.002956 -0.011560 -0.189327
    31 0.729365 0.000000 -0.000001 -0.001629 -0.005914 0.024519
    32 3.942294 0.050328 0.431041 0.086028 -0.151392 -0.228105
    33 1.539097 0.000001 0.000000 -0.001532 -0.005650 0.017016
    34 1.196323 0.000001 0.000001 -0.002545 -0.009322 -0.164261
    35 3.883655 -0.050328 -0.431043 -0.089808 0.003109 -0.255702
    36 1.719576 0.000000 -0.000002 -0.002028 -0.007712 -0.109291
    37 1.209182 0.000001 0.000000 -0.002124 -0.003923 0.279918
    38 3.859827 -0.148935 -1.331285 -0.328792 0.140171 -0.247153
    39 1.719424 -0.000003 -0.000001 -0.002684 -0.006044 0.054920
    40 1.099667 0.000000 0.000000 0.000000 -0.004211 -0.244312
    41 0.806017 -0.359832 -1.318336 1.475204 0.827508 -0.381818
    42 1.789785 -0.000001 0.000000 0.000000 -0.006301 0.228555
    43 1.206997 0.000000 0.000000 0.000000 -0.009618 0.362905
    44 0.000156 39.987263 -0.385905 0.000000 0.000000 0.000000
    45 -0.000161 -14.998885 19.998225 0.000000 0.000000 0.000000
    46 0.000005 3.345128 -2.981901 1.570796 0.083193 1.570796
    47 0.000001 0.000000 0.000000 0.000000 0.000000 -0.218144
    48 4.018313 -0.012456 0.000000 0.000000 0.000000 0.000000
    49 3.516727 -0.113777 0.000000 0.000000 -0.020326 -0.289186
    50 8.921975 0.607578 0.000000 0.000000 0.000000 0.000000
    51 -0.973545 16.001771 -13.566878 -1.573845 -0.002509 2.094380
  time 14
    0 0.000000 0.000000 -67.998169 1.570796 0.000000 0.000000
    1 -0.000005 24.988378 19.612320 0.000000 0.000000 0.000000
    2 0.000005 3.345128 -2.981901 1.570796 0.304437 1.570796
    3 4.018334 0.000000 0.000000 0.000000 0.000000 -0.029242
    4 3.518569 0.000000 0.000000 -0.001402 -0.020637 -0.187831
    5 8.942640 0.000000 0.000000 0.000000 0.000000 0.194096
    6 2.033346 1.000767 1.937660 1.596637 -1.286515 2.942961
    7 6.028142 0.000000 0.000000 -1.505267 -0.814928 0.168410
    8 11.692552 -0.000001 0.000002 0.000000 0.000000 -0.959392
    9 11.481668 -0.000001 -0.000034 0.251308 -0.116743 0.140760
    10 3.859703 -0.142405 -1.191971 -0.362411 0.353793 -0.423438
    11 1.312561 -0.000001 0.000001 0.003203 0.009118 -0.101893
    12 0.729363 0.000000 -0.000001 0.001345 0.004786 0.029667
    13 3.942325 0.046771 -0.431440 -0.118512 0.124057 -0.444423
    14 1.539093 -0.000001 0.000001 0.001260 0.004278 0.038760
    15 1.196321 -0.000001 0.000002 0.002744 0.006830 -0.048765
    16 3.883686 -0.046771 0.431444 0.088363 -0.006830 -0.262678
    17 1.719575 -0.000001 0.000003 0.001320 0.005356 -0.124753
    18 1.209182 -0.000001 -0.000002 0.000729 0.002997 0.022348
    19 3.859859 -0.137948 1.332468 0.345271 -0.092270 -0.395911
    20 1.719429 0.000000 0.000001 0.001487 0.003793 0.010685
    21 1.099665 0.000000 0.000001 0.000386 0.002568 -0.095080
    22 0.806047 -0.348922 1.321260 -1.409829 -0.742969 -0.479938
    23 1.789786 0.000000 0.000001 0.000000 0.007387 0.228523
    24 1.206997 0.000000 0.000001 0.000000 0.011267 0.362860
    25 2.033353 1.000771 -1.937610 -1.668475 1.286518 2.942953
    26 6.028143 -0.000001 0.000000 1.629668 0.815103 0.280183
    27 11.692550 -0.000001 -0.000001 0.000000 0.000000 -0.959943
    28 11.481696 0.000000 -0.000001 -0.325188 0.033941 0.129316
    29 3.859673 -0.132568 1.193105 0.285062 -0.419945 -0.226477
    30 1.312562 0.000001 0.000003 -0.002956 -0.011560 -0.189327
    31 0.729365 0.000000 -0.000001 -0.001629 -0.005914 0.024519
    32 3.942294 0.050328 0.431041 0.086028 -0.151392 -0.228105
    33 1.539097 0.000001 0.000000 -0.001532 -0.005650 0.017016
    34 1.196323 0.000001 0.000001 -0.002545 -0.009322 -0.164261
    35 3.883655 -0.050328 -0.431043 -0.089808 0.003109 -0.255702
    36 1.719576 0.000000 -0.000002 -0.002028 -0.007712 -0.109291
    37 1.209182 0.000001 0.000000 -0.002124 -0.003923 0.279918
    38 3.859827 -0.148935 -1.331285 -0.328792 0.140171 -0.247153
    39 1.719424 -0.000003 -0.000001 -0.002684 -0.006044 0.054920
    40 1.099667 0.000000 0.000000 0.000000 -0.004211 -0.244312
    41 0.806017 -0.359832 -1.318336 1.475204 0.827508 -0.381818
    42 1.789785 -0.000001 0.000000 0.000000 -0.006301 0.228555
    43 1.206997 0.000000 0.000000 0.000000 -0.009618 0.362905
    44 0.000156 39.987263 -0.385905 0.000000 0.000000 0.000000
    45 -0.000161 -14.998885 19.998225 0.000000 0.000000 0.000000
    46 0.000005 3.345128 -2.981901 1.570796 0.083193 1.570796
    47 0.000001 0.000000 0.000000 0.000000 0.000000 -0.218144
    48 4.018313 -0.012456 0.000000 0.000000 0.000000 0.000000
    49 3.516727 -0.113777 0.000000 0.000000 -0.020685 -0.288192
    50 8.921975 0.607578 0.000000 0.000000 0.000000 0.000000
    51 -0.973545 16.001771 -13.566878 -1.573845 -0.002509 2.094380
  time 15
    0 0.000000 0.000000 -67.998169 1.570796 0.000000 0.000000
    1 -0.000005 24.988378 19.612320 0.000000 0.000000 0.000000
    2 0.000005 3.345128 -2.981901 1.570796 0.304437 1.570796
    3 4.018334 0.000000 0.000000 0.000000 0.000000 -0.029242
    4 3.518569 0.000000 0.000000 -0.001414 -0.020769 -0.186811
    5 8.942640 0.000000 0.000000 0.000000 0.000000 0.194096
    6 2.033346 1.000767 1.937660 1.596637 -1.286515 2.942961
    7 6.028142 0.000000 0.000000 -1.505267 -0.814928 0.168410
    8 11.692552 -0.000001 0.000002 0.000000 0.000000 -0.959392
    9 11.481668 -0.000001 -0.000034 0.251308 -0.116743 0.140760
    10 3.859703 -0.142405 -1.191971 -0.362411 0.353793 -0.423438
    11 1.312561 -0.000001 0.000001 0.003203 0.009118 -0.101893
    12 0.729363 0.000000 -0.000001 0.001345 0.004786 0.029667
    13 3.942325 0.046771 -0.431440 -0.118512 0.124057 -0.444423
    14 1.539093 -0.000001 0.000001 0.001260 0.004278 0.038760
    15 1.196321 -0.000001 0.000002 0.002744 0.006830 -0.048765
    16 3.883686 -0.046771 0.431444 0.088363 -0.006830 -0.262678
    17 1.719575 -0.000001 0.000003 0.001320 0.005356 -0.124753
    18 1.209182 -0.000001 -0.000002 0.000729 0.002997 0.022348
    19 3.859859 -0.137948 1.332468 0.345271 -0.092270 -0.395911
    20 1.719429 0.000000 0.000001 0.001487 0.003793 0.010685
    21 1.099665 0.000000 0.000001 0.000386 0.002568 -0.095080
    22 0.806047 -0.348922 1.321260 -1.409829 -0.742969 -0.479938
    23 1.789786 0.000000 0.000001 0.000000 0.007387 0.228523
    24 1.206997 0.000000 0.000001 0.000000 0.011267 0.362860
    25 2.033353 1.000771 -1.937610 -1.668475 1.286518 2.942953
    26 6.028143 -0.000001 0.000000 1.629668 0.815103 0.280183
    27 11.692550 -0.000001 -0.000001 0.000000 0.000000 -0.959943
    28 11.481696 0.000000 -0.000001 -0.325188 0.033941 0.129316
    29 3.859673 -0.132568 1.193105 0.285062 -0.419945 -0.226477
    30 1.312562 0.000001 0.000003 -0.002956 -0.011560 -0.189327
    31 0.729365 0.000000 -0.000001 -0.001629 -0.005914 0.024519
    32 3.942294 0.050328 0.431041 0.086028 -0.151392 -0.228105
    33 1.539097 0.000001 0.000000 -0.001532 -0.005650 0.017016
    34 1.196323 0.000001 0.000001 -0.002545 -0.009322 -0.164261
    35 3.883655 -0.050328 -0.431043 -0.089808 0.003109 -0.255702
    36 1.719576 0.000000 -0.000002 -0.002028 -0.007712 -0.109291
    37 1.209182 0.000001 0.000000 -0.002124 -0.003923 0.279918
    38 3.859827 -0.148935 -1.331285 -0.328792 0.140171 -0.247153
    39 1.719424 -0.000003 -0.000001 -0.002684 -0.006044 0.054920
    40 1.099667 0.000000 0.000000 0.000000 -0.004211 -0.244312
    41 0.806017 -0.359832 -1.318336 1.475204 0.827508 -0.381818
    42 1.789785 -0.000001 0.000000 0.000000 -0.006301 0.228555
    43 1.206997 0.000000 0.000000 0.000000 -0.009618 0.362905
    44 0.000156 39.987263 -0.385905 0.000000 0.000000 0.000000
    45 -0.000161 -14.998885 19.998225 0.000000 0.000000 0.000000
    46 0.000005 3.345128 -2.981901 1.570796 0.083193 1.570796
    47 0.000001 0.000000 0.000000 0.000000 0.000000 -0.218144
    48 4.018313 -0.012456 0.000000 0.000000 0.000000 0.000000
    49 3.516727 -0.113777 0.000000 0.000000 -0.020817 -0.287173
    50 8.921975 0.607578 0.000000 0.000000 0.000000 0.000000
    51 -0.973545 16.001771 -13.566878 -1.573845 -0.002509 2.094380
  time 16
    0 0.000000 0.000000 -67.998169 1.570796 0.000000 0.000000
    1 -0.000005 24.988378 19.612320 0.000000 0.000000 0.000000
    2 0.000005 3.345128 -2.981901 1.570796 0.304437 1.570796
    3 4.018334 0.000000 0.000000 0.000000 0.000000 -0.029242
    4 3.518569 0.000000 0.000000 -0.001390 -0.020578 -0.185818
    5 8.942640 0.000000 0.000000 0.000000 0.000000 0.194096
    6 2.033346 1.000767 1.937660 1.596637 -1.286515 2.942961
    7 6.028142 0.000000 0.000000 -1.505267 -0.814928 0.168410
    8 11.692552 -0.000001 0.000002 0.000000 0.000000 -0.959392
    9 11.481668 -0.000001 -0.000034 0.251308 -0.116743 0.140760
    10 3.859703 -0.142405 -1.191971 -0.362411 0.353793 -0.423438
    11 1.312561 -0.000001 0.000001 0.003203 0.009118 -0.101893
    12 0.729363 0.000000 -0.000001 0.001345 0.004786 0.029667
    13 3.942325 0.046771 -0.431440 -0.118512 0.124057 -0.444423
    14 1.539093 -0.000001 0.000001 0.001260 0.004278 0.038760
    15 1.196321 -0.000001 0.000002 0.002744 0.006830 -0.048765
    16 3.883686 -0.046771 0.431444 0.088363 -0.006830 -0.262678
    17 1.719575 -0.000001 0.000003 0.001320 0.005356 -0.124753
    18 1.209182 -0.000001 -0.000002 0.000729 0.002997 0.022348
    19 3.859859 -0.137948 1.332468 0.345271 -0.092270 -0.395911
    20 1.719429 0.000000 0.000001 0.001487 0.003793 0.010685
    21 1.099665 0.000000 0.000001 0.000386 0.002568 -0.095080
    22 0.806047 -0.348922 1.321260 -1.409829 -0.742969 -0.479938
    23 1.789786 0.000000 0.000001 0.000000 0.007387 0.228523
    24 1.206997 0.000000 0.000001 0.000000 0.011267 0.362860
    25 2.033353 1.000771 -1.937610 -1.668475 1.286518 2.942953
    26 6.028143 -0.000001 0.000000 1.629668 0.815103 0.280183
    27 11.692550 -0.000001 -0.000001 0.000000 0.000000 -0.959943
    28 11.481696 0.000000 -0.000001 -0.325188 0.033941 0.129316
    29 3.859673 -0.132568 1.193105 0.285062 -0.419945 -0.226477
    30 1.312562 0.000001 0.000003 -0.002956 -0.011560 -0.189327
    31 0.729365 0.000000 -0.000001 -0.001629 -0.005914 0.024519
    32 3.942294 0.050328 0.431041 0.086028 -0.151392 -0.228105
    33 1.539097 0.000001 0.000000 -0.001532 -0.005650 0.017016
    34 1.196323 0.000001 0.000001 -0.002545 -0.009322 -0.164261
    35 3.883655 -0.050328 -0.431043 -0.089808 0.003109 -0.255702
    36 1.719576 0.000000 -0.000002 -0.002028 -0.007712 -0.109291
    37 1.209182 0.000001 0.000000 -0.002124 -0.003923 0.279918
    38 3.859827 -0.148935 -1.331285 -0.328792 0.140171 -0.247153
    39 1.719424 -0.000003 -0.000001 -0.002684 -0.006044 0.054920
    40 1.099667 0.000000 0.000000 0.000000 -0.004211 -0.244312
    41 0.806017 -0.359832 -1.318336 1.475204 0.827508 -0.381818
    42 1.789785 -0.000001 0.000000 0.000000 -0.006301 0.228555
    43 1.206997 0.000000 0.000000 0.000000 -0.009618 0.362905
    44 0.000156 39.987263 -0.385905 0.000000 0.000000 0.000000
    45 -0.000161 -14.998885 19.998225 0.000000 0.000000 0.000000
    46 0.000005 3.345128 -2.981901 1.570796 0.083193 1.570796
    47 0.000001 0.000000 0.000000 0.000000 0.000000 -0.218144
    48 4.018313 -0.012456 0.000000 0.000000 0.000000 0.000000
    49 3.516727 -0.113777 0.000000 0.000000 -0.020625 -0.286154
    50 8.921975 0.607578 0.000000 0.000000 0.000000 0.000000
    51 -0.973545 16.001771 -13.566878 -1.573845 -0.002509 2.094380
  time 17
    0 0.000000 0.000000 -67.998169 1.570796 0.000000 0.000000
    1 -0.000005 24.988378 19.612320 0.000000 0.000000 0.000000
    2 0.000005 3.345128 -2.981901 1.570796 0.304437 1.570796
    3 4.018334 0.000000 0.000000 0.000000 0.000000 -0.029242
    4 3.518569 0.000000 0.000000 -0.001354 -0.020026 -0.184799
    5 8.942640 0.000000 0.000000 0.000000 0.000000 0.194096
    6 2.033346 1.000767 1.937660 1.596637 -1.286515 2.942961
    7 6.028142 0.000000 0.000000 -1.505267 -0.814928 0.168410
    8 11.692552 -0.000001 0.000002 0.000000 0.000000 -0.959392
    9 11.481668 -0.000001 -0.000034 0.251308 -0.116743 0.140760
    10 3.859703 -0.142405 -1.191971 -0.362411 0.353793 -0.423438
    11 1.312561 -0.000001 0.000001 0.003203 0.009118 -0.101893
    12 0.729363 0.000000 -0.000001 0.001345 0.004786 0.029667
    13 3.942325 0.046771 -0.431440 -0.118512 0.124057 -0.444423
    14 1.539093 -0.000001 0.000001 0.001260 0.004278 0.038760
    15 1.196321 -0.000001 0.000002 0.002744 0.006830 -0.048765
    16 3.883686 -0.046771 0.431444 0.088363 -0.006830 -0.262678
    17 1.719575 -0.000001 0.000003 0.001320 0.005356 -0.124753
    18 1.209182 -0.000001 -0.000002 0.000729 0.002997 0.022348
    19 3.859859 -0.137948 1.332468 0.345271 -0.092270 -0.395911
    20 1.719429 0.000000 0.000001 0.001487 0.003793 0.010685
    21 1.099665 0.000000 0.000001 0.000386 0.002568 -0.095080
    22 0.806047 -0.348922 1.321260 -1.409829 -0.742969 -0.479938
    23 1.789786 0.000000 0.000001 0.000000 0.007387 0.228523
    24 1.206997 0.000000 0.000001 0.000000 0.011267 0.362860
    25 2.033353 1.000771 -1.937610 -1.668475 1.286518 2.942953
    26 6.028143 -0.000001 0.000000 1.629668 0.815103 0.280183
    27 11.692550 -0.000001 -0.000001 0.000000 0.000000 -0.959943
    28 11.481696 0.000000 -0.000001 -0.325188 0.033941 0.129316
    29 3.859673 -0.132568 1.193105 0.285062 -0.419945 -0.226477
    30 1.312562 0.000001 0.000003 -0.002956 -0.011560 -0.189327
    31 0.729365 0.000000 -0.000001 -0.001629 -0.005914 0.024519
    32 3.942294 0.050328 0.431041 0.086028 -0.151392 -0.228105
    33 1.539097 0.000001 0.000000 -0.001532 -0.005650 0.017016
    34 1.196323 0.000001 0.000001 -0.002545 -0.009322 -0.164261
    35 3.883655 -0.050328 -0.431043 -0.089808 0.003109 -0.255702
    36 1.719576 0.000000 -0.000002 -0.002028 -0.007712 -0.109291
    37 1.209182 0.000001 0.000000 -0.002124 -0.003923 0.279918
    38 3.859827 -0.148935 -1.331285 -0.328792 0.140171 -0.247153
    39 1.719424 -0.000003 -0.000001 -0.002684 -0.006044 0.054920
    40 1.099667 0.000000 0.000000 0.000000 -0.004211 -0.244312
    41 0.806017 -0.359832 -1.318336 1.475204 0.827508 -0.381818
    42 1.789785 -0.000001 0.000000 0.000000 -0.006301 0.228555
    43 1.206997 0.000000 0.000000 0.000000 -0.009618 0.362905
    44 0.000156 39.987263 -0.385905 0.000000 0.000000 0.000000
    45 -0.000161 -14.998885 19.998225 0.000000 0.000000 0.000000
    46 0.000005 3.345128 -2.981901 1.570796 0.083193 1.570796
    47 0.000001 0.000000 0.000000 0.000000 0.000000 -0.218144
    48 4.018313 -0.012456 0.000000 0.000000 0.000000 0.000000
    49 3.516727 -0.113777 0.000000 0.000000 -0.020074 -0.285160
    50 8.921975 0.607578 0.000000 0.000000 0.000000 0.000000
    51 -0.973545 16.001771 -13.566878 -1.573845 -0.002509 2.094380
  time 18
    0 0.000000 0.000000 -67.998169 1.570796 0.000000 0.000000
    1 -0.000005 24.988378 19.612320 0.000000 0.000000 0.000000
    2 0.000005 3.345128 -2.981901 1.570796 0.304437 1.570796
    3 4.018334 0.000000 0.000000 0.000000 0.000000 -0.029242
    4 3.518569 0.000000 0.000000 -0.001294 -0.019163 -0.183830
    5 8.942640 0.000000 0.000000 0.000000 0.000000 0.194096
    6 2.033346 1.000767 1.937660 1.596637 -1.286515 2.942961
    7 6.028142 0.000000 0.000000 -1.505267 -0.814928 0.168410
    8 11.692552 -0.000001 0.000002 0.000000 0.000000 -0.959392
    9 11.481668 -0.000001 -0.000034 0.251308 -0.116743 0.140760
    10 3.859703 -0.142405 -1.191971 -0.362411 0.353793 -0.423438
    11 1.312561 -0.000001 0.000001 0.003203 0.009118 -0.101893
    12 0.729363 0.000000 -0.000001 0.001345 0.004786 0.029667
    13 3.942325 0.046771 -0.431440 -0.118512 0.124057 -0.444423
    14 1.539093 -0.000001 0.000001 0.001260 0.004278 0.038760
    15 1.196321 -0.000001 0.000002 0.002744 0.006830 -0.048765
    16 3.883686 -0.046771 0.431444 0.088363 -0.006830 -0.262678
    17 1.719575 -0.000001 0.000003 0.001320 0.005356 -0.124753
    18 1.209182 -0.000001 -0.000002 0.000729 0.002997 0.022348
    19 3.859859 -0.137948 1.332468 0.345271 -0.092270 -0.395911
    20 1.719429 0.000000 0.000001 0.001487 0.003793 0.010685
    21 1.099665 0.000000 0.000001 0.000386 0.002568 -0.095080
    22 0.806047 -0.348922 1.321260 -1.409829 -0.742969 -0.479938
    23 1.789786 0.000000 0.000001 0.000000 0.007387 0.228523
    24 1.206997 0.000000 0.000001 0.000000 0.011267 0.362860
    25 2.033353 1.000771 -1.937610 -1.668475 1.286518 2.942953
    26 6.028143 -0.000001 0.000000 1.629668 0.815103 0.280183
    27 11.692550 -0.000001 -0.000001 0.000000 0.000000 -0.959943
    28 11.481696 0.000000 -0.000001 -0.325188 0.033941 0.129316
    29 3.859673 -0.132568 1.193105 0.285062 -0.419945 -0.226477
    30 1.312562 0.000001 0.000003 -0.002956 -0.011560 -0.189327
    31 0.729365 0.000000 -0.000001 -0.001629 -0.005914 0.024519
    32 3.942294 0.050328 0.431041 0.086028 -0.151392 -0.228105
    33 1.539097 0.000001 0.000000 -0.001532 -0.005650 0.017016
    34 1.196323 0.000001 0.000001 -0.002545 -0.009322 -0.164261
    35 3.883655 -0.050328 -0.431043 -0.089808 0.003109 -0.255702
    36 1.719576 0.000000 -0.000002 -0.002028 -0.007712 -0.109291
    37 1.209182 0.000001 0.000000 -0.002124 -0.003923 0.279918
    38 3.859827 -0.148935 -1.331285 -0.328792 0.140171 -0.247153
    39 1.719424 -0.000003 -0.000001 -0.002684 -0.006044 0.054920
    40 1.099667 0.000000 0.000000 0.000000 -0.004211 -0.244312
    41 0.806017 -0.359832 -1.318336 1.475204 0.827508 -0.381818
    42 1.789785 -0.000001 0.000000 0.000000 -0.006301 0.228555
    43 1.206997 0.000000 0.000000 0.000000 -0.009618 0.362905
    44 0.000156 39.987263 -0.385905 0.000000 0.000000 0.000000
    45 -0.000161 -14.998885 19.998225 0.000000 0.000000 0.000000
    46 0.000005 3.345128 -2.981901 1.570796 0.083193 1.570796
    47 0.000001 0.000000 0.000000 0.000000 0.000000 -0.218144
    48 4.018313 -0.012456 0.000000 0.000000 0.000000 0.000000
    49 3.516727 -0.113777 0.000000 0.000000 -0.019211 -0.284166
    50 8.921975 0.607578 0.000000 0.000000 0.000000 0.000000
    51 -0.973545 16.001771 -13.566878 -1.573845 -0.002509 2.094380
  time 19
    0 0.000000 0.000000 -67.998169 1.570796 0.000000 0.000000
    1 -0.000005 24.988378 19.612320 0.000000 0.000000 0.000000
    2 0.000005 3.345128 -2.981901 1.570796 0.304437 1.570796
    3 4.018334 0.000000 0.000000 0.000000 0.000000 -0.029242
    4 3.518569 0.000000 0.000000 -0.001222 -0.018037 -0.182862
    5 8.942640 0.000000 0.000000 0.000000 0.000000 0.194096
    6 2.033346 1.000767 1.937660 1.596637 -1.286515 2.942961
    7 6.028142 0.000000 0.000000 -1.505267 -0.814928 0.168410
    8 11.692552 -0.000001 0.000002 0.000000 0.000000 -0.959392
    9 11.481668 -0.000001 -0.000034 0.251308 -0.116743 0.140760
    10 3.859703 -0.142405 -1.191971 -0.362411 0.353793 -0.423438
    11 1.312561 -0.000001 0.000001 0.003203 0.009118 -0.101893
    12 0.729363 0.000000 -0.000001 0.001345 0.004786 0.029667
    13 3.942325 0.046771 -0.431440 -0.118512 0.124057 -0.444423
    14 1.539093 -0.000001 0.000001 0.001260 0.004278 0.038760
    15 1.196321 -0.000001 0.000002 0.002744 0.006830 -0.048765
    16 3.883686 -0.046771 0.431444 0.088363 -0.006830 -0.262678
    17 1.719575 -0.000001 0.000003 0.001320 0.005356 -0.124753
    18 1.209182 -0.000001 -0.000002 0.000729 0.002997 0.022348
    19 3.859859 -0.137948 1.332468 0.345271 -0.092270 -0.395911
    20 1.719429 0.000000 0.000001 0.001487 0.003793 0.010685
    21 1.099665 0.000000 0.000001 0.000386 0.002568 -0.095080
    22 0.806047 -0.348922 1.321260 -1.409829 -0.742969 -0.479938
    23 1.789786 0.000000 0.000001 0.000000 0.007387 0.228523
    24 1.206997 0.000000 0.000001 0.000000 0.011267 0.362860
    25 2.033353 1.000771 -1.937610 -1.668475 1.286518 2.942953
    26 6.028143 -0.000001 0.000000 1.629668 0.815103 0.280183
    27 11.692550 -0.000001 -0.000001 0.000000 0.000000 -0.959943
    28 11.481696 0.000000 -0.000001 -0.325188 0.033941 0.129316
    29 3.859673 -0.132568 1.193105 0.285062 -0.419945 -0.226477
    30 1.312562 0.000001 0.000003 -0.002956 -0.011560 -0.189327
    31 0.729365 0.000000 -0.000001 -0.001629 -0.005914 0.024519
    32 3.942294 0.050328 0.431041 0.086028 -0.151392 -0.228105
    33 1.539097 0.000001 0.000000 -0.001532 -0.005650 0.017016
    34 1.196323 0.000001 0.000001 -0.002545 -0.009322 -0.164261
    35 3.883655 -0.050328 -0.431043 -0.089808 0.003109 -0.255702
    36 1.719576 0.000000 -0.000002 -0.002028 -0.007712 -0.109291
    37 1.209182 0.000001 0.000000 -0.002124 -0.003923 0.279918
    38 3.859827 -0.148935 -1.331285 -0.328792 0.140171 -0.247153
    39 1.719424 -0.000003 -0.000001 -0.002684 -0.006044 0.054920
    40 1.099667 0.000000 0.000000 0.000000 -0.004211 -0.244312
    41 0.806017 -0.359832 -1.318336 1.475204 0.827508 -0.381818
    42 1.789785 -0.000001 0.000000 0.000000 -0.006301 0.228555
    43 1.206997 0.000000 0.000000 0.000000 -0.009618 0.362905
    44 0.000156 39.987263 -0.385905 0.000000 0.000000 0.000000
    45 -0.000161 -14.998885 19.998225 0.000000 0.000000 0.000000
    46 0.000005 3.345128 -2.981901 1.570796 0.083193 1.570796
    47 0.000001 0.000000 0.000000 0.000000 0.000000 -0.218144
    48 4.018313 -0.012456 0.000000 0.000000 0.000000 0.000000
    49 3.516727 -0.113777 0.000000 0.000000 -0.018085 -0.283198
    50 8.921975 0.607578 0.000000 0.000000 0.000000 0.000000
    51 -0.973545 16.001771 -13.566878 -1.573845 -0.002509 2.094380
  time 20
    0 0.000000 0.000000 -67.998169 1.570796 0.000000 0.000000
    1 -0.000005 24.988378 19.612320 0.000000 0.000000 0.000000
    2 0.000005 3.345128 -2.981901 1.570796 0.304437 1.570796
    3 4.018334 0.000000 0.000000 0.000000 0.000000 -0.029242
    4 3.518569 0.000000 0.000000 -0.001127 -0.016683 -0.181945
    5 8.942640 0.000000 0.000000 0.000000 0.000000 0.194096
    6 2.033346 1.000767 1.937660 1.596637 -1.286515 2.942961
    7 6.028142 0.000000 0.000000 -1.505267 -0.814928 0.168410
    8 11.692552 -0.000001 0.000002 0.000000 0.000000 -0.959392
    9 11.481668 -0.000001 -0.000034 0.251308 -0.116743 0.140760
    10 3.859703 -0.142405 -1.191971 -0.362411 0.353793 -0.423438
    11 1.312561 -0.000001 0.000001 0.003203 0.009118 -0.101893
    12 0.729363 0.000000 -0.000001 0.001345 0.004786 0.029667
    13 3.942325 0.046771 -0.431440 -0.118512 0.124057 -0.444423
    14 1.539093 -0.000001 0.000001 0.001260 0.004278 0.038760
    15 1.196321 -0.000001 0.000002 0.002744 0.006830 -0.048765
    16 3.883686 -0.046771 0.431444 0.088363 -0.006830 -0.262678
    17 1.719575 -0.000001 0.000003 0.001320 0.005356 -0.124753
    18 1.209182 -0.000001 -0.000002 0.000729 0.002997 0.022348
    19 3.859859 -0.137948 1.332468 0.345271 -0.092270 -0.395911
    20 1.719429 0.000000 0.000001 0.001487 0.003793 0.010685
    21 1.099665 0.000000 0.000001 0.000386 0.002568 -0.095080
    22 0.806047 -0.348922 1.321260 -1.409829 -0.742969 -0.479938
    23 1.789786 0.000000 0.000001 0.000000 0.007387 0.228523
    24 1.206997 0.000000 0.000001 0.000000 0.011267 0.362860
    25 2.033353 1.000771 -1.937610 -1.668475 1.286518 2.942953
    26 6.028143 -0.000001 0.000000 1.629668 0.815103 0.280183
    27 11.692550 -0.000001 -0.000001 0.000000 0.000000 -0.959943
    28 11.481696 0.000000 -0.000001 -0.325188 0.033941 0.129316
    29 3.859673 -0.132568 1.193105 0.285062 -0.419945 -0.226477
    30 1.312562 0.000001 0.000003 -0.002956 -0.011560 -0.189327
    31 0.729365 0.000000 -0.000001 -0.001629 -0.005914 0.024519
    32 3.942294 0.050328 0.431041 0.086028 -0.151392 -0.228105
    33 1.539097 0.000001 0.000000 -0.001532 -0.005650 0.017016
    34 1.196323 0.000001 0.000001 -0.002545 -0.009322 -0.164261
    35 3.883655 -0.050328 -0.431043 -0.089808 0.003109 -0.255702
    36 1.719576 0.000000 -0.000002 -0.002028 -0.007712 -0.109291
    37 1.209182 0.000001 0.000000 -0.002124 -0.003923 0.279918
    38 3.859827 -0.148935 -1.331285 -0.328792 0.140171 -0.247153
    39 1.719424 -0.000003 -0.000001 -0.002684 -0.006044 0.054920
    40 1.099667 0.000000 0.000000 0.000000 -0.004211 -0.244312
    41 0.806017 -0.359832 -1.318336 1.475204 0.827508 -0.381818
    42 1.789785 -0.000001 0.000000 0.000000 -0.006301 0.228555
    43 1.206997 0.000000 0.000000 0.000000 -0.009618 0.362905
    44 0.000156 39.987263 -0.385905 0.000000 0.000000 0.000000
    45 -0.000161 -14.998885 19.998225 0.000000 0.000000 0.000000
    46 0.000005 3.345128 -2.981901 1.570796 0.083193 1.570796
    47 0.000001 0.000000 0.000000 0.000000 0.000000 -0.218144
    48 4.018313 -0.012456 0.000000 0.000000 0.000000 0.000000
    49 3.516727 -0.113777 0.000000 0.000000 -0.016719 -0.282281
    50 8.921975 0.607578 0.000000 0.000000 0.000000 0.000000
    51 -0.973545 16.001771 -13.566878 -1.573845 -0.002509 2.094380
  time 21
    0 0.000000 0.000000 -67.998169 1.570796 0.000000 0.000000
    1 -0.000005 24.988378 19.612320 0.000000 0.000000 0.000000
    2 0.000005 3.345128 -2.981901 1.570796 0.304437 1.570796
    3 4.018334 0.000000 0.000000 0.000000 0.000000 -0.029242
    4 3.518569 0.000000 0.000000 -0.001031 -0.015137 -0.181053
    5 8.942640 0.000000 0.000000 0.000000 0.000000 0.194096
    6 2.033346 1.000767 1.937660 1.596637 -1.286515 2.942961
    7 6.028142 0.000000 0.000000 -1.505267 -0.814928 0.168410
    8 11.692552 -0.000001 0.000002 0.000000 0.000000 -0.959392
    9 11.481668 -0.000001 -0.000034 0.251308 -0.116743 0.140760
    10 3.859703 -0.142405 -1.191971 -0.362411 0.353793 -0.423438
    11 1.312561 -0.000001 0.000001 0.003203 0.009118 -0.101893
    12 0.729363 0.000000 -0.000001 0.001345 0.004786 0.029667
    13 3.942325 0.046771 -0.431440 -0.118512 0.124057 -0.444423
    14 1.539093 -0.000001 0.000001 0.001260 0.004278 0.038760
    15 1.196321 -0.000001 0.000002 0.002744 0.006830 -0.048765
    16 3.883686 -0.046771 0.431444 0.088363 -0.006830 -0.262678
    17 1.719575 -0.000001 0.000003 0.001320 0.005356 -0.124753
    18 1.209182 -0.000001 -0.000002 0.000729 0.002997 0.022348
    19 3.859859 -0.137948 1.332468 0.345271 -0.092270 -0.395911
    20 1.719429 0.000000 0.000001 0.001487 0.003793 0.010685
    21 1.099665 0.000000 0.000001 0.000386 0.002568 -0.095080
    22 0.806047 -0.348922 1.321260 -1.409829 -0.742969 -0.479938
    23 1.789786 0.000000 0.000001 0.000000 0.007387 0.228523
    24 1.206997 0.000000 0.000001 0.000000 0.011267 0.362860
    25 2.033353 1.000771 -1.937610 -1.668475 1.286518 2.942953
    26 6.028143 -0.000001 0.000000 1.629668 0.815103 0.280183
    27 11.692550 -0.000001 -0.000001 0.000000 0.000000 -0.959943
    28 11.481696 0.000000 -0.000001 -0.325188 0.033941 0.129316
    29 3.859673 -0.132568 1.193105 0.285062 -0.419945 -0.226477
    30 1.312562 0.000001 0.000003 -0.002956 -0.011560 -0.189327
    31 0.729365 0.000000 -0.000001 -0.001629 -0.005914 0.024519
    32 3.942294 0.050328 0.431041 0.086028 -0.151392 -0.228105
    33 1.539097 0.000001 0.000000 -0.001532 -0.005650 0.017016
    34 1.196323 0.000001 0.000001 -0.002545 -0.009322 -0.164261
    35 3.883655 -0.050328 -0.431043 -0.089808 0.003109 -0.255702
    36 1.719576 0.000000 -0.000002 -0.002028 -0.007712 -0.109291
    37 1.209182 0.000001 0.000000 -0.002124 -0.003923 0.279918
    38 3.859827 -0.148935 -1.331285 -0.328792 0.140171 -0.247153
    39 1.719424 -0.000003 -0.000001 -0.002684 -0.006044 0.054920
    40 1.099667 0.000000 0.000000 0.000000 -0.004211 -0.244312
    41 0.806017 -0.359832 -1.318336 1.475204 0.827508 -0.381818
    42 1.789785 -0.000001 0.000000 0.000000 -0.006301 0.228555
    43 1.206997 0.000000 0.000000 0.000000 -0.009618 0.362905
    44 0.000156 39.987263 -0.385905 0.000000 0.000000 0.000000
    45 -0.000161 -14.998885 19.998225 0.000000 0.000000 0.000000
    46 0.000005 3.345128 -2.981901 1.570796 0.083193 1.570796
    47 0.000001 0.000000 0.000000 0.000000 0.000000 -0.218144
    48 4.018313 -0.012456 0.000000 0.000000 0.000000 0.000000
    49 3.516727 -0.113777 0.000000 0.000000 -0.015172 -0.281415
    50 8.921975 0.607578 0.000000 0.000000 0.000000 0.000000
    51 -0.973545 16.001771 -13.566878 -1.573845 -0.002509 2.094380
  time 22
    0 0.000000 0.000000 -67.998169 1.570796 0.000000 0.000000
    1 -0.000005 24.988378 19.612320 0.000000 0.000000 0.000000
    2 0.000005 3.345128 -2.981901 1.570796 0.304437 1.570796
    3 4.018334 0.000000 0.000000 0.000000 0.000000 -0.029242
    4 3.518569 0.000000 0.000000 -0.000911 -0.013447 -0.180238
    5 8.942640 0.000000 0.000000 0.000000 0.000000 0.194096
    6 2.033346 1.000767 1.937660 1.596637 -1.286515 2.942961
    7 6.028142 0.000000 0.000000 -1.505267 -0.814928 0.168410
    8 11.692552 -0.000001 0.000002 0.000000 0.000000 -0.959392
    9 11.481668 -0.000001 -0.000034 0.251308 -0.116743 0.140760
    10 3.859703 -0.142405 -1.191971 -0.362411 0.353793 -0.423438
    11 1.312561 -0.000001 0.000001 0.003203 0.009118 -0.101893
    12 0.729363 0.000000 -0.000001 0.001345 0.004786 0.029667
    13 3.942325 0.046771 -0.431440 -0.118512 0.124057 -0.444423
    14 1.539093 -0.000001 0.000001 0.001260 0.004278 0.038760
    15 1.196321 -0.000001 0.000002 0.002744 0.006830 -0.048765
    16 3.883686 -0.046771 0.431444 0.088363 -0.006830 -0.262678
    17 1.719575 -0.000001 0.000003 0.001320 0.005356 -0.124753
    18 1.209182 -0.000001 -0.000002 0.000729 0.002997 0.022348
    19 3.859859 -0.137948 1.332468 0.345271 -0.092270 -0.395911
    20 1.719429 0.000000 0.000001 0.001487 0.003793 0.010685
    21 1.099665 0.000000 0.000001 0.000386 0.002568 -0.095080
    22 0.806047 -0.348922 1.321260 -1.409829 -0.742969 -0.479938
    23 1.789786 0.000000 0.000001 0.000000 0.007387 0.228523
    24 1.206997 0.000000 0.000001 0.000000 0.011267 0.362860
    25 2.033353 1.000771 -1.937610 -1.668475 1.286518 2.942953
    26 6.028143 -0.000001 0.000000 1.629668 0.815103 0.280183
    27 11.692550 -0.000001 -0.000001 0.000000 0.000000 -0.959943
    28 11.481696 0.000000 -0.000001 -0.325188 0.033941 0.129316
    29 3.859673 -0.132568 1.193105 0.285062 -0.419945 -0.226477
    30 1.312562 0.000001 0.000003 -0.002956 -0.011560 -0.189327
    31 0.729365 0.000000 -0.000001 -0.001629 -0.005914 0.024519
    32 3.942294 0.050328 0.431041 0.086028 -0.151392 -0.228105
    33 1.539097 0.000001 0.000000 -0.001532 -0.005650 0.017016
    34 1.196323 0.000001 0.000001 -0.002545 -0.009322 -0.164261
    35 3.883655 -0.050328 -0.431043 -0.089808 0.003109 -0.255702
    36 1.719576 0.000000 -0.000002 -0.002028 -0.007712 -0.109291
    37 1.209182 0.000001 0.000000 -0.002124 -0.003923 0.279918
    38 3.859827 -0.148935 -1.331285 -0.328792 0.140171 -0.247153
    39 1.719424 -0.000003 -0.000001 -0.002684 -0.006044 0.054920
    40 1.099667 0.000000 0.000000 0.000000 -0.004211 -0.244312
    41 0.806017 -0.359832 -1.318336 1.475204 0.827508 -0.381818
    42 1.789785 -0.000001 0.000000 0.000000 -0.006301 0.228555
    43 1.206997 0.000000 0.000000 0.000000 -0.009618 0.362905
    44 0.000156 39.987263 -0.385905 0.000000 0.000000 0.000000
    45 -0.000161 -14.998885 19.998225 0.000000 0.000000 0.000000
    46 0.000005 3.345128 -2.981901 1.570796 0.083193 1.570796
    47 0.000001 0.000000 0.000000 0.000000 0.000000 -0.218144
    48 4.018313 -0.012456 0.000000 0.000000 0.000000 0.000000
    49 3.516727 -0.113777 0.000000 0.000000 -0.013483 -0.280574
    50 8.921975 0.607578 0.000000 0.000000 0.000000 0.000000
    51 -0.973545 16.001771 -13.566878 -1.573845 -0.002509 2.094380
  time 23
    0 0.000000 0.000000 -67.998169 1.570796 0.000000 0.000000
    1 -0.000005 24.988378 19.612320 0.000000 0.000000 0.000000
    2 0.000005 3.345128 -2.981901 1.570796 0.304437 1.570796
    3 4.018334 0.000000 0.000000 0.000000 0.000000 -0.029242
    4 3.518569 0.000000 0.000000 -0.000791 -0.011673 -0.179474
    5 8.942640 0.000000 0.000000 0.000000 0.000000 0.194096
    6 2.033346 1.000767 1.937660 1.596637 -1.286515 2.942961
    7 6.028142 0.000000 0.000000 -1.505267 -0.814928 0.168410
    8 11.692552 -0.000001 0.000002 0.000000 0.000000 -0.959392
    9 11.481668 -0.000001 -0.000034 0.251308 -0.116743 0.140760
    10 3.859703 -0.142405 -1.191971 -0.362411 0.353793 -0.423438
    11 1.312561 -0.000001 0.000001 0.003203 0.009118 -0.101893
    12 0.729363 0.000000 -0.000001 0.001345 0.004786 0.029667
    13 3.942325 0.046771 -0.431440 -0.118512 0.124057 -0.444423
    14 1.539093 -0.000001 0.000001 0.001260 0.004278 0.038760
    15 1.196321 -0.000001 0.000002 0.002744 0.006830 -0.048765
    16 3.883686 -0.046771 0.431444 0.088363 -0.006830 -0.262678
    17 1.719575 -0.000001 0.000003 0.001320 0.005356 -0.124753
    18 1.209182 -0.000001 -0.000002 0.000729 0.002997 0.022348
    19 3.859859 -0.137948 1.332468 0.345271 -0.092270 -0.395911
    20 1.719429 0.000000 0.000001 0.001487 0.003793 0.010685
    21 1.099665 0.000000 0.000001 0.000386 0.002568 -0.095080
    22 0.806047 -0.348922 1.321260 -1.409829 -0.742969 -0.479938
    23 1.789786 0.000000 0.000001 0.000000 0.007387 0.228523
    24 1.206997 0.000000 0.000001 0.000000 0.011267 0.362860
    25 2.033353 1.000771 -1.937610 -1.668475 1.286518 2.942953
    26 6.028143 -0.000001 0.000000 1.629668 0.815103 0.280183
    27 11.692550 -0.000001 -0.000001 0.000000 0.000000 -0.959943
    28 11.481696 0.000000 -0.000001 -0.325188 0.033941 0.129316
    29 3.859673 -0.132568 1.193105 0.285062 -0.419945 -0.226477
    30 1.312562 0.000001 0.000003 -0.002956 -0.011560 -0.189327
    31 0.729365 0.000000 -0.000001 -0.001629 -0.005914 0.024519
    32 3.942294 0.050328 0.431041 0.086028 -0.151392 -0.228105
    33 1.539097 0.000001 0.000000 -0.001532 -0.005650 0.017016
    34 1.196323 0.000001 0.000001 -0.002545 -0.009322 -0.164261
    35 3.883655 -0.050328 -0.431043 -0.089808 0.003109 -0.255702
    36 1.719576 0.000000 -0.000002 -0.002028 -0.007712 -0.109291
    37 1.209182 0.000001 0.000000 -0.002124 -0.003923 0.279918
    38 3.859827 -0.148935 -1.331285 -0.328792 0.140171 -0.247153
    39 1.719424 -0.000003 -0.000001 -0.002684 -0.006044 0.054920
    40 1.099667 0.000000 0.000000 0.000000 -0.004211 -0.244312
    41 0.806017 -0.359832 -1.318336 1.475204 0.827508 -0.381818
    42 1.789785 -0.000001 0.000000 0.000000 -0.006301 0.228555
    43 1.206997 0.000000 0.000000 0.000000 -0.009618 0.362905
    44 0.000156 39.987263 -0.385905 0.000000 0.000000 0.000000
    45 -0.000161 -14.998885 19.998225 0.000000 0.000000 0.000000
    46 0.000005 3.345128 -2.981901 1.570796 0.083193 1.570796
    47 0.000001 0.000000 0.000000 0.000000 0.000000 -0.218144
    48 4.018313 -0.012456 0.000000 0.000000 0.000000 0.000000
    49 3.516727 -0.113777 0.000000 0.000000 -0.011697 -0.279810
    50 8.921975 0.607578 0.000000 0.000000 0.000000 0.000000
    51 -0.973545 16.001771 -13.566878 -1.573845 -0.002509 2.094380
  time 24
    0 0.000000 0.000000 -67.998169 1.570796 0.000000 0.000000
    1 -0.000005 24.988378 19.612320 0.000000 0.000000 0.000000
    2 0.000005 3.345128 -2.981901 1.570796 0.304437 1.570796
    3 4.018334 0.000000 0.000000 0.000000 0.000000 -0.029242
    4 3.518569 0.000000 0.000000 -0.000659 -0.009827 -0.178786
    5 8.942640 0.000000 0.000000 0.000000 0.000000 0.194096
    6 2.033346 1.000767 1.937660 1.596637 -1.286515 2.942961
    7 6.028142 0.000000 0.000000 -1.505267 -0.814928 0.168410
    8 11.692552 -0.000001 0.000002 0.000000 0.000000 -0.959392
    9 11.481668 -0.000001 -0.000034 0.251308 -0.116743 0.140760
    10 3.859703 -0.142405 -1.191971 -0.362411 0.353793 -0.423438
    11 1.312561 -0.000001 0.000001 0.003203 0.009118 -0.101893
    12 0.729363 0.000000 -0.000001 0.001345 0.004786 0.029667
    13 3.942325 0.046771 -0.431440 -0.118512 0.124057 -0.444423
    14 1.539093 -0.000001 0.000001 0.001260 0.004278 0.038760
    15 1.196321 -0.000001 0.000002 0.002744 0.006830 -0.048765
    16 3.883686 -0.046771 0.431444 0.088363 -0.006830 -0.262678
    17 1.719575 -0.000001 0.000003 0.001320 0.005356 -0.124753
    18 1.209182 -0.000001 -0.000002 0.000729 0.002997 0.022348
    19 3.859859 -0.137948 1.332468 0.345271 -0.092270 -0.395911
    20 1.719429 0.000000 0.000001 0.001487 0.003793 0.010685
    21 1.099665 0.000000 0.000001 0.000386 0.002568 -0.095080
    22 0.806047 -0.348922 1.321260 -1.409829 -0.742969 -0.479938
    23 1.789786 0.000000 0.000001 0.000000 0.007387 0.228523
    24 1.206997 0.000000 0.000001 0.000000 0.011267 0.362860
    25 2.033353 1.000771 -1.937610 -1.668475 1.286518 2.942953
    26 6.028143 -0.000001 0.000000 1.629668 0.815103 0.280183
    27 11.692550 -0.000001 -0.000001 0.000000 0.000000 -0.959943
    28 11.481696 0.000000 -0.000001 -0.325188 0.033941 0.129316
    29 3.859673 -0.132568 1.193105 0.285062 -0.419945 -0.226477
    30 1.312562 0.000001 0.000003 -0.002956 -0.011560 -0.189327
    31 0.729365 0.000000 -0.000001 -0.001629 -0.005914 0.024519
    32 3.942294 0.050328 0.431041 0.086028 -0.151392 -0.228105
    33 1.539097 0.000001 0.000000 -0.001532 -0.005650 0.017016
    34 1.196323 0.000001 0.000001 -0.002545 -0.009322 -0.164261
    35 3.883655 -0.050328 -0.431043 -0.089808 0.003109 -0.255702
    36 1.719576 0.000000 -0.000002 -0.002028 -0.007712 -0.109291
    37 1.209182 0.000001 0.000000 -0.002124 -0.003923 0.279918
    38 3.859827 -0.148935 -1.331285 -0.328792 0.140171 -0.247153
    39 1.719424 -0.000003 -0.000001 -0.002684 -0.006044 0.054920
    40 1.099667 0.000000 0.000000 0.000000 -0.004211 -0.244312
    41 0.806017 -0.359832 -1.318336 1.475204 0.827508 -0.381818
    42 1.789785 -0.000001 0.000000 0.000000 -0.006301 0.228555
    43 1.206997 0.000000 0.000000 0.000000 -0.009618 0.362905
    44 0.000156 39.987263 -0.385905 0.000000 0.000000 0.000000
    45 -0.000161 -14.998885 19.998225 0.000000 0.000000 0.000000
    46 0.000005 3.345128 -2.981901 1.570796 0.083193 1.570796
    47 0.000001 0.000000 0.000000 0.000000 0.000000 -0.218144
    48 4.018313 -0.012456 0.000000 0.000000 0.000000 0.000000
    49 3.516727 -0.113777 0.000000 0.000000 -0.009851 -0.279122
    50 8.921975 0.607578 0.000000 0.000000 0.000000 0.000000
    51 -0.973545 16.001771 -13.566878 -1.573845 -0.002509 2.094380
  time 25
    0 0.000000 0.000000 -67.998169 1.570796 0.000000 0.000000
    1 -0.000005 24.988378 19.612320 0.000000 0.000000 0.000000
    2 0.000005 3.345128 -2.981901 1.570796 0.304437 1.570796
    3 4.018334 0.000000 0.000000 0.000000 0.000000 -0.029242
    4 3.518569 0.000000 0.000000 -0.000539 -0.007970 -0.178174
    5 8.942640 0.000000 0.000000 0.000000 0.000000 0.194096
    6 2.033346 1.000767 1.937660 1.596637 -1.286515 2.942961
    7 6.028142 0.000000 0.000000 -1.505267 -0.814928 0.168410
    8 11.692552 -0.000001 0.000002 0.000000 0.000000 -0.959392
    9 11.481668 -0.000001 -0.000034 0.251308 -0.116743 0.140760
    10 3.859703 -0.142405 -1.191971 -0.362411 0.353793 -0.423438
    11 1.312561 -0.000001 0.000001 0.003203 0.009118 -0.101893
    12 0.729363 0.000000 -0.000001 0.001345 0.004786 0.029667
    13 3.942325 0.046771 -0.431440 -0.118512 0.124057 -0.444423
    14 1.539093 -0.000001 0.000001 0.001260 0.004278 0.038760
    15 1.196321 -0.000001 0.000002 0.002744 0.006830 -0.048765
    16 3.883686 -0.046771 0.431444 0.088363 -0.006830 -0.262678
    17 1.719575 -0.000001 0.000003 0.001320 0.005356 -0.124753
    18 1.209182 -0.000001 -0.000002 0.000729 0.002997 0.022348
    19 3.859859 -0.137948 1.332468 0.345271 -0.092270 -0.395911
    20 1.719429 0.000000 0.000001 0.001487 0.003793 0.010685
    21 1.099665 0.000000 0.000001 0.000386 0.002568 -0.095080
    22 0.806047 -0.348922 1.321260 -1.409829 -0.742969 -0.479938
    23 1.789786 0.000000 0.000001 0.000000 0.007387 0.228523
    24 1.206997 0.000000 0.000001 0.000000 0.011267 0.362860
    25 2.033353 1.000771 -1.937610 -1.668475 1.286518 2.942953
    26 6.028143 -0.000001 0.000000 1.629668 0.815103 0.280183
    27 11.692550 -0.000001 -0.000001 0.000000 0.000000 -0.959943
    28 11.481696 0.000000 -0.000001 -0.325188 0.033941 0.129316
    29 3.859673 -0.132568 1.193105 0.285062 -0.419945 -0.226477
    30 1.312562 0.000001 0.000003 -0.002956 -0.011560 -0.189327
    31 0.729365 0.000000 -0.000001 -0.001629 -0.005914 0.024519
    32 3.942294 0.050328 0.431041 0.086028 -0.151392 -0.228105
    33 1.539097 0.000001 0.000000 -0.001532 -0.005650 0.017016
    34 1.196323 0.000001 0.000001 -0.002545 -0.009322 -0.164261
    35 3.883655 -0.050328 -0.431043 -0.089808 0.003109 -0.255702
    36 1.719576 0.000000 -0.000002 -0.002028 -0.007712 -0.109291
    37 1.209182 0.000001 0.000000 -0.002124 -0.003923 0.279918
    38 3.859827 -0.148935 -1.331285 -0.328792 0.140171 -0.247153
    39 1.719424 -0.000003 -0.000001 -0.002684 -0.006044 0.054920
    40 1.099667 0.000000 0.000000 0.000000 -0.004211 -0.244312
    41 0.806017 -0.359832 -1.318336 1.475204 0.827508 -0.381818
    42 1.789785 -0.000001 0.000000 0.000000 -0.006301 0.228555
    43 1.206997 0.000000 0.000000 0.000000 -0.009618 0.362905
    44 0.000156 39.987263 -0.385905 0.000000 0.000000 0.000000
    45 -0.000161 -14.998885 19.998225 0.000000 0.000000 0.000000
    46 0.000005 3.345128 -2.981901 1.570796 0.083193 1.570796
    47 0.000001 0.000000 0.000000 0.000000 0.000000 -0.218144
    48 4.018313 -0.012456 0.000000 0.000000 0.000000 0.000000
    49 3.516727 -0.113777 0.000000 0.000000 -0.007994 -0.278536
    50 8.921975 0.607578 0.000000 0.000000 0.000000 0.000000
    51 -0.973545 16.001771 -13.566878 -1.573845 -0.002509 2.094380
  time 26
    0 0.000000 0.000000 -67.998169 1.570796 0.000000 0.000000
    1 -0.000005 24.988378 19.612320 0.000000 0.000000 0.000000
    2 0.000005 3.345128 -2.981901 1.570796 0.304437 1.570796
    3 4.018334 0.000000 0.000000 0.000000 0.000000 -0.029242
    4 3.518569 0.000000 0.000000 -0.000407 -0.006148 -0.177665
    5 8.942640 0.000000 0.000000 0.000000 0.000000 0.194096
    6 2.033346 1.000767 1.937660 1.596637 -1.286515 2.942961
    7 6.028142 0.000000 0.000000 -1.505267 -0.814928 0.168410
    8 11.692552 -0.000001 0.000002 0.000000 0.000000 -0.959392
    9 11.481668 -0.000001 -0.000034 0.251308 -0.116743 0.140760
    10 3.859703 -0.142405 -1.191971 -0.362411 0.353793 -0.423438
    11 1.312561 -0.000001 0.000001 0.003203 0.009118 -0.101893
    12 0.729363 0.000000 -0.000001 0.001345 0.004786 0.029667
    13 3.942325 0.046771 -0.431440 -0.118512 0.124057 -0.444423
    14 1.539093 -0.000001 0.000001 0.001260 0.004278 0.038760
    15 1.196321 -0.000001 0.000002 0.002744 0.006830 -0.048765
    16 3.883686 -0.046771 0.431444 0.088363 -0.006830 -0.262678
    17 1.719575 -0.000001 0.000003 0.001320 0.005356 -0.124753
    18 1.209182 -0.000001 -0.000002 0.000729 0.002997 0.022348
    19 3.859859 -0.137948 1.332468 0.345271 -0.092270 -0.395911
    20 1.719429 0.000000 0.000001 0.001487 0.003793 0.010685
    21 1.099665 0.000000 0.000001 0.000386 0.002568 -0.095080
    22 0.806047 -0.348922 1.321260 -1.409829 -0.742969 -0.479938
    23 1.789786 0.000000 0.000001 0.000000 0.007387 0.228523
    24 1.206997 0.000000 0.000001 0.000000 0.011267 0.362860
    25 2.033353 1.000771 -1.937610 -1.668475 1.286518 2.942953
    26 6.028143 -0.000001 0.000000 1.629668 0.815103 0.280183
    27 11.692550 -0.000001 -0.000001 0.000000 0.000000 -0.959943
    28 11.481696 0.000000 -0.000001 -0.325188 0.033941 0.129316
    29 3.859673 -0.132568 1.193105 0.285062 -0.419945 -0.226477
    30 1.312562 0.000001 0.000003 -0.002956 -0.011560 -0.189327
    31 0.729365 0.000000 -0.000001 -0.001629 -0.005914 0.024519
    32 3.942294 0.050328 0.431041 0.086028 -0.151392 -0.228105
    33 1.539097 0.000001 0.000000 -0.001532 -0.005650 0.017016
    34 1.196323 0.000001 0.000001 -0.002545 -0.009322 -0.164261
    35 3.883655 -0.050328 -0.431043 -0.089808 0.003109 -0.255702
    36 1.719576 0.000000 -0.000002 -0.002028 -0.007712 -0.109291
    37 1.209182 0.000001 0.000000 -0.002124 -0.003923 0.279918
    38 3.859827 -0.148935 -1.331285 -0.328792 0.140171 -0.247153
    39 1.719424 -0.000003 -0.000001 -0.002684 -0.006044 0.054920
    40 1.099667 0.000000 0.000000 0.000000 -0.004211 -0.244312
    41 0.806017 -0.359832 -1.318336 1.475204 0.827508 -0.381818
    42 1.789785 -0.000001 0.000000 0.000000 -0.006301 0.228555
    43 1.206997 0.000000 0.000000 0.000000 -0.009618 0.362905
    44 0.000156 39.987263 -0.385905 0.000000 0.000000 0.000000
    45 -0.000161 -14.998885 19.998225 0.000000 0.000000 0.000000
    46 0.000005 3.345128 -2.981901 1.570796 0.083193 1.570796
    47 0.000001 0.000000 0.000000 0.000000 0.000000 -0.218144
    48 4.018313 -0.012456 0.000000 0.000000 0.000000 0.000000
    49 3.516727 -0.113777 0.000000 0.000000 -0.006160 -0.278001
    50 8.921975 0.607578 0.000000 0.000000 0.000000 0.000000
    51 -0.973545 16.001771 -13.566878 -1.573845 -0.002509 2.094380
  time 27
    0 0.000000 0.000000 -67.998169 1.570796 0.000000 0.000000
    1 -0.000005 24.988378 19.612320 0.000000 0.000000 0.000000
    2 0.000005 3.345128 -2.981901 1.570796 0.304437 1.570796
    3 4.018334 0.000000 0.000000 0.000000 0.000000 -0.029242
    4 3.518569 0.000000 0.000000 -0.000300 -0.004398 -0.177257
    5 8.942640 0.000000 0.000000 0.000000 0.000000 0.194096
    6 2.033346 1.000767 1.937660 1.596637 -1.286515 2.942961
    7 6.028142 0.000000 0.000000 -1.505267 -0.814928 0.168410
    8 11.692552 -0.000001 0.000002 0.000000 0.000000 -0.959392
    9 11.481668 -0.000001 -0.000034 0.251308 -0.116743 0.140760
    10 3.859703 -0.142405 -1.191971 -0.362411 0.353793 -0.423438
    11 1.312561 -0.000001 0.000001 0.003203 0.009118 -0.101893
    12 0.729363 0.000000 -0.000001 0.001345 0.004786 0.029667
    13 3.942325 0.046771 -0.431440 -0.118512 0.124057 -0.444423
    14 1.539093 -0.000001 0.000001 0.001260 0.004278 0.038760
    15 1.196321 -0.000001 0.000002 0.002744 0.006830 -0.048765
    16 3.883686 -0.046771 0.431444 0.088363 -0.006830 -0.262678
    17 1.719575 -0.000001 0.000003 0.001320 0.005356 -0.124753
    18 1.209182 -0.000001 -0.000002 0.000729 0.002997 0.022348
    19 3.859859 -0.137948 1.332468 0.345271 -0.092270 -0.395911
    20 1.719429 0.000000 0.000001 0.001487 0.003793 0.010685
    21 1.099665 0.000000 0.000001 0.000386 0.002568 -0.095080
    22 0.806047 -0.348922 1.321260 -1.409829 -0.742969 -0.479938
    23 1.789786 0.000000 0.000001 0.000000 0.007387 0.228523
    24 1.206997 0.000000 0.000001 0.000000 0.011267 0.362860
    25 2.033353 1.000771 -1.937610 -1.668475 1.286518 2.942953
    26 6.028143 -0.000001 0.000000 1.629668 0.815103 0.280183
    27 11.692550 -0.000001 -0.000001 0.000000 0.000000 -0.959943
    28 11.481696 0.000000 -0.000001 -0.325188 0.033941 0.129316
    29 3.859673 -0.132568 1.193105 0.285062 -0.419945 -0.226477
    30 1.312562 0.000001 0.000003 -0.002956 -0.011560 -0.189327
    31 0.729365 0.000000 -0.000001 -0.001629 -0.005914 0.024519
    32 3.942294 0.050328 0.431041 0.086028 -0.151392 -0.228105
    33 1.539097 0.000001 0.000000 -0.001532 -0.005650 0.017016
    34 1.196323 0.000001 0.000001 -0.002545 -0.009322 -0.164261
    35 3.883655 -0.050328 -0.431043 -0.089808 0.003109 -0.255702
    36 1.719576 0.000000 -0.000002 -0.002028 -0.007712 -0.109291
    37 1.209182 0.000001 0.000000 -0.002124 -0.003923 0.279918
    38 3.859827 -0.148935 -1.331285 -0.328792 0.140171 -0.247153
    39 1.719424 -0.000003 -0.000001 -0.002684 -0.006044 0.054920
    40 1.099667 0.000000 0.000000 0.000000 -0.004211 -0.244312
    41 0.806017 -0.359832 -1.318336 1.475204 0.827508 -0.381818
    42 1.789785 -0.000001 0.000000 0.000000 -0.006301 0.228555
    43 1.206997 0.000000 0.000000 0.000000 -0.009618 0.362905
    44 0.000156 39.987263 -0.385905 0.000000 0.000000 0.000000
    45 -0.000161 -14.998885 19.998225 0.000000 0.000000 0.000000
    46 0.000005 3.345128 -2.981901 1.570796 0.083193 1.570796
    47 0.000001 0.000000 0.000000 0.000000 0.000000 -0.218144
    48 4.018313 -0.012456 0.000000 0.000000 0.000000 0.000000
    49 3.516727 -0.113777 0.000000 0.000000 -0.004410 -0.277593
    50 8.921975 0.607578 0.000000 0.000000 0.000000 0.000000
    51 -0.973545 16.001771 -13.566878 -1.573845 -0.002509 2.094380
  time 28
    0 0.000000 0.000000 -67.998169 1.570796 0.000000 0.000000
    1 -0.000005 24.988378 19.612320 0.000000 0.000000 0.000000
    2 0.000005 3.345128 -2.981901 1.570796 0.304437 1.570796
    3 4.018334 0.000000 0.000000 0.000000 0.000000 -0.029242
    4 3.518569 0.000000 0.000000 -0.000180 -0.002756 -0.176951
    5 8.942640 0.000000 0.000000 0.000000 0.000000 0.194096
    6 2.033346 1.000767 1.937660 1.596637 -1.286515 2.942961
    7 6.028142 0.000000 0.000000 -1.505267 -0.814928 0.168410
    8 11.692552 -0.000001 0.000002 0.000000 0.000000 -0.959392
    9 11.481668 -0.000001 -0.000034 0.251308 -0.116743 0.140760
    10 3.859703 -0.142405 -1.191971 -0.362411 0.353793 -0.423438
    11 1.312561 -0.000001 0.000001 0.003203 0.009118 -0.101893
    12 0.729363 0.000000 -0.000001 0.001345 0.004786 0.029667
    13 3.942325 0.046771 -0.431440 -0.118512 0.124057 -0.444423
    14 1.539093 -0.000001 0.000001 0.001260 0.004278 0.038760
    15 1.196321 -0.000001 0.000002 0.002744 0.006830 -0.048765
    16 3.883686 -0.046771 0.431444 0.088363 -0.006830 -0.262678
    17 1.719575 -0.000001 0.000003 0.001320 0.005356 -0.124753
    18 1.209182 -0.000001 -0.000002 0.000729 0.002997 0.022348
    19 3.859859 -0.137948 1.332468 0.345271 -0.092270 -0.395911
    20 1.719429 0.000000 0.000001 0.001487 0.003793 0.010685
    21 1.099665 0.000000 0.000001 0.000386 0.002568 -0.095080
    22 0.806047 -0.348922 1.321260 -1.409829 -0.742969 -0.479938
    23 1.789786 0.000000 0.000001 0.000000 0.007387 0.228523
    24 1.206997 0.000000 0.000001 0.000000 0.011267 0.362860
    25 2.033353 1.000771 -1.937610 -1.668475 1.286518 2.942953
    26 6.028143 -0.000001 0.000000 1.629668 0.815103 0.280183
    27 11.692550 -0.000001 -0.000001 0.000000 0.000000 -0.959943
    28 11.481696 0.000000 -0.000001 -0.325188 0.033941 0.129316
    29 3.859673 -0.132568 1.193105 0.285062 -0.419945 -0.226477
    30 1.312562 0.000001 0.000003 -0.002956 -0.011560 -0.189327
    31 0.729365 0.000000 -0.000001 -0.001629 -0.005914 0.024519
    32 3.942294 0.050328 0.431041 0.086028 -0.151392 -0.228105
    33 1.539097 0.000001 0.000000 -0.001532 -0.005650 0.017016
    34 1.196323 0.000001 0.000001 -0.002545 -0.009322 -0.164261
    35 3.883655 -0.050328 -0.431043 -0.089808 0.003109 -0.255702
    36 1.719576 0.000000 -0.000002 -0.002028 -0.007712 -0.109291
    37 1.209182 0.000001 0.000000 -0.002124 -0.003923 0.279918
    38 3.859827 -0.148935 -1.331285 -0.328792 0.140171 -0.247153
    39 1.719424 -0.000003 -0.000001 -0.002684 -0.006044 0.054920
    40 1.099667 0.000000 0.000000 0.000000 -0.004211 -0.244312
    41 0.806017 -0.359832 -1.318336 1.475204 0.827508 -0.381818
    42 1.789785 -0.000001 0.000000 0.000000 -0.006301 0.228555
    43 1.206997 0.000000 0.000000 0.000000 -0.009618 0.362905
    44 0.000156 39.987263 -0.385905 0.000000 0.000000 0.000000
    45 -0.000161 -14.998885 19.998225 0.000000 0.000000 0.000000
    46 0.000005 3.345128 -2.981901 1.570796 0.083193 1.570796
    47 0.000001 0.000000 0.000000 0.000000 0.000000 -0.218144
    48 4.018313 -0.012456 0.000000 0.000000 0.000000 0.000000
    49 3.516727 -0.113777 0.000000 0.000000 -0.002768 -0.277287
    50 8.921975 0.607578 0.000000 0.000000 0.000000 0.000000
    51 -0.973545 16.001771 -13.566878 -1.573845 -0.002509 2.094380
  time 29
    0 0.000000 0.000000 -67.998169 1.570796 0.000000 0.000000
    1 -0.000005 24.988378 19.612320 0.000000 0.000000 0.000000
    2 0.000005 3.345128 -2.981901 1.570796 0.304437 1.570796
    3 4.018334 0.000000 0.000000 0.000000 0.000000 -0.029242
    4 3.518569 0.000000 0.000000 -0.000084 -0.001270 -0.176747
    5 8.942640 0.000000 0.000000 0.000000 0.000000 0.194096
    6 2.033346 1.000767 1.937660 1.596637 -1.286515 2.942961
    7 6.028142 0.000000 0.000000 -1.505267 -0.814928 0.168410
    8 11.692552 -0.000001 0.000002 0.000000 0.000000 -0.959392
    9 11.481668 -0.000001 -0.000034 0.251308 -0.116743 0.140760
    10 3.859703 -0.142405 -1.191971 -0.362411 0.353793 -0.423438
    11 1.312561 -0.000001 0.000001 0.003203 0.009118 -0.101893
    12 0.729363 0.000000 -0.000001 0.001345 0.004786 0.029667
    13 3.942325 0.046771 -0.431440 -0.118512 0.124057 -0.444423
    14 1.539093 -0.000001 0.000001 0.001260 0.004278 0.038760
    15 1.196321 -0.000001 0.000002 0.002744 0.006830 -0.048765
    16 3.883686 -0.046771 0.431444 0.088363 -0.006830 -0.262678
    17 1.719575 -0.000001 0.000003 0.001320 0.005356 -0.124753
    18 1.209182 -0.000001 -0.000002 0.000729 0.002997 0.022348
    19 3.859859 -0.137948 1.332468 0.345271 -0.092270 -0.395911
    20 1.719429 0.000000 0.000001 0.001487 0.003793 0.010685
    21 1.099665 0.000000 0.000001 0.000386 0.002568 -0.095080
    22 0.806047 -0.348922 1.321260 -1.409829 -0.742969 -0.479938
    23 1.789786 0.000000 0.000001 0.000000 0.007387 0.228523
    24 1.206997 0.000000 0.000001 0.000000 0.011267 0.362860
    25 2.033353 1.000771 -1.937610 -1.668475 1.286518 2.942953
    26 6.028143 -0.000001 0.000000 1.629668 0.815103 0.280183
    27 11.692550 -0.000001 -0.000001 0.000000 0.000000 -0.959943
    28 11.481696 0.000000 -0.000001 -0.325188 0.033941 0.129316
    29 3.859673 -0.132568 1.193105 0.285062 -0.419945 -0.226477
    30 1.312562 0.000001 0.000003 -0.002956 -0.011560 -0.189327
    31 0.729365 0.000000 -0.000001 -0.001629 -0.005914 0.024519
    32 3.942294 0.050328 0.431041 0.086028 -0.151392 -0.228105
    33 1.539097 0.000001 0.000000 -0.001532 -0.005650 0.017016
    34 1.196323 0.000001 0.000001 -0.002545 -0.009322 -0.164261
    35 3.883655 -0.050328 -0.431043 -0.089808 0.003109 -0.255702
    36 1.719576 0.000000 -0.000002 -0.002028 -0.007712 -0.109291
    37 1.209182 0.000001 0.000000 -0.002124 -0.003923 0.279918
    38 3.859827 -0.148935 -1.331285 -0.328792 0.140171 -0.247153
    39 1.719424 -0.000003 -0.000001 -0.002684 -0.006044 0.054920
    40 1.099667 0.000000 0.000000 0.000000 -0.004211 -0.244312
    41 0.806017 -0.359832 -1.318336 1.475204 0.827508 -0.381818
    42 1.789785 -0.000001 0.000000 0.000000 -0.006301 0.228555
    43 1.206997 0.000000 0.000000 0.000000 -0.009618 0.362905
    44 0.000156 39.987263 -0.385905 0.000000 0.000000 0.000000
    45 -0.000161 -14.998885 19.998225 0.000000 0.000000 0.000000
    46 0.000005 3.345128 -2.981901 1.570796 0.083193 1.570796
    47 0.000001 0.000000 0.000000 0.000000 0.000000 -0.218144
    48 4.018313 -0.012456 0.000000 0.000000 0.000000 0.000000
    49 3.516727 -0.113777 0.000000 0.000000 -0.001282 -0.277083
    50 8.921975 0.607578 0.000000 0.000000 0.000000 0.000000
    51 -0.973545 16.001771 -13.566878 -1.573845 -0.002509 2.094380
  time 30
    0 0.000000 0.000000 -67.998169 1.570796 0.000000 0.000000
    1 -0.000005 24.988378 19.612320 0.000000 0.000000 0.000000
    2 0.000005 3.345128 -2.981901 1.570796 0.304437 1.570796
    3 4.018334 0.000000 0.000000 0.000000 0.000000 -0.029242
    4 3.518569 0.000000 0.000000 0.000000 0.000000 -0.176671
    5 8.942640 0.000000 0.000000 0.000000 0.000000 0.194096
    6 2.033346 1.000767 1.937660 1.596637 -1.286515 2.942961
    7 6.028142 0.000000 0.000000 -1.505267 -0.814928 0.168410
    8 11.692552 -0.000001 0.000002 0.000000 0.000000 -0.959392
    9 11.481668 -0.000001 -0.000034 0.251308 -0.116743 0.140760
    10 3.859703 -0.142405 -1.191971 -0.362411 0.353793 -0.423438
    11 1.312561 -0.000001 0.000001 0.003203 0.009118 -0.101893
    12 0.729363 0.000000 -0.000001 0.001345 0.004786 0.029667
    13 3.942325 0.046771 -0.431440 -0.118512 0.124057 -0.444423
    14 1.539093 -0.000001 0.000001 0.001260 0.004278 0.038760
    15 1.196321 -0.000001 0.000002 0.002744 0.006830 -0.048765
    16 3.883686 -0.046771 0.431444 0.088363 -0.006830 -0.262678
    17 1.719575 -0.000001 0.000003 0.001320 0.005356 -0.124753
    18 1.209182 -0.000001 -0.000002 0.000729 0.002997 0.022348
    19 3.859859 -0.137948 1.332468 0.345271 -0.092270 -0.395911
    20 1.719429 0.000000 0.000001 0.001487 0.003793 0.010685
    21 1.099665 0.000000 0.000001 0.000386 0.002568 -0.095080
    22 0.806047 -0.348922 1.321260 -1.409829 -0.742969 -0.479938
    23 1.789786 0.000000 0.000001 0.000000 0.007387 0.228523
    24 1.206997 0.000000 0.000001 0.000000 0.011267 0.362860
    25 2.033353 1.000771 -1.937610 -1.668475 1.286518 2.942953
    26 6.028143 -0.000001 0.000000 1.629668 0.815103 0.280183
    27 11.692550 -0.000001 -0.000001 0.000000 0.000000 -0.959943
    28 11.481696 0.000000 -0.000001 -0.325188 0.033941 0.129316
    29 3.859673 -0.132568 1.193105 0.285062 -0.419945 -0.226477
    30 1.312562 0.000001 0.000003 -0.002956 -0.011560 -0.189327
    31 0.729365 0.000000 -0.000001 -0.001629 -0.005914 0.024519
    32 3.942294 0.050328 0.431041 0.086028 -0.151392 -0.228105
    33 1.539097 0.000001 0.000000 -0.001532 -0.005650 0.017016
    34 1.196323 0.000001 0.000001 -0.002545 -0.009322 -0.164261
    35 3.883655 -0.050328 -0.431043 -0.089808 0.003109 -0.255702
    36 1.719576 0.000000 -0.000002 -0.002028 -0.007712 -0.109291
    37 1.209182 0.000001 0.000000 -0.002124 -0.003923 0.279918
    38 3.859827 -0.148935 -1.331285 -0.328792 0.140171 -0.247153
    39 1.719424 -0.000003 -0.000001 -0.002684 -0.006044 0.054920
    40 1.099667 0.000000 0.000000 0.000000 -0.004211 -0.244312
    41 0.806017 -0.359832 -1.318336 1.475204 0.827508 -0.381818
    42 1.789785 -0.000001 0.000000 0.000000 -0.006301 0.228555
    43 1.206997 0.000000 0.000000 0.000000 -0.009618 0.362905
    44 0.000156 39.987263 -0.385905 0.000000 0.000000 0.000000
    45 -0.000161 -14.998885 19.998225 0.000000 0.000000 0.000000
    46 0.000005 3.345128 -2.981901 1.570796 0.083193 1.570796
    47 0.000001 0.000000 0.000000 0.000000 0.000000 -0.218144
    48 4.018313 -0.012456 0.000000 0.000000 0.000000 0.000000
    49 3.516727 -0.113777 0.000000 0.000000 0.000000 -0.277007
    50 8.921975 0.607578 0.000000 0.000000 0.000000 0.000000
    51 -0.973545 16.001771 -13.566878 -1.573845 -0.002509 2.094380
  time 31
    0 0.000000 0.000000 -67.998169 1.570796 0.000000 0.000000
    1 -0.000005 24.988378 19.612320 0.000000 0.000000 0.000000
    2 0.000005 3.345128 -2.981901 1.570796 0.304437 1.570796
    3 4.018334 0.000000 0.000000 0.000000 0.000000 -0.029242
    4 3.518569 0.000000 0.000000 0.000072 0.001186 -0.176747
    5 8.942640 0.000000 0.000000 0.000000 0.000000 0.194096
    6 2.033346 1.000767 1.937660 1.596637 -1.286515 2.942961
    7 6.028142 0.000000 0.000000 -1.505267 -0.814928 0.168410
    8 11.692552 -0.000001 0.000002 0.000000 0.000000 -0.959392
    9 11.481668 -0.000001 -0.000034 0.251308 -0.116743 0.140760
    10 3.859703 -0.142405 -1.191971 -0.362411 0.353793 -0.423438
    11 1.312561 -0.000001 0.000001 0.003203 0.009118 -0.101893
    12 0.729363 0.000000 -0.000001 0.001345 0.004786 0.029667
    13 3.942325 0.046771 -0.431440 -0.118512 0.124057 -0.444423
    14 1.539093 -0.000001 0.000001 0.001260 0.004278 0.038760
    15 1.196321 -0.000001 0.000002 0.002744 0.006830 -0.048765
    16 3.883686 -0.046771 0.431444 0.088363 -0.006830 -0.262678
    17 1.719575 -0.000001 0.000003 0.001320 0.005356 -0.124753
    18 1.209182 -0.000001 -0.000002 0.000729 0.002997 0.022348
    19 3.859859 -0.137948 1.332468 0.345271 -0.092270 -0.395911
    20 1.719429 0.000000 0.000001 0.001487 0.003793 0.010685
    21 1.099665 0.000000 0.000001 0.000386 0.002568 -0.095080
    22 0.806047 -0.348922 1.321260 -1.409829 -0.742969 -0.479938
    23 1.789786 0.000000 0.000001 0.000000 0.007387 0.228523
    24 1.206997 0.000000 0.000001 0.000000 0.011267 0.362860
    25 2.033353 1.000771 -1.937610 -1.668475 1.286518 2.942953
    26 6.028143 -0.000001 0.000000 1.629668 0.815103 0.280183
    27 11.692550 -0.000001 -0.000001 0.000000 0.000000 -0.959943
    28 11.481696 0.000000 -0.000001 -0.325188 0.033941 0.129316
    29 3.859673 -0.132568 1.193105 0.285062 -0.419945 -0.226477
    30 1.312562 0.000001 0.000003 -0.002956 -0.011560 -0.189327
    31 0.729365 0.000000 -0.000001 -0.001629 -0.005914 0.024519
    32 3.942294 0.050328 0.431041 0.086028 -0.151392 -0.228105
    33 1.539097 0.000001 0.000000 -0.001532 -0.005650 0.017016
    34 1.196323 0.000001 0.000001 -0.002545 -0.009322 -0.164261
    35 3.883655 -0.050328 -0.431043 -0.089808 0.003109 -0.255702
    36 1.719576 0.000000 -0.000002 -0.002028 -0.007712 -0.109291
    37 1.209182 0.000001 0.000000 -0.002124 -0.003923 0.279918
    38 3.859827 -0.148935 -1.331285 -0.328792 0.140171 -0.247153
    39 1.719424 -0.000003 -0.000001 -0.002684 -0.006044 0.054920
    40 1.099667 0.000000 0.000000 0.000000 -0.004211 -0.244312
    41 0.806017 -0.359832 -1.318336 1.475204 0.827508 -0.381818
    42 1.789785 -0.000001 0.000000 0.000000 -0.006301 0.228555
    43 1.206997 0.000000 0.000000 0.000000 -0.009618 0.362905
    44 0.000156 39.987263 -0.385905 0.000000 0.000000 0.000000
    45 -0.000161 -14.998885 19.998225 0.000000 0.000000 0.000000
    46 0.000005 3.345128 -2.981901 1.570796 0.083193 1.570796
    47 0.000001 0.000000 0.000000 0.000000 0.000000 -0.218144
    48 4.018313 -0.012456 0.000000 0.000000 0.000000 0.000000
    49 3.516727 -0.113777 0.000000 0.000000 0.001198 -0.277083
    50 8.921975 0.607578 0.000000 0.000000 0.000000 0.000000
    51 -0.973545 16.001771 -13.566878 -1.573845 -0.002509 2.094380
  time 32
    0 0.000000 0.000000 -67.998169 1.570796 0.000000 0.000000
    1 -0.000005 24.988378 19.612320 0.000000 0.000000 0.000000
    2 0.000005 3.345128 -2.981901 1.570796 0.304437 1.570796
    3 4.018334 0.000000 0.000000 0.000000 0.000000 -0.029242
    4 3.518569 0.000000 0.000000 0.000156 0.002445 -0.176951
    5 8.942640 0.000000 0.000000 0.000000 0.000000 0.194096
    6 2.033346 1.000767 1.937660 1.596637 -1.286515 2.942961
    7 6.028142 0.000000 0.000000 -1.505267 -0.814928 0.168410
    8 11.692552 -0.000001 0.000002 0.000000 0.000000 -0.959392
    9 11.481668 -0.000001 -0.000034 0.251308 -0.116743 0.140760
    10 3.859703 -0.142405 -1.191971 -0.362411 0.353793 -0.423438
    11 1.312561 -0.000001 0.000001 0.003203 0.009118 -0.101893
    12 0.729363 0.000000 -0.000001 0.001345 0.004786 0.029667
    13 3.942325 0.046771 -0.431440 -0.118512 0.124057 -0.444423
    14 1.539093 -0.000001 0.000001 0.001260 0.004278 0.038760
    15 1.196321 -0.000001 0.000002 0.002744 0.006830 -0.048765
    16 3.883686 -0.046771 0.431444 0.088363 -0.006830 -0.262678
    17 1.719575 -0.000001 0.000003 0.001320 0.005356 -0.124753
    18 1.209182 -0.000001 -0.000002 0.000729 0.002997 0.022348
    19 3.859859 -0.137948 1.332468 0.345271 -0.092270 -0.395911
    20 1.719429 0.000000 0.000001 0.001487 0.003793 0.010685
    21 1.099665 0.000000 0.000001 0.000386 0.002568 -0.095080
    22 0.806047 -0.348922 1.321260 -1.409829 -0.742969 -0.479938
    23 1.789786 0.000000 0.000001 0.000000 0.007387 0.228523
    24 1.206997 0.000000 0.000001 0.000000 0.011267 0.362860
    25 2.033353 1.000771 -1.937610 -1.668475 1.286518 2.942953
    26 6.028143 -0.000001 0.000000 1.629668 0.815103 0.280183
    27 11.692550 -0.000001 -0.000001 0.000000 0.000000 -0.959943
    28 11.481696 0.000000 -0.000001 -0.325188 0.033941 0.129316
    29 3.859673 -0.132568 1.193105 0.285062 -0.419945 -0.226477
    30 1.312562 0.000001 0.000003 -0.002956 -0.011560 -0.189327
    31 0.729365 0.000000 -0.000001 -0.001629 -0.005914 0.024519
    32 3.942294 0.050328 0.431041 0.086028 -0.151392 -0.228105
    33 1.539097 0.000001 0.000000 -0.001532 -0.005650 0.017016
    34 1.196323 0.000001 0.000001 -0.002545 -0.009322 -0.164261
    35 3.883655 -0.050328 -0.431043 -0.089808 0.003109 -0.255702
    36 1.719576 0.000000 -0.000002 -0.002028 -0.007712 -0.109291
    37 1.209182 0.000001 0.000000 -0.002124 -0.003923 0.279918
    38 3.859827 -0.148935 -1.331285 -0.328792 0.140171 -0.247153
    39 1.719424 -0.000003 -0.000001 -0.002684 -0.006044 0.054920
    40 1.099667 0.000000 0.000000 0.000000 -0.004211 -0.244312
    41 0.806017 -0.359832 -1.318336 1.475204 0.827508 -0.381818
    42 1.789785 -0.000001 0.000000 0.000000 -0.006301 0.228555
    43 1.206997 0.000000 0.000000 0.000000 -0.009618 0.362905
    44 0.000156 39.987263 -0.385905 0.000000 0.000000 0.000000
    45 -0.000161 -14.998885 19.998225 0.000000 0.000000 0.000000
    46 0.000005 3.345128 -2.981901 1.570796 0.083193 1.570796
    47 0.000001 0.000000 0.000000 0.000000 0.000000 -0.218144
    48 4.018313 -0.012456 0.000000 0.000000 0.000000 0.000000
    49 3.516727 -0.113777 0.000000 0.000000 0.002445 -0.277287
    50 8.921975 0.607578 0.000000 0.000000 0.000000 0.000000
    51 -0.973545 16.001771 -13.566878 -1.573845 -0.002509 2.094380
  time 33
    0 0.000000 0.000000 -67.998169 1.570796 0.000000 0.000000
    1 -0.000005 24.988378 19.612320 0.000000 0.000000 0.000000
    2 0.000005 3.345128 -2.981901 1.570796 0.304437 1.570796
    3 4.018334 0.000000 0.000000 0.000000 0.000000 -0.029242
    4 3.518569 0.000000 0.000000 0.000252 0.003715 -0.177257
    5 8.942640 0.000000 0.000000 0.000000 0.000000 0.194096
    6 2.033346 1.000767 1.937660 1.596637 -1.286515 2.942961
    7 6.028142 0.000000 0.000000 -1.505267 -0.814928 0.168410
    8 11.692552 -0.000001 0.000002 0.000000 0.000000 -0.959392
    9 11.481668 -0.000001 -0.000034 0.251308 -0.116743 0.140760
    10 3.859703 -0.142405 -1.191971 -0.362411 0.353793 -0.423438
    11 1.312561 -0.000001 0.000001 0.003203 0.009118 -0.101893
    12 0.729363 0.000000 -0.000001 0.001345 0.004786 0.029667
    13 3.942325 0.046771 -0.431440 -0.118512 0.124057 -0.444423
    14 1.539093 -0.000001 0.000001 0.001260 0.004278 0.038760
    15 1.196321 -0.000001 0.000002 0.002744 0.006830 -0.048765
    16 3.883686 -0.046771 0.431444 0.088363 -0.006830 -0.262678
    17 1.719575 -0.000001 0.000003 0.001320 0.005356 -0.124753
    18 1.209182 -0.000001 -0.000002 0.000729 0.002997 0.022348
    19 3.859859 -0.137948 1.332468 0.345271 -0.092270 -0.395911
    20 1.719429 0.000000 0.000001 0.001487 0.003793 0.010685
    21 1.099665 0.000000 0.000001 0.000386 0.002568 -0.095080
    22 0.806047 -0.348922 1.321260 -1.409829 -0.742969 -0.479938
    23 1.789786 0.000000 0.000001 0.000000 0.007387 0.228523
    24 1.206997 0.000000 0.000001 0.000000 0.011267 0.362860
    25 2.033353 1.000771 -1.937610 -1.668475 1.286518 2.942953
    26 6.028143 -0.000001 0.000000 1.629668 0.815103 0.280183
    27 11.692550 -0.000001 -0.000001 0.000000 0.000000 -0.959943
    28 11.481696 0.000000 -0.000001 -0.325188 0.033941 0.129316
    29 3.859673 -0.132568 1.193105 0.285062 -0.419945 -0.226477
    30 1.312562 0.000001 0.000003 -0.002956 -0.011560 -0.189327
    31 0.729365 0.000000 -0.000001 -0.001629 -0.005914 0.024519
    32 3.942294 0.050328 0.431041 0.086028 -0.151392 -0.228105
    33 1.539097 0.000001 0.000000 -0.001532 -0.005650 0.017016
    34 1.196323 0.000001 0.000001 -0.002545 -0.009322 -0.164261
    35 3.883655 -0.050328 -0.431043 -0.089808 0.003109 -0.255702
    36 1.719576 0.000000 -0.000002 -0.002028 -0.007712 -0.109291
    37 1.209182 0.000001 0.000000 -0.002124 -0.003923 0.279918
    38 3.859827 -0.148935 -1.331285 -0.328792 0.140171 -0.247153
    39 1.719424 -0.000003 -0.000001 -0.002684 -0.006044 0.054920
    40 1.099667 0.000000 0.000000 0.000000 -0.004211 -0.244312
    41 0.806017 -0.359832 -1.318336 1.475204 0.827508 -0.381818
    42 1.789785 -0.000001 0.000000 0.000000 -0.006301 0.228555
    43 1.206997 0.000000 0.000000 0.000000 -0.009618 0.362905
    44 0.000156 39.987263 -0.385905 0.000000 0.000000 0.000000
    45 -0.000161 -14.998885 19.998225 0.000000 0.000000 0.000000
    46 0.000005 3.345128 -2.981901 1.570796 0.083193 1.570796
    47 0.000001 0.000000 0.000000 0.000000 0.000000 -0.218144
    48 4.018313 -0.012456 0.000000 0.000000 0.000000 0.000000
    49 3.516727 -0.113777 0.000000 0.000000 0.003727 -0.277593
    50 8.921975 0.607578 0.000000 0.000000 0.000000 0.000000
    51 -0.973545 16.001771 -13.566878 -1.573845 -0.002509 2.094380
  time 34
    0 0.000000 0.000000 -67.998169 1.570796 0.000000 0.000000
    1 -0.000005 24.988378 19.612320 0.000000 0.000000 0.000000
    2 0.000005 3.345128 -2.981901 1.570796 0.304437 1.570796
    3 4.018334 0.000000 0.000000 0.000000 0.000000 -0.029242
    4 3.518569 0.000000 0.000000 0.000336 0.005010 -0.177665
    5 8.942640 0.000000 0.000000 0.000000 0.000000 0.194096
    6 2.033346 1.000767 1.937660 1.596637 -1.286515 2.942961
    7 6.028142 0.000000 0.000000 -1.505267 -0.814928 0.168410
    8 11.692552 -0.000001 0.000002 0.000000 0.000000 -0.959392
    9 11.481668 -0.000001 -0.000034 0.251308 -0.116743 0.140760
    10 3.859703 -0.142405 -1.191971 -0.362411 0.353793 -0.423438
    11 1.312561 -0.000001 0.000001 0.003203 0.009118 -0.101893
    12 0.729363 0.000000 -0.000001 0.001345 0.004786 0.029667
    13 3.942325 0.046771 -0.431440 -0.118512 0.124057 -0.444423
    14 1.539093 -0.000001 0.000001 0.001260 0.004278 0.038760
    15 1.196321 -0.000001 0.000002 0.002744 0.006830 -0.048765
    16 3.883686 -0.046771 0.431444 0.088363 -0.006830 -0.262678
    17 1.719575 -0.000001 0.000003 0.001320 0.005356 -0.124753
    18 1.209182 -0.000001 -0.000002 0.000729 0.002997 0.022348
    19 3.859859 -0.137948 1.332468 0.345271 -0.092270 -0.395911
    20 1.719429 0.000000 0.000001 0.001487 0.003793 0.010685
    21 1.099665 0.000000 0.000001 0.000386 0.002568 -0.095080
    22 0.806047 -0.348922 1.321260 -1.409829 -0.742969 -0.479938
    23 1.789786 0.000000 0.000001 0.000000 0.007387 0.228523
    24 1.206997 0.000000 0.000001 0.000000 0.011267 0.362860
    25 2.033353 1.000771 -1.937610 -1.668475 1.286518 2.942953
    26 6.028143 -0.000001 0.000000 1.629668 0.815103 0.280183
    27 11.692550 -0.000001 -0.000001 0.000000 0.000000 -0.959943
    28 11.481696 0.000000 -0.000001 -0.325188 0.033941 0.129316
    29 3.859673 -0.132568 1.193105 0.285062 -0.419945 -0.226477
    30 1.312562 0.000001 0.000003 -0.002956 -0.011560 -0.189327
    31 0.729365 0.000000 -0.000001 -0.001629 -0.005914 0.024519
    32 3.942294 0.050328 0.431041 0.086028 -0.151392 -0.228105
    33 1.539097 0.000001 0.000000 -0.001532 -0.005650 0.017016
    34 1.196323 0.000001 0.000001 -0.002545 -0.009322 -0.164261
    35 3.883655 -0.050328 -0.431043 -0.089808 0.003109 -0.255702
    36 1.719576 0.000000 -0.000002 -0.002028 -0.007712 -0.109291
    37 1.209182 0.000001 0.000000 -0.002124 -0.003923 0.279918
    38 3.859827 -0.148935 -1.331285 -0.328792 0.140171 -0.247153
    39 1.719424 -0.000003 -0.000001 -0.002684 -0.006044 0.054920
    40 1.099667 0.000000 0.000000 0.000000 -0.004211 -0.244312
    41 0.806017 -0.359832 -1.318336 1.475204 0.827508 -0.381818
    42 1.789785 -0.000001 0.000000 0.000000 -0.006301 0.228555
    43 1.206997 0.000000 0.000000 0.000000 -0.009618 0.362905
    44 0.000156 39.987263 -0.385905 0.000000 0.000000 0.000000
    45 -0.000161 -14.998885 19.998225 0.000000 0.000000 0.000000
    46 0.000005 3.345128 -2.981901 1.570796 0.083193 1.570796
    47 0.000001 0.000000 0.000000 0.000000 0.000000 -0.218144
    48 4.018313 -0.012456 0.000000 0.000000 0.000000 0.000000
    49 3.516727 -0.113777 0.000000 0.000000 0.005022 -0.278001
    50 8.921975 0.607578 0.000000 0.000000 0.000000 0.000000
    51 -0.973545 16.001771 -13.566878 -1.573845 -0.002509 2.094380
  time 35
    0 0.000000 0.000000 -67.998169 1.570796 0.000000 0.000000
    1 -0.000005 24.988378 19.612320 0.000000 0.000000 0.000000
    2 0.000005 3.345128 -2.981901 1.570796 0.304437 1.570796
    3 4.018334 0.000000 0.000000 0.000000 0.000000 -0.029242
    4 3.518569 0.000000 0.000000 0.000419 0.006280 -0.178174
    5 8.942640 0.000000 0.000000 0.000000 0.000000 0.194096
    6 2.033346 1.000767 1.937660 1.596637 -1.286515 2.942961
    7 6.028142 0.000000 0.000000 -1.505267 -0.814928 0.168410
    8 11.692552 -0.000001 0.000002 0.000000 0.000000 -0.959392
    9 11.481668 -0.000001 -0.000034 0.251308 -0.116743 0.140760
    10 3.859703 -0.142405 -1.191971 -0.362411 0.353793 -0.423438
    11 1.312561 -0.000001 0.000001 0.003203 0.009118 -0.101893
    12 0.729363 0.000000 -0.000001 0.001345 0.004786 0.029667
    13 3.942325 0.046771 -0.431440 -0.118512 0.124057 -0.444423
    14 1.539093 -0.000001 0.000001 0.001260 0.004278 0.038760
    15 1.196321 -0.000001 0.000002 0.002744 0.006830 -0.048765
    16 3.883686 -0.046771 0.431444 0.088363 -0.006830 -0.262678
    17 1.719575 -0.000001 0.000003 0.001320 0.005356 -0.124753
    18 1.209182 -0.000001 -0.000002 0.000729 0.002997 0.022348
    19 3.859859 -0.137948 1.332468 0.345271 -0.092270 -0.395911
    20 1.719429 0.000000 0.000001 0.001487 0.003793 0.010685
    21 1.099665 0.000000 0.000001 0.000386 0.002568 -0.095080
    22 0.806047 -0.348922 1.321260 -1.409829 -0.742969 -0.479938
    23 1.789786 0.000000 0.000001 0.000000 0.007387 0.228523
    24 1.206997 0.000000 0.000001 0.000000 0.011267 0.362860
    25 2.033353 1.000771 -1.937610 -1.668475 1.286518 2.942953
    26 6.028143 -0.000001 0.000000 1.629668 0.815103 0.280183
    27 11.692550 -0.000001 -0.000001 0.000000 0.000000 -0.959943
    28 11.481696 0.000000 -0.000001 -0.325188 0.033941 0.129316
    29 3.859673 -0.132568 1.193105 0.285062 -0.419945 -0.226477
    30 1.312562 0.000001 0.000003 -0.002956 -0.011560 -0.189327
    31 0.729365 0.000000 -0.000001 -0.001629 -0.005914 0.024519
    32 3.942294 0.050328 0.431041 0.086028 -0.151392 -0.228105
    33 1.539097 0.000001 0.000000 -0.001532 -0.005650 0.017016
    34 1.196323 0.000001 0.000001 -0.002545 -0.009322 -0.164261
    35 3.883655 -0.050328 -0.431043 -0.089808 0.003109 -0.255702
    36 1.719576 0.000000 -0.000002 -0.002028 -0.007712 -0.109291
    37 1.209182 0.000001 0.000000 -0.002124 -0.003923 0.279918
    38 3.859827 -0.148935 -1.331285 -0.328792 0.140171 -0.247153
    39 1.719424 -0.000003 -0.000001 -0.002684 -0.006044 0.054920
    40 1.099667 0.000000 0.000000 0.000000 -0.004211 -0.244312
    41 0.806017 -0.359832 -1.318336 1.475204 0.827508 -0.381818
    42 1.789785 -0.000001 0.000000 0.000000 -0.006301 0.228555
    43 1.206997 0.000000 0.000000 0.000000 -0.009618 0.362905
    44 0.000156 39.987263 -0.385905 0.000000 0.000000 0.000000
    45 -0.000161 -14.998885 19.998225 0.000000 0.000000 0.000000
    46 0.000005 3.345128 -2.981901 1.570796 0.083193 1.570796
    47 0.000001 0.000000 0.000000 0.000000 0.000000 -0.218144
    48 4.018313 -0.012456 0.000000 0.000000 0.000000 0.000000
    49 3.516727 -0.113777 0.000000 0.000000 0.006292 -0.278536
    50 8.921975 0.607578 0.000000 0.000000 0.000000 0.000000
    51 -0.973545 16.001771 -13.566878 -1.573845 -0.002509 2.094380
  time 36
    0 0.000000 0.000000 -67.998169 1.570796 0.000000 0.000000
    1 -0.000005 24.988378 19.612320 0.000000 0.000000 0.000000
    2 0.000005 3.345128 -2.981901 1.570796 0.304437 1.570796
    3 4.018334 0.000000 0.000000 0.000000 0.000000 -0.029242
    4 3.518569 0.000000 0.000000 0.000503 0.007526 -0.178786
    5 8.942640 0.000000 0.000000 0.000000 0.000000 0.194096
    6 2.033346 1.000767 1.937660 1.596637 -1.286515 2.942961
    7 6.028142 0.000000 0.000000 -1.505267 -0.814928 0.168410
    8 11.692552 -0.000001 0.000002 0.000000 0.000000 -0.959392
    9 11.481668 -0.000001 -0.000034 0.251308 -0.116743 0.140760
    10 3.859703 -0.142405 -1.191971 -0.362411 0.353793 -0.423438
    11 1.312561 -0.000001 0.000001 0.003203 0.009118 -0.101893
    12 0.729363 0.000000 -0.000001 0.001345 0.004786 0.029667
    13 3.942325 0.046771 -0.431440 -0.118512 0.124057 -0.444423
    14 1.539093 -0.000001 0.000001 0.001260 0.004278 0.038760
    15 1.196321 -0.000001 0.000002 0.002744 0.006830 -0.048765
    16 3.883686 -0.046771 0.431444 0.088363 -0.006830 -0.262678
    17 1.719575 -0.000001 0.000003 0.001320 0.005356 -0.124753
    18 1.209182 -0.000001 -0.000002 0.000729 0.002997 0.022348
    19 3.859859 -0.137948 1.332468 0.345271 -0.092270 -0.395911
    20 1.719429 0.000000 0.000001 0.001487 0.003793 0.010685
    21 1.099665 0.000000 0.000001 0.000386 0.002568 -0.095080
    22 0.806047 -0.348922 1.321260 -1.409829 -0.742969 -0.479938
    23 1.789786 0.000000 0.000001 0.000000 0.007387 0.228523
    24 1.206997 0.000000 0.000001 0.000000 0.011267 0.362860
    25 2.033353 1.000771 -1.937610 -1.668475 1.286518 2.942953
    26 6.028143 -0.000001 0.000000 1.629668 0.815103 0.280183
    27 11.692550 -0.000001 -0.000001 0.000000 0.000000 -0.959943
    28 11.481696 0.000000 -0.000001 -0.325188 0.033941 0.129316
    29 3.859673 -0.132568 1.193105 0.285062 -0.419945 -0.226477
    30 1.312562 0.000001 0.000003 -0.002956 -0.011560 -0.189327
    31 0.729365 0.000000 -0.000001 -0.001629 -0.005914 0.024519
    32 3.942294 0.050328 0.431041 0.086028 -0.151392 -0.228105
    33 1.539097 0.000001 0.000000 -0.001532 -0.005650 0.017016
    34 1.196323 0.000001 0.000001 -0.002545 -0.009322 -0.164261
    35 3.883655 -0.050328 -0.431043 -0.089808 0.003109 -0.255702
    36 1.719576 0.000000 -0.000002 -0.002028 -0.007712 -0.109291
    37 1.209182 0.000001 0.000000 -0.002124 -0.003923 0.279918
    38 3.859827 -0.148935 -1.331285 -0.328792 0.140171 -0.247153
    39 1.719424 -0.000003 -0.000001 -0.002684 -0.006044 0.054920
    40 1.099667 0.000000 0.000000 0.000000 -0.004211 -0.244312
    41 0.806017 -0.359832 -1.318336 1.475204 0.827508 -0.381818
    42 1.789785 -0.000001 0.000000 0.000000 -0.006301 0.228555
    43 1.206997 0.000000 0.000000 0.000000 -0.009618 0.362905
    44 0.000156 39.987263 -0.385905 0.000000 0.000000 0.000000
    45 -0.000161 -14.998885 19.998225 0.000000 0.000000 0.000000
    46 0.000005 3.345128 -2.981901 1.570796 0.083193 1.570796
    47 0.000001 0.000000 0.000000 0.000000 0.000000 -0.218144
    48 4.018313 -0.012456 0.000000 0.000000 0.000000 0.000000
    49 3.516727 -0.113777 0.000000 0.000000 0.007550 -0.279122
    50 8.921975 0.607578 0.000000 0.000000 0.000000 0.000000
    51 -0.973545 16.001771 -13.566878 -1.573845 -0.002509 2.094380
  time 37
    0 0.000000 0.000000 -67.998169 1.570796 0.000000 0.000000
    1 -0.000005 24.988378 19.612320 0.000000 0.000000 0.000000
    2 0.000005 3.345128 -2.981901 1.570796 0.304437 1.570796
    3 4.018334 0.000000 0.000000 0.000000 0.000000 -0.029242
    4 3.518569 0.000000 0.000000 0.000587 0.008737 -0.179474
    5 8.942640 0.000000 0.000000 0.000000 0.000000 0.194096
    6 2.033346 1.000767 1.937660 1.596637 -1.286515 2.942961
    7 6.028142 0.000000 0.000000 -1.505267 -0.814928 0.168410
    8 11.692552 -0.000001 0.000002 0.000000 0.000000 -0.959392
    9 11.481668 -0.000001 -0.000034 0.251308 -0.116743 0.140760
    10 3.859703 -0.142405 -1.191971 -0.362411 0.353793 -0.423438
    11 1.312561 -0.000001 0.000001 0.003203 0.009118 -0.101893
    12 0.729363 0.000000 -0.000001 0.001345 0.004786 0.029667
    13 3.942325 0.046771 -0.431440 -0.118512 0.124057 -0.444423
    14 1.539093 -0.000001 0.000001 0.001260 0.004278 0.038760
    15 1.196321 -0.000001 0.000002 0.002744 0.006830 -0.048765
    16 3.883686 -0.046771 0.431444 0.088363 -0.006830 -0.262678
    17 1.719575 -0.000001 0.000003 0.001320 0.005356 -0.124753
    18 1.209182 -0.000001 -0.000002 0.000729 0.002997 0.022348
    19 3.859859 -0.137948 1.332468 0.345271 -0.092270 -0.395911
    20 1.719429 0.000000 0.000001 0.001487 0.003793 0.010685
    21 1.099665 0.000000 0.000001 0.000386 0.002568 -0.095080
    22 0.806047 -0.348922 1.321260 -1.409829 -0.742969 -0.479938
    23 1.789786 0.000000 0.000001 0.000000 0.007387 0.228523
    24 1.206997 0.000000 0.000001 0.000000 0.011267 0.362860
    25 2.033353 1.000771 -1.937610 -1.668475 1.286518 2.942953
    26 6.028143 -0.000001 0.000000 1.629668 0.815103 0.280183
    27 11.692550 -0.000001 -0.000001 0.000000 0.000000 -0.959943
    28 11.481696 0.000000 -0.000001 -0.325188 0.033941 0.129316
    29 3.859673 -0.132568 1.193105 0.285062 -0.419945 -0.226477
    30 1.312562 0.000001 0.000003 -0.002956 -0.011560 -0.189327
    31 0.729365 0.000000 -0.000001 -0.001629 -0.005914 0.024519
    32 3.942294 0.050328 0.431041 0.086028 -0.151392 -0.228105
    33 1.539097 0.000001 0.000000 -0.001532 -0.005650 0.017016
    34 1.196323 0.000001 0.000001 -0.002545 -0.009322 -0.164261
    35 3.883655 -0.050328 -0.431043 -0.089808 0.003109 -0.255702
    36 1.719576 0.000000 -0.000002 -0.002028 -0.007712 -0.109291
    37 1.209182 0.000001 0.000000 -0.002124 -0.003923 0.279918
    38 3.859827 -0.148935 -1.331285 -0.328792 0.140171 -0.247153
    39 1.719424 -0.000003 -0.000001 -0.002684 -0.006044 0.054920
    40 1.099667 0.000000 0.000000 0.000000 -0.004211 -0.244312
    41 0.806017 -0.359832 -1.318336 1.475204 0.827508 -0.381818
    42 1.789785 -0.000001 0.000000 0.000000 -0.006301 0.228555
    43 1.206997 0.000000 0.000000 0.000000 -0.009618 0.362905
    44 0.000156 39.987263 -0.385905 0.000000 0.000000 0.000000
    45 -0.000161 -14.998885 19.998225 0.000000 0.000000 0.000000
    46 0.000005 3.345128 -2.981901 1.570796 0.083193 1.570796
    47 0.000001 0.000000 0.000000 0.000000 0.000000 -0.218144
    48 4.018313 -0.012456 0.000000 0.000000 0.000000 0.000000
    49 3.516727 -0.113777 0.000000 0.000000 0.008749 -0.279810
    50 8.921975 0.607578 0.000000 0.000000 0.000000 0.000000
    51 -0.973545 16.001771 -13.566878 -1.573845 -0.002509 2.094380
  time 38
    0 0.000000 0.000000 -67.998169 1.570796 0.000000 0.000000
    1 -0.000005 24.988378 19.612320 0.000000 0.000000 0.000000
    2 0.000005 3.345128 -2.981901 1.570796 0.304437 1.570796
    3 4.018334 0.000000 0.000000 0.000000 0.000000 -0.029242
    4 3.518569 0.000000 0.000000 0.000671 0.009863 -0.180238
    5 8.942640 0.000000 0.000000 0.000000 0.000000 0.194096
    6 2.033346 1.000767 1.937660 1.596637 -1.286515 2.942961
    7 6.028142 0.000000 0.000000 -1.505267 -0.814928 0.168410
    8 11.692552 -0.000001 0.000002 0.000000 0.000000 -0.959392
    9 11.481668 -0.000001 -0.000034 0.251308 -0.116743 0.140760
    10 3.859703 -0.142405 -1.191971 -0.362411 0.353793 -0.423438
    11 1.312561 -0.000001 0.000001 0.003203 0.009118 -0.101893
    12 0.729363 0.000000 -0.000001 0.001345 0.004786 0.029667
    13 3.942325 0.046771 -0.431440 -0.118512 0.124057 -0.444423
    14 1.539093 -0.000001 0.000001 0.001260 0.004278 0.038760
    15 1.196321 -0.000001 0.000002 0.002744 0.006830 -0.048765
    16 3.883686 -0.046771 0.431444 0.088363 -0.006830 -0.262678
    17 1.719575 -0.000001 0.000003 0.001320 0.005356 -0.124753
    18 1.209182 -0.000001 -0.000002 0.000729 0.002997 0.022348
    19 3.859859 -0.137948 1.332468 0.345271 -0.092270 -0.395911
    20 1.719429 0.000000 0.000001 0.001487 0.003793 0.010685
    21 1.099665 0.000000 0.000001 0.000386 0.002568 -0.095080
    22 0.806047 -0.348922 1.321260 -1.409829 -0.742969 -0.479938
    23 1.789786 0.000000 0.000001 0.000000 0.007387 0.228523
    24 1.206997 0.000000 0.000001 0.000000 0.011267 0.362860
    25 2.033353 1.000771 -1.937610 -1.668475 1.286518 2.942953
    26 6.028143 -0.000001 0.000000 1.629668 0.815103 0.280183
    27 11.692550 -0.000001 -0.000001 0.000000 0.000000 -0.959943
    28 11.481696 0.000000 -0.000001 -0.325188 0.033941 0.129316
    29 3.859673 -0.132568 1.193105 0.285062 -0.419945 -0.226477
    30 1.312562 0.000001 0.000003 -0.002956 -0.011560 -0.189327
    31 0.729365 0.000000 -0.000001 -0.001629 -0.005914 0.024519
    32 3.942294 0.050328 0.431041 0.086028 -0.151392 -0.228105
    33 1.539097 0.000001 0.000000 -0.001532 -0.005650 0.017016
    34 1.196323 0.000001 0.000001 -0.002545 -0.009322 -0.164261
    35 3.883655 -0.050328 -0.431043 -0.089808 0.003109 -0.255702
    36 1.719576 0.000000 -0.000002 -0.002028 -0.007712 -0.109291
    37 1.209182 0.000001 0.000000 -0.002124 -0.003923 0.279918
    38 3.859827 -0.148935 -1.331285 -0.328792 0.140171 -0.247153
    39 1.719424 -0.000003 -0.000001 -0.002684 -0.006044 0.054920
    40 1.099667 0.000000 0.000000 0.000000 -0.004211 -0.244312
    41 0.806017 -0.359832 -1.318336 1.475204 0.827508 -0.381818
    42 1.789785 -0.000001 0.000000 0.000000 -0.006301 0.228555
    43 1.206997 0.000000 0.000000 0.000000 -0.009618 0.362905
    44 0.000156 39.987263 -0.385905 0.000000 0.000000 0.000000
    45 -0.000161 -14.998885 19.998225 0.000000 0.000000 0.000000
    46 0.000005 3.345128 -2.981901 1.570796 0.083193 1.570796
    47 0.000001 0.000000 0.000000 0.000000 0.000000 -0.218144
    48 4.018313 -0.012456 0.000000 0.000000 0.000000 0.000000
    49 3.516727 -0.113777 0.000000 0.000000 0.009887 -0.280574
    50 8.921975 0.607578 0.000000 0.000000 0.000000 0.000000
    51 -0.973545 16.001771 -13.566878 -1.573845 -0.002509 2.094380
  time 39
    0 0.000000 0.000000 -67.998169 1.570796 0.000000 0.000000
    1 -0.000005 24.988378 19.612320 0.000000 0.000000 0.000000
    2 0.000005 3.345128 -2.981901 1.570796 0.304437 1.570796
    3 4.018334 0.000000 0.000000 0.000000 0.000000 -0.029242
    4 3.518569 0.000000 0.000000 0.000731 0.010906 -0.181053
    5 8.942640 0.000000 0.000000 0.000000 0.000000 0.194096
    6 2.033346 1.000767 1.937660 1.596637 -1.286515 2.942961
    7 6.028142 0.000000 0.000000 -1.505267 -0.814928 0.168410
    8 11.692552 -0.000001 0.000002 0.000000 0.000000 -0.959392
    9 11.481668 -0.000001 -0.000034 0.251308 -0.116743 0.140760
    10 3.859703 -0.142405 -1.191971 -0.362411 0.353793 -0.423438
    11 1.312561 -0.000001 0.000001 0.003203 0.009118 -0.101893
    12 0.729363 0.000000 -0.000001 0.001345 0.004786 0.029667
    13 3.942325 0.046771 -0.431440 -0.118512 0.124057 -0.444423
    14 1.539093 -0.000001 0.000001 0.001260 0.004278 0.038760
    15 1.196321 -0.000001 0.000002 0.002744 0.006830 -0.048765
    16 3.883686 -0.046771 0.431444 0.088363 -0.006830 -0.262678
    17 1.719575 -0.000001 0.000003 0.001320 0.005356 -0.124753
    18 1.209182 -0.000001 -0.000002 0.000729 0.002997 0.022348
    19 3.859859 -0.137948 1.332468 0.345271 -0.092270 -0.395911
    20 1.719429 0.000000 0.000001 0.001487 0.003793 0.010685
    21 1.099665 0.000000 0.000001 0.000386 0.002568 -0.095080
    22 0.806047 -0.348922 1.321260 -1.409829 -0.742969 -0.479938
    23 1.789786 0.000000 0.000001 0.000000 0.007387 0.228523
    24 1.206997 0.000000 0.000001 0.000000 0.011267 0.362860
    25 2.033353 1.000771 -1.937610 -1.668475 1.286518 2.942953
    26 6.028143 -0.000001 0.000000 1.629668 0.815103 0.280183
    27 11.692550 -0.000001 -0.000001 0.000000 0.000000 -0.959943
    28 11.481696 0.000000 -0.000001 -0.325188 0.033941 0.129316
    29 3.859673 -0.132568 1.193105 0.285062 -0.419945 -0.226477
    30 1.312562 0.000001 0.000003 -0.002956 -0.011560 -0.189327
    31 0.729365 0.000000 -0.000001 -0.001629 -0.005914 0.024519
    32 3.942294 0.050328 0.431041 0.086028 -0.151392 -0.228105
    33 1.539097 0.000001 0.000000 -0.001532 -0.005650 0.017016
    34 1.196323 0.000001 0.000001 -0.002545 -0.009322 -0.164261
    35 3.883655 -0.050328 -0.431043 -0.089808 0.003109 -0.255702
    36 1.719576 0.000000 -0.000002 -0.002028 -0.007712 -0.109291
    37 1.209182 0.000001 0.000000 -0.002124 -0.003923 0.279918
    38 3.859827 -0.148935 -1.331285 -0.328792 0.140171 -0.247153
    39 1.719424 -0.000003 -0.000001 -0.002684 -0.006044 0.054920
    40 1.099667 0.000000 0.000000 0.000000 -0.004211 -0.244312
    41 0.806017 -0.359832 -1.318336 1.475204 0.827508 -0.381818
    42 1.789785 -0.000001 0.000000 0.000000 -0.006301 0.228555
    43 1.206997 0.000000 0.000000 0.000000 -0.009618 0.362905
    44 0.000156 39.987263 -0.385905 0.000000 0.000000 0.000000
    45 -0.000161 -14.998885 19.998225 0.000000 0.000000 0.000000
    46 0.000005 3.345128 -2.981901 1.570796 0.083193 1.570796
    47 0.000001 0.000000 0.000000 0.000000 0.000000 -0.218144
    48 4.018313 -0.012456 0.000000 0.000000 0.000000 0.000000
    49 3.516727 -0.113777 0.000000 0.000000 0.010930 -0.281415
    50 8.921975 0.607578 0.000000 0.000000 0.000000 0.000000
    51 -0.973545 16.001771 -13.566878 -1.573845 -0.002509 2.094380
  time 40
    0 0.000000 0.000000 -67.998169 1.570796 0.000000 0.000000
    1 -0.000005 24.988378 19.612320 0.000000 0.000000 0.000000
    2 0.000005 3.345128 -2.981901 1.570796 0.304437 1.570796
    3 4.018334 0.000000 0.000000 0.000000 0.000000 -0.029242
    4 3.518569 0.000000 0.000000 0.000803 0.011841 -0.181945
    5 8.942640 0.000000 0.000000 0.000000 0.000000 0.194096
    6 2.033346 1.000767 1.937660 1.596637 -1.286515 2.942961
    7 6.028142 0.000000 0.000000 -1.505267 -0.814928 0.168410
    8 11.692552 -0.000001 0.000002 0.000000 0.000000 -0.959392
    9 11.481668 -0.000001 -0.000034 0.251308 -0.116743 0.140760
    10 3.859703 -0.142405 -1.191971 -0.362411 0.353793 -0.423438
    11 1.312561 -0.000001 0.000001 0.003203 0.009118 -0.101893
    12 0.729363 0.000000 -0.000001 0.001345 0.004786 0.029667
    13 3.942325 0.046771 -0.431440 -0.118512 0.124057 -0.444423
    14 1.539093 -0.000001 0.000001 0.001260 0.004278 0.038760
    15 1.196321 -0.000001 0.000002 0.002744 0.006830 -0.048765
    16 3.883686 -0.046771 0.431444 0.088363 -0.006830 -0.262678
    17 1.719575 -0.000001 0.000003 0.001320 0.005356 -0.124753
    18 1.209182 -0.000001 -0.000002 0.000729 0.002997 0.022348
    19 3.859859 -0.137948 1.332468 0.345271 -0.092270 -0.395911
    20 1.719429 0.000000 0.000001 0.001487 0.003793 0.010685
    21 1.099665 0.000000 0.000001 0.000386 0.002568 -0.095080
    22 0.806047 -0.348922 1.321260 -1.409829 -0.742969 -0.479938
    23 1.789786 0.000000 0.000001 0.000000 0.007387 0.228523
    24 1.206997 0.000000 0.000001 0.000000 0.011267 0.362860
    25 2.033353 1.000771 -1.937610 -1.668475 1.286518 2.942953
    26 6.028143 -0.000001 0.000000 1.629668 0.815103 0.280183
    27 11.692550 -0.000001 -0.000001 0.000000 0.000000 -0.959943
    28 11.481696 0.000000 -0.000001 -0.325188 0.033941 0.129316
    29 3.859673 -0.132568 1.193105 0.285062 -0.419945 -0.226477
    30 1.312562 0.000001 0.000003 -0.002956 -0.011560 -0.189327
    31 0.729365 0.000000 -0.000001 -0.001629 -0.005914 0.024519
    32 3.942294 0.050328 0.431041 0.086028 -0.151392 -0.228105
    33 1.539097 0.000001 0.000000 -0.001532 -0.005650 0.017016
    34 1.196323 0.000001 0.000001 -0.002545 -0.009322 -0.164261
    35 3.883655 -0.050328 -0.431043 -0.089808 0.003109 -0.255702
    36 1.719576 0.000000 -0.000002 -0.002028 -0.007712 -0.109291
    37 1.209182 0.000001 0.000000 -0.002124 -0.003923 0.279918
    38 3.859827 -0.148935 -1.331285 -0.328792 0.140171 -0.247153
    39 1.719424 -0.000003 -0.000001 -0.002684 -0.006044 0.054920
    40 1.099667 0.000000 0.000000 0.000000 -0.004211 -0.244312
    41 0.806017 -0.359832 -1.318336 1.475204 0.827508 -0.381818
    42 1.789785 -0.000001 0.000000 0.000000 -0.006301 0.228555
    43 1.206997 0.000000 0.000000 0.000000 -0.009618 0.362905
    44 0.000156 39.987263 -0.385905 0.000000 0.000000 0.000000
    45 -0.000161 -14.998885 19.998225 0.000000 0.000000 0.000000
    46 0.000005 3.345128 -2.981901 1.570796 0.083193 1.570796
    47 0.000001 0.000000 0.000000 0.000000 0.000000 -0.218144
    48 4.018313 -0.012456 0.000000 0.000000 0.000000 0.000000
    49 3.516727 -0.113777 0.000000 0.000000 0.011877 -0.282281
    50 8.921975 0.607578 0.000000 0.000000 0.000000 0.000000
    51 -0.973545 16.001771 -13.566878 -1.573845 -0.002509 2.094380
  time 41
    0 0.000000 0.000000 -67.998169 1.570796 0.000000 0.000000
    1 -0.000005 24.988378 19.612320 0.000000 0.000000 0.000000
    2 0.000005 3.345128 -2.981901 1.570796 0.304437 1.570796
    3 4.018334 0.000000 0.000000 0.000000 0.000000 -0.029242
    4 3.518569 0.000000 0.000000 0.000851 0.012656 -0.182862
    5 8.942640 0.000000 0.000000 0.000000 0.000000 0.194096
    6 2.033346 1.000767 1.937660 1.596637 -1.286515 2.942961
    7 6.028142 0.000000 0.000000 -1.505267 -0.814928 0.168410
    8 11.692552 -0.000001 0.000002 0.000000 0.000000 -0.959392
    9 11.481668 -0.000001 -0.000034 0.251308 -0.116743 0.140760
    10 3.859703 -0.142405 -1.191971 -0.362411 0.353793 -0.423438
    11 1.312561 -0.000001 0.000001 0.003203 0.009118 -0.101893
    12 0.729363 0.000000 -0.000001 0.001345 0.004786 0.029667
    13 3.942325 0.046771 -0.431440 -0.118512 0.124057 -0.444423
    14 1.539093 -0.000001 0.000001 0.001260 0.004278 0.038760
    15 1.196321 -0.000001 0.000002 0.002744 0.006830 -0.048765
    16 3.883686 -0.046771 0.431444 0.088363 -0.006830 -0.262678
    17 1.719575 -0.000001 0.000003 0.001320 0.005356 -0.124753
    18 1.209182 -0.000001 -0.000002 0.000729 0.002997 0.022348
    19 3.859859 -0.137948 1.332468 0.345271 -0.092270 -0.395911
    20 1.719429 0.000000 0.000001 0.001487 0.003793 0.010685
    21 1.099665 0.000000 0.000001 0.000386 0.002568 -0.095080
    22 0.806047 -0.348922 1.321260 -1.409829 -0.742969 -0.479938
    23 1.789786 0.000000 0.000001 0.000000 0.007387 0.228523
    24 1.206997 0.000000 0.000001 0.000000 0.011267 0.362860
    25 2.033353 1.000771 -1.937610 -1.668475 1.286518 2.942953
    26 6.028143 -0.000001 0.000000 1.629668 0.815103 0.280183
    27 11.692550 -0.000001 -0.000001 0.000000 0.000000 -0.959943
    28 11.481696 0.000000 -0.000001 -0.325188 0.033941 0.129316
    29 3.859673 -0.132568 1.193105 0.285062 -0.419945 -0.226477
    30 1.312562 0.000001 0.000003 -0.002956 -0.011560 -0.189327
    31 0.729365 0.000000 -0.000001 -0.001629 -0.005914 0.024519
    32 3.942294 0.050328 0.431041 0.086028 -0.151392 -0.228105
    33 1.539097 0.000001 0.000000 -0.001532 -0.005650 0.017016
    34 1.196323 0.000001 0.000001 -0.002545 -0.009322 -0.164261
    35 3.883655 -0.050328 -0.431043 -0.089808 0.003109 -0.255702
    36 1.719576 0.000000 -0.000002 -0.002028 -0.007712 -0.109291
    37 1.209182 0.000001 0.000000 -0.002124 -0.003923 0.279918
    38 3.859827 -0.148935 -1.331285 -0.328792 0.140171 -0.247153
    39 1.719424 -0.000003 -0.000001 -0.002684 -0.006044 0.054920
    40 1.099667 0.000000 0.000000 0.000000 -0.004211 -0.244312
    41 0.806017 -0.359832 -1.318336 1.475204 0.827508 -0.381818
    42 1.789785 -0.000001 0.000000 0.000000 -0.006301 0.228555
    43 1.206997 0.000000 0.000000 0.000000 -0.009618 0.362905
    44 0.000156 39.987263 -0.385905 0.000000 0.000000 0.000000
    45 -0.000161 -14.998885 19.998225 0.000000 0.000000 0.000000
    46 0.000005 3.345128 -2.981901 1.570796 0.083193 1.570796
    47 0.000001 0.000000 0.000000 0.000000 0.000000 -0.218144
    48 4.018313 -0.012456 0.000000 0.000000 0.000000 0.000000
    49 3.516727 -0.113777 0.000000 0.000000 0.012680 -0.283198
    50 8.921975 0.607578 0.000000 0.000000 0.000000 0.000000
    51 -0.973545 16.001771 -13.566878 -1.573845 -0.002509 2.094380
  time 42
    0 0.000000 0.000000 -67.998169 1.570796 0.000000 0.000000
    1 -0.000005 24.988378 19.612320 0.000000 0.000000 0.000000
    2 0.000005 3.345128 -2.981901 1.570796 0.304437 1.570796
    3 4.018334 0.000000 0.000000 0.000000 0.000000 -0.029242
    4 3.518569 0.000000 0.000000 0.000899 0.013315 -0.183830
    5 8.942640 0.000000 0.000000 0.000000 0.000000 0.194096
    6 2.033346 1.000767 1.937660 1.596637 -1.286515 2.942961
    7 6.028142 0.000000 0.000000 -1.505267 -0.814928 0.168410
    8 11.692552 -0.000001 0.000002 0.000000 0.000000 -0.959392
    9 11.481668 -0.000001 -0.000034 0.251308 -0.116743 0.140760
    10 3.859703 -0.142405 -1.191971 -0.362411 0.353793 -0.423438
    11 1.312561 -0.000001 0.000001 0.003203 0.009118 -0.101893
    12 0.729363 0.000000 -0.000001 0.001345 0.004786 0.029667
    13 3.942325 0.046771 -0.431440 -0.118512 0.124057 -0.444423
    14 1.539093 -0.000001 0.000001 0.001260 0.004278 0.038760
    15 1.196321 -0.000001 0.000002 0.002744 0.006830 -0.048765
    16 3.883686 -0.046771 0.431444 0.088363 -0.006830 -0.262678
    17 1.719575 -0.000001 0.000003 0.001320 0.005356 -0.124753
    18 1.209182 -0.000001 -0.000002 0.000729 0.002997 0.022348
    19 3.859859 -0.137948 1.332468 0.345271 -0.092270 -0.395911
    20 1.719429 0.000000 0.000001 0.001487 0.003793 0.010685
    21 1.099665 0.000000 0.000001 0.000386 0.002568 -0.095080
    22 0.806047 -0.348922 1.321260 -1.409829 -0.742969 -0.479938
    23 1.789786 0.000000 0.000001 0.000000 0.007387 0.228523
    24 1.206997 0.000000 0.000001 0.000000 0.011267 0.362860
    25 2.033353 1.000771 -1.937610 -1.668475 1.286518 2.942953
    26 6.028143 -0.000001 0.000000 1.629668 0.815103 0.280183
    27 11.692550 -0.000001 -0.000001 0.000000 0.000000 -0.959943
    28 11.481696 0.000000 -0.000001 -0.325188 0.033941 0.129316
    29 3.859673 -0.132568 1.193105 0.285062 -0.419945 -0.226477
    30 1.312562 0.000001 0.000003 -0.002956 -0.011560 -0.189327
    31 0.729365 0.000000 -0.000001 -0.001629 -0.005914 0.024519
    32 3.942294 0.050328 0.431041 0.086028 -0.151392 -0.228105
    33 1.539097 0.000001 0.000000 -0.001532 -0.005650 0.017016
    34 1.196323 0.000001 0.000001 -0.002545 -0.009322 -0.164261
    35 3.883655 -0.050328 -0.431043 -0.089808 0.003109 -0.255702
    36 1.719576 0.000000 -0.000002 -0.002028 -0.007712 -0.109291
    37 1.209182 0.000001 0.000000 -0.002124 -0.003923 0.279918
    38 3.859827 -0.148935 -1.331285 -0.328792 0.140171 -0.247153
    39 1.719424 -0.000003 -0.000001 -0.002684 -0.006044 0.054920
    40 1.099667 0.000000 0.000000 0.000000 -0.004211 -0.244312
    41 0.806017 -0.359832 -1.318336 1.475204 0.827508 -0.381818
    42 1.789785 -0.000001 0.000000 0.000000 -0.006301 0.228555
    43 1.206997 0.000000 0.000000 0.000000 -0.009618 0.362905
    44 0.000156 39.987263 -0.385905 0.000000 0.000000 0.000000
    45 -0.000161 -14.998885 19.998225 0.000000 0.000000 0.000000
    46 0.000005 3.345128 -2.981901 1.570796 0.083193 1.570796
    47 0.000001 0.000000 0.000000 0.000000 0.000000 -0.218144
    48 4.018313 -0.012456 0.000000 0.000000 0.000000 0.000000
    49 3.516727 -0.113777 0.000000 0.000000 0.013351 -0.284166
    50 8.921975 0.607578 0.000000 0.000000 0.000000 0.000000
    51 -0.973545 16.001771 -13.566878 -1.573845 -0.002509 2.094380
  time 43
    0 0.000000 0.000000 -67.998169 1.570796 0.000000 0.000000
    1 -0.000005 24.988378 19.612320 0.000000 0.000000 0.000000
    2 0.000005 3.345128 -2.981901 1.570796 0.304437 1.570796
    3 4.018334 0.000000 0.000000 0.000000 0.000000 -0.029242
    4 3.518569 0.000000 0.000000 0.000935 0.013818 -0.184799
    5 8.942640 0.000000 0.000000 0.000000 0.000000 0.194096
    6 2.033346 1.000767 1.937660 1.596637 -1.286515 2.942961
    7 6.028142 0.000000 0.000000 -1.505267 -0.814928 0.168410
    8 11.692552 -0.000001 0.000002 0.000000 0.000000 -0.959392
    9 11.481668 -0.000001 -0.000034 0.251308 -0.116743 0.140760
    10 3.859703 -0.142405 -1.191971 -0.362411 0.353793 -0.423438
    11 1.312561 -0.000001 0.000001 0.003203 0.009118 -0.101893
    12 0.729363 0.000000 -0.000001 0.001345 0.004786 0.029667
    13 3.942325 0.046771 -0.431440 -0.118512 0.124057 -0.444423
    14 1.539093 -0.000001 0.000001 0.001260 0.004278 0.038760
    15 1.196321 -0.000001 0.000002 0.002744 0.006830 -0.048765
    16 3.883686 -0.046771 0.431444 0.088363 -0.006830 -0.262678
    17 1.719575 -0.000001 0.000003 0.001320 0.005356 -0.124753
    18 1.209182 -0.000001 -0.000002 0.000729 0.002997 0.022348
    19 3.859859 -0.137948 1.332468 0.345271 -0.092270 -0.395911
    20 1.719429 0.000000 0.000001 0.001487 0.003793 0.010685
    21 1.099665 0.000000 0.000001 0.000386 0.002568 -0.095080
    22 0.806047 -0.348922 1.321260 -1.409829 -0.742969 -0.479938
    23 1.789786 0.000000 0.000001 0.000000 0.007387 0.228523
    24 1.206997 0.000000 0.000001 0.000000 0.011267 0.362860
    25 2.033353 1.000771 -1.937610 -1.668475 1.286518 2.942953
    26 6.028143 -0.000001 0.000000 1.629668 0.815103 0.280183
    27 11.692550 -0.000001 -0.000001 0.000000 0.000000 -0.959943
    28 11.481696 0.000000 -0.000001 -0.325188 0.033941 0.129316
    29 3.859673 -0.132568 1.193105 0.285062 -0.419945 -0.226477
    30 1.312562 0.000001 0.000003 -0.002956 -0.011560 -0.189327
    31 0.729365 0.000000 -0.000001 -0.001629 -0.005914 0.024519
    32 3.942294 0.050328 0.431041 0.086028 -0.151392 -0.228105
    33 1.539097 0.000001 0.000000 -0.001532 -0.005650 0.017016
    34 1.196323 0.000001 0.000001 -0.002545 -0.009322 -0.164261
    35 3.883655 -0.050328 -0.431043 -0.089808 0.003109 -0.255702
    36 1.719576 0.000000 -0.000002 -0.002028 -0.007712 -0.109291
    37 1.209182 0.000001 0.000000 -0.002124 -0.003923 0.279918
    38 3.859827 -0.148935 -1.331285 -0.328792 0.140171 -0.247153
    39 1.719424 -0.000003 -0.000001 -0.002684 -0.006044 0.054920
    40 1.099667 0.000000 0.000000 0.000000 -0.004211 -0.244312
    41 0.806017 -0.359832 -1.318336 1.475204 0.827508 -0.381818
    42 1.789785 -0.000001 0.000000 0.000000 -0.006301 0.228555
    43 1.206997 0.000000 0.000000 0.000000 -0.009618 0.362905
    44 0.000156 39.987263 -0.385905 0.000000 0.000000 0.000000
    45 -0.000161 -14.998885 19.998225 0.000000 0.000000 0.000000
    46 0.000005 3.345128 -2.981901 1.570796 0.083193 1.570796
    47 0.000001 0.000000 0.000000 0.000000 0.000000 -0.218144
    48 4.018313 -0.012456 0.000000 0.000000 0.000000 0.000000
    49 3.516727 -0.113777 0.000000 0.000000 0.013854 -0.285160
    50 8.921975 0.607578 0.000000 0.000000 0.000000 0.000000
    51 -0.973545 16.001771 -13.566878 -1.573845 -0.002509 2.094380
  time 44
    0 0.000000 0.000000 -67.998169 1.570796 0.000000 0.000000
    1 -0.000005 24.988378 19.612320 0.000000 0.000000 0.000000
    2 0.000005 3.345128 -2.981901 1.570796 0.304437 1.570796
    3 4.018334 0.000000 0.000000 0.000000 0.000000 -0.029242
    4 3.518569 0.000000 0.000000 0.000959 0.014130 -0.185818
    5 8.942640 0.000000 0.000000 0.000000 0.000000 0.194096
    6 2.033346 1.000767 1.937660 1.596637 -1.286515 2.942961
    7 6.028142 0.000000 0.000000 -1.505267 -0.814928 0.168410
    8 11.692552 -0.000001 0.000002 0.000000 0.000000 -0.959392
    9 11.481668 -0.000001 -0.000034 0.251308 -0.116743 0.140760
    10 3.859703 -0.142405 -1.191971 -0.362411 0.353793 -0.423438
    11 1.312561 -0.000001 0.000001 0.003203 0.009118 -0.101893
    12 0.729363 0.000000 -0.000001 0.001345 0.004786 0.029667
    13 3.942325 0.046771 -0.431440 -0.118512 0.124057 -0.444423
    14 1.539093 -0.000001 0.000001 0.001260 0.004278 0.038760
    15 1.196321 -0.000001 0.000002 0.002744 0.006830 -0.048765
    16 3.883686 -0.046771 0.431444 0.088363 -0.006830 -0.262678
    17 1.719575 -0.000001 0.000003 0.001320 0.005356 -0.124753
    18 1.209182 -0.000001 -0.000002 0.000729 0.002997 0.022348
    19 3.859859 -0.137948 1.332468 0.345271 -0.092270 -0.395911
    20 1.719429 0.000000 0.000001 0.001487 0.003793 0.010685
    21 1.099665 0.000000 0.000001 0.000386 0.002568 -0.095080
    22 0.806047 -0.348922 1.321260 -1.409829 -0.742969 -0.479938
    23 1.789786 0.000000 0.000001 0.000000 0.007387 0.228523
    24 1.206997 0.000000 0.000001 0.000000 0.011267 0.362860
    25 2.033353 1.000771 -1.937610 -1.668475 1.286518 2.942953
    26 6.028143 -0.000001 0.000000 1.629668 0.815103 0.280183
    27 11.692550 -0.000001 -0.000001 0.000000 0.000000 -0.959943
    28 11.481696 0.000000 -0.000001 -0.325188 0.033941 0.129316
    29 3.859673 -0.132568 1.193105 0.285062 -0.419945 -0.226477
    30 1.312562 0.000001 0.000003 -0.002956 -0.011560 -0.189327
    31 0.729365 0.000000 -0.000001 -0.001629 -0.005914 0.024519
    32 3.942294 0.050328 0.431041 0.086028 -0.151392 -0.228105
    33 1.539097 0.000001 0.000000 -0.001532 -0.005650 0.017016
    34 1.196323 0.000001 0.000001 -0.002545 -0.009322 -0.164261
    35 3.883655 -0.050328 -0.431043 -0.089808 0.003109 -0.255702
    36 1.719576 0.000000 -0.000002 -0.002028 -0.007712 -0.109291
    37 1.209182 0.000001 0.000000 -0.002124 -0.003923 0.279918
    38 3.859827 -0.148935 -1.331285 -0.328792 0.140171 -0.247153
    39 1.719424 -0.000003 -0.000001 -0.002684 -0.006044 0.054920
    40 1.099667 0.000000 0.000000 0.000000 -0.004211 -0.244312
    41 0.806017 -0.359832 -1.318336 1.475204 0.827508 -0.381818
    42 1.789785 -0.000001 0.000000 0.000000 -0.006301 0.228555
    43 1.206997 0.000000 0.000000 0.000000 -0.009618 0.362905
    44 0.000156 39.987263 -0.385905 0.000000 0.000000 0.000000
    45 -0.000161 -14.998885 19.998225 0.000000 0.000000 0.000000
    46 0.000005 3.345128 -2.981901 1.570796 0.083193 1.570796
    47 0.000001 0.000000 0.000000 0.000000 0.000000 -0.218144
    48 4.018313 -0.012456 0.000000 0.000000 0.000000 0.000000
    49 3.516727 -0.113777 0.000000 0.000000 0.014166 -0.286154
    50 8.921975 0.607578 0.000000 0.000000 0.000000 0.000000
    51 -0.973545 16.001771 -13.566878 -1.573845 -0.002509 2.094380
  time 45
    0 0.000000 0.000000 -67.998169 1.570796 0.000000 0.000000
    1 -0.000005 24.988378 19.612320 0.000000 0.000000 0.000000
    2 0.000005 3.345128 -2.981901 1.570796 0.304437 1.570796
    3 4.018334 0.000000 0.000000 0.000000 0.000000 -0.029242
    4 3.518569 0.000000 0.000000 0.000959 0.014238 -0.186837
    5 8.942640 0.000000 0.000000 0.000000 0.000000 0.194096
    6 2.033346 1.000767 1.937660 1.596637 -1.286515 2.942961
    7 6.028142 0.000000 0.000000 -1.505267 -0.814928 0.168410
    8 11.692552 -0.000001 0.000002 0.000000 0.000000 -0.959392
    9 11.481668 -0.000001 -0.000034 0.251308 -0.116743 0.140760
    10 3.859703 -0.142405 -1.191971 -0.362411 0.353793 -0.423438
    11 1.312561 -0.000001 0.000001 0.003203 0.009118 -0.101893
    12 0.729363 0.000000 -0.000001 0.001345 0.004786 0.029667
    13 3.942325 0.046771 -0.431440 -0.118512 0.124057 -0.444423
    14 1.539093 -0.000001 0.000001 0.001260 0.004278 0.038760
    15 1.196321 -0.000001 0.000002 0.002744 0.006830 -0.048765
    16 3.883686 -0.046771 0.431444 0.088363 -0.006830 -0.262678
    17 1.719575 -0.000001 0.000003 0.001320 0.005356 -0.124753
    18 1.209182 -0.000001 -0.000002 0.000729 0.002997 0.022348
    19 3.859859 -0.137948 1.332468 0.345271 -0.092270 -0.395911
    20 1.719429 0.000000 0.000001 0.001487 0.003793 0.010685
    21 1.099665 0.000000 0.000001 0.000386 0.002568 -0.095080
    22 0.806047 -0.348922 1.321260 -1.409829 -0.742969 -0.479938
    23 1.789786 0.000000 0.000001 0.000000 0.007387 0.228523
    24 1.206997 0.000000 0.000001 0.000000 0.011267 0.362860
    25 2.033353 1.000771 -1.937610 -1.668475 1.286518 2.942953
    26 6.028143 -0.000001 0.000000 1.629668 0.815103 0.280183
    27 11.692550 -0.000001 -0.000001 0.000000 0.000000 -0.959943
    28 11.481696 0.000000 -0.000001 -0.325188 0.033941 0.129316
    29 3.859673 -0.132568 1.193105 0.285062 -0.419945 -0.226477
    30 1.312562 0.000001 0.000003 -0.002956 -0.011560 -0.189327
    31 0.729365 0.000000 -0.000001 -0.001629 -0.005914 0.024519
    32 3.942294 0.050328 0.431041 0.086028 -0.151392 -0.228105
    33 1.539097 0.000001 0.000000 -0.001532 -0.005650 0.017016
    34 1.196323 0.000001 0.000001 -0.002545 -0.009322 -0.164261
    35 3.883655 -0.050328 -0.431043 -0.089808 0.003109 -0.255702
    36 1.719576 0.000000 -0.000002 -0.002028 -0.007712 -0.109291
    37 1.209182 0.000001 0.000000 -0.002124 -0.003923 0.279918
    38 3.859827 -0.148935 -1.331285 -0.328792 0.140171 -0.247153
    39 1.719424 -0.000003 -0.000001 -0.002684 -0.006044 0.054920
    40 1.099667 0.000000 0.000000 0.000000 -0.004211 -0.244312
    41 0.806017 -0.359832 -1.318336 1.475204 0.827508 -0.381818
    42 1.789785 -0.000001 0.000000 0.000000 -0.006301 0.228555
    43 1.206997 0.000000 0.000000 0.000000 -0.009618 0.362905
    44 0.000156 39.987263 -0.385905 0.000000 0.000000 0.000000
    45 -0.000161 -14.998885 19.998225 0.000000 0.000000 0.000000
    46 0.000005 3.345128 -2.981901 1.570796 0.083193 1.570796
    47 0.000001 0.000000 0.000000 0.000000 0.000000 -0.218144
    48 4.018313 -0.012456 0.000000 0.000000 0.000000 0.000000
    49 3.516727 -0.113777 0.000000 0.000000 0.014274 -0.287173
    50 8.921975 0.607578 0.000000 0.000000 0.000000 0.000000
    51 -0.973545 16.001771 -13.566878 -1.573845 -0.002509 2.094380
  time 46
    0 0.000000 0.000000 -67.998169 1.570796 0.000000 0.000000
    1 -0.000005 24.988378 19.612320 0.000000 0.000000 0.000000
    2 0.000005 3.345128 -2.981901 1.570796 0.304437 1.570796
    3 4.018334 0.000000 0.000000 0.000000 0.000000 -0.029242
    4 3.518569 0.000000 0.000000 0.000959 0.014106 -0.187831
    5 8.942640 0.000000 0.000000 0.000000 0.000000 0.194096
    6 2.033346 1.000767 1.937660 1.596637 -1.286515 2.942961
    7 6.028142 0.000000 0.000000 -1.505267 -0.814928 0.168410
    8 11.692552 -0.000001 0.000002 0.000000 0.000000 -0.959392
    9 11.481668 -0.000001 -0.000034 0.251308 -0.116743 0.140760
    10 3.859703 -0.142405 -1.191971 -0.362411 0.353793 -0.423438
    11 1.312561 -0.000001 0.000001 0.003203 0.009118 -0.101893
    12 0.729363 0.000000 -0.000001 0.001345 0.004786 0.029667
    13 3.942325 0.046771 -0.431440 -0.118512 0.124057 -0.444423
    14 1.539093 -0.000001 0.000001 0.001260 0.004278 0.038760
    15 1.196321 -0.000001 0.000002 0.002744 0.006830 -0.048765
    16 3.883686 -0.046771 0.431444 0.088363 -0.006830 -0.262678
    17 1.719575 -0.000001 0.000003 0.001320 0.005356 -0.124753
    18 1.209182 -0.000001 -0.000002 0.000729 0.002997 0.022348
    19 3.859859 -0.137948 1.332468 0.345271 -0.092270 -0.395911
    20 1.719429 0.000000 0.000001 0.001487 0.003793 0.010685
    21 1.099665 0.000000 0.000001 0.000386 0.002568 -0.095080
    22 0.806047 -0.348922 1.321260 -1.409829 -0.742969 -0.479938
    23 1.789786 0.000000 0.000001 0.000000 0.007387 0.228523
    24 1.206997 0.000000 0.000001 0.000000 0.011267 0.362860
    25 2.033353 1.000771 -1.937610 -1.668475 1.286518 2.942953
    26 6.028143 -0.000001 0.000000 1.629668 0.815103 0.280183
    27 11.692550 -0.000001 -0.000001 0.000000 0.000000 -0.959943
    28 11.481696 0.000000 -0.000001 -0.325188 0.033941 0.129316
    29 3.859673 -0.132568 1.193105 0.285062 -0.419945 -0.226477
    30 1.312562 0.000001 0.000003 -0.002956 -0.011560 -0.189327
    31 0.729365 0.000000 -0.000001 -0.001629 -0.005914 0.024519
    32 3.942294 0.050328 0.431041 0.086028 -0.151392 -0.228105
    33 1.539097 0.000001 0.000000 -0.001532 -0.005650 0.017016
    34 1.196323 0.000001 0.000001 -0.002545 -0.009322 -0.164261
    35 3.883655 -0.050328 -0.431043 -0.089808 0.003109 -0.255702
    36 1.719576 0.000000 -0.000002 -0.002028 -0.007712 -0.109291
    37 1.209182 0.000001 0.000000 -0.002124 -0.003923 0.279918
    38 3.859827 -0.148935 -1.331285 -0.328792 0.140171 -0.247153
    39 1.719424 -0.000003 -0.000001 -0.002684 -0.006044 0.054920
    40 1.099667 0.000000 0.000000 0.000000 -0.004211 -0.244312
    41 0.806017 -0.359832 -1.318336 1.475204 0.827508 -0.381818
    42 1.789785 -0.000001 0.000000 0.000000 -0.006301 0.228555
    43 1.206997 0.000000 0.000000 0.000000 -0.009618 0.362905
    44 0.000156 39.987263 -0.385905 0.000000 0.000000 0.000000
    45 -0.000161 -14.998885 19.998225 0.000000 0.000000 0.000000
    46 0.000005 3.345128 -2.981901 1.570796 0.083193 1.570796
    47 0.000001 0.000000 0.000000 0.000000 0.000000 -0.218144
    48 4.018313 -0.012456 0.000000 0.000000 0.000000 0.000000
    49 3.516727 -0.113777 0.000000 0.000000 0.014142 -0.288192
    50 8.921975 0.607578 0.000000 0.000000 0.000000 0.000000
    51 -0.973545 16.001771 -13.566878 -1.573845 -0.002509 2.094380
  time 47
    0 0.000000 0.000000 -67.998169 1.570796 0.000000 0.000000
    1 -0.000005 24.988378 19.612320 0.000000 0.000000 0.000000
    2 0.000005 3.345128 -2.981901 1.570796 0.304437 1.570796
    3 4.018334 0.000000 0.000000 0.000000 0.000000 -0.029242
    4 3.518569 0.000000 0.000000 0.000923 0.013710 -0.188850
    5 8.942640 0.000000 0.000000 0.000000 0.000000 0.194096
    6 2.033346 1.000767 1.937660 1.596637 -1.286515 2.942961
    7 6.028142 0.000000 0.000000 -1.505267 -0.814928 0.168410
    8 11.692552 -0.000001 0.000002 0.000000 0.000000 -0.959392
    9 11.481668 -0.000001 -0.000034 0.251308 -0.116743 0.140760
    10 3.859703 -0.142405 -1.191971 -0.362411 0.353793 -0.423438
    11 1.312561 -0.000001 0.000001 0.003203 0.009118 -0.101893
    12 0.729363 0.000000 -0.000001 0.001345 0.004786 0.029667
    13 3.942325 0.046771 -0.431440 -0.118512 0.124057 -0.444423
    14 1.539093 -0.000001 0.000001 0.001260 0.004278 0.038760
    15 1.196321 -0.000001 0.000002 0.002744 0.006830 -0.048765
    16 3.883686 -0.046771 0.431444 0.088363 -0.006830 -0.262678
    17 1.719575 -0.000001 0.000003 0.001320 0.005356 -0.124753
    18 1.209182 -0.000001 -0.000002 0.000729 0.002997 0.022348
    19 3.859859 -0.137948 1.332468 0.345271 -0.092270 -0.395911
    20 1.719429 0.000000 0.000001 0.001487 0.003793 0.010685
    21 1.099665 0.000000 0.000001 0.000386 0.002568 -0.095080
    22 0.806047 -0.348922 1.321260 -1.409829 -0.742969 -0.479938
    23 1.789786 0.000000 0.000001 0.000000 0.007387 0.228523
    24 1.206997 0.000000 0.000001 0.000000 0.011267 0.362860
    25 2.033353 1.000771 -1.937610 -1.668475 1.286518 2.942953
    26 6.028143 -0.000001 0.000000 1.629668 0.815103 0.280183
    27 11.692550 -0.000001 -0.000001 0.000000 0.000000 -0.959943
    28 11.481696 0.000000 -0.000001 -0.325188 0.033941 0.129316
    29 3.859673 -0.132568 1.193105 0.285062 -0.419945 -0.226477
    30 1.312562 0.000001 0.000003 -0.002956 -0.011560 -0.189327
    31 0.729365 0.000000 -0.000001 -0.001629 -0.005914 0.024519
    32 3.942294 0.050328 0.431041 0.086028 -0.151392 -0.228105
    33 1.539097 0.000001 0.000000 -0.001532 -0.005650 0.017016
    34 1.196323 0.000001 0.000001 -0.002545 -0.009322 -0.164261
    35 3.883655 -0.050328 -0.431043 -0.089808 0.003109 -0.255702
    36 1.719576 0.000000 -0.000002 -0.002028 -0.007712 -0.109291
    37 1.209182 0.000001 0.000000 -0.002124 -0.003923 0.279918
    38 3.859827 -0.148935 -1.331285 -0.328792 0.140171 -0.247153
    39 1.719424 -0.000003 -0.000001 -0.002684 -0.006044 0.054920
    40 1.099667 0.000000 0.000000 0.000000 -0.004211 -0.244312
    41 0.806017 -0.359832 -1.318336 1.475204 0.827508 -0.381818
    42 1.789785 -0.000001 0.000000 0.000000 -0.006301 0.228555
    43 1.206997 0.000000 0.000000 0.000000 -0.009618 0.362905
    44 0.000156 39.987263 -0.385905 0.000000 0.000000 0.000000
    45 -0.000161 -14.998885 19.998225 0.000000 0.000000 0.000000
    46 0.000005 3.345128 -2.981901 1.570796 0.083193 1.570796
    47 0.000001 0.000000 0.000000 0.000000 0.000000 -0.218144
    48 4.018313 -0.012456 0.000000 0.000000 0.000000 0.000000
    49 3.516727 -0.113777 0.000000 0.000000 0.013746 -0.289186
    50 8.921975 0.607578 0.000000 0.000000 0.000000 0.000000
    51 -0.973545 16.001771 -13.566878 -1.573845 -0.002509 2.094380
  time 48
    0 0.000000 0.000000 -67.998169 1.570796 0.000000 0.000000
    1 -0.000005 24.988378 19.612320 0.000000 0.000000 0.000000
    2 0.000005 3.345128 -2.981901 1.570796 0.304437 1.570796
    3 4.018334 0.000000 0.000000 0.000000 0.000000 -0.029242
    4 3.518569 0.000000 0.000000 0.000887 0.013063 -0.189843
    5 8.942640 0.000000 0.000000 0.000000 0.000000 0.194096
    6 2.033346 1.000767 1.937660 1.596637 -1.286515 2.942961
    7 6.028142 0.000000 0.000000 -1.505267 -0.814928 0.168410
    8 11.692552 -0.000001 0.000002 0.000000 0.000000 -0.959392
    9 11.481668 -0.000001 -0.000034 0.251308 -0.116743 0.140760
    10 3.859703 -0.142405 -1.191971 -0.362411 0.353793 -0.423438
    11 1.312561 -0.000001 0.000001 0.003203 0.009118 -0.101893
    12 0.729363 0.000000 -0.000001 0.001345 0.004786 0.029667
    13 3.942325 0.046771 -0.431440 -0.118512 0.124057 -0.444423
    14 1.539093 -0.000001 0.000001 0.001260 0.004278 0.038760
    15 1.196321 -0.000001 0.000002 0.002744 0.006830 -0.048765
    16 3.883686 -0.046771 0.431444 0.088363 -0.006830 -0.262678
    17 1.719575 -0.000001 0.000003 0.001320 0.005356 -0.124753
    18 1.209182 -0.000001 -0.000002 0.000729 0.002997 0.022348
    19 3.859859 -0.137948 1.332468 0.345271 -0.092270 -0.395911
    20 1.719429 0.000000 0.000001 0.001487 0.003793 0.010685
    21 1.099665 0.000000 0.000001 0.000386 0.002568 -0.095080
    22 0.806047 -0.348922 1.321260 -1.409829 -0.742969 -0.479938
    23 1.789786 0.000000 0.000001 0.000000 0.007387 0.228523
    24 1.206997 0.000000 0.000001 0.000000 0.011267 0.362860
    25 2.033353 1.000771 -1.937610 -1.668475 1.286518 2.942953
    26 6.028143 -0.000001 0.000000 1.629668 0.815103 0.280183
    27 11.692550 -0.000001 -0.000001 0.000000 0.000000 -0.959943
    28 11.481696 0.000000 -0.000001 -0.325188 0.033941 0.129316
    29 3.859673 -0.132568 1.193105 0.285062 -0.419945 -0.226477
    30 1.312562 0.000001 0.000003 -0.002956 -0.011560 -0.189327
    31 0.729365 0.000000 -0.000001 -0.001629 -0.005914 0.024519
    32 3.942294 0.050328 0.431041 0.086028 -0.151392 -0.228105
    33 1.539097 0.000001 0.000000 -0.001532 -0.005650 0.017016
    34 1.196323 0.000001 0.000001 -0.002545 -0.009322 -0.164261
    35 3.883655 -0.050328 -0.431043 -0.089808 0.003109 -0.255702
    36 1.719576 0.000000 -0.000002 -0.002028 -0.007712 -0.109291
    37 1.209182 0.000001 0.000000 -0.002124 -0.003923 0.279918
    38 3.859827 -0.148935 -1.331285 -0.328792 0.140171 -0.247153
    39 1.719424 -0.000003 -0.000001 -0.002684 -0.006044 0.054920
    40 1.099667 0.000000 0.000000 0.000000 -0.004211 -0.244312
    41 0.806017 -0.359832 -1.318336 1.475204 0.827508 -0.381818
    42 1.789785 -0.000001 0.000000 0.000000 -0.006301 0.228555
    43 1.206997 0.000000 0.000000 0.000000 -0.009618 0.362905
    44 0.000156 39.987263 -0.385905 0.000000 0.000000 0.000000
    45 -0.000161 -14.998885 19.998225 0.000000 0.000000 0.000000
    46 0.000005 3.345128 -2.981901 1.570796 0.083193 1.570796
    47 0.000001 0.000000 0.000000 0.000000 0.000000 -0.218144
    48 4.018313 -0.012456 0.000000 0.000000 0.000000 0.000000
    49 3.516727 -0.113777 0.000000 0.000000 0.013087 -0.290179
    50 8.921975 0.607578 0.000000 0.000000 0.000000 0.000000
    51 -0.973545 16.001771 -13.566878 -1.573845 -0.002509 2.094380
  time 49
    0 0.000000 0.000000 -67.998169 1.570796 0.000000 0.000000
    1 -0.000005 24.988378 19.612320 0.000000 0.000000 0.000000
    2 0.000005 3.345128 -2.981901 1.570796 0.304437 1.570796
    3 4.018334 0.000000 0.000000 0.000000 0.000000 -0.029242
    4 3.518569 0.000000 0.000000 0.000827 0.012188 -0.190786
    5 8.942640 0.000000 0.000000 0.000000 0.000000 0.194096
    6 2.033346 1.000767 1.937660 1.596637 -1.286515 2.942961
    7 6.028142 0.000000 0.000000 -1.505267 -0.814928 0.168410
    8 11.692552 -0.000001 0.000002 0.000000 0.000000 -0.959392
    9 11.481668 -0.000001 -0.000034 0.251308 -0.116743 0.140760
    10 3.859703 -0.142405 -1.191971 -0.362411 0.353793 -0.423438
    11 1.312561 -0.000001 0.000001 0.003203 0.009118 -0.101893
    12 0.729363 0.000000 -0.000001 0.001345 0.004786 0.029667
    13 3.942325 0.046771 -0.431440 -0.118512 0.124057 -0.444423
    14 1.539093 -0.000001 0.000001 0.001260 0.004278 0.038760
    15 1.196321 -0.000001 0.000002 0.002744 0.006830 -0.048765
    16 3.883686 -0.046771 0.431444 0.088363 -0.006830 -0.262678
    17 1.719575 -0.000001 0.000003 0.001320 0.005356 -0.124753
    18 1.209182 -0.000001 -0.000002 0.000729 0.002997 0.022348
    19 3.859859 -0.137948 1.332468 0.345271 -0.092270 -0.395911
    20 1.719429 0.000000 0.000001 0.001487 0.003793 0.010685
    21 1.099665 0.000000 0.000001 0.000386 0.002568 -0.095080
    22 0.806047 -0.348922 1.321260 -1.409829 -0.742969 -0.479938
    23 1.789786 0.000000 0.000001 0.000000 0.007387 0.228523
    24 1.206997 0.000000 0.000001 0.000000 0.011267 0.362860
    25 2.033353 1.000771 -1.937610 -1.668475 1.286518 2.942953
    26 6.028143 -0.000001 0.000000 1.629668 0.815103 0.280183
    27 11.692550 -0.000001 -0.000001 0.000000 0.000000 -0.959943
    28 11.481696 0.000000 -0.000001 -0.325188 0.033941 0.129316
    29 3.859673 -0.132568 1.193105 0.285062 -0.419945 -0.226477
    30 1.312562 0.000001 0.000003 -0.002956 -0.011560 -0.189327
    31 0.729365 0.000000 -0.000001 -0.001629 -0.005914 0.024519
    32 3.942294 0.050328 0.431041 0.086028 -0.151392 -0.228105
    33 1.539097 0.000001 0.000000 -0.001532 -0.005650 0.017016
    34 1.196323 0.000001 0.000001 -0.002545 -0.009322 -0.164261
    35 3.883655 -0.050328 -0.431043 -0.089808 0.003109 -0.255702
    36 1.719576 0.000000 -0.000002 -0.002028 -0.007712 -0.109291
    37 1.209182 0.000001 0.000000 -0.002124 -0.003923 0.279918
    38 3.859827 -0.148935 -1.331285 -0.328792 0.140171 -0.247153
    39 1.719424 -0.000003 -0.000001 -0.002684 -0.006044 0.054920
    40 1.099667 0.000000 0.000000 0.000000 -0.004211 -0.244312
    41 0.806017 -0.359832 -1.318336 1.475204 0.827508 -0.381818
    42 1.789785 -0.000001 0.000000 0.000000 -0.006301 0.228555
    43 1.206997 0.000000 0.000000 0.000000 -0.009618 0.362905
    44 0.000156 39.987263 -0.385905 0.000000 0.000000 0.000000
    45 -0.000161 -14.998885 19.998225 0.000000 0.000000 0.000000
    46 0.000005 3.345128 -2.981901 1.570796 0.083193 1.570796
    47 0.000001 0.000000 0.000000 0.000000 0.000000 -0.218144
    48 4.018313 -0.012456 0.000000 0.000000 0.000000 0.000000
    49 3.516727 -0.113777 0.000000 0.000000 0.012212 -0.291148
    50 8.921975 0.607578 0.000000 0.000000 0.000000 0.000000
    51 -0.973545 16.001771 -13.566878 -1.573845 -0.002509 2.094380
  time 50
    0 0.000000 0.000000 -67.998169 1.570796 0.000000 0.000000
    1 -0.000005 24.988378 19.612320 0.000000 0.000000 0.000000
    2 0.000005 3.345128 -2.981901 1.570796 0.304437 1.570796
    3 4.018334 0.000000 0.000000 0.000000 0.000000 -0.029242
    4 3.518569 0.000000 0.000000 0.000755 0.011134 -0.191729
    5 8.942640 0.000000 0.000000 0.000000 0.000000 0.194096
    6 2.033346 1.000767 1.937660 1.596637 -1.286515 2.942961
    7 6.028142 0.000000 0.000000 -1.505267 -0.814928 0.168410
    8 11.692552 -0.000001 0.000002 0.000000 0.000000 -0.959392
    9 11.481668 -0.000001 -0.000034 0.251308 -0.116743 0.140760
    10 3.859703 -0.142405 -1.191971 -0.362411 0.353793 -0.423438
    11 1.312561 -0.000001 0.000001 0.003203 0.009118 -0.101893
    12 0.729363 0.000000 -0.000001 0.001345 0.004786 0.029667
    13 3.942325 0.046771 -0.431440 -0.118512 0.124057 -0.444423
    14 1.539093 -0.000001 0.000001 0.001260 0.004278 0.038760
    15 1.196321 -0.000001 0.000002 0.002744 0.006830 -0.048765
    16 3.883686 -0.046771 0.431444 0.088363 -0.006830 -0.262678
    17 1.719575 -0.000001 0.000003 0.001320 0.005356 -0.124753
    18 1.209182 -0.000001 -0.000002 0.000729 0.002997 0.022348
    19 3.859859 -0.137948 1.332468 0.345271 -0.092270 -0.395911
    20 1.719429 0.000000 0.000001 0.001487 0.003793 0.010685
    21 1.099665 0.000000 0.000001 0.000386 0.002568 -0.095080
    22 0.806047 -0.348922 1.321260 -1.409829 -0.742969 -0.479938
    23 1.789786 0.000000 0.000001 0.000000 0.007387 0.228523
    24 1.206997 0.000000 0.000001 0.000000 0.011267 0.362860
    25 2.033353 1.000771 -1.937610 -1.668475 1.286518 2.942953
    26 6.028143 -0.000001 0.000000 1.629668 0.815103 0.280183
    27 11.692550 -0.000001 -0.000001 0.000000 0.000000 -0.959943
    28 11.481696 0.000000 -0.000001 -0.325188 0.033941 0.129316
    29 3.859673 -0.132568 1.193105 0.285062 -0.419945 -0.226477
    30 1.312562 0.000001 0.000003 -0.002956 -0.011560 -0.189327
    31 0.729365 0.000000 -0.000001 -0.001629 -0.005914 0.024519
    32 3.942294 0.050328 0.431041 0.086028 -0.151392 -0.228105
    33 1.539097 0.000001 0.000000 -0.001532 -0.005650 0.017016
    34 1.196323 0.000001 0.000001 -0.002545 -0.009322 -0.164261
    35 3.883655 -0.050328 -0.431043 -0.089808 0.003109 -0.255702
    36 1.719576 0.000000 -0.000002 -0.002028 -0.007712 -0.109291
    37 1.209182 0.000001 0.000000 -0.002124 -0.003923 0.279918
    38 3.859827 -0.148935 -1.331285 -0.328792 0.140171 -0.247153
    39 1.719424 -0.000003 -0.000001 -0.002684 -0.006044 0.054920
    40 1.099667 0.000000 0.000000 0.000000 -0.004211 -0.244312
    41 0.806017 -0.359832 -1.318336 1.475204 0.827508 -0.381818
    42 1.789785 -0.000001 0.000000 0.000000 -0.006301 0.228555
    43 1.206997 0.000000 0.000000 0.000000 -0.009618 0.362905
    44 0.000156 39.987263 -0.385905 0.000000 0.000000 0.000000
    45 -0.000161 -14.998885 19.998225 0.000000 0.000000 0.000000
    46 0.000005 3.345128 -2.981901 1.570796 0.083193 1.570796
    47 0.000001 0.000000 0.000000 0.000000 0.000000 -0.218144
    48 4.018313 -0.012456 0.000000 0.000000 0.000000 0.000000
    49 3.516727 -0.113777 0.000000 0.000000 0.011158 -0.292065
    50 8.921975 0.607578 0.000000 0.000000 0.000000 0.000000
    51 -0.973545 16.001771 -13.566878 -1.573845 -0.002509 2.094380
  time 51
    0 0.000000 0.000000 -67.998169 1.570796 0.000000 0.000000
    1 -0.000005 24.988378 19.612320 0.000000 0.000000 0.000000
    2 0.000005 3.345128 -2.981901 1.570796 0.304437 1.570796
    3 4.018334 0.000000 0.000000 0.000000 0.000000 -0.029242
    4 3.518569 0.000000 0.000000 0.000671 0.009935 -0.192595
    5 8.942640 0.000000 0.000000 0.000000 0.000000 0.194096
    6 2.033346 1.000767 1.937660 1.596637 -1.286515 2.942961
    7 6.028142 0.000000 0.000000 -1.505267 -0.814928 0.168410
    8 11.692552 -0.000001 0.000002 0.000000 0.000000 -0.959392
    9 11.481668 -0.000001 -0.000034 0.251308 -0.116743 0.140760
    10 3.859703 -0.142405 -1.191971 -0.362411 0.353793 -0.423438
    11 1.312561 -0.000001 0.000001 0.003203 0.009118 -0.101893
    12 0.729363 0.000000 -0.000001 0.001345 0.004786 0.029667
    13 3.942325 0.046771 -0.431440 -0.118512 0.124057 -0.444423
    14 1.539093 -0.000001 0.000001 0.001260 0.004278 0.038760
    15 1.196321 -0.000001 0.000002 0.002744 0.006830 -0.048765
    16 3.883686 -0.046771 0.431444 0.088363 -0.006830 -0.262678
    17 1.719575 -0.000001 0.000003 0.001320 0.005356 -0.124753
    18 1.209182 -0.000001 -0.000002 0.000729 0.002997 0.022348
    19 3.859859 -0.137948 1.332468 0.345271 -0.092270 -0.395911
    20 1.719429 0.000000 0.000001 0.001487 0.003793 0.010685
    21 1.099665 0.000000 0.000001 0.000386 0.002568 -0.095080
    22 0.806047 -0.348922 1.321260 -1.409829 -0.742969 -0.479938
    23 1.789786 0.000000 0.000001 0.000000 0.007387 0.228523
    24 1.206997 0.000000 0.000001 0.000000 0.011267 0.362860
    25 2.033353 1.000771 -1.937610 -1.668475 1.286518 2.942953
    26 6.028143 -0.000001 0.000000 1.629668 0.815103 0.280183
    27 11.692550 -0.000001 -0.000001 0.000000 0.000000 -0.959943
    28 11.481696 0.000000 -0.000001 -0.325188 0.033941 0.129316
    29 3.859673 -0.132568 1.193105 0.285062 -0.419945 -0.226477
    30 1.312562 0.000001 0.000003 -0.002956 -0.011560 -0.189327
    31 0.729365 0.000000 -0.000001 -0.001629 -0.005914 0.024519
    32 3.942294 0.050328 0.431041 0.086028 -0.151392 -0.228105
    33 1.539097 0.000001 0.000000 -0.001532 -0.005650 0.017016
    34 1.196323 0.000001 0.000001 -0.002545 -0.009322 -0.164261
    35 3.883655 -0.050328 -0.431043 -0.089808 0.003109 -0.255702
    36 1.719576 0.000000 -0.000002 -0.002028 -0.007712 -0.109291
    37 1.209182 0.000001 0.000000 -0.002124 -0.003923 0.279918
    38 3.859827 -0.148935 -1.331285 -0.328792 0.140171 -0.247153
    39 1.719424 -0.000003 -0.000001 -0.002684 -0.006044 0.054920
    40 1.099667 0.000000 0.000000 0.000000 -0.004211 -0.244312
    41 0.806017 -0.359832 -1.318336 1.475204 0.827508 -0.381818
    42 1.789785 -0.000001 0.000000 0.000000 -0.006301 0.228555
    43 1.206997 0.000000 0.000000 0.000000 -0.009618 0.362905
    44 0.000156 39.987263 -0.385905 0.000000 0.000000 0.000000
    45 -0.000161 -14.998885 19.998225 0.000000 0.000000 0.000000
    46 0.000005 3.345128 -2.981901 1.570796 0.083193 1.570796
    47 0.000001 0.000000 0.000000 0.000000 0.000000 -0.218144
    48 4.018313 -0.012456 0.000000 0.000000 0.000000 0.000000
    49 3.516727 -0.113777 0.000000 0.000000 0.009959 -0.292931
    50 8.921975 0.607578 0.000000 0.000000 0.000000 0.000000
    51 -0.973545 16.001771 -13.566878 -1.573845 -0.002509 2.094380
  time 52
    0 0.000000 0.000000 -67.998169 1.570796 0.000000 0.000000
    1 -0.000005 24.988378 19.612320 0.000000 0.000000 0.000000
    2 0.000005 3.345128 -2.981901 1.570796 0.304437 1.570796
    3 4.018334 0.000000 0.000000 0.000000 0.000000 -0.029242
    4 3.518569 0.000000 0.000000 0.000587 0.008653 -0.193411
    5 8.942640 0.000000 0.000000 0.000000 0.000000 0.194096
    6 2.033346 1.000767 1.937660 1.596637 -1.286515 2.942961
    7 6.028142 0.000000 0.000000 -1.505267 -0.814928 0.168410
    8 11.692552 -0.000001 0.000002 0.000000 0.000000 -0.959392
    9 11.481668 -0.000001 -0.000034 0.251308 -0.116743 0.140760
    10 3.859703 -0.142405 -1.191971 -0.362411 0.353793 -0.423438
    11 1.312561 -0.000001 0.000001 0.003203 0.009118 -0.101893
    12 0.729363 0.000000 -0.000001 0.001345 0.004786 0.029667
    13 3.942325 0.046771 -0.431440 -0.118512 0.124057 -0.444423
    14 1.539093 -0.000001 0.000001 0.001260 0.004278 0.038760
    15 1.196321 -0.000001 0.000002 0.002744 0.006830 -0.048765
    16 3.883686 -0.046771 0.431444 0.088363 -0.006830 -0.262678
    17 1.719575 -0.000001 0.000003 0.001320 0.005356 -0.124753
    18 1.209182 -0.000001 -0.000002 0.000729 0.002997 0.022348
    19 3.859859 -0.137948 1.332468 0.345271 -0.092270 -0.395911
    20 1.719429 0.000000 0.000001 0.001487 0.003793 0.010685
    21 1.099665 0.000000 0.000001 0.000386 0.002568 -0.095080
    22 0.806047 -0.348922 1.321260 -1.409829 -0.742969 -0.479938
    23 1.789786 0.000000 0.000001 0.000000 0.007387 0.228523
    24 1.206997 0.000000 0.000001 0.000000 0.011267 0.362860
    25 2.033353 1.000771 -1.937610 -1.668475 1.286518 2.942953
    26 6.028143 -0.000001 0.000000 1.629668 0.815103 0.280183
    27 11.692550 -0.000001 -0.000001 0.000000 0.000000 -0.959943
    28 11.481696 0.000000 -0.000001 -0.325188 0.033941 0.129316
    29 3.859673 -0.132568 1.193105 0.285062 -0.419945 -0.226477
    30 1.312562 0.000001 0.000003 -0.002956 -0.011560 -0.189327
    31 0.729365 0.000000 -0.000001 -0.001629 -0.005914 0.024519
    32 3.942294 0.050328 0.431041 0.086028 -0.151392 -0.228105
    33 1.539097 0.000001 0.000000 -0.001532 -0.005650 0.017016
    34 1.196323 0.000001 0.000001 -0.002545 -0.009322 -0.164261
    35 3.883655 -0.050328 -0.431043 -0.089808 0.003109 -0.255702
    36 1.719576 0.000000 -0.000002 -0.002028 -0.007712 -0.109291
    37 1.209182 0.000001 0.000000 -0.002124 -0.003923 0.279918
    38 3.859827 -0.148935 -1.331285 -0.328792 0.140171 -0.247153
    39 1.719424 -0.000003 -0.000001 -0.002684 -0.006044 0.054920
    40 1.099667 0.000000 0.000000 0.000000 -0.004211 -0.244312
    41 0.806017 -0.359832 -1.318336 1.475204 0.827508 -0.381818
    42 1.789785 -0.000001 0.000000 0.000000 -0.006301 0.228555
    43 1.206997 0.000000 0.000000 0.000000 -0.009618 0.362905
    44 0.000156 39.987263 -0.385905 0.000000 0.000000 0.000000
    45 -0.000161 -14.998885 19.998225 0.000000 0.000000 0.000000
    46 0.000005 3.345128 -2.981901 1.570796 0.083193 1.570796
    47 0.000001 0.000000 0.000000 0.000000 0.000000 -0.218144
    48 4.018313 -0.012456 0.000000 0.000000 0.000000 0.000000
    49 3.516727 -0.113777 0.000000 0.000000 0.008677 -0.293772
    50 8.921975 0.607578 0.000000 0.000000 0.000000 0.000000
    51 -0.973545 16.001771 -13.566878 -1.573845 -0.002509 2.094380
  time 53
    0 0.000000 0.000000 -67.998169 1.570796 0.000000 0.000000
    1 -0.000005 24.988378 19.612320 0.000000 0.000000 0.000000
    2 0.000005 3.345128 -2.981901 1.570796 0.304437 1.570796
    3 4.018334 0.000000 0.000000 0.000000 0.000000 -0.029242
    4 3.518569 0.000000 0.000000 0.000491 0.007335 -0.194175
    5 8.942640 0.000000 0.000000 0.000000 0.000000 0.194096
    6 2.033346 1.000767 1.937660 1.596637 -1.286515 2.942961
    7 6.028142 0.000000 0.000000 -1.505267 -0.814928 0.168410
    8 11.692552 -0.000001 0.000002 0.000000 0.000000 -0.959392
    9 11.481668 -0.000001 -0.000034 0.251308 -0.116743 0.140760
    10 3.859703 -0.142405 -1.191971 -0.362411 0.353793 -0.423438
    11 1.312561 -0.000001 0.000001 0.003203 0.009118 -0.101893
    12 0.729363 0.000000 -0.000001 0.001345 0.004786 0.029667
    13 3.942325 0.046771 -0.431440 -0.118512 0.124057 -0.444423
    14 1.539093 -0.000001 0.000001 0.001260 0.004278 0.038760
    15 1.196321 -0.000001 0.000002 0.002744 0.006830 -0.048765
    16 3.883686 -0.046771 0.431444 0.088363 -0.006830 -0.262678
    17 1.719575 -0.000001 0.000003 0.001320 0.005356 -0.124753
    18 1.209182 -0.000001 -0.000002 0.000729 0.002997 0.022348
    19 3.859859 -0.137948 1.332468 0.345271 -0.092270 -0.395911
    20 1.719429 0.000000 0.000001 0.001487 0.003793 0.010685
    21 1.099665 0.000000 0.000001 0.000386 0.002568 -0.095080
    22 0.806047 -0.348922 1.321260 -1.409829 -0.742969 -0.479938
    23 1.789786 0.000000 0.000001 0.000000 0.007387 0.228523
    24 1.206997 0.000000 0.000001 0.000000 0.011267 0.362860
    25 2.033353 1.000771 -1.937610 -1.668475 1.286518 2.942953
    26 6.028143 -0.000001 0.000000 1.629668 0.815103 0.280183
    27 11.692550 -0.000001 -0.000001 0.000000 0.000000 -0.959943
    28 11.481696 0.000000 -0.000001 -0.325188 0.033941 0.129316
    29 3.859673 -0.132568 1.193105 0.285062 -0.419945 -0.226477
    30 1.312562 0.000001 0.000003 -0.002956 -0.011560 -0.189327
    31 0.729365 0.000000 -0.000001 -0.001629 -0.005914 0.024519
    32 3.942294 0.050328 0.431041 0.086028 -0.151392 -0.228105
    33 1.539097 0.000001 0.000000 -0.001532 -0.005650 0.017016
    34 1.196323 0.000001 0.000001 -0.002545 -0.009322 -0.164261
    35 3.883655 -0.050328 -0.431043 -0.089808 0.003109 -0.255702
    36 1.719576 0.000000 -0.000002 -0.002028 -0.007712 -0.109291
    37 1.209182 0.000001 0.000000 -0.002124 -0.003923 0.279918
    38 3.859827 -0.148935 -1.331285 -0.328792 0.140171 -0.247153
    39 1.719424 -0.000003 -0.000001 -0.002684 -0.006044 0.054920
    40 1.099667 0.000000 0.000000 0.000000 -0.004211 -0.244312
    41 0.806017 -0.359832 -1.318336 1.475204 0.827508 -0.381818
    42 1.789785 -0.000001 0.000000 0.000000 -0.006301 0.228555
    43 1.206997 0.000000 0.000000 0.000000 -0.009618 0.362905
    44 0.000156 39.987263 -0.385905 0.000000 0.000000 0.000000
    45 -0.000161 -14.998885 19.998225 0.000000 0.000000 0.000000
    46 0.000005 3.345128 -2.981901 1.570796 0.083193 1.570796
    47 0.000001 0.000000 0.000000 0.000000 0.000000 -0.218144
    48 4.018313 -0.012456 0.000000 0.000000 0.000000 0.000000
    49 3.516727 -0.113777 0.000000 0.000000 0.007359 -0.294511
    50 8.921975 0.607578 0.000000 0.000000 0.000000 0.000000
    51 -0.973545 16.001771 -13.566878 -1.573845 -0.002509 2.094380
  time 54
    0 0.000000 0.000000 -67.998169 1.570796 0.000000 0.000000
    1 -0.000005 24.988378 19.612320 0.000000 0.000000 0.000000
    2 0.000005 3.345128 -2.981901 1.570796 0.304437 1.570796
    3 4.018334 0.000000 0.000000 0.000000 0.000000 -0.029242
    4 3.518569 0.000000 0.000000 0.000407 0.006028 -0.194863
    5 8.942640 0.000000 0.000000 0.000000 0.000000 0.194096
    6 2.033346 1.000767 1.937660 1.596637 -1.286515 2.942961
    7 6.028142 0.000000 0.000000 -1.505267 -0.814928 0.168410
    8 11.692552 -0.000001 0.000002 0.000000 0.000000 -0.959392
    9 11.481668 -0.000001 -0.000034 0.251308 -0.116743 0.140760
    10 3.859703 -0.142405 -1.191971 -0.362411 0.353793 -0.423438
    11 1.312561 -0.000001 0.000001 0.003203 0.009118 -0.101893
    12 0.729363 0.000000 -0.000001 0.001345 0.004786 0.029667
    13 3.942325 0.046771 -0.431440 -0.118512 0.124057 -0.444423
    14 1.539093 -0.000001 0.000001 0.001260 0.004278 0.038760
    15 1.196321 -0.000001 0.000002 0.002744 0.006830 -0.048765
    16 3.883686 -0.046771 0.431444 0.088363 -0.006830 -0.262678
    17 1.719575 -0.000001 0.000003 0.001320 0.005356 -0.124753
    18 1.209182 -0.000001 -0.000002 0.000729 0.002997 0.022348
    19 3.859859 -0.137948 1.332468 0.345271 -0.092270 -0.395911
    20 1.719429 0.000000 0.000001 0.001487 0.003793 0.010685
    21 1.099665 0.000000 0.000001 0.000386 0.002568 -0.095080
    22 0.806047 -0.348922 1.321260 -1.409829 -0.742969 -0.479938
    23 1.789786 0.000000 0.000001 0.000000 0.007387 0.228523
    24 1.206997 0.000000 0.000001 0.000000 0.011267 0.362860
    25 2.033353 1.000771 -1.937610 -1.668475 1.286518 2.942953
    26 6.028143 -0.000001 0.000000 1.629668 0.815103 0.280183
    27 11.692550 -0.000001 -0.000001 0.000000 0.000000 -0.959943
    28 11.481696 0.000000 -0.000001 -0.325188 0.033941 0.129316
    29 3.859673 -0.132568 1.193105 0.285062 -0.419945 -0.226477
    30 1.312562 0.000001 0.000003 -0.002956 -0.011560 -0.189327
    31 0.729365 0.000000 -0.000001 -0.001629 -0.005914 0.024519
    32 3.942294 0.050328 0.431041 0.086028 -0.151392 -0.228105
    33 1.539097 0.000001 0.000000 -0.001532 -0.005650 0.017016
    34 1.196323 0.000001 0.000001 -0.002545 -0.009322 -0.164261
    35 3.883655 -0.050328 -0.431043 -0.089808 0.003109 -0.255702
    36 1.719576 0.000000 -0.000002 -0.002028 -0.007712 -0.109291
    37 1.209182 0.000001 0.000000 -0.002124 -0.003923 0.279918
    38 3.859827 -0.148935 -1.331285 -0.328792 0.140171 -0.247153
    39 1.719424 -0.000003 -0.000001 -0.002684 -0.006044 0.054920
    40 1.099667 0.000000 0.000000 0.000000 -0.004211 -0.244312
    41 0.806017 -0.359832 -1.318336 1.475204 0.827508 -0.381818
    42 1.789785 -0.000001 0.000000 0.000000 -0.006301 0.228555
    43 1.206997 0.000000 0.000000 0.000000 -0.009618 0.362905
    44 0.000156 39.987263 -0.385905 0.000000 0.000000 0.000000
    45 -0.000161 -14.998885 19.998225 0.000000 0.000000 0.000000
    46 0.000005 3.345128 -2.981901 1.570796 0.083193 1.570796
    47 0.000001 0.000000 0.000000 0.000000 0.000000 -0.218144
    48 4.018313 -0.012456 0.000000 0.000000 0.000000 0.000000
    49 3.516727 -0.113777 0.000000 0.000000 0.006040 -0.295199
    50 8.921975 0.607578 0.000000 0.000000 0.000000 0.000000
    51 -0.973545 16.001771 -13.566878 -1.573845 -0.002509 2.094380
  time 55
    0 0.000000 0.000000 -67.998169 1.570796 0.000000 0.000000
    1 -0.000005 24.988378 19.612320 0.000000 0.000000 0.000000
    2 0.000005 3.345128 -2.981901 1.570796 0.304437 1.570796
    3 4.018334 0.000000 0.000000 0.000000 0.000000 -0.029242
    4 3.518569 0.000000 0.000000 0.000324 0.004770 -0.195474
    5 8.942640 0.000000 0.000000 0.000000 0.000000 0.194096
    6 2.033346 1.000767 1.937660 1.596637 -1.286515 2.942961
    7 6.028142 0.000000 0.000000 -1.505267 -0.814928 0.168410
    8 11.692552 -0.000001 0.000002 0.000000 0.000000 -0.959392
    9 11.481668 -0.000001 -0.000034 0.251308 -0.116743 0.140760
    10 3.859703 -0.142405 -1.191971 -0.362411 0.353793 -0.423438
    11 1.312561 -0.000001 0.000001 0.003203 0.009118 -0.101893
    12 0.729363 0.000000 -0.000001 0.001345 0.004786 0.029667
    13 3.942325 0.046771 -0.431440 -0.118512 0.124057 -0.444423
    14 1.539093 -0.000001 0.000001 0.001260 0.004278 0.038760
    15 1.196321 -0.000001 0.000002 0.002744 0.006830 -0.048765
    16 3.883686 -0.046771 0.431444 0.088363 -0.006830 -0.262678
    17 1.719575 -0.000001 0.000003 0.001320 0.005356 -0.124753
    18 1.209182 -0.000001 -0.000002 0.000729 0.002997 0.022348
    19 3.859859 -0.137948 1.332468 0.345271 -0.092270 -0.395911
    20 1.719429 0.000000 0.000001 0.001487 0.003793 0.010685
    21 1.099665 0.000000 0.000001 0.000386 0.002568 -0.095080
    22 0.806047 -0.348922 1.321260 -1.409829 -0.742969 -0.479938
    23 1.789786 0.000000 0.000001 0.000000 0.007387 0.228523
    24 1.206997 0.000000 0.000001 0.000000 0.011267 0.362860
    25 2.033353 1.000771 -1.937610 -1.668475 1.286518 2.942953
    26 6.028143 -0.000001 0.000000 1.629668 0.815103 0.280183
    27 11.692550 -0.000001 -0.000001 0.000000 0.000000 -0.959943
    28 11.481696 0.000000 -0.000001 -0.325188 0.033941 0.129316
    29 3.859673 -0.132568 1.193105 0.285062 -0.419945 -0.226477
    30 1.312562 0.000001 0.000003 -0.002956 -0.011560 -0.189327
    31 0.729365 0.000000 -0.000001 -0.001629 -0.005914 0.024519
    32 3.942294 0.050328 0.431041 0.086028 -0.151392 -0.228105
    33 1.539097 0.000001 0.000000 -0.001532 -0.005650 0.017016
    34 1.196323 0.000001 0.000001 -0.002545 -0.009322 -0.164261
    35 3.883655 -0.050328 -0.431043 -0.089808 0.003109 -0.255702
    36 1.719576 0.000000 -0.000002 -0.002028 -0.007712 -0.109291
    37 1.209182 0.000001 0.000000 -0.002124 -0.003923 0.279918
    38 3.859827 -0.148935 -1.331285 -0.328792 0.140171 -0.247153
    39 1.719424 -0.000003 -0.000001 -0.002684 -0.006044 0.054920
    40 1.099667 0.000000 0.000000 0.000000 -0.004211 -0.244312
    41 0.806017 -0.359832 -1.318336 1.475204 0.827508 -0.381818
    42 1.789785 -0.000001 0.000000 0.000000 -0.006301 0.228555
    43 1.206997 0.000000 0.000000 0.000000 -0.009618 0.362905
    44 0.000156 39.987263 -0.385905 0.000000 0.000000 0.000000
    45 -0.000161 -14.998885 19.998225 0.000000 0.000000 0.000000
    46 0.000005 3.345128 -2.981901 1.570796 0.083193 1.570796
    47 0.000001 0.000000 0.000000 0.000000 0.000000 -0.218144
    48 4.018313 -0.012456 0.000000 0.000000 0.000000 0.000000
    49 3.516727 -0.113777 0.000000 0.000000 0.004782 -0.295810
    50 8.921975 0.607578 0.000000 0.000000 0.000000 0.000000
    51 -0.973545 16.001771 -13.566878 -1.573845 -0.002509 2.094380
  time 56
    0 0.000000 0.000000 -67.998169 1.570796 0.000000 0.000000
    1 -0.000005 24.988378 19.612320 0.000000 0.000000 0.000000
    2 0.000005 3.345128 -2.981901 1.570796 0.304437 1.570796
    3 4.018334 0.000000 0.000000 0.000000 0.000000 -0.029242
    4 3.518569 0.000000 0.000000 0.000240 0.003595 -0.196009
    5 8.942640 0.000000 0.000000 0.000000 0.000000 0.194096
    6 2.033346 1.000767 1.937660 1.596637 -1.286515 2.942961
    7 6.028142 0.000000 0.000000 -1.505267 -0.814928 0.168410
    8 11.692552 -0.000001 0.000002 0.000000 0.000000 -0.959392
    9 11.481668 -0.000001 -0.000034 0.251308 -0.116743 0.140760
    10 3.859703 -0.142405 -1.191971 -0.362411 0.353793 -0.423438
    11 1.312561 -0.000001 0.000001 0.003203 0.009118 -0.101893
    12 0.729363 0.000000 -0.000001 0.001345 0.004786 0.029667
    13 3.942325 0.046771 -0.431440 -0.118512 0.124057 -0.444423
    14 1.539093 -0.000001 0.000001 0.001260 0.004278 0.038760
    15 1.196321 -0.000001 0.000002 0.002744 0.006830 -0.048765
    16 3.883686 -0.046771 0.431444 0.088363 -0.006830 -0.262678
    17 1.719575 -0.000001 0.000003 0.001320 0.005356 -0.124753
    18 1.209182 -0.000001 -0.000002 0.000729 0.002997 0.022348
    19 3.859859 -0.137948 1.332468 0.345271 -0.092270 -0.395911
    20 1.719429 0.000000 0.000001 0.001487 0.003793 0.010685
    21 1.099665 0.000000 0.000001 0.000386 0.002568 -0.095080
    22 0.806047 -0.348922 1.321260 -1.409829 -0.742969 -0.479938
    23 1.789786 0.000000 0.000001 0.000000 0.007387 0.228523
    24 1.206997 0.000000 0.000001 0.000000 0.011267 0.362860
    25 2.033353 1.000771 -1.937610 -1.668475 1.286518 2.942953
    26 6.028143 -0.000001 0.000000 1.629668 0.815103 0.280183
    27 11.692550 -0.000001 -0.000001 0.000000 0.000000 -0.959943
    28 11.481696 0.000000 -0.000001 -0.325188 0.033941 0.129316
    29 3.859673 -0.132568 1.193105 0.285062 -0.419945 -0.226477
    30 1.312562 0.000001 0.000003 -0.002956 -0.011560 -0.189327
    31 0.729365 0.000000 -0.000001 -0.001629 -0.005914 0.024519
    32 3.942294 0.050328 0.431041 0.086028 -0.151392 -0.228105
    33 1.539097 0.000001 0.000000 -0.001532 -0.005650 0.017016
    34 1.196323 0.000001 0.000001 -0.002545 -0.009322 -0.164261
    35 3.883655 -0.050328 -0.431043 -0.089808 0.003109 -0.255702
    36 1.719576 0.000000 -0.000002 -0.002028 -0.007712 -0.109291
    37 1.209182 0.000001 0.000000 -0.002124 -0.003923 0.279918
    38 3.859827 -0.148935 -1.331285 -0.328792 0.140171 -0.247153
    39 1.719424 -0.000003 -0.000001 -0.002684 -0.006044 0.054920
    40 1.099667 0.000000 0.000000 0.000000 -0.004211 -0.244312
    41 0.806017 -0.359832 -1.318336 1.475204 0.827508 -0.381818
    42 1.789785 -0.000001 0.000000 0.000000 -0.006301 0.228555
    43 1.206997 0.000000 0.000000 0.000000 -0.009618 0.362905
    44 0.000156 39.987263 -0.385905 0.000000 0.000000 0.000000
    45 -0.000161 -14.998885 19.998225 0.000000 0.000000 0.000000
    46 0.000005 3.345128 -2.981901 1.570796 0.083193 1.570796
    47 0.000001 0.000000 0.000000 0.000000 0.000000 -0.218144
    48 4.018313 -0.012456 0.000000 0.000000 0.000000 0.000000
    49 3.516727 -0.113777 0.000000 0.000000 0.003607 -0.296345
    50 8.921975 0.607578 0.000000 0.000000 0.000000 0.000000
    51 -0.973545 16.001771 -13.566878 -1.573845 -0.002509 2.094380
  time 57
    0 0.000000 0.000000 -67.998169 1.570796 0.000000 0.000000
    1 -0.000005 24.988378 19.612320 0.000000 0.000000 0.000000
    2 0.000005 3.345128 -2.981901 1.570796 0.304437 1.570796
    3 4.018334 0.000000 0.000000 0.000000 0.000000 -0.029242
    4 3.518569 0.000000 0.000000 0.000168 0.002517 -0.196417
    5 8.942640 0.000000 0.000000 0.000000 0.000000 0.194096
    6 2.033346 1.000767 1.937660 1.596637 -1.286515 2.942961
    7 6.028142 0.000000 0.000000 -1.505267 -0.814928 0.168410
    8 11.692552 -0.000001 0.000002 0.000000 0.000000 -0.959392
    9 11.481668 -0.000001 -0.000034 0.251308 -0.116743 0.140760
    10 3.859703 -0.142405 -1.191971 -0.362411 0.353793 -0.423438
    11 1.312561 -0.000001 0.000001 0.003203 0.009118 -0.101893
    12 0.729363 0.000000 -0.000001 0.001345 0.004786 0.029667
    13 3.942325 0.046771 -0.431440 -0.118512 0.124057 -0.444423
    14 1.539093 -0.000001 0.000001 0.001260 0.004278 0.038760
    15 1.196321 -0.000001 0.000002 0.002744 0.006830 -0.048765
    16 3.883686 -0.046771 0.431444 0.088363 -0.006830 -0.262678
    17 1.719575 -0.000001 0.000003 0.001320 0.005356 -0.124753
    18 1.209182 -0.000001 -0.000002 0.000729 0.002997 0.022348
    19 3.859859 -0.137948 1.332468 0.345271 -0.092270 -0.395911
    20 1.719429 0.000000 0.000001 0.001487 0.003793 0.010685
    21 1.099665 0.000000 0.000001 0.000386 0.002568 -0.095080
    22 0.806047 -0.348922 1.321260 -1.409829 -0.742969 -0.479938
    23 1.789786 0.000000 0.000001 0.000000 0.007387 0.228523
    24 1.206997 0.000000 0.000001 0.000000 0.011267 0.362860
    25 2.033353 1.000771 -1.937610 -1.668475 1.286518 2.942953
    26 6.028143 -0.000001 0.000000 1.629668 0.815103 0.280183
    27 11.692550 -0.000001 -0.000001 0.000000 0.000000 -0.959943
    28 11.481696 0.000000 -0.000001 -0.325188 0.033941 0.129316
    29 3.859673 -0.132568 1.193105 0.285062 -0.419945 -0.226477
    30 1.312562 0.000001 0.000003 -0.002956 -0.011560 -0.189327
    31 0.729365 0.000000 -0.000001 -0.001629 -0.005914 0.024519
    32 3.942294 0.050328 0.431041 0.086028 -0.151392 -0.228105
    33 1.539097 0.000001 0.000000 -0.001532 -0.005650 0.017016
    34 1.196323 0.000001 0.000001 -0.002545 -0.009322 -0.164261
    35 3.883655 -0.050328 -0.431043 -0.089808 0.003109 -0.255702
    36 1.719576 0.000000 -0.000002 -0.002028 -0.007712 -0.109291
    37 1.209182 0.000001 0.000000 -0.002124 -0.003923 0.279918
    38 3.859827 -0.148935 -1.331285 -0.328792 0.140171 -0.247153
    39 1.719424 -0.000003 -0.000001 -0.002684 -0.006044 0.054920
    40 1.099667 0.000000 0.000000 0.000000 -0.004211 -0.244312
    41 0.806017 -0.359832 -1.318336 1.475204 0.827508 -0.381818
    42 1.789785 -0.000001 0.000000 0.000000 -0.006301 0.228555
    43 1.206997 0.000000 0.000000 0.000000 -0.009618 0.362905
    44 0.000156 39.987263 -0.385905 0.000000 0.000000 0.000000
    45 -0.000161 -14.998885 19.998225 0.000000 0.000000 0.000000
    46 0.000005 3.345128 -2.981901 1.570796 0.083193 1.570796
    47 0.000001 0.000000 0.000000 0.000000 0.000000 -0.218144
    48 4.018313 -0.012456 0.000000 0.000000 0.000000 0.000000
    49 3.516727 -0.113777 0.000000 0.000000 0.002517 -0.296753
    50 8.921975 0.607578 0.000000 0.000000 0.000000 0.000000
    51 -0.973545 16.001771 -13.566878 -1.573845 -0.002509 2.094380
  time 58
    0 0.000000 0.000000 -67.998169 1.570796 0.000000 0.000000
    1 -0.000005 24.988378 19.612320 0.000000 0.000000 0.000000
    2 0.000005 3.345128 -2.981901 1.570796 0.304437 1.570796
    3 4.018334 0.000000 0.000000 0.000000 0.000000 -0.029242
    4 3.518569 0.000000 0.000000 0.000096 0.001558 -0.196723
    5 8.942640 0.000000 0.000000 0.000000 0.000000 0.194096
    6 2.033346 1.000767 1.937660 1.596637 -1.286515 2.942961
    7 6.028142 0.000000 0.000000 -1.505267 -0.814928 0.168410
    8 11.692552 -0.000001 0.000002 0.000000 0.000000 -0.959392
    9 11.481668 -0.000001 -0.000034 0.251308 -0.116743 0.140760
    10 3.859703 -0.142405 -1.191971 -0.362411 0.353793 -0.423438
    11 1.312561 -0.000001 0.000001 0.003203 0.009118 -0.101893
    12 0.729363 0.000000 -0.000001 0.001345 0.004786 0.029667
    13 3.942325 0.046771 -0.431440 -0.118512 0.124057 -0.444423
    14 1.539093 -0.000001 0.000001 0.001260 0.004278 0.038760
    15 1.196321 -0.000001 0.000002 0.002744 0.006830 -0.048765
    16 3.883686 -0.046771 0.431444 0.088363 -0.006830 -0.262678
    17 1.719575 -0.000001 0.000003 0.001320 0.005356 -0.124753
    18 1.209182 -0.000001 -0.000002 0.000729 0.002997 0.022348
    19 3.859859 -0.137948 1.332468 0.345271 -0.092270 -0.395911
    20 1.719429 0.000000 0.000001 0.001487 0.003793 0.010685
    21 1.099665 0.000000 0.000001 0.000386 0.002568 -0.095080
    22 0.806047 -0.348922 1.321260 -1.409829 -0.742969 -0.479938
    23 1.789786 0.000000 0.000001 0.000000 0.007387 0.228523
    24 1.206997 0.000000 0.000001 0.000000 0.011267 0.362860
    25 2.033353 1.000771 -1.937610 -1.668475 1.286518 2.942953
    26 6.028143 -0.000001 0.000000 1.629668 0.815103 0.280183
    27 11.692550 -0.000001 -0.000001 0.000000 0.000000 -0.959943
    28 11.481696 0.000000 -0.000001 -0.325188 0.033941 0.129316
    29 3.859673 -0.132568 1.193105 0.285062 -0.419945 -0.226477
    30 1.312562 0.000001 0.000003 -0.002956 -0.011560 -0.189327
    31 0.729365 0.000000 -0.000001 -0.001629 -0.005914 0.024519
    32 3.942294 0.050328 0.431041 0.086028 -0.151392 -0.228105
    33 1.539097 0.000001 0.000000 -0.001532 -0.005650 0.017016
    34 1.196323 0.000001 0.000001 -0.002545 -0.009322 -0.164261
    35 3.883655 -0.050328 -0.431043 -0.089808 0.003109 -0.255702
    36 1.719576 0.000000 -0.000002 -0.002028 -0.007712 -0.109291
    37 1.209182 0.000001 0.000000 -0.002124 -0.003923 0.279918
    38 3.859827 -0.148935 -1.331285 -0.328792 0.140171 -0.247153
    39 1.719424 -0.000003 -0.000001 -0.002684 -0.006044 0.054920
    40 1.099667 0.000000 0.000000 0.000000 -0.004211 -0.244312
    41 0.806017 -0.359832 -1.318336 1.475204 0.827508 -0.381818
    42 1.789785 -0.000001 0.000000 0.000000 -0.006301 0.228555
    43 1.206997 0.000000 0.000000 0.000000 -0.009618 0.362905
    44 0.000156 39.987263 -0.385905 0.000000 0.000000 0.000000
    45 -0.000161 -14.998885 19.998225 0.000000 0.000000 0.000000
    46 0.000005 3.345128 -2.981901 1.570796 0.083193 1.570796
    47 0.000001 0.000000 0.000000 0.000000 0.000000 -0.218144
    48 4.018313 -0.012456 0.000000 0.000000 0.000000 0.000000
    49 3.516727 -0.113777 0.000000 0.000000 0.001558 -0.297059
    50 8.921975 0.607578 0.000000 0.000000 0.000000 0.000000
    51 -0.973545 16.001771 -13.566878 -1.573845 -0.002509 2.094380
  time 59
    0 0.000000 0.000000 -67.998169 1.570796 0.000000 0.000000
    1 -0.000005 24.988378 19.612320 0.000000 0.000000 0.000000
    2 0.000005 3.345128 -2.981901 1.570796 0.304437 1.570796
    3 4.018334 0.000000 0.000000 0.000000 0.000000 -0.029242
    4 3.518569 0.000000 0.000000 0.000048 0.000707 -0.196927
    5 8.942640 0.000000 0.000000 0.000000 0.000000 0.194096
    6 2.033346 1.000767 1.937660 1.596637 -1.286515 2.942961
    7 6.028142 0.000000 0.000000 -1.505267 -0.814928 0.168410
    8 11.692552 -0.000001 0.000002 0.000000 0.000000 -0.959392
    9 11.481668 -0.000001 -0.000034 0.251308 -0.116743 0.140760
    10 3.859703 -0.142405 -1.191971 -0.362411 0.353793 -0.423438
    11 1.312561 -0.000001 0.000001 0.003203 0.009118 -0.101893
    12 0.729363 0.000000 -0.000001 0.001345 0.004786 0.029667
    13 3.942325 0.046771 -0.431440 -0.118512 0.124057 -0.444423
    14 1.539093 -0.000001 0.000001 0.001260 0.004278 0.038760
    15 1.196321 -0.000001 0.000002 0.002744 0.006830 -0.048765
    16 3.883686 -0.046771 0.431444 0.088363 -0.006830 -0.262678
    17 1.719575 -0.000001 0.000003 0.001320 0.005356 -0.124753
    18 1.209182 -0.000001 -0.000002 0.000729 0.002997 0.022348
    19 3.859859 -0.137948 1.332468 0.345271 -0.092270 -0.395911
    20 1.719429 0.000000 0.000001 0.001487 0.003793 0.010685
    21 1.099665 0.000000 0.000001 0.000386 0.002568 -0.095080
    22 0.806047 -0.348922 1.321260 -1.409829 -0.742969 -0.479938
    23 1.789786 0.000000 0.000001 0.000000 0.007387 0.228523
    24 1.206997 0.000000 0.000001 0.000000 0.011267 0.362860
    25 2.033353 1.000771 -1.937610 -1.668475 1.286518 2.942953
    26 6.028143 -0.000001 0.000000 1.629668 0.815103 0.280183
    27 11.692550 -0.000001 -0.000001 0.000000 0.000000 -0.959943
    28 11.481696 0.000000 -0.000001 -0.325188 0.033941 0.129316
    29 3.859673 -0.132568 1.193105 0.285062 -0.419945 -0.226477
    30 1.312562 0.000001 0.000003 -0.002956 -0.011560 -0.189327
    31 0.729365 0.000000 -0.000001 -0.001629 -0.005914 0.024519
    32 3.942294 0.050328 0.431041 0.086028 -0.151392 -0.228105
    33 1.539097 0.000001 0.000000 -0.001532 -0.005650 0.017016
    34 1.196323 0.000001 0.000001 -0.002545 -0.009322 -0.164261
    35 3.883655 -0.050328 -0.431043 -0.089808 0.003109 -0.255702
    36 1.719576 0.000000 -0.000002 -0.002028 -0.007712 -0.109291
    37 1.209182 0.000001 0.000000 -0.002124 -0.003923 0.279918
    38 3.859827 -0.148935 -1.331285 -0.328792 0.140171 -0.247153
    39 1.719424 -0.000003 -0.000001 -0.002684 -0.006044 0.054920
    40 1.099667 0.000000 0.000000 0.000000 -0.004211 -0.244312
    41 0.806017 -0.359832 -1.318336 1.475204 0.827508 -0.381818
    42 1.789785 -0.000001 0.000000 0.000000 -0.006301 0.228555
    43 1.206997 0.000000 0.000000 0.000000 -0.009618 0.362905
    44 0.000156 39.987263 -0.385905 0.000000 0.000000 0.000000
    45 -0.000161 -14.998885 19.998225 0.000000 0.000000 0.000000
    46 0.000005 3.345128 -2.981901 1.570796 0.083193 1.570796
    47 0.000001 0.000000 0.000000 0.000000 0.000000 -0.218144
    48 4.018313 -0.012456 0.000000 0.000000 0.000000 0.000000
    49 3.516727 -0.113777 0.000000 0.000000 0.000707 -0.297263
    50 8.921975 0.607578 0.000000 0.000000 0.000000 0.000000
    51 -0.973545 16.001771 -13.566878 -1.573845 -0.002509 2.094380
  time 60
    0 0.000000 0.000000 -67.998169 1.570796 0.000000 0.000000
    1 -0.000005 24.988378 19.612320 0.000000 0.000000 0.000000
    2 0.000005 3.345128 -2.981901 1.570796 0.304437 1.570796
    3 4.018334 0.000000 0.000000 0.000000 0.000000 -0.029242
    4 3.518569 0.000000 0.000000 0.000000 0.000000 -0.196978
    5 8.942640 0.000000 0.000000 0.000000 0.000000 0.194096
    6 2.033346 1.000767 1.937660 1.596637 -1.286515 2.942961
    7 6.028142 0.000000 0.000000 -1.505267 -0.814928 0.168410
    8 11.692552 -0.000001 0.000002 0.000000 0.000000 -0.959392
    9 11.481668 -0.000001 -0.000034 0.251308 -0.116743 0.140760
    10 3.859703 -0.142405 -1.191971 -0.362411 0.353793 -0.423438
    11 1.312561 -0.000001 0.000001 0.003203 0.009118 -0.101893
    12 0.729363 0.000000 -0.000001 0.001345 0.004786 0.029667
    13 3.942325 0.046771 -0.431440 -0.118512 0.124057 -0.444423
    14 1.539093 -0.000001 0.000001 0.001260 0.004278 0.038760
    15 1.196321 -0.000001 0.000002 0.002744 0.006830 -0.048765
    16 3.883686 -0.046771 0.431444 0.088363 -0.006830 -0.262678
    17 1.719575 -0.000001 0.000003 0.001320 0.005356 -0.124753
    18 1.209182 -0.000001 -0.000002 0.000729 0.002997 0.022348
    19 3.859859 -0.137948 1.332468 0.345271 -0.092270 -0.395911
    20 1.719429 0.000000 0.000001 0.001487 0.003793 0.010685
    21 1.099665 0.000000 0.000001 0.000386 0.002568 -0.095080
    22 0.806047 -0.348922 1.321260 -1.409829 -0.742969 -0.479938
    23 1.789786 0.000000 0.000001 0.000000 0.007387 0.228523
    24 1.206997 0.000000 0.000001 0.000000 0.011267 0.362860
    25 2.033353 1.000771 -1.937610 -1.668475 1.286518 2.942953
    26 6.028143 -0.000001 0.000000 1.629668 0.815103 0.280183
    27 11.692550 -0.000001 -0.000001 0.000000 0.000000 -0.959943
    28 11.481696 0.000000 -0.000001 -0.325188 0.033941 0.129316
    29 3.859673 -0.132568 1.193105 0.285062 -0.419945 -0.226477
    30 1.312562 0.000001 0.000003 -0.002956 -0.011560 -0.189327
    31 0.729365 0.000000 -0.000001 -0.001629 -0.005914 0.024519
    32 3.942294 0.050328 0.431041 0.086028 -0.151392 -0.228105
    33 1.539097 0.000001 0.000000 -0.001532 -0.005650 0.017016
    34 1.196323 0.000001 0.000001 -0.002545 -0.009322 -0.164261
    35 3.883655 -0.050328 -0.431043 -0.089808 0.003109 -0.255702
    36 1.719576 0.000000 -0.000002 -0.002028 -0.007712 -0.109291
    37 1.209182 0.000001 0.000000 -0.002124 -0.003923 0.279918
    38 3.859827 -0.148935 -1.331285 -0.328792 0.140171 -0.247153
    39 1.719424 -0.000003 -0.000001 -0.002684 -0.006044 0.054920
    40 1.099667 0.000000 0.000000 0.000000 -0.004211 -0.244312
    41 0.806017 -0.359832 -1.318336 1.475204 0.827508 -0.381818
    42 1.789785 -0.000001 0.000000 0.000000 -0.006301 0.228555
    43 1.206997 0.000000 0.000000 0.000000 -0.009618 0.362905
    44 0.000156 39.987263 -0.385905 0.000000 0.000000 0.000000
    45 -0.000161 -14.998885 19.998225 0.000000 0.000000 0.000000
    46 0.000005 3.345128 -2.981901 1.570796 0.083193 1.570796
    47 0.000001 0.000000 0.000000 0.000000 0.000000 -0.218144
    48 4.018313 -0.012456 0.000000 0.000000 0.000000 0.000000
    49 3.516727 -0.113777 0.000000 0.000000 0.000000 -0.297314
    50 8.921975 0.607578 0.000000 0.000000 0.000000 0.000000
    51 -0.973545 16.001771 -13.566878 -1.573845 -0.002509 2.094380
end
